"title","start_time","end_time","description","exercise_title","superset_id","exercise_notes","set_index","set_type","weight_kg","reps","distance_km","duration_seconds","rpe"
"Weights D - Pull & Power","Sep 26, 2026, 7:45 PM","Sep 26, 2026, 8:29 PM","","Kettlebell Swing",,"",0,"normal",24,24,,,
"Weights D - Pull & Power","Sep 26, 2026, 7:45 PM","Sep 26, 2026, 8:29 PM","","Kettlebell Swing",,"",1,"normal",24,24,,,
"Weights D - Pull & Power","Sep 26, 2026, 7:45 PM","Sep 26, 2026, 8:29 PM","","Kettlebell Swing",,"",2,"normal",24,18,,,
"Weights D - Pull & Power","Sep 26, 2026, 7:45 PM","Sep 26, 2026, 8:29 PM","","Lying Leg Curl (Machine)",,"",0,"normal",100,8,,,
"Weights D - Pull & Power","Sep 26, 2026, 7:45 PM","Sep 26, 2026, 8:29 PM","","Lying Leg Curl (Machine)",,"",1,"normal",100,8,,,
"Weights D - Pull & Power","Sep 26, 2026, 7:45 PM","Sep 26, 2026, 8:29 PM","","Lying Leg Curl (Machine)",,"",2,"normal",100,7,,,
"Weights D - Pull & Power","Sep 26, 2026, 7:45 PM","Sep 26, 2026, 8:29 PM","","Seated Cable Row - V Grip (Cable)",,"",0,"normal",110,12,,,
"Weights D - Pull & Power","Sep 26, 2026, 7:45 PM","Sep 26, 2026, 8:29 PM","","Seated Cable Row - V Grip (Cable)",,"",1,"normal",110,12,,,
"Weights D - Pull & Power","Sep 26, 2026, 7:45 PM","Sep 26, 2026, 8:29 PM","","Seated Cable Row - V Grip (Cable)",,"",2,"normal",110,8,,,
"Weights D - Pull & Power","Sep 26, 2026, 7:45 PM","Sep 26, 2026, 8:29 PM","","Seated Incline Curl (Dumbbell)",,"",0,"normal",20,12,,,
"Weights D - Pull & Power","Sep 26, 2026, 7:45 PM","Sep 26, 2026, 8:29 PM","","Seated Incline Curl (Dumbbell)",,"",1,"normal",20,12,,,
"Weights D - Pull & Power","Sep 26, 2026, 7:45 PM","Sep 26, 2026, 8:29 PM","","Seated Incline Curl (Dumbbell)",,"",2,"normal",20,8,,,
"Weights D - Pull & Power","Sep 26, 2026, 7:45 PM","Sep 26, 2026, 8:29 PM","","Face Pull",,"",0,"normal",80,12,,,
"Weights D - Pull & Power","Sep 26, 2026, 7:45 PM","Sep 26, 2026, 8:29 PM","","Face Pull",,"",1,"normal",90,12,,,
"Weights D - Pull & Power","Sep 26, 2026, 7:45 PM","Sep 26, 2026, 8:29 PM","","Face Pull",,"",2,"normal",90,12,,,
"Weights C - Recovery & Isolation","Sep 20, 2026, 8:20 PM","Sep 20, 2026, 9:04 PM","","Elliptical Trainer",,"",0,"normal",,,,300,
"Weights C - Recovery & Isolation","Sep 20, 2026, 8:20 PM","Sep 20, 2026, 9:04 PM","","Leg Extension (Machine)",,"",0,"normal",80,10,,,
"Weights C - Recovery & Isolation","Sep 20, 2026, 8:20 PM","Sep 20, 2026, 9:04 PM","","Leg Extension (Machine)",,"",1,"normal",120,6,,,
"Weights C - Recovery & Isolation","Sep 20, 2026, 8:20 PM","Sep 20, 2026, 9:04 PM","","Leg Extension (Machine)",,"",2,"normal",160,3,,,
"Weights C - Recovery & Isolation","Sep 20, 2026, 8:20 PM","Sep 20, 2026, 9:04 PM","","Leg Extension (Machine)",,"",3,"normal",200,11,,,
"Weights C - Recovery & Isolation","Sep 20, 2026, 8:20 PM","Sep 20, 2026, 9:04 PM","","Leg Extension (Machine)",,"",4,"normal",200,11,,,
"Weights C - Recovery & Isolation","Sep 20, 2026, 8:20 PM","Sep 20, 2026, 9:04 PM","","Leg Extension (Machine)",,"",5,"normal",200,9,,,
"Weights C - Recovery & Isolation","Sep 20, 2026, 8:20 PM","Sep 20, 2026, 9:04 PM","","Chest Fly (Dumbbell)",,"",0,"normal",30,12,,,
"Weights C - Recovery & Isolation","Sep 20, 2026, 8:20 PM","Sep 20, 2026, 9:04 PM","","Chest Fly (Dumbbell)",,"",1,"normal",30,9,,,
"Weights C - Recovery & Isolation","Sep 20, 2026, 8:20 PM","Sep 20, 2026, 9:04 PM","","Chest Fly (Dumbbell)",,"",2,"normal",,8,,,
"Weights C - Recovery & Isolation","Sep 20, 2026, 8:20 PM","Sep 20, 2026, 9:04 PM","","Single Arm Tricep Extension (Dumbbell)",,"",0,"normal",18,12,,,
"Weights C - Recovery & Isolation","Sep 20, 2026, 8:20 PM","Sep 20, 2026, 9:04 PM","","Single Arm Tricep Extension (Dumbbell)",,"",1,"normal",18,12,,,
"Weights C - Recovery & Isolation","Sep 20, 2026, 8:20 PM","Sep 20, 2026, 9:04 PM","","Single Arm Tricep Extension (Dumbbell)",,"",2,"normal",18,12,,,
"Weights C - Recovery & Isolation","Sep 20, 2026, 8:20 PM","Sep 20, 2026, 9:04 PM","","Lateral Raise (Dumbbell)",,"",0,"normal",12,12,,,
"Weights C - Recovery & Isolation","Sep 20, 2026, 8:20 PM","Sep 20, 2026, 9:04 PM","","Lateral Raise (Dumbbell)",,"",1,"normal",12,12,,,
"Weights C - Recovery & Isolation","Sep 20, 2026, 8:20 PM","Sep 20, 2026, 9:04 PM","","Lateral Raise (Dumbbell)",,"",2,"normal",12,10,,,
"Weights C - Recovery & Isolation","Sep 20, 2026, 8:20 PM","Sep 20, 2026, 9:04 PM","","Dead Bug",,"",0,"normal",,32,,,
"Weights C - Recovery & Isolation","Sep 20, 2026, 8:20 PM","Sep 20, 2026, 9:04 PM","","Dead Bug",,"",1,"normal",,32,,,
"Weights C - Recovery & Isolation","Sep 20, 2026, 8:20 PM","Sep 20, 2026, 9:04 PM","","Dead Bug",,"",2,"normal",,32,,,
"Weights B - Stablity & Posterior Chain","Sep 14, 2026, 5:26 PM","Sep 14, 2026, 6:07 PM","","Rowing Machine",,"",0,"normal",,,,300,
"Weights B - Stablity & Posterior Chain","Sep 14, 2026, 5:26 PM","Sep 14, 2026, 6:07 PM","","Bulgarian Split Squat (Dumbbell)",,"",0,"normal",16,12,,,
"Weights B - Stablity & Posterior Chain","Sep 14, 2026, 5:26 PM","Sep 14, 2026, 6:07 PM","","Bulgarian Split Squat (Dumbbell)",,"",1,"normal",16,12,,,
"Weights B - Stablity & Posterior Chain","Sep 14, 2026, 5:26 PM","Sep 14, 2026, 6:07 PM","","Bulgarian Split Squat (Dumbbell)",,"",2,"normal",16,12,,,
"Weights B - Stablity & Posterior Chain","Sep 14, 2026, 5:26 PM","Sep 14, 2026, 6:07 PM","","Single Leg Romanian Deadlift (Dumbbell)",,"",0,"normal",16,12,,,
"Weights B - Stablity & Posterior Chain","Sep 14, 2026, 5:26 PM","Sep 14, 2026, 6:07 PM","","Single Leg Romanian Deadlift (Dumbbell)",,"",1,"normal",16,12,,,
"Weights B - Stablity & Posterior Chain","Sep 14, 2026, 5:26 PM","Sep 14, 2026, 6:07 PM","","Single Leg Romanian Deadlift (Dumbbell)",,"",2,"normal",16,12,,,
"Weights B - Stablity & Posterior Chain","Sep 14, 2026, 5:26 PM","Sep 14, 2026, 6:07 PM","","Seated Cable Row - Bar Grip",,"",0,"normal",110,12,,,
"Weights B - Stablity & Posterior Chain","Sep 14, 2026, 5:26 PM","Sep 14, 2026, 6:07 PM","","Seated Cable Row - Bar Grip",,"",1,"normal",110,10,,,
"Weights B - Stablity & Posterior Chain","Sep 14, 2026, 5:26 PM","Sep 14, 2026, 6:07 PM","","Seated Cable Row - Bar Grip",,"",2,"normal",110,8,,,
"Weights B - Stablity & Posterior Chain","Sep 14, 2026, 5:26 PM","Sep 14, 2026, 6:07 PM","","Seated Shoulder Press (Machine)",,"",0,"normal",70,12,,,
"Weights B - Stablity & Posterior Chain","Sep 14, 2026, 5:26 PM","Sep 14, 2026, 6:07 PM","","Seated Shoulder Press (Machine)",,"",1,"normal",70,8,,,
"Weights B - Stablity & Posterior Chain","Sep 14, 2026, 5:26 PM","Sep 14, 2026, 6:07 PM","","Seated Shoulder Press (Machine)",,"",2,"normal",70,6,,,
"Weights B - Stablity & Posterior Chain","Sep 14, 2026, 5:26 PM","Sep 14, 2026, 6:07 PM","","Farmers Walk",,"",0,"normal",40,,0.06,,
"Weights B - Stablity & Posterior Chain","Sep 14, 2026, 5:26 PM","Sep 14, 2026, 6:07 PM","","Farmers Walk",,"",1,"normal",40,,0.06,,
"Weights B - Stablity & Posterior Chain","Sep 14, 2026, 5:26 PM","Sep 14, 2026, 6:07 PM","","Farmers Walk",,"",2,"normal",40,,0.06,,
"Weights A - Squat Day","Sep 12, 2026, 4:55 PM","Sep 12, 2026, 5:54 PM","","Elliptical Trainer",,"",0,"normal",,,,300,
"Weights A - Squat Day","Sep 12, 2026, 4:55 PM","Sep 12, 2026, 5:54 PM","","Squat (Barbell)",,"",0,"normal",,10,,,
"Weights A - Squat Day","Sep 12, 2026, 4:55 PM","Sep 12, 2026, 5:54 PM","","Squat (Barbell)",,"",1,"normal",40,5,,,
"Weights A - Squat Day","Sep 12, 2026, 4:55 PM","Sep 12, 2026, 5:54 PM","","Squat (Barbell)",,"",2,"normal",60,3,,,
"Weights A - Squat Day","Sep 12, 2026, 4:55 PM","Sep 12, 2026, 5:54 PM","","Squat (Barbell)",,"",3,"normal",80,12,,,
"Weights A - Squat Day","Sep 12, 2026, 4:55 PM","Sep 12, 2026, 5:54 PM","","Squat (Barbell)",,"",4,"normal",80,12,,,
"Weights A - Squat Day","Sep 12, 2026, 4:55 PM","Sep 12, 2026, 5:54 PM","","Squat (Barbell)",,"",5,"normal",80,12,,,
"Weights A - Squat Day","Sep 12, 2026, 4:55 PM","Sep 12, 2026, 5:54 PM","","Lat Pulldown (Cable)",,"",0,"normal",110,8,,,
"Weights A - Squat Day","Sep 12, 2026, 4:55 PM","Sep 12, 2026, 5:54 PM","","Lat Pulldown (Cable)",,"",1,"normal",110,8,,,
"Weights A - Squat Day","Sep 12, 2026, 4:55 PM","Sep 12, 2026, 5:54 PM","","Lat Pulldown (Cable)",,"",2,"normal",110,8,,,
"Weights A - Squat Day","Sep 12, 2026, 4:55 PM","Sep 12, 2026, 5:54 PM","","Chest Press (Machine)",,"",0,"normal",110,12,,,
"Weights A - Squat Day","Sep 12, 2026, 4:55 PM","Sep 12, 2026, 5:54 PM","","Chest Press (Machine)",,"",1,"normal",110,8,,,
"Weights A - Squat Day","Sep 12, 2026, 4:55 PM","Sep 12, 2026, 5:54 PM","","Chest Press (Machine)",,"",2,"normal",110,8,,,
"Weights A - Squat Day","Sep 12, 2026, 4:55 PM","Sep 12, 2026, 5:54 PM","","Bicep Curl (Dumbbell)",,"",0,"normal",25,12,,,
"Weights A - Squat Day","Sep 12, 2026, 4:55 PM","Sep 12, 2026, 5:54 PM","","Bicep Curl (Dumbbell)",,"",1,"normal",25,12,,,
"Weights A - Squat Day","Sep 12, 2026, 4:55 PM","Sep 12, 2026, 5:54 PM","","Bicep Curl (Dumbbell)",,"",2,"normal",25,12,,,
"Weights A - Squat Day","Sep 12, 2026, 4:55 PM","Sep 12, 2026, 5:54 PM","","Cable Core Pallof Press",,"",0,"normal",,24,,,
"Weights A - Squat Day","Sep 12, 2026, 4:55 PM","Sep 12, 2026, 5:54 PM","","Cable Core Pallof Press",,"",1,"normal",,24,,,
"Weights A - Squat Day","Sep 12, 2026, 4:55 PM","Sep 12, 2026, 5:54 PM","","Cable Core Pallof Press",,"",2,"normal",,24,,,
"Weights D - Pull & Power","Sep 11, 2026, 12:03 PM","Sep 11, 2026, 12:42 PM","","Kettlebell Swing",,"",0,"normal",20,24,,,
"Weights D - Pull & Power","Sep 11, 2026, 12:03 PM","Sep 11, 2026, 12:42 PM","","Kettlebell Swing",,"",1,"normal",20,24,,,
"Weights D - Pull & Power","Sep 11, 2026, 12:03 PM","Sep 11, 2026, 12:42 PM","","Kettlebell Swing",,"",2,"normal",20,24,,,
"Weights D - Pull & Power","Sep 11, 2026, 12:03 PM","Sep 11, 2026, 12:42 PM","","Lying Leg Curl (Machine)",,"",0,"normal",90,12,,,
"Weights D - Pull & Power","Sep 11, 2026, 12:03 PM","Sep 11, 2026, 12:42 PM","","Lying Leg Curl (Machine)",,"",1,"normal",90,12,,,
"Weights D - Pull & Power","Sep 11, 2026, 12:03 PM","Sep 11, 2026, 12:42 PM","","Lying Leg Curl (Machine)",,"",2,"normal",90,12,,,
"Weights D - Pull & Power","Sep 11, 2026, 12:03 PM","Sep 11, 2026, 12:42 PM","","Seated Cable Row - V Grip (Cable)",,"",0,"normal",110,12,,,
"Weights D - Pull & Power","Sep 11, 2026, 12:03 PM","Sep 11, 2026, 12:42 PM","","Seated Cable Row - V Grip (Cable)",,"",1,"normal",110,12,,,
"Weights D - Pull & Power","Sep 11, 2026, 12:03 PM","Sep 11, 2026, 12:42 PM","","Seated Cable Row - V Grip (Cable)",,"",2,"normal",110,8,,,
"Weights D - Pull & Power","Sep 11, 2026, 12:03 PM","Sep 11, 2026, 12:42 PM","","Seated Incline Curl (Dumbbell)",,"",0,"normal",20,12,,,
"Weights D - Pull & Power","Sep 11, 2026, 12:03 PM","Sep 11, 2026, 12:42 PM","","Seated Incline Curl (Dumbbell)",,"",1,"normal",20,12,,,
"Weights D - Pull & Power","Sep 11, 2026, 12:03 PM","Sep 11, 2026, 12:42 PM","","Seated Incline Curl (Dumbbell)",,"",2,"normal",20,9,,,
"Weights D - Pull & Power","Sep 11, 2026, 12:03 PM","Sep 11, 2026, 12:42 PM","","Face Pull",,"",0,"normal",80,12,,,
"Weights D - Pull & Power","Sep 11, 2026, 12:03 PM","Sep 11, 2026, 12:42 PM","","Face Pull",,"",1,"normal",80,12,,,
"Weights D - Pull & Power","Sep 11, 2026, 12:03 PM","Sep 11, 2026, 12:42 PM","","Face Pull",,"",2,"normal",80,12,,,
"Weights C - Recovery & Isolation","Sep 7, 2026, 4:58 PM","Sep 7, 2026, 5:38 PM","","Elliptical Trainer",,"",0,"normal",,,,300,
"Weights C - Recovery & Isolation","Sep 7, 2026, 4:58 PM","Sep 7, 2026, 5:38 PM","","Leg Extension (Machine)",,"Half weights one leg",0,"normal",80,10,,,
"Weights C - Recovery & Isolation","Sep 7, 2026, 4:58 PM","Sep 7, 2026, 5:38 PM","","Leg Extension (Machine)",,"Half weights one leg",1,"normal",120,6,,,
"Weights C - Recovery & Isolation","Sep 7, 2026, 4:58 PM","Sep 7, 2026, 5:38 PM","","Leg Extension (Machine)",,"Half weights one leg",2,"normal",160,3,,,
"Weights C - Recovery & Isolation","Sep 7, 2026, 4:58 PM","Sep 7, 2026, 5:38 PM","","Leg Extension (Machine)",,"Half weights one leg",3,"normal",200,9,,,
"Weights C - Recovery & Isolation","Sep 7, 2026, 4:58 PM","Sep 7, 2026, 5:38 PM","","Leg Extension (Machine)",,"Half weights one leg",4,"normal",200,10,,,
"Weights C - Recovery & Isolation","Sep 7, 2026, 4:58 PM","Sep 7, 2026, 5:38 PM","","Leg Extension (Machine)",,"Half weights one leg",5,"normal",200,9,,,
"Weights C - Recovery & Isolation","Sep 7, 2026, 4:58 PM","Sep 7, 2026, 5:38 PM","","Chest Fly (Dumbbell)",,"",0,"normal",30,12,,,
"Weights C - Recovery & Isolation","Sep 7, 2026, 4:58 PM","Sep 7, 2026, 5:38 PM","","Chest Fly (Dumbbell)",,"",1,"normal",30,8,,,
"Weights C - Recovery & Isolation","Sep 7, 2026, 4:58 PM","Sep 7, 2026, 5:38 PM","","Chest Fly (Dumbbell)",,"",2,"normal",30,7,,,
"Weights C - Recovery & Isolation","Sep 7, 2026, 4:58 PM","Sep 7, 2026, 5:38 PM","","Single Arm Tricep Extension (Dumbbell)",,"",0,"normal",18,12,,,
"Weights C - Recovery & Isolation","Sep 7, 2026, 4:58 PM","Sep 7, 2026, 5:38 PM","","Single Arm Tricep Extension (Dumbbell)",,"",1,"normal",18,12,,,
"Weights C - Recovery & Isolation","Sep 7, 2026, 4:58 PM","Sep 7, 2026, 5:38 PM","","Single Arm Tricep Extension (Dumbbell)",,"",2,"normal",18,9,,,
"Weights C - Recovery & Isolation","Sep 7, 2026, 4:58 PM","Sep 7, 2026, 5:38 PM","","Lateral Raise (Dumbbell)",,"",0,"normal",12,12,,,
"Weights C - Recovery & Isolation","Sep 7, 2026, 4:58 PM","Sep 7, 2026, 5:38 PM","","Lateral Raise (Dumbbell)",,"",1,"normal",12,12,,,
"Weights C - Recovery & Isolation","Sep 7, 2026, 4:58 PM","Sep 7, 2026, 5:38 PM","","Lateral Raise (Dumbbell)",,"",2,"normal",12,10,,,
"Weights C - Recovery & Isolation","Sep 7, 2026, 4:58 PM","Sep 7, 2026, 5:38 PM","","Dead Bug",,"",0,"normal",,28,,,
"Weights C - Recovery & Isolation","Sep 7, 2026, 4:58 PM","Sep 7, 2026, 5:38 PM","","Dead Bug",,"",1,"normal",,28,,,
"Weights C - Recovery & Isolation","Sep 7, 2026, 4:58 PM","Sep 7, 2026, 5:38 PM","","Dead Bug",,"",2,"normal",,28,,,
"Weights B - Stablity & Posterior Chain","Sep 6, 2026, 9:42 AM","Sep 6, 2026, 10:27 AM","","Rowing Machine",,"",0,"normal",,,,300,
"Weights B - Stablity & Posterior Chain","Sep 6, 2026, 9:42 AM","Sep 6, 2026, 10:27 AM","","Bulgarian Split Squat (Dumbbell)",,"",0,"normal",14,12,,,
"Weights B - Stablity & Posterior Chain","Sep 6, 2026, 9:42 AM","Sep 6, 2026, 10:27 AM","","Bulgarian Split Squat (Dumbbell)",,"",1,"normal",14,12,,,
"Weights B - Stablity & Posterior Chain","Sep 6, 2026, 9:42 AM","Sep 6, 2026, 10:27 AM","","Bulgarian Split Squat (Dumbbell)",,"",2,"normal",14,12,,,
"Weights B - Stablity & Posterior Chain","Sep 6, 2026, 9:42 AM","Sep 6, 2026, 10:27 AM","","Single Leg Romanian Deadlift (Dumbbell)",,"",0,"normal",14,12,,,
"Weights B - Stablity & Posterior Chain","Sep 6, 2026, 9:42 AM","Sep 6, 2026, 10:27 AM","","Single Leg Romanian Deadlift (Dumbbell)",,"",1,"normal",14,12,,,
"Weights B - Stablity & Posterior Chain","Sep 6, 2026, 9:42 AM","Sep 6, 2026, 10:27 AM","","Single Leg Romanian Deadlift (Dumbbell)",,"",2,"normal",14,12,,,
"Weights B - Stablity & Posterior Chain","Sep 6, 2026, 9:42 AM","Sep 6, 2026, 10:27 AM","","Seated Cable Row - Bar Grip",,"",0,"normal",110,12,,,
"Weights B - Stablity & Posterior Chain","Sep 6, 2026, 9:42 AM","Sep 6, 2026, 10:27 AM","","Seated Cable Row - Bar Grip",,"",1,"normal",110,10,,,
"Weights B - Stablity & Posterior Chain","Sep 6, 2026, 9:42 AM","Sep 6, 2026, 10:27 AM","","Seated Cable Row - Bar Grip",,"",2,"normal",110,9,,,
"Weights B - Stablity & Posterior Chain","Sep 6, 2026, 9:42 AM","Sep 6, 2026, 10:27 AM","","Seated Shoulder Press (Machine)",,"",0,"normal",60,12,,,
"Weights B - Stablity & Posterior Chain","Sep 6, 2026, 9:42 AM","Sep 6, 2026, 10:27 AM","","Seated Shoulder Press (Machine)",,"",1,"normal",60,12,,,
"Weights B - Stablity & Posterior Chain","Sep 6, 2026, 9:42 AM","Sep 6, 2026, 10:27 AM","","Seated Shoulder Press (Machine)",,"",2,"normal",60,12,,,
"Weights B - Stablity & Posterior Chain","Sep 6, 2026, 9:42 AM","Sep 6, 2026, 10:27 AM","","Farmers Walk",,"",0,"normal",40,,0.06,,
"Weights B - Stablity & Posterior Chain","Sep 6, 2026, 9:42 AM","Sep 6, 2026, 10:27 AM","","Farmers Walk",,"",1,"normal",40,,0.06,,
"Weights B - Stablity & Posterior Chain","Sep 6, 2026, 9:42 AM","Sep 6, 2026, 10:27 AM","","Farmers Walk",,"",2,"normal",40,,0.06,,
"Weights A - Squat Day","Aug 21, 2026, 11:53 AM","Aug 21, 2026, 12:38 PM","","Elliptical Trainer",,"",0,"normal",,,,300,
"Weights A - Squat Day","Aug 21, 2026, 11:53 AM","Aug 21, 2026, 12:38 PM","","Squat (Barbell)",,"",0,"normal",,10,,,
"Weights A - Squat Day","Aug 21, 2026, 11:53 AM","Aug 21, 2026, 12:38 PM","","Squat (Barbell)",,"",1,"normal",40,5,,,
"Weights A - Squat Day","Aug 21, 2026, 11:53 AM","Aug 21, 2026, 12:38 PM","","Squat (Barbell)",,"",2,"normal",60,3,,,
"Weights A - Squat Day","Aug 21, 2026, 11:53 AM","Aug 21, 2026, 12:38 PM","","Squat (Barbell)",,"",3,"normal",77.5,12,,,
"Weights A - Squat Day","Aug 21, 2026, 11:53 AM","Aug 21, 2026, 12:38 PM","","Squat (Barbell)",,"",4,"normal",77.5,12,,,
"Weights A - Squat Day","Aug 21, 2026, 11:53 AM","Aug 21, 2026, 12:38 PM","","Squat (Barbell)",,"",5,"normal",77.5,12,,,
"Weights A - Squat Day","Aug 21, 2026, 11:53 AM","Aug 21, 2026, 12:38 PM","","Lat Pulldown (Cable)",,"",0,"normal",100,12,,,
"Weights A - Squat Day","Aug 21, 2026, 11:53 AM","Aug 21, 2026, 12:38 PM","","Lat Pulldown (Cable)",,"",1,"normal",100,12,,,
"Weights A - Squat Day","Aug 21, 2026, 11:53 AM","Aug 21, 2026, 12:38 PM","","Lat Pulldown (Cable)",,"",2,"normal",100,12,,,
"Weights A - Squat Day","Aug 21, 2026, 11:53 AM","Aug 21, 2026, 12:38 PM","","Chest Press (Machine)",,"",0,"normal",100,12,,,
"Weights A - Squat Day","Aug 21, 2026, 11:53 AM","Aug 21, 2026, 12:38 PM","","Bicep Curl (Dumbbell)",,"",0,"normal",25,12,,,
"Weights A - Squat Day","Aug 21, 2026, 11:53 AM","Aug 21, 2026, 12:38 PM","","Bicep Curl (Dumbbell)",,"",1,"normal",25,9,,,
"Weights A - Squat Day","Aug 21, 2026, 11:53 AM","Aug 21, 2026, 12:38 PM","","Bicep Curl (Dumbbell)",,"",2,"normal",25,7,,,
"Weights A - Squat Day","Aug 21, 2026, 11:53 AM","Aug 21, 2026, 12:38 PM","","Cable Core Pallof Press",,"",0,"normal",,24,,,
"Weights A - Squat Day","Aug 21, 2026, 11:53 AM","Aug 21, 2026, 12:38 PM","","Cable Core Pallof Press",,"",1,"normal",,24,,,
"Weights A - Squat Day","Aug 21, 2026, 11:53 AM","Aug 21, 2026, 12:38 PM","","Cable Core Pallof Press",,"",2,"normal",,24,,,
"Weights D - Pull & Power","Aug 20, 2026, 11:57 AM","Aug 20, 2026, 12:37 PM","","Kettlebell Swing",,"",0,"normal",20,24,,,
"Weights D - Pull & Power","Aug 20, 2026, 11:57 AM","Aug 20, 2026, 12:37 PM","","Kettlebell Swing",,"",1,"normal",20,24,,,
"Weights D - Pull & Power","Aug 20, 2026, 11:57 AM","Aug 20, 2026, 12:37 PM","","Kettlebell Swing",,"",2,"normal",20,24,,,
"Weights D - Pull & Power","Aug 20, 2026, 11:57 AM","Aug 20, 2026, 12:37 PM","","Lying Leg Curl (Machine)",,"",0,"normal",90,12,,,
"Weights D - Pull & Power","Aug 20, 2026, 11:57 AM","Aug 20, 2026, 12:37 PM","","Lying Leg Curl (Machine)",,"",1,"normal",90,11,,,
"Weights D - Pull & Power","Aug 20, 2026, 11:57 AM","Aug 20, 2026, 12:37 PM","","Lying Leg Curl (Machine)",,"",2,"normal",90,9,,,
"Weights D - Pull & Power","Aug 20, 2026, 11:57 AM","Aug 20, 2026, 12:37 PM","","Seated Cable Row - V Grip (Cable)",,"",0,"normal",110,12,,,
"Weights D - Pull & Power","Aug 20, 2026, 11:57 AM","Aug 20, 2026, 12:37 PM","","Seated Cable Row - V Grip (Cable)",,"",1,"normal",110,12,,,
"Weights D - Pull & Power","Aug 20, 2026, 11:57 AM","Aug 20, 2026, 12:37 PM","","Seated Cable Row - V Grip (Cable)",,"",2,"normal",110,12,,,
"Weights D - Pull & Power","Aug 20, 2026, 11:57 AM","Aug 20, 2026, 12:37 PM","","Seated Incline Curl (Dumbbell)",,"",0,"normal",20,12,,,
"Weights D - Pull & Power","Aug 20, 2026, 11:57 AM","Aug 20, 2026, 12:37 PM","","Seated Incline Curl (Dumbbell)",,"",1,"normal",20,10,,,
"Weights D - Pull & Power","Aug 20, 2026, 11:57 AM","Aug 20, 2026, 12:37 PM","","Seated Incline Curl (Dumbbell)",,"",2,"normal",20,8,,,
"Weights D - Pull & Power","Aug 20, 2026, 11:57 AM","Aug 20, 2026, 12:37 PM","","Face Pull",,"",0,"normal",80,12,,,
"Weights D - Pull & Power","Aug 20, 2026, 11:57 AM","Aug 20, 2026, 12:37 PM","","Face Pull",,"",1,"normal",80,12,,,
"Weights D - Pull & Power","Aug 20, 2026, 11:57 AM","Aug 20, 2026, 12:37 PM","","Face Pull",,"",2,"normal",80,12,,,
"Weights C - Recovery & Isolation","Aug 14, 2026, 12:07 PM","Aug 14, 2026, 12:45 PM","","Elliptical Trainer",,"",0,"normal",,,,300,
"Weights C - Recovery & Isolation","Aug 14, 2026, 12:07 PM","Aug 14, 2026, 12:45 PM","","Leg Extension (Machine)",,"",0,"normal",80,10,,,
"Weights C - Recovery & Isolation","Aug 14, 2026, 12:07 PM","Aug 14, 2026, 12:45 PM","","Leg Extension (Machine)",,"",1,"normal",120,6,,,
"Weights C - Recovery & Isolation","Aug 14, 2026, 12:07 PM","Aug 14, 2026, 12:45 PM","","Leg Extension (Machine)",,"",2,"normal",160,3,,,
"Weights C - Recovery & Isolation","Aug 14, 2026, 12:07 PM","Aug 14, 2026, 12:45 PM","","Leg Extension (Machine)",,"",3,"normal",200,12,,,
"Weights C - Recovery & Isolation","Aug 14, 2026, 12:07 PM","Aug 14, 2026, 12:45 PM","","Leg Extension (Machine)",,"",4,"normal",200,12,,,
"Weights C - Recovery & Isolation","Aug 14, 2026, 12:07 PM","Aug 14, 2026, 12:45 PM","","Leg Extension (Machine)",,"",5,"normal",200,12,,,
"Weights C - Recovery & Isolation","Aug 14, 2026, 12:07 PM","Aug 14, 2026, 12:45 PM","","Chest Fly (Dumbbell)",,"",0,"normal",30,12,,,
"Weights C - Recovery & Isolation","Aug 14, 2026, 12:07 PM","Aug 14, 2026, 12:45 PM","","Chest Fly (Dumbbell)",,"",1,"normal",30,9,,,
"Weights C - Recovery & Isolation","Aug 14, 2026, 12:07 PM","Aug 14, 2026, 12:45 PM","","Chest Fly (Dumbbell)",,"",2,"normal",30,4,,,
"Weights C - Recovery & Isolation","Aug 14, 2026, 12:07 PM","Aug 14, 2026, 12:45 PM","","Single Arm Tricep Extension (Dumbbell)",,"",0,"normal",18,12,,,
"Weights C - Recovery & Isolation","Aug 14, 2026, 12:07 PM","Aug 14, 2026, 12:45 PM","","Single Arm Tricep Extension (Dumbbell)",,"",1,"normal",18,12,,,
"Weights C - Recovery & Isolation","Aug 14, 2026, 12:07 PM","Aug 14, 2026, 12:45 PM","","Single Arm Tricep Extension (Dumbbell)",,"",2,"normal",18,7,,,
"Weights C - Recovery & Isolation","Aug 14, 2026, 12:07 PM","Aug 14, 2026, 12:45 PM","","Lateral Raise (Dumbbell)",,"",0,"normal",12,12,,,
"Weights C - Recovery & Isolation","Aug 14, 2026, 12:07 PM","Aug 14, 2026, 12:45 PM","","Lateral Raise (Dumbbell)",,"",1,"normal",12,12,,,
"Weights C - Recovery & Isolation","Aug 14, 2026, 12:07 PM","Aug 14, 2026, 12:45 PM","","Lateral Raise (Dumbbell)",,"",2,"normal",12,8,,,
"Weights C - Recovery & Isolation","Aug 14, 2026, 12:07 PM","Aug 14, 2026, 12:45 PM","","Dead Bug",,"",0,"normal",,24,,,
"Weights C - Recovery & Isolation","Aug 14, 2026, 12:07 PM","Aug 14, 2026, 12:45 PM","","Dead Bug",,"",1,"normal",,24,,,
"Weights C - Recovery & Isolation","Aug 14, 2026, 12:07 PM","Aug 14, 2026, 12:45 PM","","Dead Bug",,"",2,"normal",,24,,,
"Weights B - Stablity & Posterior Chain","Aug 10, 2026, 11:59 AM","Aug 10, 2026, 12:41 PM","","Rowing Machine",,"",0,"normal",,,,300,
"Weights B - Stablity & Posterior Chain","Aug 10, 2026, 11:59 AM","Aug 10, 2026, 12:41 PM","","Bulgarian Split Squat (Dumbbell)",,"",0,"normal",14,12,,,
"Weights B - Stablity & Posterior Chain","Aug 10, 2026, 11:59 AM","Aug 10, 2026, 12:41 PM","","Bulgarian Split Squat (Dumbbell)",,"",1,"normal",14,12,,,
"Weights B - Stablity & Posterior Chain","Aug 10, 2026, 11:59 AM","Aug 10, 2026, 12:41 PM","","Bulgarian Split Squat (Dumbbell)",,"",2,"normal",14,12,,,
"Weights B - Stablity & Posterior Chain","Aug 10, 2026, 11:59 AM","Aug 10, 2026, 12:41 PM","","Single Leg Romanian Deadlift (Dumbbell)",,"",0,"normal",14,12,,,
"Weights B - Stablity & Posterior Chain","Aug 10, 2026, 11:59 AM","Aug 10, 2026, 12:41 PM","","Single Leg Romanian Deadlift (Dumbbell)",,"",1,"normal",14,12,,,
"Weights B - Stablity & Posterior Chain","Aug 10, 2026, 11:59 AM","Aug 10, 2026, 12:41 PM","","Single Leg Romanian Deadlift (Dumbbell)",,"",2,"normal",14,12,,,
"Weights B - Stablity & Posterior Chain","Aug 10, 2026, 11:59 AM","Aug 10, 2026, 12:41 PM","","Seated Cable Row - Bar Grip",,"",0,"normal",110,9,,,
"Weights B - Stablity & Posterior Chain","Aug 10, 2026, 11:59 AM","Aug 10, 2026, 12:41 PM","","Seated Cable Row - Bar Grip",,"",1,"normal",110,8,,,
"Weights B - Stablity & Posterior Chain","Aug 10, 2026, 11:59 AM","Aug 10, 2026, 12:41 PM","","Seated Cable Row - Bar Grip",,"",2,"normal",110,9,,,
"Weights B - Stablity & Posterior Chain","Aug 10, 2026, 11:59 AM","Aug 10, 2026, 12:41 PM","","Seated Shoulder Press (Machine)",,"",0,"normal",60,12,,,
"Weights B - Stablity & Posterior Chain","Aug 10, 2026, 11:59 AM","Aug 10, 2026, 12:41 PM","","Seated Shoulder Press (Machine)",,"",1,"normal",60,12,,,
"Weights B - Stablity & Posterior Chain","Aug 10, 2026, 11:59 AM","Aug 10, 2026, 12:41 PM","","Seated Shoulder Press (Machine)",,"",2,"normal",60,10,,,
"Weights B - Stablity & Posterior Chain","Aug 10, 2026, 11:59 AM","Aug 10, 2026, 12:41 PM","","Farmers Walk",,"",0,"normal",40,,0.06,,
"Weights B - Stablity & Posterior Chain","Aug 10, 2026, 11:59 AM","Aug 10, 2026, 12:41 PM","","Farmers Walk",,"",1,"normal",40,,0.06,,
"Weights B - Stablity & Posterior Chain","Aug 10, 2026, 11:59 AM","Aug 10, 2026, 12:41 PM","","Farmers Walk",,"",2,"normal",40,,0.06,,
"Weights A - Squat Day","Aug 9, 2026, 12:37 PM","Aug 9, 2026, 1:34 PM","","Elliptical Trainer",,"",0,"normal",,,,300,
"Weights A - Squat Day","Aug 9, 2026, 12:37 PM","Aug 9, 2026, 1:34 PM","","Squat (Barbell)",,"",0,"normal",,10,,,
"Weights A - Squat Day","Aug 9, 2026, 12:37 PM","Aug 9, 2026, 1:34 PM","","Squat (Barbell)",,"",1,"normal",40,5,,,
"Weights A - Squat Day","Aug 9, 2026, 12:37 PM","Aug 9, 2026, 1:34 PM","","Squat (Barbell)",,"",2,"normal",60,3,,,
"Weights A - Squat Day","Aug 9, 2026, 12:37 PM","Aug 9, 2026, 1:34 PM","","Squat (Barbell)",,"",3,"normal",77.5,12,,,
"Weights A - Squat Day","Aug 9, 2026, 12:37 PM","Aug 9, 2026, 1:34 PM","","Squat (Barbell)",,"",4,"normal",77.5,12,,,
"Weights A - Squat Day","Aug 9, 2026, 12:37 PM","Aug 9, 2026, 1:34 PM","","Squat (Barbell)",,"",5,"normal",77.5,12,,,
"Weights A - Squat Day","Aug 9, 2026, 12:37 PM","Aug 9, 2026, 1:34 PM","","Lat Pulldown (Cable)",,"",0,"normal",100,12,,,
"Weights A - Squat Day","Aug 9, 2026, 12:37 PM","Aug 9, 2026, 1:34 PM","","Lat Pulldown (Cable)",,"",1,"normal",100,12,,,
"Weights A - Squat Day","Aug 9, 2026, 12:37 PM","Aug 9, 2026, 1:34 PM","","Lat Pulldown (Cable)",,"",2,"normal",100,12,,,
"Weights A - Squat Day","Aug 9, 2026, 12:37 PM","Aug 9, 2026, 1:34 PM","","Chest Press (Machine)",,"",0,"normal",100,12,,,
"Weights A - Squat Day","Aug 9, 2026, 12:37 PM","Aug 9, 2026, 1:34 PM","","Chest Press (Machine)",,"",1,"normal",100,12,,,
"Weights A - Squat Day","Aug 9, 2026, 12:37 PM","Aug 9, 2026, 1:34 PM","","Chest Press (Machine)",,"",2,"normal",100,12,,,
"Weights A - Squat Day","Aug 9, 2026, 12:37 PM","Aug 9, 2026, 1:34 PM","","Bicep Curl (Dumbbell)",,"",0,"normal",25,12,,,
"Weights A - Squat Day","Aug 9, 2026, 12:37 PM","Aug 9, 2026, 1:34 PM","","Bicep Curl (Dumbbell)",,"",1,"normal",25,9,,,
"Weights A - Squat Day","Aug 9, 2026, 12:37 PM","Aug 9, 2026, 1:34 PM","","Bicep Curl (Dumbbell)",,"",2,"normal",25,6,,,
"Weights A - Squat Day","Aug 9, 2026, 12:37 PM","Aug 9, 2026, 1:34 PM","","Cable Core Pallof Press",,"",0,"normal",,24,,,
"Weights A - Squat Day","Aug 9, 2026, 12:37 PM","Aug 9, 2026, 1:34 PM","","Cable Core Pallof Press",,"",1,"normal",,24,,,
"Weights A - Squat Day","Aug 9, 2026, 12:37 PM","Aug 9, 2026, 1:34 PM","","Cable Core Pallof Press",,"",2,"normal",,24,,,
"Weights D - Pull & Power","Aug 7, 2026, 11:52 AM","Aug 7, 2026, 12:36 PM","","Kettlebell Swing",,"",0,"normal",20,24,,,
"Weights D - Pull & Power","Aug 7, 2026, 11:52 AM","Aug 7, 2026, 12:36 PM","","Kettlebell Swing",,"",1,"normal",20,24,,,
"Weights D - Pull & Power","Aug 7, 2026, 11:52 AM","Aug 7, 2026, 12:36 PM","","Kettlebell Swing",,"",2,"normal",20,24,,,
"Weights D - Pull & Power","Aug 7, 2026, 11:52 AM","Aug 7, 2026, 12:36 PM","","Lying Leg Curl (Machine)",,"",0,"normal",90,12,,,
"Weights D - Pull & Power","Aug 7, 2026, 11:52 AM","Aug 7, 2026, 12:36 PM","","Lying Leg Curl (Machine)",,"",1,"normal",90,10,,,
"Weights D - Pull & Power","Aug 7, 2026, 11:52 AM","Aug 7, 2026, 12:36 PM","","Lying Leg Curl (Machine)",,"",2,"normal",90,10,,,
"Weights D - Pull & Power","Aug 7, 2026, 11:52 AM","Aug 7, 2026, 12:36 PM","","Seated Cable Row - V Grip (Cable)",,"",0,"normal",110,12,,,
"Weights D - Pull & Power","Aug 7, 2026, 11:52 AM","Aug 7, 2026, 12:36 PM","","Seated Cable Row - V Grip (Cable)",,"",1,"normal",110,10,,,
"Weights D - Pull & Power","Aug 7, 2026, 11:52 AM","Aug 7, 2026, 12:36 PM","","Seated Cable Row - V Grip (Cable)",,"",2,"normal",110,7,,,
"Weights D - Pull & Power","Aug 7, 2026, 11:52 AM","Aug 7, 2026, 12:36 PM","","Seated Incline Curl (Dumbbell)",,"",0,"normal",20,12,,,
"Weights D - Pull & Power","Aug 7, 2026, 11:52 AM","Aug 7, 2026, 12:36 PM","","Seated Incline Curl (Dumbbell)",,"",1,"normal",20,12,,,
"Weights D - Pull & Power","Aug 7, 2026, 11:52 AM","Aug 7, 2026, 12:36 PM","","Seated Incline Curl (Dumbbell)",,"",2,"normal",20,8,,,
"Weights D - Pull & Power","Aug 7, 2026, 11:52 AM","Aug 7, 2026, 12:36 PM","","Face Pull",,"",0,"normal",80,12,,,
"Weights D - Pull & Power","Aug 7, 2026, 11:52 AM","Aug 7, 2026, 12:36 PM","","Face Pull",,"",1,"normal",80,12,,,
"Weights D - Pull & Power","Aug 7, 2026, 11:52 AM","Aug 7, 2026, 12:36 PM","","Face Pull",,"",2,"normal",80,12,,,
"Weights C - Recovery & Isolation","Aug 2, 2026, 10:52 AM","Aug 2, 2026, 11:39 AM","","Elliptical Trainer",,"",0,"normal",,,,300,
"Weights C - Recovery & Isolation","Aug 2, 2026, 10:52 AM","Aug 2, 2026, 11:39 AM","","Leg Extension (Machine)",,"",0,"normal",80,10,,,
"Weights C - Recovery & Isolation","Aug 2, 2026, 10:52 AM","Aug 2, 2026, 11:39 AM","","Leg Extension (Machine)",,"",1,"normal",120,6,,,
"Weights C - Recovery & Isolation","Aug 2, 2026, 10:52 AM","Aug 2, 2026, 11:39 AM","","Leg Extension (Machine)",,"",2,"normal",160,3,,,
"Weights C - Recovery & Isolation","Aug 2, 2026, 10:52 AM","Aug 2, 2026, 11:39 AM","","Leg Extension (Machine)",,"",3,"normal",200,12,,,
"Weights C - Recovery & Isolation","Aug 2, 2026, 10:52 AM","Aug 2, 2026, 11:39 AM","","Leg Extension (Machine)",,"",4,"normal",200,12,,,
"Weights C - Recovery & Isolation","Aug 2, 2026, 10:52 AM","Aug 2, 2026, 11:39 AM","","Leg Extension (Machine)",,"",5,"normal",200,12,,,
"Weights C - Recovery & Isolation","Aug 2, 2026, 10:52 AM","Aug 2, 2026, 11:39 AM","","Chest Fly (Dumbbell)",,"",0,"normal",30,12,,,
"Weights C - Recovery & Isolation","Aug 2, 2026, 10:52 AM","Aug 2, 2026, 11:39 AM","","Chest Fly (Dumbbell)",,"",1,"normal",30,8,,,
"Weights C - Recovery & Isolation","Aug 2, 2026, 10:52 AM","Aug 2, 2026, 11:39 AM","","Chest Fly (Dumbbell)",,"",2,"normal",30,7,,,
"Weights C - Recovery & Isolation","Aug 2, 2026, 10:52 AM","Aug 2, 2026, 11:39 AM","","Single Arm Tricep Extension (Dumbbell)",,"",0,"normal",18,12,,,
"Weights C - Recovery & Isolation","Aug 2, 2026, 10:52 AM","Aug 2, 2026, 11:39 AM","","Single Arm Tricep Extension (Dumbbell)",,"",1,"normal",18,12,,,
"Weights C - Recovery & Isolation","Aug 2, 2026, 10:52 AM","Aug 2, 2026, 11:39 AM","","Single Arm Tricep Extension (Dumbbell)",,"",2,"normal",18,9,,,
"Weights C - Recovery & Isolation","Aug 2, 2026, 10:52 AM","Aug 2, 2026, 11:39 AM","","Lateral Raise (Dumbbell)",,"",0,"normal",12,12,,,
"Weights C - Recovery & Isolation","Aug 2, 2026, 10:52 AM","Aug 2, 2026, 11:39 AM","","Lateral Raise (Dumbbell)",,"",1,"normal",12,12,,,
"Weights C - Recovery & Isolation","Aug 2, 2026, 10:52 AM","Aug 2, 2026, 11:39 AM","","Lateral Raise (Dumbbell)",,"",2,"normal",12,12,,,
"Weights C - Recovery & Isolation","Aug 2, 2026, 10:52 AM","Aug 2, 2026, 11:39 AM","","Dead Bug",,"",0,"normal",,24,,,
"Weights C - Recovery & Isolation","Aug 2, 2026, 10:52 AM","Aug 2, 2026, 11:39 AM","","Dead Bug",,"",1,"normal",,24,,,
"Weights C - Recovery & Isolation","Aug 2, 2026, 10:52 AM","Aug 2, 2026, 11:39 AM","","Dead Bug",,"",2,"normal",,24,,,
"Weights B - Stablity & Posterior Chain","Jul 31, 2026, 12:02 PM","Jul 31, 2026, 12:46 PM","","Rowing Machine",,"",0,"normal",,,,300,
"Weights B - Stablity & Posterior Chain","Jul 31, 2026, 12:02 PM","Jul 31, 2026, 12:46 PM","","Bulgarian Split Squat (Dumbbell)",,"",0,"normal",12,12,,,
"Weights B - Stablity & Posterior Chain","Jul 31, 2026, 12:02 PM","Jul 31, 2026, 12:46 PM","","Bulgarian Split Squat (Dumbbell)",,"",1,"normal",14,12,,,
"Weights B - Stablity & Posterior Chain","Jul 31, 2026, 12:02 PM","Jul 31, 2026, 12:46 PM","","Bulgarian Split Squat (Dumbbell)",,"",2,"normal",14,12,,,
"Weights B - Stablity & Posterior Chain","Jul 31, 2026, 12:02 PM","Jul 31, 2026, 12:46 PM","","Single Leg Romanian Deadlift (Dumbbell)",,"",0,"normal",12,12,,,
"Weights B - Stablity & Posterior Chain","Jul 31, 2026, 12:02 PM","Jul 31, 2026, 12:46 PM","","Single Leg Romanian Deadlift (Dumbbell)",,"",1,"normal",14,12,,,
"Weights B - Stablity & Posterior Chain","Jul 31, 2026, 12:02 PM","Jul 31, 2026, 12:46 PM","","Single Leg Romanian Deadlift (Dumbbell)",,"",2,"normal",14,12,,,
"Weights B - Stablity & Posterior Chain","Jul 31, 2026, 12:02 PM","Jul 31, 2026, 12:46 PM","","Seated Cable Row - Bar Grip",,"",0,"normal",110,9,,,
"Weights B - Stablity & Posterior Chain","Jul 31, 2026, 12:02 PM","Jul 31, 2026, 12:46 PM","","Seated Cable Row - Bar Grip",,"",1,"normal",110,10,,,
"Weights B - Stablity & Posterior Chain","Jul 31, 2026, 12:02 PM","Jul 31, 2026, 12:46 PM","","Seated Cable Row - Bar Grip",,"",2,"normal",110,7,,,
"Weights B - Stablity & Posterior Chain","Jul 31, 2026, 12:02 PM","Jul 31, 2026, 12:46 PM","","Seated Shoulder Press (Machine)",,"",0,"normal",60,12,,,
"Weights B - Stablity & Posterior Chain","Jul 31, 2026, 12:02 PM","Jul 31, 2026, 12:46 PM","","Seated Shoulder Press (Machine)",,"",1,"normal",60,12,,,
"Weights B - Stablity & Posterior Chain","Jul 31, 2026, 12:02 PM","Jul 31, 2026, 12:46 PM","","Seated Shoulder Press (Machine)",,"",2,"normal",60,8,,,
"Weights B - Stablity & Posterior Chain","Jul 31, 2026, 12:02 PM","Jul 31, 2026, 12:46 PM","","Farmers Walk",,"",0,"normal",40,,0.06,,
"Weights B - Stablity & Posterior Chain","Jul 31, 2026, 12:02 PM","Jul 31, 2026, 12:46 PM","","Farmers Walk",,"",1,"normal",40,,0.06,,
"Weights B - Stablity & Posterior Chain","Jul 31, 2026, 12:02 PM","Jul 31, 2026, 12:46 PM","","Farmers Walk",,"",2,"normal",40,,0.06,,
"Weights A - Squat Day","Jul 29, 2026, 7:57 PM","Jul 29, 2026, 8:57 PM","","Elliptical Trainer",,"",0,"normal",,,,300,
"Weights A - Squat Day","Jul 29, 2026, 7:57 PM","Jul 29, 2026, 8:57 PM","","Squat (Barbell)",,"",0,"normal",,10,,,
"Weights A - Squat Day","Jul 29, 2026, 7:57 PM","Jul 29, 2026, 8:57 PM","","Squat (Barbell)",,"",1,"normal",40,5,,,
"Weights A - Squat Day","Jul 29, 2026, 7:57 PM","Jul 29, 2026, 8:57 PM","","Squat (Barbell)",,"",2,"normal",60,3,,,
"Weights A - Squat Day","Jul 29, 2026, 7:57 PM","Jul 29, 2026, 8:57 PM","","Squat (Barbell)",,"",3,"normal",77.5,12,,,
"Weights A - Squat Day","Jul 29, 2026, 7:57 PM","Jul 29, 2026, 8:57 PM","","Squat (Barbell)",,"",4,"normal",77.5,12,,,
"Weights A - Squat Day","Jul 29, 2026, 7:57 PM","Jul 29, 2026, 8:57 PM","","Squat (Barbell)",,"",5,"normal",77.5,12,,,
"Weights A - Squat Day","Jul 29, 2026, 7:57 PM","Jul 29, 2026, 8:57 PM","","Lat Pulldown (Cable)",,"",0,"normal",90,12,,,
"Weights A - Squat Day","Jul 29, 2026, 7:57 PM","Jul 29, 2026, 8:57 PM","","Lat Pulldown (Cable)",,"",1,"normal",90,12,,,
"Weights A - Squat Day","Jul 29, 2026, 7:57 PM","Jul 29, 2026, 8:57 PM","","Lat Pulldown (Cable)",,"",2,"normal",100,12,,,
"Weights A - Squat Day","Jul 29, 2026, 7:57 PM","Jul 29, 2026, 8:57 PM","","Chest Press (Machine)",,"",0,"normal",100,12,,,
"Weights A - Squat Day","Jul 29, 2026, 7:57 PM","Jul 29, 2026, 8:57 PM","","Chest Press (Machine)",,"",1,"normal",100,12,,,
"Weights A - Squat Day","Jul 29, 2026, 7:57 PM","Jul 29, 2026, 8:57 PM","","Chest Press (Machine)",,"",2,"normal",100,12,,,
"Weights A - Squat Day","Jul 29, 2026, 7:57 PM","Jul 29, 2026, 8:57 PM","","Bicep Curl (Dumbbell)",,"",0,"normal",25,10,,,
"Weights A - Squat Day","Jul 29, 2026, 7:57 PM","Jul 29, 2026, 8:57 PM","","Bicep Curl (Dumbbell)",,"",1,"normal",25,10,,,
"Weights A - Squat Day","Jul 29, 2026, 7:57 PM","Jul 29, 2026, 8:57 PM","","Bicep Curl (Dumbbell)",,"",2,"normal",25,9,,,
"Weights A - Squat Day","Jul 29, 2026, 7:57 PM","Jul 29, 2026, 8:57 PM","","Cable Core Pallof Press",,"",0,"normal",,24,,,
"Weights A - Squat Day","Jul 29, 2026, 7:57 PM","Jul 29, 2026, 8:57 PM","","Cable Core Pallof Press",,"",1,"normal",,24,,,
"Weights A - Squat Day","Jul 29, 2026, 7:57 PM","Jul 29, 2026, 8:57 PM","","Cable Core Pallof Press",,"",2,"normal",,24,,,
"Weights D - Pull & Power","Jul 27, 2026, 7:35 PM","Jul 27, 2026, 8:17 PM","","Kettlebell Swing",,"",0,"normal",20,24,,,
"Weights D - Pull & Power","Jul 27, 2026, 7:35 PM","Jul 27, 2026, 8:17 PM","","Kettlebell Swing",,"",1,"normal",20,24,,,
"Weights D - Pull & Power","Jul 27, 2026, 7:35 PM","Jul 27, 2026, 8:17 PM","","Kettlebell Swing",,"",2,"normal",20,24,,,
"Weights D - Pull & Power","Jul 27, 2026, 7:35 PM","Jul 27, 2026, 8:17 PM","","Lying Leg Curl (Machine)",,"",0,"normal",90,12,,,
"Weights D - Pull & Power","Jul 27, 2026, 7:35 PM","Jul 27, 2026, 8:17 PM","","Lying Leg Curl (Machine)",,"",1,"normal",90,12,,,
"Weights D - Pull & Power","Jul 27, 2026, 7:35 PM","Jul 27, 2026, 8:17 PM","","Lying Leg Curl (Machine)",,"",2,"normal",90,6,,,
"Weights D - Pull & Power","Jul 27, 2026, 7:35 PM","Jul 27, 2026, 8:17 PM","","Seated Cable Row - V Grip (Cable)",,"",0,"normal",110,12,,,
"Weights D - Pull & Power","Jul 27, 2026, 7:35 PM","Jul 27, 2026, 8:17 PM","","Seated Cable Row - V Grip (Cable)",,"",1,"normal",110,7,,,
"Weights D - Pull & Power","Jul 27, 2026, 7:35 PM","Jul 27, 2026, 8:17 PM","","Seated Cable Row - V Grip (Cable)",,"",2,"normal",110,6,,,
"Weights D - Pull & Power","Jul 27, 2026, 7:35 PM","Jul 27, 2026, 8:17 PM","","Face Pull",,"",0,"normal",70,12,,,
"Weights D - Pull & Power","Jul 27, 2026, 7:35 PM","Jul 27, 2026, 8:17 PM","","Face Pull",,"",1,"normal",70,12,,,
"Weights D - Pull & Power","Jul 27, 2026, 7:35 PM","Jul 27, 2026, 8:17 PM","","Face Pull",,"",2,"normal",80,12,,,
"Weights D - Pull & Power","Jul 27, 2026, 7:35 PM","Jul 27, 2026, 8:17 PM","","Seated Incline Curl (Dumbbell)",,"",0,"normal",18,12,,,
"Weights D - Pull & Power","Jul 27, 2026, 7:35 PM","Jul 27, 2026, 8:17 PM","","Seated Incline Curl (Dumbbell)",,"",1,"normal",18,12,,,
"Weights D - Pull & Power","Jul 27, 2026, 7:35 PM","Jul 27, 2026, 8:17 PM","","Seated Incline Curl (Dumbbell)",,"",2,"normal",20,4,,,
"Weights C - Recovery & Isolation","Jul 26, 2026, 2:21 PM","Jul 26, 2026, 3:03 PM","","Elliptical Trainer",,"",0,"normal",,,,300,
"Weights C - Recovery & Isolation","Jul 26, 2026, 2:21 PM","Jul 26, 2026, 3:03 PM","","Leg Extension (Machine)",,"",0,"normal",200,12,,,
"Weights C - Recovery & Isolation","Jul 26, 2026, 2:21 PM","Jul 26, 2026, 3:03 PM","","Leg Extension (Machine)",,"",1,"normal",200,12,,,
"Weights C - Recovery & Isolation","Jul 26, 2026, 2:21 PM","Jul 26, 2026, 3:03 PM","","Leg Extension (Machine)",,"",2,"normal",200,12,,,
"Weights C - Recovery & Isolation","Jul 26, 2026, 2:21 PM","Jul 26, 2026, 3:03 PM","","Chest Fly (Dumbbell)",,"",0,"normal",30,12,,,
"Weights C - Recovery & Isolation","Jul 26, 2026, 2:21 PM","Jul 26, 2026, 3:03 PM","","Chest Fly (Dumbbell)",,"",1,"normal",30,7,,,
"Weights C - Recovery & Isolation","Jul 26, 2026, 2:21 PM","Jul 26, 2026, 3:03 PM","","Chest Fly (Dumbbell)",,"",2,"normal",30,4,,,
"Weights C - Recovery & Isolation","Jul 26, 2026, 2:21 PM","Jul 26, 2026, 3:03 PM","","Single Arm Tricep Extension (Dumbbell)",,"",0,"normal",18,12,,,
"Weights C - Recovery & Isolation","Jul 26, 2026, 2:21 PM","Jul 26, 2026, 3:03 PM","","Single Arm Tricep Extension (Dumbbell)",,"",1,"normal",18,10,,,
"Weights C - Recovery & Isolation","Jul 26, 2026, 2:21 PM","Jul 26, 2026, 3:03 PM","","Single Arm Tricep Extension (Dumbbell)",,"",2,"normal",18,8,,,
"Weights C - Recovery & Isolation","Jul 26, 2026, 2:21 PM","Jul 26, 2026, 3:03 PM","","Lateral Raise (Dumbbell)",,"",0,"normal",12,12,,,
"Weights C - Recovery & Isolation","Jul 26, 2026, 2:21 PM","Jul 26, 2026, 3:03 PM","","Lateral Raise (Dumbbell)",,"",1,"normal",12,10,,,
"Weights C - Recovery & Isolation","Jul 26, 2026, 2:21 PM","Jul 26, 2026, 3:03 PM","","Lateral Raise (Dumbbell)",,"",2,"normal",12,8,,,
"Weights C - Recovery & Isolation","Jul 26, 2026, 2:21 PM","Jul 26, 2026, 3:03 PM","","Dead Bug",,"",0,"normal",,24,,,
"Weights C - Recovery & Isolation","Jul 26, 2026, 2:21 PM","Jul 26, 2026, 3:03 PM","","Dead Bug",,"",1,"normal",,24,,,
"Weights C - Recovery & Isolation","Jul 26, 2026, 2:21 PM","Jul 26, 2026, 3:03 PM","","Dead Bug",,"",2,"normal",,24,,,
"Weights B - Stablity & Posterior Chain","Jul 19, 2026, 3:24 PM","Jul 19, 2026, 4:07 PM","","Rowing Machine",,"",0,"normal",,,,300,
"Weights B - Stablity & Posterior Chain","Jul 19, 2026, 3:24 PM","Jul 19, 2026, 4:07 PM","","Bulgarian Split Squat (Dumbbell)",,"",0,"normal",12,12,,,
"Weights B - Stablity & Posterior Chain","Jul 19, 2026, 3:24 PM","Jul 19, 2026, 4:07 PM","","Bulgarian Split Squat (Dumbbell)",,"",1,"normal",12,12,,,
"Weights B - Stablity & Posterior Chain","Jul 19, 2026, 3:24 PM","Jul 19, 2026, 4:07 PM","","Bulgarian Split Squat (Dumbbell)",,"",2,"normal",12,12,,,
"Weights B - Stablity & Posterior Chain","Jul 19, 2026, 3:24 PM","Jul 19, 2026, 4:07 PM","","Single Leg Romanian Deadlift (Dumbbell)",,"",0,"normal",12,12,,,
"Weights B - Stablity & Posterior Chain","Jul 19, 2026, 3:24 PM","Jul 19, 2026, 4:07 PM","","Single Leg Romanian Deadlift (Dumbbell)",,"",1,"normal",12,12,,,
"Weights B - Stablity & Posterior Chain","Jul 19, 2026, 3:24 PM","Jul 19, 2026, 4:07 PM","","Single Leg Romanian Deadlift (Dumbbell)",,"",2,"normal",12,12,,,
"Weights B - Stablity & Posterior Chain","Jul 19, 2026, 3:24 PM","Jul 19, 2026, 4:07 PM","","Seated Cable Row - Bar Grip",,"",0,"normal",110,9,,,
"Weights B - Stablity & Posterior Chain","Jul 19, 2026, 3:24 PM","Jul 19, 2026, 4:07 PM","","Seated Cable Row - Bar Grip",,"",1,"normal",110,7,,,
"Weights B - Stablity & Posterior Chain","Jul 19, 2026, 3:24 PM","Jul 19, 2026, 4:07 PM","","Seated Cable Row - Bar Grip",,"",2,"normal",110,5,,,
"Weights B - Stablity & Posterior Chain","Jul 19, 2026, 3:24 PM","Jul 19, 2026, 4:07 PM","","Seated Shoulder Press (Machine)",,"",0,"normal",60,12,,,
"Weights B - Stablity & Posterior Chain","Jul 19, 2026, 3:24 PM","Jul 19, 2026, 4:07 PM","","Seated Shoulder Press (Machine)",,"",1,"normal",60,12,,,
"Weights B - Stablity & Posterior Chain","Jul 19, 2026, 3:24 PM","Jul 19, 2026, 4:07 PM","","Seated Shoulder Press (Machine)",,"",2,"normal",60,10,,,
"Weights B - Stablity & Posterior Chain","Jul 19, 2026, 3:24 PM","Jul 19, 2026, 4:07 PM","","Farmers Walk",,"",0,"normal",40,,0.06,,
"Weights B - Stablity & Posterior Chain","Jul 19, 2026, 3:24 PM","Jul 19, 2026, 4:07 PM","","Farmers Walk",,"",1,"normal",40,,0.06,,
"Weights B - Stablity & Posterior Chain","Jul 19, 2026, 3:24 PM","Jul 19, 2026, 4:07 PM","","Farmers Walk",,"",2,"normal",40,,0.06,,
"Weights A - Squat Day","Jul 5, 2026, 2:27 PM","Jul 5, 2026, 3:16 PM","","Elliptical Trainer",,"",0,"normal",,,,300,
"Weights A - Squat Day","Jul 5, 2026, 2:27 PM","Jul 5, 2026, 3:16 PM","","Squat (Barbell)",,"",0,"normal",,10,,,
"Weights A - Squat Day","Jul 5, 2026, 2:27 PM","Jul 5, 2026, 3:16 PM","","Squat (Barbell)",,"",1,"normal",40,5,,,
"Weights A - Squat Day","Jul 5, 2026, 2:27 PM","Jul 5, 2026, 3:16 PM","","Squat (Barbell)",,"",2,"normal",60,3,,,
"Weights A - Squat Day","Jul 5, 2026, 2:27 PM","Jul 5, 2026, 3:16 PM","","Squat (Barbell)",,"",3,"normal",75,12,,,
"Weights A - Squat Day","Jul 5, 2026, 2:27 PM","Jul 5, 2026, 3:16 PM","","Squat (Barbell)",,"",4,"normal",75,12,,,
"Weights A - Squat Day","Jul 5, 2026, 2:27 PM","Jul 5, 2026, 3:16 PM","","Squat (Barbell)",,"",5,"normal",75,12,,,
"Weights A - Squat Day","Jul 5, 2026, 2:27 PM","Jul 5, 2026, 3:16 PM","","Lat Pulldown (Cable)",,"",0,"normal",90,12,,,
"Weights A - Squat Day","Jul 5, 2026, 2:27 PM","Jul 5, 2026, 3:16 PM","","Lat Pulldown (Cable)",,"",1,"normal",90,12,,,
"Weights A - Squat Day","Jul 5, 2026, 2:27 PM","Jul 5, 2026, 3:16 PM","","Lat Pulldown (Cable)",,"",2,"normal",90,12,,,
"Weights A - Squat Day","Jul 5, 2026, 2:27 PM","Jul 5, 2026, 3:16 PM","","Chest Press (Machine)",,"",0,"normal",100,12,,,
"Weights A - Squat Day","Jul 5, 2026, 2:27 PM","Jul 5, 2026, 3:16 PM","","Chest Press (Machine)",,"",1,"normal",100,12,,,
"Weights A - Squat Day","Jul 5, 2026, 2:27 PM","Jul 5, 2026, 3:16 PM","","Chest Press (Machine)",,"",2,"normal",100,8,,,
"Weights A - Squat Day","Jul 5, 2026, 2:27 PM","Jul 5, 2026, 3:16 PM","","Bicep Curl (Dumbbell)",,"",0,"normal",25,9,,,
"Weights A - Squat Day","Jul 5, 2026, 2:27 PM","Jul 5, 2026, 3:16 PM","","Bicep Curl (Dumbbell)",,"",1,"normal",25,10,,,
"Weights A - Squat Day","Jul 5, 2026, 2:27 PM","Jul 5, 2026, 3:16 PM","","Bicep Curl (Dumbbell)",,"",2,"normal",25,6,,,
"Weights A - Squat Day","Jul 5, 2026, 2:27 PM","Jul 5, 2026, 3:16 PM","","Cable Core Pallof Press",,"",0,"normal",,24,,,
"Weights A - Squat Day","Jul 5, 2026, 2:27 PM","Jul 5, 2026, 3:16 PM","","Cable Core Pallof Press",,"",1,"normal",,24,,,
"Weights A - Squat Day","Jul 5, 2026, 2:27 PM","Jul 5, 2026, 3:16 PM","","Cable Core Pallof Press",,"",2,"normal",,24,,,
"Weights D - Pull & Power","Jun 27, 2026, 9:20 AM","Jun 27, 2026, 9:58 AM","","Kettlebell Swing",,"",0,"normal",16,24,,,
"Weights D - Pull & Power","Jun 27, 2026, 9:20 AM","Jun 27, 2026, 9:58 AM","","Kettlebell Swing",,"",1,"normal",20,24,,,
"Weights D - Pull & Power","Jun 27, 2026, 9:20 AM","Jun 27, 2026, 9:58 AM","","Kettlebell Swing",,"",2,"normal",20,24,,,
"Weights D - Pull & Power","Jun 27, 2026, 9:20 AM","Jun 27, 2026, 9:58 AM","","Lying Leg Curl (Machine)",,"",0,"normal",90,12,,,
"Weights D - Pull & Power","Jun 27, 2026, 9:20 AM","Jun 27, 2026, 9:58 AM","","Lying Leg Curl (Machine)",,"",1,"normal",90,11,,,
"Weights D - Pull & Power","Jun 27, 2026, 9:20 AM","Jun 27, 2026, 9:58 AM","","Lying Leg Curl (Machine)",,"",2,"normal",90,9,,,
"Weights D - Pull & Power","Jun 27, 2026, 9:20 AM","Jun 27, 2026, 9:58 AM","","Seated Cable Row - V Grip (Cable)",,"",0,"normal",110,11,,,
"Weights D - Pull & Power","Jun 27, 2026, 9:20 AM","Jun 27, 2026, 9:58 AM","","Seated Cable Row - V Grip (Cable)",,"",1,"normal",110,10,,,
"Weights D - Pull & Power","Jun 27, 2026, 9:20 AM","Jun 27, 2026, 9:58 AM","","Seated Cable Row - V Grip (Cable)",,"",2,"normal",110,11,,,
"Weights D - Pull & Power","Jun 27, 2026, 9:20 AM","Jun 27, 2026, 9:58 AM","","Face Pull",,"",0,"normal",60,12,,,
"Weights D - Pull & Power","Jun 27, 2026, 9:20 AM","Jun 27, 2026, 9:58 AM","","Face Pull",,"",1,"normal",60,12,,,
"Weights D - Pull & Power","Jun 27, 2026, 9:20 AM","Jun 27, 2026, 9:58 AM","","Face Pull",,"",2,"normal",70,12,,,
"Weights D - Pull & Power","Jun 27, 2026, 9:20 AM","Jun 27, 2026, 9:58 AM","","Seated Incline Curl (Dumbbell)",,"",0,"normal",18,12,,,
"Weights D - Pull & Power","Jun 27, 2026, 9:20 AM","Jun 27, 2026, 9:58 AM","","Seated Incline Curl (Dumbbell)",,"",1,"normal",18,12,,,
"Weights D - Pull & Power","Jun 27, 2026, 9:20 AM","Jun 27, 2026, 9:58 AM","","Seated Incline Curl (Dumbbell)",,"",2,"normal",18,12,,,
"Weights C - Recovery & Isolation","Jun 21, 2026, 1:59 PM","Jun 21, 2026, 2:40 PM","","Elliptical Trainer",,"",0,"normal",,,,300,
"Weights C - Recovery & Isolation","Jun 21, 2026, 1:59 PM","Jun 21, 2026, 2:40 PM","","Leg Extension (Machine)",,"",0,"normal",190,12,,,
"Weights C - Recovery & Isolation","Jun 21, 2026, 1:59 PM","Jun 21, 2026, 2:40 PM","","Leg Extension (Machine)",,"",1,"normal",190,12,,,
"Weights C - Recovery & Isolation","Jun 21, 2026, 1:59 PM","Jun 21, 2026, 2:40 PM","","Leg Extension (Machine)",,"",2,"normal",190,12,,,
"Weights C - Recovery & Isolation","Jun 21, 2026, 1:59 PM","Jun 21, 2026, 2:40 PM","","Chest Fly (Dumbbell)",,"",0,"normal",30,12,,,
"Weights C - Recovery & Isolation","Jun 21, 2026, 1:59 PM","Jun 21, 2026, 2:40 PM","","Chest Fly (Dumbbell)",,"",1,"normal",30,8,,,
"Weights C - Recovery & Isolation","Jun 21, 2026, 1:59 PM","Jun 21, 2026, 2:40 PM","","Chest Fly (Dumbbell)",,"",2,"normal",30,9,,,
"Weights C - Recovery & Isolation","Jun 21, 2026, 1:59 PM","Jun 21, 2026, 2:40 PM","","Single Arm Tricep Extension (Dumbbell)",,"",0,"normal",18,12,,,
"Weights C - Recovery & Isolation","Jun 21, 2026, 1:59 PM","Jun 21, 2026, 2:40 PM","","Single Arm Tricep Extension (Dumbbell)",,"",1,"normal",18,6,,,
"Weights C - Recovery & Isolation","Jun 21, 2026, 1:59 PM","Jun 21, 2026, 2:40 PM","","Single Arm Tricep Extension (Dumbbell)",,"",2,"normal",18,7,,,
"Weights C - Recovery & Isolation","Jun 21, 2026, 1:59 PM","Jun 21, 2026, 2:40 PM","","Lateral Raise (Dumbbell)",,"",0,"normal",12,12,,,
"Weights C - Recovery & Isolation","Jun 21, 2026, 1:59 PM","Jun 21, 2026, 2:40 PM","","Lateral Raise (Dumbbell)",,"",1,"normal",10,10,,,
"Weights C - Recovery & Isolation","Jun 21, 2026, 1:59 PM","Jun 21, 2026, 2:40 PM","","Lateral Raise (Dumbbell)",,"",2,"normal",10,9,,,
"Weights C - Recovery & Isolation","Jun 21, 2026, 1:59 PM","Jun 21, 2026, 2:40 PM","","Dead Bug",,"",0,"normal",,20,,,
"Weights C - Recovery & Isolation","Jun 21, 2026, 1:59 PM","Jun 21, 2026, 2:40 PM","","Dead Bug",,"",1,"normal",,24,,,
"Weights C - Recovery & Isolation","Jun 21, 2026, 1:59 PM","Jun 21, 2026, 2:40 PM","","Dead Bug",,"",2,"normal",,28,,,
"Weights B - Stablity & Posterior Chain","Jun 20, 2026, 1:16 PM","Jun 20, 2026, 1:59 PM","","Rowing Machine",,"",0,"normal",,,,300,
"Weights B - Stablity & Posterior Chain","Jun 20, 2026, 1:16 PM","Jun 20, 2026, 1:59 PM","","Bulgarian Split Squat (Dumbbell)",,"",0,"normal",12,12,,,
"Weights B - Stablity & Posterior Chain","Jun 20, 2026, 1:16 PM","Jun 20, 2026, 1:59 PM","","Bulgarian Split Squat (Dumbbell)",,"",1,"normal",12,12,,,
"Weights B - Stablity & Posterior Chain","Jun 20, 2026, 1:16 PM","Jun 20, 2026, 1:59 PM","","Bulgarian Split Squat (Dumbbell)",,"",2,"normal",12,12,,,
"Weights B - Stablity & Posterior Chain","Jun 20, 2026, 1:16 PM","Jun 20, 2026, 1:59 PM","","Single Leg Romanian Deadlift (Dumbbell)",,"",0,"normal",12,12,,,
"Weights B - Stablity & Posterior Chain","Jun 20, 2026, 1:16 PM","Jun 20, 2026, 1:59 PM","","Single Leg Romanian Deadlift (Dumbbell)",,"",1,"normal",12,12,,,
"Weights B - Stablity & Posterior Chain","Jun 20, 2026, 1:16 PM","Jun 20, 2026, 1:59 PM","","Single Leg Romanian Deadlift (Dumbbell)",,"",2,"normal",12,12,,,
"Weights B - Stablity & Posterior Chain","Jun 20, 2026, 1:16 PM","Jun 20, 2026, 1:59 PM","","Seated Cable Row - Bar Grip",,"",0,"normal",110,8,,,
"Weights B - Stablity & Posterior Chain","Jun 20, 2026, 1:16 PM","Jun 20, 2026, 1:59 PM","","Seated Cable Row - Bar Grip",,"",1,"normal",110,7,,,
"Weights B - Stablity & Posterior Chain","Jun 20, 2026, 1:16 PM","Jun 20, 2026, 1:59 PM","","Seated Cable Row - Bar Grip",,"",2,"normal",110,6,,,
"Weights B - Stablity & Posterior Chain","Jun 20, 2026, 1:16 PM","Jun 20, 2026, 1:59 PM","","Seated Shoulder Press (Machine)",,"",0,"normal",60,12,,,
"Weights B - Stablity & Posterior Chain","Jun 20, 2026, 1:16 PM","Jun 20, 2026, 1:59 PM","","Seated Shoulder Press (Machine)",,"",1,"normal",60,12,,,
"Weights B - Stablity & Posterior Chain","Jun 20, 2026, 1:16 PM","Jun 20, 2026, 1:59 PM","","Seated Shoulder Press (Machine)",,"",2,"normal",60,12,,,
"Weights B - Stablity & Posterior Chain","Jun 20, 2026, 1:16 PM","Jun 20, 2026, 1:59 PM","","Farmers Walk",,"",0,"normal",40,,0.06,,
"Weights B - Stablity & Posterior Chain","Jun 20, 2026, 1:16 PM","Jun 20, 2026, 1:59 PM","","Farmers Walk",,"",1,"normal",40,,0.06,,
"Weights B - Stablity & Posterior Chain","Jun 20, 2026, 1:16 PM","Jun 20, 2026, 1:59 PM","","Farmers Walk",,"",2,"normal",40,,0.06,,
"Weights A - Squat Day","Jun 14, 2026, 8:22 PM","Jun 14, 2026, 9:16 PM","","Elliptical Trainer",,"",0,"normal",,,,300,
"Weights A - Squat Day","Jun 14, 2026, 8:22 PM","Jun 14, 2026, 9:16 PM","","Squat (Barbell)",,"",0,"normal",,10,,,
"Weights A - Squat Day","Jun 14, 2026, 8:22 PM","Jun 14, 2026, 9:16 PM","","Squat (Barbell)",,"",1,"normal",40,5,,,
"Weights A - Squat Day","Jun 14, 2026, 8:22 PM","Jun 14, 2026, 9:16 PM","","Squat (Barbell)",,"",2,"normal",60,3,,,
"Weights A - Squat Day","Jun 14, 2026, 8:22 PM","Jun 14, 2026, 9:16 PM","","Squat (Barbell)",,"",3,"normal",72.5,12,,,
"Weights A - Squat Day","Jun 14, 2026, 8:22 PM","Jun 14, 2026, 9:16 PM","","Squat (Barbell)",,"",4,"normal",72.5,12,,,
"Weights A - Squat Day","Jun 14, 2026, 8:22 PM","Jun 14, 2026, 9:16 PM","","Squat (Barbell)",,"",5,"normal",72.5,12,,,
"Weights A - Squat Day","Jun 14, 2026, 8:22 PM","Jun 14, 2026, 9:16 PM","","Lat Pulldown (Cable)",,"",0,"normal",80,12,,,
"Weights A - Squat Day","Jun 14, 2026, 8:22 PM","Jun 14, 2026, 9:16 PM","","Lat Pulldown (Cable)",,"",1,"normal",80,12,,,
"Weights A - Squat Day","Jun 14, 2026, 8:22 PM","Jun 14, 2026, 9:16 PM","","Lat Pulldown (Cable)",,"",2,"normal",90,12,,,
"Weights A - Squat Day","Jun 14, 2026, 8:22 PM","Jun 14, 2026, 9:16 PM","","Chest Press (Machine)",,"",0,"normal",100,12,,,
"Weights A - Squat Day","Jun 14, 2026, 8:22 PM","Jun 14, 2026, 9:16 PM","","Chest Press (Machine)",,"",1,"normal",100,12,,,
"Weights A - Squat Day","Jun 14, 2026, 8:22 PM","Jun 14, 2026, 9:16 PM","","Chest Press (Machine)",,"",2,"normal",100,10,,,
"Weights A - Squat Day","Jun 14, 2026, 8:22 PM","Jun 14, 2026, 9:16 PM","","Bicep Curl (Dumbbell)",,"",0,"normal",20,12,,,
"Weights A - Squat Day","Jun 14, 2026, 8:22 PM","Jun 14, 2026, 9:16 PM","","Bicep Curl (Dumbbell)",,"",1,"normal",20,12,,,
"Weights A - Squat Day","Jun 14, 2026, 8:22 PM","Jun 14, 2026, 9:16 PM","","Bicep Curl (Dumbbell)",,"",2,"normal",25,9,,,
"Weights A - Squat Day","Jun 14, 2026, 8:22 PM","Jun 14, 2026, 9:16 PM","","Cable Core Pallof Press",,"",0,"normal",,24,,,
"Weights A - Squat Day","Jun 14, 2026, 8:22 PM","Jun 14, 2026, 9:16 PM","","Cable Core Pallof Press",,"",1,"normal",,24,,,
"Weights A - Squat Day","Jun 14, 2026, 8:22 PM","Jun 14, 2026, 9:16 PM","","Cable Core Pallof Press",,"",2,"normal",,24,,,
"Weights D - Pull & Power","Jun 11, 2026, 7:49 PM","Jun 11, 2026, 8:27 PM","","Kettlebell Swing",,"",0,"normal",16,24,,,
"Weights D - Pull & Power","Jun 11, 2026, 7:49 PM","Jun 11, 2026, 8:27 PM","","Kettlebell Swing",,"",1,"normal",16,24,,,
"Weights D - Pull & Power","Jun 11, 2026, 7:49 PM","Jun 11, 2026, 8:27 PM","","Kettlebell Swing",,"",2,"normal",16,24,,,
"Weights D - Pull & Power","Jun 11, 2026, 7:49 PM","Jun 11, 2026, 8:27 PM","","Lying Leg Curl (Machine)",,"",0,"normal",90,12,,,
"Weights D - Pull & Power","Jun 11, 2026, 7:49 PM","Jun 11, 2026, 8:27 PM","","Lying Leg Curl (Machine)",,"",1,"normal",90,9,,,
"Weights D - Pull & Power","Jun 11, 2026, 7:49 PM","Jun 11, 2026, 8:27 PM","","Lying Leg Curl (Machine)",,"",2,"normal",90,7,,,
"Weights D - Pull & Power","Jun 11, 2026, 7:49 PM","Jun 11, 2026, 8:27 PM","","Seated Cable Row - V Grip (Cable)",,"",0,"normal",110,12,,,
"Weights D - Pull & Power","Jun 11, 2026, 7:49 PM","Jun 11, 2026, 8:27 PM","","Seated Cable Row - V Grip (Cable)",,"",1,"normal",110,12,,,
"Weights D - Pull & Power","Jun 11, 2026, 7:49 PM","Jun 11, 2026, 8:27 PM","","Seated Cable Row - V Grip (Cable)",,"",2,"normal",110,11,,,
"Weights D - Pull & Power","Jun 11, 2026, 7:49 PM","Jun 11, 2026, 8:27 PM","","Face Pull",,"",0,"normal",40,12,,,
"Weights D - Pull & Power","Jun 11, 2026, 7:49 PM","Jun 11, 2026, 8:27 PM","","Face Pull",,"",1,"normal",50,12,,,
"Weights D - Pull & Power","Jun 11, 2026, 7:49 PM","Jun 11, 2026, 8:27 PM","","Face Pull",,"",2,"normal",60,12,,,
"Weights D - Pull & Power","Jun 11, 2026, 7:49 PM","Jun 11, 2026, 8:27 PM","","Seated Incline Curl (Dumbbell)",,"",0,"normal",16,12,,,
"Weights D - Pull & Power","Jun 11, 2026, 7:49 PM","Jun 11, 2026, 8:27 PM","","Seated Incline Curl (Dumbbell)",,"",1,"normal",18,12,,,
"Weights D - Pull & Power","Jun 11, 2026, 7:49 PM","Jun 11, 2026, 8:27 PM","","Seated Incline Curl (Dumbbell)",,"",2,"normal",18,12,,,
"Weights C - Recovery & Isolation","Jun 8, 2026, 7:55 PM","Jun 8, 2026, 8:33 PM","","Elliptical Trainer",,"",0,"normal",,,,300,
"Weights C - Recovery & Isolation","Jun 8, 2026, 7:55 PM","Jun 8, 2026, 8:33 PM","","Leg Extension (Machine)",,"",0,"normal",180,12,,,
"Weights C - Recovery & Isolation","Jun 8, 2026, 7:55 PM","Jun 8, 2026, 8:33 PM","","Leg Extension (Machine)",,"",1,"normal",180,12,,,
"Weights C - Recovery & Isolation","Jun 8, 2026, 7:55 PM","Jun 8, 2026, 8:33 PM","","Leg Extension (Machine)",,"",2,"normal",180,12,,,
"Weights C - Recovery & Isolation","Jun 8, 2026, 7:55 PM","Jun 8, 2026, 8:33 PM","","Chest Fly (Dumbbell)",,"",0,"normal",30,12,,,
"Weights C - Recovery & Isolation","Jun 8, 2026, 7:55 PM","Jun 8, 2026, 8:33 PM","","Chest Fly (Dumbbell)",,"",1,"normal",30,9,,,
"Weights C - Recovery & Isolation","Jun 8, 2026, 7:55 PM","Jun 8, 2026, 8:33 PM","","Chest Fly (Dumbbell)",,"",2,"normal",30,7,,,
"Weights C - Recovery & Isolation","Jun 8, 2026, 7:55 PM","Jun 8, 2026, 8:33 PM","","Single Arm Tricep Extension (Dumbbell)",,"",0,"normal",16,12,,,
"Weights C - Recovery & Isolation","Jun 8, 2026, 7:55 PM","Jun 8, 2026, 8:33 PM","","Single Arm Tricep Extension (Dumbbell)",,"",1,"normal",16,12,,,
"Weights C - Recovery & Isolation","Jun 8, 2026, 7:55 PM","Jun 8, 2026, 8:33 PM","","Single Arm Tricep Extension (Dumbbell)",,"",2,"normal",16,12,,,
"Weights C - Recovery & Isolation","Jun 8, 2026, 7:55 PM","Jun 8, 2026, 8:33 PM","","Lateral Raise (Dumbbell)",,"",0,"normal",10,12,,,
"Weights C - Recovery & Isolation","Jun 8, 2026, 7:55 PM","Jun 8, 2026, 8:33 PM","","Lateral Raise (Dumbbell)",,"",1,"normal",10,12,,,
"Weights C - Recovery & Isolation","Jun 8, 2026, 7:55 PM","Jun 8, 2026, 8:33 PM","","Lateral Raise (Dumbbell)",,"",2,"normal",10,12,,,
"Weights C - Recovery & Isolation","Jun 8, 2026, 7:55 PM","Jun 8, 2026, 8:33 PM","","Dead Bug",,"",0,"normal",,20,,,
"Weights C - Recovery & Isolation","Jun 8, 2026, 7:55 PM","Jun 8, 2026, 8:33 PM","","Dead Bug",,"",1,"normal",,20,,,
"Weights C - Recovery & Isolation","Jun 8, 2026, 7:55 PM","Jun 8, 2026, 8:33 PM","","Dead Bug",,"",2,"normal",,20,,,
"Weights B - Stablity & Posterior Chain","Jun 7, 2026, 2:01 PM","Jun 7, 2026, 2:43 PM","","Rowing Machine",,"",0,"normal",,,,300,
"Weights B - Stablity & Posterior Chain","Jun 7, 2026, 2:01 PM","Jun 7, 2026, 2:43 PM","","Bulgarian Split Squat (Dumbbell)",,"",0,"normal",10,12,,,
"Weights B - Stablity & Posterior Chain","Jun 7, 2026, 2:01 PM","Jun 7, 2026, 2:43 PM","","Bulgarian Split Squat (Dumbbell)",,"",1,"normal",10,12,,,
"Weights B - Stablity & Posterior Chain","Jun 7, 2026, 2:01 PM","Jun 7, 2026, 2:43 PM","","Bulgarian Split Squat (Dumbbell)",,"",2,"normal",10,12,,,
"Weights B - Stablity & Posterior Chain","Jun 7, 2026, 2:01 PM","Jun 7, 2026, 2:43 PM","","Single Leg Romanian Deadlift (Dumbbell)",,"",0,"normal",10,12,,,
"Weights B - Stablity & Posterior Chain","Jun 7, 2026, 2:01 PM","Jun 7, 2026, 2:43 PM","","Single Leg Romanian Deadlift (Dumbbell)",,"",1,"normal",10,12,,,
"Weights B - Stablity & Posterior Chain","Jun 7, 2026, 2:01 PM","Jun 7, 2026, 2:43 PM","","Single Leg Romanian Deadlift (Dumbbell)",,"",2,"normal",10,12,,,
"Weights B - Stablity & Posterior Chain","Jun 7, 2026, 2:01 PM","Jun 7, 2026, 2:43 PM","","Seated Cable Row - Bar Grip",,"",0,"normal",110,9,,,
"Weights B - Stablity & Posterior Chain","Jun 7, 2026, 2:01 PM","Jun 7, 2026, 2:43 PM","","Seated Cable Row - Bar Grip",,"",1,"normal",110,7,,,
"Weights B - Stablity & Posterior Chain","Jun 7, 2026, 2:01 PM","Jun 7, 2026, 2:43 PM","","Seated Cable Row - Bar Grip",,"",2,"normal",110,6,,,
"Weights B - Stablity & Posterior Chain","Jun 7, 2026, 2:01 PM","Jun 7, 2026, 2:43 PM","","Seated Shoulder Press (Machine)",,"",0,"normal",60,12,,,
"Weights B - Stablity & Posterior Chain","Jun 7, 2026, 2:01 PM","Jun 7, 2026, 2:43 PM","","Seated Shoulder Press (Machine)",,"",1,"normal",60,12,,,
"Weights B - Stablity & Posterior Chain","Jun 7, 2026, 2:01 PM","Jun 7, 2026, 2:43 PM","","Seated Shoulder Press (Machine)",,"",2,"normal",60,7,,,
"Weights B - Stablity & Posterior Chain","Jun 7, 2026, 2:01 PM","Jun 7, 2026, 2:43 PM","","Farmers Walk",,"",0,"normal",30,,0.06,,
"Weights B - Stablity & Posterior Chain","Jun 7, 2026, 2:01 PM","Jun 7, 2026, 2:43 PM","","Farmers Walk",,"",1,"normal",40,,0.05,,
"Weights B - Stablity & Posterior Chain","Jun 7, 2026, 2:01 PM","Jun 7, 2026, 2:43 PM","","Farmers Walk",,"",2,"normal",40,,0.05,,
"Weights A - Squat Day","Jun 3, 2026, 7:06 PM","Jun 3, 2026, 8:02 PM","","Elliptical Trainer",,"",0,"normal",,,,300,
"Weights A - Squat Day","Jun 3, 2026, 7:06 PM","Jun 3, 2026, 8:02 PM","","Squat (Barbell)",,"",0,"normal",,10,,,
"Weights A - Squat Day","Jun 3, 2026, 7:06 PM","Jun 3, 2026, 8:02 PM","","Squat (Barbell)",,"",1,"normal",40,5,,,
"Weights A - Squat Day","Jun 3, 2026, 7:06 PM","Jun 3, 2026, 8:02 PM","","Squat (Barbell)",,"",2,"normal",40,3,,,
"Weights A - Squat Day","Jun 3, 2026, 7:06 PM","Jun 3, 2026, 8:02 PM","","Squat (Barbell)",,"",3,"normal",70,12,,,
"Weights A - Squat Day","Jun 3, 2026, 7:06 PM","Jun 3, 2026, 8:02 PM","","Squat (Barbell)",,"",4,"normal",70,12,,,
"Weights A - Squat Day","Jun 3, 2026, 7:06 PM","Jun 3, 2026, 8:02 PM","","Squat (Barbell)",,"",5,"normal",70,12,,,
"Weights A - Squat Day","Jun 3, 2026, 7:06 PM","Jun 3, 2026, 8:02 PM","","Lat Pulldown (Cable)",,"",0,"normal",80,12,,,
"Weights A - Squat Day","Jun 3, 2026, 7:06 PM","Jun 3, 2026, 8:02 PM","","Lat Pulldown (Cable)",,"",1,"normal",80,12,,,
"Weights A - Squat Day","Jun 3, 2026, 7:06 PM","Jun 3, 2026, 8:02 PM","","Lat Pulldown (Cable)",,"",2,"normal",80,12,,,
"Weights A - Squat Day","Jun 3, 2026, 7:06 PM","Jun 3, 2026, 8:02 PM","","Chest Press (Machine)",,"",0,"normal",100,12,,,
"Weights A - Squat Day","Jun 3, 2026, 7:06 PM","Jun 3, 2026, 8:02 PM","","Chest Press (Machine)",,"",1,"normal",100,12,,,
"Weights A - Squat Day","Jun 3, 2026, 7:06 PM","Jun 3, 2026, 8:02 PM","","Chest Press (Machine)",,"",2,"normal",100,9,,,
"Weights A - Squat Day","Jun 3, 2026, 7:06 PM","Jun 3, 2026, 8:02 PM","","Bicep Curl (Dumbbell)",,"",0,"normal",20,12,,,
"Weights A - Squat Day","Jun 3, 2026, 7:06 PM","Jun 3, 2026, 8:02 PM","","Bicep Curl (Dumbbell)",,"",1,"normal",20,12,,,
"Weights A - Squat Day","Jun 3, 2026, 7:06 PM","Jun 3, 2026, 8:02 PM","","Bicep Curl (Dumbbell)",,"",2,"normal",20,9,,,
"Weights A - Squat Day","Jun 3, 2026, 7:06 PM","Jun 3, 2026, 8:02 PM","","Cable Core Pallof Press",,"",0,"normal",,24,,,
"Weights A - Squat Day","Jun 3, 2026, 7:06 PM","Jun 3, 2026, 8:02 PM","","Cable Core Pallof Press",,"",1,"normal",,24,,,
"Weights A - Squat Day","Jun 3, 2026, 7:06 PM","Jun 3, 2026, 8:02 PM","","Cable Core Pallof Press",,"",2,"normal",,24,,,
"Weights 2 (Unison)","May 28, 2026, 7:18 PM","May 28, 2026, 8:13 PM","","Elliptical Trainer",,"",0,"normal",,,,600,
"Weights 2 (Unison)","May 28, 2026, 7:18 PM","May 28, 2026, 8:13 PM","","Leg Extension (Machine)",,"",0,"normal",180,12,,,
"Weights 2 (Unison)","May 28, 2026, 7:18 PM","May 28, 2026, 8:13 PM","","Leg Extension (Machine)",,"",1,"normal",180,12,,,
"Weights 2 (Unison)","May 28, 2026, 7:18 PM","May 28, 2026, 8:13 PM","","Leg Extension (Machine)",,"",2,"normal",180,12,,,
"Weights 2 (Unison)","May 28, 2026, 7:18 PM","May 28, 2026, 8:13 PM","","Seated Cable Row - Bar Grip",,"",0,"normal",110,12,,,
"Weights 2 (Unison)","May 28, 2026, 7:18 PM","May 28, 2026, 8:13 PM","","Seated Cable Row - Bar Grip",,"",1,"normal",110,10,,,
"Weights 2 (Unison)","May 28, 2026, 7:18 PM","May 28, 2026, 8:13 PM","","Seated Cable Row - Bar Grip",,"",2,"normal",110,7,,,
"Weights 2 (Unison)","May 28, 2026, 7:18 PM","May 28, 2026, 8:13 PM","","Chest Fly (Dumbbell)",,"",0,"normal",30,10,,,
"Weights 2 (Unison)","May 28, 2026, 7:18 PM","May 28, 2026, 8:13 PM","","Chest Fly (Dumbbell)",,"",1,"normal",30,7,,,
"Weights 2 (Unison)","May 28, 2026, 7:18 PM","May 28, 2026, 8:13 PM","","Seated Shoulder Press (Machine)",,"",0,"normal",60,12,,,
"Weights 2 (Unison)","May 28, 2026, 7:18 PM","May 28, 2026, 8:13 PM","","Seated Shoulder Press (Machine)",,"",1,"normal",50,12,,,
"Weights 2 (Unison)","May 28, 2026, 7:18 PM","May 28, 2026, 8:13 PM","","Single Arm Tricep Extension (Dumbbell)",,"",0,"normal",16,12,,,
"Weights 2 (Unison)","May 28, 2026, 7:18 PM","May 28, 2026, 8:13 PM","","Single Arm Tricep Extension (Dumbbell)",,"",1,"normal",16,12,,,
"Weights 2 (Unison)","May 28, 2026, 7:18 PM","May 28, 2026, 8:13 PM","","Single Arm Tricep Extension (Dumbbell)",,"",2,"normal",16,12,,,
"Weights 1 (Unison)","May 23, 2026, 10:47 AM","May 23, 2026, 11:14 AM","","Elliptical Trainer",,"",0,"normal",,,,600,
"Weights 1 (Unison)","May 23, 2026, 10:47 AM","May 23, 2026, 11:14 AM","","Squat (Barbell)",,"",0,"normal",70,12,,,
"Weights 1 (Unison)","May 23, 2026, 10:47 AM","May 23, 2026, 11:14 AM","","Squat (Barbell)",,"",1,"normal",70,12,,,
"Weights 1 (Unison)","May 23, 2026, 10:47 AM","May 23, 2026, 11:14 AM","","Squat (Barbell)",,"",2,"normal",70,12,,,
"Weights 1 (Unison)","May 23, 2026, 10:47 AM","May 23, 2026, 11:14 AM","","Lat Pulldown (Cable)",,"",0,"normal",100,12,,,
"Weights 1 (Unison)","May 23, 2026, 10:47 AM","May 23, 2026, 11:14 AM","","Lat Pulldown (Cable)",,"",1,"normal",100,9,,,
"Weights 1 (Unison)","May 23, 2026, 10:47 AM","May 23, 2026, 11:14 AM","","Lat Pulldown (Cable)",,"",2,"normal",100,12,,,
"Weights 1 (Unison)","May 23, 2026, 10:47 AM","May 23, 2026, 11:14 AM","","Lying Leg Curl (Machine)",,"",0,"normal",90,12,,,
"Weights 1 (Unison)","May 23, 2026, 10:47 AM","May 23, 2026, 11:14 AM","","Lying Leg Curl (Machine)",,"",1,"normal",90,7,,,
"Weights 1 (Unison)","May 23, 2026, 10:47 AM","May 23, 2026, 11:14 AM","","Chest Press (Machine)",,"",0,"normal",100,12,,,
"Weights 2 (Unison)","May 20, 2026, 7:24 PM","May 20, 2026, 8:17 PM","","Elliptical Trainer",,"",0,"normal",,,,600,
"Weights 2 (Unison)","May 20, 2026, 7:24 PM","May 20, 2026, 8:17 PM","","Leg Extension (Machine)",,"",0,"normal",170,12,,,
"Weights 2 (Unison)","May 20, 2026, 7:24 PM","May 20, 2026, 8:17 PM","","Leg Extension (Machine)",,"",1,"normal",170,12,,,
"Weights 2 (Unison)","May 20, 2026, 7:24 PM","May 20, 2026, 8:17 PM","","Leg Extension (Machine)",,"",2,"normal",170,12,,,
"Weights 2 (Unison)","May 20, 2026, 7:24 PM","May 20, 2026, 8:17 PM","","Seated Cable Row - Bar Grip",,"",0,"normal",110,12,,,
"Weights 2 (Unison)","May 20, 2026, 7:24 PM","May 20, 2026, 8:17 PM","","Seated Cable Row - Bar Grip",,"",1,"normal",110,9,,,
"Weights 2 (Unison)","May 20, 2026, 7:24 PM","May 20, 2026, 8:17 PM","","Seated Cable Row - Bar Grip",,"",2,"normal",110,8,,,
"Weights 2 (Unison)","May 20, 2026, 7:24 PM","May 20, 2026, 8:17 PM","","Chest Fly (Dumbbell)",,"",0,"normal",30,6,,,
"Weights 2 (Unison)","May 20, 2026, 7:24 PM","May 20, 2026, 8:17 PM","","Chest Fly (Dumbbell)",,"",1,"normal",30,7,,,
"Weights 2 (Unison)","May 20, 2026, 7:24 PM","May 20, 2026, 8:17 PM","","Chest Fly (Dumbbell)",,"",2,"normal",30,4,,,
"Weights 2 (Unison)","May 20, 2026, 7:24 PM","May 20, 2026, 8:17 PM","","Seated Shoulder Press (Machine)",,"",0,"normal",50,12,,,
"Weights 2 (Unison)","May 20, 2026, 7:24 PM","May 20, 2026, 8:17 PM","","Seated Shoulder Press (Machine)",,"",1,"normal",50,12,,,
"Weights 2 (Unison)","May 20, 2026, 7:24 PM","May 20, 2026, 8:17 PM","","Seated Shoulder Press (Machine)",,"",2,"normal",50,12,,,
"Weights 2 (Unison)","May 20, 2026, 7:24 PM","May 20, 2026, 8:17 PM","","Single Arm Tricep Extension (Dumbbell)",,"",0,"normal",16,12,,,
"Weights 2 (Unison)","May 20, 2026, 7:24 PM","May 20, 2026, 8:17 PM","","Single Arm Tricep Extension (Dumbbell)",,"",1,"normal",16,12,,,
"Weights 2 (Unison)","May 20, 2026, 7:24 PM","May 20, 2026, 8:17 PM","","Single Arm Tricep Extension (Dumbbell)",,"",2,"normal",16,8,,,
"Weights 1 (Unison)","May 17, 2026, 3:56 PM","May 17, 2026, 4:50 PM","","Elliptical Trainer",,"",0,"normal",,,,600,
"Weights 1 (Unison)","May 17, 2026, 3:56 PM","May 17, 2026, 4:50 PM","","Squat (Barbell)",,"",0,"normal",67.5,12,,,
"Weights 1 (Unison)","May 17, 2026, 3:56 PM","May 17, 2026, 4:50 PM","","Squat (Barbell)",,"",1,"normal",67.5,12,,,
"Weights 1 (Unison)","May 17, 2026, 3:56 PM","May 17, 2026, 4:50 PM","","Squat (Barbell)",,"",2,"normal",67.5,12,,,
"Weights 1 (Unison)","May 17, 2026, 3:56 PM","May 17, 2026, 4:50 PM","","Lat Pulldown (Cable)",,"",0,"normal",90,12,,,
"Weights 1 (Unison)","May 17, 2026, 3:56 PM","May 17, 2026, 4:50 PM","","Lat Pulldown (Cable)",,"",1,"normal",90,12,,,
"Weights 1 (Unison)","May 17, 2026, 3:56 PM","May 17, 2026, 4:50 PM","","Lat Pulldown (Cable)",,"",2,"normal",90,12,,,
"Weights 1 (Unison)","May 17, 2026, 3:56 PM","May 17, 2026, 4:50 PM","","Lying Leg Curl (Machine)",,"",0,"normal",90,12,,,
"Weights 1 (Unison)","May 17, 2026, 3:56 PM","May 17, 2026, 4:50 PM","","Lying Leg Curl (Machine)",,"",1,"normal",90,6,,,
"Weights 1 (Unison)","May 17, 2026, 3:56 PM","May 17, 2026, 4:50 PM","","Lying Leg Curl (Machine)",,"",2,"normal",90,7,,,
"Weights 1 (Unison)","May 17, 2026, 3:56 PM","May 17, 2026, 4:50 PM","","Chest Press (Machine)",,"",0,"normal",100,12,,,
"Weights 1 (Unison)","May 17, 2026, 3:56 PM","May 17, 2026, 4:50 PM","","Chest Press (Machine)",,"",1,"normal",100,12,,,
"Weights 1 (Unison)","May 17, 2026, 3:56 PM","May 17, 2026, 4:50 PM","","Chest Press (Machine)",,"",2,"normal",100,7,,,
"Weights 1 (Unison)","May 17, 2026, 3:56 PM","May 17, 2026, 4:50 PM","","Bicep Curl (Dumbbell)",,"",0,"normal",20,12,,,
"Weights 1 (Unison)","May 17, 2026, 3:56 PM","May 17, 2026, 4:50 PM","","Bicep Curl (Dumbbell)",,"",1,"normal",20,12,,,
"Weights 1 (Unison)","May 17, 2026, 3:56 PM","May 17, 2026, 4:50 PM","","Bicep Curl (Dumbbell)",,"",2,"normal",20,7,,,
"Weights 2 (Unison)","May 13, 2026, 5:49 PM","May 13, 2026, 6:35 PM","","Elliptical Trainer",,"",0,"normal",,,,600,
"Weights 2 (Unison)","May 13, 2026, 5:49 PM","May 13, 2026, 6:35 PM","","Leg Extension (Machine)",,"",0,"normal",160,12,,,
"Weights 2 (Unison)","May 13, 2026, 5:49 PM","May 13, 2026, 6:35 PM","","Leg Extension (Machine)",,"",1,"normal",160,12,,,
"Weights 2 (Unison)","May 13, 2026, 5:49 PM","May 13, 2026, 6:35 PM","","Leg Extension (Machine)",,"",2,"normal",160,12,,,
"Weights 2 (Unison)","May 13, 2026, 5:49 PM","May 13, 2026, 6:35 PM","","Seated Cable Row - Bar Grip",,"",0,"normal",100,12,,,
"Weights 2 (Unison)","May 13, 2026, 5:49 PM","May 13, 2026, 6:35 PM","","Seated Cable Row - Bar Grip",,"",1,"normal",100,12,,,
"Weights 2 (Unison)","May 13, 2026, 5:49 PM","May 13, 2026, 6:35 PM","","Seated Cable Row - Bar Grip",,"",2,"normal",100,12,,,
"Weights 2 (Unison)","May 13, 2026, 5:49 PM","May 13, 2026, 6:35 PM","","Chest Fly (Dumbbell)",,"",0,"normal",25,12,,,
"Weights 2 (Unison)","May 13, 2026, 5:49 PM","May 13, 2026, 6:35 PM","","Chest Fly (Dumbbell)",,"",1,"normal",25,12,,,
"Weights 2 (Unison)","May 13, 2026, 5:49 PM","May 13, 2026, 6:35 PM","","Chest Fly (Dumbbell)",,"",2,"normal",25,12,,,
"Weights 2 (Unison)","May 13, 2026, 5:49 PM","May 13, 2026, 6:35 PM","","Seated Shoulder Press (Machine)",,"",0,"normal",50,12,,,
"Weights 2 (Unison)","May 13, 2026, 5:49 PM","May 13, 2026, 6:35 PM","","Seated Shoulder Press (Machine)",,"",1,"normal",50,6,,,
"Weights 2 (Unison)","May 13, 2026, 5:49 PM","May 13, 2026, 6:35 PM","","Seated Shoulder Press (Machine)",,"",2,"normal",50,6,,,
"Weights 2 (Unison)","May 13, 2026, 5:49 PM","May 13, 2026, 6:35 PM","","Single Arm Tricep Extension (Dumbbell)",,"",0,"normal",14,12,,,
"Weights 2 (Unison)","May 13, 2026, 5:49 PM","May 13, 2026, 6:35 PM","","Single Arm Tricep Extension (Dumbbell)",,"",1,"normal",14,12,,,
"Weights 2 (Unison)","May 13, 2026, 5:49 PM","May 13, 2026, 6:35 PM","","Single Arm Tricep Extension (Dumbbell)",,"",2,"normal",14,12,,,
"Weights 1 (Unison)","May 10, 2026, 4:39 PM","May 10, 2026, 5:26 PM","","Elliptical Trainer",,"",0,"normal",,,,600,
"Weights 1 (Unison)","May 10, 2026, 4:39 PM","May 10, 2026, 5:26 PM","","Squat (Barbell)",,"",0,"normal",65,12,,,
"Weights 1 (Unison)","May 10, 2026, 4:39 PM","May 10, 2026, 5:26 PM","","Squat (Barbell)",,"",1,"normal",65,12,,,
"Weights 1 (Unison)","May 10, 2026, 4:39 PM","May 10, 2026, 5:26 PM","","Squat (Barbell)",,"",2,"normal",65,12,,,
"Weights 1 (Unison)","May 10, 2026, 4:39 PM","May 10, 2026, 5:26 PM","","Lat Pulldown (Cable)",,"",0,"normal",90,12,,,
"Weights 1 (Unison)","May 10, 2026, 4:39 PM","May 10, 2026, 5:26 PM","","Lat Pulldown (Cable)",,"",1,"normal",90,12,,,
"Weights 1 (Unison)","May 10, 2026, 4:39 PM","May 10, 2026, 5:26 PM","","Lat Pulldown (Cable)",,"",2,"normal",90,8,,,
"Weights 1 (Unison)","May 10, 2026, 4:39 PM","May 10, 2026, 5:26 PM","","Lying Leg Curl (Machine)",,"",0,"normal",90,12,,,
"Weights 1 (Unison)","May 10, 2026, 4:39 PM","May 10, 2026, 5:26 PM","","Lying Leg Curl (Machine)",,"",1,"normal",90,12,,,
"Weights 1 (Unison)","May 10, 2026, 4:39 PM","May 10, 2026, 5:26 PM","","Lying Leg Curl (Machine)",,"",2,"normal",90,7,,,
"Weights 1 (Unison)","May 10, 2026, 4:39 PM","May 10, 2026, 5:26 PM","","Chest Press (Machine)",,"",0,"normal",100,12,,,
"Weights 1 (Unison)","May 10, 2026, 4:39 PM","May 10, 2026, 5:26 PM","","Chest Press (Machine)",,"",1,"normal",100,8,,,
"Weights 1 (Unison)","May 10, 2026, 4:39 PM","May 10, 2026, 5:26 PM","","Chest Press (Machine)",,"",2,"normal",100,5,,,
"Weights 1 (Unison)","May 10, 2026, 4:39 PM","May 10, 2026, 5:26 PM","","Bicep Curl (Dumbbell)",,"",0,"normal",20,12,,,
"Weights 1 (Unison)","May 10, 2026, 4:39 PM","May 10, 2026, 5:26 PM","","Bicep Curl (Dumbbell)",,"",1,"normal",20,12,,,
"Weights 1 (Unison)","May 10, 2026, 4:39 PM","May 10, 2026, 5:26 PM","","Bicep Curl (Dumbbell)",,"",2,"normal",20,7,,,
"Weights 2 (Unison)","Apr 27, 2026, 2:08 PM","Apr 27, 2026, 2:53 PM","","Elliptical Trainer",,"",0,"normal",,,,600,
"Weights 2 (Unison)","Apr 27, 2026, 2:08 PM","Apr 27, 2026, 2:53 PM","","Leg Extension (Machine)",,"",0,"normal",150,12,,,
"Weights 2 (Unison)","Apr 27, 2026, 2:08 PM","Apr 27, 2026, 2:53 PM","","Leg Extension (Machine)",,"",1,"normal",150,12,,,
"Weights 2 (Unison)","Apr 27, 2026, 2:08 PM","Apr 27, 2026, 2:53 PM","","Leg Extension (Machine)",,"",2,"normal",150,12,,,
"Weights 2 (Unison)","Apr 27, 2026, 2:08 PM","Apr 27, 2026, 2:53 PM","","Seated Cable Row - Bar Grip",,"",0,"normal",90,12,,,
"Weights 2 (Unison)","Apr 27, 2026, 2:08 PM","Apr 27, 2026, 2:53 PM","","Seated Cable Row - Bar Grip",,"",1,"normal",90,12,,,
"Weights 2 (Unison)","Apr 27, 2026, 2:08 PM","Apr 27, 2026, 2:53 PM","","Seated Cable Row - Bar Grip",,"",2,"normal",90,12,,,
"Weights 2 (Unison)","Apr 27, 2026, 2:08 PM","Apr 27, 2026, 2:53 PM","","Chest Fly (Dumbbell)",,"",0,"normal",25,12,,,
"Weights 2 (Unison)","Apr 27, 2026, 2:08 PM","Apr 27, 2026, 2:53 PM","","Chest Fly (Dumbbell)",,"",1,"normal",25,12,,,
"Weights 2 (Unison)","Apr 27, 2026, 2:08 PM","Apr 27, 2026, 2:53 PM","","Chest Fly (Dumbbell)",,"",2,"normal",25,7,,,
"Weights 2 (Unison)","Apr 27, 2026, 2:08 PM","Apr 27, 2026, 2:53 PM","","Seated Shoulder Press (Machine)",,"",0,"normal",50,12,,,
"Weights 2 (Unison)","Apr 27, 2026, 2:08 PM","Apr 27, 2026, 2:53 PM","","Seated Shoulder Press (Machine)",,"",1,"normal",50,7,,,
"Weights 2 (Unison)","Apr 27, 2026, 2:08 PM","Apr 27, 2026, 2:53 PM","","Seated Shoulder Press (Machine)",,"",2,"normal",50,7,,,
"Weights 2 (Unison)","Apr 27, 2026, 2:08 PM","Apr 27, 2026, 2:53 PM","","Single Arm Tricep Extension (Dumbbell)",,"",0,"normal",14,12,,,
"Weights 2 (Unison)","Apr 27, 2026, 2:08 PM","Apr 27, 2026, 2:53 PM","","Single Arm Tricep Extension (Dumbbell)",,"",1,"normal",14,12,,,
"Weights 2 (Unison)","Apr 27, 2026, 2:08 PM","Apr 27, 2026, 2:53 PM","","Single Arm Tricep Extension (Dumbbell)",,"",2,"normal",14,7,,,
"Weights 1 (Unison)","Apr 18, 2026, 6:17 PM","Apr 18, 2026, 7:10 PM","","Elliptical Trainer",,"",0,"normal",,,,600,
"Weights 1 (Unison)","Apr 18, 2026, 6:17 PM","Apr 18, 2026, 7:10 PM","","Squat (Barbell)",,"",0,"normal",65,12,,,
"Weights 1 (Unison)","Apr 18, 2026, 6:17 PM","Apr 18, 2026, 7:10 PM","","Squat (Barbell)",,"",1,"normal",65,12,,,
"Weights 1 (Unison)","Apr 18, 2026, 6:17 PM","Apr 18, 2026, 7:10 PM","","Squat (Barbell)",,"",2,"normal",65,12,,,
"Weights 1 (Unison)","Apr 18, 2026, 6:17 PM","Apr 18, 2026, 7:10 PM","","Lat Pulldown (Cable)",,"",0,"normal",90,12,,,
"Weights 1 (Unison)","Apr 18, 2026, 6:17 PM","Apr 18, 2026, 7:10 PM","","Lat Pulldown (Cable)",,"",1,"normal",90,12,,,
"Weights 1 (Unison)","Apr 18, 2026, 6:17 PM","Apr 18, 2026, 7:10 PM","","Lat Pulldown (Cable)",,"",2,"normal",90,12,,,
"Weights 1 (Unison)","Apr 18, 2026, 6:17 PM","Apr 18, 2026, 7:10 PM","","Lying Leg Curl (Machine)",,"",0,"normal",80,12,,,
"Weights 1 (Unison)","Apr 18, 2026, 6:17 PM","Apr 18, 2026, 7:10 PM","","Lying Leg Curl (Machine)",,"",1,"normal",80,12,,,
"Weights 1 (Unison)","Apr 18, 2026, 6:17 PM","Apr 18, 2026, 7:10 PM","","Lying Leg Curl (Machine)",,"",2,"normal",80,12,,,
"Weights 1 (Unison)","Apr 18, 2026, 6:17 PM","Apr 18, 2026, 7:10 PM","","Chest Press (Machine)",,"",0,"normal",90,12,,,
"Weights 1 (Unison)","Apr 18, 2026, 6:17 PM","Apr 18, 2026, 7:10 PM","","Chest Press (Machine)",,"",1,"normal",90,12,,,
"Weights 1 (Unison)","Apr 18, 2026, 6:17 PM","Apr 18, 2026, 7:10 PM","","Chest Press (Machine)",,"",2,"normal",90,12,,,
"Weights 1 (Unison)","Apr 18, 2026, 6:17 PM","Apr 18, 2026, 7:10 PM","","Bicep Curl (Dumbbell)",,"",0,"normal",20,12,,,
"Weights 1 (Unison)","Apr 18, 2026, 6:17 PM","Apr 18, 2026, 7:10 PM","","Bicep Curl (Dumbbell)",,"",1,"normal",20,12,,,
"Weights 1 (Unison)","Apr 18, 2026, 6:17 PM","Apr 18, 2026, 7:10 PM","","Bicep Curl (Dumbbell)",,"",2,"normal",20,4,,,
"Weights 2 (Unison)","Apr 15, 2026, 8:12 PM","Apr 15, 2026, 8:56 PM","","Elliptical Trainer",,"",0,"normal",,,,600,
"Weights 2 (Unison)","Apr 15, 2026, 8:12 PM","Apr 15, 2026, 8:56 PM","","Leg Extension (Machine)",,"",0,"normal",140,12,,,
"Weights 2 (Unison)","Apr 15, 2026, 8:12 PM","Apr 15, 2026, 8:56 PM","","Leg Extension (Machine)",,"",1,"normal",140,12,,,
"Weights 2 (Unison)","Apr 15, 2026, 8:12 PM","Apr 15, 2026, 8:56 PM","","Leg Extension (Machine)",,"",2,"normal",140,12,,,
"Weights 2 (Unison)","Apr 15, 2026, 8:12 PM","Apr 15, 2026, 8:56 PM","","Seated Cable Row - Bar Grip",,"",0,"normal",80,12,,,
"Weights 2 (Unison)","Apr 15, 2026, 8:12 PM","Apr 15, 2026, 8:56 PM","","Seated Cable Row - Bar Grip",,"",1,"normal",80,12,,,
"Weights 2 (Unison)","Apr 15, 2026, 8:12 PM","Apr 15, 2026, 8:56 PM","","Seated Cable Row - Bar Grip",,"",2,"normal",80,12,,,
"Weights 2 (Unison)","Apr 15, 2026, 8:12 PM","Apr 15, 2026, 8:56 PM","","Chest Fly (Dumbbell)",,"",0,"normal",25,12,,,
"Weights 2 (Unison)","Apr 15, 2026, 8:12 PM","Apr 15, 2026, 8:56 PM","","Chest Fly (Dumbbell)",,"",1,"normal",25,12,,,
"Weights 2 (Unison)","Apr 15, 2026, 8:12 PM","Apr 15, 2026, 8:56 PM","","Chest Fly (Dumbbell)",,"",2,"normal",25,8,,,
"Weights 2 (Unison)","Apr 15, 2026, 8:12 PM","Apr 15, 2026, 8:56 PM","","Seated Shoulder Press (Machine)",,"",0,"normal",50,12,,,
"Weights 2 (Unison)","Apr 15, 2026, 8:12 PM","Apr 15, 2026, 8:56 PM","","Seated Shoulder Press (Machine)",,"",1,"normal",50,7,,,
"Weights 2 (Unison)","Apr 15, 2026, 8:12 PM","Apr 15, 2026, 8:56 PM","","Seated Shoulder Press (Machine)",,"",2,"normal",50,5,,,
"Weights 2 (Unison)","Apr 15, 2026, 8:12 PM","Apr 15, 2026, 8:56 PM","","Single Arm Tricep Extension (Dumbbell)",,"",0,"normal",14,12,,,
"Weights 2 (Unison)","Apr 15, 2026, 8:12 PM","Apr 15, 2026, 8:56 PM","","Single Arm Tricep Extension (Dumbbell)",,"",1,"normal",14,12,,,
"Weights 2 (Unison)","Apr 15, 2026, 8:12 PM","Apr 15, 2026, 8:56 PM","","Single Arm Tricep Extension (Dumbbell)",,"",2,"normal",14,12,,,
"Weights 1 (Unison)","Apr 6, 2026, 5:05 PM","Apr 6, 2026, 5:48 PM","","Elliptical Trainer",,"",0,"normal",,,,600,
"Weights 1 (Unison)","Apr 6, 2026, 5:05 PM","Apr 6, 2026, 5:48 PM","","Squat (Barbell)",,"",0,"normal",60,12,,,
"Weights 1 (Unison)","Apr 6, 2026, 5:05 PM","Apr 6, 2026, 5:48 PM","","Squat (Barbell)",,"",1,"normal",60,12,,,
"Weights 1 (Unison)","Apr 6, 2026, 5:05 PM","Apr 6, 2026, 5:48 PM","","Squat (Barbell)",,"",2,"normal",60,12,,,
"Weights 1 (Unison)","Apr 6, 2026, 5:05 PM","Apr 6, 2026, 5:48 PM","","Lat Pulldown (Cable)",,"",0,"normal",80,12,,,
"Weights 1 (Unison)","Apr 6, 2026, 5:05 PM","Apr 6, 2026, 5:48 PM","","Lat Pulldown (Cable)",,"",1,"normal",80,12,,,
"Weights 1 (Unison)","Apr 6, 2026, 5:05 PM","Apr 6, 2026, 5:48 PM","","Lat Pulldown (Cable)",,"",2,"normal",80,12,,,
"Weights 1 (Unison)","Apr 6, 2026, 5:05 PM","Apr 6, 2026, 5:48 PM","","Lying Leg Curl (Machine)",,"",0,"normal",70,12,,,
"Weights 1 (Unison)","Apr 6, 2026, 5:05 PM","Apr 6, 2026, 5:48 PM","","Lying Leg Curl (Machine)",,"",1,"normal",70,12,,,
"Weights 1 (Unison)","Apr 6, 2026, 5:05 PM","Apr 6, 2026, 5:48 PM","","Lying Leg Curl (Machine)",,"",2,"normal",70,12,,,
"Weights 1 (Unison)","Apr 6, 2026, 5:05 PM","Apr 6, 2026, 5:48 PM","","Chest Press (Machine)",,"",0,"normal",80,12,,,
"Weights 1 (Unison)","Apr 6, 2026, 5:05 PM","Apr 6, 2026, 5:48 PM","","Chest Press (Machine)",,"",1,"normal",80,12,,,
"Weights 1 (Unison)","Apr 6, 2026, 5:05 PM","Apr 6, 2026, 5:48 PM","","Chest Press (Machine)",,"",2,"normal",80,12,,,
"Weights 1 (Unison)","Apr 6, 2026, 5:05 PM","Apr 6, 2026, 5:48 PM","","Bicep Curl (Dumbbell)",,"",0,"normal",20,12,,,
"Weights 1 (Unison)","Apr 6, 2026, 5:05 PM","Apr 6, 2026, 5:48 PM","","Bicep Curl (Dumbbell)",,"",1,"normal",20,12,,,
"Weights 1 (Unison)","Apr 6, 2026, 5:05 PM","Apr 6, 2026, 5:48 PM","","Bicep Curl (Dumbbell)",,"",2,"normal",20,12,,,
"Weights 1 (Unison)","Feb 26, 2026, 6:36 AM","Feb 26, 2026, 7:15 AM","","Elliptical Trainer",,"",0,"normal",,,,600,
"Weights 1 (Unison)","Feb 26, 2026, 6:36 AM","Feb 26, 2026, 7:15 AM","","Bulgarian Split Squat (Dumbbell)",,"",0,"normal",12,12,,,
"Weights 1 (Unison)","Feb 26, 2026, 6:36 AM","Feb 26, 2026, 7:15 AM","","Bulgarian Split Squat (Dumbbell)",,"",1,"normal",12,12,,,
"Weights 1 (Unison)","Feb 26, 2026, 6:36 AM","Feb 26, 2026, 7:15 AM","","Bulgarian Split Squat (Dumbbell)",,"",2,"normal",12,12,,,
"Weights 1 (Unison)","Feb 26, 2026, 6:36 AM","Feb 26, 2026, 7:15 AM","","Lat Pulldown (Cable)",,"",0,"normal",110,12,,,
"Weights 1 (Unison)","Feb 26, 2026, 6:36 AM","Feb 26, 2026, 7:15 AM","","Lying Leg Curl (Machine)",,"",0,"normal",90,12,,,
"Weights 1 (Unison)","Feb 26, 2026, 6:36 AM","Feb 26, 2026, 7:15 AM","","Lying Leg Curl (Machine)",,"",1,"normal",90,8,,,
"Weights 1 (Unison)","Feb 26, 2026, 6:36 AM","Feb 26, 2026, 7:15 AM","","Chest Press (Machine)",,"",0,"normal",100,12,,,
"Weights 1 (Unison)","Feb 26, 2026, 6:36 AM","Feb 26, 2026, 7:15 AM","","Chest Press (Machine)",,"",1,"normal",100,12,,,
"Weights 2 (Unison)","Feb 21, 2026, 5:58 PM","Feb 21, 2026, 6:50 PM","","Elliptical Trainer",,"",0,"normal",,,,600,
"Weights 2 (Unison)","Feb 21, 2026, 5:58 PM","Feb 21, 2026, 6:50 PM","","Leg Extension (Machine)",,"",0,"normal",170,12,,,
"Weights 2 (Unison)","Feb 21, 2026, 5:58 PM","Feb 21, 2026, 6:50 PM","","Leg Extension (Machine)",,"",1,"normal",170,12,,,
"Weights 2 (Unison)","Feb 21, 2026, 5:58 PM","Feb 21, 2026, 6:50 PM","","Leg Extension (Machine)",,"",2,"normal",170,12,,,
"Weights 2 (Unison)","Feb 21, 2026, 5:58 PM","Feb 21, 2026, 6:50 PM","","Seated Cable Row - Bar Grip",,"",0,"normal",110,12,,,
"Weights 2 (Unison)","Feb 21, 2026, 5:58 PM","Feb 21, 2026, 6:50 PM","","Seated Cable Row - Bar Grip",,"",1,"normal",110,12,,,
"Weights 2 (Unison)","Feb 21, 2026, 5:58 PM","Feb 21, 2026, 6:50 PM","","Seated Cable Row - Bar Grip",,"",2,"normal",110,12,,,
"Weights 2 (Unison)","Feb 21, 2026, 5:58 PM","Feb 21, 2026, 6:50 PM","","Chest Fly (Dumbbell)",,"",0,"normal",30,12,,,
"Weights 2 (Unison)","Feb 21, 2026, 5:58 PM","Feb 21, 2026, 6:50 PM","","Chest Fly (Dumbbell)",,"",1,"normal",30,7,,,
"Weights 2 (Unison)","Feb 21, 2026, 5:58 PM","Feb 21, 2026, 6:50 PM","","Chest Fly (Dumbbell)",,"",2,"normal",30,4,,,
"Weights 2 (Unison)","Feb 21, 2026, 5:58 PM","Feb 21, 2026, 6:50 PM","","Seated Shoulder Press (Machine)",,"",0,"normal",60,9,,,
"Weights 2 (Unison)","Feb 21, 2026, 5:58 PM","Feb 21, 2026, 6:50 PM","","Seated Shoulder Press (Machine)",,"",1,"normal",60,5,,,
"Weights 2 (Unison)","Feb 21, 2026, 5:58 PM","Feb 21, 2026, 6:50 PM","","Seated Shoulder Press (Machine)",,"",2,"normal",60,6,,,
"Weights 2 (Unison)","Feb 21, 2026, 5:58 PM","Feb 21, 2026, 6:50 PM","","Single Arm Tricep Extension (Dumbbell)",,"",0,"normal",16,12,,,
"Weights 2 (Unison)","Feb 21, 2026, 5:58 PM","Feb 21, 2026, 6:50 PM","","Single Arm Tricep Extension (Dumbbell)",,"",1,"normal",16,12,,,
"Weights 2 (Unison)","Feb 21, 2026, 5:58 PM","Feb 21, 2026, 6:50 PM","","Single Arm Tricep Extension (Dumbbell)",,"",2,"normal",16,12,,,
"Weights 1 (Unison)","Feb 15, 2026, 4:10 PM","Feb 15, 2026, 5:00 PM","","Elliptical Trainer",,"",0,"normal",,,,600,
"Weights 1 (Unison)","Feb 15, 2026, 4:10 PM","Feb 15, 2026, 5:00 PM","","Squat (Barbell)",,"",0,"normal",75,12,,,
"Weights 1 (Unison)","Feb 15, 2026, 4:10 PM","Feb 15, 2026, 5:00 PM","","Squat (Barbell)",,"",1,"normal",75,12,,,
"Weights 1 (Unison)","Feb 15, 2026, 4:10 PM","Feb 15, 2026, 5:00 PM","","Squat (Barbell)",,"",2,"normal",75,12,,,
"Weights 1 (Unison)","Feb 15, 2026, 4:10 PM","Feb 15, 2026, 5:00 PM","","Lat Pulldown (Cable)",,"",0,"normal",110,12,,,
"Weights 1 (Unison)","Feb 15, 2026, 4:10 PM","Feb 15, 2026, 5:00 PM","","Lat Pulldown (Cable)",,"",1,"normal",110,7,,,
"Weights 1 (Unison)","Feb 15, 2026, 4:10 PM","Feb 15, 2026, 5:00 PM","","Lat Pulldown (Cable)",,"",2,"normal",110,4,,,
"Weights 1 (Unison)","Feb 15, 2026, 4:10 PM","Feb 15, 2026, 5:00 PM","","Lying Leg Curl (Machine)",,"",0,"normal",90,12,,,
"Weights 1 (Unison)","Feb 15, 2026, 4:10 PM","Feb 15, 2026, 5:00 PM","","Lying Leg Curl (Machine)",,"",1,"normal",90,12,,,
"Weights 1 (Unison)","Feb 15, 2026, 4:10 PM","Feb 15, 2026, 5:00 PM","","Lying Leg Curl (Machine)",,"",2,"normal",90,6,,,
"Weights 1 (Unison)","Feb 15, 2026, 4:10 PM","Feb 15, 2026, 5:00 PM","","Chest Press (Machine)",,"",0,"normal",100,12,,,
"Weights 1 (Unison)","Feb 15, 2026, 4:10 PM","Feb 15, 2026, 5:00 PM","","Chest Press (Machine)",,"",1,"normal",100,12,,,
"Weights 1 (Unison)","Feb 15, 2026, 4:10 PM","Feb 15, 2026, 5:00 PM","","Chest Press (Machine)",,"",2,"normal",100,7,,,
"Weights 1 (Unison)","Feb 15, 2026, 4:10 PM","Feb 15, 2026, 5:00 PM","","Bicep Curl (Dumbbell)",,"",0,"normal",25,12,,,
"Weights 1 (Unison)","Feb 15, 2026, 4:10 PM","Feb 15, 2026, 5:00 PM","","Bicep Curl (Dumbbell)",,"",1,"normal",25,7,,,
"Weights 1 (Unison)","Feb 15, 2026, 4:10 PM","Feb 15, 2026, 5:00 PM","","Bicep Curl (Dumbbell)",,"",2,"normal",25,4,,,
"Weights 2 (Unison)","Feb 14, 2026, 10:46 AM","Feb 14, 2026, 11:26 AM","","Elliptical Trainer",,"",0,"normal",,,,600,
"Weights 2 (Unison)","Feb 14, 2026, 10:46 AM","Feb 14, 2026, 11:26 AM","","Leg Extension (Machine)",,"",0,"normal",160,12,,,
"Weights 2 (Unison)","Feb 14, 2026, 10:46 AM","Feb 14, 2026, 11:26 AM","","Leg Extension (Machine)",,"",1,"normal",160,12,,,
"Weights 2 (Unison)","Feb 14, 2026, 10:46 AM","Feb 14, 2026, 11:26 AM","","Leg Extension (Machine)",,"",2,"normal",170,12,,,
"Weights 2 (Unison)","Feb 14, 2026, 10:46 AM","Feb 14, 2026, 11:26 AM","","Seated Cable Row - Bar Grip",,"",0,"normal",110,12,,,
"Weights 2 (Unison)","Feb 14, 2026, 10:46 AM","Feb 14, 2026, 11:26 AM","","Seated Cable Row - Bar Grip",,"",1,"normal",110,12,,,
"Weights 2 (Unison)","Feb 14, 2026, 10:46 AM","Feb 14, 2026, 11:26 AM","","Seated Cable Row - Bar Grip",,"",2,"normal",110,9,,,
"Weights 2 (Unison)","Feb 14, 2026, 10:46 AM","Feb 14, 2026, 11:26 AM","","Chest Fly (Dumbbell)",,"",0,"normal",30,8,,,
"Weights 2 (Unison)","Feb 14, 2026, 10:46 AM","Feb 14, 2026, 11:26 AM","","Chest Fly (Dumbbell)",,"",1,"normal",30,8,,,
"Weights 2 (Unison)","Feb 14, 2026, 10:46 AM","Feb 14, 2026, 11:26 AM","","Seated Shoulder Press (Machine)",,"",0,"normal",60,12,,,
"Weights 2 (Unison)","Feb 14, 2026, 10:46 AM","Feb 14, 2026, 11:26 AM","","Seated Shoulder Press (Machine)",,"",1,"normal",60,4,,,
"Weights 2 (Unison)","Feb 14, 2026, 10:46 AM","Feb 14, 2026, 11:26 AM","","Single Arm Tricep Extension (Dumbbell)",,"",0,"normal",14,12,,,
"Weights 2 (Unison)","Feb 14, 2026, 10:46 AM","Feb 14, 2026, 11:26 AM","","Single Arm Tricep Extension (Dumbbell)",,"",1,"normal",16,12,,,
"Weights 1 (Unison)","Feb 12, 2026, 12:28 PM","Feb 12, 2026, 1:11 PM","","Elliptical Trainer",,"",0,"normal",,,,600,
"Weights 1 (Unison)","Feb 12, 2026, 12:28 PM","Feb 12, 2026, 1:11 PM","","Squat (Barbell)",,"",0,"normal",72.5,12,,,
"Weights 1 (Unison)","Feb 12, 2026, 12:28 PM","Feb 12, 2026, 1:11 PM","","Squat (Barbell)",,"",1,"normal",72.5,12,,,
"Weights 1 (Unison)","Feb 12, 2026, 12:28 PM","Feb 12, 2026, 1:11 PM","","Squat (Barbell)",,"",2,"normal",72.5,12,,,
"Weights 1 (Unison)","Feb 12, 2026, 12:28 PM","Feb 12, 2026, 1:11 PM","","Lat Pulldown (Cable)",,"",0,"normal",110,10,,,
"Weights 1 (Unison)","Feb 12, 2026, 12:28 PM","Feb 12, 2026, 1:11 PM","","Lat Pulldown (Cable)",,"",1,"normal",110,7,,,
"Weights 1 (Unison)","Feb 12, 2026, 12:28 PM","Feb 12, 2026, 1:11 PM","","Lat Pulldown (Cable)",,"",2,"normal",110,6,,,
"Weights 1 (Unison)","Feb 12, 2026, 12:28 PM","Feb 12, 2026, 1:11 PM","","Lying Leg Curl (Machine)",,"",0,"normal",90,12,,,
"Weights 1 (Unison)","Feb 12, 2026, 12:28 PM","Feb 12, 2026, 1:11 PM","","Lying Leg Curl (Machine)",,"",1,"normal",90,9,,,
"Weights 1 (Unison)","Feb 12, 2026, 12:28 PM","Feb 12, 2026, 1:11 PM","","Lying Leg Curl (Machine)",,"",2,"normal",90,6,,,
"Weights 1 (Unison)","Feb 12, 2026, 12:28 PM","Feb 12, 2026, 1:11 PM","","Chest Press (Machine)",,"",0,"normal",100,12,,,
"Weights 1 (Unison)","Feb 12, 2026, 12:28 PM","Feb 12, 2026, 1:11 PM","","Chest Press (Machine)",,"",1,"normal",100,10,,,
"Weights 1 (Unison)","Feb 12, 2026, 12:28 PM","Feb 12, 2026, 1:11 PM","","Chest Press (Machine)",,"",2,"normal",100,6,,,
"Weights 1 (Unison)","Feb 12, 2026, 12:28 PM","Feb 12, 2026, 1:11 PM","","Bicep Curl (Dumbbell)",,"",0,"normal",25,6,,,
"Weights 1 (Unison)","Feb 12, 2026, 12:28 PM","Feb 12, 2026, 1:11 PM","","Bicep Curl (Dumbbell)",,"",1,"normal",25,4,,,
"Weights 1 (Unison)","Feb 12, 2026, 12:28 PM","Feb 12, 2026, 1:11 PM","","Bicep Curl (Dumbbell)",,"",2,"normal",25,4,,,
"Weights 2 (Unison)","Feb 1, 2026, 6:53 PM","Feb 1, 2026, 7:54 PM","","Elliptical Trainer",,"",0,"normal",,,,600,
"Weights 2 (Unison)","Feb 1, 2026, 6:53 PM","Feb 1, 2026, 7:54 PM","","Bulgarian Split Squat (Dumbbell)",,"",0,"normal",12,12,,,
"Weights 2 (Unison)","Feb 1, 2026, 6:53 PM","Feb 1, 2026, 7:54 PM","","Bulgarian Split Squat (Dumbbell)",,"",1,"normal",12,12,,,
"Weights 2 (Unison)","Feb 1, 2026, 6:53 PM","Feb 1, 2026, 7:54 PM","","Bulgarian Split Squat (Dumbbell)",,"",2,"normal",12,12,,,
"Weights 2 (Unison)","Feb 1, 2026, 6:53 PM","Feb 1, 2026, 7:54 PM","","Bulgarian Split Squat (Dumbbell)",,"",3,"normal",12,12,,,
"Weights 2 (Unison)","Feb 1, 2026, 6:53 PM","Feb 1, 2026, 7:54 PM","","Bulgarian Split Squat (Dumbbell)",,"",4,"normal",12,12,,,
"Weights 2 (Unison)","Feb 1, 2026, 6:53 PM","Feb 1, 2026, 7:54 PM","","Bulgarian Split Squat (Dumbbell)",,"",5,"normal",12,12,,,
"Weights 2 (Unison)","Feb 1, 2026, 6:53 PM","Feb 1, 2026, 7:54 PM","","Seated Cable Row - Bar Grip",,"",0,"normal",110,12,,,
"Weights 2 (Unison)","Feb 1, 2026, 6:53 PM","Feb 1, 2026, 7:54 PM","","Seated Cable Row - Bar Grip",,"",1,"normal",110,12,,,
"Weights 2 (Unison)","Feb 1, 2026, 6:53 PM","Feb 1, 2026, 7:54 PM","","Seated Cable Row - Bar Grip",,"",2,"normal",110,9,,,
"Weights 2 (Unison)","Feb 1, 2026, 6:53 PM","Feb 1, 2026, 7:54 PM","","Chest Fly (Dumbbell)",,"",0,"normal",25,12,,,
"Weights 2 (Unison)","Feb 1, 2026, 6:53 PM","Feb 1, 2026, 7:54 PM","","Chest Fly (Dumbbell)",,"",1,"normal",25,10,,,
"Weights 2 (Unison)","Feb 1, 2026, 6:53 PM","Feb 1, 2026, 7:54 PM","","Chest Fly (Dumbbell)",,"",2,"normal",25,7,,,
"Weights 2 (Unison)","Feb 1, 2026, 6:53 PM","Feb 1, 2026, 7:54 PM","","Seated Shoulder Press (Machine)",,"",0,"normal",60,9,,,
"Weights 2 (Unison)","Feb 1, 2026, 6:53 PM","Feb 1, 2026, 7:54 PM","","Seated Shoulder Press (Machine)",,"",1,"normal",60,6,,,
"Weights 2 (Unison)","Feb 1, 2026, 6:53 PM","Feb 1, 2026, 7:54 PM","","Seated Shoulder Press (Machine)",,"",2,"normal",60,3,,,
"Weights 2 (Unison)","Feb 1, 2026, 6:53 PM","Feb 1, 2026, 7:54 PM","","Single Arm Tricep Extension (Dumbbell)",,"",0,"normal",14,12,,,
"Weights 2 (Unison)","Feb 1, 2026, 6:53 PM","Feb 1, 2026, 7:54 PM","","Single Arm Tricep Extension (Dumbbell)",,"",1,"normal",14,12,,,
"Weights 2 (Unison)","Feb 1, 2026, 6:53 PM","Feb 1, 2026, 7:54 PM","","Single Arm Tricep Extension (Dumbbell)",,"",2,"normal",14,12,,,
"Weights 1 (Unison)","Jan 30, 2026, 6:50 AM","Jan 30, 2026, 7:43 AM","","Elliptical Trainer",,"",0,"normal",,,,600,
"Weights 1 (Unison)","Jan 30, 2026, 6:50 AM","Jan 30, 2026, 7:43 AM","","Squat (Barbell)",,"",0,"normal",70,12,,,
"Weights 1 (Unison)","Jan 30, 2026, 6:50 AM","Jan 30, 2026, 7:43 AM","","Squat (Barbell)",,"",1,"normal",70,12,,,
"Weights 1 (Unison)","Jan 30, 2026, 6:50 AM","Jan 30, 2026, 7:43 AM","","Squat (Barbell)",,"",2,"normal",70,12,,,
"Weights 1 (Unison)","Jan 30, 2026, 6:50 AM","Jan 30, 2026, 7:43 AM","","Lat Pulldown (Cable)",,"",0,"normal",100,12,,,
"Weights 1 (Unison)","Jan 30, 2026, 6:50 AM","Jan 30, 2026, 7:43 AM","","Lat Pulldown (Cable)",,"",1,"normal",100,12,,,
"Weights 1 (Unison)","Jan 30, 2026, 6:50 AM","Jan 30, 2026, 7:43 AM","","Lat Pulldown (Cable)",,"",2,"normal",100,12,,,
"Weights 1 (Unison)","Jan 30, 2026, 6:50 AM","Jan 30, 2026, 7:43 AM","","Single Leg Romanian Deadlift (Dumbbell)",,"",0,"normal",10,12,,,
"Weights 1 (Unison)","Jan 30, 2026, 6:50 AM","Jan 30, 2026, 7:43 AM","","Single Leg Romanian Deadlift (Dumbbell)",,"",1,"normal",10,12,,,
"Weights 1 (Unison)","Jan 30, 2026, 6:50 AM","Jan 30, 2026, 7:43 AM","","Single Leg Romanian Deadlift (Dumbbell)",,"",2,"normal",12.5,12,,,
"Weights 1 (Unison)","Jan 30, 2026, 6:50 AM","Jan 30, 2026, 7:43 AM","","Single Leg Romanian Deadlift (Dumbbell)",,"",3,"normal",12.5,12,,,
"Weights 1 (Unison)","Jan 30, 2026, 6:50 AM","Jan 30, 2026, 7:43 AM","","Single Leg Romanian Deadlift (Dumbbell)",,"",4,"normal",12.5,12,,,
"Weights 1 (Unison)","Jan 30, 2026, 6:50 AM","Jan 30, 2026, 7:43 AM","","Single Leg Romanian Deadlift (Dumbbell)",,"",5,"normal",12.5,12,,,
"Weights 1 (Unison)","Jan 30, 2026, 6:50 AM","Jan 30, 2026, 7:43 AM","","Chest Press (Machine)",,"",0,"normal",100,12,,,
"Weights 1 (Unison)","Jan 30, 2026, 6:50 AM","Jan 30, 2026, 7:43 AM","","Chest Press (Machine)",,"",1,"normal",100,12,,,
"Weights 1 (Unison)","Jan 30, 2026, 6:50 AM","Jan 30, 2026, 7:43 AM","","Chest Press (Machine)",,"",2,"normal",100,6,,,
"Weights 1 (Unison)","Jan 30, 2026, 6:50 AM","Jan 30, 2026, 7:43 AM","","Bicep Curl (Dumbbell)",,"",0,"normal",25,10,,,
"Weights 1 (Unison)","Jan 30, 2026, 6:50 AM","Jan 30, 2026, 7:43 AM","","Bicep Curl (Dumbbell)",,"",1,"normal",25,5,,,
"Weights 1 (Unison)","Jan 30, 2026, 6:50 AM","Jan 30, 2026, 7:43 AM","","Bicep Curl (Dumbbell)",,"",2,"normal",25,5,,,
"Weights 2 (Unison)","Jan 26, 2026, 3:27 PM","Jan 26, 2026, 4:08 PM","","Elliptical Trainer",,"",0,"normal",,,,600,
"Weights 2 (Unison)","Jan 26, 2026, 3:27 PM","Jan 26, 2026, 4:08 PM","","Bulgarian Split Squat (Dumbbell)",,"",0,"normal",10,12,,,
"Weights 2 (Unison)","Jan 26, 2026, 3:27 PM","Jan 26, 2026, 4:08 PM","","Bulgarian Split Squat (Dumbbell)",,"",1,"normal",10,12,,,
"Weights 2 (Unison)","Jan 26, 2026, 3:27 PM","Jan 26, 2026, 4:08 PM","","Bulgarian Split Squat (Dumbbell)",,"",2,"normal",10,12,,,
"Weights 2 (Unison)","Jan 26, 2026, 3:27 PM","Jan 26, 2026, 4:08 PM","","Bulgarian Split Squat (Dumbbell)",,"",3,"normal",10,12,,,
"Weights 2 (Unison)","Jan 26, 2026, 3:27 PM","Jan 26, 2026, 4:08 PM","","Bulgarian Split Squat (Dumbbell)",,"",4,"normal",12,12,,,
"Weights 2 (Unison)","Jan 26, 2026, 3:27 PM","Jan 26, 2026, 4:08 PM","","Bulgarian Split Squat (Dumbbell)",,"",5,"normal",12,12,,,
"Weights 2 (Unison)","Jan 26, 2026, 3:27 PM","Jan 26, 2026, 4:08 PM","","Seated Cable Row - Bar Grip",,"",0,"normal",110,12,,,
"Weights 2 (Unison)","Jan 26, 2026, 3:27 PM","Jan 26, 2026, 4:08 PM","","Seated Cable Row - Bar Grip",,"",1,"normal",110,12,,,
"Weights 2 (Unison)","Jan 26, 2026, 3:27 PM","Jan 26, 2026, 4:08 PM","","Chest Fly (Dumbbell)",,"",0,"normal",25,12,,,
"Weights 2 (Unison)","Jan 26, 2026, 3:27 PM","Jan 26, 2026, 4:08 PM","","Chest Fly (Dumbbell)",,"",1,"normal",25,10,,,
"Weights 2 (Unison)","Jan 26, 2026, 3:27 PM","Jan 26, 2026, 4:08 PM","","Seated Shoulder Press (Machine)",,"",0,"normal",60,9,,,
"Weights 2 (Unison)","Jan 26, 2026, 3:27 PM","Jan 26, 2026, 4:08 PM","","Seated Shoulder Press (Machine)",,"",1,"normal",60,5,,,
"Weights 2 (Unison)","Jan 26, 2026, 3:27 PM","Jan 26, 2026, 4:08 PM","","Single Arm Tricep Extension (Dumbbell)",,"",0,"normal",12,12,,,
"Weights 2 (Unison)","Jan 26, 2026, 3:27 PM","Jan 26, 2026, 4:08 PM","","Single Arm Tricep Extension (Dumbbell)",,"",1,"normal",14,12,,,
"Weights 1 (Unison)","Jan 25, 2026, 8:49 AM","Jan 25, 2026, 9:41 AM","","Elliptical Trainer",,"",0,"normal",,,,600,
"Weights 1 (Unison)","Jan 25, 2026, 8:49 AM","Jan 25, 2026, 9:41 AM","","Squat (Barbell)",,"",0,"normal",67.5,12,,,
"Weights 1 (Unison)","Jan 25, 2026, 8:49 AM","Jan 25, 2026, 9:41 AM","","Squat (Barbell)",,"",1,"normal",67.5,12,,,
"Weights 1 (Unison)","Jan 25, 2026, 8:49 AM","Jan 25, 2026, 9:41 AM","","Squat (Barbell)",,"",2,"normal",67.5,12,,,
"Weights 1 (Unison)","Jan 25, 2026, 8:49 AM","Jan 25, 2026, 9:41 AM","","Lat Pulldown (Cable)",,"",0,"normal",100,12,,,
"Weights 1 (Unison)","Jan 25, 2026, 8:49 AM","Jan 25, 2026, 9:41 AM","","Lat Pulldown (Cable)",,"",1,"normal",100,12,,,
"Weights 1 (Unison)","Jan 25, 2026, 8:49 AM","Jan 25, 2026, 9:41 AM","","Lat Pulldown (Cable)",,"",2,"normal",100,8,,,
"Weights 1 (Unison)","Jan 25, 2026, 8:49 AM","Jan 25, 2026, 9:41 AM","","Single Leg Romanian Deadlift (Dumbbell)",,"",0,"normal",9,12,,,
"Weights 1 (Unison)","Jan 25, 2026, 8:49 AM","Jan 25, 2026, 9:41 AM","","Single Leg Romanian Deadlift (Dumbbell)",,"",1,"normal",9,12,,,
"Weights 1 (Unison)","Jan 25, 2026, 8:49 AM","Jan 25, 2026, 9:41 AM","","Single Leg Romanian Deadlift (Dumbbell)",,"",2,"normal",10,12,,,
"Weights 1 (Unison)","Jan 25, 2026, 8:49 AM","Jan 25, 2026, 9:41 AM","","Single Leg Romanian Deadlift (Dumbbell)",,"",3,"normal",10,12,,,
"Weights 1 (Unison)","Jan 25, 2026, 8:49 AM","Jan 25, 2026, 9:41 AM","","Single Leg Romanian Deadlift (Dumbbell)",,"",4,"normal",10,12,,,
"Weights 1 (Unison)","Jan 25, 2026, 8:49 AM","Jan 25, 2026, 9:41 AM","","Single Leg Romanian Deadlift (Dumbbell)",,"",5,"normal",10,12,,,
"Weights 1 (Unison)","Jan 25, 2026, 8:49 AM","Jan 25, 2026, 9:41 AM","","Chest Press (Machine)",,"",0,"normal",100,12,,,
"Weights 1 (Unison)","Jan 25, 2026, 8:49 AM","Jan 25, 2026, 9:41 AM","","Chest Press (Machine)",,"",1,"normal",100,8,,,
"Weights 1 (Unison)","Jan 25, 2026, 8:49 AM","Jan 25, 2026, 9:41 AM","","Chest Press (Machine)",,"",2,"normal",100,6,,,
"Weights 1 (Unison)","Jan 25, 2026, 8:49 AM","Jan 25, 2026, 9:41 AM","","Bicep Curl (Dumbbell)",,"",0,"normal",25,8,,,
"Weights 1 (Unison)","Jan 25, 2026, 8:49 AM","Jan 25, 2026, 9:41 AM","","Bicep Curl (Dumbbell)",,"",1,"normal",25,4,,,
"Weights 1 (Unison)","Jan 25, 2026, 8:49 AM","Jan 25, 2026, 9:41 AM","","Bicep Curl (Dumbbell)",,"",2,"normal",25,5,,,
"Weights 2 (Unison)","Jan 23, 2026, 6:48 AM","Jan 23, 2026, 7:42 AM","","Elliptical Trainer",,"",0,"normal",,,,600,
"Weights 2 (Unison)","Jan 23, 2026, 6:48 AM","Jan 23, 2026, 7:42 AM","","Bulgarian Split Squat (Dumbbell)",,"",0,"normal",10,12,,,
"Weights 2 (Unison)","Jan 23, 2026, 6:48 AM","Jan 23, 2026, 7:42 AM","","Bulgarian Split Squat (Dumbbell)",,"",1,"normal",10,12,,,
"Weights 2 (Unison)","Jan 23, 2026, 6:48 AM","Jan 23, 2026, 7:42 AM","","Bulgarian Split Squat (Dumbbell)",,"",2,"normal",10,12,,,
"Weights 2 (Unison)","Jan 23, 2026, 6:48 AM","Jan 23, 2026, 7:42 AM","","Bulgarian Split Squat (Dumbbell)",,"",3,"normal",10,12,,,
"Weights 2 (Unison)","Jan 23, 2026, 6:48 AM","Jan 23, 2026, 7:42 AM","","Bulgarian Split Squat (Dumbbell)",,"",4,"normal",10,12,,,
"Weights 2 (Unison)","Jan 23, 2026, 6:48 AM","Jan 23, 2026, 7:42 AM","","Bulgarian Split Squat (Dumbbell)",,"",5,"normal",10,12,,,
"Weights 2 (Unison)","Jan 23, 2026, 6:48 AM","Jan 23, 2026, 7:42 AM","","Seated Cable Row - Bar Grip",,"",0,"normal",100,12,,,
"Weights 2 (Unison)","Jan 23, 2026, 6:48 AM","Jan 23, 2026, 7:42 AM","","Seated Cable Row - Bar Grip",,"",1,"normal",100,12,,,
"Weights 2 (Unison)","Jan 23, 2026, 6:48 AM","Jan 23, 2026, 7:42 AM","","Seated Cable Row - Bar Grip",,"",2,"normal",100,12,,,
"Weights 2 (Unison)","Jan 23, 2026, 6:48 AM","Jan 23, 2026, 7:42 AM","","Chest Fly (Dumbbell)",,"",0,"normal",25,12,,,
"Weights 2 (Unison)","Jan 23, 2026, 6:48 AM","Jan 23, 2026, 7:42 AM","","Chest Fly (Dumbbell)",,"",1,"normal",25,12,,,
"Weights 2 (Unison)","Jan 23, 2026, 6:48 AM","Jan 23, 2026, 7:42 AM","","Chest Fly (Dumbbell)",,"",2,"normal",25,12,,,
"Weights 2 (Unison)","Jan 23, 2026, 6:48 AM","Jan 23, 2026, 7:42 AM","","Seated Shoulder Press (Machine)",,"",0,"normal",50,12,,,
"Weights 2 (Unison)","Jan 23, 2026, 6:48 AM","Jan 23, 2026, 7:42 AM","","Seated Shoulder Press (Machine)",,"",1,"normal",50,12,,,
"Weights 2 (Unison)","Jan 23, 2026, 6:48 AM","Jan 23, 2026, 7:42 AM","","Seated Shoulder Press (Machine)",,"",2,"normal",50,12,,,
"Weights 2 (Unison)","Jan 23, 2026, 6:48 AM","Jan 23, 2026, 7:42 AM","","Single Arm Tricep Extension (Dumbbell)",,"",0,"normal",12,12,,,
"Weights 2 (Unison)","Jan 23, 2026, 6:48 AM","Jan 23, 2026, 7:42 AM","","Single Arm Tricep Extension (Dumbbell)",,"",1,"normal",12,12,,,
"Weights 2 (Unison)","Jan 23, 2026, 6:48 AM","Jan 23, 2026, 7:42 AM","","Single Arm Tricep Extension (Dumbbell)",,"",2,"normal",12,12,,,
"Weights 1 (Unison)","Jan 19, 2026, 4:25 PM","Jan 19, 2026, 5:14 PM","","Elliptical Trainer",,"",0,"normal",,,,600,
"Weights 1 (Unison)","Jan 19, 2026, 4:25 PM","Jan 19, 2026, 5:14 PM","","Squat (Barbell)",,"",0,"normal",65,12,,,
"Weights 1 (Unison)","Jan 19, 2026, 4:25 PM","Jan 19, 2026, 5:14 PM","","Squat (Barbell)",,"",1,"normal",65,12,,,
"Weights 1 (Unison)","Jan 19, 2026, 4:25 PM","Jan 19, 2026, 5:14 PM","","Squat (Barbell)",,"",2,"normal",65,12,,,
"Weights 1 (Unison)","Jan 19, 2026, 4:25 PM","Jan 19, 2026, 5:14 PM","","Lat Pulldown (Cable)",,"",0,"normal",100,12,,,
"Weights 1 (Unison)","Jan 19, 2026, 4:25 PM","Jan 19, 2026, 5:14 PM","","Lat Pulldown (Cable)",,"",1,"normal",100,10,,,
"Weights 1 (Unison)","Jan 19, 2026, 4:25 PM","Jan 19, 2026, 5:14 PM","","Lat Pulldown (Cable)",,"",2,"normal",100,7,,,
"Weights 1 (Unison)","Jan 19, 2026, 4:25 PM","Jan 19, 2026, 5:14 PM","","Single Leg Romanian Deadlift (Dumbbell)",,"",0,"normal",9,12,,,
"Weights 1 (Unison)","Jan 19, 2026, 4:25 PM","Jan 19, 2026, 5:14 PM","","Single Leg Romanian Deadlift (Dumbbell)",,"",1,"normal",9,12,,,
"Weights 1 (Unison)","Jan 19, 2026, 4:25 PM","Jan 19, 2026, 5:14 PM","","Single Leg Romanian Deadlift (Dumbbell)",,"",2,"normal",9,12,,,
"Weights 1 (Unison)","Jan 19, 2026, 4:25 PM","Jan 19, 2026, 5:14 PM","","Single Leg Romanian Deadlift (Dumbbell)",,"",3,"normal",9,12,,,
"Weights 1 (Unison)","Jan 19, 2026, 4:25 PM","Jan 19, 2026, 5:14 PM","","Single Leg Romanian Deadlift (Dumbbell)",,"",4,"normal",9,12,,,
"Weights 1 (Unison)","Jan 19, 2026, 4:25 PM","Jan 19, 2026, 5:14 PM","","Single Leg Romanian Deadlift (Dumbbell)",,"",5,"normal",9,12,,,
"Weights 1 (Unison)","Jan 19, 2026, 4:25 PM","Jan 19, 2026, 5:14 PM","","Chest Press (Machine)",,"",0,"normal",90,12,,,
"Weights 1 (Unison)","Jan 19, 2026, 4:25 PM","Jan 19, 2026, 5:14 PM","","Chest Press (Machine)",,"",1,"normal",90,12,,,
"Weights 1 (Unison)","Jan 19, 2026, 4:25 PM","Jan 19, 2026, 5:14 PM","","Chest Press (Machine)",,"",2,"normal",90,12,,,
"Weights 1 (Unison)","Jan 19, 2026, 4:25 PM","Jan 19, 2026, 5:14 PM","","Bicep Curl (Dumbbell)",,"",0,"normal",25,12,,,
"Weights 1 (Unison)","Jan 19, 2026, 4:25 PM","Jan 19, 2026, 5:14 PM","","Bicep Curl (Dumbbell)",,"",1,"normal",25,5,,,
"Weights 1 (Unison)","Jan 19, 2026, 4:25 PM","Jan 19, 2026, 5:14 PM","","Bicep Curl (Dumbbell)",,"",2,"normal",25,4,,,
"Weights 2 (Unison)","Jan 14, 2026, 6:52 AM","Jan 14, 2026, 7:33 AM","","Elliptical Trainer",,"",0,"normal",,,,600,
"Weights 2 (Unison)","Jan 14, 2026, 6:52 AM","Jan 14, 2026, 7:33 AM","","Seated Cable Row - Bar Grip",,"",0,"normal",90,12,,,
"Weights 2 (Unison)","Jan 14, 2026, 6:52 AM","Jan 14, 2026, 7:33 AM","","Seated Cable Row - Bar Grip",,"",1,"normal",100,12,,,
"Weights 2 (Unison)","Jan 14, 2026, 6:52 AM","Jan 14, 2026, 7:33 AM","","Seated Cable Row - Bar Grip",,"",2,"normal",100,12,,,
"Weights 2 (Unison)","Jan 14, 2026, 6:52 AM","Jan 14, 2026, 7:33 AM","","Chest Fly (Dumbbell)",,"",0,"normal",20,12,,,
"Weights 2 (Unison)","Jan 14, 2026, 6:52 AM","Jan 14, 2026, 7:33 AM","","Chest Fly (Dumbbell)",,"",1,"normal",20,12,,,
"Weights 2 (Unison)","Jan 14, 2026, 6:52 AM","Jan 14, 2026, 7:33 AM","","Chest Fly (Dumbbell)",,"",2,"normal",25,12,,,
"Weights 2 (Unison)","Jan 14, 2026, 6:52 AM","Jan 14, 2026, 7:33 AM","","Seated Shoulder Press (Machine)",,"",0,"normal",40,12,,,
"Weights 2 (Unison)","Jan 14, 2026, 6:52 AM","Jan 14, 2026, 7:33 AM","","Seated Shoulder Press (Machine)",,"",1,"normal",40,12,,,
"Weights 2 (Unison)","Jan 14, 2026, 6:52 AM","Jan 14, 2026, 7:33 AM","","Seated Shoulder Press (Machine)",,"",2,"normal",40,12,,,
"Weights 2 (Unison)","Jan 14, 2026, 6:52 AM","Jan 14, 2026, 7:33 AM","","Single Arm Tricep Extension (Dumbbell)",,"",0,"normal",12,12,,,
"Weights 2 (Unison)","Jan 14, 2026, 6:52 AM","Jan 14, 2026, 7:33 AM","","Single Arm Tricep Extension (Dumbbell)",,"",1,"normal",12,12,,,
"Weights 2 (Unison)","Jan 14, 2026, 6:52 AM","Jan 14, 2026, 7:33 AM","","Single Arm Tricep Extension (Dumbbell)",,"",2,"normal",10,12,,,
"Weights 1 (Unison)","Jan 12, 2026, 6:54 PM","Jan 12, 2026, 7:50 PM","","Elliptical Trainer",,"",0,"normal",,,,600,
"Weights 1 (Unison)","Jan 12, 2026, 6:54 PM","Jan 12, 2026, 7:50 PM","","Squat (Barbell)",,"",0,"normal",65,12,,,
"Weights 1 (Unison)","Jan 12, 2026, 6:54 PM","Jan 12, 2026, 7:50 PM","","Squat (Barbell)",,"",1,"normal",65,12,,,
"Weights 1 (Unison)","Jan 12, 2026, 6:54 PM","Jan 12, 2026, 7:50 PM","","Squat (Barbell)",,"",2,"normal",65,12,,,
"Weights 1 (Unison)","Jan 12, 2026, 6:54 PM","Jan 12, 2026, 7:50 PM","","Lat Pulldown (Cable)",,"",0,"normal",100,12,,,
"Weights 1 (Unison)","Jan 12, 2026, 6:54 PM","Jan 12, 2026, 7:50 PM","","Lat Pulldown (Cable)",,"",1,"normal",100,12,,,
"Weights 1 (Unison)","Jan 12, 2026, 6:54 PM","Jan 12, 2026, 7:50 PM","","Lat Pulldown (Cable)",,"",2,"normal",100,8,,,
"Weights 1 (Unison)","Jan 12, 2026, 6:54 PM","Jan 12, 2026, 7:50 PM","","Single Leg Romanian Deadlift (Dumbbell)",,"",0,"normal",8,12,,,
"Weights 1 (Unison)","Jan 12, 2026, 6:54 PM","Jan 12, 2026, 7:50 PM","","Single Leg Romanian Deadlift (Dumbbell)",,"",1,"normal",8,12,,,
"Weights 1 (Unison)","Jan 12, 2026, 6:54 PM","Jan 12, 2026, 7:50 PM","","Single Leg Romanian Deadlift (Dumbbell)",,"",2,"normal",8,12,,,
"Weights 1 (Unison)","Jan 12, 2026, 6:54 PM","Jan 12, 2026, 7:50 PM","","Single Leg Romanian Deadlift (Dumbbell)",,"",3,"normal",8,12,,,
"Weights 1 (Unison)","Jan 12, 2026, 6:54 PM","Jan 12, 2026, 7:50 PM","","Single Leg Romanian Deadlift (Dumbbell)",,"",4,"normal",8,12,,,
"Weights 1 (Unison)","Jan 12, 2026, 6:54 PM","Jan 12, 2026, 7:50 PM","","Single Leg Romanian Deadlift (Dumbbell)",,"",5,"normal",8,12,,,
"Weights 1 (Unison)","Jan 12, 2026, 6:54 PM","Jan 12, 2026, 7:50 PM","","Chest Press (Machine)",,"",0,"normal",80,12,,,
"Weights 1 (Unison)","Jan 12, 2026, 6:54 PM","Jan 12, 2026, 7:50 PM","","Chest Press (Machine)",,"",1,"normal",80,12,,,
"Weights 1 (Unison)","Jan 12, 2026, 6:54 PM","Jan 12, 2026, 7:50 PM","","Chest Press (Machine)",,"",2,"normal",90,12,,,
"Weights 1 (Unison)","Jan 12, 2026, 6:54 PM","Jan 12, 2026, 7:50 PM","","Seated Incline Curl (Dumbbell)",,"",0,"normal",20,12,,,
"Weights 1 (Unison)","Jan 12, 2026, 6:54 PM","Jan 12, 2026, 7:50 PM","","Seated Incline Curl (Dumbbell)",,"",1,"normal",20,12,,,
"Weights 1 (Unison)","Jan 12, 2026, 6:54 PM","Jan 12, 2026, 7:50 PM","","Seated Incline Curl (Dumbbell)",,"",2,"normal",20,12,,,
"Weights 2 (Unison)","Jan 9, 2026, 6:32 AM","Jan 9, 2026, 7:18 AM","","Elliptical Trainer",,"",0,"normal",,,,600,
"Weights 2 (Unison)","Jan 9, 2026, 6:32 AM","Jan 9, 2026, 7:18 AM","","Leg Extension (Machine)",,"",0,"normal",160,12,,,
"Weights 2 (Unison)","Jan 9, 2026, 6:32 AM","Jan 9, 2026, 7:18 AM","","Leg Extension (Machine)",,"",1,"normal",160,12,,,
"Weights 2 (Unison)","Jan 9, 2026, 6:32 AM","Jan 9, 2026, 7:18 AM","","Leg Extension (Machine)",,"",2,"normal",160,12,,,
"Weights 2 (Unison)","Jan 9, 2026, 6:32 AM","Jan 9, 2026, 7:18 AM","","Seated Cable Row - Bar Grip",,"",0,"normal",90,12,,,
"Weights 2 (Unison)","Jan 9, 2026, 6:32 AM","Jan 9, 2026, 7:18 AM","","Seated Cable Row - Bar Grip",,"",1,"normal",90,12,,,
"Weights 2 (Unison)","Jan 9, 2026, 6:32 AM","Jan 9, 2026, 7:18 AM","","Seated Cable Row - Bar Grip",,"",2,"normal",90,12,,,
"Weights 2 (Unison)","Jan 9, 2026, 6:32 AM","Jan 9, 2026, 7:18 AM","","Chest Fly (Dumbbell)",,"",0,"normal",20,12,,,
"Weights 2 (Unison)","Jan 9, 2026, 6:32 AM","Jan 9, 2026, 7:18 AM","","Chest Fly (Dumbbell)",,"",1,"normal",20,12,,,
"Weights 2 (Unison)","Jan 9, 2026, 6:32 AM","Jan 9, 2026, 7:18 AM","","Chest Fly (Dumbbell)",,"",2,"normal",20,10,,,
"Weights 2 (Unison)","Jan 9, 2026, 6:32 AM","Jan 9, 2026, 7:18 AM","","Seated Shoulder Press (Machine)",,"",0,"normal",40,12,,,
"Weights 2 (Unison)","Jan 9, 2026, 6:32 AM","Jan 9, 2026, 7:18 AM","","Seated Shoulder Press (Machine)",,"",1,"normal",40,12,,,
"Weights 2 (Unison)","Jan 9, 2026, 6:32 AM","Jan 9, 2026, 7:18 AM","","Seated Shoulder Press (Machine)",,"",2,"normal",40,11,,,
"Weights 2 (Unison)","Jan 9, 2026, 6:32 AM","Jan 9, 2026, 7:18 AM","","Single Arm Tricep Extension (Dumbbell)",,"",0,"normal",10,12,,,
"Weights 2 (Unison)","Jan 9, 2026, 6:32 AM","Jan 9, 2026, 7:18 AM","","Single Arm Tricep Extension (Dumbbell)",,"",1,"normal",10,12,,,
"Weights 2 (Unison)","Jan 9, 2026, 6:32 AM","Jan 9, 2026, 7:18 AM","","Single Arm Tricep Extension (Dumbbell)",,"",2,"normal",10,12,,,
"Weights 1 (Unison)","Jan 5, 2026, 7:56 PM","Jan 5, 2026, 8:44 PM","","Elliptical Trainer",,"",0,"normal",,,,600,
"Weights 1 (Unison)","Jan 5, 2026, 7:56 PM","Jan 5, 2026, 8:44 PM","","Squat (Barbell)",,"",0,"normal",60,12,,,
"Weights 1 (Unison)","Jan 5, 2026, 7:56 PM","Jan 5, 2026, 8:44 PM","","Squat (Barbell)",,"",1,"normal",60,12,,,
"Weights 1 (Unison)","Jan 5, 2026, 7:56 PM","Jan 5, 2026, 8:44 PM","","Squat (Barbell)",,"",2,"normal",60,12,,,
"Weights 1 (Unison)","Jan 5, 2026, 7:56 PM","Jan 5, 2026, 8:44 PM","","Lat Pulldown (Cable)",,"",0,"normal",90,12,,,
"Weights 1 (Unison)","Jan 5, 2026, 7:56 PM","Jan 5, 2026, 8:44 PM","","Lat Pulldown (Cable)",,"",1,"normal",90,12,,,
"Weights 1 (Unison)","Jan 5, 2026, 7:56 PM","Jan 5, 2026, 8:44 PM","","Lat Pulldown (Cable)",,"",2,"normal",90,12,,,
"Weights 1 (Unison)","Jan 5, 2026, 7:56 PM","Jan 5, 2026, 8:44 PM","","Single Leg Romanian Deadlift (Dumbbell)",,"",0,"normal",6,12,,,
"Weights 1 (Unison)","Jan 5, 2026, 7:56 PM","Jan 5, 2026, 8:44 PM","","Single Leg Romanian Deadlift (Dumbbell)",,"",1,"normal",6,12,,,
"Weights 1 (Unison)","Jan 5, 2026, 7:56 PM","Jan 5, 2026, 8:44 PM","","Single Leg Romanian Deadlift (Dumbbell)",,"",2,"normal",7,12,,,
"Weights 1 (Unison)","Jan 5, 2026, 7:56 PM","Jan 5, 2026, 8:44 PM","","Single Leg Romanian Deadlift (Dumbbell)",,"",3,"normal",7,12,,,
"Weights 1 (Unison)","Jan 5, 2026, 7:56 PM","Jan 5, 2026, 8:44 PM","","Single Leg Romanian Deadlift (Dumbbell)",,"",4,"normal",7,12,,,
"Weights 1 (Unison)","Jan 5, 2026, 7:56 PM","Jan 5, 2026, 8:44 PM","","Single Leg Romanian Deadlift (Dumbbell)",,"",5,"normal",7,12,,,
"Weights 1 (Unison)","Jan 5, 2026, 7:56 PM","Jan 5, 2026, 8:44 PM","","Chest Press (Machine)",,"",0,"normal",80,12,,,
"Weights 1 (Unison)","Jan 5, 2026, 7:56 PM","Jan 5, 2026, 8:44 PM","","Chest Press (Machine)",,"",1,"normal",80,12,,,
"Weights 1 (Unison)","Jan 5, 2026, 7:56 PM","Jan 5, 2026, 8:44 PM","","Chest Press (Machine)",,"",2,"normal",80,12,,,
"Weights 1 (Unison)","Jan 5, 2026, 7:56 PM","Jan 5, 2026, 8:44 PM","","Seated Incline Curl (Dumbbell)",,"",0,"normal",20,12,,,
"Weights 1 (Unison)","Jan 5, 2026, 7:56 PM","Jan 5, 2026, 8:44 PM","","Seated Incline Curl (Dumbbell)",,"",1,"normal",20,12,,,
"Weights 1 (Unison)","Jan 5, 2026, 7:56 PM","Jan 5, 2026, 8:44 PM","","Seated Incline Curl (Dumbbell)",,"",2,"normal",20,5,,,
"Weights 2 (Unison)","Nov 27, 2025, 9:59 AM","Nov 27, 2025, 10:45 AM","","Elliptical Trainer",,"",0,"normal",,,,600,
"Weights 2 (Unison)","Nov 27, 2025, 9:59 AM","Nov 27, 2025, 10:45 AM","","Leg Extension (Machine)",,"",0,"normal",180,12,,,
"Weights 2 (Unison)","Nov 27, 2025, 9:59 AM","Nov 27, 2025, 10:45 AM","","Leg Extension (Machine)",,"",1,"normal",180,12,,,
"Weights 2 (Unison)","Nov 27, 2025, 9:59 AM","Nov 27, 2025, 10:45 AM","","Leg Extension (Machine)",,"",2,"normal",180,12,,,
"Weights 2 (Unison)","Nov 27, 2025, 9:59 AM","Nov 27, 2025, 10:45 AM","","Seated Cable Row - Bar Grip",,"",0,"normal",110,12,,,
"Weights 2 (Unison)","Nov 27, 2025, 9:59 AM","Nov 27, 2025, 10:45 AM","","Seated Cable Row - Bar Grip",,"",1,"normal",110,12,,,
"Weights 2 (Unison)","Nov 27, 2025, 9:59 AM","Nov 27, 2025, 10:45 AM","","Seated Cable Row - Bar Grip",,"",2,"normal",110,7,,,
"Weights 2 (Unison)","Nov 27, 2025, 9:59 AM","Nov 27, 2025, 10:45 AM","","Chest Fly (Dumbbell)",,"",0,"normal",25,12,,,
"Weights 2 (Unison)","Nov 27, 2025, 9:59 AM","Nov 27, 2025, 10:45 AM","","Chest Fly (Dumbbell)",,"",1,"normal",25,12,,,
"Weights 2 (Unison)","Nov 27, 2025, 9:59 AM","Nov 27, 2025, 10:45 AM","","Chest Fly (Dumbbell)",,"",2,"normal",25,10,,,
"Weights 2 (Unison)","Nov 27, 2025, 9:59 AM","Nov 27, 2025, 10:45 AM","","Seated Shoulder Press (Machine)",,"",0,"normal",50,12,,,
"Weights 2 (Unison)","Nov 27, 2025, 9:59 AM","Nov 27, 2025, 10:45 AM","","Seated Shoulder Press (Machine)",,"",1,"normal",50,7,,,
"Weights 2 (Unison)","Nov 27, 2025, 9:59 AM","Nov 27, 2025, 10:45 AM","","Seated Shoulder Press (Machine)",,"",2,"normal",50,6,,,
"Weights 2 (Unison)","Nov 27, 2025, 9:59 AM","Nov 27, 2025, 10:45 AM","","Single Arm Tricep Extension (Dumbbell)",,"",0,"normal",16,12,,,
"Weights 2 (Unison)","Nov 27, 2025, 9:59 AM","Nov 27, 2025, 10:45 AM","","Single Arm Tricep Extension (Dumbbell)",,"",1,"normal",16,7,,,
"Weights 2 (Unison)","Nov 27, 2025, 9:59 AM","Nov 27, 2025, 10:45 AM","","Single Arm Tricep Extension (Dumbbell)",,"",2,"normal",16,7,,,
"Weights 1 (Unison)","Nov 19, 2025, 6:11 AM","Nov 19, 2025, 7:01 AM","","Elliptical Trainer",,"",0,"normal",,,,600,
"Weights 1 (Unison)","Nov 19, 2025, 6:11 AM","Nov 19, 2025, 7:01 AM","","Squat (Barbell)",,"",0,"normal",75,12,,,
"Weights 1 (Unison)","Nov 19, 2025, 6:11 AM","Nov 19, 2025, 7:01 AM","","Squat (Barbell)",,"",1,"normal",75,12,,,
"Weights 1 (Unison)","Nov 19, 2025, 6:11 AM","Nov 19, 2025, 7:01 AM","","Squat (Barbell)",,"",2,"normal",75,12,,,
"Weights 1 (Unison)","Nov 19, 2025, 6:11 AM","Nov 19, 2025, 7:01 AM","","Lat Pulldown (Cable)",,"",0,"normal",110,7,,,
"Weights 1 (Unison)","Nov 19, 2025, 6:11 AM","Nov 19, 2025, 7:01 AM","","Lat Pulldown (Cable)",,"",1,"normal",110,8,,,
"Weights 1 (Unison)","Nov 19, 2025, 6:11 AM","Nov 19, 2025, 7:01 AM","","Lat Pulldown (Cable)",,"",2,"normal",110,7,,,
"Weights 1 (Unison)","Nov 19, 2025, 6:11 AM","Nov 19, 2025, 7:01 AM","","Lying Leg Curl (Machine)",,"",0,"normal",100,9,,,
"Weights 1 (Unison)","Nov 19, 2025, 6:11 AM","Nov 19, 2025, 7:01 AM","","Lying Leg Curl (Machine)",,"",1,"normal",100,7,,,
"Weights 1 (Unison)","Nov 19, 2025, 6:11 AM","Nov 19, 2025, 7:01 AM","","Lying Leg Curl (Machine)",,"",2,"normal",90,7,,,
"Weights 1 (Unison)","Nov 19, 2025, 6:11 AM","Nov 19, 2025, 7:01 AM","","Chest Press (Machine)",,"",0,"normal",100,12,,,
"Weights 1 (Unison)","Nov 19, 2025, 6:11 AM","Nov 19, 2025, 7:01 AM","","Chest Press (Machine)",,"",1,"normal",100,12,,,
"Weights 1 (Unison)","Nov 19, 2025, 6:11 AM","Nov 19, 2025, 7:01 AM","","Chest Press (Machine)",,"",2,"normal",110,2,,,
"Weights 1 (Unison)","Nov 19, 2025, 6:11 AM","Nov 19, 2025, 7:01 AM","","Seated Incline Curl (Dumbbell)",,"",0,"normal",25,7,,,
"Weights 1 (Unison)","Nov 19, 2025, 6:11 AM","Nov 19, 2025, 7:01 AM","","Seated Incline Curl (Dumbbell)",,"",1,"normal",25,2,,,
"Weights 1 (Unison)","Nov 19, 2025, 6:11 AM","Nov 19, 2025, 7:01 AM","","Seated Incline Curl (Dumbbell)",,"",2,"normal",20,7,,,
"Weights 2 (Unison)","Nov 1, 2025, 3:00 PM","Nov 1, 2025, 3:50 PM","","Elliptical Trainer",,"",0,"normal",,,,600,
"Weights 2 (Unison)","Nov 1, 2025, 3:00 PM","Nov 1, 2025, 3:50 PM","","Leg Extension (Machine)",,"",0,"normal",200,12,,,
"Weights 2 (Unison)","Nov 1, 2025, 3:00 PM","Nov 1, 2025, 3:50 PM","","Leg Extension (Machine)",,"",1,"normal",200,12,,,
"Weights 2 (Unison)","Nov 1, 2025, 3:00 PM","Nov 1, 2025, 3:50 PM","","Leg Extension (Machine)",,"",2,"normal",200,12,,,
"Weights 2 (Unison)","Nov 1, 2025, 3:00 PM","Nov 1, 2025, 3:50 PM","","Seated Cable Row - Bar Grip",,"",0,"normal",130,9,,,
"Weights 2 (Unison)","Nov 1, 2025, 3:00 PM","Nov 1, 2025, 3:50 PM","","Seated Cable Row - Bar Grip",,"",1,"normal",130,9,,,
"Weights 2 (Unison)","Nov 1, 2025, 3:00 PM","Nov 1, 2025, 3:50 PM","","Seated Cable Row - Bar Grip",,"",2,"normal",130,9,,,
"Weights 2 (Unison)","Nov 1, 2025, 3:00 PM","Nov 1, 2025, 3:50 PM","","Chest Fly (Dumbbell)",,"",0,"normal",30,12,,,
"Weights 2 (Unison)","Nov 1, 2025, 3:00 PM","Nov 1, 2025, 3:50 PM","","Chest Fly (Dumbbell)",,"",1,"normal",30,7,,,
"Weights 2 (Unison)","Nov 1, 2025, 3:00 PM","Nov 1, 2025, 3:50 PM","","Chest Fly (Dumbbell)",,"",2,"normal",30,5,,,
"Weights 2 (Unison)","Nov 1, 2025, 3:00 PM","Nov 1, 2025, 3:50 PM","","Seated Shoulder Press (Machine)",,"",0,"normal",60,12,,,
"Weights 2 (Unison)","Nov 1, 2025, 3:00 PM","Nov 1, 2025, 3:50 PM","","Seated Shoulder Press (Machine)",,"",1,"normal",60,12,,,
"Weights 2 (Unison)","Nov 1, 2025, 3:00 PM","Nov 1, 2025, 3:50 PM","","Seated Shoulder Press (Machine)",,"",2,"normal",60,7,,,
"Weights 2 (Unison)","Nov 1, 2025, 3:00 PM","Nov 1, 2025, 3:50 PM","","Single Arm Tricep Extension (Dumbbell)",,"",0,"normal",18,12,,,
"Weights 2 (Unison)","Nov 1, 2025, 3:00 PM","Nov 1, 2025, 3:50 PM","","Single Arm Tricep Extension (Dumbbell)",,"",1,"normal",18,7,,,
"Weights 2 (Unison)","Nov 1, 2025, 3:00 PM","Nov 1, 2025, 3:50 PM","","Single Arm Tricep Extension (Dumbbell)",,"",2,"normal",18,8,,,
"Weights 1 (Unison)","Oct 31, 2025, 6:25 AM","Oct 31, 2025, 7:14 AM","","Elliptical Trainer",,"",0,"normal",,,,600,
"Weights 1 (Unison)","Oct 31, 2025, 6:25 AM","Oct 31, 2025, 7:14 AM","","Squat (Barbell)",,"",0,"normal",75,12,,,
"Weights 1 (Unison)","Oct 31, 2025, 6:25 AM","Oct 31, 2025, 7:14 AM","","Squat (Barbell)",,"",1,"normal",75,12,,,
"Weights 1 (Unison)","Oct 31, 2025, 6:25 AM","Oct 31, 2025, 7:14 AM","","Squat (Barbell)",,"",2,"normal",75,3,,,
"Weights 1 (Unison)","Oct 31, 2025, 6:25 AM","Oct 31, 2025, 7:14 AM","","Lat Pulldown (Cable)",,"",0,"normal",130,9,,,
"Weights 1 (Unison)","Oct 31, 2025, 6:25 AM","Oct 31, 2025, 7:14 AM","","Lat Pulldown (Cable)",,"",1,"normal",130,5,,,
"Weights 1 (Unison)","Oct 31, 2025, 6:25 AM","Oct 31, 2025, 7:14 AM","","Lat Pulldown (Cable)",,"",2,"normal",130,5,,,
"Weights 1 (Unison)","Oct 31, 2025, 6:25 AM","Oct 31, 2025, 7:14 AM","","Lying Leg Curl (Machine)",,"",0,"normal",100,12,,,
"Weights 1 (Unison)","Oct 31, 2025, 6:25 AM","Oct 31, 2025, 7:14 AM","","Lying Leg Curl (Machine)",,"",1,"normal",100,9,,,
"Weights 1 (Unison)","Oct 31, 2025, 6:25 AM","Oct 31, 2025, 7:14 AM","","Lying Leg Curl (Machine)",,"",2,"normal",100,7,,,
"Weights 1 (Unison)","Oct 31, 2025, 6:25 AM","Oct 31, 2025, 7:14 AM","","Chest Press (Machine)",,"",0,"normal",120,12,,,
"Weights 1 (Unison)","Oct 31, 2025, 6:25 AM","Oct 31, 2025, 7:14 AM","","Chest Press (Machine)",,"",1,"normal",120,5,,,
"Weights 1 (Unison)","Oct 31, 2025, 6:25 AM","Oct 31, 2025, 7:14 AM","","Chest Press (Machine)",,"",2,"normal",120,1,,,
"Weights 1 (Unison)","Oct 31, 2025, 6:25 AM","Oct 31, 2025, 7:14 AM","","Seated Incline Curl (Dumbbell)",,"",0,"normal",25,10,,,
"Weights 1 (Unison)","Oct 31, 2025, 6:25 AM","Oct 31, 2025, 7:14 AM","","Seated Incline Curl (Dumbbell)",,"",1,"normal",25,8,,,
"Weights 1 (Unison)","Oct 31, 2025, 6:25 AM","Oct 31, 2025, 7:14 AM","","Seated Incline Curl (Dumbbell)",,"",2,"normal",25,5,,,
"Weights 2 (Unison)","Oct 20, 2025, 5:02 PM","Oct 20, 2025, 5:49 PM","","Elliptical Trainer",,"",0,"normal",,,,600,
"Weights 2 (Unison)","Oct 20, 2025, 5:02 PM","Oct 20, 2025, 5:49 PM","","Leg Extension (Machine)",,"",0,"normal",200,12,,,
"Weights 2 (Unison)","Oct 20, 2025, 5:02 PM","Oct 20, 2025, 5:49 PM","","Leg Extension (Machine)",,"",1,"normal",200,12,,,
"Weights 2 (Unison)","Oct 20, 2025, 5:02 PM","Oct 20, 2025, 5:49 PM","","Leg Extension (Machine)",,"",2,"normal",200,12,,,
"Weights 2 (Unison)","Oct 20, 2025, 5:02 PM","Oct 20, 2025, 5:49 PM","","Seated Cable Row - Bar Grip",,"",0,"normal",130,10,,,
"Weights 2 (Unison)","Oct 20, 2025, 5:02 PM","Oct 20, 2025, 5:49 PM","","Seated Cable Row - Bar Grip",,"",1,"normal",130,10,,,
"Weights 2 (Unison)","Oct 20, 2025, 5:02 PM","Oct 20, 2025, 5:49 PM","","Seated Cable Row - Bar Grip",,"",2,"normal",130,7,,,
"Weights 2 (Unison)","Oct 20, 2025, 5:02 PM","Oct 20, 2025, 5:49 PM","","Chest Fly (Dumbbell)",,"",0,"normal",30,12,,,
"Weights 2 (Unison)","Oct 20, 2025, 5:02 PM","Oct 20, 2025, 5:49 PM","","Chest Fly (Dumbbell)",,"",1,"normal",30,7,,,
"Weights 2 (Unison)","Oct 20, 2025, 5:02 PM","Oct 20, 2025, 5:49 PM","","Chest Fly (Dumbbell)",,"",2,"normal",30,5,,,
"Weights 2 (Unison)","Oct 20, 2025, 5:02 PM","Oct 20, 2025, 5:49 PM","","Seated Shoulder Press (Machine)",,"",0,"normal",60,12,,,
"Weights 2 (Unison)","Oct 20, 2025, 5:02 PM","Oct 20, 2025, 5:49 PM","","Seated Shoulder Press (Machine)",,"",1,"normal",60,10,,,
"Weights 2 (Unison)","Oct 20, 2025, 5:02 PM","Oct 20, 2025, 5:49 PM","","Seated Shoulder Press (Machine)",,"",2,"normal",60,5,,,
"Weights 2 (Unison)","Oct 20, 2025, 5:02 PM","Oct 20, 2025, 5:49 PM","","Single Arm Tricep Extension (Dumbbell)",,"",0,"normal",18,12,,,
"Weights 2 (Unison)","Oct 20, 2025, 5:02 PM","Oct 20, 2025, 5:49 PM","","Single Arm Tricep Extension (Dumbbell)",,"",1,"normal",18,8,,,
"Weights 2 (Unison)","Oct 20, 2025, 5:02 PM","Oct 20, 2025, 5:49 PM","","Single Arm Tricep Extension (Dumbbell)",,"",2,"normal",18,9,,,
"Weights 1 (Unison)","Oct 17, 2025, 12:05 PM","Oct 17, 2025, 12:43 PM","","Elliptical Trainer",,"",0,"normal",,,,600,
"Weights 1 (Unison)","Oct 17, 2025, 12:05 PM","Oct 17, 2025, 12:43 PM","","Lat Pulldown (Cable)",,"",0,"normal",130,10,,,
"Weights 1 (Unison)","Oct 17, 2025, 12:05 PM","Oct 17, 2025, 12:43 PM","","Lat Pulldown (Cable)",,"",1,"normal",130,4,,,
"Weights 1 (Unison)","Oct 17, 2025, 12:05 PM","Oct 17, 2025, 12:43 PM","","Lat Pulldown (Cable)",,"",2,"normal",130,5,,,
"Weights 1 (Unison)","Oct 17, 2025, 12:05 PM","Oct 17, 2025, 12:43 PM","","Lying Leg Curl (Machine)",,"",0,"normal",100,12,,,
"Weights 1 (Unison)","Oct 17, 2025, 12:05 PM","Oct 17, 2025, 12:43 PM","","Lying Leg Curl (Machine)",,"",1,"normal",100,4,,,
"Weights 1 (Unison)","Oct 17, 2025, 12:05 PM","Oct 17, 2025, 12:43 PM","","Chest Press (Machine)",,"",0,"normal",120,12,,,
"Weights 1 (Unison)","Oct 17, 2025, 12:05 PM","Oct 17, 2025, 12:43 PM","","Chest Press (Machine)",,"",1,"normal",120,8,,,
"Weights 1 (Unison)","Oct 17, 2025, 12:05 PM","Oct 17, 2025, 12:43 PM","","Chest Press (Machine)",,"",2,"normal",120,6,,,
"Weights 1 (Unison)","Oct 17, 2025, 12:05 PM","Oct 17, 2025, 12:43 PM","","Seated Incline Curl (Dumbbell)",,"",0,"normal",25,9,,,
"Weights 1 (Unison)","Oct 17, 2025, 12:05 PM","Oct 17, 2025, 12:43 PM","","Seated Incline Curl (Dumbbell)",,"",1,"normal",25,7,,,
"Weights 1 (Unison)","Oct 17, 2025, 12:05 PM","Oct 17, 2025, 12:43 PM","","Seated Incline Curl (Dumbbell)",,"",2,"normal",25,6,,,
"Weights 2 (Unison)","Oct 14, 2025, 6:49 AM","Oct 14, 2025, 7:35 AM","","Elliptical Trainer",,"",0,"normal",,,,600,
"Weights 2 (Unison)","Oct 14, 2025, 6:49 AM","Oct 14, 2025, 7:35 AM","","Leg Extension (Machine)",,"",0,"normal",200,12,,,
"Weights 2 (Unison)","Oct 14, 2025, 6:49 AM","Oct 14, 2025, 7:35 AM","","Leg Extension (Machine)",,"",1,"normal",200,12,,,
"Weights 2 (Unison)","Oct 14, 2025, 6:49 AM","Oct 14, 2025, 7:35 AM","","Leg Extension (Machine)",,"",2,"normal",200,12,,,
"Weights 2 (Unison)","Oct 14, 2025, 6:49 AM","Oct 14, 2025, 7:35 AM","","Seated Cable Row - Bar Grip",,"",0,"normal",130,9,,,
"Weights 2 (Unison)","Oct 14, 2025, 6:49 AM","Oct 14, 2025, 7:35 AM","","Seated Cable Row - Bar Grip",,"",1,"normal",130,8,,,
"Weights 2 (Unison)","Oct 14, 2025, 6:49 AM","Oct 14, 2025, 7:35 AM","","Seated Cable Row - Bar Grip",,"",2,"normal",130,9,,,
"Weights 2 (Unison)","Oct 14, 2025, 6:49 AM","Oct 14, 2025, 7:35 AM","","Chest Fly (Dumbbell)",,"",0,"normal",30,12,,,
"Weights 2 (Unison)","Oct 14, 2025, 6:49 AM","Oct 14, 2025, 7:35 AM","","Chest Fly (Dumbbell)",,"",1,"normal",30,6,,,
"Weights 2 (Unison)","Oct 14, 2025, 6:49 AM","Oct 14, 2025, 7:35 AM","","Chest Fly (Dumbbell)",,"",2,"normal",30,4,,,
"Weights 2 (Unison)","Oct 14, 2025, 6:49 AM","Oct 14, 2025, 7:35 AM","","Seated Shoulder Press (Machine)",,"",0,"normal",60,12,,,
"Weights 2 (Unison)","Oct 14, 2025, 6:49 AM","Oct 14, 2025, 7:35 AM","","Seated Shoulder Press (Machine)",,"",1,"normal",60,8,,,
"Weights 2 (Unison)","Oct 14, 2025, 6:49 AM","Oct 14, 2025, 7:35 AM","","Seated Shoulder Press (Machine)",,"",2,"normal",60,8,,,
"Weights 2 (Unison)","Oct 14, 2025, 6:49 AM","Oct 14, 2025, 7:35 AM","","Single Arm Tricep Extension (Dumbbell)",,"",0,"normal",18,12,,,
"Weights 2 (Unison)","Oct 14, 2025, 6:49 AM","Oct 14, 2025, 7:35 AM","","Single Arm Tricep Extension (Dumbbell)",,"",1,"normal",18,8,,,
"Weights 2 (Unison)","Oct 14, 2025, 6:49 AM","Oct 14, 2025, 7:35 AM","","Single Arm Tricep Extension (Dumbbell)",,"",2,"normal",18,8,,,
"Weights 1 (Unison)","Oct 12, 2025, 5:31 PM","Oct 12, 2025, 6:31 PM","","Elliptical Trainer",,"",0,"normal",,,,600,
"Weights 1 (Unison)","Oct 12, 2025, 5:31 PM","Oct 12, 2025, 6:31 PM","","Squat (Barbell)",,"",0,"normal",75,12,,,
"Weights 1 (Unison)","Oct 12, 2025, 5:31 PM","Oct 12, 2025, 6:31 PM","","Squat (Barbell)",,"",1,"normal",75,12,,,
"Weights 1 (Unison)","Oct 12, 2025, 5:31 PM","Oct 12, 2025, 6:31 PM","","Squat (Barbell)",,"",2,"normal",75,12,,,
"Weights 1 (Unison)","Oct 12, 2025, 5:31 PM","Oct 12, 2025, 6:31 PM","","Lat Pulldown (Cable)",,"",0,"normal",130,7,,,
"Weights 1 (Unison)","Oct 12, 2025, 5:31 PM","Oct 12, 2025, 6:31 PM","","Lat Pulldown (Cable)",,"",1,"normal",130,8,,,
"Weights 1 (Unison)","Oct 12, 2025, 5:31 PM","Oct 12, 2025, 6:31 PM","","Lat Pulldown (Cable)",,"",2,"normal",130,7,,,
"Weights 1 (Unison)","Oct 12, 2025, 5:31 PM","Oct 12, 2025, 6:31 PM","","Lying Leg Curl (Machine)",,"",0,"normal",100,12,,,
"Weights 1 (Unison)","Oct 12, 2025, 5:31 PM","Oct 12, 2025, 6:31 PM","","Lying Leg Curl (Machine)",,"",1,"normal",100,9,,,
"Weights 1 (Unison)","Oct 12, 2025, 5:31 PM","Oct 12, 2025, 6:31 PM","","Lying Leg Curl (Machine)",,"",2,"normal",100,7,,,
"Weights 1 (Unison)","Oct 12, 2025, 5:31 PM","Oct 12, 2025, 6:31 PM","","Chest Press (Machine)",,"",0,"normal",120,11,,,
"Weights 1 (Unison)","Oct 12, 2025, 5:31 PM","Oct 12, 2025, 6:31 PM","","Chest Press (Machine)",,"",1,"normal",120,9,,,
"Weights 1 (Unison)","Oct 12, 2025, 5:31 PM","Oct 12, 2025, 6:31 PM","","Chest Press (Machine)",,"",2,"normal",120,6,,,
"Weights 1 (Unison)","Oct 12, 2025, 5:31 PM","Oct 12, 2025, 6:31 PM","","Seated Incline Curl (Dumbbell)",,"",0,"normal",25,10,,,
"Weights 1 (Unison)","Oct 12, 2025, 5:31 PM","Oct 12, 2025, 6:31 PM","","Seated Incline Curl (Dumbbell)",,"",1,"normal",25,9,,,
"Weights 1 (Unison)","Oct 12, 2025, 5:31 PM","Oct 12, 2025, 6:31 PM","","Seated Incline Curl (Dumbbell)",,"",2,"normal",25,7,,,
"Weights 2 (Unison)","Oct 6, 2025, 5:02 PM","Oct 6, 2025, 5:49 PM","","Elliptical Trainer",,"",0,"normal",,,,600,
"Weights 2 (Unison)","Oct 6, 2025, 5:02 PM","Oct 6, 2025, 5:49 PM","","Leg Extension (Machine)",,"",0,"normal",200,12,,,
"Weights 2 (Unison)","Oct 6, 2025, 5:02 PM","Oct 6, 2025, 5:49 PM","","Leg Extension (Machine)",,"",1,"normal",200,12,,,
"Weights 2 (Unison)","Oct 6, 2025, 5:02 PM","Oct 6, 2025, 5:49 PM","","Leg Extension (Machine)",,"",2,"normal",200,12,,,
"Weights 2 (Unison)","Oct 6, 2025, 5:02 PM","Oct 6, 2025, 5:49 PM","","Seated Cable Row - Bar Grip",,"",0,"normal",130,11,,,
"Weights 2 (Unison)","Oct 6, 2025, 5:02 PM","Oct 6, 2025, 5:49 PM","","Seated Cable Row - Bar Grip",,"",1,"normal",130,8,,,
"Weights 2 (Unison)","Oct 6, 2025, 5:02 PM","Oct 6, 2025, 5:49 PM","","Seated Cable Row - Bar Grip",,"",2,"normal",130,8,,,
"Weights 2 (Unison)","Oct 6, 2025, 5:02 PM","Oct 6, 2025, 5:49 PM","","Chest Fly (Dumbbell)",,"",0,"normal",30,12,,,
"Weights 2 (Unison)","Oct 6, 2025, 5:02 PM","Oct 6, 2025, 5:49 PM","","Chest Fly (Dumbbell)",,"",1,"normal",30,8,,,
"Weights 2 (Unison)","Oct 6, 2025, 5:02 PM","Oct 6, 2025, 5:49 PM","","Chest Fly (Dumbbell)",,"",2,"normal",30,6,,,
"Weights 2 (Unison)","Oct 6, 2025, 5:02 PM","Oct 6, 2025, 5:49 PM","","Seated Shoulder Press (Machine)",,"",0,"normal",60,12,,,
"Weights 2 (Unison)","Oct 6, 2025, 5:02 PM","Oct 6, 2025, 5:49 PM","","Seated Shoulder Press (Machine)",,"",1,"normal",60,9,,,
"Weights 2 (Unison)","Oct 6, 2025, 5:02 PM","Oct 6, 2025, 5:49 PM","","Seated Shoulder Press (Machine)",,"",2,"normal",60,6,,,
"Weights 2 (Unison)","Oct 6, 2025, 5:02 PM","Oct 6, 2025, 5:49 PM","","Single Arm Tricep Extension (Dumbbell)",,"",0,"normal",18,12,,,
"Weights 2 (Unison)","Oct 6, 2025, 5:02 PM","Oct 6, 2025, 5:49 PM","","Single Arm Tricep Extension (Dumbbell)",,"",1,"normal",18,9,,,
"Weights 2 (Unison)","Oct 6, 2025, 5:02 PM","Oct 6, 2025, 5:49 PM","","Single Arm Tricep Extension (Dumbbell)",,"",2,"normal",18,7,,,
"Weights 1 (Unison)","Oct 5, 2025, 2:41 PM","Oct 5, 2025, 3:41 PM","","Elliptical Trainer",,"",0,"normal",,,,600,
"Weights 1 (Unison)","Oct 5, 2025, 2:41 PM","Oct 5, 2025, 3:41 PM","","Squat (Barbell)",,"",0,"normal",75,12,,,
"Weights 1 (Unison)","Oct 5, 2025, 2:41 PM","Oct 5, 2025, 3:41 PM","","Squat (Barbell)",,"",1,"normal",75,12,,,
"Weights 1 (Unison)","Oct 5, 2025, 2:41 PM","Oct 5, 2025, 3:41 PM","","Squat (Barbell)",,"",2,"normal",75,12,,,
"Weights 1 (Unison)","Oct 5, 2025, 2:41 PM","Oct 5, 2025, 3:41 PM","","Lat Pulldown (Cable)",,"",0,"normal",120,12,,,
"Weights 1 (Unison)","Oct 5, 2025, 2:41 PM","Oct 5, 2025, 3:41 PM","","Lat Pulldown (Cable)",,"",1,"normal",120,12,,,
"Weights 1 (Unison)","Oct 5, 2025, 2:41 PM","Oct 5, 2025, 3:41 PM","","Lat Pulldown (Cable)",,"",2,"normal",130,7,,,
"Weights 1 (Unison)","Oct 5, 2025, 2:41 PM","Oct 5, 2025, 3:41 PM","","Lying Leg Curl (Machine)",,"",0,"normal",100,12,,,
"Weights 1 (Unison)","Oct 5, 2025, 2:41 PM","Oct 5, 2025, 3:41 PM","","Lying Leg Curl (Machine)",,"",1,"normal",100,8,,,
"Weights 1 (Unison)","Oct 5, 2025, 2:41 PM","Oct 5, 2025, 3:41 PM","","Lying Leg Curl (Machine)",,"",2,"normal",100,8,,,
"Weights 1 (Unison)","Oct 5, 2025, 2:41 PM","Oct 5, 2025, 3:41 PM","","Chest Press (Machine)",,"",0,"normal",110,12,,,
"Weights 1 (Unison)","Oct 5, 2025, 2:41 PM","Oct 5, 2025, 3:41 PM","","Chest Press (Machine)",,"",1,"normal",110,12,,,
"Weights 1 (Unison)","Oct 5, 2025, 2:41 PM","Oct 5, 2025, 3:41 PM","","Chest Press (Machine)",,"",2,"normal",120,6,,,
"Weights 1 (Unison)","Oct 5, 2025, 2:41 PM","Oct 5, 2025, 3:41 PM","","Seated Incline Curl (Dumbbell)",,"",0,"normal",25,10,,,
"Weights 1 (Unison)","Oct 5, 2025, 2:41 PM","Oct 5, 2025, 3:41 PM","","Seated Incline Curl (Dumbbell)",,"",1,"normal",25,6,,,
"Weights 1 (Unison)","Oct 5, 2025, 2:41 PM","Oct 5, 2025, 3:41 PM","","Seated Incline Curl (Dumbbell)",,"",2,"normal",25,6,,,
"Weights 2 (Unison)","Oct 3, 2025, 6:59 AM","Oct 3, 2025, 7:44 AM","","Leg Extension (Machine)",,"",0,"normal",200,12,,,
"Weights 2 (Unison)","Oct 3, 2025, 6:59 AM","Oct 3, 2025, 7:44 AM","","Leg Extension (Machine)",,"",1,"normal",200,12,,,
"Weights 2 (Unison)","Oct 3, 2025, 6:59 AM","Oct 3, 2025, 7:44 AM","","Leg Extension (Machine)",,"",2,"normal",200,12,,,
"Weights 2 (Unison)","Oct 3, 2025, 6:59 AM","Oct 3, 2025, 7:44 AM","","Seated Cable Row - Bar Grip",,"",0,"normal",120,12,,,
"Weights 2 (Unison)","Oct 3, 2025, 6:59 AM","Oct 3, 2025, 7:44 AM","","Seated Cable Row - Bar Grip",,"",1,"normal",120,12,,,
"Weights 2 (Unison)","Oct 3, 2025, 6:59 AM","Oct 3, 2025, 7:44 AM","","Seated Cable Row - Bar Grip",,"",2,"normal",120,12,,,
"Weights 2 (Unison)","Oct 3, 2025, 6:59 AM","Oct 3, 2025, 7:44 AM","","Seated Shoulder Press (Machine)",,"",0,"normal",60,12,,,
"Weights 2 (Unison)","Oct 3, 2025, 6:59 AM","Oct 3, 2025, 7:44 AM","","Seated Shoulder Press (Machine)",,"",1,"normal",60,12,,,
"Weights 2 (Unison)","Oct 3, 2025, 6:59 AM","Oct 3, 2025, 7:44 AM","","Seated Shoulder Press (Machine)",,"",2,"normal",60,10,,,
"Weights 2 (Unison)","Oct 3, 2025, 6:59 AM","Oct 3, 2025, 7:44 AM","","Single Arm Tricep Extension (Dumbbell)",,"",0,"normal",18,12,,,
"Weights 2 (Unison)","Oct 3, 2025, 6:59 AM","Oct 3, 2025, 7:44 AM","","Single Arm Tricep Extension (Dumbbell)",,"",1,"normal",18,8,,,
"Weights 2 (Unison)","Oct 3, 2025, 6:59 AM","Oct 3, 2025, 7:44 AM","","Single Arm Tricep Extension (Dumbbell)",,"",2,"normal",18,7,,,
"Weights 1 (Unison)","Sep 29, 2025, 1:52 PM","Sep 29, 2025, 2:52 PM","","Elliptical Trainer",,"",0,"normal",,,,600,
"Weights 1 (Unison)","Sep 29, 2025, 1:52 PM","Sep 29, 2025, 2:52 PM","","Squat (Barbell)",,"",0,"normal",72.5,12,,,
"Weights 1 (Unison)","Sep 29, 2025, 1:52 PM","Sep 29, 2025, 2:52 PM","","Squat (Barbell)",,"",1,"normal",72.5,12,,,
"Weights 1 (Unison)","Sep 29, 2025, 1:52 PM","Sep 29, 2025, 2:52 PM","","Squat (Barbell)",,"",2,"normal",72.5,12,,,
"Weights 1 (Unison)","Sep 29, 2025, 1:52 PM","Sep 29, 2025, 2:52 PM","","Lat Pulldown (Cable)",,"",0,"normal",120,12,,,
"Weights 1 (Unison)","Sep 29, 2025, 1:52 PM","Sep 29, 2025, 2:52 PM","","Lat Pulldown (Cable)",,"",1,"normal",120,12,,,
"Weights 1 (Unison)","Sep 29, 2025, 1:52 PM","Sep 29, 2025, 2:52 PM","","Lat Pulldown (Cable)",,"",2,"normal",120,12,,,
"Weights 1 (Unison)","Sep 29, 2025, 1:52 PM","Sep 29, 2025, 2:52 PM","","Lying Leg Curl (Machine)",,"",0,"normal",100,12,,,
"Weights 1 (Unison)","Sep 29, 2025, 1:52 PM","Sep 29, 2025, 2:52 PM","","Lying Leg Curl (Machine)",,"",1,"normal",100,8,,,
"Weights 1 (Unison)","Sep 29, 2025, 1:52 PM","Sep 29, 2025, 2:52 PM","","Lying Leg Curl (Machine)",,"",2,"normal",100,9,,,
"Weights 1 (Unison)","Sep 29, 2025, 1:52 PM","Sep 29, 2025, 2:52 PM","","Chest Press (Machine)",,"",0,"normal",110,12,,,
"Weights 1 (Unison)","Sep 29, 2025, 1:52 PM","Sep 29, 2025, 2:52 PM","","Chest Press (Machine)",,"",1,"normal",110,12,,,
"Weights 1 (Unison)","Sep 29, 2025, 1:52 PM","Sep 29, 2025, 2:52 PM","","Chest Press (Machine)",,"",2,"normal",110,11,,,
"Weights 1 (Unison)","Sep 29, 2025, 1:52 PM","Sep 29, 2025, 2:52 PM","","Seated Incline Curl (Dumbbell)",,"",0,"normal",25,10,,,
"Weights 1 (Unison)","Sep 29, 2025, 1:52 PM","Sep 29, 2025, 2:52 PM","","Seated Incline Curl (Dumbbell)",,"",1,"normal",25,8,,,
"Weights 1 (Unison)","Sep 29, 2025, 1:52 PM","Sep 29, 2025, 2:52 PM","","Seated Incline Curl (Dumbbell)",,"",2,"normal",25,7,,,
"Weights 2 (Unison)","Sep 28, 2025, 8:04 PM","Sep 28, 2025, 8:55 PM","","Elliptical Trainer",,"",0,"normal",,,,600,
"Weights 2 (Unison)","Sep 28, 2025, 8:04 PM","Sep 28, 2025, 8:55 PM","","Leg Extension (Machine)",,"",0,"normal",180,12,,,
"Weights 2 (Unison)","Sep 28, 2025, 8:04 PM","Sep 28, 2025, 8:55 PM","","Leg Extension (Machine)",,"",1,"normal",180,12,,,
"Weights 2 (Unison)","Sep 28, 2025, 8:04 PM","Sep 28, 2025, 8:55 PM","","Leg Extension (Machine)",,"",2,"normal",180,12,,,
"Weights 2 (Unison)","Sep 28, 2025, 8:04 PM","Sep 28, 2025, 8:55 PM","","Seated Cable Row - Bar Grip",,"",0,"normal",120,12,,,
"Weights 2 (Unison)","Sep 28, 2025, 8:04 PM","Sep 28, 2025, 8:55 PM","","Seated Cable Row - Bar Grip",,"",1,"normal",120,12,,,
"Weights 2 (Unison)","Sep 28, 2025, 8:04 PM","Sep 28, 2025, 8:55 PM","","Seated Cable Row - Bar Grip",,"",2,"normal",120,10,,,
"Weights 2 (Unison)","Sep 28, 2025, 8:04 PM","Sep 28, 2025, 8:55 PM","","Chest Fly (Dumbbell)",,"",0,"normal",30,12,,,
"Weights 2 (Unison)","Sep 28, 2025, 8:04 PM","Sep 28, 2025, 8:55 PM","","Chest Fly (Dumbbell)",,"",1,"normal",30,8,,,
"Weights 2 (Unison)","Sep 28, 2025, 8:04 PM","Sep 28, 2025, 8:55 PM","","Chest Fly (Dumbbell)",,"",2,"normal",30,6,,,
"Weights 2 (Unison)","Sep 28, 2025, 8:04 PM","Sep 28, 2025, 8:55 PM","","Seated Shoulder Press (Machine)",,"",0,"normal",60,12,,,
"Weights 2 (Unison)","Sep 28, 2025, 8:04 PM","Sep 28, 2025, 8:55 PM","","Seated Shoulder Press (Machine)",,"",1,"normal",60,12,,,
"Weights 2 (Unison)","Sep 28, 2025, 8:04 PM","Sep 28, 2025, 8:55 PM","","Seated Shoulder Press (Machine)",,"",2,"normal",60,6,,,
"Weights 2 (Unison)","Sep 28, 2025, 8:04 PM","Sep 28, 2025, 8:55 PM","","Single Arm Tricep Extension (Dumbbell)",,"",0,"normal",18,12,,,
"Weights 2 (Unison)","Sep 28, 2025, 8:04 PM","Sep 28, 2025, 8:55 PM","","Single Arm Tricep Extension (Dumbbell)",,"",1,"normal",18,12,,,
"Weights 2 (Unison)","Sep 28, 2025, 8:04 PM","Sep 28, 2025, 8:55 PM","","Single Arm Tricep Extension (Dumbbell)",,"",2,"normal",18,6,,,
"Weights 1 (Unison)","Sep 26, 2025, 6:33 PM","Sep 26, 2025, 7:20 PM","","Elliptical Trainer",,"",0,"normal",,,,600,
"Weights 1 (Unison)","Sep 26, 2025, 6:33 PM","Sep 26, 2025, 7:20 PM","","Squat (Barbell)",,"",0,"normal",72.5,12,,,
"Weights 1 (Unison)","Sep 26, 2025, 6:33 PM","Sep 26, 2025, 7:20 PM","","Squat (Barbell)",,"",1,"normal",72.5,12,,,
"Weights 1 (Unison)","Sep 26, 2025, 6:33 PM","Sep 26, 2025, 7:20 PM","","Squat (Barbell)",,"",2,"normal",72.5,12,,,
"Weights 1 (Unison)","Sep 26, 2025, 6:33 PM","Sep 26, 2025, 7:20 PM","","Lat Pulldown (Cable)",,"",0,"normal",120,12,,,
"Weights 1 (Unison)","Sep 26, 2025, 6:33 PM","Sep 26, 2025, 7:20 PM","","Lat Pulldown (Cable)",,"",1,"normal",120,12,,,
"Weights 1 (Unison)","Sep 26, 2025, 6:33 PM","Sep 26, 2025, 7:20 PM","","Lat Pulldown (Cable)",,"",2,"normal",120,9,,,
"Weights 1 (Unison)","Sep 26, 2025, 6:33 PM","Sep 26, 2025, 7:20 PM","","Lying Leg Curl (Machine)",,"",0,"normal",90,12,,,
"Weights 1 (Unison)","Sep 26, 2025, 6:33 PM","Sep 26, 2025, 7:20 PM","","Lying Leg Curl (Machine)",,"",1,"normal",100,9,,,
"Weights 1 (Unison)","Sep 26, 2025, 6:33 PM","Sep 26, 2025, 7:20 PM","","Lying Leg Curl (Machine)",,"",2,"normal",100,7,,,
"Weights 1 (Unison)","Sep 26, 2025, 6:33 PM","Sep 26, 2025, 7:20 PM","","Chest Press (Machine)",,"",0,"normal",110,12,,,
"Weights 1 (Unison)","Sep 26, 2025, 6:33 PM","Sep 26, 2025, 7:20 PM","","Chest Press (Machine)",,"",1,"normal",110,12,,,
"Weights 1 (Unison)","Sep 26, 2025, 6:33 PM","Sep 26, 2025, 7:20 PM","","Chest Press (Machine)",,"",2,"normal",110,6,,,
"Weights 1 (Unison)","Sep 26, 2025, 6:33 PM","Sep 26, 2025, 7:20 PM","","Seated Incline Curl (Dumbbell)",,"",0,"normal",25,10,,,
"Weights 1 (Unison)","Sep 26, 2025, 6:33 PM","Sep 26, 2025, 7:20 PM","","Seated Incline Curl (Dumbbell)",,"",1,"normal",25,8,,,
"Weights 1 (Unison)","Sep 26, 2025, 6:33 PM","Sep 26, 2025, 7:20 PM","","Seated Incline Curl (Dumbbell)",,"",2,"normal",25,7,,,
"Weights 2 (Unison)","Sep 25, 2025, 6:24 AM","Sep 25, 2025, 7:10 AM","","Elliptical Trainer",,"",0,"normal",,,,600,
"Weights 2 (Unison)","Sep 25, 2025, 6:24 AM","Sep 25, 2025, 7:10 AM","","Leg Extension (Machine)",,"",0,"normal",200,12,,,
"Weights 2 (Unison)","Sep 25, 2025, 6:24 AM","Sep 25, 2025, 7:10 AM","","Leg Extension (Machine)",,"",1,"normal",200,12,,,
"Weights 2 (Unison)","Sep 25, 2025, 6:24 AM","Sep 25, 2025, 7:10 AM","","Leg Extension (Machine)",,"",2,"normal",200,12,,,
"Weights 2 (Unison)","Sep 25, 2025, 6:24 AM","Sep 25, 2025, 7:10 AM","","Seated Cable Row - Bar Grip",,"",0,"normal",120,12,,,
"Weights 2 (Unison)","Sep 25, 2025, 6:24 AM","Sep 25, 2025, 7:10 AM","","Seated Cable Row - Bar Grip",,"",1,"normal",120,12,,,
"Weights 2 (Unison)","Sep 25, 2025, 6:24 AM","Sep 25, 2025, 7:10 AM","","Seated Cable Row - Bar Grip",,"",2,"normal",120,9,,,
"Weights 2 (Unison)","Sep 25, 2025, 6:24 AM","Sep 25, 2025, 7:10 AM","","Chest Fly (Dumbbell)",,"",0,"normal",25,12,,,
"Weights 2 (Unison)","Sep 25, 2025, 6:24 AM","Sep 25, 2025, 7:10 AM","","Chest Fly (Dumbbell)",,"",1,"normal",30,10,,,
"Weights 2 (Unison)","Sep 25, 2025, 6:24 AM","Sep 25, 2025, 7:10 AM","","Chest Fly (Dumbbell)",,"",2,"normal",30,6,,,
"Weights 2 (Unison)","Sep 25, 2025, 6:24 AM","Sep 25, 2025, 7:10 AM","","Seated Shoulder Press (Machine)",,"",0,"normal",50,12,,,
"Weights 2 (Unison)","Sep 25, 2025, 6:24 AM","Sep 25, 2025, 7:10 AM","","Seated Shoulder Press (Machine)",,"",1,"normal",50,12,,,
"Weights 2 (Unison)","Sep 25, 2025, 6:24 AM","Sep 25, 2025, 7:10 AM","","Seated Shoulder Press (Machine)",,"",2,"normal",60,6,,,
"Weights 2 (Unison)","Sep 25, 2025, 6:24 AM","Sep 25, 2025, 7:10 AM","","Single Arm Tricep Extension (Dumbbell)",,"",0,"normal",16,12,,,
"Weights 2 (Unison)","Sep 25, 2025, 6:24 AM","Sep 25, 2025, 7:10 AM","","Single Arm Tricep Extension (Dumbbell)",,"",1,"normal",16,12,,,
"Weights 2 (Unison)","Sep 25, 2025, 6:24 AM","Sep 25, 2025, 7:10 AM","","Single Arm Tricep Extension (Dumbbell)",,"",2,"normal",18,7,,,
"Weights 1 (Unison)","Sep 22, 2025, 4:52 PM","Sep 22, 2025, 5:35 PM","","Elliptical Trainer",,"",0,"normal",,,,600,
"Weights 1 (Unison)","Sep 22, 2025, 4:52 PM","Sep 22, 2025, 5:35 PM","","Squat (Barbell)",,"",0,"normal",70,12,,,
"Weights 1 (Unison)","Sep 22, 2025, 4:52 PM","Sep 22, 2025, 5:35 PM","","Squat (Barbell)",,"",1,"normal",70,12,,,
"Weights 1 (Unison)","Sep 22, 2025, 4:52 PM","Sep 22, 2025, 5:35 PM","","Squat (Barbell)",,"",2,"normal",70,12,,,
"Weights 1 (Unison)","Sep 22, 2025, 4:52 PM","Sep 22, 2025, 5:35 PM","","Lat Pulldown (Cable)",,"",0,"normal",120,12,,,
"Weights 1 (Unison)","Sep 22, 2025, 4:52 PM","Sep 22, 2025, 5:35 PM","","Lat Pulldown (Cable)",,"",1,"normal",120,12,,,
"Weights 1 (Unison)","Sep 22, 2025, 4:52 PM","Sep 22, 2025, 5:35 PM","","Lat Pulldown (Cable)",,"",2,"normal",120,7,,,
"Weights 1 (Unison)","Sep 22, 2025, 4:52 PM","Sep 22, 2025, 5:35 PM","","Lying Leg Curl (Machine)",,"",0,"normal",90,12,,,
"Weights 1 (Unison)","Sep 22, 2025, 4:52 PM","Sep 22, 2025, 5:35 PM","","Lying Leg Curl (Machine)",,"",1,"normal",90,12,,,
"Weights 1 (Unison)","Sep 22, 2025, 4:52 PM","Sep 22, 2025, 5:35 PM","","Lying Leg Curl (Machine)",,"",2,"normal",90,8,,,
"Weights 1 (Unison)","Sep 22, 2025, 4:52 PM","Sep 22, 2025, 5:35 PM","","Chest Press (Machine)",,"",0,"normal",110,12,,,
"Weights 1 (Unison)","Sep 22, 2025, 4:52 PM","Sep 22, 2025, 5:35 PM","","Chest Press (Machine)",,"",1,"normal",110,12,,,
"Weights 1 (Unison)","Sep 22, 2025, 4:52 PM","Sep 22, 2025, 5:35 PM","","Chest Press (Machine)",,"",2,"normal",110,6,,,
"Weights 2 (Unison)","Sep 21, 2025, 10:57 AM","Sep 21, 2025, 11:49 AM","","Elliptical Trainer",,"",0,"normal",,,,600,
"Weights 2 (Unison)","Sep 21, 2025, 10:57 AM","Sep 21, 2025, 11:49 AM","","Leg Extension (Machine)",,"",0,"normal",190,12,,,
"Weights 2 (Unison)","Sep 21, 2025, 10:57 AM","Sep 21, 2025, 11:49 AM","","Leg Extension (Machine)",,"",1,"normal",200,12,,,
"Weights 2 (Unison)","Sep 21, 2025, 10:57 AM","Sep 21, 2025, 11:49 AM","","Leg Extension (Machine)",,"",2,"normal",190,12,,,
"Weights 2 (Unison)","Sep 21, 2025, 10:57 AM","Sep 21, 2025, 11:49 AM","","Seated Cable Row - Bar Grip",,"",0,"normal",120,12,,,
"Weights 2 (Unison)","Sep 21, 2025, 10:57 AM","Sep 21, 2025, 11:49 AM","","Seated Cable Row - Bar Grip",,"",1,"normal",120,10,,,
"Weights 2 (Unison)","Sep 21, 2025, 10:57 AM","Sep 21, 2025, 11:49 AM","","Seated Cable Row - Bar Grip",,"",2,"normal",120,8,,,
"Weights 2 (Unison)","Sep 21, 2025, 10:57 AM","Sep 21, 2025, 11:49 AM","","Chest Fly (Dumbbell)",,"",0,"normal",30,12,,,
"Weights 2 (Unison)","Sep 21, 2025, 10:57 AM","Sep 21, 2025, 11:49 AM","","Chest Fly (Dumbbell)",,"",1,"normal",30,6,,,
"Weights 2 (Unison)","Sep 21, 2025, 10:57 AM","Sep 21, 2025, 11:49 AM","","Chest Fly (Dumbbell)",,"",2,"normal",30,5,,,
"Weights 2 (Unison)","Sep 21, 2025, 10:57 AM","Sep 21, 2025, 11:49 AM","","Seated Shoulder Press (Machine)",,"",0,"normal",50,12,,,
"Weights 2 (Unison)","Sep 21, 2025, 10:57 AM","Sep 21, 2025, 11:49 AM","","Seated Shoulder Press (Machine)",,"",1,"normal",50,12,,,
"Weights 2 (Unison)","Sep 21, 2025, 10:57 AM","Sep 21, 2025, 11:49 AM","","Seated Shoulder Press (Machine)",,"",2,"normal",50,12,,,
"Weights 2 (Unison)","Sep 21, 2025, 10:57 AM","Sep 21, 2025, 11:49 AM","","Single Arm Tricep Extension (Dumbbell)",,"",0,"normal",16,12,,,
"Weights 2 (Unison)","Sep 21, 2025, 10:57 AM","Sep 21, 2025, 11:49 AM","","Single Arm Tricep Extension (Dumbbell)",,"",1,"normal",16,12,,,
"Weights 2 (Unison)","Sep 21, 2025, 10:57 AM","Sep 21, 2025, 11:49 AM","","Single Arm Tricep Extension (Dumbbell)",,"",2,"normal",16,7,,,
"Weights (Unison)","Sep 17, 2025, 6:41 AM","Sep 17, 2025, 7:29 AM","","Elliptical Trainer",,"",0,"normal",,,,600,
"Weights (Unison)","Sep 17, 2025, 6:41 AM","Sep 17, 2025, 7:29 AM","","Squat (Barbell)",,"",0,"normal",67.5,12,,,
"Weights (Unison)","Sep 17, 2025, 6:41 AM","Sep 17, 2025, 7:29 AM","","Squat (Barbell)",,"",1,"normal",67.5,12,,,
"Weights (Unison)","Sep 17, 2025, 6:41 AM","Sep 17, 2025, 7:29 AM","","Squat (Barbell)",,"",2,"normal",67.5,12,,,
"Weights (Unison)","Sep 17, 2025, 6:41 AM","Sep 17, 2025, 7:29 AM","","Lat Pulldown (Cable)",,"",0,"normal",120,12,,,
"Weights (Unison)","Sep 17, 2025, 6:41 AM","Sep 17, 2025, 7:29 AM","","Lat Pulldown (Cable)",,"",1,"normal",120,9,,,
"Weights (Unison)","Sep 17, 2025, 6:41 AM","Sep 17, 2025, 7:29 AM","","Lat Pulldown (Cable)",,"",2,"normal",120,8,,,
"Weights (Unison)","Sep 17, 2025, 6:41 AM","Sep 17, 2025, 7:29 AM","","Lying Leg Curl (Machine)",,"",0,"normal",90,12,,,
"Weights (Unison)","Sep 17, 2025, 6:41 AM","Sep 17, 2025, 7:29 AM","","Lying Leg Curl (Machine)",,"",1,"normal",90,12,,,
"Weights (Unison)","Sep 17, 2025, 6:41 AM","Sep 17, 2025, 7:29 AM","","Chest Press (Machine)",,"",0,"normal",110,12,,,
"Weights (Unison)","Sep 17, 2025, 6:41 AM","Sep 17, 2025, 7:29 AM","","Chest Press (Machine)",,"",1,"normal",110,9,,,
"Weights (Unison)","Sep 17, 2025, 6:41 AM","Sep 17, 2025, 7:29 AM","","Chest Press (Machine)",,"",2,"normal",110,8,,,
"Weights (Unison)","Sep 17, 2025, 6:41 AM","Sep 17, 2025, 7:29 AM","","Seated Incline Curl (Dumbbell)",,"",0,"normal",25,12,,,
"Weights (Unison)","Sep 17, 2025, 6:41 AM","Sep 17, 2025, 7:29 AM","","Seated Incline Curl (Dumbbell)",,"",1,"normal",25,7,,,
"Weights (Unison)","Sep 17, 2025, 6:41 AM","Sep 17, 2025, 7:29 AM","","Seated Incline Curl (Dumbbell)",,"",2,"normal",25,4,,,
"Weights (Unison)","Sep 15, 2025, 5:10 PM","Sep 15, 2025, 5:48 PM","","Elliptical Trainer",,"",0,"normal",,,,600,
"Weights (Unison)","Sep 15, 2025, 5:10 PM","Sep 15, 2025, 5:48 PM","","Leg Extension (Machine)",,"",0,"normal",190,12,,,
"Weights (Unison)","Sep 15, 2025, 5:10 PM","Sep 15, 2025, 5:48 PM","","Leg Extension (Machine)",,"",1,"normal",190,12,,,
"Weights (Unison)","Sep 15, 2025, 5:10 PM","Sep 15, 2025, 5:48 PM","","Leg Extension (Machine)",,"",2,"normal",190,12,,,
"Weights (Unison)","Sep 15, 2025, 5:10 PM","Sep 15, 2025, 5:48 PM","","Seated Cable Row - Bar Grip",,"",0,"normal",120,12,,,
"Weights (Unison)","Sep 15, 2025, 5:10 PM","Sep 15, 2025, 5:48 PM","","Seated Cable Row - Bar Grip",,"",1,"normal",120,10,,,
"Weights (Unison)","Sep 15, 2025, 5:10 PM","Sep 15, 2025, 5:48 PM","","Seated Cable Row - Bar Grip",,"",2,"normal",120,7,,,
"Weights (Unison)","Sep 15, 2025, 5:10 PM","Sep 15, 2025, 5:48 PM","","Chest Fly (Dumbbell)",,"",0,"normal",30,12,,,
"Weights (Unison)","Sep 15, 2025, 5:10 PM","Sep 15, 2025, 5:48 PM","","Chest Fly (Dumbbell)",,"",1,"normal",30,6,,,
"Weights (Unison)","Sep 15, 2025, 5:10 PM","Sep 15, 2025, 5:48 PM","","Chest Fly (Dumbbell)",,"",2,"normal",30,5,,,
"Weights (Unison)","Sep 15, 2025, 5:10 PM","Sep 15, 2025, 5:48 PM","","Seated Shoulder Press (Machine)",,"",0,"normal",50,12,,,
"Weights (Unison)","Sep 15, 2025, 5:10 PM","Sep 15, 2025, 5:48 PM","","Seated Shoulder Press (Machine)",,"",1,"normal",50,12,,,
"Weights (Unison)","Sep 15, 2025, 5:10 PM","Sep 15, 2025, 5:48 PM","","Seated Shoulder Press (Machine)",,"",2,"normal",50,7,,,
"Weights (Unison)","Sep 11, 2025, 8:17 PM","Sep 11, 2025, 9:10 PM","","Elliptical Trainer",,"",0,"normal",,,,600,
"Weights (Unison)","Sep 11, 2025, 8:17 PM","Sep 11, 2025, 9:10 PM","","Squat (Barbell)",,"",0,"normal",67.5,12,,,
"Weights (Unison)","Sep 11, 2025, 8:17 PM","Sep 11, 2025, 9:10 PM","","Squat (Barbell)",,"",1,"normal",67.5,12,,,
"Weights (Unison)","Sep 11, 2025, 8:17 PM","Sep 11, 2025, 9:10 PM","","Squat (Barbell)",,"",2,"normal",67.5,12,,,
"Weights (Unison)","Sep 11, 2025, 8:17 PM","Sep 11, 2025, 9:10 PM","","Lat Pulldown (Cable)",,"",0,"normal",120,12,,,
"Weights (Unison)","Sep 11, 2025, 8:17 PM","Sep 11, 2025, 9:10 PM","","Lat Pulldown (Cable)",,"",1,"normal",120,12,,,
"Weights (Unison)","Sep 11, 2025, 8:17 PM","Sep 11, 2025, 9:10 PM","","Lat Pulldown (Cable)",,"",2,"normal",120,8,,,
"Weights (Unison)","Sep 11, 2025, 8:17 PM","Sep 11, 2025, 9:10 PM","","Lying Leg Curl (Machine)",,"",0,"normal",90,12,,,
"Weights (Unison)","Sep 11, 2025, 8:17 PM","Sep 11, 2025, 9:10 PM","","Lying Leg Curl (Machine)",,"",1,"normal",90,12,,,
"Weights (Unison)","Sep 11, 2025, 8:17 PM","Sep 11, 2025, 9:10 PM","","Lying Leg Curl (Machine)",,"",2,"normal",90,7,,,
"Weights (Unison)","Sep 11, 2025, 8:17 PM","Sep 11, 2025, 9:10 PM","","Chest Press (Machine)",,"",0,"normal",100,12,,,
"Weights (Unison)","Sep 11, 2025, 8:17 PM","Sep 11, 2025, 9:10 PM","","Chest Press (Machine)",,"",1,"normal",110,10,,,
"Weights (Unison)","Sep 11, 2025, 8:17 PM","Sep 11, 2025, 9:10 PM","","Chest Press (Machine)",,"",2,"normal",110,8,,,
"Weights (Unison)","Sep 11, 2025, 8:17 PM","Sep 11, 2025, 9:10 PM","","Seated Incline Curl (Dumbbell)",,"",0,"normal",20,12,,,
"Weights (Unison)","Sep 11, 2025, 8:17 PM","Sep 11, 2025, 9:10 PM","","Seated Incline Curl (Dumbbell)",,"",1,"normal",20,12,,,
"Weights (Unison)","Sep 11, 2025, 8:17 PM","Sep 11, 2025, 9:10 PM","","Seated Incline Curl (Dumbbell)",,"",2,"normal",25,4,,,
"Weights (Unison)","Sep 8, 2025, 5:02 PM","Sep 8, 2025, 5:38 PM","","Elliptical Trainer",,"",0,"normal",,,,600,
"Weights (Unison)","Sep 8, 2025, 5:02 PM","Sep 8, 2025, 5:38 PM","","Leg Extension (Machine)",,"",0,"normal",190,12,,,
"Weights (Unison)","Sep 8, 2025, 5:02 PM","Sep 8, 2025, 5:38 PM","","Leg Extension (Machine)",,"",1,"normal",190,12,,,
"Weights (Unison)","Sep 8, 2025, 5:02 PM","Sep 8, 2025, 5:38 PM","","Leg Extension (Machine)",,"",2,"normal",190,12,,,
"Weights (Unison)","Sep 8, 2025, 5:02 PM","Sep 8, 2025, 5:38 PM","","Seated Cable Row - Bar Grip",,"",0,"normal",120,12,,,
"Weights (Unison)","Sep 8, 2025, 5:02 PM","Sep 8, 2025, 5:38 PM","","Seated Cable Row - Bar Grip",,"",1,"normal",120,9,,,
"Weights (Unison)","Sep 8, 2025, 5:02 PM","Sep 8, 2025, 5:38 PM","","Seated Cable Row - Bar Grip",,"",2,"normal",120,6,,,
"Weights (Unison)","Sep 8, 2025, 5:02 PM","Sep 8, 2025, 5:38 PM","","Chest Fly (Dumbbell)",,"",0,"normal",30,12,,,
"Weights (Unison)","Sep 8, 2025, 5:02 PM","Sep 8, 2025, 5:38 PM","","Chest Fly (Dumbbell)",,"",1,"normal",30,6,,,
"Weights (Unison)","Sep 8, 2025, 5:02 PM","Sep 8, 2025, 5:38 PM","","Chest Fly (Dumbbell)",,"",2,"normal",30,6,,,
"Weights (Unison)","Sep 8, 2025, 5:02 PM","Sep 8, 2025, 5:38 PM","","Seated Shoulder Press (Machine)",,"",0,"normal",50,12,,,
"Weights (Unison)","Sep 8, 2025, 5:02 PM","Sep 8, 2025, 5:38 PM","","Seated Shoulder Press (Machine)",,"",1,"normal",50,12,,,
"Weights (Unison)","Sep 8, 2025, 5:02 PM","Sep 8, 2025, 5:38 PM","","Seated Shoulder Press (Machine)",,"",2,"normal",50,8,,,
"Weights (Unison)","Sep 7, 2025, 11:20 AM","Sep 7, 2025, 12:17 PM","","Elliptical Trainer",,"",0,"normal",,,,600,
"Weights (Unison)","Sep 7, 2025, 11:20 AM","Sep 7, 2025, 12:17 PM","","Squat (Barbell)",,"",0,"normal",65,12,,,
"Weights (Unison)","Sep 7, 2025, 11:20 AM","Sep 7, 2025, 12:17 PM","","Squat (Barbell)",,"",1,"normal",65,12,,,
"Weights (Unison)","Sep 7, 2025, 11:20 AM","Sep 7, 2025, 12:17 PM","","Squat (Barbell)",,"",2,"normal",65,12,,,
"Weights (Unison)","Sep 7, 2025, 11:20 AM","Sep 7, 2025, 12:17 PM","","Lat Pulldown (Cable)",,"",0,"normal",120,10,,,
"Weights (Unison)","Sep 7, 2025, 11:20 AM","Sep 7, 2025, 12:17 PM","","Lat Pulldown (Cable)",,"",1,"normal",120,8,,,
"Weights (Unison)","Sep 7, 2025, 11:20 AM","Sep 7, 2025, 12:17 PM","","Lat Pulldown (Cable)",,"",2,"normal",120,9,,,
"Weights (Unison)","Sep 7, 2025, 11:20 AM","Sep 7, 2025, 12:17 PM","","Lying Leg Curl (Machine)",,"",0,"normal",90,12,,,
"Weights (Unison)","Sep 7, 2025, 11:20 AM","Sep 7, 2025, 12:17 PM","","Lying Leg Curl (Machine)",,"",1,"normal",90,12,,,
"Weights (Unison)","Sep 7, 2025, 11:20 AM","Sep 7, 2025, 12:17 PM","","Lying Leg Curl (Machine)",,"",2,"normal",90,10,,,
"Weights (Unison)","Sep 7, 2025, 11:20 AM","Sep 7, 2025, 12:17 PM","","Chest Press (Machine)",,"",0,"normal",100,12,,,
"Weights (Unison)","Sep 7, 2025, 11:20 AM","Sep 7, 2025, 12:17 PM","","Chest Press (Machine)",,"",1,"normal",100,12,,,
"Weights (Unison)","Sep 7, 2025, 11:20 AM","Sep 7, 2025, 12:17 PM","","Chest Press (Machine)",,"",2,"normal",100,12,,,
"Weights (Unison)","Sep 7, 2025, 11:20 AM","Sep 7, 2025, 12:17 PM","","Seated Incline Curl (Dumbbell)",,"",0,"normal",20,12,,,
"Weights (Unison)","Sep 7, 2025, 11:20 AM","Sep 7, 2025, 12:17 PM","","Seated Incline Curl (Dumbbell)",,"",1,"normal",20,12,,,
"Weights (Unison)","Sep 7, 2025, 11:20 AM","Sep 7, 2025, 12:17 PM","","Seated Incline Curl (Dumbbell)",,"",2,"normal",20,12,,,
"Weights (Unison)","Sep 7, 2025, 11:20 AM","Sep 7, 2025, 12:17 PM","","Single Arm Tricep Extension (Dumbbell)",,"",0,"normal",16,12,,,
"Weights (Unison)","Sep 7, 2025, 11:20 AM","Sep 7, 2025, 12:17 PM","","Single Arm Tricep Extension (Dumbbell)",,"",1,"normal",16,12,,,
"Weights (Unison)","Sep 7, 2025, 11:20 AM","Sep 7, 2025, 12:17 PM","","Single Arm Tricep Extension (Dumbbell)",,"",2,"normal",16,12,,,
"Weights (Unison)","Sep 5, 2025, 6:44 PM","Sep 5, 2025, 7:22 PM","","Elliptical Trainer",,"",0,"normal",,,,600,
"Weights (Unison)","Sep 5, 2025, 6:44 PM","Sep 5, 2025, 7:22 PM","","Leg Extension (Machine)",,"",0,"normal",180,12,,,
"Weights (Unison)","Sep 5, 2025, 6:44 PM","Sep 5, 2025, 7:22 PM","","Leg Extension (Machine)",,"",1,"normal",190,12,,,
"Weights (Unison)","Sep 5, 2025, 6:44 PM","Sep 5, 2025, 7:22 PM","","Leg Extension (Machine)",,"",2,"normal",190,12,,,
"Weights (Unison)","Sep 5, 2025, 6:44 PM","Sep 5, 2025, 7:22 PM","","Seated Cable Row - Bar Grip",,"",0,"normal",110,12,,,
"Weights (Unison)","Sep 5, 2025, 6:44 PM","Sep 5, 2025, 7:22 PM","","Seated Cable Row - Bar Grip",,"",1,"normal",110,12,,,
"Weights (Unison)","Sep 5, 2025, 6:44 PM","Sep 5, 2025, 7:22 PM","","Seated Cable Row - Bar Grip",,"",2,"normal",120,6,,,
"Weights (Unison)","Sep 5, 2025, 6:44 PM","Sep 5, 2025, 7:22 PM","","Chest Fly (Dumbbell)",,"",0,"normal",25,12,,,
"Weights (Unison)","Sep 5, 2025, 6:44 PM","Sep 5, 2025, 7:22 PM","","Chest Fly (Dumbbell)",,"",1,"normal",30,8,,,
"Weights (Unison)","Sep 5, 2025, 6:44 PM","Sep 5, 2025, 7:22 PM","","Chest Fly (Dumbbell)",,"",2,"normal",30,5,,,
"Weights (Unison)","Sep 5, 2025, 6:44 PM","Sep 5, 2025, 7:22 PM","","Seated Shoulder Press (Machine)",,"",0,"normal",50,12,,,
"Weights (Unison)","Sep 5, 2025, 6:44 PM","Sep 5, 2025, 7:22 PM","","Seated Shoulder Press (Machine)",,"",1,"normal",50,12,,,
"Weights (Unison)","Sep 5, 2025, 6:44 PM","Sep 5, 2025, 7:22 PM","","Seated Shoulder Press (Machine)",,"",2,"normal",50,8,,,
"Weights (Unison)","Sep 3, 2025, 7:00 AM","Sep 3, 2025, 7:53 AM","","Elliptical Trainer",,"",0,"normal",,,,600,
"Weights (Unison)","Sep 3, 2025, 7:00 AM","Sep 3, 2025, 7:53 AM","","Squat (Barbell)",,"",0,"normal",65,12,,,
"Weights (Unison)","Sep 3, 2025, 7:00 AM","Sep 3, 2025, 7:53 AM","","Squat (Barbell)",,"",1,"normal",65,12,,,
"Weights (Unison)","Sep 3, 2025, 7:00 AM","Sep 3, 2025, 7:53 AM","","Squat (Barbell)",,"",2,"normal",65,12,,,
"Weights (Unison)","Sep 3, 2025, 7:00 AM","Sep 3, 2025, 7:53 AM","","Lat Pulldown (Cable)",,"",0,"normal",110,12,,,
"Weights (Unison)","Sep 3, 2025, 7:00 AM","Sep 3, 2025, 7:53 AM","","Lat Pulldown (Cable)",,"",1,"normal",120,9,,,
"Weights (Unison)","Sep 3, 2025, 7:00 AM","Sep 3, 2025, 7:53 AM","","Lat Pulldown (Cable)",,"",2,"normal",110,8,,,
"Weights (Unison)","Sep 3, 2025, 7:00 AM","Sep 3, 2025, 7:53 AM","","Lying Leg Curl (Machine)",,"",0,"normal",90,12,,,
"Weights (Unison)","Sep 3, 2025, 7:00 AM","Sep 3, 2025, 7:53 AM","","Lying Leg Curl (Machine)",,"",1,"normal",90,12,,,
"Weights (Unison)","Sep 3, 2025, 7:00 AM","Sep 3, 2025, 7:53 AM","","Lying Leg Curl (Machine)",,"",2,"normal",90,9,,,
"Weights (Unison)","Sep 3, 2025, 7:00 AM","Sep 3, 2025, 7:53 AM","","Chest Press (Machine)",,"",0,"normal",100,12,,,
"Weights (Unison)","Sep 3, 2025, 7:00 AM","Sep 3, 2025, 7:53 AM","","Chest Press (Machine)",,"",1,"normal",100,12,,,
"Weights (Unison)","Sep 3, 2025, 7:00 AM","Sep 3, 2025, 7:53 AM","","Chest Press (Machine)",,"",2,"normal",100,7,,,
"Weights (Unison)","Sep 3, 2025, 7:00 AM","Sep 3, 2025, 7:53 AM","","Seated Incline Curl (Dumbbell)",,"",0,"normal",20,12,,,
"Weights (Unison)","Sep 3, 2025, 7:00 AM","Sep 3, 2025, 7:53 AM","","Seated Incline Curl (Dumbbell)",,"",1,"normal",20,12,,,
"Weights (Unison)","Sep 3, 2025, 7:00 AM","Sep 3, 2025, 7:53 AM","","Seated Incline Curl (Dumbbell)",,"",2,"normal",20,8,,,
"Weights (Unison)","Sep 1, 2025, 6:17 AM","Sep 1, 2025, 7:03 AM","","Elliptical Trainer",,"",0,"normal",,,,600,
"Weights (Unison)","Sep 1, 2025, 6:17 AM","Sep 1, 2025, 7:03 AM","","Leg Extension (Machine)",,"",0,"normal",180,12,,,
"Weights (Unison)","Sep 1, 2025, 6:17 AM","Sep 1, 2025, 7:03 AM","","Leg Extension (Machine)",,"",1,"normal",190,12,,,
"Weights (Unison)","Sep 1, 2025, 6:17 AM","Sep 1, 2025, 7:03 AM","","Leg Extension (Machine)",,"",2,"normal",180,12,,,
"Weights (Unison)","Sep 1, 2025, 6:17 AM","Sep 1, 2025, 7:03 AM","","Seated Cable Row - Bar Grip",,"",0,"normal",110,12,,,
"Weights (Unison)","Sep 1, 2025, 6:17 AM","Sep 1, 2025, 7:03 AM","","Seated Cable Row - Bar Grip",,"",1,"normal",110,12,,,
"Weights (Unison)","Sep 1, 2025, 6:17 AM","Sep 1, 2025, 7:03 AM","","Seated Cable Row - Bar Grip",,"",2,"normal",110,12,,,
"Weights (Unison)","Sep 1, 2025, 6:17 AM","Sep 1, 2025, 7:03 AM","","Chest Fly (Dumbbell)",,"",0,"normal",25,12,,,
"Weights (Unison)","Sep 1, 2025, 6:17 AM","Sep 1, 2025, 7:03 AM","","Chest Fly (Dumbbell)",,"",1,"normal",25,12,,,
"Weights (Unison)","Sep 1, 2025, 6:17 AM","Sep 1, 2025, 7:03 AM","","Chest Fly (Dumbbell)",,"",2,"normal",30,6,,,
"Weights (Unison)","Sep 1, 2025, 6:17 AM","Sep 1, 2025, 7:03 AM","","Seated Shoulder Press (Machine)",,"",0,"normal",50,12,,,
"Weights (Unison)","Sep 1, 2025, 6:17 AM","Sep 1, 2025, 7:03 AM","","Seated Shoulder Press (Machine)",,"",1,"normal",50,12,,,
"Weights (Unison)","Sep 1, 2025, 6:17 AM","Sep 1, 2025, 7:03 AM","","Seated Shoulder Press (Machine)",,"",2,"normal",50,7,,,
"Weights (Unison)","Sep 1, 2025, 6:17 AM","Sep 1, 2025, 7:03 AM","","Single Arm Tricep Extension (Dumbbell)",,"",0,"normal",16,12,,,
"Weights (Unison)","Sep 1, 2025, 6:17 AM","Sep 1, 2025, 7:03 AM","","Single Arm Tricep Extension (Dumbbell)",,"",1,"normal",16,12,,,
"Weights (Unison)","Sep 1, 2025, 6:17 AM","Sep 1, 2025, 7:03 AM","","Single Arm Tricep Extension (Dumbbell)",,"",2,"normal",16,6,,,
"Weights (Unison)","Aug 30, 2025, 12:33 PM","Aug 30, 2025, 1:16 PM","","Elliptical Trainer",,"",0,"normal",,,,600,
"Weights (Unison)","Aug 30, 2025, 12:33 PM","Aug 30, 2025, 1:16 PM","","Squat (Barbell)",,"",0,"normal",62.5,12,,,
"Weights (Unison)","Aug 30, 2025, 12:33 PM","Aug 30, 2025, 1:16 PM","","Squat (Barbell)",,"",1,"normal",62.5,12,,,
"Weights (Unison)","Aug 30, 2025, 12:33 PM","Aug 30, 2025, 1:16 PM","","Squat (Barbell)",,"",2,"normal",62.5,12,,,
"Weights (Unison)","Aug 30, 2025, 12:33 PM","Aug 30, 2025, 1:16 PM","","Lat Pulldown (Cable)",,"",0,"normal",110,12,,,
"Weights (Unison)","Aug 30, 2025, 12:33 PM","Aug 30, 2025, 1:16 PM","","Lat Pulldown (Cable)",,"",1,"normal",110,12,,,
"Weights (Unison)","Aug 30, 2025, 12:33 PM","Aug 30, 2025, 1:16 PM","","Lat Pulldown (Cable)",,"",2,"normal",110,12,,,
"Weights (Unison)","Aug 30, 2025, 12:33 PM","Aug 30, 2025, 1:16 PM","","Lying Leg Curl (Machine)",,"",0,"normal",90,12,,,
"Weights (Unison)","Aug 30, 2025, 12:33 PM","Aug 30, 2025, 1:16 PM","","Lying Leg Curl (Machine)",,"",1,"normal",90,12,,,
"Weights (Unison)","Aug 30, 2025, 12:33 PM","Aug 30, 2025, 1:16 PM","","Lying Leg Curl (Machine)",,"",2,"normal",90,11,,,
"Weights (Unison)","Aug 30, 2025, 12:33 PM","Aug 30, 2025, 1:16 PM","","Chest Press (Machine)",,"",0,"normal",100,12,,,
"Weights (Unison)","Aug 30, 2025, 12:33 PM","Aug 30, 2025, 1:16 PM","","Chest Press (Machine)",,"",1,"normal",100,12,,,
"Weights (Unison)","Aug 30, 2025, 12:33 PM","Aug 30, 2025, 1:16 PM","","Chest Press (Machine)",,"",2,"normal",100,12,,,
"Weights (Unison)","Aug 30, 2025, 12:33 PM","Aug 30, 2025, 1:16 PM","","Leg Extension (Machine)",,"",0,"normal",180,12,,,
"Weights (Unison)","Aug 30, 2025, 12:33 PM","Aug 30, 2025, 1:16 PM","","Seated Incline Curl (Dumbbell)",,"",0,"normal",20,12,,,
"Weights (Unison)","Aug 30, 2025, 12:33 PM","Aug 30, 2025, 1:16 PM","","Seated Incline Curl (Dumbbell)",,"",1,"normal",20,12,,,
"Weights (Unison)","Aug 30, 2025, 12:33 PM","Aug 30, 2025, 1:16 PM","","Seated Incline Curl (Dumbbell)",,"",2,"normal",20,9,,,
"Weights (Unison)","Aug 27, 2025, 6:49 AM","Aug 27, 2025, 7:32 AM","","Elliptical Trainer",,"",0,"normal",,,,600,
"Weights (Unison)","Aug 27, 2025, 6:49 AM","Aug 27, 2025, 7:32 AM","","Lat Pulldown (Cable)",,"",0,"normal",110,12,,,
"Weights (Unison)","Aug 27, 2025, 6:49 AM","Aug 27, 2025, 7:32 AM","","Lat Pulldown (Cable)",,"",1,"normal",110,12,,,
"Weights (Unison)","Aug 27, 2025, 6:49 AM","Aug 27, 2025, 7:32 AM","","Lat Pulldown (Cable)",,"",2,"normal",110,7,,,
"Weights (Unison)","Aug 27, 2025, 6:49 AM","Aug 27, 2025, 7:32 AM","","Leg Extension (Machine)",,"",0,"normal",180,12,,,
"Weights (Unison)","Aug 27, 2025, 6:49 AM","Aug 27, 2025, 7:32 AM","","Leg Extension (Machine)",,"",1,"normal",180,12,,,
"Weights (Unison)","Aug 27, 2025, 6:49 AM","Aug 27, 2025, 7:32 AM","","Leg Extension (Machine)",,"",2,"normal",180,12,,,
"Weights (Unison)","Aug 27, 2025, 6:49 AM","Aug 27, 2025, 7:32 AM","","Seated Cable Row - Bar Grip",,"",0,"normal",110,12,,,
"Weights (Unison)","Aug 27, 2025, 6:49 AM","Aug 27, 2025, 7:32 AM","","Seated Cable Row - Bar Grip",,"",1,"normal",110,12,,,
"Weights (Unison)","Aug 27, 2025, 6:49 AM","Aug 27, 2025, 7:32 AM","","Seated Cable Row - Bar Grip",,"",2,"normal",110,10,,,
"Weights (Unison)","Aug 27, 2025, 6:49 AM","Aug 27, 2025, 7:32 AM","","Chest Fly (Dumbbell)",,"",0,"normal",25,12,,,
"Weights (Unison)","Aug 27, 2025, 6:49 AM","Aug 27, 2025, 7:32 AM","","Chest Fly (Dumbbell)",,"",1,"normal",25,12,,,
"Weights (Unison)","Aug 27, 2025, 6:49 AM","Aug 27, 2025, 7:32 AM","","Chest Fly (Dumbbell)",,"",2,"normal",25,12,,,
"Weights (Unison)","Aug 25, 2025, 5:12 PM","Aug 25, 2025, 5:44 PM","","Elliptical Trainer",,"",0,"normal",,,,600,
"Weights (Unison)","Aug 25, 2025, 5:12 PM","Aug 25, 2025, 5:44 PM","","Squat (Barbell)",,"",0,"normal",62.5,12,,,
"Weights (Unison)","Aug 25, 2025, 5:12 PM","Aug 25, 2025, 5:44 PM","","Squat (Barbell)",,"",1,"normal",62.5,12,,,
"Weights (Unison)","Aug 25, 2025, 5:12 PM","Aug 25, 2025, 5:44 PM","","Squat (Barbell)",,"",2,"normal",62.5,12,,,
"Weights (Unison)","Aug 25, 2025, 5:12 PM","Aug 25, 2025, 5:44 PM","","Lat Pulldown (Cable)",,"",0,"normal",110,12,,,
"Weights (Unison)","Aug 25, 2025, 5:12 PM","Aug 25, 2025, 5:44 PM","","Lying Leg Curl (Machine)",,"",0,"normal",90,12,,,
"Weights (Unison)","Aug 25, 2025, 5:12 PM","Aug 25, 2025, 5:44 PM","","Chest Press (Machine)",,"",0,"normal",100,12,,,
"Weights (Unison)","Aug 25, 2025, 5:12 PM","Aug 25, 2025, 5:44 PM","","Chest Press (Machine)",,"",1,"normal",100,12,,,
"Weights (Unison)","Aug 25, 2025, 5:12 PM","Aug 25, 2025, 5:44 PM","","Chest Press (Machine)",,"",2,"normal",100,7,,,
"Weights (Unison)","Aug 22, 2025, 6:44 AM","Aug 22, 2025, 7:27 AM","","Elliptical Trainer",,"",0,"normal",,,,600,
"Weights (Unison)","Aug 22, 2025, 6:44 AM","Aug 22, 2025, 7:27 AM","","Leg Extension (Machine)",,"",0,"normal",180,12,,,
"Weights (Unison)","Aug 22, 2025, 6:44 AM","Aug 22, 2025, 7:27 AM","","Leg Extension (Machine)",,"",1,"normal",180,12,,,
"Weights (Unison)","Aug 22, 2025, 6:44 AM","Aug 22, 2025, 7:27 AM","","Leg Extension (Machine)",,"",2,"normal",180,12,,,
"Weights (Unison)","Aug 22, 2025, 6:44 AM","Aug 22, 2025, 7:27 AM","","Seated Cable Row - Bar Grip",,"",0,"normal",110,12,,,
"Weights (Unison)","Aug 22, 2025, 6:44 AM","Aug 22, 2025, 7:27 AM","","Seated Cable Row - Bar Grip",,"",1,"normal",110,12,,,
"Weights (Unison)","Aug 22, 2025, 6:44 AM","Aug 22, 2025, 7:27 AM","","Seated Cable Row - Bar Grip",,"",2,"normal",110,10,,,
"Weights (Unison)","Aug 22, 2025, 6:44 AM","Aug 22, 2025, 7:27 AM","","Chest Fly (Dumbbell)",,"",0,"normal",25,12,,,
"Weights (Unison)","Aug 22, 2025, 6:44 AM","Aug 22, 2025, 7:27 AM","","Chest Fly (Dumbbell)",,"",1,"normal",25,12,,,
"Weights (Unison)","Aug 22, 2025, 6:44 AM","Aug 22, 2025, 7:27 AM","","Chest Fly (Dumbbell)",,"",2,"normal",25,12,,,
"Weights (Unison)","Aug 22, 2025, 6:44 AM","Aug 22, 2025, 7:27 AM","","Seated Shoulder Press (Machine)",,"",0,"normal",50,12,,,
"Weights (Unison)","Aug 22, 2025, 6:44 AM","Aug 22, 2025, 7:27 AM","","Seated Shoulder Press (Machine)",,"",1,"normal",50,12,,,
"Weights (Unison)","Aug 22, 2025, 6:44 AM","Aug 22, 2025, 7:27 AM","","Seated Shoulder Press (Machine)",,"",2,"normal",50,10,,,
"Weights (Unison)","Aug 18, 2025, 6:17 AM","Aug 18, 2025, 7:00 AM","","Elliptical Trainer",,"",0,"normal",,,,600,
"Weights (Unison)","Aug 18, 2025, 6:17 AM","Aug 18, 2025, 7:00 AM","","Squat (Barbell)",,"",0,"normal",60,12,,,
"Weights (Unison)","Aug 18, 2025, 6:17 AM","Aug 18, 2025, 7:00 AM","","Squat (Barbell)",,"",1,"normal",60,12,,,
"Weights (Unison)","Aug 18, 2025, 6:17 AM","Aug 18, 2025, 7:00 AM","","Squat (Barbell)",,"",2,"normal",60,12,,,
"Weights (Unison)","Aug 18, 2025, 6:17 AM","Aug 18, 2025, 7:00 AM","","Lat Pulldown (Cable)",,"",0,"normal",110,12,,,
"Weights (Unison)","Aug 18, 2025, 6:17 AM","Aug 18, 2025, 7:00 AM","","Lat Pulldown (Cable)",,"",1,"normal",110,12,,,
"Weights (Unison)","Aug 18, 2025, 6:17 AM","Aug 18, 2025, 7:00 AM","","Lat Pulldown (Cable)",,"",2,"normal",110,8,,,
"Weights (Unison)","Aug 18, 2025, 6:17 AM","Aug 18, 2025, 7:00 AM","","Lying Leg Curl (Machine)",,"",0,"normal",80,12,,,
"Weights (Unison)","Aug 18, 2025, 6:17 AM","Aug 18, 2025, 7:00 AM","","Lying Leg Curl (Machine)",,"",1,"normal",90,9,,,
"Weights (Unison)","Aug 18, 2025, 6:17 AM","Aug 18, 2025, 7:00 AM","","Lying Leg Curl (Machine)",,"",2,"normal",90,7,,,
"Weights (Unison)","Aug 18, 2025, 6:17 AM","Aug 18, 2025, 7:00 AM","","Chest Press (Machine)",,"",0,"normal",100,12,,,
"Weights (Unison)","Aug 18, 2025, 6:17 AM","Aug 18, 2025, 7:00 AM","","Chest Press (Machine)",,"",1,"normal",100,10,,,
"Weights (Unison)","Aug 18, 2025, 6:17 AM","Aug 18, 2025, 7:00 AM","","Chest Press (Machine)",,"",2,"normal",100,6,,,
"Weights (Unison)","Aug 16, 2025, 11:00 AM","Aug 16, 2025, 11:51 AM","","Elliptical Trainer",,"",0,"normal",,,,600,
"Weights (Unison)","Aug 16, 2025, 11:00 AM","Aug 16, 2025, 11:51 AM","","Leg Extension (Machine)",,"",0,"normal",180,12,,,
"Weights (Unison)","Aug 16, 2025, 11:00 AM","Aug 16, 2025, 11:51 AM","","Leg Extension (Machine)",,"",1,"normal",180,12,,,
"Weights (Unison)","Aug 16, 2025, 11:00 AM","Aug 16, 2025, 11:51 AM","","Leg Extension (Machine)",,"",2,"normal",180,12,,,
"Weights (Unison)","Aug 16, 2025, 11:00 AM","Aug 16, 2025, 11:51 AM","","Seated Cable Row - Bar Grip",,"",0,"normal",110,12,,,
"Weights (Unison)","Aug 16, 2025, 11:00 AM","Aug 16, 2025, 11:51 AM","","Seated Cable Row - Bar Grip",,"",1,"normal",110,12,,,
"Weights (Unison)","Aug 16, 2025, 11:00 AM","Aug 16, 2025, 11:51 AM","","Seated Cable Row - Bar Grip",,"",2,"normal",110,12,,,
"Weights (Unison)","Aug 16, 2025, 11:00 AM","Aug 16, 2025, 11:51 AM","","Chest Fly (Dumbbell)",,"",0,"normal",25,12,,,
"Weights (Unison)","Aug 16, 2025, 11:00 AM","Aug 16, 2025, 11:51 AM","","Chest Fly (Dumbbell)",,"",1,"normal",25,12,,,
"Weights (Unison)","Aug 16, 2025, 11:00 AM","Aug 16, 2025, 11:51 AM","","Chest Fly (Dumbbell)",,"",2,"normal",25,9,,,
"Weights (Unison)","Aug 16, 2025, 11:00 AM","Aug 16, 2025, 11:51 AM","","Seated Shoulder Press (Machine)",,"",0,"normal",50,12,,,
"Weights (Unison)","Aug 16, 2025, 11:00 AM","Aug 16, 2025, 11:51 AM","","Seated Shoulder Press (Machine)",,"",1,"normal",50,12,,,
"Weights (Unison)","Aug 16, 2025, 11:00 AM","Aug 16, 2025, 11:51 AM","","Seated Shoulder Press (Machine)",,"",2,"normal",50,12,,,
"Weights (Unison)","Aug 16, 2025, 11:00 AM","Aug 16, 2025, 11:51 AM","","Single Arm Tricep Extension (Dumbbell)",,"",0,"normal",16,12,,,
"Weights (Unison)","Aug 16, 2025, 11:00 AM","Aug 16, 2025, 11:51 AM","","Single Arm Tricep Extension (Dumbbell)",,"",1,"normal",16,8,,,
"Weights (Unison)","Aug 16, 2025, 11:00 AM","Aug 16, 2025, 11:51 AM","","Single Arm Tricep Extension (Dumbbell)",,"",2,"normal",16,8,,,
"Weights (Unison)","Aug 13, 2025, 7:57 PM","Aug 13, 2025, 8:50 PM","","Elliptical Trainer",,"",0,"normal",,,,600,
"Weights (Unison)","Aug 13, 2025, 7:57 PM","Aug 13, 2025, 8:50 PM","","Squat (Barbell)",,"",0,"normal",60,12,,,
"Weights (Unison)","Aug 13, 2025, 7:57 PM","Aug 13, 2025, 8:50 PM","","Squat (Barbell)",,"",1,"normal",60,12,,,
"Weights (Unison)","Aug 13, 2025, 7:57 PM","Aug 13, 2025, 8:50 PM","","Squat (Barbell)",,"",2,"normal",60,12,,,
"Weights (Unison)","Aug 13, 2025, 7:57 PM","Aug 13, 2025, 8:50 PM","","Lat Pulldown (Cable)",,"",0,"normal",110,12,,,
"Weights (Unison)","Aug 13, 2025, 7:57 PM","Aug 13, 2025, 8:50 PM","","Lat Pulldown (Cable)",,"",1,"normal",110,12,,,
"Weights (Unison)","Aug 13, 2025, 7:57 PM","Aug 13, 2025, 8:50 PM","","Lat Pulldown (Cable)",,"",2,"normal",110,12,,,
"Weights (Unison)","Aug 13, 2025, 7:57 PM","Aug 13, 2025, 8:50 PM","","Lying Leg Curl (Machine)",,"",0,"normal",80,12,,,
"Weights (Unison)","Aug 13, 2025, 7:57 PM","Aug 13, 2025, 8:50 PM","","Lying Leg Curl (Machine)",,"",1,"normal",90,12,,,
"Weights (Unison)","Aug 13, 2025, 7:57 PM","Aug 13, 2025, 8:50 PM","","Lying Leg Curl (Machine)",,"",2,"normal",80,12,,,
"Weights (Unison)","Aug 13, 2025, 7:57 PM","Aug 13, 2025, 8:50 PM","","Chest Press (Machine)",,"",0,"normal",100,12,,,
"Weights (Unison)","Aug 13, 2025, 7:57 PM","Aug 13, 2025, 8:50 PM","","Chest Press (Machine)",,"",1,"normal",100,12,,,
"Weights (Unison)","Aug 13, 2025, 7:57 PM","Aug 13, 2025, 8:50 PM","","Chest Press (Machine)",,"",2,"normal",100,6,,,
"Weights (Unison)","Aug 13, 2025, 7:57 PM","Aug 13, 2025, 8:50 PM","","Seated Incline Curl (Dumbbell)",,"",0,"normal",20,12,,,
"Weights (Unison)","Aug 13, 2025, 7:57 PM","Aug 13, 2025, 8:50 PM","","Seated Incline Curl (Dumbbell)",,"",1,"normal",20,12,,,
"Weights (Unison)","Aug 13, 2025, 7:57 PM","Aug 13, 2025, 8:50 PM","","Seated Incline Curl (Dumbbell)",,"",2,"normal",20,7,,,
"Weights (Unison)","Aug 11, 2025, 5:09 PM","Aug 11, 2025, 5:49 PM","","Elliptical Trainer",,"",0,"normal",,,,600,
"Weights (Unison)","Aug 11, 2025, 5:09 PM","Aug 11, 2025, 5:49 PM","","Leg Extension (Machine)",,"",0,"normal",170,12,,,
"Weights (Unison)","Aug 11, 2025, 5:09 PM","Aug 11, 2025, 5:49 PM","","Leg Extension (Machine)",,"",1,"normal",170,12,,,
"Weights (Unison)","Aug 11, 2025, 5:09 PM","Aug 11, 2025, 5:49 PM","","Leg Extension (Machine)",,"",2,"normal",180,12,,,
"Weights (Unison)","Aug 11, 2025, 5:09 PM","Aug 11, 2025, 5:49 PM","","Seated Cable Row - Bar Grip",,"",0,"normal",110,12,,,
"Weights (Unison)","Aug 11, 2025, 5:09 PM","Aug 11, 2025, 5:49 PM","","Seated Cable Row - Bar Grip",,"",1,"normal",110,11,,,
"Weights (Unison)","Aug 11, 2025, 5:09 PM","Aug 11, 2025, 5:49 PM","","Chest Fly (Dumbbell)",,"",0,"normal",25,12,,,
"Weights (Unison)","Aug 11, 2025, 5:09 PM","Aug 11, 2025, 5:49 PM","","Chest Fly (Dumbbell)",,"",1,"normal",25,12,,,
"Weights (Unison)","Aug 11, 2025, 5:09 PM","Aug 11, 2025, 5:49 PM","","Chest Fly (Dumbbell)",,"",2,"normal",25,9,,,
"Weights (Unison)","Aug 11, 2025, 5:09 PM","Aug 11, 2025, 5:49 PM","","Seated Shoulder Press (Machine)",,"",0,"normal",50,12,,,
"Weights (Unison)","Aug 11, 2025, 5:09 PM","Aug 11, 2025, 5:49 PM","","Seated Shoulder Press (Machine)",,"",1,"normal",50,9,,,
"Weights (Unison)","Aug 11, 2025, 5:09 PM","Aug 11, 2025, 5:49 PM","","Seated Shoulder Press (Machine)",,"",2,"normal",50,6,,,
"Weights (Unison)","Aug 11, 2025, 5:09 PM","Aug 11, 2025, 5:49 PM","","Single Arm Tricep Extension (Dumbbell)",,"",0,"normal",16,12,,,
"Weights (Unison)","Aug 11, 2025, 5:09 PM","Aug 11, 2025, 5:49 PM","","Single Arm Tricep Extension (Dumbbell)",,"",1,"normal",16,7,,,
"Weights (Unison)","Aug 11, 2025, 5:09 PM","Aug 11, 2025, 5:49 PM","","Single Arm Tricep Extension (Dumbbell)",,"",2,"normal",16,8,,,
"Weights (Unison)","Aug 9, 2025, 9:35 AM","Aug 9, 2025, 10:32 AM","","Elliptical Trainer",,"",0,"normal",,,,600,
"Weights (Unison)","Aug 9, 2025, 9:35 AM","Aug 9, 2025, 10:32 AM","","Squat (Barbell)",,"",0,"normal",60,12,,,
"Weights (Unison)","Aug 9, 2025, 9:35 AM","Aug 9, 2025, 10:32 AM","","Squat (Barbell)",,"",1,"normal",60,12,,,
"Weights (Unison)","Aug 9, 2025, 9:35 AM","Aug 9, 2025, 10:32 AM","","Squat (Barbell)",,"",2,"normal",60,12,,,
"Weights (Unison)","Aug 9, 2025, 9:35 AM","Aug 9, 2025, 10:32 AM","","Lat Pulldown (Cable)",,"",0,"normal",110,12,,,
"Weights (Unison)","Aug 9, 2025, 9:35 AM","Aug 9, 2025, 10:32 AM","","Lat Pulldown (Cable)",,"",1,"normal",110,12,,,
"Weights (Unison)","Aug 9, 2025, 9:35 AM","Aug 9, 2025, 10:32 AM","","Lat Pulldown (Cable)",,"",2,"normal",110,10,,,
"Weights (Unison)","Aug 9, 2025, 9:35 AM","Aug 9, 2025, 10:32 AM","","Lying Leg Curl (Machine)",,"",0,"normal",80,12,,,
"Weights (Unison)","Aug 9, 2025, 9:35 AM","Aug 9, 2025, 10:32 AM","","Lying Leg Curl (Machine)",,"",1,"normal",80,12,,,
"Weights (Unison)","Aug 9, 2025, 9:35 AM","Aug 9, 2025, 10:32 AM","","Chest Press (Machine)",,"",0,"normal",100,12,,,
"Weights (Unison)","Aug 9, 2025, 9:35 AM","Aug 9, 2025, 10:32 AM","","Chest Press (Machine)",,"",1,"normal",100,9,,,
"Weights (Unison)","Aug 9, 2025, 9:35 AM","Aug 9, 2025, 10:32 AM","","Chest Press (Machine)",,"",2,"normal",100,7,,,
"Weights (Unison)","Aug 9, 2025, 9:35 AM","Aug 9, 2025, 10:32 AM","","Seated Incline Curl (Dumbbell)",,"",0,"normal",25,6,,,
"Weights (Unison)","Aug 9, 2025, 9:35 AM","Aug 9, 2025, 10:32 AM","","Seated Incline Curl (Dumbbell)",,"",1,"normal",20,8,,,
"Weights (Unison)","Aug 9, 2025, 9:35 AM","Aug 9, 2025, 10:32 AM","","Seated Incline Curl (Dumbbell)",,"",2,"normal",20,6,,,
"Weights (Unison)","Aug 7, 2025, 6:48 AM","Aug 7, 2025, 7:30 AM","","Elliptical Trainer",,"",0,"normal",,,,600,
"Weights (Unison)","Aug 7, 2025, 6:48 AM","Aug 7, 2025, 7:30 AM","","Leg Extension (Machine)",,"",0,"normal",170,12,,,
"Weights (Unison)","Aug 7, 2025, 6:48 AM","Aug 7, 2025, 7:30 AM","","Leg Extension (Machine)",,"",1,"normal",170,12,,,
"Weights (Unison)","Aug 7, 2025, 6:48 AM","Aug 7, 2025, 7:30 AM","","Leg Extension (Machine)",,"",2,"normal",170,12,,,
"Weights (Unison)","Aug 7, 2025, 6:48 AM","Aug 7, 2025, 7:30 AM","","Seated Cable Row - Bar Grip",,"",0,"normal",110,12,,,
"Weights (Unison)","Aug 7, 2025, 6:48 AM","Aug 7, 2025, 7:30 AM","","Seated Cable Row - Bar Grip",,"",1,"normal",110,10,,,
"Weights (Unison)","Aug 7, 2025, 6:48 AM","Aug 7, 2025, 7:30 AM","","Seated Cable Row - Bar Grip",,"",2,"normal",110,9,,,
"Weights (Unison)","Aug 7, 2025, 6:48 AM","Aug 7, 2025, 7:30 AM","","Chest Fly (Dumbbell)",,"",0,"normal",25,12,,,
"Weights (Unison)","Aug 7, 2025, 6:48 AM","Aug 7, 2025, 7:30 AM","","Chest Fly (Dumbbell)",,"",1,"normal",25,12,,,
"Weights (Unison)","Aug 7, 2025, 6:48 AM","Aug 7, 2025, 7:30 AM","","Chest Fly (Dumbbell)",,"",2,"normal",25,8,,,
"Weights (Unison)","Aug 7, 2025, 6:48 AM","Aug 7, 2025, 7:30 AM","","Seated Shoulder Press (Machine)",,"",0,"normal",50,12,,,
"Weights (Unison)","Aug 7, 2025, 6:48 AM","Aug 7, 2025, 7:30 AM","","Seated Shoulder Press (Machine)",,"",1,"normal",50,11,,,
"Weights (Unison)","Aug 7, 2025, 6:48 AM","Aug 7, 2025, 7:30 AM","","Seated Shoulder Press (Machine)",,"",2,"normal",50,9,,,
"Weights (Unison)","Aug 4, 2025, 6:31 AM","Aug 4, 2025, 7:14 AM","","Elliptical Trainer",,"",0,"normal",,,,600,
"Weights (Unison)","Aug 4, 2025, 6:31 AM","Aug 4, 2025, 7:14 AM","","Squat (Barbell)",,"",0,"normal",57.5,12,,,
"Weights (Unison)","Aug 4, 2025, 6:31 AM","Aug 4, 2025, 7:14 AM","","Squat (Barbell)",,"",1,"normal",57.5,12,,,
"Weights (Unison)","Aug 4, 2025, 6:31 AM","Aug 4, 2025, 7:14 AM","","Squat (Barbell)",,"",2,"normal",57.5,12,,,
"Weights (Unison)","Aug 4, 2025, 6:31 AM","Aug 4, 2025, 7:14 AM","","Lat Pulldown (Cable)",,"",0,"normal",100,12,,,
"Weights (Unison)","Aug 4, 2025, 6:31 AM","Aug 4, 2025, 7:14 AM","","Lat Pulldown (Cable)",,"",1,"normal",110,10,,,
"Weights (Unison)","Aug 4, 2025, 6:31 AM","Aug 4, 2025, 7:14 AM","","Lat Pulldown (Cable)",,"",2,"normal",110,9,,,
"Weights (Unison)","Aug 4, 2025, 6:31 AM","Aug 4, 2025, 7:14 AM","","Lying Leg Curl (Machine)",,"",0,"normal",80,12,,,
"Weights (Unison)","Aug 4, 2025, 6:31 AM","Aug 4, 2025, 7:14 AM","","Lying Leg Curl (Machine)",,"",1,"normal",80,12,,,
"Weights (Unison)","Aug 4, 2025, 6:31 AM","Aug 4, 2025, 7:14 AM","","Lying Leg Curl (Machine)",,"",2,"normal",80,12,,,
"Weights (Unison)","Aug 4, 2025, 6:31 AM","Aug 4, 2025, 7:14 AM","","Chest Press (Machine)",,"",0,"normal",90,12,,,
"Weights (Unison)","Aug 4, 2025, 6:31 AM","Aug 4, 2025, 7:14 AM","","Chest Press (Machine)",,"",1,"normal",100,7,,,
"Weights (Unison)","Aug 4, 2025, 6:31 AM","Aug 4, 2025, 7:14 AM","","Chest Press (Machine)",,"",2,"normal",100,5,,,
"Weights (Unison)","Jul 25, 2025, 7:43 PM","Jul 25, 2025, 8:43 PM","","Elliptical Trainer",,"",0,"normal",,,,600,
"Weights (Unison)","Jul 25, 2025, 7:43 PM","Jul 25, 2025, 8:43 PM","","Squat (Barbell)",,"",0,"normal",57.5,12,,,
"Weights (Unison)","Jul 25, 2025, 7:43 PM","Jul 25, 2025, 8:43 PM","","Squat (Barbell)",,"",1,"normal",57.5,12,,,
"Weights (Unison)","Jul 25, 2025, 7:43 PM","Jul 25, 2025, 8:43 PM","","Squat (Barbell)",,"",2,"normal",57.5,12,,,
"Weights (Unison)","Jul 25, 2025, 7:43 PM","Jul 25, 2025, 8:43 PM","","Seated Cable Row - Bar Grip",,"",0,"normal",100,12,,,
"Weights (Unison)","Jul 25, 2025, 7:43 PM","Jul 25, 2025, 8:43 PM","","Seated Cable Row - Bar Grip",,"",1,"normal",110,12,,,
"Weights (Unison)","Jul 25, 2025, 7:43 PM","Jul 25, 2025, 8:43 PM","","Seated Cable Row - Bar Grip",,"",2,"normal",110,10,,,
"Weights (Unison)","Jul 25, 2025, 7:43 PM","Jul 25, 2025, 8:43 PM","","Chest Fly (Dumbbell)",,"",0,"normal",25,12,,,
"Weights (Unison)","Jul 25, 2025, 7:43 PM","Jul 25, 2025, 8:43 PM","","Chest Fly (Dumbbell)",,"",1,"normal",25,12,,,
"Weights (Unison)","Jul 25, 2025, 7:43 PM","Jul 25, 2025, 8:43 PM","","Chest Fly (Dumbbell)",,"",2,"normal",25,12,,,
"Weights (Unison)","Jul 25, 2025, 7:43 PM","Jul 25, 2025, 8:43 PM","","Seated Shoulder Press (Machine)",,"",0,"normal",40,12,,,
"Weights (Unison)","Jul 25, 2025, 7:43 PM","Jul 25, 2025, 8:43 PM","","Seated Shoulder Press (Machine)",,"",1,"normal",50,10,,,
"Weights (Unison)","Jul 25, 2025, 7:43 PM","Jul 25, 2025, 8:43 PM","","Seated Shoulder Press (Machine)",,"",2,"normal",50,8,,,
"Weights (Unison)","Jul 25, 2025, 7:43 PM","Jul 25, 2025, 8:43 PM","","Bicep Curl (Dumbbell)",,"",0,"normal",25,12,,,
"Weights (Unison)","Jul 25, 2025, 7:43 PM","Jul 25, 2025, 8:43 PM","","Bicep Curl (Dumbbell)",,"",1,"normal",25,8,,,
"Weights (Unison)","Jul 25, 2025, 7:43 PM","Jul 25, 2025, 8:43 PM","","Bicep Curl (Dumbbell)",,"",2,"normal",25,7,,,
"Weights (Unison)","Jul 25, 2025, 7:43 PM","Jul 25, 2025, 8:43 PM","","Single Arm Tricep Extension (Dumbbell)",,"",0,"normal",16,12,,,
"Weights (Unison)","Jul 25, 2025, 7:43 PM","Jul 25, 2025, 8:43 PM","","Single Arm Tricep Extension (Dumbbell)",,"",1,"normal",16,12,,,
"Weights (Unison)","Jul 25, 2025, 7:43 PM","Jul 25, 2025, 8:43 PM","","Single Arm Tricep Extension (Dumbbell)",,"",2,"normal",16,12,,,
"Weights (Unison)","Jul 23, 2025, 5:58 AM","Jul 23, 2025, 6:43 AM","","Elliptical Trainer",,"",0,"normal",,,,600,
"Weights (Unison)","Jul 23, 2025, 5:58 AM","Jul 23, 2025, 6:43 AM","","Lat Pulldown (Cable)",,"",0,"normal",100,12,,,
"Weights (Unison)","Jul 23, 2025, 5:58 AM","Jul 23, 2025, 6:43 AM","","Lat Pulldown (Cable)",,"",1,"normal",110,8,,,
"Weights (Unison)","Jul 23, 2025, 5:58 AM","Jul 23, 2025, 6:43 AM","","Lat Pulldown (Cable)",,"",2,"normal",110,8,,,
"Weights (Unison)","Jul 23, 2025, 5:58 AM","Jul 23, 2025, 6:43 AM","","Lying Leg Curl (Machine)",,"",0,"normal",80,12,,,
"Weights (Unison)","Jul 23, 2025, 5:58 AM","Jul 23, 2025, 6:43 AM","","Lying Leg Curl (Machine)",,"",1,"normal",80,12,,,
"Weights (Unison)","Jul 23, 2025, 5:58 AM","Jul 23, 2025, 6:43 AM","","Lying Leg Curl (Machine)",,"",2,"normal",80,12,,,
"Weights (Unison)","Jul 23, 2025, 5:58 AM","Jul 23, 2025, 6:43 AM","","Chest Press (Machine)",,"",0,"normal",90,12,,,
"Weights (Unison)","Jul 23, 2025, 5:58 AM","Jul 23, 2025, 6:43 AM","","Chest Press (Machine)",,"",1,"normal",100,9,,,
"Weights (Unison)","Jul 23, 2025, 5:58 AM","Jul 23, 2025, 6:43 AM","","Chest Press (Machine)",,"",2,"normal",100,7,,,
"Weights (Unison)","Jul 23, 2025, 5:58 AM","Jul 23, 2025, 6:43 AM","","Leg Extension (Machine)",,"",0,"normal",170,12,,,
"Weights (Unison)","Jul 23, 2025, 5:58 AM","Jul 23, 2025, 6:43 AM","","Leg Extension (Machine)",,"",1,"normal",170,12,,,
"Weights (Unison)","Jul 23, 2025, 5:58 AM","Jul 23, 2025, 6:43 AM","","Leg Extension (Machine)",,"",2,"normal",170,12,,,
"Weights (Unison)","Jul 21, 2025, 7:35 PM","Jul 21, 2025, 8:28 PM","","Elliptical Trainer",,"",0,"normal",,,,600,
"Weights (Unison)","Jul 21, 2025, 7:35 PM","Jul 21, 2025, 8:28 PM","","Leg Extension (Machine)",,"",0,"normal",170,12,,,
"Weights (Unison)","Jul 21, 2025, 7:35 PM","Jul 21, 2025, 8:28 PM","","Leg Extension (Machine)",,"",1,"normal",170,12,,,
"Weights (Unison)","Jul 21, 2025, 7:35 PM","Jul 21, 2025, 8:28 PM","","Leg Extension (Machine)",,"",2,"normal",170,12,,,
"Weights (Unison)","Jul 21, 2025, 7:35 PM","Jul 21, 2025, 8:28 PM","","Seated Cable Row - Bar Grip",,"",0,"normal",100,12,,,
"Weights (Unison)","Jul 21, 2025, 7:35 PM","Jul 21, 2025, 8:28 PM","","Seated Cable Row - Bar Grip",,"",1,"normal",100,12,,,
"Weights (Unison)","Jul 21, 2025, 7:35 PM","Jul 21, 2025, 8:28 PM","","Seated Cable Row - Bar Grip",,"",2,"normal",100,12,,,
"Weights (Unison)","Jul 21, 2025, 7:35 PM","Jul 21, 2025, 8:28 PM","","Chest Fly (Dumbbell)",,"",0,"normal",25,12,,,
"Weights (Unison)","Jul 21, 2025, 7:35 PM","Jul 21, 2025, 8:28 PM","","Chest Fly (Dumbbell)",,"",1,"normal",25,12,,,
"Weights (Unison)","Jul 21, 2025, 7:35 PM","Jul 21, 2025, 8:28 PM","","Chest Fly (Dumbbell)",,"",2,"normal",25,12,,,
"Weights (Unison)","Jul 21, 2025, 7:35 PM","Jul 21, 2025, 8:28 PM","","Seated Shoulder Press (Machine)",,"",0,"normal",40,12,,,
"Weights (Unison)","Jul 21, 2025, 7:35 PM","Jul 21, 2025, 8:28 PM","","Seated Shoulder Press (Machine)",,"",1,"normal",40,12,,,
"Weights (Unison)","Jul 21, 2025, 7:35 PM","Jul 21, 2025, 8:28 PM","","Seated Shoulder Press (Machine)",,"",2,"normal",40,12,,,
"Weights (Unison)","Jul 21, 2025, 7:35 PM","Jul 21, 2025, 8:28 PM","","Bicep Curl (Dumbbell)",,"",0,"normal",25,8,,,
"Weights (Unison)","Jul 21, 2025, 7:35 PM","Jul 21, 2025, 8:28 PM","","Bicep Curl (Dumbbell)",,"",1,"normal",25,8,,,
"Weights (Unison)","Jul 21, 2025, 7:35 PM","Jul 21, 2025, 8:28 PM","","Bicep Curl (Dumbbell)",,"",2,"normal",25,8,,,
"Weights (Unison)","Jul 21, 2025, 7:35 PM","Jul 21, 2025, 8:28 PM","","Single Arm Tricep Extension (Dumbbell)",,"",0,"normal",16,12,,,
"Weights (Unison)","Jul 21, 2025, 7:35 PM","Jul 21, 2025, 8:28 PM","","Single Arm Tricep Extension (Dumbbell)",,"",1,"normal",16,12,,,
"Weights (Unison)","Jul 21, 2025, 7:35 PM","Jul 21, 2025, 8:28 PM","","Single Arm Tricep Extension (Dumbbell)",,"",2,"normal",16,8,,,
"Weights (Unison)","Jul 20, 2025, 10:50 AM","Jul 20, 2025, 11:33 AM","","Elliptical Trainer",,"",0,"normal",,,,600,
"Weights (Unison)","Jul 20, 2025, 10:50 AM","Jul 20, 2025, 11:33 AM","","Squat (Barbell)",,"",0,"normal",55,12,,,
"Weights (Unison)","Jul 20, 2025, 10:50 AM","Jul 20, 2025, 11:33 AM","","Squat (Barbell)",,"",1,"normal",55,12,,,
"Weights (Unison)","Jul 20, 2025, 10:50 AM","Jul 20, 2025, 11:33 AM","","Squat (Barbell)",,"",2,"normal",55,12,,,
"Weights (Unison)","Jul 20, 2025, 10:50 AM","Jul 20, 2025, 11:33 AM","","Lat Pulldown (Cable)",,"",0,"normal",100,12,,,
"Weights (Unison)","Jul 20, 2025, 10:50 AM","Jul 20, 2025, 11:33 AM","","Lat Pulldown (Cable)",,"",1,"normal",100,12,,,
"Weights (Unison)","Jul 20, 2025, 10:50 AM","Jul 20, 2025, 11:33 AM","","Lat Pulldown (Cable)",,"",2,"normal",100,12,,,
"Weights (Unison)","Jul 20, 2025, 10:50 AM","Jul 20, 2025, 11:33 AM","","Lying Leg Curl (Machine)",,"",0,"normal",80,12,,,
"Weights (Unison)","Jul 20, 2025, 10:50 AM","Jul 20, 2025, 11:33 AM","","Lying Leg Curl (Machine)",,"",1,"normal",80,12,,,
"Weights (Unison)","Jul 20, 2025, 10:50 AM","Jul 20, 2025, 11:33 AM","","Lying Leg Curl (Machine)",,"",2,"normal",80,12,,,
"Weights (Unison)","Jul 20, 2025, 10:50 AM","Jul 20, 2025, 11:33 AM","","Chest Press (Machine)",,"",0,"normal",90,12,,,
"Weights (Unison)","Jul 20, 2025, 10:50 AM","Jul 20, 2025, 11:33 AM","","Chest Press (Machine)",,"",1,"normal",90,12,,,
"Weights (Unison)","Jul 20, 2025, 10:50 AM","Jul 20, 2025, 11:33 AM","","Chest Press (Machine)",,"",2,"normal",90,12,,,
"Weights (Unison)","Jul 16, 2025, 5:09 PM","Jul 16, 2025, 5:41 PM","","Elliptical Trainer",,"",0,"normal",,,,600,
"Weights (Unison)","Jul 16, 2025, 5:09 PM","Jul 16, 2025, 5:41 PM","","Squat (Barbell)",,"",0,"normal",55,12,,,
"Weights (Unison)","Jul 16, 2025, 5:09 PM","Jul 16, 2025, 5:41 PM","","Squat (Barbell)",,"",1,"normal",55,12,,,
"Weights (Unison)","Jul 16, 2025, 5:09 PM","Jul 16, 2025, 5:41 PM","","Squat (Barbell)",,"",2,"normal",55,12,,,
"Weights (Unison)","Jul 16, 2025, 5:09 PM","Jul 16, 2025, 5:41 PM","","Lat Pulldown (Cable)",,"",0,"normal",100,12,,,
"Weights (Unison)","Jul 16, 2025, 5:09 PM","Jul 16, 2025, 5:41 PM","","Lat Pulldown (Cable)",,"",1,"normal",100,12,,,
"Weights (Unison)","Jul 16, 2025, 5:09 PM","Jul 16, 2025, 5:41 PM","","Lat Pulldown (Cable)",,"",2,"normal",100,12,,,
"Weights (Unison)","Jul 16, 2025, 5:09 PM","Jul 16, 2025, 5:41 PM","","Chest Press (Machine)",,"",0,"normal",90,12,,,
"Weights (Unison)","Jul 16, 2025, 5:09 PM","Jul 16, 2025, 5:41 PM","","Chest Press (Machine)",,"",1,"normal",90,11,,,
"Weights (Unison)","Jul 10, 2025, 7:01 AM","Jul 10, 2025, 7:36 AM","","Elliptical Trainer",,"",0,"normal",,,,600,
"Weights (Unison)","Jul 10, 2025, 7:01 AM","Jul 10, 2025, 7:36 AM","","Chest Press (Machine)",,"",0,"normal",90,12,,,
"Weights (Unison)","Jul 10, 2025, 7:01 AM","Jul 10, 2025, 7:36 AM","","Chest Press (Machine)",,"",1,"normal",90,12,,,
"Weights (Unison)","Jul 10, 2025, 7:01 AM","Jul 10, 2025, 7:36 AM","","Chest Press (Machine)",,"",2,"normal",90,12,,,
"Weights (Unison)","Jul 10, 2025, 7:01 AM","Jul 10, 2025, 7:36 AM","","Leg Extension (Machine)",,"",0,"normal",160,12,,,
"Weights (Unison)","Jul 10, 2025, 7:01 AM","Jul 10, 2025, 7:36 AM","","Leg Extension (Machine)",,"",1,"normal",160,12,,,
"Weights (Unison)","Jul 10, 2025, 7:01 AM","Jul 10, 2025, 7:36 AM","","Leg Extension (Machine)",,"",2,"normal",160,12,,,
"Weights (Unison)","Jul 10, 2025, 7:01 AM","Jul 10, 2025, 7:36 AM","","Seated Cable Row - Bar Grip",,"",0,"normal",100,12,,,
"Weights (Unison)","Jul 10, 2025, 7:01 AM","Jul 10, 2025, 7:36 AM","","Seated Cable Row - Bar Grip",,"",1,"normal",100,12,,,
"Weights (Unison)","Jul 10, 2025, 7:01 AM","Jul 10, 2025, 7:36 AM","","Seated Cable Row - Bar Grip",,"",2,"normal",100,8,,,
"Weights (Unison)","Jul 10, 2025, 7:01 AM","Jul 10, 2025, 7:36 AM","","Chest Fly (Dumbbell)",,"",0,"normal",25,12,,,
"Weights (Unison)","Jul 10, 2025, 7:01 AM","Jul 10, 2025, 7:36 AM","","Chest Fly (Dumbbell)",,"",1,"normal",25,8,,,
"Weights (Unison)","Jul 10, 2025, 7:01 AM","Jul 10, 2025, 7:36 AM","","Chest Fly (Dumbbell)",,"",2,"normal",25,9,,,
"Weights (Unison)","Jul 10, 2025, 7:01 AM","Jul 10, 2025, 7:36 AM","","Bicep Curl (Dumbbell)",,"",0,"normal",25,8,,,
"Weights (Unison)","Jul 10, 2025, 7:01 AM","Jul 10, 2025, 7:36 AM","","Bicep Curl (Dumbbell)",,"",1,"normal",25,6,,,
"Weights (Unison)","Jul 10, 2025, 7:01 AM","Jul 10, 2025, 7:36 AM","","Bicep Curl (Dumbbell)",,"",2,"normal",25,6,,,
"Weights (Unison)","Jul 10, 2025, 7:01 AM","Jul 10, 2025, 7:36 AM","","Single Arm Tricep Extension (Dumbbell)",,"",0,"normal",14,12,,,
"Weights (Unison)","Jul 10, 2025, 7:01 AM","Jul 10, 2025, 7:36 AM","","Single Arm Tricep Extension (Dumbbell)",,"",1,"normal",14,12,,,
"Weights (Unison)","Jul 10, 2025, 7:01 AM","Jul 10, 2025, 7:36 AM","","Single Arm Tricep Extension (Dumbbell)",,"",2,"normal",14,12,,,
"Weights (Unison)","Jul 7, 2025, 5:11 PM","Jul 7, 2025, 5:52 PM","","Elliptical Trainer",,"",0,"normal",,,,600,
"Weights (Unison)","Jul 7, 2025, 5:11 PM","Jul 7, 2025, 5:52 PM","","Squat (Barbell)",,"",0,"normal",55,12,,,
"Weights (Unison)","Jul 7, 2025, 5:11 PM","Jul 7, 2025, 5:52 PM","","Squat (Barbell)",,"",1,"normal",55,12,,,
"Weights (Unison)","Jul 7, 2025, 5:11 PM","Jul 7, 2025, 5:52 PM","","Squat (Barbell)",,"",2,"normal",55,12,,,
"Weights (Unison)","Jul 7, 2025, 5:11 PM","Jul 7, 2025, 5:52 PM","","Lat Pulldown (Cable)",,"",0,"normal",100,12,,,
"Weights (Unison)","Jul 7, 2025, 5:11 PM","Jul 7, 2025, 5:52 PM","","Lat Pulldown (Cable)",,"",1,"normal",100,12,,,
"Weights (Unison)","Jul 7, 2025, 5:11 PM","Jul 7, 2025, 5:52 PM","","Lat Pulldown (Cable)",,"",2,"normal",100,12,,,
"Weights (Unison)","Jul 7, 2025, 5:11 PM","Jul 7, 2025, 5:52 PM","","Lying Leg Curl (Machine)",,"",0,"normal",80,12,,,
"Weights (Unison)","Jul 7, 2025, 5:11 PM","Jul 7, 2025, 5:52 PM","","Lying Leg Curl (Machine)",,"",1,"normal",80,12,,,
"Weights (Unison)","Jul 7, 2025, 5:11 PM","Jul 7, 2025, 5:52 PM","","Lying Leg Curl (Machine)",,"",2,"normal",80,12,,,
"Weights (Unison)","Jul 7, 2025, 5:11 PM","Jul 7, 2025, 5:52 PM","","Chest Press (Machine)",,"",0,"normal",90,12,,,
"Weights (Unison)","Jul 7, 2025, 5:11 PM","Jul 7, 2025, 5:52 PM","","Chest Press (Machine)",,"",1,"normal",90,12,,,
"Weights (Unison)","Jul 7, 2025, 5:11 PM","Jul 7, 2025, 5:52 PM","","Chest Press (Machine)",,"",2,"normal",90,12,,,
"Weights (Unison)","Jul 4, 2025, 6:45 AM","Jul 4, 2025, 7:35 AM","","Elliptical Trainer",,"",0,"normal",,,,600,
"Weights (Unison)","Jul 4, 2025, 6:45 AM","Jul 4, 2025, 7:35 AM","","Squat (Barbell)",,"",0,"normal",52.5,12,,,
"Weights (Unison)","Jul 4, 2025, 6:45 AM","Jul 4, 2025, 7:35 AM","","Squat (Barbell)",,"",1,"normal",52.5,12,,,
"Weights (Unison)","Jul 4, 2025, 6:45 AM","Jul 4, 2025, 7:35 AM","","Squat (Barbell)",,"",2,"normal",52.5,12,,,
"Weights (Unison)","Jul 4, 2025, 6:45 AM","Jul 4, 2025, 7:35 AM","","Seated Cable Row - Bar Grip",,"",0,"normal",90,12,,,
"Weights (Unison)","Jul 4, 2025, 6:45 AM","Jul 4, 2025, 7:35 AM","","Seated Cable Row - Bar Grip",,"",1,"normal",90,12,,,
"Weights (Unison)","Jul 4, 2025, 6:45 AM","Jul 4, 2025, 7:35 AM","","Seated Cable Row - Bar Grip",,"",2,"normal",100,12,,,
"Weights (Unison)","Jul 4, 2025, 6:45 AM","Jul 4, 2025, 7:35 AM","","Chest Fly (Dumbbell)",,"",0,"normal",25,12,,,
"Weights (Unison)","Jul 4, 2025, 6:45 AM","Jul 4, 2025, 7:35 AM","","Chest Fly (Dumbbell)",,"",1,"normal",25,12,,,
"Weights (Unison)","Jul 4, 2025, 6:45 AM","Jul 4, 2025, 7:35 AM","","Chest Fly (Dumbbell)",,"",2,"normal",25,10,,,
"Weights (Unison)","Jul 4, 2025, 6:45 AM","Jul 4, 2025, 7:35 AM","","Seated Shoulder Press (Machine)",,"",0,"normal",40,12,,,
"Weights (Unison)","Jul 4, 2025, 6:45 AM","Jul 4, 2025, 7:35 AM","","Seated Shoulder Press (Machine)",,"",1,"normal",40,12,,,
"Weights (Unison)","Jul 4, 2025, 6:45 AM","Jul 4, 2025, 7:35 AM","","Seated Shoulder Press (Machine)",,"",2,"normal",40,12,,,
"Weights (Unison)","Jul 4, 2025, 6:45 AM","Jul 4, 2025, 7:35 AM","","Bicep Curl (Dumbbell)",,"",0,"normal",25,12,,,
"Weights (Unison)","Jul 4, 2025, 6:45 AM","Jul 4, 2025, 7:35 AM","","Bicep Curl (Dumbbell)",,"",1,"normal",25,7,,,
"Weights (Unison)","Jul 4, 2025, 6:45 AM","Jul 4, 2025, 7:35 AM","","Bicep Curl (Dumbbell)",,"",2,"normal",25,6,,,
"Weights (Unison)","Jul 4, 2025, 6:45 AM","Jul 4, 2025, 7:35 AM","","Single Arm Tricep Extension (Dumbbell)",,"",0,"normal",14,12,,,
"Weights (Unison)","Jul 4, 2025, 6:45 AM","Jul 4, 2025, 7:35 AM","","Single Arm Tricep Extension (Dumbbell)",,"",1,"normal",14,12,,,
"Weights (Unison)","Jul 4, 2025, 6:45 AM","Jul 4, 2025, 7:35 AM","","Single Arm Tricep Extension (Dumbbell)",,"",2,"normal",14,12,,,
"Weights (Unison)","Jul 1, 2025, 6:50 AM","Jul 1, 2025, 7:22 AM","","Elliptical Trainer",,"",0,"normal",,,,600,
"Weights (Unison)","Jul 1, 2025, 6:50 AM","Jul 1, 2025, 7:22 AM","","Lat Pulldown (Cable)",,"",0,"normal",100,12,,,
"Weights (Unison)","Jul 1, 2025, 6:50 AM","Jul 1, 2025, 7:22 AM","","Lat Pulldown (Cable)",,"",1,"normal",100,12,,,
"Weights (Unison)","Jul 1, 2025, 6:50 AM","Jul 1, 2025, 7:22 AM","","Lat Pulldown (Cable)",,"",2,"normal",100,7,,,
"Weights (Unison)","Jul 1, 2025, 6:50 AM","Jul 1, 2025, 7:22 AM","","Lying Leg Curl (Machine)",,"",0,"normal",80,12,,,
"Weights (Unison)","Jul 1, 2025, 6:50 AM","Jul 1, 2025, 7:22 AM","","Lying Leg Curl (Machine)",,"",1,"normal",80,12,,,
"Weights (Unison)","Jul 1, 2025, 6:50 AM","Jul 1, 2025, 7:22 AM","","Lying Leg Curl (Machine)",,"",2,"normal",80,12,,,
"Weights (Unison)","Jul 1, 2025, 6:50 AM","Jul 1, 2025, 7:22 AM","","Chest Press (Machine)",,"",0,"normal",80,12,,,
"Weights (Unison)","Jul 1, 2025, 6:50 AM","Jul 1, 2025, 7:22 AM","","Chest Press (Machine)",,"",1,"normal",80,12,,,
"Weights (Unison)","Jul 1, 2025, 6:50 AM","Jul 1, 2025, 7:22 AM","","Chest Press (Machine)",,"",2,"normal",80,12,,,
"Weights (Unison)","Jul 1, 2025, 6:50 AM","Jul 1, 2025, 7:22 AM","","Leg Extension (Machine)",,"",0,"normal",150,12,,,
"Weights (Unison)","Jul 1, 2025, 6:50 AM","Jul 1, 2025, 7:22 AM","","Leg Extension (Machine)",,"",1,"normal",150,12,,,
"Weights (Unison)","Jul 1, 2025, 6:50 AM","Jul 1, 2025, 7:22 AM","","Leg Extension (Machine)",,"",2,"normal",150,12,,,
"Weights (Unison)","Jun 22, 2025, 7:18 PM","Jun 22, 2025, 8:09 PM","","Elliptical Trainer",,"",0,"normal",,,,600,
"Weights (Unison)","Jun 22, 2025, 7:18 PM","Jun 22, 2025, 8:09 PM","","Squat (Barbell)",,"",0,"normal",52.5,12,,,
"Weights (Unison)","Jun 22, 2025, 7:18 PM","Jun 22, 2025, 8:09 PM","","Squat (Barbell)",,"",1,"normal",52.5,12,,,
"Weights (Unison)","Jun 22, 2025, 7:18 PM","Jun 22, 2025, 8:09 PM","","Squat (Barbell)",,"",2,"normal",52.5,12,,,
"Weights (Unison)","Jun 22, 2025, 7:18 PM","Jun 22, 2025, 8:09 PM","","Lat Pulldown (Cable)",,"",0,"normal",100,12,,,
"Weights (Unison)","Jun 22, 2025, 7:18 PM","Jun 22, 2025, 8:09 PM","","Lat Pulldown (Cable)",,"",1,"normal",100,12,,,
"Weights (Unison)","Jun 22, 2025, 7:18 PM","Jun 22, 2025, 8:09 PM","","Lat Pulldown (Cable)",,"",2,"normal",100,12,,,
"Weights (Unison)","Jun 22, 2025, 7:18 PM","Jun 22, 2025, 8:09 PM","","Lying Leg Curl (Machine)",,"",0,"normal",80,12,,,
"Weights (Unison)","Jun 22, 2025, 7:18 PM","Jun 22, 2025, 8:09 PM","","Lying Leg Curl (Machine)",,"",1,"normal",80,12,,,
"Weights (Unison)","Jun 22, 2025, 7:18 PM","Jun 22, 2025, 8:09 PM","","Lying Leg Curl (Machine)",,"",2,"normal",80,12,,,
"Weights (Unison)","Jun 22, 2025, 7:18 PM","Jun 22, 2025, 8:09 PM","","Seated Cable Row - Bar Grip",,"",0,"normal",90,12,,,
"Weights (Unison)","Jun 22, 2025, 7:18 PM","Jun 22, 2025, 8:09 PM","","Seated Cable Row - Bar Grip",,"",1,"normal",90,12,,,
"Weights (Unison)","Jun 22, 2025, 7:18 PM","Jun 22, 2025, 8:09 PM","","Seated Cable Row - Bar Grip",,"",2,"normal",90,12,,,
"Weights (Unison)","Jun 22, 2025, 7:18 PM","Jun 22, 2025, 8:09 PM","","Bicep Curl (Dumbbell)",,"",0,"normal",25,8,,,
"Weights (Unison)","Jun 22, 2025, 7:18 PM","Jun 22, 2025, 8:09 PM","","Bicep Curl (Dumbbell)",,"",1,"normal",25,6,,,
"Weights (Unison)","Jun 22, 2025, 7:18 PM","Jun 22, 2025, 8:09 PM","","Bicep Curl (Dumbbell)",,"",2,"normal",25,6,,,
"Weights (Unison)","Jun 22, 2025, 7:18 PM","Jun 22, 2025, 8:09 PM","","Single Arm Tricep Extension (Dumbbell)",,"",0,"normal",14,12,,,
"Weights (Unison)","Jun 22, 2025, 7:18 PM","Jun 22, 2025, 8:09 PM","","Single Arm Tricep Extension (Dumbbell)",,"",1,"normal",14,12,,,
"Weights (Unison)","Jun 22, 2025, 7:18 PM","Jun 22, 2025, 8:09 PM","","Single Arm Tricep Extension (Dumbbell)",,"",2,"normal",14,12,,,
"Weights (Unison)","Jun 20, 2025, 6:46 AM","Jun 20, 2025, 7:23 AM","","Elliptical Trainer",,"",0,"normal",,,,600,
"Weights (Unison)","Jun 20, 2025, 6:46 AM","Jun 20, 2025, 7:23 AM","","Push Up",,"",0,"normal",,30,,,
"Weights (Unison)","Jun 20, 2025, 6:46 AM","Jun 20, 2025, 7:23 AM","","Push Up",,"",1,"normal",,20,,,
"Weights (Unison)","Jun 20, 2025, 6:46 AM","Jun 20, 2025, 7:23 AM","","Push Up",,"",2,"normal",,20,,,
"Weights (Unison)","Jun 20, 2025, 6:46 AM","Jun 20, 2025, 7:23 AM","","Leg Extension (Machine)",,"",0,"normal",150,12,,,
"Weights (Unison)","Jun 20, 2025, 6:46 AM","Jun 20, 2025, 7:23 AM","","Leg Extension (Machine)",,"",1,"normal",150,12,,,
"Weights (Unison)","Jun 20, 2025, 6:46 AM","Jun 20, 2025, 7:23 AM","","Leg Extension (Machine)",,"",2,"normal",150,12,,,
"Weights (Unison)","Jun 20, 2025, 6:46 AM","Jun 20, 2025, 7:23 AM","","Seated Cable Row - Bar Grip",,"",0,"normal",90,12,,,
"Weights (Unison)","Jun 20, 2025, 6:46 AM","Jun 20, 2025, 7:23 AM","","Seated Cable Row - Bar Grip",,"",1,"normal",90,12,,,
"Weights (Unison)","Jun 20, 2025, 6:46 AM","Jun 20, 2025, 7:23 AM","","Seated Cable Row - Bar Grip",,"",2,"normal",90,12,,,
"Weights (Unison)","Jun 20, 2025, 6:46 AM","Jun 20, 2025, 7:23 AM","","Chest Fly (Dumbbell)",,"",0,"normal",25,12,,,
"Weights (Unison)","Jun 20, 2025, 6:46 AM","Jun 20, 2025, 7:23 AM","","Chest Fly (Dumbbell)",,"",1,"normal",25,12,,,
"Weights (Unison)","Jun 20, 2025, 6:46 AM","Jun 20, 2025, 7:23 AM","","Chest Fly (Dumbbell)",,"",2,"normal",25,12,,,
"Weights (Unison)","Jun 18, 2025, 7:42 PM","Jun 18, 2025, 8:17 PM","","Elliptical Trainer",,"",0,"normal",,,,600,
"Weights (Unison)","Jun 18, 2025, 7:42 PM","Jun 18, 2025, 8:17 PM","","Squat (Barbell)",,"",0,"normal",52.5,12,,,
"Weights (Unison)","Jun 18, 2025, 7:42 PM","Jun 18, 2025, 8:17 PM","","Squat (Barbell)",,"",1,"normal",52.5,12,,,
"Weights (Unison)","Jun 18, 2025, 7:42 PM","Jun 18, 2025, 8:17 PM","","Squat (Barbell)",,"",2,"normal",52.5,12,,,
"Weights (Unison)","Jun 18, 2025, 7:42 PM","Jun 18, 2025, 8:17 PM","","Lat Pulldown (Cable)",,"",0,"normal",90,12,,,
"Weights (Unison)","Jun 18, 2025, 7:42 PM","Jun 18, 2025, 8:17 PM","","Lat Pulldown (Cable)",,"",1,"normal",90,12,,,
"Weights (Unison)","Jun 18, 2025, 7:42 PM","Jun 18, 2025, 8:17 PM","","Lat Pulldown (Cable)",,"",2,"normal",100,7,,,
"Weights (Unison)","Jun 18, 2025, 7:42 PM","Jun 18, 2025, 8:17 PM","","Lying Leg Curl (Machine)",,"",0,"normal",80,12,,,
"Weights (Unison)","Jun 18, 2025, 7:42 PM","Jun 18, 2025, 8:17 PM","","Lying Leg Curl (Machine)",,"",1,"normal",80,12,,,
"Weights (Unison)","Jun 18, 2025, 7:42 PM","Jun 18, 2025, 8:17 PM","","Lying Leg Curl (Machine)",,"",2,"normal",80,12,,,
"Weights (Unison)","Jun 18, 2025, 7:42 PM","Jun 18, 2025, 8:17 PM","","Push Up",,"",0,"normal",,20,,,
"Weights (Unison)","Jun 16, 2025, 6:45 AM","Jun 16, 2025, 7:29 AM","","Elliptical Trainer",,"",0,"normal",,,,600,
"Weights (Unison)","Jun 16, 2025, 6:45 AM","Jun 16, 2025, 7:29 AM","","Push Up",,"",0,"normal",,25,,,
"Weights (Unison)","Jun 16, 2025, 6:45 AM","Jun 16, 2025, 7:29 AM","","Push Up",,"",1,"normal",,20,,,
"Weights (Unison)","Jun 16, 2025, 6:45 AM","Jun 16, 2025, 7:29 AM","","Push Up",,"",2,"normal",,20,,,
"Weights (Unison)","Jun 16, 2025, 6:45 AM","Jun 16, 2025, 7:29 AM","","Leg Extension (Machine)",,"",0,"normal",140,12,,,
"Weights (Unison)","Jun 16, 2025, 6:45 AM","Jun 16, 2025, 7:29 AM","","Leg Extension (Machine)",,"",1,"normal",150,12,,,
"Weights (Unison)","Jun 16, 2025, 6:45 AM","Jun 16, 2025, 7:29 AM","","Leg Extension (Machine)",,"",2,"normal",150,12,,,
"Weights (Unison)","Jun 16, 2025, 6:45 AM","Jun 16, 2025, 7:29 AM","","Seated Cable Row - Bar Grip",,"",0,"normal",80,12,,,
"Weights (Unison)","Jun 16, 2025, 6:45 AM","Jun 16, 2025, 7:29 AM","","Seated Cable Row - Bar Grip",,"",1,"normal",90,12,,,
"Weights (Unison)","Jun 16, 2025, 6:45 AM","Jun 16, 2025, 7:29 AM","","Seated Cable Row - Bar Grip",,"",2,"normal",90,12,,,
"Weights (Unison)","Jun 16, 2025, 6:45 AM","Jun 16, 2025, 7:29 AM","","Chest Fly (Dumbbell)",,"",0,"normal",20,12,,,
"Weights (Unison)","Jun 16, 2025, 6:45 AM","Jun 16, 2025, 7:29 AM","","Chest Fly (Dumbbell)",,"",1,"normal",20,12,,,
"Weights (Unison)","Jun 16, 2025, 6:45 AM","Jun 16, 2025, 7:29 AM","","Chest Fly (Dumbbell)",,"",2,"normal",25,8,,,
"Weights (Unison)","Jun 16, 2025, 6:45 AM","Jun 16, 2025, 7:29 AM","","Bicep Curl (Dumbbell)",,"",0,"normal",20,12,,,
"Weights (Unison)","Jun 16, 2025, 6:45 AM","Jun 16, 2025, 7:29 AM","","Bicep Curl (Dumbbell)",,"",1,"normal",20,12,,,
"Weights (Unison)","Jun 16, 2025, 6:45 AM","Jun 16, 2025, 7:29 AM","","Bicep Curl (Dumbbell)",,"",2,"normal",20,12,,,
"Weights (Unison)","Jun 16, 2025, 6:45 AM","Jun 16, 2025, 7:29 AM","","Single Arm Tricep Extension (Dumbbell)",,"",0,"normal",12,12,,,
"Weights (Unison)","Jun 16, 2025, 6:45 AM","Jun 16, 2025, 7:29 AM","","Single Arm Tricep Extension (Dumbbell)",,"",1,"normal",12,12,,,
"Weights (Unison)","Jun 16, 2025, 6:45 AM","Jun 16, 2025, 7:29 AM","","Single Arm Tricep Extension (Dumbbell)",,"",2,"normal",14,12,,,
"Weights (Unison)","Jun 11, 2025, 6:22 PM","Jun 11, 2025, 6:53 PM","","Elliptical Trainer",,"",0,"normal",,,,600,
"Weights (Unison)","Jun 11, 2025, 6:22 PM","Jun 11, 2025, 6:53 PM","","Squat (Barbell)",,"",0,"normal",50,12,,,
"Weights (Unison)","Jun 11, 2025, 6:22 PM","Jun 11, 2025, 6:53 PM","","Squat (Barbell)",,"",1,"normal",50,12,,,
"Weights (Unison)","Jun 11, 2025, 6:22 PM","Jun 11, 2025, 6:53 PM","","Squat (Barbell)",,"",2,"normal",50,12,,,
"Weights (Unison)","Jun 11, 2025, 6:22 PM","Jun 11, 2025, 6:53 PM","","Lat Pulldown (Cable)",,"",0,"normal",90,12,,,
"Weights (Unison)","Jun 11, 2025, 6:22 PM","Jun 11, 2025, 6:53 PM","","Lat Pulldown (Cable)",,"",1,"normal",90,12,,,
"Weights (Unison)","Jun 11, 2025, 6:22 PM","Jun 11, 2025, 6:53 PM","","Lat Pulldown (Cable)",,"",2,"normal",90,12,,,
"Weights (Unison)","Jun 11, 2025, 6:22 PM","Jun 11, 2025, 6:53 PM","","Lying Leg Curl (Machine)",,"",0,"normal",80,12,,,
"Weights (Unison)","Jun 11, 2025, 6:22 PM","Jun 11, 2025, 6:53 PM","","Lying Leg Curl (Machine)",,"",1,"normal",80,12,,,
"Weights (Unison)","Jun 11, 2025, 6:22 PM","Jun 11, 2025, 6:53 PM","","Push Up",,"",0,"normal",,25,,,
"Weights (Unison)","Jun 11, 2025, 6:22 PM","Jun 11, 2025, 6:53 PM","","Push Up",,"",1,"normal",,20,,,
"Weights (Unison)","Jun 11, 2025, 6:22 PM","Jun 11, 2025, 6:53 PM","","Push Up",,"",2,"normal",,20,,,
"Weights (Unison)","Jun 4, 2025, 6:17 AM","Jun 4, 2025, 6:58 AM","","Elliptical Trainer",,"",0,"normal",,,,600,
"Weights (Unison)","Jun 4, 2025, 6:17 AM","Jun 4, 2025, 6:58 AM","","Squat (Barbell)",,"",0,"normal",50,12,,,
"Weights (Unison)","Jun 4, 2025, 6:17 AM","Jun 4, 2025, 6:58 AM","","Squat (Barbell)",,"",1,"normal",50,12,,,
"Weights (Unison)","Jun 4, 2025, 6:17 AM","Jun 4, 2025, 6:58 AM","","Squat (Barbell)",,"",2,"normal",50,12,,,
"Weights (Unison)","Jun 4, 2025, 6:17 AM","Jun 4, 2025, 6:58 AM","","Lat Pulldown (Cable)",,"",0,"normal",80,12,,,
"Weights (Unison)","Jun 4, 2025, 6:17 AM","Jun 4, 2025, 6:58 AM","","Lat Pulldown (Cable)",,"",1,"normal",90,12,,,
"Weights (Unison)","Jun 4, 2025, 6:17 AM","Jun 4, 2025, 6:58 AM","","Lat Pulldown (Cable)",,"",2,"normal",90,12,,,
"Weights (Unison)","Jun 4, 2025, 6:17 AM","Jun 4, 2025, 6:58 AM","","Lying Leg Curl (Machine)",,"",0,"normal",80,12,,,
"Weights (Unison)","Jun 4, 2025, 6:17 AM","Jun 4, 2025, 6:58 AM","","Lying Leg Curl (Machine)",,"",1,"normal",80,12,,,
"Weights (Unison)","Jun 4, 2025, 6:17 AM","Jun 4, 2025, 6:58 AM","","Lying Leg Curl (Machine)",,"",2,"normal",80,8,,,
"Weights (Unison)","Jun 4, 2025, 6:17 AM","Jun 4, 2025, 6:58 AM","","Push Up",,"",0,"normal",,30,,,
"Weights (Unison)","Jun 4, 2025, 6:17 AM","Jun 4, 2025, 6:58 AM","","Push Up",,"",1,"normal",,20,,,
"Weights (Unison)","Jun 4, 2025, 6:17 AM","Jun 4, 2025, 6:58 AM","","Push Up",,"",2,"normal",,20,,,
"Weights (Unison)","May 28, 2025, 6:16 PM","May 28, 2025, 6:46 PM","","Elliptical Trainer",,"",0,"normal",,,,600,
"Weights (Unison)","May 28, 2025, 6:16 PM","May 28, 2025, 6:46 PM","","Squat (Barbell)",,"",0,"normal",50,12,,,
"Weights (Unison)","May 28, 2025, 6:16 PM","May 28, 2025, 6:46 PM","","Squat (Barbell)",,"",1,"normal",50,12,,,
"Weights (Unison)","May 28, 2025, 6:16 PM","May 28, 2025, 6:46 PM","","Squat (Barbell)",,"",2,"normal",50,12,,,
"Weights (Unison)","May 28, 2025, 6:16 PM","May 28, 2025, 6:46 PM","","Lat Pulldown (Cable)",,"",0,"normal",90,12,,,
"Weights (Unison)","May 28, 2025, 6:16 PM","May 28, 2025, 6:46 PM","","Lat Pulldown (Cable)",,"",1,"normal",90,12,,,
"Weights (Unison)","May 28, 2025, 6:16 PM","May 28, 2025, 6:46 PM","","Lat Pulldown (Cable)",,"",2,"normal",90,12,,,
"Weights (Unison)","May 28, 2025, 6:16 PM","May 28, 2025, 6:46 PM","","Push Up",,"",0,"normal",,24,,,
"Weights (Unison)","May 28, 2025, 6:16 PM","May 28, 2025, 6:46 PM","","Push Up",,"",1,"normal",,20,,,
"Weights (Unison)","May 28, 2025, 6:16 PM","May 28, 2025, 6:46 PM","","Push Up",,"",2,"normal",,20,,,
"Weights (Unison)","May 26, 2025, 6:27 AM","May 26, 2025, 7:20 AM","","Elliptical Trainer",,"",0,"normal",,,,600,
"Weights (Unison)","May 26, 2025, 6:27 AM","May 26, 2025, 7:20 AM","","Leg Extension (Machine)",,"",0,"normal",140,12,,,
"Weights (Unison)","May 26, 2025, 6:27 AM","May 26, 2025, 7:20 AM","","Leg Extension (Machine)",,"",1,"normal",140,12,,,
"Weights (Unison)","May 26, 2025, 6:27 AM","May 26, 2025, 7:20 AM","","Leg Extension (Machine)",,"",2,"normal",140,12,,,
"Weights (Unison)","May 26, 2025, 6:27 AM","May 26, 2025, 7:20 AM","","Seated Cable Row - Bar Grip",,"",0,"normal",80,12,,,
"Weights (Unison)","May 26, 2025, 6:27 AM","May 26, 2025, 7:20 AM","","Seated Cable Row - Bar Grip",,"",1,"normal",80,12,,,
"Weights (Unison)","May 26, 2025, 6:27 AM","May 26, 2025, 7:20 AM","","Seated Cable Row - Bar Grip",,"",2,"normal",90,12,,,
"Weights (Unison)","May 26, 2025, 6:27 AM","May 26, 2025, 7:20 AM","","Chest Fly (Dumbbell)",,"",0,"normal",20,12,,,
"Weights (Unison)","May 26, 2025, 6:27 AM","May 26, 2025, 7:20 AM","","Chest Fly (Dumbbell)",,"",1,"normal",20,12,,,
"Weights (Unison)","May 26, 2025, 6:27 AM","May 26, 2025, 7:20 AM","","Chest Fly (Dumbbell)",,"",2,"normal",20,12,,,
"Weights (Unison)","May 26, 2025, 6:27 AM","May 26, 2025, 7:20 AM","","Seated Shoulder Press (Machine)",,"",0,"normal",40,12,,,
"Weights (Unison)","May 26, 2025, 6:27 AM","May 26, 2025, 7:20 AM","","Seated Shoulder Press (Machine)",,"",1,"normal",40,12,,,
"Weights (Unison)","May 26, 2025, 6:27 AM","May 26, 2025, 7:20 AM","","Seated Shoulder Press (Machine)",,"",2,"normal",40,12,,,
"Weights (Unison)","May 26, 2025, 6:27 AM","May 26, 2025, 7:20 AM","","Bicep Curl (Dumbbell)",,"",0,"normal",20,12,,,
"Weights (Unison)","May 26, 2025, 6:27 AM","May 26, 2025, 7:20 AM","","Bicep Curl (Dumbbell)",,"",1,"normal",20,12,,,
"Weights (Unison)","May 26, 2025, 6:27 AM","May 26, 2025, 7:20 AM","","Bicep Curl (Dumbbell)",,"",2,"normal",20,10,,,
"Weights (Unison)","May 26, 2025, 6:27 AM","May 26, 2025, 7:20 AM","","Single Arm Tricep Extension (Dumbbell)",,"",0,"normal",12,12,,,
"Weights (Unison)","May 26, 2025, 6:27 AM","May 26, 2025, 7:20 AM","","Single Arm Tricep Extension (Dumbbell)",,"",1,"normal",12,12,,,
"Weights (Unison)","May 26, 2025, 6:27 AM","May 26, 2025, 7:20 AM","","Single Arm Tricep Extension (Dumbbell)",,"",2,"normal",12,12,,,
"Weights (Unison)","May 23, 2025, 6:42 AM","May 23, 2025, 7:09 AM","","Elliptical Trainer",,"",0,"normal",,,,600,
"Weights (Unison)","May 23, 2025, 6:42 AM","May 23, 2025, 7:09 AM","","Squat (Barbell)",,"",0,"normal",50,12,,,
"Weights (Unison)","May 23, 2025, 6:42 AM","May 23, 2025, 7:09 AM","","Squat (Barbell)",,"",1,"normal",40,12,,,
"Weights (Unison)","May 23, 2025, 6:42 AM","May 23, 2025, 7:09 AM","","Squat (Barbell)",,"",2,"normal",40,3,,,
"Weights (Unison)","May 23, 2025, 6:42 AM","May 23, 2025, 7:09 AM","","Lat Pulldown (Cable)",,"",0,"normal",80,12,,,
"Weights (Unison)","May 23, 2025, 6:42 AM","May 23, 2025, 7:09 AM","","Lat Pulldown (Cable)",,"",1,"normal",80,12,,,
"Weights (Unison)","May 23, 2025, 6:42 AM","May 23, 2025, 7:09 AM","","Lat Pulldown (Cable)",,"",2,"normal",90,12,,,
"Weights (Unison)","May 23, 2025, 6:42 AM","May 23, 2025, 7:09 AM","","Lying Leg Curl (Machine)",,"",0,"normal",80,12,,,
"Weights (Unison)","May 23, 2025, 6:42 AM","May 23, 2025, 7:09 AM","","Lying Leg Curl (Machine)",,"",1,"normal",80,12,,,
"Weights (Unison)","May 23, 2025, 6:42 AM","May 23, 2025, 7:09 AM","","Lying Leg Curl (Machine)",,"",2,"normal",80,8,,,
"Weights (Unison)","May 23, 2025, 6:42 AM","May 23, 2025, 7:09 AM","","Push Up",,"",0,"normal",,24,,,
"Weights (Unison)","May 23, 2025, 6:42 AM","May 23, 2025, 7:09 AM","","Push Up",,"",1,"normal",,20,,,
"Weights (Unison)","May 23, 2025, 6:42 AM","May 23, 2025, 7:09 AM","","Push Up",,"",2,"normal",,20,,,
"Weights (Unison)","May 20, 2025, 6:23 AM","May 20, 2025, 7:06 AM","","Elliptical Trainer",,"",0,"normal",,,,600,
"Weights (Unison)","May 20, 2025, 6:23 AM","May 20, 2025, 7:06 AM","","Leg Extension (Machine)",,"",0,"normal",130,12,,,
"Weights (Unison)","May 20, 2025, 6:23 AM","May 20, 2025, 7:06 AM","","Leg Extension (Machine)",,"",1,"normal",140,12,,,
"Weights (Unison)","May 20, 2025, 6:23 AM","May 20, 2025, 7:06 AM","","Leg Extension (Machine)",,"",2,"normal",140,12,,,
"Weights (Unison)","May 20, 2025, 6:23 AM","May 20, 2025, 7:06 AM","","Seated Cable Row - Bar Grip",,"",0,"normal",80,12,,,
"Weights (Unison)","May 20, 2025, 6:23 AM","May 20, 2025, 7:06 AM","","Seated Cable Row - Bar Grip",,"",1,"normal",80,12,,,
"Weights (Unison)","May 20, 2025, 6:23 AM","May 20, 2025, 7:06 AM","","Seated Cable Row - Bar Grip",,"",2,"normal",90,9,,,
"Weights (Unison)","May 20, 2025, 6:23 AM","May 20, 2025, 7:06 AM","","Chest Fly (Dumbbell)",,"",0,"normal",20,12,,,
"Weights (Unison)","May 20, 2025, 6:23 AM","May 20, 2025, 7:06 AM","","Chest Fly (Dumbbell)",,"",1,"normal",20,12,,,
"Weights (Unison)","May 20, 2025, 6:23 AM","May 20, 2025, 7:06 AM","","Chest Fly (Dumbbell)",,"",2,"normal",20,12,,,
"Weights (Unison)","May 20, 2025, 6:23 AM","May 20, 2025, 7:06 AM","","Seated Shoulder Press (Machine)",,"",0,"normal",40,12,,,
"Weights (Unison)","May 20, 2025, 6:23 AM","May 20, 2025, 7:06 AM","","Seated Shoulder Press (Machine)",,"",1,"normal",40,12,,,
"Weights (Unison)","May 20, 2025, 6:23 AM","May 20, 2025, 7:06 AM","","Seated Shoulder Press (Machine)",,"",2,"normal",40,10,,,
"Weights (Unison)","May 20, 2025, 6:23 AM","May 20, 2025, 7:06 AM","","Bicep Curl (Dumbbell)",,"",0,"normal",20,12,,,
"Weights (Unison)","May 20, 2025, 6:23 AM","May 20, 2025, 7:06 AM","","Bicep Curl (Dumbbell)",,"",1,"normal",20,12,,,
"Weights (Unison)","May 20, 2025, 6:23 AM","May 20, 2025, 7:06 AM","","Bicep Curl (Dumbbell)",,"",2,"normal",20,10,,,
"Weights (Unison)","May 20, 2025, 6:23 AM","May 20, 2025, 7:06 AM","","Single Arm Tricep Extension (Dumbbell)",,"",0,"normal",12,12,,,
"Weights (Unison)","May 20, 2025, 6:23 AM","May 20, 2025, 7:06 AM","","Single Arm Tricep Extension (Dumbbell)",,"",1,"normal",12,12,,,
"Weights (Unison)","May 20, 2025, 6:23 AM","May 20, 2025, 7:06 AM","","Single Arm Tricep Extension (Dumbbell)",,"",2,"normal",12,12,,,
"Weights (Unison)","May 18, 2025, 2:14 PM","May 18, 2025, 2:53 PM","","Elliptical Trainer",,"",0,"normal",,,,600,
"Weights (Unison)","May 18, 2025, 2:14 PM","May 18, 2025, 2:53 PM","","Squat (Barbell)",,"",0,"normal",47.5,12,,,
"Weights (Unison)","May 18, 2025, 2:14 PM","May 18, 2025, 2:53 PM","","Lat Pulldown (Cable)",,"",0,"normal",80,12,,,
"Weights (Unison)","May 18, 2025, 2:14 PM","May 18, 2025, 2:53 PM","","Lat Pulldown (Cable)",,"",1,"normal",80,12,,,
"Weights (Unison)","May 18, 2025, 2:14 PM","May 18, 2025, 2:53 PM","","Lat Pulldown (Cable)",,"",2,"normal",90,12,,,
"Weights (Unison)","May 18, 2025, 2:14 PM","May 18, 2025, 2:53 PM","","Lying Leg Curl (Machine)",,"",0,"normal",80,12,,,
"Weights (Unison)","May 18, 2025, 2:14 PM","May 18, 2025, 2:53 PM","","Lying Leg Curl (Machine)",,"",1,"normal",80,12,,,
"Weights (Unison)","May 18, 2025, 2:14 PM","May 18, 2025, 2:53 PM","","Lying Leg Curl (Machine)",,"",2,"normal",80,12,,,
"Weights (Unison)","May 18, 2025, 2:14 PM","May 18, 2025, 2:53 PM","","Push Up",,"",0,"normal",,24,,,
"Weights (Unison)","May 18, 2025, 2:14 PM","May 18, 2025, 2:53 PM","","Push Up",,"",1,"normal",,20,,,
"Weights (Unison)","May 18, 2025, 2:14 PM","May 18, 2025, 2:53 PM","","Push Up",,"",2,"normal",,20,,,
"Weights (Unison)","May 15, 2025, 7:17 PM","May 15, 2025, 7:59 PM","","Elliptical Trainer",,"",0,"normal",,,,600,
"Weights (Unison)","May 15, 2025, 7:17 PM","May 15, 2025, 7:59 PM","","Leg Extension (Machine)",,"",0,"normal",130,12,,,
"Weights (Unison)","May 15, 2025, 7:17 PM","May 15, 2025, 7:59 PM","","Leg Extension (Machine)",,"",1,"normal",130,12,,,
"Weights (Unison)","May 15, 2025, 7:17 PM","May 15, 2025, 7:59 PM","","Leg Extension (Machine)",,"",2,"normal",140,12,,,
"Weights (Unison)","May 15, 2025, 7:17 PM","May 15, 2025, 7:59 PM","","Seated Cable Row - Bar Grip",,"",0,"normal",80,12,,,
"Weights (Unison)","May 15, 2025, 7:17 PM","May 15, 2025, 7:59 PM","","Seated Cable Row - Bar Grip",,"",1,"normal",80,12,,,
"Weights (Unison)","May 15, 2025, 7:17 PM","May 15, 2025, 7:59 PM","","Seated Cable Row - Bar Grip",,"",2,"normal",80,12,,,
"Weights (Unison)","May 15, 2025, 7:17 PM","May 15, 2025, 7:59 PM","","Chest Fly (Dumbbell)",,"",0,"normal",20,12,,,
"Weights (Unison)","May 15, 2025, 7:17 PM","May 15, 2025, 7:59 PM","","Chest Fly (Dumbbell)",,"",1,"normal",20,12,,,
"Weights (Unison)","May 15, 2025, 7:17 PM","May 15, 2025, 7:59 PM","","Chest Fly (Dumbbell)",,"",2,"normal",20,12,,,
"Weights (Unison)","May 15, 2025, 7:17 PM","May 15, 2025, 7:59 PM","","Seated Shoulder Press (Machine)",,"",0,"normal",40,12,,,
"Weights (Unison)","May 15, 2025, 7:17 PM","May 15, 2025, 7:59 PM","","Seated Shoulder Press (Machine)",,"",1,"normal",40,12,,,
"Weights (Unison)","May 15, 2025, 7:17 PM","May 15, 2025, 7:59 PM","","Seated Shoulder Press (Machine)",,"",2,"normal",40,12,,,
"Weights (Unison)","May 15, 2025, 7:17 PM","May 15, 2025, 7:59 PM","","Bicep Curl (Dumbbell)",,"",0,"normal",18,12,,,
"Weights (Unison)","May 15, 2025, 7:17 PM","May 15, 2025, 7:59 PM","","Bicep Curl (Dumbbell)",,"",1,"normal",18,12,,,
"Weights (Unison)","May 15, 2025, 7:17 PM","May 15, 2025, 7:59 PM","","Bicep Curl (Dumbbell)",,"",2,"normal",18,12,,,
"Weights (Unison)","May 15, 2025, 7:17 PM","May 15, 2025, 7:59 PM","","Single Arm Tricep Extension (Dumbbell)",,"",0,"normal",12,12,,,
"Weights (Unison)","May 15, 2025, 7:17 PM","May 15, 2025, 7:59 PM","","Single Arm Tricep Extension (Dumbbell)",,"",1,"normal",12,12,,,
"Weights (Unison)","May 15, 2025, 7:17 PM","May 15, 2025, 7:59 PM","","Single Arm Tricep Extension (Dumbbell)",,"",2,"normal",12,12,,,
"Weights (Unison)","May 11, 2025, 5:49 PM","May 11, 2025, 6:39 PM","","Elliptical Trainer",,"",0,"normal",,,,600,
"Weights (Unison)","May 11, 2025, 5:49 PM","May 11, 2025, 6:39 PM","","Squat (Barbell)",,"",0,"normal",47.5,12,,,
"Weights (Unison)","May 11, 2025, 5:49 PM","May 11, 2025, 6:39 PM","","Squat (Barbell)",,"",1,"normal",47.5,12,,,
"Weights (Unison)","May 11, 2025, 5:49 PM","May 11, 2025, 6:39 PM","","Squat (Barbell)",,"",2,"normal",47.5,12,,,
"Weights (Unison)","May 11, 2025, 5:49 PM","May 11, 2025, 6:39 PM","","Lat Pulldown (Cable)",,"",0,"normal",80,12,,,
"Weights (Unison)","May 11, 2025, 5:49 PM","May 11, 2025, 6:39 PM","","Lat Pulldown (Cable)",,"",1,"normal",80,12,,,
"Weights (Unison)","May 11, 2025, 5:49 PM","May 11, 2025, 6:39 PM","","Lat Pulldown (Cable)",,"",2,"normal",90,12,,,
"Weights (Unison)","May 11, 2025, 5:49 PM","May 11, 2025, 6:39 PM","","Lying Leg Curl (Machine)",,"",0,"normal",80,12,,,
"Weights (Unison)","May 11, 2025, 5:49 PM","May 11, 2025, 6:39 PM","","Lying Leg Curl (Machine)",,"",1,"normal",80,12,,,
"Weights (Unison)","May 11, 2025, 5:49 PM","May 11, 2025, 6:39 PM","","Push Up",,"",0,"normal",,30,,,
"Weights (Unison)","May 11, 2025, 5:49 PM","May 11, 2025, 6:39 PM","","Push Up",,"",1,"normal",,21,,,
"Weights (Unison)","May 2, 2025, 1:05 PM","May 2, 2025, 1:42 PM","","Elliptical Trainer",,"",0,"normal",,,,600,
"Weights (Unison)","May 2, 2025, 1:05 PM","May 2, 2025, 1:42 PM","","Squat (Barbell)",,"",0,"normal",47.5,12,,,
"Weights (Unison)","May 2, 2025, 1:05 PM","May 2, 2025, 1:42 PM","","Squat (Barbell)",,"",1,"normal",47.5,12,,,
"Weights (Unison)","May 2, 2025, 1:05 PM","May 2, 2025, 1:42 PM","","Squat (Barbell)",,"",2,"normal",47.5,12,,,
"Weights (Unison)","May 2, 2025, 1:05 PM","May 2, 2025, 1:42 PM","","Lat Pulldown (Cable)",,"",0,"normal",80,12,,,
"Weights (Unison)","May 2, 2025, 1:05 PM","May 2, 2025, 1:42 PM","","Lat Pulldown (Cable)",,"",1,"normal",80,12,,,
"Weights (Unison)","May 2, 2025, 1:05 PM","May 2, 2025, 1:42 PM","","Lat Pulldown (Cable)",,"",2,"normal",80,12,,,
"Weights (Unison)","May 2, 2025, 1:05 PM","May 2, 2025, 1:42 PM","","Lying Leg Curl (Machine)",,"",0,"normal",80,12,,,
"Weights (Unison)","May 2, 2025, 1:05 PM","May 2, 2025, 1:42 PM","","Lying Leg Curl (Machine)",,"",1,"normal",80,12,,,
"Weights (Unison)","May 2, 2025, 1:05 PM","May 2, 2025, 1:42 PM","","Lying Leg Curl (Machine)",,"",2,"normal",80,12,,,
"Weights (Unison)","May 2, 2025, 1:05 PM","May 2, 2025, 1:42 PM","","Chest Press (Machine)",,"",0,"normal",80,12,,,
"Weights (Unison)","May 2, 2025, 1:05 PM","May 2, 2025, 1:42 PM","","Chest Press (Machine)",,"",1,"normal",80,12,,,
"Weights (Unison)","May 2, 2025, 1:05 PM","May 2, 2025, 1:42 PM","","Chest Press (Machine)",,"",2,"normal",80,12,,,
"Weights (Unison)","May 1, 2025, 7:43 PM","May 1, 2025, 8:26 PM","","Elliptical Trainer",,"",0,"normal",,,,600,
"Weights (Unison)","May 1, 2025, 7:43 PM","May 1, 2025, 8:26 PM","","Leg Extension (Machine)",,"",0,"normal",130,12,,,
"Weights (Unison)","May 1, 2025, 7:43 PM","May 1, 2025, 8:26 PM","","Leg Extension (Machine)",,"",1,"normal",130,12,,,
"Weights (Unison)","May 1, 2025, 7:43 PM","May 1, 2025, 8:26 PM","","Leg Extension (Machine)",,"",2,"normal",130,12,,,
"Weights (Unison)","May 1, 2025, 7:43 PM","May 1, 2025, 8:26 PM","","Seated Cable Row - Bar Grip",,"",0,"normal",80,12,,,
"Weights (Unison)","May 1, 2025, 7:43 PM","May 1, 2025, 8:26 PM","","Seated Cable Row - Bar Grip",,"",1,"normal",80,12,,,
"Weights (Unison)","May 1, 2025, 7:43 PM","May 1, 2025, 8:26 PM","","Seated Cable Row - Bar Grip",,"",2,"normal",80,12,,,
"Weights (Unison)","May 1, 2025, 7:43 PM","May 1, 2025, 8:26 PM","","Chest Fly (Dumbbell)",,"",0,"normal",18,12,,,
"Weights (Unison)","May 1, 2025, 7:43 PM","May 1, 2025, 8:26 PM","","Chest Fly (Dumbbell)",,"",1,"normal",18,12,,,
"Weights (Unison)","May 1, 2025, 7:43 PM","May 1, 2025, 8:26 PM","","Chest Fly (Dumbbell)",,"",2,"normal",18,12,,,
"Weights (Unison)","May 1, 2025, 7:43 PM","May 1, 2025, 8:26 PM","","Seated Shoulder Press (Machine)",,"",0,"normal",40,12,,,
"Weights (Unison)","May 1, 2025, 7:43 PM","May 1, 2025, 8:26 PM","","Seated Shoulder Press (Machine)",,"",1,"normal",40,12,,,
"Weights (Unison)","May 1, 2025, 7:43 PM","May 1, 2025, 8:26 PM","","Seated Shoulder Press (Machine)",,"",2,"normal",40,12,,,
"Weights (Unison)","May 1, 2025, 7:43 PM","May 1, 2025, 8:26 PM","","Bicep Curl (Dumbbell)",,"",0,"normal",16,12,,,
"Weights (Unison)","May 1, 2025, 7:43 PM","May 1, 2025, 8:26 PM","","Bicep Curl (Dumbbell)",,"",1,"normal",16,12,,,
"Weights (Unison)","May 1, 2025, 7:43 PM","May 1, 2025, 8:26 PM","","Bicep Curl (Dumbbell)",,"",2,"normal",16,12,,,
"Weights (Unison)","May 1, 2025, 7:43 PM","May 1, 2025, 8:26 PM","","Single Arm Tricep Extension (Dumbbell)",,"",0,"normal",5,12,,,
"Weights (Unison)","May 1, 2025, 7:43 PM","May 1, 2025, 8:26 PM","","Single Arm Tricep Extension (Dumbbell)",,"",1,"normal",5,12,,,
"Weights (Unison)","May 1, 2025, 7:43 PM","May 1, 2025, 8:26 PM","","Single Arm Tricep Extension (Dumbbell)",,"",2,"normal",5,12,,,
"Weights (Unison)","Apr 27, 2025, 3:45 PM","Apr 27, 2025, 4:23 PM","","Elliptical Trainer",,"",0,"normal",,,,600,
"Weights (Unison)","Apr 27, 2025, 3:45 PM","Apr 27, 2025, 4:23 PM","","Squat (Barbell)",,"",0,"normal",45,12,,,
"Weights (Unison)","Apr 27, 2025, 3:45 PM","Apr 27, 2025, 4:23 PM","","Squat (Barbell)",,"",1,"normal",45,12,,,
"Weights (Unison)","Apr 27, 2025, 3:45 PM","Apr 27, 2025, 4:23 PM","","Squat (Barbell)",,"",2,"normal",45,12,,,
"Weights (Unison)","Apr 27, 2025, 3:45 PM","Apr 27, 2025, 4:23 PM","","Lat Pulldown (Cable)",,"",0,"normal",80,12,,,
"Weights (Unison)","Apr 27, 2025, 3:45 PM","Apr 27, 2025, 4:23 PM","","Lat Pulldown (Cable)",,"",1,"normal",80,12,,,
"Weights (Unison)","Apr 27, 2025, 3:45 PM","Apr 27, 2025, 4:23 PM","","Lat Pulldown (Cable)",,"",2,"normal",80,12,,,
"Weights (Unison)","Apr 27, 2025, 3:45 PM","Apr 27, 2025, 4:23 PM","","Lying Leg Curl (Machine)",,"",0,"normal",70,12,,,
"Weights (Unison)","Apr 27, 2025, 3:45 PM","Apr 27, 2025, 4:23 PM","","Lying Leg Curl (Machine)",,"",1,"normal",80,12,,,
"Weights (Unison)","Apr 27, 2025, 3:45 PM","Apr 27, 2025, 4:23 PM","","Lying Leg Curl (Machine)",,"",2,"normal",80,12,,,
"Weights (Unison)","Apr 27, 2025, 3:45 PM","Apr 27, 2025, 4:23 PM","","Chest Press (Machine)",,"",0,"normal",80,12,,,
"Weights (Unison)","Apr 27, 2025, 3:45 PM","Apr 27, 2025, 4:23 PM","","Chest Press (Machine)",,"",1,"normal",80,12,,,
"Weights (Unison)","Apr 27, 2025, 3:45 PM","Apr 27, 2025, 4:23 PM","","Chest Press (Machine)",,"",2,"normal",80,12,,,
"Weights (Unison)","Apr 27, 2025, 3:45 PM","Apr 27, 2025, 4:23 PM","","Leg Extension (Machine)",,"",0,"normal",130,12,,,
"Weights (Unison)","Apr 25, 2025, 10:38 AM","Apr 25, 2025, 11:37 AM","","Elliptical Trainer",,"",0,"normal",,,,600,
"Weights (Unison)","Apr 25, 2025, 10:38 AM","Apr 25, 2025, 11:37 AM","","Leg Extension (Machine)",,"",0,"normal",120,12,,,
"Weights (Unison)","Apr 25, 2025, 10:38 AM","Apr 25, 2025, 11:37 AM","","Leg Extension (Machine)",,"",1,"normal",130,12,,,
"Weights (Unison)","Apr 25, 2025, 10:38 AM","Apr 25, 2025, 11:37 AM","","Leg Extension (Machine)",,"",2,"normal",130,12,,,
"Weights (Unison)","Apr 25, 2025, 10:38 AM","Apr 25, 2025, 11:37 AM","","Seated Cable Row - Bar Grip",,"",0,"normal",70,12,,,
"Weights (Unison)","Apr 25, 2025, 10:38 AM","Apr 25, 2025, 11:37 AM","","Seated Cable Row - Bar Grip",,"",1,"normal",80,12,,,
"Weights (Unison)","Apr 25, 2025, 10:38 AM","Apr 25, 2025, 11:37 AM","","Seated Cable Row - Bar Grip",,"",2,"normal",70,12,,,
"Weights (Unison)","Apr 25, 2025, 10:38 AM","Apr 25, 2025, 11:37 AM","","Chest Fly (Dumbbell)",,"",0,"normal",18,12,,,
"Weights (Unison)","Apr 25, 2025, 10:38 AM","Apr 25, 2025, 11:37 AM","","Chest Fly (Dumbbell)",,"",1,"normal",18,12,,,
"Weights (Unison)","Apr 25, 2025, 10:38 AM","Apr 25, 2025, 11:37 AM","","Chest Fly (Dumbbell)",,"",2,"normal",18,12,,,
"Weights (Unison)","Apr 25, 2025, 10:38 AM","Apr 25, 2025, 11:37 AM","","Seated Shoulder Press (Machine)",,"",0,"normal",40,12,,,
"Weights (Unison)","Apr 25, 2025, 10:38 AM","Apr 25, 2025, 11:37 AM","","Seated Shoulder Press (Machine)",,"",1,"normal",40,12,,,
"Weights (Unison)","Apr 25, 2025, 10:38 AM","Apr 25, 2025, 11:37 AM","","Seated Shoulder Press (Machine)",,"",2,"normal",40,6,,,
"Weights (Unison)","Apr 25, 2025, 10:38 AM","Apr 25, 2025, 11:37 AM","","Bicep Curl (Dumbbell)",,"",0,"normal",14,12,,,
"Weights (Unison)","Apr 25, 2025, 10:38 AM","Apr 25, 2025, 11:37 AM","","Bicep Curl (Dumbbell)",,"",1,"normal",14,12,,,
"Weights (Unison)","Apr 25, 2025, 10:38 AM","Apr 25, 2025, 11:37 AM","","Bicep Curl (Dumbbell)",,"",2,"normal",14,12,,,
"Weights (Unison)","Apr 25, 2025, 10:38 AM","Apr 25, 2025, 11:37 AM","","Single Arm Tricep Extension (Dumbbell)",,"",0,"normal",4,12,,,
"Weights (Unison)","Apr 25, 2025, 10:38 AM","Apr 25, 2025, 11:37 AM","","Single Arm Tricep Extension (Dumbbell)",,"",1,"normal",4,12,,,
"Weights (Unison)","Apr 25, 2025, 10:38 AM","Apr 25, 2025, 11:37 AM","","Single Arm Tricep Extension (Dumbbell)",,"",2,"normal",5,12,,,
"Weights (Unison)","Apr 23, 2025, 6:43 AM","Apr 23, 2025, 7:18 AM","","Elliptical Trainer",,"",0,"normal",,,,600,
"Weights (Unison)","Apr 23, 2025, 6:43 AM","Apr 23, 2025, 7:18 AM","","Squat (Barbell)",,"",0,"normal",40,12,,,
"Weights (Unison)","Apr 23, 2025, 6:43 AM","Apr 23, 2025, 7:18 AM","","Squat (Barbell)",,"",1,"normal",40,12,,,
"Weights (Unison)","Apr 23, 2025, 6:43 AM","Apr 23, 2025, 7:18 AM","","Squat (Barbell)",,"",2,"normal",40,12,,,
"Weights (Unison)","Apr 23, 2025, 6:43 AM","Apr 23, 2025, 7:18 AM","","Lat Pulldown (Cable)",,"",0,"normal",70,12,,,
"Weights (Unison)","Apr 23, 2025, 6:43 AM","Apr 23, 2025, 7:18 AM","","Lat Pulldown (Cable)",,"",1,"normal",70,12,,,
"Weights (Unison)","Apr 23, 2025, 6:43 AM","Apr 23, 2025, 7:18 AM","","Lat Pulldown (Cable)",,"",2,"normal",70,12,,,
"Weights (Unison)","Apr 23, 2025, 6:43 AM","Apr 23, 2025, 7:18 AM","","Lying Leg Curl (Machine)",,"",0,"normal",70,12,,,
"Weights (Unison)","Apr 23, 2025, 6:43 AM","Apr 23, 2025, 7:18 AM","","Lying Leg Curl (Machine)",,"",1,"normal",70,12,,,
"Weights (Unison)","Apr 23, 2025, 6:43 AM","Apr 23, 2025, 7:18 AM","","Lying Leg Curl (Machine)",,"",2,"normal",70,12,,,
"Weights (Unison)","Apr 23, 2025, 6:43 AM","Apr 23, 2025, 7:18 AM","","Chest Press (Machine)",,"",0,"normal",70,12,,,
"Weights (Unison)","Apr 23, 2025, 6:43 AM","Apr 23, 2025, 7:18 AM","","Chest Press (Machine)",,"",1,"normal",70,12,,,
"Weights (Unison)","Apr 23, 2025, 6:43 AM","Apr 23, 2025, 7:18 AM","","Chest Press (Machine)",,"",2,"normal",70,12,,,
"Weights (Unison)","Apr 23, 2025, 6:43 AM","Apr 23, 2025, 7:18 AM","","Leg Extension (Machine)",,"",0,"normal",120,12,,,
"Weights (Unison)","Apr 21, 2025, 4:46 PM","Apr 21, 2025, 5:17 PM","","Elliptical Trainer",,"",0,"normal",,,,600,
"Weights (Unison)","Apr 21, 2025, 4:46 PM","Apr 21, 2025, 5:17 PM","","Squat (Barbell)",,"",0,"normal",30,12,,,
"Weights (Unison)","Apr 21, 2025, 4:46 PM","Apr 21, 2025, 5:17 PM","","Squat (Barbell)",,"",1,"normal",30,12,,,
"Weights (Unison)","Apr 21, 2025, 4:46 PM","Apr 21, 2025, 5:17 PM","","Squat (Barbell)",,"",2,"normal",30,12,,,
"Weights (Unison)","Apr 21, 2025, 4:46 PM","Apr 21, 2025, 5:17 PM","","Seated Cable Row - Bar Grip",,"",0,"normal",70,12,,,
"Weights (Unison)","Apr 21, 2025, 4:46 PM","Apr 21, 2025, 5:17 PM","","Seated Cable Row - Bar Grip",,"",1,"normal",70,12,,,
"Weights (Unison)","Apr 21, 2025, 4:46 PM","Apr 21, 2025, 5:17 PM","","Seated Cable Row - Bar Grip",,"",2,"normal",70,12,,,
"Weights (Unison)","Apr 21, 2025, 4:46 PM","Apr 21, 2025, 5:17 PM","","Chest Fly (Dumbbell)",,"",0,"normal",18,12,,,
"Weights (Unison)","Apr 21, 2025, 4:46 PM","Apr 21, 2025, 5:17 PM","","Chest Fly (Dumbbell)",,"",1,"normal",18,12,,,
"Weights (Unison)","Apr 21, 2025, 4:46 PM","Apr 21, 2025, 5:17 PM","","Chest Fly (Dumbbell)",,"",2,"normal",18,12,,,
"Weights (Unison)","Apr 21, 2025, 4:46 PM","Apr 21, 2025, 5:17 PM","","Seated Shoulder Press (Machine)",,"",0,"normal",40,12,,,
"Weights (Unison)","Apr 21, 2025, 4:46 PM","Apr 21, 2025, 5:17 PM","","Seated Shoulder Press (Machine)",,"",1,"normal",40,9,,,
"Weights (Unison)","Apr 21, 2025, 4:46 PM","Apr 21, 2025, 5:17 PM","","Seated Shoulder Press (Machine)",,"",2,"normal",60,6,,,
"Weights (Unison)","Apr 21, 2025, 4:46 PM","Apr 21, 2025, 5:17 PM","","Bicep Curl (Dumbbell)",,"",0,"normal",14,12,,,
"Weights (Unison)","Apr 21, 2025, 4:46 PM","Apr 21, 2025, 5:17 PM","","Bicep Curl (Dumbbell)",,"",1,"normal",14,12,,,
"Weights (Unison)","Apr 21, 2025, 4:46 PM","Apr 21, 2025, 5:17 PM","","Bicep Curl (Dumbbell)",,"",2,"normal",14,12,,,
"Weights (Unison)","Apr 21, 2025, 4:46 PM","Apr 21, 2025, 5:17 PM","","Single Arm Tricep Extension (Dumbbell)",,"",0,"normal",4,12,,,
"Weights (Unison)","Apr 21, 2025, 4:46 PM","Apr 21, 2025, 5:17 PM","","Single Arm Tricep Extension (Dumbbell)",,"",1,"normal",4,12,,,
"Weights (Unison)","Apr 21, 2025, 4:46 PM","Apr 21, 2025, 5:17 PM","","Single Arm Tricep Extension (Dumbbell)",,"",2,"normal",4,12,,,
"Weights (Unison)","Apr 18, 2025, 8:20 PM","Apr 18, 2025, 9:03 PM","","Elliptical Trainer",,"",0,"normal",,,,600,
"Weights (Unison)","Apr 18, 2025, 8:20 PM","Apr 18, 2025, 9:03 PM","","Lat Pulldown (Cable)",,"",0,"normal",90,12,,,
"Weights (Unison)","Apr 18, 2025, 8:20 PM","Apr 18, 2025, 9:03 PM","","Lat Pulldown (Cable)",,"",1,"normal",90,12,,,
"Weights (Unison)","Apr 18, 2025, 8:20 PM","Apr 18, 2025, 9:03 PM","","Lat Pulldown (Cable)",,"",2,"normal",90,12,,,
"Weights (Unison)","Apr 18, 2025, 8:20 PM","Apr 18, 2025, 9:03 PM","","Lying Leg Curl (Machine)",,"",0,"normal",70,12,,,
"Weights (Unison)","Apr 18, 2025, 8:20 PM","Apr 18, 2025, 9:03 PM","","Lying Leg Curl (Machine)",,"",1,"normal",70,12,,,
"Weights (Unison)","Apr 18, 2025, 8:20 PM","Apr 18, 2025, 9:03 PM","","Lying Leg Curl (Machine)",,"",2,"normal",70,12,,,
"Weights (Unison)","Apr 18, 2025, 8:20 PM","Apr 18, 2025, 9:03 PM","","Chest Press (Machine)",,"",0,"normal",70,12,,,
"Weights (Unison)","Apr 18, 2025, 8:20 PM","Apr 18, 2025, 9:03 PM","","Chest Press (Machine)",,"",1,"normal",70,12,,,
"Weights (Unison)","Apr 18, 2025, 8:20 PM","Apr 18, 2025, 9:03 PM","","Chest Press (Machine)",,"",2,"normal",70,12,,,
"Weights (Unison)","Apr 18, 2025, 8:20 PM","Apr 18, 2025, 9:03 PM","","Leg Extension (Machine)",,"",0,"normal",120,12,,,
"Weights (Unison)","Apr 18, 2025, 8:20 PM","Apr 18, 2025, 9:03 PM","","Leg Extension (Machine)",,"",1,"normal",120,12,,,
"Weights (Unison)","Apr 18, 2025, 8:20 PM","Apr 18, 2025, 9:03 PM","","Leg Extension (Machine)",,"",2,"normal",120,12,,,
"Weights (Unison)","Mar 3, 2025, 7:54 AM","Mar 3, 2025, 8:23 AM","","Elliptical Trainer",,"",0,"normal",,,,600,
"Weights (Unison)","Mar 3, 2025, 7:54 AM","Mar 3, 2025, 8:23 AM","","Squat (Barbell)",,"",0,"normal",47.5,12,,,
"Weights (Unison)","Mar 3, 2025, 7:54 AM","Mar 3, 2025, 8:23 AM","","Squat (Barbell)",,"",1,"normal",47.5,12,,,
"Weights (Unison)","Mar 3, 2025, 7:54 AM","Mar 3, 2025, 8:23 AM","","Squat (Barbell)",,"",2,"normal",47.5,12,,,
"Weights (Unison)","Mar 3, 2025, 7:54 AM","Mar 3, 2025, 8:23 AM","","Lat Pulldown (Cable)",,"",0,"normal",90,12,,,
"Weights (Unison)","Mar 3, 2025, 7:54 AM","Mar 3, 2025, 8:23 AM","","Lat Pulldown (Cable)",,"",1,"normal",90,9,,,
"Weights (Unison)","Mar 3, 2025, 7:54 AM","Mar 3, 2025, 8:23 AM","","Lat Pulldown (Cable)",,"",2,"normal",90,7,,,
"Weights (Unison)","Mar 3, 2025, 7:54 AM","Mar 3, 2025, 8:23 AM","","Lying Leg Curl (Machine)",,"",0,"normal",90,12,,,
"Weights (Unison)","Mar 3, 2025, 7:54 AM","Mar 3, 2025, 8:23 AM","","Lying Leg Curl (Machine)",,"",1,"normal",90,12,,,
"Weights (Unison)","Mar 3, 2025, 7:54 AM","Mar 3, 2025, 8:23 AM","","Lying Leg Curl (Machine)",,"",2,"normal",90,5,,,
"Weights (Unison)","Mar 3, 2025, 7:54 AM","Mar 3, 2025, 8:23 AM","","Chest Press (Machine)",,"",0,"normal",90,12,,,
"Weights (Unison)","Mar 3, 2025, 7:54 AM","Mar 3, 2025, 8:23 AM","","Chest Press (Machine)",,"",1,"normal",90,12,,,
"Weights (Unison)","Mar 3, 2025, 7:54 AM","Mar 3, 2025, 8:23 AM","","Chest Press (Machine)",,"",2,"normal",90,8,,,
"Weights (Unison)","Mar 3, 2025, 7:54 AM","Mar 3, 2025, 8:23 AM","","Leg Extension (Machine)",,"",0,"normal",170,12,,,
"Weights (Unison)","Feb 1, 2025, 10:48 AM","Feb 1, 2025, 11:35 AM","","Elliptical Trainer",,"",0,"normal",,,,600,
"Weights (Unison)","Feb 1, 2025, 10:48 AM","Feb 1, 2025, 11:35 AM","","Squat (Barbell)",,"",0,"normal",47.5,12,,,
"Weights (Unison)","Feb 1, 2025, 10:48 AM","Feb 1, 2025, 11:35 AM","","Squat (Barbell)",,"",1,"normal",47.5,12,,,
"Weights (Unison)","Feb 1, 2025, 10:48 AM","Feb 1, 2025, 11:35 AM","","Squat (Barbell)",,"",2,"normal",47.5,12,,,
"Weights (Unison)","Feb 1, 2025, 10:48 AM","Feb 1, 2025, 11:35 AM","","Lat Pulldown (Cable)",,"",0,"normal",90,12,,,
"Weights (Unison)","Feb 1, 2025, 10:48 AM","Feb 1, 2025, 11:35 AM","","Lat Pulldown (Cable)",,"",1,"normal",90,12,,,
"Weights (Unison)","Feb 1, 2025, 10:48 AM","Feb 1, 2025, 11:35 AM","","Lat Pulldown (Cable)",,"",2,"normal",100,12,,,
"Weights (Unison)","Feb 1, 2025, 10:48 AM","Feb 1, 2025, 11:35 AM","","Lying Leg Curl (Machine)",,"",0,"normal",90,12,,,
"Weights (Unison)","Feb 1, 2025, 10:48 AM","Feb 1, 2025, 11:35 AM","","Lying Leg Curl (Machine)",,"",1,"normal",90,12,,,
"Weights (Unison)","Feb 1, 2025, 10:48 AM","Feb 1, 2025, 11:35 AM","","Lying Leg Curl (Machine)",,"",2,"normal",90,10,,,
"Weights (Unison)","Feb 1, 2025, 10:48 AM","Feb 1, 2025, 11:35 AM","","Chest Press (Machine)",,"",0,"normal",90,12,,,
"Weights (Unison)","Feb 1, 2025, 10:48 AM","Feb 1, 2025, 11:35 AM","","Chest Press (Machine)",,"",1,"normal",90,12,,,
"Weights (Unison)","Feb 1, 2025, 10:48 AM","Feb 1, 2025, 11:35 AM","","Chest Press (Machine)",,"",2,"normal",90,8,,,
"Weights (Unison)","Jan 25, 2025, 9:50 AM","Jan 25, 2025, 10:38 AM","","Elliptical Trainer",,"",0,"normal",,,,600,
"Weights (Unison)","Jan 25, 2025, 9:50 AM","Jan 25, 2025, 10:38 AM","","Squat (Barbell)",,"",0,"normal",45,12,,,
"Weights (Unison)","Jan 25, 2025, 9:50 AM","Jan 25, 2025, 10:38 AM","","Squat (Barbell)",,"",1,"normal",45,12,,,
"Weights (Unison)","Jan 25, 2025, 9:50 AM","Jan 25, 2025, 10:38 AM","","Squat (Barbell)",,"",2,"normal",45,12,,,
"Weights (Unison)","Jan 25, 2025, 9:50 AM","Jan 25, 2025, 10:38 AM","","Lat Pulldown (Cable)",,"",0,"normal",90,12,,,
"Weights (Unison)","Jan 25, 2025, 9:50 AM","Jan 25, 2025, 10:38 AM","","Lat Pulldown (Cable)",,"",1,"normal",90,12,,,
"Weights (Unison)","Jan 25, 2025, 9:50 AM","Jan 25, 2025, 10:38 AM","","Lat Pulldown (Cable)",,"",2,"normal",90,12,,,
"Weights (Unison)","Jan 25, 2025, 9:50 AM","Jan 25, 2025, 10:38 AM","","Lying Leg Curl (Machine)",,"",0,"normal",90,12,,,
"Weights (Unison)","Jan 25, 2025, 9:50 AM","Jan 25, 2025, 10:38 AM","","Lying Leg Curl (Machine)",,"",1,"normal",90,12,,,
"Weights (Unison)","Jan 25, 2025, 9:50 AM","Jan 25, 2025, 10:38 AM","","Lying Leg Curl (Machine)",,"",2,"normal",90,8,,,
"Weights (Unison)","Jan 25, 2025, 9:50 AM","Jan 25, 2025, 10:38 AM","","Chest Press (Machine)",,"",0,"normal",90,12,,,
"Weights (Unison)","Jan 25, 2025, 9:50 AM","Jan 25, 2025, 10:38 AM","","Chest Press (Machine)",,"",1,"normal",90,12,,,
"Weights (Unison)","Jan 25, 2025, 9:50 AM","Jan 25, 2025, 10:38 AM","","Chest Press (Machine)",,"",2,"normal",90,8,,,
"Weights (Unison)","Jan 25, 2025, 9:50 AM","Jan 25, 2025, 10:38 AM","","Leg Extension (Machine)",,"",0,"normal",170,12,,,
"Weights (Unison)","Jan 18, 2025, 8:00 AM","Jan 18, 2025, 9:02 AM","","Elliptical Trainer",,"",0,"normal",,,,600,
"Weights (Unison)","Jan 18, 2025, 8:00 AM","Jan 18, 2025, 9:02 AM","","Squat (Barbell)",,"",0,"normal",45,12,,,
"Weights (Unison)","Jan 18, 2025, 8:00 AM","Jan 18, 2025, 9:02 AM","","Squat (Barbell)",,"",1,"normal",45,12,,,
"Weights (Unison)","Jan 18, 2025, 8:00 AM","Jan 18, 2025, 9:02 AM","","Squat (Barbell)",,"",2,"normal",45,12,,,
"Weights (Unison)","Jan 18, 2025, 8:00 AM","Jan 18, 2025, 9:02 AM","","Lat Pulldown (Cable)",,"",0,"normal",80,12,,,
"Weights (Unison)","Jan 18, 2025, 8:00 AM","Jan 18, 2025, 9:02 AM","","Lat Pulldown (Cable)",,"",1,"normal",80,12,,,
"Weights (Unison)","Jan 18, 2025, 8:00 AM","Jan 18, 2025, 9:02 AM","","Lat Pulldown (Cable)",,"",2,"normal",80,12,,,
"Weights (Unison)","Jan 18, 2025, 8:00 AM","Jan 18, 2025, 9:02 AM","","Lying Leg Curl (Machine)",,"",0,"normal",90,12,,,
"Weights (Unison)","Jan 18, 2025, 8:00 AM","Jan 18, 2025, 9:02 AM","","Lying Leg Curl (Machine)",,"",1,"normal",90,12,,,
"Weights (Unison)","Jan 18, 2025, 8:00 AM","Jan 18, 2025, 9:02 AM","","Chest Press (Machine)",,"",0,"normal",80,12,,,
"Weights (Unison)","Jan 18, 2025, 8:00 AM","Jan 18, 2025, 9:02 AM","","Chest Press (Machine)",,"",1,"normal",80,12,,,
"Weights (Unison)","Jan 18, 2025, 8:00 AM","Jan 18, 2025, 9:02 AM","","Chest Press (Machine)",,"",2,"normal",80,12,,,
"Weights (Unison)","Jan 18, 2025, 8:00 AM","Jan 18, 2025, 9:02 AM","","Bicep Curl (Dumbbell)",,"",0,"normal",16,12,,,
"Weights (Unison)","Jan 18, 2025, 8:00 AM","Jan 18, 2025, 9:02 AM","","Bicep Curl (Dumbbell)",,"",1,"normal",16,12,,,
"Weights (Unison)","Jan 18, 2025, 8:00 AM","Jan 18, 2025, 9:02 AM","","Bicep Curl (Dumbbell)",,"",2,"normal",16,12,,,
"Weights (Unison)","Dec 24, 2024, 4:43 PM","Dec 24, 2024, 5:19 PM","","Elliptical Trainer",,"",0,"normal",,,,600,
"Weights (Unison)","Dec 24, 2024, 4:43 PM","Dec 24, 2024, 5:19 PM","","Squat (Barbell)",,"",0,"normal",47.5,12,,,
"Weights (Unison)","Dec 24, 2024, 4:43 PM","Dec 24, 2024, 5:19 PM","","Squat (Barbell)",,"",1,"normal",47.5,12,,,
"Weights (Unison)","Dec 24, 2024, 4:43 PM","Dec 24, 2024, 5:19 PM","","Squat (Barbell)",,"",2,"normal",47.5,12,,,
"Weights (Unison)","Dec 24, 2024, 4:43 PM","Dec 24, 2024, 5:19 PM","","Lat Pulldown (Cable)",,"",0,"normal",90,12,,,
"Weights (Unison)","Dec 24, 2024, 4:43 PM","Dec 24, 2024, 5:19 PM","","Lat Pulldown (Cable)",,"",1,"normal",90,12,,,
"Weights (Unison)","Dec 24, 2024, 4:43 PM","Dec 24, 2024, 5:19 PM","","Lat Pulldown (Cable)",,"",2,"normal",90,12,,,
"Weights (Unison)","Dec 24, 2024, 4:43 PM","Dec 24, 2024, 5:19 PM","","Lying Leg Curl (Machine)",,"",0,"normal",90,12,,,
"Weights (Unison)","Dec 24, 2024, 4:43 PM","Dec 24, 2024, 5:19 PM","","Lying Leg Curl (Machine)",,"",1,"normal",90,10,,,
"Weights (Unison)","Dec 24, 2024, 4:43 PM","Dec 24, 2024, 5:19 PM","","Lying Leg Curl (Machine)",,"",2,"normal",90,8,,,
"Weights (Unison)","Dec 24, 2024, 4:43 PM","Dec 24, 2024, 5:19 PM","","Chest Press (Machine)",,"",0,"normal",90,12,,,
"Weights (Unison)","Dec 24, 2024, 4:43 PM","Dec 24, 2024, 5:19 PM","","Chest Press (Machine)",,"",1,"normal",90,12,,,
"Weights (Unison)","Dec 24, 2024, 4:43 PM","Dec 24, 2024, 5:19 PM","","Chest Press (Machine)",,"",2,"normal",90,6,,,
"Weights (Unison)","Dec 24, 2024, 4:43 PM","Dec 24, 2024, 5:19 PM","","Leg Extension (Machine)",,"",0,"normal",170,12,,,
"Weights (Unison)","Dec 16, 2024, 7:53 PM","Dec 16, 2024, 8:39 PM","","Elliptical Trainer",,"",0,"normal",,,,600,
"Weights (Unison)","Dec 16, 2024, 7:53 PM","Dec 16, 2024, 8:39 PM","","Leg Extension (Machine)",,"",0,"normal",170,12,,,
"Weights (Unison)","Dec 16, 2024, 7:53 PM","Dec 16, 2024, 8:39 PM","","Leg Extension (Machine)",,"",1,"normal",170,12,,,
"Weights (Unison)","Dec 16, 2024, 7:53 PM","Dec 16, 2024, 8:39 PM","","Leg Extension (Machine)",,"",2,"normal",170,12,,,
"Weights (Unison)","Dec 16, 2024, 7:53 PM","Dec 16, 2024, 8:39 PM","","Seated Cable Row - Bar Grip",,"",0,"normal",90,12,,,
"Weights (Unison)","Dec 16, 2024, 7:53 PM","Dec 16, 2024, 8:39 PM","","Seated Cable Row - Bar Grip",,"",1,"normal",90,12,,,
"Weights (Unison)","Dec 16, 2024, 7:53 PM","Dec 16, 2024, 8:39 PM","","Seated Cable Row - Bar Grip",,"",2,"normal",90,12,,,
"Weights (Unison)","Dec 16, 2024, 7:53 PM","Dec 16, 2024, 8:39 PM","","Chest Fly (Dumbbell)",,"",0,"normal",25,12,,,
"Weights (Unison)","Dec 16, 2024, 7:53 PM","Dec 16, 2024, 8:39 PM","","Chest Fly (Dumbbell)",,"",1,"normal",25,12,,,
"Weights (Unison)","Dec 16, 2024, 7:53 PM","Dec 16, 2024, 8:39 PM","","Chest Fly (Dumbbell)",,"",2,"normal",25,7,,,
"Weights (Unison)","Dec 16, 2024, 7:53 PM","Dec 16, 2024, 8:39 PM","","Seated Shoulder Press (Machine)",,"",0,"normal",60,9,,,
"Weights (Unison)","Dec 16, 2024, 7:53 PM","Dec 16, 2024, 8:39 PM","","Seated Shoulder Press (Machine)",,"",1,"normal",60,5,,,
"Weights (Unison)","Dec 16, 2024, 7:53 PM","Dec 16, 2024, 8:39 PM","","Seated Shoulder Press (Machine)",,"",2,"normal",60,3,,,
"Weights (Unison)","Dec 16, 2024, 7:53 PM","Dec 16, 2024, 8:39 PM","","Bicep Curl (Dumbbell)",,"",0,"normal",18,12,,,
"Weights (Unison)","Dec 16, 2024, 7:53 PM","Dec 16, 2024, 8:39 PM","","Bicep Curl (Dumbbell)",,"",1,"normal",18,12,,,
"Weights (Unison)","Dec 16, 2024, 7:53 PM","Dec 16, 2024, 8:39 PM","","Bicep Curl (Dumbbell)",,"",2,"normal",18,12,,,
"Weights (Unison)","Dec 16, 2024, 7:53 PM","Dec 16, 2024, 8:39 PM","","Single Arm Tricep Extension (Dumbbell)",,"",0,"normal",6,12,,,
"Weights (Unison)","Dec 16, 2024, 7:53 PM","Dec 16, 2024, 8:39 PM","","Single Arm Tricep Extension (Dumbbell)",,"",1,"normal",6,12,,,
"Weights (Unison)","Dec 16, 2024, 7:53 PM","Dec 16, 2024, 8:39 PM","","Single Arm Tricep Extension (Dumbbell)",,"",2,"normal",6,12,,,
"Weights (Unison)","Dec 15, 2024, 8:57 AM","Dec 15, 2024, 9:37 AM","","Elliptical Trainer",,"",0,"normal",,,,600,
"Weights (Unison)","Dec 15, 2024, 8:57 AM","Dec 15, 2024, 9:37 AM","","Squat (Barbell)",,"",0,"normal",45,12,,,
"Weights (Unison)","Dec 15, 2024, 8:57 AM","Dec 15, 2024, 9:37 AM","","Squat (Barbell)",,"",1,"normal",45,12,,,
"Weights (Unison)","Dec 15, 2024, 8:57 AM","Dec 15, 2024, 9:37 AM","","Squat (Barbell)",,"",2,"normal",45,12,,,
"Weights (Unison)","Dec 15, 2024, 8:57 AM","Dec 15, 2024, 9:37 AM","","Lat Pulldown (Cable)",,"",0,"normal",90,12,,,
"Weights (Unison)","Dec 15, 2024, 8:57 AM","Dec 15, 2024, 9:37 AM","","Lat Pulldown (Cable)",,"",1,"normal",90,12,,,
"Weights (Unison)","Dec 15, 2024, 8:57 AM","Dec 15, 2024, 9:37 AM","","Lat Pulldown (Cable)",,"",2,"normal",90,12,,,
"Weights (Unison)","Dec 15, 2024, 8:57 AM","Dec 15, 2024, 9:37 AM","","Lying Leg Curl (Machine)",,"",0,"normal",90,12,,,
"Weights (Unison)","Dec 15, 2024, 8:57 AM","Dec 15, 2024, 9:37 AM","","Lying Leg Curl (Machine)",,"",1,"normal",90,9,,,
"Weights (Unison)","Dec 15, 2024, 8:57 AM","Dec 15, 2024, 9:37 AM","","Lying Leg Curl (Machine)",,"",2,"normal",90,7,,,
"Weights (Unison)","Dec 15, 2024, 8:57 AM","Dec 15, 2024, 9:37 AM","","Chest Press (Machine)",,"",0,"normal",90,12,,,
"Weights (Unison)","Dec 15, 2024, 8:57 AM","Dec 15, 2024, 9:37 AM","","Chest Press (Machine)",,"",1,"normal",90,12,,,
"Weights (Unison)","Dec 15, 2024, 8:57 AM","Dec 15, 2024, 9:37 AM","","Chest Press (Machine)",,"",2,"normal",90,7,,,
"Weights (Unison)","Dec 15, 2024, 8:57 AM","Dec 15, 2024, 9:37 AM","","Leg Extension (Machine)",,"",0,"normal",170,12,,,
"Weights (Unison)","Dec 12, 2024, 7:05 AM","Dec 12, 2024, 7:47 AM","","Elliptical Trainer",,"",0,"normal",,,,600,
"Weights (Unison)","Dec 12, 2024, 7:05 AM","Dec 12, 2024, 7:47 AM","","Leg Extension (Machine)",,"",0,"normal",170,12,,,
"Weights (Unison)","Dec 12, 2024, 7:05 AM","Dec 12, 2024, 7:47 AM","","Leg Extension (Machine)",,"",1,"normal",170,12,,,
"Weights (Unison)","Dec 12, 2024, 7:05 AM","Dec 12, 2024, 7:47 AM","","Leg Extension (Machine)",,"",2,"normal",170,9,,,
"Weights (Unison)","Dec 12, 2024, 7:05 AM","Dec 12, 2024, 7:47 AM","","Seated Cable Row - Bar Grip",,"",0,"normal",100,12,,,
"Weights (Unison)","Dec 12, 2024, 7:05 AM","Dec 12, 2024, 7:47 AM","","Seated Cable Row - Bar Grip",,"",1,"normal",90,10,,,
"Weights (Unison)","Dec 12, 2024, 7:05 AM","Dec 12, 2024, 7:47 AM","","Seated Cable Row - Bar Grip",,"",2,"normal",90,8,,,
"Weights (Unison)","Dec 12, 2024, 7:05 AM","Dec 12, 2024, 7:47 AM","","Chest Fly (Dumbbell)",,"",0,"normal",25,12,,,
"Weights (Unison)","Dec 12, 2024, 7:05 AM","Dec 12, 2024, 7:47 AM","","Chest Fly (Dumbbell)",,"",1,"normal",25,8,,,
"Weights (Unison)","Dec 12, 2024, 7:05 AM","Dec 12, 2024, 7:47 AM","","Chest Fly (Dumbbell)",,"",2,"normal",25,5,,,
"Weights (Unison)","Dec 12, 2024, 7:05 AM","Dec 12, 2024, 7:47 AM","","Seated Shoulder Press (Machine)",,"",0,"normal",60,9,,,
"Weights (Unison)","Dec 12, 2024, 7:05 AM","Dec 12, 2024, 7:47 AM","","Seated Shoulder Press (Machine)",,"",1,"normal",60,4,,,
"Weights (Unison)","Dec 12, 2024, 7:05 AM","Dec 12, 2024, 7:47 AM","","Seated Shoulder Press (Machine)",,"",2,"normal",60,3,,,
"Weights (Unison)","Dec 12, 2024, 7:05 AM","Dec 12, 2024, 7:47 AM","","Bicep Curl (Dumbbell)",,"",0,"normal",18,12,,,
"Weights (Unison)","Dec 12, 2024, 7:05 AM","Dec 12, 2024, 7:47 AM","","Bicep Curl (Dumbbell)",,"",1,"normal",18,12,,,
"Weights (Unison)","Dec 12, 2024, 7:05 AM","Dec 12, 2024, 7:47 AM","","Bicep Curl (Dumbbell)",,"",2,"normal",18,12,,,
"Weights (Unison)","Dec 12, 2024, 7:05 AM","Dec 12, 2024, 7:47 AM","","Single Arm Tricep Extension (Dumbbell)",,"",0,"normal",6,12,,,
"Weights (Unison)","Dec 12, 2024, 7:05 AM","Dec 12, 2024, 7:47 AM","","Single Arm Tricep Extension (Dumbbell)",,"",1,"normal",6,12,,,
"Weights (Unison)","Dec 12, 2024, 7:05 AM","Dec 12, 2024, 7:47 AM","","Single Arm Tricep Extension (Dumbbell)",,"",2,"normal",6,12,,,
"Weights (Unison)","Dec 9, 2024, 5:57 PM","Dec 9, 2024, 6:59 PM","","Elliptical Trainer",,"",0,"normal",,,,600,
"Weights (Unison)","Dec 9, 2024, 5:57 PM","Dec 9, 2024, 6:59 PM","","Squat (Barbell)",,"",0,"normal",45,12,,,
"Weights (Unison)","Dec 9, 2024, 5:57 PM","Dec 9, 2024, 6:59 PM","","Squat (Barbell)",,"",1,"normal",45,12,,,
"Weights (Unison)","Dec 9, 2024, 5:57 PM","Dec 9, 2024, 6:59 PM","","Squat (Barbell)",,"",2,"normal",45,12,,,
"Weights (Unison)","Dec 9, 2024, 5:57 PM","Dec 9, 2024, 6:59 PM","","Lat Pulldown (Cable)",,"",0,"normal",90,12,,,
"Weights (Unison)","Dec 9, 2024, 5:57 PM","Dec 9, 2024, 6:59 PM","","Lat Pulldown (Cable)",,"",1,"normal",90,12,,,
"Weights (Unison)","Dec 9, 2024, 5:57 PM","Dec 9, 2024, 6:59 PM","","Lat Pulldown (Cable)",,"",2,"normal",90,8,,,
"Weights (Unison)","Dec 9, 2024, 5:57 PM","Dec 9, 2024, 6:59 PM","","Lying Leg Curl (Machine)",,"",0,"normal",90,12,,,
"Weights (Unison)","Dec 9, 2024, 5:57 PM","Dec 9, 2024, 6:59 PM","","Lying Leg Curl (Machine)",,"",1,"normal",90,12,,,
"Weights (Unison)","Dec 9, 2024, 5:57 PM","Dec 9, 2024, 6:59 PM","","Lying Leg Curl (Machine)",,"",2,"normal",90,8,,,
"Weights (Unison)","Dec 9, 2024, 5:57 PM","Dec 9, 2024, 6:59 PM","","Chest Press (Machine)",,"",0,"normal",90,12,,,
"Weights (Unison)","Dec 9, 2024, 5:57 PM","Dec 9, 2024, 6:59 PM","","Chest Press (Machine)",,"",1,"normal",90,12,,,
"Weights (Unison)","Dec 9, 2024, 5:57 PM","Dec 9, 2024, 6:59 PM","","Chest Press (Machine)",,"",2,"normal",90,9,,,
"Weights (Unison)","Dec 9, 2024, 5:57 PM","Dec 9, 2024, 6:59 PM","","Leg Extension (Machine)",,"",0,"normal",170,12,,,
"Weights (Unison)","Dec 9, 2024, 5:57 PM","Dec 9, 2024, 6:59 PM","","Leg Extension (Machine)",,"",1,"normal",170,10,,,
"Weights (Unison)","Dec 9, 2024, 5:57 PM","Dec 9, 2024, 6:59 PM","","Leg Extension (Machine)",,"",2,"normal",170,6,,,
"Weights (Unison)","Nov 21, 2024, 6:42 AM","Nov 21, 2024, 7:20 AM","","Elliptical Trainer",,"",0,"normal",,,,600,
"Weights (Unison)","Nov 21, 2024, 6:42 AM","Nov 21, 2024, 7:20 AM","","Squat (Barbell)",,"",0,"normal",45,12,,,
"Weights (Unison)","Nov 21, 2024, 6:42 AM","Nov 21, 2024, 7:20 AM","","Squat (Barbell)",,"",1,"normal",45,12,,,
"Weights (Unison)","Nov 21, 2024, 6:42 AM","Nov 21, 2024, 7:20 AM","","Squat (Barbell)",,"",2,"normal",45,12,,,
"Weights (Unison)","Nov 21, 2024, 6:42 AM","Nov 21, 2024, 7:20 AM","","Lat Pulldown (Cable)",,"",0,"normal",90,12,,,
"Weights (Unison)","Nov 21, 2024, 6:42 AM","Nov 21, 2024, 7:20 AM","","Lat Pulldown (Cable)",,"",1,"normal",90,12,,,
"Weights (Unison)","Nov 21, 2024, 6:42 AM","Nov 21, 2024, 7:20 AM","","Lat Pulldown (Cable)",,"",2,"normal",90,12,,,
"Weights (Unison)","Nov 21, 2024, 6:42 AM","Nov 21, 2024, 7:20 AM","","Lying Leg Curl (Machine)",,"",0,"normal",90,12,,,
"Weights (Unison)","Nov 21, 2024, 6:42 AM","Nov 21, 2024, 7:20 AM","","Lying Leg Curl (Machine)",,"",1,"normal",90,11,,,
"Weights (Unison)","Nov 21, 2024, 6:42 AM","Nov 21, 2024, 7:20 AM","","Lying Leg Curl (Machine)",,"",2,"normal",90,8,,,
"Weights (Unison)","Nov 21, 2024, 6:42 AM","Nov 21, 2024, 7:20 AM","","Chest Press (Machine)",,"",0,"normal",90,12,,,
"Weights (Unison)","Nov 21, 2024, 6:42 AM","Nov 21, 2024, 7:20 AM","","Chest Press (Machine)",,"",1,"normal",90,10,,,
"Weights (Unison)","Nov 21, 2024, 6:42 AM","Nov 21, 2024, 7:20 AM","","Chest Press (Machine)",,"",2,"normal",90,9,,,
"Weights (Unison)","Oct 30, 2024, 8:34 AM","Oct 30, 2024, 9:20 AM","","Elliptical Trainer",,"",0,"normal",,,,600,
"Weights (Unison)","Oct 30, 2024, 8:34 AM","Oct 30, 2024, 9:20 AM","","Squat (Barbell)",,"",0,"normal",50,12,,,
"Weights (Unison)","Oct 30, 2024, 8:34 AM","Oct 30, 2024, 9:20 AM","","Squat (Barbell)",,"",1,"normal",50,12,,,
"Weights (Unison)","Oct 30, 2024, 8:34 AM","Oct 30, 2024, 9:20 AM","","Squat (Barbell)",,"",2,"normal",50,12,,,
"Weights (Unison)","Oct 30, 2024, 8:34 AM","Oct 30, 2024, 9:20 AM","","Lat Pulldown (Cable)",,"",0,"normal",110,12,,,
"Weights (Unison)","Oct 30, 2024, 8:34 AM","Oct 30, 2024, 9:20 AM","","Lat Pulldown (Cable)",,"",1,"normal",110,7,,,
"Weights (Unison)","Oct 30, 2024, 8:34 AM","Oct 30, 2024, 9:20 AM","","Lat Pulldown (Cable)",,"",2,"normal",110,9,,,
"Weights (Unison)","Oct 30, 2024, 8:34 AM","Oct 30, 2024, 9:20 AM","","Lying Leg Curl (Machine)",,"",0,"normal",100,12,,,
"Weights (Unison)","Oct 30, 2024, 8:34 AM","Oct 30, 2024, 9:20 AM","","Lying Leg Curl (Machine)",,"",1,"normal",100,8,,,
"Weights (Unison)","Oct 30, 2024, 8:34 AM","Oct 30, 2024, 9:20 AM","","Lying Leg Curl (Machine)",,"",2,"normal",100,6,,,
"Weights (Unison)","Oct 30, 2024, 8:34 AM","Oct 30, 2024, 9:20 AM","","Chest Press (Machine)",,"",0,"normal",100,12,,,
"Weights (Unison)","Oct 30, 2024, 8:34 AM","Oct 30, 2024, 9:20 AM","","Chest Press (Machine)",,"",1,"normal",100,8,,,
"Weights (Unison)","Oct 30, 2024, 8:34 AM","Oct 30, 2024, 9:20 AM","","Chest Press (Machine)",,"",2,"normal",100,7,,,
"Weights (Unison)","Oct 26, 2024, 4:12 PM","Oct 26, 2024, 4:50 PM","","Elliptical Trainer",,"",0,"normal",,,,600,
"Weights (Unison)","Oct 26, 2024, 4:12 PM","Oct 26, 2024, 4:50 PM","","Squat (Barbell)",,"",0,"normal",50,12,,,
"Weights (Unison)","Oct 26, 2024, 4:12 PM","Oct 26, 2024, 4:50 PM","","Squat (Barbell)",,"",1,"normal",50,12,,,
"Weights (Unison)","Oct 26, 2024, 4:12 PM","Oct 26, 2024, 4:50 PM","","Squat (Barbell)",,"",2,"normal",50,12,,,
"Weights (Unison)","Oct 26, 2024, 4:12 PM","Oct 26, 2024, 4:50 PM","","Lat Pulldown (Cable)",,"",0,"normal",110,12,,,
"Weights (Unison)","Oct 26, 2024, 4:12 PM","Oct 26, 2024, 4:50 PM","","Lat Pulldown (Cable)",,"",1,"normal",110,8,,,
"Weights (Unison)","Oct 26, 2024, 4:12 PM","Oct 26, 2024, 4:50 PM","","Lat Pulldown (Cable)",,"",2,"normal",110,6,,,
"Weights (Unison)","Oct 26, 2024, 4:12 PM","Oct 26, 2024, 4:50 PM","","Lying Leg Curl (Machine)",,"",0,"normal",100,12,,,
"Weights (Unison)","Oct 26, 2024, 4:12 PM","Oct 26, 2024, 4:50 PM","","Lying Leg Curl (Machine)",,"",1,"normal",100,8,,,
"Weights (Unison)","Oct 26, 2024, 4:12 PM","Oct 26, 2024, 4:50 PM","","Lying Leg Curl (Machine)",,"",2,"normal",100,6,,,
"Weights (Unison)","Oct 26, 2024, 4:12 PM","Oct 26, 2024, 4:50 PM","","Chest Press (Machine)",,"",0,"normal",100,12,,,
"Weights (Unison)","Oct 26, 2024, 4:12 PM","Oct 26, 2024, 4:50 PM","","Chest Press (Machine)",,"",1,"normal",100,9,,,
"Weights (Unison)","Oct 26, 2024, 4:12 PM","Oct 26, 2024, 4:50 PM","","Chest Press (Machine)",,"",2,"normal",100,5,,,
"Weights (Unison)","Oct 24, 2024, 6:33 AM","Oct 24, 2024, 7:19 AM","","Elliptical Trainer",,"",0,"normal",,,,300,
"Weights (Unison)","Oct 24, 2024, 6:33 AM","Oct 24, 2024, 7:19 AM","","Leg Extension (Machine)",,"",0,"normal",170,12,,,
"Weights (Unison)","Oct 24, 2024, 6:33 AM","Oct 24, 2024, 7:19 AM","","Leg Extension (Machine)",,"",1,"normal",170,12,,,
"Weights (Unison)","Oct 24, 2024, 6:33 AM","Oct 24, 2024, 7:19 AM","","Leg Extension (Machine)",,"",2,"normal",170,12,,,
"Weights (Unison)","Oct 24, 2024, 6:33 AM","Oct 24, 2024, 7:19 AM","","Seated Cable Row - Bar Grip",,"",0,"normal",100,12,,,
"Weights (Unison)","Oct 24, 2024, 6:33 AM","Oct 24, 2024, 7:19 AM","","Seated Cable Row - Bar Grip",,"",1,"normal",100,11,,,
"Weights (Unison)","Oct 24, 2024, 6:33 AM","Oct 24, 2024, 7:19 AM","","Seated Cable Row - Bar Grip",,"",2,"normal",100,7,,,
"Weights (Unison)","Oct 24, 2024, 6:33 AM","Oct 24, 2024, 7:19 AM","","Chest Fly (Dumbbell)",,"",0,"normal",25,12,,,
"Weights (Unison)","Oct 24, 2024, 6:33 AM","Oct 24, 2024, 7:19 AM","","Chest Fly (Dumbbell)",,"",1,"normal",25,8,,,
"Weights (Unison)","Oct 24, 2024, 6:33 AM","Oct 24, 2024, 7:19 AM","","Chest Fly (Dumbbell)",,"",2,"normal",25,7,,,
"Weights (Unison)","Oct 24, 2024, 6:33 AM","Oct 24, 2024, 7:19 AM","","Seated Shoulder Press (Machine)",,"",0,"normal",60,12,,,
"Weights (Unison)","Oct 24, 2024, 6:33 AM","Oct 24, 2024, 7:19 AM","","Seated Shoulder Press (Machine)",,"",1,"normal",60,6,,,
"Weights (Unison)","Oct 24, 2024, 6:33 AM","Oct 24, 2024, 7:19 AM","","Seated Shoulder Press (Machine)",,"",2,"normal",60,5,,,
"Weights (Unison)","Oct 24, 2024, 6:33 AM","Oct 24, 2024, 7:19 AM","","Bicep Curl (Dumbbell)",,"",0,"normal",25,9,,,
"Weights (Unison)","Oct 24, 2024, 6:33 AM","Oct 24, 2024, 7:19 AM","","Bicep Curl (Dumbbell)",,"",1,"normal",20,12,,,
"Weights (Unison)","Oct 24, 2024, 6:33 AM","Oct 24, 2024, 7:19 AM","","Bicep Curl (Dumbbell)",,"",2,"normal",20,9,,,
"Weights (Unison)","Oct 24, 2024, 6:33 AM","Oct 24, 2024, 7:19 AM","","Single Arm Tricep Extension (Dumbbell)",,"",0,"normal",6,12,,,
"Weights (Unison)","Oct 24, 2024, 6:33 AM","Oct 24, 2024, 7:19 AM","","Single Arm Tricep Extension (Dumbbell)",,"",1,"normal",6,12,,,
"Weights (Unison)","Oct 24, 2024, 6:33 AM","Oct 24, 2024, 7:19 AM","","Single Arm Tricep Extension (Dumbbell)",,"",2,"normal",6,12,,,
"Weights (Unison)","Oct 21, 2024, 5:41 PM","Oct 21, 2024, 6:16 PM","","Elliptical Trainer",,"",0,"normal",,,,600,
"Weights (Unison)","Oct 21, 2024, 5:41 PM","Oct 21, 2024, 6:16 PM","","Squat (Barbell)",,"",0,"normal",50,12,,,
"Weights (Unison)","Oct 21, 2024, 5:41 PM","Oct 21, 2024, 6:16 PM","","Squat (Barbell)",,"",1,"normal",50,12,,,
"Weights (Unison)","Oct 21, 2024, 5:41 PM","Oct 21, 2024, 6:16 PM","","Squat (Barbell)",,"",2,"normal",50,12,,,
"Weights (Unison)","Oct 21, 2024, 5:41 PM","Oct 21, 2024, 6:16 PM","","Lat Pulldown (Cable)",,"",0,"normal",110,11,,,
"Weights (Unison)","Oct 21, 2024, 5:41 PM","Oct 21, 2024, 6:16 PM","","Lat Pulldown (Cable)",,"",1,"normal",110,7,,,
"Weights (Unison)","Oct 21, 2024, 5:41 PM","Oct 21, 2024, 6:16 PM","","Lat Pulldown (Cable)",,"",2,"normal",110,7,,,
"Weights (Unison)","Oct 21, 2024, 5:41 PM","Oct 21, 2024, 6:16 PM","","Lying Leg Curl (Machine)",,"",0,"normal",100,12,,,
"Weights (Unison)","Oct 21, 2024, 5:41 PM","Oct 21, 2024, 6:16 PM","","Lying Leg Curl (Machine)",,"",1,"normal",100,8,,,
"Weights (Unison)","Oct 21, 2024, 5:41 PM","Oct 21, 2024, 6:16 PM","","Lying Leg Curl (Machine)",,"",2,"normal",100,6,,,
"Weights (Unison)","Oct 21, 2024, 5:41 PM","Oct 21, 2024, 6:16 PM","","Chest Press (Machine)",,"",0,"normal",100,12,,,
"Weights (Unison)","Oct 21, 2024, 5:41 PM","Oct 21, 2024, 6:16 PM","","Chest Press (Machine)",,"",1,"normal",100,8,,,
"Weights (Unison)","Oct 21, 2024, 5:41 PM","Oct 21, 2024, 6:16 PM","","Chest Press (Machine)",,"",2,"normal",100,5,,,
"Weights (Unison)","Oct 7, 2024, 7:02 PM","Oct 7, 2024, 7:39 PM","","Elliptical Trainer",,"",0,"normal",,,,600,
"Weights (Unison)","Oct 7, 2024, 7:02 PM","Oct 7, 2024, 7:39 PM","","Lat Pulldown (Cable)",,"",0,"normal",110,12,,,
"Weights (Unison)","Oct 7, 2024, 7:02 PM","Oct 7, 2024, 7:39 PM","","Lat Pulldown (Cable)",,"",1,"normal",110,6,,,
"Weights (Unison)","Oct 7, 2024, 7:02 PM","Oct 7, 2024, 7:39 PM","","Lat Pulldown (Cable)",,"",2,"normal",110,7,,,
"Weights (Unison)","Oct 7, 2024, 7:02 PM","Oct 7, 2024, 7:39 PM","","Lying Leg Curl (Machine)",,"",0,"normal",100,12,,,
"Weights (Unison)","Oct 7, 2024, 7:02 PM","Oct 7, 2024, 7:39 PM","","Lying Leg Curl (Machine)",,"",1,"normal",100,10,,,
"Weights (Unison)","Oct 7, 2024, 7:02 PM","Oct 7, 2024, 7:39 PM","","Lying Leg Curl (Machine)",,"",2,"normal",100,8,,,
"Weights (Unison)","Oct 7, 2024, 7:02 PM","Oct 7, 2024, 7:39 PM","","Chest Press (Machine)",,"",0,"normal",100,12,,,
"Weights (Unison)","Oct 7, 2024, 7:02 PM","Oct 7, 2024, 7:39 PM","","Chest Press (Machine)",,"",1,"normal",100,12,,,
"Weights (Unison)","Oct 7, 2024, 7:02 PM","Oct 7, 2024, 7:39 PM","","Chest Press (Machine)",,"",2,"normal",100,5,,,
"Weights (Unison)","Oct 7, 2024, 7:02 PM","Oct 7, 2024, 7:39 PM","","Leg Extension (Machine)",,"",0,"normal",170,12,,,
"Weights (Unison)","Oct 7, 2024, 7:02 PM","Oct 7, 2024, 7:39 PM","","Leg Extension (Machine)",,"",1,"normal",170,12,,,
"Weights (Unison)","Oct 7, 2024, 7:02 PM","Oct 7, 2024, 7:39 PM","","Leg Extension (Machine)",,"",2,"normal",170,12,,,
"Weights (Unison)","Sep 30, 2024, 8:11 PM","Sep 30, 2024, 9:09 PM","","Elliptical Trainer",,"",0,"normal",,,,600,
"Weights (Unison)","Sep 30, 2024, 8:11 PM","Sep 30, 2024, 9:09 PM","","Squat (Barbell)",,"",0,"normal",50,9,,,
"Weights (Unison)","Sep 30, 2024, 8:11 PM","Sep 30, 2024, 9:09 PM","","Squat (Barbell)",,"",1,"normal",50,12,,,
"Weights (Unison)","Sep 30, 2024, 8:11 PM","Sep 30, 2024, 9:09 PM","","Squat (Barbell)",,"",2,"normal",50,9,,,
"Weights (Unison)","Sep 30, 2024, 8:11 PM","Sep 30, 2024, 9:09 PM","","Lat Pulldown (Cable)",,"",0,"normal",100,12,,,
"Weights (Unison)","Sep 30, 2024, 8:11 PM","Sep 30, 2024, 9:09 PM","","Lat Pulldown (Cable)",,"",1,"normal",100,12,,,
"Weights (Unison)","Sep 30, 2024, 8:11 PM","Sep 30, 2024, 9:09 PM","","Lat Pulldown (Cable)",,"",2,"normal",100,12,,,
"Weights (Unison)","Sep 30, 2024, 8:11 PM","Sep 30, 2024, 9:09 PM","","Lying Leg Curl (Machine)",,"",0,"normal",100,12,,,
"Weights (Unison)","Sep 30, 2024, 8:11 PM","Sep 30, 2024, 9:09 PM","","Lying Leg Curl (Machine)",,"",1,"normal",100,10,,,
"Weights (Unison)","Sep 30, 2024, 8:11 PM","Sep 30, 2024, 9:09 PM","","Lying Leg Curl (Machine)",,"",2,"normal",100,7,,,
"Weights (Unison)","Sep 30, 2024, 8:11 PM","Sep 30, 2024, 9:09 PM","","Chest Press (Machine)",,"",0,"normal",100,12,,,
"Weights (Unison)","Sep 30, 2024, 8:11 PM","Sep 30, 2024, 9:09 PM","","Chest Press (Machine)",,"",1,"normal",100,12,,,
"Weights (Unison)","Sep 30, 2024, 8:11 PM","Sep 30, 2024, 9:09 PM","","Chest Press (Machine)",,"",2,"normal",100,11,,,
"Weights (Unison)","Sep 21, 2024, 7:09 AM","Sep 21, 2024, 7:54 AM","","Elliptical Trainer",,"",0,"normal",,,,600,
"Weights (Unison)","Sep 21, 2024, 7:09 AM","Sep 21, 2024, 7:54 AM","","Leg Extension (Machine)",,"",0,"normal",170,12,,,
"Weights (Unison)","Sep 21, 2024, 7:09 AM","Sep 21, 2024, 7:54 AM","","Leg Extension (Machine)",,"",1,"normal",170,12,,,
"Weights (Unison)","Sep 21, 2024, 7:09 AM","Sep 21, 2024, 7:54 AM","","Seated Cable Row - Bar Grip",,"",0,"normal",100,12,,,
"Weights (Unison)","Sep 21, 2024, 7:09 AM","Sep 21, 2024, 7:54 AM","","Seated Cable Row - Bar Grip",,"",1,"normal",100,12,,,
"Weights (Unison)","Sep 21, 2024, 7:09 AM","Sep 21, 2024, 7:54 AM","","Seated Cable Row - Bar Grip",,"",2,"normal",100,12,,,
"Weights (Unison)","Sep 21, 2024, 7:09 AM","Sep 21, 2024, 7:54 AM","","Chest Fly (Dumbbell)",,"",0,"normal",25,12,,,
"Weights (Unison)","Sep 21, 2024, 7:09 AM","Sep 21, 2024, 7:54 AM","","Chest Fly (Dumbbell)",,"",1,"normal",25,11,,,
"Weights (Unison)","Sep 21, 2024, 7:09 AM","Sep 21, 2024, 7:54 AM","","Chest Fly (Dumbbell)",,"",2,"normal",25,8,,,
"Weights (Unison)","Sep 21, 2024, 7:09 AM","Sep 21, 2024, 7:54 AM","","Seated Shoulder Press (Machine)",,"",0,"normal",60,12,,,
"Weights (Unison)","Sep 21, 2024, 7:09 AM","Sep 21, 2024, 7:54 AM","","Seated Shoulder Press (Machine)",,"",1,"normal",60,7,,,
"Weights (Unison)","Sep 21, 2024, 7:09 AM","Sep 21, 2024, 7:54 AM","","Seated Shoulder Press (Machine)",,"",2,"normal",60,5,,,
"Weights (Unison)","Sep 17, 2024, 6:23 PM","Sep 17, 2024, 7:00 PM","","Elliptical Trainer",,"",0,"normal",,,,600,
"Weights (Unison)","Sep 17, 2024, 6:23 PM","Sep 17, 2024, 7:00 PM","","Squat (Dumbbell)",,"",0,"normal",30,12,,,
"Weights (Unison)","Sep 17, 2024, 6:23 PM","Sep 17, 2024, 7:00 PM","","Squat (Dumbbell)",,"",1,"normal",30,12,,,
"Weights (Unison)","Sep 17, 2024, 6:23 PM","Sep 17, 2024, 7:00 PM","","Squat (Dumbbell)",,"",2,"normal",30,12,,,
"Weights (Unison)","Sep 17, 2024, 6:23 PM","Sep 17, 2024, 7:00 PM","","Lat Pulldown (Cable)",,"",0,"normal",100,12,,,
"Weights (Unison)","Sep 17, 2024, 6:23 PM","Sep 17, 2024, 7:00 PM","","Lat Pulldown (Cable)",,"",1,"normal",100,12,,,
"Weights (Unison)","Sep 17, 2024, 6:23 PM","Sep 17, 2024, 7:00 PM","","Lat Pulldown (Cable)",,"",2,"normal",100,10,,,
"Weights (Unison)","Sep 17, 2024, 6:23 PM","Sep 17, 2024, 7:00 PM","","Lying Leg Curl (Machine)",,"",0,"normal",100,12,,,
"Weights (Unison)","Sep 17, 2024, 6:23 PM","Sep 17, 2024, 7:00 PM","","Lying Leg Curl (Machine)",,"",1,"normal",100,9,,,
"Weights (Unison)","Sep 17, 2024, 6:23 PM","Sep 17, 2024, 7:00 PM","","Lying Leg Curl (Machine)",,"",2,"normal",100,7,,,
"Weights (Unison)","Sep 17, 2024, 6:23 PM","Sep 17, 2024, 7:00 PM","","Chest Press (Machine)",,"",0,"normal",100,12,,,
"Weights (Unison)","Sep 17, 2024, 6:23 PM","Sep 17, 2024, 7:00 PM","","Chest Press (Machine)",,"",1,"normal",100,10,,,
"Weights (Unison)","Sep 17, 2024, 6:23 PM","Sep 17, 2024, 7:00 PM","","Chest Press (Machine)",,"",2,"normal",100,6,,,
"Weights (Unison)","Sep 17, 2024, 6:23 PM","Sep 17, 2024, 7:00 PM","","Leg Extension (Machine)",,"",0,"normal",170,12,,,
"Weights (Unison)","Sep 9, 2024, 6:14 PM","Sep 9, 2024, 6:46 PM","","Elliptical Trainer",,"",0,"normal",,,,600,
"Weights (Unison)","Sep 9, 2024, 6:14 PM","Sep 9, 2024, 6:46 PM","","Seated Cable Row - Bar Grip",,"",0,"normal",100,12,,,
"Weights (Unison)","Sep 9, 2024, 6:14 PM","Sep 9, 2024, 6:46 PM","","Seated Cable Row - Bar Grip",,"",1,"normal",100,11,,,
"Weights (Unison)","Sep 9, 2024, 6:14 PM","Sep 9, 2024, 6:46 PM","","Seated Cable Row - Bar Grip",,"",2,"normal",100,6,,,
"Weights (Unison)","Sep 9, 2024, 6:14 PM","Sep 9, 2024, 6:46 PM","","Chest Fly (Dumbbell)",,"",0,"normal",25,12,,,
"Weights (Unison)","Sep 9, 2024, 6:14 PM","Sep 9, 2024, 6:46 PM","","Chest Fly (Dumbbell)",,"",1,"normal",25,12,,,
"Weights (Unison)","Sep 9, 2024, 6:14 PM","Sep 9, 2024, 6:46 PM","","Chest Fly (Dumbbell)",,"",2,"normal",25,5,,,
"Weights (Unison)","Sep 9, 2024, 6:14 PM","Sep 9, 2024, 6:46 PM","","Bicep Curl (Dumbbell)",,"",0,"normal",25,9,,,
"Weights (Unison)","Sep 9, 2024, 6:14 PM","Sep 9, 2024, 6:46 PM","","Bicep Curl (Dumbbell)",,"",1,"normal",25,4,,,
"Weights (Unison)","Sep 9, 2024, 6:14 PM","Sep 9, 2024, 6:46 PM","","Bicep Curl (Dumbbell)",,"",2,"normal",25,4,,,
"Weights (Unison)","Sep 8, 2024, 11:27 AM","Sep 8, 2024, 12:06 PM","","Air Bike",,"",0,"normal",,,,600,
"Weights (Unison)","Sep 8, 2024, 11:27 AM","Sep 8, 2024, 12:06 PM","","Squat (Dumbbell)",,"",0,"normal",30,12,,,
"Weights (Unison)","Sep 8, 2024, 11:27 AM","Sep 8, 2024, 12:06 PM","","Squat (Dumbbell)",,"",1,"normal",30,12,,,
"Weights (Unison)","Sep 8, 2024, 11:27 AM","Sep 8, 2024, 12:06 PM","","Squat (Dumbbell)",,"",2,"normal",30,12,,,
"Weights (Unison)","Sep 8, 2024, 11:27 AM","Sep 8, 2024, 12:06 PM","","Lat Pulldown (Cable)",,"",0,"normal",100,12,,,
"Weights (Unison)","Sep 8, 2024, 11:27 AM","Sep 8, 2024, 12:06 PM","","Lat Pulldown (Cable)",,"",1,"normal",100,12,,,
"Weights (Unison)","Sep 8, 2024, 11:27 AM","Sep 8, 2024, 12:06 PM","","Lat Pulldown (Cable)",,"",2,"normal",100,9,,,
"Weights (Unison)","Sep 8, 2024, 11:27 AM","Sep 8, 2024, 12:06 PM","","Lying Leg Curl (Machine)",,"",0,"normal",100,10,,,
"Weights (Unison)","Sep 8, 2024, 11:27 AM","Sep 8, 2024, 12:06 PM","","Lying Leg Curl (Machine)",,"",1,"normal",100,9,,,
"Weights (Unison)","Sep 8, 2024, 11:27 AM","Sep 8, 2024, 12:06 PM","","Lying Leg Curl (Machine)",,"",2,"normal",100,6,,,
"Weights (Unison)","Sep 8, 2024, 11:27 AM","Sep 8, 2024, 12:06 PM","","Chest Press (Machine)",,"",0,"normal",100,12,,,
"Weights (Unison)","Sep 8, 2024, 11:27 AM","Sep 8, 2024, 12:06 PM","","Chest Press (Machine)",,"",1,"normal",100,12,,,
"Weights (Unison)","Sep 8, 2024, 11:27 AM","Sep 8, 2024, 12:06 PM","","Chest Press (Machine)",,"",2,"normal",100,4,,,
"Weights (Unison)","Aug 26, 2024, 7:57 PM","Aug 26, 2024, 8:35 PM","","Elliptical Trainer",,"",0,"normal",,,,600,
"Weights (Unison)","Aug 26, 2024, 7:57 PM","Aug 26, 2024, 8:35 PM","","Squat (Dumbbell)",,"",0,"normal",25,12,,,
"Weights (Unison)","Aug 26, 2024, 7:57 PM","Aug 26, 2024, 8:35 PM","","Squat (Dumbbell)",,"",1,"normal",30,12,,,
"Weights (Unison)","Aug 26, 2024, 7:57 PM","Aug 26, 2024, 8:35 PM","","Squat (Dumbbell)",,"",2,"normal",30,12,,,
"Weights (Unison)","Aug 26, 2024, 7:57 PM","Aug 26, 2024, 8:35 PM","","Lat Pulldown (Cable)",,"",0,"normal",90,12,,,
"Weights (Unison)","Aug 26, 2024, 7:57 PM","Aug 26, 2024, 8:35 PM","","Lat Pulldown (Cable)",,"",1,"normal",90,12,,,
"Weights (Unison)","Aug 26, 2024, 7:57 PM","Aug 26, 2024, 8:35 PM","","Lat Pulldown (Cable)",,"",2,"normal",100,9,,,
"Weights (Unison)","Aug 26, 2024, 7:57 PM","Aug 26, 2024, 8:35 PM","","Lying Leg Curl (Machine)",,"",0,"normal",100,12,,,
"Weights (Unison)","Aug 26, 2024, 7:57 PM","Aug 26, 2024, 8:35 PM","","Lying Leg Curl (Machine)",,"",1,"normal",100,8,,,
"Weights (Unison)","Aug 26, 2024, 7:57 PM","Aug 26, 2024, 8:35 PM","","Chest Press (Machine)",,"",0,"normal",100,12,,,
"Weights (Unison)","Aug 26, 2024, 7:57 PM","Aug 26, 2024, 8:35 PM","","Chest Press (Machine)",,"",1,"normal",100,7,,,
"Weights (Unison)","Aug 26, 2024, 7:57 PM","Aug 26, 2024, 8:35 PM","","Chest Press (Machine)",,"",2,"normal",100,4,,,
"Weights (Unison)","Aug 26, 2024, 7:57 PM","Aug 26, 2024, 8:35 PM","","Leg Extension (Machine)",,"",0,"normal",170,12,,,
"Weights (Unison)","Aug 26, 2024, 7:57 PM","Aug 26, 2024, 8:35 PM","","Leg Extension (Machine)",,"",1,"normal",170,12,,,
"Weights (Unison)","Aug 26, 2024, 7:57 PM","Aug 26, 2024, 8:35 PM","","Leg Extension (Machine)",,"",2,"normal",170,7,,,
"Weights (Unison)","Aug 10, 2024, 4:31 PM","Aug 10, 2024, 5:06 PM","","Rowing Machine",,"",0,"normal",,,,300,
"Weights (Unison)","Aug 10, 2024, 4:31 PM","Aug 10, 2024, 5:06 PM","","Lat Pulldown (Cable)",,"",0,"normal",100,10,,,
"Weights (Unison)","Aug 10, 2024, 4:31 PM","Aug 10, 2024, 5:06 PM","","Lat Pulldown (Cable)",,"",1,"normal",100,10,,,
"Weights (Unison)","Aug 10, 2024, 4:31 PM","Aug 10, 2024, 5:06 PM","","Lat Pulldown (Cable)",,"",2,"normal",100,8,,,
"Weights (Unison)","Aug 10, 2024, 4:31 PM","Aug 10, 2024, 5:06 PM","","Lying Leg Curl (Machine)",,"",0,"normal",100,12,,,
"Weights (Unison)","Aug 10, 2024, 4:31 PM","Aug 10, 2024, 5:06 PM","","Lying Leg Curl (Machine)",,"",1,"normal",100,10,,,
"Weights (Unison)","Aug 10, 2024, 4:31 PM","Aug 10, 2024, 5:06 PM","","Lying Leg Curl (Machine)",,"",2,"normal",100,7,,,
"Weights (Unison)","Aug 10, 2024, 4:31 PM","Aug 10, 2024, 5:06 PM","","Chest Press (Machine)",,"",0,"normal",110,12,,,
"Weights (Unison)","Aug 10, 2024, 4:31 PM","Aug 10, 2024, 5:06 PM","","Chest Press (Machine)",,"",1,"normal",110,8,,,
"Weights (Unison)","Aug 10, 2024, 4:31 PM","Aug 10, 2024, 5:06 PM","","Chest Press (Machine)",,"",2,"normal",110,4,,,
"Weights (Unison)","Aug 10, 2024, 4:31 PM","Aug 10, 2024, 5:06 PM","","Leg Extension (Machine)",,"",0,"normal",170,12,,,
"Weights (Unison)","Aug 10, 2024, 4:31 PM","Aug 10, 2024, 5:06 PM","","Leg Extension (Machine)",,"",1,"normal",170,12,,,
"Weights (Unison)","Aug 10, 2024, 4:31 PM","Aug 10, 2024, 5:06 PM","","Leg Extension (Machine)",,"",2,"normal",170,12,,,
"Weights (Unison)","Jul 28, 2024, 8:13 AM","Jul 28, 2024, 8:52 AM","","Elliptical Trainer",,"",0,"normal",,,,600,
"Weights (Unison)","Jul 28, 2024, 8:13 AM","Jul 28, 2024, 8:52 AM","","Leg Extension (Machine)",,"",0,"normal",170,12,,,
"Weights (Unison)","Jul 28, 2024, 8:13 AM","Jul 28, 2024, 8:52 AM","","Leg Extension (Machine)",,"",1,"normal",170,12,,,
"Weights (Unison)","Jul 28, 2024, 8:13 AM","Jul 28, 2024, 8:52 AM","","Leg Extension (Machine)",,"",2,"normal",170,12,,,
"Weights (Unison)","Jul 28, 2024, 8:13 AM","Jul 28, 2024, 8:52 AM","","Seated Cable Row - Bar Grip",,"",0,"normal",100,12,,,
"Weights (Unison)","Jul 28, 2024, 8:13 AM","Jul 28, 2024, 8:52 AM","","Seated Cable Row - Bar Grip",,"",1,"normal",100,12,,,
"Weights (Unison)","Jul 28, 2024, 8:13 AM","Jul 28, 2024, 8:52 AM","","Seated Cable Row - Bar Grip",,"",2,"normal",100,12,,,
"Weights (Unison)","Jul 28, 2024, 8:13 AM","Jul 28, 2024, 8:52 AM","","Chest Fly (Dumbbell)",,"",0,"normal",25,12,,,
"Weights (Unison)","Jul 28, 2024, 8:13 AM","Jul 28, 2024, 8:52 AM","","Seated Shoulder Press (Machine)",,"",0,"normal",60,12,,,
"Weights (Unison)","Jul 27, 2024, 11:34 AM","Jul 27, 2024, 12:12 PM","","Elliptical Trainer",,"",0,"normal",,,,600,
"Weights (Unison)","Jul 27, 2024, 11:34 AM","Jul 27, 2024, 12:12 PM","","Squat (Barbell)",,"",0,"normal",52.5,12,,,
"Weights (Unison)","Jul 27, 2024, 11:34 AM","Jul 27, 2024, 12:12 PM","","Squat (Barbell)",,"",1,"normal",52.5,12,,,
"Weights (Unison)","Jul 27, 2024, 11:34 AM","Jul 27, 2024, 12:12 PM","","Squat (Barbell)",,"",2,"normal",52.5,12,,,
"Weights (Unison)","Jul 27, 2024, 11:34 AM","Jul 27, 2024, 12:12 PM","","Lat Pulldown (Cable)",,"",0,"normal",110,12,,,
"Weights (Unison)","Jul 27, 2024, 11:34 AM","Jul 27, 2024, 12:12 PM","","Lat Pulldown (Cable)",,"",1,"normal",110,10,,,
"Weights (Unison)","Jul 27, 2024, 11:34 AM","Jul 27, 2024, 12:12 PM","","Lat Pulldown (Cable)",,"",2,"normal",110,9,,,
"Weights (Unison)","Jul 27, 2024, 11:34 AM","Jul 27, 2024, 12:12 PM","","Lying Leg Curl (Machine)",,"",0,"normal",100,12,,,
"Weights (Unison)","Jul 27, 2024, 11:34 AM","Jul 27, 2024, 12:12 PM","","Lying Leg Curl (Machine)",,"",1,"normal",100,10,,,
"Weights (Unison)","Jul 27, 2024, 11:34 AM","Jul 27, 2024, 12:12 PM","","Lying Leg Curl (Machine)",,"",2,"normal",100,7,,,
"Weights (Unison)","Jul 27, 2024, 11:34 AM","Jul 27, 2024, 12:12 PM","","Chest Press (Machine)",,"",0,"normal",110,12,,,
"Weights (Unison)","Jul 27, 2024, 11:34 AM","Jul 27, 2024, 12:12 PM","","Chest Press (Machine)",,"",1,"normal",110,10,,,
"Weights (Unison)","Jul 27, 2024, 11:34 AM","Jul 27, 2024, 12:12 PM","","Chest Press (Machine)",,"",2,"normal",110,6,,,
"Weights (Unison)","Jul 21, 2024, 7:45 PM","Jul 21, 2024, 8:42 PM","","Elliptical Trainer",,"",0,"normal",,,,600,
"Weights (Unison)","Jul 21, 2024, 7:45 PM","Jul 21, 2024, 8:42 PM","","Leg Extension (Machine)",,"",0,"normal",160,12,,,
"Weights (Unison)","Jul 21, 2024, 7:45 PM","Jul 21, 2024, 8:42 PM","","Leg Extension (Machine)",,"",1,"normal",160,12,,,
"Weights (Unison)","Jul 21, 2024, 7:45 PM","Jul 21, 2024, 8:42 PM","","Leg Extension (Machine)",,"",2,"normal",160,12,,,
"Weights (Unison)","Jul 21, 2024, 7:45 PM","Jul 21, 2024, 8:42 PM","","Seated Cable Row - Bar Grip",,"",0,"normal",100,12,,,
"Weights (Unison)","Jul 21, 2024, 7:45 PM","Jul 21, 2024, 8:42 PM","","Seated Cable Row - Bar Grip",,"",1,"normal",100,12,,,
"Weights (Unison)","Jul 21, 2024, 7:45 PM","Jul 21, 2024, 8:42 PM","","Seated Cable Row - Bar Grip",,"",2,"normal",100,9,,,
"Weights (Unison)","Jul 21, 2024, 7:45 PM","Jul 21, 2024, 8:42 PM","","Chest Fly (Dumbbell)",,"",0,"normal",25,12,,,
"Weights (Unison)","Jul 21, 2024, 7:45 PM","Jul 21, 2024, 8:42 PM","","Chest Fly (Dumbbell)",,"",1,"normal",25,12,,,
"Weights (Unison)","Jul 21, 2024, 7:45 PM","Jul 21, 2024, 8:42 PM","","Chest Fly (Dumbbell)",,"",2,"normal",25,7,,,
"Weights (Unison)","Jul 21, 2024, 7:45 PM","Jul 21, 2024, 8:42 PM","","Seated Shoulder Press (Machine)",,"",0,"normal",60,12,,,
"Weights (Unison)","Jul 21, 2024, 7:45 PM","Jul 21, 2024, 8:42 PM","","Seated Shoulder Press (Machine)",,"",1,"normal",60,8,,,
"Weights (Unison)","Jul 21, 2024, 7:45 PM","Jul 21, 2024, 8:42 PM","","Seated Shoulder Press (Machine)",,"",2,"normal",60,7,,,
"Weights (Unison)","Jul 21, 2024, 7:45 PM","Jul 21, 2024, 8:42 PM","","Bicep Curl (Dumbbell)",,"",0,"normal",25,12,,,
"Weights (Unison)","Jul 21, 2024, 7:45 PM","Jul 21, 2024, 8:42 PM","","Bicep Curl (Dumbbell)",,"",1,"normal",25,6,,,
"Weights (Unison)","Jul 21, 2024, 7:45 PM","Jul 21, 2024, 8:42 PM","","Bicep Curl (Dumbbell)",,"",2,"normal",25,7,,,
"Weights (Unison)","Jul 21, 2024, 7:45 PM","Jul 21, 2024, 8:42 PM","","Single Arm Tricep Extension (Dumbbell)",,"",0,"normal",7,12,,,
"Weights (Unison)","Jul 21, 2024, 7:45 PM","Jul 21, 2024, 8:42 PM","","Single Arm Tricep Extension (Dumbbell)",,"",1,"normal",8,12,,,
"Weights (Unison)","Jul 21, 2024, 7:45 PM","Jul 21, 2024, 8:42 PM","","Single Arm Tricep Extension (Dumbbell)",,"",2,"normal",8,8,,,
"Weights (Unison)","Jul 19, 2024, 8:35 PM","Jul 19, 2024, 9:13 PM","","Elliptical Trainer",,"",0,"normal",,,,600,
"Weights (Unison)","Jul 19, 2024, 8:35 PM","Jul 19, 2024, 9:13 PM","","Squat (Barbell)",,"",0,"normal",50,12,,,
"Weights (Unison)","Jul 19, 2024, 8:35 PM","Jul 19, 2024, 9:13 PM","","Squat (Barbell)",,"",1,"normal",50,12,,,
"Weights (Unison)","Jul 19, 2024, 8:35 PM","Jul 19, 2024, 9:13 PM","","Squat (Barbell)",,"",2,"normal",50,12,,,
"Weights (Unison)","Jul 19, 2024, 8:35 PM","Jul 19, 2024, 9:13 PM","","Lat Pulldown (Cable)",,"",0,"normal",100,12,,,
"Weights (Unison)","Jul 19, 2024, 8:35 PM","Jul 19, 2024, 9:13 PM","","Lat Pulldown (Cable)",,"",1,"normal",100,12,,,
"Weights (Unison)","Jul 19, 2024, 8:35 PM","Jul 19, 2024, 9:13 PM","","Lat Pulldown (Cable)",,"",2,"normal",100,12,,,
"Weights (Unison)","Jul 19, 2024, 8:35 PM","Jul 19, 2024, 9:13 PM","","Lying Leg Curl (Machine)",,"",0,"normal",100,12,,,
"Weights (Unison)","Jul 19, 2024, 8:35 PM","Jul 19, 2024, 9:13 PM","","Lying Leg Curl (Machine)",,"",1,"normal",100,7,,,
"Weights (Unison)","Jul 19, 2024, 8:35 PM","Jul 19, 2024, 9:13 PM","","Chest Press (Machine)",,"",0,"normal",110,12,,,
"Weights (Unison)","Jul 19, 2024, 8:35 PM","Jul 19, 2024, 9:13 PM","","Chest Press (Machine)",,"",1,"normal",110,4,,,
"Weights (Unison)","Jul 13, 2024, 4:09 PM","Jul 13, 2024, 4:46 PM","","Elliptical Trainer",,"",0,"normal",,,,600,
"Weights (Unison)","Jul 13, 2024, 4:09 PM","Jul 13, 2024, 4:46 PM","","Squat (Barbell)",,"",0,"normal",47.5,12,,,
"Weights (Unison)","Jul 13, 2024, 4:09 PM","Jul 13, 2024, 4:46 PM","","Squat (Barbell)",,"",1,"normal",47.5,12,,,
"Weights (Unison)","Jul 13, 2024, 4:09 PM","Jul 13, 2024, 4:46 PM","","Squat (Barbell)",,"",2,"normal",47.5,12,,,
"Weights (Unison)","Jul 13, 2024, 4:09 PM","Jul 13, 2024, 4:46 PM","","Lat Pulldown (Cable)",,"",0,"normal",100,12,,,
"Weights (Unison)","Jul 13, 2024, 4:09 PM","Jul 13, 2024, 4:46 PM","","Lat Pulldown (Cable)",,"",1,"normal",100,12,,,
"Weights (Unison)","Jul 13, 2024, 4:09 PM","Jul 13, 2024, 4:46 PM","","Lat Pulldown (Cable)",,"",2,"normal",100,12,,,
"Weights (Unison)","Jul 13, 2024, 4:09 PM","Jul 13, 2024, 4:46 PM","","Lying Leg Curl (Machine)",,"",0,"normal",100,11,,,
"Weights (Unison)","Jul 13, 2024, 4:09 PM","Jul 13, 2024, 4:46 PM","","Lying Leg Curl (Machine)",,"",1,"normal",100,10,,,
"Weights (Unison)","Jul 13, 2024, 4:09 PM","Jul 13, 2024, 4:46 PM","","Lying Leg Curl (Machine)",,"",2,"normal",100,7,,,
"Weights (Unison)","Jul 13, 2024, 4:09 PM","Jul 13, 2024, 4:46 PM","","Chest Press (Machine)",,"",0,"normal",110,12,,,
"Weights (Unison)","Jul 13, 2024, 4:09 PM","Jul 13, 2024, 4:46 PM","","Chest Press (Machine)",,"",1,"normal",110,8,,,
"Weights (Unison)","Jul 13, 2024, 4:09 PM","Jul 13, 2024, 4:46 PM","","Chest Press (Machine)",,"",2,"normal",110,6,,,
"Weights (Unison)","Jul 6, 2024, 10:46 AM","Jul 6, 2024, 11:42 AM","","Elliptical Trainer",,"",0,"normal",,,,600,
"Weights (Unison)","Jul 6, 2024, 10:46 AM","Jul 6, 2024, 11:42 AM","","Leg Extension (Machine)",,"",0,"normal",150,12,,,
"Weights (Unison)","Jul 6, 2024, 10:46 AM","Jul 6, 2024, 11:42 AM","","Leg Extension (Machine)",,"",1,"normal",160,12,,,
"Weights (Unison)","Jul 6, 2024, 10:46 AM","Jul 6, 2024, 11:42 AM","","Leg Extension (Machine)",,"",2,"normal",160,12,,,
"Weights (Unison)","Jul 6, 2024, 10:46 AM","Jul 6, 2024, 11:42 AM","","Seated Cable Row - Bar Grip",,"",0,"normal",100,12,,,
"Weights (Unison)","Jul 6, 2024, 10:46 AM","Jul 6, 2024, 11:42 AM","","Seated Cable Row - Bar Grip",,"",1,"normal",100,12,,,
"Weights (Unison)","Jul 6, 2024, 10:46 AM","Jul 6, 2024, 11:42 AM","","Seated Cable Row - Bar Grip",,"",2,"normal",100,10,,,
"Weights (Unison)","Jul 6, 2024, 10:46 AM","Jul 6, 2024, 11:42 AM","","Chest Fly (Dumbbell)",,"",0,"normal",25,12,,,
"Weights (Unison)","Jul 6, 2024, 10:46 AM","Jul 6, 2024, 11:42 AM","","Chest Fly (Dumbbell)",,"",1,"normal",25,12,,,
"Weights (Unison)","Jul 6, 2024, 10:46 AM","Jul 6, 2024, 11:42 AM","","Chest Fly (Dumbbell)",,"",2,"normal",25,12,,,
"Weights (Unison)","Jul 6, 2024, 10:46 AM","Jul 6, 2024, 11:42 AM","","Seated Shoulder Press (Machine)",,"",0,"normal",60,12,,,
"Weights (Unison)","Jul 6, 2024, 10:46 AM","Jul 6, 2024, 11:42 AM","","Seated Shoulder Press (Machine)",,"",1,"normal",60,12,,,
"Weights (Unison)","Jul 6, 2024, 10:46 AM","Jul 6, 2024, 11:42 AM","","Seated Shoulder Press (Machine)",,"",2,"normal",60,7,,,
"Weights (Unison)","Jul 6, 2024, 10:46 AM","Jul 6, 2024, 11:42 AM","","Bicep Curl (Dumbbell)",,"",0,"normal",25,10,,,
"Weights (Unison)","Jul 6, 2024, 10:46 AM","Jul 6, 2024, 11:42 AM","","Bicep Curl (Dumbbell)",,"",1,"normal",25,7,,,
"Weights (Unison)","Jul 6, 2024, 10:46 AM","Jul 6, 2024, 11:42 AM","","Bicep Curl (Dumbbell)",,"",2,"normal",25,7,,,
"Weights (Unison)","Jul 6, 2024, 10:46 AM","Jul 6, 2024, 11:42 AM","","Single Arm Tricep Extension (Dumbbell)",,"",0,"normal",7,12,,,
"Weights (Unison)","Jul 6, 2024, 10:46 AM","Jul 6, 2024, 11:42 AM","","Single Arm Tricep Extension (Dumbbell)",,"",1,"normal",7,12,,,
"Weights (Unison)","Jul 6, 2024, 10:46 AM","Jul 6, 2024, 11:42 AM","","Single Arm Tricep Extension (Dumbbell)",,"",2,"normal",7,12,,,
"Weights (Unison)","Jul 4, 2024, 8:14 PM","Jul 4, 2024, 9:01 PM","","Elliptical Trainer",,"",0,"normal",,,,600,
"Weights (Unison)","Jul 4, 2024, 8:14 PM","Jul 4, 2024, 9:01 PM","","Squat (Barbell)",,"",0,"normal",45,12,,,
"Weights (Unison)","Jul 4, 2024, 8:14 PM","Jul 4, 2024, 9:01 PM","","Squat (Barbell)",,"",1,"normal",45,12,,,
"Weights (Unison)","Jul 4, 2024, 8:14 PM","Jul 4, 2024, 9:01 PM","","Squat (Barbell)",,"",2,"normal",45,12,,,
"Weights (Unison)","Jul 4, 2024, 8:14 PM","Jul 4, 2024, 9:01 PM","","Lat Pulldown (Cable)",,"",0,"normal",90,12,,,
"Weights (Unison)","Jul 4, 2024, 8:14 PM","Jul 4, 2024, 9:01 PM","","Lat Pulldown (Cable)",,"",1,"normal",90,12,,,
"Weights (Unison)","Jul 4, 2024, 8:14 PM","Jul 4, 2024, 9:01 PM","","Lat Pulldown (Cable)",,"",2,"normal",100,12,,,
"Weights (Unison)","Jul 4, 2024, 8:14 PM","Jul 4, 2024, 9:01 PM","","Lying Leg Curl (Machine)",,"",0,"normal",100,9,,,
"Weights (Unison)","Jul 4, 2024, 8:14 PM","Jul 4, 2024, 9:01 PM","","Lying Leg Curl (Machine)",,"",1,"normal",100,7,,,
"Weights (Unison)","Jul 4, 2024, 8:14 PM","Jul 4, 2024, 9:01 PM","","Lying Leg Curl (Machine)",,"",2,"normal",100,7,,,
"Weights (Unison)","Jul 4, 2024, 8:14 PM","Jul 4, 2024, 9:01 PM","","Chest Press (Machine)",,"",0,"normal",110,12,,,
"Weights (Unison)","Jul 4, 2024, 8:14 PM","Jul 4, 2024, 9:01 PM","","Chest Press (Machine)",,"",1,"normal",110,7,,,
"Weights (Unison)","Jul 4, 2024, 8:14 PM","Jul 4, 2024, 9:01 PM","","Chest Press (Machine)",,"",2,"normal",110,8,,,
"Weights (Unison)","Jul 1, 2024, 7:59 PM","Jul 1, 2024, 8:52 PM","","Elliptical Trainer",,"",0,"normal",,,,600,
"Weights (Unison)","Jul 1, 2024, 7:59 PM","Jul 1, 2024, 8:52 PM","","Leg Extension (Machine)",,"",0,"normal",150,12,,,
"Weights (Unison)","Jul 1, 2024, 7:59 PM","Jul 1, 2024, 8:52 PM","","Leg Extension (Machine)",,"",1,"normal",150,12,,,
"Weights (Unison)","Jul 1, 2024, 7:59 PM","Jul 1, 2024, 8:52 PM","","Leg Extension (Machine)",,"",2,"normal",150,12,,,
"Weights (Unison)","Jul 1, 2024, 7:59 PM","Jul 1, 2024, 8:52 PM","","Seated Cable Row - Bar Grip",,"",0,"normal",100,12,,,
"Weights (Unison)","Jul 1, 2024, 7:59 PM","Jul 1, 2024, 8:52 PM","","Seated Cable Row - Bar Grip",,"",1,"normal",100,12,,,
"Weights (Unison)","Jul 1, 2024, 7:59 PM","Jul 1, 2024, 8:52 PM","","Seated Cable Row - Bar Grip",,"",2,"normal",100,10,,,
"Weights (Unison)","Jul 1, 2024, 7:59 PM","Jul 1, 2024, 8:52 PM","","Chest Fly (Dumbbell)",,"",0,"normal",25,12,,,
"Weights (Unison)","Jul 1, 2024, 7:59 PM","Jul 1, 2024, 8:52 PM","","Chest Fly (Dumbbell)",,"",1,"normal",25,12,,,
"Weights (Unison)","Jul 1, 2024, 7:59 PM","Jul 1, 2024, 8:52 PM","","Chest Fly (Dumbbell)",,"",2,"normal",25,12,,,
"Weights (Unison)","Jul 1, 2024, 7:59 PM","Jul 1, 2024, 8:52 PM","","Seated Shoulder Press (Machine)",,"",0,"normal",60,12,,,
"Weights (Unison)","Jul 1, 2024, 7:59 PM","Jul 1, 2024, 8:52 PM","","Seated Shoulder Press (Machine)",,"",1,"normal",60,8,,,
"Weights (Unison)","Jul 1, 2024, 7:59 PM","Jul 1, 2024, 8:52 PM","","Seated Shoulder Press (Machine)",,"",2,"normal",60,8,,,
"Weights (Unison)","Jul 1, 2024, 7:59 PM","Jul 1, 2024, 8:52 PM","","Bicep Curl (Dumbbell)",,"",0,"normal",25,12,,,
"Weights (Unison)","Jul 1, 2024, 7:59 PM","Jul 1, 2024, 8:52 PM","","Bicep Curl (Dumbbell)",,"",1,"normal",25,8,,,
"Weights (Unison)","Jul 1, 2024, 7:59 PM","Jul 1, 2024, 8:52 PM","","Bicep Curl (Dumbbell)",,"",2,"normal",25,5,,,
"Weights (Unison)","Jul 1, 2024, 7:59 PM","Jul 1, 2024, 8:52 PM","","Single Arm Tricep Extension (Dumbbell)",,"",0,"normal",7,12,,,
"Weights (Unison)","Jul 1, 2024, 7:59 PM","Jul 1, 2024, 8:52 PM","","Single Arm Tricep Extension (Dumbbell)",,"",1,"normal",7,12,,,
"Weights (Unison)","Jul 1, 2024, 7:59 PM","Jul 1, 2024, 8:52 PM","","Single Arm Tricep Extension (Dumbbell)",,"",2,"normal",7,12,,,
"Weights (Unison)","Jun 30, 2024, 2:50 PM","Jun 30, 2024, 3:29 PM","","Elliptical Trainer",,"",0,"normal",,,,600,
"Weights (Unison)","Jun 30, 2024, 2:50 PM","Jun 30, 2024, 3:29 PM","","Squat (Barbell)",,"",0,"normal",45,12,,,
"Weights (Unison)","Jun 30, 2024, 2:50 PM","Jun 30, 2024, 3:29 PM","","Squat (Barbell)",,"",1,"normal",45,12,,,
"Weights (Unison)","Jun 30, 2024, 2:50 PM","Jun 30, 2024, 3:29 PM","","Squat (Barbell)",,"",2,"normal",45,12,,,
"Weights (Unison)","Jun 30, 2024, 2:50 PM","Jun 30, 2024, 3:29 PM","","Lat Pulldown (Cable)",,"",0,"normal",90,12,,,
"Weights (Unison)","Jun 30, 2024, 2:50 PM","Jun 30, 2024, 3:29 PM","","Lat Pulldown (Cable)",,"",1,"normal",90,12,,,
"Weights (Unison)","Jun 30, 2024, 2:50 PM","Jun 30, 2024, 3:29 PM","","Lat Pulldown (Cable)",,"",2,"normal",90,12,,,
"Weights (Unison)","Jun 30, 2024, 2:50 PM","Jun 30, 2024, 3:29 PM","","Lying Leg Curl (Machine)",,"",0,"normal",100,9,,,
"Weights (Unison)","Jun 30, 2024, 2:50 PM","Jun 30, 2024, 3:29 PM","","Lying Leg Curl (Machine)",,"",1,"normal",90,10,,,
"Weights (Unison)","Jun 30, 2024, 2:50 PM","Jun 30, 2024, 3:29 PM","","Lying Leg Curl (Machine)",,"",2,"normal",90,9,,,
"Weights (Unison)","Jun 30, 2024, 2:50 PM","Jun 30, 2024, 3:29 PM","","Chest Press (Machine)",,"",0,"normal",100,12,,,
"Weights (Unison)","Jun 30, 2024, 2:50 PM","Jun 30, 2024, 3:29 PM","","Chest Press (Machine)",,"",1,"normal",100,12,,,
"Weights (Unison)","Jun 30, 2024, 2:50 PM","Jun 30, 2024, 3:29 PM","","Chest Press (Machine)",,"",2,"normal",100,12,,,
"Weights (Unison)","Jun 12, 2024, 8:10 PM","Jun 12, 2024, 8:47 PM","","Elliptical Trainer",,"",0,"normal",,,,600,
"Weights (Unison)","Jun 12, 2024, 8:10 PM","Jun 12, 2024, 8:47 PM","","Squat (Barbell)",,"",0,"normal",42.5,12,,,
"Weights (Unison)","Jun 12, 2024, 8:10 PM","Jun 12, 2024, 8:47 PM","","Squat (Barbell)",,"",1,"normal",42.5,12,,,
"Weights (Unison)","Jun 12, 2024, 8:10 PM","Jun 12, 2024, 8:47 PM","","Squat (Barbell)",,"",2,"normal",45,12,,,
"Weights (Unison)","Jun 12, 2024, 8:10 PM","Jun 12, 2024, 8:47 PM","","Lat Pulldown (Cable)",,"",0,"normal",90,12,,,
"Weights (Unison)","Jun 12, 2024, 8:10 PM","Jun 12, 2024, 8:47 PM","","Lat Pulldown (Cable)",,"",1,"normal",90,12,,,
"Weights (Unison)","Jun 12, 2024, 8:10 PM","Jun 12, 2024, 8:47 PM","","Lat Pulldown (Cable)",,"",2,"normal",90,12,,,
"Weights (Unison)","Jun 12, 2024, 8:10 PM","Jun 12, 2024, 8:47 PM","","Lying Leg Curl (Machine)",,"",0,"normal",100,10,,,
"Weights (Unison)","Jun 12, 2024, 8:10 PM","Jun 12, 2024, 8:47 PM","","Lying Leg Curl (Machine)",,"",1,"normal",100,8,,,
"Weights (Unison)","Jun 12, 2024, 8:10 PM","Jun 12, 2024, 8:47 PM","","Lying Leg Curl (Machine)",,"",2,"normal",100,7,,,
"Weights (Unison)","Jun 12, 2024, 8:10 PM","Jun 12, 2024, 8:47 PM","","Push Up",,"",0,"normal",,22,,,
"Weights (Unison)","Jun 12, 2024, 8:10 PM","Jun 12, 2024, 8:47 PM","","Push Up",,"",1,"normal",,21,,,
"Weights (Unison)","Jun 12, 2024, 8:10 PM","Jun 12, 2024, 8:47 PM","","Push Up",,"",2,"normal",,21,,,
"Weights (Unison)","Jun 12, 2024, 8:10 PM","Jun 12, 2024, 8:47 PM","","Leg Extension (Machine)",,"",2,"normal",150,12,,,
"Weights (Unison)","Jun 3, 2024, 5:21 PM","Jun 3, 2024, 6:17 PM","","Elliptical Trainer",,"",0,"normal",,,,600,
"Weights (Unison)","Jun 3, 2024, 5:21 PM","Jun 3, 2024, 6:17 PM","","Squat (Barbell)",,"",0,"normal",42.5,12,,,
"Weights (Unison)","Jun 3, 2024, 5:21 PM","Jun 3, 2024, 6:17 PM","","Squat (Barbell)",,"",1,"normal",42.5,12,,,
"Weights (Unison)","Jun 3, 2024, 5:21 PM","Jun 3, 2024, 6:17 PM","","Squat (Barbell)",,"",2,"normal",42.5,12,,,
"Weights (Unison)","Jun 3, 2024, 5:21 PM","Jun 3, 2024, 6:17 PM","","Lat Pulldown (Cable)",,"",0,"normal",100,12,,,
"Weights (Unison)","Jun 3, 2024, 5:21 PM","Jun 3, 2024, 6:17 PM","","Lat Pulldown (Cable)",,"",1,"normal",100,12,,,
"Weights (Unison)","Jun 3, 2024, 5:21 PM","Jun 3, 2024, 6:17 PM","","Leg Extension (Machine)",,"",0,"normal",150,12,,,
"Weights (Unison)","Jun 3, 2024, 5:21 PM","Jun 3, 2024, 6:17 PM","","Leg Extension (Machine)",,"",1,"normal",150,12,,,
"Weights (Unison)","Jun 3, 2024, 5:21 PM","Jun 3, 2024, 6:17 PM","","Seated Cable Row - Bar Grip",,"",0,"normal",100,12,,,
"Weights (Unison)","Jun 3, 2024, 5:21 PM","Jun 3, 2024, 6:17 PM","","Seated Cable Row - Bar Grip",,"",1,"normal",100,12,,,
"Weights (Unison)","Jun 3, 2024, 5:21 PM","Jun 3, 2024, 6:17 PM","","Seated Cable Row - Bar Grip",,"",2,"normal",100,12,,,
"Weights (Unison)","Jun 3, 2024, 5:21 PM","Jun 3, 2024, 6:17 PM","","Chest Fly (Dumbbell)",,"",0,"normal",25,12,,,
"Weights (Unison)","Jun 3, 2024, 5:21 PM","Jun 3, 2024, 6:17 PM","","Chest Fly (Dumbbell)",,"",1,"normal",25,12,,,
"Weights (Unison)","Jun 3, 2024, 5:21 PM","Jun 3, 2024, 6:17 PM","","Chest Fly (Dumbbell)",,"",2,"normal",25,10,,,
"Weights (Unison)","Jun 3, 2024, 5:21 PM","Jun 3, 2024, 6:17 PM","","Seated Shoulder Press (Machine)",,"",0,"normal",60,10,,,
"Weights (Unison)","Jun 3, 2024, 5:21 PM","Jun 3, 2024, 6:17 PM","","Seated Shoulder Press (Machine)",,"",1,"normal",60,6,,,
"Weights (Unison)","Jun 3, 2024, 5:21 PM","Jun 3, 2024, 6:17 PM","","Bicep Curl (Dumbbell)",,"",0,"normal",25,12,,,
"Weights (Unison)","Jun 3, 2024, 5:21 PM","Jun 3, 2024, 6:17 PM","","Bicep Curl (Dumbbell)",,"",1,"normal",25,8,,,
"Weights (Unison)","Jun 3, 2024, 5:21 PM","Jun 3, 2024, 6:17 PM","","Bicep Curl (Dumbbell)",,"",2,"normal",25,5,,,
"Weights (Unison)","Jun 3, 2024, 5:21 PM","Jun 3, 2024, 6:17 PM","","Triceps Pushdown",,"",0,"normal",70,12,,,
"Weights (Unison)","Jun 3, 2024, 5:21 PM","Jun 3, 2024, 6:17 PM","","Triceps Pushdown",,"",1,"normal",70,8,,,
"Weights (Unison)","Jun 3, 2024, 5:21 PM","Jun 3, 2024, 6:17 PM","","Triceps Pushdown",,"",2,"normal",70,8,,,
"Weights (Unison)","Jun 1, 2024, 9:34 AM","Jun 1, 2024, 10:19 AM","","Elliptical Trainer",,"",0,"normal",,,,600,
"Weights (Unison)","Jun 1, 2024, 9:34 AM","Jun 1, 2024, 10:19 AM","","Squat (Barbell)",,"",0,"normal",42.5,12,,,
"Weights (Unison)","Jun 1, 2024, 9:34 AM","Jun 1, 2024, 10:19 AM","","Squat (Barbell)",,"",1,"normal",42.5,12,,,
"Weights (Unison)","Jun 1, 2024, 9:34 AM","Jun 1, 2024, 10:19 AM","","Lying Leg Curl (Machine)",,"",0,"normal",100,10,,,
"Weights (Unison)","Jun 1, 2024, 9:34 AM","Jun 1, 2024, 10:19 AM","","Lying Leg Curl (Machine)",,"",1,"normal",100,9,,,
"Weights (Unison)","Jun 1, 2024, 9:34 AM","Jun 1, 2024, 10:19 AM","","Push Up",,"",0,"normal",,20,,,
"Weights (Unison)","Jun 1, 2024, 9:34 AM","Jun 1, 2024, 10:19 AM","","Push Up",,"",1,"normal",,20,,,
"Weights (Unison)","Jun 1, 2024, 9:34 AM","Jun 1, 2024, 10:19 AM","","Push Up",,"",2,"normal",,20,,,
"Weights (Unison)","Jun 1, 2024, 9:34 AM","Jun 1, 2024, 10:19 AM","","Seated Cable Row - Bar Grip",,"",0,"normal",100,12,,,
"Weights (Unison)","Jun 1, 2024, 9:34 AM","Jun 1, 2024, 10:19 AM","","Seated Cable Row - Bar Grip",,"",1,"normal",100,10,,,
"Weights (Unison)","Jun 1, 2024, 9:34 AM","Jun 1, 2024, 10:19 AM","","Seated Cable Row - Bar Grip",,"",2,"normal",100,7,,,
"Weights (Unison)","May 26, 2024, 6:53 PM","May 26, 2024, 7:40 PM","","Elliptical Trainer",,"",0,"normal",,,,600,
"Weights (Unison)","May 26, 2024, 6:53 PM","May 26, 2024, 7:40 PM","","Squat (Barbell)",,"",0,"normal",42.5,12,,,
"Weights (Unison)","May 26, 2024, 6:53 PM","May 26, 2024, 7:40 PM","","Squat (Barbell)",,"",1,"normal",42.5,12,,,
"Weights (Unison)","May 26, 2024, 6:53 PM","May 26, 2024, 7:40 PM","","Squat (Barbell)",,"",2,"normal",42.5,12,,,
"Weights (Unison)","May 26, 2024, 6:53 PM","May 26, 2024, 7:40 PM","","Lat Pulldown (Cable)",,"",0,"normal",100,12,,,
"Weights (Unison)","May 26, 2024, 6:53 PM","May 26, 2024, 7:40 PM","","Lat Pulldown (Cable)",,"",1,"normal",100,12,,,
"Weights (Unison)","May 26, 2024, 6:53 PM","May 26, 2024, 7:40 PM","","Lat Pulldown (Cable)",,"",2,"normal",100,9,,,
"Weights (Unison)","May 26, 2024, 6:53 PM","May 26, 2024, 7:40 PM","","Lying Leg Curl (Machine)",,"",0,"normal",100,12,,,
"Weights (Unison)","May 26, 2024, 6:53 PM","May 26, 2024, 7:40 PM","","Lying Leg Curl (Machine)",,"",1,"normal",100,11,,,
"Weights (Unison)","May 26, 2024, 6:53 PM","May 26, 2024, 7:40 PM","","Lying Leg Curl (Machine)",,"",2,"normal",100,9,,,
"Weights (Unison)","May 26, 2024, 6:53 PM","May 26, 2024, 7:40 PM","","Push Up",,"",0,"normal",,20,,,
"Weights (Unison)","May 26, 2024, 6:53 PM","May 26, 2024, 7:40 PM","","Push Up",,"",1,"normal",,20,,,
"Weights (Unison)","May 26, 2024, 6:53 PM","May 26, 2024, 7:40 PM","","Push Up",,"",2,"normal",,20,,,
"Weights (Unison)","May 26, 2024, 6:53 PM","May 26, 2024, 7:40 PM","","Leg Extension (Machine)",,"",0,"normal",150,12,,,
"Weights (Unison)","May 26, 2024, 6:53 PM","May 26, 2024, 7:40 PM","","Seated Cable Row - Bar Grip",,"",0,"normal",110,10,,,
"Weights (Unison)","May 19, 2024, 3:26 PM","May 19, 2024, 4:03 PM","","Elliptical Trainer",,"",0,"normal",,,,600,
"Weights (Unison)","May 19, 2024, 3:26 PM","May 19, 2024, 4:03 PM","","Squat (Barbell)",,"",0,"normal",42.5,12,,,
"Weights (Unison)","May 19, 2024, 3:26 PM","May 19, 2024, 4:03 PM","","Squat (Barbell)",,"",1,"normal",42.5,12,,,
"Weights (Unison)","May 19, 2024, 3:26 PM","May 19, 2024, 4:03 PM","","Squat (Barbell)",,"",2,"normal",42.5,12,,,
"Weights (Unison)","May 19, 2024, 3:26 PM","May 19, 2024, 4:03 PM","","Lat Pulldown (Cable)",,"",0,"normal",110,10,,,
"Weights (Unison)","May 19, 2024, 3:26 PM","May 19, 2024, 4:03 PM","","Lat Pulldown (Cable)",,"",1,"normal",110,10,,,
"Weights (Unison)","May 19, 2024, 3:26 PM","May 19, 2024, 4:03 PM","","Lat Pulldown (Cable)",,"",2,"normal",110,10,,,
"Weights (Unison)","May 19, 2024, 3:26 PM","May 19, 2024, 4:03 PM","","Lying Leg Curl (Machine)",,"",0,"normal",100,10,,,
"Weights (Unison)","May 19, 2024, 3:26 PM","May 19, 2024, 4:03 PM","","Push Up",,"",0,"normal",,24,,,
"Weights (Unison)","May 19, 2024, 3:26 PM","May 19, 2024, 4:03 PM","","Push Up",,"",1,"normal",,24,,,
"Weights (Unison)","May 19, 2024, 3:26 PM","May 19, 2024, 4:03 PM","","Leg Extension (Machine)",,"",0,"normal",150,12,,,
"Weights (Unison)","May 19, 2024, 3:26 PM","May 19, 2024, 4:03 PM","","Leg Extension (Machine)",,"",2,"normal",150,12,,,
"Weights (Unison)","May 19, 2024, 3:26 PM","May 19, 2024, 4:03 PM","","Bicep Curl (Dumbbell)",,"",0,"normal",25,12,,,
"Weights (Unison)","May 19, 2024, 3:26 PM","May 19, 2024, 4:03 PM","","Bicep Curl (Dumbbell)",,"",1,"normal",25,8,,,
"Weights (Unison)","May 11, 2024, 6:51 PM","May 11, 2024, 7:44 PM","","Elliptical Trainer",,"",0,"normal",,,,600,
"Weights (Unison)","May 11, 2024, 6:51 PM","May 11, 2024, 7:44 PM","","Squat (Barbell)",,"",0,"normal",42.5,12,,,
"Weights (Unison)","May 11, 2024, 6:51 PM","May 11, 2024, 7:44 PM","","Squat (Barbell)",,"",1,"normal",42.5,12,,,
"Weights (Unison)","May 11, 2024, 6:51 PM","May 11, 2024, 7:44 PM","","Squat (Barbell)",,"",2,"normal",42.5,12,,,
"Weights (Unison)","May 11, 2024, 6:51 PM","May 11, 2024, 7:44 PM","","Lat Pulldown (Cable)",,"",0,"normal",110,10,,,
"Weights (Unison)","May 11, 2024, 6:51 PM","May 11, 2024, 7:44 PM","","Lat Pulldown (Cable)",,"",1,"normal",110,9,,,
"Weights (Unison)","May 11, 2024, 6:51 PM","May 11, 2024, 7:44 PM","","Lat Pulldown (Cable)",,"",2,"normal",110,10,,,
"Weights (Unison)","May 11, 2024, 6:51 PM","May 11, 2024, 7:44 PM","","Lying Leg Curl (Machine)",,"",0,"normal",100,11,,,
"Weights (Unison)","May 11, 2024, 6:51 PM","May 11, 2024, 7:44 PM","","Lying Leg Curl (Machine)",,"",1,"normal",100,8,,,
"Weights (Unison)","May 11, 2024, 6:51 PM","May 11, 2024, 7:44 PM","","Lying Leg Curl (Machine)",,"",2,"normal",100,8,,,
"Weights (Unison)","May 11, 2024, 6:51 PM","May 11, 2024, 7:44 PM","","Push Up",,"",0,"normal",,22,,,
"Weights (Unison)","May 11, 2024, 6:51 PM","May 11, 2024, 7:44 PM","","Push Up",,"",1,"normal",,22,,,
"Weights (Unison)","May 11, 2024, 6:51 PM","May 11, 2024, 7:44 PM","","Push Up",,"",2,"normal",,22,,,
"Weights (Unison)","May 11, 2024, 6:51 PM","May 11, 2024, 7:44 PM","","Leg Extension (Machine)",,"",0,"normal",150,12,,,
"Weights (Unison)","May 11, 2024, 6:51 PM","May 11, 2024, 7:44 PM","","Leg Extension (Machine)",,"",1,"normal",160,12,,,
"Weights (Unison)","May 11, 2024, 6:51 PM","May 11, 2024, 7:44 PM","","Seated Cable Row - Bar Grip",,"",0,"normal",110,10,,,
"Weights (Unison)","May 8, 2024, 8:28 PM","May 8, 2024, 9:40 PM","","Elliptical Trainer",,"",0,"normal",,,,600,
"Weights (Unison)","May 8, 2024, 8:28 PM","May 8, 2024, 9:40 PM","","Squat (Barbell)",,"",0,"normal",42.5,12,,,
"Weights (Unison)","May 8, 2024, 8:28 PM","May 8, 2024, 9:40 PM","","Squat (Barbell)",,"",1,"normal",42.5,12,,,
"Weights (Unison)","May 8, 2024, 8:28 PM","May 8, 2024, 9:40 PM","","Squat (Barbell)",,"",2,"normal",42.5,12,,,
"Weights (Unison)","May 8, 2024, 8:28 PM","May 8, 2024, 9:40 PM","","Lat Pulldown (Cable)",,"",0,"normal",110,10,,,
"Weights (Unison)","May 8, 2024, 8:28 PM","May 8, 2024, 9:40 PM","","Lat Pulldown (Cable)",,"",1,"normal",110,9,,,
"Weights (Unison)","May 8, 2024, 8:28 PM","May 8, 2024, 9:40 PM","","Lat Pulldown (Cable)",,"",2,"normal",110,8,,,
"Weights (Unison)","May 8, 2024, 8:28 PM","May 8, 2024, 9:40 PM","","Lying Leg Curl (Machine)",,"",0,"normal",100,11,,,
"Weights (Unison)","May 8, 2024, 8:28 PM","May 8, 2024, 9:40 PM","","Lying Leg Curl (Machine)",,"",1,"normal",100,7,,,
"Weights (Unison)","May 8, 2024, 8:28 PM","May 8, 2024, 9:40 PM","","Lying Leg Curl (Machine)",,"",2,"normal",100,7,,,
"Weights (Unison)","May 8, 2024, 8:28 PM","May 8, 2024, 9:40 PM","","Push Up",,"",0,"normal",,20,,,
"Weights (Unison)","May 8, 2024, 8:28 PM","May 8, 2024, 9:40 PM","","Push Up",,"",1,"normal",,20,,,
"Weights (Unison)","May 8, 2024, 8:28 PM","May 8, 2024, 9:40 PM","","Push Up",,"",2,"normal",,20,,,
"Weights (Unison)","May 8, 2024, 8:28 PM","May 8, 2024, 9:40 PM","","Leg Extension (Machine)",,"",0,"normal",150,12,,,
"Weights (Unison)","May 8, 2024, 8:28 PM","May 8, 2024, 9:40 PM","","Leg Extension (Machine)",,"",1,"normal",150,12,,,
"Weights (Unison)","May 8, 2024, 8:28 PM","May 8, 2024, 9:40 PM","","Leg Extension (Machine)",,"",2,"normal",150,12,,,
"Weights (Unison)","May 8, 2024, 8:28 PM","May 8, 2024, 9:40 PM","","Seated Cable Row - Bar Grip",,"",0,"normal",110,10,,,
"Weights (Unison)","May 8, 2024, 8:28 PM","May 8, 2024, 9:40 PM","","Seated Cable Row - Bar Grip",,"",1,"normal",110,8,,,
"Weights (Unison)","May 8, 2024, 8:28 PM","May 8, 2024, 9:40 PM","","Seated Cable Row - Bar Grip",,"",2,"normal",110,7,,,
"Weights (Unison)","May 8, 2024, 8:28 PM","May 8, 2024, 9:40 PM","","Chest Fly (Dumbbell)",,"",0,"normal",25,12,,,
"Weights (Unison)","May 8, 2024, 8:28 PM","May 8, 2024, 9:40 PM","","Chest Fly (Dumbbell)",,"",1,"normal",25,12,,,
"Weights (Unison)","May 8, 2024, 8:28 PM","May 8, 2024, 9:40 PM","","Chest Fly (Dumbbell)",,"",2,"normal",25,6,,,
"Weights (Unison)","May 8, 2024, 8:28 PM","May 8, 2024, 9:40 PM","","Seated Shoulder Press (Machine)",,"",0,"normal",60,12,,,
"Weights (Unison)","May 8, 2024, 8:28 PM","May 8, 2024, 9:40 PM","","Seated Shoulder Press (Machine)",,"",1,"normal",60,3,,,
"Weights (Unison)","May 8, 2024, 8:28 PM","May 8, 2024, 9:40 PM","","Seated Shoulder Press (Machine)",,"",2,"normal",60,9,,,
"Weights (Unison)","May 8, 2024, 8:28 PM","May 8, 2024, 9:40 PM","","Bicep Curl (Dumbbell)",,"",0,"normal",25,12,,,
"Weights (Unison)","May 8, 2024, 8:28 PM","May 8, 2024, 9:40 PM","","Bicep Curl (Dumbbell)",,"",1,"normal",25,6,,,
"Weights (Unison)","May 8, 2024, 8:28 PM","May 8, 2024, 9:40 PM","","Bicep Curl (Dumbbell)",,"",2,"normal",25,5,,,
"Weights (Unison)","May 8, 2024, 8:28 PM","May 8, 2024, 9:40 PM","","Single Arm Tricep Extension (Dumbbell)",,"",0,"normal",6,12,,,
"Weights (Unison)","May 8, 2024, 8:28 PM","May 8, 2024, 9:40 PM","","Single Arm Tricep Extension (Dumbbell)",,"",1,"normal",6,12,,,
"Weights (Unison)","May 8, 2024, 8:28 PM","May 8, 2024, 9:40 PM","","Single Arm Tricep Extension (Dumbbell)",,"",2,"normal",7,12,,,
"Weights (Unison)","May 8, 2024, 8:28 PM","May 8, 2024, 9:40 PM","","Single Arm Tricep Extension (Dumbbell)",,"",3,"normal",7,12,,,
"Weights (Unison)","May 8, 2024, 8:28 PM","May 8, 2024, 9:40 PM","","Single Arm Tricep Extension (Dumbbell)",,"",4,"normal",7,12,,,
"Weights (Unison)","May 8, 2024, 8:28 PM","May 8, 2024, 9:40 PM","","Single Arm Tricep Extension (Dumbbell)",,"",5,"normal",7,12,,,
"Weights (Unison)","May 6, 2024, 5:11 PM","May 6, 2024, 5:46 PM","","Elliptical Trainer",,"",0,"normal",,,,600,
"Weights (Unison)","May 6, 2024, 5:11 PM","May 6, 2024, 5:46 PM","","Squat (Barbell)",,"",0,"normal",40,12,,,
"Weights (Unison)","May 6, 2024, 5:11 PM","May 6, 2024, 5:46 PM","","Squat (Barbell)",,"",1,"normal",40,12,,,
"Weights (Unison)","May 6, 2024, 5:11 PM","May 6, 2024, 5:46 PM","","Squat (Barbell)",,"",2,"normal",40,12,,,
"Weights (Unison)","May 6, 2024, 5:11 PM","May 6, 2024, 5:46 PM","","Lat Pulldown (Cable)",,"",0,"normal",100,12,,,
"Weights (Unison)","May 6, 2024, 5:11 PM","May 6, 2024, 5:46 PM","","Lat Pulldown (Cable)",,"",1,"normal",100,12,,,
"Weights (Unison)","May 6, 2024, 5:11 PM","May 6, 2024, 5:46 PM","","Lat Pulldown (Cable)",,"",2,"normal",100,8,,,
"Weights (Unison)","May 6, 2024, 5:11 PM","May 6, 2024, 5:46 PM","","Lying Leg Curl (Machine)",,"",0,"normal",90,12,,,
"Weights (Unison)","May 6, 2024, 5:11 PM","May 6, 2024, 5:46 PM","","Lying Leg Curl (Machine)",,"",1,"normal",90,12,,,
"Weights (Unison)","May 6, 2024, 5:11 PM","May 6, 2024, 5:46 PM","","Push Up",,"",0,"normal",,20,,,
"Weights (Unison)","May 6, 2024, 5:11 PM","May 6, 2024, 5:46 PM","","Push Up",,"",1,"normal",,20,,,
"Weights (Unison)","May 4, 2024, 8:20 PM","May 4, 2024, 9:19 PM","","Elliptical Trainer",,"",0,"normal",,,,600,
"Weights (Unison)","May 4, 2024, 8:20 PM","May 4, 2024, 9:19 PM","","Squat (Barbell)",,"",0,"normal",40,12,,,
"Weights (Unison)","May 4, 2024, 8:20 PM","May 4, 2024, 9:19 PM","","Squat (Barbell)",,"",1,"normal",40,12,,,
"Weights (Unison)","May 4, 2024, 8:20 PM","May 4, 2024, 9:19 PM","","Squat (Barbell)",,"",2,"normal",40,12,,,
"Weights (Unison)","May 4, 2024, 8:20 PM","May 4, 2024, 9:19 PM","","Lat Pulldown (Cable)",,"",0,"normal",90,12,,,
"Weights (Unison)","May 4, 2024, 8:20 PM","May 4, 2024, 9:19 PM","","Lat Pulldown (Cable)",,"",1,"normal",100,10,,,
"Weights (Unison)","May 4, 2024, 8:20 PM","May 4, 2024, 9:19 PM","","Lat Pulldown (Cable)",,"",2,"normal",100,10,,,
"Weights (Unison)","May 4, 2024, 8:20 PM","May 4, 2024, 9:19 PM","","Lying Leg Curl (Machine)",,"",0,"normal",90,12,,,
"Weights (Unison)","May 4, 2024, 8:20 PM","May 4, 2024, 9:19 PM","","Lying Leg Curl (Machine)",,"",1,"normal",90,9,,,
"Weights (Unison)","May 4, 2024, 8:20 PM","May 4, 2024, 9:19 PM","","Lying Leg Curl (Machine)",,"",2,"normal",90,10,,,
"Weights (Unison)","May 4, 2024, 8:20 PM","May 4, 2024, 9:19 PM","","Push Up",,"",0,"normal",,20,,,
"Weights (Unison)","May 4, 2024, 8:20 PM","May 4, 2024, 9:19 PM","","Push Up",,"",1,"normal",,20,,,
"Weights (Unison)","May 4, 2024, 8:20 PM","May 4, 2024, 9:19 PM","","Push Up",,"",2,"normal",,20,,,
"Weights (Unison)","May 4, 2024, 8:20 PM","May 4, 2024, 9:19 PM","","Leg Extension (Machine)",,"",0,"normal",140,12,,,
"Weights (Unison)","May 4, 2024, 8:20 PM","May 4, 2024, 9:19 PM","","Leg Extension (Machine)",,"",1,"normal",140,12,,,
"Weights (Unison)","May 4, 2024, 8:20 PM","May 4, 2024, 9:19 PM","","Leg Extension (Machine)",,"",2,"normal",140,12,,,
"Weights (Unison)","May 4, 2024, 8:20 PM","May 4, 2024, 9:19 PM","","Seated Cable Row - Bar Grip",,"",0,"normal",100,12,,,
"Weights (Unison)","May 4, 2024, 8:20 PM","May 4, 2024, 9:19 PM","","Seated Cable Row - Bar Grip",,"",1,"normal",100,12,,,
"Weights (Unison)","May 4, 2024, 8:20 PM","May 4, 2024, 9:19 PM","","Seated Cable Row - Bar Grip",,"",2,"normal",100,10,,,
"Weights (Unison)","May 4, 2024, 8:20 PM","May 4, 2024, 9:19 PM","","Chest Fly (Dumbbell)",,"",0,"normal",25,12,,,
"Weights (Unison)","May 4, 2024, 8:20 PM","May 4, 2024, 9:19 PM","","Seated Shoulder Press (Machine)",,"",0,"normal",60,10,,,
"Weights (Unison)","May 1, 2024, 8:00 PM","May 1, 2024, 9:16 PM","","Elliptical Trainer",,"",0,"normal",,,,600,
"Weights (Unison)","May 1, 2024, 8:00 PM","May 1, 2024, 9:16 PM","","Squat (Barbell)",,"",0,"normal",40,12,,,
"Weights (Unison)","May 1, 2024, 8:00 PM","May 1, 2024, 9:16 PM","","Squat (Barbell)",,"",1,"normal",40,12,,,
"Weights (Unison)","May 1, 2024, 8:00 PM","May 1, 2024, 9:16 PM","","Squat (Barbell)",,"",2,"normal",40,12,,,
"Weights (Unison)","May 1, 2024, 8:00 PM","May 1, 2024, 9:16 PM","","Lat Pulldown (Cable)",,"",0,"normal",90,12,,,
"Weights (Unison)","May 1, 2024, 8:00 PM","May 1, 2024, 9:16 PM","","Lat Pulldown (Cable)",,"",1,"normal",90,12,,,
"Weights (Unison)","May 1, 2024, 8:00 PM","May 1, 2024, 9:16 PM","","Lat Pulldown (Cable)",,"",2,"normal",90,12,,,
"Weights (Unison)","May 1, 2024, 8:00 PM","May 1, 2024, 9:16 PM","","Lying Leg Curl (Machine)",,"",0,"normal",80,12,,,
"Weights (Unison)","May 1, 2024, 8:00 PM","May 1, 2024, 9:16 PM","","Lying Leg Curl (Machine)",,"",1,"normal",80,12,,,
"Weights (Unison)","May 1, 2024, 8:00 PM","May 1, 2024, 9:16 PM","","Lying Leg Curl (Machine)",,"",2,"normal",80,12,,,
"Weights (Unison)","May 1, 2024, 8:00 PM","May 1, 2024, 9:16 PM","","Push Up",,"",0,"normal",,20,,,
"Weights (Unison)","May 1, 2024, 8:00 PM","May 1, 2024, 9:16 PM","","Push Up",,"",1,"normal",,20,,,
"Weights (Unison)","May 1, 2024, 8:00 PM","May 1, 2024, 9:16 PM","","Push Up",,"",2,"normal",,16,,,
"Weights (Unison)","May 1, 2024, 8:00 PM","May 1, 2024, 9:16 PM","","Leg Extension (Machine)",,"",0,"normal",130,12,,,
"Weights (Unison)","May 1, 2024, 8:00 PM","May 1, 2024, 9:16 PM","","Leg Extension (Machine)",,"",1,"normal",130,12,,,
"Weights (Unison)","May 1, 2024, 8:00 PM","May 1, 2024, 9:16 PM","","Leg Extension (Machine)",,"",2,"normal",130,12,,,
"Weights (Unison)","May 1, 2024, 8:00 PM","May 1, 2024, 9:16 PM","","Seated Cable Row - Bar Grip",,"",0,"normal",90,12,,,
"Weights (Unison)","May 1, 2024, 8:00 PM","May 1, 2024, 9:16 PM","","Seated Cable Row - Bar Grip",,"",1,"normal",90,12,,,
"Weights (Unison)","May 1, 2024, 8:00 PM","May 1, 2024, 9:16 PM","","Seated Cable Row - Bar Grip",,"",2,"normal",90,12,,,
"Weights (Unison)","May 1, 2024, 8:00 PM","May 1, 2024, 9:16 PM","","Chest Fly (Dumbbell)",,"",0,"normal",25,12,,,
"Weights (Unison)","May 1, 2024, 8:00 PM","May 1, 2024, 9:16 PM","","Chest Fly (Dumbbell)",,"",1,"normal",25,9,,,
"Weights (Unison)","May 1, 2024, 8:00 PM","May 1, 2024, 9:16 PM","","Chest Fly (Dumbbell)",,"",2,"normal",25,8,,,
"Weights (Unison)","May 1, 2024, 8:00 PM","May 1, 2024, 9:16 PM","","Seated Shoulder Press (Machine)",,"",0,"normal",50,12,,,
"Weights (Unison)","May 1, 2024, 8:00 PM","May 1, 2024, 9:16 PM","","Seated Shoulder Press (Machine)",,"",1,"normal",50,9,,,
"Weights (Unison)","May 1, 2024, 8:00 PM","May 1, 2024, 9:16 PM","","Seated Shoulder Press (Machine)",,"",2,"normal",50,5,,,
"Weights (Unison)","May 1, 2024, 8:00 PM","May 1, 2024, 9:16 PM","","Bicep Curl (Dumbbell)",,"",0,"normal",25,12,,,
"Weights (Unison)","May 1, 2024, 8:00 PM","May 1, 2024, 9:16 PM","","Bicep Curl (Dumbbell)",,"",1,"normal",25,9,,,
"Weights (Unison)","May 1, 2024, 8:00 PM","May 1, 2024, 9:16 PM","","Bicep Curl (Dumbbell)",,"",2,"normal",25,8,,,
"Weights (Unison)","May 1, 2024, 8:00 PM","May 1, 2024, 9:16 PM","","Single Arm Tricep Extension (Dumbbell)",,"",0,"normal",6,12,,,
"Weights (Unison)","May 1, 2024, 8:00 PM","May 1, 2024, 9:16 PM","","Single Arm Tricep Extension (Dumbbell)",,"",1,"normal",6,12,,,
"Weights (Unison)","May 1, 2024, 8:00 PM","May 1, 2024, 9:16 PM","","Single Arm Tricep Extension (Dumbbell)",,"",2,"normal",6,12,,,
"Weights (Unison)","May 1, 2024, 8:00 PM","May 1, 2024, 9:16 PM","","Single Arm Tricep Extension (Dumbbell)",,"",3,"normal",6,12,,,
"Weights (Unison)","May 1, 2024, 8:00 PM","May 1, 2024, 9:16 PM","","Single Arm Tricep Extension (Dumbbell)",,"",4,"normal",6,12,,,
"Weights (Unison)","May 1, 2024, 8:00 PM","May 1, 2024, 9:16 PM","","Single Arm Tricep Extension (Dumbbell)",,"",5,"normal",6,12,,,
"Weights (Unison)","Apr 29, 2024, 8:26 PM","Apr 29, 2024, 9:52 PM","","Elliptical Trainer",,"",0,"normal",,,,600,
"Weights (Unison)","Apr 29, 2024, 8:26 PM","Apr 29, 2024, 9:52 PM","","Squat (Barbell)",,"",0,"normal",37.5,12,,,
"Weights (Unison)","Apr 29, 2024, 8:26 PM","Apr 29, 2024, 9:52 PM","","Squat (Barbell)",,"",1,"normal",37.5,12,,,
"Weights (Unison)","Apr 29, 2024, 8:26 PM","Apr 29, 2024, 9:52 PM","","Squat (Barbell)",,"",2,"normal",37.5,12,,,
"Weights (Unison)","Apr 29, 2024, 8:26 PM","Apr 29, 2024, 9:52 PM","","Lat Pulldown (Cable)",,"",0,"normal",90,12,,,
"Weights (Unison)","Apr 29, 2024, 8:26 PM","Apr 29, 2024, 9:52 PM","","Lat Pulldown (Cable)",,"",1,"normal",90,12,,,
"Weights (Unison)","Apr 29, 2024, 8:26 PM","Apr 29, 2024, 9:52 PM","","Lat Pulldown (Cable)",,"",2,"normal",90,12,,,
"Weights (Unison)","Apr 29, 2024, 8:26 PM","Apr 29, 2024, 9:52 PM","","Lying Leg Curl (Machine)",,"",0,"normal",80,12,,,
"Weights (Unison)","Apr 29, 2024, 8:26 PM","Apr 29, 2024, 9:52 PM","","Lying Leg Curl (Machine)",,"",1,"normal",80,12,,,
"Weights (Unison)","Apr 29, 2024, 8:26 PM","Apr 29, 2024, 9:52 PM","","Lying Leg Curl (Machine)",,"",2,"normal",80,12,,,
"Weights (Unison)","Apr 29, 2024, 8:26 PM","Apr 29, 2024, 9:52 PM","","Push Up",,"",0,"normal",,20,,,
"Weights (Unison)","Apr 29, 2024, 8:26 PM","Apr 29, 2024, 9:52 PM","","Push Up",,"",1,"normal",,16,,,
"Weights (Unison)","Apr 29, 2024, 8:26 PM","Apr 29, 2024, 9:52 PM","","Push Up",,"",2,"normal",,20,,,
"Weights (Unison)","Apr 29, 2024, 8:26 PM","Apr 29, 2024, 9:52 PM","","Leg Extension (Machine)",,"",0,"normal",130,12,,,
"Weights (Unison)","Apr 29, 2024, 8:26 PM","Apr 29, 2024, 9:52 PM","","Leg Extension (Machine)",,"",1,"normal",130,12,,,
"Weights (Unison)","Apr 29, 2024, 8:26 PM","Apr 29, 2024, 9:52 PM","","Leg Extension (Machine)",,"",2,"normal",130,12,,,
"Weights (Unison)","Apr 29, 2024, 8:26 PM","Apr 29, 2024, 9:52 PM","","Seated Cable Row - Bar Grip",,"",0,"normal",90,12,,,
"Weights (Unison)","Apr 29, 2024, 8:26 PM","Apr 29, 2024, 9:52 PM","","Seated Cable Row - Bar Grip",,"",1,"normal",90,12,,,
"Weights (Unison)","Apr 29, 2024, 8:26 PM","Apr 29, 2024, 9:52 PM","","Seated Cable Row - Bar Grip",,"",2,"normal",90,12,,,
"Weights (Unison)","Apr 29, 2024, 8:26 PM","Apr 29, 2024, 9:52 PM","","Chest Fly (Dumbbell)",,"",0,"normal",25,12,,,
"Weights (Unison)","Apr 29, 2024, 8:26 PM","Apr 29, 2024, 9:52 PM","","Chest Fly (Dumbbell)",,"",1,"normal",25,8,,,
"Weights (Unison)","Apr 29, 2024, 8:26 PM","Apr 29, 2024, 9:52 PM","","Chest Fly (Dumbbell)",,"",2,"normal",25,8,,,
"Weights (Unison)","Apr 29, 2024, 8:26 PM","Apr 29, 2024, 9:52 PM","","Seated Shoulder Press (Machine)",,"",0,"normal",50,12,,,
"Weights (Unison)","Apr 29, 2024, 8:26 PM","Apr 29, 2024, 9:52 PM","","Seated Shoulder Press (Machine)",,"",1,"normal",50,8,,,
"Weights (Unison)","Apr 29, 2024, 8:26 PM","Apr 29, 2024, 9:52 PM","","Seated Shoulder Press (Machine)",,"",2,"normal",50,12,,,
"Weights (Unison)","Apr 29, 2024, 8:26 PM","Apr 29, 2024, 9:52 PM","","Bicep Curl (Dumbbell)",,"",0,"normal",25,12,,,
"Weights (Unison)","Apr 29, 2024, 8:26 PM","Apr 29, 2024, 9:52 PM","","Bicep Curl (Dumbbell)",,"",1,"normal",25,8,,,
"Weights (Unison)","Apr 29, 2024, 8:26 PM","Apr 29, 2024, 9:52 PM","","Bicep Curl (Dumbbell)",,"",2,"normal",25,10,,,
"Weights (Unison)","Apr 29, 2024, 8:26 PM","Apr 29, 2024, 9:52 PM","","Single Arm Tricep Extension (Dumbbell)",,"",0,"normal",6,12,,,
"Weights (Unison)","Apr 29, 2024, 8:26 PM","Apr 29, 2024, 9:52 PM","","Single Arm Tricep Extension (Dumbbell)",,"",1,"normal",6,12,,,
"Weights (Unison)","Apr 29, 2024, 8:26 PM","Apr 29, 2024, 9:52 PM","","Single Arm Tricep Extension (Dumbbell)",,"",2,"normal",6,12,,,
"Weights (Unison)","Apr 29, 2024, 8:26 PM","Apr 29, 2024, 9:52 PM","","Single Arm Tricep Extension (Dumbbell)",,"",3,"normal",6,12,,,
"Weights (Unison)","Apr 29, 2024, 8:26 PM","Apr 29, 2024, 9:52 PM","","Single Arm Tricep Extension (Dumbbell)",,"",4,"normal",6,12,,,
"Weights (Unison)","Apr 29, 2024, 8:26 PM","Apr 29, 2024, 9:52 PM","","Single Arm Tricep Extension (Dumbbell)",,"",5,"normal",6,12,,,
"Weights (Unison)","Apr 27, 2024, 4:39 PM","Apr 27, 2024, 5:43 PM","","Elliptical Trainer",,"",0,"normal",,,,600,
"Weights (Unison)","Apr 27, 2024, 4:39 PM","Apr 27, 2024, 5:43 PM","","Squat (Barbell)",,"",0,"normal",37.5,12,,,
"Weights (Unison)","Apr 27, 2024, 4:39 PM","Apr 27, 2024, 5:43 PM","","Squat (Barbell)",,"",1,"normal",37.5,12,,,
"Weights (Unison)","Apr 27, 2024, 4:39 PM","Apr 27, 2024, 5:43 PM","","Squat (Barbell)",,"",2,"normal",37.5,12,,,
"Weights (Unison)","Apr 27, 2024, 4:39 PM","Apr 27, 2024, 5:43 PM","","Lat Pulldown (Cable)",,"",0,"normal",90,12,,,
"Weights (Unison)","Apr 27, 2024, 4:39 PM","Apr 27, 2024, 5:43 PM","","Lat Pulldown (Cable)",,"",1,"normal",90,12,,,
"Weights (Unison)","Apr 27, 2024, 4:39 PM","Apr 27, 2024, 5:43 PM","","Lat Pulldown (Cable)",,"",2,"normal",90,12,,,
"Weights (Unison)","Apr 27, 2024, 4:39 PM","Apr 27, 2024, 5:43 PM","","Lying Leg Curl (Machine)",,"",0,"normal",80,12,,,
"Weights (Unison)","Apr 27, 2024, 4:39 PM","Apr 27, 2024, 5:43 PM","","Lying Leg Curl (Machine)",,"",1,"normal",80,12,,,
"Weights (Unison)","Apr 27, 2024, 4:39 PM","Apr 27, 2024, 5:43 PM","","Lying Leg Curl (Machine)",,"",2,"normal",80,12,,,
"Weights (Unison)","Apr 27, 2024, 4:39 PM","Apr 27, 2024, 5:43 PM","","Push Up",,"",0,"normal",,18,,,
"Weights (Unison)","Apr 27, 2024, 4:39 PM","Apr 27, 2024, 5:43 PM","","Push Up",,"",1,"normal",,16,,,
"Weights (Unison)","Apr 27, 2024, 4:39 PM","Apr 27, 2024, 5:43 PM","","Push Up",,"",2,"normal",,16,,,
"Weights (Unison)","Apr 27, 2024, 4:39 PM","Apr 27, 2024, 5:43 PM","","Leg Extension (Machine)",,"",0,"normal",120,12,,,
"Weights (Unison)","Apr 27, 2024, 4:39 PM","Apr 27, 2024, 5:43 PM","","Leg Extension (Machine)",,"",1,"normal",120,12,,,
"Weights (Unison)","Apr 27, 2024, 4:39 PM","Apr 27, 2024, 5:43 PM","","Leg Extension (Machine)",,"",2,"normal",120,12,,,
"Weights (Unison)","Apr 27, 2024, 4:39 PM","Apr 27, 2024, 5:43 PM","","Seated Cable Row - Bar Grip",,"",0,"normal",90,12,,,
"Weights (Unison)","Apr 27, 2024, 4:39 PM","Apr 27, 2024, 5:43 PM","","Seated Cable Row - Bar Grip",,"",1,"normal",90,12,,,
"Weights (Unison)","Apr 27, 2024, 4:39 PM","Apr 27, 2024, 5:43 PM","","Seated Cable Row - Bar Grip",,"",2,"normal",90,12,,,
"Weights (Unison)","Apr 27, 2024, 4:39 PM","Apr 27, 2024, 5:43 PM","","Chest Fly (Dumbbell)",,"",0,"normal",20,12,,,
"Weights (Unison)","Apr 27, 2024, 4:39 PM","Apr 27, 2024, 5:43 PM","","Chest Fly (Dumbbell)",,"",1,"normal",20,12,,,
"Weights (Unison)","Apr 27, 2024, 4:39 PM","Apr 27, 2024, 5:43 PM","","Chest Fly (Dumbbell)",,"",2,"normal",20,12,,,
"Weights (Unison)","Apr 27, 2024, 4:39 PM","Apr 27, 2024, 5:43 PM","","Seated Shoulder Press (Machine)",,"",0,"normal",50,12,,,
"Weights (Unison)","Apr 27, 2024, 4:39 PM","Apr 27, 2024, 5:43 PM","","Seated Shoulder Press (Machine)",,"",1,"normal",50,8,,,
"Weights (Unison)","Apr 27, 2024, 4:39 PM","Apr 27, 2024, 5:43 PM","","Bicep Curl (Dumbbell)",,"",0,"normal",20,12,,,
"Weights (Unison)","Apr 27, 2024, 4:39 PM","Apr 27, 2024, 5:43 PM","","Bicep Curl (Dumbbell)",,"",1,"normal",20,12,,,
"Weights (Unison)","Apr 27, 2024, 4:39 PM","Apr 27, 2024, 5:43 PM","","Bicep Curl (Dumbbell)",,"",2,"normal",20,12,,,
"Weights (Unison)","Apr 27, 2024, 4:39 PM","Apr 27, 2024, 5:43 PM","","Single Arm Tricep Extension (Dumbbell)",,"",0,"normal",5,12,,,
"Weights (Unison)","Apr 27, 2024, 4:39 PM","Apr 27, 2024, 5:43 PM","","Single Arm Tricep Extension (Dumbbell)",,"",1,"normal",5,12,,,
"Weights (Unison)","Apr 27, 2024, 4:39 PM","Apr 27, 2024, 5:43 PM","","Single Arm Tricep Extension (Dumbbell)",,"",2,"normal",5,12,,,
"Weights (Unison)","Apr 27, 2024, 4:39 PM","Apr 27, 2024, 5:43 PM","","Single Arm Tricep Extension (Dumbbell)",,"",3,"normal",5,12,,,
"Weights (Unison)","Apr 27, 2024, 4:39 PM","Apr 27, 2024, 5:43 PM","","Single Arm Tricep Extension (Dumbbell)",,"",4,"normal",5,12,,,
"Weights (Unison)","Apr 27, 2024, 4:39 PM","Apr 27, 2024, 5:43 PM","","Single Arm Tricep Extension (Dumbbell)",,"",5,"normal",5,12,,,
"Weights (Unison)","Apr 25, 2024, 3:53 PM","Apr 25, 2024, 4:33 PM","","Elliptical Trainer",,"",0,"normal",,,,600,
"Weights (Unison)","Apr 25, 2024, 3:53 PM","Apr 25, 2024, 4:33 PM","","Squat (Barbell)",,"",0,"normal",37.5,12,,,
"Weights (Unison)","Apr 25, 2024, 3:53 PM","Apr 25, 2024, 4:33 PM","","Lat Pulldown (Cable)",,"",0,"normal",90,12,,,
"Weights (Unison)","Apr 22, 2024, 8:46 PM","Apr 22, 2024, 9:57 PM","","Elliptical Trainer",,"",0,"normal",,,,600,
"Weights (Unison)","Apr 22, 2024, 8:46 PM","Apr 22, 2024, 9:57 PM","","Squat (Barbell)",,"",0,"normal",37.5,12,,,
"Weights (Unison)","Apr 22, 2024, 8:46 PM","Apr 22, 2024, 9:57 PM","","Squat (Barbell)",,"",1,"normal",37.5,12,,,
"Weights (Unison)","Apr 22, 2024, 8:46 PM","Apr 22, 2024, 9:57 PM","","Squat (Barbell)",,"",2,"normal",37.5,12,,,
"Weights (Unison)","Apr 22, 2024, 8:46 PM","Apr 22, 2024, 9:57 PM","","Lat Pulldown (Cable)",,"",0,"normal",90,12,,,
"Weights (Unison)","Apr 22, 2024, 8:46 PM","Apr 22, 2024, 9:57 PM","","Lat Pulldown (Cable)",,"",1,"normal",90,12,,,
"Weights (Unison)","Apr 22, 2024, 8:46 PM","Apr 22, 2024, 9:57 PM","","Lat Pulldown (Cable)",,"",2,"normal",90,12,,,
"Weights (Unison)","Apr 22, 2024, 8:46 PM","Apr 22, 2024, 9:57 PM","","Lying Leg Curl (Machine)",,"",0,"normal",80,12,,,
"Weights (Unison)","Apr 22, 2024, 8:46 PM","Apr 22, 2024, 9:57 PM","","Lying Leg Curl (Machine)",,"",1,"normal",80,12,,,
"Weights (Unison)","Apr 22, 2024, 8:46 PM","Apr 22, 2024, 9:57 PM","","Lying Leg Curl (Machine)",,"",2,"normal",80,12,,,
"Weights (Unison)","Apr 22, 2024, 8:46 PM","Apr 22, 2024, 9:57 PM","","Push Up",,"",0,"normal",,16,,,
"Weights (Unison)","Apr 22, 2024, 8:46 PM","Apr 22, 2024, 9:57 PM","","Push Up",,"",1,"normal",,16,,,
"Weights (Unison)","Apr 22, 2024, 8:46 PM","Apr 22, 2024, 9:57 PM","","Push Up",,"",2,"normal",,16,,,
"Weights (Unison)","Apr 22, 2024, 8:46 PM","Apr 22, 2024, 9:57 PM","","Leg Extension (Machine)",,"",0,"normal",120,12,,,
"Weights (Unison)","Apr 22, 2024, 8:46 PM","Apr 22, 2024, 9:57 PM","","Leg Extension (Machine)",,"",1,"normal",120,12,,,
"Weights (Unison)","Apr 22, 2024, 8:46 PM","Apr 22, 2024, 9:57 PM","","Leg Extension (Machine)",,"",2,"normal",120,12,,,
"Weights (Unison)","Apr 22, 2024, 8:46 PM","Apr 22, 2024, 9:57 PM","","Seated Cable Row - Bar Grip",,"",0,"normal",90,12,,,
"Weights (Unison)","Apr 22, 2024, 8:46 PM","Apr 22, 2024, 9:57 PM","","Seated Cable Row - Bar Grip",,"",1,"normal",90,12,,,
"Weights (Unison)","Apr 22, 2024, 8:46 PM","Apr 22, 2024, 9:57 PM","","Seated Cable Row - Bar Grip",,"",2,"normal",90,12,,,
"Weights (Unison)","Apr 22, 2024, 8:46 PM","Apr 22, 2024, 9:57 PM","","Chest Fly (Dumbbell)",,"",0,"normal",20,12,,,
"Weights (Unison)","Apr 22, 2024, 8:46 PM","Apr 22, 2024, 9:57 PM","","Chest Fly (Dumbbell)",,"",1,"normal",20,12,,,
"Weights (Unison)","Apr 22, 2024, 8:46 PM","Apr 22, 2024, 9:57 PM","","Chest Fly (Dumbbell)",,"",2,"normal",20,12,,,
"Weights (Unison)","Apr 22, 2024, 8:46 PM","Apr 22, 2024, 9:57 PM","","Seated Shoulder Press (Machine)",,"",0,"normal",50,12,,,
"Weights (Unison)","Apr 22, 2024, 8:46 PM","Apr 22, 2024, 9:57 PM","","Seated Shoulder Press (Machine)",,"",1,"normal",50,11,,,
"Weights (Unison)","Apr 22, 2024, 8:46 PM","Apr 22, 2024, 9:57 PM","","Seated Shoulder Press (Machine)",,"",2,"normal",50,8,,,
"Weights (Unison)","Apr 22, 2024, 8:46 PM","Apr 22, 2024, 9:57 PM","","Bicep Curl (Dumbbell)",,"",0,"normal",20,12,,,
"Weights (Unison)","Apr 22, 2024, 8:46 PM","Apr 22, 2024, 9:57 PM","","Bicep Curl (Dumbbell)",,"",1,"normal",20,12,,,
"Weights (Unison)","Apr 22, 2024, 8:46 PM","Apr 22, 2024, 9:57 PM","","Bicep Curl (Dumbbell)",,"",2,"normal",20,12,,,
"Weights (Unison)","Apr 22, 2024, 8:46 PM","Apr 22, 2024, 9:57 PM","","Single Arm Tricep Extension (Dumbbell)",,"",0,"normal",6,12,,,
"Weights (Unison)","Apr 22, 2024, 8:46 PM","Apr 22, 2024, 9:57 PM","","Single Arm Tricep Extension (Dumbbell)",,"",1,"normal",6,12,,,
"Weights (Unison)","Apr 22, 2024, 8:46 PM","Apr 22, 2024, 9:57 PM","","Single Arm Tricep Extension (Dumbbell)",,"",2,"normal",5,12,,,
"Weights (Unison)","Apr 22, 2024, 8:46 PM","Apr 22, 2024, 9:57 PM","","Single Arm Tricep Extension (Dumbbell)",,"",3,"normal",5,12,,,
"Weights (Unison)","Apr 22, 2024, 8:46 PM","Apr 22, 2024, 9:57 PM","","Single Arm Tricep Extension (Dumbbell)",,"",4,"normal",5,12,,,
"Weights (Unison)","Apr 22, 2024, 8:46 PM","Apr 22, 2024, 9:57 PM","","Single Arm Tricep Extension (Dumbbell)",,"",5,"normal",5,12,,,
"Weights (Unison)","Apr 21, 2024, 8:11 AM","Apr 21, 2024, 9:19 AM","","Elliptical Trainer",,"",0,"normal",,,,600,
"Weights (Unison)","Apr 21, 2024, 8:11 AM","Apr 21, 2024, 9:19 AM","","Squat (Barbell)",,"",0,"normal",35,12,,,
"Weights (Unison)","Apr 21, 2024, 8:11 AM","Apr 21, 2024, 9:19 AM","","Squat (Barbell)",,"",1,"normal",35,12,,,
"Weights (Unison)","Apr 21, 2024, 8:11 AM","Apr 21, 2024, 9:19 AM","","Squat (Barbell)",,"",2,"normal",35,12,,,
"Weights (Unison)","Apr 21, 2024, 8:11 AM","Apr 21, 2024, 9:19 AM","","Lat Pulldown (Cable)",,"",0,"normal",90,12,,,
"Weights (Unison)","Apr 21, 2024, 8:11 AM","Apr 21, 2024, 9:19 AM","","Lat Pulldown (Cable)",,"",1,"normal",90,12,,,
"Weights (Unison)","Apr 21, 2024, 8:11 AM","Apr 21, 2024, 9:19 AM","","Lat Pulldown (Cable)",,"",2,"normal",90,12,,,
"Weights (Unison)","Apr 21, 2024, 8:11 AM","Apr 21, 2024, 9:19 AM","","Lying Leg Curl (Machine)",,"",0,"normal",80,12,,,
"Weights (Unison)","Apr 21, 2024, 8:11 AM","Apr 21, 2024, 9:19 AM","","Lying Leg Curl (Machine)",,"",1,"normal",80,12,,,
"Weights (Unison)","Apr 21, 2024, 8:11 AM","Apr 21, 2024, 9:19 AM","","Lying Leg Curl (Machine)",,"",2,"normal",80,12,,,
"Weights (Unison)","Apr 21, 2024, 8:11 AM","Apr 21, 2024, 9:19 AM","","Push Up",,"",0,"normal",,16,,,
"Weights (Unison)","Apr 21, 2024, 8:11 AM","Apr 21, 2024, 9:19 AM","","Push Up",,"",1,"normal",,16,,,
"Weights (Unison)","Apr 21, 2024, 8:11 AM","Apr 21, 2024, 9:19 AM","","Push Up",,"",2,"normal",,16,,,
"Weights (Unison)","Apr 21, 2024, 8:11 AM","Apr 21, 2024, 9:19 AM","","Leg Extension (Machine)",,"",0,"normal",120,12,,,
"Weights (Unison)","Apr 21, 2024, 8:11 AM","Apr 21, 2024, 9:19 AM","","Leg Extension (Machine)",,"",1,"normal",120,12,,,
"Weights (Unison)","Apr 21, 2024, 8:11 AM","Apr 21, 2024, 9:19 AM","","Leg Extension (Machine)",,"",2,"normal",120,12,,,
"Weights (Unison)","Apr 21, 2024, 8:11 AM","Apr 21, 2024, 9:19 AM","","Seated Cable Row - Bar Grip",,"",0,"normal",90,12,,,
"Weights (Unison)","Apr 21, 2024, 8:11 AM","Apr 21, 2024, 9:19 AM","","Seated Cable Row - Bar Grip",,"",1,"normal",90,12,,,
"Weights (Unison)","Apr 21, 2024, 8:11 AM","Apr 21, 2024, 9:19 AM","","Seated Cable Row - Bar Grip",,"",2,"normal",90,12,,,
"Weights (Unison)","Apr 21, 2024, 8:11 AM","Apr 21, 2024, 9:19 AM","","Chest Fly (Dumbbell)",,"",0,"normal",20,12,,,
"Weights (Unison)","Apr 21, 2024, 8:11 AM","Apr 21, 2024, 9:19 AM","","Chest Fly (Dumbbell)",,"",1,"normal",20,12,,,
"Weights (Unison)","Apr 21, 2024, 8:11 AM","Apr 21, 2024, 9:19 AM","","Chest Fly (Dumbbell)",,"",2,"normal",20,12,,,
"Weights (Unison)","Apr 21, 2024, 8:11 AM","Apr 21, 2024, 9:19 AM","","Seated Shoulder Press (Machine)",,"",0,"normal",50,12,,,
"Weights (Unison)","Apr 21, 2024, 8:11 AM","Apr 21, 2024, 9:19 AM","","Seated Shoulder Press (Machine)",,"",1,"normal",50,11,,,
"Weights (Unison)","Apr 21, 2024, 8:11 AM","Apr 21, 2024, 9:19 AM","","Seated Shoulder Press (Machine)",,"",2,"normal",50,8,,,
"Weights (Unison)","Apr 21, 2024, 8:11 AM","Apr 21, 2024, 9:19 AM","","Bicep Curl (Dumbbell)",,"",0,"normal",20,12,,,
"Weights (Unison)","Apr 21, 2024, 8:11 AM","Apr 21, 2024, 9:19 AM","","Bicep Curl (Dumbbell)",,"",1,"normal",20,12,,,
"Weights (Unison)","Apr 21, 2024, 8:11 AM","Apr 21, 2024, 9:19 AM","","Bicep Curl (Dumbbell)",,"",2,"normal",20,12,,,
"Weights (Unison)","Apr 21, 2024, 8:11 AM","Apr 21, 2024, 9:19 AM","","Single Arm Tricep Extension (Dumbbell)",,"",0,"normal",6,12,,,
"Weights (Unison)","Apr 21, 2024, 8:11 AM","Apr 21, 2024, 9:19 AM","","Single Arm Tricep Extension (Dumbbell)",,"",1,"normal",6,12,,,
"Weights (Unison)","Apr 21, 2024, 8:11 AM","Apr 21, 2024, 9:19 AM","","Single Arm Tricep Extension (Dumbbell)",,"",2,"normal",6,12,,,
"Weights (Unison)","Apr 17, 2024, 8:24 PM","Apr 17, 2024, 9:27 PM","","Elliptical Trainer",,"",0,"normal",,,,600,
"Weights (Unison)","Apr 17, 2024, 8:24 PM","Apr 17, 2024, 9:27 PM","","Squat (Barbell)",,"",0,"normal",35,12,,,
"Weights (Unison)","Apr 17, 2024, 8:24 PM","Apr 17, 2024, 9:27 PM","","Squat (Barbell)",,"",1,"normal",35,12,,,
"Weights (Unison)","Apr 17, 2024, 8:24 PM","Apr 17, 2024, 9:27 PM","","Squat (Barbell)",,"",2,"normal",35,12,,,
"Weights (Unison)","Apr 17, 2024, 8:24 PM","Apr 17, 2024, 9:27 PM","","Lat Pulldown (Cable)",,"",0,"normal",80,12,,,
"Weights (Unison)","Apr 17, 2024, 8:24 PM","Apr 17, 2024, 9:27 PM","","Lat Pulldown (Cable)",,"",1,"normal",80,12,,,
"Weights (Unison)","Apr 17, 2024, 8:24 PM","Apr 17, 2024, 9:27 PM","","Lat Pulldown (Cable)",,"",2,"normal",80,12,,,
"Weights (Unison)","Apr 17, 2024, 8:24 PM","Apr 17, 2024, 9:27 PM","","Lying Leg Curl (Machine)",,"",0,"normal",70,12,,,
"Weights (Unison)","Apr 17, 2024, 8:24 PM","Apr 17, 2024, 9:27 PM","","Lying Leg Curl (Machine)",,"",1,"normal",70,12,,,
"Weights (Unison)","Apr 17, 2024, 8:24 PM","Apr 17, 2024, 9:27 PM","","Lying Leg Curl (Machine)",,"",2,"normal",80,12,,,
"Weights (Unison)","Apr 17, 2024, 8:24 PM","Apr 17, 2024, 9:27 PM","","Chest Press (Machine)",,"",0,"normal",100,12,,,
"Weights (Unison)","Apr 17, 2024, 8:24 PM","Apr 17, 2024, 9:27 PM","","Chest Press (Machine)",,"",1,"normal",100,12,,,
"Weights (Unison)","Apr 17, 2024, 8:24 PM","Apr 17, 2024, 9:27 PM","","Chest Press (Machine)",,"",2,"normal",100,9,,,
"Weights (Unison)","Apr 17, 2024, 8:24 PM","Apr 17, 2024, 9:27 PM","","Leg Extension (Machine)",,"",0,"normal",120,12,,,
"Weights (Unison)","Apr 17, 2024, 8:24 PM","Apr 17, 2024, 9:27 PM","","Leg Extension (Machine)",,"",1,"normal",120,12,,,
"Weights (Unison)","Apr 17, 2024, 8:24 PM","Apr 17, 2024, 9:27 PM","","Leg Extension (Machine)",,"",2,"normal",120,12,,,
"Weights (Unison)","Apr 17, 2024, 8:24 PM","Apr 17, 2024, 9:27 PM","","Seated Cable Row - Bar Grip",,"",0,"normal",80,12,,,
"Weights (Unison)","Apr 17, 2024, 8:24 PM","Apr 17, 2024, 9:27 PM","","Seated Cable Row - Bar Grip",,"",1,"normal",90,12,,,
"Weights (Unison)","Apr 17, 2024, 8:24 PM","Apr 17, 2024, 9:27 PM","","Seated Cable Row - Bar Grip",,"",2,"normal",90,12,,,
"Weights (Unison)","Apr 17, 2024, 8:24 PM","Apr 17, 2024, 9:27 PM","","Chest Fly (Dumbbell)",,"",0,"normal",20,12,,,
"Weights (Unison)","Apr 17, 2024, 8:24 PM","Apr 17, 2024, 9:27 PM","","Chest Fly (Dumbbell)",,"",1,"normal",20,12,,,
"Weights (Unison)","Apr 17, 2024, 8:24 PM","Apr 17, 2024, 9:27 PM","","Chest Fly (Dumbbell)",,"",2,"normal",20,12,,,
"Weights (Unison)","Apr 17, 2024, 8:24 PM","Apr 17, 2024, 9:27 PM","","Seated Shoulder Press (Machine)",,"",0,"normal",50,12,,,
"Weights (Unison)","Apr 17, 2024, 8:24 PM","Apr 17, 2024, 9:27 PM","","Seated Shoulder Press (Machine)",,"",1,"normal",50,9,,,
"Weights (Unison)","Apr 17, 2024, 8:24 PM","Apr 17, 2024, 9:27 PM","","Seated Shoulder Press (Machine)",,"",2,"normal",50,7,,,
"Weights (Unison)","Apr 17, 2024, 8:24 PM","Apr 17, 2024, 9:27 PM","","Bicep Curl (Dumbbell)",,"",0,"normal",20,12,,,
"Weights (Unison)","Apr 17, 2024, 8:24 PM","Apr 17, 2024, 9:27 PM","","Bicep Curl (Dumbbell)",,"",1,"normal",20,12,,,
"Weights (Unison)","Apr 17, 2024, 8:24 PM","Apr 17, 2024, 9:27 PM","","Bicep Curl (Dumbbell)",,"",2,"normal",20,12,,,
"Weights (Unison)","Apr 17, 2024, 8:24 PM","Apr 17, 2024, 9:27 PM","","Single Arm Tricep Extension (Dumbbell)",,"",0,"normal",6,12,,,
"Weights (Unison)","Apr 17, 2024, 8:24 PM","Apr 17, 2024, 9:27 PM","","Single Arm Tricep Extension (Dumbbell)",,"",1,"normal",6,12,,,
"Weights (Unison)","Apr 17, 2024, 8:24 PM","Apr 17, 2024, 9:27 PM","","Single Arm Tricep Extension (Dumbbell)",,"",2,"normal",6,12,,,
"Weights (Unison)","Apr 17, 2024, 8:24 PM","Apr 17, 2024, 9:27 PM","","Single Arm Tricep Extension (Dumbbell)",,"",3,"normal",6,12,,,
"Weights (Unison)","Apr 17, 2024, 8:24 PM","Apr 17, 2024, 9:27 PM","","Single Arm Tricep Extension (Dumbbell)",,"",4,"normal",6,12,,,
"Weights (Unison)","Apr 17, 2024, 8:24 PM","Apr 17, 2024, 9:27 PM","","Single Arm Tricep Extension (Dumbbell)",,"",5,"normal",6,7,,,
"Weights (Unison)","Apr 15, 2024, 8:29 PM","Apr 15, 2024, 9:36 PM","","Elliptical Trainer",,"",0,"normal",,,,600,
"Weights (Unison)","Apr 15, 2024, 8:29 PM","Apr 15, 2024, 9:36 PM","","Squat (Barbell)",,"",0,"normal",32.5,12,,,
"Weights (Unison)","Apr 15, 2024, 8:29 PM","Apr 15, 2024, 9:36 PM","","Squat (Barbell)",,"",1,"normal",32.5,12,,,
"Weights (Unison)","Apr 15, 2024, 8:29 PM","Apr 15, 2024, 9:36 PM","","Squat (Barbell)",,"",2,"normal",32.5,12,,,
"Weights (Unison)","Apr 15, 2024, 8:29 PM","Apr 15, 2024, 9:36 PM","","Lat Pulldown (Cable)",,"",0,"normal",80,12,,,
"Weights (Unison)","Apr 15, 2024, 8:29 PM","Apr 15, 2024, 9:36 PM","","Lat Pulldown (Cable)",,"",1,"normal",80,12,,,
"Weights (Unison)","Apr 15, 2024, 8:29 PM","Apr 15, 2024, 9:36 PM","","Lat Pulldown (Cable)",,"",2,"normal",80,12,,,
"Weights (Unison)","Apr 15, 2024, 8:29 PM","Apr 15, 2024, 9:36 PM","","Lying Leg Curl (Machine)",,"",0,"normal",70,12,,,
"Weights (Unison)","Apr 15, 2024, 8:29 PM","Apr 15, 2024, 9:36 PM","","Lying Leg Curl (Machine)",,"",1,"normal",70,12,,,
"Weights (Unison)","Apr 15, 2024, 8:29 PM","Apr 15, 2024, 9:36 PM","","Lying Leg Curl (Machine)",,"",2,"normal",70,12,,,
"Weights (Unison)","Apr 15, 2024, 8:29 PM","Apr 15, 2024, 9:36 PM","","Chest Press (Machine)",,"",0,"normal",100,12,,,
"Weights (Unison)","Apr 15, 2024, 8:29 PM","Apr 15, 2024, 9:36 PM","","Chest Press (Machine)",,"",1,"normal",100,12,,,
"Weights (Unison)","Apr 15, 2024, 8:29 PM","Apr 15, 2024, 9:36 PM","","Chest Press (Machine)",,"",2,"normal",100,9,,,
"Weights (Unison)","Apr 15, 2024, 8:29 PM","Apr 15, 2024, 9:36 PM","","Leg Extension (Machine)",,"",0,"normal",120,12,,,
"Weights (Unison)","Apr 15, 2024, 8:29 PM","Apr 15, 2024, 9:36 PM","","Leg Extension (Machine)",,"",1,"normal",120,12,,,
"Weights (Unison)","Apr 15, 2024, 8:29 PM","Apr 15, 2024, 9:36 PM","","Leg Extension (Machine)",,"",2,"normal",120,12,,,
"Weights (Unison)","Apr 15, 2024, 8:29 PM","Apr 15, 2024, 9:36 PM","","Seated Cable Row - Bar Grip",,"",0,"normal",80,12,,,
"Weights (Unison)","Apr 15, 2024, 8:29 PM","Apr 15, 2024, 9:36 PM","","Seated Cable Row - Bar Grip",,"",1,"normal",80,12,,,
"Weights (Unison)","Apr 15, 2024, 8:29 PM","Apr 15, 2024, 9:36 PM","","Seated Cable Row - Bar Grip",,"",2,"normal",90,12,,,
"Weights (Unison)","Apr 15, 2024, 8:29 PM","Apr 15, 2024, 9:36 PM","","Chest Fly (Dumbbell)",,"",0,"normal",20,12,,,
"Weights (Unison)","Apr 15, 2024, 8:29 PM","Apr 15, 2024, 9:36 PM","","Chest Fly (Dumbbell)",,"",1,"normal",20,12,,,
"Weights (Unison)","Apr 15, 2024, 8:29 PM","Apr 15, 2024, 9:36 PM","","Chest Fly (Dumbbell)",,"",2,"normal",20,12,,,
"Weights (Unison)","Apr 15, 2024, 8:29 PM","Apr 15, 2024, 9:36 PM","","Seated Shoulder Press (Machine)",,"",0,"normal",40,12,,,
"Weights (Unison)","Apr 15, 2024, 8:29 PM","Apr 15, 2024, 9:36 PM","","Seated Shoulder Press (Machine)",,"",1,"normal",40,12,,,
"Weights (Unison)","Apr 15, 2024, 8:29 PM","Apr 15, 2024, 9:36 PM","","Seated Shoulder Press (Machine)",,"",2,"normal",50,9,,,
"Weights (Unison)","Apr 15, 2024, 8:29 PM","Apr 15, 2024, 9:36 PM","","Bicep Curl (Dumbbell)",,"",0,"normal",20,12,,,
"Weights (Unison)","Apr 15, 2024, 8:29 PM","Apr 15, 2024, 9:36 PM","","Bicep Curl (Dumbbell)",,"",1,"normal",20,12,,,
"Weights (Unison)","Apr 15, 2024, 8:29 PM","Apr 15, 2024, 9:36 PM","","Bicep Curl (Dumbbell)",,"",2,"normal",20,12,,,
"Weights (Unison)","Apr 15, 2024, 8:29 PM","Apr 15, 2024, 9:36 PM","","Single Arm Tricep Extension (Dumbbell)",,"",0,"normal",6,12,,,
"Weights (Unison)","Apr 15, 2024, 8:29 PM","Apr 15, 2024, 9:36 PM","","Single Arm Tricep Extension (Dumbbell)",,"",1,"normal",6,12,,,
"Weights (Unison)","Apr 15, 2024, 8:29 PM","Apr 15, 2024, 9:36 PM","","Single Arm Tricep Extension (Dumbbell)",,"",2,"normal",6,12,,,
"Weights (Unison)","Apr 15, 2024, 8:29 PM","Apr 15, 2024, 9:36 PM","","Single Arm Tricep Extension (Dumbbell)",,"",3,"normal",6,12,,,
"Weights (Unison)","Apr 15, 2024, 8:29 PM","Apr 15, 2024, 9:36 PM","","Single Arm Tricep Extension (Dumbbell)",,"",4,"normal",6,12,,,
"Weights (Unison)","Apr 15, 2024, 8:29 PM","Apr 15, 2024, 9:36 PM","","Single Arm Tricep Extension (Dumbbell)",,"",5,"normal",6,7,,,
"Weights (Unison)","Apr 12, 2024, 6:51 AM","Apr 12, 2024, 7:59 AM","","Elliptical Trainer",,"",0,"normal",,,,600,
"Weights (Unison)","Apr 12, 2024, 6:51 AM","Apr 12, 2024, 7:59 AM","","Squat (Barbell)",,"",0,"normal",32.5,12,,,
"Weights (Unison)","Apr 12, 2024, 6:51 AM","Apr 12, 2024, 7:59 AM","","Squat (Barbell)",,"",1,"normal",32.5,12,,,
"Weights (Unison)","Apr 12, 2024, 6:51 AM","Apr 12, 2024, 7:59 AM","","Squat (Barbell)",,"",2,"normal",32.5,12,,,
"Weights (Unison)","Apr 12, 2024, 6:51 AM","Apr 12, 2024, 7:59 AM","","Lat Pulldown (Cable)",,"",0,"normal",90,12,,,
"Weights (Unison)","Apr 12, 2024, 6:51 AM","Apr 12, 2024, 7:59 AM","","Lat Pulldown (Cable)",,"",1,"normal",90,12,,,
"Weights (Unison)","Apr 12, 2024, 6:51 AM","Apr 12, 2024, 7:59 AM","","Lat Pulldown (Cable)",,"",2,"normal",80,12,,,
"Weights (Unison)","Apr 12, 2024, 6:51 AM","Apr 12, 2024, 7:59 AM","","Lying Leg Curl (Machine)",,"",0,"normal",70,12,,,
"Weights (Unison)","Apr 12, 2024, 6:51 AM","Apr 12, 2024, 7:59 AM","","Lying Leg Curl (Machine)",,"",1,"normal",70,12,,,
"Weights (Unison)","Apr 12, 2024, 6:51 AM","Apr 12, 2024, 7:59 AM","","Lying Leg Curl (Machine)",,"",2,"normal",70,12,,,
"Weights (Unison)","Apr 12, 2024, 6:51 AM","Apr 12, 2024, 7:59 AM","","Chest Press (Machine)",,"",0,"normal",100,12,,,
"Weights (Unison)","Apr 12, 2024, 6:51 AM","Apr 12, 2024, 7:59 AM","","Chest Press (Machine)",,"",1,"normal",100,12,,,
"Weights (Unison)","Apr 12, 2024, 6:51 AM","Apr 12, 2024, 7:59 AM","","Chest Press (Machine)",,"",2,"normal",100,7,,,
"Weights (Unison)","Apr 12, 2024, 6:51 AM","Apr 12, 2024, 7:59 AM","","Leg Extension (Machine)",,"",0,"normal",120,12,,,
"Weights (Unison)","Apr 12, 2024, 6:51 AM","Apr 12, 2024, 7:59 AM","","Leg Extension (Machine)",,"",1,"normal",120,12,,,
"Weights (Unison)","Apr 12, 2024, 6:51 AM","Apr 12, 2024, 7:59 AM","","Leg Extension (Machine)",,"",2,"normal",120,12,,,
"Weights (Unison)","Apr 12, 2024, 6:51 AM","Apr 12, 2024, 7:59 AM","","Seated Cable Row - Bar Grip",,"",0,"normal",80,12,,,
"Weights (Unison)","Apr 12, 2024, 6:51 AM","Apr 12, 2024, 7:59 AM","","Seated Cable Row - Bar Grip",,"",1,"normal",80,12,,,
"Weights (Unison)","Apr 12, 2024, 6:51 AM","Apr 12, 2024, 7:59 AM","","Seated Cable Row - Bar Grip",,"",2,"normal",80,12,,,
"Weights (Unison)","Apr 12, 2024, 6:51 AM","Apr 12, 2024, 7:59 AM","","Chest Fly (Dumbbell)",,"",0,"normal",20,12,,,
"Weights (Unison)","Apr 12, 2024, 6:51 AM","Apr 12, 2024, 7:59 AM","","Chest Fly (Dumbbell)",,"",1,"normal",20,12,,,
"Weights (Unison)","Apr 12, 2024, 6:51 AM","Apr 12, 2024, 7:59 AM","","Chest Fly (Dumbbell)",,"",2,"normal",20,12,,,
"Weights (Unison)","Apr 12, 2024, 6:51 AM","Apr 12, 2024, 7:59 AM","","Seated Shoulder Press (Machine)",,"",0,"normal",40,12,,,
"Weights (Unison)","Apr 12, 2024, 6:51 AM","Apr 12, 2024, 7:59 AM","","Seated Shoulder Press (Machine)",,"",1,"normal",40,12,,,
"Weights (Unison)","Apr 12, 2024, 6:51 AM","Apr 12, 2024, 7:59 AM","","Seated Shoulder Press (Machine)",,"",2,"normal",40,12,,,
"Weights (Unison)","Apr 12, 2024, 6:51 AM","Apr 12, 2024, 7:59 AM","","Bicep Curl (Barbell)",,"",0,"normal",10,12,,,
"Weights (Unison)","Apr 12, 2024, 6:51 AM","Apr 12, 2024, 7:59 AM","","Bicep Curl (Barbell)",,"",1,"normal",10,12,,,
"Weights (Unison)","Apr 12, 2024, 6:51 AM","Apr 12, 2024, 7:59 AM","","Bicep Curl (Barbell)",,"",2,"normal",10,12,,,
"Weights (Unison)","Apr 12, 2024, 6:51 AM","Apr 12, 2024, 7:59 AM","","Single Arm Tricep Extension (Dumbbell)",,"",0,"normal",5,12,,,
"Weights (Unison)","Apr 12, 2024, 6:51 AM","Apr 12, 2024, 7:59 AM","","Single Arm Tricep Extension (Dumbbell)",,"",1,"normal",5,12,,,
"Weights (Unison)","Apr 12, 2024, 6:51 AM","Apr 12, 2024, 7:59 AM","","Single Arm Tricep Extension (Dumbbell)",,"",2,"normal",5,12,,,
"Weights (Unison)","Apr 12, 2024, 6:51 AM","Apr 12, 2024, 7:59 AM","","Single Arm Tricep Extension (Dumbbell)",,"",3,"normal",5,12,,,
"Weights (Unison)","Apr 12, 2024, 6:51 AM","Apr 12, 2024, 7:59 AM","","Single Arm Tricep Extension (Dumbbell)",,"",4,"normal",5,12,,,
"Weights (Unison)","Apr 12, 2024, 6:51 AM","Apr 12, 2024, 7:59 AM","","Single Arm Tricep Extension (Dumbbell)",,"",5,"normal",5,12,,,
"Weights (Unison)","Apr 8, 2024, 6:05 PM","Apr 8, 2024, 6:57 PM","","Elliptical Trainer",,"",0,"normal",,,,600,
"Weights (Unison)","Apr 8, 2024, 6:05 PM","Apr 8, 2024, 6:57 PM","","Squat (Barbell)",,"",0,"normal",32.5,12,,,
"Weights (Unison)","Apr 8, 2024, 6:05 PM","Apr 8, 2024, 6:57 PM","","Squat (Barbell)",,"",1,"normal",32.5,12,,,
"Weights (Unison)","Apr 8, 2024, 6:05 PM","Apr 8, 2024, 6:57 PM","","Squat (Barbell)",,"",2,"normal",32.5,12,,,
"Weights (Unison)","Apr 8, 2024, 6:05 PM","Apr 8, 2024, 6:57 PM","","Lat Pulldown (Cable)",,"",0,"normal",90,12,,,
"Weights (Unison)","Apr 8, 2024, 6:05 PM","Apr 8, 2024, 6:57 PM","","Lat Pulldown (Cable)",,"",1,"normal",90,12,,,
"Weights (Unison)","Apr 8, 2024, 6:05 PM","Apr 8, 2024, 6:57 PM","","Lat Pulldown (Cable)",,"",2,"normal",80,9,,,
"Weights (Unison)","Apr 8, 2024, 6:05 PM","Apr 8, 2024, 6:57 PM","","Lying Leg Curl (Machine)",,"",0,"normal",70,12,,,
"Weights (Unison)","Apr 8, 2024, 6:05 PM","Apr 8, 2024, 6:57 PM","","Lying Leg Curl (Machine)",,"",1,"normal",70,12,,,
"Weights (Unison)","Apr 8, 2024, 6:05 PM","Apr 8, 2024, 6:57 PM","","Lying Leg Curl (Machine)",,"",2,"normal",70,12,,,
"Weights (Unison)","Apr 8, 2024, 6:05 PM","Apr 8, 2024, 6:57 PM","","Chest Press (Machine)",,"",0,"normal",100,12,,,
"Weights (Unison)","Apr 8, 2024, 6:05 PM","Apr 8, 2024, 6:57 PM","","Chest Press (Machine)",,"",1,"normal",100,12,,,
"Weights (Unison)","Apr 8, 2024, 6:05 PM","Apr 8, 2024, 6:57 PM","","Chest Press (Machine)",,"",2,"normal",100,6,,,
"Weights (Unison)","Apr 8, 2024, 6:05 PM","Apr 8, 2024, 6:57 PM","","Leg Extension (Machine)",,"",0,"normal",120,12,,,
"Weights (Unison)","Apr 8, 2024, 6:05 PM","Apr 8, 2024, 6:57 PM","","Leg Extension (Machine)",,"",1,"normal",120,12,,,
"Weights (Unison)","Apr 8, 2024, 6:05 PM","Apr 8, 2024, 6:57 PM","","Leg Extension (Machine)",,"",2,"normal",120,12,,,
"Weights (Unison)","Apr 8, 2024, 6:05 PM","Apr 8, 2024, 6:57 PM","","Seated Cable Row - Bar Grip",,"",0,"normal",80,12,,,
"Weights (Unison)","Apr 8, 2024, 6:05 PM","Apr 8, 2024, 6:57 PM","","Seated Cable Row - Bar Grip",,"",1,"normal",80,12,,,
"Weights (Unison)","Apr 8, 2024, 6:05 PM","Apr 8, 2024, 6:57 PM","","Seated Cable Row - Bar Grip",,"",2,"normal",80,12,,,
"Weights (Unison)","Apr 8, 2024, 6:05 PM","Apr 8, 2024, 6:57 PM","","Chest Fly (Dumbbell)",,"",0,"normal",20,12,,,
"Weights (Unison)","Apr 8, 2024, 6:05 PM","Apr 8, 2024, 6:57 PM","","Chest Fly (Dumbbell)",,"",1,"normal",20,12,,,
"Weights (Unison)","Apr 8, 2024, 6:05 PM","Apr 8, 2024, 6:57 PM","","Chest Fly (Dumbbell)",,"",2,"normal",20,12,,,
"Weights (Unison)","Apr 8, 2024, 6:05 PM","Apr 8, 2024, 6:57 PM","","Seated Shoulder Press (Machine)",,"",0,"normal",40,12,,,
"Weights (Unison)","Apr 8, 2024, 6:05 PM","Apr 8, 2024, 6:57 PM","","Seated Shoulder Press (Machine)",,"",1,"normal",40,12,,,
"Weights (Unison)","Apr 8, 2024, 6:05 PM","Apr 8, 2024, 6:57 PM","","Seated Shoulder Press (Machine)",,"",2,"normal",40,12,,,
"Weights (Unison)","Apr 8, 2024, 6:05 PM","Apr 8, 2024, 6:57 PM","","Bicep Curl (Dumbbell)",,"",0,"normal",20,12,,,
"Weights (Unison)","Apr 8, 2024, 6:05 PM","Apr 8, 2024, 6:57 PM","","Bicep Curl (Dumbbell)",,"",1,"normal",20,12,,,
"Weights (Unison)","Apr 8, 2024, 6:05 PM","Apr 8, 2024, 6:57 PM","","Bicep Curl (Dumbbell)",,"",2,"normal",20,12,,,
"Weights (Unison)","Apr 8, 2024, 6:05 PM","Apr 8, 2024, 6:57 PM","","Single Arm Tricep Extension (Dumbbell)",,"",0,"normal",5,12,,,
"Weights (Unison)","Apr 8, 2024, 6:05 PM","Apr 8, 2024, 6:57 PM","","Single Arm Tricep Extension (Dumbbell)",,"",1,"normal",5,12,,,
"Weights (Unison)","Apr 8, 2024, 6:05 PM","Apr 8, 2024, 6:57 PM","","Single Arm Tricep Extension (Dumbbell)",,"",2,"normal",5,12,,,
"Weights (Unison)","Apr 8, 2024, 6:05 PM","Apr 8, 2024, 6:57 PM","","Single Arm Tricep Extension (Dumbbell)",,"",3,"normal",5,12,,,
"Weights (Unison)","Apr 8, 2024, 6:05 PM","Apr 8, 2024, 6:57 PM","","Single Arm Tricep Extension (Dumbbell)",,"",4,"normal",5,12,,,
"Weights (Unison)","Apr 8, 2024, 6:05 PM","Apr 8, 2024, 6:57 PM","","Single Arm Tricep Extension (Dumbbell)",,"",5,"normal",5,12,,,
"Weights (Unison)","Apr 5, 2024, 6:27 AM","Apr 5, 2024, 7:27 AM","","Elliptical Trainer",,"",0,"normal",,,,600,
"Weights (Unison)","Apr 5, 2024, 6:27 AM","Apr 5, 2024, 7:27 AM","","Squat (Barbell)",,"",0,"normal",30,12,,,
"Weights (Unison)","Apr 5, 2024, 6:27 AM","Apr 5, 2024, 7:27 AM","","Squat (Barbell)",,"",1,"normal",30,12,,,
"Weights (Unison)","Apr 5, 2024, 6:27 AM","Apr 5, 2024, 7:27 AM","","Squat (Barbell)",,"",2,"normal",30,12,,,
"Weights (Unison)","Apr 5, 2024, 6:27 AM","Apr 5, 2024, 7:27 AM","","Lat Pulldown (Cable)",,"",0,"normal",90,12,,,
"Weights (Unison)","Apr 5, 2024, 6:27 AM","Apr 5, 2024, 7:27 AM","","Lat Pulldown (Cable)",,"",1,"normal",90,12,,,
"Weights (Unison)","Apr 5, 2024, 6:27 AM","Apr 5, 2024, 7:27 AM","","Lat Pulldown (Cable)",,"",2,"normal",90,9,,,
"Weights (Unison)","Apr 5, 2024, 6:27 AM","Apr 5, 2024, 7:27 AM","","Lying Leg Curl (Machine)",,"",0,"normal",70,12,,,
"Weights (Unison)","Apr 5, 2024, 6:27 AM","Apr 5, 2024, 7:27 AM","","Lying Leg Curl (Machine)",,"",1,"normal",70,12,,,
"Weights (Unison)","Apr 5, 2024, 6:27 AM","Apr 5, 2024, 7:27 AM","","Lying Leg Curl (Machine)",,"",2,"normal",70,11,,,
"Weights (Unison)","Apr 5, 2024, 6:27 AM","Apr 5, 2024, 7:27 AM","","Chest Press (Machine)",,"",0,"normal",100,12,,,
"Weights (Unison)","Apr 5, 2024, 6:27 AM","Apr 5, 2024, 7:27 AM","","Chest Press (Machine)",,"",1,"normal",100,12,,,
"Weights (Unison)","Apr 5, 2024, 6:27 AM","Apr 5, 2024, 7:27 AM","","Chest Press (Machine)",,"",2,"normal",100,10,,,
"Weights (Unison)","Apr 5, 2024, 6:27 AM","Apr 5, 2024, 7:27 AM","","Leg Extension (Machine)",,"",0,"normal",120,12,,,
"Weights (Unison)","Apr 5, 2024, 6:27 AM","Apr 5, 2024, 7:27 AM","","Leg Extension (Machine)",,"",1,"normal",120,12,,,
"Weights (Unison)","Apr 5, 2024, 6:27 AM","Apr 5, 2024, 7:27 AM","","Leg Extension (Machine)",,"",2,"normal",120,12,,,
"Weights (Unison)","Apr 5, 2024, 6:27 AM","Apr 5, 2024, 7:27 AM","","Seated Cable Row - Bar Grip",,"",0,"normal",80,12,,,
"Weights (Unison)","Apr 5, 2024, 6:27 AM","Apr 5, 2024, 7:27 AM","","Seated Cable Row - Bar Grip",,"",1,"normal",80,12,,,
"Weights (Unison)","Apr 5, 2024, 6:27 AM","Apr 5, 2024, 7:27 AM","","Seated Cable Row - Bar Grip",,"",2,"normal",80,12,,,
"Weights (Unison)","Apr 5, 2024, 6:27 AM","Apr 5, 2024, 7:27 AM","","Chest Fly (Dumbbell)",,"",0,"normal",20,12,,,
"Weights (Unison)","Apr 5, 2024, 6:27 AM","Apr 5, 2024, 7:27 AM","","Chest Fly (Dumbbell)",,"",1,"normal",20,12,,,
"Weights (Unison)","Apr 5, 2024, 6:27 AM","Apr 5, 2024, 7:27 AM","","Chest Fly (Dumbbell)",,"",2,"normal",20,12,,,
"Weights (Unison)","Apr 5, 2024, 6:27 AM","Apr 5, 2024, 7:27 AM","","Seated Shoulder Press (Machine)",,"",0,"normal",40,12,,,
"Weights (Unison)","Apr 5, 2024, 6:27 AM","Apr 5, 2024, 7:27 AM","","Seated Shoulder Press (Machine)",,"",1,"normal",40,12,,,
"Weights (Unison)","Apr 5, 2024, 6:27 AM","Apr 5, 2024, 7:27 AM","","Seated Shoulder Press (Machine)",,"",2,"normal",40,12,,,
"Weights (Unison)","Apr 5, 2024, 6:27 AM","Apr 5, 2024, 7:27 AM","","Bicep Curl (Dumbbell)",,"",0,"normal",20,12,,,
"Weights (Unison)","Apr 5, 2024, 6:27 AM","Apr 5, 2024, 7:27 AM","","Bicep Curl (Dumbbell)",,"",1,"normal",20,12,,,
"Weights (Unison)","Apr 5, 2024, 6:27 AM","Apr 5, 2024, 7:27 AM","","Bicep Curl (Dumbbell)",,"",2,"normal",20,12,,,
"Weights (Unison)","Apr 5, 2024, 6:27 AM","Apr 5, 2024, 7:27 AM","","Single Arm Tricep Extension (Dumbbell)",,"",0,"normal",5,12,,,
"Weights (Unison)","Apr 5, 2024, 6:27 AM","Apr 5, 2024, 7:27 AM","","Single Arm Tricep Extension (Dumbbell)",,"",1,"normal",5,12,,,
"Weights (Unison)","Apr 5, 2024, 6:27 AM","Apr 5, 2024, 7:27 AM","","Single Arm Tricep Extension (Dumbbell)",,"",2,"normal",5,12,,,
"Weights (Unison)","Apr 5, 2024, 6:27 AM","Apr 5, 2024, 7:27 AM","","Single Arm Tricep Extension (Dumbbell)",,"",3,"normal",5,12,,,
"Weights (Unison)","Apr 5, 2024, 6:27 AM","Apr 5, 2024, 7:27 AM","","Single Arm Tricep Extension (Dumbbell)",,"",4,"normal",5,12,,,
"Weights (Unison)","Apr 5, 2024, 6:27 AM","Apr 5, 2024, 7:27 AM","","Single Arm Tricep Extension (Dumbbell)",,"",5,"normal",5,12,,,
"Weights (Unison)","Apr 3, 2024, 8:23 PM","Apr 3, 2024, 9:44 PM","","Elliptical Trainer",,"",0,"normal",,,,600,
"Weights (Unison)","Apr 3, 2024, 8:23 PM","Apr 3, 2024, 9:44 PM","","Squat (Barbell)",,"",0,"normal",30,12,,,
"Weights (Unison)","Apr 3, 2024, 8:23 PM","Apr 3, 2024, 9:44 PM","","Squat (Barbell)",,"",1,"normal",30,12,,,
"Weights (Unison)","Apr 3, 2024, 8:23 PM","Apr 3, 2024, 9:44 PM","","Squat (Barbell)",,"",2,"normal",30,12,,,
"Weights (Unison)","Apr 3, 2024, 8:23 PM","Apr 3, 2024, 9:44 PM","","Lat Pulldown (Cable)",,"",0,"normal",90,12,,,
"Weights (Unison)","Apr 3, 2024, 8:23 PM","Apr 3, 2024, 9:44 PM","","Lat Pulldown (Cable)",,"",1,"normal",90,12,,,
"Weights (Unison)","Apr 3, 2024, 8:23 PM","Apr 3, 2024, 9:44 PM","","Lat Pulldown (Cable)",,"",2,"normal",90,9,,,
"Weights (Unison)","Apr 3, 2024, 8:23 PM","Apr 3, 2024, 9:44 PM","","Lying Leg Curl (Machine)",,"",0,"normal",70,12,,,
"Weights (Unison)","Apr 3, 2024, 8:23 PM","Apr 3, 2024, 9:44 PM","","Lying Leg Curl (Machine)",,"",1,"normal",70,12,,,
"Weights (Unison)","Apr 3, 2024, 8:23 PM","Apr 3, 2024, 9:44 PM","","Lying Leg Curl (Machine)",,"",2,"normal",70,11,,,
"Weights (Unison)","Apr 3, 2024, 8:23 PM","Apr 3, 2024, 9:44 PM","","Chest Press (Machine)",,"",0,"normal",100,12,,,
"Weights (Unison)","Apr 3, 2024, 8:23 PM","Apr 3, 2024, 9:44 PM","","Chest Press (Machine)",,"",1,"normal",100,12,,,
"Weights (Unison)","Apr 3, 2024, 8:23 PM","Apr 3, 2024, 9:44 PM","","Chest Press (Machine)",,"",2,"normal",100,10,,,
"Weights (Unison)","Apr 3, 2024, 8:23 PM","Apr 3, 2024, 9:44 PM","","Leg Extension (Machine)",,"",0,"normal",120,12,,,
"Weights (Unison)","Apr 3, 2024, 8:23 PM","Apr 3, 2024, 9:44 PM","","Leg Extension (Machine)",,"",1,"normal",120,12,,,
"Weights (Unison)","Apr 3, 2024, 8:23 PM","Apr 3, 2024, 9:44 PM","","Leg Extension (Machine)",,"",2,"normal",120,12,,,
"Weights (Unison)","Apr 3, 2024, 8:23 PM","Apr 3, 2024, 9:44 PM","","Seated Cable Row - Bar Grip",,"",0,"normal",80,12,,,
"Weights (Unison)","Apr 3, 2024, 8:23 PM","Apr 3, 2024, 9:44 PM","","Seated Cable Row - Bar Grip",,"",1,"normal",80,12,,,
"Weights (Unison)","Apr 3, 2024, 8:23 PM","Apr 3, 2024, 9:44 PM","","Seated Cable Row - Bar Grip",,"",2,"normal",80,12,,,
"Weights (Unison)","Apr 3, 2024, 8:23 PM","Apr 3, 2024, 9:44 PM","","Chest Fly (Dumbbell)",,"",0,"normal",18,12,,,
"Weights (Unison)","Apr 3, 2024, 8:23 PM","Apr 3, 2024, 9:44 PM","","Chest Fly (Dumbbell)",,"",1,"normal",18,12,,,
"Weights (Unison)","Apr 3, 2024, 8:23 PM","Apr 3, 2024, 9:44 PM","","Chest Fly (Dumbbell)",,"",2,"normal",18,12,,,
"Weights (Unison)","Apr 3, 2024, 8:23 PM","Apr 3, 2024, 9:44 PM","","Seated Shoulder Press (Machine)",,"",0,"normal",40,12,,,
"Weights (Unison)","Apr 3, 2024, 8:23 PM","Apr 3, 2024, 9:44 PM","","Seated Shoulder Press (Machine)",,"",1,"normal",40,12,,,
"Weights (Unison)","Apr 3, 2024, 8:23 PM","Apr 3, 2024, 9:44 PM","","Seated Shoulder Press (Machine)",,"",2,"normal",40,12,,,
"Weights (Unison)","Apr 3, 2024, 8:23 PM","Apr 3, 2024, 9:44 PM","","Bicep Curl (Dumbbell)",,"",0,"normal",18,12,,,
"Weights (Unison)","Apr 3, 2024, 8:23 PM","Apr 3, 2024, 9:44 PM","","Bicep Curl (Dumbbell)",,"",1,"normal",18,12,,,
"Weights (Unison)","Apr 3, 2024, 8:23 PM","Apr 3, 2024, 9:44 PM","","Bicep Curl (Dumbbell)",,"",2,"normal",18,12,,,
"Weights (Unison)","Apr 3, 2024, 8:23 PM","Apr 3, 2024, 9:44 PM","","Single Arm Tricep Extension (Dumbbell)",,"",0,"normal",5,12,,,
"Weights (Unison)","Apr 3, 2024, 8:23 PM","Apr 3, 2024, 9:44 PM","","Single Arm Tricep Extension (Dumbbell)",,"",1,"normal",5,12,,,
"Weights (Unison)","Apr 3, 2024, 8:23 PM","Apr 3, 2024, 9:44 PM","","Single Arm Tricep Extension (Dumbbell)",,"",2,"normal",5,12,,,
"Weights (Unison)","Apr 3, 2024, 8:23 PM","Apr 3, 2024, 9:44 PM","","Single Arm Tricep Extension (Dumbbell)",,"",3,"normal",5,12,,,
"Weights (Unison)","Apr 3, 2024, 8:23 PM","Apr 3, 2024, 9:44 PM","","Single Arm Tricep Extension (Dumbbell)",,"",4,"normal",5,12,,,
"Weights (Unison)","Apr 3, 2024, 8:23 PM","Apr 3, 2024, 9:44 PM","","Single Arm Tricep Extension (Dumbbell)",,"",5,"normal",5,12,,,
"Weights (Unison)","Apr 1, 2024, 4:41 PM","Apr 1, 2024, 5:47 PM","","Elliptical Trainer",,"",0,"normal",,,,600,
"Weights (Unison)","Apr 1, 2024, 4:41 PM","Apr 1, 2024, 5:47 PM","","Squat (Barbell)",,"",0,"normal",30,12,,,
"Weights (Unison)","Apr 1, 2024, 4:41 PM","Apr 1, 2024, 5:47 PM","","Squat (Barbell)",,"",1,"normal",30,12,,,
"Weights (Unison)","Apr 1, 2024, 4:41 PM","Apr 1, 2024, 5:47 PM","","Squat (Barbell)",,"",2,"normal",30,12,,,
"Weights (Unison)","Apr 1, 2024, 4:41 PM","Apr 1, 2024, 5:47 PM","","Lat Pulldown (Cable)",,"",0,"normal",90,12,,,
"Weights (Unison)","Apr 1, 2024, 4:41 PM","Apr 1, 2024, 5:47 PM","","Lat Pulldown (Cable)",,"",1,"normal",90,12,,,
"Weights (Unison)","Apr 1, 2024, 4:41 PM","Apr 1, 2024, 5:47 PM","","Lat Pulldown (Cable)",,"",2,"normal",90,9,,,
"Weights (Unison)","Apr 1, 2024, 4:41 PM","Apr 1, 2024, 5:47 PM","","Lying Leg Curl (Machine)",,"",0,"normal",70,12,,,
"Weights (Unison)","Apr 1, 2024, 4:41 PM","Apr 1, 2024, 5:47 PM","","Lying Leg Curl (Machine)",,"",1,"normal",70,12,,,
"Weights (Unison)","Apr 1, 2024, 4:41 PM","Apr 1, 2024, 5:47 PM","","Lying Leg Curl (Machine)",,"",2,"normal",70,11,,,
"Weights (Unison)","Apr 1, 2024, 4:41 PM","Apr 1, 2024, 5:47 PM","","Chest Press (Machine)",,"",0,"normal",90,12,,,
"Weights (Unison)","Apr 1, 2024, 4:41 PM","Apr 1, 2024, 5:47 PM","","Chest Press (Machine)",,"",1,"normal",90,12,,,
"Weights (Unison)","Apr 1, 2024, 4:41 PM","Apr 1, 2024, 5:47 PM","","Chest Press (Machine)",,"",2,"normal",100,12,,,
"Weights (Unison)","Apr 1, 2024, 4:41 PM","Apr 1, 2024, 5:47 PM","","Leg Extension (Machine)",,"",0,"normal",120,12,,,
"Weights (Unison)","Apr 1, 2024, 4:41 PM","Apr 1, 2024, 5:47 PM","","Leg Extension (Machine)",,"",1,"normal",120,12,,,
"Weights (Unison)","Apr 1, 2024, 4:41 PM","Apr 1, 2024, 5:47 PM","","Leg Extension (Machine)",,"",2,"normal",120,12,,,
"Weights (Unison)","Apr 1, 2024, 4:41 PM","Apr 1, 2024, 5:47 PM","","Seated Cable Row - Bar Grip",,"",0,"normal",80,12,,,
"Weights (Unison)","Apr 1, 2024, 4:41 PM","Apr 1, 2024, 5:47 PM","","Seated Cable Row - Bar Grip",,"",1,"normal",80,12,,,
"Weights (Unison)","Apr 1, 2024, 4:41 PM","Apr 1, 2024, 5:47 PM","","Seated Cable Row - Bar Grip",,"",2,"normal",80,9,,,
"Weights (Unison)","Apr 1, 2024, 4:41 PM","Apr 1, 2024, 5:47 PM","","Chest Fly (Dumbbell)",,"",0,"normal",18,12,,,
"Weights (Unison)","Apr 1, 2024, 4:41 PM","Apr 1, 2024, 5:47 PM","","Chest Fly (Dumbbell)",,"",1,"normal",18,12,,,
"Weights (Unison)","Apr 1, 2024, 4:41 PM","Apr 1, 2024, 5:47 PM","","Chest Fly (Dumbbell)",,"",2,"normal",18,12,,,
"Weights (Unison)","Apr 1, 2024, 4:41 PM","Apr 1, 2024, 5:47 PM","","Seated Shoulder Press (Machine)",,"",0,"normal",40,12,,,
"Weights (Unison)","Apr 1, 2024, 4:41 PM","Apr 1, 2024, 5:47 PM","","Seated Shoulder Press (Machine)",,"",1,"normal",40,12,,,
"Weights (Unison)","Apr 1, 2024, 4:41 PM","Apr 1, 2024, 5:47 PM","","Seated Shoulder Press (Machine)",,"",2,"normal",40,12,,,
"Weights (Unison)","Apr 1, 2024, 4:41 PM","Apr 1, 2024, 5:47 PM","","Bicep Curl (Dumbbell)",,"",0,"normal",18,12,,,
"Weights (Unison)","Apr 1, 2024, 4:41 PM","Apr 1, 2024, 5:47 PM","","Bicep Curl (Dumbbell)",,"",1,"normal",18,12,,,
"Weights (Unison)","Apr 1, 2024, 4:41 PM","Apr 1, 2024, 5:47 PM","","Bicep Curl (Dumbbell)",,"",2,"normal",18,12,,,
"Weights (Unison)","Apr 1, 2024, 4:41 PM","Apr 1, 2024, 5:47 PM","","Single Arm Tricep Extension (Dumbbell)",,"",0,"normal",5,12,,,
"Weights (Unison)","Apr 1, 2024, 4:41 PM","Apr 1, 2024, 5:47 PM","","Single Arm Tricep Extension (Dumbbell)",,"",1,"normal",5,12,,,
"Weights (Unison)","Apr 1, 2024, 4:41 PM","Apr 1, 2024, 5:47 PM","","Single Arm Tricep Extension (Dumbbell)",,"",2,"normal",5,12,,,
"Weights (Unison)","Apr 1, 2024, 4:41 PM","Apr 1, 2024, 5:47 PM","","Single Arm Tricep Extension (Dumbbell)",,"",3,"normal",5,12,,,
"Weights (Unison)","Apr 1, 2024, 4:41 PM","Apr 1, 2024, 5:47 PM","","Single Arm Tricep Extension (Dumbbell)",,"",4,"normal",5,12,,,
"Weights (Unison)","Apr 1, 2024, 4:41 PM","Apr 1, 2024, 5:47 PM","","Single Arm Tricep Extension (Dumbbell)",,"",5,"normal",5,12,,,
"Weights (Unison)","Mar 29, 2024, 9:13 AM","Mar 29, 2024, 9:43 AM","","Elliptical Trainer",,"",0,"normal",,,,600,
"Weights (Unison)","Mar 29, 2024, 9:13 AM","Mar 29, 2024, 9:43 AM","","Lat Pulldown (Cable)",,"",0,"normal",90,12,,,
"Weights (Unison)","Mar 29, 2024, 9:13 AM","Mar 29, 2024, 9:43 AM","","Lat Pulldown (Cable)",,"",1,"normal",90,12,,,
"Weights (Unison)","Mar 29, 2024, 9:13 AM","Mar 29, 2024, 9:43 AM","","Lat Pulldown (Cable)",,"",2,"normal",90,10,,,
"Weights (Unison)","Mar 29, 2024, 9:13 AM","Mar 29, 2024, 9:43 AM","","Lying Leg Curl (Machine)",,"",0,"normal",70,12,,,
"Weights (Unison)","Mar 29, 2024, 9:13 AM","Mar 29, 2024, 9:43 AM","","Lying Leg Curl (Machine)",,"",1,"normal",70,12,,,
"Weights (Unison)","Mar 29, 2024, 9:13 AM","Mar 29, 2024, 9:43 AM","","Lying Leg Curl (Machine)",,"",2,"normal",70,11,,,
"Weights (Unison)","Mar 29, 2024, 9:13 AM","Mar 29, 2024, 9:43 AM","","Chest Press (Machine)",,"",0,"normal",90,12,,,
"Weights (Unison)","Mar 29, 2024, 9:13 AM","Mar 29, 2024, 9:43 AM","","Chest Press (Machine)",,"",1,"normal",90,12,,,
"Weights (Unison)","Mar 29, 2024, 9:13 AM","Mar 29, 2024, 9:43 AM","","Chest Press (Machine)",,"",2,"normal",90,12,,,
"Weights (Unison)","Mar 29, 2024, 9:13 AM","Mar 29, 2024, 9:43 AM","","Leg Extension (Machine)",,"",0,"normal",120,12,,,
"Weights (Unison)","Mar 29, 2024, 9:13 AM","Mar 29, 2024, 9:43 AM","","Leg Extension (Machine)",,"",1,"normal",120,12,,,
"Weights (Unison)","Mar 29, 2024, 9:13 AM","Mar 29, 2024, 9:43 AM","","Leg Extension (Machine)",,"",2,"normal",120,12,,,
"Weights (Unison)","Mar 29, 2024, 9:13 AM","Mar 29, 2024, 9:43 AM","","Bicep Curl (Dumbbell)",,"",0,"normal",18,12,,,
"Weights (Unison)","Mar 29, 2024, 9:13 AM","Mar 29, 2024, 9:43 AM","","Bicep Curl (Dumbbell)",,"",1,"normal",18,12,,,
"Weights (Unison)","Mar 29, 2024, 9:13 AM","Mar 29, 2024, 9:43 AM","","Bicep Curl (Dumbbell)",,"",2,"normal",18,12,,,
"Weights (Unison)","Mar 27, 2024, 8:56 PM","Mar 27, 2024, 9:54 PM","","Elliptical Trainer",,"",0,"normal",,,,600,
"Weights (Unison)","Mar 27, 2024, 8:56 PM","Mar 27, 2024, 9:54 PM","","Squat (Barbell)",,"",0,"normal",30,12,,,
"Weights (Unison)","Mar 27, 2024, 8:56 PM","Mar 27, 2024, 9:54 PM","","Squat (Barbell)",,"",1,"normal",30,12,,,
"Weights (Unison)","Mar 27, 2024, 8:56 PM","Mar 27, 2024, 9:54 PM","","Squat (Barbell)",,"",2,"normal",30,12,,,
"Weights (Unison)","Mar 27, 2024, 8:56 PM","Mar 27, 2024, 9:54 PM","","Lat Pulldown (Cable)",,"",0,"normal",90,12,,,
"Weights (Unison)","Mar 27, 2024, 8:56 PM","Mar 27, 2024, 9:54 PM","","Lat Pulldown (Cable)",,"",1,"normal",90,12,,,
"Weights (Unison)","Mar 27, 2024, 8:56 PM","Mar 27, 2024, 9:54 PM","","Lat Pulldown (Cable)",,"",2,"normal",90,12,,,
"Weights (Unison)","Mar 27, 2024, 8:56 PM","Mar 27, 2024, 9:54 PM","","Lying Leg Curl (Machine)",,"",0,"normal",70,12,,,
"Weights (Unison)","Mar 27, 2024, 8:56 PM","Mar 27, 2024, 9:54 PM","","Lying Leg Curl (Machine)",,"",1,"normal",70,12,,,
"Weights (Unison)","Mar 27, 2024, 8:56 PM","Mar 27, 2024, 9:54 PM","","Lying Leg Curl (Machine)",,"",2,"normal",70,12,,,
"Weights (Unison)","Mar 27, 2024, 8:56 PM","Mar 27, 2024, 9:54 PM","","Chest Press (Machine)",,"",0,"normal",90,12,,,
"Weights (Unison)","Mar 27, 2024, 8:56 PM","Mar 27, 2024, 9:54 PM","","Chest Press (Machine)",,"",1,"normal",90,12,,,
"Weights (Unison)","Mar 27, 2024, 8:56 PM","Mar 27, 2024, 9:54 PM","","Chest Press (Machine)",,"",2,"normal",90,12,,,
"Weights (Unison)","Mar 27, 2024, 8:56 PM","Mar 27, 2024, 9:54 PM","","Leg Extension (Machine)",,"",0,"normal",110,12,,,
"Weights (Unison)","Mar 27, 2024, 8:56 PM","Mar 27, 2024, 9:54 PM","","Leg Extension (Machine)",,"",1,"normal",110,12,,,
"Weights (Unison)","Mar 27, 2024, 8:56 PM","Mar 27, 2024, 9:54 PM","","Leg Extension (Machine)",,"",2,"normal",120,12,,,
"Weights (Unison)","Mar 27, 2024, 8:56 PM","Mar 27, 2024, 9:54 PM","","Seated Cable Row - Bar Grip",,"",0,"normal",80,12,,,
"Weights (Unison)","Mar 27, 2024, 8:56 PM","Mar 27, 2024, 9:54 PM","","Seated Cable Row - Bar Grip",,"",1,"normal",80,12,,,
"Weights (Unison)","Mar 27, 2024, 8:56 PM","Mar 27, 2024, 9:54 PM","","Seated Cable Row - Bar Grip",,"",2,"normal",80,12,,,
"Weights (Unison)","Mar 27, 2024, 8:56 PM","Mar 27, 2024, 9:54 PM","","Chest Fly (Dumbbell)",,"",0,"normal",18,12,,,
"Weights (Unison)","Mar 27, 2024, 8:56 PM","Mar 27, 2024, 9:54 PM","","Chest Fly (Dumbbell)",,"",1,"normal",18,12,,,
"Weights (Unison)","Mar 27, 2024, 8:56 PM","Mar 27, 2024, 9:54 PM","","Chest Fly (Dumbbell)",,"",2,"normal",18,12,,,
"Weights (Unison)","Mar 27, 2024, 8:56 PM","Mar 27, 2024, 9:54 PM","","Seated Shoulder Press (Machine)",,"",0,"normal",40,12,,,
"Weights (Unison)","Mar 27, 2024, 8:56 PM","Mar 27, 2024, 9:54 PM","","Seated Shoulder Press (Machine)",,"",1,"normal",40,12,,,
"Weights (Unison)","Mar 27, 2024, 8:56 PM","Mar 27, 2024, 9:54 PM","","Seated Shoulder Press (Machine)",,"",2,"normal",40,12,,,
"Weights (Unison)","Mar 27, 2024, 8:56 PM","Mar 27, 2024, 9:54 PM","","Bicep Curl (Dumbbell)",,"",0,"normal",18,12,,,
"Weights (Unison)","Mar 27, 2024, 8:56 PM","Mar 27, 2024, 9:54 PM","","Bicep Curl (Dumbbell)",,"",1,"normal",18,12,,,
"Weights (Unison)","Mar 27, 2024, 8:56 PM","Mar 27, 2024, 9:54 PM","","Bicep Curl (Dumbbell)",,"",2,"normal",18,12,,,
"Weights (Unison)","Mar 27, 2024, 8:56 PM","Mar 27, 2024, 9:54 PM","","Triceps Pushdown",,"",0,"normal",70,12,,,
"Weights (Unison)","Mar 27, 2024, 8:56 PM","Mar 27, 2024, 9:54 PM","","Triceps Pushdown",,"",1,"normal",70,12,,,
"Weights (Unison)","Mar 27, 2024, 8:56 PM","Mar 27, 2024, 9:54 PM","","Triceps Pushdown",,"",2,"normal",80,8,,,
"Weights (Unison)","Mar 25, 2024, 7:52 PM","Mar 25, 2024, 8:50 PM","","Elliptical Trainer",,"",0,"normal",,,,600,
"Weights (Unison)","Mar 25, 2024, 7:52 PM","Mar 25, 2024, 8:50 PM","","Squat (Barbell)",,"",0,"normal",30,12,,,
"Weights (Unison)","Mar 25, 2024, 7:52 PM","Mar 25, 2024, 8:50 PM","","Squat (Barbell)",,"",1,"normal",30,12,,,
"Weights (Unison)","Mar 25, 2024, 7:52 PM","Mar 25, 2024, 8:50 PM","","Squat (Barbell)",,"",2,"normal",30,12,,,
"Weights (Unison)","Mar 25, 2024, 7:52 PM","Mar 25, 2024, 8:50 PM","","Lat Pulldown (Cable)",,"",0,"normal",80,12,,,
"Weights (Unison)","Mar 25, 2024, 7:52 PM","Mar 25, 2024, 8:50 PM","","Lat Pulldown (Cable)",,"",1,"normal",90,12,,,
"Weights (Unison)","Mar 25, 2024, 7:52 PM","Mar 25, 2024, 8:50 PM","","Lat Pulldown (Cable)",,"",2,"normal",90,12,,,
"Weights (Unison)","Mar 25, 2024, 7:52 PM","Mar 25, 2024, 8:50 PM","","Lying Leg Curl (Machine)",,"",0,"normal",60,12,,,
"Weights (Unison)","Mar 25, 2024, 7:52 PM","Mar 25, 2024, 8:50 PM","","Lying Leg Curl (Machine)",,"",1,"normal",60,12,,,
"Weights (Unison)","Mar 25, 2024, 7:52 PM","Mar 25, 2024, 8:50 PM","","Lying Leg Curl (Machine)",,"",2,"normal",70,12,,,
"Weights (Unison)","Mar 25, 2024, 7:52 PM","Mar 25, 2024, 8:50 PM","","Chest Press (Machine)",,"",0,"normal",90,12,,,
"Weights (Unison)","Mar 25, 2024, 7:52 PM","Mar 25, 2024, 8:50 PM","","Chest Press (Machine)",,"",1,"normal",90,12,,,
"Weights (Unison)","Mar 25, 2024, 7:52 PM","Mar 25, 2024, 8:50 PM","","Chest Press (Machine)",,"",2,"normal",90,12,,,
"Weights (Unison)","Mar 25, 2024, 7:52 PM","Mar 25, 2024, 8:50 PM","","Leg Extension (Machine)",,"",0,"normal",100,12,,,
"Weights (Unison)","Mar 25, 2024, 7:52 PM","Mar 25, 2024, 8:50 PM","","Leg Extension (Machine)",,"",1,"normal",100,12,,,
"Weights (Unison)","Mar 25, 2024, 7:52 PM","Mar 25, 2024, 8:50 PM","","Leg Extension (Machine)",,"",2,"normal",110,12,,,
"Weights (Unison)","Mar 25, 2024, 7:52 PM","Mar 25, 2024, 8:50 PM","","Seated Cable Row - Bar Grip",,"",0,"normal",80,12,,,
"Weights (Unison)","Mar 25, 2024, 7:52 PM","Mar 25, 2024, 8:50 PM","","Seated Cable Row - Bar Grip",,"",1,"normal",80,12,,,
"Weights (Unison)","Mar 25, 2024, 7:52 PM","Mar 25, 2024, 8:50 PM","","Seated Cable Row - Bar Grip",,"",2,"normal",80,8,,,
"Weights (Unison)","Mar 25, 2024, 7:52 PM","Mar 25, 2024, 8:50 PM","","Chest Fly (Dumbbell)",,"",0,"normal",18,12,,,
"Weights (Unison)","Mar 25, 2024, 7:52 PM","Mar 25, 2024, 8:50 PM","","Chest Fly (Dumbbell)",,"",1,"normal",18,12,,,
"Weights (Unison)","Mar 25, 2024, 7:52 PM","Mar 25, 2024, 8:50 PM","","Chest Fly (Dumbbell)",,"",2,"normal",18,12,,,
"Weights (Unison)","Mar 25, 2024, 7:52 PM","Mar 25, 2024, 8:50 PM","","Seated Shoulder Press (Machine)",,"",0,"normal",40,12,,,
"Weights (Unison)","Mar 25, 2024, 7:52 PM","Mar 25, 2024, 8:50 PM","","Seated Shoulder Press (Machine)",,"",1,"normal",40,12,,,
"Weights (Unison)","Mar 25, 2024, 7:52 PM","Mar 25, 2024, 8:50 PM","","Seated Shoulder Press (Machine)",,"",2,"normal",40,12,,,
"Weights (Unison)","Mar 25, 2024, 7:52 PM","Mar 25, 2024, 8:50 PM","","Bicep Curl (Dumbbell)",,"",0,"normal",18,12,,,
"Weights (Unison)","Mar 25, 2024, 7:52 PM","Mar 25, 2024, 8:50 PM","","Bicep Curl (Dumbbell)",,"",1,"normal",18,12,,,
"Weights (Unison)","Mar 25, 2024, 7:52 PM","Mar 25, 2024, 8:50 PM","","Bicep Curl (Dumbbell)",,"",2,"normal",18,12,,,
"Weights (Unison)","Mar 25, 2024, 7:52 PM","Mar 25, 2024, 8:50 PM","","Single Arm Tricep Extension (Dumbbell)",,"",0,"normal",5,12,,,
"Weights (Unison)","Mar 25, 2024, 7:52 PM","Mar 25, 2024, 8:50 PM","","Single Arm Tricep Extension (Dumbbell)",,"",1,"normal",5,12,,,
"Weights (Unison)","Mar 25, 2024, 7:52 PM","Mar 25, 2024, 8:50 PM","","Single Arm Tricep Extension (Dumbbell)",,"",2,"normal",5,12,,,
"Weights (Unison)","Mar 25, 2024, 7:52 PM","Mar 25, 2024, 8:50 PM","","Single Arm Tricep Extension (Dumbbell)",,"",3,"normal",5,12,,,
"Weights (Unison)","Mar 25, 2024, 7:52 PM","Mar 25, 2024, 8:50 PM","","Single Arm Tricep Extension (Dumbbell)",,"",4,"normal",5,12,,,
"Weights (Unison)","Mar 25, 2024, 7:52 PM","Mar 25, 2024, 8:50 PM","","Single Arm Tricep Extension (Dumbbell)",,"",5,"normal",5,12,,,
"Weights (Unison)","Mar 23, 2024, 7:50 AM","Mar 23, 2024, 9:03 AM","","Elliptical Trainer",,"",0,"normal",,,,600,
"Weights (Unison)","Mar 23, 2024, 7:50 AM","Mar 23, 2024, 9:03 AM","","Squat (Barbell)",,"",0,"normal",25,12,,,
"Weights (Unison)","Mar 23, 2024, 7:50 AM","Mar 23, 2024, 9:03 AM","","Squat (Barbell)",,"",1,"normal",27.5,12,,,
"Weights (Unison)","Mar 23, 2024, 7:50 AM","Mar 23, 2024, 9:03 AM","","Squat (Barbell)",,"",2,"normal",27.5,12,,,
"Weights (Unison)","Mar 23, 2024, 7:50 AM","Mar 23, 2024, 9:03 AM","","Lat Pulldown (Cable)",,"",0,"normal",80,12,,,
"Weights (Unison)","Mar 23, 2024, 7:50 AM","Mar 23, 2024, 9:03 AM","","Lat Pulldown (Cable)",,"",1,"normal",80,12,,,
"Weights (Unison)","Mar 23, 2024, 7:50 AM","Mar 23, 2024, 9:03 AM","","Lat Pulldown (Cable)",,"",2,"normal",80,12,,,
"Weights (Unison)","Mar 23, 2024, 7:50 AM","Mar 23, 2024, 9:03 AM","","Lying Leg Curl (Machine)",,"",0,"normal",60,12,,,
"Weights (Unison)","Mar 23, 2024, 7:50 AM","Mar 23, 2024, 9:03 AM","","Lying Leg Curl (Machine)",,"",1,"normal",60,12,,,
"Weights (Unison)","Mar 23, 2024, 7:50 AM","Mar 23, 2024, 9:03 AM","","Lying Leg Curl (Machine)",,"",2,"normal",60,12,,,
"Weights (Unison)","Mar 23, 2024, 7:50 AM","Mar 23, 2024, 9:03 AM","","Chest Press (Machine)",,"",0,"normal",80,12,,,
"Weights (Unison)","Mar 23, 2024, 7:50 AM","Mar 23, 2024, 9:03 AM","","Chest Press (Machine)",,"",1,"normal",80,12,,,
"Weights (Unison)","Mar 23, 2024, 7:50 AM","Mar 23, 2024, 9:03 AM","","Chest Press (Machine)",,"",2,"normal",90,12,,,
"Weights (Unison)","Mar 23, 2024, 7:50 AM","Mar 23, 2024, 9:03 AM","","Leg Extension (Machine)",,"",0,"normal",90,12,,,
"Weights (Unison)","Mar 23, 2024, 7:50 AM","Mar 23, 2024, 9:03 AM","","Leg Extension (Machine)",,"",1,"normal",90,12,,,
"Weights (Unison)","Mar 23, 2024, 7:50 AM","Mar 23, 2024, 9:03 AM","","Leg Extension (Machine)",,"",2,"normal",100,12,,,
"Weights (Unison)","Mar 23, 2024, 7:50 AM","Mar 23, 2024, 9:03 AM","","Seated Cable Row - Bar Grip",,"",0,"normal",70,12,,,
"Weights (Unison)","Mar 23, 2024, 7:50 AM","Mar 23, 2024, 9:03 AM","","Seated Cable Row - Bar Grip",,"",1,"normal",80,12,,,
"Weights (Unison)","Mar 23, 2024, 7:50 AM","Mar 23, 2024, 9:03 AM","","Seated Cable Row - Bar Grip",,"",2,"normal",80,12,,,
"Weights (Unison)","Mar 23, 2024, 7:50 AM","Mar 23, 2024, 9:03 AM","","Chest Fly (Dumbbell)",,"",0,"normal",18,12,,,
"Weights (Unison)","Mar 23, 2024, 7:50 AM","Mar 23, 2024, 9:03 AM","","Chest Fly (Dumbbell)",,"",1,"normal",18,12,,,
"Weights (Unison)","Mar 23, 2024, 7:50 AM","Mar 23, 2024, 9:03 AM","","Chest Fly (Dumbbell)",,"",2,"normal",18,12,,,
"Weights (Unison)","Mar 23, 2024, 7:50 AM","Mar 23, 2024, 9:03 AM","","Seated Shoulder Press (Machine)",,"",0,"normal",40,12,,,
"Weights (Unison)","Mar 23, 2024, 7:50 AM","Mar 23, 2024, 9:03 AM","","Seated Shoulder Press (Machine)",,"",1,"normal",40,12,,,
"Weights (Unison)","Mar 23, 2024, 7:50 AM","Mar 23, 2024, 9:03 AM","","Seated Shoulder Press (Machine)",,"",2,"normal",40,12,,,
"Weights (Unison)","Mar 23, 2024, 7:50 AM","Mar 23, 2024, 9:03 AM","","Bicep Curl (Dumbbell)",,"",0,"normal",14,12,,,
"Weights (Unison)","Mar 23, 2024, 7:50 AM","Mar 23, 2024, 9:03 AM","","Bicep Curl (Dumbbell)",,"",1,"normal",16,12,,,
"Weights (Unison)","Mar 23, 2024, 7:50 AM","Mar 23, 2024, 9:03 AM","","Bicep Curl (Dumbbell)",,"",2,"normal",18,12,,,
"Weights (Unison)","Mar 23, 2024, 7:50 AM","Mar 23, 2024, 9:03 AM","","Single Arm Tricep Extension (Dumbbell)",,"",0,"normal",4,12,,,
"Weights (Unison)","Mar 23, 2024, 7:50 AM","Mar 23, 2024, 9:03 AM","","Single Arm Tricep Extension (Dumbbell)",,"",1,"normal",4,12,,,
"Weights (Unison)","Mar 23, 2024, 7:50 AM","Mar 23, 2024, 9:03 AM","","Single Arm Tricep Extension (Dumbbell)",,"",2,"normal",5,12,,,
"Weights (Unison)","Mar 23, 2024, 7:50 AM","Mar 23, 2024, 9:03 AM","","Single Arm Tricep Extension (Dumbbell)",,"",3,"normal",5,12,,,
"Weights (Unison)","Mar 23, 2024, 7:50 AM","Mar 23, 2024, 9:03 AM","","Single Arm Tricep Extension (Dumbbell)",,"",4,"normal",5,12,,,
"Weights (Unison)","Mar 23, 2024, 7:50 AM","Mar 23, 2024, 9:03 AM","","Single Arm Tricep Extension (Dumbbell)",,"",5,"normal",5,12,,,
"Weights (Unison)","Mar 21, 2024, 7:50 PM","Mar 21, 2024, 8:23 PM","","Squat (Barbell)",,"",0,"normal",25,12,,,
"Weights (Unison)","Mar 21, 2024, 7:50 PM","Mar 21, 2024, 8:23 PM","","Squat (Barbell)",,"",1,"normal",27.5,12,,,
"Weights (Unison)","Mar 21, 2024, 7:50 PM","Mar 21, 2024, 8:23 PM","","Squat (Barbell)",,"",2,"normal",27.5,12,,,
"Weights (Unison)","Mar 21, 2024, 7:50 PM","Mar 21, 2024, 8:23 PM","","Lat Pulldown (Cable)",,"",0,"normal",80,12,,,
"Weights (Unison)","Mar 21, 2024, 7:50 PM","Mar 21, 2024, 8:23 PM","","Lat Pulldown (Cable)",,"",1,"normal",80,12,,,
"Weights (Unison)","Mar 21, 2024, 7:50 PM","Mar 21, 2024, 8:23 PM","","Lat Pulldown (Cable)",,"",2,"normal",80,12,,,
"Weights (Unison)","Mar 21, 2024, 7:50 PM","Mar 21, 2024, 8:23 PM","","Lying Leg Curl (Machine)",,"",0,"normal",60,12,,,
"Weights (Unison)","Mar 21, 2024, 7:50 PM","Mar 21, 2024, 8:23 PM","","Lying Leg Curl (Machine)",,"",1,"normal",60,12,,,
"Weights (Unison)","Mar 21, 2024, 7:50 PM","Mar 21, 2024, 8:23 PM","","Lying Leg Curl (Machine)",,"",2,"normal",60,12,,,
"Weights (Unison)","Mar 18, 2024, 6:45 PM","Mar 18, 2024, 7:50 PM","","Elliptical Trainer",,"",0,"normal",,,,600,
"Weights (Unison)","Mar 18, 2024, 6:45 PM","Mar 18, 2024, 7:50 PM","","Squat (Barbell)",,"",0,"normal",25,12,,,
"Weights (Unison)","Mar 18, 2024, 6:45 PM","Mar 18, 2024, 7:50 PM","","Squat (Barbell)",,"",1,"normal",25,12,,,
"Weights (Unison)","Mar 18, 2024, 6:45 PM","Mar 18, 2024, 7:50 PM","","Squat (Barbell)",,"",2,"normal",25,12,,,
"Weights (Unison)","Mar 18, 2024, 6:45 PM","Mar 18, 2024, 7:50 PM","","Lat Pulldown (Cable)",,"",0,"normal",80,12,,,
"Weights (Unison)","Mar 18, 2024, 6:45 PM","Mar 18, 2024, 7:50 PM","","Lat Pulldown (Cable)",,"",1,"normal",80,12,,,
"Weights (Unison)","Mar 18, 2024, 6:45 PM","Mar 18, 2024, 7:50 PM","","Lat Pulldown (Cable)",,"",2,"normal",80,12,,,
"Weights (Unison)","Mar 18, 2024, 6:45 PM","Mar 18, 2024, 7:50 PM","","Lying Leg Curl (Machine)",,"",0,"normal",60,12,,,
"Weights (Unison)","Mar 18, 2024, 6:45 PM","Mar 18, 2024, 7:50 PM","","Lying Leg Curl (Machine)",,"",1,"normal",60,12,,,
"Weights (Unison)","Mar 18, 2024, 6:45 PM","Mar 18, 2024, 7:50 PM","","Lying Leg Curl (Machine)",,"",2,"normal",60,12,,,
"Weights (Unison)","Mar 18, 2024, 6:45 PM","Mar 18, 2024, 7:50 PM","","Chest Press (Machine)",,"",0,"normal",80,12,,,
"Weights (Unison)","Mar 18, 2024, 6:45 PM","Mar 18, 2024, 7:50 PM","","Chest Press (Machine)",,"",1,"normal",80,12,,,
"Weights (Unison)","Mar 18, 2024, 6:45 PM","Mar 18, 2024, 7:50 PM","","Chest Press (Machine)",,"",2,"normal",80,12,,,
"Weights (Unison)","Mar 18, 2024, 6:45 PM","Mar 18, 2024, 7:50 PM","","Leg Extension (Machine)",,"",0,"normal",90,12,,,
"Weights (Unison)","Mar 18, 2024, 6:45 PM","Mar 18, 2024, 7:50 PM","","Leg Extension (Machine)",,"",1,"normal",90,12,,,
"Weights (Unison)","Mar 18, 2024, 6:45 PM","Mar 18, 2024, 7:50 PM","","Leg Extension (Machine)",,"",2,"normal",90,12,,,
"Weights (Unison)","Mar 18, 2024, 6:45 PM","Mar 18, 2024, 7:50 PM","","Seated Cable Row - Bar Grip",,"",0,"normal",70,12,,,
"Weights (Unison)","Mar 18, 2024, 6:45 PM","Mar 18, 2024, 7:50 PM","","Seated Cable Row - Bar Grip",,"",1,"normal",70,12,,,
"Weights (Unison)","Mar 18, 2024, 6:45 PM","Mar 18, 2024, 7:50 PM","","Seated Cable Row - Bar Grip",,"",2,"normal",70,12,,,
"Weights (Unison)","Mar 18, 2024, 6:45 PM","Mar 18, 2024, 7:50 PM","","Chest Fly (Dumbbell)",,"",0,"normal",18,12,,,
"Weights (Unison)","Mar 18, 2024, 6:45 PM","Mar 18, 2024, 7:50 PM","","Chest Fly (Dumbbell)",,"",1,"normal",18,12,,,
"Weights (Unison)","Mar 18, 2024, 6:45 PM","Mar 18, 2024, 7:50 PM","","Chest Fly (Dumbbell)",,"",2,"normal",18,12,,,
"Weights (Unison)","Mar 18, 2024, 6:45 PM","Mar 18, 2024, 7:50 PM","","Seated Shoulder Press (Machine)",,"",0,"normal",40,12,,,
"Weights (Unison)","Mar 18, 2024, 6:45 PM","Mar 18, 2024, 7:50 PM","","Seated Shoulder Press (Machine)",,"",1,"normal",40,12,,,
"Weights (Unison)","Mar 18, 2024, 6:45 PM","Mar 18, 2024, 7:50 PM","","Seated Shoulder Press (Machine)",,"",2,"normal",40,7,,,
"Weights (Unison)","Mar 18, 2024, 6:45 PM","Mar 18, 2024, 7:50 PM","","Bicep Curl (Machine)",,"",0,"normal",10,12,,,
"Weights (Unison)","Mar 18, 2024, 6:45 PM","Mar 18, 2024, 7:50 PM","","Bicep Curl (Machine)",,"",1,"normal",10,12,,,
"Weights (Unison)","Mar 18, 2024, 6:45 PM","Mar 18, 2024, 7:50 PM","","Bicep Curl (Machine)",,"",2,"normal",10,10,,,
"Weights (Unison)","Mar 18, 2024, 6:45 PM","Mar 18, 2024, 7:50 PM","","Single Arm Tricep Extension (Dumbbell)",,"",0,"normal",4,12,,,
"Weights (Unison)","Mar 18, 2024, 6:45 PM","Mar 18, 2024, 7:50 PM","","Single Arm Tricep Extension (Dumbbell)",,"",1,"normal",4,12,,,
"Weights (Unison)","Mar 18, 2024, 6:45 PM","Mar 18, 2024, 7:50 PM","","Single Arm Tricep Extension (Dumbbell)",,"",2,"normal",4,12,,,
"Weights (Unison)","Mar 18, 2024, 6:45 PM","Mar 18, 2024, 7:50 PM","","Single Arm Tricep Extension (Dumbbell)",,"",3,"normal",4,12,,,
"Weights (Unison)","Mar 18, 2024, 6:45 PM","Mar 18, 2024, 7:50 PM","","Single Arm Tricep Extension (Dumbbell)",,"",4,"normal",4,12,,,
"Weights (Unison)","Mar 18, 2024, 6:45 PM","Mar 18, 2024, 7:50 PM","","Single Arm Tricep Extension (Dumbbell)",,"",5,"normal",4,12,,,
"Weights (Unison)","Mar 16, 2024, 1:20 PM","Mar 16, 2024, 2:45 PM","","Elliptical Trainer",,"",0,"normal",,,,600,
"Weights (Unison)","Mar 16, 2024, 1:20 PM","Mar 16, 2024, 2:45 PM","","Squat (Barbell)",,"",0,"normal",25,12,,,
"Weights (Unison)","Mar 16, 2024, 1:20 PM","Mar 16, 2024, 2:45 PM","","Squat (Barbell)",,"",1,"normal",25,12,,,
"Weights (Unison)","Mar 16, 2024, 1:20 PM","Mar 16, 2024, 2:45 PM","","Squat (Barbell)",,"",2,"normal",25,12,,,
"Weights (Unison)","Mar 16, 2024, 1:20 PM","Mar 16, 2024, 2:45 PM","","Lat Pulldown (Cable)",,"",0,"normal",80,12,,,
"Weights (Unison)","Mar 16, 2024, 1:20 PM","Mar 16, 2024, 2:45 PM","","Lat Pulldown (Cable)",,"",1,"normal",80,12,,,
"Weights (Unison)","Mar 16, 2024, 1:20 PM","Mar 16, 2024, 2:45 PM","","Lat Pulldown (Cable)",,"",2,"normal",80,12,,,
"Weights (Unison)","Mar 16, 2024, 1:20 PM","Mar 16, 2024, 2:45 PM","","Lying Leg Curl (Machine)",,"",0,"normal",60,12,,,
"Weights (Unison)","Mar 16, 2024, 1:20 PM","Mar 16, 2024, 2:45 PM","","Lying Leg Curl (Machine)",,"",1,"normal",60,12,,,
"Weights (Unison)","Mar 16, 2024, 1:20 PM","Mar 16, 2024, 2:45 PM","","Lying Leg Curl (Machine)",,"",2,"normal",60,12,,,
"Weights (Unison)","Mar 16, 2024, 1:20 PM","Mar 16, 2024, 2:45 PM","","Chest Press (Machine)",,"",0,"normal",80,12,,,
"Weights (Unison)","Mar 16, 2024, 1:20 PM","Mar 16, 2024, 2:45 PM","","Chest Press (Machine)",,"",1,"normal",80,12,,,
"Weights (Unison)","Mar 16, 2024, 1:20 PM","Mar 16, 2024, 2:45 PM","","Chest Press (Machine)",,"",2,"normal",80,12,,,
"Weights (Unison)","Mar 16, 2024, 1:20 PM","Mar 16, 2024, 2:45 PM","","Leg Extension (Machine)",,"",0,"normal",90,12,,,
"Weights (Unison)","Mar 16, 2024, 1:20 PM","Mar 16, 2024, 2:45 PM","","Leg Extension (Machine)",,"",1,"normal",90,12,,,
"Weights (Unison)","Mar 16, 2024, 1:20 PM","Mar 16, 2024, 2:45 PM","","Leg Extension (Machine)",,"",2,"normal",90,12,,,
"Weights (Unison)","Mar 16, 2024, 1:20 PM","Mar 16, 2024, 2:45 PM","","Chest Fly (Dumbbell)",,"",0,"normal",18,12,,,
"Weights (Unison)","Mar 16, 2024, 1:20 PM","Mar 16, 2024, 2:45 PM","","Chest Fly (Dumbbell)",,"",1,"normal",18,12,,,
"Weights (Unison)","Mar 16, 2024, 1:20 PM","Mar 16, 2024, 2:45 PM","","Chest Fly (Dumbbell)",,"",2,"normal",18,12,,,
"Weights (Unison)","Mar 16, 2024, 1:20 PM","Mar 16, 2024, 2:45 PM","","Seated Shoulder Press (Machine)",,"",0,"normal",40,12,,,
"Weights (Unison)","Mar 16, 2024, 1:20 PM","Mar 16, 2024, 2:45 PM","","Seated Shoulder Press (Machine)",,"",1,"normal",40,12,,,
"Weights (Unison)","Mar 16, 2024, 1:20 PM","Mar 16, 2024, 2:45 PM","","Seated Shoulder Press (Machine)",,"",2,"normal",40,8,,,
"Weights (Unison)","Mar 16, 2024, 1:20 PM","Mar 16, 2024, 2:45 PM","","Bicep Curl (Machine)",,"",0,"normal",10,12,,,
"Weights (Unison)","Mar 16, 2024, 1:20 PM","Mar 16, 2024, 2:45 PM","","Bicep Curl (Machine)",,"",1,"normal",10,12,,,
"Weights (Unison)","Mar 16, 2024, 1:20 PM","Mar 16, 2024, 2:45 PM","","Bicep Curl (Machine)",,"",2,"normal",10,12,,,
"Weights (Unison)","Mar 16, 2024, 1:20 PM","Mar 16, 2024, 2:45 PM","","Single Arm Tricep Extension (Dumbbell)",,"",0,"normal",4,12,,,
"Weights (Unison)","Mar 16, 2024, 1:20 PM","Mar 16, 2024, 2:45 PM","","Single Arm Tricep Extension (Dumbbell)",,"",1,"normal",4,12,,,
"Weights (Unison)","Mar 16, 2024, 1:20 PM","Mar 16, 2024, 2:45 PM","","Single Arm Tricep Extension (Dumbbell)",,"",2,"normal",4,12,,,
"Weights (Unison)","Mar 16, 2024, 1:20 PM","Mar 16, 2024, 2:45 PM","","Single Arm Tricep Extension (Dumbbell)",,"",3,"normal",4,12,,,
"Weights (Unison)","Mar 16, 2024, 1:20 PM","Mar 16, 2024, 2:45 PM","","Single Arm Tricep Extension (Dumbbell)",,"",4,"normal",4,12,,,
"Weights (Unison)","Mar 16, 2024, 1:20 PM","Mar 16, 2024, 2:45 PM","","Single Arm Tricep Extension (Dumbbell)",,"",5,"normal",4,12,,,
"Weights (Unison)","Mar 11, 2024, 5:12 PM","Mar 11, 2024, 6:26 PM","","Elliptical Trainer",,"",0,"normal",,,,600,
"Weights (Unison)","Mar 11, 2024, 5:12 PM","Mar 11, 2024, 6:26 PM","","Squat (Barbell)",,"",0,"normal",25,12,,,
"Weights (Unison)","Mar 11, 2024, 5:12 PM","Mar 11, 2024, 6:26 PM","","Squat (Barbell)",,"",1,"normal",25,12,,,
"Weights (Unison)","Mar 11, 2024, 5:12 PM","Mar 11, 2024, 6:26 PM","","Squat (Barbell)",,"",2,"normal",25,12,,,
"Weights (Unison)","Mar 11, 2024, 5:12 PM","Mar 11, 2024, 6:26 PM","","Lat Pulldown (Cable)",,"",0,"normal",80,12,,,
"Weights (Unison)","Mar 11, 2024, 5:12 PM","Mar 11, 2024, 6:26 PM","","Lat Pulldown (Cable)",,"",1,"normal",80,12,,,
"Weights (Unison)","Mar 11, 2024, 5:12 PM","Mar 11, 2024, 6:26 PM","","Lat Pulldown (Cable)",,"",2,"normal",80,12,,,
"Weights (Unison)","Mar 11, 2024, 5:12 PM","Mar 11, 2024, 6:26 PM","","Lying Leg Curl (Machine)",,"",0,"normal",60,12,,,
"Weights (Unison)","Mar 11, 2024, 5:12 PM","Mar 11, 2024, 6:26 PM","","Lying Leg Curl (Machine)",,"",1,"normal",60,12,,,
"Weights (Unison)","Mar 11, 2024, 5:12 PM","Mar 11, 2024, 6:26 PM","","Lying Leg Curl (Machine)",,"",2,"normal",60,12,,,
"Weights (Unison)","Mar 11, 2024, 5:12 PM","Mar 11, 2024, 6:26 PM","","Chest Press (Machine)",,"",0,"normal",80,12,,,
"Weights (Unison)","Mar 11, 2024, 5:12 PM","Mar 11, 2024, 6:26 PM","","Chest Press (Machine)",,"",1,"normal",80,12,,,
"Weights (Unison)","Mar 11, 2024, 5:12 PM","Mar 11, 2024, 6:26 PM","","Chest Press (Machine)",,"",2,"normal",80,12,,,
"Weights (Unison)","Mar 11, 2024, 5:12 PM","Mar 11, 2024, 6:26 PM","","Leg Extension (Machine)",,"",0,"normal",90,12,,,
"Weights (Unison)","Mar 11, 2024, 5:12 PM","Mar 11, 2024, 6:26 PM","","Leg Extension (Machine)",,"",1,"normal",90,12,,,
"Weights (Unison)","Mar 11, 2024, 5:12 PM","Mar 11, 2024, 6:26 PM","","Leg Extension (Machine)",,"",2,"normal",90,12,,,
"Weights (Unison)","Mar 11, 2024, 5:12 PM","Mar 11, 2024, 6:26 PM","","Seated Cable Row - Bar Grip",,"",0,"normal",70,12,,,
"Weights (Unison)","Mar 11, 2024, 5:12 PM","Mar 11, 2024, 6:26 PM","","Seated Cable Row - Bar Grip",,"",1,"normal",70,12,,,
"Weights (Unison)","Mar 11, 2024, 5:12 PM","Mar 11, 2024, 6:26 PM","","Seated Cable Row - Bar Grip",,"",2,"normal",70,12,,,
"Weights (Unison)","Mar 11, 2024, 5:12 PM","Mar 11, 2024, 6:26 PM","","Chest Fly (Dumbbell)",,"",0,"normal",16,12,,,
"Weights (Unison)","Mar 11, 2024, 5:12 PM","Mar 11, 2024, 6:26 PM","","Chest Fly (Dumbbell)",,"",1,"normal",16,12,,,
"Weights (Unison)","Mar 11, 2024, 5:12 PM","Mar 11, 2024, 6:26 PM","","Chest Fly (Dumbbell)",,"",2,"normal",16,12,,,
"Weights (Unison)","Mar 11, 2024, 5:12 PM","Mar 11, 2024, 6:26 PM","","Seated Shoulder Press (Machine)",,"",0,"normal",40,12,,,
"Weights (Unison)","Mar 11, 2024, 5:12 PM","Mar 11, 2024, 6:26 PM","","Seated Shoulder Press (Machine)",,"",1,"normal",40,12,,,
"Weights (Unison)","Mar 11, 2024, 5:12 PM","Mar 11, 2024, 6:26 PM","","Seated Shoulder Press (Machine)",,"",2,"normal",40,8,,,
"Weights (Unison)","Mar 11, 2024, 5:12 PM","Mar 11, 2024, 6:26 PM","","Bicep Curl (Machine)",,"",0,"normal",7.5,12,,,
"Weights (Unison)","Mar 11, 2024, 5:12 PM","Mar 11, 2024, 6:26 PM","","Bicep Curl (Machine)",,"",1,"normal",7.5,12,,,
"Weights (Unison)","Mar 11, 2024, 5:12 PM","Mar 11, 2024, 6:26 PM","","Bicep Curl (Machine)",,"",2,"normal",10,12,,,
"Weights (Unison)","Mar 11, 2024, 5:12 PM","Mar 11, 2024, 6:26 PM","","Single Arm Tricep Extension (Dumbbell)",,"",0,"normal",4,12,,,
"Weights (Unison)","Mar 11, 2024, 5:12 PM","Mar 11, 2024, 6:26 PM","","Single Arm Tricep Extension (Dumbbell)",,"",1,"normal",4,12,,,
"Weights (Unison)","Mar 11, 2024, 5:12 PM","Mar 11, 2024, 6:26 PM","","Single Arm Tricep Extension (Dumbbell)",,"",2,"normal",4,12,,,
"Weights (Unison)","Mar 11, 2024, 5:12 PM","Mar 11, 2024, 6:26 PM","","Single Arm Tricep Extension (Dumbbell)",,"",3,"normal",4,12,,,
"Weights (Unison)","Mar 11, 2024, 5:12 PM","Mar 11, 2024, 6:26 PM","","Single Arm Tricep Extension (Dumbbell)",,"",4,"normal",4,12,,,
"Weights (Unison)","Mar 11, 2024, 5:12 PM","Mar 11, 2024, 6:26 PM","","Single Arm Tricep Extension (Dumbbell)",,"",5,"normal",4,12,,,
"Weights (Unison)","Mar 7, 2024, 6:24 AM","Mar 7, 2024, 7:33 AM","","Elliptical Trainer",,"",0,"normal",,,,600,
"Weights (Unison)","Mar 7, 2024, 6:24 AM","Mar 7, 2024, 7:33 AM","","Squat (Barbell)",,"",0,"normal",22.5,12,,,
"Weights (Unison)","Mar 7, 2024, 6:24 AM","Mar 7, 2024, 7:33 AM","","Squat (Barbell)",,"",1,"normal",22.5,12,,,
"Weights (Unison)","Mar 7, 2024, 6:24 AM","Mar 7, 2024, 7:33 AM","","Squat (Barbell)",,"",2,"normal",22.5,12,,,
"Weights (Unison)","Mar 7, 2024, 6:24 AM","Mar 7, 2024, 7:33 AM","","Lat Pulldown (Cable)",,"",0,"normal",80,12,,,
"Weights (Unison)","Mar 7, 2024, 6:24 AM","Mar 7, 2024, 7:33 AM","","Lat Pulldown (Cable)",,"",1,"normal",80,12,,,
"Weights (Unison)","Mar 7, 2024, 6:24 AM","Mar 7, 2024, 7:33 AM","","Lat Pulldown (Cable)",,"",2,"normal",70,12,,,
"Weights (Unison)","Mar 7, 2024, 6:24 AM","Mar 7, 2024, 7:33 AM","","Lying Leg Curl (Machine)",,"",0,"normal",60,12,,,
"Weights (Unison)","Mar 7, 2024, 6:24 AM","Mar 7, 2024, 7:33 AM","","Lying Leg Curl (Machine)",,"",1,"normal",60,12,,,
"Weights (Unison)","Mar 7, 2024, 6:24 AM","Mar 7, 2024, 7:33 AM","","Lying Leg Curl (Machine)",,"",2,"normal",50,12,,,
"Weights (Unison)","Mar 7, 2024, 6:24 AM","Mar 7, 2024, 7:33 AM","","Chest Press (Machine)",,"",0,"normal",80,12,,,
"Weights (Unison)","Mar 7, 2024, 6:24 AM","Mar 7, 2024, 7:33 AM","","Chest Press (Machine)",,"",1,"normal",80,12,,,
"Weights (Unison)","Mar 7, 2024, 6:24 AM","Mar 7, 2024, 7:33 AM","","Chest Press (Machine)",,"",2,"normal",80,12,,,
"Weights (Unison)","Mar 7, 2024, 6:24 AM","Mar 7, 2024, 7:33 AM","","Leg Extension (Machine)",,"",0,"normal",90,12,,,
"Weights (Unison)","Mar 7, 2024, 6:24 AM","Mar 7, 2024, 7:33 AM","","Leg Extension (Machine)",,"",1,"normal",90,12,,,
"Weights (Unison)","Mar 7, 2024, 6:24 AM","Mar 7, 2024, 7:33 AM","","Leg Extension (Machine)",,"",2,"normal",90,12,,,
"Weights (Unison)","Mar 7, 2024, 6:24 AM","Mar 7, 2024, 7:33 AM","","Seated Cable Row - Bar Grip",,"",0,"normal",70,12,,,
"Weights (Unison)","Mar 7, 2024, 6:24 AM","Mar 7, 2024, 7:33 AM","","Seated Cable Row - Bar Grip",,"",1,"normal",70,12,,,
"Weights (Unison)","Mar 7, 2024, 6:24 AM","Mar 7, 2024, 7:33 AM","","Seated Cable Row - Bar Grip",,"",2,"normal",12,9,,,
"Weights (Unison)","Mar 7, 2024, 6:24 AM","Mar 7, 2024, 7:33 AM","","Chest Fly (Dumbbell)",,"",0,"normal",16,12,,,
"Weights (Unison)","Mar 7, 2024, 6:24 AM","Mar 7, 2024, 7:33 AM","","Chest Fly (Dumbbell)",,"",1,"normal",16,12,,,
"Weights (Unison)","Mar 7, 2024, 6:24 AM","Mar 7, 2024, 7:33 AM","","Chest Fly (Dumbbell)",,"",2,"normal",16,12,,,
"Weights (Unison)","Mar 7, 2024, 6:24 AM","Mar 7, 2024, 7:33 AM","","Seated Shoulder Press (Machine)",,"",0,"normal",40,12,,,
"Weights (Unison)","Mar 7, 2024, 6:24 AM","Mar 7, 2024, 7:33 AM","","Seated Shoulder Press (Machine)",,"",1,"normal",40,12,,,
"Weights (Unison)","Mar 7, 2024, 6:24 AM","Mar 7, 2024, 7:33 AM","","Seated Shoulder Press (Machine)",,"",2,"normal",40,6,,,
"Weights (Unison)","Mar 7, 2024, 6:24 AM","Mar 7, 2024, 7:33 AM","","Bicep Curl (Machine)",,"",0,"normal",7.5,12,,,
"Weights (Unison)","Mar 7, 2024, 6:24 AM","Mar 7, 2024, 7:33 AM","","Bicep Curl (Machine)",,"",1,"normal",7.5,12,,,
"Weights (Unison)","Mar 7, 2024, 6:24 AM","Mar 7, 2024, 7:33 AM","","Bicep Curl (Machine)",,"",2,"normal",7.5,12,,,
"Weights (Unison)","Mar 7, 2024, 6:24 AM","Mar 7, 2024, 7:33 AM","","Single Arm Tricep Extension (Dumbbell)",,"",0,"normal",4,12,,,
"Weights (Unison)","Mar 7, 2024, 6:24 AM","Mar 7, 2024, 7:33 AM","","Single Arm Tricep Extension (Dumbbell)",,"",1,"normal",4,12,,,
"Weights (Unison)","Mar 7, 2024, 6:24 AM","Mar 7, 2024, 7:33 AM","","Single Arm Tricep Extension (Dumbbell)",,"",2,"normal",4,12,,,
"Weights (Unison)","Mar 7, 2024, 6:24 AM","Mar 7, 2024, 7:33 AM","","Single Arm Tricep Extension (Dumbbell)",,"",3,"normal",4,12,,,
"Weights (Unison)","Mar 7, 2024, 6:24 AM","Mar 7, 2024, 7:33 AM","","Single Arm Tricep Extension (Dumbbell)",,"",4,"normal",4,12,,,
"Weights (Unison)","Mar 7, 2024, 6:24 AM","Mar 7, 2024, 7:33 AM","","Single Arm Tricep Extension (Dumbbell)",,"",5,"normal",4,12,,,
"Weights (Unison)","Mar 5, 2024, 7:51 PM","Mar 5, 2024, 9:03 PM","","Elliptical Trainer",,"",0,"normal",,,,600,
"Weights (Unison)","Mar 5, 2024, 7:51 PM","Mar 5, 2024, 9:03 PM","","Squat (Barbell)",,"",0,"normal",20,12,,,
"Weights (Unison)","Mar 5, 2024, 7:51 PM","Mar 5, 2024, 9:03 PM","","Squat (Barbell)",,"",1,"normal",20,12,,,
"Weights (Unison)","Mar 5, 2024, 7:51 PM","Mar 5, 2024, 9:03 PM","","Squat (Barbell)",,"",2,"normal",20,12,,,
"Weights (Unison)","Mar 5, 2024, 7:51 PM","Mar 5, 2024, 9:03 PM","","Lat Pulldown (Cable)",,"",0,"normal",80,12,,,
"Weights (Unison)","Mar 5, 2024, 7:51 PM","Mar 5, 2024, 9:03 PM","","Lat Pulldown (Cable)",,"",1,"normal",80,12,,,
"Weights (Unison)","Mar 5, 2024, 7:51 PM","Mar 5, 2024, 9:03 PM","","Lat Pulldown (Cable)",,"",2,"normal",80,8,,,
"Weights (Unison)","Mar 5, 2024, 7:51 PM","Mar 5, 2024, 9:03 PM","","Lying Leg Curl (Machine)",,"",0,"normal",60,12,,,
"Weights (Unison)","Mar 5, 2024, 7:51 PM","Mar 5, 2024, 9:03 PM","","Lying Leg Curl (Machine)",,"",1,"normal",60,12,,,
"Weights (Unison)","Mar 5, 2024, 7:51 PM","Mar 5, 2024, 9:03 PM","","Lying Leg Curl (Machine)",,"",2,"normal",60,12,,,
"Weights (Unison)","Mar 5, 2024, 7:51 PM","Mar 5, 2024, 9:03 PM","","Chest Press (Machine)",,"",0,"normal",80,12,,,
"Weights (Unison)","Mar 5, 2024, 7:51 PM","Mar 5, 2024, 9:03 PM","","Chest Press (Machine)",,"",1,"normal",80,12,,,
"Weights (Unison)","Mar 5, 2024, 7:51 PM","Mar 5, 2024, 9:03 PM","","Chest Press (Machine)",,"",2,"normal",80,12,,,
"Weights (Unison)","Mar 5, 2024, 7:51 PM","Mar 5, 2024, 9:03 PM","","Leg Extension (Machine)",,"",0,"normal",90,12,,,
"Weights (Unison)","Mar 5, 2024, 7:51 PM","Mar 5, 2024, 9:03 PM","","Leg Extension (Machine)",,"",1,"normal",90,12,,,
"Weights (Unison)","Mar 5, 2024, 7:51 PM","Mar 5, 2024, 9:03 PM","","Leg Extension (Machine)",,"",2,"normal",90,12,,,
"Weights (Unison)","Mar 5, 2024, 7:51 PM","Mar 5, 2024, 9:03 PM","","Seated Cable Row - Bar Grip",,"",0,"normal",70,12,,,
"Weights (Unison)","Mar 5, 2024, 7:51 PM","Mar 5, 2024, 9:03 PM","","Seated Cable Row - Bar Grip",,"",1,"normal",70,12,,,
"Weights (Unison)","Mar 5, 2024, 7:51 PM","Mar 5, 2024, 9:03 PM","","Seated Cable Row - Bar Grip",,"",2,"normal",70,9,,,
"Weights (Unison)","Mar 5, 2024, 7:51 PM","Mar 5, 2024, 9:03 PM","","Chest Fly (Dumbbell)",,"",0,"normal",16,12,,,
"Weights (Unison)","Mar 5, 2024, 7:51 PM","Mar 5, 2024, 9:03 PM","","Chest Fly (Dumbbell)",,"",1,"normal",16,12,,,
"Weights (Unison)","Mar 5, 2024, 7:51 PM","Mar 5, 2024, 9:03 PM","","Chest Fly (Dumbbell)",,"",2,"normal",16,12,,,
"Weights (Unison)","Mar 5, 2024, 7:51 PM","Mar 5, 2024, 9:03 PM","","Seated Shoulder Press (Machine)",,"",0,"normal",30,12,,,
"Weights (Unison)","Mar 5, 2024, 7:51 PM","Mar 5, 2024, 9:03 PM","","Seated Shoulder Press (Machine)",,"",1,"normal",40,12,,,
"Weights (Unison)","Mar 5, 2024, 7:51 PM","Mar 5, 2024, 9:03 PM","","Seated Shoulder Press (Machine)",,"",2,"normal",40,10,,,
"Weights (Unison)","Mar 5, 2024, 7:51 PM","Mar 5, 2024, 9:03 PM","","Bicep Curl (Machine)",,"",0,"normal",7.5,12,,,
"Weights (Unison)","Mar 5, 2024, 7:51 PM","Mar 5, 2024, 9:03 PM","","Bicep Curl (Machine)",,"",1,"normal",7.5,12,,,
"Weights (Unison)","Mar 5, 2024, 7:51 PM","Mar 5, 2024, 9:03 PM","","Bicep Curl (Machine)",,"",2,"normal",7.5,12,,,
"Weights (Unison)","Mar 5, 2024, 7:51 PM","Mar 5, 2024, 9:03 PM","","Single Arm Tricep Extension (Dumbbell)",,"",0,"normal",3,12,,,
"Weights (Unison)","Mar 5, 2024, 7:51 PM","Mar 5, 2024, 9:03 PM","","Single Arm Tricep Extension (Dumbbell)",,"",1,"normal",3,12,,,
"Weights (Unison)","Mar 5, 2024, 7:51 PM","Mar 5, 2024, 9:03 PM","","Single Arm Tricep Extension (Dumbbell)",,"",2,"normal",3,12,,,
"Weights (Unison)","Mar 5, 2024, 7:51 PM","Mar 5, 2024, 9:03 PM","","Single Arm Tricep Extension (Dumbbell)",,"",3,"normal",3,12,,,
"Weights (Unison)","Mar 5, 2024, 7:51 PM","Mar 5, 2024, 9:03 PM","","Single Arm Tricep Extension (Dumbbell)",,"",4,"normal",3,12,,,
"Weights (Unison)","Mar 5, 2024, 7:51 PM","Mar 5, 2024, 9:03 PM","","Single Arm Tricep Extension (Dumbbell)",,"",5,"normal",3,12,,,
"Weights (Unison)","Feb 26, 2024, 8:44 PM","Feb 26, 2024, 9:48 PM","","Elliptical Trainer",,"",0,"normal",,,,600,
"Weights (Unison)","Feb 26, 2024, 8:44 PM","Feb 26, 2024, 9:48 PM","","Squat (Barbell)",,"",0,"normal",22.5,12,,,
"Weights (Unison)","Feb 26, 2024, 8:44 PM","Feb 26, 2024, 9:48 PM","","Squat (Barbell)",,"",1,"normal",25,12,,,
"Weights (Unison)","Feb 26, 2024, 8:44 PM","Feb 26, 2024, 9:48 PM","","Squat (Barbell)",,"",2,"normal",25,12,,,
"Weights (Unison)","Feb 26, 2024, 8:44 PM","Feb 26, 2024, 9:48 PM","","Lat Pulldown (Cable)",,"",0,"normal",80,12,,,
"Weights (Unison)","Feb 26, 2024, 8:44 PM","Feb 26, 2024, 9:48 PM","","Lat Pulldown (Cable)",,"",1,"normal",80,12,,,
"Weights (Unison)","Feb 26, 2024, 8:44 PM","Feb 26, 2024, 9:48 PM","","Lat Pulldown (Cable)",,"",2,"normal",80,12,,,
"Weights (Unison)","Feb 26, 2024, 8:44 PM","Feb 26, 2024, 9:48 PM","","Lying Leg Curl (Machine)",,"",0,"normal",60,12,,,
"Weights (Unison)","Feb 26, 2024, 8:44 PM","Feb 26, 2024, 9:48 PM","","Lying Leg Curl (Machine)",,"",1,"normal",60,12,,,
"Weights (Unison)","Feb 26, 2024, 8:44 PM","Feb 26, 2024, 9:48 PM","","Lying Leg Curl (Machine)",,"",2,"normal",60,12,,,
"Weights (Unison)","Feb 26, 2024, 8:44 PM","Feb 26, 2024, 9:48 PM","","Chest Press (Machine)",,"",0,"normal",70,12,,,
"Weights (Unison)","Feb 26, 2024, 8:44 PM","Feb 26, 2024, 9:48 PM","","Chest Press (Machine)",,"",1,"normal",70,12,,,
"Weights (Unison)","Feb 26, 2024, 8:44 PM","Feb 26, 2024, 9:48 PM","","Chest Press (Machine)",,"",2,"normal",80,12,,,
"Weights (Unison)","Feb 26, 2024, 8:44 PM","Feb 26, 2024, 9:48 PM","","Leg Extension (Machine)",,"",0,"normal",80,12,,,
"Weights (Unison)","Feb 26, 2024, 8:44 PM","Feb 26, 2024, 9:48 PM","","Leg Extension (Machine)",,"",1,"normal",90,12,,,
"Weights (Unison)","Feb 26, 2024, 8:44 PM","Feb 26, 2024, 9:48 PM","","Leg Extension (Machine)",,"",2,"normal",90,12,,,
"Weights (Unison)","Feb 26, 2024, 8:44 PM","Feb 26, 2024, 9:48 PM","","Seated Cable Row - Bar Grip",,"",0,"normal",70,12,,,
"Weights (Unison)","Feb 26, 2024, 8:44 PM","Feb 26, 2024, 9:48 PM","","Seated Cable Row - Bar Grip",,"",1,"normal",70,12,,,
"Weights (Unison)","Feb 26, 2024, 8:44 PM","Feb 26, 2024, 9:48 PM","","Seated Cable Row - Bar Grip",,"",2,"normal",70,12,,,
"Weights (Unison)","Feb 26, 2024, 8:44 PM","Feb 26, 2024, 9:48 PM","","Chest Fly (Dumbbell)",,"",0,"normal",14,12,,,
"Weights (Unison)","Feb 26, 2024, 8:44 PM","Feb 26, 2024, 9:48 PM","","Chest Fly (Dumbbell)",,"",1,"normal",16,12,,,
"Weights (Unison)","Feb 26, 2024, 8:44 PM","Feb 26, 2024, 9:48 PM","","Chest Fly (Dumbbell)",,"",2,"normal",16,12,,,
"Weights (Unison)","Feb 26, 2024, 8:44 PM","Feb 26, 2024, 9:48 PM","","Seated Shoulder Press (Machine)",,"",0,"normal",30,12,,,
"Weights (Unison)","Feb 26, 2024, 8:44 PM","Feb 26, 2024, 9:48 PM","","Seated Shoulder Press (Machine)",,"",1,"normal",30,12,,,
"Weights (Unison)","Feb 26, 2024, 8:44 PM","Feb 26, 2024, 9:48 PM","","Seated Shoulder Press (Machine)",,"",2,"normal",30,12,,,
"Weights (Unison)","Feb 26, 2024, 8:44 PM","Feb 26, 2024, 9:48 PM","","Bicep Curl (Machine)",,"",0,"normal",7.5,12,,,
"Weights (Unison)","Feb 26, 2024, 8:44 PM","Feb 26, 2024, 9:48 PM","","Bicep Curl (Machine)",,"",1,"normal",7.5,12,,,
"Weights (Unison)","Feb 26, 2024, 8:44 PM","Feb 26, 2024, 9:48 PM","","Bicep Curl (Machine)",,"",2,"normal",7.5,12,,,
"Weights (Unison)","Feb 26, 2024, 8:44 PM","Feb 26, 2024, 9:48 PM","","Single Arm Tricep Extension (Dumbbell)",,"",0,"normal",3,12,,,
"Weights (Unison)","Feb 26, 2024, 8:44 PM","Feb 26, 2024, 9:48 PM","","Single Arm Tricep Extension (Dumbbell)",,"",1,"normal",3,12,,,
"Weights (Unison)","Feb 26, 2024, 8:44 PM","Feb 26, 2024, 9:48 PM","","Single Arm Tricep Extension (Dumbbell)",,"",2,"normal",3,12,,,
"Weights (Unison)","Feb 26, 2024, 8:44 PM","Feb 26, 2024, 9:48 PM","","Single Arm Tricep Extension (Dumbbell)",,"",3,"normal",3,12,,,
"Weights (Unison)","Feb 26, 2024, 8:44 PM","Feb 26, 2024, 9:48 PM","","Single Arm Tricep Extension (Dumbbell)",,"",4,"normal",3,12,,,
"Weights (Unison)","Feb 26, 2024, 8:44 PM","Feb 26, 2024, 9:48 PM","","Single Arm Tricep Extension (Dumbbell)",,"",5,"normal",3,12,,,
"Weights (Unison)","Feb 22, 2024, 9:03 PM","Feb 22, 2024, 9:56 PM","","Elliptical Trainer",,"",0,"normal",,,,600,
"Weights (Unison)","Feb 22, 2024, 9:03 PM","Feb 22, 2024, 9:56 PM","","Squat (Barbell)",,"",0,"normal",20,12,,,
"Weights (Unison)","Feb 22, 2024, 9:03 PM","Feb 22, 2024, 9:56 PM","","Squat (Barbell)",,"",1,"normal",22.5,12,,,
"Weights (Unison)","Feb 22, 2024, 9:03 PM","Feb 22, 2024, 9:56 PM","","Squat (Barbell)",,"",2,"normal",22.5,12,,,
"Weights (Unison)","Feb 22, 2024, 9:03 PM","Feb 22, 2024, 9:56 PM","","Lying Leg Curl (Machine)",,"",0,"normal",50,12,,,
"Weights (Unison)","Feb 22, 2024, 9:03 PM","Feb 22, 2024, 9:56 PM","","Lying Leg Curl (Machine)",,"",1,"normal",50,12,,,
"Weights (Unison)","Feb 22, 2024, 9:03 PM","Feb 22, 2024, 9:56 PM","","Lying Leg Curl (Machine)",,"",2,"normal",60,12,,,
"Weights (Unison)","Feb 22, 2024, 9:03 PM","Feb 22, 2024, 9:56 PM","","Leg Extension (Machine)",,"",0,"normal",80,12,,,
"Weights (Unison)","Feb 22, 2024, 9:03 PM","Feb 22, 2024, 9:56 PM","","Leg Extension (Machine)",,"",1,"normal",80,12,,,
"Weights (Unison)","Feb 22, 2024, 9:03 PM","Feb 22, 2024, 9:56 PM","","Leg Extension (Machine)",,"",2,"normal",80,12,,,
"Weights (Unison)","Feb 22, 2024, 9:03 PM","Feb 22, 2024, 9:56 PM","","Lat Pulldown (Cable)",,"",0,"normal",60,12,,,
"Weights (Unison)","Feb 22, 2024, 9:03 PM","Feb 22, 2024, 9:56 PM","","Lat Pulldown (Cable)",,"",1,"normal",70,12,,,
"Weights (Unison)","Feb 22, 2024, 9:03 PM","Feb 22, 2024, 9:56 PM","","Lat Pulldown (Cable)",,"",2,"normal",80,12,,,
"Weights (Unison)","Feb 22, 2024, 9:03 PM","Feb 22, 2024, 9:56 PM","","Chest Press (Machine)",,"",0,"normal",50,12,,,
"Weights (Unison)","Feb 22, 2024, 9:03 PM","Feb 22, 2024, 9:56 PM","","Chest Press (Machine)",,"",1,"normal",60,12,,,
"Weights (Unison)","Feb 22, 2024, 9:03 PM","Feb 22, 2024, 9:56 PM","","Chest Press (Machine)",,"",2,"normal",70,12,,,
"Weights (Unison)","Feb 22, 2024, 9:03 PM","Feb 22, 2024, 9:56 PM","","Seated Cable Row - Bar Grip",,"",0,"normal",70,12,,,
"Weights (Unison)","Feb 22, 2024, 9:03 PM","Feb 22, 2024, 9:56 PM","","Seated Cable Row - Bar Grip",,"",1,"normal",70,12,,,
"Weights (Unison)","Feb 22, 2024, 9:03 PM","Feb 22, 2024, 9:56 PM","","Seated Cable Row - Bar Grip",,"",2,"normal",70,12,,,
"Weights (Unison)","Feb 22, 2024, 9:03 PM","Feb 22, 2024, 9:56 PM","","Chest Fly (Dumbbell)",,"",0,"normal",14,12,,,
"Weights (Unison)","Feb 22, 2024, 9:03 PM","Feb 22, 2024, 9:56 PM","","Chest Fly (Dumbbell)",,"",1,"normal",14,12,,,
"Weights (Unison)","Feb 22, 2024, 9:03 PM","Feb 22, 2024, 9:56 PM","","Chest Fly (Dumbbell)",,"",2,"normal",14,12,,,
"Weights (Unison)","Feb 22, 2024, 9:03 PM","Feb 22, 2024, 9:56 PM","","Seated Shoulder Press (Machine)",,"",0,"normal",30,12,,,
"Weights (Unison)","Feb 22, 2024, 9:03 PM","Feb 22, 2024, 9:56 PM","","Seated Shoulder Press (Machine)",,"",1,"normal",30,12,,,
"Weights (Unison)","Feb 22, 2024, 9:03 PM","Feb 22, 2024, 9:56 PM","","Seated Shoulder Press (Machine)",,"",2,"normal",30,12,,,
"Weights (Unison)","Feb 22, 2024, 9:03 PM","Feb 22, 2024, 9:56 PM","","Bicep Curl (Machine)",,"",0,"normal",7.5,12,,,
"Weights (Unison)","Feb 22, 2024, 9:03 PM","Feb 22, 2024, 9:56 PM","","Bicep Curl (Machine)",,"",1,"normal",7.5,12,,,
"Weights (Unison)","Feb 22, 2024, 9:03 PM","Feb 22, 2024, 9:56 PM","","Bicep Curl (Machine)",,"",2,"normal",7.5,12,,,
"Weights (Unison)","Feb 22, 2024, 9:03 PM","Feb 22, 2024, 9:56 PM","","Single Arm Tricep Extension (Dumbbell)",,"",0,"normal",3,12,,,
"Weights (Unison)","Feb 22, 2024, 9:03 PM","Feb 22, 2024, 9:56 PM","","Single Arm Tricep Extension (Dumbbell)",,"",1,"normal",3,12,,,
"Weights (Unison)","Feb 22, 2024, 9:03 PM","Feb 22, 2024, 9:56 PM","","Single Arm Tricep Extension (Dumbbell)",,"",2,"normal",3,12,,,
"Weights (Unison)","Feb 22, 2024, 9:03 PM","Feb 22, 2024, 9:56 PM","","Single Arm Tricep Extension (Dumbbell)",,"",3,"normal",3,12,,,
"Weights (Unison)","Feb 22, 2024, 9:03 PM","Feb 22, 2024, 9:56 PM","","Single Arm Tricep Extension (Dumbbell)",,"",4,"normal",3,12,,,
"Weights (Unison)","Feb 22, 2024, 9:03 PM","Feb 22, 2024, 9:56 PM","","Single Arm Tricep Extension (Dumbbell)",,"",5,"normal",3,12,,,
"Weights (Unison)","Feb 20, 2024, 8:27 PM","Feb 20, 2024, 9:28 PM","","Elliptical Trainer",,"",0,"normal",,,,600,
"Weights (Unison)","Feb 20, 2024, 8:27 PM","Feb 20, 2024, 9:28 PM","","Squat (Barbell)",,"",0,"normal",20,12,,,
"Weights (Unison)","Feb 20, 2024, 8:27 PM","Feb 20, 2024, 9:28 PM","","Squat (Barbell)",,"",1,"normal",20,12,,,
"Weights (Unison)","Feb 20, 2024, 8:27 PM","Feb 20, 2024, 9:28 PM","","Squat (Barbell)",,"",2,"normal",20,12,,,
"Weights (Unison)","Feb 20, 2024, 8:27 PM","Feb 20, 2024, 9:28 PM","","Lying Leg Curl (Machine)",,"",0,"normal",50,12,,,
"Weights (Unison)","Feb 20, 2024, 8:27 PM","Feb 20, 2024, 9:28 PM","","Lying Leg Curl (Machine)",,"",1,"normal",50,12,,,
"Weights (Unison)","Feb 20, 2024, 8:27 PM","Feb 20, 2024, 9:28 PM","","Lying Leg Curl (Machine)",,"",2,"normal",50,12,,,
"Weights (Unison)","Feb 20, 2024, 8:27 PM","Feb 20, 2024, 9:28 PM","","Leg Extension (Machine)",,"",0,"normal",70,12,,,
"Weights (Unison)","Feb 20, 2024, 8:27 PM","Feb 20, 2024, 9:28 PM","","Leg Extension (Machine)",,"",1,"normal",80,12,,,
"Weights (Unison)","Feb 20, 2024, 8:27 PM","Feb 20, 2024, 9:28 PM","","Leg Extension (Machine)",,"",2,"normal",80,12,,,
"Weights (Unison)","Feb 20, 2024, 8:27 PM","Feb 20, 2024, 9:28 PM","","Lat Pulldown (Cable)",,"",0,"normal",60,12,,,
"Weights (Unison)","Feb 20, 2024, 8:27 PM","Feb 20, 2024, 9:28 PM","","Lat Pulldown (Cable)",,"",1,"normal",60,12,,,
"Weights (Unison)","Feb 20, 2024, 8:27 PM","Feb 20, 2024, 9:28 PM","","Lat Pulldown (Cable)",,"",2,"normal",60,12,,,
"Weights (Unison)","Feb 20, 2024, 8:27 PM","Feb 20, 2024, 9:28 PM","","Seated Cable Row - Bar Grip",,"",0,"normal",60,12,,,
"Weights (Unison)","Feb 20, 2024, 8:27 PM","Feb 20, 2024, 9:28 PM","","Seated Cable Row - Bar Grip",,"",1,"normal",70,12,,,
"Weights (Unison)","Feb 20, 2024, 8:27 PM","Feb 20, 2024, 9:28 PM","","Seated Cable Row - Bar Grip",,"",2,"normal",70,12,,,
"Weights (Unison)","Feb 20, 2024, 8:27 PM","Feb 20, 2024, 9:28 PM","","Chest Press (Machine)",,"",0,"normal",50,12,,,
"Weights (Unison)","Feb 20, 2024, 8:27 PM","Feb 20, 2024, 9:28 PM","","Chest Press (Machine)",,"",1,"normal",50,12,,,
"Weights (Unison)","Feb 20, 2024, 8:27 PM","Feb 20, 2024, 9:28 PM","","Chest Press (Machine)",,"",2,"normal",50,12,,,
"Weights (Unison)","Feb 20, 2024, 8:27 PM","Feb 20, 2024, 9:28 PM","","Chest Fly (Dumbbell)",,"",0,"normal",14,12,,,
"Weights (Unison)","Feb 20, 2024, 8:27 PM","Feb 20, 2024, 9:28 PM","","Chest Fly (Dumbbell)",,"",1,"normal",14,12,,,
"Weights (Unison)","Feb 20, 2024, 8:27 PM","Feb 20, 2024, 9:28 PM","","Chest Fly (Dumbbell)",,"",2,"normal",14,12,,,
"Weights (Unison)","Feb 20, 2024, 8:27 PM","Feb 20, 2024, 9:28 PM","","Seated Shoulder Press (Machine)",,"",0,"normal",30,12,,,
"Weights (Unison)","Feb 20, 2024, 8:27 PM","Feb 20, 2024, 9:28 PM","","Seated Shoulder Press (Machine)",,"",1,"normal",30,12,,,
"Weights (Unison)","Feb 20, 2024, 8:27 PM","Feb 20, 2024, 9:28 PM","","Seated Shoulder Press (Machine)",,"",2,"normal",30,12,,,
"Weights (Unison)","Feb 20, 2024, 8:27 PM","Feb 20, 2024, 9:28 PM","","Bicep Curl (Machine)",,"",0,"normal",7.5,12,,,
"Weights (Unison)","Feb 20, 2024, 8:27 PM","Feb 20, 2024, 9:28 PM","","Bicep Curl (Machine)",,"",1,"normal",7.5,12,,,
"Weights (Unison)","Feb 20, 2024, 8:27 PM","Feb 20, 2024, 9:28 PM","","Single Arm Tricep Extension (Dumbbell)",,"",0,"normal",3,12,,,
"Weights (Unison)","Feb 20, 2024, 8:27 PM","Feb 20, 2024, 9:28 PM","","Single Arm Tricep Extension (Dumbbell)",,"",1,"normal",3,12,,,
"Weights (Unison)","Feb 20, 2024, 8:27 PM","Feb 20, 2024, 9:28 PM","","Single Arm Tricep Extension (Dumbbell)",,"",2,"normal",3,12,,,
"Weights (Unison)","Feb 20, 2024, 8:27 PM","Feb 20, 2024, 9:28 PM","","Single Arm Tricep Extension (Dumbbell)",,"",3,"normal",3,12,,,
"Weights (Unison)","Feb 20, 2024, 8:27 PM","Feb 20, 2024, 9:28 PM","","Single Arm Tricep Extension (Dumbbell)",,"",4,"normal",3,12,,,
"Weights (Unison)","Feb 20, 2024, 8:27 PM","Feb 20, 2024, 9:28 PM","","Single Arm Tricep Extension (Dumbbell)",,"",5,"normal",3,12,,,
"Weights (Unison)","Feb 18, 2024, 11:00 AM","Feb 18, 2024, 11:45 AM","","Squat (Barbell)",,"",0,"normal",10,12,,,
"Weights (Unison)","Feb 18, 2024, 11:00 AM","Feb 18, 2024, 11:45 AM","","Squat (Barbell)",,"",1,"normal",15,12,,,
"Weights (Unison)","Feb 18, 2024, 11:00 AM","Feb 18, 2024, 11:45 AM","","Squat (Barbell)",,"",2,"normal",20,12,,,
"Weights (Unison)","Feb 18, 2024, 11:00 AM","Feb 18, 2024, 11:45 AM","","Lying Leg Curl (Machine)",,"",0,"normal",50,12,,,
"Weights (Unison)","Feb 18, 2024, 11:00 AM","Feb 18, 2024, 11:45 AM","","Lying Leg Curl (Machine)",,"",1,"normal",50,12,,,
"Weights (Unison)","Feb 18, 2024, 11:00 AM","Feb 18, 2024, 11:45 AM","","Lying Leg Curl (Machine)",,"",2,"normal",50,12,,,
"Weights (Unison)","Feb 18, 2024, 11:00 AM","Feb 18, 2024, 11:45 AM","","Leg Extension (Machine)",,"",0,"normal",70,12,,,
"Weights (Unison)","Feb 18, 2024, 11:00 AM","Feb 18, 2024, 11:45 AM","","Leg Extension (Machine)",,"",1,"normal",70,12,,,
"Weights (Unison)","Feb 18, 2024, 11:00 AM","Feb 18, 2024, 11:45 AM","","Leg Extension (Machine)",,"",2,"normal",70,12,,,
"Weights (Unison)","Feb 18, 2024, 11:00 AM","Feb 18, 2024, 11:45 AM","","Lat Pulldown (Cable)",,"",0,"normal",60,12,,,
"Weights (Unison)","Feb 18, 2024, 11:00 AM","Feb 18, 2024, 11:45 AM","","Lat Pulldown (Cable)",,"",1,"normal",60,12,,,
"Weights (Unison)","Feb 18, 2024, 11:00 AM","Feb 18, 2024, 11:45 AM","","Lat Pulldown (Cable)",,"",2,"normal",60,12,,,
"Weights (Unison)","Feb 18, 2024, 11:00 AM","Feb 18, 2024, 11:45 AM","","Chest Press (Machine)",,"",0,"normal",50,12,,,
"Weights (Unison)","Feb 18, 2024, 11:00 AM","Feb 18, 2024, 11:45 AM","","Chest Press (Machine)",,"",1,"normal",50,12,,,
"Weights (Unison)","Feb 18, 2024, 11:00 AM","Feb 18, 2024, 11:45 AM","","Chest Press (Machine)",,"",2,"normal",50,12,,,
"Weights (Unison)","Feb 18, 2024, 11:00 AM","Feb 18, 2024, 11:45 AM","","Seated Cable Row - Bar Grip",,"",0,"normal",60,12,,,
"Weights (Unison)","Feb 18, 2024, 11:00 AM","Feb 18, 2024, 11:45 AM","","Seated Cable Row - Bar Grip",,"",1,"normal",60,12,,,
"Weights (Unison)","Feb 18, 2024, 11:00 AM","Feb 18, 2024, 11:45 AM","","Seated Cable Row - Bar Grip",,"",2,"normal",60,12,,,
"Weights (Unison)","Feb 18, 2024, 11:00 AM","Feb 18, 2024, 11:45 AM","","Bicep Curl (Machine)",,"",0,"normal",7.5,12,,,
"Weights (Unison)","Feb 18, 2024, 11:00 AM","Feb 18, 2024, 11:45 AM","","Bicep Curl (Machine)",,"",1,"normal",7.5,12,,,
"Weights (Unison)","Feb 18, 2024, 11:00 AM","Feb 18, 2024, 11:45 AM","","Bicep Curl (Machine)",,"",2,"normal",7.5,12,,,
"Weights","Jan 30, 2024, 7:56 PM","Jan 30, 2024, 8:51 PM","","Leg Press Horizontal (Machine)",,"",0,"normal",77.5,12,,,
"Weights","Jan 30, 2024, 7:56 PM","Jan 30, 2024, 8:51 PM","","Leg Press Horizontal (Machine)",,"",1,"normal",77.5,12,,,
"Weights","Jan 30, 2024, 7:56 PM","Jan 30, 2024, 8:51 PM","","Leg Press Horizontal (Machine)",,"",2,"normal",77.5,12,,,
"Weights","Jan 30, 2024, 7:56 PM","Jan 30, 2024, 8:51 PM","","Lying Leg Curl (Machine)",,"",0,"normal",37,12,,,
"Weights","Jan 30, 2024, 7:56 PM","Jan 30, 2024, 8:51 PM","","Lying Leg Curl (Machine)",,"",1,"normal",37,12,,,
"Weights","Jan 30, 2024, 7:56 PM","Jan 30, 2024, 8:51 PM","","Lying Leg Curl (Machine)",,"",2,"normal",37,12,,,
"Weights","Jan 30, 2024, 7:56 PM","Jan 30, 2024, 8:51 PM","","Leg Extension (Machine)",,"",0,"normal",42.5,12,,,
"Weights","Jan 30, 2024, 7:56 PM","Jan 30, 2024, 8:51 PM","","Leg Extension (Machine)",,"",1,"normal",42.5,12,,,
"Weights","Jan 30, 2024, 7:56 PM","Jan 30, 2024, 8:51 PM","","Leg Extension (Machine)",,"",2,"normal",42.5,12,,,
"Weights","Jan 30, 2024, 7:56 PM","Jan 30, 2024, 8:51 PM","","Lat Pulldown (Cable)",,"",0,"normal",38,12,,,
"Weights","Jan 30, 2024, 7:56 PM","Jan 30, 2024, 8:51 PM","","Lat Pulldown (Cable)",,"",1,"normal",38,12,,,
"Weights","Jan 30, 2024, 7:56 PM","Jan 30, 2024, 8:51 PM","","Lat Pulldown (Cable)",,"",2,"normal",38,12,,,
"Weights","Jan 30, 2024, 7:56 PM","Jan 30, 2024, 8:51 PM","","Chest Press (Machine)",,"",0,"normal",38,12,,,
"Weights","Jan 30, 2024, 7:56 PM","Jan 30, 2024, 8:51 PM","","Chest Press (Machine)",,"",1,"normal",38,12,,,
"Weights","Jan 30, 2024, 7:56 PM","Jan 30, 2024, 8:51 PM","","Chest Press (Machine)",,"",2,"normal",38,12,,,
"Weights","Jan 30, 2024, 7:56 PM","Jan 30, 2024, 8:51 PM","","Seated Cable Row - Bar Grip",,"",0,"normal",31,12,,,
"Weights","Jan 30, 2024, 7:56 PM","Jan 30, 2024, 8:51 PM","","Seated Cable Row - Bar Grip",,"",1,"normal",31,12,,,
"Weights","Jan 30, 2024, 7:56 PM","Jan 30, 2024, 8:51 PM","","Seated Cable Row - Bar Grip",,"",2,"normal",31,12,,,
"Weights","Jan 30, 2024, 7:56 PM","Jan 30, 2024, 8:51 PM","","Butterfly (Pec Deck)",,"",0,"normal",42.5,12,,,
"Weights","Jan 30, 2024, 7:56 PM","Jan 30, 2024, 8:51 PM","","Butterfly (Pec Deck)",,"",1,"normal",42.5,12,,,
"Weights","Jan 30, 2024, 7:56 PM","Jan 30, 2024, 8:51 PM","","Butterfly (Pec Deck)",,"",2,"normal",42.5,12,,,
"Weights","Jan 30, 2024, 7:56 PM","Jan 30, 2024, 8:51 PM","","Seated Shoulder Press (Machine)",,"",0,"normal",20,12,,,
"Weights","Jan 30, 2024, 7:56 PM","Jan 30, 2024, 8:51 PM","","Seated Shoulder Press (Machine)",,"",1,"normal",20,12,,,
"Weights","Jan 30, 2024, 7:56 PM","Jan 30, 2024, 8:51 PM","","Seated Shoulder Press (Machine)",,"",2,"normal",20,12,,,
"Weights","Jan 30, 2024, 7:56 PM","Jan 30, 2024, 8:51 PM","","Bicep Curl (Machine)",,"",0,"normal",27.5,12,,,
"Weights","Jan 30, 2024, 7:56 PM","Jan 30, 2024, 8:51 PM","","Bicep Curl (Machine)",,"",1,"normal",27.5,12,,,
"Weights","Jan 30, 2024, 7:56 PM","Jan 30, 2024, 8:51 PM","","Bicep Curl (Machine)",,"",2,"normal",30,12,,,
"Weights","Jan 30, 2024, 7:56 PM","Jan 30, 2024, 8:51 PM","","Triceps Pushdown",,"",0,"normal",24,12,,,
"Weights","Jan 30, 2024, 7:56 PM","Jan 30, 2024, 8:51 PM","","Triceps Pushdown",,"",1,"normal",24,12,,,
"Weights","Jan 30, 2024, 7:56 PM","Jan 30, 2024, 8:51 PM","","Triceps Pushdown",,"",2,"normal",24,12,,,
"Weights","Jan 23, 2024, 7:27 PM","Jan 23, 2024, 8:19 PM","","Leg Press Horizontal (Machine)",,"",0,"normal",57.5,12,,,
"Weights","Jan 23, 2024, 7:27 PM","Jan 23, 2024, 8:19 PM","","Leg Press Horizontal (Machine)",,"",1,"normal",67.5,12,,,
"Weights","Jan 23, 2024, 7:27 PM","Jan 23, 2024, 8:19 PM","","Leg Press Horizontal (Machine)",,"",2,"normal",77.5,12,,,
"Weights","Jan 23, 2024, 7:27 PM","Jan 23, 2024, 8:19 PM","","Lying Leg Curl (Machine)",,"J h",0,"normal",34.5,12,,,
"Weights","Jan 23, 2024, 7:27 PM","Jan 23, 2024, 8:19 PM","","Lying Leg Curl (Machine)",,"J h",1,"normal",34.5,12,,,
"Weights","Jan 23, 2024, 7:27 PM","Jan 23, 2024, 8:19 PM","","Lying Leg Curl (Machine)",,"J h",2,"normal",37,12,,,
"Weights","Jan 23, 2024, 7:27 PM","Jan 23, 2024, 8:19 PM","","Leg Extension (Machine)",,"",0,"normal",42.5,12,,,
"Weights","Jan 23, 2024, 7:27 PM","Jan 23, 2024, 8:19 PM","","Leg Extension (Machine)",,"",1,"normal",42.5,12,,,
"Weights","Jan 23, 2024, 7:27 PM","Jan 23, 2024, 8:19 PM","","Leg Extension (Machine)",,"",2,"normal",42.5,12,,,
"Weights","Jan 23, 2024, 7:27 PM","Jan 23, 2024, 8:19 PM","","Lat Pulldown (Cable)",,"",0,"normal",38,12,,,
"Weights","Jan 23, 2024, 7:27 PM","Jan 23, 2024, 8:19 PM","","Lat Pulldown (Cable)",,"",1,"normal",38,12,,,
"Weights","Jan 23, 2024, 7:27 PM","Jan 23, 2024, 8:19 PM","","Lat Pulldown (Cable)",,"",2,"normal",38,12,,,
"Weights","Jan 23, 2024, 7:27 PM","Jan 23, 2024, 8:19 PM","","Chest Press (Machine)",,"",0,"normal",35.5,12,,,
"Weights","Jan 23, 2024, 7:27 PM","Jan 23, 2024, 8:19 PM","","Chest Press (Machine)",,"",1,"normal",35.5,12,,,
"Weights","Jan 23, 2024, 7:27 PM","Jan 23, 2024, 8:19 PM","","Chest Press (Machine)",,"",2,"normal",38,12,,,
"Weights","Jan 23, 2024, 7:27 PM","Jan 23, 2024, 8:19 PM","","Seated Cable Row - Bar Grip",,"",0,"normal",31,12,,,
"Weights","Jan 23, 2024, 7:27 PM","Jan 23, 2024, 8:19 PM","","Seated Cable Row - Bar Grip",,"",1,"normal",31,12,,,
"Weights","Jan 23, 2024, 7:27 PM","Jan 23, 2024, 8:19 PM","","Seated Cable Row - Bar Grip",,"",2,"normal",31,12,,,
"Weights","Jan 23, 2024, 7:27 PM","Jan 23, 2024, 8:19 PM","","Butterfly (Pec Deck)",,"",0,"normal",42.5,12,,,
"Weights","Jan 23, 2024, 7:27 PM","Jan 23, 2024, 8:19 PM","","Butterfly (Pec Deck)",,"",1,"normal",42.5,12,,,
"Weights","Jan 23, 2024, 7:27 PM","Jan 23, 2024, 8:19 PM","","Butterfly (Pec Deck)",,"",2,"normal",42.5,12,,,
"Weights","Jan 23, 2024, 7:27 PM","Jan 23, 2024, 8:19 PM","","Seated Shoulder Press (Machine)",,"",0,"normal",20,12,,,
"Weights","Jan 23, 2024, 7:27 PM","Jan 23, 2024, 8:19 PM","","Seated Shoulder Press (Machine)",,"",1,"normal",20,12,,,
"Weights","Jan 23, 2024, 7:27 PM","Jan 23, 2024, 8:19 PM","","Seated Shoulder Press (Machine)",,"",2,"normal",20,12,,,
"Weights","Jan 23, 2024, 7:27 PM","Jan 23, 2024, 8:19 PM","","Bicep Curl (Machine)",,"",0,"normal",27.5,12,,,
"Weights","Jan 23, 2024, 7:27 PM","Jan 23, 2024, 8:19 PM","","Bicep Curl (Machine)",,"",1,"normal",27.5,12,,,
"Weights","Jan 23, 2024, 7:27 PM","Jan 23, 2024, 8:19 PM","","Bicep Curl (Machine)",,"",2,"normal",27.5,12,,,
"Weights","Jan 23, 2024, 7:27 PM","Jan 23, 2024, 8:19 PM","","Triceps Pushdown",,"",0,"normal",24,12,,,
"Weights","Jan 23, 2024, 7:27 PM","Jan 23, 2024, 8:19 PM","","Triceps Pushdown",,"",1,"normal",24,12,,,
"Weights","Jan 23, 2024, 7:27 PM","Jan 23, 2024, 8:19 PM","","Triceps Pushdown",,"",2,"normal",24,12,,,
"Weights","Jan 21, 2024, 10:53 AM","Jan 21, 2024, 11:51 AM","","Leg Press Horizontal (Machine)",,"",0,"normal",77.5,12,,,
"Weights","Jan 21, 2024, 10:53 AM","Jan 21, 2024, 11:51 AM","","Leg Press Horizontal (Machine)",,"",1,"normal",77.5,12,,,
"Weights","Jan 21, 2024, 10:53 AM","Jan 21, 2024, 11:51 AM","","Leg Press Horizontal (Machine)",,"",2,"normal",77.5,12,,,
"Weights","Jan 21, 2024, 10:53 AM","Jan 21, 2024, 11:51 AM","","Lying Leg Curl (Machine)",,"",0,"normal",34.5,12,,,
"Weights","Jan 21, 2024, 10:53 AM","Jan 21, 2024, 11:51 AM","","Lying Leg Curl (Machine)",,"",1,"normal",34.5,12,,,
"Weights","Jan 21, 2024, 10:53 AM","Jan 21, 2024, 11:51 AM","","Lying Leg Curl (Machine)",,"",2,"normal",34.5,12,,,
"Weights","Jan 21, 2024, 10:53 AM","Jan 21, 2024, 11:51 AM","","Leg Extension (Machine)",,"",0,"normal",42.5,12,,,
"Weights","Jan 21, 2024, 10:53 AM","Jan 21, 2024, 11:51 AM","","Leg Extension (Machine)",,"",1,"normal",42.5,12,,,
"Weights","Jan 21, 2024, 10:53 AM","Jan 21, 2024, 11:51 AM","","Leg Extension (Machine)",,"",2,"normal",42.5,12,,,
"Weights","Jan 21, 2024, 10:53 AM","Jan 21, 2024, 11:51 AM","","Lat Pulldown (Cable)",,"",0,"normal",38,12,,,
"Weights","Jan 21, 2024, 10:53 AM","Jan 21, 2024, 11:51 AM","","Lat Pulldown (Cable)",,"",1,"normal",38,12,,,
"Weights","Jan 21, 2024, 10:53 AM","Jan 21, 2024, 11:51 AM","","Lat Pulldown (Cable)",,"",2,"normal",38,12,,,
"Weights","Jan 21, 2024, 10:53 AM","Jan 21, 2024, 11:51 AM","","Chest Press (Machine)",,"",0,"normal",35.5,12,,,
"Weights","Jan 21, 2024, 10:53 AM","Jan 21, 2024, 11:51 AM","","Chest Press (Machine)",,"",1,"normal",35.5,12,,,
"Weights","Jan 21, 2024, 10:53 AM","Jan 21, 2024, 11:51 AM","","Chest Press (Machine)",,"",2,"normal",35.5,12,,,
"Weights","Jan 21, 2024, 10:53 AM","Jan 21, 2024, 11:51 AM","","Seated Cable Row - Bar Grip",,"",0,"normal",31,12,,,
"Weights","Jan 21, 2024, 10:53 AM","Jan 21, 2024, 11:51 AM","","Seated Cable Row - Bar Grip",,"",1,"normal",31,12,,,
"Weights","Jan 21, 2024, 10:53 AM","Jan 21, 2024, 11:51 AM","","Seated Cable Row - Bar Grip",,"",2,"normal",31,12,,,
"Weights","Jan 21, 2024, 10:53 AM","Jan 21, 2024, 11:51 AM","","Butterfly (Pec Deck)",,"",0,"normal",42.5,12,,,
"Weights","Jan 21, 2024, 10:53 AM","Jan 21, 2024, 11:51 AM","","Butterfly (Pec Deck)",,"",1,"normal",42.5,12,,,
"Weights","Jan 21, 2024, 10:53 AM","Jan 21, 2024, 11:51 AM","","Butterfly (Pec Deck)",,"",2,"normal",42.5,12,,,
"Weights","Jan 21, 2024, 10:53 AM","Jan 21, 2024, 11:51 AM","","Seated Shoulder Press (Machine)",,"",0,"normal",20,12,,,
"Weights","Jan 21, 2024, 10:53 AM","Jan 21, 2024, 11:51 AM","","Seated Shoulder Press (Machine)",,"",1,"normal",20,12,,,
"Weights","Jan 21, 2024, 10:53 AM","Jan 21, 2024, 11:51 AM","","Bicep Curl (Machine)",,"",0,"normal",27.5,12,,,
"Weights","Jan 21, 2024, 10:53 AM","Jan 21, 2024, 11:51 AM","","Bicep Curl (Machine)",,"",1,"normal",27.5,12,,,
"Weights","Jan 21, 2024, 10:53 AM","Jan 21, 2024, 11:51 AM","","Bicep Curl (Machine)",,"",2,"normal",27.5,12,,,
"Weights","Jan 21, 2024, 10:53 AM","Jan 21, 2024, 11:51 AM","","Triceps Pushdown",,"",0,"normal",24,12,,,
"Weights","Jan 21, 2024, 10:53 AM","Jan 21, 2024, 11:51 AM","","Triceps Pushdown",,"",1,"normal",24,12,,,
"Weights","Jan 21, 2024, 10:53 AM","Jan 21, 2024, 11:51 AM","","Triceps Pushdown",,"",2,"normal",24,9,,,
"Weights","Jan 14, 2024, 4:59 PM","Jan 14, 2024, 5:53 PM","","Leg Press Horizontal (Machine)",,"",0,"normal",77.5,12,,,
"Weights","Jan 14, 2024, 4:59 PM","Jan 14, 2024, 5:53 PM","","Leg Press Horizontal (Machine)",,"",1,"normal",77.5,12,,,
"Weights","Jan 14, 2024, 4:59 PM","Jan 14, 2024, 5:53 PM","","Leg Press Horizontal (Machine)",,"",2,"normal",77.5,12,,,
"Weights","Jan 14, 2024, 4:59 PM","Jan 14, 2024, 5:53 PM","","Lying Leg Curl (Machine)",,"",0,"normal",34.5,12,,,
"Weights","Jan 14, 2024, 4:59 PM","Jan 14, 2024, 5:53 PM","","Lying Leg Curl (Machine)",,"",1,"normal",34.5,12,,,
"Weights","Jan 14, 2024, 4:59 PM","Jan 14, 2024, 5:53 PM","","Lying Leg Curl (Machine)",,"",2,"normal",34.5,12,,,
"Weights","Jan 14, 2024, 4:59 PM","Jan 14, 2024, 5:53 PM","","Leg Extension (Machine)",,"",0,"normal",40,12,,,
"Weights","Jan 14, 2024, 4:59 PM","Jan 14, 2024, 5:53 PM","","Leg Extension (Machine)",,"",1,"normal",40,12,,,
"Weights","Jan 14, 2024, 4:59 PM","Jan 14, 2024, 5:53 PM","","Leg Extension (Machine)",,"",2,"normal",42.5,12,,,
"Weights","Jan 14, 2024, 4:59 PM","Jan 14, 2024, 5:53 PM","","Lat Pulldown (Cable)",,"",0,"normal",38,12,,,
"Weights","Jan 14, 2024, 4:59 PM","Jan 14, 2024, 5:53 PM","","Lat Pulldown (Cable)",,"",1,"normal",38,12,,,
"Weights","Jan 14, 2024, 4:59 PM","Jan 14, 2024, 5:53 PM","","Lat Pulldown (Cable)",,"",2,"normal",38,12,,,
"Weights","Jan 14, 2024, 4:59 PM","Jan 14, 2024, 5:53 PM","","Chest Press (Machine)",,"",0,"normal",35.5,12,,,
"Weights","Jan 14, 2024, 4:59 PM","Jan 14, 2024, 5:53 PM","","Chest Press (Machine)",,"",1,"normal",35.5,12,,,
"Weights","Jan 14, 2024, 4:59 PM","Jan 14, 2024, 5:53 PM","","Chest Press (Machine)",,"",2,"normal",35.5,12,,,
"Weights","Jan 14, 2024, 4:59 PM","Jan 14, 2024, 5:53 PM","","Seated Cable Row - Bar Grip",,"",0,"normal",28.5,12,,,
"Weights","Jan 14, 2024, 4:59 PM","Jan 14, 2024, 5:53 PM","","Seated Cable Row - Bar Grip",,"",1,"normal",28.5,12,,,
"Weights","Jan 14, 2024, 4:59 PM","Jan 14, 2024, 5:53 PM","","Seated Cable Row - Bar Grip",,"",2,"normal",31,12,,,
"Weights","Jan 14, 2024, 4:59 PM","Jan 14, 2024, 5:53 PM","","Butterfly (Pec Deck)",,"",0,"normal",40,12,,,
"Weights","Jan 14, 2024, 4:59 PM","Jan 14, 2024, 5:53 PM","","Butterfly (Pec Deck)",,"",1,"normal",40,12,,,
"Weights","Jan 14, 2024, 4:59 PM","Jan 14, 2024, 5:53 PM","","Butterfly (Pec Deck)",,"",2,"normal",42.5,12,,,
"Weights","Jan 14, 2024, 4:59 PM","Jan 14, 2024, 5:53 PM","","Seated Shoulder Press (Machine)",,"",0,"normal",17.5,12,,,
"Weights","Jan 14, 2024, 4:59 PM","Jan 14, 2024, 5:53 PM","","Seated Shoulder Press (Machine)",,"",1,"normal",17.5,12,,,
"Weights","Jan 14, 2024, 4:59 PM","Jan 14, 2024, 5:53 PM","","Seated Shoulder Press (Machine)",,"",2,"normal",20,12,,,
"Weights","Jan 14, 2024, 4:59 PM","Jan 14, 2024, 5:53 PM","","Bicep Curl (Machine)",,"",0,"normal",27.5,12,,,
"Weights","Jan 14, 2024, 4:59 PM","Jan 14, 2024, 5:53 PM","","Bicep Curl (Machine)",,"",1,"normal",27.5,12,,,
"Weights","Jan 14, 2024, 4:59 PM","Jan 14, 2024, 5:53 PM","","Bicep Curl (Machine)",,"",2,"normal",27.5,12,,,
"Weights","Jan 14, 2024, 4:59 PM","Jan 14, 2024, 5:53 PM","","Triceps Pushdown",,"",0,"normal",21.5,12,,,
"Weights","Jan 14, 2024, 4:59 PM","Jan 14, 2024, 5:53 PM","","Triceps Pushdown",,"",1,"normal",21.5,12,,,
"Weights","Jan 14, 2024, 4:59 PM","Jan 14, 2024, 5:53 PM","","Triceps Pushdown",,"",2,"normal",24,12,,,
"Weights","Jan 8, 2024, 7:52 PM","Jan 8, 2024, 8:45 PM","","Leg Press Horizontal (Machine)",,"",0,"normal",77.5,12,,,
"Weights","Jan 8, 2024, 7:52 PM","Jan 8, 2024, 8:45 PM","","Leg Press Horizontal (Machine)",,"",1,"normal",77.5,12,,,
"Weights","Jan 8, 2024, 7:52 PM","Jan 8, 2024, 8:45 PM","","Leg Press Horizontal (Machine)",,"",2,"normal",77.5,12,,,
"Weights","Jan 8, 2024, 7:52 PM","Jan 8, 2024, 8:45 PM","","Lying Leg Curl (Machine)",,"",0,"normal",34.5,12,,,
"Weights","Jan 8, 2024, 7:52 PM","Jan 8, 2024, 8:45 PM","","Lying Leg Curl (Machine)",,"",1,"normal",34.5,12,,,
"Weights","Jan 8, 2024, 7:52 PM","Jan 8, 2024, 8:45 PM","","Lying Leg Curl (Machine)",,"",2,"normal",34.5,12,,,
"Weights","Jan 8, 2024, 7:52 PM","Jan 8, 2024, 8:45 PM","","Leg Extension (Machine)",,"",0,"normal",40,12,,,
"Weights","Jan 8, 2024, 7:52 PM","Jan 8, 2024, 8:45 PM","","Leg Extension (Machine)",,"",1,"normal",40,12,,,
"Weights","Jan 8, 2024, 7:52 PM","Jan 8, 2024, 8:45 PM","","Leg Extension (Machine)",,"",2,"normal",40,12,,,
"Weights","Jan 8, 2024, 7:52 PM","Jan 8, 2024, 8:45 PM","","Lat Pulldown (Cable)",,"",0,"normal",38,12,,,
"Weights","Jan 8, 2024, 7:52 PM","Jan 8, 2024, 8:45 PM","","Lat Pulldown (Cable)",,"",1,"normal",38,12,,,
"Weights","Jan 8, 2024, 7:52 PM","Jan 8, 2024, 8:45 PM","","Lat Pulldown (Cable)",,"",2,"normal",38,12,,,
"Weights","Jan 8, 2024, 7:52 PM","Jan 8, 2024, 8:45 PM","","Chest Press (Machine)",,"",0,"normal",35.5,12,,,
"Weights","Jan 8, 2024, 7:52 PM","Jan 8, 2024, 8:45 PM","","Chest Press (Machine)",,"",1,"normal",35.5,12,,,
"Weights","Jan 8, 2024, 7:52 PM","Jan 8, 2024, 8:45 PM","","Chest Press (Machine)",,"",2,"normal",35.5,12,,,
"Weights","Jan 8, 2024, 7:52 PM","Jan 8, 2024, 8:45 PM","","Seated Cable Row - Bar Grip",,"",0,"normal",28.5,12,,,
"Weights","Jan 8, 2024, 7:52 PM","Jan 8, 2024, 8:45 PM","","Seated Cable Row - Bar Grip",,"",1,"normal",28.5,12,,,
"Weights","Jan 8, 2024, 7:52 PM","Jan 8, 2024, 8:45 PM","","Seated Cable Row - Bar Grip",,"",2,"normal",28.5,12,,,
"Weights","Jan 8, 2024, 7:52 PM","Jan 8, 2024, 8:45 PM","","Butterfly (Pec Deck)",,"",0,"normal",40,12,,,
"Weights","Jan 8, 2024, 7:52 PM","Jan 8, 2024, 8:45 PM","","Butterfly (Pec Deck)",,"",1,"normal",40,12,,,
"Weights","Jan 8, 2024, 7:52 PM","Jan 8, 2024, 8:45 PM","","Butterfly (Pec Deck)",,"",2,"normal",40,12,,,
"Weights","Jan 8, 2024, 7:52 PM","Jan 8, 2024, 8:45 PM","","Seated Shoulder Press (Machine)",,"",0,"normal",17.5,12,,,
"Weights","Jan 8, 2024, 7:52 PM","Jan 8, 2024, 8:45 PM","","Seated Shoulder Press (Machine)",,"",1,"normal",17.5,12,,,
"Weights","Jan 8, 2024, 7:52 PM","Jan 8, 2024, 8:45 PM","","Seated Shoulder Press (Machine)",,"",2,"normal",17.5,12,,,
"Weights","Jan 8, 2024, 7:52 PM","Jan 8, 2024, 8:45 PM","","Bicep Curl (Machine)",,"",0,"normal",27.5,12,,,
"Weights","Jan 8, 2024, 7:52 PM","Jan 8, 2024, 8:45 PM","","Bicep Curl (Machine)",,"",1,"normal",27.5,12,,,
"Weights","Jan 8, 2024, 7:52 PM","Jan 8, 2024, 8:45 PM","","Bicep Curl (Machine)",,"",2,"normal",27.5,12,,,
"Weights","Jan 8, 2024, 7:52 PM","Jan 8, 2024, 8:45 PM","","Triceps Pushdown",,"",0,"normal",21.5,12,,,
"Weights","Jan 8, 2024, 7:52 PM","Jan 8, 2024, 8:45 PM","","Triceps Pushdown",,"",1,"normal",21.5,12,,,
"Weights","Jan 8, 2024, 7:52 PM","Jan 8, 2024, 8:45 PM","","Triceps Pushdown",,"",2,"normal",21.5,12,,,
"Core and Mobility","Jan 3, 2024, 4:00 PM","Jan 3, 2024, 4:45 PM","","Medicine Ball Squat Press",,"",0,"normal",6,20,,,
"Core and Mobility","Jan 3, 2024, 4:00 PM","Jan 3, 2024, 4:45 PM","","Medicine Ball Squat Press",,"",1,"normal",6,20,,,
"Core and Mobility","Jan 3, 2024, 4:00 PM","Jan 3, 2024, 4:45 PM","","Kettlebell Swing",,"",0,"normal",6,30,,,
"Core and Mobility","Jan 3, 2024, 4:00 PM","Jan 3, 2024, 4:45 PM","","Kettlebell Swing",,"",1,"normal",6,30,,,
"Core and Mobility","Jan 3, 2024, 4:00 PM","Jan 3, 2024, 4:45 PM","","Single Hip Hinge",,"",0,"normal",6,20,,,
"Core and Mobility","Jan 3, 2024, 4:00 PM","Jan 3, 2024, 4:45 PM","","Single Hip Hinge",,"",1,"normal",6,20,,,
"Core and Mobility","Jan 3, 2024, 4:00 PM","Jan 3, 2024, 4:45 PM","","Mountain Climber",,"",0,"normal",,20,,,
"Core and Mobility","Jan 3, 2024, 4:00 PM","Jan 3, 2024, 4:45 PM","","Mountain Climber",,"",1,"normal",,20,,,
"Core and Mobility","Jan 3, 2024, 4:00 PM","Jan 3, 2024, 4:45 PM","","Dead Bug",,"",0,"normal",,20,,,
"Core and Mobility","Jan 3, 2024, 4:00 PM","Jan 3, 2024, 4:45 PM","","Dead Bug",,"",1,"normal",,20,,,
"Core and Mobility","Jan 3, 2024, 4:00 PM","Jan 3, 2024, 4:45 PM","","Glute Bridge",,"",0,"normal",,1,,,
"Core and Mobility","Jan 3, 2024, 4:00 PM","Jan 3, 2024, 4:45 PM","","Glute Bridge",,"",1,"normal",,1,,,
"Core and Mobility","Jan 3, 2024, 4:00 PM","Jan 3, 2024, 4:45 PM","","Bird Dog",,"",0,"normal",,10,,,
"Core and Mobility","Jan 3, 2024, 4:00 PM","Jan 3, 2024, 4:45 PM","","Bird Dog",,"",1,"normal",,10,,,
"Core and Mobility","Jan 3, 2024, 4:00 PM","Jan 3, 2024, 4:45 PM","","Donkey Kicks",,"",0,"normal",,20,,,
"Core and Mobility","Jan 3, 2024, 4:00 PM","Jan 3, 2024, 4:45 PM","","Donkey Kicks",,"",1,"normal",,20,,,
"Core and Mobility","Jan 3, 2024, 4:00 PM","Jan 3, 2024, 4:45 PM","","Curl Ups",,"",0,"normal",,20,,,
"Core and Mobility","Jan 3, 2024, 4:00 PM","Jan 3, 2024, 4:45 PM","","Lying Spinal Rotations",,"",0,"normal",,20,,,
"Core and Mobility","Jan 3, 2024, 4:00 PM","Jan 3, 2024, 4:45 PM","","Shoulder Mobilizers",,"",0,"normal",,20,,,
"Core and Mobility","Jan 3, 2024, 4:00 PM","Jan 3, 2024, 4:45 PM","","Angel Wings",,"",0,"normal",,10,,,
"Core and Mobility","Jan 3, 2024, 4:00 PM","Jan 3, 2024, 4:45 PM","","Step Torso Pole Rotations",,"",0,"normal",,20,,,
"Core and Mobility","Jan 3, 2024, 4:00 PM","Jan 3, 2024, 4:45 PM","","Half Kneeling Pole Rotations",,"",0,"normal",,20,,,
"Core and Mobility","Jan 3, 2024, 4:00 PM","Jan 3, 2024, 4:45 PM","","Reverse Hinge Torso Twists",,"",0,"normal",,20,,,
"Weights","Jan 2, 2024, 7:50 PM","Jan 2, 2024, 8:40 PM","","Leg Press Horizontal (Machine)",,"",0,"normal",77.5,12,,,
"Weights","Jan 2, 2024, 7:50 PM","Jan 2, 2024, 8:40 PM","","Leg Press Horizontal (Machine)",,"",1,"normal",77.5,12,,,
"Weights","Jan 2, 2024, 7:50 PM","Jan 2, 2024, 8:40 PM","","Leg Press Horizontal (Machine)",,"",2,"normal",77.5,12,,,
"Weights","Jan 2, 2024, 7:50 PM","Jan 2, 2024, 8:40 PM","","Lying Leg Curl (Machine)",,"",0,"normal",34.5,12,,,
"Weights","Jan 2, 2024, 7:50 PM","Jan 2, 2024, 8:40 PM","","Lying Leg Curl (Machine)",,"",1,"normal",34.5,12,,,
"Weights","Jan 2, 2024, 7:50 PM","Jan 2, 2024, 8:40 PM","","Lying Leg Curl (Machine)",,"",2,"normal",34.5,12,,,
"Weights","Jan 2, 2024, 7:50 PM","Jan 2, 2024, 8:40 PM","","Leg Extension (Machine)",,"",0,"normal",40,12,,,
"Weights","Jan 2, 2024, 7:50 PM","Jan 2, 2024, 8:40 PM","","Leg Extension (Machine)",,"",1,"normal",40,12,,,
"Weights","Jan 2, 2024, 7:50 PM","Jan 2, 2024, 8:40 PM","","Leg Extension (Machine)",,"",2,"normal",40,12,,,
"Weights","Jan 2, 2024, 7:50 PM","Jan 2, 2024, 8:40 PM","","Lat Pulldown (Cable)",,"",0,"normal",38,12,,,
"Weights","Jan 2, 2024, 7:50 PM","Jan 2, 2024, 8:40 PM","","Lat Pulldown (Cable)",,"",1,"normal",38,12,,,
"Weights","Jan 2, 2024, 7:50 PM","Jan 2, 2024, 8:40 PM","","Lat Pulldown (Cable)",,"",2,"normal",38,12,,,
"Weights","Jan 2, 2024, 7:50 PM","Jan 2, 2024, 8:40 PM","","Chest Press (Machine)",,"",0,"normal",33,12,,,
"Weights","Jan 2, 2024, 7:50 PM","Jan 2, 2024, 8:40 PM","","Chest Press (Machine)",,"",1,"normal",33,12,,,
"Weights","Jan 2, 2024, 7:50 PM","Jan 2, 2024, 8:40 PM","","Chest Press (Machine)",,"",2,"normal",35.5,12,,,
"Weights","Jan 2, 2024, 7:50 PM","Jan 2, 2024, 8:40 PM","","Seated Cable Row - Bar Grip",,"",0,"normal",28.5,12,,,
"Weights","Jan 2, 2024, 7:50 PM","Jan 2, 2024, 8:40 PM","","Seated Cable Row - Bar Grip",,"",1,"normal",28.5,12,,,
"Weights","Jan 2, 2024, 7:50 PM","Jan 2, 2024, 8:40 PM","","Seated Cable Row - Bar Grip",,"",2,"normal",28.5,12,,,
"Weights","Jan 2, 2024, 7:50 PM","Jan 2, 2024, 8:40 PM","","Butterfly (Pec Deck)",,"",0,"normal",40,12,,,
"Weights","Jan 2, 2024, 7:50 PM","Jan 2, 2024, 8:40 PM","","Butterfly (Pec Deck)",,"",1,"normal",40,12,,,
"Weights","Jan 2, 2024, 7:50 PM","Jan 2, 2024, 8:40 PM","","Butterfly (Pec Deck)",,"",2,"normal",40,12,,,
"Weights","Jan 2, 2024, 7:50 PM","Jan 2, 2024, 8:40 PM","","Seated Shoulder Press (Machine)",,"",0,"normal",15,12,,,
"Weights","Jan 2, 2024, 7:50 PM","Jan 2, 2024, 8:40 PM","","Seated Shoulder Press (Machine)",,"",1,"normal",15,12,,,
"Weights","Jan 2, 2024, 7:50 PM","Jan 2, 2024, 8:40 PM","","Seated Shoulder Press (Machine)",,"",2,"normal",17.5,12,,,
"Weights","Jan 2, 2024, 7:50 PM","Jan 2, 2024, 8:40 PM","","Bicep Curl (Machine)",,"",0,"normal",27.5,12,,,
"Weights","Jan 2, 2024, 7:50 PM","Jan 2, 2024, 8:40 PM","","Bicep Curl (Machine)",,"",1,"normal",27.5,12,,,
"Weights","Jan 2, 2024, 7:50 PM","Jan 2, 2024, 8:40 PM","","Bicep Curl (Machine)",,"",2,"normal",27.5,12,,,
"Weights","Jan 2, 2024, 7:50 PM","Jan 2, 2024, 8:40 PM","","Triceps Pushdown",,"",0,"normal",21.5,12,,,
"Weights","Jan 2, 2024, 7:50 PM","Jan 2, 2024, 8:40 PM","","Triceps Pushdown",,"",1,"normal",21.5,12,,,
"Weights","Jan 2, 2024, 7:50 PM","Jan 2, 2024, 8:40 PM","","Triceps Pushdown",,"",2,"normal",21.5,12,,,
"Weights","Dec 31, 2023, 4:41 PM","Dec 31, 2023, 5:34 PM","","Leg Press Horizontal (Machine)",,"",0,"normal",75,12,,,
"Weights","Dec 31, 2023, 4:41 PM","Dec 31, 2023, 5:34 PM","","Leg Press Horizontal (Machine)",,"",1,"normal",75,12,,,
"Weights","Dec 31, 2023, 4:41 PM","Dec 31, 2023, 5:34 PM","","Leg Press Horizontal (Machine)",,"",2,"normal",77.5,12,,,
"Weights","Dec 31, 2023, 4:41 PM","Dec 31, 2023, 5:34 PM","","Lying Leg Curl (Machine)",,"",0,"normal",34.5,12,,,
"Weights","Dec 31, 2023, 4:41 PM","Dec 31, 2023, 5:34 PM","","Lying Leg Curl (Machine)",,"",1,"normal",34.5,12,,,
"Weights","Dec 31, 2023, 4:41 PM","Dec 31, 2023, 5:34 PM","","Lying Leg Curl (Machine)",,"",2,"normal",34.5,12,,,
"Weights","Dec 31, 2023, 4:41 PM","Dec 31, 2023, 5:34 PM","","Leg Extension (Machine)",,"",0,"normal",40,12,,,
"Weights","Dec 31, 2023, 4:41 PM","Dec 31, 2023, 5:34 PM","","Leg Extension (Machine)",,"",1,"normal",40,12,,,
"Weights","Dec 31, 2023, 4:41 PM","Dec 31, 2023, 5:34 PM","","Leg Extension (Machine)",,"",2,"normal",40,12,,,
"Weights","Dec 31, 2023, 4:41 PM","Dec 31, 2023, 5:34 PM","","Lat Pulldown (Cable)",,"",0,"normal",38,12,,,
"Weights","Dec 31, 2023, 4:41 PM","Dec 31, 2023, 5:34 PM","","Lat Pulldown (Cable)",,"",1,"normal",38,12,,,
"Weights","Dec 31, 2023, 4:41 PM","Dec 31, 2023, 5:34 PM","","Lat Pulldown (Cable)",,"",2,"normal",38,8,,,
"Weights","Dec 31, 2023, 4:41 PM","Dec 31, 2023, 5:34 PM","","Chest Press (Machine)",,"",0,"normal",33,12,,,
"Weights","Dec 31, 2023, 4:41 PM","Dec 31, 2023, 5:34 PM","","Chest Press (Machine)",,"",1,"normal",33,12,,,
"Weights","Dec 31, 2023, 4:41 PM","Dec 31, 2023, 5:34 PM","","Chest Press (Machine)",,"",2,"normal",33,12,,,
"Weights","Dec 31, 2023, 4:41 PM","Dec 31, 2023, 5:34 PM","","Seated Cable Row - Bar Grip",,"",0,"normal",28.5,12,,,
"Weights","Dec 31, 2023, 4:41 PM","Dec 31, 2023, 5:34 PM","","Seated Cable Row - Bar Grip",,"",1,"normal",28.5,12,,,
"Weights","Dec 31, 2023, 4:41 PM","Dec 31, 2023, 5:34 PM","","Seated Cable Row - Bar Grip",,"",2,"normal",28.5,12,,,
"Weights","Dec 31, 2023, 4:41 PM","Dec 31, 2023, 5:34 PM","","Butterfly (Pec Deck)",,"",0,"normal",38,12,,,
"Weights","Dec 31, 2023, 4:41 PM","Dec 31, 2023, 5:34 PM","","Butterfly (Pec Deck)",,"",1,"normal",38,12,,,
"Weights","Dec 31, 2023, 4:41 PM","Dec 31, 2023, 5:34 PM","","Butterfly (Pec Deck)",,"",2,"normal",40,12,,,
"Weights","Dec 31, 2023, 4:41 PM","Dec 31, 2023, 5:34 PM","","Seated Shoulder Press (Machine)",,"",0,"normal",15,12,,,
"Weights","Dec 31, 2023, 4:41 PM","Dec 31, 2023, 5:34 PM","","Seated Shoulder Press (Machine)",,"",1,"normal",15,12,,,
"Weights","Dec 31, 2023, 4:41 PM","Dec 31, 2023, 5:34 PM","","Seated Shoulder Press (Machine)",,"",2,"normal",15,12,,,
"Weights","Dec 31, 2023, 4:41 PM","Dec 31, 2023, 5:34 PM","","Bicep Curl (Machine)",,"",0,"normal",27.5,12,,,
"Weights","Dec 31, 2023, 4:41 PM","Dec 31, 2023, 5:34 PM","","Bicep Curl (Machine)",,"",1,"normal",27.5,12,,,
"Weights","Dec 31, 2023, 4:41 PM","Dec 31, 2023, 5:34 PM","","Bicep Curl (Machine)",,"",2,"normal",27.5,12,,,
"Weights","Dec 31, 2023, 4:41 PM","Dec 31, 2023, 5:34 PM","","Triceps Pushdown",,"",0,"normal",21.5,12,,,
"Weights","Dec 31, 2023, 4:41 PM","Dec 31, 2023, 5:34 PM","","Triceps Pushdown",,"",1,"normal",21.5,12,,,
"Weights","Dec 31, 2023, 4:41 PM","Dec 31, 2023, 5:34 PM","","Triceps Pushdown",,"",2,"normal",21.5,12,,,
"Core and Mobility","Dec 30, 2023, 6:29 PM","Dec 30, 2023, 7:22 PM","","Medicine Ball Squat Press",,"",0,"normal",6,20,,,
"Core and Mobility","Dec 30, 2023, 6:29 PM","Dec 30, 2023, 7:22 PM","","Medicine Ball Squat Press",,"",1,"normal",6,20,,,
"Core and Mobility","Dec 30, 2023, 6:29 PM","Dec 30, 2023, 7:22 PM","","Kettlebell Swing",,"",0,"normal",6,30,,,
"Core and Mobility","Dec 30, 2023, 6:29 PM","Dec 30, 2023, 7:22 PM","","Kettlebell Swing",,"",1,"normal",6,30,,,
"Core and Mobility","Dec 30, 2023, 6:29 PM","Dec 30, 2023, 7:22 PM","","Kettlebell Swing",,"",2,"normal",6,30,,,
"Core and Mobility","Dec 30, 2023, 6:29 PM","Dec 30, 2023, 7:22 PM","","Single Hip Hinge",,"",0,"normal",6,20,,,
"Core and Mobility","Dec 30, 2023, 6:29 PM","Dec 30, 2023, 7:22 PM","","Single Hip Hinge",,"",1,"normal",6,20,,,
"Core and Mobility","Dec 30, 2023, 6:29 PM","Dec 30, 2023, 7:22 PM","","Mountain Climber",,"",0,"normal",,20,,,
"Core and Mobility","Dec 30, 2023, 6:29 PM","Dec 30, 2023, 7:22 PM","","Mountain Climber",,"",1,"normal",,20,,,
"Core and Mobility","Dec 30, 2023, 6:29 PM","Dec 30, 2023, 7:22 PM","","Dead Bug",,"",0,"normal",,20,,,
"Core and Mobility","Dec 30, 2023, 6:29 PM","Dec 30, 2023, 7:22 PM","","Dead Bug",,"",1,"normal",,20,,,
"Core and Mobility","Dec 30, 2023, 6:29 PM","Dec 30, 2023, 7:22 PM","","Glute Bridge",,"",0,"normal",,1,,,
"Core and Mobility","Dec 30, 2023, 6:29 PM","Dec 30, 2023, 7:22 PM","","Glute Bridge",,"",1,"normal",,1,,,
"Core and Mobility","Dec 30, 2023, 6:29 PM","Dec 30, 2023, 7:22 PM","","Bird Dog",,"",0,"normal",,10,,,
"Core and Mobility","Dec 30, 2023, 6:29 PM","Dec 30, 2023, 7:22 PM","","Bird Dog",,"",1,"normal",,10,,,
"Core and Mobility","Dec 30, 2023, 6:29 PM","Dec 30, 2023, 7:22 PM","","Donkey Kicks",,"",0,"normal",,20,,,
"Core and Mobility","Dec 30, 2023, 6:29 PM","Dec 30, 2023, 7:22 PM","","Donkey Kicks",,"",1,"normal",,20,,,
"Core and Mobility","Dec 30, 2023, 6:29 PM","Dec 30, 2023, 7:22 PM","","Curl Ups",,"",0,"normal",,20,,,
"Core and Mobility","Dec 30, 2023, 6:29 PM","Dec 30, 2023, 7:22 PM","","Curl Ups",,"",1,"normal",,20,,,
"Core and Mobility","Dec 30, 2023, 6:29 PM","Dec 30, 2023, 7:22 PM","","Lying Spinal Rotations",,"",0,"normal",,20,,,
"Core and Mobility","Dec 30, 2023, 6:29 PM","Dec 30, 2023, 7:22 PM","","Lying Spinal Rotations",,"",1,"normal",,20,,,
"Core and Mobility","Dec 30, 2023, 6:29 PM","Dec 30, 2023, 7:22 PM","","Shoulder Mobilizers",,"",0,"normal",,20,,,
"Core and Mobility","Dec 30, 2023, 6:29 PM","Dec 30, 2023, 7:22 PM","","Shoulder Mobilizers",,"",1,"normal",,20,,,
"Core and Mobility","Dec 30, 2023, 6:29 PM","Dec 30, 2023, 7:22 PM","","Angel Wings",,"",0,"normal",,10,,,
"Core and Mobility","Dec 30, 2023, 6:29 PM","Dec 30, 2023, 7:22 PM","","Angel Wings",,"",1,"normal",,10,,,
"Core and Mobility","Dec 30, 2023, 6:29 PM","Dec 30, 2023, 7:22 PM","","Angel Wings",,"",2,"normal",,10,,,
"Core and Mobility","Dec 30, 2023, 6:29 PM","Dec 30, 2023, 7:22 PM","","Step Torso Pole Rotations",,"",0,"normal",,20,,,
"Core and Mobility","Dec 30, 2023, 6:29 PM","Dec 30, 2023, 7:22 PM","","Step Torso Pole Rotations",,"",1,"normal",,20,,,
"Core and Mobility","Dec 30, 2023, 6:29 PM","Dec 30, 2023, 7:22 PM","","Half Kneeling Pole Rotations",,"",0,"normal",,20,,,
"Core and Mobility","Dec 30, 2023, 6:29 PM","Dec 30, 2023, 7:22 PM","","Half Kneeling Pole Rotations",,"",1,"normal",,20,,,
"Core and Mobility","Dec 30, 2023, 6:29 PM","Dec 30, 2023, 7:22 PM","","Reverse Hinge Torso Twists",,"",0,"normal",,20,,,
"Core and Mobility","Dec 30, 2023, 6:29 PM","Dec 30, 2023, 7:22 PM","","Reverse Hinge Torso Twists",,"",1,"normal",,20,,,
"Weights","Dec 29, 2023, 10:51 AM","Dec 29, 2023, 11:46 AM","","Leg Press Horizontal (Machine)",,"",0,"normal",75,12,,,
"Weights","Dec 29, 2023, 10:51 AM","Dec 29, 2023, 11:46 AM","","Leg Press Horizontal (Machine)",,"",1,"normal",75,12,,,
"Weights","Dec 29, 2023, 10:51 AM","Dec 29, 2023, 11:46 AM","","Leg Press Horizontal (Machine)",,"",2,"normal",75,12,,,
"Weights","Dec 29, 2023, 10:51 AM","Dec 29, 2023, 11:46 AM","","Lying Leg Curl (Machine)",,"",0,"normal",34.5,12,,,
"Weights","Dec 29, 2023, 10:51 AM","Dec 29, 2023, 11:46 AM","","Lying Leg Curl (Machine)",,"",1,"normal",34.5,12,,,
"Weights","Dec 29, 2023, 10:51 AM","Dec 29, 2023, 11:46 AM","","Leg Extension (Machine)",,"",0,"normal",40,12,,,
"Weights","Dec 29, 2023, 10:51 AM","Dec 29, 2023, 11:46 AM","","Leg Extension (Machine)",,"",1,"normal",40,12,,,
"Weights","Dec 29, 2023, 10:51 AM","Dec 29, 2023, 11:46 AM","","Lat Pulldown (Cable)",,"7",0,"normal",38,12,,,
"Weights","Dec 29, 2023, 10:51 AM","Dec 29, 2023, 11:46 AM","","Lat Pulldown (Cable)",,"7",1,"normal",38,12,,,
"Weights","Dec 29, 2023, 10:51 AM","Dec 29, 2023, 11:46 AM","","Chest Press (Machine)",,"",0,"normal",33,12,,,
"Weights","Dec 29, 2023, 10:51 AM","Dec 29, 2023, 11:46 AM","","Chest Press (Machine)",,"",1,"normal",33,12,,,
"Weights","Dec 29, 2023, 10:51 AM","Dec 29, 2023, 11:46 AM","","Chest Press (Machine)",,"",2,"normal",33,12,,,
"Weights","Dec 29, 2023, 10:51 AM","Dec 29, 2023, 11:46 AM","","Seated Cable Row - Bar Grip",,"",0,"normal",28.5,12,,,
"Weights","Dec 29, 2023, 10:51 AM","Dec 29, 2023, 11:46 AM","","Seated Cable Row - Bar Grip",,"",1,"normal",28.5,12,,,
"Weights","Dec 29, 2023, 10:51 AM","Dec 29, 2023, 11:46 AM","","Butterfly (Pec Deck)",,"",0,"normal",38,12,,,
"Weights","Dec 29, 2023, 10:51 AM","Dec 29, 2023, 11:46 AM","","Butterfly (Pec Deck)",,"",1,"normal",38,12,,,
"Weights","Dec 29, 2023, 10:51 AM","Dec 29, 2023, 11:46 AM","","Seated Shoulder Press (Machine)",,"",0,"normal",15,12,,,
"Weights","Dec 29, 2023, 10:51 AM","Dec 29, 2023, 11:46 AM","","Seated Shoulder Press (Machine)",,"",1,"normal",15,12,,,
"Weights","Dec 29, 2023, 10:51 AM","Dec 29, 2023, 11:46 AM","","Bicep Curl (Machine)",,"",0,"normal",27.5,12,,,
"Weights","Dec 29, 2023, 10:51 AM","Dec 29, 2023, 11:46 AM","","Bicep Curl (Machine)",,"",1,"normal",27.5,12,,,
"Weights","Dec 29, 2023, 10:51 AM","Dec 29, 2023, 11:46 AM","","Triceps Pushdown",,"",0,"normal",21.5,12,,,
"Core and Mobility","Dec 25, 2023, 8:26 AM","Dec 25, 2023, 8:52 AM","","Medicine Ball Squat Press",,"",0,"normal",6,20,,,
"Core and Mobility","Dec 25, 2023, 8:26 AM","Dec 25, 2023, 8:52 AM","","Kettlebell Swing",,"",0,"normal",10,20,,,
"Core and Mobility","Dec 25, 2023, 8:26 AM","Dec 25, 2023, 8:52 AM","","Single Hip Hinge",,"",0,"normal",6,20,,,
"Core and Mobility","Dec 25, 2023, 8:26 AM","Dec 25, 2023, 8:52 AM","","Mountain Climber",,"",0,"normal",,20,,,
"Core and Mobility","Dec 25, 2023, 8:26 AM","Dec 25, 2023, 8:52 AM","","Dead Bug",,"",0,"normal",,20,,,
"Core and Mobility","Dec 25, 2023, 8:26 AM","Dec 25, 2023, 8:52 AM","","Glute Bridge",,"",0,"normal",,1,,,
"Core and Mobility","Dec 25, 2023, 8:26 AM","Dec 25, 2023, 8:52 AM","","Bird Dog",,"",0,"normal",,10,,,
"Core and Mobility","Dec 25, 2023, 8:26 AM","Dec 25, 2023, 8:52 AM","","Donkey Kicks",,"",0,"normal",,20,,,
"Core and Mobility","Dec 25, 2023, 8:26 AM","Dec 25, 2023, 8:52 AM","","Curl Ups",,"",0,"normal",,20,,,
"Core and Mobility","Dec 25, 2023, 8:26 AM","Dec 25, 2023, 8:52 AM","","Lying Spinal Rotations",,"",0,"normal",,20,,,
"Core and Mobility","Dec 25, 2023, 8:26 AM","Dec 25, 2023, 8:52 AM","","Shoulder Mobilizers",,"",0,"normal",,20,,,
"Core and Mobility","Dec 25, 2023, 8:26 AM","Dec 25, 2023, 8:52 AM","","Step Torso Pole Rotations",,"",0,"normal",,20,,,
"Core and Mobility","Dec 25, 2023, 8:26 AM","Dec 25, 2023, 8:52 AM","","Half Kneeling Pole Rotations",,"",0,"normal",,20,,,
"Core and Mobility","Dec 25, 2023, 8:26 AM","Dec 25, 2023, 8:52 AM","","Reverse Hinge Torso Twists",,"",0,"normal",,20,,,
"Weights","Dec 19, 2023, 7:35 PM","Dec 19, 2023, 8:26 PM","","Leg Press Horizontal (Machine)",,"",0,"normal",75,12,,,
"Weights","Dec 19, 2023, 7:35 PM","Dec 19, 2023, 8:26 PM","","Leg Press Horizontal (Machine)",,"",1,"normal",75,12,,,
"Weights","Dec 19, 2023, 7:35 PM","Dec 19, 2023, 8:26 PM","","Leg Press Horizontal (Machine)",,"",2,"normal",75,12,,,
"Weights","Dec 19, 2023, 7:35 PM","Dec 19, 2023, 8:26 PM","","Lying Leg Curl (Machine)",,"",0,"normal",34.5,12,,,
"Weights","Dec 19, 2023, 7:35 PM","Dec 19, 2023, 8:26 PM","","Lying Leg Curl (Machine)",,"",1,"normal",34.5,12,,,
"Weights","Dec 19, 2023, 7:35 PM","Dec 19, 2023, 8:26 PM","","Lying Leg Curl (Machine)",,"",2,"normal",34.5,12,,,
"Weights","Dec 19, 2023, 7:35 PM","Dec 19, 2023, 8:26 PM","","Leg Extension (Machine)",,"",0,"normal",40,12,,,
"Weights","Dec 19, 2023, 7:35 PM","Dec 19, 2023, 8:26 PM","","Leg Extension (Machine)",,"",1,"normal",40,12,,,
"Weights","Dec 19, 2023, 7:35 PM","Dec 19, 2023, 8:26 PM","","Leg Extension (Machine)",,"",2,"normal",40,12,,,
"Weights","Dec 19, 2023, 7:35 PM","Dec 19, 2023, 8:26 PM","","Lat Pulldown (Cable)",,"",0,"normal",38,12,,,
"Weights","Dec 19, 2023, 7:35 PM","Dec 19, 2023, 8:26 PM","","Lat Pulldown (Cable)",,"",1,"normal",38,12,,,
"Weights","Dec 19, 2023, 7:35 PM","Dec 19, 2023, 8:26 PM","","Lat Pulldown (Cable)",,"",2,"normal",38,8,,,
"Weights","Dec 19, 2023, 7:35 PM","Dec 19, 2023, 8:26 PM","","Chest Press (Machine)",,"",0,"normal",31,12,,,
"Weights","Dec 19, 2023, 7:35 PM","Dec 19, 2023, 8:26 PM","","Chest Press (Machine)",,"",1,"normal",31,12,,,
"Weights","Dec 19, 2023, 7:35 PM","Dec 19, 2023, 8:26 PM","","Chest Press (Machine)",,"",2,"normal",31,12,,,
"Weights","Dec 19, 2023, 7:35 PM","Dec 19, 2023, 8:26 PM","","Seated Cable Row - Bar Grip",,"",0,"normal",28.5,12,,,
"Weights","Dec 19, 2023, 7:35 PM","Dec 19, 2023, 8:26 PM","","Seated Cable Row - Bar Grip",,"",1,"normal",28.5,12,,,
"Weights","Dec 19, 2023, 7:35 PM","Dec 19, 2023, 8:26 PM","","Seated Cable Row - Bar Grip",,"",2,"normal",28.5,12,,,
"Weights","Dec 19, 2023, 7:35 PM","Dec 19, 2023, 8:26 PM","","Butterfly (Pec Deck)",,"",0,"normal",35.5,12,,,
"Weights","Dec 19, 2023, 7:35 PM","Dec 19, 2023, 8:26 PM","","Butterfly (Pec Deck)",,"",1,"normal",38,12,,,
"Weights","Dec 19, 2023, 7:35 PM","Dec 19, 2023, 8:26 PM","","Butterfly (Pec Deck)",,"",2,"normal",38,12,,,
"Weights","Dec 19, 2023, 7:35 PM","Dec 19, 2023, 8:26 PM","","Seated Shoulder Press (Machine)",,"",0,"normal",15,12,,,
"Weights","Dec 19, 2023, 7:35 PM","Dec 19, 2023, 8:26 PM","","Seated Shoulder Press (Machine)",,"",1,"normal",15,12,,,
"Weights","Dec 19, 2023, 7:35 PM","Dec 19, 2023, 8:26 PM","","Seated Shoulder Press (Machine)",,"",2,"normal",15,12,,,
"Weights","Dec 19, 2023, 7:35 PM","Dec 19, 2023, 8:26 PM","","Bicep Curl (Machine)",,"",0,"normal",27.5,12,,,
"Weights","Dec 19, 2023, 7:35 PM","Dec 19, 2023, 8:26 PM","","Bicep Curl (Machine)",,"",1,"normal",27.5,12,,,
"Weights","Dec 19, 2023, 7:35 PM","Dec 19, 2023, 8:26 PM","","Bicep Curl (Machine)",,"",2,"normal",27.5,12,,,
"Weights","Dec 19, 2023, 7:35 PM","Dec 19, 2023, 8:26 PM","","Triceps Pushdown",,"",0,"normal",21.5,12,,,
"Weights","Dec 19, 2023, 7:35 PM","Dec 19, 2023, 8:26 PM","","Triceps Pushdown",,"",1,"normal",21.5,12,,,
"Weights","Dec 19, 2023, 7:35 PM","Dec 19, 2023, 8:26 PM","","Triceps Pushdown",,"",2,"normal",21.5,12,,,
"Weights","Dec 16, 2023, 12:27 PM","Dec 16, 2023, 1:27 PM","","Leg Press Horizontal (Machine)",,"",0,"normal",75,12,,,
"Weights","Dec 16, 2023, 12:27 PM","Dec 16, 2023, 1:27 PM","","Leg Press Horizontal (Machine)",,"",1,"normal",75,12,,,
"Weights","Dec 16, 2023, 12:27 PM","Dec 16, 2023, 1:27 PM","","Leg Press Horizontal (Machine)",,"",2,"normal",75,12,,,
"Weights","Dec 16, 2023, 12:27 PM","Dec 16, 2023, 1:27 PM","","Lying Leg Curl (Machine)",,"",0,"normal",32,12,,,
"Weights","Dec 16, 2023, 12:27 PM","Dec 16, 2023, 1:27 PM","","Lying Leg Curl (Machine)",,"",1,"normal",32,12,,,
"Weights","Dec 16, 2023, 12:27 PM","Dec 16, 2023, 1:27 PM","","Lying Leg Curl (Machine)",,"",2,"normal",34.5,12,,,
"Weights","Dec 16, 2023, 12:27 PM","Dec 16, 2023, 1:27 PM","","Leg Extension (Machine)",,"",0,"normal",40,12,,,
"Weights","Dec 16, 2023, 12:27 PM","Dec 16, 2023, 1:27 PM","","Leg Extension (Machine)",,"",1,"normal",40,12,,,
"Weights","Dec 16, 2023, 12:27 PM","Dec 16, 2023, 1:27 PM","","Leg Extension (Machine)",,"",2,"normal",40,12,,,
"Weights","Dec 16, 2023, 12:27 PM","Dec 16, 2023, 1:27 PM","","Lat Pulldown (Cable)",,"",0,"normal",38,12,,,
"Weights","Dec 16, 2023, 12:27 PM","Dec 16, 2023, 1:27 PM","","Lat Pulldown (Cable)",,"",1,"normal",38,12,,,
"Weights","Dec 16, 2023, 12:27 PM","Dec 16, 2023, 1:27 PM","","Lat Pulldown (Cable)",,"",2,"normal",38,12,,,
"Weights","Dec 16, 2023, 12:27 PM","Dec 16, 2023, 1:27 PM","","Chest Press (Machine)",,"",0,"normal",31,12,,,
"Weights","Dec 16, 2023, 12:27 PM","Dec 16, 2023, 1:27 PM","","Chest Press (Machine)",,"",1,"normal",31,12,,,
"Weights","Dec 16, 2023, 12:27 PM","Dec 16, 2023, 1:27 PM","","Chest Press (Machine)",,"",2,"normal",31,12,,,
"Weights","Dec 16, 2023, 12:27 PM","Dec 16, 2023, 1:27 PM","","Seated Cable Row - Bar Grip",,"",0,"normal",28.5,12,,,
"Weights","Dec 16, 2023, 12:27 PM","Dec 16, 2023, 1:27 PM","","Seated Cable Row - Bar Grip",,"",1,"normal",28.5,12,,,
"Weights","Dec 16, 2023, 12:27 PM","Dec 16, 2023, 1:27 PM","","Seated Cable Row - Bar Grip",,"",2,"normal",35.5,12,,,
"Weights","Dec 16, 2023, 12:27 PM","Dec 16, 2023, 1:27 PM","","Butterfly (Pec Deck)",,"",0,"normal",35.5,12,,,
"Weights","Dec 16, 2023, 12:27 PM","Dec 16, 2023, 1:27 PM","","Butterfly (Pec Deck)",,"",1,"normal",35.5,12,,,
"Weights","Dec 16, 2023, 12:27 PM","Dec 16, 2023, 1:27 PM","","Butterfly (Pec Deck)",,"",2,"normal",35.5,12,,,
"Weights","Dec 16, 2023, 12:27 PM","Dec 16, 2023, 1:27 PM","","Seated Shoulder Press (Machine)",,"",0,"normal",15,12,,,
"Weights","Dec 16, 2023, 12:27 PM","Dec 16, 2023, 1:27 PM","","Seated Shoulder Press (Machine)",,"",1,"normal",15,12,,,
"Weights","Dec 16, 2023, 12:27 PM","Dec 16, 2023, 1:27 PM","","Seated Shoulder Press (Machine)",,"",2,"normal",15,12,,,
"Weights","Dec 16, 2023, 12:27 PM","Dec 16, 2023, 1:27 PM","","Bicep Curl (Machine)",,"",0,"normal",27.5,12,,,
"Weights","Dec 16, 2023, 12:27 PM","Dec 16, 2023, 1:27 PM","","Bicep Curl (Machine)",,"",1,"normal",27.5,12,,,
"Weights","Dec 16, 2023, 12:27 PM","Dec 16, 2023, 1:27 PM","","Bicep Curl (Machine)",,"",2,"normal",27.5,12,,,
"Weights","Dec 16, 2023, 12:27 PM","Dec 16, 2023, 1:27 PM","","Triceps Pushdown",,"",0,"normal",21.5,12,,,
"Weights","Dec 16, 2023, 12:27 PM","Dec 16, 2023, 1:27 PM","","Triceps Pushdown",,"",1,"normal",21.5,12,,,
"Weights","Dec 16, 2023, 12:27 PM","Dec 16, 2023, 1:27 PM","","Triceps Pushdown",,"",2,"normal",21.5,12,,,
"Weights","Dec 10, 2023, 2:52 PM","Dec 10, 2023, 3:44 PM","","Leg Press Horizontal (Machine)",,"",0,"normal",75,12,,,
"Weights","Dec 10, 2023, 2:52 PM","Dec 10, 2023, 3:44 PM","","Leg Press Horizontal (Machine)",,"",1,"normal",75,12,,,
"Weights","Dec 10, 2023, 2:52 PM","Dec 10, 2023, 3:44 PM","","Leg Press Horizontal (Machine)",,"",2,"normal",75,12,,,
"Weights","Dec 10, 2023, 2:52 PM","Dec 10, 2023, 3:44 PM","","Lying Leg Curl (Machine)",,"",0,"normal",32,12,,,
"Weights","Dec 10, 2023, 2:52 PM","Dec 10, 2023, 3:44 PM","","Lying Leg Curl (Machine)",,"",1,"normal",32,12,,,
"Weights","Dec 10, 2023, 2:52 PM","Dec 10, 2023, 3:44 PM","","Lying Leg Curl (Machine)",,"",2,"normal",32,12,,,
"Weights","Dec 10, 2023, 2:52 PM","Dec 10, 2023, 3:44 PM","","Leg Extension (Machine)",,"",0,"normal",38,12,,,
"Weights","Dec 10, 2023, 2:52 PM","Dec 10, 2023, 3:44 PM","","Leg Extension (Machine)",,"",1,"normal",38,12,,,
"Weights","Dec 10, 2023, 2:52 PM","Dec 10, 2023, 3:44 PM","","Leg Extension (Machine)",,"",2,"normal",40,12,,,
"Weights","Dec 10, 2023, 2:52 PM","Dec 10, 2023, 3:44 PM","","Lat Pulldown (Cable)",,"",0,"normal",38,12,,,
"Weights","Dec 10, 2023, 2:52 PM","Dec 10, 2023, 3:44 PM","","Lat Pulldown (Cable)",,"",1,"normal",38,12,,,
"Weights","Dec 10, 2023, 2:52 PM","Dec 10, 2023, 3:44 PM","","Lat Pulldown (Cable)",,"",2,"normal",38,12,,,
"Weights","Dec 10, 2023, 2:52 PM","Dec 10, 2023, 3:44 PM","","Chest Press (Machine)",,"",0,"normal",28.5,12,,,
"Weights","Dec 10, 2023, 2:52 PM","Dec 10, 2023, 3:44 PM","","Chest Press (Machine)",,"",1,"normal",28.5,12,,,
"Weights","Dec 10, 2023, 2:52 PM","Dec 10, 2023, 3:44 PM","","Chest Press (Machine)",,"",2,"normal",31,12,,,
"Weights","Dec 10, 2023, 2:52 PM","Dec 10, 2023, 3:44 PM","","Seated Cable Row - Bar Grip",,"",0,"normal",28.5,12,,,
"Weights","Dec 10, 2023, 2:52 PM","Dec 10, 2023, 3:44 PM","","Seated Cable Row - Bar Grip",,"",1,"normal",28.5,12,,,
"Weights","Dec 10, 2023, 2:52 PM","Dec 10, 2023, 3:44 PM","","Seated Cable Row - Bar Grip",,"",2,"normal",28.5,12,,,
"Weights","Dec 10, 2023, 2:52 PM","Dec 10, 2023, 3:44 PM","","Butterfly (Pec Deck)",,"",0,"normal",35.5,12,,,
"Weights","Dec 10, 2023, 2:52 PM","Dec 10, 2023, 3:44 PM","","Butterfly (Pec Deck)",,"",1,"normal",35.5,12,,,
"Weights","Dec 10, 2023, 2:52 PM","Dec 10, 2023, 3:44 PM","","Butterfly (Pec Deck)",,"",2,"normal",35.5,12,,,
"Weights","Dec 10, 2023, 2:52 PM","Dec 10, 2023, 3:44 PM","","Seated Shoulder Press (Machine)",,"",0,"normal",15,12,,,
"Weights","Dec 10, 2023, 2:52 PM","Dec 10, 2023, 3:44 PM","","Seated Shoulder Press (Machine)",,"",1,"normal",15,12,,,
"Weights","Dec 10, 2023, 2:52 PM","Dec 10, 2023, 3:44 PM","","Seated Shoulder Press (Machine)",,"",2,"normal",15,12,,,
"Weights","Dec 10, 2023, 2:52 PM","Dec 10, 2023, 3:44 PM","","Bicep Curl (Machine)",,"",0,"normal",27.5,12,,,
"Weights","Dec 10, 2023, 2:52 PM","Dec 10, 2023, 3:44 PM","","Bicep Curl (Machine)",,"",1,"normal",25,12,,,
"Weights","Dec 10, 2023, 2:52 PM","Dec 10, 2023, 3:44 PM","","Bicep Curl (Machine)",,"",2,"normal",25,12,,,
"Weights","Dec 10, 2023, 2:52 PM","Dec 10, 2023, 3:44 PM","","Triceps Pushdown",,"",0,"normal",21.5,12,,,
"Weights","Dec 10, 2023, 2:52 PM","Dec 10, 2023, 3:44 PM","","Triceps Pushdown",,"",1,"normal",21.5,12,,,
"Weights","Dec 10, 2023, 2:52 PM","Dec 10, 2023, 3:44 PM","","Triceps Pushdown",,"",2,"normal",21.5,12,,,
"Weights","Dec 8, 2023, 7:51 PM","Dec 8, 2023, 8:41 PM","","Leg Press Horizontal (Machine)",,"",0,"normal",75,12,,,
"Weights","Dec 8, 2023, 7:51 PM","Dec 8, 2023, 8:41 PM","","Leg Press Horizontal (Machine)",,"",1,"normal",75,12,,,
"Weights","Dec 8, 2023, 7:51 PM","Dec 8, 2023, 8:41 PM","","Leg Press Horizontal (Machine)",,"",2,"normal",75,12,,,
"Weights","Dec 8, 2023, 7:51 PM","Dec 8, 2023, 8:41 PM","","Lying Leg Curl (Machine)",,"",0,"normal",32,12,,,
"Weights","Dec 8, 2023, 7:51 PM","Dec 8, 2023, 8:41 PM","","Lying Leg Curl (Machine)",,"",1,"normal",32,12,,,
"Weights","Dec 8, 2023, 7:51 PM","Dec 8, 2023, 8:41 PM","","Lying Leg Curl (Machine)",,"",2,"normal",32,12,,,
"Weights","Dec 8, 2023, 7:51 PM","Dec 8, 2023, 8:41 PM","","Leg Extension (Machine)",,"",0,"normal",38,12,,,
"Weights","Dec 8, 2023, 7:51 PM","Dec 8, 2023, 8:41 PM","","Leg Extension (Machine)",,"",1,"normal",38,12,,,
"Weights","Dec 8, 2023, 7:51 PM","Dec 8, 2023, 8:41 PM","","Leg Extension (Machine)",,"",2,"normal",38,12,,,
"Weights","Dec 8, 2023, 7:51 PM","Dec 8, 2023, 8:41 PM","","Lat Pulldown (Cable)",,"",0,"normal",35.5,12,,,
"Weights","Dec 8, 2023, 7:51 PM","Dec 8, 2023, 8:41 PM","","Lat Pulldown (Cable)",,"",1,"normal",35.5,12,,,
"Weights","Dec 8, 2023, 7:51 PM","Dec 8, 2023, 8:41 PM","","Lat Pulldown (Cable)",,"",2,"normal",38,12,,,
"Weights","Dec 8, 2023, 7:51 PM","Dec 8, 2023, 8:41 PM","","Chest Press (Machine)",,"",0,"normal",28.5,12,,,
"Weights","Dec 8, 2023, 7:51 PM","Dec 8, 2023, 8:41 PM","","Chest Press (Machine)",,"",1,"normal",28.5,12,,,
"Weights","Dec 8, 2023, 7:51 PM","Dec 8, 2023, 8:41 PM","","Chest Press (Machine)",,"",2,"normal",28.5,12,,,
"Weights","Dec 8, 2023, 7:51 PM","Dec 8, 2023, 8:41 PM","","Seated Cable Row - Bar Grip",,"",0,"normal",26,12,,,
"Weights","Dec 8, 2023, 7:51 PM","Dec 8, 2023, 8:41 PM","","Seated Cable Row - Bar Grip",,"",1,"normal",28.5,12,,,
"Weights","Dec 8, 2023, 7:51 PM","Dec 8, 2023, 8:41 PM","","Seated Cable Row - Bar Grip",,"",2,"normal",28.5,12,,,
"Weights","Dec 8, 2023, 7:51 PM","Dec 8, 2023, 8:41 PM","","Butterfly (Pec Deck)",,"",0,"normal",35.5,12,,,
"Weights","Dec 8, 2023, 7:51 PM","Dec 8, 2023, 8:41 PM","","Butterfly (Pec Deck)",,"",1,"normal",35.5,12,,,
"Weights","Dec 8, 2023, 7:51 PM","Dec 8, 2023, 8:41 PM","","Butterfly (Pec Deck)",,"",2,"normal",35.5,12,,,
"Weights","Dec 8, 2023, 7:51 PM","Dec 8, 2023, 8:41 PM","","Seated Shoulder Press (Machine)",,"",0,"normal",17.5,12,,,
"Weights","Dec 8, 2023, 7:51 PM","Dec 8, 2023, 8:41 PM","","Seated Shoulder Press (Machine)",,"",1,"normal",15,12,,,
"Weights","Dec 8, 2023, 7:51 PM","Dec 8, 2023, 8:41 PM","","Seated Shoulder Press (Machine)",,"",2,"normal",15,12,,,
"Weights","Dec 8, 2023, 7:51 PM","Dec 8, 2023, 8:41 PM","","Bicep Curl (Machine)",,"",0,"normal",25,12,,,
"Weights","Dec 8, 2023, 7:51 PM","Dec 8, 2023, 8:41 PM","","Bicep Curl (Machine)",,"",1,"normal",25,12,,,
"Weights","Dec 8, 2023, 7:51 PM","Dec 8, 2023, 8:41 PM","","Bicep Curl (Machine)",,"",2,"normal",27.5,12,,,
"Weights","Dec 8, 2023, 7:51 PM","Dec 8, 2023, 8:41 PM","","Triceps Pushdown",,"",0,"normal",21.5,12,,,
"Weights","Dec 8, 2023, 7:51 PM","Dec 8, 2023, 8:41 PM","","Triceps Pushdown",,"",1,"normal",21.5,12,,,
"Weights","Dec 8, 2023, 7:51 PM","Dec 8, 2023, 8:41 PM","","Triceps Pushdown",,"",2,"normal",21.5,12,,,
"Weights","Dec 2, 2023, 5:10 PM","Dec 2, 2023, 5:54 PM","","Leg Press Horizontal (Machine)",,"",0,"normal",75,12,,,
"Weights","Dec 2, 2023, 5:10 PM","Dec 2, 2023, 5:54 PM","","Leg Press Horizontal (Machine)",,"",1,"normal",75,12,,,
"Weights","Dec 2, 2023, 5:10 PM","Dec 2, 2023, 5:54 PM","","Leg Press Horizontal (Machine)",,"",2,"normal",75,12,,,
"Weights","Dec 2, 2023, 5:10 PM","Dec 2, 2023, 5:54 PM","","Lying Leg Curl (Machine)",,"",0,"normal",32,12,,,
"Weights","Dec 2, 2023, 5:10 PM","Dec 2, 2023, 5:54 PM","","Lying Leg Curl (Machine)",,"",1,"normal",32,12,,,
"Weights","Dec 2, 2023, 5:10 PM","Dec 2, 2023, 5:54 PM","","Lying Leg Curl (Machine)",,"",2,"normal",32,12,,,
"Weights","Dec 2, 2023, 5:10 PM","Dec 2, 2023, 5:54 PM","","Leg Extension (Machine)",,"",0,"normal",38,12,,,
"Weights","Dec 2, 2023, 5:10 PM","Dec 2, 2023, 5:54 PM","","Leg Extension (Machine)",,"",1,"normal",38,12,,,
"Weights","Dec 2, 2023, 5:10 PM","Dec 2, 2023, 5:54 PM","","Leg Extension (Machine)",,"",2,"normal",38,12,,,
"Weights","Dec 2, 2023, 5:10 PM","Dec 2, 2023, 5:54 PM","","Lat Pulldown (Cable)",,"",0,"normal",35.5,12,,,
"Weights","Dec 2, 2023, 5:10 PM","Dec 2, 2023, 5:54 PM","","Lat Pulldown (Cable)",,"",1,"normal",35.5,12,,,
"Weights","Dec 2, 2023, 5:10 PM","Dec 2, 2023, 5:54 PM","","Lat Pulldown (Cable)",,"",2,"normal",35.5,12,,,
"Weights","Dec 2, 2023, 5:10 PM","Dec 2, 2023, 5:54 PM","","Chest Press (Machine)",,"",0,"normal",28.5,12,,,
"Weights","Dec 2, 2023, 5:10 PM","Dec 2, 2023, 5:54 PM","","Chest Press (Machine)",,"",1,"normal",28.5,12,,,
"Weights","Dec 2, 2023, 5:10 PM","Dec 2, 2023, 5:54 PM","","Chest Press (Machine)",,"",2,"normal",28.5,12,,,
"Weights","Dec 2, 2023, 5:10 PM","Dec 2, 2023, 5:54 PM","","Seated Cable Row - Bar Grip",,"",0,"normal",26,12,,,
"Weights","Dec 2, 2023, 5:10 PM","Dec 2, 2023, 5:54 PM","","Seated Cable Row - Bar Grip",,"",1,"normal",26,12,,,
"Weights","Dec 2, 2023, 5:10 PM","Dec 2, 2023, 5:54 PM","","Butterfly (Pec Deck)",,"",0,"normal",35.5,12,,,
"Weights","Dec 2, 2023, 5:10 PM","Dec 2, 2023, 5:54 PM","","Seated Shoulder Press (Machine)",,"",0,"normal",20,12,,,
"Weights","Dec 2, 2023, 5:10 PM","Dec 2, 2023, 5:54 PM","","Seated Shoulder Press (Machine)",,"",1,"normal",20,12,,,
"Weights","Dec 2, 2023, 5:10 PM","Dec 2, 2023, 5:54 PM","","Bicep Curl (Machine)",,"",0,"normal",25,12,,,
"Weights","Dec 2, 2023, 5:10 PM","Dec 2, 2023, 5:54 PM","","Bicep Curl (Machine)",,"",1,"normal",25,12,,,
"Weights","Dec 2, 2023, 5:10 PM","Dec 2, 2023, 5:54 PM","","Triceps Pushdown",,"",0,"normal",21.5,12,,,
"Weights","Dec 2, 2023, 5:10 PM","Dec 2, 2023, 5:54 PM","","Triceps Pushdown",,"",1,"normal",21.5,12,,,
"Core and Mobility","Nov 17, 2023, 6:12 AM","Nov 17, 2023, 6:47 AM","","Medicine Ball Squat Press",,"",0,"normal",6,20,,,
"Core and Mobility","Nov 17, 2023, 6:12 AM","Nov 17, 2023, 6:47 AM","","Kettlebell Swing",,"",0,"normal",10,20,,,
"Core and Mobility","Nov 17, 2023, 6:12 AM","Nov 17, 2023, 6:47 AM","","Single Hip Hinge",,"",0,"normal",6,20,,,
"Core and Mobility","Nov 17, 2023, 6:12 AM","Nov 17, 2023, 6:47 AM","","Mountain Climber",,"",0,"normal",,20,,,
"Core and Mobility","Nov 17, 2023, 6:12 AM","Nov 17, 2023, 6:47 AM","","Dead Bug",,"",0,"normal",,20,,,
"Core and Mobility","Nov 17, 2023, 6:12 AM","Nov 17, 2023, 6:47 AM","","Glute Bridge",,"",0,"normal",,1,,,
"Core and Mobility","Nov 17, 2023, 6:12 AM","Nov 17, 2023, 6:47 AM","","Bird Dog",,"",0,"normal",,10,,,
"Core and Mobility","Nov 17, 2023, 6:12 AM","Nov 17, 2023, 6:47 AM","","Donkey Kicks",,"",0,"normal",,20,,,
"Core and Mobility","Nov 17, 2023, 6:12 AM","Nov 17, 2023, 6:47 AM","","Curl Ups",,"",0,"normal",,20,,,
"Core and Mobility","Nov 17, 2023, 6:12 AM","Nov 17, 2023, 6:47 AM","","Lying Spinal Rotations",,"",0,"normal",,20,,,
"Core and Mobility","Nov 17, 2023, 6:12 AM","Nov 17, 2023, 6:47 AM","","Angel Wings",,"",0,"normal",,10,,,
"Core and Mobility","Nov 17, 2023, 6:12 AM","Nov 17, 2023, 6:47 AM","","Step Torso Pole Rotations",,"",0,"normal",,20,,,
"Core and Mobility","Nov 17, 2023, 6:12 AM","Nov 17, 2023, 6:47 AM","","Half Kneeling Pole Rotations",,"",0,"normal",,20,,,
"Core and Mobility","Nov 17, 2023, 6:12 AM","Nov 17, 2023, 6:47 AM","","Reverse Hinge Torso Twists",,"",0,"normal",,20,,,
"Weights","Nov 13, 2023, 7:52 PM","Nov 13, 2023, 8:41 PM","","Leg Press Horizontal (Machine)",,"",0,"normal",70,12,,,
"Weights","Nov 13, 2023, 7:52 PM","Nov 13, 2023, 8:41 PM","","Leg Press Horizontal (Machine)",,"",1,"normal",75,12,,,
"Weights","Nov 13, 2023, 7:52 PM","Nov 13, 2023, 8:41 PM","","Leg Press Horizontal (Machine)",,"",2,"normal",75,12,,,
"Weights","Nov 13, 2023, 7:52 PM","Nov 13, 2023, 8:41 PM","","Lying Leg Curl (Machine)",,"",0,"normal",32,12,,,
"Weights","Nov 13, 2023, 7:52 PM","Nov 13, 2023, 8:41 PM","","Lying Leg Curl (Machine)",,"",1,"normal",32,12,,,
"Weights","Nov 13, 2023, 7:52 PM","Nov 13, 2023, 8:41 PM","","Lying Leg Curl (Machine)",,"",2,"normal",32,12,,,
"Weights","Nov 13, 2023, 7:52 PM","Nov 13, 2023, 8:41 PM","","Leg Extension (Machine)",,"",0,"normal",38,12,,,
"Weights","Nov 13, 2023, 7:52 PM","Nov 13, 2023, 8:41 PM","","Leg Extension (Machine)",,"",1,"normal",38,12,,,
"Weights","Nov 13, 2023, 7:52 PM","Nov 13, 2023, 8:41 PM","","Leg Extension (Machine)",,"",2,"normal",38,12,,,
"Weights","Nov 13, 2023, 7:52 PM","Nov 13, 2023, 8:41 PM","","Lat Pulldown (Cable)",,"",0,"normal",33,12,,,
"Weights","Nov 13, 2023, 7:52 PM","Nov 13, 2023, 8:41 PM","","Lat Pulldown (Cable)",,"",1,"normal",33,12,,,
"Weights","Nov 13, 2023, 7:52 PM","Nov 13, 2023, 8:41 PM","","Lat Pulldown (Cable)",,"",2,"normal",35.5,12,,,
"Weights","Nov 13, 2023, 7:52 PM","Nov 13, 2023, 8:41 PM","","Chest Press (Machine)",,"",0,"normal",28.5,12,,,
"Weights","Nov 13, 2023, 7:52 PM","Nov 13, 2023, 8:41 PM","","Chest Press (Machine)",,"",1,"normal",28.5,12,,,
"Weights","Nov 13, 2023, 7:52 PM","Nov 13, 2023, 8:41 PM","","Chest Press (Machine)",,"",2,"normal",28.5,12,,,
"Weights","Nov 13, 2023, 7:52 PM","Nov 13, 2023, 8:41 PM","","Seated Cable Row - Bar Grip",,"",0,"normal",26,12,,,
"Weights","Nov 13, 2023, 7:52 PM","Nov 13, 2023, 8:41 PM","","Seated Cable Row - Bar Grip",,"",1,"normal",26,12,,,
"Weights","Nov 13, 2023, 7:52 PM","Nov 13, 2023, 8:41 PM","","Seated Cable Row - Bar Grip",,"",2,"normal",26,12,,,
"Weights","Nov 13, 2023, 7:52 PM","Nov 13, 2023, 8:41 PM","","Butterfly (Pec Deck)",,"",0,"normal",35.5,12,,,
"Weights","Nov 13, 2023, 7:52 PM","Nov 13, 2023, 8:41 PM","","Butterfly (Pec Deck)",,"",1,"normal",35.5,12,,,
"Weights","Nov 13, 2023, 7:52 PM","Nov 13, 2023, 8:41 PM","","Butterfly (Pec Deck)",,"",2,"normal",35.5,12,,,
"Weights","Nov 13, 2023, 7:52 PM","Nov 13, 2023, 8:41 PM","","Seated Shoulder Press (Machine)",,"",0,"normal",20,12,,,
"Weights","Nov 13, 2023, 7:52 PM","Nov 13, 2023, 8:41 PM","","Seated Shoulder Press (Machine)",,"",1,"normal",20,12,,,
"Weights","Nov 13, 2023, 7:52 PM","Nov 13, 2023, 8:41 PM","","Seated Shoulder Press (Machine)",,"",2,"normal",20,12,,,
"Weights","Nov 13, 2023, 7:52 PM","Nov 13, 2023, 8:41 PM","","Bicep Curl (Machine)",,"",0,"normal",25,12,,,
"Weights","Nov 13, 2023, 7:52 PM","Nov 13, 2023, 8:41 PM","","Bicep Curl (Machine)",,"",1,"normal",25,12,,,
"Weights","Nov 13, 2023, 7:52 PM","Nov 13, 2023, 8:41 PM","","Bicep Curl (Machine)",,"",2,"normal",25,12,,,
"Weights","Nov 13, 2023, 7:52 PM","Nov 13, 2023, 8:41 PM","","Triceps Pushdown",,"",0,"normal",21.5,12,,,
"Weights","Nov 13, 2023, 7:52 PM","Nov 13, 2023, 8:41 PM","","Triceps Pushdown",,"",1,"normal",21.5,12,,,
"Weights","Nov 13, 2023, 7:52 PM","Nov 13, 2023, 8:41 PM","","Triceps Pushdown",,"",2,"normal",21.5,12,,,
"Weights","Nov 6, 2023, 7:42 PM","Nov 6, 2023, 8:30 PM","","Leg Press Horizontal (Machine)",,"",0,"normal",70,12,,,
"Weights","Nov 6, 2023, 7:42 PM","Nov 6, 2023, 8:30 PM","","Leg Press Horizontal (Machine)",,"",1,"normal",70,12,,,
"Weights","Nov 6, 2023, 7:42 PM","Nov 6, 2023, 8:30 PM","","Leg Press Horizontal (Machine)",,"",2,"normal",70,12,,,
"Weights","Nov 6, 2023, 7:42 PM","Nov 6, 2023, 8:30 PM","","Lying Leg Curl (Machine)",,"",0,"normal",32,12,,,
"Weights","Nov 6, 2023, 7:42 PM","Nov 6, 2023, 8:30 PM","","Lying Leg Curl (Machine)",,"",1,"normal",32,12,,,
"Weights","Nov 6, 2023, 7:42 PM","Nov 6, 2023, 8:30 PM","","Lying Leg Curl (Machine)",,"",2,"normal",32,12,,,
"Weights","Nov 6, 2023, 7:42 PM","Nov 6, 2023, 8:30 PM","","Leg Extension (Machine)",,"",0,"normal",38,12,,,
"Weights","Nov 6, 2023, 7:42 PM","Nov 6, 2023, 8:30 PM","","Leg Extension (Machine)",,"",1,"normal",38,12,,,
"Weights","Nov 6, 2023, 7:42 PM","Nov 6, 2023, 8:30 PM","","Leg Extension (Machine)",,"",2,"normal",38,12,,,
"Weights","Nov 6, 2023, 7:42 PM","Nov 6, 2023, 8:30 PM","","Lat Pulldown (Cable)",,"",0,"normal",33,12,,,
"Weights","Nov 6, 2023, 7:42 PM","Nov 6, 2023, 8:30 PM","","Lat Pulldown (Cable)",,"",1,"normal",33,12,,,
"Weights","Nov 6, 2023, 7:42 PM","Nov 6, 2023, 8:30 PM","","Lat Pulldown (Cable)",,"",2,"normal",33,12,,,
"Weights","Nov 6, 2023, 7:42 PM","Nov 6, 2023, 8:30 PM","","Chest Press (Machine)",,"",0,"normal",28.5,12,,,
"Weights","Nov 6, 2023, 7:42 PM","Nov 6, 2023, 8:30 PM","","Chest Press (Machine)",,"",1,"normal",28.5,12,,,
"Weights","Nov 6, 2023, 7:42 PM","Nov 6, 2023, 8:30 PM","","Chest Press (Machine)",,"",2,"normal",28.5,12,,,
"Weights","Nov 6, 2023, 7:42 PM","Nov 6, 2023, 8:30 PM","","Seated Cable Row - Bar Grip",,"",0,"normal",24,12,,,
"Weights","Nov 6, 2023, 7:42 PM","Nov 6, 2023, 8:30 PM","","Seated Cable Row - Bar Grip",,"",1,"normal",24,12,,,
"Weights","Nov 6, 2023, 7:42 PM","Nov 6, 2023, 8:30 PM","","Seated Cable Row - Bar Grip",,"",2,"normal",24,12,,,
"Weights","Nov 6, 2023, 7:42 PM","Nov 6, 2023, 8:30 PM","","Butterfly (Pec Deck)",,"",0,"normal",33,12,,,
"Weights","Nov 6, 2023, 7:42 PM","Nov 6, 2023, 8:30 PM","","Butterfly (Pec Deck)",,"",1,"normal",33,12,,,
"Weights","Nov 6, 2023, 7:42 PM","Nov 6, 2023, 8:30 PM","","Butterfly (Pec Deck)",,"",2,"normal",33,12,,,
"Weights","Nov 6, 2023, 7:42 PM","Nov 6, 2023, 8:30 PM","","Seated Shoulder Press (Machine)",,"",0,"normal",20,12,,,
"Weights","Nov 6, 2023, 7:42 PM","Nov 6, 2023, 8:30 PM","","Seated Shoulder Press (Machine)",,"",1,"normal",20,12,,,
"Weights","Nov 6, 2023, 7:42 PM","Nov 6, 2023, 8:30 PM","","Seated Shoulder Press (Machine)",,"",2,"normal",20,12,,,
"Weights","Nov 6, 2023, 7:42 PM","Nov 6, 2023, 8:30 PM","","Bicep Curl (Machine)",,"",0,"normal",25,12,,,
"Weights","Nov 6, 2023, 7:42 PM","Nov 6, 2023, 8:30 PM","","Bicep Curl (Machine)",,"",1,"normal",25,12,,,
"Weights","Nov 6, 2023, 7:42 PM","Nov 6, 2023, 8:30 PM","","Bicep Curl (Machine)",,"",2,"normal",25,12,,,
"Weights","Nov 6, 2023, 7:42 PM","Nov 6, 2023, 8:30 PM","","Triceps Pushdown",,"",0,"normal",19,12,,,
"Weights","Nov 6, 2023, 7:42 PM","Nov 6, 2023, 8:30 PM","","Triceps Pushdown",,"",1,"normal",19,12,,,
"Weights","Nov 6, 2023, 7:42 PM","Nov 6, 2023, 8:30 PM","","Triceps Pushdown",,"",2,"normal",19,12,,,
"Core and Mobility","Oct 27, 2023, 6:33 AM","Oct 27, 2023, 7:01 AM","","Medicine Ball Squat Press",,"",0,"normal",6,20,,,
"Core and Mobility","Oct 27, 2023, 6:33 AM","Oct 27, 2023, 7:01 AM","","Kettlebell Swing",,"",0,"normal",10,20,,,
"Core and Mobility","Oct 27, 2023, 6:33 AM","Oct 27, 2023, 7:01 AM","","Single Hip Hinge",,"",0,"normal",6,20,,,
"Core and Mobility","Oct 27, 2023, 6:33 AM","Oct 27, 2023, 7:01 AM","","Mountain Climber",,"",0,"normal",,20,,,
"Core and Mobility","Oct 27, 2023, 6:33 AM","Oct 27, 2023, 7:01 AM","","Dead Bug",,"",0,"normal",,20,,,
"Core and Mobility","Oct 27, 2023, 6:33 AM","Oct 27, 2023, 7:01 AM","","Glute Bridge",,"",0,"normal",,1,,,
"Core and Mobility","Oct 27, 2023, 6:33 AM","Oct 27, 2023, 7:01 AM","","Bird Dog",,"",0,"normal",,10,,,
"Core and Mobility","Oct 27, 2023, 6:33 AM","Oct 27, 2023, 7:01 AM","","Donkey Kicks",,"",0,"normal",,20,,,
"Core and Mobility","Oct 27, 2023, 6:33 AM","Oct 27, 2023, 7:01 AM","","Curl Ups",,"",0,"normal",,20,,,
"Core and Mobility","Oct 27, 2023, 6:33 AM","Oct 27, 2023, 7:01 AM","","Lying Spinal Rotations",,"",0,"normal",,20,,,
"Core and Mobility","Oct 27, 2023, 6:33 AM","Oct 27, 2023, 7:01 AM","","Shoulder Mobilizers",,"",0,"normal",,20,,,
"Core and Mobility","Oct 27, 2023, 6:33 AM","Oct 27, 2023, 7:01 AM","","Angel Wings",,"",0,"normal",,10,,,
"Core and Mobility","Oct 27, 2023, 6:33 AM","Oct 27, 2023, 7:01 AM","","Step Torso Pole Rotations",,"",0,"normal",,20,,,
"Core and Mobility","Oct 27, 2023, 6:33 AM","Oct 27, 2023, 7:01 AM","","Half Kneeling Pole Rotations",,"",0,"normal",,20,,,
"Core and Mobility","Oct 27, 2023, 6:33 AM","Oct 27, 2023, 7:01 AM","","Reverse Hinge Torso Twists",,"",0,"normal",,20,,,
"Bayswater 1","Oct 25, 2023, 7:38 PM","Oct 25, 2023, 8:28 PM","","Leg Press Horizontal (Machine)",,"",0,"normal",70,12,,,
"Bayswater 1","Oct 25, 2023, 7:38 PM","Oct 25, 2023, 8:28 PM","","Lying Leg Curl (Machine)",,"",0,"normal",32,12,,,
"Bayswater 1","Oct 25, 2023, 7:38 PM","Oct 25, 2023, 8:28 PM","","Leg Extension (Machine)",,"",0,"normal",35.5,12,,,
"Bayswater 1","Oct 25, 2023, 7:38 PM","Oct 25, 2023, 8:28 PM","","Lat Pulldown (Cable)",,"",0,"normal",33,12,,,
"Bayswater 1","Oct 25, 2023, 7:38 PM","Oct 25, 2023, 8:28 PM","","Chest Press (Machine)",,"",0,"normal",28.5,12,,,
"Bayswater 1","Oct 16, 2023, 8:11 PM","Oct 16, 2023, 8:57 PM","","Leg Press Horizontal (Machine)",,"",0,"normal",67.5,12,,,
"Bayswater 1","Oct 16, 2023, 8:11 PM","Oct 16, 2023, 8:57 PM","","Leg Press Horizontal (Machine)",,"",1,"normal",67.5,12,,,
"Bayswater 1","Oct 16, 2023, 8:11 PM","Oct 16, 2023, 8:57 PM","","Leg Press Horizontal (Machine)",,"",2,"normal",70,12,,,
"Bayswater 1","Oct 16, 2023, 8:11 PM","Oct 16, 2023, 8:57 PM","","Lying Leg Curl (Machine)",,"",0,"normal",32,12,,,
"Bayswater 1","Oct 16, 2023, 8:11 PM","Oct 16, 2023, 8:57 PM","","Lying Leg Curl (Machine)",,"",1,"normal",32,12,,,
"Bayswater 1","Oct 16, 2023, 8:11 PM","Oct 16, 2023, 8:57 PM","","Lying Leg Curl (Machine)",,"",2,"normal",32,12,,,
"Bayswater 1","Oct 16, 2023, 8:11 PM","Oct 16, 2023, 8:57 PM","","Leg Extension (Machine)",,"",0,"normal",35.5,12,,,
"Bayswater 1","Oct 16, 2023, 8:11 PM","Oct 16, 2023, 8:57 PM","","Leg Extension (Machine)",,"",1,"normal",35.5,12,,,
"Bayswater 1","Oct 16, 2023, 8:11 PM","Oct 16, 2023, 8:57 PM","","Leg Extension (Machine)",,"",2,"normal",38,12,,,
"Bayswater 1","Oct 16, 2023, 8:11 PM","Oct 16, 2023, 8:57 PM","","Lat Pulldown (Cable)",,"",0,"normal",33,12,,,
"Bayswater 1","Oct 16, 2023, 8:11 PM","Oct 16, 2023, 8:57 PM","","Lat Pulldown (Cable)",,"",1,"normal",33,12,,,
"Bayswater 1","Oct 16, 2023, 8:11 PM","Oct 16, 2023, 8:57 PM","","Lat Pulldown (Cable)",,"",2,"normal",33,12,,,
"Bayswater 1","Oct 16, 2023, 8:11 PM","Oct 16, 2023, 8:57 PM","","Chest Press (Machine)",,"",0,"normal",28.5,12,,,
"Bayswater 1","Oct 16, 2023, 8:11 PM","Oct 16, 2023, 8:57 PM","","Chest Press (Machine)",,"",1,"normal",28.5,12,,,
"Bayswater 1","Oct 16, 2023, 8:11 PM","Oct 16, 2023, 8:57 PM","","Chest Press (Machine)",,"",2,"normal",28.5,12,,,
"Bayswater 1","Oct 16, 2023, 8:11 PM","Oct 16, 2023, 8:57 PM","","Seated Cable Row - Bar Grip",,"",0,"normal",24,12,,,
"Bayswater 1","Oct 16, 2023, 8:11 PM","Oct 16, 2023, 8:57 PM","","Seated Cable Row - Bar Grip",,"",1,"normal",24,12,,,
"Bayswater 1","Oct 16, 2023, 8:11 PM","Oct 16, 2023, 8:57 PM","","Seated Cable Row - Bar Grip",,"",2,"normal",24,12,,,
"Bayswater 1","Oct 16, 2023, 8:11 PM","Oct 16, 2023, 8:57 PM","","Butterfly (Pec Deck)",,"",0,"normal",33,12,,,
"Bayswater 1","Oct 16, 2023, 8:11 PM","Oct 16, 2023, 8:57 PM","","Butterfly (Pec Deck)",,"",1,"normal",33,12,,,
"Bayswater 1","Oct 16, 2023, 8:11 PM","Oct 16, 2023, 8:57 PM","","Butterfly (Pec Deck)",,"",2,"normal",33,12,,,
"Bayswater 1","Oct 16, 2023, 8:11 PM","Oct 16, 2023, 8:57 PM","","Seated Shoulder Press (Machine)",,"",0,"normal",20,12,,,
"Bayswater 1","Oct 16, 2023, 8:11 PM","Oct 16, 2023, 8:57 PM","","Seated Shoulder Press (Machine)",,"",1,"normal",20,12,,,
"Bayswater 1","Oct 16, 2023, 8:11 PM","Oct 16, 2023, 8:57 PM","","Seated Shoulder Press (Machine)",,"",2,"normal",20,12,,,
"Bayswater 1","Oct 16, 2023, 8:11 PM","Oct 16, 2023, 8:57 PM","","Triceps Pushdown",,"",0,"normal",19,12,,,
"Bayswater 1","Oct 16, 2023, 8:11 PM","Oct 16, 2023, 8:57 PM","","Triceps Pushdown",,"",1,"normal",19,12,,,
"Bayswater 1","Oct 16, 2023, 8:11 PM","Oct 16, 2023, 8:57 PM","","Triceps Pushdown",,"",2,"normal",19,12,,,
"Bayswater 1","Oct 9, 2023, 7:43 PM","Oct 9, 2023, 8:27 PM","","Leg Press Horizontal (Machine)",,"",0,"normal",67.5,12,,,
"Bayswater 1","Oct 9, 2023, 7:43 PM","Oct 9, 2023, 8:27 PM","","Leg Press Horizontal (Machine)",,"",1,"normal",67.5,12,,,
"Bayswater 1","Oct 9, 2023, 7:43 PM","Oct 9, 2023, 8:27 PM","","Leg Press Horizontal (Machine)",,"",2,"normal",70,12,,,
"Bayswater 1","Oct 9, 2023, 7:43 PM","Oct 9, 2023, 8:27 PM","","Lying Leg Curl (Machine)",,"",0,"normal",32,12,,,
"Bayswater 1","Oct 9, 2023, 7:43 PM","Oct 9, 2023, 8:27 PM","","Lying Leg Curl (Machine)",,"",1,"normal",32,12,,,
"Bayswater 1","Oct 9, 2023, 7:43 PM","Oct 9, 2023, 8:27 PM","","Lying Leg Curl (Machine)",,"",2,"normal",32,12,,,
"Bayswater 1","Oct 9, 2023, 7:43 PM","Oct 9, 2023, 8:27 PM","","Leg Extension (Machine)",,"",0,"normal",35.5,12,,,
"Bayswater 1","Oct 9, 2023, 7:43 PM","Oct 9, 2023, 8:27 PM","","Leg Extension (Machine)",,"",1,"normal",35.5,12,,,
"Bayswater 1","Oct 9, 2023, 7:43 PM","Oct 9, 2023, 8:27 PM","","Leg Extension (Machine)",,"",2,"normal",38,12,,,
"Bayswater 1","Oct 9, 2023, 7:43 PM","Oct 9, 2023, 8:27 PM","","Lat Pulldown (Cable)",,"",0,"normal",33,12,,,
"Bayswater 1","Oct 9, 2023, 7:43 PM","Oct 9, 2023, 8:27 PM","","Lat Pulldown (Cable)",,"",1,"normal",33,12,,,
"Bayswater 1","Oct 9, 2023, 7:43 PM","Oct 9, 2023, 8:27 PM","","Lat Pulldown (Cable)",,"",2,"normal",33,12,,,
"Bayswater 1","Oct 9, 2023, 7:43 PM","Oct 9, 2023, 8:27 PM","","Chest Press (Machine)",,"",0,"normal",28.5,12,,,
"Bayswater 1","Oct 9, 2023, 7:43 PM","Oct 9, 2023, 8:27 PM","","Chest Press (Machine)",,"",1,"normal",28.5,12,,,
"Bayswater 1","Oct 9, 2023, 7:43 PM","Oct 9, 2023, 8:27 PM","","Chest Press (Machine)",,"",2,"normal",28.5,12,,,
"Bayswater 1","Oct 9, 2023, 7:43 PM","Oct 9, 2023, 8:27 PM","","Seated Cable Row - Bar Grip",,"",0,"normal",24,12,,,
"Bayswater 1","Oct 9, 2023, 7:43 PM","Oct 9, 2023, 8:27 PM","","Seated Cable Row - Bar Grip",,"",1,"normal",24,12,,,
"Bayswater 1","Oct 9, 2023, 7:43 PM","Oct 9, 2023, 8:27 PM","","Seated Cable Row - Bar Grip",,"",2,"normal",24,12,,,
"Bayswater 1","Oct 9, 2023, 7:43 PM","Oct 9, 2023, 8:27 PM","","Butterfly (Pec Deck)",,"",0,"normal",33,12,,,
"Bayswater 1","Oct 9, 2023, 7:43 PM","Oct 9, 2023, 8:27 PM","","Butterfly (Pec Deck)",,"",1,"normal",33,12,,,
"Bayswater 1","Oct 9, 2023, 7:43 PM","Oct 9, 2023, 8:27 PM","","Butterfly (Pec Deck)",,"",2,"normal",33,12,,,
"Bayswater 1","Oct 9, 2023, 7:43 PM","Oct 9, 2023, 8:27 PM","","Seated Shoulder Press (Machine)",,"",0,"normal",20,12,,,
"Bayswater 1","Oct 9, 2023, 7:43 PM","Oct 9, 2023, 8:27 PM","","Seated Shoulder Press (Machine)",,"",1,"normal",20,12,,,
"Bayswater 1","Oct 9, 2023, 7:43 PM","Oct 9, 2023, 8:27 PM","","Seated Shoulder Press (Machine)",,"",2,"normal",20,12,,,
"Bayswater 1","Oct 9, 2023, 7:43 PM","Oct 9, 2023, 8:27 PM","","Bicep Curl (Machine)",,"",0,"normal",25,12,,,
"Bayswater 1","Oct 9, 2023, 7:43 PM","Oct 9, 2023, 8:27 PM","","Bicep Curl (Machine)",,"",1,"normal",25,12,,,
"Bayswater 1","Oct 9, 2023, 7:43 PM","Oct 9, 2023, 8:27 PM","","Bicep Curl (Machine)",,"",2,"normal",25,12,,,
"Bayswater 1","Oct 9, 2023, 7:43 PM","Oct 9, 2023, 8:27 PM","","Triceps Pushdown",,"",0,"normal",19,12,,,
"Bayswater 1","Oct 9, 2023, 7:43 PM","Oct 9, 2023, 8:27 PM","","Triceps Pushdown",,"",1,"normal",19,12,,,
"Bayswater 1","Oct 9, 2023, 7:43 PM","Oct 9, 2023, 8:27 PM","","Triceps Pushdown",,"",2,"normal",19,12,,,
"Bayswater 1","Oct 6, 2023, 8:07 PM","Oct 6, 2023, 8:50 PM","","Leg Press Horizontal (Machine)",,"",0,"normal",67.5,12,,,
"Bayswater 1","Oct 6, 2023, 8:07 PM","Oct 6, 2023, 8:50 PM","","Leg Press Horizontal (Machine)",,"",1,"normal",67.5,12,,,
"Bayswater 1","Oct 6, 2023, 8:07 PM","Oct 6, 2023, 8:50 PM","","Leg Press Horizontal (Machine)",,"",2,"normal",67.5,12,,,
"Bayswater 1","Oct 6, 2023, 8:07 PM","Oct 6, 2023, 8:50 PM","","Lying Leg Curl (Machine)",,"",0,"normal",32,12,,,
"Bayswater 1","Oct 6, 2023, 8:07 PM","Oct 6, 2023, 8:50 PM","","Lying Leg Curl (Machine)",,"",1,"normal",32,12,,,
"Bayswater 1","Oct 6, 2023, 8:07 PM","Oct 6, 2023, 8:50 PM","","Lying Leg Curl (Machine)",,"",2,"normal",32,12,,,
"Bayswater 1","Oct 6, 2023, 8:07 PM","Oct 6, 2023, 8:50 PM","","Leg Extension (Machine)",,"",0,"normal",35.5,12,,,
"Bayswater 1","Oct 6, 2023, 8:07 PM","Oct 6, 2023, 8:50 PM","","Leg Extension (Machine)",,"",1,"normal",35.5,12,,,
"Bayswater 1","Oct 6, 2023, 8:07 PM","Oct 6, 2023, 8:50 PM","","Leg Extension (Machine)",,"",2,"normal",35.5,12,,,
"Bayswater 1","Oct 6, 2023, 8:07 PM","Oct 6, 2023, 8:50 PM","","Lat Pulldown (Cable)",,"",0,"normal",33,12,,,
"Bayswater 1","Oct 6, 2023, 8:07 PM","Oct 6, 2023, 8:50 PM","","Lat Pulldown (Cable)",,"",1,"normal",33,12,,,
"Bayswater 1","Oct 6, 2023, 8:07 PM","Oct 6, 2023, 8:50 PM","","Lat Pulldown (Cable)",,"",2,"normal",33,12,,,
"Bayswater 1","Oct 6, 2023, 8:07 PM","Oct 6, 2023, 8:50 PM","","Chest Press (Machine)",,"",0,"normal",28.5,12,,,
"Bayswater 1","Oct 6, 2023, 8:07 PM","Oct 6, 2023, 8:50 PM","","Chest Press (Machine)",,"",1,"normal",28.5,12,,,
"Bayswater 1","Oct 6, 2023, 8:07 PM","Oct 6, 2023, 8:50 PM","","Chest Press (Machine)",,"",2,"normal",28.5,12,,,
"Bayswater 1","Oct 6, 2023, 8:07 PM","Oct 6, 2023, 8:50 PM","","Seated Cable Row - Bar Grip",,"",0,"normal",24,12,,,
"Bayswater 1","Oct 6, 2023, 8:07 PM","Oct 6, 2023, 8:50 PM","","Seated Cable Row - Bar Grip",,"",1,"normal",24,12,,,
"Bayswater 1","Oct 6, 2023, 8:07 PM","Oct 6, 2023, 8:50 PM","","Seated Cable Row - Bar Grip",,"",2,"normal",24,12,,,
"Bayswater 1","Oct 6, 2023, 8:07 PM","Oct 6, 2023, 8:50 PM","","Butterfly (Pec Deck)",,"",0,"normal",33,12,,,
"Bayswater 1","Oct 6, 2023, 8:07 PM","Oct 6, 2023, 8:50 PM","","Butterfly (Pec Deck)",,"",1,"normal",33,12,,,
"Bayswater 1","Oct 6, 2023, 8:07 PM","Oct 6, 2023, 8:50 PM","","Butterfly (Pec Deck)",,"",2,"normal",33,12,,,
"Bayswater 1","Oct 6, 2023, 8:07 PM","Oct 6, 2023, 8:50 PM","","Seated Shoulder Press (Machine)",,"",0,"normal",20,12,,,
"Bayswater 1","Oct 6, 2023, 8:07 PM","Oct 6, 2023, 8:50 PM","","Seated Shoulder Press (Machine)",,"",1,"normal",20,12,,,
"Bayswater 1","Oct 6, 2023, 8:07 PM","Oct 6, 2023, 8:50 PM","","Seated Shoulder Press (Machine)",,"",2,"normal",20,12,,,
"Bayswater 1","Oct 6, 2023, 8:07 PM","Oct 6, 2023, 8:50 PM","","Bicep Curl (Machine)",,"",0,"normal",25,12,,,
"Bayswater 1","Oct 6, 2023, 8:07 PM","Oct 6, 2023, 8:50 PM","","Bicep Curl (Machine)",,"",1,"normal",25,12,,,
"Bayswater 1","Oct 6, 2023, 8:07 PM","Oct 6, 2023, 8:50 PM","","Bicep Curl (Machine)",,"",2,"normal",25,12,,,
"Bayswater 1","Oct 6, 2023, 8:07 PM","Oct 6, 2023, 8:50 PM","","Triceps Pushdown",,"",0,"normal",19,12,,,
"Bayswater 1","Oct 6, 2023, 8:07 PM","Oct 6, 2023, 8:50 PM","","Triceps Pushdown",,"",1,"normal",19,12,,,
"Bayswater 1","Oct 6, 2023, 8:07 PM","Oct 6, 2023, 8:50 PM","","Triceps Pushdown",,"",2,"normal",19,12,,,
"Bayswater 1","Sep 18, 2023, 7:23 PM","Sep 18, 2023, 8:14 PM","","Leg Press Horizontal (Machine)",,"",0,"normal",65,12,,,
"Bayswater 1","Sep 18, 2023, 7:23 PM","Sep 18, 2023, 8:14 PM","","Leg Press Horizontal (Machine)",,"",1,"normal",65,12,,,
"Bayswater 1","Sep 18, 2023, 7:23 PM","Sep 18, 2023, 8:14 PM","","Leg Press Horizontal (Machine)",,"",2,"normal",67.5,12,,,
"Bayswater 1","Sep 18, 2023, 7:23 PM","Sep 18, 2023, 8:14 PM","","Lying Leg Curl (Machine)",,"",0,"normal",32,12,,,
"Bayswater 1","Sep 18, 2023, 7:23 PM","Sep 18, 2023, 8:14 PM","","Lying Leg Curl (Machine)",,"",1,"normal",32,12,,,
"Bayswater 1","Sep 18, 2023, 7:23 PM","Sep 18, 2023, 8:14 PM","","Lying Leg Curl (Machine)",,"",2,"normal",32,12,,,
"Bayswater 1","Sep 18, 2023, 7:23 PM","Sep 18, 2023, 8:14 PM","","Leg Extension (Machine)",,"",0,"normal",33,12,,,
"Bayswater 1","Sep 18, 2023, 7:23 PM","Sep 18, 2023, 8:14 PM","","Leg Extension (Machine)",,"",1,"normal",33,12,,,
"Bayswater 1","Sep 18, 2023, 7:23 PM","Sep 18, 2023, 8:14 PM","","Leg Extension (Machine)",,"",2,"normal",35.5,12,,,
"Bayswater 1","Sep 18, 2023, 7:23 PM","Sep 18, 2023, 8:14 PM","","Lat Pulldown (Cable)",,"",0,"normal",31,12,,,
"Bayswater 1","Sep 18, 2023, 7:23 PM","Sep 18, 2023, 8:14 PM","","Lat Pulldown (Cable)",,"",1,"normal",31,12,,,
"Bayswater 1","Sep 18, 2023, 7:23 PM","Sep 18, 2023, 8:14 PM","","Lat Pulldown (Cable)",,"",2,"normal",33,12,,,
"Bayswater 1","Sep 18, 2023, 7:23 PM","Sep 18, 2023, 8:14 PM","","Chest Press (Machine)",,"",0,"normal",26,12,,,
"Bayswater 1","Sep 18, 2023, 7:23 PM","Sep 18, 2023, 8:14 PM","","Chest Press (Machine)",,"",1,"normal",26,12,,,
"Bayswater 1","Sep 18, 2023, 7:23 PM","Sep 18, 2023, 8:14 PM","","Chest Press (Machine)",,"",2,"normal",28.5,12,,,
"Bayswater 1","Sep 18, 2023, 7:23 PM","Sep 18, 2023, 8:14 PM","","Seated Cable Row - Bar Grip",,"",0,"normal",21.5,12,,,
"Bayswater 1","Sep 18, 2023, 7:23 PM","Sep 18, 2023, 8:14 PM","","Seated Cable Row - Bar Grip",,"",1,"normal",21.5,12,,,
"Bayswater 1","Sep 18, 2023, 7:23 PM","Sep 18, 2023, 8:14 PM","","Seated Cable Row - Bar Grip",,"",2,"normal",24,12,,,
"Bayswater 1","Sep 18, 2023, 7:23 PM","Sep 18, 2023, 8:14 PM","","Butterfly (Pec Deck)",,"",0,"normal",33,12,,,
"Bayswater 1","Sep 18, 2023, 7:23 PM","Sep 18, 2023, 8:14 PM","","Butterfly (Pec Deck)",,"",1,"normal",33,12,,,
"Bayswater 1","Sep 18, 2023, 7:23 PM","Sep 18, 2023, 8:14 PM","","Butterfly (Pec Deck)",,"",2,"normal",33,12,,,
"Bayswater 1","Sep 18, 2023, 7:23 PM","Sep 18, 2023, 8:14 PM","","Seated Shoulder Press (Machine)",,"",0,"normal",17.5,12,,,
"Bayswater 1","Sep 18, 2023, 7:23 PM","Sep 18, 2023, 8:14 PM","","Seated Shoulder Press (Machine)",,"",1,"normal",17.5,12,,,
"Bayswater 1","Sep 18, 2023, 7:23 PM","Sep 18, 2023, 8:14 PM","","Seated Shoulder Press (Machine)",,"",2,"normal",20,12,,,
"Bayswater 1","Sep 18, 2023, 7:23 PM","Sep 18, 2023, 8:14 PM","","Bicep Curl (Machine)",,"",0,"normal",22.5,12,,,
"Bayswater 1","Sep 18, 2023, 7:23 PM","Sep 18, 2023, 8:14 PM","","Bicep Curl (Machine)",,"",1,"normal",22.5,12,,,
"Bayswater 1","Sep 18, 2023, 7:23 PM","Sep 18, 2023, 8:14 PM","","Bicep Curl (Machine)",,"",2,"normal",25,12,,,
"Bayswater 1","Sep 18, 2023, 7:23 PM","Sep 18, 2023, 8:14 PM","","Triceps Pushdown",,"",0,"normal",17,12,,,
"Bayswater 1","Sep 18, 2023, 7:23 PM","Sep 18, 2023, 8:14 PM","","Triceps Pushdown",,"",1,"normal",17,12,,,
"Bayswater 1","Sep 18, 2023, 7:23 PM","Sep 18, 2023, 8:14 PM","","Triceps Pushdown",,"",2,"normal",19,12,,,
"Bayswater 1","Sep 11, 2023, 3:35 PM","Sep 11, 2023, 4:24 PM","","Leg Press Horizontal (Machine)",,"",0,"normal",65,12,,,
"Bayswater 1","Sep 11, 2023, 3:35 PM","Sep 11, 2023, 4:24 PM","","Leg Press Horizontal (Machine)",,"",1,"normal",65,12,,,
"Bayswater 1","Sep 11, 2023, 3:35 PM","Sep 11, 2023, 4:24 PM","","Leg Press Horizontal (Machine)",,"",2,"normal",65,12,,,
"Bayswater 1","Sep 11, 2023, 3:35 PM","Sep 11, 2023, 4:24 PM","","Lying Leg Curl (Machine)",,"",0,"normal",32,12,,,
"Bayswater 1","Sep 11, 2023, 3:35 PM","Sep 11, 2023, 4:24 PM","","Lying Leg Curl (Machine)",,"",1,"normal",32,12,,,
"Bayswater 1","Sep 11, 2023, 3:35 PM","Sep 11, 2023, 4:24 PM","","Lying Leg Curl (Machine)",,"",2,"normal",32,12,,,
"Bayswater 1","Sep 11, 2023, 3:35 PM","Sep 11, 2023, 4:24 PM","","Leg Extension (Machine)",,"",0,"normal",33,12,,,
"Bayswater 1","Sep 11, 2023, 3:35 PM","Sep 11, 2023, 4:24 PM","","Leg Extension (Machine)",,"",1,"normal",33,12,,,
"Bayswater 1","Sep 11, 2023, 3:35 PM","Sep 11, 2023, 4:24 PM","","Leg Extension (Machine)",,"",2,"normal",33,12,,,
"Bayswater 1","Sep 11, 2023, 3:35 PM","Sep 11, 2023, 4:24 PM","","Lat Pulldown (Cable)",,"",0,"normal",31,12,,,
"Bayswater 1","Sep 11, 2023, 3:35 PM","Sep 11, 2023, 4:24 PM","","Lat Pulldown (Cable)",,"",1,"normal",31,12,,,
"Bayswater 1","Sep 11, 2023, 3:35 PM","Sep 11, 2023, 4:24 PM","","Lat Pulldown (Cable)",,"",2,"normal",31,12,,,
"Bayswater 1","Sep 11, 2023, 3:35 PM","Sep 11, 2023, 4:24 PM","","Chest Press (Machine)",,"",0,"normal",26,12,,,
"Bayswater 1","Sep 11, 2023, 3:35 PM","Sep 11, 2023, 4:24 PM","","Chest Press (Machine)",,"",1,"normal",26,12,,,
"Bayswater 1","Sep 11, 2023, 3:35 PM","Sep 11, 2023, 4:24 PM","","Chest Press (Machine)",,"",2,"normal",26,12,,,
"Bayswater 1","Sep 11, 2023, 3:35 PM","Sep 11, 2023, 4:24 PM","","Seated Cable Row - Bar Grip",,"",0,"normal",21.5,12,,,
"Bayswater 1","Sep 11, 2023, 3:35 PM","Sep 11, 2023, 4:24 PM","","Seated Cable Row - Bar Grip",,"",1,"normal",21.5,12,,,
"Bayswater 1","Sep 11, 2023, 3:35 PM","Sep 11, 2023, 4:24 PM","","Seated Cable Row - Bar Grip",,"",2,"normal",21.5,12,,,
"Bayswater 1","Sep 11, 2023, 3:35 PM","Sep 11, 2023, 4:24 PM","","Butterfly (Pec Deck)",,"",0,"normal",33,12,,,
"Bayswater 1","Sep 11, 2023, 3:35 PM","Sep 11, 2023, 4:24 PM","","Butterfly (Pec Deck)",,"",1,"normal",33,12,,,
"Bayswater 1","Sep 11, 2023, 3:35 PM","Sep 11, 2023, 4:24 PM","","Butterfly (Pec Deck)",,"",2,"normal",33,12,,,
"Bayswater 1","Sep 11, 2023, 3:35 PM","Sep 11, 2023, 4:24 PM","","Seated Shoulder Press (Machine)",,"",0,"normal",17.5,12,,,
"Bayswater 1","Sep 11, 2023, 3:35 PM","Sep 11, 2023, 4:24 PM","","Seated Shoulder Press (Machine)",,"",1,"normal",17.5,12,,,
"Bayswater 1","Sep 11, 2023, 3:35 PM","Sep 11, 2023, 4:24 PM","","Seated Shoulder Press (Machine)",,"",2,"normal",17.5,12,,,
"Bayswater 1","Sep 11, 2023, 3:35 PM","Sep 11, 2023, 4:24 PM","","Bicep Curl (Machine)",,"",0,"normal",22.5,12,,,
"Bayswater 1","Sep 11, 2023, 3:35 PM","Sep 11, 2023, 4:24 PM","","Bicep Curl (Machine)",,"",1,"normal",22.5,12,,,
"Bayswater 1","Sep 11, 2023, 3:35 PM","Sep 11, 2023, 4:24 PM","","Bicep Curl (Machine)",,"",2,"normal",22.5,12,,,
"Bayswater 1","Sep 11, 2023, 3:35 PM","Sep 11, 2023, 4:24 PM","","Triceps Pushdown",,"",0,"normal",17,12,,,
"Bayswater 1","Sep 11, 2023, 3:35 PM","Sep 11, 2023, 4:24 PM","","Triceps Pushdown",,"",1,"normal",17,12,,,
"Bayswater 1","Sep 11, 2023, 3:35 PM","Sep 11, 2023, 4:24 PM","","Triceps Pushdown",,"",2,"normal",17,12,,,
"Bayswater 1","Sep 4, 2023, 7:45 PM","Sep 4, 2023, 9:39 PM","","Leg Press Horizontal (Machine)",,"",0,"normal",65,12,,,
"Bayswater 1","Sep 4, 2023, 7:45 PM","Sep 4, 2023, 9:39 PM","","Leg Press Horizontal (Machine)",,"",1,"normal",65,12,,,
"Bayswater 1","Sep 4, 2023, 7:45 PM","Sep 4, 2023, 9:39 PM","","Leg Press Horizontal (Machine)",,"",2,"normal",65,12,,,
"Bayswater 1","Sep 4, 2023, 7:45 PM","Sep 4, 2023, 9:39 PM","","Lying Leg Curl (Machine)",,"",0,"normal",30,12,,,
"Bayswater 1","Sep 4, 2023, 7:45 PM","Sep 4, 2023, 9:39 PM","","Lying Leg Curl (Machine)",,"",1,"normal",30,12,,,
"Bayswater 1","Sep 4, 2023, 7:45 PM","Sep 4, 2023, 9:39 PM","","Lying Leg Curl (Machine)",,"",2,"normal",32,12,,,
"Bayswater 1","Sep 4, 2023, 7:45 PM","Sep 4, 2023, 9:39 PM","","Leg Extension (Machine)",,"",0,"normal",31,12,,,
"Bayswater 1","Sep 4, 2023, 7:45 PM","Sep 4, 2023, 9:39 PM","","Leg Extension (Machine)",,"",1,"normal",31,12,,,
"Bayswater 1","Sep 4, 2023, 7:45 PM","Sep 4, 2023, 9:39 PM","","Leg Extension (Machine)",,"",2,"normal",33,12,,,
"Bayswater 1","Sep 4, 2023, 7:45 PM","Sep 4, 2023, 9:39 PM","","Lat Pulldown (Cable)",,"",0,"normal",31,12,,,
"Bayswater 1","Sep 4, 2023, 7:45 PM","Sep 4, 2023, 9:39 PM","","Lat Pulldown (Cable)",,"",1,"normal",31,12,,,
"Bayswater 1","Sep 4, 2023, 7:45 PM","Sep 4, 2023, 9:39 PM","","Lat Pulldown (Cable)",,"",2,"normal",31,12,,,
"Bayswater 1","Sep 4, 2023, 7:45 PM","Sep 4, 2023, 9:39 PM","","Chest Press (Machine)",,"",0,"normal",26,12,,,
"Bayswater 1","Sep 4, 2023, 7:45 PM","Sep 4, 2023, 9:39 PM","","Chest Press (Machine)",,"",1,"normal",26,12,,,
"Bayswater 1","Sep 4, 2023, 7:45 PM","Sep 4, 2023, 9:39 PM","","Chest Press (Machine)",,"",2,"normal",26,12,,,
"Bayswater 1","Sep 4, 2023, 7:45 PM","Sep 4, 2023, 9:39 PM","","Seated Cable Row - Bar Grip",,"",0,"normal",21.5,12,,,
"Bayswater 1","Sep 4, 2023, 7:45 PM","Sep 4, 2023, 9:39 PM","","Seated Cable Row - Bar Grip",,"",1,"normal",21.5,12,,,
"Bayswater 1","Sep 4, 2023, 7:45 PM","Sep 4, 2023, 9:39 PM","","Seated Cable Row - Bar Grip",,"",2,"normal",21.5,12,,,
"Bayswater 1","Sep 4, 2023, 7:45 PM","Sep 4, 2023, 9:39 PM","","Butterfly (Pec Deck)",,"",0,"normal",31,12,,,
"Bayswater 1","Sep 4, 2023, 7:45 PM","Sep 4, 2023, 9:39 PM","","Butterfly (Pec Deck)",,"",1,"normal",31,12,,,
"Bayswater 1","Sep 4, 2023, 7:45 PM","Sep 4, 2023, 9:39 PM","","Butterfly (Pec Deck)",,"",2,"normal",33,12,,,
"Bayswater 1","Sep 4, 2023, 7:45 PM","Sep 4, 2023, 9:39 PM","","Seated Shoulder Press (Machine)",,"",0,"normal",17.5,12,,,
"Bayswater 1","Sep 4, 2023, 7:45 PM","Sep 4, 2023, 9:39 PM","","Seated Shoulder Press (Machine)",,"",1,"normal",17.5,12,,,
"Bayswater 1","Sep 4, 2023, 7:45 PM","Sep 4, 2023, 9:39 PM","","Seated Shoulder Press (Machine)",,"",2,"normal",17.5,12,,,
"Bayswater 1","Sep 4, 2023, 7:45 PM","Sep 4, 2023, 9:39 PM","","Bicep Curl (Machine)",,"",0,"normal",22.5,12,,,
"Bayswater 1","Sep 4, 2023, 7:45 PM","Sep 4, 2023, 9:39 PM","","Bicep Curl (Machine)",,"",1,"normal",22.5,12,,,
"Bayswater 1","Sep 4, 2023, 7:45 PM","Sep 4, 2023, 9:39 PM","","Bicep Curl (Machine)",,"",2,"normal",22.5,12,,,
"Bayswater 1","Sep 4, 2023, 7:45 PM","Sep 4, 2023, 9:39 PM","","Triceps Pushdown",,"",0,"normal",17,12,,,
"Bayswater 1","Sep 4, 2023, 7:45 PM","Sep 4, 2023, 9:39 PM","","Triceps Pushdown",,"",1,"normal",17,12,,,
"Bayswater 1","Sep 4, 2023, 7:45 PM","Sep 4, 2023, 9:39 PM","","Triceps Pushdown",,"",2,"normal",17,12,,,
"Bayswater 1","Aug 28, 2023, 7:56 PM","Aug 28, 2023, 8:40 PM","","Leg Press Horizontal (Machine)",,"",0,"normal",65,12,,,
"Bayswater 1","Aug 28, 2023, 7:56 PM","Aug 28, 2023, 8:40 PM","","Leg Press Horizontal (Machine)",,"",1,"normal",65,12,,,
"Bayswater 1","Aug 28, 2023, 7:56 PM","Aug 28, 2023, 8:40 PM","","Leg Press Horizontal (Machine)",,"",2,"normal",65,12,,,
"Bayswater 1","Aug 28, 2023, 7:56 PM","Aug 28, 2023, 8:40 PM","","Lying Leg Curl (Machine)",,"",0,"normal",30,12,,,
"Bayswater 1","Aug 28, 2023, 7:56 PM","Aug 28, 2023, 8:40 PM","","Lying Leg Curl (Machine)",,"",1,"normal",30,12,,,
"Bayswater 1","Aug 28, 2023, 7:56 PM","Aug 28, 2023, 8:40 PM","","Lying Leg Curl (Machine)",,"",2,"normal",30,12,,,
"Bayswater 1","Aug 28, 2023, 7:56 PM","Aug 28, 2023, 8:40 PM","","Leg Extension (Machine)",,"",0,"normal",31,12,,,
"Bayswater 1","Aug 28, 2023, 7:56 PM","Aug 28, 2023, 8:40 PM","","Leg Extension (Machine)",,"",1,"normal",31,12,,,
"Bayswater 1","Aug 28, 2023, 7:56 PM","Aug 28, 2023, 8:40 PM","","Leg Extension (Machine)",,"",2,"normal",31,12,,,
"Bayswater 1","Aug 28, 2023, 7:56 PM","Aug 28, 2023, 8:40 PM","","Lat Pulldown (Cable)",,"",0,"normal",31,12,,,
"Bayswater 1","Aug 28, 2023, 7:56 PM","Aug 28, 2023, 8:40 PM","","Lat Pulldown (Cable)",,"",1,"normal",31,12,,,
"Bayswater 1","Aug 28, 2023, 7:56 PM","Aug 28, 2023, 8:40 PM","","Lat Pulldown (Cable)",,"",2,"normal",31,12,,,
"Bayswater 1","Aug 28, 2023, 7:56 PM","Aug 28, 2023, 8:40 PM","","Chest Press (Machine)",,"",0,"normal",26,12,,,
"Bayswater 1","Aug 28, 2023, 7:56 PM","Aug 28, 2023, 8:40 PM","","Chest Press (Machine)",,"",1,"normal",26,12,,,
"Bayswater 1","Aug 28, 2023, 7:56 PM","Aug 28, 2023, 8:40 PM","","Chest Press (Machine)",,"",2,"normal",26,12,,,
"Bayswater 1","Aug 28, 2023, 7:56 PM","Aug 28, 2023, 8:40 PM","","Seated Cable Row - Bar Grip",,"",0,"normal",21.5,12,,,
"Bayswater 1","Aug 28, 2023, 7:56 PM","Aug 28, 2023, 8:40 PM","","Seated Cable Row - Bar Grip",,"",1,"normal",21.5,12,,,
"Bayswater 1","Aug 28, 2023, 7:56 PM","Aug 28, 2023, 8:40 PM","","Seated Cable Row - Bar Grip",,"",2,"normal",21.5,12,,,
"Bayswater 1","Aug 28, 2023, 7:56 PM","Aug 28, 2023, 8:40 PM","","Butterfly (Pec Deck)",,"",0,"normal",31,12,,,
"Bayswater 1","Aug 28, 2023, 7:56 PM","Aug 28, 2023, 8:40 PM","","Butterfly (Pec Deck)",,"",1,"normal",31,12,,,
"Bayswater 1","Aug 28, 2023, 7:56 PM","Aug 28, 2023, 8:40 PM","","Butterfly (Pec Deck)",,"",2,"normal",33,12,,,
"Bayswater 1","Aug 28, 2023, 7:56 PM","Aug 28, 2023, 8:40 PM","","Seated Shoulder Press (Machine)",,"",0,"normal",17.5,12,,,
"Bayswater 1","Aug 28, 2023, 7:56 PM","Aug 28, 2023, 8:40 PM","","Seated Shoulder Press (Machine)",,"",1,"normal",17.5,12,,,
"Bayswater 1","Aug 28, 2023, 7:56 PM","Aug 28, 2023, 8:40 PM","","Seated Shoulder Press (Machine)",,"",2,"normal",17.5,12,,,
"Bayswater 1","Aug 28, 2023, 7:56 PM","Aug 28, 2023, 8:40 PM","","Bicep Curl (Machine)",,"",0,"normal",20,12,,,
"Bayswater 1","Aug 28, 2023, 7:56 PM","Aug 28, 2023, 8:40 PM","","Bicep Curl (Machine)",,"",1,"normal",20,12,,,
"Bayswater 1","Aug 28, 2023, 7:56 PM","Aug 28, 2023, 8:40 PM","","Bicep Curl (Machine)",,"",2,"normal",22.5,12,,,
"Bayswater 1","Aug 28, 2023, 7:56 PM","Aug 28, 2023, 8:40 PM","","Triceps Pushdown",,"",0,"normal",17,12,,,
"Bayswater 1","Aug 28, 2023, 7:56 PM","Aug 28, 2023, 8:40 PM","","Triceps Pushdown",,"",1,"normal",17,12,,,
"Bayswater 1","Aug 28, 2023, 7:56 PM","Aug 28, 2023, 8:40 PM","","Triceps Pushdown",,"",2,"normal",17,12,,,
"Bayswater 1","Aug 26, 2023, 4:18 PM","Aug 26, 2023, 5:02 PM","","Leg Press Horizontal (Machine)",,"",0,"normal",65,12,,,
"Bayswater 1","Aug 26, 2023, 4:18 PM","Aug 26, 2023, 5:02 PM","","Leg Press Horizontal (Machine)",,"",1,"normal",65,12,,,
"Bayswater 1","Aug 26, 2023, 4:18 PM","Aug 26, 2023, 5:02 PM","","Leg Press Horizontal (Machine)",,"",2,"normal",65,12,,,
"Bayswater 1","Aug 26, 2023, 4:18 PM","Aug 26, 2023, 5:02 PM","","Lying Leg Curl (Machine)",,"",0,"normal",30,12,,,
"Bayswater 1","Aug 26, 2023, 4:18 PM","Aug 26, 2023, 5:02 PM","","Lying Leg Curl (Machine)",,"",1,"normal",30,12,,,
"Bayswater 1","Aug 26, 2023, 4:18 PM","Aug 26, 2023, 5:02 PM","","Lying Leg Curl (Machine)",,"",2,"normal",30,12,,,
"Bayswater 1","Aug 26, 2023, 4:18 PM","Aug 26, 2023, 5:02 PM","","Leg Extension (Machine)",,"",0,"normal",31,12,,,
"Bayswater 1","Aug 26, 2023, 4:18 PM","Aug 26, 2023, 5:02 PM","","Leg Extension (Machine)",,"",1,"normal",31,12,,,
"Bayswater 1","Aug 26, 2023, 4:18 PM","Aug 26, 2023, 5:02 PM","","Leg Extension (Machine)",,"",2,"normal",31,12,,,
"Bayswater 1","Aug 26, 2023, 4:18 PM","Aug 26, 2023, 5:02 PM","","Lat Pulldown (Cable)",,"",0,"normal",31,12,,,
"Bayswater 1","Aug 26, 2023, 4:18 PM","Aug 26, 2023, 5:02 PM","","Lat Pulldown (Cable)",,"",1,"normal",31,12,,,
"Bayswater 1","Aug 26, 2023, 4:18 PM","Aug 26, 2023, 5:02 PM","","Lat Pulldown (Cable)",,"",2,"normal",31,12,,,
"Bayswater 1","Aug 26, 2023, 4:18 PM","Aug 26, 2023, 5:02 PM","","Chest Press (Machine)",,"",0,"normal",26,12,,,
"Bayswater 1","Aug 26, 2023, 4:18 PM","Aug 26, 2023, 5:02 PM","","Chest Press (Machine)",,"",1,"normal",26,12,,,
"Bayswater 1","Aug 26, 2023, 4:18 PM","Aug 26, 2023, 5:02 PM","","Chest Press (Machine)",,"",2,"normal",26,12,,,
"Bayswater 1","Aug 26, 2023, 4:18 PM","Aug 26, 2023, 5:02 PM","","Seated Cable Row - Bar Grip",,"",0,"normal",21.5,12,,,
"Bayswater 1","Aug 26, 2023, 4:18 PM","Aug 26, 2023, 5:02 PM","","Seated Cable Row - Bar Grip",,"",1,"normal",21.5,12,,,
"Bayswater 1","Aug 26, 2023, 4:18 PM","Aug 26, 2023, 5:02 PM","","Seated Cable Row - Bar Grip",,"",2,"normal",21.5,12,,,
"Bayswater 1","Aug 26, 2023, 4:18 PM","Aug 26, 2023, 5:02 PM","","Butterfly (Pec Deck)",,"",0,"normal",31,12,,,
"Bayswater 1","Aug 26, 2023, 4:18 PM","Aug 26, 2023, 5:02 PM","","Butterfly (Pec Deck)",,"",1,"normal",31,12,,,
"Bayswater 1","Aug 26, 2023, 4:18 PM","Aug 26, 2023, 5:02 PM","","Butterfly (Pec Deck)",,"",2,"normal",31,12,,,
"Bayswater 1","Aug 26, 2023, 4:18 PM","Aug 26, 2023, 5:02 PM","","Seated Shoulder Press (Machine)",,"",0,"normal",17.5,12,,,
"Bayswater 1","Aug 26, 2023, 4:18 PM","Aug 26, 2023, 5:02 PM","","Seated Shoulder Press (Machine)",,"",1,"normal",17.5,12,,,
"Bayswater 1","Aug 26, 2023, 4:18 PM","Aug 26, 2023, 5:02 PM","","Seated Shoulder Press (Machine)",,"",2,"normal",17.5,12,,,
"Bayswater 1","Aug 26, 2023, 4:18 PM","Aug 26, 2023, 5:02 PM","","Bicep Curl (Machine)",,"",0,"normal",20,12,,,
"Bayswater 1","Aug 26, 2023, 4:18 PM","Aug 26, 2023, 5:02 PM","","Bicep Curl (Machine)",,"",1,"normal",20,12,,,
"Bayswater 1","Aug 26, 2023, 4:18 PM","Aug 26, 2023, 5:02 PM","","Triceps Pushdown",,"",0,"normal",17,12,,,
"Bayswater 1","Aug 26, 2023, 4:18 PM","Aug 26, 2023, 5:02 PM","","Triceps Pushdown",,"",1,"normal",17,12,,,
"Bayswater 1","Aug 21, 2023, 7:32 PM","Aug 21, 2023, 8:15 PM","","Leg Press Horizontal (Machine)",,"",0,"normal",65,12,,,
"Bayswater 1","Aug 21, 2023, 7:32 PM","Aug 21, 2023, 8:15 PM","","Leg Press Horizontal (Machine)",,"",1,"normal",65,12,,,
"Bayswater 1","Aug 21, 2023, 7:32 PM","Aug 21, 2023, 8:15 PM","","Leg Press Horizontal (Machine)",,"",2,"normal",65,12,,,
"Bayswater 1","Aug 21, 2023, 7:32 PM","Aug 21, 2023, 8:15 PM","","Lying Leg Curl (Machine)",,"",0,"normal",30,12,,,
"Bayswater 1","Aug 21, 2023, 7:32 PM","Aug 21, 2023, 8:15 PM","","Lying Leg Curl (Machine)",,"",1,"normal",30,12,,,
"Bayswater 1","Aug 21, 2023, 7:32 PM","Aug 21, 2023, 8:15 PM","","Lying Leg Curl (Machine)",,"",2,"normal",30,12,,,
"Bayswater 1","Aug 21, 2023, 7:32 PM","Aug 21, 2023, 8:15 PM","","Leg Extension (Machine)",,"",0,"normal",31,12,,,
"Bayswater 1","Aug 21, 2023, 7:32 PM","Aug 21, 2023, 8:15 PM","","Leg Extension (Machine)",,"",1,"normal",31,12,,,
"Bayswater 1","Aug 21, 2023, 7:32 PM","Aug 21, 2023, 8:15 PM","","Leg Extension (Machine)",,"",2,"normal",31,12,,,
"Bayswater 1","Aug 21, 2023, 7:32 PM","Aug 21, 2023, 8:15 PM","","Lat Pulldown (Cable)",,"",0,"normal",31,12,,,
"Bayswater 1","Aug 21, 2023, 7:32 PM","Aug 21, 2023, 8:15 PM","","Lat Pulldown (Cable)",,"",1,"normal",31,12,,,
"Bayswater 1","Aug 21, 2023, 7:32 PM","Aug 21, 2023, 8:15 PM","","Lat Pulldown (Cable)",,"",2,"normal",31,12,,,
"Bayswater 1","Aug 21, 2023, 7:32 PM","Aug 21, 2023, 8:15 PM","","Chest Press (Machine)",,"",0,"normal",26,12,,,
"Bayswater 1","Aug 21, 2023, 7:32 PM","Aug 21, 2023, 8:15 PM","","Chest Press (Machine)",,"",1,"normal",26,12,,,
"Bayswater 1","Aug 21, 2023, 7:32 PM","Aug 21, 2023, 8:15 PM","","Chest Press (Machine)",,"",2,"normal",26,12,,,
"Bayswater 1","Aug 21, 2023, 7:32 PM","Aug 21, 2023, 8:15 PM","","Seated Cable Row - Bar Grip",,"",0,"normal",21.5,12,,,
"Bayswater 1","Aug 21, 2023, 7:32 PM","Aug 21, 2023, 8:15 PM","","Seated Cable Row - Bar Grip",,"",1,"normal",21.5,12,,,
"Bayswater 1","Aug 21, 2023, 7:32 PM","Aug 21, 2023, 8:15 PM","","Seated Cable Row - Bar Grip",,"",2,"normal",21.5,12,,,
"Bayswater 1","Aug 21, 2023, 7:32 PM","Aug 21, 2023, 8:15 PM","","Butterfly (Pec Deck)",,"",0,"normal",31,12,,,
"Bayswater 1","Aug 21, 2023, 7:32 PM","Aug 21, 2023, 8:15 PM","","Butterfly (Pec Deck)",,"",1,"normal",31,12,,,
"Bayswater 1","Aug 21, 2023, 7:32 PM","Aug 21, 2023, 8:15 PM","","Butterfly (Pec Deck)",,"",2,"normal",31,12,,,
"Bayswater 1","Aug 21, 2023, 7:32 PM","Aug 21, 2023, 8:15 PM","","Seated Shoulder Press (Machine)",,"",0,"normal",17.5,12,,,
"Bayswater 1","Aug 21, 2023, 7:32 PM","Aug 21, 2023, 8:15 PM","","Seated Shoulder Press (Machine)",,"",1,"normal",17.5,12,,,
"Bayswater 1","Aug 21, 2023, 7:32 PM","Aug 21, 2023, 8:15 PM","","Seated Shoulder Press (Machine)",,"",2,"normal",17.5,12,,,
"Bayswater 1","Aug 21, 2023, 7:32 PM","Aug 21, 2023, 8:15 PM","","Bicep Curl (Machine)",,"",0,"normal",20,12,,,
"Bayswater 1","Aug 21, 2023, 7:32 PM","Aug 21, 2023, 8:15 PM","","Bicep Curl (Machine)",,"",1,"normal",20,12,,,
"Bayswater 1","Aug 21, 2023, 7:32 PM","Aug 21, 2023, 8:15 PM","","Triceps Pushdown",,"",0,"normal",17,12,,,
"Bayswater 1","Aug 21, 2023, 7:32 PM","Aug 21, 2023, 8:15 PM","","Triceps Pushdown",,"",1,"normal",17,12,,,
"Bayswater 1","Aug 21, 2023, 7:32 PM","Aug 21, 2023, 8:15 PM","","Triceps Pushdown",,"",2,"normal",17,12,,,
"Bayswater 1","Aug 14, 2023, 7:44 PM","Aug 14, 2023, 8:29 PM","","Leg Press Horizontal (Machine)",,"",0,"normal",60,12,,,
"Bayswater 1","Aug 14, 2023, 7:44 PM","Aug 14, 2023, 8:29 PM","","Leg Press Horizontal (Machine)",,"",1,"normal",60,12,,,
"Bayswater 1","Aug 14, 2023, 7:44 PM","Aug 14, 2023, 8:29 PM","","Leg Press Horizontal (Machine)",,"",2,"normal",65,12,,,
"Bayswater 1","Aug 14, 2023, 7:44 PM","Aug 14, 2023, 8:29 PM","","Lying Leg Curl (Machine)",,"",0,"normal",27.5,12,,,
"Bayswater 1","Aug 14, 2023, 7:44 PM","Aug 14, 2023, 8:29 PM","","Lying Leg Curl (Machine)",,"",1,"normal",27.5,12,,,
"Bayswater 1","Aug 14, 2023, 7:44 PM","Aug 14, 2023, 8:29 PM","","Lying Leg Curl (Machine)",,"",2,"normal",30,12,,,
"Bayswater 1","Aug 14, 2023, 7:44 PM","Aug 14, 2023, 8:29 PM","","Leg Extension (Machine)",,"",0,"normal",31,12,,,
"Bayswater 1","Aug 14, 2023, 7:44 PM","Aug 14, 2023, 8:29 PM","","Leg Extension (Machine)",,"",1,"normal",31,12,,,
"Bayswater 1","Aug 14, 2023, 7:44 PM","Aug 14, 2023, 8:29 PM","","Leg Extension (Machine)",,"",2,"normal",31,12,,,
"Bayswater 1","Aug 14, 2023, 7:44 PM","Aug 14, 2023, 8:29 PM","","Lat Pulldown (Cable)",,"",0,"normal",28.5,12,,,
"Bayswater 1","Aug 14, 2023, 7:44 PM","Aug 14, 2023, 8:29 PM","","Lat Pulldown (Cable)",,"",1,"normal",28.5,12,,,
"Bayswater 1","Aug 14, 2023, 7:44 PM","Aug 14, 2023, 8:29 PM","","Lat Pulldown (Cable)",,"",2,"normal",31,12,,,
"Bayswater 1","Aug 14, 2023, 7:44 PM","Aug 14, 2023, 8:29 PM","","Chest Press (Machine)",,"",0,"normal",26,12,,,
"Bayswater 1","Aug 14, 2023, 7:44 PM","Aug 14, 2023, 8:29 PM","","Chest Press (Machine)",,"",1,"normal",26,12,,,
"Bayswater 1","Aug 14, 2023, 7:44 PM","Aug 14, 2023, 8:29 PM","","Chest Press (Machine)",,"",2,"normal",26,12,,,
"Bayswater 1","Aug 14, 2023, 7:44 PM","Aug 14, 2023, 8:29 PM","","Seated Cable Row - Bar Grip",,"",0,"normal",21.5,12,,,
"Bayswater 1","Aug 14, 2023, 7:44 PM","Aug 14, 2023, 8:29 PM","","Seated Cable Row - Bar Grip",,"",1,"normal",21.5,12,,,
"Bayswater 1","Aug 14, 2023, 7:44 PM","Aug 14, 2023, 8:29 PM","","Seated Cable Row - Bar Grip",,"",2,"normal",21.5,12,,,
"Bayswater 1","Aug 14, 2023, 7:44 PM","Aug 14, 2023, 8:29 PM","","Butterfly (Pec Deck)",,"",0,"normal",31,12,,,
"Bayswater 1","Aug 14, 2023, 7:44 PM","Aug 14, 2023, 8:29 PM","","Butterfly (Pec Deck)",,"",1,"normal",31,12,,,
"Bayswater 1","Aug 14, 2023, 7:44 PM","Aug 14, 2023, 8:29 PM","","Butterfly (Pec Deck)",,"",2,"normal",31,12,,,
"Bayswater 1","Aug 14, 2023, 7:44 PM","Aug 14, 2023, 8:29 PM","","Seated Shoulder Press (Machine)",,"",0,"normal",17.5,12,,,
"Bayswater 1","Aug 14, 2023, 7:44 PM","Aug 14, 2023, 8:29 PM","","Seated Shoulder Press (Machine)",,"",1,"normal",17.5,12,,,
"Bayswater 1","Aug 14, 2023, 7:44 PM","Aug 14, 2023, 8:29 PM","","Seated Shoulder Press (Machine)",,"",2,"normal",17.5,12,,,
"Bayswater 1","Aug 14, 2023, 7:44 PM","Aug 14, 2023, 8:29 PM","","Bicep Curl (Machine)",,"",0,"normal",17.5,12,,,
"Bayswater 1","Aug 14, 2023, 7:44 PM","Aug 14, 2023, 8:29 PM","","Bicep Curl (Machine)",,"",1,"normal",17.5,12,,,
"Bayswater 1","Aug 14, 2023, 7:44 PM","Aug 14, 2023, 8:29 PM","","Bicep Curl (Machine)",,"",2,"normal",20,12,,,
"Bayswater 1","Aug 14, 2023, 7:44 PM","Aug 14, 2023, 8:29 PM","","Triceps Pushdown",,"",0,"normal",17,12,,,
"Bayswater 1","Aug 14, 2023, 7:44 PM","Aug 14, 2023, 8:29 PM","","Triceps Pushdown",,"",1,"normal",17,12,,,
"Bayswater 1","Aug 14, 2023, 7:44 PM","Aug 14, 2023, 8:29 PM","","Triceps Pushdown",,"",2,"normal",17,12,,,
"Bayswater 1","Aug 12, 2023, 4:19 PM","Aug 12, 2023, 5:07 PM","","Leg Press Horizontal (Machine)",,"",0,"normal",60,12,,,
"Bayswater 1","Aug 12, 2023, 4:19 PM","Aug 12, 2023, 5:07 PM","","Leg Press Horizontal (Machine)",,"",1,"normal",60,12,,,
"Bayswater 1","Aug 12, 2023, 4:19 PM","Aug 12, 2023, 5:07 PM","","Leg Press Horizontal (Machine)",,"",2,"normal",60,12,,,
"Bayswater 1","Aug 12, 2023, 4:19 PM","Aug 12, 2023, 5:07 PM","","Lying Leg Curl (Machine)",,"",0,"normal",27.5,12,,,
"Bayswater 1","Aug 12, 2023, 4:19 PM","Aug 12, 2023, 5:07 PM","","Lying Leg Curl (Machine)",,"",1,"normal",27.5,12,,,
"Bayswater 1","Aug 12, 2023, 4:19 PM","Aug 12, 2023, 5:07 PM","","Lying Leg Curl (Machine)",,"",2,"normal",27.5,12,,,
"Bayswater 1","Aug 12, 2023, 4:19 PM","Aug 12, 2023, 5:07 PM","","Leg Extension (Machine)",,"",0,"normal",28.5,12,,,
"Bayswater 1","Aug 12, 2023, 4:19 PM","Aug 12, 2023, 5:07 PM","","Leg Extension (Machine)",,"",1,"normal",28.5,12,,,
"Bayswater 1","Aug 12, 2023, 4:19 PM","Aug 12, 2023, 5:07 PM","","Leg Extension (Machine)",,"",2,"normal",31,12,,,
"Bayswater 1","Aug 12, 2023, 4:19 PM","Aug 12, 2023, 5:07 PM","","Lat Pulldown (Cable)",,"",0,"normal",28.5,12,,,
"Bayswater 1","Aug 12, 2023, 4:19 PM","Aug 12, 2023, 5:07 PM","","Lat Pulldown (Cable)",,"",1,"normal",28.5,12,,,
"Bayswater 1","Aug 12, 2023, 4:19 PM","Aug 12, 2023, 5:07 PM","","Lat Pulldown (Cable)",,"",2,"normal",28.5,12,,,
"Bayswater 1","Aug 12, 2023, 4:19 PM","Aug 12, 2023, 5:07 PM","","Chest Press (Machine)",,"",0,"normal",24,12,,,
"Bayswater 1","Aug 12, 2023, 4:19 PM","Aug 12, 2023, 5:07 PM","","Chest Press (Machine)",,"",1,"normal",24,12,,,
"Bayswater 1","Aug 12, 2023, 4:19 PM","Aug 12, 2023, 5:07 PM","","Chest Press (Machine)",,"",2,"normal",26,12,,,
"Bayswater 1","Aug 12, 2023, 4:19 PM","Aug 12, 2023, 5:07 PM","","Seated Cable Row - Bar Grip",,"",0,"normal",21.5,12,,,
"Bayswater 1","Aug 12, 2023, 4:19 PM","Aug 12, 2023, 5:07 PM","","Seated Cable Row - Bar Grip",,"",1,"normal",21.5,12,,,
"Bayswater 1","Aug 12, 2023, 4:19 PM","Aug 12, 2023, 5:07 PM","","Seated Cable Row - Bar Grip",,"",2,"normal",21.5,12,,,
"Bayswater 1","Aug 12, 2023, 4:19 PM","Aug 12, 2023, 5:07 PM","","Butterfly (Pec Deck)",,"",0,"normal",28.5,12,,,
"Bayswater 1","Aug 12, 2023, 4:19 PM","Aug 12, 2023, 5:07 PM","","Butterfly (Pec Deck)",,"",1,"normal",28.5,12,,,
"Bayswater 1","Aug 12, 2023, 4:19 PM","Aug 12, 2023, 5:07 PM","","Butterfly (Pec Deck)",,"",2,"normal",31,12,,,
"Bayswater 1","Aug 12, 2023, 4:19 PM","Aug 12, 2023, 5:07 PM","","Seated Shoulder Press (Machine)",,"",0,"normal",17.5,12,,,
"Bayswater 1","Aug 12, 2023, 4:19 PM","Aug 12, 2023, 5:07 PM","","Seated Shoulder Press (Machine)",,"",1,"normal",17.5,12,,,
"Bayswater 1","Aug 12, 2023, 4:19 PM","Aug 12, 2023, 5:07 PM","","Seated Shoulder Press (Machine)",,"",2,"normal",17.5,12,,,
"Bayswater 1","Aug 12, 2023, 4:19 PM","Aug 12, 2023, 5:07 PM","","Bicep Curl (Machine)",,"",0,"normal",17.5,12,,,
"Bayswater 1","Aug 12, 2023, 4:19 PM","Aug 12, 2023, 5:07 PM","","Bicep Curl (Machine)",,"",1,"normal",17.5,12,,,
"Bayswater 1","Aug 12, 2023, 4:19 PM","Aug 12, 2023, 5:07 PM","","Bicep Curl (Machine)",,"",2,"normal",17.5,12,,,
"Bayswater 1","Aug 12, 2023, 4:19 PM","Aug 12, 2023, 5:07 PM","","Triceps Pushdown",,"",0,"normal",14.5,12,,,
"Bayswater 1","Aug 12, 2023, 4:19 PM","Aug 12, 2023, 5:07 PM","","Triceps Pushdown",,"",1,"normal",14.5,12,,,
"Bayswater 1","Aug 12, 2023, 4:19 PM","Aug 12, 2023, 5:07 PM","","Triceps Pushdown",,"",2,"normal",17,12,,,
"Bayswater 1","Jul 18, 2023, 7:31 PM","Jul 18, 2023, 8:20 PM","","Leg Press Horizontal (Machine)",,"",0,"normal",60,12,,,
"Bayswater 1","Jul 18, 2023, 7:31 PM","Jul 18, 2023, 8:20 PM","","Leg Press Horizontal (Machine)",,"",1,"normal",60,12,,,
"Bayswater 1","Jul 18, 2023, 7:31 PM","Jul 18, 2023, 8:20 PM","","Leg Press Horizontal (Machine)",,"",2,"normal",60,12,,,
"Bayswater 1","Jul 18, 2023, 7:31 PM","Jul 18, 2023, 8:20 PM","","Lying Leg Curl (Machine)",,"",0,"normal",27.5,12,,,
"Bayswater 1","Jul 18, 2023, 7:31 PM","Jul 18, 2023, 8:20 PM","","Lying Leg Curl (Machine)",,"",1,"normal",27.5,12,,,
"Bayswater 1","Jul 18, 2023, 7:31 PM","Jul 18, 2023, 8:20 PM","","Lying Leg Curl (Machine)",,"",2,"normal",27.5,12,,,
"Bayswater 1","Jul 18, 2023, 7:31 PM","Jul 18, 2023, 8:20 PM","","Leg Extension (Machine)",,"",0,"normal",28.5,12,,,
"Bayswater 1","Jul 18, 2023, 7:31 PM","Jul 18, 2023, 8:20 PM","","Leg Extension (Machine)",,"",1,"normal",28.5,12,,,
"Bayswater 1","Jul 18, 2023, 7:31 PM","Jul 18, 2023, 8:20 PM","","Leg Extension (Machine)",,"",2,"normal",28.5,12,,,
"Bayswater 1","Jul 18, 2023, 7:31 PM","Jul 18, 2023, 8:20 PM","","Lat Pulldown (Cable)",,"",0,"normal",28.5,12,,,
"Bayswater 1","Jul 18, 2023, 7:31 PM","Jul 18, 2023, 8:20 PM","","Lat Pulldown (Cable)",,"",1,"normal",28.5,12,,,
"Bayswater 1","Jul 18, 2023, 7:31 PM","Jul 18, 2023, 8:20 PM","","Lat Pulldown (Cable)",,"",2,"normal",28.5,12,,,
"Bayswater 1","Jul 18, 2023, 7:31 PM","Jul 18, 2023, 8:20 PM","","Chest Press (Machine)",,"",0,"normal",24,12,,,
"Bayswater 1","Jul 18, 2023, 7:31 PM","Jul 18, 2023, 8:20 PM","","Chest Press (Machine)",,"",1,"normal",24,12,,,
"Bayswater 1","Jul 18, 2023, 7:31 PM","Jul 18, 2023, 8:20 PM","","Chest Press (Machine)",,"",2,"normal",24,12,,,
"Bayswater 1","Jul 18, 2023, 7:31 PM","Jul 18, 2023, 8:20 PM","","Seated Cable Row - Bar Grip",,"",0,"normal",21.5,12,,,
"Bayswater 1","Jul 18, 2023, 7:31 PM","Jul 18, 2023, 8:20 PM","","Seated Cable Row - Bar Grip",,"",1,"normal",21.5,12,,,
"Bayswater 1","Jul 18, 2023, 7:31 PM","Jul 18, 2023, 8:20 PM","","Seated Cable Row - Bar Grip",,"",2,"normal",21.5,12,,,
"Bayswater 1","Jul 18, 2023, 7:31 PM","Jul 18, 2023, 8:20 PM","","Butterfly (Pec Deck)",,"",0,"normal",28.5,12,,,
"Bayswater 1","Jul 18, 2023, 7:31 PM","Jul 18, 2023, 8:20 PM","","Butterfly (Pec Deck)",,"",1,"normal",28.5,12,,,
"Bayswater 1","Jul 18, 2023, 7:31 PM","Jul 18, 2023, 8:20 PM","","Butterfly (Pec Deck)",,"",2,"normal",28.5,12,,,
"Bayswater 1","Jul 18, 2023, 7:31 PM","Jul 18, 2023, 8:20 PM","","Seated Shoulder Press (Machine)",,"",0,"normal",17.5,12,,,
"Bayswater 1","Jul 18, 2023, 7:31 PM","Jul 18, 2023, 8:20 PM","","Seated Shoulder Press (Machine)",,"",1,"normal",17.5,12,,,
"Bayswater 1","Jul 18, 2023, 7:31 PM","Jul 18, 2023, 8:20 PM","","Seated Shoulder Press (Machine)",,"",2,"normal",17.5,12,,,
"Bayswater 1","Jul 18, 2023, 7:31 PM","Jul 18, 2023, 8:20 PM","","Bicep Curl (Machine)",,"",0,"normal",17.5,12,,,
"Bayswater 1","Jul 18, 2023, 7:31 PM","Jul 18, 2023, 8:20 PM","","Bicep Curl (Machine)",,"",1,"normal",17.5,12,,,
"Bayswater 1","Jul 18, 2023, 7:31 PM","Jul 18, 2023, 8:20 PM","","Bicep Curl (Machine)",,"",2,"normal",17.5,12,,,
"Bayswater 1","Jul 18, 2023, 7:31 PM","Jul 18, 2023, 8:20 PM","","Triceps Pushdown",,"",0,"normal",14.5,12,,,
"Bayswater 1","Jul 18, 2023, 7:31 PM","Jul 18, 2023, 8:20 PM","","Triceps Pushdown",,"",1,"normal",14.5,12,,,
"Bayswater 1","Jul 18, 2023, 7:31 PM","Jul 18, 2023, 8:20 PM","","Triceps Pushdown",,"",2,"normal",14.5,12,,,
"Bayswater 1","Jul 11, 2023, 7:14 PM","Jul 11, 2023, 8:01 PM","","Leg Press Horizontal (Machine)",,"",0,"normal",60,12,,,
"Bayswater 1","Jul 11, 2023, 7:14 PM","Jul 11, 2023, 8:01 PM","","Leg Press Horizontal (Machine)",,"",1,"normal",60,12,,,
"Bayswater 1","Jul 11, 2023, 7:14 PM","Jul 11, 2023, 8:01 PM","","Leg Press Horizontal (Machine)",,"",2,"normal",60,12,,,
"Bayswater 1","Jul 11, 2023, 7:14 PM","Jul 11, 2023, 8:01 PM","","Lying Leg Curl (Machine)",,"",0,"normal",27.5,12,,,
"Bayswater 1","Jul 11, 2023, 7:14 PM","Jul 11, 2023, 8:01 PM","","Lying Leg Curl (Machine)",,"",1,"normal",27.5,12,,,
"Bayswater 1","Jul 11, 2023, 7:14 PM","Jul 11, 2023, 8:01 PM","","Lying Leg Curl (Machine)",,"",2,"normal",27.5,12,,,
"Bayswater 1","Jul 11, 2023, 7:14 PM","Jul 11, 2023, 8:01 PM","","Leg Extension (Machine)",,"",0,"normal",28.5,12,,,
"Bayswater 1","Jul 11, 2023, 7:14 PM","Jul 11, 2023, 8:01 PM","","Leg Extension (Machine)",,"",1,"normal",28.5,12,,,
"Bayswater 1","Jul 11, 2023, 7:14 PM","Jul 11, 2023, 8:01 PM","","Leg Extension (Machine)",,"",2,"normal",28.5,12,,,
"Bayswater 1","Jul 11, 2023, 7:14 PM","Jul 11, 2023, 8:01 PM","","Lat Pulldown (Cable)",,"",0,"normal",26,12,,,
"Bayswater 1","Jul 11, 2023, 7:14 PM","Jul 11, 2023, 8:01 PM","","Lat Pulldown (Cable)",,"",1,"normal",26,12,,,
"Bayswater 1","Jul 11, 2023, 7:14 PM","Jul 11, 2023, 8:01 PM","","Lat Pulldown (Cable)",,"",2,"normal",28.5,12,,,
"Bayswater 1","Jul 11, 2023, 7:14 PM","Jul 11, 2023, 8:01 PM","","Chest Press (Machine)",,"",0,"normal",21.5,12,,,
"Bayswater 1","Jul 11, 2023, 7:14 PM","Jul 11, 2023, 8:01 PM","","Chest Press (Machine)",,"",1,"normal",21.5,12,,,
"Bayswater 1","Jul 11, 2023, 7:14 PM","Jul 11, 2023, 8:01 PM","","Chest Press (Machine)",,"",2,"normal",24,12,,,
"Bayswater 1","Jul 11, 2023, 7:14 PM","Jul 11, 2023, 8:01 PM","","Seated Cable Row - Bar Grip",,"",0,"normal",19,12,,,
"Bayswater 1","Jul 11, 2023, 7:14 PM","Jul 11, 2023, 8:01 PM","","Seated Cable Row - Bar Grip",,"",1,"normal",19,12,,,
"Bayswater 1","Jul 11, 2023, 7:14 PM","Jul 11, 2023, 8:01 PM","","Seated Cable Row - Bar Grip",,"",2,"normal",21.5,12,,,
"Bayswater 1","Jul 11, 2023, 7:14 PM","Jul 11, 2023, 8:01 PM","","Butterfly (Pec Deck)",,"",0,"normal",26,12,,,
"Bayswater 1","Jul 11, 2023, 7:14 PM","Jul 11, 2023, 8:01 PM","","Butterfly (Pec Deck)",,"",1,"normal",28.5,12,,,
"Bayswater 1","Jul 11, 2023, 7:14 PM","Jul 11, 2023, 8:01 PM","","Butterfly (Pec Deck)",,"",2,"normal",28.5,12,,,
"Bayswater 1","Jul 11, 2023, 7:14 PM","Jul 11, 2023, 8:01 PM","","Seated Shoulder Press (Machine)",,"",0,"normal",15,12,,,
"Bayswater 1","Jul 11, 2023, 7:14 PM","Jul 11, 2023, 8:01 PM","","Seated Shoulder Press (Machine)",,"",1,"normal",15,12,,,
"Bayswater 1","Jul 11, 2023, 7:14 PM","Jul 11, 2023, 8:01 PM","","Seated Shoulder Press (Machine)",,"",2,"normal",17.5,12,,,
"Bayswater 1","Jul 11, 2023, 7:14 PM","Jul 11, 2023, 8:01 PM","","Bicep Curl (Machine)",,"",0,"normal",15,12,,,
"Bayswater 1","Jul 11, 2023, 7:14 PM","Jul 11, 2023, 8:01 PM","","Bicep Curl (Machine)",,"",1,"normal",15,12,,,
"Bayswater 1","Jul 11, 2023, 7:14 PM","Jul 11, 2023, 8:01 PM","","Bicep Curl (Machine)",,"",2,"normal",17.5,12,,,
"Bayswater 1","Jul 11, 2023, 7:14 PM","Jul 11, 2023, 8:01 PM","","Triceps Pushdown",,"",0,"normal",14.5,12,,,
"Bayswater 1","Jul 11, 2023, 7:14 PM","Jul 11, 2023, 8:01 PM","","Triceps Pushdown",,"",1,"normal",14.5,12,,,
"Bayswater 1","Jul 11, 2023, 7:14 PM","Jul 11, 2023, 8:01 PM","","Triceps Pushdown",,"",2,"normal",14.5,12,,,
"Bayswater 1","Jun 19, 2023, 7:33 PM","Jun 19, 2023, 8:22 PM","","Leg Press Horizontal (Machine)",,"",0,"normal",60,12,,,
"Bayswater 1","Jun 19, 2023, 7:33 PM","Jun 19, 2023, 8:22 PM","","Leg Press Horizontal (Machine)",,"",1,"normal",60,12,,,
"Bayswater 1","Jun 19, 2023, 7:33 PM","Jun 19, 2023, 8:22 PM","","Leg Press Horizontal (Machine)",,"",2,"normal",60,12,,,
"Bayswater 1","Jun 19, 2023, 7:33 PM","Jun 19, 2023, 8:22 PM","","Lying Leg Curl (Machine)",,"",0,"normal",27.5,12,,,
"Bayswater 1","Jun 19, 2023, 7:33 PM","Jun 19, 2023, 8:22 PM","","Lying Leg Curl (Machine)",,"",1,"normal",27.5,12,,,
"Bayswater 1","Jun 19, 2023, 7:33 PM","Jun 19, 2023, 8:22 PM","","Lying Leg Curl (Machine)",,"",2,"normal",27.5,12,,,
"Bayswater 1","Jun 19, 2023, 7:33 PM","Jun 19, 2023, 8:22 PM","","Leg Extension (Machine)",,"",0,"normal",28.5,12,,,
"Bayswater 1","Jun 19, 2023, 7:33 PM","Jun 19, 2023, 8:22 PM","","Leg Extension (Machine)",,"",1,"normal",28.5,12,,,
"Bayswater 1","Jun 19, 2023, 7:33 PM","Jun 19, 2023, 8:22 PM","","Leg Extension (Machine)",,"",2,"normal",28.5,12,,,
"Bayswater 1","Jun 19, 2023, 7:33 PM","Jun 19, 2023, 8:22 PM","","Lat Pulldown (Cable)",,"",0,"normal",26,12,,,
"Bayswater 1","Jun 19, 2023, 7:33 PM","Jun 19, 2023, 8:22 PM","","Lat Pulldown (Cable)",,"",1,"normal",26,12,,,
"Bayswater 1","Jun 19, 2023, 7:33 PM","Jun 19, 2023, 8:22 PM","","Lat Pulldown (Cable)",,"",2,"normal",26,12,,,
"Bayswater 1","Jun 19, 2023, 7:33 PM","Jun 19, 2023, 8:22 PM","","Chest Press (Machine)",,"",0,"normal",21.5,12,,,
"Bayswater 1","Jun 19, 2023, 7:33 PM","Jun 19, 2023, 8:22 PM","","Chest Press (Machine)",,"",1,"normal",21.5,12,,,
"Bayswater 1","Jun 19, 2023, 7:33 PM","Jun 19, 2023, 8:22 PM","","Chest Press (Machine)",,"",2,"normal",21.5,12,,,
"Bayswater 1","Jun 19, 2023, 7:33 PM","Jun 19, 2023, 8:22 PM","","Seated Cable Row - Bar Grip",,"",0,"normal",19,12,,,
"Bayswater 1","Jun 19, 2023, 7:33 PM","Jun 19, 2023, 8:22 PM","","Seated Cable Row - Bar Grip",,"",1,"normal",19,12,,,
"Bayswater 1","Jun 19, 2023, 7:33 PM","Jun 19, 2023, 8:22 PM","","Seated Cable Row - Bar Grip",,"",2,"normal",19,12,,,
"Bayswater 1","Jun 19, 2023, 7:33 PM","Jun 19, 2023, 8:22 PM","","Butterfly (Pec Deck)",,"",0,"normal",26,12,,,
"Bayswater 1","Jun 19, 2023, 7:33 PM","Jun 19, 2023, 8:22 PM","","Butterfly (Pec Deck)",,"",1,"normal",26,12,,,
"Bayswater 1","Jun 19, 2023, 7:33 PM","Jun 19, 2023, 8:22 PM","","Butterfly (Pec Deck)",,"",2,"normal",26,12,,,
"Bayswater 1","Jun 19, 2023, 7:33 PM","Jun 19, 2023, 8:22 PM","","Seated Shoulder Press (Machine)",,"",0,"normal",15,12,,,
"Bayswater 1","Jun 19, 2023, 7:33 PM","Jun 19, 2023, 8:22 PM","","Seated Shoulder Press (Machine)",,"",1,"normal",15,12,,,
"Bayswater 1","Jun 19, 2023, 7:33 PM","Jun 19, 2023, 8:22 PM","","Seated Shoulder Press (Machine)",,"",2,"normal",15,12,,,
"Bayswater 1","Jun 19, 2023, 7:33 PM","Jun 19, 2023, 8:22 PM","","Bicep Curl (Machine)",,"",0,"normal",15,12,,,
"Bayswater 1","Jun 19, 2023, 7:33 PM","Jun 19, 2023, 8:22 PM","","Bicep Curl (Machine)",,"",1,"normal",15,12,,,
"Bayswater 1","Jun 19, 2023, 7:33 PM","Jun 19, 2023, 8:22 PM","","Bicep Curl (Machine)",,"",2,"normal",15,12,,,
"Bayswater 1","Jun 19, 2023, 7:33 PM","Jun 19, 2023, 8:22 PM","","Triceps Pushdown",,"",0,"normal",14.5,12,,,
"Bayswater 1","Jun 19, 2023, 7:33 PM","Jun 19, 2023, 8:22 PM","","Triceps Pushdown",,"",1,"normal",14.5,12,,,
"Bayswater 1","Jun 19, 2023, 7:33 PM","Jun 19, 2023, 8:22 PM","","Triceps Pushdown",,"",2,"normal",14.5,12,,,
"Bayswater 1","Jun 6, 2023, 7:47 PM","Jun 6, 2023, 8:35 PM","","Leg Press Horizontal (Machine)",,"",0,"normal",60,12,,,
"Bayswater 1","Jun 6, 2023, 7:47 PM","Jun 6, 2023, 8:35 PM","","Leg Press Horizontal (Machine)",,"",1,"normal",60,12,,,
"Bayswater 1","Jun 6, 2023, 7:47 PM","Jun 6, 2023, 8:35 PM","","Leg Press Horizontal (Machine)",,"",2,"normal",60,12,,,
"Bayswater 1","Jun 6, 2023, 7:47 PM","Jun 6, 2023, 8:35 PM","","Lying Leg Curl (Machine)",,"",0,"normal",27.5,12,,,
"Bayswater 1","Jun 6, 2023, 7:47 PM","Jun 6, 2023, 8:35 PM","","Lying Leg Curl (Machine)",,"",1,"normal",27.5,12,,,
"Bayswater 1","Jun 6, 2023, 7:47 PM","Jun 6, 2023, 8:35 PM","","Lying Leg Curl (Machine)",,"",2,"normal",27.5,12,,,
"Bayswater 1","Jun 6, 2023, 7:47 PM","Jun 6, 2023, 8:35 PM","","Leg Extension (Machine)",,"",0,"normal",28.5,12,,,
"Bayswater 1","Jun 6, 2023, 7:47 PM","Jun 6, 2023, 8:35 PM","","Leg Extension (Machine)",,"",1,"normal",28.5,12,,,
"Bayswater 1","Jun 6, 2023, 7:47 PM","Jun 6, 2023, 8:35 PM","","Leg Extension (Machine)",,"",2,"normal",28.5,12,,,
"Bayswater 1","Jun 6, 2023, 7:47 PM","Jun 6, 2023, 8:35 PM","","Lat Pulldown (Cable)",,"",0,"normal",26,12,,,
"Bayswater 1","Jun 6, 2023, 7:47 PM","Jun 6, 2023, 8:35 PM","","Lat Pulldown (Cable)",,"",1,"normal",26,12,,,
"Bayswater 1","Jun 6, 2023, 7:47 PM","Jun 6, 2023, 8:35 PM","","Lat Pulldown (Cable)",,"",2,"normal",26,12,,,
"Bayswater 1","Jun 6, 2023, 7:47 PM","Jun 6, 2023, 8:35 PM","","Chest Press (Machine)",,"",0,"normal",21.5,12,,,
"Bayswater 1","Jun 6, 2023, 7:47 PM","Jun 6, 2023, 8:35 PM","","Chest Press (Machine)",,"",1,"normal",21.5,12,,,
"Bayswater 1","Jun 6, 2023, 7:47 PM","Jun 6, 2023, 8:35 PM","","Chest Press (Machine)",,"",2,"normal",21.5,12,,,
"Bayswater 1","Jun 6, 2023, 7:47 PM","Jun 6, 2023, 8:35 PM","","Seated Cable Row - Bar Grip",,"",0,"normal",19,12,,,
"Bayswater 1","Jun 6, 2023, 7:47 PM","Jun 6, 2023, 8:35 PM","","Seated Cable Row - Bar Grip",,"",1,"normal",19,12,,,
"Bayswater 1","Jun 6, 2023, 7:47 PM","Jun 6, 2023, 8:35 PM","","Seated Cable Row - Bar Grip",,"",2,"normal",19,12,,,
"Bayswater 1","Jun 6, 2023, 7:47 PM","Jun 6, 2023, 8:35 PM","","Butterfly (Pec Deck)",,"",0,"normal",26,12,,,
"Bayswater 1","Jun 6, 2023, 7:47 PM","Jun 6, 2023, 8:35 PM","","Butterfly (Pec Deck)",,"",1,"normal",26,12,,,
"Bayswater 1","Jun 6, 2023, 7:47 PM","Jun 6, 2023, 8:35 PM","","Butterfly (Pec Deck)",,"",2,"normal",26,12,,,
"Bayswater 1","Jun 6, 2023, 7:47 PM","Jun 6, 2023, 8:35 PM","","Seated Shoulder Press (Machine)",,"",0,"normal",15,12,,,
"Bayswater 1","Jun 6, 2023, 7:47 PM","Jun 6, 2023, 8:35 PM","","Seated Shoulder Press (Machine)",,"",1,"normal",15,12,,,
"Bayswater 1","Jun 6, 2023, 7:47 PM","Jun 6, 2023, 8:35 PM","","Seated Shoulder Press (Machine)",,"",2,"normal",15,12,,,
"Bayswater 1","Jun 6, 2023, 7:47 PM","Jun 6, 2023, 8:35 PM","","Bicep Curl (Machine)",,"",0,"normal",15,12,,,
"Bayswater 1","Jun 6, 2023, 7:47 PM","Jun 6, 2023, 8:35 PM","","Bicep Curl (Machine)",,"",1,"normal",15,12,,,
"Bayswater 1","Jun 6, 2023, 7:47 PM","Jun 6, 2023, 8:35 PM","","Bicep Curl (Machine)",,"",2,"normal",15,12,,,
"Bayswater 1","Jun 6, 2023, 7:47 PM","Jun 6, 2023, 8:35 PM","","Triceps Pushdown",,"",0,"normal",14.5,12,,,
"Bayswater 1","Jun 6, 2023, 7:47 PM","Jun 6, 2023, 8:35 PM","","Triceps Pushdown",,"",1,"normal",14.5,12,,,
"Bayswater 1","Jun 6, 2023, 7:47 PM","Jun 6, 2023, 8:35 PM","","Triceps Pushdown",,"",2,"normal",14.5,12,,,
"Bayswater 1","Jun 4, 2023, 4:18 PM","Jun 4, 2023, 6:37 PM","","Leg Press Horizontal (Machine)",,"",0,"normal",60,12,,,
"Bayswater 1","Jun 4, 2023, 4:18 PM","Jun 4, 2023, 6:37 PM","","Leg Press Horizontal (Machine)",,"",1,"normal",60,12,,,
"Bayswater 1","Jun 4, 2023, 4:18 PM","Jun 4, 2023, 6:37 PM","","Leg Press Horizontal (Machine)",,"",2,"normal",60,12,,,
"Bayswater 1","Jun 4, 2023, 4:18 PM","Jun 4, 2023, 6:37 PM","","Lying Leg Curl (Machine)",,"",0,"normal",27.5,12,,,
"Bayswater 1","Jun 4, 2023, 4:18 PM","Jun 4, 2023, 6:37 PM","","Lying Leg Curl (Machine)",,"",1,"normal",27.5,12,,,
"Bayswater 1","Jun 4, 2023, 4:18 PM","Jun 4, 2023, 6:37 PM","","Lying Leg Curl (Machine)",,"",2,"normal",27.5,12,,,
"Bayswater 1","Jun 4, 2023, 4:18 PM","Jun 4, 2023, 6:37 PM","","Leg Extension (Machine)",,"",0,"normal",28.5,12,,,
"Bayswater 1","Jun 4, 2023, 4:18 PM","Jun 4, 2023, 6:37 PM","","Leg Extension (Machine)",,"",1,"normal",28.5,12,,,
"Bayswater 1","Jun 4, 2023, 4:18 PM","Jun 4, 2023, 6:37 PM","","Leg Extension (Machine)",,"",2,"normal",28.5,12,,,
"Bayswater 1","Jun 4, 2023, 4:18 PM","Jun 4, 2023, 6:37 PM","","Lat Pulldown (Cable)",,"",0,"normal",26,12,,,
"Bayswater 1","Jun 4, 2023, 4:18 PM","Jun 4, 2023, 6:37 PM","","Lat Pulldown (Cable)",,"",1,"normal",26,12,,,
"Bayswater 1","Jun 4, 2023, 4:18 PM","Jun 4, 2023, 6:37 PM","","Lat Pulldown (Cable)",,"",2,"normal",26,12,,,
"Bayswater 1","Jun 4, 2023, 4:18 PM","Jun 4, 2023, 6:37 PM","","Chest Press (Machine)",,"",0,"normal",21.5,12,,,
"Bayswater 1","Jun 4, 2023, 4:18 PM","Jun 4, 2023, 6:37 PM","","Chest Press (Machine)",,"",1,"normal",21.5,12,,,
"Bayswater 1","Jun 4, 2023, 4:18 PM","Jun 4, 2023, 6:37 PM","","Chest Press (Machine)",,"",2,"normal",21.5,12,,,
"Bayswater 1","Jun 4, 2023, 4:18 PM","Jun 4, 2023, 6:37 PM","","Seated Cable Row - Bar Grip",,"",0,"normal",19,12,,,
"Bayswater 1","Jun 4, 2023, 4:18 PM","Jun 4, 2023, 6:37 PM","","Seated Cable Row - Bar Grip",,"",1,"normal",19,12,,,
"Bayswater 1","Jun 4, 2023, 4:18 PM","Jun 4, 2023, 6:37 PM","","Seated Cable Row - Bar Grip",,"",2,"normal",19,12,,,
"Bayswater 1","Jun 4, 2023, 4:18 PM","Jun 4, 2023, 6:37 PM","","Butterfly (Pec Deck)",,"",0,"normal",26,12,,,
"Bayswater 1","Jun 4, 2023, 4:18 PM","Jun 4, 2023, 6:37 PM","","Butterfly (Pec Deck)",,"",1,"normal",26,12,,,
"Bayswater 1","Jun 4, 2023, 4:18 PM","Jun 4, 2023, 6:37 PM","","Butterfly (Pec Deck)",,"",2,"normal",26,12,,,
"Bayswater 1","Jun 4, 2023, 4:18 PM","Jun 4, 2023, 6:37 PM","","Seated Shoulder Press (Machine)",,"",0,"normal",15,12,,,
"Bayswater 1","Jun 4, 2023, 4:18 PM","Jun 4, 2023, 6:37 PM","","Seated Shoulder Press (Machine)",,"",1,"normal",15,12,,,
"Bayswater 1","Jun 4, 2023, 4:18 PM","Jun 4, 2023, 6:37 PM","","Seated Shoulder Press (Machine)",,"",2,"normal",15,12,,,
"Bayswater 1","Jun 4, 2023, 4:18 PM","Jun 4, 2023, 6:37 PM","","Bicep Curl (Machine)",,"U",0,"normal",15,12,,,
"Bayswater 1","Jun 4, 2023, 4:18 PM","Jun 4, 2023, 6:37 PM","","Bicep Curl (Machine)",,"U",1,"normal",15,12,,,
"Bayswater 1","Jun 4, 2023, 4:18 PM","Jun 4, 2023, 6:37 PM","","Bicep Curl (Machine)",,"U",2,"normal",15,12,,,
"Bayswater 1","Jun 4, 2023, 4:18 PM","Jun 4, 2023, 6:37 PM","","Triceps Pushdown",,"",0,"normal",14.5,12,,,
"Bayswater 1","Jun 4, 2023, 4:18 PM","Jun 4, 2023, 6:37 PM","","Triceps Pushdown",,"",1,"normal",14.5,12,,,
"Bayswater 1","Jun 4, 2023, 4:18 PM","Jun 4, 2023, 6:37 PM","","Triceps Pushdown",,"",2,"normal",14.5,12,,,
"Bayswater 1","Mar 22, 2023, 6:59 AM","Mar 22, 2023, 7:33 AM","","Leg Press Horizontal (Machine)",,"",0,"normal",75,12,,,
"Bayswater 1","Mar 22, 2023, 6:59 AM","Mar 22, 2023, 7:33 AM","","Leg Press Horizontal (Machine)",,"",1,"normal",75,12,,,
"Bayswater 1","Mar 22, 2023, 6:59 AM","Mar 22, 2023, 7:33 AM","","Lying Leg Curl (Machine)",,"",0,"normal",32,12,,,
"Bayswater 1","Mar 22, 2023, 6:59 AM","Mar 22, 2023, 7:33 AM","","Lying Leg Curl (Machine)",,"",1,"normal",32,12,,,
"Bayswater 1","Mar 22, 2023, 6:59 AM","Mar 22, 2023, 7:33 AM","","Leg Extension (Machine)",,"",0,"normal",35.5,12,,,
"Bayswater 1","Mar 22, 2023, 6:59 AM","Mar 22, 2023, 7:33 AM","","Leg Extension (Machine)",,"",1,"normal",35.5,12,,,
"Bayswater 1","Mar 22, 2023, 6:59 AM","Mar 22, 2023, 7:33 AM","","Lat Pulldown (Cable)",,"",0,"normal",33,12,,,
"Bayswater 1","Mar 22, 2023, 6:59 AM","Mar 22, 2023, 7:33 AM","","Lat Pulldown (Cable)",,"",1,"normal",33,12,,,
"Bayswater 1","Mar 22, 2023, 6:59 AM","Mar 22, 2023, 7:33 AM","","Chest Press (Machine)",,"",0,"normal",26,12,,,
"Bayswater 1","Mar 22, 2023, 6:59 AM","Mar 22, 2023, 7:33 AM","","Chest Press (Machine)",,"",1,"normal",26,12,,,
"Bayswater 1","Mar 22, 2023, 6:59 AM","Mar 22, 2023, 7:33 AM","","Seated Cable Row - Bar Grip",,"",0,"normal",26,12,,,
"Bayswater 1","Mar 22, 2023, 6:59 AM","Mar 22, 2023, 7:33 AM","","Seated Cable Row - Bar Grip",,"",1,"normal",26,12,,,
"Bayswater 1","Mar 22, 2023, 6:59 AM","Mar 22, 2023, 7:33 AM","","Butterfly (Pec Deck)",,"",0,"normal",33,12,,,
"Bayswater 1","Mar 22, 2023, 6:59 AM","Mar 22, 2023, 7:33 AM","","Seated Shoulder Press (Machine)",,"",0,"normal",17.5,12,,,
"Bayswater 1","Mar 22, 2023, 6:59 AM","Mar 22, 2023, 7:33 AM","","Seated Shoulder Press (Machine)",,"",1,"normal",17.5,12,,,
"Bayswater 1","Mar 22, 2023, 6:59 AM","Mar 22, 2023, 7:33 AM","","Bicep Curl (Machine)",,"",0,"normal",20,12,,,
"Bayswater 1","Mar 22, 2023, 6:59 AM","Mar 22, 2023, 7:33 AM","","Bicep Curl (Machine)",,"",1,"normal",20,12,,,
"Bayswater 1","Mar 22, 2023, 6:59 AM","Mar 22, 2023, 7:33 AM","","Triceps Pushdown",,"",0,"normal",15,12,,,
"Bayswater 1","Mar 22, 2023, 6:59 AM","Mar 22, 2023, 7:33 AM","","Triceps Pushdown",,"",1,"normal",15,12,,,
"Bayswater 1","Feb 27, 2023, 6:46 AM","Feb 27, 2023, 7:12 AM","","Leg Press Horizontal (Machine)",,"",0,"normal",75,12,,,
"Bayswater 1","Feb 27, 2023, 6:46 AM","Feb 27, 2023, 7:12 AM","","Leg Press Horizontal (Machine)",,"",1,"normal",75,12,,,
"Bayswater 1","Feb 27, 2023, 6:46 AM","Feb 27, 2023, 7:12 AM","","Lying Leg Curl (Machine)",,"",0,"normal",32,12,,,
"Bayswater 1","Feb 27, 2023, 6:46 AM","Feb 27, 2023, 7:12 AM","","Lying Leg Curl (Machine)",,"",1,"normal",32,12,,,
"Bayswater 1","Feb 27, 2023, 6:46 AM","Feb 27, 2023, 7:12 AM","","Leg Extension (Machine)",,"",0,"normal",35.5,12,,,
"Bayswater 1","Feb 27, 2023, 6:46 AM","Feb 27, 2023, 7:12 AM","","Leg Extension (Machine)",,"",1,"normal",35.5,12,,,
"Bayswater 1","Feb 27, 2023, 6:46 AM","Feb 27, 2023, 7:12 AM","","Lat Pulldown (Cable)",,"",0,"normal",33,12,,,
"Bayswater 1","Feb 27, 2023, 6:46 AM","Feb 27, 2023, 7:12 AM","","Chest Press (Machine)",,"",0,"normal",26,12,,,
"Bayswater 1","Feb 27, 2023, 6:46 AM","Feb 27, 2023, 7:12 AM","","Chest Press (Machine)",,"",1,"normal",26,12,,,
"Bayswater 1","Feb 27, 2023, 6:46 AM","Feb 27, 2023, 7:12 AM","","Butterfly (Pec Deck)",,"",0,"normal",33,12,,,
"Bayswater 1","Feb 27, 2023, 6:46 AM","Feb 27, 2023, 7:12 AM","","Seated Shoulder Press (Machine)",,"",0,"normal",17.5,12,,,
"Bayswater 1","Feb 27, 2023, 6:46 AM","Feb 27, 2023, 7:12 AM","","Bicep Curl (Machine)",,"",0,"normal",20,12,,,
"Bayswater 1","Feb 27, 2023, 6:46 AM","Feb 27, 2023, 7:12 AM","","Bicep Curl (Machine)",,"",1,"normal",20,12,,,
"Bayswater 1","Feb 27, 2023, 6:46 AM","Feb 27, 2023, 7:12 AM","","Triceps Pushdown",,"",0,"normal",15,12,,,
"Bayswater 1","Feb 27, 2023, 6:46 AM","Feb 27, 2023, 7:12 AM","","Triceps Pushdown",,"",1,"normal",15,12,,,
"Bayswater 1","Feb 13, 2023, 5:59 PM","Feb 13, 2023, 7:27 PM","","Leg Press Horizontal (Machine)",,"",0,"normal",75,12,,,
"Bayswater 1","Feb 13, 2023, 5:59 PM","Feb 13, 2023, 7:27 PM","","Leg Press Horizontal (Machine)",,"",1,"normal",75,12,,,
"Bayswater 1","Feb 13, 2023, 5:59 PM","Feb 13, 2023, 7:27 PM","","Lying Leg Curl (Machine)",,"",0,"normal",32,12,,,
"Bayswater 1","Feb 13, 2023, 5:59 PM","Feb 13, 2023, 7:27 PM","","Lying Leg Curl (Machine)",,"",1,"normal",32,10,,,
"Bayswater 1","Feb 13, 2023, 5:59 PM","Feb 13, 2023, 7:27 PM","","Leg Extension (Machine)",,"",0,"normal",35.5,12,,,
"Bayswater 1","Feb 13, 2023, 5:59 PM","Feb 13, 2023, 7:27 PM","","Leg Extension (Machine)",,"",1,"normal",35.5,12,,,
"Bayswater 1","Feb 13, 2023, 5:59 PM","Feb 13, 2023, 7:27 PM","","Lat Pulldown (Cable)",,"",0,"normal",33,12,,,
"Bayswater 1","Feb 13, 2023, 5:59 PM","Feb 13, 2023, 7:27 PM","","Lat Pulldown (Cable)",,"",1,"normal",33,12,,,
"Bayswater 1","Feb 13, 2023, 5:59 PM","Feb 13, 2023, 7:27 PM","","Chest Press (Machine)",,"",0,"normal",26,12,,,
"Bayswater 1","Feb 13, 2023, 5:59 PM","Feb 13, 2023, 7:27 PM","","Chest Press (Machine)",,"",1,"normal",26,12,,,
"Bayswater 1","Feb 13, 2023, 5:59 PM","Feb 13, 2023, 7:27 PM","","Seated Cable Row - Bar Grip",,"",0,"normal",26,12,,,
"Bayswater 1","Feb 13, 2023, 5:59 PM","Feb 13, 2023, 7:27 PM","","Seated Cable Row - Bar Grip",,"",1,"normal",26,12,,,
"Bayswater 1","Feb 13, 2023, 5:59 PM","Feb 13, 2023, 7:27 PM","","Butterfly (Pec Deck)",,"",0,"normal",33,12,,,
"Bayswater 1","Feb 13, 2023, 5:59 PM","Feb 13, 2023, 7:27 PM","","Butterfly (Pec Deck)",,"",1,"normal",33,12,,,
"Bayswater 1","Feb 13, 2023, 5:59 PM","Feb 13, 2023, 7:27 PM","","Seated Shoulder Press (Machine)",,"",0,"normal",17.5,12,,,
"Bayswater 1","Feb 13, 2023, 5:59 PM","Feb 13, 2023, 7:27 PM","","Bicep Curl (Machine)",,"",0,"normal",20,12,,,
"Bayswater 1","Feb 13, 2023, 5:59 PM","Feb 13, 2023, 7:27 PM","","Bicep Curl (Machine)",,"",1,"normal",20,12,,,
"Bayswater 1","Feb 13, 2023, 5:59 PM","Feb 13, 2023, 7:27 PM","","Triceps Pushdown",,"",0,"normal",15,12,,,
"Bayswater 1","Feb 13, 2023, 5:59 PM","Feb 13, 2023, 7:27 PM","","Triceps Pushdown",,"",1,"normal",15,12,,,
"Bayswater 1","Feb 13, 2023, 5:59 PM","Feb 13, 2023, 7:27 PM","","Elliptical Trainer",,"",0,"normal",,,,1800,
"Bayswater 1","Jan 27, 2023, 5:50 PM","Jan 27, 2023, 7:06 PM","","Leg Press Horizontal (Machine)",,"",0,"normal",70,12,,,
"Bayswater 1","Jan 27, 2023, 5:50 PM","Jan 27, 2023, 7:06 PM","","Leg Press Horizontal (Machine)",,"",1,"normal",75,12,,,
"Bayswater 1","Jan 27, 2023, 5:50 PM","Jan 27, 2023, 7:06 PM","","Lying Leg Curl (Machine)",,"",0,"normal",30,12,,,
"Bayswater 1","Jan 27, 2023, 5:50 PM","Jan 27, 2023, 7:06 PM","","Lying Leg Curl (Machine)",,"",1,"normal",32,12,,,
"Bayswater 1","Jan 27, 2023, 5:50 PM","Jan 27, 2023, 7:06 PM","","Leg Extension (Machine)",,"",0,"normal",35.5,12,,,
"Bayswater 1","Jan 27, 2023, 5:50 PM","Jan 27, 2023, 7:06 PM","","Leg Extension (Machine)",,"",1,"normal",35.5,12,,,
"Bayswater 1","Jan 27, 2023, 5:50 PM","Jan 27, 2023, 7:06 PM","","Lat Pulldown (Cable)",,"",0,"normal",33,12,,,
"Bayswater 1","Jan 27, 2023, 5:50 PM","Jan 27, 2023, 7:06 PM","","Lat Pulldown (Cable)",,"",1,"normal",33,12,,,
"Bayswater 1","Jan 27, 2023, 5:50 PM","Jan 27, 2023, 7:06 PM","","Chest Press (Machine)",,"",0,"normal",26,12,,,
"Bayswater 1","Jan 27, 2023, 5:50 PM","Jan 27, 2023, 7:06 PM","","Chest Press (Machine)",,"",1,"normal",26,12,,,
"Bayswater 1","Jan 27, 2023, 5:50 PM","Jan 27, 2023, 7:06 PM","","Seated Cable Row - Bar Grip",,"Left elbow and part of forearm hurts",0,"normal",26,12,,,
"Bayswater 1","Jan 27, 2023, 5:50 PM","Jan 27, 2023, 7:06 PM","","Seated Cable Row - Bar Grip",,"Left elbow and part of forearm hurts",1,"normal",26,12,,,
"Bayswater 1","Jan 27, 2023, 5:50 PM","Jan 27, 2023, 7:06 PM","","Butterfly (Pec Deck)",,"",0,"normal",33,12,,,
"Bayswater 1","Jan 27, 2023, 5:50 PM","Jan 27, 2023, 7:06 PM","","Seated Shoulder Press (Machine)",,"",0,"normal",17.5,12,,,
"Bayswater 1","Jan 27, 2023, 5:50 PM","Jan 27, 2023, 7:06 PM","","Seated Shoulder Press (Machine)",,"",1,"normal",17.5,12,,,
"Bayswater 1","Jan 27, 2023, 5:50 PM","Jan 27, 2023, 7:06 PM","","Bicep Curl (Machine)",,"Left elbow pain",0,"normal",20,12,,,
"Bayswater 1","Jan 27, 2023, 5:50 PM","Jan 27, 2023, 7:06 PM","","Bicep Curl (Machine)",,"Left elbow pain",1,"normal",20,12,,,
"Bayswater 1","Jan 27, 2023, 5:50 PM","Jan 27, 2023, 7:06 PM","","Triceps Pushdown",,"",0,"normal",15,12,,,
"Bayswater 1","Jan 27, 2023, 5:50 PM","Jan 27, 2023, 7:06 PM","","Triceps Pushdown",,"",1,"normal",15,12,,,
"Bayswater 1","Jan 27, 2023, 5:50 PM","Jan 27, 2023, 7:06 PM","","Elliptical Trainer",,"",0,"normal",,,,1800,
"Bayswater 1","Jan 16, 2023, 6:11 PM","Jan 16, 2023, 7:34 PM","","Leg Press Horizontal (Machine)",,"",0,"normal",70,12,,,
"Bayswater 1","Jan 16, 2023, 6:11 PM","Jan 16, 2023, 7:34 PM","","Leg Press Horizontal (Machine)",,"",1,"normal",70,12,,,
"Bayswater 1","Jan 16, 2023, 6:11 PM","Jan 16, 2023, 7:34 PM","","Lying Leg Curl (Machine)",,"",0,"normal",30,12,,,
"Bayswater 1","Jan 16, 2023, 6:11 PM","Jan 16, 2023, 7:34 PM","","Lying Leg Curl (Machine)",,"",1,"normal",30,12,,,
"Bayswater 1","Jan 16, 2023, 6:11 PM","Jan 16, 2023, 7:34 PM","","Leg Extension (Machine)",,"",0,"normal",33,12,,,
"Bayswater 1","Jan 16, 2023, 6:11 PM","Jan 16, 2023, 7:34 PM","","Leg Extension (Machine)",,"",1,"normal",35.5,12,,,
"Bayswater 1","Jan 16, 2023, 6:11 PM","Jan 16, 2023, 7:34 PM","","Lat Pulldown (Cable)",,"",0,"normal",38,12,,,
"Bayswater 1","Jan 16, 2023, 6:11 PM","Jan 16, 2023, 7:34 PM","","Lat Pulldown (Cable)",,"",1,"normal",38,12,,,
"Bayswater 1","Jan 16, 2023, 6:11 PM","Jan 16, 2023, 7:34 PM","","Chest Press (Machine)",,"",0,"normal",33,12,,,
"Bayswater 1","Jan 16, 2023, 6:11 PM","Jan 16, 2023, 7:34 PM","","Chest Press (Machine)",,"",1,"normal",35.5,12,,,
"Bayswater 1","Jan 16, 2023, 6:11 PM","Jan 16, 2023, 7:34 PM","","Seated Cable Row - Bar Grip",,"",0,"normal",35.5,12,,,
"Bayswater 1","Jan 16, 2023, 6:11 PM","Jan 16, 2023, 7:34 PM","","Seated Cable Row - Bar Grip",,"",1,"normal",35.5,12,,,
"Bayswater 1","Jan 16, 2023, 6:11 PM","Jan 16, 2023, 7:34 PM","","Butterfly (Pec Deck)",,"",0,"normal",40,12,,,
"Bayswater 1","Jan 16, 2023, 6:11 PM","Jan 16, 2023, 7:34 PM","","Butterfly (Pec Deck)",,"",1,"normal",42.5,12,,,
"Bayswater 1","Jan 16, 2023, 6:11 PM","Jan 16, 2023, 7:34 PM","","Seated Shoulder Press (Machine)",,"",0,"normal",22.5,12,,,
"Bayswater 1","Jan 16, 2023, 6:11 PM","Jan 16, 2023, 7:34 PM","","Seated Shoulder Press (Machine)",,"",1,"normal",22.5,12,,,
"Bayswater 1","Jan 16, 2023, 6:11 PM","Jan 16, 2023, 7:34 PM","","Bicep Curl (Machine)",,"",0,"normal",27.5,12,,,
"Bayswater 1","Jan 16, 2023, 6:11 PM","Jan 16, 2023, 7:34 PM","","Bicep Curl (Machine)",,"",1,"normal",27.5,12,,,
"Bayswater 1","Jan 16, 2023, 6:11 PM","Jan 16, 2023, 7:34 PM","","Triceps Pushdown",,"",0,"normal",21.5,12,,,
"Bayswater 1","Jan 16, 2023, 6:11 PM","Jan 16, 2023, 7:34 PM","","Triceps Pushdown",,"",1,"normal",21.5,12,,,
"Bayswater 1","Jan 14, 2023, 2:09 PM","Jan 14, 2023, 2:48 PM","","Leg Press Horizontal (Machine)",,"",0,"normal",70,12,,,
"Bayswater 1","Jan 14, 2023, 2:09 PM","Jan 14, 2023, 2:48 PM","","Leg Press Horizontal (Machine)",,"",1,"normal",70,12,,,
"Bayswater 1","Jan 14, 2023, 2:09 PM","Jan 14, 2023, 2:48 PM","","Lying Leg Curl (Machine)",,"",0,"normal",30,12,,,
"Bayswater 1","Jan 14, 2023, 2:09 PM","Jan 14, 2023, 2:48 PM","","Lying Leg Curl (Machine)",,"",1,"normal",30,12,,,
"Bayswater 1","Jan 14, 2023, 2:09 PM","Jan 14, 2023, 2:48 PM","","Leg Extension (Machine)",,"",0,"normal",33,12,,,
"Bayswater 1","Jan 14, 2023, 2:09 PM","Jan 14, 2023, 2:48 PM","","Leg Extension (Machine)",,"",1,"normal",33,12,,,
"Bayswater 1","Jan 14, 2023, 2:09 PM","Jan 14, 2023, 2:48 PM","","Lat Pulldown (Cable)",,"",0,"normal",35.5,12,,,
"Bayswater 1","Jan 14, 2023, 2:09 PM","Jan 14, 2023, 2:48 PM","","Lat Pulldown (Cable)",,"",1,"normal",38,12,,,
"Bayswater 1","Jan 14, 2023, 2:09 PM","Jan 14, 2023, 2:48 PM","","Chest Press (Machine)",,"",0,"normal",33,12,,,
"Bayswater 1","Jan 14, 2023, 2:09 PM","Jan 14, 2023, 2:48 PM","","Chest Press (Machine)",,"",1,"normal",33,12,,,
"Bayswater 1","Jan 14, 2023, 2:09 PM","Jan 14, 2023, 2:48 PM","","Seated Cable Row - Bar Grip",,"",0,"normal",35.5,12,,,
"Bayswater 1","Jan 14, 2023, 2:09 PM","Jan 14, 2023, 2:48 PM","","Seated Cable Row - Bar Grip",,"",1,"normal",35.5,12,,,
"Bayswater 1","Jan 14, 2023, 2:09 PM","Jan 14, 2023, 2:48 PM","","Butterfly (Pec Deck)",,"",0,"normal",38,12,,,
"Bayswater 1","Jan 14, 2023, 2:09 PM","Jan 14, 2023, 2:48 PM","","Butterfly (Pec Deck)",,"",1,"normal",40,12,,,
"Bayswater 1","Jan 14, 2023, 2:09 PM","Jan 14, 2023, 2:48 PM","","Seated Shoulder Press (Machine)",,"",0,"normal",20,12,,,
"Bayswater 1","Jan 14, 2023, 2:09 PM","Jan 14, 2023, 2:48 PM","","Seated Shoulder Press (Machine)",,"",1,"normal",22.5,12,,,
"Bayswater 1","Jan 14, 2023, 2:09 PM","Jan 14, 2023, 2:48 PM","","Bicep Curl (Machine)",,"",0,"normal",27.5,12,,,
"Bayswater 1","Jan 14, 2023, 2:09 PM","Jan 14, 2023, 2:48 PM","","Bicep Curl (Machine)",,"",1,"normal",27.5,12,,,
"Bayswater 1","Jan 14, 2023, 2:09 PM","Jan 14, 2023, 2:48 PM","","Triceps Pushdown",,"",0,"normal",21.5,12,,,
"Bayswater 1","Jan 14, 2023, 2:09 PM","Jan 14, 2023, 2:48 PM","","Triceps Pushdown",,"",1,"normal",21.5,12,,,
"Bayswater 1","Jan 9, 2023, 7:17 PM","Jan 9, 2023, 7:52 PM","","Leg Press Horizontal (Machine)",,"",0,"normal",70,12,,,
"Bayswater 1","Jan 9, 2023, 7:17 PM","Jan 9, 2023, 7:52 PM","","Leg Press Horizontal (Machine)",,"",1,"normal",70,12,,,
"Bayswater 1","Jan 9, 2023, 7:17 PM","Jan 9, 2023, 7:52 PM","","Lying Leg Curl (Machine)",,"",0,"normal",27.5,12,,,
"Bayswater 1","Jan 9, 2023, 7:17 PM","Jan 9, 2023, 7:52 PM","","Lying Leg Curl (Machine)",,"",1,"normal",30,12,,,
"Bayswater 1","Jan 9, 2023, 7:17 PM","Jan 9, 2023, 7:52 PM","","Leg Extension (Machine)",,"",0,"normal",31,12,,,
"Bayswater 1","Jan 9, 2023, 7:17 PM","Jan 9, 2023, 7:52 PM","","Leg Extension (Machine)",,"",1,"normal",33,12,,,
"Bayswater 1","Jan 9, 2023, 7:17 PM","Jan 9, 2023, 7:52 PM","","Lat Pulldown (Cable)",,"",0,"normal",33,12,,,
"Bayswater 1","Jan 9, 2023, 7:17 PM","Jan 9, 2023, 7:52 PM","","Lat Pulldown (Cable)",,"",1,"normal",35.5,12,,,
"Bayswater 1","Jan 9, 2023, 7:17 PM","Jan 9, 2023, 7:52 PM","","Chest Press (Machine)",,"",0,"normal",31,12,,,
"Bayswater 1","Jan 9, 2023, 7:17 PM","Jan 9, 2023, 7:52 PM","","Chest Press (Machine)",,"",1,"normal",33,12,,,
"Bayswater 1","Jan 9, 2023, 7:17 PM","Jan 9, 2023, 7:52 PM","","Seated Cable Row - Bar Grip",,"",0,"normal",35.5,12,,,
"Bayswater 1","Jan 9, 2023, 7:17 PM","Jan 9, 2023, 7:52 PM","","Seated Cable Row - Bar Grip",,"",1,"normal",35.5,12,,,
"Bayswater 1","Jan 9, 2023, 7:17 PM","Jan 9, 2023, 7:52 PM","","Butterfly (Pec Deck)",,"",0,"normal",38,12,,,
"Bayswater 1","Jan 9, 2023, 7:17 PM","Jan 9, 2023, 7:52 PM","","Butterfly (Pec Deck)",,"",1,"normal",38,12,,,
"Bayswater 1","Jan 9, 2023, 7:17 PM","Jan 9, 2023, 7:52 PM","","Seated Shoulder Press (Machine)",,"",0,"normal",20,12,,,
"Bayswater 1","Jan 9, 2023, 7:17 PM","Jan 9, 2023, 7:52 PM","","Seated Shoulder Press (Machine)",,"",1,"normal",20,12,,,
"Bayswater 1","Jan 9, 2023, 7:17 PM","Jan 9, 2023, 7:52 PM","","Bicep Curl (Machine)",,"",0,"normal",25,12,,,
"Bayswater 1","Jan 9, 2023, 7:17 PM","Jan 9, 2023, 7:52 PM","","Bicep Curl (Machine)",,"",1,"normal",27.5,12,,,
"Bayswater 1","Jan 9, 2023, 7:17 PM","Jan 9, 2023, 7:52 PM","","Triceps Pushdown",,"",0,"normal",19,12,,,
"Bayswater 1","Jan 9, 2023, 7:17 PM","Jan 9, 2023, 7:52 PM","","Triceps Pushdown",,"",1,"normal",19,12,,,
"Bayswater 1","Jan 3, 2023, 10:09 AM","Jan 3, 2023, 10:44 AM","","Leg Press Horizontal (Machine)",,"",0,"normal",67.5,12,,,
"Bayswater 1","Jan 3, 2023, 10:09 AM","Jan 3, 2023, 10:44 AM","","Leg Press Horizontal (Machine)",,"",1,"normal",70,12,,,
"Bayswater 1","Jan 3, 2023, 10:09 AM","Jan 3, 2023, 10:44 AM","","Lying Leg Curl (Machine)",,"",0,"normal",25,12,,,
"Bayswater 1","Jan 3, 2023, 10:09 AM","Jan 3, 2023, 10:44 AM","","Lying Leg Curl (Machine)",,"",1,"normal",27.5,12,,,
"Bayswater 1","Jan 3, 2023, 10:09 AM","Jan 3, 2023, 10:44 AM","","Leg Extension (Machine)",,"",0,"normal",31,12,,,
"Bayswater 1","Jan 3, 2023, 10:09 AM","Jan 3, 2023, 10:44 AM","","Leg Extension (Machine)",,"",1,"normal",31,12,,,
"Bayswater 1","Jan 3, 2023, 10:09 AM","Jan 3, 2023, 10:44 AM","","Lat Pulldown (Cable)",,"",0,"normal",33,12,,,
"Bayswater 1","Jan 3, 2023, 10:09 AM","Jan 3, 2023, 10:44 AM","","Lat Pulldown (Cable)",,"",1,"normal",33,12,,,
"Bayswater 1","Jan 3, 2023, 10:09 AM","Jan 3, 2023, 10:44 AM","","Chest Press (Machine)",,"",0,"normal",28.5,12,,,
"Bayswater 1","Jan 3, 2023, 10:09 AM","Jan 3, 2023, 10:44 AM","","Chest Press (Machine)",,"",1,"normal",31,12,,,
"Bayswater 1","Jan 3, 2023, 10:09 AM","Jan 3, 2023, 10:44 AM","","Seated Cable Row - Bar Grip",,"",0,"normal",35.5,12,,,
"Bayswater 1","Jan 3, 2023, 10:09 AM","Jan 3, 2023, 10:44 AM","","Seated Cable Row - Bar Grip",,"",1,"normal",35.5,12,,,
"Bayswater 1","Jan 3, 2023, 10:09 AM","Jan 3, 2023, 10:44 AM","","Butterfly (Pec Deck)",,"",0,"normal",35.5,12,,,
"Bayswater 1","Jan 3, 2023, 10:09 AM","Jan 3, 2023, 10:44 AM","","Butterfly (Pec Deck)",,"",1,"normal",38,12,,,
"Bayswater 1","Jan 3, 2023, 10:09 AM","Jan 3, 2023, 10:44 AM","","Seated Shoulder Press (Machine)",,"",0,"normal",17.5,12,,,
"Bayswater 1","Jan 3, 2023, 10:09 AM","Jan 3, 2023, 10:44 AM","","Seated Shoulder Press (Machine)",,"",1,"normal",20,12,,,
"Bayswater 1","Jan 3, 2023, 10:09 AM","Jan 3, 2023, 10:44 AM","","Bicep Curl (Machine)",,"",0,"normal",25,12,,,
"Bayswater 1","Jan 3, 2023, 10:09 AM","Jan 3, 2023, 10:44 AM","","Bicep Curl (Machine)",,"",1,"normal",25,12,,,
"Bayswater 1","Jan 3, 2023, 10:09 AM","Jan 3, 2023, 10:44 AM","","Triceps Pushdown",,"",0,"normal",19,12,,,
"Bayswater 1","Jan 3, 2023, 10:09 AM","Jan 3, 2023, 10:44 AM","","Triceps Pushdown",,"",1,"normal",19,12,,,
"Bayswater 1","Dec 28, 2022, 10:18 AM","Dec 28, 2022, 10:56 AM","","Leg Press Horizontal (Machine)",,"",0,"normal",65,12,,,
"Bayswater 1","Dec 28, 2022, 10:18 AM","Dec 28, 2022, 10:56 AM","","Leg Press Horizontal (Machine)",,"",1,"normal",67.5,12,,,
"Bayswater 1","Dec 28, 2022, 10:18 AM","Dec 28, 2022, 10:56 AM","","Lying Leg Curl (Machine)",,"",0,"normal",25,12,,,
"Bayswater 1","Dec 28, 2022, 10:18 AM","Dec 28, 2022, 10:56 AM","","Lying Leg Curl (Machine)",,"",1,"normal",25,12,,,
"Bayswater 1","Dec 28, 2022, 10:18 AM","Dec 28, 2022, 10:56 AM","","Leg Extension (Machine)",,"",0,"normal",28.5,12,,,
"Bayswater 1","Dec 28, 2022, 10:18 AM","Dec 28, 2022, 10:56 AM","","Leg Extension (Machine)",,"",1,"normal",31,12,,,
"Bayswater 1","Dec 28, 2022, 10:18 AM","Dec 28, 2022, 10:56 AM","","Lat Pulldown (Cable)",,"",0,"normal",33,12,,,
"Bayswater 1","Dec 28, 2022, 10:18 AM","Dec 28, 2022, 10:56 AM","","Lat Pulldown (Cable)",,"",1,"normal",33,12,,,
"Bayswater 1","Dec 28, 2022, 10:18 AM","Dec 28, 2022, 10:56 AM","","Chest Press (Machine)",,"",0,"normal",28.5,12,,,
"Bayswater 1","Dec 28, 2022, 10:18 AM","Dec 28, 2022, 10:56 AM","","Chest Press (Machine)",,"",1,"normal",28.5,12,,,
"Bayswater 1","Dec 28, 2022, 10:18 AM","Dec 28, 2022, 10:56 AM","","Seated Cable Row - Bar Grip",,"",0,"normal",35.5,12,,,
"Bayswater 1","Dec 28, 2022, 10:18 AM","Dec 28, 2022, 10:56 AM","","Seated Cable Row - Bar Grip",,"",1,"normal",35.5,12,,,
"Bayswater 1","Dec 28, 2022, 10:18 AM","Dec 28, 2022, 10:56 AM","","Butterfly (Pec Deck)",,"",0,"normal",35.5,12,,,
"Bayswater 1","Dec 28, 2022, 10:18 AM","Dec 28, 2022, 10:56 AM","","Butterfly (Pec Deck)",,"",1,"normal",35.5,12,,,
"Bayswater 1","Dec 28, 2022, 10:18 AM","Dec 28, 2022, 10:56 AM","","Seated Shoulder Press (Machine)",,"",0,"normal",15,12,,,
"Bayswater 1","Dec 28, 2022, 10:18 AM","Dec 28, 2022, 10:56 AM","","Seated Shoulder Press (Machine)",,"",1,"normal",17.5,12,,,
"Bayswater 1","Dec 28, 2022, 10:18 AM","Dec 28, 2022, 10:56 AM","","Bicep Curl (Machine)",,"",0,"normal",25,12,,,
"Bayswater 1","Dec 28, 2022, 10:18 AM","Dec 28, 2022, 10:56 AM","","Bicep Curl (Machine)",,"",1,"normal",25,12,,,
"Bayswater 1","Dec 28, 2022, 10:18 AM","Dec 28, 2022, 10:56 AM","","Triceps Pushdown",,"",0,"normal",19,12,,,
"Bayswater 1","Dec 28, 2022, 10:18 AM","Dec 28, 2022, 10:56 AM","","Triceps Pushdown",,"",1,"normal",19,12,,,
"Bayswater 1","Dec 26, 2022, 11:41 AM","Dec 26, 2022, 12:12 PM","","Leg Press Horizontal (Machine)",,"",0,"normal",55,12,,,
"Bayswater 1","Dec 26, 2022, 11:41 AM","Dec 26, 2022, 12:12 PM","","Leg Press Horizontal (Machine)",,"",1,"normal",65,12,,,
"Bayswater 1","Dec 26, 2022, 11:41 AM","Dec 26, 2022, 12:12 PM","","Lying Leg Curl (Machine)",,"",0,"normal",25,12,,,
"Bayswater 1","Dec 26, 2022, 11:41 AM","Dec 26, 2022, 12:12 PM","","Lying Leg Curl (Machine)",,"",1,"normal",25,12,,,
"Bayswater 1","Dec 26, 2022, 11:41 AM","Dec 26, 2022, 12:12 PM","","Leg Extension (Machine)",,"",0,"normal",26,12,,,
"Bayswater 1","Dec 26, 2022, 11:41 AM","Dec 26, 2022, 12:12 PM","","Leg Extension (Machine)",,"",1,"normal",28.5,12,,,
"Bayswater 1","Dec 26, 2022, 11:41 AM","Dec 26, 2022, 12:12 PM","","Lat Pulldown (Cable)",,"",0,"normal",33,12,,,
"Bayswater 1","Dec 26, 2022, 11:41 AM","Dec 26, 2022, 12:12 PM","","Lat Pulldown (Cable)",,"",1,"normal",33,12,,,
"Bayswater 1","Dec 26, 2022, 11:41 AM","Dec 26, 2022, 12:12 PM","","Chest Press (Machine)",,"",0,"normal",26,12,,,
"Bayswater 1","Dec 26, 2022, 11:41 AM","Dec 26, 2022, 12:12 PM","","Chest Press (Machine)",,"",1,"normal",28.5,12,,,
"Bayswater 1","Dec 26, 2022, 11:41 AM","Dec 26, 2022, 12:12 PM","","Seated Cable Row - Bar Grip",,"",0,"normal",35.5,12,,,
"Bayswater 1","Dec 26, 2022, 11:41 AM","Dec 26, 2022, 12:12 PM","","Seated Cable Row - Bar Grip",,"",1,"normal",35.5,12,,,
"Bayswater 1","Dec 26, 2022, 11:41 AM","Dec 26, 2022, 12:12 PM","","Butterfly (Pec Deck)",,"",0,"normal",33,12,,,
"Bayswater 1","Dec 26, 2022, 11:41 AM","Dec 26, 2022, 12:12 PM","","Butterfly (Pec Deck)",,"",1,"normal",35.5,12,,,
"Bayswater 1","Dec 26, 2022, 11:41 AM","Dec 26, 2022, 12:12 PM","","Seated Shoulder Press (Machine)",,"",0,"normal",15,12,,,
"Bayswater 1","Dec 26, 2022, 11:41 AM","Dec 26, 2022, 12:12 PM","","Seated Shoulder Press (Machine)",,"",1,"normal",15,12,,,
"Bayswater 1","Dec 26, 2022, 11:41 AM","Dec 26, 2022, 12:12 PM","","Bicep Curl (Machine)",,"",0,"normal",25,12,,,
"Bayswater 1","Dec 26, 2022, 11:41 AM","Dec 26, 2022, 12:12 PM","","Bicep Curl (Machine)",,"",1,"normal",25,12,,,
"Bayswater 1","Dec 26, 2022, 11:41 AM","Dec 26, 2022, 12:12 PM","","Triceps Pushdown",,"",0,"normal",19,12,,,
"Bayswater 1","Dec 26, 2022, 11:41 AM","Dec 26, 2022, 12:12 PM","","Triceps Pushdown",,"",1,"normal",19,12,,,