start,duration,value
2026-09-23T08:13:00+02:00,"[240,1200,2340,180,120]","[0,1,2,2,1]"
2026-09-18T16:44:00+02:00,"[300,900,1080,780,60]","[0,3,1,2,2]"
2026-09-14T17:59:00+02:00,[59],[2]
2026-09-14T17:58:00+02:00,[59],[2]
2026-09-14T17:57:00+02:00,[59],[2]
2026-09-14T17:56:00+02:00,[59],[2]
2026-09-14T17:55:00+02:00,[59],[2]
2026-09-14T17:54:00+02:00,[59],[2]
2026-09-14T17:53:00+02:00,[59],[1]
2026-09-14T17:52:00+02:00,[59],[1]
2026-09-14T17:51:00+02:00,[59],[1]
2026-09-14T17:50:00+02:00,[59],[1]
2026-09-14T17:49:00+02:00,[59],[1]
2026-09-14T17:48:00+02:00,[59],[1]
2026-09-14T17:47:00+02:00,[59],[1]
2026-09-14T17:46:00+02:00,[59],[1]
2026-09-14T17:45:00+02:00,[59],[1]
2026-09-14T17:44:00+02:00,[59],[1]
2026-09-14T17:43:00+02:00,[59],[1]
2026-09-14T17:42:00+02:00,[59],[1]
2026-09-14T17:41:00+02:00,[59],[1]
2026-09-14T17:40:00+02:00,[59],[1]
2026-09-14T17:39:00+02:00,[59],[1]
2026-09-14T17:38:00+02:00,[59],[1]
2026-09-14T17:37:00+02:00,[59],[1]
2026-09-14T17:36:00+02:00,[59],[1]
2026-09-14T17:35:00+02:00,[59],[1]
2026-09-14T17:34:00+02:00,[59],[1]
2026-09-14T17:33:00+02:00,[59],[1]
2026-09-14T17:32:00+02:00,[59],[1]
2026-09-14T17:31:00+02:00,[59],[1]
2026-09-14T17:30:00+02:00,[59],[1]
2026-09-14T17:29:00+02:00,[59],[1]
2026-09-14T17:28:00+02:00,[59],[1]
2026-09-13T17:59:00+02:00,[59],[1]
2026-09-13T17:58:00+02:00,[59],[1]
2026-09-13T17:57:00+02:00,[59],[1]
2026-09-13T17:56:00+02:00,[59],[1]
2026-09-13T17:55:00+02:00,[59],[1]
2026-09-13T17:54:00+02:00,[59],[1]
2026-09-13T17:53:00+02:00,[59],[1]
2026-09-13T17:52:00+02:00,[59],[1]
2026-09-13T17:51:00+02:00,[59],[1]
2026-09-13T17:50:00+02:00,[59],[1]
2026-09-13T17:49:00+02:00,[59],[1]
2026-09-13T17:48:00+02:00,[59],[1]
2026-09-13T17:47:00+02:00,[59],[1]
2026-09-13T17:46:00+02:00,[59],[1]
2026-09-13T17:45:00+02:00,[59],[1]
2026-09-13T17:44:00+02:00,[59],[1]
2026-09-13T17:43:00+02:00,[59],[1]
2026-09-13T17:42:00+02:00,[59],[1]
2026-09-13T17:41:00+02:00,[59],[1]
2026-09-13T17:40:00+02:00,[59],[1]
2026-09-13T17:39:00+02:00,[59],[1]
2026-09-13T17:38:00+02:00,[59],[1]
2026-09-13T17:37:00+02:00,[59],[1]
2026-09-13T17:36:00+02:00,[59],[1]
2026-09-13T17:35:00+02:00,[59],[1]
2026-09-13T17:34:00+02:00,[59],[1]
2026-09-13T17:33:00+02:00,[59],[1]
2026-09-13T17:32:00+02:00,[59],[1]
2026-09-13T17:31:00+02:00,[59],[1]
2026-09-13T17:30:00+02:00,[59],[1]
2026-09-13T17:29:00+02:00,[59],[1]
2026-09-13T17:28:00+02:00,[59],[1]
2026-09-13T17:27:00+02:00,[59],[1]
2026-09-13T17:26:00+02:00,[59],[1]
2026-09-13T17:25:00+02:00,[59],[1]
2026-09-13T17:24:00+02:00,[59],[1]
2026-09-13T17:23:00+02:00,[59],[1]
2026-09-13T17:22:00+02:00,[59],[1]
2026-09-13T17:21:00+02:00,[59],[1]
2026-09-13T17:20:00+02:00,[59],[1]
2026-09-13T17:19:00+02:00,[59],[1]
2026-09-13T17:18:00+02:00,[59],[1]
2026-09-13T17:17:00+02:00,[59],[1]
2026-09-13T17:16:00+02:00,[59],[1]
2026-09-13T17:15:00+02:00,[59],[1]
2026-09-13T17:14:00+02:00,[59],[1]
2026-09-13T17:13:00+02:00,[59],[1]
2026-09-13T17:12:00+02:00,[59],[1]
2026-09-13T17:11:00+02:00,[59],[1]
2026-09-13T17:10:00+02:00,[59],[1]
2026-09-13T17:09:00+02:00,[59],[1]
2026-09-13T17:08:00+02:00,[59],[1]
2026-09-13T17:07:00+02:00,[59],[1]
2026-09-13T17:06:00+02:00,[59],[1]
2026-09-13T17:05:00+02:00,[59],[1]
2026-09-13T17:04:00+02:00,[59],[1]
2026-09-13T17:03:00+02:00,[59],[1]
2026-09-13T17:02:00+02:00,[59],[1]
2026-09-13T17:01:00+02:00,[59],[1]
2026-09-13T17:00:00+02:00,[59],[1]
2026-09-13T16:59:00+02:00,[59],[2]
2026-09-13T16:58:00+02:00,[59],[2]
2026-09-13T16:57:00+02:00,[59],[2]
2026-09-13T16:56:00+02:00,[59],[2]
2026-09-13T16:55:00+02:00,[59],[2]
2026-09-13T16:54:00+02:00,[59],[2]
2026-09-13T16:53:00+02:00,[59],[2]
2026-09-13T16:52:00+02:00,[59],[2]
2026-09-13T16:51:00+02:00,[59],[2]
2026-09-13T16:50:00+02:00,[59],[2]
2026-09-13T16:49:00+02:00,[59],[2]
2026-09-13T16:48:00+02:00,[59],[2]
2026-09-13T16:46:00+02:00,[59],[2]
2026-09-13T16:45:00+02:00,[59],[2]
2026-09-13T16:44:00+02:00,[59],[1]
2026-09-13T16:43:00+02:00,[59],[1]
2026-09-13T16:42:00+02:00,[59],[1]
2026-09-13T16:41:00+02:00,[59],[1]
2026-09-13T16:40:00+02:00,[59],[1]
2026-09-13T16:39:00+02:00,[59],[1]
2026-09-13T16:38:00+02:00,[59],[1]
2026-09-13T16:37:00+02:00,[59],[1]
2026-09-13T16:36:00+02:00,[59],[1]
2026-09-13T16:35:00+02:00,[59],[1]
2026-09-13T16:34:00+02:00,[59],[1]
2026-09-13T16:33:00+02:00,[59],[1]
2026-09-13T16:32:00+02:00,[59],[1]
2026-09-13T16:31:00+02:00,[59],[1]
2026-09-13T16:30:00+02:00,[59],[1]
2026-09-13T16:29:00+02:00,[59],[1]
2026-09-13T16:28:00+02:00,[59],[1]
2026-09-13T16:27:00+02:00,[59],[1]
2026-09-13T16:26:00+02:00,[59],[1]
2026-09-13T16:25:00+02:00,[59],[1]
2026-09-13T16:24:00+02:00,[59],[1]
2026-09-13T16:23:00+02:00,[59],[1]
2026-09-13T16:22:00+02:00,[59],[1]
2026-09-13T16:21:00+02:00,[59],[1]
2026-09-13T16:20:00+02:00,[59],[1]
2026-09-13T16:19:00+02:00,[59],[1]
2026-09-13T16:18:00+02:00,[59],[1]
2026-09-13T16:17:00+02:00,[59],[1]
2026-09-13T16:16:00+02:00,[59],[1]
2026-09-13T16:15:00+02:00,[59],[1]
2026-09-13T16:14:00+02:00,[59],[1]
2026-09-13T16:13:00+02:00,[59],[1]
2026-09-13T16:12:00+02:00,[59],[1]
2026-09-13T16:11:00+02:00,[59],[1]
2026-09-13T16:10:00+02:00,[59],[1]
2026-09-12T17:56:00+02:00,[59],[1]
2026-09-12T17:55:00+02:00,[59],[1]
2026-09-12T17:54:00+02:00,[59],[1]
2026-09-12T17:53:00+02:00,[59],[1]
2026-09-12T17:52:00+02:00,[59],[1]
2026-09-12T17:51:00+02:00,[59],[1]
2026-09-12T17:50:00+02:00,[59],[1]
2026-09-12T17:49:00+02:00,[59],[1]
2026-09-12T17:48:00+02:00,[59],[1]
2026-09-12T17:47:00+02:00,[59],[1]
2026-09-12T17:46:00+02:00,[59],[1]
2026-09-12T17:45:00+02:00,[59],[1]
2026-09-12T17:44:00+02:00,[59],[1]
2026-09-12T17:43:00+02:00,[59],[1]
2026-09-12T17:42:00+02:00,[59],[1]
2026-09-12T17:41:00+02:00,[59],[1]
2026-09-12T17:40:00+02:00,[59],[1]
2026-09-12T17:39:00+02:00,[59],[1]
2026-09-12T17:38:00+02:00,[59],[1]
2026-09-12T17:37:00+02:00,[59],[1]
2026-09-12T17:36:00+02:00,[59],[1]
2026-09-12T17:35:00+02:00,[59],[1]
2026-09-12T17:34:00+02:00,[59],[1]
2026-09-12T17:33:00+02:00,[59],[1]
2026-09-12T17:32:00+02:00,[59],[1]
2026-09-12T17:31:00+02:00,[59],[1]
2026-09-12T17:30:00+02:00,[59],[1]
2026-09-12T17:29:00+02:00,[59],[1]
2026-09-12T17:28:00+02:00,[59],[1]
2026-09-12T17:27:00+02:00,[59],[1]
2026-09-12T17:26:00+02:00,[59],[1]
2026-09-12T17:25:00+02:00,[59],[1]
2026-09-12T17:24:00+02:00,[59],[1]
2026-09-12T17:23:00+02:00,[59],[1]
2026-09-12T17:22:00+02:00,[59],[1]
2026-09-12T17:21:00+02:00,[59],[1]
2026-09-12T17:20:00+02:00,[59],[1]
2026-09-12T17:19:00+02:00,[59],[1]
2026-09-12T17:18:00+02:00,[59],[1]
2026-09-12T17:17:00+02:00,[59],[1]
2026-09-12T17:16:00+02:00,[59],[1]
2026-09-12T17:15:00+02:00,[59],[1]
2026-09-12T17:14:00+02:00,[59],[1]
2026-09-12T17:13:00+02:00,[59],[1]
2026-09-12T17:12:00+02:00,[59],[1]
2026-09-12T17:11:00+02:00,[59],[1]
2026-09-12T17:10:00+02:00,[59],[1]
2026-09-12T17:09:00+02:00,[59],[1]
2026-09-12T17:08:00+02:00,[59],[1]
2026-09-12T17:07:00+02:00,[59],[1]
2026-09-12T17:06:00+02:00,[59],[1]
2026-09-12T17:05:00+02:00,[59],[1]
2026-09-12T17:04:00+02:00,[59],[1]
2026-09-12T17:03:00+02:00,[59],[1]
2026-09-12T17:02:00+02:00,[59],[1]
2026-09-12T17:01:00+02:00,[59],[1]
2026-09-12T17:00:00+02:00,[59],[1]
2026-09-12T16:59:00+02:00,[59],[1]
2026-09-12T16:58:00+02:00,[59],[1]
2026-09-11T17:59:00+02:00,[59],[1]
2026-09-11T17:58:00+02:00,[59],[1]
2026-09-11T17:57:00+02:00,[59],[1]
2026-09-11T17:56:00+02:00,[59],[1]
2026-09-11T17:55:00+02:00,[59],[1]
2026-09-11T17:54:00+02:00,[59],[1]
2026-09-11T17:53:00+02:00,[59],[1]
2026-09-11T17:52:00+02:00,[59],[1]
2026-09-11T17:51:00+02:00,[59],[1]
2026-09-11T17:50:00+02:00,[59],[1]
2026-09-11T17:49:00+02:00,[59],[1]
2026-09-11T17:48:00+02:00,[59],[1]
2026-09-11T17:47:00+02:00,[59],[1]
2026-09-11T17:46:00+02:00,[59],[1]
2026-09-11T17:45:00+02:00,[59],[1]
2026-09-11T17:44:00+02:00,[59],[1]
2026-09-11T17:43:00+02:00,[59],[1]
2026-09-11T17:42:00+02:00,[59],[1]
2026-09-11T17:41:00+02:00,[59],[1]
2026-09-11T17:40:00+02:00,[59],[1]
2026-09-11T17:39:00+02:00,[59],[1]
2026-09-11T17:38:00+02:00,[59],[1]
2026-09-11T17:37:00+02:00,[59],[1]
2026-09-11T17:36:00+02:00,[59],[1]
2026-09-11T17:35:00+02:00,[59],[1]
2026-09-11T17:34:00+02:00,[59],[1]
2026-09-11T17:33:00+02:00,[59],[1]
2026-09-11T17:32:00+02:00,[59],[1]
2026-09-11T17:31:00+02:00,[59],[1]
2026-09-11T17:30:00+02:00,[59],[1]
2026-09-11T17:29:00+02:00,[59],[1]
2026-09-11T17:28:00+02:00,[59],[1]
2026-09-11T17:27:00+02:00,[59],[1]
2026-09-11T17:26:00+02:00,[59],[1]
2026-09-11T17:25:00+02:00,[59],[1]
2026-09-11T17:24:00+02:00,[59],[1]
2026-09-11T17:23:00+02:00,[59],[1]
2026-09-11T17:22:00+02:00,[59],[1]
2026-09-11T17:21:00+02:00,[59],[1]
2026-09-10T17:59:00+02:00,[59],[1]
2026-09-10T17:58:00+02:00,[59],[1]
2026-09-10T17:57:00+02:00,[59],[1]
2026-09-10T17:56:00+02:00,[59],[1]
2026-09-10T17:55:00+02:00,[59],[1]
2026-09-10T17:54:00+02:00,[59],[1]
2026-09-10T17:53:00+02:00,[59],[1]
2026-09-10T17:52:00+02:00,[59],[1]
2026-09-10T17:51:00+02:00,[59],[1]
2026-09-10T17:50:00+02:00,[59],[1]
2026-09-10T17:49:00+02:00,[59],[1]
2026-09-10T17:48:00+02:00,[59],[1]
2026-09-10T17:47:00+02:00,[59],[1]
2026-09-10T17:46:00+02:00,[59],[1]
2026-09-10T17:45:00+02:00,[59],[1]
2026-09-10T17:44:00+02:00,[59],[1]
2026-09-10T17:43:00+02:00,[59],[1]
2026-09-10T17:42:00+02:00,[59],[1]
2026-09-10T17:41:00+02:00,[59],[1]
2026-09-10T17:40:00+02:00,[59],[1]
2026-09-10T17:39:00+02:00,[59],[1]
2026-09-10T17:38:00+02:00,[59],[1]
2026-09-10T17:37:00+02:00,[59],[1]
2026-09-10T17:36:00+02:00,[59],[1]
2026-09-10T17:35:00+02:00,[59],[1]
2026-09-10T17:34:00+02:00,[59],[1]
2026-09-10T17:33:00+02:00,[59],[1]
2026-09-10T17:32:00+02:00,[59],[1]
2026-09-10T17:31:00+02:00,[59],[1]
2026-09-10T17:30:00+02:00,[59],[1]
2026-09-10T17:29:00+02:00,[59],[1]
2026-09-10T17:28:00+02:00,[59],[1]
2026-09-10T17:27:00+02:00,[59],[1]
2026-09-10T17:26:00+02:00,[59],[1]
2026-09-10T17:25:00+02:00,[59],[1]
2026-09-10T17:24:00+02:00,[59],[1]
2026-09-10T17:23:00+02:00,[59],[1]
2026-09-10T17:22:00+02:00,[59],[1]
2026-09-10T17:21:00+02:00,[59],[1]
2026-09-10T17:20:00+02:00,[59],[1]
2026-09-10T17:19:00+02:00,[59],[1]
2026-09-10T17:18:00+02:00,[59],[1]
2026-09-10T17:17:00+02:00,[59],[1]
2026-09-10T17:16:00+02:00,[59],[1]
2026-09-10T17:15:00+02:00,[59],[1]
2026-09-10T17:14:00+02:00,[59],[1]
2026-09-10T17:13:00+02:00,[59],[1]
2026-09-09T17:59:00+02:00,[59],[1]
2026-09-09T17:58:00+02:00,[59],[1]
2026-09-09T17:57:00+02:00,[59],[1]
2026-09-09T17:56:00+02:00,[59],[1]
2026-09-09T17:55:00+02:00,[59],[1]
2026-09-09T17:54:00+02:00,[59],[1]
2026-09-09T17:53:00+02:00,[59],[1]
2026-09-09T17:52:00+02:00,[59],[1]
2026-09-09T17:51:00+02:00,[59],[1]
2026-09-09T17:50:00+02:00,[59],[1]
2026-09-08T17:59:00+02:00,[59],[1]
2026-09-08T17:58:00+02:00,[59],[1]
2026-09-08T17:57:00+02:00,[59],[1]
2026-09-08T17:56:00+02:00,[59],[1]
2026-09-08T17:55:00+02:00,[59],[1]
2026-09-08T00:09:00+02:00,[60],[1]
2026-09-07T17:59:00+02:00,[59],[1]
2026-09-07T17:58:00+02:00,[59],[1]
2026-09-07T17:57:00+02:00,[59],[1]
2026-09-07T17:56:00+02:00,[59],[1]
2026-09-07T17:55:00+02:00,[59],[1]
2026-09-07T17:54:00+02:00,[59],[1]
2026-09-07T17:53:00+02:00,[59],[1]
2026-09-07T17:52:00+02:00,[59],[1]
2026-09-07T17:51:00+02:00,[59],[1]
2026-09-07T17:50:00+02:00,[59],[1]
2026-09-07T17:49:00+02:00,[59],[1]
2026-09-07T17:48:00+02:00,[59],[1]
2026-09-07T17:47:00+02:00,[59],[1]
2026-09-07T17:46:00+02:00,[59],[1]
2026-09-07T17:45:00+02:00,[59],[1]
2026-09-07T17:44:00+02:00,[59],[1]
2026-09-07T17:43:00+02:00,[59],[1]
2026-09-07T17:42:00+02:00,[59],[1]
2026-09-07T17:41:00+02:00,[59],[1]
2026-09-07T17:40:00+02:00,[59],[1]
2026-09-07T17:39:00+02:00,[59],[1]
2026-09-07T17:38:00+02:00,[59],[1]
2026-09-07T17:37:00+02:00,[59],[1]
2026-09-07T17:36:00+02:00,[59],[1]
2026-09-07T17:35:00+02:00,[59],[1]
2026-09-07T17:34:00+02:00,[59],[1]
2026-09-07T17:33:00+02:00,[59],[1]
2026-09-07T17:32:00+02:00,[59],[1]
2026-09-07T17:31:00+02:00,[59],[1]
2026-09-07T17:30:00+02:00,[59],[1]
2026-09-07T17:29:00+02:00,[59],[1]
2026-09-07T17:28:00+02:00,[59],[1]
2026-09-07T17:27:00+02:00,[59],[1]
2026-09-07T17:26:00+02:00,[59],[1]
2026-09-07T17:25:00+02:00,[59],[1]
2026-09-07T17:24:00+02:00,[59],[1]
2026-09-07T17:23:00+02:00,[59],[1]
2026-09-07T17:22:00+02:00,[59],[1]
2026-09-07T17:21:00+02:00,[59],[1]
2026-09-07T17:20:00+02:00,[59],[1]
2026-09-07T17:19:00+02:00,[59],[1]
2026-09-07T17:18:00+02:00,[59],[1]
2026-09-07T17:17:00+02:00,[59],[1]
2026-09-07T17:16:00+02:00,[59],[1]
2026-09-07T17:15:00+02:00,[59],[1]
2026-09-07T17:14:00+02:00,[59],[1]
2026-09-07T17:13:00+02:00,[59],[1]
2026-09-07T17:12:00+02:00,[59],[1]
2026-09-07T17:11:00+02:00,[59],[1]
2026-09-07T17:10:00+02:00,[59],[1]
2026-09-07T17:09:00+02:00,[59],[1]
2026-09-07T17:08:00+02:00,[59],[1]
2026-09-07T17:07:00+02:00,[59],[1]
2026-09-07T17:06:00+02:00,[59],[1]
2026-09-07T17:05:00+02:00,[59],[1]
2026-09-07T17:04:00+02:00,[59],[1]
2026-09-07T17:03:00+02:00,[59],[1]
2026-09-07T17:02:00+02:00,[59],[1]
2026-09-07T17:01:00+02:00,[59],[1]
2026-09-07T17:00:00+02:00,[59],[1]
2026-09-07T16:59:00+02:00,[59],[1]
2026-09-07T16:26:00+02:00,[27780],[1]
2026-09-07T16:22:00+02:00,[240],[0]
2026-09-06T17:59:00+02:00,[59],[2]
2026-09-06T17:58:00+02:00,[59],[2]
2026-09-06T17:57:00+02:00,[59],[2]
2026-09-06T17:56:00+02:00,[59],[2]
2026-09-06T17:55:00+02:00,[59],[2]
2026-09-06T17:54:00+02:00,[59],[2]
2026-09-06T17:53:00+02:00,[59],[2]
2026-09-06T17:52:00+02:00,[59],[2]
2026-09-06T17:51:00+02:00,[59],[2]
2026-09-06T17:50:00+02:00,[59],[2]
2026-09-06T17:49:00+02:00,[59],[2]
2026-09-06T17:48:00+02:00,[59],[1]
2026-09-06T17:47:00+02:00,[59],[1]
2026-09-06T17:46:00+02:00,[59],[1]
2026-09-06T17:45:00+02:00,[59],[1]
2026-09-06T17:44:00+02:00,[59],[1]
2026-09-06T17:43:00+02:00,[59],[1]
2026-09-06T17:42:00+02:00,[59],[1]
2026-09-06T17:41:00+02:00,[59],[1]
2026-09-06T17:40:00+02:00,[59],[1]
2026-09-06T17:39:00+02:00,[59],[1]
2026-09-06T17:38:00+02:00,[59],[1]
2026-09-06T17:37:00+02:00,[59],[1]
2026-09-06T17:36:00+02:00,[59],[1]
2026-09-06T17:35:00+02:00,[59],[1]
2026-09-06T17:34:00+02:00,[59],[1]
2026-09-06T17:33:00+02:00,[59],[1]
2026-09-06T17:32:00+02:00,[59],[1]
2026-09-06T17:31:00+02:00,[59],[1]
2026-09-06T17:30:00+02:00,[59],[1]
2026-09-06T17:29:00+02:00,[59],[1]
2026-09-06T17:28:00+02:00,[59],[1]
2026-09-06T17:27:00+02:00,[59],[1]
2026-09-06T17:26:00+02:00,[59],[1]
2026-09-06T17:25:00+02:00,[59],[1]
2026-09-06T17:24:00+02:00,[59],[1]
2026-09-06T17:23:00+02:00,[59],[1]
2026-09-06T17:22:00+02:00,[59],[1]
2026-09-06T17:21:00+02:00,[59],[1]
2026-09-06T17:20:00+02:00,[59],[1]
2026-09-06T17:19:00+02:00,[59],[1]
2026-09-06T17:18:00+02:00,[59],[1]
2026-09-06T17:17:00+02:00,[59],[1]
2026-09-06T17:16:00+02:00,[59],[1]
2026-09-06T17:15:00+02:00,[59],[1]
2026-09-06T17:14:00+02:00,[59],[2]
2026-09-06T17:13:00+02:00,[59],[2]
2026-09-06T17:12:00+02:00,[59],[2]
2026-09-06T17:11:00+02:00,[59],[2]
2026-09-06T17:10:00+02:00,[59],[2]
2026-09-06T17:09:00+02:00,[59],[2]
2026-09-06T17:08:00+02:00,[59],[2]
2026-09-06T17:07:00+02:00,[59],[2]
2026-09-06T17:06:00+02:00,[59],[2]
2026-09-06T17:05:00+02:00,[59],[2]
2026-09-06T17:04:00+02:00,[59],[2]
2026-09-06T17:03:00+02:00,[59],[2]
2026-09-06T17:02:00+02:00,[59],[2]
2026-09-06T17:01:00+02:00,[59],[2]
2026-09-06T17:00:00+02:00,[59],[2]
2026-09-06T16:59:00+02:00,[59],[2]
2026-09-06T16:58:00+02:00,[59],[2]
2026-09-06T16:57:00+02:00,[59],[2]
2026-09-06T16:56:00+02:00,[59],[2]
2026-09-06T16:55:00+02:00,[59],[2]
2026-09-06T16:54:00+02:00,[59],[2]
2026-09-06T16:53:00+02:00,[59],[2]
2026-09-06T16:52:00+02:00,[59],[2]
2026-09-06T16:51:00+02:00,[59],[2]
2026-09-06T16:50:00+02:00,[59],[1]
2026-09-06T16:49:00+02:00,[59],[1]
2026-09-06T16:48:00+02:00,[59],[1]
2026-09-06T16:46:00+02:00,[59],[1]
2026-09-06T16:45:00+02:00,[59],[1]
2026-09-05T17:59:00+02:00,[59],[1]
2026-09-05T17:58:00+02:00,[59],[1]
2026-09-05T17:57:00+02:00,[59],[1]
2026-09-05T17:56:00+02:00,[59],[1]
2026-09-05T17:55:00+02:00,[59],[1]
2026-09-05T17:54:00+02:00,[59],[1]
2026-09-05T17:53:00+02:00,[59],[1]
2026-09-05T17:52:00+02:00,[59],[1]
2026-09-05T17:51:00+02:00,[59],[1]
2026-09-05T17:50:00+02:00,[59],[1]
2026-09-05T17:49:00+02:00,[59],[1]
2026-09-05T17:48:00+02:00,[59],[1]
2026-09-05T17:47:00+02:00,[59],[1]
2026-09-05T17:46:00+02:00,[59],[1]
2026-09-05T17:45:00+02:00,[59],[1]
2026-09-05T17:44:00+02:00,[59],[1]
2026-09-05T17:43:00+02:00,[59],[1]
2026-09-05T17:42:00+02:00,[59],[1]
2026-09-05T17:41:00+02:00,[59],[1]
2026-09-05T17:40:00+02:00,[59],[1]
2026-09-05T17:39:00+02:00,[59],[1]
2026-09-05T17:38:00+02:00,[59],[1]
2026-09-05T17:37:00+02:00,[59],[1]
2026-09-05T17:36:00+02:00,[59],[1]
2026-09-05T17:35:00+02:00,[59],[1]
2026-09-05T17:34:00+02:00,[59],[1]
2026-09-05T17:33:00+02:00,[59],[1]
2026-09-05T17:32:00+02:00,[59],[1]
2026-09-05T17:31:00+02:00,[59],[1]
2026-09-05T17:30:00+02:00,[59],[1]
2026-09-05T17:29:00+02:00,[59],[1]
2026-09-05T17:28:00+02:00,[59],[1]
2026-09-05T17:27:00+02:00,[59],[2]
2026-09-05T17:26:00+02:00,[59],[2]
2026-09-05T17:25:00+02:00,[59],[2]
2026-09-05T17:24:00+02:00,[59],[2]
2026-09-05T17:23:00+02:00,[59],[2]
2026-09-05T17:22:00+02:00,[59],[2]
2026-09-05T17:21:00+02:00,[59],[2]
2026-09-05T17:20:00+02:00,[59],[2]
2026-09-05T17:19:00+02:00,[59],[2]
2026-09-05T17:18:00+02:00,[59],[2]
2026-09-05T17:17:00+02:00,[59],[2]
2026-09-05T17:16:00+02:00,[59],[2]
2026-09-05T17:15:00+02:00,[59],[2]
2026-09-05T17:14:00+02:00,[59],[2]
2026-09-05T17:13:00+02:00,[59],[2]
2026-09-05T17:12:00+02:00,[59],[2]
2026-09-05T17:11:00+02:00,[59],[2]
2026-09-05T17:10:00+02:00,[59],[2]
2026-09-05T17:09:00+02:00,[59],[2]
2026-09-05T17:08:00+02:00,[59],[2]
2026-09-05T17:07:00+02:00,[59],[2]
2026-09-05T17:06:00+02:00,[59],[2]
2026-09-05T17:05:00+02:00,[59],[2]
2026-09-05T17:04:00+02:00,[59],[2]
2026-09-05T17:03:00+02:00,[59],[2]
2026-09-05T17:02:00+02:00,[59],[2]
2026-09-05T17:01:00+02:00,[59],[2]
2026-09-05T17:00:00+02:00,[59],[2]
2026-09-05T16:59:00+02:00,[59],[2]
2026-09-05T16:58:00+02:00,[59],[2]
2026-09-05T16:57:00+02:00,[59],[2]
2026-09-05T16:56:00+02:00,[59],[2]
2026-09-05T16:55:00+02:00,[59],[2]
2026-09-05T16:54:00+02:00,[59],[2]
2026-09-05T16:53:00+02:00,[59],[2]
2026-09-05T16:52:00+02:00,[59],[1]
2026-09-05T16:51:00+02:00,[59],[1]
2026-09-05T16:50:00+02:00,[59],[1]
2026-09-05T16:49:00+02:00,[59],[1]
2026-09-05T16:48:00+02:00,[59],[1]
2026-09-05T16:47:00+02:00,[59],[1]
2026-09-01T12:50:00+02:00,"[720,360,900,180,2520,480,480]","[0,1,2,2,3,3,3]"
2026-08-30T18:17:00+02:00,"[660,360,1080]","[3,3,3]"
2026-08-30T17:50:00+02:00,[1620],[3]
2026-08-30T16:42:00+02:00,"[3481,599]","[1,3]"
2026-08-30T14:17:00+02:00,"[240,1020,300,2520,180,360,780,1320,60,1920]","[0,1,2,1,1,1,1,1,1,1]"
2026-08-28T14:11:00+02:00,"[240,300,1140,360]","[0,1,2,2]"
2026-08-23T17:21:00+02:00,[59],[1]
2026-08-23T17:20:00+02:00,[59],[1]
2026-08-23T17:19:00+02:00,[59],[1]
2026-08-23T17:18:00+02:00,[59],[1]
2026-08-23T17:17:00+02:00,[59],[1]
2026-08-23T17:16:00+02:00,[59],[1]
2026-08-23T17:15:00+02:00,[59],[1]
2026-08-23T17:14:00+02:00,[59],[1]
2026-08-23T17:13:00+02:00,[59],[1]
2026-08-23T17:12:00+02:00,[59],[1]
2026-08-23T17:11:00+02:00,[59],[1]
2026-08-23T17:10:00+02:00,[59],[1]
2026-08-23T17:09:00+02:00,[59],[1]
2026-08-23T17:08:00+02:00,[59],[1]
2026-08-23T17:07:00+02:00,[59],[1]
2026-08-23T17:06:00+02:00,[59],[1]
2026-08-23T17:05:00+02:00,[59],[1]
2026-08-23T17:04:00+02:00,[59],[1]
2026-08-23T17:03:00+02:00,[59],[1]
2026-08-23T17:02:00+02:00,[59],[1]
2026-08-23T17:01:00+02:00,[59],[1]
2026-08-23T17:00:00+02:00,[59],[1]
2026-08-22T17:59:00+02:00,[59],[1]
2026-08-22T17:58:00+02:00,[59],[1]
2026-08-22T17:57:00+02:00,[59],[1]
2026-08-22T17:56:00+02:00,[59],[1]
2026-08-22T17:55:00+02:00,[59],[1]
2026-08-22T17:54:00+02:00,[59],[1]
2026-08-22T17:53:00+02:00,[59],[1]
2026-08-22T17:52:00+02:00,[59],[1]
2026-08-22T17:51:00+02:00,[59],[1]
2026-08-22T17:50:00+02:00,[59],[1]
2026-08-22T17:49:00+02:00,[59],[1]
2026-08-22T17:48:00+02:00,[59],[1]
2026-08-22T17:47:00+02:00,[59],[1]
2026-08-22T17:46:00+02:00,[59],[1]
2026-08-22T17:45:00+02:00,[59],[1]
2026-08-22T17:44:00+02:00,[59],[1]
2026-08-22T17:43:00+02:00,[59],[1]
2026-08-22T17:42:00+02:00,[59],[1]
2026-08-22T17:41:00+02:00,[59],[1]
2026-08-22T17:40:00+02:00,[59],[1]
2026-08-22T17:39:00+02:00,[59],[1]
2026-08-22T17:38:00+02:00,[59],[1]
2026-08-22T17:37:00+02:00,[59],[1]
2026-08-22T17:36:00+02:00,[59],[1]
2026-08-22T17:35:00+02:00,[59],[1]
2026-08-22T17:34:00+02:00,[59],[1]
2026-08-22T17:33:00+02:00,[59],[1]
2026-08-22T17:32:00+02:00,[59],[1]
2026-08-22T17:31:00+02:00,[59],[1]
2026-08-22T17:30:00+02:00,[59],[1]
2026-08-22T17:29:00+02:00,[59],[1]
2026-08-22T17:28:00+02:00,[59],[1]
2026-08-22T17:27:00+02:00,[59],[1]
2026-08-22T17:26:00+02:00,[59],[1]
2026-08-22T17:25:00+02:00,[59],[1]
2026-08-22T17:24:00+02:00,[59],[1]
2026-08-22T17:23:00+02:00,[59],[1]
2026-08-22T17:13:00+02:00,[59],[2]
2026-08-22T17:12:00+02:00,[59],[2]
2026-08-22T17:11:00+02:00,[59],[2]
2026-08-22T17:10:00+02:00,[59],[2]
2026-08-22T17:09:00+02:00,[59],[2]
2026-08-22T17:08:00+02:00,[59],[2]
2026-08-22T17:07:00+02:00,[59],[2]
2026-08-22T17:06:00+02:00,[59],[2]
2026-08-22T17:05:00+02:00,[59],[2]
2026-08-22T17:04:00+02:00,[59],[2]
2026-08-22T17:03:00+02:00,[59],[2]
2026-08-22T17:02:00+02:00,[59],[2]
2026-08-22T17:01:00+02:00,[59],[2]
2026-08-22T17:00:00+02:00,[59],[2]
2026-08-22T16:59:00+02:00,[59],[2]
2026-08-22T16:58:00+02:00,[59],[2]
2026-08-22T16:57:00+02:00,[59],[2]
2026-08-22T16:56:00+02:00,[59],[2]
2026-08-22T16:55:00+02:00,[59],[2]
2026-08-22T16:54:00+02:00,[59],[2]
2026-08-22T16:53:00+02:00,[59],[2]
2026-08-22T16:52:00+02:00,[59],[2]
2026-08-22T16:51:00+02:00,[59],[2]
2026-08-22T16:50:00+02:00,[59],[2]
2026-08-22T16:49:00+02:00,[59],[2]
2026-08-22T16:48:00+02:00,[59],[2]
2026-08-22T16:47:00+02:00,[59],[2]
2026-08-22T16:46:00+02:00,[59],[2]
2026-08-22T16:45:00+02:00,[59],[2]
2026-08-22T14:48:00+02:00,"[240,1260,420,240,300]","[0,1,2,2,1]"
2026-08-21T17:59:00+02:00,[59],[2]
2026-08-21T17:58:00+02:00,[59],[2]
2026-08-21T17:57:00+02:00,[59],[2]
2026-08-21T17:56:00+02:00,[59],[2]
2026-08-21T17:55:00+02:00,[59],[2]
2026-08-21T17:54:00+02:00,[59],[3]
2026-08-21T17:53:00+02:00,[59],[3]
2026-08-21T17:52:00+02:00,[59],[3]
2026-08-21T17:51:00+02:00,[59],[3]
2026-08-20T17:59:00+02:00,[59],[3]
2026-08-20T17:58:00+02:00,[59],[3]
2026-08-20T17:57:00+02:00,[59],[3]
2026-08-20T17:56:00+02:00,[59],[3]
2026-08-20T17:55:00+02:00,[59],[3]
2026-08-20T17:54:00+02:00,[59],[3]
2026-08-20T17:53:00+02:00,[59],[3]
2026-08-20T17:52:00+02:00,[59],[3]
2026-08-20T17:51:00+02:00,[59],[3]
2026-08-20T17:50:00+02:00,[59],[3]
2026-08-20T17:49:00+02:00,[59],[3]
2026-08-20T17:48:00+02:00,[59],[3]
2026-08-20T17:47:00+02:00,[59],[3]
2026-08-20T17:46:00+02:00,[59],[3]
2026-08-20T17:45:00+02:00,[59],[3]
2026-08-20T17:44:00+02:00,[59],[3]
2026-08-20T17:43:00+02:00,[59],[3]
2026-08-20T17:42:00+02:00,[59],[3]
2026-08-20T17:41:00+02:00,[59],[3]
2026-08-20T17:40:00+02:00,[59],[3]
2026-08-20T17:39:00+02:00,[59],[2]
2026-08-20T17:38:00+02:00,[59],[2]
2026-08-20T17:37:00+02:00,[59],[2]
2026-08-20T17:36:00+02:00,[59],[2]
2026-08-20T17:35:00+02:00,[59],[2]
2026-08-20T17:34:00+02:00,[59],[2]
2026-08-20T17:33:00+02:00,[59],[2]
2026-08-20T17:32:00+02:00,[59],[2]
2026-08-20T17:31:00+02:00,[59],[2]
2026-08-20T17:30:00+02:00,[59],[2]
2026-08-20T17:29:00+02:00,[59],[2]
2026-08-20T17:28:00+02:00,[59],[2]
2026-08-20T17:27:00+02:00,[59],[2]
2026-08-20T17:26:00+02:00,[59],[2]
2026-08-20T17:25:00+02:00,[59],[2]
2026-08-20T17:24:00+02:00,[59],[2]
2026-08-20T17:23:00+02:00,[59],[2]
2026-08-20T17:22:00+02:00,[59],[2]
2026-08-20T17:21:00+02:00,[59],[2]
2026-08-20T17:20:00+02:00,[59],[2]
2026-08-20T17:19:00+02:00,[59],[2]
2026-08-20T17:18:00+02:00,[59],[2]
2026-08-20T17:17:00+02:00,[59],[2]
2026-08-20T17:16:00+02:00,[59],[2]
2026-08-20T17:15:00+02:00,[59],[1]
2026-08-20T17:14:00+02:00,[59],[1]
2026-08-20T17:13:00+02:00,[59],[1]
2026-08-20T17:12:00+02:00,[59],[1]
2026-08-20T17:11:00+02:00,[59],[1]
2026-08-20T17:10:00+02:00,[59],[1]
2026-08-20T17:09:00+02:00,[59],[1]
2026-08-20T17:08:00+02:00,[59],[1]
2026-08-20T17:07:00+02:00,[59],[1]
2026-08-20T17:06:00+02:00,[59],[1]
2026-08-20T17:05:00+02:00,[59],[1]
2026-08-20T17:04:00+02:00,[59],[1]
2026-08-20T17:03:00+02:00,[59],[1]
2026-08-20T17:02:00+02:00,[59],[1]
2026-08-20T17:01:00+02:00,[59],[1]
2026-08-20T17:00:00+02:00,[59],[1]
2026-08-20T16:59:00+02:00,[59],[1]
2026-08-20T16:58:00+02:00,[59],[2]
2026-08-20T16:57:00+02:00,[59],[2]
2026-08-20T16:56:00+02:00,[59],[2]
2026-08-20T16:55:00+02:00,[59],[2]
2026-08-20T16:54:00+02:00,[59],[2]
2026-08-20T16:53:00+02:00,[59],[2]
2026-08-20T16:52:00+02:00,[59],[2]
2026-08-20T16:51:00+02:00,[59],[2]
2026-08-20T16:50:00+02:00,[59],[2]
2026-08-20T16:49:00+02:00,[59],[2]
2026-08-20T16:48:00+02:00,[59],[2]
2026-08-20T16:47:00+02:00,[59],[2]
2026-08-20T16:46:00+02:00,[59],[2]
2026-08-20T16:45:00+02:00,[59],[2]
2026-08-20T16:44:00+02:00,[59],[2]
2026-08-20T16:43:00+02:00,[59],[2]
2026-08-20T16:42:00+02:00,[59],[2]
2026-08-20T16:41:00+02:00,[59],[3]
2026-08-20T16:40:00+02:00,[59],[3]
2026-08-20T16:39:00+02:00,[59],[3]
2026-08-20T16:38:00+02:00,[59],[3]
2026-08-20T16:37:00+02:00,[59],[3]
2026-08-20T16:36:00+02:00,[59],[3]
2026-08-20T16:35:00+02:00,[59],[3]
2026-08-19T17:56:00+02:00,[59],[2]
2026-08-19T17:55:00+02:00,[59],[2]
2026-08-19T17:54:00+02:00,[59],[2]
2026-08-19T17:53:00+02:00,[59],[2]
2026-08-19T17:52:00+02:00,[59],[2]
2026-08-19T17:51:00+02:00,[59],[2]
2026-08-19T17:50:00+02:00,[59],[2]
2026-08-19T17:49:00+02:00,[59],[2]
2026-08-19T17:48:00+02:00,[59],[2]
2026-08-19T17:47:00+02:00,[59],[2]
2026-08-19T17:46:00+02:00,[59],[2]
2026-08-19T17:45:00+02:00,[59],[2]
2026-08-19T17:44:00+02:00,[59],[2]
2026-08-19T17:43:00+02:00,[59],[2]
2026-08-19T17:42:00+02:00,[59],[2]
2026-08-19T17:41:00+02:00,[59],[2]
2026-08-19T17:40:00+02:00,[59],[2]
2026-08-19T17:39:00+02:00,[59],[2]
2026-08-19T17:38:00+02:00,[59],[2]
2026-08-19T17:37:00+02:00,[59],[2]
2026-08-19T17:36:00+02:00,[59],[2]
2026-08-19T17:35:00+02:00,[59],[1]
2026-08-19T17:34:00+02:00,[59],[1]
2026-08-19T17:33:00+02:00,[59],[1]
2026-08-19T17:32:00+02:00,[59],[1]
2026-08-19T17:31:00+02:00,[59],[1]
2026-08-19T17:30:00+02:00,[59],[1]
2026-08-19T17:29:00+02:00,[59],[1]
2026-08-19T17:28:00+02:00,[59],[1]
2026-08-19T17:27:00+02:00,[59],[1]
2026-08-19T17:26:00+02:00,[59],[1]
2026-08-19T17:25:00+02:00,[59],[1]
2026-08-19T17:24:00+02:00,[59],[2]
2026-08-19T17:23:00+02:00,[59],[2]
2026-08-19T17:22:00+02:00,[59],[2]
2026-08-19T17:21:00+02:00,[59],[2]
2026-08-19T17:20:00+02:00,[59],[2]
2026-08-19T17:19:00+02:00,[59],[2]
2026-08-19T17:18:00+02:00,[59],[2]
2026-08-19T17:17:00+02:00,[59],[2]
2026-08-19T17:16:00+02:00,[59],[2]
2026-08-19T17:15:00+02:00,[59],[2]
2026-08-19T17:14:00+02:00,[59],[2]
2026-08-19T17:13:00+02:00,[59],[2]
2026-08-19T17:12:00+02:00,[59],[2]
2026-08-19T17:11:00+02:00,[59],[2]
2026-08-19T17:10:00+02:00,[59],[2]
2026-08-19T17:09:00+02:00,[59],[2]
2026-08-19T17:08:00+02:00,[59],[2]
2026-08-19T17:07:00+02:00,[59],[2]
2026-08-19T17:06:00+02:00,[59],[2]
2026-08-19T17:05:00+02:00,[59],[2]
2026-08-19T17:04:00+02:00,[59],[1]
2026-08-19T17:03:00+02:00,[59],[1]
2026-08-19T17:02:00+02:00,[59],[1]
2026-08-19T17:01:00+02:00,[59],[1]
2026-08-19T17:00:00+02:00,[59],[1]
2026-08-19T16:59:00+02:00,[59],[1]
2026-08-19T16:58:00+02:00,[59],[1]
2026-08-19T16:57:00+02:00,[59],[1]
2026-08-19T16:56:00+02:00,[59],[1]
2026-08-19T16:55:00+02:00,[59],[1]
2026-08-19T16:54:00+02:00,[59],[1]
2026-08-19T16:53:00+02:00,[59],[1]
2026-08-19T10:36:00+02:00,"[240,300,360,2340,660]","[0,1,2,1,1]"
2026-08-17T17:59:00+02:00,[59],[2]
2026-08-17T17:58:00+02:00,[59],[2]
2026-08-17T17:57:00+02:00,[59],[2]
2026-08-17T17:56:00+02:00,[59],[2]
2026-08-17T17:55:00+02:00,[59],[2]
2026-08-17T17:54:00+02:00,[59],[2]
2026-08-17T17:53:00+02:00,[59],[2]
2026-08-17T17:52:00+02:00,[59],[2]
2026-08-17T17:51:00+02:00,[59],[2]
2026-08-17T17:50:00+02:00,[59],[1]
2026-08-17T17:49:00+02:00,[59],[1]
2026-08-17T17:48:00+02:00,[59],[1]
2026-08-17T17:47:00+02:00,[59],[1]
2026-08-17T17:46:00+02:00,[59],[1]
2026-08-17T17:45:00+02:00,[59],[1]
2026-08-17T17:44:00+02:00,[59],[1]
2026-08-17T17:43:00+02:00,[59],[1]
2026-08-17T17:42:00+02:00,[59],[1]
2026-08-17T17:41:00+02:00,[59],[1]
2026-08-17T17:40:00+02:00,[59],[1]
2026-08-17T17:39:00+02:00,[59],[1]
2026-08-17T17:38:00+02:00,[59],[1]
2026-08-17T17:37:00+02:00,[59],[1]
2026-08-17T17:36:00+02:00,[59],[1]
2026-08-17T17:35:00+02:00,[59],[2]
2026-08-17T17:34:00+02:00,[59],[2]
2026-08-17T17:33:00+02:00,[59],[2]
2026-08-17T17:32:00+02:00,[59],[2]
2026-08-17T17:31:00+02:00,[59],[2]
2026-08-17T17:30:00+02:00,[59],[2]
2026-08-17T17:29:00+02:00,[59],[2]
2026-08-17T17:28:00+02:00,[59],[2]
2026-08-17T17:27:00+02:00,[59],[2]
2026-08-17T17:26:00+02:00,[59],[2]
2026-08-17T17:25:00+02:00,[59],[2]
2026-08-17T17:24:00+02:00,[59],[2]
2026-08-17T17:23:00+02:00,[59],[2]
2026-08-17T17:22:00+02:00,[59],[2]
2026-08-17T17:21:00+02:00,[59],[2]
2026-08-17T17:20:00+02:00,[59],[2]
2026-08-17T17:19:00+02:00,[59],[2]
2026-08-17T17:18:00+02:00,[59],[2]
2026-08-17T17:17:00+02:00,[59],[2]
2026-08-17T17:16:00+02:00,[59],[2]
2026-08-17T17:15:00+02:00,[59],[2]
2026-08-17T17:14:00+02:00,[59],[2]
2026-08-17T17:13:00+02:00,[59],[2]
2026-08-17T17:12:00+02:00,[59],[3]
2026-08-17T17:11:00+02:00,[59],[3]
2026-08-17T17:10:00+02:00,[59],[3]
2026-08-17T17:09:00+02:00,[59],[3]
2026-08-16T17:01:00+02:00,[59],[1]
2026-08-16T17:00:00+02:00,[59],[1]
2026-08-16T16:59:00+02:00,[59],[1]
2026-08-16T16:58:00+02:00,[59],[1]
2026-08-16T17:59:00+02:00,[59],[2]
2026-08-16T17:58:00+02:00,[59],[2]
2026-08-16T17:57:00+02:00,[59],[2]
2026-08-16T17:56:00+02:00,[59],[2]
2026-08-16T17:55:00+02:00,[59],[2]
2026-08-16T17:54:00+02:00,[59],[2]
2026-08-16T17:53:00+02:00,[59],[2]
2026-08-16T17:52:00+02:00,[59],[2]
2026-08-16T17:51:00+02:00,[59],[2]
2026-08-16T17:50:00+02:00,[59],[2]
2026-08-16T17:49:00+02:00,[59],[1]
2026-08-16T17:48:00+02:00,[59],[1]
2026-08-16T17:47:00+02:00,[59],[1]
2026-08-16T17:46:00+02:00,[59],[1]
2026-08-16T17:45:00+02:00,[59],[1]
2026-08-16T17:44:00+02:00,[59],[1]
2026-08-16T17:43:00+02:00,[59],[1]
2026-08-16T17:42:00+02:00,[59],[1]
2026-08-16T17:41:00+02:00,[59],[1]
2026-08-16T17:40:00+02:00,[59],[1]
2026-08-16T17:39:00+02:00,[59],[1]
2026-08-16T17:38:00+02:00,[59],[2]
2026-08-16T17:37:00+02:00,[59],[2]
2026-08-16T17:36:00+02:00,[59],[2]
2026-08-16T17:35:00+02:00,[59],[2]
2026-08-16T17:34:00+02:00,[59],[2]
2026-08-16T17:33:00+02:00,[59],[2]
2026-08-16T17:32:00+02:00,[59],[2]
2026-08-16T17:31:00+02:00,[59],[2]
2026-08-16T17:30:00+02:00,[59],[2]
2026-08-16T17:29:00+02:00,[59],[2]
2026-08-16T17:28:00+02:00,[59],[2]
2026-08-16T17:27:00+02:00,[59],[2]
2026-08-16T17:26:00+02:00,[59],[2]
2026-08-16T17:25:00+02:00,[59],[2]
2026-08-16T17:24:00+02:00,[59],[2]
2026-08-16T17:23:00+02:00,[59],[2]
2026-08-16T17:22:00+02:00,[59],[2]
2026-08-16T17:21:00+02:00,[59],[2]
2026-08-16T17:20:00+02:00,[59],[2]
2026-08-16T17:19:00+02:00,[59],[2]
2026-08-16T17:18:00+02:00,[59],[2]
2026-08-16T17:17:00+02:00,[59],[2]
2026-08-16T17:16:00+02:00,[59],[2]
2026-08-16T17:15:00+02:00,[59],[2]
2026-08-16T17:14:00+02:00,[59],[2]
2026-08-16T17:13:00+02:00,[59],[2]
2026-08-16T17:12:00+02:00,[59],[2]
2026-08-16T17:11:00+02:00,[59],[2]
2026-08-16T17:10:00+02:00,[59],[2]
2026-08-16T17:09:00+02:00,[59],[2]
2026-08-16T17:08:00+02:00,[59],[1]
2026-08-16T17:07:00+02:00,[59],[1]
2026-08-16T17:06:00+02:00,[59],[1]
2026-08-16T17:05:00+02:00,[59],[1]
2026-08-16T17:04:00+02:00,[59],[1]
2026-08-16T17:03:00+02:00,[59],[1]
2026-08-15T17:59:00+02:00,[59],[1]
2026-08-15T17:58:00+02:00,[59],[1]
2026-08-15T17:57:00+02:00,[59],[1]
2026-08-15T17:56:00+02:00,[59],[1]
2026-08-15T17:55:00+02:00,[59],[1]
2026-08-15T17:54:00+02:00,[59],[1]
2026-08-15T17:53:00+02:00,[59],[1]
2026-08-15T17:52:00+02:00,[59],[1]
2026-08-15T17:51:00+02:00,[59],[1]
2026-08-15T17:50:00+02:00,[59],[1]
2026-08-15T17:49:00+02:00,[59],[3]
2026-08-15T17:48:00+02:00,[59],[3]
2026-08-15T17:47:00+02:00,[59],[3]
2026-08-15T17:46:00+02:00,[59],[3]
2026-08-15T17:45:00+02:00,[59],[3]
2026-08-15T17:44:00+02:00,[59],[3]
2026-08-15T17:43:00+02:00,[59],[3]
2026-08-15T17:42:00+02:00,[59],[3]
2026-08-15T17:41:00+02:00,[59],[3]
2026-08-15T17:40:00+02:00,[59],[3]
2026-08-15T17:39:00+02:00,[59],[3]
2026-08-15T17:38:00+02:00,[59],[3]
2026-08-15T17:37:00+02:00,[59],[3]
2026-08-15T17:36:00+02:00,[59],[3]
2026-08-15T17:35:00+02:00,[59],[3]
2026-08-15T17:34:00+02:00,[59],[3]
2026-08-15T17:33:00+02:00,[59],[3]
2026-08-15T17:32:00+02:00,[59],[3]
2026-08-15T17:31:00+02:00,[59],[3]
2026-08-15T17:30:00+02:00,[59],[3]
2026-08-15T17:29:00+02:00,[59],[2]
2026-08-15T17:28:00+02:00,[59],[2]
2026-08-15T17:27:00+02:00,[59],[2]
2026-08-15T17:26:00+02:00,[59],[2]
2026-08-15T17:25:00+02:00,[59],[2]
2026-08-15T17:24:00+02:00,[59],[2]
2026-08-15T17:23:00+02:00,[59],[2]
2026-08-15T17:22:00+02:00,[59],[2]
2026-08-15T17:21:00+02:00,[59],[2]
2026-08-15T17:20:00+02:00,[59],[2]
2026-08-15T17:19:00+02:00,[59],[2]
2026-08-15T17:18:00+02:00,[59],[2]
2026-08-15T17:17:00+02:00,[59],[2]
2026-08-15T17:16:00+02:00,[59],[2]
2026-08-15T17:15:00+02:00,[59],[2]
2026-08-15T17:14:00+02:00,[59],[1]
2026-08-15T17:13:00+02:00,[59],[1]
2026-08-15T17:12:00+02:00,[59],[1]
2026-08-15T17:11:00+02:00,[59],[1]
2026-08-15T17:10:00+02:00,[59],[1]
2026-08-15T17:09:00+02:00,[59],[1]
2026-08-15T17:08:00+02:00,[59],[1]
2026-08-13T17:01:00+02:00,[59],[2]
2026-08-13T17:00:00+02:00,[59],[2]
2026-08-13T16:59:00+02:00,[59],[2]
2026-08-13T16:58:00+02:00,[59],[1]
2026-08-13T16:57:00+02:00,[59],[1]
2026-08-13T16:56:00+02:00,[59],[1]
2026-08-13T16:55:00+02:00,[59],[1]
2026-08-13T16:54:00+02:00,[59],[1]
2026-08-13T17:59:00+02:00,[59],[3]
2026-08-13T17:58:00+02:00,[59],[3]
2026-08-13T17:57:00+02:00,[59],[3]
2026-08-13T17:56:00+02:00,[59],[3]
2026-08-13T17:55:00+02:00,[59],[3]
2026-08-13T17:54:00+02:00,[59],[3]
2026-08-13T17:53:00+02:00,[59],[3]
2026-08-13T17:52:00+02:00,[59],[3]
2026-08-13T17:51:00+02:00,[59],[1]
2026-08-13T17:50:00+02:00,[59],[1]
2026-08-13T17:49:00+02:00,[59],[1]
2026-08-13T17:48:00+02:00,[59],[1]
2026-08-13T17:47:00+02:00,[59],[1]
2026-08-13T17:46:00+02:00,[59],[1]
2026-08-13T17:45:00+02:00,[59],[1]
2026-08-13T17:44:00+02:00,[59],[1]
2026-08-13T17:43:00+02:00,[59],[1]
2026-08-13T17:42:00+02:00,[59],[1]
2026-08-13T17:41:00+02:00,[59],[1]
2026-08-13T17:40:00+02:00,[59],[2]
2026-08-13T17:39:00+02:00,[59],[2]
2026-08-13T17:38:00+02:00,[59],[2]
2026-08-13T17:37:00+02:00,[59],[2]
2026-08-13T17:36:00+02:00,[59],[2]
2026-08-13T17:35:00+02:00,[59],[2]
2026-08-13T17:34:00+02:00,[59],[2]
2026-08-13T17:33:00+02:00,[59],[2]
2026-08-13T17:32:00+02:00,[59],[2]
2026-08-13T17:31:00+02:00,[59],[2]
2026-08-13T17:30:00+02:00,[59],[2]
2026-08-13T17:29:00+02:00,[59],[2]
2026-08-13T17:28:00+02:00,[59],[2]
2026-08-13T17:27:00+02:00,[59],[1]
2026-08-13T17:26:00+02:00,[59],[1]
2026-08-13T17:25:00+02:00,[59],[1]
2026-08-13T17:24:00+02:00,[59],[1]
2026-08-13T17:23:00+02:00,[59],[1]
2026-08-13T17:22:00+02:00,[59],[1]
2026-08-13T17:21:00+02:00,[59],[1]
2026-08-13T17:20:00+02:00,[59],[1]
2026-08-13T17:19:00+02:00,[59],[1]
2026-08-13T17:18:00+02:00,[59],[1]
2026-08-13T17:17:00+02:00,[59],[1]
2026-08-13T17:16:00+02:00,[59],[1]
2026-08-13T17:15:00+02:00,[59],[2]
2026-08-13T17:14:00+02:00,[59],[2]
2026-08-13T17:13:00+02:00,[59],[2]
2026-08-13T17:12:00+02:00,[59],[2]
2026-08-13T17:11:00+02:00,[59],[2]
2026-08-13T17:10:00+02:00,[59],[2]
2026-08-13T17:09:00+02:00,[59],[2]
2026-08-13T17:08:00+02:00,[59],[2]
2026-08-13T17:07:00+02:00,[59],[2]
2026-08-13T17:06:00+02:00,[59],[2]
2026-08-13T17:05:00+02:00,[59],[2]
2026-08-13T17:04:00+02:00,[59],[2]
2026-08-13T17:03:00+02:00,[59],[2]
2026-08-12T17:59:00+02:00,[59],[1]
2026-08-12T17:58:00+02:00,[59],[1]
2026-08-12T17:57:00+02:00,[59],[1]
2026-08-12T17:56:00+02:00,[59],[1]
2026-08-12T17:55:00+02:00,[59],[1]
2026-08-12T17:54:00+02:00,[59],[1]
2026-08-12T17:53:00+02:00,[59],[1]
2026-08-12T17:52:00+02:00,[59],[1]
2026-08-12T17:51:00+02:00,[59],[1]
2026-08-12T17:50:00+02:00,[59],[1]
2026-08-12T17:49:00+02:00,[59],[1]
2026-08-12T17:48:00+02:00,[59],[1]
2026-08-12T17:47:00+02:00,[59],[1]
2026-08-12T17:46:00+02:00,[59],[1]
2026-08-12T17:45:00+02:00,[59],[1]
2026-08-12T17:44:00+02:00,[59],[1]
2026-08-12T17:43:00+02:00,[59],[1]
2026-08-12T17:42:00+02:00,[59],[1]
2026-08-12T17:41:00+02:00,[59],[1]
2026-08-12T17:40:00+02:00,[59],[1]
2026-08-12T17:39:00+02:00,[59],[2]
2026-08-12T17:38:00+02:00,[59],[2]
2026-08-12T17:37:00+02:00,[59],[2]
2026-08-12T17:36:00+02:00,[59],[2]
2026-08-12T17:35:00+02:00,[59],[2]
2026-08-12T17:34:00+02:00,[59],[2]
2026-08-12T17:33:00+02:00,[59],[2]
2026-08-12T17:32:00+02:00,[59],[2]
2026-08-12T17:31:00+02:00,[59],[2]
2026-08-12T17:30:00+02:00,[59],[2]
2026-08-12T17:29:00+02:00,[59],[2]
2026-08-12T17:28:00+02:00,[59],[2]
2026-08-12T17:27:00+02:00,[59],[2]
2026-08-12T17:26:00+02:00,[59],[2]
2026-08-12T17:25:00+02:00,[59],[2]
2026-08-12T17:24:00+02:00,[59],[2]
2026-08-12T17:23:00+02:00,[59],[2]
2026-08-12T17:22:00+02:00,[59],[2]
2026-08-12T17:21:00+02:00,[59],[2]
2026-08-12T17:20:00+02:00,[59],[2]
2026-08-12T17:19:00+02:00,[59],[2]
2026-08-12T17:18:00+02:00,[59],[2]
2026-08-12T17:17:00+02:00,[59],[2]
2026-08-12T17:16:00+02:00,[59],[2]
2026-08-12T17:15:00+02:00,[59],[2]
2026-08-12T17:14:00+02:00,[59],[3]
2026-08-12T17:13:00+02:00,[59],[3]
2026-08-12T17:12:00+02:00,[59],[3]
2026-08-12T17:11:00+02:00,[59],[3]
2026-08-12T17:10:00+02:00,[59],[3]
2026-08-12T17:09:00+02:00,[59],[3]
2026-08-12T17:08:00+02:00,[59],[3]
2026-08-12T17:07:00+02:00,[59],[3]
2026-08-12T17:06:00+02:00,[59],[3]
2026-08-12T17:05:00+02:00,[59],[3]
2026-08-12T17:04:00+02:00,[59],[3]
2026-08-12T17:03:00+02:00,[59],[3]
2026-08-12T13:13:00+02:00,"[240,1320,240,60,540,60,300]","[0,1,1,1,1,1,1]"
2026-08-12T17:01:00+02:00,[59],[3]
2026-08-12T17:00:00+02:00,[59],[3]
2026-08-12T16:59:00+02:00,[59],[2]
2026-08-12T16:58:00+02:00,[59],[2]
2026-08-12T16:57:00+02:00,[59],[2]
2026-08-12T16:56:00+02:00,[59],[2]
2026-08-12T16:55:00+02:00,[59],[2]
2026-08-12T16:54:00+02:00,[59],[2]
2026-08-12T16:53:00+02:00,[59],[2]
2026-08-12T16:52:00+02:00,[59],[2]
2026-08-12T16:51:00+02:00,[59],[2]
2026-08-12T16:50:00+02:00,[59],[2]
2026-08-12T16:49:00+02:00,[59],[2]
2026-08-12T16:48:00+02:00,[59],[2]
2026-08-12T16:47:00+02:00,[59],[2]
2026-08-12T16:46:00+02:00,[59],[2]
2026-08-12T16:45:00+02:00,[59],[2]
2026-08-12T16:44:00+02:00,[59],[2]
2026-08-12T16:43:00+02:00,[59],[2]
2026-08-12T16:42:00+02:00,[59],[2]
2026-08-12T16:41:00+02:00,[59],[2]
2026-08-12T16:40:00+02:00,[59],[2]
2026-08-12T16:39:00+02:00,[59],[2]
2026-08-12T16:38:00+02:00,[59],[2]
2026-08-12T16:37:00+02:00,[59],[2]
2026-08-12T16:36:00+02:00,[59],[2]
2026-08-12T16:35:00+02:00,[59],[2]
2026-08-12T16:34:00+02:00,[59],[2]
2026-08-12T16:33:00+02:00,[59],[1]
2026-08-12T16:32:00+02:00,[59],[1]
2026-08-12T16:31:00+02:00,[59],[1]
2026-08-12T16:30:00+02:00,[59],[1]
2026-08-12T16:29:00+02:00,[59],[1]
2026-08-12T16:28:00+02:00,[59],[1]
2026-08-12T16:27:00+02:00,[59],[1]
2026-08-12T16:26:00+02:00,[59],[1]
2026-08-12T16:25:00+02:00,[59],[1]
2026-08-12T16:24:00+02:00,[59],[1]
2026-08-12T16:23:00+02:00,[59],[1]
2026-08-12T16:22:00+02:00,[59],[1]
2026-08-12T16:21:00+02:00,[59],[1]
2026-08-12T16:20:00+02:00,[59],[1]
2026-08-12T16:19:00+02:00,[59],[2]
2026-08-12T16:18:00+02:00,[59],[2]
2026-08-12T16:17:00+02:00,[59],[2]
2026-08-12T16:16:00+02:00,[59],[2]
2026-08-12T16:15:00+02:00,[59],[2]
2026-08-12T16:14:00+02:00,[59],[2]
2026-08-12T16:13:00+02:00,[59],[2]
2026-08-12T16:12:00+02:00,[59],[2]
2026-08-12T16:11:00+02:00,[59],[2]
2026-08-12T16:10:00+02:00,[59],[2]
2026-08-12T16:09:00+02:00,[59],[2]
2026-08-12T16:08:00+02:00,[59],[2]
2026-08-12T16:07:00+02:00,[59],[1]
2026-08-12T16:06:00+02:00,[59],[1]
2026-08-12T16:05:00+02:00,[59],[1]
2026-08-12T16:04:00+02:00,[59],[1]
2026-08-12T16:03:00+02:00,[59],[1]
2026-08-12T16:02:00+02:00,[59],[1]
2026-08-12T16:01:00+02:00,[59],[1]
2026-08-12T16:00:00+02:00,[59],[1]
2026-08-12T15:59:00+02:00,[59],[1]
2026-08-12T15:58:00+02:00,[59],[1]
2026-08-12T15:57:00+02:00,[59],[1]
2026-08-12T15:56:00+02:00,[59],[1]
2026-08-12T15:55:00+02:00,[59],[1]
2026-08-11T17:59:00+02:00,[59],[2]
2026-08-11T17:58:00+02:00,[59],[2]
2026-08-11T17:57:00+02:00,[59],[2]
2026-08-11T17:56:00+02:00,[59],[2]
2026-08-11T17:55:00+02:00,[59],[2]
2026-08-11T17:54:00+02:00,[59],[2]
2026-08-11T17:53:00+02:00,[59],[2]
2026-08-11T17:52:00+02:00,[59],[2]
2026-08-11T17:51:00+02:00,[59],[3]
2026-08-11T17:50:00+02:00,[59],[3]
2026-08-11T17:49:00+02:00,[59],[3]
2026-08-11T17:48:00+02:00,[59],[3]
2026-08-11T17:47:00+02:00,[59],[3]
2026-08-11T17:46:00+02:00,[59],[3]
2026-08-11T17:45:00+02:00,[59],[3]
2026-08-11T17:44:00+02:00,[59],[3]
2026-08-11T17:43:00+02:00,[59],[3]
2026-08-11T17:42:00+02:00,[59],[3]
2026-08-11T17:41:00+02:00,[59],[3]
2026-08-11T17:40:00+02:00,[59],[2]
2026-08-11T17:39:00+02:00,[59],[2]
2026-08-11T17:38:00+02:00,[59],[2]
2026-08-11T17:37:00+02:00,[59],[2]
2026-08-11T17:36:00+02:00,[59],[2]
2026-08-11T17:35:00+02:00,[59],[2]
2026-08-11T17:34:00+02:00,[59],[2]
2026-08-11T17:33:00+02:00,[59],[2]
2026-08-11T17:32:00+02:00,[59],[2]
2026-08-11T17:31:00+02:00,[59],[2]
2026-08-11T17:30:00+02:00,[59],[2]
2026-08-11T17:29:00+02:00,[59],[2]
2026-08-11T17:28:00+02:00,[59],[2]
2026-08-11T17:27:00+02:00,[59],[2]
2026-08-11T17:26:00+02:00,[59],[2]
2026-08-11T17:25:00+02:00,[59],[2]
2026-08-11T17:24:00+02:00,[59],[2]
2026-08-11T17:23:00+02:00,[59],[2]
2026-08-11T17:22:00+02:00,[59],[2]
2026-08-11T17:21:00+02:00,[59],[2]
2026-08-11T17:20:00+02:00,[59],[1]
2026-08-11T17:19:00+02:00,[59],[1]
2026-08-11T17:18:00+02:00,[59],[1]
2026-08-11T17:17:00+02:00,[59],[1]
2026-08-11T17:16:00+02:00,[59],[1]
2026-08-11T17:15:00+02:00,[59],[1]
2026-08-11T17:14:00+02:00,[59],[1]
2026-08-11T17:13:00+02:00,[59],[1]
2026-08-11T17:12:00+02:00,[59],[1]
2026-08-11T17:11:00+02:00,[59],[1]
2026-08-11T17:10:00+02:00,[59],[1]
2026-08-11T17:09:00+02:00,[59],[1]
2026-08-11T17:08:00+02:00,[59],[1]
2026-08-10T17:59:00+02:00,[59],[1]
2026-08-10T17:58:00+02:00,[59],[1]
2026-08-10T17:57:00+02:00,[59],[1]
2026-08-10T17:56:00+02:00,[59],[1]
2026-08-10T17:55:00+02:00,[59],[1]
2026-08-10T17:54:00+02:00,[59],[1]
2026-08-10T17:53:00+02:00,[59],[1]
2026-08-10T17:52:00+02:00,[59],[1]
2026-08-10T17:51:00+02:00,[59],[1]
2026-08-10T17:50:00+02:00,[59],[1]
2026-08-10T17:49:00+02:00,[59],[1]
2026-08-10T17:48:00+02:00,[59],[2]
2026-08-10T17:47:00+02:00,[59],[2]
2026-08-10T17:46:00+02:00,[59],[2]
2026-08-10T17:45:00+02:00,[59],[2]
2026-08-10T17:44:00+02:00,[59],[2]
2026-08-10T17:43:00+02:00,[59],[2]
2026-08-10T17:42:00+02:00,[59],[2]
2026-08-10T17:41:00+02:00,[59],[2]
2026-08-10T17:40:00+02:00,[59],[2]
2026-08-10T17:39:00+02:00,[59],[2]
2026-08-10T17:38:00+02:00,[59],[2]
2026-08-10T17:37:00+02:00,[59],[2]
2026-08-10T17:36:00+02:00,[59],[2]
2026-08-10T17:35:00+02:00,[59],[2]
2026-08-10T17:34:00+02:00,[59],[2]
2026-08-10T17:33:00+02:00,[59],[2]
2026-08-10T17:32:00+02:00,[59],[2]
2026-08-10T17:31:00+02:00,[59],[2]
2026-08-10T17:30:00+02:00,[59],[2]
2026-08-10T17:29:00+02:00,[59],[2]
2026-08-10T17:28:00+02:00,[59],[2]
2026-08-10T17:27:00+02:00,[59],[2]
2026-08-10T17:26:00+02:00,[59],[2]
2026-08-10T17:25:00+02:00,[59],[2]
2026-08-10T17:24:00+02:00,[59],[2]
2026-08-10T17:23:00+02:00,[59],[2]
2026-08-10T17:22:00+02:00,[59],[2]
2026-08-10T17:21:00+02:00,[59],[2]
2026-08-10T17:20:00+02:00,[59],[2]
2026-08-10T17:19:00+02:00,[59],[2]
2026-08-10T17:18:00+02:00,[59],[2]
2026-08-10T17:17:00+02:00,[59],[2]
2026-08-10T17:16:00+02:00,[59],[2]
2026-08-10T17:15:00+02:00,[59],[1]
2026-08-10T17:14:00+02:00,[59],[1]
2026-08-10T17:13:00+02:00,[59],[1]
2026-08-10T17:12:00+02:00,[59],[1]
2026-08-10T17:11:00+02:00,[59],[1]
2026-08-10T17:10:00+02:00,[59],[1]
2026-08-10T17:09:00+02:00,[59],[1]
2026-08-10T17:08:00+02:00,[59],[1]
2026-08-10T17:07:00+02:00,[59],[1]
2026-08-10T17:06:00+02:00,[59],[1]
2026-08-09T17:01:00+02:00,[59],[2]
2026-08-09T17:00:00+02:00,[59],[2]
2026-08-09T16:59:00+02:00,[59],[2]
2026-08-09T16:58:00+02:00,[59],[2]
2026-08-09T16:57:00+02:00,[59],[2]
2026-08-09T16:56:00+02:00,[59],[2]
2026-08-09T16:55:00+02:00,[59],[2]
2026-08-09T16:54:00+02:00,[59],[2]
2026-08-09T16:53:00+02:00,[59],[2]
2026-08-09T16:52:00+02:00,[59],[2]
2026-08-09T16:51:00+02:00,[59],[2]
2026-08-09T16:50:00+02:00,[59],[2]
2026-08-09T16:49:00+02:00,[59],[2]
2026-08-09T16:48:00+02:00,[59],[2]
2026-08-09T16:47:00+02:00,[59],[2]
2026-08-09T16:46:00+02:00,[59],[2]
2026-08-09T16:45:00+02:00,[59],[2]
2026-08-09T16:44:00+02:00,[59],[2]
2026-08-09T16:43:00+02:00,[59],[2]
2026-08-09T16:42:00+02:00,[59],[2]
2026-08-09T16:41:00+02:00,[59],[2]
2026-08-09T16:40:00+02:00,[59],[2]
2026-08-09T16:39:00+02:00,[59],[2]
2026-08-09T16:38:00+02:00,[59],[2]
2026-08-09T16:37:00+02:00,[59],[2]
2026-08-09T16:36:00+02:00,[59],[2]
2026-08-09T16:35:00+02:00,[59],[2]
2026-08-09T16:34:00+02:00,[59],[2]
2026-08-09T16:33:00+02:00,[59],[2]
2026-08-09T16:32:00+02:00,[59],[2]
2026-08-09T16:31:00+02:00,[59],[2]
2026-08-09T16:30:00+02:00,[59],[2]
2026-08-09T16:29:00+02:00,[59],[2]
2026-08-09T16:28:00+02:00,[59],[2]
2026-08-09T16:27:00+02:00,[59],[1]
2026-08-09T16:26:00+02:00,[59],[1]
2026-08-09T16:25:00+02:00,[59],[1]
2026-08-09T16:24:00+02:00,[59],[1]
2026-08-09T16:23:00+02:00,[59],[1]
2026-08-09T16:22:00+02:00,[59],[1]
2026-08-09T16:21:00+02:00,[59],[1]
2026-08-09T16:20:00+02:00,[59],[1]
2026-08-09T16:19:00+02:00,[59],[1]
2026-08-09T16:18:00+02:00,[59],[1]
2026-08-09T16:17:00+02:00,[59],[1]
2026-08-09T16:16:00+02:00,[59],[1]
2026-08-09T16:15:00+02:00,[59],[1]
2026-08-09T16:14:00+02:00,[59],[1]
2026-08-09T16:13:00+02:00,[59],[1]
2026-08-09T17:59:00+02:00,[59],[1]
2026-08-09T17:58:00+02:00,[59],[1]
2026-08-09T17:57:00+02:00,[59],[1]
2026-08-09T17:56:00+02:00,[59],[1]
2026-08-09T17:55:00+02:00,[59],[1]
2026-08-09T17:54:00+02:00,[59],[1]
2026-08-09T17:53:00+02:00,[59],[1]
2026-08-09T17:52:00+02:00,[59],[1]
2026-08-09T17:51:00+02:00,[59],[1]
2026-08-09T17:50:00+02:00,[59],[1]
2026-08-09T17:49:00+02:00,[59],[1]
2026-08-09T17:48:00+02:00,[59],[1]
2026-08-09T17:47:00+02:00,[59],[1]
2026-08-09T17:46:00+02:00,[59],[1]
2026-08-09T17:45:00+02:00,[59],[1]
2026-08-09T17:44:00+02:00,[59],[1]
2026-08-09T17:43:00+02:00,[59],[1]
2026-08-09T17:42:00+02:00,[59],[1]
2026-08-09T17:41:00+02:00,[59],[1]
2026-08-09T17:40:00+02:00,[59],[1]
2026-08-09T17:39:00+02:00,[59],[1]
2026-08-09T17:38:00+02:00,[59],[1]
2026-08-09T17:37:00+02:00,[59],[1]
2026-08-09T17:36:00+02:00,[59],[1]
2026-08-09T17:35:00+02:00,[59],[1]
2026-08-09T17:34:00+02:00,[59],[1]
2026-08-09T17:33:00+02:00,[59],[1]
2026-08-09T17:32:00+02:00,[59],[1]
2026-08-09T17:31:00+02:00,[59],[1]
2026-08-09T17:30:00+02:00,[59],[1]
2026-08-09T17:29:00+02:00,[59],[1]
2026-08-09T17:28:00+02:00,[59],[1]
2026-08-09T17:27:00+02:00,[59],[1]
2026-08-09T17:26:00+02:00,[59],[1]
2026-08-09T17:25:00+02:00,[59],[1]
2026-08-09T17:24:00+02:00,[59],[1]
2026-08-09T17:23:00+02:00,[59],[1]
2026-08-09T17:22:00+02:00,[59],[1]
2026-08-09T17:21:00+02:00,[59],[1]
2026-08-09T17:20:00+02:00,[59],[1]
2026-08-09T17:19:00+02:00,[59],[1]
2026-08-09T17:18:00+02:00,[59],[1]
2026-08-09T17:17:00+02:00,[59],[1]
2026-08-09T17:16:00+02:00,[59],[1]
2026-08-09T17:15:00+02:00,[59],[1]
2026-08-09T17:14:00+02:00,[59],[1]
2026-08-09T17:13:00+02:00,[59],[1]
2026-08-09T17:12:00+02:00,[59],[1]
2026-08-09T17:11:00+02:00,[59],[1]
2026-08-09T17:10:00+02:00,[59],[1]
2026-08-09T17:09:00+02:00,[59],[1]
2026-08-09T17:08:00+02:00,[59],[1]
2026-08-09T17:07:00+02:00,[59],[1]
2026-08-09T17:06:00+02:00,[59],[1]
2026-08-09T17:05:00+02:00,[59],[1]
2026-08-09T17:04:00+02:00,[59],[1]
2026-08-09T17:03:00+02:00,[59],[1]
2026-08-08T17:59:00+02:00,[59],[1]
2026-08-08T17:58:00+02:00,[59],[1]
2026-08-08T17:57:00+02:00,[59],[1]
2026-08-08T17:56:00+02:00,[59],[1]
2026-08-08T17:55:00+02:00,[59],[1]
2026-08-08T17:54:00+02:00,[59],[1]
2026-08-08T17:53:00+02:00,[59],[1]
2026-08-08T17:52:00+02:00,[59],[1]
2026-08-08T17:51:00+02:00,[59],[1]
2026-08-08T17:50:00+02:00,[59],[1]
2026-08-08T17:49:00+02:00,[59],[1]
2026-08-08T17:48:00+02:00,[59],[1]
2026-08-08T17:47:00+02:00,[59],[2]
2026-08-08T17:46:00+02:00,[59],[2]
2026-08-08T17:45:00+02:00,[59],[2]
2026-08-08T17:44:00+02:00,[59],[2]
2026-08-08T17:43:00+02:00,[59],[2]
2026-08-08T17:42:00+02:00,[59],[2]
2026-08-08T17:41:00+02:00,[59],[2]
2026-08-08T17:40:00+02:00,[59],[2]
2026-08-08T17:39:00+02:00,[59],[2]
2026-08-08T17:38:00+02:00,[59],[2]
2026-08-08T17:37:00+02:00,[59],[2]
2026-08-08T17:36:00+02:00,[59],[2]
2026-08-08T17:35:00+02:00,[59],[2]
2026-08-08T17:34:00+02:00,[59],[2]
2026-08-08T17:33:00+02:00,[59],[2]
2026-08-08T17:32:00+02:00,[59],[2]
2026-08-08T17:31:00+02:00,[59],[2]
2026-08-08T17:30:00+02:00,[59],[2]
2026-08-08T17:29:00+02:00,[59],[2]
2026-08-08T17:28:00+02:00,[59],[2]
2026-08-08T17:27:00+02:00,[59],[3]
2026-08-08T17:26:00+02:00,[59],[3]
2026-08-08T17:25:00+02:00,[59],[3]
2026-08-08T17:24:00+02:00,[59],[3]
2026-08-08T17:23:00+02:00,[59],[3]
2026-08-08T17:22:00+02:00,[59],[3]
2026-08-08T17:21:00+02:00,[59],[3]
2026-08-05T17:59:00+02:00,[59],[2]
2026-08-05T17:58:00+02:00,[59],[2]
2026-08-05T17:57:00+02:00,[59],[2]
2026-08-05T17:56:00+02:00,[59],[2]
2026-08-05T17:55:00+02:00,[59],[2]
2026-08-05T17:54:00+02:00,[59],[2]
2026-08-05T17:53:00+02:00,[59],[2]
2026-08-05T17:52:00+02:00,[59],[2]
2026-08-05T17:51:00+02:00,[59],[2]
2026-08-05T17:50:00+02:00,[59],[1]
2026-08-05T17:49:00+02:00,[59],[1]
2026-08-05T17:48:00+02:00,[59],[1]
2026-08-05T17:47:00+02:00,[59],[1]
2026-08-05T17:46:00+02:00,[59],[1]
2026-08-05T17:45:00+02:00,[59],[1]
2026-08-05T17:44:00+02:00,[59],[1]
2026-08-05T17:43:00+02:00,[59],[1]
2026-08-05T17:42:00+02:00,[59],[1]
2026-08-05T17:41:00+02:00,[59],[2]
2026-08-05T17:40:00+02:00,[59],[2]
2026-08-05T17:39:00+02:00,[59],[2]
2026-08-05T17:38:00+02:00,[59],[2]
2026-08-05T17:37:00+02:00,[59],[2]
2026-08-05T17:36:00+02:00,[59],[2]
2026-08-05T17:35:00+02:00,[59],[2]
2026-08-05T17:34:00+02:00,[59],[2]
2026-08-05T17:33:00+02:00,[59],[2]
2026-08-05T17:32:00+02:00,[59],[2]
2026-08-05T17:31:00+02:00,[59],[2]
2026-08-05T17:30:00+02:00,[59],[3]
2026-08-05T17:29:00+02:00,[59],[3]
2026-08-05T17:28:00+02:00,[59],[3]
2026-08-05T17:27:00+02:00,[59],[3]
2026-08-05T17:26:00+02:00,[59],[3]
2026-08-03T17:59:00+02:00,[59],[1]
2026-08-03T17:58:00+02:00,[59],[1]
2026-08-03T17:57:00+02:00,[59],[1]
2026-08-03T17:56:00+02:00,[59],[1]
2026-08-03T17:55:00+02:00,[59],[1]
2026-08-03T17:54:00+02:00,[59],[1]
2026-08-03T17:53:00+02:00,[59],[1]
2026-08-03T17:52:00+02:00,[59],[1]
2026-08-03T17:51:00+02:00,[59],[1]
2026-08-03T17:50:00+02:00,[59],[1]
2026-08-03T17:49:00+02:00,[59],[1]
2026-08-03T17:48:00+02:00,[59],[1]
2026-08-03T17:47:00+02:00,[59],[1]
2026-08-02T17:59:00+02:00,[59],[3]
2026-08-02T17:58:00+02:00,[59],[3]
2026-08-02T17:57:00+02:00,[59],[3]
2026-08-02T17:56:00+02:00,[59],[3]
2026-08-02T17:55:00+02:00,[59],[3]
2026-08-02T17:54:00+02:00,[59],[3]
2026-08-02T17:53:00+02:00,[59],[3]
2026-08-02T17:52:00+02:00,[59],[3]
2026-08-02T17:51:00+02:00,[59],[3]
2026-08-02T17:50:00+02:00,[59],[3]
2026-08-02T17:49:00+02:00,[59],[3]
2026-08-02T17:48:00+02:00,[59],[3]
2026-08-02T17:47:00+02:00,[59],[3]
2026-08-02T17:46:00+02:00,[59],[3]
2026-08-02T17:45:00+02:00,[59],[1]
2026-08-02T17:44:00+02:00,[59],[1]
2026-08-02T17:43:00+02:00,[59],[1]
2026-08-02T17:42:00+02:00,[59],[1]
2026-08-02T17:41:00+02:00,[59],[1]
2026-08-02T17:40:00+02:00,[59],[1]
2026-08-02T17:39:00+02:00,[59],[1]
2026-08-02T17:38:00+02:00,[59],[1]
2026-08-02T17:37:00+02:00,[59],[1]
2026-08-02T17:36:00+02:00,[59],[1]
2026-08-02T17:35:00+02:00,[59],[1]
2026-08-02T17:34:00+02:00,[59],[1]
2026-08-02T17:33:00+02:00,[59],[1]
2026-08-02T17:32:00+02:00,[59],[1]
2026-08-02T17:31:00+02:00,[59],[1]
2026-08-02T17:30:00+02:00,[59],[1]
2026-08-02T17:29:00+02:00,[59],[1]
2026-08-02T17:28:00+02:00,[59],[1]
2026-08-02T17:27:00+02:00,[59],[1]
2026-08-02T17:26:00+02:00,[59],[1]
2026-08-02T17:25:00+02:00,[59],[1]
2026-08-02T17:24:00+02:00,[59],[2]
2026-08-02T17:23:00+02:00,[59],[2]
2026-08-02T17:22:00+02:00,[59],[2]
2026-08-02T17:21:00+02:00,[59],[2]
2026-08-02T17:20:00+02:00,[59],[2]
2026-08-02T17:19:00+02:00,[59],[2]
2026-08-02T17:18:00+02:00,[59],[2]
2026-08-02T17:17:00+02:00,[59],[2]
2026-08-02T17:16:00+02:00,[59],[2]
2026-08-02T17:15:00+02:00,[59],[2]
2026-08-02T17:14:00+02:00,[59],[2]
2026-08-02T17:13:00+02:00,[59],[2]
2026-08-02T17:12:00+02:00,[59],[2]
2026-08-02T17:11:00+02:00,[59],[2]
2026-08-02T17:10:00+02:00,[59],[2]
2026-08-02T17:09:00+02:00,[59],[2]
2026-08-02T17:08:00+02:00,[59],[2]
2026-08-02T17:07:00+02:00,[59],[2]
2026-08-02T17:06:00+02:00,[59],[2]
2026-08-02T17:05:00+02:00,[59],[2]
2026-08-02T17:04:00+02:00,[59],[2]
2026-08-02T17:03:00+02:00,[59],[2]
2026-08-02T17:01:00+02:00,[59],[2]
2026-08-02T17:00:00+02:00,[59],[2]
2026-08-02T16:59:00+02:00,[59],[2]
2026-08-02T16:58:00+02:00,[59],[2]
2026-08-02T16:57:00+02:00,[59],[2]
2026-08-02T16:56:00+02:00,[59],[2]
2026-08-02T16:55:00+02:00,[59],[2]
2026-08-02T16:54:00+02:00,[59],[2]
2026-08-02T16:53:00+02:00,[59],[2]
2026-08-02T16:52:00+02:00,[59],[2]
2026-08-01T17:59:00+02:00,[59],[1]
2026-08-01T17:58:00+02:00,[59],[1]
2026-08-01T17:57:00+02:00,[59],[1]
2026-08-01T17:56:00+02:00,[59],[1]
2026-08-01T17:55:00+02:00,[59],[1]
2026-08-01T17:54:00+02:00,[59],[2]
2026-08-01T17:53:00+02:00,[59],[2]
2026-08-01T17:52:00+02:00,[59],[2]
2026-08-01T17:51:00+02:00,[59],[2]
2026-08-01T17:50:00+02:00,[59],[2]
2026-08-01T17:49:00+02:00,[59],[2]
2026-08-01T17:48:00+02:00,[59],[2]
2026-08-01T17:47:00+02:00,[59],[2]
2026-08-01T17:46:00+02:00,[59],[2]
2026-08-01T17:45:00+02:00,[59],[2]
2026-08-01T17:44:00+02:00,[59],[2]
2026-08-01T17:43:00+02:00,[59],[2]
2026-08-01T17:42:00+02:00,[59],[1]
2026-08-01T17:41:00+02:00,[59],[1]
2026-08-01T17:40:00+02:00,[59],[1]
2026-08-01T17:39:00+02:00,[59],[1]
2026-08-01T17:38:00+02:00,[59],[1]
2026-08-01T17:37:00+02:00,[59],[1]
2026-08-01T17:36:00+02:00,[59],[1]
2026-08-01T17:35:00+02:00,[59],[1]
2026-08-01T17:34:00+02:00,[59],[1]
2026-08-01T17:33:00+02:00,[59],[1]
2026-08-01T17:32:00+02:00,[59],[1]
2026-08-01T17:31:00+02:00,[59],[1]
2026-08-01T17:30:00+02:00,[59],[1]
2026-08-01T17:29:00+02:00,[59],[1]
2026-08-01T17:28:00+02:00,[59],[1]
2026-08-01T17:27:00+02:00,[59],[1]
2026-08-01T17:26:00+02:00,[59],[1]
2026-08-01T17:25:00+02:00,[59],[1]
2026-07-31T17:42:00+02:00,[59],[1]
2026-07-31T17:41:00+02:00,[59],[1]
2026-07-31T17:40:00+02:00,[59],[1]
2026-07-31T17:39:00+02:00,[59],[1]
2026-07-31T17:38:00+02:00,[59],[1]
2026-07-31T17:37:00+02:00,[59],[1]
2026-07-31T17:36:00+02:00,[59],[1]
2026-07-31T17:35:00+02:00,[59],[1]
2026-07-31T17:34:00+02:00,[59],[1]
2026-07-31T17:33:00+02:00,[59],[1]
2026-07-31T17:32:00+02:00,[59],[1]
2026-07-31T17:31:00+02:00,[59],[1]
2026-07-31T17:30:00+02:00,[59],[1]
2026-07-31T17:29:00+02:00,[59],[1]
2026-07-30T17:59:00+02:00,[59],[1]
2026-07-30T17:58:00+02:00,[59],[1]
2026-07-30T17:57:00+02:00,[59],[1]
2026-07-30T17:56:00+02:00,[59],[1]
2026-07-30T17:55:00+02:00,[59],[3]
2026-07-30T17:54:00+02:00,[59],[3]
2026-07-30T17:53:00+02:00,[59],[3]
2026-07-30T17:52:00+02:00,[59],[3]
2026-07-30T17:51:00+02:00,[59],[3]
2026-07-30T17:50:00+02:00,[59],[3]
2026-07-30T17:49:00+02:00,[59],[3]
2026-07-30T17:48:00+02:00,[59],[3]
2026-07-30T17:47:00+02:00,[59],[3]
2026-07-30T17:46:00+02:00,[59],[3]
2026-07-30T17:45:00+02:00,[59],[3]
2026-07-30T17:44:00+02:00,[59],[3]
2026-07-30T17:43:00+02:00,[59],[3]
2026-07-30T17:42:00+02:00,[59],[3]
2026-07-30T17:41:00+02:00,[59],[3]
2026-07-30T17:40:00+02:00,[59],[3]
2026-07-30T17:39:00+02:00,[59],[3]
2026-07-30T17:38:00+02:00,[59],[3]
2026-07-30T17:37:00+02:00,[59],[3]
2026-07-30T17:36:00+02:00,[59],[3]
2026-07-30T17:35:00+02:00,[59],[3]
2026-07-30T17:34:00+02:00,[59],[3]
2026-07-30T17:33:00+02:00,[59],[3]
2026-07-30T17:32:00+02:00,[59],[3]
2026-07-30T17:31:00+02:00,[59],[3]
2026-07-30T17:30:00+02:00,[59],[3]
2026-07-30T17:29:00+02:00,[59],[3]
2026-07-30T17:28:00+02:00,[59],[3]
2026-07-30T17:27:00+02:00,[59],[3]
2026-07-30T17:26:00+02:00,[59],[3]
2026-07-30T17:25:00+02:00,[59],[3]
2026-07-30T17:24:00+02:00,[59],[2]
2026-07-30T17:23:00+02:00,[59],[2]
2026-07-30T17:22:00+02:00,[59],[2]
2026-07-30T17:21:00+02:00,[59],[2]
2026-07-30T17:20:00+02:00,[59],[2]
2026-07-30T17:19:00+02:00,[59],[2]
2026-07-30T17:18:00+02:00,[59],[2]
2026-07-30T17:17:00+02:00,[59],[2]
2026-07-30T17:16:00+02:00,[59],[2]
2026-07-30T17:15:00+02:00,[59],[2]
2026-07-30T17:14:00+02:00,[59],[2]
2026-07-30T17:13:00+02:00,[59],[2]
2026-07-30T17:12:00+02:00,[59],[2]
2026-07-30T17:11:00+02:00,[59],[2]
2026-07-30T17:10:00+02:00,[59],[2]
2026-07-30T17:09:00+02:00,[59],[2]
2026-07-30T17:08:00+02:00,[59],[2]
2026-07-30T17:07:00+02:00,[59],[2]
2026-07-30T17:06:00+02:00,[59],[2]
2026-07-30T17:05:00+02:00,[59],[2]
2026-07-30T17:04:00+02:00,[59],[2]
2026-07-30T17:03:00+02:00,[59],[3]
2026-07-30T17:02:00+02:00,[59],[3]
2026-07-30T17:01:00+02:00,[59],[3]
2026-07-30T17:00:00+02:00,[59],[3]
2026-07-30T16:59:00+02:00,[59],[3]
2026-07-30T16:58:00+02:00,[59],[3]
2026-07-30T16:57:00+02:00,[59],[3]
2026-07-30T16:56:00+02:00,[59],[3]
2026-07-30T16:55:00+02:00,[59],[3]
2026-07-29T17:59:00+02:00,[59],[2]
2026-07-29T17:58:00+02:00,[59],[2]
2026-07-29T17:57:00+02:00,[59],[2]
2026-07-29T17:56:00+02:00,[59],[2]
2026-07-29T17:55:00+02:00,[59],[2]
2026-07-29T17:54:00+02:00,[59],[2]
2026-07-29T17:53:00+02:00,[59],[2]
2026-07-29T17:52:00+02:00,[59],[2]
2026-07-29T17:51:00+02:00,[59],[2]
2026-07-29T17:50:00+02:00,[59],[2]
2026-07-29T17:49:00+02:00,[59],[2]
2026-07-29T17:48:00+02:00,[59],[2]
2026-07-29T17:47:00+02:00,[59],[2]
2026-07-29T17:46:00+02:00,[59],[2]
2026-07-29T17:45:00+02:00,[59],[2]
2026-07-29T17:44:00+02:00,[59],[2]
2026-07-29T17:43:00+02:00,[59],[2]
2026-07-29T17:42:00+02:00,[59],[2]
2026-07-29T17:41:00+02:00,[59],[2]
2026-07-29T17:40:00+02:00,[59],[2]
2026-07-29T17:39:00+02:00,[59],[2]
2026-07-29T17:38:00+02:00,[59],[2]
2026-07-29T17:37:00+02:00,[59],[2]
2026-07-29T17:36:00+02:00,[59],[2]
2026-07-29T17:35:00+02:00,[59],[2]
2026-07-29T17:34:00+02:00,[59],[2]
2026-07-29T17:33:00+02:00,[59],[2]
2026-07-29T17:32:00+02:00,[59],[1]
2026-07-29T17:31:00+02:00,[59],[1]
2026-07-29T17:30:00+02:00,[59],[1]
2026-07-29T17:29:00+02:00,[59],[1]
2026-07-29T17:28:00+02:00,[59],[1]
2026-07-29T17:27:00+02:00,[59],[1]
2026-07-27T17:57:00+02:00,[59],[1]
2026-07-27T17:56:00+02:00,[59],[1]
2026-07-27T17:55:00+02:00,[59],[1]
2026-07-27T17:54:00+02:00,[59],[1]
2026-07-27T17:53:00+02:00,[59],[1]
2026-07-27T17:52:00+02:00,[59],[1]
2026-07-27T17:51:00+02:00,[59],[1]
2026-07-27T17:50:00+02:00,[59],[1]
2026-07-27T17:49:00+02:00,[59],[1]
2026-07-27T17:48:00+02:00,[59],[1]
2026-07-27T17:47:00+02:00,[59],[1]
2026-07-27T17:46:00+02:00,[59],[1]
2026-07-27T17:45:00+02:00,[59],[1]
2026-07-27T17:44:00+02:00,[59],[1]
2026-07-27T17:43:00+02:00,[59],[1]
2026-07-27T17:42:00+02:00,[59],[1]
2026-07-27T17:41:00+02:00,[59],[1]
2026-07-27T17:40:00+02:00,[59],[1]
2026-07-27T17:39:00+02:00,[59],[1]
2026-07-27T17:38:00+02:00,[59],[1]
2026-07-27T17:37:00+02:00,[59],[1]
2026-07-27T17:36:00+02:00,[59],[1]
2026-07-27T17:35:00+02:00,[59],[1]
2026-07-27T17:34:00+02:00,[59],[2]
2026-07-27T17:33:00+02:00,[59],[2]
2026-07-27T17:32:00+02:00,[59],[2]
2026-07-27T17:31:00+02:00,[59],[2]
2026-07-27T17:30:00+02:00,[59],[2]
2026-07-27T17:29:00+02:00,[59],[2]
2026-07-27T17:28:00+02:00,[59],[2]
2026-07-27T17:27:00+02:00,[59],[2]
2026-07-27T17:26:00+02:00,[59],[2]
2026-07-27T17:25:00+02:00,[59],[2]
2026-07-27T17:24:00+02:00,[59],[2]
2026-07-27T17:23:00+02:00,[59],[2]
2026-07-27T17:22:00+02:00,[59],[2]
2026-07-27T17:21:00+02:00,[59],[2]
2026-07-27T17:20:00+02:00,[59],[2]
2026-07-27T17:19:00+02:00,[59],[2]
2026-07-27T17:18:00+02:00,[59],[2]
2026-07-27T17:17:00+02:00,[59],[2]
2026-07-27T17:16:00+02:00,[59],[2]
2026-07-27T17:15:00+02:00,[59],[2]
2026-07-27T17:14:00+02:00,[59],[2]
2026-07-27T17:13:00+02:00,[59],[2]
2026-07-27T17:12:00+02:00,[59],[2]
2026-07-27T17:11:00+02:00,[59],[2]
2026-07-27T17:10:00+02:00,[59],[2]
2026-07-27T17:09:00+02:00,[59],[2]
2026-07-27T17:08:00+02:00,[59],[2]
2026-07-27T17:07:00+02:00,[59],[2]
2026-07-27T17:06:00+02:00,[59],[2]
2026-07-27T17:05:00+02:00,[59],[2]
2026-07-27T17:04:00+02:00,[59],[2]
2026-07-27T17:03:00+02:00,[59],[2]
2026-07-27T17:01:00+02:00,[59],[2]
2026-07-27T17:00:00+02:00,[59],[2]
2026-07-27T16:59:00+02:00,[59],[1]
2026-07-27T16:58:00+02:00,[59],[1]
2026-07-27T16:57:00+02:00,[59],[1]
2026-07-27T16:56:00+02:00,[59],[1]
2026-07-27T16:55:00+02:00,[59],[1]
2026-07-27T16:54:00+02:00,[59],[1]
2026-07-27T16:53:00+02:00,[59],[1]
2026-07-27T16:52:00+02:00,[59],[1]
2026-07-27T16:51:00+02:00,[59],[1]
2026-07-27T16:50:00+02:00,[59],[1]
2026-07-27T16:49:00+02:00,[59],[1]
2026-07-27T16:48:00+02:00,[59],[1]
2026-07-27T16:47:00+02:00,[59],[1]
2026-07-27T16:46:00+02:00,[59],[1]
2026-07-27T16:45:00+02:00,[59],[1]
2026-07-27T16:44:00+02:00,[59],[1]
2026-07-27T16:43:00+02:00,[59],[1]
2026-07-27T16:42:00+02:00,[59],[1]
2026-07-26T17:59:00+02:00,[59],[1]
2026-07-26T17:58:00+02:00,[59],[1]
2026-07-26T17:57:00+02:00,[59],[1]
2026-07-26T17:56:00+02:00,[59],[1]
2026-07-26T17:55:00+02:00,[59],[1]
2026-07-26T17:54:00+02:00,[59],[1]
2026-07-26T17:53:00+02:00,[59],[1]
2026-07-26T17:52:00+02:00,[59],[1]
2026-07-26T17:51:00+02:00,[59],[1]
2026-07-26T17:50:00+02:00,[59],[1]
2026-07-26T17:49:00+02:00,[59],[2]
2026-07-26T17:48:00+02:00,[59],[2]
2026-07-26T17:47:00+02:00,[59],[2]
2026-07-26T17:46:00+02:00,[59],[2]
2026-07-26T17:45:00+02:00,[59],[2]
2026-07-26T17:44:00+02:00,[59],[2]
2026-07-26T17:43:00+02:00,[59],[2]
2026-07-26T17:42:00+02:00,[59],[2]
2026-07-26T17:41:00+02:00,[59],[2]
2026-07-26T17:40:00+02:00,[59],[2]
2026-07-26T17:39:00+02:00,[59],[2]
2026-07-26T17:38:00+02:00,[59],[2]
2026-07-26T17:37:00+02:00,[59],[2]
2026-07-26T17:36:00+02:00,[59],[2]
2026-07-26T17:35:00+02:00,[59],[2]
2026-07-26T17:34:00+02:00,[59],[2]
2026-07-26T17:33:00+02:00,[59],[2]
2026-07-26T17:32:00+02:00,[59],[2]
2026-07-26T17:31:00+02:00,[59],[2]
2026-07-26T17:30:00+02:00,[59],[2]
2026-07-26T17:29:00+02:00,[59],[2]
2026-07-26T17:28:00+02:00,[59],[2]
2026-07-26T17:27:00+02:00,[59],[2]
2026-07-26T17:26:00+02:00,[59],[2]
2026-07-26T17:25:00+02:00,[59],[2]
2026-07-26T17:24:00+02:00,[59],[2]
2026-07-26T17:23:00+02:00,[59],[2]
2026-07-26T17:22:00+02:00,[59],[2]
2026-07-26T17:21:00+02:00,[59],[2]
2026-07-26T17:20:00+02:00,[59],[2]
2026-07-26T17:19:00+02:00,[59],[2]
2026-07-26T17:18:00+02:00,[59],[2]
2026-07-26T17:17:00+02:00,[59],[2]
2026-07-26T17:16:00+02:00,[59],[2]
2026-07-26T17:15:00+02:00,[59],[2]
2026-07-26T17:14:00+02:00,[59],[2]
2026-07-26T17:13:00+02:00,[59],[2]
2026-07-26T17:12:00+02:00,[59],[2]
2026-07-26T17:11:00+02:00,[59],[2]
2026-07-26T17:10:00+02:00,[59],[2]
2026-07-26T17:09:00+02:00,[59],[2]
2026-07-26T17:08:00+02:00,[59],[2]
2026-07-26T17:07:00+02:00,[59],[2]
2026-07-26T17:06:00+02:00,[59],[2]
2026-07-26T17:05:00+02:00,[59],[2]
2026-07-26T17:04:00+02:00,[59],[2]
2026-07-26T17:03:00+02:00,[59],[2]
2026-07-26T17:02:00+02:00,[59],[2]
2026-07-26T17:01:00+02:00,[59],[2]
2026-07-26T17:00:00+02:00,[59],[2]
2026-07-26T16:59:00+02:00,[59],[2]
2026-07-26T16:58:00+02:00,[59],[2]
2026-07-26T16:57:00+02:00,[59],[2]
2026-07-26T16:56:00+02:00,[59],[2]
2026-07-26T16:55:00+02:00,[59],[2]
2026-07-26T16:54:00+02:00,[59],[2]
2026-07-26T16:53:00+02:00,[59],[1]
2026-07-26T16:52:00+02:00,[59],[1]
2026-07-26T16:51:00+02:00,[59],[1]
2026-07-26T16:50:00+02:00,[59],[1]
2026-07-26T16:49:00+02:00,[59],[1]
2026-07-26T16:48:00+02:00,[59],[1]
2026-07-26T16:47:00+02:00,[59],[1]
2026-07-26T16:46:00+02:00,[59],[1]
2026-07-26T16:45:00+02:00,[59],[1]
2026-07-26T16:44:00+02:00,[59],[1]
2026-07-26T16:43:00+02:00,[59],[1]
2026-07-24T17:59:00+02:00,[59],[1]
2026-07-24T17:58:00+02:00,[59],[1]
2026-07-24T17:57:00+02:00,[59],[1]
2026-07-24T17:56:00+02:00,[59],[1]
2026-07-24T17:55:00+02:00,[59],[1]
2026-07-24T17:54:00+02:00,[59],[1]
2026-07-24T17:53:00+02:00,[59],[1]
2026-07-24T17:52:00+02:00,[59],[1]
2026-07-24T17:51:00+02:00,[59],[1]
2026-07-24T17:50:00+02:00,[59],[1]
2026-07-24T17:49:00+02:00,[59],[2]
2026-07-24T17:48:00+02:00,[59],[2]
2026-07-24T17:47:00+02:00,[59],[2]
2026-07-24T17:46:00+02:00,[59],[2]
2026-07-24T17:45:00+02:00,[59],[2]
2026-07-24T17:44:00+02:00,[59],[2]
2026-07-24T17:43:00+02:00,[59],[2]
2026-07-24T17:42:00+02:00,[59],[2]
2026-07-24T17:41:00+02:00,[59],[2]
2026-07-24T17:40:00+02:00,[59],[2]
2026-07-24T17:39:00+02:00,[59],[2]
2026-07-24T17:38:00+02:00,[59],[2]
2026-07-24T17:37:00+02:00,[59],[2]
2026-07-24T17:36:00+02:00,[59],[2]
2026-07-24T17:35:00+02:00,[59],[2]
2026-07-24T17:34:00+02:00,[59],[2]
2026-07-24T17:33:00+02:00,[59],[2]
2026-07-24T17:32:00+02:00,[59],[2]
2026-07-24T17:31:00+02:00,[59],[2]
2026-07-24T17:30:00+02:00,[59],[2]
2026-07-24T17:29:00+02:00,[59],[2]
2026-07-24T17:28:00+02:00,[59],[2]
2026-07-24T17:27:00+02:00,[59],[1]
2026-07-24T17:26:00+02:00,[59],[1]
2026-07-24T17:25:00+02:00,[59],[1]
2026-07-24T17:24:00+02:00,[59],[1]
2026-07-24T17:23:00+02:00,[59],[1]
2026-07-24T17:22:00+02:00,[59],[1]
2026-07-24T17:21:00+02:00,[59],[1]
2026-07-24T17:20:00+02:00,[59],[1]
2026-07-24T17:19:00+02:00,[59],[1]
2026-07-23T17:59:00+02:00,[59],[2]
2026-07-23T17:58:00+02:00,[59],[2]
2026-07-23T17:57:00+02:00,[59],[2]
2026-07-23T17:56:00+02:00,[59],[2]
2026-07-23T17:55:00+02:00,[59],[2]
2026-07-23T17:54:00+02:00,[59],[2]
2026-07-23T17:53:00+02:00,[59],[2]
2026-07-23T17:52:00+02:00,[59],[2]
2026-07-23T17:51:00+02:00,[59],[2]
2026-07-23T17:50:00+02:00,[59],[2]
2026-07-23T17:49:00+02:00,[59],[2]
2026-07-23T17:48:00+02:00,[59],[2]
2026-07-23T17:47:00+02:00,[59],[2]
2026-07-23T17:46:00+02:00,[59],[2]
2026-07-23T17:45:00+02:00,[59],[2]
2026-07-23T17:44:00+02:00,[59],[2]
2026-07-23T17:43:00+02:00,[59],[2]
2026-07-23T17:42:00+02:00,[59],[2]
2026-07-23T17:41:00+02:00,[59],[2]
2026-07-23T17:40:00+02:00,[59],[2]
2026-07-23T17:39:00+02:00,[59],[2]
2026-07-23T17:38:00+02:00,[59],[2]
2026-07-23T17:37:00+02:00,[59],[2]
2026-07-23T17:36:00+02:00,[59],[2]
2026-07-23T17:35:00+02:00,[59],[2]
2026-07-23T17:34:00+02:00,[59],[2]
2026-07-23T17:33:00+02:00,[59],[2]
2026-07-23T17:32:00+02:00,[59],[2]
2026-07-23T17:31:00+02:00,[59],[2]
2026-07-23T17:30:00+02:00,[59],[1]
2026-07-23T17:29:00+02:00,[59],[1]
2026-07-23T17:28:00+02:00,[59],[1]
2026-07-23T17:27:00+02:00,[59],[1]
2026-07-23T17:26:00+02:00,[59],[1]
2026-07-23T17:25:00+02:00,[59],[1]
2026-07-22T17:59:00+02:00,[59],[3]
2026-07-22T17:58:00+02:00,[59],[3]
2026-07-22T17:57:00+02:00,[59],[3]
2026-07-22T17:56:00+02:00,[59],[3]
2026-07-22T17:55:00+02:00,[59],[3]
2026-07-22T17:54:00+02:00,[59],[1]
2026-07-22T17:53:00+02:00,[59],[1]
2026-07-22T17:52:00+02:00,[59],[1]
2026-07-22T17:51:00+02:00,[59],[1]
2026-07-22T17:50:00+02:00,[59],[1]
2026-07-22T17:49:00+02:00,[59],[1]
2026-07-22T17:48:00+02:00,[59],[1]
2026-07-22T17:47:00+02:00,[59],[1]
2026-07-22T17:46:00+02:00,[59],[1]
2026-07-22T17:45:00+02:00,[59],[1]
2026-07-22T17:44:00+02:00,[59],[1]
2026-07-22T17:43:00+02:00,[59],[1]
2026-07-22T17:42:00+02:00,[59],[1]
2026-07-22T17:41:00+02:00,[59],[1]
2026-07-22T17:40:00+02:00,[59],[1]
2026-07-22T17:39:00+02:00,[59],[1]
2026-07-22T17:38:00+02:00,[59],[1]
2026-07-22T17:37:00+02:00,[59],[1]
2026-07-22T17:36:00+02:00,[59],[1]
2026-07-22T17:35:00+02:00,[59],[1]
2026-07-22T17:34:00+02:00,[59],[1]
2026-07-22T17:33:00+02:00,[59],[1]
2026-07-22T17:32:00+02:00,[59],[1]
2026-07-22T17:31:00+02:00,[59],[1]
2026-07-22T17:30:00+02:00,[59],[1]
2026-07-22T17:29:00+02:00,[59],[1]
2026-07-22T17:28:00+02:00,[59],[1]
2026-07-22T17:27:00+02:00,[59],[1]
2026-07-22T17:26:00+02:00,[59],[1]
2026-07-22T17:25:00+02:00,[59],[1]
2026-07-22T17:24:00+02:00,[59],[1]
2026-07-22T17:23:00+02:00,[59],[1]
2026-07-22T17:22:00+02:00,[59],[1]
2026-07-22T17:21:00+02:00,[59],[1]
2026-07-22T17:20:00+02:00,[59],[1]
2026-07-22T17:19:00+02:00,[59],[1]
2026-07-22T17:18:00+02:00,[59],[1]
2026-07-22T17:17:00+02:00,[59],[1]
2026-07-22T17:16:00+02:00,[59],[1]
2026-07-22T17:15:00+02:00,[59],[1]
2026-07-22T17:14:00+02:00,[59],[1]
2026-07-22T17:13:00+02:00,[59],[1]
2026-07-22T17:12:00+02:00,[59],[1]
2026-07-22T17:11:00+02:00,[59],[1]
2026-07-22T17:10:00+02:00,[59],[1]
2026-07-22T17:09:00+02:00,[59],[1]
2026-07-22T17:08:00+02:00,[59],[1]
2026-07-22T17:07:00+02:00,[59],[1]
2026-07-22T17:06:00+02:00,[59],[1]
2026-07-22T17:05:00+02:00,[59],[1]
2026-07-22T17:04:00+02:00,[59],[1]
2026-07-22T17:03:00+02:00,[59],[1]
2026-07-22T17:02:00+02:00,[59],[1]
2026-07-22T17:01:00+02:00,[59],[1]
2026-07-22T17:00:00+02:00,[59],[1]
2026-07-22T16:59:00+02:00,[59],[1]
2026-07-22T16:58:00+02:00,[59],[1]
2026-07-22T16:57:00+02:00,[59],[1]
2026-07-22T16:56:00+02:00,[59],[1]
2026-07-22T16:55:00+02:00,[59],[1]
2026-07-22T16:54:00+02:00,[59],[1]
2026-07-22T16:53:00+02:00,[59],[1]
2026-07-22T16:52:00+02:00,[59],[1]
2026-07-22T16:51:00+02:00,[59],[1]
2026-07-22T16:50:00+02:00,[59],[1]
2026-07-22T16:49:00+02:00,[59],[1]
2026-07-22T16:48:00+02:00,[59],[1]
2026-07-22T16:47:00+02:00,[59],[1]
2026-07-22T16:46:00+02:00,[59],[1]
2026-07-22T16:45:00+02:00,[59],[1]
2026-07-22T16:44:00+02:00,[59],[1]
2026-07-22T16:43:00+02:00,[59],[1]
2026-07-22T16:42:00+02:00,[59],[1]
2026-07-22T16:41:00+02:00,[59],[1]
2026-07-22T16:40:00+02:00,[59],[1]
2026-07-22T16:39:00+02:00,[59],[3]
2026-07-22T16:38:00+02:00,[59],[3]
2026-07-22T16:37:00+02:00,[59],[3]
2026-07-22T16:36:00+02:00,[59],[3]
2026-07-22T16:35:00+02:00,[59],[3]
2026-07-22T16:34:00+02:00,[59],[3]
2026-07-22T16:33:00+02:00,[59],[3]
2026-07-22T16:32:00+02:00,[59],[3]
2026-07-22T16:31:00+02:00,[59],[3]
2026-07-22T16:30:00+02:00,[59],[3]
2026-07-22T16:29:00+02:00,[59],[3]
2026-07-22T16:28:00+02:00,[59],[3]
2026-07-22T16:27:00+02:00,[59],[3]
2026-07-22T16:26:00+02:00,[59],[2]
2026-07-22T16:25:00+02:00,[59],[2]
2026-07-22T16:24:00+02:00,[59],[2]
2026-07-22T16:23:00+02:00,[59],[2]
2026-07-22T16:22:00+02:00,[59],[2]
2026-07-22T16:21:00+02:00,[59],[2]
2026-07-22T16:20:00+02:00,[59],[2]
2026-07-22T16:19:00+02:00,[59],[2]
2026-07-22T16:18:00+02:00,[59],[2]
2026-07-22T16:17:00+02:00,[59],[2]
2026-07-22T16:16:00+02:00,[59],[2]
2026-07-22T16:15:00+02:00,[59],[2]
2026-07-22T16:14:00+02:00,[59],[2]
2026-07-22T16:13:00+02:00,[59],[2]
2026-07-22T16:12:00+02:00,[59],[2]
2026-07-22T16:11:00+02:00,[59],[2]
2026-07-22T16:10:00+02:00,[59],[2]
2026-07-22T16:09:00+02:00,[59],[2]
2026-07-22T16:08:00+02:00,[59],[2]
2026-07-22T16:07:00+02:00,[59],[2]
2026-07-22T16:06:00+02:00,[59],[2]
2026-07-22T16:05:00+02:00,[59],[2]
2026-07-22T16:04:00+02:00,[59],[2]
2026-07-22T16:03:00+02:00,[59],[2]
2026-07-22T16:02:00+02:00,[59],[2]
2026-07-22T16:01:00+02:00,[59],[2]
2026-07-22T16:00:00+02:00,[59],[2]
2026-07-22T15:59:00+02:00,[59],[2]
2026-07-22T15:58:00+02:00,[59],[2]
2026-07-22T15:57:00+02:00,[59],[2]
2026-07-22T15:56:00+02:00,[59],[2]
2026-07-22T15:55:00+02:00,[59],[2]
2026-07-22T15:54:00+02:00,[59],[2]
2026-07-22T15:53:00+02:00,[59],[2]
2026-07-22T15:52:00+02:00,[59],[2]
2026-07-22T15:51:00+02:00,[59],[2]
2026-07-22T15:50:00+02:00,[59],[2]
2026-07-22T15:49:00+02:00,[59],[2]
2026-07-22T15:48:00+02:00,[59],[1]
2026-07-22T15:47:00+02:00,[59],[1]
2026-07-22T15:46:00+02:00,[59],[1]
2026-07-22T15:45:00+02:00,[59],[1]
2026-07-22T15:44:00+02:00,[59],[1]
2026-07-22T15:43:00+02:00,[59],[1]
2026-07-22T15:42:00+02:00,[59],[1]
2026-07-22T15:41:00+02:00,[59],[1]
2026-07-22T15:40:00+02:00,[59],[1]
2026-07-22T15:39:00+02:00,[59],[1]
2026-07-22T15:38:00+02:00,[59],[1]
2026-07-22T15:37:00+02:00,[59],[1]
2026-07-22T15:36:00+02:00,[59],[1]
2026-07-22T15:35:00+02:00,[59],[1]
2026-07-22T15:34:00+02:00,[59],[1]
2026-07-22T15:33:00+02:00,[59],[1]
2026-07-22T15:32:00+02:00,[59],[1]
2026-07-22T15:31:00+02:00,[59],[1]
2026-07-22T15:30:00+02:00,[59],[1]
2026-07-19T17:59:00+02:00,[59],[2]
2026-07-19T17:58:00+02:00,[59],[2]
2026-07-19T17:57:00+02:00,[59],[2]
2026-07-19T17:56:00+02:00,[59],[2]
2026-07-19T17:55:00+02:00,[59],[2]
2026-07-19T17:54:00+02:00,[59],[2]
2026-07-19T17:53:00+02:00,[59],[2]
2026-07-19T17:52:00+02:00,[59],[2]
2026-07-19T17:51:00+02:00,[59],[2]
2026-07-19T17:50:00+02:00,[59],[2]
2026-07-19T17:49:00+02:00,[59],[1]
2026-07-19T17:48:00+02:00,[59],[1]
2026-07-19T17:47:00+02:00,[59],[1]
2026-07-19T17:46:00+02:00,[59],[1]
2026-07-18T09:49:00+02:00,"[240,720,360,600,420,1860,720]","[0,1,2,1,2,1,2]"
2026-07-18T17:59:00+02:00,[59],[1]
2026-07-18T17:58:00+02:00,[59],[1]
2026-07-18T17:57:00+02:00,[59],[1]
2026-07-18T17:56:00+02:00,[59],[1]
2026-07-18T17:55:00+02:00,[59],[1]
2026-07-18T17:54:00+02:00,[59],[1]
2026-07-18T17:53:00+02:00,[59],[1]
2026-07-18T17:52:00+02:00,[59],[1]
2026-07-18T17:51:00+02:00,[59],[1]
2026-07-18T17:50:00+02:00,[59],[1]
2026-07-18T17:49:00+02:00,[59],[1]
2026-07-18T17:48:00+02:00,[59],[1]
2026-07-18T17:47:00+02:00,[59],[3]
2026-07-18T17:46:00+02:00,[59],[3]
2026-07-18T17:45:00+02:00,[59],[3]
2026-07-18T17:44:00+02:00,[59],[3]
2026-07-18T17:43:00+02:00,[59],[3]
2026-07-18T17:42:00+02:00,[59],[3]
2026-07-18T17:41:00+02:00,[59],[3]
2026-07-18T17:40:00+02:00,[59],[3]
2026-07-18T17:39:00+02:00,[59],[3]
2026-07-18T17:38:00+02:00,[59],[3]
2026-07-18T17:37:00+02:00,[59],[3]
2026-07-18T17:36:00+02:00,[59],[3]
2026-07-18T17:35:00+02:00,[59],[3]
2026-07-18T17:34:00+02:00,[59],[3]
2026-07-18T17:33:00+02:00,[59],[3]
2026-07-18T17:32:00+02:00,[59],[3]
2026-07-18T17:31:00+02:00,[59],[3]
2026-07-18T17:30:00+02:00,[59],[3]
2026-07-18T17:29:00+02:00,[59],[3]
2026-07-18T17:28:00+02:00,[59],[3]
2026-07-18T17:27:00+02:00,[59],[3]
2026-07-18T17:26:00+02:00,[59],[3]
2026-07-18T17:25:00+02:00,[59],[3]
2026-07-18T17:24:00+02:00,[59],[2]
2026-07-18T17:23:00+02:00,[59],[2]
2026-07-18T17:22:00+02:00,[59],[2]
2026-07-18T17:21:00+02:00,[59],[2]
2026-07-18T17:20:00+02:00,[59],[2]
2026-07-18T17:19:00+02:00,[59],[2]
2026-07-18T17:18:00+02:00,[59],[2]
2026-07-18T17:17:00+02:00,[59],[2]
2026-07-18T17:16:00+02:00,[59],[2]
2026-07-18T17:15:00+02:00,[59],[2]
2026-07-18T17:14:00+02:00,[59],[2]
2026-07-18T17:13:00+02:00,[59],[2]
2026-07-18T17:12:00+02:00,[59],[2]
2026-07-18T17:11:00+02:00,[59],[2]
2026-07-18T17:10:00+02:00,[59],[2]
2026-07-18T17:09:00+02:00,[59],[2]
2026-07-18T17:08:00+02:00,[59],[2]
2026-07-18T17:07:00+02:00,[59],[2]
2026-07-18T17:06:00+02:00,[59],[2]
2026-07-18T17:05:00+02:00,[59],[2]
2026-07-18T17:04:00+02:00,[59],[2]
2026-07-18T17:03:00+02:00,[59],[2]
2026-07-18T17:02:00+02:00,[59],[2]
2026-07-18T17:01:00+02:00,[59],[2]
2026-07-18T17:00:00+02:00,[59],[2]
2026-07-18T16:59:00+02:00,[59],[2]
2026-07-18T16:58:00+02:00,[59],[2]
2026-07-18T16:57:00+02:00,[59],[2]
2026-07-18T16:56:00+02:00,[59],[2]
2026-07-18T16:55:00+02:00,[59],[2]
2026-07-18T16:54:00+02:00,[59],[2]
2026-07-18T16:53:00+02:00,[59],[2]
2026-07-18T16:52:00+02:00,[59],[2]
2026-07-18T16:51:00+02:00,[59],[2]
2026-07-18T16:50:00+02:00,[59],[2]
2026-07-18T16:49:00+02:00,[59],[2]
2026-07-18T16:48:00+02:00,[59],[2]
2026-07-18T16:47:00+02:00,[59],[2]
2026-07-18T16:46:00+02:00,[59],[2]
2026-07-18T16:45:00+02:00,[59],[2]
2026-07-18T16:44:00+02:00,[59],[2]
2026-07-18T16:43:00+02:00,[59],[2]
2026-07-18T16:42:00+02:00,[59],[1]
2026-07-18T16:41:00+02:00,[59],[1]
2026-07-18T16:40:00+02:00,[59],[1]
2026-07-18T16:39:00+02:00,[59],[1]
2026-07-18T16:38:00+02:00,[59],[1]
2026-07-18T16:37:00+02:00,[59],[1]
2026-07-18T16:36:00+02:00,[59],[1]
2026-07-18T16:35:00+02:00,[59],[1]
2026-07-18T16:34:00+02:00,[59],[1]
2026-07-18T16:33:00+02:00,[59],[1]
2026-07-18T16:32:00+02:00,[59],[1]
2026-07-18T16:31:00+02:00,[59],[1]
2026-07-18T16:30:00+02:00,[59],[1]
2026-07-18T16:29:00+02:00,[59],[1]
2026-07-18T16:28:00+02:00,[59],[1]
2026-07-18T16:27:00+02:00,[59],[1]
2026-07-18T16:26:00+02:00,[59],[1]
2026-07-18T14:14:00+02:00,"[240,900,1020,420,1260,840]","[0,3,1,2,1,1]"
2026-07-18T11:11:00+02:00,"[120,660,720,780,420]","[2,0,1,2,1]"
2026-07-14T10:13:00+02:00,"[240,1500,1080,180,60,180,420,420,480,360,240]","[0,1,2,1,1,1,1,1,0,3,3]"
2026-07-10T17:59:00+02:00,[59],[1]
2026-07-10T17:58:00+02:00,[59],[1]
2026-07-10T17:57:00+02:00,[59],[1]
2026-07-10T17:56:00+02:00,[59],[1]
2026-07-10T17:55:00+02:00,[59],[1]
2026-07-10T17:54:00+02:00,[59],[1]
2026-07-10T17:53:00+02:00,[59],[1]
2026-07-10T17:52:00+02:00,[59],[1]
2026-07-10T17:51:00+02:00,[59],[1]
2026-07-10T17:50:00+02:00,[59],[1]
2026-07-10T17:49:00+02:00,[59],[1]
2026-07-10T17:48:00+02:00,[59],[1]
2026-07-10T17:47:00+02:00,[59],[1]
2026-07-10T17:46:00+02:00,[59],[1]
2026-07-10T17:45:00+02:00,[59],[1]
2026-07-10T17:44:00+02:00,[59],[1]
2026-07-10T17:43:00+02:00,[59],[1]
2026-07-10T17:42:00+02:00,[59],[1]
2026-07-10T17:41:00+02:00,[59],[1]
2026-07-09T17:59:00+02:00,[59],[1]
2026-07-09T17:58:00+02:00,[59],[1]
2026-07-09T17:57:00+02:00,[59],[1]
2026-07-09T17:56:00+02:00,[59],[1]
2026-07-09T17:55:00+02:00,[59],[1]
2026-07-09T17:54:00+02:00,[59],[1]
2026-07-09T17:53:00+02:00,[59],[1]
2026-07-09T17:52:00+02:00,[59],[1]
2026-07-09T17:51:00+02:00,[59],[1]
2026-07-09T17:50:00+02:00,[59],[1]
2026-07-09T17:49:00+02:00,[59],[1]
2026-07-08T17:59:00+02:00,[59],[1]
2026-07-08T17:58:00+02:00,[59],[1]
2026-07-08T17:57:00+02:00,[59],[1]
2026-07-08T17:56:00+02:00,[59],[1]
2026-07-08T17:55:00+02:00,[59],[1]
2026-07-08T17:54:00+02:00,[59],[1]
2026-07-08T17:53:00+02:00,[59],[1]
2026-07-08T17:52:00+02:00,[59],[1]
2026-07-08T17:51:00+02:00,[59],[1]
2026-07-08T17:50:00+02:00,[59],[1]
2026-07-08T17:49:00+02:00,[59],[1]
2026-07-08T17:48:00+02:00,[59],[1]
2026-07-08T17:47:00+02:00,[59],[1]
2026-07-08T17:46:00+02:00,[59],[1]
2026-07-08T17:45:00+02:00,[59],[1]
2026-07-08T17:44:00+02:00,[59],[1]
2026-07-08T17:43:00+02:00,[59],[1]
2026-07-08T17:42:00+02:00,[59],[1]
2026-07-08T17:41:00+02:00,[59],[1]
2026-07-08T17:40:00+02:00,[59],[1]
2026-07-08T17:39:00+02:00,[59],[1]
2026-07-08T17:38:00+02:00,[59],[1]
2026-07-08T17:37:00+02:00,[59],[1]
2026-07-08T17:36:00+02:00,[59],[1]
2026-07-08T17:35:00+02:00,[59],[1]
2026-07-08T17:34:00+02:00,[59],[1]
2026-07-08T17:33:00+02:00,[59],[1]
2026-07-08T17:32:00+02:00,[59],[1]
2026-07-08T17:31:00+02:00,[59],[1]
2026-07-08T17:30:00+02:00,[59],[1]
2026-07-08T17:29:00+02:00,[59],[1]
2026-07-08T17:28:00+02:00,[59],[1]
2026-07-08T17:27:00+02:00,[59],[1]
2026-07-08T17:26:00+02:00,[59],[1]
2026-07-08T17:25:00+02:00,[59],[1]
2026-07-08T17:24:00+02:00,[59],[1]
2026-07-08T17:23:00+02:00,[59],[1]
2026-07-08T17:22:00+02:00,[59],[1]
2026-07-08T17:21:00+02:00,[59],[1]
2026-07-08T17:20:00+02:00,[59],[1]
2026-07-08T17:19:00+02:00,[59],[1]
2026-07-08T17:18:00+02:00,[59],[1]
2026-07-08T17:17:00+02:00,[59],[1]
2026-07-08T17:16:00+02:00,[59],[1]
2026-07-08T17:15:00+02:00,[59],[1]
2026-07-08T17:14:00+02:00,[59],[1]
2026-07-08T17:13:00+02:00,[59],[1]
2026-07-08T17:12:00+02:00,[59],[2]
2026-07-08T17:11:00+02:00,[59],[2]
2026-07-08T17:10:00+02:00,[59],[2]
2026-07-08T17:09:00+02:00,[59],[2]
2026-07-08T17:08:00+02:00,[59],[2]
2026-07-08T17:07:00+02:00,[59],[2]
2026-07-08T17:06:00+02:00,[59],[2]
2026-07-08T17:05:00+02:00,[59],[2]
2026-07-08T17:04:00+02:00,[59],[2]
2026-07-08T17:03:00+02:00,[59],[2]
2026-07-08T17:01:00+02:00,[59],[2]
2026-07-08T17:00:00+02:00,[59],[2]
2026-07-08T16:59:00+02:00,[59],[2]
2026-07-08T16:58:00+02:00,[59],[2]
2026-07-08T16:57:00+02:00,[59],[2]
2026-07-08T16:56:00+02:00,[59],[2]
2026-07-08T16:55:00+02:00,[59],[1]
2026-07-08T16:54:00+02:00,[59],[1]
2026-07-08T16:53:00+02:00,[59],[1]
2026-07-08T16:52:00+02:00,[59],[1]
2026-07-08T16:51:00+02:00,[59],[1]
2026-07-08T16:50:00+02:00,[59],[1]
2026-07-08T16:49:00+02:00,[59],[1]
2026-07-08T16:48:00+02:00,[59],[1]
2026-07-08T16:47:00+02:00,[59],[1]
2026-07-08T16:46:00+02:00,[59],[1]
2026-07-08T16:45:00+02:00,[59],[1]
2026-07-08T16:44:00+02:00,[59],[1]
2026-07-08T16:43:00+02:00,[59],[1]
2026-07-08T16:42:00+02:00,[59],[1]
2026-07-08T16:41:00+02:00,[59],[1]
2026-07-08T16:40:00+02:00,[59],[1]
2026-07-08T16:39:00+02:00,[59],[1]
2026-07-06T17:59:00+02:00,[59],[1]
2026-07-06T17:58:00+02:00,[59],[1]
2026-07-06T17:57:00+02:00,[59],[1]
2026-07-06T17:56:00+02:00,[59],[1]
2026-07-06T17:55:00+02:00,[59],[1]
2026-07-06T17:54:00+02:00,[59],[1]
2026-07-06T17:53:00+02:00,[59],[1]
2026-07-06T17:52:00+02:00,[59],[1]
2026-07-06T17:51:00+02:00,[59],[1]
2026-07-06T17:50:00+02:00,[59],[2]
2026-07-06T17:49:00+02:00,[59],[2]
2026-07-06T17:48:00+02:00,[59],[2]
2026-07-06T17:47:00+02:00,[59],[2]
2026-07-06T17:46:00+02:00,[59],[2]
2026-07-06T17:45:00+02:00,[59],[2]
2026-07-06T17:44:00+02:00,[59],[2]
2026-07-06T17:43:00+02:00,[59],[2]
2026-07-06T17:42:00+02:00,[59],[2]
2026-07-06T17:41:00+02:00,[59],[2]
2026-07-06T17:40:00+02:00,[59],[2]
2026-07-06T17:39:00+02:00,[59],[1]
2026-07-06T17:38:00+02:00,[59],[1]
2026-07-06T17:37:00+02:00,[59],[1]
2026-07-06T17:36:00+02:00,[59],[1]
2026-07-06T17:35:00+02:00,[59],[1]
2026-07-06T17:34:00+02:00,[59],[1]
2026-07-06T17:33:00+02:00,[59],[1]
2026-07-06T17:32:00+02:00,[59],[1]
2026-07-06T17:31:00+02:00,[59],[1]
2026-07-06T17:30:00+02:00,[59],[1]
2026-07-06T17:29:00+02:00,[59],[1]
2026-07-06T17:28:00+02:00,[59],[1]
2026-07-06T17:27:00+02:00,[59],[1]
2026-07-06T17:26:00+02:00,[59],[1]
2026-07-06T17:25:00+02:00,[59],[1]
2026-07-06T17:24:00+02:00,[59],[1]
2026-07-06T17:23:00+02:00,[59],[1]
2026-07-06T17:22:00+02:00,[59],[1]
2026-07-06T17:21:00+02:00,[59],[1]
2026-07-05T17:59:00+02:00,[59],[1]
2026-07-05T17:58:00+02:00,[59],[1]
2026-07-05T17:57:00+02:00,[59],[1]
2026-07-05T17:56:00+02:00,[59],[1]
2026-07-05T17:55:00+02:00,[59],[1]
2026-07-05T17:54:00+02:00,[59],[2]
2026-07-05T17:53:00+02:00,[59],[2]
2026-07-05T17:52:00+02:00,[59],[2]
2026-07-05T17:51:00+02:00,[59],[2]
2026-07-05T17:50:00+02:00,[59],[2]
2026-07-05T17:49:00+02:00,[59],[2]
2026-07-05T17:48:00+02:00,[59],[2]
2026-07-05T17:47:00+02:00,[59],[2]
2026-07-05T17:46:00+02:00,[59],[2]
2026-07-05T17:45:00+02:00,[59],[2]
2026-07-05T17:44:00+02:00,[59],[2]
2026-07-05T17:43:00+02:00,[59],[2]
2026-07-05T17:42:00+02:00,[59],[2]
2026-07-05T17:41:00+02:00,[59],[2]
2026-07-05T17:40:00+02:00,[59],[2]
2026-07-05T17:39:00+02:00,[59],[2]
2026-07-05T17:38:00+02:00,[59],[2]
2026-07-05T17:37:00+02:00,[59],[2]
2026-07-05T17:36:00+02:00,[59],[2]
2026-07-05T17:35:00+02:00,[59],[2]
2026-07-05T17:34:00+02:00,[59],[2]
2026-07-05T17:33:00+02:00,[59],[2]
2026-07-05T17:32:00+02:00,[59],[2]
2026-07-05T17:31:00+02:00,[59],[2]
2026-07-05T17:30:00+02:00,[59],[2]
2026-07-05T17:29:00+02:00,[59],[2]
2026-07-05T17:28:00+02:00,[59],[2]
2026-07-05T17:27:00+02:00,[59],[2]
2026-07-05T17:26:00+02:00,[59],[1]
2026-07-05T17:25:00+02:00,[59],[1]
2026-07-05T17:24:00+02:00,[59],[1]
2026-07-05T17:23:00+02:00,[59],[1]
2026-07-05T17:22:00+02:00,[59],[1]
2026-07-05T17:21:00+02:00,[59],[1]
2026-07-05T17:20:00+02:00,[59],[1]
2026-07-05T17:19:00+02:00,[59],[1]
2026-07-05T17:18:00+02:00,[59],[1]
2026-07-04T17:16:00+02:00,[59],[1]
2026-07-04T17:15:00+02:00,[59],[1]
2026-07-04T17:14:00+02:00,[59],[1]
2026-07-04T17:13:00+02:00,[59],[1]
2026-07-02T17:59:00+02:00,[59],[1]
2026-07-02T17:58:00+02:00,[59],[1]
2026-07-02T17:57:00+02:00,[59],[1]
2026-07-02T17:56:00+02:00,[59],[1]
2026-07-02T17:55:00+02:00,[59],[1]
2026-07-02T17:54:00+02:00,[59],[1]
2026-07-02T17:53:00+02:00,[59],[1]
2026-07-02T17:52:00+02:00,[59],[1]
2026-07-02T17:51:00+02:00,[59],[1]
2026-07-02T17:50:00+02:00,[59],[2]
2026-07-02T17:49:00+02:00,[59],[2]
2026-07-02T17:48:00+02:00,[59],[2]
2026-07-02T17:47:00+02:00,[59],[2]
2026-07-02T17:46:00+02:00,[59],[2]
2026-07-02T17:45:00+02:00,[59],[2]
2026-07-02T17:44:00+02:00,[59],[2]
2026-07-02T17:43:00+02:00,[59],[2]
2026-07-02T17:42:00+02:00,[59],[2]
2026-07-02T17:41:00+02:00,[59],[2]
2026-07-02T17:40:00+02:00,[59],[2]
2026-07-02T17:39:00+02:00,[59],[2]
2026-07-02T17:38:00+02:00,[59],[2]
2026-07-02T17:37:00+02:00,[59],[2]
2026-07-02T17:36:00+02:00,[59],[2]
2026-07-02T17:35:00+02:00,[59],[2]
2026-07-02T17:34:00+02:00,[59],[2]
2026-07-02T17:33:00+02:00,[59],[2]
2026-07-02T17:32:00+02:00,[59],[2]
2026-07-02T17:31:00+02:00,[59],[2]
2026-07-02T17:30:00+02:00,[59],[2]
2026-07-02T17:29:00+02:00,[59],[2]
2026-07-02T17:28:00+02:00,[59],[2]
2026-07-02T17:27:00+02:00,[59],[2]
2026-07-02T17:26:00+02:00,[59],[2]
2026-07-02T17:25:00+02:00,[59],[2]
2026-07-02T17:24:00+02:00,[59],[2]
2026-07-02T17:23:00+02:00,[59],[2]
2026-07-02T17:22:00+02:00,[59],[2]
2026-07-02T17:21:00+02:00,[59],[2]
2026-07-02T17:20:00+02:00,[59],[2]
2026-07-02T17:19:00+02:00,[59],[2]
2026-07-02T17:18:00+02:00,[59],[2]
2026-07-02T17:17:00+02:00,[59],[2]
2026-07-01T17:59:00+02:00,[59],[2]
2026-07-01T17:58:00+02:00,[59],[2]
2026-07-01T17:57:00+02:00,[59],[2]
2026-07-01T17:56:00+02:00,[59],[2]
2026-07-01T17:55:00+02:00,[59],[2]
2026-07-01T17:54:00+02:00,[59],[2]
2026-07-01T17:53:00+02:00,[59],[2]
2026-07-01T17:52:00+02:00,[59],[2]
2026-07-01T17:51:00+02:00,[59],[2]
2026-07-01T17:50:00+02:00,[59],[2]
2026-07-01T17:49:00+02:00,[59],[2]
2026-07-01T17:48:00+02:00,[59],[2]
2026-07-01T17:47:00+02:00,[59],[2]
2026-07-01T17:46:00+02:00,[59],[2]
2026-07-01T17:45:00+02:00,[59],[2]
2026-07-01T17:44:00+02:00,[59],[2]
2026-07-01T17:43:00+02:00,[59],[2]
2026-07-01T17:42:00+02:00,[59],[2]
2026-07-01T17:41:00+02:00,[59],[1]
2026-07-01T17:40:00+02:00,[59],[1]
2026-07-01T17:39:00+02:00,[59],[1]
2026-07-01T17:38:00+02:00,[59],[1]
2026-07-01T17:37:00+02:00,[59],[1]
2026-07-01T17:36:00+02:00,[59],[1]
2026-07-01T17:35:00+02:00,[59],[1]
2026-06-30T17:59:00+02:00,[59],[1]
2026-06-30T17:58:00+02:00,[59],[1]
2026-06-30T17:57:00+02:00,[59],[1]
2026-06-30T17:56:00+02:00,[59],[1]
2026-06-30T17:55:00+02:00,[59],[1]
2026-06-30T17:54:00+02:00,[59],[1]
2026-06-30T17:53:00+02:00,[59],[1]
2026-06-30T17:52:00+02:00,[59],[3]
2026-06-30T17:51:00+02:00,[59],[3]
2026-06-30T17:50:00+02:00,[59],[3]
2026-06-30T17:49:00+02:00,[59],[3]
2026-06-30T17:48:00+02:00,[59],[3]
2026-06-29T17:59:00+02:00,[59],[1]
2026-06-29T17:58:00+02:00,[59],[1]
2026-06-29T17:57:00+02:00,[59],[1]
2026-06-29T17:56:00+02:00,[59],[1]
2026-06-29T17:55:00+02:00,[59],[1]
2026-06-29T17:54:00+02:00,[59],[1]
2026-06-29T17:53:00+02:00,[59],[1]
2026-06-29T17:52:00+02:00,[59],[1]
2026-06-29T17:51:00+02:00,[59],[1]
2026-06-29T17:50:00+02:00,[59],[1]
2026-06-29T17:49:00+02:00,[59],[1]
2026-06-29T17:48:00+02:00,[59],[1]
2026-06-29T17:47:00+02:00,[59],[1]
2026-06-29T17:46:00+02:00,[59],[1]
2026-06-29T17:45:00+02:00,[59],[1]
2026-06-29T17:44:00+02:00,[59],[2]
2026-06-29T17:43:00+02:00,[59],[2]
2026-06-29T17:42:00+02:00,[59],[2]
2026-06-29T17:41:00+02:00,[59],[2]
2026-06-29T17:40:00+02:00,[59],[2]
2026-06-29T17:39:00+02:00,[59],[2]
2026-06-29T17:38:00+02:00,[59],[2]
2026-06-29T17:37:00+02:00,[59],[2]
2026-06-29T17:36:00+02:00,[59],[2]
2026-06-29T17:35:00+02:00,[59],[2]
2026-06-29T17:34:00+02:00,[59],[2]
2026-06-29T17:33:00+02:00,[59],[2]
2026-06-29T17:32:00+02:00,[59],[2]
2026-06-29T17:31:00+02:00,[59],[2]
2026-06-29T17:30:00+02:00,[59],[2]
2026-06-29T17:29:00+02:00,[59],[2]
2026-06-29T17:28:00+02:00,[59],[2]
2026-06-29T17:27:00+02:00,[59],[2]
2026-06-29T17:26:00+02:00,[59],[2]
2026-06-29T17:25:00+02:00,[59],[2]
2026-06-29T17:24:00+02:00,[59],[2]
2026-06-29T17:23:00+02:00,[59],[2]
2026-06-29T17:22:00+02:00,[59],[2]
2026-06-29T17:21:00+02:00,[59],[2]
2026-06-29T17:20:00+02:00,[59],[2]
2026-06-29T17:19:00+02:00,[59],[2]
2026-06-29T17:18:00+02:00,[59],[2]
2026-06-29T17:17:00+02:00,[59],[2]
2026-06-29T17:16:00+02:00,[59],[2]
2026-06-29T17:15:00+02:00,[59],[2]
2026-06-29T17:14:00+02:00,[59],[2]
2026-06-29T17:13:00+02:00,[59],[2]
2026-06-29T17:12:00+02:00,[59],[2]
2026-06-29T17:11:00+02:00,[59],[2]
2026-06-29T17:10:00+02:00,[59],[1]
2026-06-29T17:09:00+02:00,[59],[1]
2026-06-29T17:08:00+02:00,[59],[1]
2026-06-29T17:07:00+02:00,[59],[1]
2026-06-29T17:06:00+02:00,[59],[1]
2026-06-29T17:05:00+02:00,[59],[1]
2026-06-28T17:59:00+02:00,[59],[1]
2026-06-28T17:58:00+02:00,[59],[1]
2026-06-28T17:57:00+02:00,[59],[1]
2026-06-28T17:56:00+02:00,[59],[1]
2026-06-28T17:55:00+02:00,[59],[1]
2026-06-28T17:54:00+02:00,[59],[1]
2026-06-28T17:53:00+02:00,[59],[1]
2026-06-28T17:52:00+02:00,[59],[1]
2026-06-28T17:51:00+02:00,[59],[1]
2026-06-28T17:50:00+02:00,[59],[1]
2026-06-28T17:49:00+02:00,[59],[1]
2026-06-28T17:48:00+02:00,[59],[1]
2026-06-28T17:47:00+02:00,[59],[1]
2026-06-28T17:46:00+02:00,[59],[1]
2026-06-28T17:45:00+02:00,[59],[1]
2026-06-28T17:44:00+02:00,[59],[1]
2026-06-28T17:43:00+02:00,[59],[1]
2026-06-28T17:42:00+02:00,[59],[1]
2026-06-28T17:41:00+02:00,[59],[1]
2026-06-28T17:40:00+02:00,[59],[1]
2026-06-28T17:39:00+02:00,[59],[1]
2026-06-28T17:38:00+02:00,[59],[1]
2026-06-28T17:37:00+02:00,[59],[1]
2026-06-28T17:36:00+02:00,[59],[1]
2026-06-28T17:35:00+02:00,[59],[1]
2026-06-28T17:34:00+02:00,[59],[1]
2026-06-28T17:33:00+02:00,[59],[1]
2026-06-28T17:32:00+02:00,[59],[1]
2026-06-28T17:31:00+02:00,[59],[1]
2026-06-28T17:30:00+02:00,[59],[1]
2026-06-28T17:29:00+02:00,[59],[1]
2026-06-28T17:28:00+02:00,[59],[1]
2026-06-28T17:27:00+02:00,[59],[1]
2026-06-28T17:26:00+02:00,[59],[1]
2026-06-28T17:25:00+02:00,[59],[1]
2026-06-28T17:24:00+02:00,[59],[1]
2026-06-28T17:23:00+02:00,[59],[1]
2026-06-28T17:22:00+02:00,[59],[1]
2026-06-28T17:21:00+02:00,[59],[1]
2026-06-28T17:20:00+02:00,[59],[1]
2026-06-28T17:19:00+02:00,[59],[1]
2026-06-28T17:18:00+02:00,[59],[1]
2026-06-28T17:17:00+02:00,[59],[1]
2026-06-28T17:16:00+02:00,[59],[1]
2026-06-28T17:15:00+02:00,[59],[1]
2026-06-28T17:14:00+02:00,[59],[1]
2026-06-28T17:13:00+02:00,[59],[1]
2026-06-28T17:12:00+02:00,[59],[1]
2026-06-28T17:11:00+02:00,[59],[1]
2026-06-28T17:10:00+02:00,[59],[1]
2026-06-28T17:09:00+02:00,[59],[1]
2026-06-28T17:08:00+02:00,[59],[1]
2026-06-28T17:07:00+02:00,[59],[1]
2026-06-28T17:06:00+02:00,[59],[1]
2026-06-28T17:05:00+02:00,[59],[1]
2026-06-28T17:04:00+02:00,[59],[1]
2026-06-28T17:03:00+02:00,[59],[1]
2026-06-28T17:02:00+02:00,[59],[1]
2026-06-28T17:01:00+02:00,[59],[1]
2026-06-28T17:00:00+02:00,[59],[1]
2026-06-28T16:59:00+02:00,[59],[1]
2026-06-28T16:58:00+02:00,[59],[1]
2026-06-28T16:57:00+02:00,[59],[1]
2026-06-28T16:56:00+02:00,[59],[1]
2026-06-28T16:55:00+02:00,[59],[1]
2026-06-28T16:54:00+02:00,[59],[1]
2026-06-28T16:53:00+02:00,[59],[1]
2026-06-28T16:52:00+02:00,[59],[1]
2026-06-28T16:51:00+02:00,[59],[1]
2026-06-28T16:50:00+02:00,[59],[1]
2026-06-28T16:49:00+02:00,[59],[1]
2026-06-28T16:48:00+02:00,[59],[1]
2026-06-28T16:47:00+02:00,[59],[2]
2026-06-28T16:46:00+02:00,[59],[2]
2026-06-28T16:45:00+02:00,[59],[2]
2026-06-28T16:44:00+02:00,[59],[2]
2026-06-28T16:43:00+02:00,[59],[2]
2026-06-28T16:42:00+02:00,[59],[2]
2026-06-28T16:41:00+02:00,[59],[2]
2026-06-28T16:40:00+02:00,[59],[2]
2026-06-28T16:39:00+02:00,[59],[2]
2026-06-28T16:38:00+02:00,[59],[2]
2026-06-28T16:37:00+02:00,[59],[2]
2026-06-28T16:36:00+02:00,[59],[2]
2026-06-28T16:35:00+02:00,[59],[2]
2026-06-28T16:34:00+02:00,[59],[2]
2026-06-28T16:33:00+02:00,[59],[2]
2026-06-28T16:32:00+02:00,[59],[2]
2026-06-28T16:31:00+02:00,[59],[2]
2026-06-28T16:30:00+02:00,[59],[2]
2026-06-28T16:29:00+02:00,[59],[2]
2026-06-28T16:28:00+02:00,[59],[2]
2026-06-28T16:27:00+02:00,[59],[2]
2026-06-28T16:26:00+02:00,[59],[2]
2026-06-28T16:25:00+02:00,[59],[2]
2026-06-28T16:24:00+02:00,[59],[2]
2026-06-28T16:23:00+02:00,[59],[2]
2026-06-28T16:22:00+02:00,[59],[2]
2026-06-28T16:21:00+02:00,[59],[2]
2026-06-28T16:20:00+02:00,[59],[2]
2026-06-28T16:19:00+02:00,[59],[2]
2026-06-28T16:18:00+02:00,[59],[2]
2026-06-28T16:17:00+02:00,[59],[2]
2026-06-28T16:16:00+02:00,[59],[2]
2026-06-28T16:15:00+02:00,[59],[2]
2026-06-28T16:14:00+02:00,[59],[2]
2026-06-28T16:13:00+02:00,[59],[2]
2026-06-28T16:12:00+02:00,[59],[2]
2026-06-28T16:11:00+02:00,[59],[2]
2026-06-28T16:10:00+02:00,[59],[2]
2026-06-28T16:09:00+02:00,[59],[2]
2026-06-28T16:08:00+02:00,[59],[2]
2026-06-28T16:07:00+02:00,[59],[2]
2026-06-28T16:06:00+02:00,[59],[1]
2026-06-28T16:05:00+02:00,[59],[1]
2026-06-28T16:04:00+02:00,[59],[1]
2026-06-28T16:03:00+02:00,[59],[1]
2026-06-28T16:02:00+02:00,[59],[1]
2026-06-28T16:01:00+02:00,[59],[1]
2026-06-28T16:00:00+02:00,[59],[1]
2026-06-27T17:57:00+02:00,[59],[1]
2026-06-27T17:56:00+02:00,[59],[1]
2026-06-27T17:55:00+02:00,[59],[1]
2026-06-27T17:54:00+02:00,[59],[1]
2026-06-27T17:53:00+02:00,[59],[1]
2026-06-27T17:52:00+02:00,[59],[1]
2026-06-26T17:59:00+02:00,[59],[2]
2026-06-26T17:58:00+02:00,[59],[2]
2026-06-26T17:57:00+02:00,[59],[2]
2026-06-26T17:56:00+02:00,[59],[2]
2026-06-26T17:55:00+02:00,[59],[2]
2026-06-26T17:54:00+02:00,[59],[2]
2026-06-26T17:53:00+02:00,[59],[2]
2026-06-26T17:52:00+02:00,[59],[2]
2026-06-26T17:51:00+02:00,[59],[2]
2026-06-26T17:50:00+02:00,[59],[2]
2026-06-26T17:49:00+02:00,[59],[2]
2026-06-26T17:48:00+02:00,[59],[2]
2026-06-26T17:47:00+02:00,[59],[2]
2026-06-26T17:46:00+02:00,[59],[2]
2026-06-26T17:45:00+02:00,[59],[2]
2026-06-26T17:44:00+02:00,[59],[2]
2026-06-26T17:43:00+02:00,[59],[2]
2026-06-26T17:42:00+02:00,[59],[2]
2026-06-26T17:41:00+02:00,[59],[2]
2026-06-26T17:40:00+02:00,[59],[2]
2026-06-26T17:39:00+02:00,[59],[2]
2026-06-26T17:38:00+02:00,[59],[2]
2026-06-26T17:37:00+02:00,[59],[2]
2026-06-26T17:36:00+02:00,[59],[2]
2026-06-26T17:35:00+02:00,[59],[2]
2026-06-26T17:34:00+02:00,[59],[2]
2026-06-26T17:33:00+02:00,[59],[2]
2026-06-26T17:32:00+02:00,[59],[2]
2026-06-26T17:31:00+02:00,[59],[2]
2026-06-26T17:30:00+02:00,[59],[2]
2026-06-26T17:29:00+02:00,[59],[2]
2026-06-26T17:28:00+02:00,[59],[2]
2026-06-26T17:27:00+02:00,[59],[2]
2026-06-26T17:26:00+02:00,[59],[1]
2026-06-26T17:25:00+02:00,[59],[1]
2026-06-26T17:24:00+02:00,[59],[1]
2026-06-26T17:23:00+02:00,[59],[1]
2026-06-26T17:22:00+02:00,[59],[1]
2026-06-26T17:21:00+02:00,[59],[1]
2026-06-26T17:20:00+02:00,[59],[1]
2026-06-26T17:19:00+02:00,[59],[1]
2026-06-26T17:18:00+02:00,[59],[1]
2026-06-25T17:59:00+02:00,[59],[2]
2026-06-25T17:58:00+02:00,[59],[2]
2026-06-25T17:57:00+02:00,[59],[2]
2026-06-25T17:56:00+02:00,[59],[2]
2026-06-25T17:55:00+02:00,[59],[2]
2026-06-25T17:54:00+02:00,[59],[2]
2026-06-25T17:53:00+02:00,[59],[1]
2026-06-25T17:52:00+02:00,[59],[1]
2026-06-25T17:51:00+02:00,[59],[1]
2026-06-25T17:50:00+02:00,[59],[1]
2026-06-25T17:49:00+02:00,[59],[1]
2026-06-25T17:48:00+02:00,[59],[1]
2026-06-25T17:47:00+02:00,[59],[1]
2026-06-25T17:46:00+02:00,[59],[1]
2026-06-25T17:45:00+02:00,[59],[1]
2026-06-25T17:44:00+02:00,[59],[1]
2026-06-25T17:43:00+02:00,[59],[1]
2026-06-25T17:42:00+02:00,[59],[1]
2026-06-25T17:41:00+02:00,[59],[1]
2026-06-25T17:40:00+02:00,[59],[1]
2026-06-25T17:39:00+02:00,[59],[1]
2026-06-25T17:38:00+02:00,[59],[2]
2026-06-25T17:37:00+02:00,[59],[2]
2026-06-25T17:36:00+02:00,[59],[2]
2026-06-25T17:35:00+02:00,[59],[2]
2026-06-25T17:34:00+02:00,[59],[2]
2026-06-25T17:33:00+02:00,[59],[2]
2026-06-25T17:32:00+02:00,[59],[2]
2026-06-25T17:31:00+02:00,[59],[2]
2026-06-25T17:30:00+02:00,[59],[2]
2026-06-25T17:29:00+02:00,[59],[2]
2026-06-25T17:28:00+02:00,[59],[2]
2026-06-25T17:27:00+02:00,[59],[2]
2026-06-25T17:26:00+02:00,[59],[2]
2026-06-25T17:25:00+02:00,[59],[2]
2026-06-25T17:24:00+02:00,[59],[2]
2026-06-25T17:23:00+02:00,[59],[2]
2026-06-25T17:22:00+02:00,[59],[2]
2026-06-25T17:21:00+02:00,[59],[2]
2026-06-25T17:20:00+02:00,[59],[2]
2026-06-25T17:19:00+02:00,[59],[2]
2026-06-25T17:18:00+02:00,[59],[2]
2026-06-25T17:17:00+02:00,[59],[1]
2026-06-25T17:16:00+02:00,[59],[1]
2026-06-25T17:15:00+02:00,[59],[1]
2026-06-25T17:14:00+02:00,[59],[1]
2026-06-25T17:13:00+02:00,[59],[1]
2026-06-25T17:12:00+02:00,[59],[1]
2026-06-25T17:11:00+02:00,[59],[1]
2026-06-25T17:10:00+02:00,[59],[1]
2026-06-25T17:09:00+02:00,[59],[1]
2026-06-25T17:08:00+02:00,[59],[1]
2026-06-24T17:59:00+02:00,[59],[1]
2026-06-24T17:58:00+02:00,[59],[1]
2026-06-24T17:57:00+02:00,[59],[1]
2026-06-24T17:56:00+02:00,[59],[1]
2026-06-24T17:55:00+02:00,[59],[1]
2026-06-24T17:54:00+02:00,[59],[1]
2026-06-24T17:53:00+02:00,[59],[1]
2026-06-24T17:52:00+02:00,[59],[1]
2026-06-24T17:51:00+02:00,[59],[1]
2026-06-24T17:50:00+02:00,[59],[1]
2026-06-24T17:49:00+02:00,[59],[1]
2026-06-24T17:48:00+02:00,[59],[1]
2026-06-24T17:47:00+02:00,[59],[1]
2026-06-24T17:46:00+02:00,[59],[1]
2026-06-24T17:45:00+02:00,[59],[1]
2026-06-24T17:44:00+02:00,[59],[1]
2026-06-24T17:43:00+02:00,[59],[1]
2026-06-24T17:42:00+02:00,[59],[1]
2026-06-24T17:41:00+02:00,[59],[1]
2026-06-24T17:40:00+02:00,[59],[2]
2026-06-24T17:39:00+02:00,[59],[2]
2026-06-24T17:38:00+02:00,[59],[2]
2026-06-24T17:37:00+02:00,[59],[2]
2026-06-24T17:36:00+02:00,[59],[2]
2026-06-24T17:35:00+02:00,[59],[2]
2026-06-24T17:34:00+02:00,[59],[2]
2026-06-24T17:33:00+02:00,[59],[2]
2026-06-24T17:32:00+02:00,[59],[2]
2026-06-24T17:31:00+02:00,[59],[2]
2026-06-24T17:30:00+02:00,[59],[2]
2026-06-24T17:29:00+02:00,[59],[2]
2026-06-24T17:28:00+02:00,[59],[2]
2026-06-24T17:27:00+02:00,[59],[1]
2026-06-24T17:26:00+02:00,[59],[1]
2026-06-24T17:25:00+02:00,[59],[1]
2026-06-24T17:24:00+02:00,[59],[1]
2026-06-24T17:23:00+02:00,[59],[1]
2026-06-24T17:22:00+02:00,[59],[1]
2026-06-24T17:21:00+02:00,[59],[1]
2026-06-24T17:20:00+02:00,[59],[1]
2026-06-24T17:19:00+02:00,[59],[1]
2026-06-24T17:18:00+02:00,[59],[1]
2026-06-24T17:17:00+02:00,[59],[1]
2026-06-24T17:16:00+02:00,[59],[1]
2026-06-24T17:15:00+02:00,[59],[1]
2026-06-24T17:14:00+02:00,[59],[1]
2026-06-24T17:13:00+02:00,[59],[1]
2026-06-24T17:12:00+02:00,[59],[1]
2026-06-24T17:11:00+02:00,[59],[1]
2026-06-24T17:10:00+02:00,[59],[1]
2026-06-24T17:09:00+02:00,[59],[1]
2026-06-24T17:08:00+02:00,[59],[1]
2026-06-24T17:07:00+02:00,[59],[1]
2026-06-24T17:06:00+02:00,[59],[1]
2026-06-24T17:05:00+02:00,[59],[1]
2026-06-24T17:04:00+02:00,[59],[1]
2026-06-24T17:03:00+02:00,[59],[1]
2026-06-24T17:02:00+02:00,[59],[1]
2026-06-24T17:01:00+02:00,[59],[1]
2026-06-24T17:00:00+02:00,[59],[1]
2026-06-24T16:59:00+02:00,[59],[1]
2026-06-24T16:58:00+02:00,[59],[1]
2026-06-24T16:57:00+02:00,[59],[1]
2026-06-24T16:56:00+02:00,[59],[1]
2026-06-24T16:55:00+02:00,[59],[1]
2026-06-24T16:54:00+02:00,[59],[1]
2026-06-24T16:53:00+02:00,[59],[1]
2026-06-24T16:52:00+02:00,[59],[1]
2026-06-24T16:51:00+02:00,[59],[1]
2026-06-24T16:50:00+02:00,[59],[1]
2026-06-24T16:49:00+02:00,[59],[1]
2026-06-24T16:48:00+02:00,[59],[1]
2026-06-24T16:47:00+02:00,[59],[1]
2026-06-24T16:46:00+02:00,[59],[1]
2026-06-24T16:45:00+02:00,[59],[1]
2026-06-24T16:44:00+02:00,[59],[1]
2026-06-24T16:43:00+02:00,[59],[1]
2026-06-24T16:42:00+02:00,[59],[1]
2026-06-24T16:41:00+02:00,[59],[1]
2026-06-24T16:40:00+02:00,[59],[1]
2026-06-24T16:39:00+02:00,[59],[1]
2026-06-24T16:38:00+02:00,[59],[1]
2026-06-24T16:37:00+02:00,[59],[1]
2026-06-24T16:36:00+02:00,[59],[1]
2026-06-24T16:35:00+02:00,[59],[1]
2026-06-24T16:34:00+02:00,[59],[1]
2026-06-24T14:43:00+02:00,"[900,300,360,300,120,180,240,120,120,60,180,1200,60,60,120]","[0,1,2,1,1,1,1,1,1,1,1,1,1,1,1]"
2026-06-22T17:59:00+02:00,[59],[1]
2026-06-22T17:58:00+02:00,[59],[1]
2026-06-22T17:57:00+02:00,[59],[1]
2026-06-22T17:56:00+02:00,[59],[1]
2026-06-22T17:55:00+02:00,[59],[1]
2026-06-22T17:54:00+02:00,[59],[1]
2026-06-22T17:53:00+02:00,[59],[1]
2026-06-22T17:52:00+02:00,[59],[2]
2026-06-22T17:51:00+02:00,[59],[2]
2026-06-22T17:50:00+02:00,[59],[2]
2026-06-22T17:49:00+02:00,[59],[2]
2026-06-22T17:48:00+02:00,[59],[2]
2026-06-22T17:47:00+02:00,[59],[2]
2026-06-22T17:46:00+02:00,[59],[2]
2026-06-22T17:45:00+02:00,[59],[2]
2026-06-22T17:44:00+02:00,[59],[2]
2026-06-22T17:43:00+02:00,[59],[2]
2026-06-22T17:42:00+02:00,[59],[1]
2026-06-22T17:41:00+02:00,[59],[1]
2026-06-22T17:40:00+02:00,[59],[1]
2026-06-22T17:39:00+02:00,[59],[1]
2026-06-22T17:38:00+02:00,[59],[1]
2026-06-22T17:37:00+02:00,[59],[1]
2026-06-22T17:36:00+02:00,[59],[1]
2026-06-22T17:35:00+02:00,[59],[1]
2026-06-22T17:34:00+02:00,[59],[1]
2026-06-22T17:33:00+02:00,[59],[1]
2026-06-22T17:32:00+02:00,[59],[1]
2026-06-22T17:31:00+02:00,[59],[1]
2026-06-22T17:30:00+02:00,[59],[2]
2026-06-22T17:29:00+02:00,[59],[2]
2026-06-22T17:28:00+02:00,[59],[2]
2026-06-22T17:27:00+02:00,[59],[2]
2026-06-22T17:26:00+02:00,[59],[2]
2026-06-22T17:25:00+02:00,[59],[2]
2026-06-22T17:24:00+02:00,[59],[2]
2026-06-22T17:23:00+02:00,[59],[2]
2026-06-22T17:22:00+02:00,[59],[2]
2026-06-22T17:21:00+02:00,[59],[2]
2026-06-22T17:20:00+02:00,[59],[2]
2026-06-22T17:19:00+02:00,[59],[2]
2026-06-22T17:18:00+02:00,[59],[2]
2026-06-22T17:17:00+02:00,[59],[2]
2026-06-22T17:16:00+02:00,[59],[2]
2026-06-22T17:15:00+02:00,[59],[1]
2026-06-22T17:14:00+02:00,[59],[1]
2026-06-22T17:13:00+02:00,[59],[1]
2026-06-22T17:12:00+02:00,[59],[1]
2026-06-22T17:11:00+02:00,[59],[1]
2026-06-22T17:10:00+02:00,[59],[1]
2026-06-22T17:09:00+02:00,[59],[1]
2026-06-22T17:08:00+02:00,[59],[1]
2026-06-21T17:59:00+02:00,[59],[2]
2026-06-21T17:58:00+02:00,[59],[2]
2026-06-21T17:57:00+02:00,[59],[2]
2026-06-21T17:56:00+02:00,[59],[2]
2026-06-21T17:55:00+02:00,[59],[2]
2026-06-21T17:54:00+02:00,[59],[2]
2026-06-21T17:53:00+02:00,[59],[2]
2026-06-21T17:52:00+02:00,[59],[2]
2026-06-21T17:51:00+02:00,[59],[2]
2026-06-21T17:50:00+02:00,[59],[2]
2026-06-21T17:49:00+02:00,[59],[2]
2026-06-21T17:48:00+02:00,[59],[2]
2026-06-21T17:47:00+02:00,[59],[2]
2026-06-21T17:46:00+02:00,[59],[2]
2026-06-21T17:45:00+02:00,[59],[2]
2026-06-21T17:44:00+02:00,[59],[2]
2026-06-21T17:43:00+02:00,[59],[2]
2026-06-21T17:42:00+02:00,[59],[2]
2026-06-21T17:41:00+02:00,[59],[2]
2026-06-21T17:40:00+02:00,[59],[2]
2026-06-21T17:39:00+02:00,[59],[1]
2026-06-21T17:38:00+02:00,[59],[1]
2026-06-21T17:37:00+02:00,[59],[1]
2026-06-21T17:36:00+02:00,[59],[1]
2026-06-21T17:35:00+02:00,[59],[1]
2026-06-21T17:34:00+02:00,[59],[1]
2026-06-21T17:33:00+02:00,[59],[1]
2026-06-21T17:32:00+02:00,[59],[1]
2026-06-21T17:31:00+02:00,[59],[1]
2026-06-21T17:30:00+02:00,[59],[1]
2026-06-21T17:29:00+02:00,[59],[1]
2026-06-21T17:28:00+02:00,[59],[1]
2026-06-21T17:27:00+02:00,[59],[1]
2026-06-21T17:26:00+02:00,[59],[1]
2026-06-21T17:25:00+02:00,[59],[1]
2026-06-21T17:24:00+02:00,[59],[1]
2026-06-21T17:23:00+02:00,[59],[1]
2026-06-21T17:22:00+02:00,[59],[1]
2026-06-21T17:21:00+02:00,[59],[1]
2026-06-21T17:20:00+02:00,[59],[1]
2026-06-21T17:19:00+02:00,[59],[1]
2026-06-21T17:18:00+02:00,[59],[1]
2026-06-21T17:17:00+02:00,[59],[1]
2026-06-21T17:16:00+02:00,[59],[1]
2026-06-21T17:15:00+02:00,[59],[1]
2026-06-21T17:14:00+02:00,[59],[1]
2026-06-21T17:13:00+02:00,[59],[1]
2026-06-21T17:12:00+02:00,[59],[1]
2026-06-21T17:11:00+02:00,[59],[1]
2026-06-21T17:10:00+02:00,[59],[1]
2026-06-21T17:09:00+02:00,[59],[1]
2026-06-21T17:08:00+02:00,[59],[1]
2026-06-21T17:07:00+02:00,[59],[1]
2026-06-20T17:59:00+02:00,[59],[1]
2026-06-20T17:58:00+02:00,[59],[1]
2026-06-20T17:57:00+02:00,[59],[1]
2026-06-20T17:56:00+02:00,[59],[1]
2026-06-20T17:55:00+02:00,[59],[1]
2026-06-20T17:54:00+02:00,[59],[1]
2026-06-20T17:53:00+02:00,[59],[1]
2026-06-20T17:52:00+02:00,[59],[1]
2026-06-20T17:51:00+02:00,[59],[1]
2026-06-20T17:50:00+02:00,[59],[3]
2026-06-20T17:49:00+02:00,[59],[3]
2026-06-20T17:48:00+02:00,[59],[3]
2026-06-20T17:47:00+02:00,[59],[3]
2026-06-20T17:46:00+02:00,[59],[3]
2026-06-20T17:45:00+02:00,[59],[3]
2026-06-20T17:44:00+02:00,[59],[3]
2026-06-20T17:43:00+02:00,[59],[3]
2026-06-20T17:42:00+02:00,[59],[3]
2026-06-20T17:41:00+02:00,[59],[3]
2026-06-20T17:40:00+02:00,[59],[3]
2026-06-20T17:39:00+02:00,[59],[3]
2026-06-20T17:38:00+02:00,[59],[2]
2026-06-20T17:37:00+02:00,[59],[2]
2026-06-20T17:36:00+02:00,[59],[2]
2026-06-20T17:35:00+02:00,[59],[2]
2026-06-20T17:34:00+02:00,[59],[2]
2026-06-20T17:33:00+02:00,[59],[2]
2026-06-20T17:32:00+02:00,[59],[2]
2026-06-20T17:31:00+02:00,[59],[2]
2026-06-20T17:30:00+02:00,[59],[2]
2026-06-20T17:29:00+02:00,[59],[2]
2026-06-20T17:28:00+02:00,[59],[2]
2026-06-20T17:27:00+02:00,[59],[2]
2026-06-20T17:26:00+02:00,[59],[2]
2026-06-20T17:25:00+02:00,[59],[2]
2026-06-20T17:24:00+02:00,[59],[2]
2026-06-20T17:23:00+02:00,[59],[2]
2026-06-20T17:22:00+02:00,[59],[2]
2026-06-20T17:21:00+02:00,[59],[2]
2026-06-20T17:20:00+02:00,[59],[2]
2026-06-20T17:19:00+02:00,[59],[2]
2026-06-20T17:18:00+02:00,[59],[2]
2026-06-20T17:17:00+02:00,[59],[2]
2026-06-20T17:16:00+02:00,[59],[2]
2026-06-20T17:15:00+02:00,[59],[2]
2026-06-20T17:14:00+02:00,[59],[2]
2026-06-20T17:13:00+02:00,[59],[2]
2026-06-20T17:12:00+02:00,[59],[2]
2026-06-20T17:11:00+02:00,[59],[2]
2026-06-20T17:10:00+02:00,[59],[2]
2026-06-20T17:09:00+02:00,[59],[2]
2026-06-20T17:08:00+02:00,[59],[2]
2026-06-20T17:07:00+02:00,[59],[2]
2026-06-20T17:06:00+02:00,[59],[2]
2026-06-20T17:05:00+02:00,[59],[2]
2026-06-19T17:59:00+02:00,[59],[1]
2026-06-19T17:58:00+02:00,[59],[1]
2026-06-19T17:57:00+02:00,[59],[1]
2026-06-19T17:56:00+02:00,[59],[1]
2026-06-19T17:55:00+02:00,[59],[1]
2026-06-19T17:54:00+02:00,[59],[1]
2026-06-19T17:53:00+02:00,[59],[1]
2026-06-19T17:52:00+02:00,[59],[1]
2026-06-19T17:51:00+02:00,[59],[2]
2026-06-19T17:50:00+02:00,[59],[2]
2026-06-19T17:49:00+02:00,[59],[2]
2026-06-19T17:48:00+02:00,[59],[2]
2026-06-19T17:47:00+02:00,[59],[2]
2026-06-19T17:46:00+02:00,[59],[2]
2026-06-19T17:45:00+02:00,[59],[2]
2026-06-19T17:44:00+02:00,[59],[2]
2026-06-19T17:43:00+02:00,[59],[2]
2026-06-19T17:42:00+02:00,[59],[2]
2026-06-19T17:41:00+02:00,[59],[2]
2026-06-19T17:40:00+02:00,[59],[2]
2026-06-19T17:39:00+02:00,[59],[2]
2026-06-19T17:38:00+02:00,[59],[2]
2026-06-19T17:37:00+02:00,[59],[1]
2026-06-19T17:36:00+02:00,[59],[1]
2026-06-19T17:35:00+02:00,[59],[1]
2026-06-19T17:34:00+02:00,[59],[1]
2026-06-19T17:33:00+02:00,[59],[1]
2026-06-19T17:32:00+02:00,[59],[1]
2026-06-19T17:31:00+02:00,[59],[1]
2026-06-19T17:30:00+02:00,[59],[1]
2026-06-19T17:29:00+02:00,[59],[1]
2026-06-19T17:28:00+02:00,[59],[1]
2026-06-19T17:27:00+02:00,[59],[1]
2026-06-19T17:26:00+02:00,[59],[1]
2026-06-19T17:25:00+02:00,[59],[1]
2026-06-19T17:24:00+02:00,[59],[1]
2026-06-19T17:23:00+02:00,[59],[1]
2026-06-19T17:22:00+02:00,[59],[1]
2026-06-19T17:21:00+02:00,[59],[1]
2026-06-17T17:59:00+02:00,[59],[1]
2026-06-17T17:58:00+02:00,[59],[1]
2026-06-17T17:57:00+02:00,[59],[1]
2026-06-17T17:56:00+02:00,[59],[1]
2026-06-17T17:55:00+02:00,[59],[1]
2026-06-17T17:54:00+02:00,[59],[1]
2026-06-17T17:53:00+02:00,[59],[1]
2026-06-17T17:52:00+02:00,[59],[1]
2026-06-17T17:51:00+02:00,[59],[1]
2026-06-17T17:50:00+02:00,[59],[1]
2026-06-17T17:49:00+02:00,[59],[1]
2026-06-17T17:48:00+02:00,[59],[1]
2026-06-17T17:47:00+02:00,[59],[1]
2026-06-17T17:46:00+02:00,[59],[1]
2026-06-17T17:45:00+02:00,[59],[1]
2026-06-17T17:44:00+02:00,[59],[1]
2026-06-17T17:43:00+02:00,[59],[1]
2026-06-17T17:42:00+02:00,[59],[3]
2026-06-17T17:41:00+02:00,[59],[3]
2026-06-17T17:40:00+02:00,[59],[3]
2026-06-17T17:39:00+02:00,[59],[3]
2026-06-17T17:38:00+02:00,[59],[3]
2026-06-17T17:37:00+02:00,[59],[3]
2026-06-17T17:36:00+02:00,[59],[3]
2026-06-17T17:35:00+02:00,[59],[3]
2026-06-17T17:34:00+02:00,[59],[3]
2026-06-17T17:33:00+02:00,[59],[3]
2026-06-17T17:32:00+02:00,[59],[3]
2026-06-17T17:31:00+02:00,[59],[1]
2026-06-17T17:30:00+02:00,[59],[1]
2026-06-17T17:29:00+02:00,[59],[1]
2026-06-17T17:28:00+02:00,[59],[1]
2026-06-17T17:27:00+02:00,[59],[1]
2026-06-17T17:26:00+02:00,[59],[1]
2026-06-17T17:25:00+02:00,[59],[1]
2026-06-17T17:24:00+02:00,[59],[1]
2026-06-17T17:23:00+02:00,[59],[1]
2026-06-17T17:22:00+02:00,[59],[1]
2026-06-17T17:21:00+02:00,[59],[1]
2026-06-17T17:20:00+02:00,[59],[1]
2026-06-17T17:19:00+02:00,[59],[1]
2026-06-17T17:18:00+02:00,[59],[1]
2026-06-17T17:17:00+02:00,[59],[1]
2026-06-17T17:16:00+02:00,[59],[1]
2026-06-17T17:15:00+02:00,[59],[1]
2026-06-17T17:14:00+02:00,[59],[1]
2026-06-17T17:13:00+02:00,[59],[1]
2026-06-17T17:12:00+02:00,[59],[1]
2026-06-17T17:11:00+02:00,[59],[1]
2026-06-17T17:10:00+02:00,[59],[1]
2026-06-17T17:09:00+02:00,[59],[2]
2026-06-17T17:08:00+02:00,[59],[2]
2026-06-17T17:07:00+02:00,[59],[2]
2026-06-17T17:06:00+02:00,[59],[2]
2026-06-17T17:05:00+02:00,[59],[2]
2026-06-17T17:04:00+02:00,[59],[2]
2026-06-17T17:03:00+02:00,[59],[2]
2026-06-17T17:02:00+02:00,[59],[2]
2026-06-17T17:01:00+02:00,[59],[2]
2026-06-17T17:00:00+02:00,[59],[2]
2026-06-17T16:59:00+02:00,[59],[2]
2026-06-17T16:58:00+02:00,[59],[2]
2026-06-17T16:57:00+02:00,[59],[2]
2026-06-17T16:56:00+02:00,[59],[2]
2026-06-17T16:55:00+02:00,[59],[2]
2026-06-17T16:54:00+02:00,[59],[2]
2026-06-17T16:53:00+02:00,[59],[2]
2026-06-17T16:52:00+02:00,[59],[2]
2026-06-17T16:51:00+02:00,[59],[2]
2026-06-17T16:50:00+02:00,[59],[2]
2026-06-17T16:49:00+02:00,[59],[2]
2026-06-17T16:48:00+02:00,[59],[2]
2026-06-17T16:47:00+02:00,[59],[2]
2026-06-17T16:46:00+02:00,[59],[2]
2026-06-17T16:45:00+02:00,[59],[2]
2026-06-17T16:44:00+02:00,[59],[2]
2026-06-17T16:43:00+02:00,[59],[2]
2026-06-17T16:42:00+02:00,[59],[2]
2026-06-17T16:41:00+02:00,[59],[1]
2026-06-17T16:40:00+02:00,[59],[1]
2026-06-17T16:39:00+02:00,[59],[1]
2026-06-17T16:38:00+02:00,[59],[1]
2026-06-17T16:37:00+02:00,[59],[1]
2026-06-17T16:36:00+02:00,[59],[1]
2026-06-17T16:35:00+02:00,[59],[1]
2026-06-17T16:34:00+02:00,[59],[1]
2026-06-17T16:33:00+02:00,[59],[1]
2026-06-15T17:59:00+02:00,[59],[1]
2026-06-15T17:58:00+02:00,[59],[1]
2026-06-15T17:57:00+02:00,[59],[1]
2026-06-15T17:56:00+02:00,[59],[1]
2026-06-15T17:55:00+02:00,[59],[1]
2026-06-15T17:54:00+02:00,[59],[1]
2026-06-15T17:53:00+02:00,[59],[1]
2026-06-15T17:52:00+02:00,[59],[1]
2026-06-15T17:51:00+02:00,[59],[1]
2026-06-15T17:50:00+02:00,[59],[1]
2026-06-15T17:49:00+02:00,[59],[1]
2026-06-15T17:48:00+02:00,[59],[1]
2026-06-15T17:47:00+02:00,[59],[1]
2026-06-15T17:46:00+02:00,[59],[1]
2026-06-13T17:59:00+02:00,[59],[1]
2026-06-13T17:58:00+02:00,[59],[1]
2026-06-13T17:57:00+02:00,[59],[1]
2026-06-13T17:56:00+02:00,[59],[1]
2026-06-13T17:55:00+02:00,[59],[1]
2026-06-13T17:54:00+02:00,[59],[1]
2026-06-13T17:53:00+02:00,[59],[1]
2026-06-13T17:52:00+02:00,[59],[1]
2026-06-13T17:51:00+02:00,[59],[1]
2026-06-13T17:50:00+02:00,[59],[1]
2026-06-13T17:49:00+02:00,[59],[1]
2026-06-13T17:48:00+02:00,[59],[1]
2026-06-13T17:47:00+02:00,[59],[1]
2026-06-13T17:46:00+02:00,[59],[1]
2026-06-13T17:45:00+02:00,[59],[1]
2026-06-13T17:44:00+02:00,[59],[1]
2026-06-13T17:43:00+02:00,[59],[1]
2026-06-13T17:42:00+02:00,[59],[1]
2026-06-13T17:41:00+02:00,[59],[1]
2026-06-13T17:40:00+02:00,[59],[1]
2026-06-13T17:39:00+02:00,[59],[1]
2026-06-13T17:38:00+02:00,[59],[1]
2026-06-13T17:37:00+02:00,[59],[1]
2026-06-13T17:36:00+02:00,[59],[3]
2026-06-13T17:35:00+02:00,[59],[3]
2026-06-13T17:34:00+02:00,[59],[3]
2026-06-13T17:33:00+02:00,[59],[3]
2026-06-13T17:32:00+02:00,[59],[3]
2026-06-13T17:31:00+02:00,[59],[3]
2026-06-13T17:30:00+02:00,[59],[3]
2026-06-13T17:29:00+02:00,[59],[3]
2026-06-13T17:28:00+02:00,[59],[3]
2026-06-13T17:27:00+02:00,[59],[3]
2026-06-13T17:26:00+02:00,[59],[3]
2026-06-13T17:25:00+02:00,[59],[3]
2026-06-13T17:24:00+02:00,[59],[3]
2026-06-13T17:23:00+02:00,[59],[3]
2026-06-13T17:22:00+02:00,[59],[3]
2026-06-13T17:21:00+02:00,[59],[3]
2026-06-13T17:20:00+02:00,[59],[3]
2026-06-13T17:19:00+02:00,[59],[3]
2026-06-13T17:18:00+02:00,[59],[3]
2026-06-13T17:17:00+02:00,[59],[3]
2026-06-13T17:16:00+02:00,[59],[3]
2026-06-13T17:15:00+02:00,[59],[1]
2026-06-13T17:14:00+02:00,[59],[1]
2026-06-13T17:13:00+02:00,[59],[1]
2026-06-13T17:12:00+02:00,[59],[1]
2026-06-13T17:11:00+02:00,[59],[1]
2026-06-13T17:10:00+02:00,[59],[1]
2026-06-13T17:09:00+02:00,[59],[1]
2026-06-13T17:08:00+02:00,[59],[1]
2026-06-13T17:07:00+02:00,[59],[1]
2026-06-13T17:06:00+02:00,[59],[1]
2026-06-13T17:05:00+02:00,[59],[1]
2026-06-13T17:04:00+02:00,[59],[2]
2026-06-13T17:03:00+02:00,[59],[2]
2026-06-13T17:02:00+02:00,[59],[2]
2026-06-13T17:01:00+02:00,[59],[2]
2026-06-13T17:00:00+02:00,[59],[2]
2026-06-13T16:59:00+02:00,[59],[2]
2026-06-13T16:58:00+02:00,[59],[2]
2026-06-13T16:57:00+02:00,[59],[2]
2026-06-13T16:56:00+02:00,[59],[2]
2026-06-13T16:55:00+02:00,[59],[2]
2026-06-13T16:54:00+02:00,[59],[2]
2026-06-13T16:53:00+02:00,[59],[2]
2026-06-13T16:52:00+02:00,[59],[2]
2026-06-13T16:51:00+02:00,[59],[2]
2026-06-13T16:50:00+02:00,[59],[2]
2026-06-13T16:49:00+02:00,[59],[2]
2026-06-13T16:48:00+02:00,[59],[2]
2026-06-13T16:47:00+02:00,[59],[2]
2026-06-13T16:46:00+02:00,[59],[2]
2026-06-13T16:45:00+02:00,[59],[2]
2026-06-13T16:44:00+02:00,[59],[2]
2026-06-13T16:43:00+02:00,[59],[2]
2026-06-13T16:42:00+02:00,[59],[2]
2026-06-13T16:41:00+02:00,[59],[2]
2026-06-13T16:40:00+02:00,[59],[2]
2026-06-13T16:39:00+02:00,[59],[2]
2026-06-13T16:38:00+02:00,[59],[2]
2026-06-13T16:37:00+02:00,[59],[1]
2026-06-13T16:36:00+02:00,[59],[1]
2026-06-13T16:35:00+02:00,[59],[1]
2026-06-13T16:34:00+02:00,[59],[1]
2026-06-13T16:33:00+02:00,[59],[1]
2026-06-13T16:32:00+02:00,[59],[1]
2026-06-13T16:31:00+02:00,[59],[1]
2026-06-13T16:30:00+02:00,[59],[1]
2026-06-13T16:29:00+02:00,[59],[1]
2026-06-13T16:28:00+02:00,[59],[1]
2026-06-13T16:27:00+02:00,[59],[1]
2026-06-13T16:26:00+02:00,[59],[1]
2026-06-13T16:25:00+02:00,[59],[1]
2026-06-11T17:59:00+02:00,[59],[3]
2026-06-11T17:58:00+02:00,[59],[3]
2026-06-11T17:57:00+02:00,[59],[3]
2026-06-11T17:56:00+02:00,[59],[3]
2026-06-11T17:55:00+02:00,[59],[3]
2026-06-11T17:54:00+02:00,[59],[1]
2026-06-11T17:53:00+02:00,[59],[1]
2026-06-11T17:52:00+02:00,[59],[1]
2026-06-11T17:51:00+02:00,[59],[1]
2026-06-11T17:50:00+02:00,[59],[1]
2026-06-11T17:49:00+02:00,[59],[1]
2026-06-11T17:48:00+02:00,[59],[1]
2026-06-11T17:47:00+02:00,[59],[1]
2026-06-11T17:46:00+02:00,[59],[1]
2026-06-11T17:45:00+02:00,[59],[1]
2026-06-11T17:44:00+02:00,[59],[1]
2026-06-11T17:43:00+02:00,[59],[1]
2026-06-11T17:42:00+02:00,[59],[1]
2026-06-11T17:41:00+02:00,[59],[1]
2026-06-11T17:40:00+02:00,[59],[1]
2026-06-11T17:39:00+02:00,[59],[1]
2026-06-11T17:38:00+02:00,[59],[1]
2026-06-11T17:37:00+02:00,[59],[1]
2026-06-11T17:36:00+02:00,[59],[1]
2026-06-11T17:35:00+02:00,[59],[2]
2026-06-11T17:34:00+02:00,[59],[2]
2026-06-11T17:33:00+02:00,[59],[2]
2026-06-11T17:32:00+02:00,[59],[2]
2026-06-11T17:31:00+02:00,[59],[2]
2026-06-11T17:30:00+02:00,[59],[2]
2026-06-11T17:29:00+02:00,[59],[2]
2026-06-11T17:28:00+02:00,[59],[2]
2026-06-11T17:27:00+02:00,[59],[2]
2026-06-11T17:26:00+02:00,[59],[2]
2026-06-11T17:25:00+02:00,[59],[2]
2026-06-11T17:24:00+02:00,[59],[2]
2026-06-11T17:23:00+02:00,[59],[2]
2026-06-11T17:22:00+02:00,[59],[2]
2026-06-11T17:21:00+02:00,[59],[2]
2026-06-11T17:20:00+02:00,[59],[2]
2026-06-11T17:19:00+02:00,[59],[2]
2026-06-11T17:18:00+02:00,[59],[2]
2026-06-11T17:17:00+02:00,[59],[2]
2026-06-11T17:16:00+02:00,[59],[2]
2026-06-11T17:15:00+02:00,[59],[2]
2026-06-11T17:14:00+02:00,[59],[2]
2026-06-11T17:13:00+02:00,[59],[2]
2026-06-11T17:12:00+02:00,[59],[2]
2026-06-11T17:11:00+02:00,[59],[2]
2026-06-11T17:10:00+02:00,[59],[2]
2026-06-11T17:09:00+02:00,[59],[2]
2026-06-11T17:08:00+02:00,[59],[2]
2026-06-11T17:07:00+02:00,[59],[2]
2026-06-11T17:06:00+02:00,[59],[2]
2026-06-11T17:05:00+02:00,[59],[2]
2026-06-11T17:04:00+02:00,[59],[2]
2026-06-11T17:03:00+02:00,[59],[2]
2026-06-11T17:01:00+02:00,[59],[2]
2026-06-11T17:00:00+02:00,[59],[2]
2026-06-11T16:59:00+02:00,[59],[2]
2026-06-11T16:58:00+02:00,[59],[2]
2026-06-11T16:57:00+02:00,[59],[2]
2026-06-11T16:56:00+02:00,[59],[2]
2026-06-11T16:55:00+02:00,[59],[1]
2026-06-11T16:54:00+02:00,[59],[1]
2026-06-11T16:53:00+02:00,[59],[1]
2026-06-11T16:52:00+02:00,[59],[1]
2026-06-10T17:59:00+02:00,[59],[2]
2026-06-10T17:58:00+02:00,[59],[2]
2026-06-10T17:57:00+02:00,[59],[2]
2026-06-10T17:56:00+02:00,[59],[2]
2026-06-10T17:55:00+02:00,[59],[2]
2026-06-10T17:54:00+02:00,[59],[2]
2026-06-10T17:53:00+02:00,[59],[2]
2026-06-10T17:52:00+02:00,[59],[2]
2026-06-10T17:51:00+02:00,[59],[2]
2026-06-10T17:50:00+02:00,[59],[2]
2026-06-10T17:49:00+02:00,[59],[2]
2026-06-10T17:48:00+02:00,[59],[2]
2026-06-10T17:47:00+02:00,[59],[2]
2026-06-10T17:46:00+02:00,[59],[2]
2026-06-10T17:45:00+02:00,[59],[2]
2026-06-10T17:44:00+02:00,[59],[2]
2026-06-10T17:43:00+02:00,[59],[2]
2026-06-10T17:42:00+02:00,[59],[2]
2026-06-10T17:41:00+02:00,[59],[2]
2026-06-10T17:40:00+02:00,[59],[2]
2026-06-10T17:39:00+02:00,[59],[2]
2026-06-10T17:38:00+02:00,[59],[1]
2026-06-10T17:37:00+02:00,[59],[1]
2026-06-10T17:36:00+02:00,[59],[1]
2026-06-10T17:35:00+02:00,[59],[1]
2026-06-10T17:34:00+02:00,[59],[1]
2026-06-10T17:33:00+02:00,[59],[1]
2026-06-10T17:32:00+02:00,[59],[1]
2026-06-10T17:31:00+02:00,[59],[1]
2026-06-10T17:30:00+02:00,[59],[1]
2026-06-10T17:29:00+02:00,[59],[1]
2026-06-10T17:28:00+02:00,[59],[1]
2026-06-10T17:27:00+02:00,[59],[1]
2026-06-10T17:26:00+02:00,[59],[1]
2026-06-10T17:25:00+02:00,[59],[1]
2026-06-07T17:59:00+02:00,[59],[1]
2026-06-07T17:58:00+02:00,[59],[1]
2026-06-07T17:57:00+02:00,[59],[1]
2026-06-07T17:56:00+02:00,[59],[1]
2026-06-07T17:55:00+02:00,[59],[1]
2026-06-07T17:54:00+02:00,[59],[1]
2026-06-07T17:53:00+02:00,[59],[1]
2026-06-07T17:52:00+02:00,[59],[1]
2026-06-07T17:51:00+02:00,[59],[1]
2026-06-07T17:50:00+02:00,[59],[1]
2026-06-07T17:49:00+02:00,[59],[1]
2026-06-07T17:48:00+02:00,[59],[1]
2026-06-07T17:47:00+02:00,[59],[1]
2026-06-07T17:46:00+02:00,[59],[1]
2026-06-07T17:45:00+02:00,[59],[1]
2026-06-07T17:44:00+02:00,[59],[1]
2026-06-07T17:43:00+02:00,[59],[1]
2026-06-07T17:42:00+02:00,[59],[1]
2026-06-07T17:41:00+02:00,[59],[1]
2026-06-07T17:40:00+02:00,[59],[1]
2026-06-07T17:39:00+02:00,[59],[1]
2026-06-07T17:38:00+02:00,[59],[1]
2026-06-07T17:37:00+02:00,[59],[1]
2026-06-07T17:36:00+02:00,[59],[1]
2026-06-07T17:35:00+02:00,[59],[1]
2026-06-07T17:34:00+02:00,[59],[1]
2026-06-07T17:33:00+02:00,[59],[2]
2026-06-07T17:32:00+02:00,[59],[2]
2026-06-07T17:31:00+02:00,[59],[2]
2026-06-07T17:30:00+02:00,[59],[2]
2026-06-07T17:29:00+02:00,[59],[2]
2026-06-07T17:28:00+02:00,[59],[2]
2026-06-07T17:27:00+02:00,[59],[2]
2026-06-07T17:26:00+02:00,[59],[2]
2026-06-07T17:25:00+02:00,[59],[2]
2026-06-07T17:24:00+02:00,[59],[2]
2026-06-07T17:23:00+02:00,[59],[2]
2026-06-07T17:22:00+02:00,[59],[2]
2026-06-07T17:21:00+02:00,[59],[2]
2026-06-07T17:20:00+02:00,[59],[2]
2026-06-07T17:19:00+02:00,[59],[2]
2026-06-07T17:18:00+02:00,[59],[2]
2026-06-07T17:17:00+02:00,[59],[2]
2026-06-07T17:16:00+02:00,[59],[2]
2026-06-07T17:15:00+02:00,[59],[2]
2026-06-07T17:14:00+02:00,[59],[2]
2026-06-07T17:13:00+02:00,[59],[2]
2026-06-07T17:12:00+02:00,[59],[1]
2026-06-07T17:11:00+02:00,[59],[1]
2026-06-07T17:10:00+02:00,[59],[1]
2026-06-07T17:09:00+02:00,[59],[1]
2026-06-07T17:08:00+02:00,[59],[1]
2026-06-07T17:07:00+02:00,[59],[1]
2026-06-07T17:06:00+02:00,[59],[1]
2026-06-07T17:05:00+02:00,[59],[1]
2026-06-07T17:04:00+02:00,[59],[1]
2026-06-07T17:03:00+02:00,[59],[1]
2026-06-07T17:02:00+02:00,[59],[1]
2026-06-07T17:01:00+02:00,[59],[1]
2026-06-07T17:00:00+02:00,[59],[1]
2026-06-07T16:59:00+02:00,[59],[1]
2026-06-07T16:58:00+02:00,[59],[2]
2026-06-07T16:57:00+02:00,[59],[2]
2026-06-07T16:56:00+02:00,[59],[2]
2026-06-07T16:55:00+02:00,[59],[2]
2026-06-07T16:54:00+02:00,[59],[2]
2026-06-07T16:53:00+02:00,[59],[2]
2026-06-07T16:52:00+02:00,[59],[2]
2026-06-07T16:51:00+02:00,[59],[2]
2026-06-07T16:50:00+02:00,[59],[2]
2026-06-07T16:49:00+02:00,[59],[2]
2026-06-07T16:48:00+02:00,[59],[2]
2026-06-07T16:47:00+02:00,[59],[2]
2026-06-07T16:46:00+02:00,[59],[2]
2026-06-07T16:45:00+02:00,[59],[2]
2026-06-07T16:44:00+02:00,[59],[2]
2026-06-07T16:43:00+02:00,[59],[2]
2026-06-07T16:42:00+02:00,[59],[2]
2026-06-07T16:41:00+02:00,[59],[2]
2026-06-07T16:40:00+02:00,[59],[2]
2026-06-07T16:39:00+02:00,[59],[2]
2026-06-07T16:38:00+02:00,[59],[2]
2026-06-07T16:37:00+02:00,[59],[2]
2026-06-07T16:36:00+02:00,[59],[2]
2026-06-07T16:35:00+02:00,[59],[1]
2026-06-07T16:34:00+02:00,[59],[1]
2026-06-07T16:33:00+02:00,[59],[1]
2026-06-07T16:32:00+02:00,[59],[1]
2026-06-07T16:31:00+02:00,[59],[1]
2026-06-07T16:30:00+02:00,[59],[1]
2026-06-07T16:29:00+02:00,[59],[1]
2026-06-07T16:28:00+02:00,[59],[1]
2026-06-07T16:27:00+02:00,[59],[1]
2026-06-07T16:26:00+02:00,[59],[1]
2026-06-07T16:25:00+02:00,[59],[1]
2026-06-07T16:24:00+02:00,[59],[1]
2026-06-06T17:59:00+02:00,[59],[2]
2026-06-06T17:58:00+02:00,[59],[2]
2026-06-06T17:57:00+02:00,[59],[2]
2026-06-06T17:56:00+02:00,[59],[2]
2026-06-06T17:55:00+02:00,[59],[2]
2026-06-06T17:54:00+02:00,[59],[2]
2026-06-06T17:53:00+02:00,[59],[2]
2026-06-06T17:52:00+02:00,[59],[2]
2026-06-06T17:51:00+02:00,[59],[2]
2026-06-06T17:50:00+02:00,[59],[2]
2026-06-06T17:49:00+02:00,[59],[2]
2026-06-06T17:48:00+02:00,[59],[2]
2026-06-06T17:47:00+02:00,[59],[2]
2026-06-06T17:46:00+02:00,[59],[2]
2026-06-06T17:45:00+02:00,[59],[2]
2026-06-06T17:44:00+02:00,[59],[2]
2026-06-06T17:43:00+02:00,[59],[2]
2026-06-06T17:42:00+02:00,[59],[2]
2026-06-06T17:41:00+02:00,[59],[2]
2026-06-06T17:40:00+02:00,[59],[2]
2026-06-06T17:39:00+02:00,[59],[2]
2026-06-06T17:38:00+02:00,[59],[2]
2026-06-06T17:37:00+02:00,[59],[2]
2026-06-06T17:36:00+02:00,[59],[2]
2026-06-06T17:35:00+02:00,[59],[2]
2026-06-06T17:34:00+02:00,[59],[1]
2026-06-06T17:33:00+02:00,[59],[1]
2026-06-06T17:32:00+02:00,[59],[1]
2026-06-06T17:31:00+02:00,[59],[1]
2026-06-06T17:30:00+02:00,[59],[1]
2026-06-06T17:29:00+02:00,[59],[1]
2026-06-06T17:28:00+02:00,[59],[1]
2026-06-06T17:27:00+02:00,[59],[1]
2026-06-06T17:26:00+02:00,[59],[1]
2026-06-05T17:57:00+02:00,[59],[3]
2026-06-05T17:56:00+02:00,[59],[3]
2026-06-05T17:55:00+02:00,[59],[3]
2026-06-05T17:54:00+02:00,[59],[3]
2026-06-05T17:53:00+02:00,[59],[3]
2026-06-05T17:52:00+02:00,[59],[3]
2026-06-05T17:51:00+02:00,[59],[3]
2026-06-05T17:50:00+02:00,[59],[3]
2026-06-05T17:49:00+02:00,[59],[3]
2026-06-05T17:48:00+02:00,[59],[3]
2026-06-05T17:47:00+02:00,[59],[3]
2026-06-05T17:46:00+02:00,[59],[3]
2026-06-05T17:45:00+02:00,[59],[3]
2026-06-05T17:44:00+02:00,[59],[3]
2026-06-05T17:43:00+02:00,[59],[3]
2026-06-05T17:42:00+02:00,[59],[3]
2026-06-05T17:41:00+02:00,[59],[3]
2026-06-05T17:40:00+02:00,[59],[1]
2026-06-05T17:39:00+02:00,[59],[1]
2026-06-05T17:38:00+02:00,[59],[1]
2026-06-05T17:37:00+02:00,[59],[1]
2026-06-05T17:36:00+02:00,[59],[1]
2026-06-05T17:35:00+02:00,[59],[1]
2026-06-05T17:34:00+02:00,[59],[1]
2026-06-05T17:33:00+02:00,[59],[1]
2026-06-05T17:32:00+02:00,[59],[1]
2026-06-05T17:31:00+02:00,[59],[1]
2026-06-05T17:30:00+02:00,[59],[1]
2026-06-05T17:29:00+02:00,[59],[1]
2026-06-05T17:28:00+02:00,[59],[1]
2026-06-05T17:27:00+02:00,[59],[1]
2026-06-05T17:26:00+02:00,[59],[1]
2026-06-05T17:25:00+02:00,[59],[1]
2026-06-05T17:24:00+02:00,[59],[1]
2026-06-05T17:23:00+02:00,[59],[1]
2026-06-05T17:22:00+02:00,[59],[1]
2026-06-05T17:21:00+02:00,[59],[1]
2026-06-05T17:20:00+02:00,[59],[1]
2026-06-05T17:19:00+02:00,[59],[1]
2026-06-05T17:18:00+02:00,[59],[1]
2026-06-05T17:17:00+02:00,[59],[1]
2026-06-05T17:16:00+02:00,[59],[1]
2026-06-05T17:15:00+02:00,[59],[1]
2026-06-05T17:14:00+02:00,[59],[1]
2026-06-05T17:13:00+02:00,[59],[1]
2026-06-05T17:12:00+02:00,[59],[1]
2026-06-05T17:11:00+02:00,[59],[1]
2026-06-05T17:10:00+02:00,[59],[1]
2026-06-05T17:09:00+02:00,[59],[1]
2026-06-05T17:08:00+02:00,[59],[1]
2026-06-05T17:07:00+02:00,[59],[1]
2026-06-05T17:06:00+02:00,[59],[1]
2026-06-05T17:05:00+02:00,[59],[1]
2026-06-05T17:04:00+02:00,[59],[1]
2026-06-05T17:03:00+02:00,[59],[1]
2026-06-05T17:02:00+02:00,[59],[1]
2026-06-05T16:51:00+02:00,[59],[1]
2026-06-05T16:50:00+02:00,[59],[1]
2026-06-05T16:49:00+02:00,[59],[1]
2026-06-05T16:48:00+02:00,[59],[1]
2026-06-05T16:47:00+02:00,[59],[1]
2026-06-05T16:46:00+02:00,[59],[1]
2026-06-05T16:45:00+02:00,[59],[1]
2026-06-05T16:44:00+02:00,[59],[1]
2026-06-05T16:43:00+02:00,[59],[1]
2026-06-05T16:42:00+02:00,[59],[1]
2026-06-05T16:41:00+02:00,[59],[1]
2026-06-05T16:40:00+02:00,[59],[1]
2026-06-05T16:39:00+02:00,[59],[1]
2026-06-05T16:38:00+02:00,[59],[1]
2026-06-05T16:37:00+02:00,[59],[1]
2026-06-05T16:36:00+02:00,[59],[1]
2026-06-05T16:35:00+02:00,[59],[1]
2026-06-05T16:34:00+02:00,[59],[1]
2026-06-05T16:33:00+02:00,[59],[1]
2026-06-05T16:32:00+02:00,[59],[1]
2026-06-05T16:31:00+02:00,[59],[1]
2026-06-05T16:30:00+02:00,[59],[1]
2026-06-05T16:29:00+02:00,[59],[1]
2026-06-05T16:28:00+02:00,[59],[1]
2026-06-05T16:27:00+02:00,[59],[1]
2026-06-05T16:26:00+02:00,[59],[1]
2026-06-05T16:25:00+02:00,[59],[1]
2026-06-05T16:24:00+02:00,[59],[1]
2026-06-05T16:23:00+02:00,[59],[1]
2026-06-05T16:22:00+02:00,[59],[1]
2026-06-05T14:56:00+02:00,[59],[1]
2026-06-05T14:55:00+02:00,[59],[1]
2026-06-05T14:54:00+02:00,[59],[1]
2026-06-05T14:53:00+02:00,[59],[1]
2026-06-05T14:52:00+02:00,[59],[1]
2026-06-05T14:51:00+02:00,[59],[1]
2026-06-05T14:50:00+02:00,[59],[1]
2026-06-05T14:49:00+02:00,[59],[1]
2026-06-05T14:48:00+02:00,[59],[1]
2026-06-05T14:47:00+02:00,[59],[1]
2026-06-05T14:46:00+02:00,[59],[1]
2026-06-05T14:45:00+02:00,[59],[1]
2026-06-05T14:44:00+02:00,[59],[1]
2026-06-05T14:43:00+02:00,[59],[1]
2026-06-05T14:42:00+02:00,[59],[1]
2026-06-05T14:41:00+02:00,[59],[1]
2026-06-05T14:40:00+02:00,[59],[1]
2026-06-05T14:39:00+02:00,[59],[1]
2026-06-05T14:38:00+02:00,[59],[1]
2026-06-05T14:37:00+02:00,[59],[1]
2026-06-05T14:36:00+02:00,[59],[1]
2026-06-05T14:35:00+02:00,[59],[1]
2026-06-05T14:34:00+02:00,[59],[1]
2026-06-04T17:59:00+02:00,[59],[1]
2026-06-04T17:58:00+02:00,[59],[1]
2026-06-04T17:57:00+02:00,[59],[1]
2026-06-04T17:56:00+02:00,[59],[1]
2026-06-04T17:55:00+02:00,[59],[1]
2026-06-04T17:54:00+02:00,[59],[1]
2026-06-04T17:53:00+02:00,[59],[1]
2026-06-04T17:52:00+02:00,[59],[1]
2026-06-04T17:51:00+02:00,[59],[1]
2026-06-04T17:50:00+02:00,[59],[1]
2026-06-04T17:49:00+02:00,[59],[1]
2026-06-04T17:48:00+02:00,[59],[1]
2026-06-04T17:47:00+02:00,[59],[1]
2026-06-04T17:46:00+02:00,[59],[1]
2026-06-04T17:45:00+02:00,[59],[1]
2026-06-04T17:44:00+02:00,[59],[1]
2026-06-04T17:43:00+02:00,[59],[1]
2026-06-04T17:42:00+02:00,[59],[0]
2026-06-04T17:41:00+02:00,[59],[0]
2026-06-04T17:40:00+02:00,[59],[0]
2026-06-04T17:39:00+02:00,[59],[0]
2026-06-04T17:38:00+02:00,[59],[0]
2026-06-04T17:37:00+02:00,[59],[0]
2026-06-04T17:36:00+02:00,[59],[0]
2026-06-04T17:35:00+02:00,[59],[0]
2026-06-04T17:34:00+02:00,[59],[0]
2026-06-04T17:33:00+02:00,[59],[0]
2026-06-04T17:32:00+02:00,[59],[0]
2026-06-04T17:31:00+02:00,[59],[0]
2026-06-04T17:30:00+02:00,[59],[1]
2026-06-04T17:29:00+02:00,[59],[1]
2026-06-04T17:28:00+02:00,[59],[1]
2026-06-04T17:27:00+02:00,[59],[1]
2026-06-04T17:26:00+02:00,[59],[1]
2026-06-04T17:25:00+02:00,[59],[1]
2026-06-04T17:24:00+02:00,[59],[1]
2026-06-04T17:23:00+02:00,[59],[1]
2026-06-04T17:22:00+02:00,[59],[1]
2026-06-04T17:21:00+02:00,[59],[1]
2026-06-04T17:20:00+02:00,[59],[1]
2026-06-04T17:19:00+02:00,[59],[1]
2026-06-04T17:18:00+02:00,[59],[1]
2026-06-04T17:17:00+02:00,[59],[1]
2026-06-04T17:16:00+02:00,[59],[1]
2026-06-04T17:15:00+02:00,[59],[1]
2026-06-04T17:14:00+02:00,[59],[1]
2026-06-04T17:13:00+02:00,[59],[1]
2026-06-04T17:12:00+02:00,[59],[1]
2026-06-04T17:11:00+02:00,[59],[1]
2026-06-04T17:10:00+02:00,[59],[1]
2026-06-04T17:09:00+02:00,[59],[1]
2026-06-04T17:08:00+02:00,[59],[1]
2026-06-04T17:07:00+02:00,[59],[1]
2026-06-04T17:06:00+02:00,[59],[1]
2026-06-04T17:05:00+02:00,[59],[1]
2026-06-04T17:04:00+02:00,[59],[1]
2026-06-04T17:03:00+02:00,[59],[1]
2026-06-04T17:01:00+02:00,[59],[1]
2026-06-04T17:00:00+02:00,[59],[1]
2026-06-04T16:59:00+02:00,[59],[1]
2026-06-04T16:58:00+02:00,[59],[1]
2026-06-04T16:57:00+02:00,[59],[1]
2026-06-04T16:56:00+02:00,[59],[1]
2026-06-04T16:55:00+02:00,[59],[1]
2026-06-04T16:54:00+02:00,[59],[1]
2026-06-04T16:53:00+02:00,[59],[1]
2026-06-04T16:52:00+02:00,[59],[1]
2026-06-03T17:59:00+02:00,[59],[1]
2026-06-03T17:58:00+02:00,[59],[1]
2026-06-03T17:57:00+02:00,[59],[1]
2026-06-03T17:56:00+02:00,[59],[1]
2026-06-03T17:55:00+02:00,[59],[1]
2026-06-03T17:54:00+02:00,[59],[1]
2026-06-03T17:53:00+02:00,[59],[1]
2026-06-03T17:52:00+02:00,[59],[1]
2026-06-03T17:51:00+02:00,[59],[1]
2026-06-03T17:50:00+02:00,[59],[1]
2026-06-03T17:49:00+02:00,[59],[1]
2026-06-03T17:48:00+02:00,[59],[1]
2026-06-03T17:47:00+02:00,[59],[1]
2026-06-03T17:46:00+02:00,[59],[2]
2026-06-03T17:45:00+02:00,[59],[2]
2026-06-03T17:44:00+02:00,[59],[2]
2026-06-03T17:43:00+02:00,[59],[2]
2026-06-03T17:42:00+02:00,[59],[2]
2026-06-03T17:41:00+02:00,[59],[2]
2026-06-03T17:40:00+02:00,[59],[2]
2026-06-03T17:39:00+02:00,[59],[2]
2026-06-03T17:38:00+02:00,[59],[2]
2026-06-03T17:37:00+02:00,[59],[2]
2026-06-03T17:36:00+02:00,[59],[2]
2026-06-03T17:35:00+02:00,[59],[2]
2026-06-03T17:34:00+02:00,[59],[2]
2026-06-03T17:33:00+02:00,[59],[2]
2026-06-03T17:32:00+02:00,[59],[2]
2026-06-03T17:31:00+02:00,[59],[1]
2026-06-03T17:30:00+02:00,[59],[1]
2026-06-03T17:29:00+02:00,[59],[1]
2026-06-03T17:28:00+02:00,[59],[1]
2026-06-03T17:27:00+02:00,[59],[1]
2026-06-03T17:26:00+02:00,[59],[1]
2026-06-03T17:25:00+02:00,[59],[1]
2026-06-03T17:24:00+02:00,[59],[1]
2026-06-03T17:23:00+02:00,[59],[1]
2026-06-03T17:22:00+02:00,[59],[1]
2026-06-03T17:21:00+02:00,[59],[1]
2026-06-03T17:20:00+02:00,[59],[1]
2026-06-03T17:19:00+02:00,[59],[1]
2026-06-03T17:18:00+02:00,[59],[1]
2026-06-03T17:17:00+02:00,[59],[1]
2026-06-03T17:16:00+02:00,[59],[1]
2026-06-03T17:15:00+02:00,[59],[1]
2026-06-03T17:14:00+02:00,[59],[1]
2026-06-03T17:13:00+02:00,[59],[1]
2026-06-03T17:12:00+02:00,[59],[1]
2026-06-03T17:11:00+02:00,[59],[1]
2026-06-03T17:10:00+02:00,[59],[1]
2026-06-03T17:09:00+02:00,[59],[1]
2026-06-03T17:08:00+02:00,[59],[1]
2026-06-03T17:07:00+02:00,[59],[1]
2026-06-03T17:06:00+02:00,[59],[1]
2026-06-03T17:05:00+02:00,[59],[1]
2026-06-03T17:04:00+02:00,[59],[1]
2026-06-03T17:03:00+02:00,[59],[1]
2026-06-01T17:59:00+02:00,[59],[1]
2026-06-01T17:58:00+02:00,[59],[1]
2026-06-01T17:57:00+02:00,[59],[1]
2026-06-01T17:56:00+02:00,[59],[1]
2026-06-01T17:55:00+02:00,[59],[1]
2026-06-01T17:54:00+02:00,[59],[1]
2026-06-01T17:53:00+02:00,[59],[1]
2026-06-01T17:52:00+02:00,[59],[1]
2026-06-01T17:51:00+02:00,[59],[1]
2026-06-01T17:50:00+02:00,[59],[1]
2026-06-01T17:49:00+02:00,[59],[1]
2026-06-01T17:48:00+02:00,[59],[1]
2026-06-01T17:47:00+02:00,[59],[1]
2026-06-01T17:46:00+02:00,[59],[1]
2026-06-01T17:45:00+02:00,[59],[1]
2026-06-01T17:44:00+02:00,[59],[1]
2026-06-01T17:43:00+02:00,[59],[1]
2026-06-01T17:42:00+02:00,[59],[1]
2026-06-01T17:41:00+02:00,[59],[1]
2026-06-01T17:40:00+02:00,[59],[1]
2026-06-01T17:39:00+02:00,[59],[1]
2026-06-01T17:38:00+02:00,[59],[1]
2026-06-01T17:37:00+02:00,[59],[1]
2026-06-01T17:36:00+02:00,[59],[1]
2026-06-01T17:35:00+02:00,[59],[2]
2026-06-01T17:34:00+02:00,[59],[2]
2026-06-01T17:33:00+02:00,[59],[2]
2026-06-01T17:32:00+02:00,[59],[2]
2026-06-01T17:31:00+02:00,[59],[2]
2026-06-01T17:30:00+02:00,[59],[2]
2026-06-01T17:29:00+02:00,[59],[2]
2026-06-01T17:28:00+02:00,[59],[2]
2026-06-01T17:27:00+02:00,[59],[2]
2026-06-01T17:26:00+02:00,[59],[2]
2026-06-01T17:25:00+02:00,[59],[2]
2026-06-01T17:24:00+02:00,[59],[2]
2026-06-01T17:23:00+02:00,[59],[2]
2026-06-01T17:22:00+02:00,[59],[2]
2026-06-01T17:21:00+02:00,[59],[2]
2026-06-01T17:20:00+02:00,[59],[2]
2026-06-01T17:19:00+02:00,[59],[2]
2026-06-01T17:18:00+02:00,[59],[2]
2026-06-01T17:17:00+02:00,[59],[2]
2026-06-01T17:16:00+02:00,[59],[2]
2026-06-01T17:15:00+02:00,[59],[2]
2026-06-01T17:14:00+02:00,[59],[2]
2026-06-01T17:13:00+02:00,[59],[2]
2026-06-01T17:12:00+02:00,[59],[2]
2026-06-01T17:11:00+02:00,[59],[2]
2026-06-01T17:10:00+02:00,[59],[2]
2026-06-01T17:09:00+02:00,[59],[2]
2026-06-01T17:08:00+02:00,[59],[2]
2026-06-01T17:07:00+02:00,[59],[2]
2026-06-01T17:06:00+02:00,[59],[2]
2026-06-01T17:05:00+02:00,[59],[2]
2026-06-01T17:04:00+02:00,[59],[2]
2026-06-01T17:03:00+02:00,[59],[2]
2026-06-01T09:25:00+02:00,"[240,780,300,1440,660]","[0,1,0,0,1]"
2026-05-30T17:58:00+02:00,[59],[1]
2026-05-30T17:57:00+02:00,[59],[1]
2026-05-30T17:56:00+02:00,[59],[1]
2026-05-30T17:55:00+02:00,[59],[1]
2026-05-30T17:54:00+02:00,[59],[1]
2026-05-30T17:53:00+02:00,[59],[1]
2026-05-30T17:52:00+02:00,[59],[1]
2026-05-30T17:51:00+02:00,[59],[1]
2026-05-30T17:50:00+02:00,[59],[1]
2026-05-30T17:49:00+02:00,[59],[1]
2026-05-30T17:48:00+02:00,[59],[1]
2026-05-30T17:47:00+02:00,[59],[2]
2026-05-30T17:46:00+02:00,[59],[2]
2026-05-30T17:45:00+02:00,[59],[2]
2026-05-30T17:44:00+02:00,[59],[2]
2026-05-30T17:43:00+02:00,[59],[2]
2026-05-30T17:42:00+02:00,[59],[2]
2026-05-30T17:41:00+02:00,[59],[2]
2026-05-30T17:40:00+02:00,[59],[2]
2026-05-30T17:39:00+02:00,[59],[2]
2026-05-30T17:38:00+02:00,[59],[2]
2026-05-30T17:37:00+02:00,[59],[2]
2026-05-30T17:36:00+02:00,[59],[2]
2026-05-30T17:35:00+02:00,[59],[1]
2026-05-30T17:34:00+02:00,[59],[1]
2026-05-30T17:33:00+02:00,[59],[1]
2026-05-30T17:32:00+02:00,[59],[1]
2026-05-30T17:31:00+02:00,[59],[1]
2026-05-30T17:30:00+02:00,[59],[1]
2026-05-30T17:29:00+02:00,[59],[1]
2026-05-30T17:28:00+02:00,[59],[1]
2026-05-30T17:27:00+02:00,[59],[1]
2026-05-30T17:26:00+02:00,[59],[1]
2026-05-30T17:25:00+02:00,[59],[1]
2026-05-30T17:24:00+02:00,[59],[1]
2026-05-30T17:23:00+02:00,[59],[2]
2026-05-30T17:22:00+02:00,[59],[2]
2026-05-30T17:21:00+02:00,[59],[2]
2026-05-30T17:20:00+02:00,[59],[2]
2026-05-30T17:19:00+02:00,[59],[2]
2026-05-30T17:18:00+02:00,[59],[2]
2026-05-30T17:17:00+02:00,[59],[2]
2026-05-30T17:16:00+02:00,[59],[2]
2026-05-30T17:15:00+02:00,[59],[2]
2026-05-30T17:14:00+02:00,[59],[2]
2026-05-30T17:13:00+02:00,[59],[2]
2026-05-30T17:12:00+02:00,[59],[2]
2026-05-30T17:11:00+02:00,[59],[2]
2026-05-30T17:10:00+02:00,[59],[2]
2026-05-30T17:09:00+02:00,[59],[2]
2026-05-30T17:08:00+02:00,[59],[2]
2026-05-30T17:07:00+02:00,[59],[2]
2026-05-30T17:06:00+02:00,[59],[2]
2026-05-30T17:05:00+02:00,[59],[2]
2026-05-30T17:04:00+02:00,[59],[2]
2026-05-30T17:03:00+02:00,[59],[3]
2026-05-30T17:02:00+02:00,[59],[3]
2026-05-30T17:01:00+02:00,[59],[3]
2026-05-30T17:00:00+02:00,[59],[3]
2026-05-30T16:59:00+02:00,[59],[3]
2026-05-29T17:59:00+02:00,[59],[1]
2026-05-29T17:58:00+02:00,[59],[1]
2026-05-29T17:57:00+02:00,[59],[1]
2026-05-29T17:56:00+02:00,[59],[1]
2026-05-29T17:55:00+02:00,[59],[1]
2026-05-29T17:54:00+02:00,[59],[1]
2026-05-29T17:53:00+02:00,[59],[1]
2026-05-29T17:52:00+02:00,[59],[1]
2026-05-29T13:52:00+02:00,"[1200,300,300,60,300,420,660,1680,180]","[0,1,2,0,0,3,2,0,0]"
2026-05-27T17:59:00+02:00,[59],[3]
2026-05-27T17:58:00+02:00,[59],[3]
2026-05-27T17:57:00+02:00,[59],[3]
2026-05-27T17:56:00+02:00,[59],[3]
2026-05-27T17:55:00+02:00,[59],[3]
2026-05-27T17:54:00+02:00,[59],[3]
2026-05-27T17:53:00+02:00,[59],[3]
2026-05-27T17:52:00+02:00,[59],[1]
2026-05-27T17:51:00+02:00,[59],[1]
2026-05-27T17:50:00+02:00,[59],[1]
2026-05-27T17:49:00+02:00,[59],[1]
2026-05-27T17:48:00+02:00,[59],[1]
2026-05-27T17:47:00+02:00,[59],[1]
2026-05-27T17:46:00+02:00,[59],[1]
2026-05-27T17:45:00+02:00,[59],[1]
2026-05-27T17:44:00+02:00,[59],[1]
2026-05-27T17:43:00+02:00,[59],[1]
2026-05-27T17:42:00+02:00,[59],[2]
2026-05-27T17:41:00+02:00,[59],[2]
2026-05-27T17:40:00+02:00,[59],[2]
2026-05-27T17:39:00+02:00,[59],[2]
2026-05-27T17:38:00+02:00,[59],[2]
2026-05-27T17:37:00+02:00,[59],[2]
2026-05-27T17:36:00+02:00,[59],[2]
2026-05-27T17:35:00+02:00,[59],[2]
2026-05-27T17:34:00+02:00,[59],[2]
2026-05-27T17:33:00+02:00,[59],[2]
2026-05-27T17:32:00+02:00,[59],[2]
2026-05-27T17:31:00+02:00,[59],[2]
2026-05-27T17:30:00+02:00,[59],[2]
2026-05-27T17:29:00+02:00,[59],[2]
2026-05-27T17:28:00+02:00,[59],[2]
2026-05-27T17:27:00+02:00,[59],[2]
2026-05-27T17:26:00+02:00,[59],[2]
2026-05-27T17:25:00+02:00,[59],[2]
2026-05-27T17:24:00+02:00,[59],[2]
2026-05-27T17:23:00+02:00,[59],[2]
2026-05-27T17:22:00+02:00,[59],[2]
2026-05-27T17:21:00+02:00,[59],[2]
2026-05-27T17:20:00+02:00,[59],[2]
2026-05-27T17:19:00+02:00,[59],[2]
2026-05-27T17:18:00+02:00,[59],[2]
2026-05-27T17:17:00+02:00,[59],[2]
2026-05-27T17:16:00+02:00,[59],[2]
2026-05-27T17:15:00+02:00,[59],[2]
2026-05-27T17:14:00+02:00,[59],[2]
2026-05-27T17:13:00+02:00,[59],[2]
2026-05-27T17:12:00+02:00,[59],[2]
2026-05-27T17:11:00+02:00,[59],[1]
2026-05-27T17:10:00+02:00,[59],[1]
2026-05-27T17:09:00+02:00,[59],[1]
2026-05-27T17:08:00+02:00,[59],[1]
2026-05-27T17:07:00+02:00,[59],[1]
2026-05-27T17:06:00+02:00,[59],[1]
2026-05-27T17:05:00+02:00,[59],[1]
2026-05-27T17:04:00+02:00,[59],[1]
2026-05-27T17:03:00+02:00,[59],[1]
2026-05-27T17:01:00+02:00,[59],[1]
2026-05-27T17:00:00+02:00,[59],[1]
2026-05-27T16:59:00+02:00,[59],[1]
2026-05-27T16:58:00+02:00,[59],[1]
2026-05-27T16:57:00+02:00,[59],[1]
2026-05-27T16:56:00+02:00,[59],[1]
2026-05-27T16:55:00+02:00,[59],[1]
2026-05-27T16:54:00+02:00,[59],[1]
2026-05-27T16:53:00+02:00,[59],[1]
2026-05-27T16:52:00+02:00,[59],[1]
2026-05-27T16:51:00+02:00,[59],[1]
2026-05-25T17:59:00+02:00,[59],[1]
2026-05-25T17:58:00+02:00,[59],[1]
2026-05-25T17:57:00+02:00,[59],[1]
2026-05-25T17:56:00+02:00,[59],[1]
2026-05-25T17:55:00+02:00,[59],[1]
2026-05-25T17:54:00+02:00,[59],[1]
2026-05-25T17:53:00+02:00,[59],[1]
2026-05-25T17:52:00+02:00,[59],[1]
2026-05-25T17:51:00+02:00,[59],[1]
2026-05-25T17:50:00+02:00,[59],[1]
2026-05-25T17:49:00+02:00,[59],[1]
2026-05-25T17:48:00+02:00,[59],[1]
2026-05-25T17:47:00+02:00,[59],[1]
2026-05-25T17:46:00+02:00,[59],[1]
2026-05-25T17:45:00+02:00,[59],[1]
2026-05-25T17:44:00+02:00,[59],[1]
2026-05-25T17:43:00+02:00,[59],[1]
2026-05-25T17:42:00+02:00,[59],[1]
2026-05-24T17:59:00+02:00,[59],[2]
2026-05-24T17:58:00+02:00,[59],[2]
2026-05-24T17:57:00+02:00,[59],[2]
2026-05-24T17:56:00+02:00,[59],[2]
2026-05-24T17:55:00+02:00,[59],[2]
2026-05-24T17:54:00+02:00,[59],[2]
2026-05-24T17:53:00+02:00,[59],[2]
2026-05-24T17:52:00+02:00,[59],[2]
2026-05-24T17:51:00+02:00,[59],[2]
2026-05-24T17:50:00+02:00,[59],[2]
2026-05-24T17:49:00+02:00,[59],[2]
2026-05-24T17:48:00+02:00,[59],[2]
2026-05-24T17:47:00+02:00,[59],[2]
2026-05-24T17:46:00+02:00,[59],[2]
2026-05-24T17:45:00+02:00,[59],[2]
2026-05-24T17:44:00+02:00,[59],[2]
2026-05-24T17:43:00+02:00,[59],[2]
2026-05-24T17:42:00+02:00,[59],[2]
2026-05-24T17:41:00+02:00,[59],[2]
2026-05-24T17:40:00+02:00,[59],[2]
2026-05-24T17:39:00+02:00,[59],[2]
2026-05-24T17:38:00+02:00,[59],[2]
2026-05-24T17:37:00+02:00,[59],[2]
2026-05-24T17:36:00+02:00,[59],[2]
2026-05-24T17:35:00+02:00,[59],[2]
2026-05-24T17:34:00+02:00,[59],[2]
2026-05-24T17:33:00+02:00,[59],[2]
2026-05-24T17:32:00+02:00,[59],[2]
2026-05-24T17:31:00+02:00,[59],[2]
2026-05-24T17:30:00+02:00,[59],[2]
2026-05-24T17:29:00+02:00,[59],[2]
2026-05-24T17:28:00+02:00,[59],[2]
2026-05-24T17:27:00+02:00,[59],[2]
2026-05-24T17:26:00+02:00,[59],[2]
2026-05-24T17:25:00+02:00,[59],[2]
2026-05-24T17:24:00+02:00,[59],[2]
2026-05-24T17:23:00+02:00,[59],[2]
2026-05-24T17:22:00+02:00,[59],[1]
2026-05-24T17:21:00+02:00,[59],[1]
2026-05-24T17:20:00+02:00,[59],[1]
2026-05-24T17:19:00+02:00,[59],[1]
2026-05-24T17:18:00+02:00,[59],[1]
2026-05-24T17:17:00+02:00,[59],[1]
2026-05-24T17:16:00+02:00,[59],[1]
2026-05-24T17:15:00+02:00,[59],[1]
2026-05-24T17:14:00+02:00,[59],[1]
2026-05-23T17:59:00+02:00,[59],[1]
2026-05-23T17:58:00+02:00,[59],[1]
2026-05-23T17:57:00+02:00,[59],[1]
2026-05-23T17:56:00+02:00,[59],[1]
2026-05-23T17:55:00+02:00,[59],[1]
2026-05-23T17:54:00+02:00,[59],[1]
2026-05-23T17:53:00+02:00,[59],[1]
2026-05-23T17:52:00+02:00,[59],[1]
2026-05-23T17:51:00+02:00,[59],[1]
2026-05-23T17:50:00+02:00,[59],[1]
2026-05-23T17:49:00+02:00,[59],[1]
2026-05-23T17:48:00+02:00,[59],[1]
2026-05-23T17:47:00+02:00,[59],[1]
2026-05-23T17:46:00+02:00,[59],[1]
2026-05-23T17:45:00+02:00,[59],[1]
2026-05-23T17:44:00+02:00,[59],[1]
2026-05-23T17:43:00+02:00,[59],[1]
2026-05-23T17:42:00+02:00,[59],[1]
2026-05-23T17:41:00+02:00,[59],[1]
2026-05-21T17:59:00+02:00,[59],[1]
2026-05-21T17:58:00+02:00,[59],[1]
2026-05-21T17:57:00+02:00,[59],[1]
2026-05-21T17:56:00+02:00,[59],[1]
2026-05-21T17:55:00+02:00,[59],[1]
2026-05-21T17:54:00+02:00,[59],[1]
2026-05-21T17:53:00+02:00,[59],[1]
2026-05-21T17:52:00+02:00,[59],[1]
2026-05-21T17:51:00+02:00,[59],[1]
2026-05-21T17:50:00+02:00,[59],[1]
2026-05-21T17:49:00+02:00,[59],[1]
2026-05-21T17:48:00+02:00,[59],[1]
2026-05-21T17:47:00+02:00,[59],[1]
2026-05-21T17:46:00+02:00,[59],[1]
2026-05-21T17:45:00+02:00,[59],[1]
2026-05-21T17:44:00+02:00,[59],[1]
2026-05-21T17:43:00+02:00,[59],[2]
2026-05-21T17:42:00+02:00,[59],[2]
2026-05-21T17:41:00+02:00,[59],[2]
2026-05-21T17:40:00+02:00,[59],[2]
2026-05-21T17:39:00+02:00,[59],[2]
2026-05-21T17:38:00+02:00,[59],[2]
2026-05-21T17:37:00+02:00,[59],[2]
2026-05-21T17:36:00+02:00,[59],[2]
2026-05-21T17:35:00+02:00,[59],[2]
2026-05-21T17:34:00+02:00,[59],[2]
2026-05-21T17:33:00+02:00,[59],[2]
2026-05-21T17:32:00+02:00,[59],[2]
2026-05-21T17:31:00+02:00,[59],[2]
2026-05-21T17:30:00+02:00,[59],[2]
2026-05-21T17:29:00+02:00,[59],[2]
2026-05-21T17:28:00+02:00,[59],[3]
2026-05-21T17:27:00+02:00,[59],[3]
2026-05-21T17:26:00+02:00,[59],[3]
2026-05-21T17:25:00+02:00,[59],[3]
2026-05-21T17:24:00+02:00,[59],[3]
2026-05-21T17:23:00+02:00,[59],[3]
2026-05-21T17:22:00+02:00,[59],[3]
2026-05-21T17:21:00+02:00,[59],[3]
2026-05-21T17:20:00+02:00,[59],[3]
2026-05-20T17:59:00+02:00,[59],[1]
2026-05-20T17:58:00+02:00,[59],[1]
2026-05-20T17:57:00+02:00,[59],[1]
2026-05-20T17:56:00+02:00,[59],[1]
2026-05-20T17:55:00+02:00,[59],[1]
2026-05-20T17:54:00+02:00,[59],[1]
2026-05-20T17:53:00+02:00,[59],[1]
2026-05-20T17:52:00+02:00,[59],[1]
2026-05-20T17:51:00+02:00,[59],[1]
2026-05-20T17:50:00+02:00,[59],[1]
2026-05-20T17:49:00+02:00,[59],[1]
2026-05-20T17:48:00+02:00,[59],[1]
2026-05-20T17:47:00+02:00,[59],[1]
2026-05-20T17:46:00+02:00,[59],[1]
2026-05-20T17:45:00+02:00,[59],[1]
2026-05-20T17:44:00+02:00,[59],[1]
2026-05-20T17:43:00+02:00,[59],[1]
2026-05-20T17:42:00+02:00,[59],[2]
2026-05-20T17:41:00+02:00,[59],[2]
2026-05-20T17:40:00+02:00,[59],[2]
2026-05-20T17:39:00+02:00,[59],[2]
2026-05-20T17:38:00+02:00,[59],[2]
2026-05-20T17:37:00+02:00,[59],[2]
2026-05-20T17:36:00+02:00,[59],[2]
2026-05-20T17:35:00+02:00,[59],[2]
2026-05-20T17:34:00+02:00,[59],[2]
2026-05-20T17:33:00+02:00,[59],[2]
2026-05-20T17:32:00+02:00,[59],[2]
2026-05-20T17:31:00+02:00,[59],[2]
2026-05-20T17:30:00+02:00,[59],[2]
2026-05-20T17:29:00+02:00,[59],[2]
2026-05-20T17:28:00+02:00,[59],[2]
2026-05-20T17:27:00+02:00,[59],[2]
2026-05-20T17:26:00+02:00,[59],[2]
2026-05-20T17:25:00+02:00,[59],[2]
2026-05-20T17:24:00+02:00,[59],[2]
2026-05-20T17:23:00+02:00,[59],[2]
2026-05-20T17:22:00+02:00,[59],[2]
2026-05-20T17:21:00+02:00,[59],[2]
2026-05-20T17:20:00+02:00,[59],[2]
2026-05-20T17:19:00+02:00,[59],[2]
2026-05-20T17:18:00+02:00,[59],[2]
2026-05-20T17:17:00+02:00,[59],[2]
2026-05-20T17:16:00+02:00,[59],[2]
2026-05-20T17:15:00+02:00,[59],[2]
2026-05-20T17:14:00+02:00,[59],[2]
2026-05-20T17:13:00+02:00,[59],[2]
2026-05-20T17:12:00+02:00,[59],[2]
2026-05-20T17:11:00+02:00,[59],[2]
2026-05-20T17:10:00+02:00,[59],[1]
2026-05-20T17:09:00+02:00,[59],[1]
2026-05-20T17:08:00+02:00,[59],[1]
2026-05-20T17:07:00+02:00,[59],[1]
2026-05-20T17:06:00+02:00,[59],[1]
2026-05-20T17:05:00+02:00,[59],[1]
2026-05-19T17:59:00+02:00,[59],[1]
2026-05-19T17:58:00+02:00,[59],[1]
2026-05-19T17:57:00+02:00,[59],[1]
2026-05-19T17:56:00+02:00,[59],[1]
2026-05-19T17:55:00+02:00,[59],[1]
2026-05-19T17:54:00+02:00,[59],[1]
2026-05-19T17:53:00+02:00,[59],[1]
2026-05-19T17:52:00+02:00,[59],[1]
2026-05-19T17:51:00+02:00,[59],[1]
2026-05-19T17:50:00+02:00,[59],[1]
2026-05-19T17:49:00+02:00,[59],[1]
2026-05-17T15:57:00+02:00,"[240,840,420,900]","[0,1,2,2]"
2026-05-14T16:57:00+02:00,"[300,1260,60,540]","[0,1,1,1]"
2026-05-15T01:22:00+02:00,"[1020,480,1680,240]","[3,3,3,3]"
2026-05-15T01:03:00+02:00,"[60,540,540]","[3,3,3]"
2026-05-14T20:11:00+02:00,"[1500,420]","[3,3]"
2026-05-14T19:32:00+02:00,[2340],[3]
2026-05-14T18:30:00+02:00,[3720],[3]
2026-05-14T17:33:00+02:00,"[3300,120]","[1,3]"
2026-05-14T17:24:00+02:00,[539],[1]
2026-05-14T17:23:00+02:00,[59],[1]
2026-05-14T17:02:00+02:00,[1259],[1]
2026-05-13T17:59:00+02:00,[59],[1]
2026-05-13T17:58:00+02:00,[59],[1]
2026-05-13T17:57:00+02:00,[59],[1]
2026-05-13T17:56:00+02:00,[59],[1]
2026-05-13T17:55:00+02:00,[59],[1]
2026-05-13T17:54:00+02:00,[59],[1]
2026-05-13T17:53:00+02:00,[59],[1]
2026-05-13T17:52:00+02:00,[59],[1]
2026-05-13T17:51:00+02:00,[59],[1]
2026-05-13T17:50:00+02:00,[59],[1]
2026-05-13T17:49:00+02:00,[59],[1]
2026-05-13T17:48:00+02:00,[59],[1]
2026-05-13T17:47:00+02:00,[59],[1]
2026-05-13T17:46:00+02:00,[59],[1]
2026-05-13T17:45:00+02:00,[59],[1]
2026-05-13T17:44:00+02:00,[59],[1]
2026-05-13T17:43:00+02:00,[59],[1]
2026-05-13T17:42:00+02:00,[59],[1]
2026-05-13T17:41:00+02:00,[59],[1]
2026-05-13T17:40:00+02:00,[59],[1]
2026-05-13T17:39:00+02:00,[59],[1]
2026-05-13T17:38:00+02:00,[59],[1]
2026-05-13T17:37:00+02:00,[59],[1]
2026-05-13T17:36:00+02:00,[59],[1]
2026-05-13T17:35:00+02:00,[59],[1]
2026-05-13T17:34:00+02:00,[59],[1]
2026-05-13T17:33:00+02:00,[59],[1]
2026-05-13T17:32:00+02:00,[59],[1]
2026-05-13T17:31:00+02:00,[59],[1]
2026-05-13T17:30:00+02:00,[59],[1]
2026-05-13T17:29:00+02:00,[59],[1]
2026-05-13T17:28:00+02:00,[59],[1]
2026-05-13T17:27:00+02:00,[59],[1]
2026-05-13T17:26:00+02:00,[59],[1]
2026-05-13T17:25:00+02:00,[59],[1]
2026-05-13T17:24:00+02:00,[59],[1]
2026-05-13T17:23:00+02:00,[59],[1]
2026-05-13T17:22:00+02:00,[59],[1]
2026-05-13T17:21:00+02:00,[59],[1]
2026-05-13T17:20:00+02:00,[59],[1]
2026-05-13T17:19:00+02:00,[59],[1]
2026-05-13T17:18:00+02:00,[59],[1]
2026-05-13T17:17:00+02:00,[59],[1]
2026-05-13T17:16:00+02:00,[59],[1]
2026-05-13T17:15:00+02:00,[59],[1]
2026-05-13T17:14:00+02:00,[59],[1]
2026-05-13T17:13:00+02:00,[59],[1]
2026-05-13T17:12:00+02:00,[59],[1]
2026-05-13T17:11:00+02:00,[59],[1]
2026-05-13T17:10:00+02:00,[59],[1]
2026-05-13T17:09:00+02:00,[59],[1]
2026-05-13T17:08:00+02:00,[59],[1]
2026-05-13T17:07:00+02:00,[59],[1]
2026-05-13T17:06:00+02:00,[59],[1]
2026-05-13T17:05:00+02:00,[59],[1]
2026-05-13T17:04:00+02:00,[59],[1]
2026-05-13T17:03:00+02:00,[59],[1]
2026-05-13T17:02:00+02:00,[59],[1]
2026-05-13T17:01:00+02:00,[59],[1]
2026-05-13T17:00:00+02:00,[59],[1]
2026-05-13T16:59:00+02:00,[59],[1]
2026-05-13T16:58:00+02:00,[59],[1]
2026-05-13T16:57:00+02:00,[59],[1]
2026-05-13T16:56:00+02:00,[59],[1]
2026-05-13T16:55:00+02:00,[59],[1]
2026-05-13T16:54:00+02:00,[59],[1]
2026-05-13T16:53:00+02:00,[59],[1]
2026-05-13T16:52:00+02:00,[59],[1]
2026-05-13T16:51:00+02:00,[59],[1]
2026-05-13T16:50:00+02:00,[59],[1]
2026-05-13T16:49:00+02:00,[59],[1]
2026-05-13T16:48:00+02:00,[59],[1]
2026-05-13T16:47:00+02:00,[59],[1]
2026-05-13T16:46:00+02:00,[59],[1]
2026-05-13T16:45:00+02:00,[59],[1]
2026-05-13T16:44:00+02:00,[59],[1]
2026-05-13T16:43:00+02:00,[59],[1]
2026-05-13T16:42:00+02:00,[59],[1]
2026-05-13T16:41:00+02:00,[59],[1]
2026-05-13T16:40:00+02:00,[59],[1]
2026-05-13T16:39:00+02:00,[59],[1]
2026-05-13T16:38:00+02:00,[59],[1]
2026-05-13T16:37:00+02:00,[59],[1]
2026-05-13T16:36:00+02:00,[59],[1]
2026-05-13T16:35:00+02:00,[59],[1]
2026-05-13T16:34:00+02:00,[59],[1]
2026-05-13T16:33:00+02:00,[59],[1]
2026-05-13T16:32:00+02:00,[59],[1]
2026-05-13T16:31:00+02:00,[59],[1]
2026-05-13T16:30:00+02:00,[59],[1]
2026-05-13T16:29:00+02:00,[59],[1]
2026-05-13T16:28:00+02:00,[59],[1]
2026-05-13T16:27:00+02:00,[59],[1]
2026-05-13T16:26:00+02:00,[59],[1]
2026-05-13T16:25:00+02:00,[59],[1]
2026-05-13T16:24:00+02:00,[59],[1]
2026-05-13T16:23:00+02:00,[59],[1]
2026-05-13T16:22:00+02:00,[59],[1]
2026-05-13T16:21:00+02:00,[59],[1]
2026-05-13T16:20:00+02:00,[59],[1]
2026-05-13T16:19:00+02:00,[59],[1]
2026-05-13T16:18:00+02:00,[59],[1]
2026-05-11T17:59:00+02:00,[59],[1]
2026-05-11T17:58:00+02:00,[59],[1]
2026-05-11T17:57:00+02:00,[59],[1]
2026-05-11T17:56:00+02:00,[59],[1]
2026-05-11T17:55:00+02:00,[59],[1]
2026-05-11T17:54:00+02:00,[59],[1]
2026-05-11T17:53:00+02:00,[59],[1]
2026-05-11T17:52:00+02:00,[59],[1]
2026-05-11T17:51:00+02:00,[59],[1]
2026-05-11T17:50:00+02:00,[59],[1]
2026-05-11T17:49:00+02:00,[59],[2]
2026-05-11T17:48:00+02:00,[59],[2]
2026-05-11T17:47:00+02:00,[59],[2]
2026-05-11T17:46:00+02:00,[59],[2]
2026-05-11T17:45:00+02:00,[59],[2]
2026-05-11T17:44:00+02:00,[59],[2]
2026-05-11T17:43:00+02:00,[59],[2]
2026-05-11T17:42:00+02:00,[59],[2]
2026-05-11T17:41:00+02:00,[59],[2]
2026-05-11T17:40:00+02:00,[59],[2]
2026-05-11T17:39:00+02:00,[59],[2]
2026-05-11T17:38:00+02:00,[59],[2]
2026-05-11T17:37:00+02:00,[59],[2]
2026-05-11T17:36:00+02:00,[59],[2]
2026-05-11T17:35:00+02:00,[59],[2]
2026-05-11T17:34:00+02:00,[59],[2]
2026-05-11T17:33:00+02:00,[59],[2]
2026-05-11T17:32:00+02:00,[59],[2]
2026-05-11T17:31:00+02:00,[59],[2]
2026-05-11T17:30:00+02:00,[59],[2]
2026-05-11T17:29:00+02:00,[59],[2]
2026-05-11T17:28:00+02:00,[59],[2]
2026-05-11T17:27:00+02:00,[59],[2]
2026-05-11T17:26:00+02:00,[59],[2]
2026-05-11T17:25:00+02:00,[59],[2]
2026-05-11T17:24:00+02:00,[59],[2]
2026-05-11T17:23:00+02:00,[59],[2]
2026-05-11T17:22:00+02:00,[59],[2]
2026-05-11T17:21:00+02:00,[59],[1]
2026-05-11T17:20:00+02:00,[59],[1]
2026-05-11T17:19:00+02:00,[59],[1]
2026-05-11T17:18:00+02:00,[59],[1]
2026-05-11T17:17:00+02:00,[59],[1]
2026-05-11T17:16:00+02:00,[59],[1]
2026-05-11T17:15:00+02:00,[59],[1]
2026-05-11T17:14:00+02:00,[59],[1]
2026-05-11T17:13:00+02:00,[59],[1]
2026-05-11T17:12:00+02:00,[59],[1]
2026-05-11T17:11:00+02:00,[59],[1]
2026-05-11T17:10:00+02:00,[59],[1]
2026-05-11T17:09:00+02:00,[59],[1]
2026-05-11T17:08:00+02:00,[59],[1]
2026-05-11T17:07:00+02:00,[59],[1]
2026-05-11T17:06:00+02:00,[59],[1]
2026-05-10T17:59:00+02:00,[59],[1]
2026-05-10T17:58:00+02:00,[59],[1]
2026-05-10T17:57:00+02:00,[59],[1]
2026-05-10T17:56:00+02:00,[59],[1]
2026-05-10T17:55:00+02:00,[59],[1]
2026-05-10T17:54:00+02:00,[59],[1]
2026-05-10T17:53:00+02:00,[59],[1]
2026-05-10T17:52:00+02:00,[59],[1]
2026-05-10T17:51:00+02:00,[59],[1]
2026-05-10T17:50:00+02:00,[59],[1]
2026-05-10T17:49:00+02:00,[59],[1]
2026-05-10T17:48:00+02:00,[59],[1]
2026-05-10T17:47:00+02:00,[59],[1]
2026-05-10T17:46:00+02:00,[59],[1]
2026-05-10T17:45:00+02:00,[59],[1]
2026-05-10T17:44:00+02:00,[59],[1]
2026-05-10T17:43:00+02:00,[59],[1]
2026-05-10T17:42:00+02:00,[59],[1]
2026-05-10T17:41:00+02:00,[59],[1]
2026-05-10T17:40:00+02:00,[59],[1]
2026-05-10T17:39:00+02:00,[59],[1]
2026-05-10T17:38:00+02:00,[59],[1]
2026-05-10T17:37:00+02:00,[59],[1]
2026-05-10T17:36:00+02:00,[59],[1]
2026-05-10T17:35:00+02:00,[59],[1]
2026-05-10T17:34:00+02:00,[59],[1]
2026-05-10T17:33:00+02:00,[59],[1]
2026-05-10T17:32:00+02:00,[59],[1]
2026-05-10T17:31:00+02:00,[59],[1]
2026-05-10T17:30:00+02:00,[59],[1]
2026-05-10T17:29:00+02:00,[59],[1]
2026-05-10T17:28:00+02:00,[59],[1]
2026-05-10T17:27:00+02:00,[59],[1]
2026-05-10T17:26:00+02:00,[59],[1]
2026-05-10T17:25:00+02:00,[59],[1]
2026-05-10T17:24:00+02:00,[59],[1]
2026-05-10T17:23:00+02:00,[59],[1]
2026-05-10T17:22:00+02:00,[59],[1]
2026-05-10T17:21:00+02:00,[59],[2]
2026-05-10T17:20:00+02:00,[59],[2]
2026-05-10T17:19:00+02:00,[59],[2]
2026-05-10T17:18:00+02:00,[59],[2]
2026-05-10T17:17:00+02:00,[59],[2]
2026-05-10T17:16:00+02:00,[59],[2]
2026-05-10T17:15:00+02:00,[59],[2]
2026-05-10T17:14:00+02:00,[59],[2]
2026-05-10T17:13:00+02:00,[59],[2]
2026-05-10T17:12:00+02:00,[59],[2]
2026-05-10T17:11:00+02:00,[59],[2]
2026-05-10T17:10:00+02:00,[59],[2]
2026-05-10T17:09:00+02:00,[59],[1]
2026-05-10T17:08:00+02:00,[59],[1]
2026-05-10T17:07:00+02:00,[59],[1]
2026-05-10T17:06:00+02:00,[59],[1]
2026-05-10T17:05:00+02:00,[59],[1]
2026-05-10T17:04:00+02:00,[59],[1]
2026-05-10T17:03:00+02:00,[59],[1]
2026-05-10T17:02:00+02:00,[59],[1]
2026-05-10T17:01:00+02:00,[59],[1]
2026-05-10T17:00:00+02:00,[59],[1]
2026-05-10T16:59:00+02:00,[59],[1]
2026-05-10T16:58:00+02:00,[59],[1]
2026-05-10T16:57:00+02:00,[59],[1]
2026-05-10T16:56:00+02:00,[59],[1]
2026-05-10T16:55:00+02:00,[59],[1]
2026-05-10T16:54:00+02:00,[59],[1]
2026-05-10T16:53:00+02:00,[59],[1]
2026-05-10T16:52:00+02:00,[59],[1]
2026-05-10T16:51:00+02:00,[59],[1]
2026-05-10T16:50:00+02:00,[59],[1]
2026-05-10T16:49:00+02:00,[59],[1]
2026-05-10T16:48:00+02:00,[59],[1]
2026-05-10T16:47:00+02:00,[59],[1]
2026-05-09T17:58:00+02:00,[59],[1]
2026-05-09T17:57:00+02:00,[59],[1]
2026-05-09T17:56:00+02:00,[59],[1]
2026-05-09T17:55:00+02:00,[59],[1]
2026-05-09T17:54:00+02:00,[59],[1]
2026-05-09T17:53:00+02:00,[59],[1]
2026-05-09T17:52:00+02:00,[59],[1]
2026-05-09T17:51:00+02:00,[59],[1]
2026-05-09T17:50:00+02:00,[59],[1]
2026-05-09T17:49:00+02:00,[59],[1]
2026-05-09T17:48:00+02:00,[59],[1]
2026-05-09T17:47:00+02:00,[59],[1]
2026-05-09T17:46:00+02:00,[59],[1]
2026-05-09T17:45:00+02:00,[59],[1]
2026-05-09T17:44:00+02:00,[59],[1]
2026-05-09T17:43:00+02:00,[59],[1]
2026-05-09T17:42:00+02:00,[59],[1]
2026-05-09T17:41:00+02:00,[59],[1]
2026-05-09T17:40:00+02:00,[59],[1]
2026-05-09T17:39:00+02:00,[59],[1]
2026-05-09T17:38:00+02:00,[59],[1]
2026-05-09T17:37:00+02:00,[59],[1]
2026-05-09T17:36:00+02:00,[59],[1]
2026-05-09T17:35:00+02:00,[59],[1]
2026-05-09T17:34:00+02:00,[59],[1]
2026-05-09T17:33:00+02:00,[59],[1]
2026-05-09T17:32:00+02:00,[59],[1]
2026-05-09T17:31:00+02:00,[59],[1]
2026-05-09T17:30:00+02:00,[59],[1]
2026-05-09T17:29:00+02:00,[59],[1]
2026-05-09T17:28:00+02:00,[59],[0]
2026-05-09T17:25:00+02:00,[59],[0]
2026-05-09T17:24:00+02:00,[59],[0]
2026-05-09T17:23:00+02:00,[59],[0]
2026-05-09T17:22:00+02:00,[59],[0]
2026-05-09T17:21:00+02:00,[59],[0]
2026-05-09T17:20:00+02:00,[59],[0]
2026-05-09T17:19:00+02:00,[59],[0]
2026-05-09T17:18:00+02:00,[59],[0]
2026-05-09T17:17:00+02:00,[59],[0]
2026-05-09T17:16:00+02:00,[59],[0]
2026-05-09T17:15:00+02:00,[59],[1]
2026-05-09T17:14:00+02:00,[59],[1]
2026-05-09T17:13:00+02:00,[59],[1]
2026-05-09T17:12:00+02:00,[59],[1]
2026-05-09T17:11:00+02:00,[59],[1]
2026-05-09T17:10:00+02:00,[59],[1]
2026-05-09T17:09:00+02:00,[59],[1]
2026-05-09T17:08:00+02:00,[59],[1]
2026-05-09T17:07:00+02:00,[59],[1]
2026-05-09T17:06:00+02:00,[59],[1]
2026-05-09T17:05:00+02:00,[59],[1]
2026-05-09T17:04:00+02:00,[59],[1]
2026-05-09T17:03:00+02:00,[59],[1]
2026-05-08T17:59:00+02:00,[59],[1]
2026-05-08T17:58:00+02:00,[59],[1]
2026-05-08T17:57:00+02:00,[59],[1]
2026-05-08T17:56:00+02:00,[59],[1]
2026-05-08T17:55:00+02:00,[59],[1]
2026-05-08T17:54:00+02:00,[59],[1]
2026-05-08T17:53:00+02:00,[59],[1]
2026-05-08T17:52:00+02:00,[59],[1]
2026-05-08T17:51:00+02:00,[59],[1]
2026-05-08T17:50:00+02:00,[59],[1]
2026-05-08T17:49:00+02:00,[59],[1]
2026-05-08T17:48:00+02:00,[59],[1]
2026-05-08T17:47:00+02:00,[59],[1]
2026-05-08T17:46:00+02:00,[59],[1]
2026-05-08T17:45:00+02:00,[59],[1]
2026-05-08T17:44:00+02:00,[59],[1]
2026-05-08T17:43:00+02:00,[59],[1]
2026-05-08T17:42:00+02:00,[59],[1]
2026-05-08T17:41:00+02:00,[59],[1]
2026-05-08T17:40:00+02:00,[59],[1]
2026-05-08T17:39:00+02:00,[59],[1]
2026-05-08T17:38:00+02:00,[59],[1]
2026-05-08T17:37:00+02:00,[59],[1]
2026-05-08T17:36:00+02:00,[59],[1]
2026-05-08T17:35:00+02:00,[59],[1]
2026-05-08T17:34:00+02:00,[59],[1]
2026-05-08T17:33:00+02:00,[59],[1]
2026-05-08T17:32:00+02:00,[59],[1]
2026-05-08T17:31:00+02:00,[59],[1]
2026-05-08T17:30:00+02:00,[59],[1]
2026-05-08T17:29:00+02:00,[59],[1]
2026-05-08T17:28:00+02:00,[59],[1]
2026-05-08T17:27:00+02:00,[59],[1]
2026-05-08T17:26:00+02:00,[59],[1]
2026-05-08T17:25:00+02:00,[59],[1]
2026-05-08T17:24:00+02:00,[59],[1]
2026-05-08T17:23:00+02:00,[59],[1]
2026-05-08T17:22:00+02:00,[59],[1]
2026-05-08T17:21:00+02:00,[59],[1]
2026-05-08T17:20:00+02:00,[59],[1]
2026-05-08T17:19:00+02:00,[59],[1]
2026-05-08T17:18:00+02:00,[59],[1]
2026-05-08T17:17:00+02:00,[59],[1]
2026-05-08T17:16:00+02:00,[59],[1]
2026-05-08T17:15:00+02:00,[59],[1]
2026-05-08T17:14:00+02:00,[59],[1]
2026-05-08T17:13:00+02:00,[59],[1]
2026-05-08T17:12:00+02:00,[59],[1]
2026-05-08T17:11:00+02:00,[59],[1]
2026-05-08T17:10:00+02:00,[59],[1]
2026-05-08T17:09:00+02:00,[59],[1]
2026-05-08T17:08:00+02:00,[59],[1]
2026-05-08T17:07:00+02:00,[59],[1]
2026-05-08T17:06:00+02:00,[59],[1]
2026-05-08T17:05:00+02:00,[59],[1]
2026-05-08T17:04:00+02:00,[59],[1]
2026-05-08T17:03:00+02:00,[59],[1]
2026-05-08T17:02:00+02:00,[59],[1]
2026-05-08T17:01:00+02:00,[59],[1]
2026-05-08T17:00:00+02:00,[59],[1]
2026-05-08T16:59:00+02:00,[59],[1]
2026-05-08T16:58:00+02:00,[59],[1]
2026-05-08T16:57:00+02:00,[59],[1]
2026-05-08T16:56:00+02:00,[59],[1]
2026-05-08T16:55:00+02:00,[59],[1]
2026-05-08T16:54:00+02:00,[59],[1]
2026-05-08T16:53:00+02:00,[59],[1]
2026-05-08T16:52:00+02:00,[59],[1]
2026-05-08T16:51:00+02:00,[59],[1]
2026-05-08T16:50:00+02:00,[59],[1]
2026-05-08T16:49:00+02:00,[59],[1]
2026-05-08T16:48:00+02:00,[59],[1]
2026-05-08T16:47:00+02:00,[59],[1]
2026-05-08T16:46:00+02:00,[59],[1]
2026-05-08T16:45:00+02:00,[59],[1]
2026-05-08T16:44:00+02:00,[59],[1]
2026-05-08T16:43:00+02:00,[59],[1]
2026-05-08T16:42:00+02:00,[59],[1]
2026-05-08T16:41:00+02:00,[59],[1]
2026-05-08T16:40:00+02:00,[59],[1]
2026-05-08T16:39:00+02:00,[59],[1]
2026-05-08T16:38:00+02:00,[59],[1]
2026-05-08T16:37:00+02:00,[59],[1]
2026-05-08T16:36:00+02:00,[59],[1]
2026-05-08T16:35:00+02:00,[59],[1]
2026-05-08T16:34:00+02:00,[59],[1]
2026-05-08T16:33:00+02:00,[59],[1]
2026-05-08T16:32:00+02:00,[59],[1]
2026-05-08T16:31:00+02:00,[59],[1]
2026-05-08T16:30:00+02:00,[59],[1]
2026-05-08T16:29:00+02:00,[59],[1]
2026-05-08T16:28:00+02:00,[59],[1]
2026-05-08T16:27:00+02:00,[59],[1]
2026-05-08T16:26:00+02:00,[59],[1]
2026-05-08T16:25:00+02:00,[59],[1]
2026-05-08T16:24:00+02:00,[59],[1]
2026-05-08T16:23:00+02:00,[59],[1]
2026-05-08T16:22:00+02:00,[59],[1]
2026-05-08T16:21:00+02:00,[59],[1]
2026-05-08T16:20:00+02:00,[59],[1]
2026-05-08T16:19:00+02:00,[59],[1]
2026-05-08T16:18:00+02:00,[59],[1]
2026-05-07T17:59:00+02:00,[59],[1]
2026-05-07T17:58:00+02:00,[59],[1]
2026-05-07T17:57:00+02:00,[59],[1]
2026-05-07T17:56:00+02:00,[59],[1]
2026-05-07T17:55:00+02:00,[59],[1]
2026-05-07T17:54:00+02:00,[59],[1]
2026-05-07T17:53:00+02:00,[59],[1]
2026-05-07T17:52:00+02:00,[59],[1]
2026-05-07T17:51:00+02:00,[59],[1]
2026-05-07T17:50:00+02:00,[59],[1]
2026-05-07T17:49:00+02:00,[59],[1]
2026-05-07T17:48:00+02:00,[59],[1]
2026-05-07T17:47:00+02:00,[59],[1]
2026-05-07T17:46:00+02:00,[59],[1]
2026-05-07T17:45:00+02:00,[59],[1]
2026-05-07T17:44:00+02:00,[59],[1]
2026-05-07T17:43:00+02:00,[59],[1]
2026-05-07T17:42:00+02:00,[59],[1]
2026-05-07T17:41:00+02:00,[59],[1]
2026-05-07T17:40:00+02:00,[59],[1]
2026-05-07T17:39:00+02:00,[59],[1]
2026-05-07T17:38:00+02:00,[59],[1]
2026-05-07T17:37:00+02:00,[59],[1]
2026-05-07T17:36:00+02:00,[59],[1]
2026-05-07T17:35:00+02:00,[59],[1]
2026-05-07T17:34:00+02:00,[59],[1]
2026-05-07T17:33:00+02:00,[59],[1]
2026-05-07T17:32:00+02:00,[59],[1]
2026-05-07T17:31:00+02:00,[59],[1]
2026-05-07T17:30:00+02:00,[59],[1]
2026-05-07T17:29:00+02:00,[59],[1]
2026-05-07T17:28:00+02:00,[59],[1]
2026-05-07T17:27:00+02:00,[59],[1]
2026-05-07T17:26:00+02:00,[59],[1]
2026-05-07T17:25:00+02:00,[59],[1]
2026-05-07T17:24:00+02:00,[59],[1]
2026-05-07T17:23:00+02:00,[59],[1]
2026-05-07T17:22:00+02:00,[59],[1]
2026-05-07T17:21:00+02:00,[59],[1]
2026-05-07T17:20:00+02:00,[59],[1]
2026-05-07T17:19:00+02:00,[59],[1]
2026-05-07T17:18:00+02:00,[59],[1]
2026-05-07T17:17:00+02:00,[59],[1]
2026-05-07T17:16:00+02:00,[59],[1]
2026-05-07T17:15:00+02:00,[59],[1]
2026-05-07T17:14:00+02:00,[59],[1]
2026-05-07T17:13:00+02:00,[59],[1]
2026-05-07T17:12:00+02:00,[59],[1]
2026-05-07T17:11:00+02:00,[59],[1]
2026-05-07T17:10:00+02:00,[59],[1]
2026-05-07T17:09:00+02:00,[59],[1]
2026-05-07T17:08:00+02:00,[59],[1]
2026-05-07T17:07:00+02:00,[59],[1]
2026-05-07T17:06:00+02:00,[59],[1]
2026-05-07T17:05:00+02:00,[59],[1]
2026-05-07T17:04:00+02:00,[59],[1]
2026-05-07T17:03:00+02:00,[59],[1]
2026-05-07T17:02:00+02:00,[59],[1]
2026-05-07T17:01:00+02:00,[59],[1]
2026-05-07T17:00:00+02:00,[59],[1]
2026-05-07T16:59:00+02:00,[59],[1]
2026-05-07T16:58:00+02:00,[59],[1]
2026-05-07T16:57:00+02:00,[59],[1]
2026-05-07T16:56:00+02:00,[59],[1]
2026-05-07T16:55:00+02:00,[59],[1]
2026-05-07T16:54:00+02:00,[59],[1]
2026-05-07T16:53:00+02:00,[59],[1]
2026-05-07T16:52:00+02:00,[59],[1]
2026-05-07T16:51:00+02:00,[59],[1]
2026-05-07T16:50:00+02:00,[59],[1]
2026-05-07T16:49:00+02:00,[59],[1]
2026-05-07T16:48:00+02:00,[59],[1]
2026-05-07T16:47:00+02:00,[59],[1]
2026-05-07T16:46:00+02:00,[59],[1]
2026-05-07T16:45:00+02:00,[59],[1]
2026-05-07T16:44:00+02:00,[59],[1]
2026-05-07T16:43:00+02:00,[59],[1]
2026-05-07T16:42:00+02:00,[59],[1]
2026-05-07T16:41:00+02:00,[59],[1]
2026-05-07T16:40:00+02:00,[59],[1]
2026-05-07T16:39:00+02:00,[59],[1]
2026-05-07T16:38:00+02:00,[59],[1]
2026-05-07T16:37:00+02:00,[59],[1]
2026-05-07T16:36:00+02:00,[59],[1]
2026-05-07T16:35:00+02:00,[59],[1]
2026-05-07T16:34:00+02:00,[59],[1]
2026-05-07T16:33:00+02:00,[59],[1]
2026-05-07T16:32:00+02:00,[59],[1]
2026-05-07T16:31:00+02:00,[59],[1]
2026-05-07T16:30:00+02:00,[59],[1]
2026-05-07T16:29:00+02:00,[59],[1]
2026-05-07T16:28:00+02:00,[59],[1]
2026-05-07T16:27:00+02:00,[59],[1]
2026-05-07T16:26:00+02:00,[59],[1]
2026-05-07T16:25:00+02:00,[59],[1]
2026-05-06T17:59:00+02:00,[59],[1]
2026-05-06T17:58:00+02:00,[59],[1]
2026-05-06T17:57:00+02:00,[59],[1]
2026-05-06T17:56:00+02:00,[59],[1]
2026-05-06T17:55:00+02:00,[59],[1]
2026-05-06T17:54:00+02:00,[59],[1]
2026-05-06T17:53:00+02:00,[59],[1]
2026-05-06T17:52:00+02:00,[59],[1]
2026-05-06T17:51:00+02:00,[59],[1]
2026-05-06T17:50:00+02:00,[59],[1]
2026-05-06T17:49:00+02:00,[59],[1]
2026-05-06T17:48:00+02:00,[59],[1]
2026-05-06T17:47:00+02:00,[59],[1]
2026-05-06T17:46:00+02:00,[59],[1]
2026-05-06T17:45:00+02:00,[59],[1]
2026-05-06T17:44:00+02:00,[59],[1]
2026-05-06T17:43:00+02:00,[59],[1]
2026-05-04T17:59:00+02:00,[59],[3]
2026-05-04T17:58:00+02:00,[59],[3]
2026-05-04T17:57:00+02:00,[59],[3]
2026-05-04T17:56:00+02:00,[59],[3]
2026-05-04T17:55:00+02:00,[59],[3]
2026-05-04T17:54:00+02:00,[59],[3]
2026-05-04T17:53:00+02:00,[59],[2]
2026-05-04T17:52:00+02:00,[59],[2]
2026-05-04T17:51:00+02:00,[59],[2]
2026-05-04T17:50:00+02:00,[59],[2]
2026-05-04T17:49:00+02:00,[59],[2]
2026-05-04T17:48:00+02:00,[59],[2]
2026-05-04T17:47:00+02:00,[59],[2]
2026-05-04T17:46:00+02:00,[59],[2]
2026-05-04T17:45:00+02:00,[59],[2]
2026-05-04T17:44:00+02:00,[59],[2]
2026-05-04T17:43:00+02:00,[59],[2]
2026-05-04T17:42:00+02:00,[59],[2]
2026-05-04T17:41:00+02:00,[59],[2]
2026-05-04T17:40:00+02:00,[59],[2]
2026-05-04T17:39:00+02:00,[59],[2]
2026-05-04T17:38:00+02:00,[59],[2]
2026-05-04T17:37:00+02:00,[59],[2]
2026-05-04T17:36:00+02:00,[59],[2]
2026-05-04T17:35:00+02:00,[59],[2]
2026-05-04T17:34:00+02:00,[59],[2]
2026-05-04T17:33:00+02:00,[59],[2]
2026-05-04T17:32:00+02:00,[59],[2]
2026-05-04T17:31:00+02:00,[59],[1]
2026-05-04T17:30:00+02:00,[59],[1]
2026-05-04T17:29:00+02:00,[59],[1]
2026-05-04T17:28:00+02:00,[59],[1]
2026-05-04T17:27:00+02:00,[59],[1]
2026-05-04T17:26:00+02:00,[59],[1]
2026-05-04T17:25:00+02:00,[59],[1]
2026-05-04T17:24:00+02:00,[59],[1]
2026-05-04T17:23:00+02:00,[59],[1]
2026-05-04T17:22:00+02:00,[59],[1]
2026-05-04T17:21:00+02:00,[59],[1]
2026-05-04T17:20:00+02:00,[59],[1]
2026-05-04T17:19:00+02:00,[59],[1]
2026-05-04T17:18:00+02:00,[59],[1]
2026-05-04T17:17:00+02:00,[59],[1]
2026-05-04T17:16:00+02:00,[59],[1]
2026-05-04T17:15:00+02:00,[59],[1]
2026-05-04T17:14:00+02:00,[59],[1]
2026-05-04T17:13:00+02:00,[59],[1]
2026-05-04T17:12:00+02:00,[59],[1]
2026-05-04T17:11:00+02:00,[59],[1]
2026-05-04T17:10:00+02:00,[59],[1]
2026-05-04T17:09:00+02:00,[59],[1]
2026-05-04T17:08:00+02:00,[59],[1]
2026-05-04T17:07:00+02:00,[59],[1]
2026-05-04T17:06:00+02:00,[59],[1]
2026-05-04T17:05:00+02:00,[59],[1]
2026-05-04T17:04:00+02:00,[59],[1]
2026-05-04T17:03:00+02:00,[59],[1]
2026-05-04T17:02:00+02:00,[59],[1]
2026-05-04T17:01:00+02:00,[59],[1]
2026-05-04T17:00:00+02:00,[59],[1]
2026-05-04T16:59:00+02:00,[59],[1]
2026-05-04T16:58:00+02:00,[59],[2]
2026-05-04T16:57:00+02:00,[59],[2]
2026-05-04T16:56:00+02:00,[59],[2]
2026-05-04T16:55:00+02:00,[59],[2]
2026-05-04T16:54:00+02:00,[59],[2]
2026-05-04T16:53:00+02:00,[59],[2]
2026-05-04T16:52:00+02:00,[59],[2]
2026-05-04T16:51:00+02:00,[59],[2]
2026-05-04T16:50:00+02:00,[59],[2]
2026-05-04T16:49:00+02:00,[59],[2]
2026-05-04T16:48:00+02:00,[59],[2]
2026-05-04T16:47:00+02:00,[59],[2]
2026-05-04T16:46:00+02:00,[59],[2]
2026-05-04T16:45:00+02:00,[59],[2]
2026-05-04T16:44:00+02:00,[59],[2]
2026-05-04T16:43:00+02:00,[59],[2]
2026-05-04T16:42:00+02:00,[59],[2]
2026-05-04T16:41:00+02:00,[59],[3]
2026-05-04T16:40:00+02:00,[59],[3]
2026-05-04T16:39:00+02:00,[59],[3]
2026-05-04T16:38:00+02:00,[59],[3]
2026-05-04T16:37:00+02:00,[59],[3]
2026-05-04T16:35:00+02:00,[59],[3]
2026-05-04T16:34:00+02:00,[59],[3]
2026-05-04T16:33:00+02:00,[59],[3]
2026-05-03T17:59:00+02:00,[59],[2]
2026-05-03T17:58:00+02:00,[59],[2]
2026-05-03T17:57:00+02:00,[59],[2]
2026-05-03T17:56:00+02:00,[59],[2]
2026-05-03T17:55:00+02:00,[59],[2]
2026-05-03T17:54:00+02:00,[59],[2]
2026-05-03T17:53:00+02:00,[59],[2]
2026-05-03T17:52:00+02:00,[59],[2]
2026-05-03T17:51:00+02:00,[59],[2]
2026-05-03T17:50:00+02:00,[59],[2]
2026-05-03T17:49:00+02:00,[59],[2]
2026-05-03T17:48:00+02:00,[59],[2]
2026-05-03T17:47:00+02:00,[59],[2]
2026-05-03T17:46:00+02:00,[59],[2]
2026-05-03T17:45:00+02:00,[59],[2]
2026-05-03T17:44:00+02:00,[59],[2]
2026-05-03T17:43:00+02:00,[59],[2]
2026-05-03T17:42:00+02:00,[59],[2]
2026-05-03T17:41:00+02:00,[59],[2]
2026-05-03T17:40:00+02:00,[59],[2]
2026-05-03T17:39:00+02:00,[59],[2]
2026-05-03T17:38:00+02:00,[59],[2]
2026-05-03T17:37:00+02:00,[59],[2]
2026-05-03T17:36:00+02:00,[59],[2]
2026-05-03T17:35:00+02:00,[59],[2]
2026-05-03T17:34:00+02:00,[59],[2]
2026-05-03T17:33:00+02:00,[59],[2]
2026-05-03T17:32:00+02:00,[59],[2]
2026-05-03T17:31:00+02:00,[59],[2]
2026-05-03T17:30:00+02:00,[59],[2]
2026-05-03T17:29:00+02:00,[59],[2]
2026-05-03T17:28:00+02:00,[59],[1]
2026-05-03T17:27:00+02:00,[59],[1]
2026-05-03T17:26:00+02:00,[59],[1]
2026-05-03T17:25:00+02:00,[59],[1]
2026-05-02T17:59:00+02:00,[59],[2]
2026-05-02T17:58:00+02:00,[59],[2]
2026-05-02T17:57:00+02:00,[59],[2]
2026-05-02T17:56:00+02:00,[59],[2]
2026-05-02T17:55:00+02:00,[59],[2]
2026-05-02T17:54:00+02:00,[59],[2]
2026-05-02T17:53:00+02:00,[59],[2]
2026-05-02T17:52:00+02:00,[59],[2]
2026-05-02T17:51:00+02:00,[59],[1]
2026-05-02T17:50:00+02:00,[59],[1]
2026-05-02T17:49:00+02:00,[59],[1]
2026-05-02T17:48:00+02:00,[59],[1]
2026-05-02T17:47:00+02:00,[59],[1]
2026-05-02T17:46:00+02:00,[59],[1]
2026-05-02T17:45:00+02:00,[59],[1]
2026-05-02T16:18:00+02:00,[59],[2]
2026-05-02T16:17:00+02:00,[59],[2]
2026-05-02T16:16:00+02:00,[59],[2]
2026-05-02T16:15:00+02:00,[59],[2]
2026-05-02T16:14:00+02:00,[59],[2]
2026-05-02T16:13:00+02:00,[59],[2]
2026-05-02T16:12:00+02:00,[59],[2]
2026-05-02T16:11:00+02:00,[59],[2]
2026-05-02T16:10:00+02:00,[59],[2]
2026-05-02T16:09:00+02:00,[59],[2]
2026-05-02T16:08:00+02:00,[59],[2]
2026-05-02T16:07:00+02:00,[59],[2]
2026-05-02T16:06:00+02:00,[59],[2]
2026-05-02T16:05:00+02:00,[59],[2]
2026-05-02T16:04:00+02:00,[59],[2]
2026-05-02T16:03:00+02:00,[59],[2]
2026-05-02T16:02:00+02:00,[59],[2]
2026-05-02T16:01:00+02:00,[59],[2]
2026-05-02T16:00:00+02:00,[59],[2]
2026-05-02T15:59:00+02:00,[59],[2]
2026-05-01T17:56:00+02:00,[59],[1]
2026-05-01T17:55:00+02:00,[59],[1]
2026-05-01T17:54:00+02:00,[59],[1]
2026-05-01T17:53:00+02:00,[59],[1]
2026-05-01T17:52:00+02:00,[59],[1]
2026-05-01T17:51:00+02:00,[59],[1]
2026-05-01T17:50:00+02:00,[59],[0]
2026-05-01T17:46:00+02:00,[59],[1]
2026-05-01T17:45:00+02:00,[59],[1]
2026-05-01T17:44:00+02:00,[59],[1]
2026-05-01T17:43:00+02:00,[59],[1]
2026-05-01T17:42:00+02:00,[59],[1]
2026-05-01T17:41:00+02:00,[59],[1]
2026-05-01T17:40:00+02:00,[59],[1]
2026-05-01T17:39:00+02:00,[59],[1]
2026-05-01T17:38:00+02:00,[59],[1]
2026-05-01T17:37:00+02:00,[59],[0]
2026-05-01T17:31:00+02:00,[59],[1]
2026-05-01T17:30:00+02:00,[59],[1]
2026-05-01T17:29:00+02:00,[59],[1]
2026-05-01T17:28:00+02:00,[59],[1]
2026-05-01T17:27:00+02:00,[59],[1]
2026-05-01T17:26:00+02:00,[59],[1]
2026-04-29T17:59:00+02:00,[59],[2]
2026-04-29T17:58:00+02:00,[59],[2]
2026-04-29T17:57:00+02:00,[59],[2]
2026-04-29T17:56:00+02:00,[59],[2]
2026-04-29T17:55:00+02:00,[59],[2]
2026-04-29T17:54:00+02:00,[59],[1]
2026-04-29T17:53:00+02:00,[59],[1]
2026-04-29T17:52:00+02:00,[59],[1]
2026-04-29T17:51:00+02:00,[59],[1]
2026-04-27T15:49:00+02:00,[59],[1]
2026-04-27T13:53:00+02:00,[59],[0]
2026-04-27T13:47:00+02:00,[59],[0]
2026-04-27T13:33:00+02:00,[59],[0]
2026-04-27T17:59:00+02:00,[59],[3]
2026-04-27T17:58:00+02:00,[59],[3]
2026-04-27T17:57:00+02:00,[59],[3]
2026-04-27T17:56:00+02:00,[59],[3]
2026-04-27T17:55:00+02:00,[59],[3]
2026-04-27T17:54:00+02:00,[59],[3]
2026-04-27T17:53:00+02:00,[59],[3]
2026-04-27T17:52:00+02:00,[59],[3]
2026-04-27T17:51:00+02:00,[59],[3]
2026-04-27T17:50:00+02:00,[59],[3]
2026-04-27T17:49:00+02:00,[59],[3]
2026-04-27T17:48:00+02:00,[59],[3]
2026-04-27T17:47:00+02:00,[59],[3]
2026-04-27T17:46:00+02:00,[59],[2]
2026-04-27T17:45:00+02:00,[59],[2]
2026-04-27T17:44:00+02:00,[59],[2]
2026-04-27T17:43:00+02:00,[59],[2]
2026-04-27T17:42:00+02:00,[59],[2]
2026-04-27T17:41:00+02:00,[59],[2]
2026-04-27T17:40:00+02:00,[59],[2]
2026-04-27T17:39:00+02:00,[59],[2]
2026-04-27T17:38:00+02:00,[59],[2]
2026-04-27T17:37:00+02:00,[59],[2]
2026-04-27T17:36:00+02:00,[59],[2]
2026-04-27T17:35:00+02:00,[59],[2]
2026-04-27T17:34:00+02:00,[59],[2]
2026-04-27T17:33:00+02:00,[59],[2]
2026-04-27T17:32:00+02:00,[59],[2]
2026-04-27T17:31:00+02:00,[59],[2]
2026-04-27T17:30:00+02:00,[59],[2]
2026-04-27T17:29:00+02:00,[59],[2]
2026-04-27T17:28:00+02:00,[59],[2]
2026-04-27T17:27:00+02:00,[59],[2]
2026-04-27T17:26:00+02:00,[59],[1]
2026-04-27T17:25:00+02:00,[59],[1]
2026-04-27T17:24:00+02:00,[59],[1]
2026-04-27T17:23:00+02:00,[59],[1]
2026-04-27T17:22:00+02:00,[59],[1]
2026-04-27T17:21:00+02:00,[59],[1]
2026-04-27T17:20:00+02:00,[59],[1]
2026-04-27T17:19:00+02:00,[59],[1]
2026-04-27T17:18:00+02:00,[59],[1]
2026-04-27T17:17:00+02:00,[59],[2]
2026-04-27T17:16:00+02:00,[59],[2]
2026-04-27T17:15:00+02:00,[59],[2]
2026-04-27T17:14:00+02:00,[59],[2]
2026-04-27T17:13:00+02:00,[59],[2]
2026-04-27T17:12:00+02:00,[59],[2]
2026-04-27T17:11:00+02:00,[59],[2]
2026-04-27T17:10:00+02:00,[59],[2]
2026-04-27T17:09:00+02:00,[59],[2]
2026-04-27T17:08:00+02:00,[59],[2]
2026-04-27T17:07:00+02:00,[59],[2]
2026-04-27T17:06:00+02:00,[59],[1]
2026-04-27T17:05:00+02:00,[59],[1]
2026-04-27T17:04:00+02:00,[59],[1]
2026-04-27T17:03:00+02:00,[59],[1]
2026-04-27T16:08:00+02:00,[59],[1]
2026-04-27T16:07:00+02:00,[59],[1]
2026-04-27T16:06:00+02:00,[59],[1]
2026-04-27T16:05:00+02:00,[59],[1]
2026-04-27T16:04:00+02:00,[59],[1]
2026-04-27T16:03:00+02:00,[59],[1]
2026-04-27T16:02:00+02:00,[59],[1]
2026-04-27T16:01:00+02:00,[59],[1]
2026-04-27T16:00:00+02:00,[59],[1]
2026-04-27T15:59:00+02:00,[59],[0]
2026-04-27T15:58:00+02:00,[59],[0]
2026-04-27T15:57:00+02:00,[59],[0]
2026-04-27T15:56:00+02:00,[59],[0]
2026-04-27T15:55:00+02:00,[59],[0]
2026-04-27T15:54:00+02:00,[59],[0]
2026-04-27T15:53:00+02:00,[59],[0]
2026-04-27T15:52:00+02:00,[59],[1]
2026-04-27T15:51:00+02:00,[59],[1]
2026-04-27T15:50:00+02:00,[59],[1]
2026-04-27T15:48:00+02:00,[59],[1]
2026-04-27T15:46:00+02:00,[59],[1]
2026-04-27T15:45:00+02:00,[59],[1]
2026-04-27T15:44:00+02:00,[59],[1]
2026-04-27T15:43:00+02:00,[59],[1]
2026-04-27T15:42:00+02:00,[59],[1]
2026-04-27T15:41:00+02:00,[59],[1]
2026-04-27T15:40:00+02:00,[59],[1]
2026-04-27T15:39:00+02:00,[59],[1]
2026-04-27T15:38:00+02:00,[59],[1]
2026-04-27T15:37:00+02:00,[59],[1]
2026-04-27T15:36:00+02:00,[59],[3]
2026-04-27T15:35:00+02:00,[59],[3]
2026-04-27T15:34:00+02:00,[59],[3]
2026-04-27T15:33:00+02:00,[59],[3]
2026-04-27T15:32:00+02:00,[59],[3]
2026-04-27T15:31:00+02:00,[59],[3]
2026-04-27T15:30:00+02:00,[59],[3]
2026-04-27T15:29:00+02:00,[59],[3]
2026-04-27T15:28:00+02:00,[59],[3]
2026-04-27T15:27:00+02:00,[59],[3]
2026-04-27T15:26:00+02:00,[59],[3]
2026-04-27T15:25:00+02:00,[59],[3]
2026-04-27T15:24:00+02:00,[59],[3]
2026-04-27T15:23:00+02:00,[59],[3]
2026-04-27T15:22:00+02:00,[59],[1]
2026-04-27T15:21:00+02:00,[59],[1]
2026-04-27T15:20:00+02:00,[59],[1]
2026-04-27T15:19:00+02:00,[59],[1]
2026-04-27T15:18:00+02:00,[59],[1]
2026-04-27T15:17:00+02:00,[59],[1]
2026-04-27T15:15:00+02:00,[59],[1]
2026-04-27T15:14:00+02:00,[59],[1]
2026-04-27T15:13:00+02:00,[59],[1]
2026-04-27T15:12:00+02:00,[59],[1]
2026-04-27T15:11:00+02:00,[59],[1]
2026-04-27T15:10:00+02:00,[59],[1]
2026-04-27T15:09:00+02:00,[59],[1]
2026-04-27T15:08:00+02:00,[59],[1]
2026-04-27T15:07:00+02:00,[59],[1]
2026-04-27T15:06:00+02:00,[59],[1]
2026-04-27T15:05:00+02:00,[59],[1]
2026-04-27T15:04:00+02:00,[59],[3]
2026-04-27T15:03:00+02:00,[59],[3]
2026-04-27T15:02:00+02:00,[59],[3]
2026-04-27T15:00:00+02:00,[59],[3]
2026-04-27T14:59:00+02:00,[59],[3]
2026-04-27T14:57:00+02:00,[59],[3]
2026-04-27T14:56:00+02:00,[59],[3]
2026-04-27T14:55:00+02:00,[59],[3]
2026-04-27T14:54:00+02:00,[59],[3]
2026-04-27T14:53:00+02:00,[59],[3]
2026-04-27T14:52:00+02:00,[59],[3]
2026-04-27T14:51:00+02:00,[59],[3]
2026-04-27T14:49:00+02:00,[59],[3]
2026-04-27T14:47:00+02:00,[59],[3]
2026-04-27T14:46:00+02:00,[59],[3]
2026-04-27T14:45:00+02:00,[59],[3]
2026-04-27T14:44:00+02:00,[59],[3]
2026-04-27T14:42:00+02:00,[59],[3]
2026-04-27T14:41:00+02:00,[59],[3]
2026-04-27T14:40:00+02:00,[59],[0]
2026-04-27T14:39:00+02:00,[59],[0]
2026-04-27T14:37:00+02:00,[59],[0]
2026-04-27T14:36:00+02:00,[59],[0]
2026-04-27T14:35:00+02:00,[59],[0]
2026-04-27T14:33:00+02:00,[59],[0]
2026-04-27T14:32:00+02:00,[59],[0]
2026-04-27T14:31:00+02:00,[59],[0]
2026-04-27T14:30:00+02:00,[59],[0]
2026-04-27T14:28:00+02:00,[59],[0]
2026-04-27T14:26:00+02:00,[59],[0]
2026-04-27T14:25:00+02:00,[59],[0]
2026-04-27T14:24:00+02:00,[59],[0]
2026-04-27T14:23:00+02:00,[59],[0]
2026-04-27T14:22:00+02:00,[59],[0]
2026-04-27T14:20:00+02:00,[59],[0]
2026-04-27T14:19:00+02:00,[59],[0]
2026-04-27T14:18:00+02:00,[59],[0]
2026-04-27T14:16:00+02:00,[59],[0]
2026-04-27T14:15:00+02:00,[59],[0]
2026-04-27T14:13:00+02:00,[59],[0]
2026-04-27T14:12:00+02:00,[59],[0]
2026-04-27T14:11:00+02:00,[59],[0]
2026-04-27T14:10:00+02:00,[59],[0]
2026-04-27T14:09:00+02:00,[59],[0]
2026-04-27T14:08:00+02:00,[59],[0]
2026-04-27T14:07:00+02:00,[59],[0]
2026-04-27T14:06:00+02:00,[59],[0]
2026-04-27T14:05:00+02:00,[59],[0]
2026-04-27T14:04:00+02:00,[59],[0]
2026-04-27T14:03:00+02:00,[59],[0]
2026-04-27T14:02:00+02:00,[59],[0]
2026-04-27T14:01:00+02:00,[59],[0]
2026-04-27T14:00:00+02:00,[59],[0]
2026-04-27T13:59:00+02:00,[59],[0]
2026-04-27T13:57:00+02:00,[59],[0]
2026-04-27T13:56:00+02:00,[59],[0]
2026-04-27T13:55:00+02:00,[59],[0]
2026-04-27T13:54:00+02:00,[59],[0]
2026-04-27T13:52:00+02:00,[59],[0]
2026-04-27T13:51:00+02:00,[59],[0]
2026-04-27T13:50:00+02:00,[59],[0]
2026-04-27T13:49:00+02:00,[59],[0]
2026-04-27T13:48:00+02:00,[59],[0]
2026-04-27T13:46:00+02:00,[59],[0]
2026-04-27T13:45:00+02:00,[59],[0]
2026-04-27T13:44:00+02:00,[59],[0]
2026-04-27T13:43:00+02:00,[59],[0]
2026-04-27T13:42:00+02:00,[59],[0]
2026-04-27T13:41:00+02:00,[59],[0]
2026-04-27T13:40:00+02:00,[59],[0]
2026-04-27T13:39:00+02:00,[59],[0]
2026-04-27T13:38:00+02:00,[59],[0]
2026-04-27T13:36:00+02:00,[59],[0]
2026-04-27T13:35:00+02:00,[59],[0]
2026-04-27T13:34:00+02:00,[59],[0]
2026-04-27T13:32:00+02:00,[59],[0]
2026-04-27T13:31:00+02:00,[59],[0]
2026-04-27T13:30:00+02:00,[59],[0]
2026-04-27T13:29:00+02:00,[59],[0]
2026-04-27T13:28:00+02:00,[59],[0]
2026-04-27T13:27:00+02:00,[59],[0]
2026-04-27T13:26:00+02:00,[59],[0]
2026-04-27T13:25:00+02:00,[59],[0]
2026-04-27T13:24:00+02:00,[59],[0]
2026-04-27T13:23:00+02:00,[59],[0]
2026-04-27T13:22:00+02:00,[59],[0]
2026-04-27T13:21:00+02:00,[59],[0]
2026-04-27T13:20:00+02:00,[59],[0]
2026-04-27T13:19:00+02:00,[59],[0]
2026-04-27T13:18:00+02:00,[59],[0]
2026-04-27T13:17:00+02:00,[59],[0]
2026-04-27T13:15:00+02:00,[59],[0]
2026-04-27T13:13:00+02:00,[59],[0]
2026-04-27T13:12:00+02:00,[59],[0]
2026-04-27T13:11:00+02:00,[59],[0]
2026-04-27T13:10:00+02:00,[59],[0]
2026-04-27T13:09:00+02:00,[59],[0]
2026-04-27T13:08:00+02:00,[59],[0]
2026-04-27T13:07:00+02:00,[59],[0]
2026-04-27T13:06:00+02:00,[59],[0]
2026-04-27T13:05:00+02:00,[59],[0]
2026-04-27T13:04:00+02:00,[59],[0]
2026-04-27T13:03:00+02:00,[59],[0]
2026-04-27T13:02:00+02:00,[59],[0]
2026-04-27T13:01:00+02:00,[59],[0]
2026-04-27T13:00:00+02:00,[59],[0]
2026-04-27T12:59:00+02:00,[59],[0]
2026-04-27T12:58:00+02:00,[59],[0]
2026-04-27T12:57:00+02:00,[59],[0]
2026-04-27T12:56:00+02:00,[59],[0]
2026-04-27T12:55:00+02:00,[59],[0]
2026-04-27T12:53:00+02:00,[59],[0]
2026-04-27T12:52:00+02:00,[59],[0]
2026-04-27T12:51:00+02:00,[59],[0]
2026-04-27T12:50:00+02:00,[59],[0]
2026-04-27T12:49:00+02:00,[59],[0]
2026-04-27T12:48:00+02:00,[59],[0]
2026-04-27T12:47:00+02:00,[59],[0]
2026-04-27T12:46:00+02:00,[59],[0]
2026-04-27T12:45:00+02:00,[59],[0]
2026-04-27T12:44:00+02:00,[59],[0]
2026-04-27T12:43:00+02:00,[59],[0]
2026-04-27T12:42:00+02:00,[59],[0]
2026-04-27T15:47:00+02:00,[11],[1]
2026-04-27T15:16:00+02:00,[60],[1]
2026-04-27T15:01:00+02:00,[60],[3]
2026-04-27T14:58:00+02:00,[60],[3]
2026-04-27T14:50:00+02:00,[60],[3]
2026-04-27T14:48:00+02:00,[60],[3]
2026-04-27T14:43:00+02:00,[60],[3]
2026-04-27T14:38:00+02:00,[60],[0]
2026-04-27T14:34:00+02:00,[60],[0]
2026-04-27T14:29:00+02:00,[60],[0]
2026-04-27T14:27:00+02:00,[60],[0]
2026-04-27T14:21:00+02:00,[60],[0]
2026-04-27T14:17:00+02:00,[60],[0]
2026-04-27T14:14:00+02:00,[60],[0]
2026-04-27T13:58:00+02:00,[60],[0]
2026-04-27T13:37:00+02:00,[60],[0]
2026-04-27T13:16:00+02:00,[60],[0]
2026-04-27T13:14:00+02:00,[60],[0]
2026-04-27T12:54:00+02:00,[60],[0]
2026-04-26T17:59:00+02:00,[59],[1]
2026-04-26T17:58:00+02:00,[59],[1]
2026-04-26T17:57:00+02:00,[59],[1]
2026-04-26T17:56:00+02:00,[59],[1]
2026-04-26T17:55:00+02:00,[59],[1]
2026-04-26T17:54:00+02:00,[59],[1]
2026-04-26T17:53:00+02:00,[59],[1]
2026-04-26T17:52:00+02:00,[59],[1]
2026-04-26T17:51:00+02:00,[59],[1]
2026-04-26T17:50:00+02:00,[59],[1]
2026-04-26T17:49:00+02:00,[59],[1]
2026-04-26T17:48:00+02:00,[59],[1]
2026-04-26T17:47:00+02:00,[59],[1]
2026-04-26T17:46:00+02:00,[59],[1]
2026-04-26T17:45:00+02:00,[59],[1]
2026-04-26T17:44:00+02:00,[59],[1]
2026-04-26T17:43:00+02:00,[59],[1]
2026-04-26T17:42:00+02:00,[59],[1]
2026-04-26T17:41:00+02:00,[59],[1]
2026-04-26T17:40:00+02:00,[59],[1]
2026-04-26T17:39:00+02:00,[59],[2]
2026-04-26T17:38:00+02:00,[59],[2]
2026-04-26T17:37:00+02:00,[59],[2]
2026-04-26T17:36:00+02:00,[59],[2]
2026-04-26T17:35:00+02:00,[59],[2]
2026-04-26T17:34:00+02:00,[59],[2]
2026-04-26T17:33:00+02:00,[59],[2]
2026-04-26T17:32:00+02:00,[59],[2]
2026-04-26T17:31:00+02:00,[59],[2]
2026-04-26T17:30:00+02:00,[59],[2]
2026-04-26T17:29:00+02:00,[59],[2]
2026-04-26T17:28:00+02:00,[59],[2]
2026-04-26T17:27:00+02:00,[59],[2]
2026-04-26T17:26:00+02:00,[59],[1]
2026-04-26T17:25:00+02:00,[59],[1]
2026-04-26T17:24:00+02:00,[59],[1]
2026-04-26T17:23:00+02:00,[59],[1]
2026-04-26T17:22:00+02:00,[59],[1]
2026-04-26T17:21:00+02:00,[59],[1]
2026-04-26T17:20:00+02:00,[59],[1]
2026-04-26T17:19:00+02:00,[59],[1]
2026-04-26T17:18:00+02:00,[59],[1]
2026-04-26T17:17:00+02:00,[59],[1]
2026-04-26T17:16:00+02:00,[59],[1]
2026-04-26T17:15:00+02:00,[59],[1]
2026-04-26T17:14:00+02:00,[59],[1]
2026-04-26T17:13:00+02:00,[59],[1]
2026-04-26T17:12:00+02:00,[59],[1]
2026-04-26T17:11:00+02:00,[59],[1]
2026-04-26T17:10:00+02:00,[59],[1]
2026-04-26T17:09:00+02:00,[59],[1]
2026-04-26T17:08:00+02:00,[59],[1]
2026-04-26T17:07:00+02:00,[59],[1]
2026-04-26T17:06:00+02:00,[59],[1]
2026-04-26T17:05:00+02:00,[59],[1]
2026-04-26T17:04:00+02:00,[59],[1]
2026-04-26T17:03:00+02:00,[59],[1]
2026-04-26T17:02:00+02:00,[59],[1]
2026-04-26T17:01:00+02:00,[59],[1]
2026-04-26T17:00:00+02:00,[59],[1]
2026-04-26T16:59:00+02:00,[59],[1]
2026-04-26T16:58:00+02:00,[59],[1]
2026-04-26T16:57:00+02:00,[59],[1]
2026-04-26T16:56:00+02:00,[59],[1]
2026-04-26T16:55:00+02:00,[59],[1]
2026-04-26T16:54:00+02:00,[59],[1]
2026-04-26T16:53:00+02:00,[59],[1]
2026-04-25T17:59:00+02:00,[59],[2]
2026-04-25T17:58:00+02:00,[59],[2]
2026-04-25T17:57:00+02:00,[59],[2]
2026-04-25T17:56:00+02:00,[59],[2]
2026-04-25T17:55:00+02:00,[59],[2]
2026-04-25T17:54:00+02:00,[59],[2]
2026-04-25T17:53:00+02:00,[59],[2]
2026-04-25T17:52:00+02:00,[59],[2]
2026-04-25T17:51:00+02:00,[59],[2]
2026-04-25T17:50:00+02:00,[59],[2]
2026-04-25T17:49:00+02:00,[59],[2]
2026-04-25T17:48:00+02:00,[59],[2]
2026-04-25T17:47:00+02:00,[59],[2]
2026-04-25T17:46:00+02:00,[59],[2]
2026-04-25T17:45:00+02:00,[59],[2]
2026-04-25T17:44:00+02:00,[59],[2]
2026-04-25T17:43:00+02:00,[59],[2]
2026-04-25T17:42:00+02:00,[59],[2]
2026-04-25T17:41:00+02:00,[59],[2]
2026-04-25T17:40:00+02:00,[59],[2]
2026-04-25T17:39:00+02:00,[59],[2]
2026-04-25T17:38:00+02:00,[59],[2]
2026-04-25T17:37:00+02:00,[59],[2]
2026-04-25T17:36:00+02:00,[59],[2]
2026-04-25T17:35:00+02:00,[59],[2]
2026-04-25T17:34:00+02:00,[59],[2]
2026-04-25T17:33:00+02:00,[59],[2]
2026-04-25T17:32:00+02:00,[59],[2]
2026-04-25T17:31:00+02:00,[59],[2]
2026-04-25T17:30:00+02:00,[59],[2]
2026-04-25T17:29:00+02:00,[59],[2]
2026-04-25T17:28:00+02:00,[59],[2]
2026-04-25T17:27:00+02:00,[59],[2]
2026-04-25T17:26:00+02:00,[59],[2]
2026-04-25T17:25:00+02:00,[59],[2]
2026-04-25T17:24:00+02:00,[59],[2]
2026-04-25T17:23:00+02:00,[59],[2]
2026-04-25T17:22:00+02:00,[59],[2]
2026-04-25T17:21:00+02:00,[59],[2]
2026-04-25T17:20:00+02:00,[59],[2]
2026-04-25T17:19:00+02:00,[59],[2]
2026-04-25T17:18:00+02:00,[59],[2]
2026-04-25T17:17:00+02:00,[59],[2]
2026-04-25T17:16:00+02:00,[59],[2]
2026-04-25T17:15:00+02:00,[59],[2]
2026-04-25T17:14:00+02:00,[59],[2]
2026-04-25T17:13:00+02:00,[59],[2]
2026-04-25T17:12:00+02:00,[59],[2]
2026-04-25T17:11:00+02:00,[59],[2]
2026-04-25T17:10:00+02:00,[59],[2]
2026-04-25T17:09:00+02:00,[59],[1]
2026-04-25T17:08:00+02:00,[59],[1]
2026-04-25T17:07:00+02:00,[59],[1]
2026-04-25T17:06:00+02:00,[59],[1]
2026-04-23T17:59:00+02:00,[59],[3]
2026-04-23T17:58:00+02:00,[59],[3]
2026-04-23T17:57:00+02:00,[59],[3]
2026-04-23T17:56:00+02:00,[59],[3]
2026-04-23T17:55:00+02:00,[59],[3]
2026-04-23T17:54:00+02:00,[59],[1]
2026-04-23T17:53:00+02:00,[59],[1]
2026-04-23T17:52:00+02:00,[59],[1]
2026-04-23T17:51:00+02:00,[59],[1]
2026-04-23T17:50:00+02:00,[59],[1]
2026-04-23T17:49:00+02:00,[59],[1]
2026-04-23T17:48:00+02:00,[59],[1]
2026-04-23T17:47:00+02:00,[59],[1]
2026-04-23T17:46:00+02:00,[59],[1]
2026-04-23T17:45:00+02:00,[59],[1]
2026-04-23T17:44:00+02:00,[59],[1]
2026-04-23T17:43:00+02:00,[59],[1]
2026-04-23T17:42:00+02:00,[59],[1]
2026-04-23T17:41:00+02:00,[59],[1]
2026-04-23T17:40:00+02:00,[59],[1]
2026-04-23T17:39:00+02:00,[59],[1]
2026-04-23T17:38:00+02:00,[59],[1]
2026-04-23T17:37:00+02:00,[59],[1]
2026-04-23T17:36:00+02:00,[59],[1]
2026-04-23T17:35:00+02:00,[59],[1]
2026-04-23T17:34:00+02:00,[59],[1]
2026-04-23T17:33:00+02:00,[59],[1]
2026-04-23T17:32:00+02:00,[59],[1]
2026-04-23T17:31:00+02:00,[59],[1]
2026-04-23T17:30:00+02:00,[59],[1]
2026-04-23T17:29:00+02:00,[59],[1]
2026-04-23T17:28:00+02:00,[59],[1]
2026-04-23T17:27:00+02:00,[59],[1]
2026-04-23T17:26:00+02:00,[59],[1]
2026-04-23T17:25:00+02:00,[59],[1]
2026-04-23T17:24:00+02:00,[59],[1]
2026-04-23T17:23:00+02:00,[59],[1]
2026-04-23T17:22:00+02:00,[59],[1]
2026-04-23T17:21:00+02:00,[59],[1]
2026-04-23T17:20:00+02:00,[59],[1]
2026-04-23T17:19:00+02:00,[59],[1]
2026-04-23T17:18:00+02:00,[59],[1]
2026-04-23T17:17:00+02:00,[59],[1]
2026-04-23T17:16:00+02:00,[59],[1]
2026-04-23T17:15:00+02:00,[59],[1]
2026-04-23T17:14:00+02:00,[59],[1]
2026-04-23T17:13:00+02:00,[59],[1]
2026-04-23T17:12:00+02:00,[59],[1]
2026-04-23T17:11:00+02:00,[59],[1]
2026-04-23T17:10:00+02:00,[59],[1]
2026-04-23T17:09:00+02:00,[59],[1]
2026-04-23T17:08:00+02:00,[59],[1]
2026-04-23T17:07:00+02:00,[59],[1]
2026-04-23T17:06:00+02:00,[59],[1]
2026-04-23T17:05:00+02:00,[59],[1]
2026-04-23T17:04:00+02:00,[59],[1]
2026-04-23T17:03:00+02:00,[59],[1]
2026-04-23T17:02:00+02:00,[59],[2]
2026-04-23T17:01:00+02:00,[59],[2]
2026-04-23T17:00:00+02:00,[59],[2]
2026-04-23T16:59:00+02:00,[59],[2]
2026-04-23T16:58:00+02:00,[59],[2]
2026-04-23T16:57:00+02:00,[59],[2]
2026-04-23T16:56:00+02:00,[59],[2]
2026-04-23T16:55:00+02:00,[59],[2]
2026-04-23T16:54:00+02:00,[59],[2]
2026-04-23T16:53:00+02:00,[59],[2]
2026-04-23T16:52:00+02:00,[59],[2]
2026-04-23T16:51:00+02:00,[59],[2]
2026-04-23T16:50:00+02:00,[59],[2]
2026-04-23T16:49:00+02:00,[59],[2]
2026-04-23T16:48:00+02:00,[59],[2]
2026-04-23T16:47:00+02:00,[59],[2]
2026-04-23T16:46:00+02:00,[59],[1]
2026-04-23T16:45:00+02:00,[59],[1]
2026-04-23T16:44:00+02:00,[59],[1]
2026-04-23T16:43:00+02:00,[59],[1]
2026-04-23T16:42:00+02:00,[59],[1]
2026-04-23T16:41:00+02:00,[59],[1]
2026-04-23T16:40:00+02:00,[59],[1]
2026-04-23T16:39:00+02:00,[59],[1]
2026-04-23T16:38:00+02:00,[59],[1]
2026-04-23T16:37:00+02:00,[59],[1]
2026-04-23T16:36:00+02:00,[59],[1]
2026-04-23T16:35:00+02:00,[59],[1]
2026-04-23T16:34:00+02:00,[59],[1]
2026-04-23T16:33:00+02:00,[59],[1]
2026-04-23T16:32:00+02:00,[59],[1]
2026-04-23T16:31:00+02:00,[59],[1]
2026-04-23T16:30:00+02:00,[59],[1]
2026-04-23T16:29:00+02:00,[59],[1]
2026-04-23T16:28:00+02:00,[59],[1]
2026-04-23T16:27:00+02:00,[59],[1]
2026-04-23T16:26:00+02:00,[59],[1]
2026-04-23T16:25:00+02:00,[59],[1]
2026-04-23T16:24:00+02:00,[59],[1]
2026-04-23T16:23:00+02:00,[59],[1]
2026-04-23T16:22:00+02:00,[59],[1]
2026-04-23T16:21:00+02:00,[59],[1]
2026-04-23T16:20:00+02:00,[59],[1]
2026-04-23T16:19:00+02:00,[59],[1]
2026-04-23T16:18:00+02:00,[59],[1]
2026-04-23T16:17:00+02:00,[59],[1]
2026-04-23T16:16:00+02:00,[59],[1]
2026-04-23T16:15:00+02:00,[59],[1]
2026-04-23T16:14:00+02:00,[59],[1]
2026-04-23T16:13:00+02:00,[59],[1]
2026-04-23T16:12:00+02:00,[59],[1]
2026-04-23T16:11:00+02:00,[59],[1]
2026-04-23T16:10:00+02:00,[59],[1]
2026-04-23T16:09:00+02:00,[59],[1]
2026-04-23T16:08:00+02:00,[59],[1]
2026-04-23T16:07:00+02:00,[59],[1]
2026-04-23T16:06:00+02:00,[59],[1]
2026-04-23T16:05:00+02:00,[59],[1]
2026-04-23T16:04:00+02:00,[59],[1]
2026-04-23T16:03:00+02:00,[59],[1]
2026-04-23T16:02:00+02:00,[59],[1]
2026-04-23T16:01:00+02:00,[59],[1]
2026-04-23T16:00:00+02:00,[59],[1]
2026-04-23T15:59:00+02:00,[59],[1]
2026-04-23T15:58:00+02:00,[59],[1]
2026-04-23T15:57:00+02:00,[59],[1]
2026-04-23T15:56:00+02:00,[59],[1]
2026-04-23T15:55:00+02:00,[59],[1]
2026-04-23T15:54:00+02:00,[59],[1]
2026-04-23T15:53:00+02:00,[59],[1]
2026-04-23T15:52:00+02:00,[59],[1]
2026-04-23T15:51:00+02:00,[59],[1]
2026-04-23T15:50:00+02:00,[59],[1]
2026-04-23T15:49:00+02:00,[59],[1]
2026-04-23T15:48:00+02:00,[59],[1]
2026-04-23T15:47:00+02:00,[59],[1]
2026-04-23T15:46:00+02:00,[59],[1]
2026-04-23T15:45:00+02:00,[59],[1]
2026-04-23T15:44:00+02:00,[59],[1]
2026-04-23T15:43:00+02:00,[59],[1]
2026-04-23T15:42:00+02:00,[59],[1]
2026-04-23T15:41:00+02:00,[59],[1]
2026-04-23T12:45:00+02:00,"[240,600,600,480,60,540,180,660,540]","[0,1,2,2,2,1,1,3,2]"
2026-04-21T17:59:00+02:00,[59],[2]
2026-04-21T17:58:00+02:00,[59],[2]
2026-04-21T17:57:00+02:00,[59],[2]
2026-04-21T17:56:00+02:00,[59],[2]
2026-04-21T17:55:00+02:00,[59],[2]
2026-04-21T17:54:00+02:00,[59],[2]
2026-04-21T17:53:00+02:00,[59],[2]
2026-04-21T17:52:00+02:00,[59],[2]
2026-04-21T17:51:00+02:00,[59],[2]
2026-04-21T17:50:00+02:00,[59],[2]
2026-04-21T17:49:00+02:00,[59],[2]
2026-04-21T17:48:00+02:00,[59],[2]
2026-04-21T17:47:00+02:00,[59],[2]
2026-04-21T17:46:00+02:00,[59],[2]
2026-04-21T17:45:00+02:00,[59],[2]
2026-04-21T17:44:00+02:00,[59],[2]
2026-04-21T17:43:00+02:00,[59],[2]
2026-04-21T17:42:00+02:00,[59],[2]
2026-04-21T17:41:00+02:00,[59],[2]
2026-04-21T17:40:00+02:00,[59],[2]
2026-04-21T17:39:00+02:00,[59],[2]
2026-04-21T17:38:00+02:00,[59],[2]
2026-04-21T17:37:00+02:00,[59],[2]
2026-04-21T17:36:00+02:00,[59],[2]
2026-04-21T17:35:00+02:00,[59],[2]
2026-04-21T17:34:00+02:00,[59],[3]
2026-04-21T17:33:00+02:00,[59],[3]
2026-04-21T17:32:00+02:00,[59],[3]
2026-04-21T17:31:00+02:00,[59],[3]
2026-04-20T17:33:00+02:00,[59],[1]
2026-04-20T17:32:00+02:00,[59],[1]
2026-04-20T17:31:00+02:00,[59],[1]
2026-04-20T17:30:00+02:00,[59],[1]
2026-04-20T17:29:00+02:00,[59],[1]
2026-04-20T17:28:00+02:00,[59],[1]
2026-04-20T17:27:00+02:00,[59],[1]
2026-04-20T17:26:00+02:00,[59],[1]
2026-04-20T17:25:00+02:00,[59],[1]
2026-04-20T17:24:00+02:00,[59],[1]
2026-04-20T17:23:00+02:00,[59],[1]
2026-04-20T17:22:00+02:00,[59],[0]
2026-04-20T17:21:00+02:00,[59],[0]
2026-04-20T17:20:00+02:00,[59],[0]
2026-04-20T17:17:00+02:00,[59],[0]
2026-04-20T17:16:00+02:00,[59],[0]
2026-04-20T17:15:00+02:00,[59],[0]
2026-04-20T17:14:00+02:00,[59],[0]
2026-04-20T17:13:00+02:00,[59],[0]
2026-04-20T17:12:00+02:00,[59],[0]
2026-04-20T17:11:00+02:00,[59],[0]
2026-04-20T17:10:00+02:00,[59],[0]
2026-04-20T17:09:00+02:00,[59],[0]
2026-04-20T17:08:00+02:00,[59],[0]
2026-04-20T17:07:00+02:00,[59],[0]
2026-04-20T17:06:00+02:00,[59],[0]
2026-04-20T17:05:00+02:00,[59],[0]
2026-04-20T17:04:00+02:00,[59],[0]
2026-04-20T17:03:00+02:00,[59],[0]
2026-04-20T17:02:00+02:00,[59],[0]
2026-04-20T17:01:00+02:00,[59],[0]
2026-04-20T17:00:00+02:00,[59],[0]
2026-04-20T16:59:00+02:00,[59],[0]
2026-04-20T16:58:00+02:00,[59],[0]
2026-04-20T16:57:00+02:00,[59],[0]
2026-04-20T16:56:00+02:00,[59],[0]
2026-04-20T16:55:00+02:00,[59],[0]
2026-04-20T16:54:00+02:00,[59],[0]
2026-04-20T16:53:00+02:00,[59],[0]
2026-04-20T16:52:00+02:00,[59],[1]
2026-04-20T16:51:00+02:00,[59],[1]
2026-04-20T16:50:00+02:00,[59],[1]
2026-04-20T16:49:00+02:00,[59],[1]
2026-04-20T16:48:00+02:00,[59],[1]
2026-04-20T16:47:00+02:00,[59],[1]
2026-04-20T16:46:00+02:00,[59],[1]
2026-04-20T16:45:00+02:00,[59],[1]
2026-04-20T16:44:00+02:00,[59],[1]
2026-04-20T16:43:00+02:00,[59],[1]
2026-04-20T16:42:00+02:00,[59],[1]
2026-04-20T16:41:00+02:00,[59],[1]
2026-04-20T16:40:00+02:00,[59],[1]
2026-04-20T16:39:00+02:00,[59],[1]
2026-04-20T16:38:00+02:00,[59],[1]
2026-04-20T16:37:00+02:00,[59],[1]
2026-04-20T16:36:00+02:00,[59],[1]
2026-04-20T16:35:00+02:00,[59],[1]
2026-04-20T16:34:00+02:00,[59],[1]
2026-04-20T16:33:00+02:00,[59],[1]
2026-04-20T16:32:00+02:00,[59],[1]
2026-04-20T16:31:00+02:00,[59],[1]
2026-04-20T16:30:00+02:00,[59],[1]
2026-04-20T16:29:00+02:00,[59],[1]
2026-04-20T16:28:00+02:00,[59],[1]
2026-04-20T16:27:00+02:00,[59],[1]
2026-04-20T16:26:00+02:00,[59],[1]
2026-04-20T16:25:00+02:00,[59],[1]
2026-04-20T16:24:00+02:00,[59],[1]
2026-04-20T16:23:00+02:00,[59],[0]
2026-04-20T16:22:00+02:00,[59],[0]
2026-04-20T16:21:00+02:00,[59],[0]
2026-04-20T16:20:00+02:00,[59],[0]
2026-04-20T16:19:00+02:00,[59],[0]
2026-04-20T16:18:00+02:00,[59],[0]
2026-04-20T16:17:00+02:00,[59],[0]
2026-04-20T16:16:00+02:00,[59],[0]
2026-04-20T16:15:00+02:00,[59],[0]
2026-04-20T16:14:00+02:00,[59],[0]
2026-04-20T16:13:00+02:00,[59],[0]
2026-04-20T16:12:00+02:00,[59],[0]
2026-04-20T16:11:00+02:00,[59],[0]
2026-04-20T16:10:00+02:00,[59],[0]
2026-04-20T16:09:00+02:00,[59],[0]
2026-04-20T16:08:00+02:00,[59],[0]
2026-04-20T16:07:00+02:00,[59],[0]
2026-04-20T16:06:00+02:00,[59],[0]
2026-04-20T16:05:00+02:00,[59],[0]
2026-04-20T16:04:00+02:00,[59],[0]
2026-04-20T16:03:00+02:00,[59],[0]
2026-04-20T04:26:00+02:00,"[240,840,480,360,300,300,660,360,480,300,900]","[0,1,2,0,1,2,0,1,1,2,1]"
2026-04-19T17:59:00+02:00,[59],[2]
2026-04-19T17:58:00+02:00,[59],[2]
2026-04-19T17:57:00+02:00,[59],[2]
2026-04-19T17:56:00+02:00,[59],[2]
2026-04-19T17:55:00+02:00,[59],[2]
2026-04-19T17:54:00+02:00,[59],[2]
2026-04-19T17:53:00+02:00,[59],[2]
2026-04-19T17:52:00+02:00,[59],[2]
2026-04-19T17:51:00+02:00,[59],[2]
2026-04-19T17:50:00+02:00,[59],[2]
2026-04-19T17:49:00+02:00,[59],[2]
2026-04-19T17:48:00+02:00,[59],[2]
2026-04-19T17:47:00+02:00,[59],[2]
2026-04-19T17:46:00+02:00,[59],[2]
2026-04-19T17:45:00+02:00,[59],[2]
2026-04-19T17:44:00+02:00,[59],[2]
2026-04-19T17:43:00+02:00,[59],[1]
2026-04-19T17:42:00+02:00,[59],[1]
2026-04-19T17:41:00+02:00,[59],[1]
2026-04-19T17:40:00+02:00,[59],[1]
2026-04-19T17:39:00+02:00,[59],[1]
2026-04-19T17:38:00+02:00,[59],[1]
2026-04-19T17:37:00+02:00,[59],[1]
2026-04-19T17:36:00+02:00,[59],[1]
2026-04-19T17:35:00+02:00,[59],[1]
2026-04-19T17:34:00+02:00,[59],[1]
2026-04-18T17:59:00+02:00,[59],[1]
2026-04-18T17:58:00+02:00,[59],[1]
2026-04-18T17:57:00+02:00,[59],[1]
2026-04-18T17:56:00+02:00,[59],[1]
2026-04-18T17:55:00+02:00,[59],[1]
2026-04-18T17:54:00+02:00,[59],[1]
2026-04-18T17:53:00+02:00,[59],[1]
2026-04-18T17:52:00+02:00,[59],[1]
2026-04-18T17:51:00+02:00,[59],[1]
2026-04-16T17:59:00+02:00,[59],[1]
2026-04-16T17:58:00+02:00,[59],[1]
2026-04-16T17:57:00+02:00,[59],[1]
2026-04-16T17:56:00+02:00,[59],[1]
2026-04-16T17:55:00+02:00,[59],[1]
2026-04-16T17:54:00+02:00,[59],[1]
2026-04-16T17:53:00+02:00,[59],[1]
2026-04-16T17:52:00+02:00,[59],[1]
2026-04-16T17:51:00+02:00,[59],[2]
2026-04-16T17:50:00+02:00,[59],[2]
2026-04-16T17:49:00+02:00,[59],[2]
2026-04-16T17:48:00+02:00,[59],[2]
2026-04-16T17:47:00+02:00,[59],[2]
2026-04-16T17:46:00+02:00,[59],[2]
2026-04-16T17:45:00+02:00,[59],[2]
2026-04-16T17:44:00+02:00,[59],[2]
2026-04-16T17:43:00+02:00,[59],[2]
2026-04-16T17:42:00+02:00,[59],[2]
2026-04-16T17:41:00+02:00,[59],[3]
2026-04-16T17:40:00+02:00,[59],[3]
2026-04-16T17:39:00+02:00,[59],[3]
2026-04-16T17:38:00+02:00,[59],[3]
2026-04-16T17:37:00+02:00,[59],[3]
2026-04-16T17:36:00+02:00,[59],[3]
2026-04-16T17:35:00+02:00,[59],[3]
2026-04-16T17:34:00+02:00,[59],[3]
2026-04-16T17:33:00+02:00,[59],[3]
2026-04-16T17:32:00+02:00,[59],[3]
2026-04-16T17:31:00+02:00,[59],[3]
2026-04-16T17:30:00+02:00,[59],[3]
2026-04-16T17:29:00+02:00,[59],[3]
2026-04-16T17:28:00+02:00,[59],[3]
2026-04-16T17:27:00+02:00,[59],[3]
2026-04-16T17:26:00+02:00,[59],[3]
2026-04-16T17:25:00+02:00,[59],[3]
2026-04-16T17:24:00+02:00,[59],[3]
2026-04-16T17:23:00+02:00,[59],[3]
2026-04-16T17:22:00+02:00,[59],[3]
2026-04-16T17:21:00+02:00,[59],[3]
2026-04-16T17:20:00+02:00,[59],[3]
2026-04-16T17:19:00+02:00,[59],[1]
2026-04-16T17:18:00+02:00,[59],[1]
2026-04-16T17:17:00+02:00,[59],[1]
2026-04-16T17:16:00+02:00,[59],[1]
2026-04-16T17:15:00+02:00,[59],[1]
2026-04-16T17:14:00+02:00,[59],[1]
2026-04-16T17:13:00+02:00,[59],[1]
2026-04-16T17:12:00+02:00,[59],[1]
2026-04-16T17:11:00+02:00,[59],[1]
2026-04-16T17:10:00+02:00,[59],[1]
2026-04-16T17:09:00+02:00,[59],[1]
2026-04-16T17:08:00+02:00,[59],[1]
2026-04-16T17:07:00+02:00,[59],[1]
2026-04-16T17:06:00+02:00,[59],[1]
2026-04-16T17:05:00+02:00,[59],[1]
2026-04-16T17:04:00+02:00,[59],[1]
2026-04-16T17:03:00+02:00,[59],[1]
2026-04-16T17:01:00+02:00,[59],[1]
2026-04-16T17:00:00+02:00,[59],[1]
2026-04-16T16:59:00+02:00,[59],[1]
2026-04-16T16:58:00+02:00,[59],[1]
2026-04-16T16:57:00+02:00,[59],[1]
2026-04-16T16:56:00+02:00,[59],[1]
2026-04-16T16:55:00+02:00,[59],[1]
2026-04-16T16:54:00+02:00,[59],[1]
2026-04-16T16:53:00+02:00,[59],[2]
2026-04-16T16:52:00+02:00,[59],[2]
2026-04-16T16:51:00+02:00,[59],[2]
2026-04-16T16:50:00+02:00,[59],[2]
2026-04-16T16:49:00+02:00,[59],[2]
2026-04-16T16:48:00+02:00,[59],[2]
2026-04-16T16:47:00+02:00,[59],[2]
2026-04-16T16:46:00+02:00,[59],[2]
2026-04-16T16:45:00+02:00,[59],[2]
2026-04-16T16:44:00+02:00,[59],[2]
2026-04-16T16:43:00+02:00,[59],[2]
2026-04-16T16:42:00+02:00,[59],[2]
2026-04-16T16:41:00+02:00,[59],[1]
2026-04-16T16:40:00+02:00,[59],[1]
2026-04-16T16:39:00+02:00,[59],[1]
2026-04-16T16:38:00+02:00,[59],[1]
2026-04-16T16:37:00+02:00,[59],[1]
2026-04-16T16:36:00+02:00,[59],[1]
2026-04-16T16:35:00+02:00,[59],[1]
2026-04-16T16:34:00+02:00,[59],[1]
2026-04-16T16:33:00+02:00,[59],[1]
2026-04-16T16:32:00+02:00,[59],[1]
2026-04-16T16:31:00+02:00,[59],[1]
2026-04-16T16:30:00+02:00,[59],[1]
2026-04-16T16:29:00+02:00,[59],[1]
2026-04-16T16:28:00+02:00,[59],[1]
2026-04-16T16:27:00+02:00,[59],[1]
2026-04-16T16:26:00+02:00,[59],[1]
2026-04-16T16:25:00+02:00,[59],[1]
2026-04-15T17:59:00+02:00,[59],[1]
2026-04-15T17:58:00+02:00,[59],[1]
2026-04-15T17:57:00+02:00,[59],[1]
2026-04-15T17:56:00+02:00,[59],[1]
2026-04-15T17:55:00+02:00,[59],[1]
2026-04-15T17:54:00+02:00,[59],[1]
2026-04-15T17:53:00+02:00,[59],[1]
2026-04-15T17:52:00+02:00,[59],[1]
2026-04-15T17:51:00+02:00,[59],[1]
2026-04-15T17:50:00+02:00,[59],[1]
2026-04-15T17:49:00+02:00,[59],[1]
2026-04-15T17:48:00+02:00,[59],[1]
2026-04-15T17:47:00+02:00,[59],[1]
2026-04-15T17:46:00+02:00,[59],[1]
2026-04-15T17:45:00+02:00,[59],[1]
2026-04-15T17:44:00+02:00,[59],[1]
2026-04-15T17:43:00+02:00,[59],[1]
2026-04-15T17:42:00+02:00,[59],[1]
2026-04-15T17:41:00+02:00,[59],[1]
2026-04-15T17:40:00+02:00,[59],[1]
2026-04-15T17:39:00+02:00,[59],[1]
2026-04-15T17:38:00+02:00,[59],[1]
2026-04-15T17:37:00+02:00,[59],[1]
2026-04-15T17:36:00+02:00,[59],[1]
2026-04-15T17:35:00+02:00,[59],[1]
2026-04-15T17:34:00+02:00,[59],[1]
2026-04-15T17:33:00+02:00,[59],[1]
2026-04-15T17:32:00+02:00,[59],[1]
2026-04-15T17:31:00+02:00,[59],[1]
2026-04-15T17:30:00+02:00,[59],[2]
2026-04-15T17:29:00+02:00,[59],[2]
2026-04-15T17:28:00+02:00,[59],[2]
2026-04-15T17:27:00+02:00,[59],[2]
2026-04-15T17:26:00+02:00,[59],[2]
2026-04-15T17:25:00+02:00,[59],[2]
2026-04-15T17:24:00+02:00,[59],[2]
2026-04-15T17:23:00+02:00,[59],[2]
2026-04-15T17:22:00+02:00,[59],[2]
2026-04-15T17:21:00+02:00,[59],[2]
2026-04-15T17:20:00+02:00,[59],[2]
2026-04-15T17:19:00+02:00,[59],[2]
2026-04-15T17:18:00+02:00,[59],[2]
2026-04-15T17:17:00+02:00,[59],[1]
2026-04-15T17:16:00+02:00,[59],[1]
2026-04-15T17:15:00+02:00,[59],[1]
2026-04-15T17:14:00+02:00,[59],[1]
2026-04-15T17:13:00+02:00,[59],[1]
2026-04-15T17:12:00+02:00,[59],[1]
2026-04-15T17:11:00+02:00,[59],[1]
2026-04-15T17:10:00+02:00,[59],[1]
2026-04-15T17:09:00+02:00,[59],[1]
2026-04-13T17:59:00+02:00,[59],[2]
2026-04-13T17:58:00+02:00,[59],[2]
2026-04-13T17:57:00+02:00,[59],[2]
2026-04-13T17:56:00+02:00,[59],[2]
2026-04-13T17:55:00+02:00,[59],[2]
2026-04-13T17:54:00+02:00,[59],[1]
2026-04-13T17:53:00+02:00,[59],[1]
2026-04-13T17:52:00+02:00,[59],[1]
2026-04-13T17:51:00+02:00,[59],[1]
2026-04-13T17:50:00+02:00,[59],[1]
2026-04-13T17:49:00+02:00,[59],[1]
2026-04-13T17:48:00+02:00,[59],[1]
2026-04-13T17:47:00+02:00,[59],[1]
2026-04-13T17:46:00+02:00,[59],[1]
2026-04-13T17:45:00+02:00,[59],[1]
2026-04-13T17:44:00+02:00,[59],[1]
2026-04-13T17:43:00+02:00,[59],[1]
2026-04-13T17:42:00+02:00,[59],[1]
2026-04-13T17:41:00+02:00,[59],[1]
2026-04-13T17:40:00+02:00,[59],[1]
2026-04-13T17:39:00+02:00,[59],[1]
2026-04-13T17:38:00+02:00,[59],[1]
2026-04-13T17:37:00+02:00,[59],[1]
2026-04-13T17:36:00+02:00,[59],[1]
2026-04-13T17:35:00+02:00,[59],[1]
2026-04-13T17:34:00+02:00,[59],[1]
2026-04-13T17:33:00+02:00,[59],[1]
2026-04-13T17:32:00+02:00,[59],[1]
2026-04-13T17:31:00+02:00,[59],[1]
2026-04-13T17:30:00+02:00,[59],[1]
2026-04-13T17:29:00+02:00,[59],[1]
2026-04-13T17:28:00+02:00,[59],[1]
2026-04-13T17:27:00+02:00,[59],[1]
2026-04-13T17:26:00+02:00,[59],[1]
2026-04-13T17:25:00+02:00,[59],[2]
2026-04-13T17:24:00+02:00,[59],[2]
2026-04-13T17:23:00+02:00,[59],[2]
2026-04-13T17:22:00+02:00,[59],[2]
2026-04-13T17:21:00+02:00,[59],[2]
2026-04-13T17:20:00+02:00,[59],[2]
2026-04-13T17:19:00+02:00,[59],[2]
2026-04-13T17:18:00+02:00,[59],[2]
2026-04-13T17:17:00+02:00,[59],[2]
2026-04-13T17:16:00+02:00,[59],[2]
2026-04-13T17:15:00+02:00,[59],[2]
2026-04-13T17:14:00+02:00,[59],[2]
2026-04-13T17:13:00+02:00,[59],[2]
2026-04-13T17:12:00+02:00,[59],[2]
2026-04-13T17:11:00+02:00,[59],[2]
2026-04-13T17:10:00+02:00,[59],[2]
2026-04-13T17:08:00+02:00,[59],[1]
2026-04-13T17:07:00+02:00,[59],[1]
2026-04-13T17:06:00+02:00,[59],[1]
2026-04-13T17:05:00+02:00,[59],[1]
2026-04-13T17:04:00+02:00,[59],[1]
2026-04-13T17:03:00+02:00,[59],[1]
2026-04-13T17:02:00+02:00,[59],[1]
2026-04-13T17:01:00+02:00,[59],[1]
2026-04-13T17:00:00+02:00,[59],[1]
2026-04-13T16:59:00+02:00,[59],[1]
2026-04-13T16:58:00+02:00,[59],[1]
2026-04-13T16:57:00+02:00,[59],[2]
2026-04-13T16:56:00+02:00,[59],[2]
2026-04-13T16:55:00+02:00,[59],[2]
2026-04-13T16:54:00+02:00,[59],[2]
2026-04-13T16:53:00+02:00,[59],[2]
2026-04-13T16:52:00+02:00,[59],[2]
2026-04-13T16:51:00+02:00,[59],[2]
2026-04-13T16:50:00+02:00,[59],[2]
2026-04-13T16:49:00+02:00,[59],[2]
2026-04-13T16:48:00+02:00,[59],[2]
2026-04-13T16:47:00+02:00,[59],[2]
2026-04-13T16:46:00+02:00,[59],[2]
2026-04-13T16:45:00+02:00,[59],[2]
2026-04-13T16:44:00+02:00,[59],[2]
2026-04-13T16:43:00+02:00,[59],[1]
2026-04-13T16:42:00+02:00,[59],[1]
2026-04-13T16:41:00+02:00,[59],[1]
2026-04-13T16:40:00+02:00,[59],[1]
2026-04-13T16:39:00+02:00,[59],[1]
2026-04-13T16:38:00+02:00,[59],[1]
2026-04-13T16:37:00+02:00,[59],[1]
2026-04-12T17:59:00+02:00,[59],[1]
2026-04-12T17:58:00+02:00,[59],[1]
2026-04-12T17:57:00+02:00,[59],[1]
2026-04-12T17:56:00+02:00,[59],[1]
2026-04-12T17:55:00+02:00,[59],[1]
2026-04-12T17:54:00+02:00,[59],[1]
2026-04-12T17:53:00+02:00,[59],[1]
2026-04-12T17:52:00+02:00,[59],[1]
2026-04-12T17:51:00+02:00,[59],[1]
2026-04-12T17:50:00+02:00,[59],[1]
2026-04-12T17:49:00+02:00,[59],[1]
2026-04-12T17:48:00+02:00,[59],[1]
2026-04-12T17:47:00+02:00,[59],[1]
2026-04-12T17:46:00+02:00,[59],[1]
2026-04-12T17:45:00+02:00,[59],[1]
2026-04-12T17:44:00+02:00,[59],[1]
2026-04-12T17:43:00+02:00,[59],[1]
2026-04-12T17:42:00+02:00,[59],[1]
2026-04-12T17:41:00+02:00,[59],[1]
2026-04-12T17:40:00+02:00,[59],[1]
2026-04-12T17:39:00+02:00,[59],[1]
2026-04-12T17:38:00+02:00,[59],[1]
2026-04-12T17:37:00+02:00,[59],[2]
2026-04-12T17:36:00+02:00,[59],[2]
2026-04-12T17:35:00+02:00,[59],[2]
2026-04-12T17:34:00+02:00,[59],[2]
2026-04-12T17:33:00+02:00,[59],[2]
2026-04-12T17:32:00+02:00,[59],[2]
2026-04-12T17:31:00+02:00,[59],[2]
2026-04-12T17:30:00+02:00,[59],[2]
2026-04-12T17:29:00+02:00,[59],[2]
2026-04-12T17:28:00+02:00,[59],[2]
2026-04-12T17:27:00+02:00,[59],[2]
2026-04-12T17:26:00+02:00,[59],[2]
2026-04-12T17:25:00+02:00,[59],[2]
2026-04-12T17:24:00+02:00,[59],[2]
2026-04-12T17:23:00+02:00,[59],[2]
2026-04-12T17:22:00+02:00,[59],[2]
2026-04-12T17:21:00+02:00,[59],[2]
2026-04-12T17:20:00+02:00,[59],[2]
2026-04-12T17:19:00+02:00,[59],[2]
2026-04-12T17:18:00+02:00,[59],[2]
2026-04-12T17:17:00+02:00,[59],[2]
2026-04-12T17:16:00+02:00,[59],[2]
2026-04-12T17:15:00+02:00,[59],[2]
2026-04-12T17:14:00+02:00,[59],[1]
2026-04-12T17:13:00+02:00,[59],[1]
2026-04-12T17:12:00+02:00,[59],[1]
2026-04-12T17:11:00+02:00,[59],[1]
2026-04-12T17:10:00+02:00,[59],[1]
2026-04-12T17:09:00+02:00,[59],[1]
2026-04-12T17:08:00+02:00,[59],[1]
2026-04-12T17:07:00+02:00,[59],[1]
2026-04-12T17:06:00+02:00,[59],[1]
2026-04-12T17:05:00+02:00,[59],[1]
2026-04-12T17:04:00+02:00,[59],[1]
2026-04-12T17:03:00+02:00,[59],[1]
2026-04-12T17:01:00+02:00,[59],[1]
2026-04-11T17:32:00+02:00,[5520],[2]
2026-04-11T17:59:00+02:00,[59],[2]
2026-04-11T17:58:00+02:00,[59],[2]
2026-04-11T17:57:00+02:00,[59],[2]
2026-04-11T17:56:00+02:00,[59],[2]
2026-04-11T17:55:00+02:00,[59],[2]
2026-04-11T17:54:00+02:00,[59],[2]
2026-04-11T17:53:00+02:00,[59],[2]
2026-04-11T17:52:00+02:00,[59],[2]
2026-04-11T17:51:00+02:00,[59],[2]
2026-04-11T17:50:00+02:00,[59],[2]
2026-04-11T17:49:00+02:00,[59],[2]
2026-04-11T17:48:00+02:00,[59],[2]
2026-04-11T17:47:00+02:00,[59],[1]
2026-04-11T17:46:00+02:00,[59],[1]
2026-04-11T17:45:00+02:00,[59],[1]
2026-04-11T17:44:00+02:00,[59],[1]
2026-04-11T17:43:00+02:00,[59],[0]
2026-04-11T17:42:00+02:00,[59],[0]
2026-04-11T17:41:00+02:00,[59],[0]
2026-04-11T17:40:00+02:00,[59],[0]
2026-04-11T17:39:00+02:00,[59],[0]
2026-04-11T17:38:00+02:00,[59],[0]
2026-04-11T17:37:00+02:00,[59],[0]
2026-04-11T17:36:00+02:00,[59],[0]
2026-04-11T17:35:00+02:00,[59],[0]
2026-04-11T17:34:00+02:00,[59],[0]
2026-04-11T17:33:00+02:00,[59],[0]
2026-04-11T17:32:00+02:00,[59],[0]
2026-04-11T17:27:00+02:00,[299],[1]
2026-04-11T17:21:00+02:00,[359],[0]
2026-04-11T17:20:00+02:00,[59],[0]
2026-04-11T17:15:00+02:00,[299],[1]
2026-04-11T17:05:00+02:00,[599],[0]
2026-04-11T17:01:00+02:00,[239],[3]
2026-04-11T16:58:00+02:00,[179],[3]
2026-04-11T16:53:00+02:00,[299],[2]
2026-04-11T16:52:00+02:00,[59],[2]
2026-04-11T16:47:00+02:00,[299],[3]
2026-04-11T16:32:00+02:00,[899],[0]
2026-04-11T16:25:01+02:00,[418],[1]
2026-04-11T16:22:00+02:00,[180],[1]
2026-04-11T16:19:00+02:00,[179],[1]
2026-04-11T16:18:00+02:00,[59],[1]
2026-04-11T15:53:00+02:00,[1499],[1]
2026-04-11T15:49:00+02:00,"[240,1500,60,180,181,419,900,300,60,300,180,240,600,300,60,360,300]","[0,1,1,1,1,1,0,3,2,2,3,3,0,1,0,0,1]"
2026-04-10T16:34:00+02:00,"[240,780,540,240,60,420,180,180,840,60,120,60]","[0,1,2,3,3,1,1,1,1,1,1,1]"
2026-04-09T17:59:00+02:00,[59],[1]
2026-04-09T17:58:00+02:00,[59],[1]
2026-04-09T17:57:00+02:00,[59],[1]
2026-04-09T17:56:00+02:00,[59],[1]
2026-04-09T17:55:00+02:00,[59],[1]
2026-04-09T17:54:00+02:00,[59],[1]
2026-04-09T17:53:00+02:00,[59],[1]
2026-04-09T17:52:00+02:00,[59],[1]
2026-04-09T17:51:00+02:00,[59],[1]
2026-04-09T17:50:00+02:00,[59],[1]
2026-04-09T17:49:00+02:00,[59],[1]
2026-04-09T17:48:00+02:00,[59],[1]
2026-04-09T17:47:00+02:00,[59],[1]
2026-04-09T17:46:00+02:00,[59],[1]
2026-04-09T17:45:00+02:00,[59],[1]
2026-04-09T17:44:00+02:00,[59],[1]
2026-04-09T17:43:00+02:00,[59],[1]
2026-04-09T17:42:00+02:00,[59],[1]
2026-04-09T17:41:00+02:00,[59],[1]
2026-04-09T17:40:00+02:00,[59],[1]
2026-04-09T17:39:00+02:00,[59],[1]
2026-04-09T17:38:00+02:00,[59],[1]
2026-04-09T17:37:00+02:00,[59],[1]
2026-04-09T17:36:00+02:00,[59],[1]
2026-04-09T17:35:00+02:00,[59],[2]
2026-04-09T17:34:00+02:00,[59],[2]
2026-04-09T17:33:00+02:00,[59],[2]
2026-04-09T17:32:00+02:00,[59],[2]
2026-04-09T17:31:00+02:00,[59],[2]
2026-04-09T17:30:00+02:00,[59],[2]
2026-04-09T17:29:00+02:00,[59],[2]
2026-04-09T17:28:00+02:00,[59],[2]
2026-04-09T17:27:00+02:00,[59],[2]
2026-04-09T17:26:00+02:00,[59],[2]
2026-04-09T17:25:00+02:00,[59],[2]
2026-04-09T17:24:00+02:00,[59],[1]
2026-04-09T17:23:00+02:00,[59],[1]
2026-04-09T17:22:00+02:00,[59],[1]
2026-04-09T17:21:00+02:00,[59],[1]
2026-04-09T17:20:00+02:00,[59],[1]
2026-04-09T17:19:00+02:00,[59],[1]
2026-04-09T17:18:00+02:00,[59],[1]
2026-04-09T17:17:00+02:00,[59],[1]
2026-04-09T17:16:00+02:00,[59],[1]
2026-04-09T17:15:00+02:00,[59],[1]
2026-04-09T17:14:00+02:00,[59],[1]
2026-04-09T17:13:00+02:00,[59],[1]
2026-04-09T17:12:00+02:00,[59],[1]
2026-04-09T15:52:00+02:00,"[420,300]","[2,3]"
2026-04-09T15:20:00+02:00,[1920],[3]
2026-04-09T14:07:00+02:00,"[240,480,721,59,180,480,120,300,300,720,360,120,300]","[0,1,2,2,1,1,1,0,1,3,3,1,1]"
2026-04-08T17:59:00+02:00,[59],[1]
2026-04-08T17:58:00+02:00,[59],[1]
2026-04-08T17:57:00+02:00,[59],[1]
2026-04-08T17:56:00+02:00,[59],[1]
2026-04-08T17:55:00+02:00,[59],[1]
2026-04-08T17:54:00+02:00,[59],[1]
2026-04-08T17:53:00+02:00,[59],[1]
2026-04-08T17:52:00+02:00,[59],[1]
2026-04-08T17:51:00+02:00,[59],[1]
2026-04-08T17:50:00+02:00,[59],[1]
2026-04-08T17:49:00+02:00,[59],[1]
2026-04-08T17:48:00+02:00,[59],[1]
2026-04-08T17:47:00+02:00,[59],[1]
2026-04-08T17:46:00+02:00,[59],[1]
2026-04-08T17:45:00+02:00,[59],[1]
2026-04-08T17:44:00+02:00,[59],[1]
2026-04-08T17:43:00+02:00,[59],[1]
2026-04-08T17:42:00+02:00,[59],[1]
2026-04-08T17:41:00+02:00,[59],[1]
2026-04-08T17:40:00+02:00,[59],[1]
2026-04-08T17:39:00+02:00,[59],[1]
2026-04-08T17:38:00+02:00,[59],[1]
2026-04-08T17:37:00+02:00,[59],[1]
2026-04-08T17:36:00+02:00,[59],[1]
2026-04-08T17:35:00+02:00,[59],[1]
2026-04-08T17:34:00+02:00,[59],[1]
2026-04-08T17:33:00+02:00,[59],[1]
2026-04-08T17:32:00+02:00,[59],[1]
2026-04-08T17:31:00+02:00,[59],[1]
2026-04-08T17:30:00+02:00,[59],[1]
2026-04-08T17:29:00+02:00,[59],[1]
2026-04-08T17:28:00+02:00,[59],[1]
2026-04-08T17:27:00+02:00,[59],[1]
2026-04-08T17:26:00+02:00,[59],[1]
2026-04-08T17:25:00+02:00,[59],[1]
2026-04-08T17:24:00+02:00,[59],[1]
2026-04-08T17:23:00+02:00,[59],[1]
2026-04-08T17:22:00+02:00,[59],[1]
2026-04-08T17:21:00+02:00,[59],[1]
2026-04-08T17:20:00+02:00,[59],[1]
2026-04-08T17:19:00+02:00,[59],[1]
2026-04-08T17:18:00+02:00,[59],[1]
2026-04-08T17:17:00+02:00,[59],[1]
2026-04-08T17:16:00+02:00,[59],[1]
2026-04-08T17:15:00+02:00,[59],[1]
2026-04-08T17:14:00+02:00,[59],[1]
2026-04-08T17:13:00+02:00,[59],[1]
2026-04-08T17:12:00+02:00,[59],[1]
2026-04-08T17:11:00+02:00,[59],[1]
2026-04-08T17:10:00+02:00,[59],[1]
2026-04-08T17:09:00+02:00,[59],[1]
2026-04-08T17:08:00+02:00,[59],[1]
2026-04-08T17:07:00+02:00,[59],[1]
2026-04-08T17:06:00+02:00,[59],[1]
2026-04-08T17:05:00+02:00,[59],[1]
2026-04-08T17:04:00+02:00,[59],[1]
2026-04-08T17:03:00+02:00,[59],[1]
2026-04-08T17:01:00+02:00,[59],[1]
2026-04-08T17:00:00+02:00,[59],[1]
2026-04-08T16:59:00+02:00,[59],[1]
2026-04-08T16:58:00+02:00,[59],[1]
2026-04-08T16:57:00+02:00,[59],[1]
2026-04-08T16:56:00+02:00,[59],[1]
2026-04-08T16:55:00+02:00,[59],[1]
2026-04-08T16:54:00+02:00,[59],[1]
2026-04-08T16:53:00+02:00,[59],[1]
2026-04-08T16:52:00+02:00,[59],[1]
2026-04-08T16:51:00+02:00,[59],[1]
2026-04-08T16:50:00+02:00,[59],[1]
2026-04-08T16:49:00+02:00,[59],[1]
2026-04-08T16:48:00+02:00,[59],[1]
2026-04-08T16:47:00+02:00,[59],[1]
2026-04-08T16:46:00+02:00,[59],[1]
2026-04-08T16:45:00+02:00,[59],[1]
2026-04-08T16:44:00+02:00,[59],[1]
2026-04-08T16:43:00+02:00,[59],[1]
2026-04-08T16:42:00+02:00,[59],[1]
2026-04-08T16:41:00+02:00,[59],[1]
2026-04-08T16:40:00+02:00,[59],[1]
2026-04-08T16:39:00+02:00,[59],[1]
2026-04-08T16:38:00+02:00,[59],[1]
2026-04-08T16:37:00+02:00,[59],[1]
2026-04-08T16:36:00+02:00,[59],[1]
2026-04-08T16:35:00+02:00,[59],[1]
2026-04-08T16:34:00+02:00,[59],[1]
2026-04-08T16:33:00+02:00,[59],[2]
2026-04-08T16:32:00+02:00,[59],[2]
2026-04-08T16:31:00+02:00,[59],[2]
2026-04-08T16:30:00+02:00,[59],[2]
2026-04-08T16:29:00+02:00,[59],[2]
2026-04-08T16:28:00+02:00,[59],[2]
2026-04-08T16:27:00+02:00,[59],[2]
2026-04-08T16:26:00+02:00,[59],[2]
2026-04-08T16:25:00+02:00,[59],[2]
2026-04-08T16:24:00+02:00,[59],[2]
2026-04-08T16:23:00+02:00,[59],[2]
2026-04-08T16:22:00+02:00,[59],[2]
2026-04-08T16:21:00+02:00,[59],[2]
2026-04-08T16:20:00+02:00,[59],[2]
2026-04-08T16:19:00+02:00,[59],[2]
2026-04-08T16:18:00+02:00,[59],[2]
2026-04-08T16:17:00+02:00,[59],[2]
2026-04-08T16:16:00+02:00,[59],[2]
2026-04-08T16:15:00+02:00,[59],[2]
2026-04-08T16:14:00+02:00,[59],[2]
2026-04-08T16:13:00+02:00,[59],[2]
2026-04-08T16:12:00+02:00,[59],[2]
2026-04-08T16:11:00+02:00,[59],[2]
2026-04-08T16:10:00+02:00,[59],[2]
2026-04-08T16:09:00+02:00,[59],[2]
2026-04-08T16:08:00+02:00,[59],[2]
2026-04-08T16:07:00+02:00,[59],[2]
2026-04-08T16:06:00+02:00,[59],[2]
2026-04-08T16:05:00+02:00,[59],[2]
2026-04-08T16:04:00+02:00,[59],[2]
2026-04-08T16:03:00+02:00,[59],[2]
2026-04-08T16:02:00+02:00,[59],[2]
2026-04-08T16:01:00+02:00,[59],[1]
2026-04-08T16:00:00+02:00,[59],[1]
2026-04-08T15:59:00+02:00,[59],[1]
2026-04-08T15:58:00+02:00,[59],[1]
2026-04-08T15:57:00+02:00,[59],[1]
2026-04-08T15:56:00+02:00,[59],[1]
2026-04-08T15:55:00+02:00,[59],[1]
2026-04-08T15:54:00+02:00,[59],[1]
2026-04-08T15:53:00+02:00,[59],[1]
2026-04-08T15:52:00+02:00,[59],[1]
2026-04-08T15:51:00+02:00,[59],[1]
2026-04-08T15:50:00+02:00,[59],[1]
2026-04-08T15:49:00+02:00,[59],[1]
2026-04-08T15:48:00+02:00,[59],[1]
2026-04-08T15:47:00+02:00,[59],[1]
2026-04-08T15:46:00+02:00,[59],[1]
2026-04-08T15:45:00+02:00,[59],[1]
2026-04-06T17:53:00+02:00,[59],[1]
2026-04-06T17:52:00+02:00,[59],[1]
2026-04-06T17:51:00+02:00,[59],[1]
2026-04-06T17:50:00+02:00,[59],[1]
2026-04-06T17:49:00+02:00,[59],[1]
2026-04-06T17:48:00+02:00,[59],[1]
2026-04-06T17:47:00+02:00,[59],[1]
2026-04-06T17:46:00+02:00,[59],[1]
2026-04-06T17:45:00+02:00,[59],[1]
2026-04-06T17:44:00+02:00,[59],[1]
2026-04-06T17:43:00+02:00,[59],[1]
2026-04-06T17:42:00+02:00,[59],[1]
2026-04-06T17:41:00+02:00,[59],[1]
2026-04-06T17:40:00+02:00,[59],[1]
2026-04-06T17:39:00+02:00,[59],[1]
2026-04-06T17:38:00+02:00,[59],[1]
2026-04-06T17:37:00+02:00,[59],[1]
2026-04-06T17:36:00+02:00,[59],[1]
2026-04-06T17:35:00+02:00,[59],[1]
2026-04-06T17:34:00+02:00,[59],[1]
2026-04-06T17:33:00+02:00,[59],[1]
2026-04-06T17:32:00+02:00,[59],[1]
2026-04-06T17:31:00+02:00,[59],[2]
2026-04-06T17:30:00+02:00,[59],[2]
2026-04-06T17:29:00+02:00,[59],[2]
2026-04-06T17:28:00+02:00,[59],[2]
2026-04-06T17:27:00+02:00,[59],[2]
2026-04-06T17:26:00+02:00,[59],[2]
2026-04-06T17:25:00+02:00,[59],[2]
2026-04-06T17:24:00+02:00,[59],[2]
2026-04-06T17:23:00+02:00,[59],[2]
2026-04-06T17:22:00+02:00,[59],[2]
2026-04-06T17:21:00+02:00,[59],[2]
2026-04-06T17:20:00+02:00,[59],[2]
2026-04-06T17:19:00+02:00,[59],[2]
2026-04-06T17:18:00+02:00,[59],[2]
2026-04-06T17:17:00+02:00,[59],[2]
2026-04-06T17:16:00+02:00,[59],[2]
2026-04-06T17:15:00+02:00,[59],[2]
2026-04-06T17:14:00+02:00,[59],[2]
2026-04-06T17:13:00+02:00,[59],[2]
2026-04-06T17:12:00+02:00,[59],[2]
2026-04-06T17:11:00+02:00,[59],[2]
2026-04-06T17:10:00+02:00,[59],[2]
2026-04-06T17:09:00+02:00,[59],[2]
2026-04-06T17:08:00+02:00,[59],[2]
2026-04-05T17:59:00+02:00,[59],[1]
2026-04-05T17:58:00+02:00,[59],[1]
2026-04-05T17:57:00+02:00,[59],[1]
2026-04-05T17:56:00+02:00,[59],[1]
2026-04-05T17:55:00+02:00,[59],[1]
2026-04-05T17:54:00+02:00,[59],[1]
2026-04-05T17:53:00+02:00,[59],[2]
2026-04-05T17:52:00+02:00,[59],[2]
2026-04-05T17:51:00+02:00,[59],[2]
2026-04-05T17:50:00+02:00,[59],[2]
2026-04-05T17:49:00+02:00,[59],[2]
2026-04-05T17:48:00+02:00,[59],[2]
2026-04-05T17:47:00+02:00,[59],[2]
2026-04-05T17:46:00+02:00,[59],[2]
2026-04-05T17:45:00+02:00,[59],[2]
2026-04-05T17:44:00+02:00,[59],[2]
2026-04-05T17:43:00+02:00,[59],[2]
2026-04-05T17:42:00+02:00,[59],[2]
2026-04-05T17:41:00+02:00,[59],[2]
2026-04-05T17:40:00+02:00,[59],[2]
2026-04-05T17:39:00+02:00,[59],[2]
2026-04-05T17:38:00+02:00,[59],[2]
2026-04-05T16:16:00+02:00,"[240,300,900,1860]","[0,1,2,2]"
2026-04-05T01:08:00+02:00,"[240,1200,360,720]","[0,1,1,0]"
2026-04-04T17:56:00+02:00,[59],[2]
2026-04-04T17:55:00+02:00,[59],[2]
2026-04-04T17:54:00+02:00,[59],[2]
2026-04-04T17:53:00+02:00,[59],[2]
2026-04-04T17:52:00+02:00,[59],[2]
2026-04-04T17:51:00+02:00,[59],[2]
2026-04-04T17:50:00+02:00,[59],[2]
2026-04-04T17:49:00+02:00,[59],[2]
2026-04-04T17:48:00+02:00,[59],[2]
2026-04-04T17:47:00+02:00,[59],[2]
2026-04-04T17:46:00+02:00,[59],[2]
2026-04-04T17:45:00+02:00,[59],[2]
2026-04-04T17:44:00+02:00,[59],[2]
2026-04-04T17:43:00+02:00,[59],[2]
2026-04-04T17:42:00+02:00,[59],[2]
2026-04-04T17:41:00+02:00,[59],[2]
2026-04-04T17:40:00+02:00,[59],[2]
2026-04-04T17:39:00+02:00,[59],[2]
2026-04-04T17:38:00+02:00,[59],[1]
2026-04-04T17:37:00+02:00,[59],[1]
2026-04-04T17:36:00+02:00,[59],[1]
2026-04-04T17:35:00+02:00,[59],[1]
2026-04-04T17:34:00+02:00,[59],[1]
2026-04-04T17:33:00+02:00,[59],[1]
2026-04-04T17:32:00+02:00,[59],[1]
2026-04-04T17:31:00+02:00,[59],[1]
2026-04-04T16:01:00+02:00,"[420,300,720,240,660,60,540,240,240]","[0,1,2,2,3,3,3,1,1]"
2026-04-04T07:06:00+02:00,"[240,660,720,1980,780,300,60,60,420,60,540,360]","[0,3,0,1,2,1,1,1,0,1,1,2]"
2026-04-03T09:27:00+02:00,"[240,720,540,2280]","[0,1,2,1]"
2026-04-02T17:59:00+02:00,[59],[1]
2026-04-02T17:58:00+02:00,[59],[1]
2026-04-02T17:57:00+02:00,[59],[1]
2026-04-02T17:56:00+02:00,[59],[1]
2026-04-02T17:55:00+02:00,[59],[3]
2026-04-02T17:54:00+02:00,[59],[3]
2026-04-02T17:53:00+02:00,[59],[3]
2026-04-02T17:52:00+02:00,[59],[3]
2026-04-02T17:51:00+02:00,[59],[3]
2026-04-02T17:50:00+02:00,[59],[3]
2026-04-02T17:49:00+02:00,[59],[3]
2026-04-02T17:48:00+02:00,[59],[3]
2026-04-02T17:47:00+02:00,[59],[3]
2026-04-02T17:46:00+02:00,[59],[3]
2026-04-02T17:45:00+02:00,[59],[3]
2026-04-02T17:44:00+02:00,[59],[1]
2026-04-02T17:43:00+02:00,[59],[1]
2026-04-02T17:42:00+02:00,[59],[1]
2026-04-02T17:41:00+02:00,[59],[1]
2026-04-02T17:40:00+02:00,[59],[1]
2026-04-02T17:39:00+02:00,[59],[1]
2026-04-02T17:38:00+02:00,[59],[1]
2026-04-02T17:37:00+02:00,[59],[1]
2026-04-02T17:36:00+02:00,[59],[1]
2026-04-02T17:35:00+02:00,[59],[1]
2026-04-02T17:34:00+02:00,[59],[1]
2026-04-02T17:33:00+02:00,[59],[1]
2026-04-02T17:32:00+02:00,[59],[1]
2026-04-02T17:31:00+02:00,[59],[1]
2026-04-02T17:30:00+02:00,[59],[1]
2026-04-02T17:29:00+02:00,[59],[1]
2026-04-02T17:28:00+02:00,[59],[3]
2026-04-02T17:27:00+02:00,[59],[3]
2026-04-02T17:26:00+02:00,[59],[3]
2026-04-02T17:25:00+02:00,[59],[3]
2026-04-02T17:24:00+02:00,[59],[3]
2026-04-02T17:23:00+02:00,[59],[3]
2026-04-02T17:22:00+02:00,[59],[3]
2026-04-02T17:21:00+02:00,[59],[3]
2026-04-02T17:20:00+02:00,[59],[3]
2026-04-02T17:19:00+02:00,[59],[3]
2026-04-02T17:18:00+02:00,[59],[3]
2026-04-02T17:17:00+02:00,[59],[3]
2026-04-02T17:16:00+02:00,[59],[3]
2026-04-02T17:15:00+02:00,[59],[3]
2026-04-02T17:14:00+02:00,[59],[3]
2026-04-02T17:13:00+02:00,[59],[3]
2026-04-02T17:12:00+02:00,[59],[3]
2026-04-02T17:11:00+02:00,[59],[3]
2026-04-02T17:10:00+02:00,[59],[3]
2026-04-02T17:09:00+02:00,[59],[3]
2026-04-02T17:08:00+02:00,[59],[3]
2026-04-02T17:07:00+02:00,[59],[3]
2026-04-02T17:06:00+02:00,[59],[3]
2026-04-02T17:05:00+02:00,[59],[3]
2026-04-02T17:04:00+02:00,[59],[3]
2026-04-02T17:03:00+02:00,[59],[3]
2026-04-02T17:01:00+02:00,[59],[3]
2026-04-02T17:00:00+02:00,[59],[3]
2026-04-02T16:59:00+02:00,[59],[3]
2026-04-02T16:58:00+02:00,[59],[3]
2026-04-02T16:57:00+02:00,[59],[3]
2026-04-02T16:56:00+02:00,[59],[3]
2026-04-02T16:55:00+02:00,[59],[3]
2026-04-02T16:54:00+02:00,[59],[3]
2026-04-02T16:53:00+02:00,[59],[3]
2026-04-02T16:52:00+02:00,[59],[3]
2026-04-02T16:51:00+02:00,[59],[3]
2026-04-02T16:50:00+02:00,[59],[3]
2026-04-02T16:49:00+02:00,[59],[3]
2026-04-02T16:48:00+02:00,[59],[3]
2026-04-02T16:47:00+02:00,[59],[3]
2026-04-02T16:46:00+02:00,[59],[3]
2026-04-02T16:45:00+02:00,[59],[3]
2026-04-02T16:44:00+02:00,[59],[3]
2026-04-02T16:43:00+02:00,[59],[1]
2026-04-02T16:42:00+02:00,[59],[1]
2026-04-02T16:41:00+02:00,[59],[1]
2026-04-02T16:40:00+02:00,[59],[1]
2026-04-02T16:39:00+02:00,[59],[1]
2026-04-02T16:38:00+02:00,[59],[1]
2026-04-02T16:37:00+02:00,[59],[1]
2026-04-02T16:36:00+02:00,[59],[1]
2026-04-02T16:35:00+02:00,[59],[1]
2026-04-02T16:34:00+02:00,[59],[1]
2026-04-02T16:33:00+02:00,[59],[1]
2026-04-02T16:32:00+02:00,[59],[1]
2026-04-02T16:31:00+02:00,[59],[1]
2026-04-02T16:30:00+02:00,[59],[1]
2026-04-02T16:29:00+02:00,[59],[1]
2026-04-02T16:28:00+02:00,[59],[1]
2026-04-02T16:27:00+02:00,[59],[1]
2026-04-02T16:26:00+02:00,[59],[1]
2026-04-02T16:25:00+02:00,[59],[1]
2026-04-02T16:24:00+02:00,[59],[1]
2026-04-02T16:23:00+02:00,[59],[1]
2026-04-02T16:22:00+02:00,[59],[1]
2026-04-01T17:59:00+02:00,[59],[2]
2026-04-01T17:58:00+02:00,[59],[2]
2026-04-01T17:57:00+02:00,[59],[2]
2026-04-01T17:56:00+02:00,[59],[2]
2026-04-01T17:55:00+02:00,[59],[2]
2026-04-01T17:54:00+02:00,[59],[2]
2026-04-01T17:53:00+02:00,[59],[2]
2026-04-01T17:52:00+02:00,[59],[2]
2026-04-01T17:51:00+02:00,[59],[2]
2026-04-01T17:50:00+02:00,[59],[2]
2026-04-01T17:49:00+02:00,[59],[2]
2026-04-01T17:48:00+02:00,[59],[1]
2026-04-01T17:47:00+02:00,[59],[1]
2026-04-01T17:46:00+02:00,[59],[1]
2026-04-01T17:45:00+02:00,[59],[1]
2026-04-01T17:44:00+02:00,[59],[1]
2026-04-01T17:43:00+02:00,[59],[1]
2026-03-31T17:59:00+02:00,[59],[2]
2026-03-31T17:58:00+02:00,[59],[2]
2026-03-31T17:57:00+02:00,[59],[2]
2026-03-31T17:56:00+02:00,[59],[2]
2026-03-31T17:55:00+02:00,[59],[2]
2026-03-31T17:54:00+02:00,[59],[2]
2026-03-31T17:53:00+02:00,[59],[2]
2026-03-31T17:52:00+02:00,[59],[2]
2026-03-31T17:51:00+02:00,[59],[2]
2026-03-31T17:50:00+02:00,[59],[2]
2026-03-31T17:49:00+02:00,[59],[2]
2026-03-31T17:48:00+02:00,[59],[2]
2026-03-31T17:47:00+02:00,[59],[2]
2026-03-31T17:46:00+02:00,[59],[2]
2026-03-31T17:45:00+02:00,[59],[2]
2026-03-31T17:44:00+02:00,[59],[2]
2026-03-31T17:43:00+02:00,[59],[2]
2026-03-31T17:42:00+02:00,[59],[2]
2026-03-31T17:41:00+02:00,[59],[2]
2026-03-31T17:40:00+02:00,[59],[2]
2026-03-31T17:39:00+02:00,[59],[2]
2026-03-31T17:38:00+02:00,[59],[2]
2026-03-31T17:37:00+02:00,[59],[2]
2026-03-31T17:36:00+02:00,[59],[2]
2026-03-31T17:35:00+02:00,[59],[2]
2026-03-31T17:34:00+02:00,[59],[2]
2026-03-31T17:33:00+02:00,[59],[2]
2026-03-31T17:32:00+02:00,[59],[2]
2026-03-31T17:31:00+02:00,[59],[2]
2026-03-31T17:30:00+02:00,[59],[2]
2026-03-31T17:29:00+02:00,[59],[2]
2026-03-31T17:28:00+02:00,[59],[2]
2026-03-31T17:27:00+02:00,[59],[2]
2026-03-31T17:26:00+02:00,[59],[2]
2026-03-31T17:25:00+02:00,[59],[2]
2026-03-31T17:24:00+02:00,[59],[2]
2026-03-31T17:23:00+02:00,[59],[2]
2026-03-31T17:22:00+02:00,[59],[2]
2026-03-31T17:21:00+02:00,[59],[2]
2026-03-31T17:20:00+02:00,[59],[2]
2026-03-31T17:19:00+02:00,[59],[2]
2026-03-31T17:18:00+02:00,[59],[2]
2026-03-31T17:17:00+02:00,[59],[2]
2026-03-31T17:16:00+02:00,[59],[2]
2026-03-31T17:15:00+02:00,[59],[2]
2026-03-31T17:14:00+02:00,[59],[2]
2026-03-30T17:59:00+02:00,[59],[3]
2026-03-30T17:58:00+02:00,[59],[3]
2026-03-30T17:57:00+02:00,[59],[3]
2026-03-30T17:56:00+02:00,[59],[3]
2026-03-30T17:55:00+02:00,[59],[3]
2026-03-30T17:54:00+02:00,[59],[3]
2026-03-30T17:53:00+02:00,[59],[3]
2026-03-30T17:52:00+02:00,[59],[3]
2026-03-30T17:51:00+02:00,[59],[3]
2026-03-30T17:50:00+02:00,[59],[3]
2026-03-30T17:49:00+02:00,[59],[3]
2026-03-30T17:48:00+02:00,[59],[3]
2026-03-30T17:47:00+02:00,[59],[3]
2026-03-30T17:46:00+02:00,[59],[3]
2026-03-30T17:45:00+02:00,[59],[1]
2026-03-30T17:44:00+02:00,[59],[1]
2026-03-30T17:43:00+02:00,[59],[1]
2026-03-30T17:42:00+02:00,[59],[1]
2026-03-30T17:41:00+02:00,[59],[1]
2026-03-30T17:40:00+02:00,[59],[1]
2026-03-30T17:39:00+02:00,[59],[1]
2026-03-30T17:38:00+02:00,[59],[1]
2026-03-30T17:37:00+02:00,[59],[1]
2026-03-30T17:36:00+02:00,[59],[1]
2026-03-30T17:35:00+02:00,[59],[1]
2026-03-30T17:34:00+02:00,[59],[1]
2026-03-30T17:33:00+02:00,[59],[1]
2026-03-30T17:32:00+02:00,[59],[1]
2026-03-30T17:31:00+02:00,[59],[1]
2026-03-30T17:30:00+02:00,[59],[1]
2026-03-30T17:29:00+02:00,[59],[1]
2026-03-30T17:28:00+02:00,[59],[1]
2026-03-30T17:27:00+02:00,[59],[1]
2026-03-30T17:26:00+02:00,[59],[1]
2026-03-30T17:25:00+02:00,[59],[1]
2026-03-30T17:24:00+02:00,[59],[1]
2026-03-30T17:23:00+02:00,[59],[1]
2026-03-30T17:22:00+02:00,[59],[1]
2026-03-30T17:21:00+02:00,[59],[1]
2026-03-30T17:20:00+02:00,[59],[1]
2026-03-30T17:19:00+02:00,[59],[1]
2026-03-30T17:18:00+02:00,[59],[1]
2026-03-30T17:17:00+02:00,[59],[1]
2026-03-30T17:16:00+02:00,[59],[1]
2026-03-30T17:15:00+02:00,[59],[1]
2026-03-30T17:14:00+02:00,[59],[1]
2026-03-30T17:13:00+02:00,[59],[1]
2026-03-30T17:12:00+02:00,[59],[1]
2026-03-30T17:11:00+02:00,[59],[1]
2026-03-29T13:29:00+02:00,"[240,720,420,420,360,120,180,60,360,180,300,360,300,1200,900]","[0,1,0,1,2,1,1,1,1,1,0,0,1,2,0]"
2026-03-29T17:56:00+02:00,[59],[1]
2026-03-29T17:55:00+02:00,[59],[1]
2026-03-29T17:54:00+02:00,[59],[1]
2026-03-29T17:53:00+02:00,[59],[1]
2026-03-29T17:52:00+02:00,[59],[1]
2026-03-29T17:51:00+02:00,[59],[1]
2026-03-29T17:50:00+02:00,[59],[1]
2026-03-29T17:49:00+02:00,[59],[1]
2026-03-29T17:48:00+02:00,[59],[1]
2026-03-29T17:47:00+02:00,[59],[1]
2026-03-29T17:46:00+02:00,[59],[1]
2026-03-29T17:45:00+02:00,[59],[1]
2026-03-29T17:44:00+02:00,[59],[1]
2026-03-29T17:43:00+02:00,[59],[1]
2026-03-29T17:42:00+02:00,[59],[1]
2026-03-29T17:41:00+02:00,[59],[1]
2026-03-29T17:40:00+02:00,[59],[1]
2026-03-29T17:39:00+02:00,[59],[1]
2026-03-29T17:38:00+02:00,[59],[1]
2026-03-29T17:37:00+02:00,[59],[1]
2026-03-29T17:36:00+02:00,[59],[1]
2026-03-29T17:35:00+02:00,[59],[1]
2026-03-29T17:34:00+02:00,[59],[1]
2026-03-29T17:33:00+02:00,[59],[1]
2026-03-29T17:32:00+02:00,[59],[1]
2026-03-29T17:31:00+02:00,[59],[1]
2026-03-29T17:30:00+02:00,[59],[1]
2026-03-29T17:29:00+02:00,[59],[1]
2026-03-29T17:28:00+02:00,[59],[1]
2026-03-29T17:27:00+02:00,[59],[1]
2026-03-29T17:26:00+02:00,[59],[1]
2026-03-29T17:25:00+02:00,[59],[1]
2026-03-29T17:24:00+02:00,[59],[1]
2026-03-29T17:23:00+02:00,[59],[1]
2026-03-29T17:22:00+02:00,[59],[1]
2026-03-29T17:21:00+02:00,[59],[1]
2026-03-29T17:20:00+02:00,[59],[1]
2026-03-29T17:19:00+02:00,[59],[1]
2026-03-29T17:18:00+02:00,[59],[1]
2026-03-29T17:17:00+02:00,[59],[1]
2026-03-29T17:16:00+02:00,[59],[1]
2026-03-29T17:15:00+02:00,[59],[1]
2026-03-29T17:14:00+02:00,[59],[1]
2026-03-29T17:13:00+02:00,[59],[1]
2026-03-29T17:12:00+02:00,[59],[1]
2026-03-29T17:11:00+02:00,[59],[1]
2026-03-29T17:10:00+02:00,[59],[1]
2026-03-29T17:09:00+02:00,[59],[1]
2026-03-29T17:08:00+02:00,[59],[1]
2026-03-29T17:07:00+02:00,[59],[1]
2026-03-29T17:06:00+02:00,[59],[1]
2026-03-29T17:05:00+02:00,[59],[1]
2026-03-29T17:04:00+02:00,[59],[1]
2026-03-29T17:03:00+02:00,[59],[1]
2026-03-29T17:02:00+02:00,[59],[1]
2026-03-29T17:01:00+02:00,[59],[1]
2026-03-29T17:00:00+02:00,[59],[1]
2026-03-29T16:59:00+02:00,[59],[1]
2026-03-29T16:58:00+02:00,[59],[1]
2026-03-29T16:57:00+02:00,[59],[1]
2026-03-29T16:56:00+02:00,[59],[1]
2026-03-29T16:55:00+02:00,[59],[1]
2026-03-29T16:54:00+02:00,[59],[1]
2026-03-29T16:53:00+02:00,[59],[1]
2026-03-29T16:52:00+02:00,[59],[1]
2026-03-29T16:51:00+02:00,[59],[1]
2026-03-29T16:50:00+02:00,[59],[1]
2026-03-29T16:49:00+02:00,[59],[1]
2026-03-29T16:48:00+02:00,[59],[1]
2026-03-29T16:47:00+02:00,[59],[1]
2026-03-29T16:46:00+02:00,[59],[1]
2026-03-29T16:45:00+02:00,[59],[1]
2026-03-29T16:44:00+02:00,[59],[1]
2026-03-29T16:43:00+02:00,[59],[1]
2026-03-29T16:42:00+02:00,[59],[1]
2026-03-29T16:41:00+02:00,[59],[1]
2026-03-29T16:40:00+02:00,[59],[1]
2026-03-29T16:39:00+02:00,[59],[1]
2026-03-29T16:38:00+02:00,[59],[1]
2026-03-29T16:37:00+02:00,[59],[1]
2026-03-29T16:36:00+02:00,[59],[1]
2026-03-29T16:35:00+02:00,[59],[1]
2026-03-29T16:34:00+02:00,[59],[1]
2026-03-29T16:33:00+02:00,[59],[1]
2026-03-29T16:32:00+02:00,[59],[2]
2026-03-29T16:31:00+02:00,[59],[2]
2026-03-29T16:30:00+02:00,[59],[2]
2026-03-29T16:29:00+02:00,[59],[2]
2026-03-29T16:28:00+02:00,[59],[2]
2026-03-29T16:27:00+02:00,[59],[2]
2026-03-29T16:26:00+02:00,[59],[2]
2026-03-29T16:25:00+02:00,[59],[2]
2026-03-29T16:24:00+02:00,[59],[2]
2026-03-29T16:23:00+02:00,[59],[2]
2026-03-29T16:22:00+02:00,[59],[2]
2026-03-29T16:21:00+02:00,[59],[2]
2026-03-29T16:20:00+02:00,[59],[2]
2026-03-29T16:19:00+02:00,[59],[2]
2026-03-29T16:18:00+02:00,[59],[2]
2026-03-29T16:17:00+02:00,[59],[2]
2026-03-29T16:16:00+02:00,[59],[2]
2026-03-29T16:15:00+02:00,[59],[2]
2026-03-29T16:14:00+02:00,[59],[2]
2026-03-29T16:13:00+02:00,[59],[2]
2026-03-29T16:12:00+02:00,[59],[2]
2026-03-29T16:11:00+02:00,[59],[2]
2026-03-29T16:10:00+02:00,[59],[2]
2026-03-29T16:09:00+02:00,[59],[2]
2026-03-29T16:08:00+02:00,[59],[2]
2026-03-29T16:07:00+02:00,[59],[2]
2026-03-29T16:06:00+02:00,[59],[2]
2026-03-29T16:05:00+02:00,[59],[2]
2026-03-29T16:04:00+02:00,[59],[2]
2026-03-29T16:03:00+02:00,[59],[2]
2026-03-29T16:02:00+02:00,[59],[2]
2026-03-29T16:01:00+02:00,[59],[2]
2026-03-29T16:00:00+02:00,[59],[2]
2026-03-29T15:59:00+02:00,[59],[2]
2026-03-29T15:58:00+02:00,[59],[2]
2026-03-29T15:57:00+02:00,[59],[2]
2026-03-29T15:56:00+02:00,[59],[2]
2026-03-29T15:55:00+02:00,[59],[2]
2026-03-29T15:54:00+02:00,[59],[2]
2026-03-29T15:53:00+02:00,[59],[2]
2026-03-29T15:52:00+02:00,[59],[2]
2026-03-29T15:51:00+02:00,[59],[1]
2026-03-29T15:50:00+02:00,[59],[1]
2026-03-29T15:49:00+02:00,[59],[1]
2026-03-29T15:48:00+02:00,[59],[1]
2026-03-28T16:59:00+01:00,[59],[2]
2026-03-28T16:58:00+01:00,[59],[2]
2026-03-28T16:57:00+01:00,[59],[2]
2026-03-28T16:56:00+01:00,[59],[2]
2026-03-28T16:55:00+01:00,[59],[2]
2026-03-28T16:54:00+01:00,[59],[2]
2026-03-28T16:53:00+01:00,[59],[2]
2026-03-28T16:52:00+01:00,[59],[2]
2026-03-28T16:51:00+01:00,[59],[2]
2026-03-28T16:50:00+01:00,[59],[2]
2026-03-28T16:49:00+01:00,[59],[2]
2026-03-28T16:48:00+01:00,[59],[2]
2026-03-28T16:47:00+01:00,[59],[2]
2026-03-28T16:46:00+01:00,[59],[2]
2026-03-28T16:45:00+01:00,[59],[2]
2026-03-28T16:44:00+01:00,[59],[2]
2026-03-28T16:43:00+01:00,[59],[2]
2026-03-28T16:42:00+01:00,[59],[2]
2026-03-28T16:41:00+01:00,[59],[2]
2026-03-28T16:40:00+01:00,[59],[2]
2026-03-28T16:39:00+01:00,[59],[2]
2026-03-28T16:38:00+01:00,[59],[2]
2026-03-28T16:37:00+01:00,[59],[2]
2026-03-28T16:36:00+01:00,[59],[2]
2026-03-28T16:35:00+01:00,[59],[2]
2026-03-28T16:34:00+01:00,[59],[2]
2026-03-28T16:33:00+01:00,[59],[2]
2026-03-28T16:32:00+01:00,[59],[2]
2026-03-28T16:31:00+01:00,[59],[2]
2026-03-28T16:30:00+01:00,[59],[2]
2026-03-28T16:29:00+01:00,[59],[2]
2026-03-28T16:28:00+01:00,[59],[2]
2026-03-28T16:27:00+01:00,[59],[2]
2026-03-28T16:26:00+01:00,[59],[2]
2026-03-28T16:25:00+01:00,[59],[2]
2026-03-28T16:24:00+01:00,[59],[2]
2026-03-28T16:23:00+01:00,[59],[2]
2026-03-28T16:22:00+01:00,[59],[2]
2026-03-28T16:21:00+01:00,[59],[2]
2026-03-28T16:20:00+01:00,[59],[2]
2026-03-28T16:19:00+01:00,[59],[2]
2026-03-28T16:18:00+01:00,[59],[2]
2026-03-28T16:17:00+01:00,[59],[2]
2026-03-28T16:16:00+01:00,[59],[2]
2026-03-28T16:15:00+01:00,[59],[1]
2026-03-28T16:14:00+01:00,[59],[1]
2026-03-28T16:13:00+01:00,[59],[1]
2026-03-28T16:12:00+01:00,[59],[1]
2026-03-28T16:11:00+01:00,[59],[1]
2026-03-28T16:10:00+01:00,[59],[1]
2026-03-28T16:09:00+01:00,[59],[1]
2026-03-28T16:08:00+01:00,[59],[1]
2026-03-28T16:07:00+01:00,[59],[1]
2026-03-28T16:06:00+01:00,[59],[1]
2026-03-28T16:05:00+01:00,[59],[1]
2026-03-28T16:04:00+01:00,[59],[1]
2026-03-28T16:03:00+01:00,[59],[1]
2026-03-28T16:02:00+01:00,[59],[1]
2026-03-28T16:01:00+01:00,[59],[1]
2026-03-28T16:00:00+01:00,[59],[1]
2026-03-28T15:57:00+01:00,[59],[0]
2026-03-28T15:56:00+01:00,[59],[0]
2026-03-28T15:55:00+01:00,[59],[0]
2026-03-28T15:54:00+01:00,[59],[0]
2026-03-28T15:53:00+01:00,[59],[0]
2026-03-28T15:52:00+01:00,[59],[0]
2026-03-28T15:51:00+01:00,[59],[0]
2026-03-28T15:50:00+01:00,[59],[0]
2026-03-28T15:49:00+01:00,[59],[0]
2026-03-28T15:48:00+01:00,[59],[0]
2026-03-28T15:47:00+01:00,[59],[0]
2026-03-28T15:46:00+01:00,[59],[0]
2026-03-28T15:45:00+01:00,[59],[0]
2026-03-28T15:44:00+01:00,[59],[1]
2026-03-28T15:43:00+01:00,[59],[1]
2026-03-28T15:42:00+01:00,[59],[1]
2026-03-28T15:41:00+01:00,[59],[1]
2026-03-28T15:40:00+01:00,[59],[1]
2026-03-28T15:39:00+01:00,[59],[1]
2026-03-28T15:38:00+01:00,[59],[1]
2026-03-28T15:37:00+01:00,[59],[1]
2026-03-28T15:36:00+01:00,[59],[1]
2026-03-28T15:35:00+01:00,[59],[1]
2026-03-28T15:34:00+01:00,[59],[1]
2026-03-28T15:33:00+01:00,[59],[1]
2026-03-28T15:32:00+01:00,[59],[1]
2026-03-28T15:31:00+01:00,[59],[1]
2026-03-28T15:30:00+01:00,[59],[1]
2026-03-28T15:29:00+01:00,[59],[1]
2026-03-28T15:28:00+01:00,[59],[1]
2026-03-28T15:27:00+01:00,[59],[1]
2026-03-27T16:59:00+01:00,[59],[1]
2026-03-27T16:58:00+01:00,[59],[1]
2026-03-27T16:57:00+01:00,[59],[2]
2026-03-27T16:56:00+01:00,[59],[2]
2026-03-27T16:55:00+01:00,[59],[2]
2026-03-27T16:54:00+01:00,[59],[2]
2026-03-27T16:53:00+01:00,[59],[2]
2026-03-27T16:52:00+01:00,[59],[2]
2026-03-27T16:51:00+01:00,[59],[2]
2026-03-27T16:50:00+01:00,[59],[2]
2026-03-27T16:49:00+01:00,[59],[2]
2026-03-27T16:48:00+01:00,[59],[2]
2026-03-27T16:47:00+01:00,[59],[1]
2026-03-27T16:46:00+01:00,[59],[1]
2026-03-27T16:45:00+01:00,[59],[1]
2026-03-27T16:44:00+01:00,[59],[1]
2026-03-27T16:43:00+01:00,[59],[1]
2026-03-27T16:42:00+01:00,[59],[1]
2026-03-27T16:41:00+01:00,[59],[1]
2026-03-27T16:40:00+01:00,[59],[1]
2026-03-27T16:39:00+01:00,[59],[1]
2026-03-27T16:38:00+01:00,[59],[1]
2026-03-27T16:37:00+01:00,[59],[1]
2026-03-27T16:36:00+01:00,[59],[1]
2026-03-27T16:35:00+01:00,[59],[1]
2026-03-27T16:34:00+01:00,[59],[1]
2026-03-27T16:33:00+01:00,[59],[1]
2026-03-27T16:32:00+01:00,[59],[1]
2026-03-27T16:31:00+01:00,[59],[1]
2026-03-27T16:30:00+01:00,[59],[1]
2026-03-27T16:29:00+01:00,[59],[1]
2026-03-27T16:28:00+01:00,[59],[1]
2026-03-27T16:27:00+01:00,[59],[1]
2026-03-27T16:26:00+01:00,[59],[1]
2026-03-27T16:25:00+01:00,[59],[1]
2026-03-27T16:24:00+01:00,[59],[1]
2026-03-27T16:23:00+01:00,[59],[1]
2026-03-27T16:22:00+01:00,[59],[1]
2026-03-27T16:21:00+01:00,[59],[1]
2026-03-27T16:20:00+01:00,[59],[1]
2026-03-27T16:19:00+01:00,[59],[1]
2026-03-27T16:18:00+01:00,[59],[1]
2026-03-27T16:17:00+01:00,[59],[1]
2026-03-27T16:16:00+01:00,[59],[1]
2026-03-27T16:15:00+01:00,[59],[1]
2026-03-27T16:14:00+01:00,[59],[1]
2026-03-27T16:13:00+01:00,[59],[1]
2026-03-27T16:12:00+01:00,[59],[1]
2026-03-27T16:11:00+01:00,[59],[1]
2026-03-27T16:10:00+01:00,[59],[1]
2026-03-27T16:09:00+01:00,[59],[1]
2026-03-27T16:08:00+01:00,[59],[1]
2026-03-27T16:07:00+01:00,[59],[1]
2026-03-27T16:06:00+01:00,[59],[1]
2026-03-27T16:05:00+01:00,[59],[1]
2026-03-27T16:04:00+01:00,[59],[1]
2026-03-27T16:03:00+01:00,[59],[1]
2026-03-27T16:01:00+01:00,[59],[1]
2026-03-27T16:00:00+01:00,[59],[1]
2026-03-27T15:59:00+01:00,[59],[1]
2026-03-27T12:57:00+01:00,"[240,2580,660,1620,60,600,120,1140]","[0,1,0,1,1,1,1,2]"
2026-03-26T16:59:00+01:00,[59],[3]
2026-03-26T16:58:00+01:00,[59],[3]
2026-03-26T16:57:00+01:00,[59],[3]
2026-03-26T16:56:00+01:00,[59],[3]
2026-03-26T16:55:00+01:00,[59],[3]
2026-03-26T16:54:00+01:00,[59],[3]
2026-03-26T16:53:00+01:00,[59],[3]
2026-03-26T16:52:00+01:00,[59],[3]
2026-03-26T16:51:00+01:00,[59],[3]
2026-03-26T16:50:00+01:00,[59],[3]
2026-03-26T16:49:00+01:00,[59],[3]
2026-03-26T16:48:00+01:00,[59],[2]
2026-03-26T16:47:00+01:00,[59],[2]
2026-03-26T16:46:00+01:00,[59],[2]
2026-03-26T16:45:00+01:00,[59],[2]
2026-03-26T16:44:00+01:00,[59],[2]
2026-03-26T16:43:00+01:00,[59],[2]
2026-03-26T16:42:00+01:00,[59],[2]
2026-03-26T16:41:00+01:00,[59],[2]
2026-03-26T16:40:00+01:00,[59],[2]
2026-03-26T16:39:00+01:00,[59],[2]
2026-03-26T16:38:00+01:00,[59],[2]
2026-03-26T16:37:00+01:00,[59],[2]
2026-03-26T16:36:00+01:00,[59],[2]
2026-03-26T16:35:00+01:00,[59],[2]
2026-03-26T16:34:00+01:00,[59],[2]
2026-03-26T16:33:00+01:00,[59],[2]
2026-03-26T16:32:00+01:00,[59],[2]
2026-03-26T16:31:00+01:00,[59],[2]
2026-03-26T16:30:00+01:00,[59],[2]
2026-03-26T16:29:00+01:00,[59],[2]
2026-03-26T16:28:00+01:00,[59],[2]
2026-03-26T16:27:00+01:00,[59],[2]
2026-03-26T16:26:00+01:00,[59],[2]
2026-03-26T16:25:00+01:00,[59],[2]
2026-03-26T16:24:00+01:00,[59],[2]
2026-03-26T16:23:00+01:00,[59],[2]
2026-03-26T16:22:00+01:00,[59],[2]
2026-03-26T16:21:00+01:00,[59],[2]
2026-03-26T16:20:00+01:00,[59],[2]
2026-03-26T16:19:00+01:00,[59],[2]
2026-03-26T16:18:00+01:00,[59],[2]
2026-03-26T16:17:00+01:00,[59],[2]
2026-03-26T16:16:00+01:00,[59],[2]
2026-03-26T16:15:00+01:00,[59],[2]
2026-03-26T16:14:00+01:00,[59],[2]
2026-03-26T16:13:00+01:00,[59],[2]
2026-03-26T16:12:00+01:00,[59],[2]
2026-03-26T16:11:00+01:00,[59],[2]
2026-03-26T16:10:00+01:00,[59],[2]
2026-03-26T16:09:00+01:00,[59],[2]
2026-03-26T16:08:00+01:00,[59],[2]
2026-03-26T16:07:00+01:00,[59],[2]
2026-03-25T16:59:00+01:00,[59],[1]
2026-03-25T16:58:00+01:00,[59],[1]
2026-03-25T16:57:00+01:00,[59],[1]
2026-03-25T16:56:00+01:00,[59],[1]
2026-03-25T16:55:00+01:00,[59],[1]
2026-03-25T16:54:00+01:00,[59],[1]
2026-03-25T16:53:00+01:00,[59],[1]
2026-03-25T16:52:00+01:00,[59],[1]
2026-03-25T16:51:00+01:00,[59],[1]
2026-03-25T16:50:00+01:00,[59],[1]
2026-03-25T16:49:00+01:00,[59],[1]
2026-03-25T16:48:00+01:00,[59],[1]
2026-03-25T16:47:00+01:00,[59],[1]
2026-03-25T16:46:00+01:00,[59],[1]
2026-03-25T16:45:00+01:00,[59],[1]
2026-03-25T16:44:00+01:00,[59],[1]
2026-03-25T16:43:00+01:00,[59],[1]
2026-03-25T16:42:00+01:00,[59],[1]
2026-03-25T16:41:00+01:00,[59],[1]
2026-03-25T16:40:00+01:00,[59],[1]
2026-03-25T16:39:00+01:00,[59],[1]
2026-03-25T16:38:00+01:00,[59],[1]
2026-03-25T16:37:00+01:00,[59],[1]
2026-03-25T16:36:00+01:00,[59],[1]
2026-03-25T16:35:00+01:00,[59],[1]
2026-03-25T16:34:00+01:00,[59],[1]
2026-03-25T16:33:00+01:00,[59],[1]
2026-03-25T16:32:00+01:00,[59],[1]
2026-03-25T16:31:00+01:00,[59],[1]
2026-03-25T16:30:00+01:00,[59],[1]
2026-03-25T16:29:00+01:00,[59],[1]
2026-03-25T16:28:00+01:00,[59],[1]
2026-03-25T16:27:00+01:00,[59],[1]
2026-03-25T16:26:00+01:00,[59],[1]
2026-03-25T16:25:00+01:00,[59],[3]
2026-03-25T16:24:00+01:00,[59],[3]
2026-03-25T16:23:00+01:00,[59],[3]
2026-03-25T16:22:00+01:00,[59],[3]
2026-03-25T16:21:00+01:00,[59],[3]
2026-03-25T16:20:00+01:00,[59],[3]
2026-03-25T16:19:00+01:00,[59],[3]
2026-03-25T16:18:00+01:00,[59],[3]
2026-03-25T16:17:00+01:00,[59],[3]
2026-03-25T16:16:00+01:00,[59],[3]
2026-03-25T16:15:00+01:00,[59],[3]
2026-03-25T16:14:00+01:00,[59],[3]
2026-03-25T16:13:00+01:00,[59],[3]
2026-03-25T16:12:00+01:00,[59],[3]
2026-03-25T16:11:00+01:00,[59],[3]
2026-03-25T16:10:00+01:00,[59],[3]
2026-03-25T16:09:00+01:00,[59],[3]
2026-03-25T16:08:00+01:00,[59],[3]
2026-03-25T16:07:00+01:00,[59],[3]
2026-03-25T16:06:00+01:00,[59],[3]
2026-03-25T16:05:00+01:00,[59],[3]
2026-03-25T16:04:00+01:00,[59],[3]
2026-03-25T16:03:00+01:00,[59],[3]
2026-03-25T16:01:00+01:00,[59],[2]
2026-03-25T16:00:00+01:00,[59],[2]
2026-03-25T15:59:00+01:00,[59],[2]
2026-03-25T15:58:00+01:00,[59],[2]
2026-03-25T15:57:00+01:00,[59],[2]
2026-03-25T15:56:00+01:00,[59],[2]
2026-03-25T15:55:00+01:00,[59],[2]
2026-03-25T15:54:00+01:00,[59],[2]
2026-03-25T15:53:00+01:00,[59],[2]
2026-03-25T15:52:00+01:00,[59],[2]
2026-03-25T15:51:00+01:00,[59],[2]
2026-03-25T15:50:00+01:00,[59],[2]
2026-03-25T15:49:00+01:00,[59],[2]
2026-03-25T15:48:00+01:00,[59],[2]
2026-03-25T15:47:00+01:00,[59],[2]
2026-03-25T15:46:00+01:00,[59],[2]
2026-03-25T15:45:00+01:00,[59],[2]
2026-03-25T15:44:00+01:00,[59],[2]
2026-03-25T15:43:00+01:00,[59],[2]
2026-03-25T15:42:00+01:00,[59],[2]
2026-03-25T15:41:00+01:00,[59],[2]
2026-03-25T15:40:00+01:00,[59],[2]
2026-03-25T15:39:00+01:00,[59],[2]
2026-03-25T15:38:00+01:00,[59],[2]
2026-03-25T15:37:00+01:00,[59],[2]
2026-03-25T15:36:00+01:00,[59],[1]
2026-03-25T15:35:00+01:00,[59],[1]
2026-03-25T15:34:00+01:00,[59],[1]
2026-03-25T15:33:00+01:00,[59],[1]
2026-03-25T15:32:00+01:00,[59],[1]
2026-03-25T15:31:00+01:00,[59],[1]
2026-03-25T15:30:00+01:00,[59],[1]
2026-03-25T15:29:00+01:00,[59],[1]
2026-03-25T15:28:00+01:00,[59],[1]
2026-03-25T15:27:00+01:00,[59],[1]
2026-03-25T15:26:00+01:00,[59],[1]
2026-03-24T16:59:00+01:00,[59],[1]
2026-03-24T16:58:00+01:00,[59],[1]
2026-03-24T16:57:00+01:00,[59],[1]
2026-03-24T16:56:00+01:00,[59],[1]
2026-03-24T16:55:00+01:00,[59],[1]
2026-03-24T16:54:00+01:00,[59],[1]
2026-03-24T16:53:00+01:00,[59],[1]
2026-03-24T16:52:00+01:00,[59],[1]
2026-03-24T16:51:00+01:00,[59],[1]
2026-03-24T16:50:00+01:00,[59],[1]
2026-03-24T16:49:00+01:00,[59],[1]
2026-03-24T16:48:00+01:00,[59],[1]
2026-03-24T16:47:00+01:00,[59],[1]
2026-03-24T16:46:00+01:00,[59],[1]
2026-03-24T16:45:00+01:00,[59],[1]
2026-03-24T16:44:00+01:00,[59],[1]
2026-03-24T16:43:00+01:00,[59],[1]
2026-03-24T16:42:00+01:00,[59],[1]
2026-03-24T16:41:00+01:00,[59],[1]
2026-03-24T16:40:00+01:00,[59],[1]
2026-03-24T16:39:00+01:00,[59],[1]
2026-03-24T16:38:00+01:00,[59],[1]
2026-03-24T16:37:00+01:00,[59],[3]
2026-03-24T16:36:00+01:00,[59],[3]
2026-03-24T16:35:00+01:00,[59],[3]
2026-03-24T16:34:00+01:00,[59],[3]
2026-03-24T16:33:00+01:00,[59],[3]
2026-03-24T16:32:00+01:00,[59],[3]
2026-03-24T16:31:00+01:00,[59],[3]
2026-03-24T16:30:00+01:00,[59],[3]
2026-03-24T16:29:00+01:00,[59],[3]
2026-03-24T16:28:00+01:00,[59],[3]
2026-03-24T16:27:00+01:00,[59],[3]
2026-03-24T16:26:00+01:00,[59],[3]
2026-03-24T16:25:00+01:00,[59],[3]
2026-03-24T16:24:00+01:00,[59],[3]
2026-03-24T16:23:00+01:00,[59],[3]
2026-03-24T16:22:00+01:00,[59],[3]
2026-03-24T16:21:00+01:00,[59],[3]
2026-03-24T16:20:00+01:00,[59],[3]
2026-03-24T16:19:00+01:00,[59],[2]
2026-03-24T16:18:00+01:00,[59],[2]
2026-03-24T16:17:00+01:00,[59],[2]
2026-03-24T16:16:00+01:00,[59],[2]
2026-03-24T16:15:00+01:00,[59],[2]
2026-03-24T16:14:00+01:00,[59],[2]
2026-03-24T16:13:00+01:00,[59],[2]
2026-03-24T16:12:00+01:00,[59],[2]
2026-03-24T16:11:00+01:00,[59],[2]
2026-03-24T16:10:00+01:00,[59],[2]
2026-03-24T16:09:00+01:00,[59],[2]
2026-03-24T16:08:00+01:00,[59],[2]
2026-03-24T16:07:00+01:00,[59],[2]
2026-03-24T16:06:00+01:00,[59],[2]
2026-03-24T16:05:00+01:00,[59],[2]
2026-03-24T16:04:00+01:00,[59],[2]
2026-03-24T16:03:00+01:00,[59],[2]
2026-03-24T16:02:00+01:00,[59],[2]
2026-03-24T16:01:00+01:00,[59],[2]
2026-03-24T16:00:00+01:00,[59],[2]
2026-03-24T15:59:00+01:00,[59],[2]
2026-03-24T15:58:00+01:00,[59],[2]
2026-03-24T15:57:00+01:00,[59],[2]
2026-03-24T15:56:00+01:00,[59],[2]
2026-03-24T15:55:00+01:00,[59],[2]
2026-03-24T15:54:00+01:00,[59],[2]
2026-03-24T15:53:00+01:00,[59],[2]
2026-03-24T15:52:00+01:00,[59],[2]
2026-03-24T15:51:00+01:00,[59],[2]
2026-03-24T15:50:00+01:00,[59],[2]
2026-03-24T15:49:00+01:00,[59],[2]
2026-03-24T15:48:00+01:00,[59],[2]
2026-03-24T15:47:00+01:00,[59],[2]
2026-03-24T15:46:00+01:00,[59],[2]
2026-03-24T15:45:00+01:00,[59],[2]
2026-03-24T15:44:00+01:00,[59],[2]
2026-03-24T15:43:00+01:00,[59],[2]
2026-03-24T15:42:00+01:00,[59],[2]
2026-03-24T15:41:00+01:00,[59],[1]
2026-03-24T15:40:00+01:00,[59],[1]
2026-03-24T15:39:00+01:00,[59],[1]
2026-03-24T15:38:00+01:00,[59],[1]
2026-03-24T15:37:00+01:00,[59],[1]
2026-03-24T15:36:00+01:00,[59],[1]
2026-03-24T15:35:00+01:00,[59],[1]
2026-03-24T15:34:00+01:00,[59],[1]
2026-03-24T15:33:00+01:00,[59],[1]
2026-03-24T15:32:00+01:00,[59],[1]
2026-03-24T15:31:00+01:00,[59],[1]
2026-03-24T15:30:00+01:00,[59],[1]
2026-03-23T16:56:00+01:00,[59],[2]
2026-03-23T16:55:00+01:00,[59],[2]
2026-03-23T16:54:00+01:00,[59],[2]
2026-03-23T16:53:00+01:00,[59],[2]
2026-03-23T16:52:00+01:00,[59],[2]
2026-03-23T16:51:00+01:00,[59],[2]
2026-03-23T16:50:00+01:00,[59],[2]
2026-03-23T16:49:00+01:00,[59],[2]
2026-03-23T16:48:00+01:00,[59],[2]
2026-03-23T16:47:00+01:00,[59],[2]
2026-03-23T16:46:00+01:00,[59],[2]
2026-03-23T16:45:00+01:00,[59],[2]
2026-03-23T16:44:00+01:00,[59],[2]
2026-03-23T16:43:00+01:00,[59],[2]
2026-03-23T16:42:00+01:00,[59],[2]
2026-03-23T16:41:00+01:00,[59],[2]
2026-03-23T16:40:00+01:00,[59],[2]
2026-03-23T16:39:00+01:00,[59],[2]
2026-03-23T16:38:00+01:00,[59],[2]
2026-03-23T16:37:00+01:00,[59],[2]
2026-03-23T16:36:00+01:00,[59],[2]
2026-03-23T16:35:00+01:00,[59],[2]
2026-03-23T16:34:00+01:00,[59],[2]
2026-03-23T16:33:00+01:00,[59],[2]
2026-03-23T16:32:00+01:00,[59],[2]
2026-03-23T16:31:00+01:00,[59],[2]
2026-03-23T16:30:00+01:00,[59],[1]
2026-03-23T16:29:00+01:00,[59],[1]
2026-03-23T16:28:00+01:00,[59],[1]
2026-03-23T16:27:00+01:00,[59],[1]
2026-03-23T16:26:00+01:00,[59],[1]
2026-03-23T16:25:00+01:00,[59],[1]
2026-03-23T16:24:00+01:00,[59],[1]
2026-03-23T16:23:00+01:00,[59],[1]
2026-03-23T16:22:00+01:00,[59],[1]
2026-03-23T16:21:00+01:00,[59],[1]
2026-03-23T16:20:00+01:00,[59],[1]
2026-03-23T16:19:00+01:00,[59],[1]
2026-03-23T16:18:00+01:00,[59],[1]
2026-03-23T16:17:00+01:00,[59],[1]
2026-03-23T16:16:00+01:00,[59],[1]
2026-03-23T16:15:00+01:00,[59],[1]
2026-03-23T16:14:00+01:00,[59],[1]
2026-03-23T16:13:00+01:00,[59],[1]
2026-03-23T16:12:00+01:00,[59],[1]
2026-03-23T16:11:00+01:00,[59],[1]
2026-03-23T16:10:00+01:00,[59],[1]
2026-03-22T16:59:00+01:00,[59],[1]
2026-03-22T16:58:00+01:00,[59],[1]
2026-03-22T16:57:00+01:00,[59],[1]
2026-03-22T16:56:00+01:00,[59],[1]
2026-03-22T16:55:00+01:00,[59],[1]
2026-03-22T16:54:00+01:00,[59],[1]
2026-03-22T16:53:00+01:00,[59],[1]
2026-03-22T16:52:00+01:00,[59],[1]
2026-03-22T16:51:00+01:00,[59],[1]
2026-03-22T16:50:00+01:00,[59],[1]
2026-03-22T16:49:00+01:00,[59],[2]
2026-03-22T16:48:00+01:00,[59],[2]
2026-03-22T16:47:00+01:00,[59],[2]
2026-03-22T16:46:00+01:00,[59],[2]
2026-03-22T16:45:00+01:00,[59],[2]
2026-03-22T16:44:00+01:00,[59],[2]
2026-03-22T16:43:00+01:00,[59],[2]
2026-03-22T16:42:00+01:00,[59],[2]
2026-03-22T16:41:00+01:00,[59],[2]
2026-03-22T16:40:00+01:00,[59],[2]
2026-03-22T16:39:00+01:00,[59],[2]
2026-03-22T16:38:00+01:00,[59],[1]
2026-03-22T16:37:00+01:00,[59],[1]
2026-03-22T16:36:00+01:00,[59],[1]
2026-03-22T16:35:00+01:00,[59],[1]
2026-03-22T16:34:00+01:00,[59],[1]
2026-03-22T16:33:00+01:00,[59],[1]
2026-03-22T16:32:00+01:00,[59],[1]
2026-03-22T16:31:00+01:00,[59],[1]
2026-03-22T16:30:00+01:00,[59],[1]
2026-03-22T16:29:00+01:00,[59],[1]
2026-03-22T16:28:00+01:00,[59],[1]
2026-03-22T16:27:00+01:00,[59],[1]
2026-03-22T16:26:00+01:00,[59],[1]
2026-03-22T16:25:00+01:00,[59],[1]
2026-03-22T16:24:00+01:00,[59],[1]
2026-03-22T16:23:00+01:00,[59],[1]
2026-03-22T16:22:00+01:00,[59],[1]
2026-03-22T16:21:00+01:00,[59],[1]
2026-03-22T16:20:00+01:00,[59],[1]
2026-03-22T16:19:00+01:00,[59],[1]
2026-03-22T16:18:00+01:00,[59],[1]
2026-03-22T16:17:00+01:00,[59],[1]
2026-03-22T16:16:00+01:00,[59],[1]
2026-03-22T16:15:00+01:00,[59],[1]
2026-03-22T16:14:00+01:00,[59],[1]
2026-03-22T16:13:00+01:00,[59],[1]
2026-03-22T16:12:00+01:00,[59],[1]
2026-03-22T16:11:00+01:00,[59],[2]
2026-03-22T16:10:00+01:00,[59],[2]
2026-03-22T16:09:00+01:00,[59],[2]
2026-03-22T16:08:00+01:00,[59],[2]
2026-03-22T16:07:00+01:00,[59],[2]
2026-03-22T16:06:00+01:00,[59],[2]
2026-03-22T16:05:00+01:00,[59],[2]
2026-03-22T16:04:00+01:00,[59],[2]
2026-03-22T16:03:00+01:00,[59],[2]
2026-03-22T16:01:00+01:00,[59],[2]
2026-03-22T16:00:00+01:00,[59],[2]
2026-03-22T15:59:00+01:00,[59],[2]
2026-03-22T15:58:00+01:00,[59],[2]
2026-03-22T15:57:00+01:00,[59],[1]
2026-03-20T15:59:00+01:00,"[3420,840,420,1140]","[1,1,1,2]"
2026-03-20T13:22:00+01:00,"[2640,300,360,240,1260,660,1200,540,900,300,60,300,300,360]","[0,3,3,3,0,1,0,1,0,1,0,0,1,2]"
2026-03-20T18:25:00+01:00,[1860],[2]
2026-03-20T17:36:00+01:00,"[2160,480,300]","[1,2,1]"
2026-03-19T16:59:00+01:00,[59],[2]
2026-03-19T16:58:00+01:00,[59],[2]
2026-03-19T16:57:00+01:00,[59],[2]
2026-03-19T16:56:00+01:00,[59],[2]
2026-03-19T16:55:00+01:00,[59],[2]
2026-03-19T16:54:00+01:00,[59],[2]
2026-03-19T16:53:00+01:00,[59],[2]
2026-03-19T16:52:00+01:00,[59],[2]
2026-03-19T16:51:00+01:00,[59],[2]
2026-03-19T16:50:00+01:00,[59],[2]
2026-03-19T16:49:00+01:00,[59],[2]
2026-03-19T16:48:00+01:00,[59],[2]
2026-03-19T16:47:00+01:00,[59],[2]
2026-03-19T16:46:00+01:00,[59],[2]
2026-03-19T16:45:00+01:00,[59],[2]
2026-03-19T16:44:00+01:00,[59],[2]
2026-03-19T16:43:00+01:00,[59],[2]
2026-03-19T16:42:00+01:00,[59],[1]
2026-03-19T16:41:00+01:00,[59],[1]
2026-03-19T16:40:00+01:00,[59],[1]
2026-03-19T16:39:00+01:00,[59],[1]
2026-03-19T16:38:00+01:00,[59],[1]
2026-03-19T16:37:00+01:00,[59],[1]
2026-03-19T16:36:00+01:00,[59],[1]
2026-03-19T16:35:00+01:00,[59],[1]
2026-03-19T16:34:00+01:00,[59],[1]
2026-03-19T16:33:00+01:00,[59],[1]
2026-03-19T16:32:00+01:00,[59],[1]
2026-03-19T16:31:00+01:00,[59],[2]
2026-03-19T16:30:00+01:00,[59],[2]
2026-03-19T16:29:00+01:00,[59],[2]
2026-03-19T16:28:00+01:00,[59],[2]
2026-03-19T16:27:00+01:00,[59],[2]
2026-03-19T16:26:00+01:00,[59],[2]
2026-03-19T16:25:00+01:00,[59],[2]
2026-03-19T16:24:00+01:00,[59],[2]
2026-03-19T16:23:00+01:00,[59],[2]
2026-03-19T16:22:00+01:00,[59],[2]
2026-03-19T16:21:00+01:00,[59],[2]
2026-03-19T16:20:00+01:00,[59],[2]
2026-03-19T16:19:00+01:00,[59],[2]
2026-03-19T16:18:00+01:00,[59],[2]
2026-03-19T16:17:00+01:00,[59],[2]
2026-03-19T16:16:00+01:00,[59],[2]
2026-03-19T16:15:00+01:00,[59],[2]
2026-03-19T16:14:00+01:00,[59],[2]
2026-03-19T16:13:00+01:00,[59],[1]
2026-03-19T16:12:00+01:00,[59],[1]
2026-03-19T16:11:00+01:00,[59],[1]
2026-03-19T16:10:00+01:00,[59],[1]
2026-03-18T16:59:00+01:00,[59],[2]
2026-03-18T16:58:00+01:00,[59],[2]
2026-03-18T16:57:00+01:00,[59],[2]
2026-03-18T16:56:00+01:00,[59],[2]
2026-03-18T16:55:00+01:00,[59],[2]
2026-03-18T16:54:00+01:00,[59],[1]
2026-03-18T16:53:00+01:00,[59],[1]
2026-03-18T16:52:00+01:00,[59],[1]
2026-03-18T16:51:00+01:00,[59],[1]
2026-03-18T16:50:00+01:00,[59],[1]
2026-03-18T16:49:00+01:00,[59],[1]
2026-03-18T16:48:00+01:00,[59],[1]
2026-03-18T16:47:00+01:00,[59],[1]
2026-03-18T16:46:00+01:00,[59],[1]
2026-03-18T16:45:00+01:00,[59],[1]
2026-03-18T16:44:00+01:00,[59],[1]
2026-03-18T16:43:00+01:00,[59],[1]
2026-03-18T16:42:00+01:00,[59],[1]
2026-03-18T16:41:00+01:00,[59],[1]
2026-03-18T16:40:00+01:00,[59],[1]
2026-03-18T16:39:00+01:00,[59],[1]
2026-03-18T16:38:00+01:00,[59],[1]
2026-03-18T16:37:00+01:00,[59],[1]
2026-03-18T16:36:00+01:00,[59],[1]
2026-03-18T16:35:00+01:00,[59],[1]
2026-03-18T16:34:00+01:00,[59],[1]
2026-03-18T16:33:00+01:00,[59],[1]
2026-03-18T16:32:00+01:00,[59],[1]
2026-03-18T16:31:00+01:00,[59],[1]
2026-03-18T16:30:00+01:00,[59],[1]
2026-03-18T16:29:00+01:00,[59],[1]
2026-03-18T16:28:00+01:00,[59],[1]
2026-03-18T16:27:00+01:00,[59],[1]
2026-03-18T16:26:00+01:00,[59],[2]
2026-03-18T16:25:00+01:00,[59],[2]
2026-03-18T16:24:00+01:00,[59],[2]
2026-03-18T16:23:00+01:00,[59],[2]
2026-03-18T16:22:00+01:00,[59],[2]
2026-03-18T16:21:00+01:00,[59],[2]
2026-03-18T16:20:00+01:00,[59],[2]
2026-03-18T16:19:00+01:00,[59],[2]
2026-03-18T16:18:00+01:00,[59],[2]
2026-03-18T16:17:00+01:00,[59],[2]
2026-03-18T16:16:00+01:00,[59],[2]
2026-03-18T16:15:00+01:00,[59],[2]
2026-03-18T16:14:00+01:00,[59],[2]
2026-03-18T16:13:00+01:00,[59],[2]
2026-03-18T16:12:00+01:00,[59],[2]
2026-03-18T16:11:00+01:00,[59],[2]
2026-03-18T16:10:00+01:00,[59],[2]
2026-03-18T16:09:00+01:00,[59],[2]
2026-03-18T16:08:00+01:00,[59],[2]
2026-03-18T16:07:00+01:00,[59],[2]
2026-03-18T16:06:00+01:00,[59],[2]
2026-03-18T16:05:00+01:00,[59],[2]
2026-03-18T16:04:00+01:00,[59],[2]
2026-03-18T16:03:00+01:00,[59],[2]
2026-03-18T16:01:00+01:00,[59],[2]
2026-03-18T16:00:00+01:00,[59],[2]
2026-03-18T15:59:00+01:00,[59],[2]
2026-03-18T15:58:00+01:00,[59],[2]
2026-03-18T15:57:00+01:00,[59],[2]
2026-03-18T14:59:00+01:00,"[240,1800,180]","[0,1,2]"
2026-03-18T13:51:00+01:00,"[1080,300,540,60,60,120,300,540]","[0,1,2,0,0,0,0,1]"
2026-03-16T16:59:00+01:00,[59],[3]
2026-03-16T16:58:00+01:00,[59],[3]
2026-03-16T16:57:00+01:00,[59],[3]
2026-03-16T16:56:00+01:00,[59],[3]
2026-03-16T16:55:00+01:00,[59],[3]
2026-03-16T16:54:00+01:00,[59],[3]
2026-03-16T16:53:00+01:00,[59],[3]
2026-03-16T16:52:00+01:00,[59],[3]
2026-03-16T16:51:00+01:00,[59],[3]
2026-03-16T16:50:00+01:00,[59],[3]
2026-03-16T16:49:00+01:00,[59],[3]
2026-03-16T16:48:00+01:00,[59],[3]
2026-03-16T16:47:00+01:00,[59],[3]
2026-03-16T16:46:00+01:00,[59],[3]
2026-03-16T16:45:00+01:00,[59],[3]
2026-03-16T16:44:00+01:00,[59],[3]
2026-03-16T16:43:00+01:00,[59],[3]
2026-03-16T16:42:00+01:00,[59],[1]
2026-03-16T16:41:00+01:00,[59],[1]
2026-03-16T16:40:00+01:00,[59],[1]
2026-03-16T16:39:00+01:00,[59],[1]
2026-03-16T16:38:00+01:00,[59],[1]
2026-03-16T16:37:00+01:00,[59],[1]
2026-03-16T16:36:00+01:00,[59],[1]
2026-03-16T16:35:00+01:00,[59],[1]
2026-03-16T16:34:00+01:00,[59],[1]
2026-03-16T16:33:00+01:00,[59],[1]
2026-03-16T16:32:00+01:00,[59],[1]
2026-03-16T16:31:00+01:00,[59],[1]
2026-03-16T16:30:00+01:00,[59],[1]
2026-03-16T16:29:00+01:00,[59],[1]
2026-03-16T16:28:00+01:00,[59],[1]
2026-03-16T16:27:00+01:00,[59],[2]
2026-03-16T16:26:00+01:00,[59],[2]
2026-03-16T16:25:00+01:00,[59],[2]
2026-03-16T16:24:00+01:00,[59],[2]
2026-03-16T16:23:00+01:00,[59],[2]
2026-03-16T16:22:00+01:00,[59],[2]
2026-03-16T16:21:00+01:00,[59],[2]
2026-03-16T16:20:00+01:00,[59],[2]
2026-03-16T16:19:00+01:00,[59],[2]
2026-03-16T16:18:00+01:00,[59],[2]
2026-03-16T16:17:00+01:00,[59],[2]
2026-03-16T16:16:00+01:00,[59],[2]
2026-03-16T16:15:00+01:00,[59],[2]
2026-03-16T16:14:00+01:00,[59],[2]
2026-03-16T16:13:00+01:00,[59],[2]
2026-03-16T16:12:00+01:00,[59],[2]
2026-03-16T16:11:00+01:00,[59],[2]
2026-03-16T16:10:00+01:00,[59],[2]
2026-03-16T16:09:00+01:00,[59],[2]
2026-03-16T16:08:00+01:00,[59],[2]
2026-03-16T16:07:00+01:00,[59],[2]
2026-03-16T16:06:00+01:00,[59],[2]
2026-03-16T16:05:00+01:00,[59],[2]
2026-03-16T16:04:00+01:00,[59],[2]
2026-03-15T13:34:00+01:00,"[300,480,1260,1020,360,840,360,60,600,481,119]","[0,1,2,3,0,3,2,1,1,3,2]"
2026-03-15T16:59:00+01:00,[59],[2]
2026-03-15T16:58:00+01:00,[59],[2]
2026-03-15T16:57:00+01:00,[59],[2]
2026-03-15T16:56:00+01:00,[59],[2]
2026-03-15T16:55:00+01:00,[59],[2]
2026-03-15T16:54:00+01:00,[59],[2]
2026-03-15T16:53:00+01:00,[59],[1]
2026-03-15T16:52:00+01:00,[59],[1]
2026-03-15T16:51:00+01:00,[59],[1]
2026-03-15T16:50:00+01:00,[59],[1]
2026-03-15T16:49:00+01:00,[59],[1]
2026-03-15T16:48:00+01:00,[59],[1]
2026-03-15T16:47:00+01:00,[59],[1]
2026-03-15T16:46:00+01:00,[59],[1]
2026-03-15T16:45:00+01:00,[59],[1]
2026-03-15T16:44:00+01:00,[59],[1]
2026-03-15T16:43:00+01:00,[59],[1]
2026-03-15T16:42:00+01:00,[59],[2]
2026-03-15T16:41:00+01:00,[59],[2]
2026-03-15T16:40:00+01:00,[59],[2]
2026-03-15T16:39:00+01:00,[59],[2]
2026-03-15T16:38:00+01:00,[59],[2]
2026-03-15T16:37:00+01:00,[59],[2]
2026-03-15T16:36:00+01:00,[59],[2]
2026-03-15T16:35:00+01:00,[59],[2]
2026-03-15T16:34:00+01:00,[59],[2]
2026-03-15T16:33:00+01:00,[59],[2]
2026-03-15T16:32:00+01:00,[59],[2]
2026-03-15T16:31:00+01:00,[59],[2]
2026-03-15T16:30:00+01:00,[59],[2]
2026-03-15T16:29:00+01:00,[59],[2]
2026-03-15T16:28:00+01:00,[59],[2]
2026-03-15T16:27:00+01:00,[59],[1]
2026-03-15T16:26:00+01:00,[59],[1]
2026-03-15T16:25:00+01:00,[59],[1]
2026-03-15T16:24:00+01:00,[59],[1]
2026-03-15T16:23:00+01:00,[59],[1]
2026-03-15T16:22:00+01:00,[59],[1]
2026-03-15T16:21:00+01:00,[59],[1]
2026-03-15T16:20:00+01:00,[59],[1]
2026-03-15T16:19:00+01:00,[59],[1]
2026-03-15T16:18:00+01:00,[59],[1]
2026-03-15T16:17:00+01:00,[59],[1]
2026-03-15T16:16:00+01:00,[59],[1]
2026-03-15T16:15:00+01:00,[59],[1]
2026-03-15T16:14:00+01:00,[59],[1]
2026-03-15T16:13:00+01:00,[59],[1]
2026-03-15T16:12:00+01:00,[59],[1]
2026-03-15T16:08:00+01:00,[59],[0]
2026-03-15T16:07:00+01:00,[59],[0]
2026-03-15T16:06:00+01:00,[59],[0]
2026-03-15T16:05:00+01:00,[59],[0]
2026-03-15T16:04:00+01:00,[59],[0]
2026-03-15T16:03:00+01:00,[59],[0]
2026-03-15T16:01:00+01:00,[59],[0]
2026-03-15T16:00:00+01:00,[59],[0]
2026-03-15T15:59:00+01:00,[59],[0]
2026-03-15T15:58:00+01:00,[59],[0]
2026-03-15T15:57:00+01:00,[59],[0]
2026-03-15T15:56:00+01:00,[59],[0]
2026-03-15T15:55:00+01:00,[59],[0]
2026-03-15T15:54:00+01:00,[59],[0]
2026-03-15T15:53:00+01:00,[59],[0]
2026-03-15T15:52:00+01:00,[59],[0]
2026-03-15T15:51:00+01:00,[59],[0]
2026-03-15T15:48:00+01:00,[59],[1]
2026-03-15T15:47:00+01:00,[59],[1]
2026-03-15T15:46:00+01:00,[59],[1]
2026-03-15T15:45:00+01:00,[59],[1]
2026-03-15T15:44:00+01:00,[59],[1]
2026-03-15T15:43:00+01:00,[59],[1]
2026-03-15T15:42:00+01:00,[59],[1]
2026-03-15T15:41:00+01:00,[59],[1]
2026-03-15T15:40:00+01:00,[59],[1]
2026-03-15T15:39:00+01:00,[59],[1]
2026-03-15T15:38:00+01:00,[59],[1]
2026-03-15T15:37:00+01:00,[59],[0]
2026-03-15T15:36:00+01:00,[59],[0]
2026-03-15T15:35:00+01:00,[59],[0]
2026-03-15T15:34:00+01:00,[59],[0]
2026-03-15T15:33:00+01:00,[59],[0]
2026-03-15T15:32:00+01:00,[59],[0]
2026-03-15T15:31:00+01:00,[59],[0]
2026-03-15T15:30:00+01:00,[59],[0]
2026-03-15T15:29:00+01:00,[59],[0]
2026-03-15T15:28:00+01:00,[59],[0]
2026-03-15T15:27:00+01:00,[59],[0]
2026-03-15T15:26:00+01:00,[59],[0]
2026-03-15T15:25:00+01:00,[59],[0]
2026-03-15T15:24:00+01:00,[59],[0]
2026-03-15T15:23:00+01:00,[59],[0]
2026-03-15T15:22:00+01:00,[59],[0]
2026-03-15T15:21:00+01:00,[59],[0]
2026-03-15T15:20:00+01:00,[59],[0]
2026-03-15T15:19:00+01:00,[59],[0]
2026-03-15T15:18:00+01:00,[59],[0]
2026-03-15T15:17:00+01:00,[59],[0]
2026-03-14T16:59:00+01:00,[59],[1]
2026-03-14T16:58:00+01:00,[59],[1]
2026-03-14T16:57:00+01:00,[59],[1]
2026-03-14T16:56:00+01:00,[59],[1]
2026-03-14T16:55:00+01:00,[59],[1]
2026-03-14T16:54:00+01:00,[59],[1]
2026-03-14T16:53:00+01:00,[59],[1]
2026-03-14T16:52:00+01:00,[59],[1]
2026-03-14T16:51:00+01:00,[59],[1]
2026-03-14T16:50:00+01:00,[59],[1]
2026-03-14T16:49:00+01:00,[59],[1]
2026-03-14T16:48:00+01:00,[59],[1]
2026-03-14T16:47:00+01:00,[59],[1]
2026-03-14T16:46:00+01:00,[59],[1]
2026-03-14T16:45:00+01:00,[59],[1]
2026-03-14T16:44:00+01:00,[59],[1]
2026-03-14T16:43:00+01:00,[59],[1]
2026-03-14T16:42:00+01:00,[59],[1]
2026-03-14T16:41:00+01:00,[59],[1]
2026-03-14T16:40:00+01:00,[59],[1]
2026-03-14T16:39:00+01:00,[59],[1]
2026-03-14T16:38:00+01:00,[59],[1]
2026-03-14T16:37:00+01:00,[59],[1]
2026-03-14T16:36:00+01:00,[59],[1]
2026-03-14T16:35:00+01:00,[59],[1]
2026-03-14T16:34:00+01:00,[59],[1]
2026-03-14T16:33:00+01:00,[59],[1]
2026-03-14T16:32:00+01:00,[59],[3]
2026-03-14T16:31:00+01:00,[59],[3]
2026-03-14T16:30:00+01:00,[59],[3]
2026-03-14T16:29:00+01:00,[59],[3]
2026-03-14T16:28:00+01:00,[59],[3]
2026-03-14T16:27:00+01:00,[59],[3]
2026-03-14T16:26:00+01:00,[59],[3]
2026-03-14T16:25:00+01:00,[59],[3]
2026-03-14T16:24:00+01:00,[59],[3]
2026-03-14T16:23:00+01:00,[59],[3]
2026-03-14T16:22:00+01:00,[59],[3]
2026-03-14T16:21:00+01:00,[59],[3]
2026-03-14T16:20:00+01:00,[59],[3]
2026-03-14T16:19:00+01:00,[59],[3]
2026-03-14T16:18:00+01:00,[59],[3]
2026-03-14T16:17:00+01:00,[59],[3]
2026-03-14T16:16:00+01:00,[59],[3]
2026-03-14T16:15:00+01:00,[59],[3]
2026-03-14T16:14:00+01:00,[59],[3]
2026-03-14T16:13:00+01:00,[59],[3]
2026-03-14T16:12:00+01:00,[59],[3]
2026-03-14T16:11:00+01:00,[59],[3]
2026-03-14T16:10:00+01:00,[59],[3]
2026-03-14T16:09:00+01:00,[59],[2]
2026-03-14T16:08:00+01:00,[59],[2]
2026-03-14T16:07:00+01:00,[59],[2]
2026-03-14T16:06:00+01:00,[59],[2]
2026-03-14T16:05:00+01:00,[59],[2]
2026-03-14T16:04:00+01:00,[59],[2]
2026-03-14T16:03:00+01:00,[59],[2]
2026-03-14T16:02:00+01:00,[59],[2]
2026-03-14T16:01:00+01:00,[59],[2]
2026-03-14T16:00:00+01:00,[59],[2]
2026-03-14T15:59:00+01:00,[59],[2]
2026-03-14T15:58:00+01:00,[59],[2]
2026-03-14T15:57:00+01:00,[59],[2]
2026-03-14T15:56:00+01:00,[59],[2]
2026-03-14T15:55:00+01:00,[59],[2]
2026-03-14T15:54:00+01:00,[59],[2]
2026-03-14T15:53:00+01:00,[59],[2]
2026-03-14T15:52:00+01:00,[59],[2]
2026-03-14T15:51:00+01:00,[59],[2]
2026-03-14T15:50:00+01:00,[59],[2]
2026-03-14T15:49:00+01:00,[59],[2]
2026-03-14T15:48:00+01:00,[59],[2]
2026-03-14T15:47:00+01:00,[59],[2]
2026-03-14T15:46:00+01:00,[59],[2]
2026-03-14T15:45:00+01:00,[59],[2]
2026-03-14T15:44:00+01:00,[59],[2]
2026-03-14T15:43:00+01:00,[59],[2]
2026-03-14T15:42:00+01:00,[59],[2]
2026-03-14T15:41:00+01:00,[59],[2]
2026-03-14T15:40:00+01:00,[59],[2]
2026-03-14T15:39:00+01:00,[59],[2]
2026-03-14T15:38:00+01:00,[59],[2]
2026-03-14T15:37:00+01:00,[59],[2]
2026-03-14T15:36:00+01:00,[59],[2]
2026-03-14T15:35:00+01:00,[59],[2]
2026-03-14T15:34:00+01:00,[59],[2]
2026-03-14T15:33:00+01:00,[59],[2]
2026-03-14T15:32:00+01:00,[59],[2]
2026-03-14T15:31:00+01:00,[59],[2]
2026-03-14T15:30:00+01:00,[59],[2]
2026-03-14T15:29:00+01:00,[59],[2]
2026-03-14T15:28:00+01:00,[59],[2]
2026-03-14T15:27:00+01:00,[59],[2]
2026-03-14T15:26:00+01:00,[59],[2]
2026-03-14T15:25:00+01:00,[59],[2]
2026-03-14T15:24:00+01:00,[59],[1]
2026-03-14T15:23:00+01:00,[59],[1]
2026-03-14T15:22:00+01:00,[59],[1]
2026-03-14T15:21:00+01:00,[59],[1]
2026-03-14T15:20:00+01:00,[59],[1]
2026-03-13T16:59:00+01:00,[59],[3]
2026-03-13T16:58:00+01:00,[59],[3]
2026-03-13T16:57:00+01:00,[59],[3]
2026-03-13T16:56:00+01:00,[59],[3]
2026-03-13T16:55:00+01:00,[59],[3]
2026-03-13T16:54:00+01:00,[59],[3]
2026-03-13T16:53:00+01:00,[59],[3]
2026-03-13T16:52:00+01:00,[59],[3]
2026-03-13T16:51:00+01:00,[59],[3]
2026-03-13T16:50:00+01:00,[59],[3]
2026-03-13T16:49:00+01:00,[59],[3]
2026-03-13T16:48:00+01:00,[59],[2]
2026-03-13T16:47:00+01:00,[59],[2]
2026-03-13T16:46:00+01:00,[59],[2]
2026-03-13T16:45:00+01:00,[59],[2]
2026-03-13T16:44:00+01:00,[59],[2]
2026-03-13T16:43:00+01:00,[59],[2]
2026-03-13T16:42:00+01:00,[59],[2]
2026-03-13T16:41:00+01:00,[59],[2]
2026-03-13T16:40:00+01:00,[59],[2]
2026-03-13T16:39:00+01:00,[59],[2]
2026-03-13T16:38:00+01:00,[59],[2]
2026-03-13T16:37:00+01:00,[59],[2]
2026-03-13T16:36:00+01:00,[59],[2]
2026-03-13T16:35:00+01:00,[59],[2]
2026-03-13T16:34:00+01:00,[59],[2]
2026-03-13T16:33:00+01:00,[59],[2]
2026-03-13T16:32:00+01:00,[59],[2]
2026-03-13T16:31:00+01:00,[59],[2]
2026-03-13T16:30:00+01:00,[59],[2]
2026-03-13T16:29:00+01:00,[59],[2]
2026-03-13T16:28:00+01:00,[59],[2]
2026-03-13T16:27:00+01:00,[59],[2]
2026-03-13T16:26:00+01:00,[59],[2]
2026-03-13T16:25:00+01:00,[59],[2]
2026-03-13T16:24:00+01:00,[59],[2]
2026-03-13T16:23:00+01:00,[59],[2]
2026-03-13T16:22:00+01:00,[59],[2]
2026-03-13T16:21:00+01:00,[59],[2]
2026-03-13T16:20:00+01:00,[59],[2]
2026-03-13T16:19:00+01:00,[59],[2]
2026-03-13T16:18:00+01:00,[59],[2]
2026-03-13T16:17:00+01:00,[59],[2]
2026-03-13T16:16:00+01:00,[59],[2]
2026-03-13T16:15:00+01:00,[59],[1]
2026-03-13T16:14:00+01:00,[59],[1]
2026-03-13T16:13:00+01:00,[59],[1]
2026-03-13T16:12:00+01:00,[59],[1]
2026-03-13T16:11:00+01:00,[59],[1]
2026-03-13T16:10:00+01:00,[59],[1]
2026-03-13T16:09:00+01:00,[59],[1]
2026-03-13T16:08:00+01:00,[59],[1]
2026-03-13T16:07:00+01:00,[59],[1]
2026-03-13T14:10:00+01:00,"[1260,300,660,240,180,360,300,120,240,240,60,240,60,300,60,60]","[0,1,2,2,2,1,1,2,2,1,1,1,1,2,3,3]"
2026-03-12T16:59:00+01:00,[59],[1]
2026-03-12T16:58:00+01:00,[59],[1]
2026-03-12T16:57:00+01:00,[59],[1]
2026-03-12T16:56:00+01:00,[59],[1]
2026-03-12T16:55:00+01:00,[59],[1]
2026-03-12T16:54:00+01:00,[59],[1]
2026-03-12T16:53:00+01:00,[59],[1]
2026-03-12T16:52:00+01:00,[59],[1]
2026-03-12T16:51:00+01:00,[59],[1]
2026-03-12T16:50:00+01:00,[59],[1]
2026-03-12T16:49:00+01:00,[59],[1]
2026-03-12T16:48:00+01:00,[59],[1]
2026-03-12T16:47:00+01:00,[59],[1]
2026-03-12T16:46:00+01:00,[59],[1]
2026-03-12T16:45:00+01:00,[59],[1]
2026-03-12T16:44:00+01:00,[59],[1]
2026-03-12T16:43:00+01:00,[59],[1]
2026-03-12T16:42:00+01:00,[59],[1]
2026-03-12T16:41:00+01:00,[59],[1]
2026-03-12T16:40:00+01:00,[59],[1]
2026-03-12T16:39:00+01:00,[59],[1]
2026-03-12T16:38:00+01:00,[59],[1]
2026-03-12T16:37:00+01:00,[59],[1]
2026-03-12T16:36:00+01:00,[59],[1]
2026-03-12T16:35:00+01:00,[59],[1]
2026-03-12T16:34:00+01:00,[59],[1]
2026-03-12T16:33:00+01:00,[59],[1]
2026-03-12T16:32:00+01:00,[59],[1]
2026-03-12T16:31:00+01:00,[59],[2]
2026-03-12T16:30:00+01:00,[59],[2]
2026-03-12T16:29:00+01:00,[59],[2]
2026-03-12T16:28:00+01:00,[59],[2]
2026-03-12T16:27:00+01:00,[59],[2]
2026-03-12T16:26:00+01:00,[59],[2]
2026-03-12T16:25:00+01:00,[59],[2]
2026-03-12T16:24:00+01:00,[59],[2]
2026-03-12T16:23:00+01:00,[59],[2]
2026-03-12T16:22:00+01:00,[59],[2]
2026-03-12T16:21:00+01:00,[59],[2]
2026-03-12T16:20:00+01:00,[59],[2]
2026-03-12T16:19:00+01:00,[59],[2]
2026-03-12T16:18:00+01:00,[59],[2]
2026-03-12T16:17:00+01:00,[59],[2]
2026-03-12T16:16:00+01:00,[59],[2]
2026-03-12T16:15:00+01:00,[59],[3]
2026-03-12T16:14:00+01:00,[59],[3]
2026-03-12T16:13:00+01:00,[59],[3]
2026-03-12T16:12:00+01:00,[59],[3]
2026-03-12T16:11:00+01:00,[59],[3]
2026-03-12T16:10:00+01:00,[59],[3]
2026-03-12T16:09:00+01:00,[59],[3]
2026-03-11T16:59:00+01:00,[59],[1]
2026-03-11T16:58:00+01:00,[59],[1]
2026-03-11T16:57:00+01:00,[59],[1]
2026-03-11T16:56:00+01:00,[59],[1]
2026-03-11T16:55:00+01:00,[59],[1]
2026-03-11T16:54:00+01:00,[59],[1]
2026-03-11T16:53:00+01:00,[59],[1]
2026-03-11T16:52:00+01:00,[59],[1]
2026-03-11T16:51:00+01:00,[59],[1]
2026-03-11T16:50:00+01:00,[59],[1]
2026-03-11T16:49:00+01:00,[59],[1]
2026-03-11T16:48:00+01:00,[59],[1]
2026-03-11T16:47:00+01:00,[59],[1]
2026-03-11T16:46:00+01:00,[59],[1]
2026-03-11T16:45:00+01:00,[59],[3]
2026-03-11T16:44:00+01:00,[59],[3]
2026-03-11T16:43:00+01:00,[59],[3]
2026-03-11T16:42:00+01:00,[59],[3]
2026-03-11T16:41:00+01:00,[59],[3]
2026-03-11T16:40:00+01:00,[59],[3]
2026-03-11T16:39:00+01:00,[59],[3]
2026-03-11T16:38:00+01:00,[59],[3]
2026-03-11T16:37:00+01:00,[59],[3]
2026-03-11T16:36:00+01:00,[59],[3]
2026-03-11T16:35:00+01:00,[59],[3]
2026-03-11T16:34:00+01:00,[59],[3]
2026-03-11T16:33:00+01:00,[59],[3]
2026-03-11T16:32:00+01:00,[59],[3]
2026-03-11T16:31:00+01:00,[59],[3]
2026-03-11T16:30:00+01:00,[59],[3]
2026-03-11T16:29:00+01:00,[59],[3]
2026-03-11T16:28:00+01:00,[59],[3]
2026-03-11T16:27:00+01:00,[59],[3]
2026-03-11T16:26:00+01:00,[59],[3]
2026-03-11T16:25:00+01:00,[59],[3]
2026-03-11T16:24:00+01:00,[59],[3]
2026-03-11T16:23:00+01:00,[59],[3]
2026-03-11T16:22:00+01:00,[59],[3]
2026-03-11T16:21:00+01:00,[59],[3]
2026-03-11T16:20:00+01:00,[59],[3]
2026-03-11T16:19:00+01:00,[59],[3]
2026-03-11T16:18:00+01:00,[59],[2]
2026-03-11T16:17:00+01:00,[59],[2]
2026-03-11T16:16:00+01:00,[59],[2]
2026-03-11T16:15:00+01:00,[59],[2]
2026-03-11T16:14:00+01:00,[59],[2]
2026-03-11T16:13:00+01:00,[59],[2]
2026-03-11T16:12:00+01:00,[59],[2]
2026-03-11T16:11:00+01:00,[59],[2]
2026-03-11T16:10:00+01:00,[59],[2]
2026-03-11T16:09:00+01:00,[59],[2]
2026-03-11T16:08:00+01:00,[59],[2]
2026-03-11T16:07:00+01:00,[59],[2]
2026-03-11T16:06:00+01:00,[59],[2]
2026-03-11T16:05:00+01:00,[59],[2]
2026-03-11T16:04:00+01:00,[59],[2]
2026-03-11T16:03:00+01:00,[59],[2]
2026-03-11T16:02:00+01:00,[59],[2]
2026-03-11T16:01:00+01:00,[59],[2]
2026-03-11T16:00:00+01:00,[59],[2]
2026-03-11T15:59:00+01:00,[59],[2]
2026-03-11T15:58:00+01:00,[59],[2]
2026-03-11T15:57:00+01:00,[59],[2]
2026-03-11T15:56:00+01:00,[59],[2]
2026-03-11T15:55:00+01:00,[59],[2]
2026-03-11T15:54:00+01:00,[59],[2]
2026-03-11T15:53:00+01:00,[59],[2]
2026-03-11T15:52:00+01:00,[59],[2]
2026-03-11T15:51:00+01:00,[59],[2]
2026-03-11T15:50:00+01:00,[59],[2]
2026-03-11T15:49:00+01:00,[59],[2]
2026-03-11T15:48:00+01:00,[59],[2]
2026-03-11T15:47:00+01:00,[59],[2]
2026-03-11T15:46:00+01:00,[59],[2]
2026-03-11T15:45:00+01:00,[59],[2]
2026-03-11T15:44:00+01:00,[59],[2]
2026-03-11T15:43:00+01:00,[59],[2]
2026-03-11T15:42:00+01:00,[59],[2]
2026-03-11T15:41:00+01:00,[59],[1]
2026-03-11T15:40:00+01:00,[59],[1]
2026-03-11T15:39:00+01:00,[59],[1]
2026-03-11T15:38:00+01:00,[59],[1]
2026-03-11T15:37:00+01:00,[59],[1]
2026-03-11T15:36:00+01:00,[59],[1]
2026-03-10T17:25:01+01:00,"[4499,180]","[2,2]"
2026-03-10T16:18:00+01:00,"[240,300,840,961,1559,121]","[0,1,2,1,2,2]"
2026-03-09T16:59:00+01:00,[59],[1]
2026-03-09T16:58:00+01:00,[59],[1]
2026-03-09T16:57:00+01:00,[59],[1]
2026-03-09T16:56:00+01:00,[59],[1]
2026-03-09T16:55:00+01:00,[59],[1]
2026-03-09T16:54:00+01:00,[59],[1]
2026-03-09T16:53:00+01:00,[59],[1]
2026-03-09T16:52:00+01:00,[59],[1]
2026-03-09T16:51:00+01:00,[59],[1]
2026-03-09T16:50:00+01:00,[59],[1]
2026-03-09T16:49:00+01:00,[59],[1]
2026-03-09T16:48:00+01:00,[59],[1]
2026-03-09T16:47:00+01:00,[59],[1]
2026-03-09T16:46:00+01:00,[59],[2]
2026-03-09T16:45:00+01:00,[59],[2]
2026-03-09T16:44:00+01:00,[59],[2]
2026-03-09T16:43:00+01:00,[59],[2]
2026-03-09T16:42:00+01:00,[59],[2]
2026-03-09T16:41:00+01:00,[59],[2]
2026-03-09T16:40:00+01:00,[59],[2]
2026-03-09T16:39:00+01:00,[59],[2]
2026-03-09T16:38:00+01:00,[59],[2]
2026-03-09T16:37:00+01:00,[59],[2]
2026-03-09T16:36:00+01:00,[59],[2]
2026-03-09T16:35:00+01:00,[59],[1]
2026-03-09T16:34:00+01:00,[59],[1]
2026-03-09T16:33:00+01:00,[59],[1]
2026-03-09T16:32:00+01:00,[59],[1]
2026-03-09T16:31:00+01:00,[59],[1]
2026-03-08T16:57:00+01:00,[59],[1]
2026-03-08T16:56:00+01:00,[59],[1]
2026-03-08T16:55:00+01:00,[59],[1]
2026-03-08T16:54:00+01:00,[59],[1]
2026-03-08T16:53:00+01:00,[59],[1]
2026-03-08T16:52:00+01:00,[59],[1]
2026-03-08T16:51:00+01:00,[59],[1]
2026-03-08T16:50:00+01:00,[59],[1]
2026-03-08T16:49:00+01:00,[59],[1]
2026-03-08T16:48:00+01:00,[59],[1]
2026-03-08T16:47:00+01:00,[59],[1]
2026-03-08T16:46:00+01:00,[59],[1]
2026-03-08T16:45:00+01:00,[59],[1]
2026-03-08T16:44:00+01:00,[59],[1]
2026-03-08T16:43:00+01:00,[59],[1]
2026-03-08T16:42:00+01:00,[59],[1]
2026-03-08T16:41:00+01:00,[59],[1]
2026-03-08T16:40:00+01:00,[59],[1]
2026-03-08T16:39:00+01:00,[59],[1]
2026-03-08T16:38:00+01:00,[59],[1]
2026-03-08T16:37:00+01:00,[59],[1]
2026-03-08T16:36:00+01:00,[59],[1]
2026-03-08T16:35:00+01:00,[59],[1]
2026-03-08T16:34:00+01:00,[59],[1]
2026-03-08T16:33:00+01:00,[59],[1]
2026-03-08T16:32:00+01:00,[59],[1]
2026-03-08T16:31:00+01:00,[59],[1]
2026-03-08T16:30:00+01:00,[59],[1]
2026-03-08T16:29:00+01:00,[59],[1]
2026-03-08T16:28:00+01:00,[59],[1]
2026-03-08T16:27:00+01:00,[59],[1]
2026-03-08T16:26:00+01:00,[59],[1]
2026-03-08T16:25:00+01:00,[59],[1]
2026-03-08T16:24:00+01:00,[59],[1]
2026-03-08T16:23:00+01:00,[59],[1]
2026-03-08T16:22:00+01:00,[59],[1]
2026-03-08T16:21:00+01:00,[59],[1]
2026-03-08T16:20:00+01:00,[59],[1]
2026-03-08T16:19:00+01:00,[59],[1]
2026-03-08T16:18:00+01:00,[59],[1]
2026-03-08T16:17:00+01:00,[59],[1]
2026-03-08T16:16:00+01:00,[59],[1]
2026-03-08T16:15:00+01:00,[59],[1]
2026-03-08T16:14:00+01:00,[59],[1]
2026-03-08T16:13:00+01:00,[59],[1]
2026-03-08T16:12:00+01:00,[59],[1]
2026-03-08T16:11:00+01:00,[59],[1]
2026-03-08T16:10:00+01:00,[59],[1]
2026-03-08T16:09:00+01:00,[59],[1]
2026-03-08T16:08:00+01:00,[59],[1]
2026-03-08T16:07:00+01:00,[59],[1]
2026-03-08T16:06:00+01:00,[59],[1]
2026-03-08T16:05:00+01:00,[59],[1]
2026-03-08T16:04:00+01:00,[59],[1]
2026-03-08T16:03:00+01:00,[59],[1]
2026-03-08T16:01:00+01:00,[59],[1]
2026-03-08T16:00:00+01:00,[59],[1]
2026-03-08T15:59:00+01:00,[59],[1]
2026-03-08T15:58:00+01:00,[59],[1]
2026-03-08T15:57:00+01:00,[59],[1]
2026-03-08T15:56:00+01:00,[59],[1]
2026-03-08T15:55:00+01:00,[59],[2]
2026-03-08T15:54:00+01:00,[59],[2]
2026-03-08T15:53:00+01:00,[59],[2]
2026-03-08T15:52:00+01:00,[59],[2]
2026-03-08T15:51:00+01:00,[59],[2]
2026-03-08T15:50:00+01:00,[59],[2]
2026-03-08T15:49:00+01:00,[59],[2]
2026-03-08T15:48:00+01:00,[59],[2]
2026-03-08T15:47:00+01:00,[59],[2]
2026-03-08T15:46:00+01:00,[59],[2]
2026-03-08T15:45:00+01:00,[59],[2]
2026-03-08T15:44:00+01:00,[59],[2]
2026-03-08T15:43:00+01:00,[59],[1]
2026-03-08T15:42:00+01:00,[59],[1]
2026-03-08T15:41:00+01:00,[59],[1]
2026-03-08T15:40:00+01:00,[59],[1]
2026-03-08T15:39:00+01:00,[59],[1]
2026-03-08T15:38:00+01:00,[59],[1]
2026-03-08T15:37:00+01:00,[59],[1]
2026-03-08T15:36:00+01:00,[59],[1]
2026-03-08T15:35:00+01:00,[59],[1]
2026-03-08T15:34:00+01:00,[59],[1]
2026-03-08T15:33:00+01:00,[59],[1]
2026-03-08T15:32:00+01:00,[59],[1]
2026-03-08T15:31:00+01:00,[59],[1]
2026-03-08T15:30:00+01:00,[59],[3]
2026-03-08T15:29:00+01:00,[59],[3]
2026-03-08T15:28:00+01:00,[59],[3]
2026-03-08T15:27:00+01:00,[59],[3]
2026-03-08T15:26:00+01:00,[59],[3]
2026-03-08T15:25:00+01:00,[59],[3]
2026-03-08T15:24:00+01:00,[59],[3]
2026-03-08T15:23:00+01:00,[59],[3]
2026-03-08T15:22:00+01:00,[59],[3]
2026-03-08T15:21:00+01:00,[59],[3]
2026-03-08T15:20:00+01:00,[59],[3]
2026-03-08T15:19:00+01:00,[59],[3]
2026-03-08T15:18:00+01:00,[59],[3]
2026-03-08T15:17:00+01:00,[59],[2]
2026-03-08T15:16:00+01:00,[59],[2]
2026-03-08T15:15:00+01:00,[59],[2]
2026-03-08T15:14:00+01:00,[59],[2]
2026-03-08T15:13:00+01:00,[59],[2]
2026-03-08T15:12:00+01:00,[59],[2]
2026-03-08T15:11:00+01:00,[59],[2]
2026-03-08T15:10:00+01:00,[59],[2]
2026-03-08T15:09:00+01:00,[59],[2]
2026-03-08T15:08:00+01:00,[59],[2]
2026-03-08T15:07:00+01:00,[59],[2]
2026-03-08T15:06:00+01:00,[59],[2]
2026-03-08T15:05:00+01:00,[59],[2]
2026-03-08T15:04:00+01:00,[59],[2]
2026-03-08T15:03:00+01:00,[59],[2]
2026-03-08T15:02:00+01:00,[59],[2]
2026-03-08T15:01:00+01:00,[59],[2]
2026-03-08T15:00:00+01:00,[59],[2]
2026-03-08T14:59:00+01:00,[59],[2]
2026-03-08T14:58:00+01:00,[59],[2]
2026-03-08T14:57:00+01:00,[59],[2]
2026-03-08T14:56:00+01:00,[59],[2]
2026-03-08T14:55:00+01:00,[59],[2]
2026-03-08T14:54:00+01:00,[59],[2]
2026-03-08T14:53:00+01:00,[59],[2]
2026-03-08T14:52:00+01:00,[59],[2]
2026-03-08T14:51:00+01:00,[59],[2]
2026-03-08T14:50:00+01:00,[59],[2]
2026-03-08T14:49:00+01:00,[59],[2]
2026-03-08T14:48:00+01:00,[59],[2]
2026-03-08T14:47:00+01:00,[59],[2]
2026-03-08T14:46:00+01:00,[59],[2]
2026-03-08T14:45:00+01:00,[59],[2]
2026-03-08T14:44:00+01:00,[59],[2]
2026-03-08T14:43:00+01:00,[59],[2]
2026-03-08T14:42:00+01:00,[59],[2]
2026-03-08T14:41:00+01:00,[59],[2]
2026-03-08T14:40:00+01:00,[59],[2]
2026-03-08T14:39:00+01:00,[59],[2]
2026-03-08T14:38:00+01:00,[59],[2]
2026-03-08T14:37:00+01:00,[59],[2]
2026-03-08T14:36:00+01:00,[59],[2]
2026-03-08T14:35:00+01:00,[59],[2]
2026-03-08T14:34:00+01:00,[59],[2]
2026-03-08T14:33:00+01:00,[59],[1]
2026-03-08T14:32:00+01:00,[59],[1]
2026-03-08T14:31:00+01:00,[59],[1]
2026-03-08T14:30:00+01:00,[59],[1]
2026-03-07T16:59:00+01:00,[59],[1]
2026-03-07T16:58:00+01:00,[59],[1]
2026-03-07T16:57:00+01:00,[59],[1]
2026-03-07T16:56:00+01:00,[59],[1]
2026-03-07T16:55:00+01:00,[59],[1]
2026-03-07T16:54:00+01:00,[59],[1]
2026-03-07T16:53:00+01:00,[59],[1]
2026-03-07T16:52:00+01:00,[59],[2]
2026-03-07T16:51:00+01:00,[59],[2]
2026-03-07T16:50:00+01:00,[59],[2]
2026-03-07T16:49:00+01:00,[59],[2]
2026-03-07T16:48:00+01:00,[59],[2]
2026-03-07T16:47:00+01:00,[59],[2]
2026-03-07T16:46:00+01:00,[59],[2]
2026-03-07T16:45:00+01:00,[59],[2]
2026-03-07T16:44:00+01:00,[59],[2]
2026-03-07T16:43:00+01:00,[59],[2]
2026-03-07T16:42:00+01:00,[59],[2]
2026-03-07T16:41:00+01:00,[59],[2]
2026-03-07T16:40:00+01:00,[59],[2]
2026-03-07T16:39:00+01:00,[59],[2]
2026-03-07T16:38:00+01:00,[59],[2]
2026-03-07T16:37:00+01:00,[59],[2]
2026-03-07T16:36:00+01:00,[59],[2]
2026-03-07T16:35:00+01:00,[59],[2]
2026-03-07T16:34:00+01:00,[59],[2]
2026-03-07T16:33:00+01:00,[59],[2]
2026-03-07T16:32:00+01:00,[59],[2]
2026-03-07T16:31:00+01:00,[59],[2]
2026-03-07T16:30:00+01:00,[59],[2]
2026-03-07T16:29:00+01:00,[59],[2]
2026-03-07T16:28:00+01:00,[59],[2]
2026-03-07T16:27:00+01:00,[59],[2]
2026-03-07T16:26:00+01:00,[59],[2]
2026-03-07T16:25:00+01:00,[59],[2]
2026-03-07T16:24:00+01:00,[59],[2]
2026-03-07T16:23:00+01:00,[59],[2]
2026-03-07T16:22:00+01:00,[59],[2]
2026-03-07T16:21:00+01:00,[59],[2]
2026-03-07T16:20:00+01:00,[59],[2]
2026-03-07T16:19:00+01:00,[59],[2]
2026-03-06T16:48:00+01:00,[59],[1]
2026-03-06T16:47:00+01:00,[59],[1]
2026-03-06T16:46:00+01:00,[59],[1]
2026-03-06T16:45:00+01:00,[59],[1]
2026-03-06T16:44:00+01:00,[59],[1]
2026-03-06T16:43:00+01:00,[59],[1]
2026-03-06T16:42:00+01:00,[59],[1]
2026-03-06T16:41:00+01:00,[59],[1]
2026-03-06T16:40:00+01:00,[59],[1]
2026-03-06T16:39:00+01:00,[59],[1]
2026-03-06T16:38:00+01:00,[59],[1]
2026-03-06T16:37:00+01:00,[59],[1]
2026-03-06T16:36:00+01:00,[59],[1]
2026-03-06T16:35:00+01:00,[59],[1]
2026-03-06T16:34:00+01:00,[59],[1]
2026-03-06T16:33:00+01:00,[59],[1]
2026-03-06T16:32:00+01:00,[59],[1]
2026-03-06T16:31:00+01:00,[59],[1]
2026-03-06T16:30:00+01:00,[59],[1]
2026-03-06T16:29:00+01:00,[59],[1]
2026-03-06T16:28:00+01:00,[59],[1]
2026-03-06T16:27:00+01:00,[59],[1]
2026-03-06T16:26:00+01:00,[59],[1]
2026-03-06T16:25:00+01:00,[59],[1]
2026-03-06T16:24:00+01:00,[59],[1]
2026-03-06T16:23:00+01:00,[59],[1]
2026-03-05T16:59:00+01:00,[59],[1]
2026-03-05T16:58:00+01:00,[59],[1]
2026-03-05T16:57:00+01:00,[59],[1]
2026-03-05T16:56:00+01:00,[59],[1]
2026-03-05T16:55:00+01:00,[59],[1]
2026-03-05T16:54:00+01:00,[59],[1]
2026-03-05T16:53:00+01:00,[59],[1]
2026-03-05T16:52:00+01:00,[59],[1]
2026-03-05T16:51:00+01:00,[59],[1]
2026-03-05T16:50:00+01:00,[59],[1]
2026-03-05T16:49:00+01:00,[59],[1]
2026-03-05T16:48:00+01:00,[59],[1]
2026-03-05T16:47:00+01:00,[59],[1]
2026-03-05T16:46:00+01:00,[59],[1]
2026-03-05T16:45:00+01:00,[59],[1]
2026-03-05T16:44:00+01:00,[59],[1]
2026-03-05T16:43:00+01:00,[59],[1]
2026-03-05T16:42:00+01:00,[59],[1]
2026-03-05T16:41:00+01:00,[59],[1]
2026-03-05T16:40:00+01:00,[59],[1]
2026-03-05T16:39:00+01:00,[59],[1]
2026-03-05T16:38:00+01:00,[59],[1]
2026-03-05T16:37:00+01:00,[59],[1]
2026-03-05T16:36:00+01:00,[59],[1]
2026-03-05T16:35:00+01:00,[59],[1]
2026-03-05T16:34:00+01:00,[59],[1]
2026-03-05T16:33:00+01:00,[59],[1]
2026-03-05T16:32:00+01:00,[59],[1]
2026-03-05T16:31:00+01:00,[59],[1]
2026-03-05T16:30:00+01:00,[59],[1]
2026-03-05T16:29:00+01:00,[59],[1]
2026-03-05T16:28:00+01:00,[59],[1]
2026-03-05T16:27:00+01:00,[59],[1]
2026-03-05T16:26:00+01:00,[59],[1]
2026-03-05T16:25:00+01:00,[59],[1]
2026-03-05T16:24:00+01:00,[59],[1]
2026-03-05T16:23:00+01:00,[59],[1]
2026-03-05T16:22:00+01:00,[59],[1]
2026-03-05T16:21:00+01:00,[59],[1]
2026-03-05T16:20:00+01:00,[59],[1]
2026-03-05T16:19:00+01:00,[59],[1]
2026-03-05T16:18:00+01:00,[59],[1]
2026-03-05T16:17:00+01:00,[59],[1]
2026-03-05T16:16:00+01:00,[59],[1]
2026-03-05T16:15:00+01:00,[59],[2]
2026-03-05T16:14:00+01:00,[59],[2]
2026-03-05T16:13:00+01:00,[59],[2]
2026-03-05T16:12:00+01:00,[59],[2]
2026-03-05T16:11:00+01:00,[59],[2]
2026-03-05T16:10:00+01:00,[59],[2]
2026-03-05T16:09:00+01:00,[59],[2]
2026-03-05T16:08:00+01:00,[59],[2]
2026-03-05T16:07:00+01:00,[59],[2]
2026-03-05T16:06:00+01:00,[59],[2]
2026-03-05T16:05:00+01:00,[59],[2]
2026-03-05T16:04:00+01:00,[59],[2]
2026-03-05T16:03:00+01:00,[59],[2]
2026-03-05T16:01:00+01:00,[59],[2]
2026-03-05T16:00:00+01:00,[59],[2]
2026-03-05T15:59:00+01:00,[59],[2]
2026-03-05T15:58:00+01:00,[59],[2]
2026-03-05T15:57:00+01:00,[59],[2]
2026-03-05T15:56:00+01:00,[59],[2]
2026-03-05T15:55:00+01:00,[59],[2]
2026-03-05T15:54:00+01:00,[59],[2]
2026-03-05T15:53:00+01:00,[59],[2]
2026-03-05T15:52:00+01:00,[59],[2]
2026-03-05T15:51:00+01:00,[59],[2]
2026-03-05T15:50:00+01:00,[59],[2]
2026-03-05T15:49:00+01:00,[59],[2]
2026-03-05T15:48:00+01:00,[59],[2]
2026-03-05T15:47:00+01:00,[59],[1]
2026-03-05T15:46:00+01:00,[59],[1]
2026-03-05T15:45:00+01:00,[59],[1]
2026-03-05T15:44:00+01:00,[59],[1]
2026-03-04T16:59:00+01:00,[59],[2]
2026-03-04T16:58:00+01:00,[59],[2]
2026-03-04T16:57:00+01:00,[59],[2]
2026-03-04T16:56:00+01:00,[59],[2]
2026-03-04T16:55:00+01:00,[59],[2]
2026-03-04T16:54:00+01:00,[59],[2]
2026-03-04T16:53:00+01:00,[59],[2]
2026-03-04T16:52:00+01:00,[59],[2]
2026-03-04T16:51:00+01:00,[59],[2]
2026-03-04T16:50:00+01:00,[59],[2]
2026-03-04T16:49:00+01:00,[59],[2]
2026-03-04T16:48:00+01:00,[59],[2]
2026-03-04T16:47:00+01:00,[59],[1]
2026-03-04T16:46:00+01:00,[59],[1]
2026-03-04T16:45:00+01:00,[59],[1]
2026-03-04T16:44:00+01:00,[59],[1]
2026-03-04T16:43:00+01:00,[59],[1]
2026-03-04T16:42:00+01:00,[59],[1]
2026-03-04T16:41:00+01:00,[59],[1]
2026-03-04T16:40:00+01:00,[59],[1]
2026-03-04T16:39:00+01:00,[59],[1]
2026-03-04T16:38:00+01:00,[59],[1]
2026-03-04T16:37:00+01:00,[59],[1]
2026-03-04T16:36:00+01:00,[59],[1]
2026-03-04T16:35:00+01:00,[59],[1]
2026-03-04T16:34:00+01:00,[59],[1]
2026-03-04T16:33:00+01:00,[59],[1]
2026-03-04T16:32:00+01:00,[59],[1]
2026-03-04T16:31:00+01:00,[59],[1]
2026-03-04T16:30:00+01:00,[59],[1]
2026-03-04T16:29:00+01:00,[59],[1]
2026-03-04T16:28:00+01:00,[59],[1]
2026-03-04T16:27:00+01:00,[59],[1]
2026-03-04T16:26:00+01:00,[59],[1]
2026-03-04T16:25:00+01:00,[59],[3]
2026-03-04T16:24:00+01:00,[59],[3]
2026-03-04T16:23:00+01:00,[59],[3]
2026-03-04T16:22:00+01:00,[59],[3]
2026-03-04T16:21:00+01:00,[59],[3]
2026-03-04T16:20:00+01:00,[59],[3]
2026-03-04T16:19:00+01:00,[59],[3]
2026-03-04T16:18:00+01:00,[59],[3]
2026-03-04T16:17:00+01:00,[59],[3]
2026-03-04T16:16:00+01:00,[59],[3]
2026-03-04T16:15:00+01:00,[59],[1]
2026-03-04T16:14:00+01:00,[59],[1]
2026-03-04T16:13:00+01:00,[59],[1]
2026-03-04T16:12:00+01:00,[59],[1]
2026-03-04T16:11:00+01:00,[59],[1]
2026-03-04T16:10:00+01:00,[59],[1]
2026-03-04T16:09:00+01:00,[59],[1]
2026-03-04T16:08:00+01:00,[59],[1]
2026-03-04T16:07:00+01:00,[59],[1]
2026-03-04T16:06:00+01:00,[59],[1]
2026-03-04T16:05:00+01:00,[59],[1]
2026-03-04T16:04:00+01:00,[59],[2]
2026-03-04T16:03:00+01:00,[59],[2]
2026-03-04T16:02:00+01:00,[59],[2]
2026-03-04T16:01:00+01:00,[59],[2]
2026-03-04T16:00:00+01:00,[59],[2]
2026-03-04T15:59:00+01:00,[59],[2]
2026-03-04T15:58:00+01:00,[59],[2]
2026-03-04T15:57:00+01:00,[59],[2]
2026-03-04T15:56:00+01:00,[59],[2]
2026-03-04T15:55:00+01:00,[59],[2]
2026-03-04T15:54:00+01:00,[59],[2]
2026-03-04T15:53:00+01:00,[59],[2]
2026-03-04T15:52:00+01:00,[59],[2]
2026-03-04T15:51:00+01:00,[59],[2]
2026-03-04T15:50:00+01:00,[59],[2]
2026-03-04T15:49:00+01:00,[59],[2]
2026-03-04T15:48:00+01:00,[59],[2]
2026-03-04T15:47:00+01:00,[59],[2]
2026-03-04T15:46:00+01:00,[59],[2]
2026-03-04T15:45:00+01:00,[59],[2]
2026-03-04T15:44:00+01:00,[59],[2]
2026-03-04T15:43:00+01:00,[59],[2]
2026-03-04T15:42:00+01:00,[59],[2]
2026-03-04T15:41:00+01:00,[59],[2]
2026-03-04T15:40:00+01:00,[59],[2]
2026-03-04T15:39:00+01:00,[59],[2]
2026-03-04T15:38:00+01:00,[59],[2]
2026-03-04T15:37:00+01:00,[59],[2]
2026-03-04T15:36:00+01:00,[59],[2]
2026-03-04T15:35:00+01:00,[59],[2]
2026-03-04T15:34:00+01:00,[59],[2]
2026-03-04T15:33:00+01:00,[59],[2]
2026-03-04T15:32:00+01:00,[59],[2]
2026-03-04T15:31:00+01:00,[59],[2]
2026-03-04T15:30:00+01:00,[59],[1]
2026-03-04T15:29:00+01:00,[59],[1]
2026-03-04T15:28:00+01:00,[59],[1]
2026-03-04T15:27:00+01:00,[59],[1]
2026-03-04T15:26:00+01:00,[59],[1]
2026-03-04T15:25:00+01:00,[59],[1]
2026-03-04T15:24:00+01:00,[59],[1]
2026-03-04T15:23:00+01:00,[59],[1]
2026-03-04T15:22:00+01:00,[59],[1]
2026-03-04T15:21:00+01:00,[59],[1]
2026-03-04T15:20:00+01:00,[59],[1]
2026-03-04T15:19:00+01:00,[59],[1]
2026-03-04T15:18:00+01:00,[59],[1]
2026-03-04T15:17:00+01:00,[59],[1]
2026-03-04T15:16:00+01:00,[59],[1]
2026-03-04T15:15:00+01:00,[59],[1]
2026-03-04T15:14:00+01:00,[59],[1]
2026-03-04T15:13:00+01:00,[59],[1]
2026-03-04T15:12:00+01:00,[59],[1]
2026-03-04T15:11:00+01:00,[59],[1]
2026-03-04T15:10:00+01:00,[59],[1]
2026-03-04T15:09:00+01:00,[59],[1]
2026-03-04T15:08:00+01:00,[59],[1]
2026-03-04T15:07:00+01:00,[59],[1]
2026-03-04T15:06:00+01:00,[59],[1]
2026-03-02T16:59:00+01:00,[59],[3]
2026-03-02T16:58:00+01:00,[59],[3]
2026-03-02T16:57:00+01:00,[59],[3]
2026-03-02T16:56:00+01:00,[59],[3]
2026-03-02T16:55:00+01:00,[59],[1]
2026-03-02T16:54:00+01:00,[59],[1]
2026-03-02T16:53:00+01:00,[59],[1]
2026-03-02T16:52:00+01:00,[59],[1]
2026-03-02T16:51:00+01:00,[59],[1]
2026-03-02T16:50:00+01:00,[59],[1]
2026-03-02T16:49:00+01:00,[59],[1]
2026-03-02T16:48:00+01:00,[59],[1]
2026-03-02T16:47:00+01:00,[59],[1]
2026-03-02T16:46:00+01:00,[59],[1]
2026-03-02T16:45:00+01:00,[59],[1]
2026-03-02T16:44:00+01:00,[59],[1]
2026-03-02T16:43:00+01:00,[59],[1]
2026-03-02T16:42:00+01:00,[59],[1]
2026-03-02T16:41:00+01:00,[59],[1]
2026-03-02T16:40:00+01:00,[59],[1]
2026-03-02T16:39:00+01:00,[59],[1]
2026-03-02T16:38:00+01:00,[59],[1]
2026-03-02T16:37:00+01:00,[59],[1]
2026-03-02T16:36:00+01:00,[59],[1]
2026-03-02T16:35:00+01:00,[59],[1]
2026-03-02T16:34:00+01:00,[59],[1]
2026-03-02T16:33:00+01:00,[59],[1]
2026-03-02T16:32:00+01:00,[59],[1]
2026-03-02T16:31:00+01:00,[59],[1]
2026-03-02T16:30:00+01:00,[59],[1]
2026-03-02T16:29:00+01:00,[59],[1]
2026-03-02T16:28:00+01:00,[59],[1]
2026-03-02T16:27:00+01:00,[59],[1]
2026-03-02T16:26:00+01:00,[59],[1]
2026-03-02T16:25:00+01:00,[59],[1]
2026-03-02T16:24:00+01:00,[59],[1]
2026-03-02T16:23:00+01:00,[59],[1]
2026-03-02T16:22:00+01:00,[59],[1]
2026-03-02T16:21:00+01:00,[59],[1]
2026-03-02T16:20:00+01:00,[59],[1]
2026-03-02T16:19:00+01:00,[59],[1]
2026-03-02T16:18:00+01:00,[59],[1]
2026-03-02T16:17:00+01:00,[59],[1]
2026-03-02T16:16:00+01:00,[59],[1]
2026-03-02T16:15:00+01:00,[59],[1]
2026-03-02T16:14:00+01:00,[59],[1]
2026-03-02T16:13:00+01:00,[59],[1]
2026-03-02T16:12:00+01:00,[59],[1]
2026-03-02T16:11:00+01:00,[59],[1]
2026-03-02T16:10:00+01:00,[59],[1]
2026-03-02T16:09:00+01:00,[59],[1]
2026-03-02T16:08:00+01:00,[59],[1]
2026-03-02T16:07:00+01:00,[59],[1]
2026-03-02T16:06:00+01:00,[59],[2]
2026-03-02T16:05:00+01:00,[59],[2]
2026-03-02T16:04:00+01:00,[59],[2]
2026-03-02T16:03:00+01:00,[59],[2]
2026-03-02T16:01:00+01:00,[59],[2]
2026-03-02T16:00:00+01:00,[59],[2]
2026-03-02T15:59:00+01:00,[59],[2]
2026-03-02T15:58:00+01:00,[59],[2]
2026-03-02T15:57:00+01:00,[59],[2]
2026-03-02T15:56:00+01:00,[59],[2]
2026-03-02T15:55:00+01:00,[59],[2]
2026-03-02T15:54:00+01:00,[59],[2]
2026-03-02T15:53:00+01:00,[59],[1]
2026-03-02T15:52:00+01:00,[59],[1]
2026-03-02T15:51:00+01:00,[59],[1]
2026-03-02T15:50:00+01:00,[59],[1]
2026-03-02T15:49:00+01:00,[59],[1]
2026-03-02T15:48:00+01:00,[59],[1]
2026-02-26T16:59:00+01:00,[59],[2]
2026-02-26T16:58:00+01:00,[59],[2]
2026-02-26T16:57:00+01:00,[59],[2]
2026-02-26T16:56:00+01:00,[59],[2]
2026-02-26T16:55:00+01:00,[59],[2]
2026-02-26T16:54:00+01:00,[59],[2]
2026-02-26T16:53:00+01:00,[59],[2]
2026-02-26T16:52:00+01:00,[59],[2]
2026-02-26T16:51:00+01:00,[59],[2]
2026-02-26T16:50:00+01:00,[59],[2]
2026-02-26T16:49:00+01:00,[59],[2]
2026-02-26T16:48:00+01:00,[59],[2]
2026-02-26T16:47:00+01:00,[59],[2]
2026-02-26T16:46:00+01:00,[59],[2]
2026-02-26T16:45:00+01:00,[59],[1]
2026-02-26T16:44:00+01:00,[59],[1]
2026-02-26T16:43:00+01:00,[59],[1]
2026-02-26T16:42:00+01:00,[59],[1]
2026-02-26T16:41:00+01:00,[59],[1]
2026-02-26T16:40:00+01:00,[59],[1]
2026-02-26T16:39:00+01:00,[59],[1]
2026-02-26T16:38:00+01:00,[59],[1]
2026-02-26T16:37:00+01:00,[59],[1]
2026-02-26T16:36:00+01:00,[59],[1]
2026-02-26T16:35:00+01:00,[59],[1]
2026-02-26T16:34:00+01:00,[59],[1]
2026-02-26T16:33:00+01:00,[59],[1]
2026-02-26T16:32:00+01:00,[59],[1]
2026-02-26T16:31:00+01:00,[59],[1]
2026-02-26T16:30:00+01:00,[59],[1]
2026-02-26T16:29:00+01:00,[59],[1]
2026-02-26T16:28:00+01:00,[59],[1]
2026-02-26T16:27:00+01:00,[59],[1]
2026-02-26T16:26:00+01:00,[59],[1]
2026-02-26T16:25:00+01:00,[59],[1]
2026-02-26T16:24:00+01:00,[59],[1]
2026-02-26T16:23:00+01:00,[59],[3]
2026-02-26T16:22:00+01:00,[59],[3]
2026-02-26T16:21:00+01:00,[59],[3]
2026-02-26T16:20:00+01:00,[59],[3]
2026-02-26T16:19:00+01:00,[59],[3]
2026-02-26T16:18:00+01:00,[59],[3]
2026-02-26T16:17:00+01:00,[59],[3]
2026-02-26T16:16:00+01:00,[59],[3]
2026-02-26T16:15:00+01:00,[59],[3]
2026-02-26T16:14:00+01:00,[59],[3]
2026-02-26T16:13:00+01:00,[59],[3]
2026-02-26T16:12:00+01:00,[59],[3]
2026-02-26T16:11:00+01:00,[59],[3]
2026-02-26T16:10:00+01:00,[59],[3]
2026-02-26T16:09:00+01:00,[59],[3]
2026-02-26T16:08:00+01:00,[59],[2]
2026-02-26T16:07:00+01:00,[59],[2]
2026-02-26T16:06:00+01:00,[59],[2]
2026-02-26T16:05:00+01:00,[59],[2]
2026-02-26T16:04:00+01:00,[59],[2]
2026-02-26T16:03:00+01:00,[59],[2]
2026-02-26T16:01:00+01:00,[59],[2]
2026-02-26T16:00:00+01:00,[59],[2]
2026-02-26T15:59:00+01:00,[59],[2]
2026-02-26T15:58:00+01:00,[59],[2]
2026-02-26T15:57:00+01:00,[59],[2]
2026-02-26T15:56:00+01:00,[59],[2]
2026-02-26T15:55:00+01:00,[59],[2]
2026-02-26T15:54:00+01:00,[59],[2]
2026-02-26T15:53:00+01:00,[59],[2]
2026-02-26T15:52:00+01:00,[59],[2]
2026-02-26T15:51:00+01:00,[59],[2]
2026-02-26T15:50:00+01:00,[59],[2]
2026-02-26T15:49:00+01:00,[59],[2]
2026-02-26T15:48:00+01:00,[59],[2]
2026-02-26T15:47:00+01:00,[59],[2]
2026-02-26T15:46:00+01:00,[59],[2]
2026-02-26T15:45:00+01:00,[59],[2]
2026-02-26T15:44:00+01:00,[59],[2]
2026-02-26T15:43:00+01:00,[59],[2]
2026-02-26T15:42:00+01:00,[59],[2]
2026-02-26T15:41:00+01:00,[59],[2]
2026-02-26T15:40:00+01:00,[59],[2]
2026-02-26T15:39:00+01:00,[59],[2]
2026-02-26T15:38:00+01:00,[59],[2]
2026-02-26T15:37:00+01:00,[59],[2]
2026-02-26T15:36:00+01:00,[59],[2]
2026-02-26T15:35:00+01:00,[59],[2]
2026-02-26T15:34:00+01:00,[59],[2]
2026-02-26T15:33:00+01:00,[59],[2]
2026-02-26T15:32:00+01:00,[59],[2]
2026-02-26T15:31:00+01:00,[59],[2]
2026-02-26T15:30:00+01:00,[59],[2]
2026-02-26T15:29:00+01:00,[59],[2]
2026-02-26T15:28:00+01:00,[59],[2]
2026-02-26T15:27:00+01:00,[59],[2]
2026-02-26T15:26:00+01:00,[59],[2]
2026-02-26T15:25:00+01:00,[59],[2]
2026-02-26T15:24:00+01:00,[59],[2]
2026-02-26T15:23:00+01:00,[59],[2]
2026-02-26T15:22:00+01:00,[59],[2]
2026-02-26T15:21:00+01:00,[59],[2]
2026-02-26T15:20:00+01:00,[59],[2]
2026-02-26T15:19:00+01:00,[59],[2]
2026-02-23T16:59:00+01:00,[59],[2]
2026-02-23T16:58:00+01:00,[59],[2]
2026-02-23T16:57:00+01:00,[59],[2]
2026-02-23T16:56:00+01:00,[59],[2]
2026-02-23T16:55:00+01:00,[59],[2]
2026-02-23T16:54:00+01:00,[59],[2]
2026-02-23T16:53:00+01:00,[59],[1]
2026-02-23T16:52:00+01:00,[59],[1]
2026-02-23T16:51:00+01:00,[59],[1]
2026-02-23T16:50:00+01:00,[59],[1]
2026-02-23T16:49:00+01:00,[59],[1]
2026-02-23T16:48:00+01:00,[59],[1]
2026-02-23T16:47:00+01:00,[59],[1]
2026-02-23T16:46:00+01:00,[59],[1]
2026-02-23T16:45:00+01:00,[59],[1]
2026-02-23T16:44:00+01:00,[59],[1]
2026-02-23T16:43:00+01:00,[59],[1]
2026-02-23T16:42:00+01:00,[59],[1]
2026-02-23T16:41:00+01:00,[59],[1]
2026-02-23T16:40:00+01:00,[59],[1]
2026-02-23T16:39:00+01:00,[59],[1]
2026-02-22T16:59:00+01:00,[59],[2]
2026-02-22T16:58:00+01:00,[59],[2]
2026-02-22T16:57:00+01:00,[59],[2]
2026-02-22T16:56:00+01:00,[59],[2]
2026-02-22T16:55:00+01:00,[59],[2]
2026-02-22T16:54:00+01:00,[59],[2]
2026-02-22T16:53:00+01:00,[59],[2]
2026-02-22T16:52:00+01:00,[59],[2]
2026-02-22T16:51:00+01:00,[59],[2]
2026-02-22T16:50:00+01:00,[59],[2]
2026-02-22T16:49:00+01:00,[59],[2]
2026-02-22T16:48:00+01:00,[59],[2]
2026-02-22T16:47:00+01:00,[59],[2]
2026-02-22T16:46:00+01:00,[59],[2]
2026-02-22T16:45:00+01:00,[59],[2]
2026-02-22T16:44:00+01:00,[59],[1]
2026-02-22T16:43:00+01:00,[59],[1]
2026-02-22T16:42:00+01:00,[59],[1]
2026-02-22T16:41:00+01:00,[59],[1]
2026-02-22T16:40:00+01:00,[59],[1]
2026-02-22T16:39:00+01:00,[59],[1]
2026-02-22T16:38:00+01:00,[59],[1]
2026-02-22T16:37:00+01:00,[59],[1]
2026-02-22T16:36:00+01:00,[59],[1]
2026-02-22T16:35:00+01:00,[59],[1]
2026-02-22T16:34:00+01:00,[59],[1]
2026-02-22T16:33:00+01:00,[59],[1]
2026-02-22T16:32:00+01:00,[59],[1]
2026-02-22T16:31:00+01:00,[59],[1]
2026-02-22T16:30:00+01:00,[59],[1]
2026-02-22T16:25:00+01:00,[59],[1]
2026-02-22T16:24:00+01:00,[59],[1]
2026-02-22T16:23:00+01:00,[59],[1]
2026-02-22T16:22:00+01:00,[59],[1]
2026-02-22T16:21:00+01:00,[59],[1]
2026-02-22T16:20:00+01:00,[59],[1]
2026-02-22T16:19:00+01:00,[59],[1]
2026-02-22T16:18:00+01:00,[59],[1]
2026-02-22T16:17:00+01:00,[59],[1]
2026-02-22T16:16:00+01:00,[59],[1]
2026-02-22T16:15:00+01:00,[59],[1]
2026-02-22T16:14:00+01:00,[59],[0]
2026-02-22T16:13:00+01:00,[59],[0]
2026-02-22T16:12:00+01:00,[59],[0]
2026-02-22T16:11:00+01:00,[59],[0]
2026-02-22T16:10:00+01:00,[59],[0]
2026-02-22T16:09:00+01:00,[59],[0]
2026-02-22T16:08:00+01:00,[59],[0]
2026-02-22T16:07:00+01:00,[59],[0]
2026-02-22T16:06:00+01:00,[59],[0]
2026-02-22T16:05:00+01:00,[59],[0]
2026-02-22T16:04:00+01:00,[59],[0]
2026-02-22T16:03:00+01:00,[59],[1]
2026-02-22T16:02:00+01:00,[59],[1]
2026-02-22T16:01:00+01:00,[59],[1]
2026-02-22T16:00:00+01:00,[59],[1]
2026-02-22T15:59:00+01:00,[59],[1]
2026-02-22T15:58:00+01:00,[59],[1]
2026-02-22T15:57:00+01:00,[59],[1]
2026-02-22T15:56:00+01:00,[59],[1]
2026-02-22T15:55:00+01:00,[59],[1]
2026-02-22T15:54:00+01:00,[59],[0]
2026-02-22T15:53:00+01:00,[59],[0]
2026-02-22T15:52:00+01:00,[59],[0]
2026-02-22T15:51:00+01:00,[59],[0]
2026-02-22T15:50:00+01:00,[59],[0]
2026-02-22T15:49:00+01:00,[59],[0]
2026-02-22T15:48:00+01:00,[59],[0]
2026-02-22T15:47:00+01:00,[59],[0]
2026-02-22T15:46:00+01:00,[59],[0]
2026-02-22T15:45:00+01:00,[59],[0]
2026-02-22T15:44:00+01:00,[59],[0]
2026-02-22T15:43:00+01:00,[59],[0]
2026-02-22T15:42:00+01:00,[59],[0]
2026-02-22T15:41:00+01:00,[59],[0]
2026-02-22T15:40:00+01:00,[59],[0]
2026-02-22T15:39:00+01:00,[59],[0]
2026-02-22T15:38:00+01:00,[59],[0]
2026-02-22T15:37:00+01:00,[59],[0]
2026-02-22T15:36:00+01:00,[59],[0]
2026-02-22T15:35:00+01:00,[59],[0]
2026-02-22T15:34:00+01:00,[59],[0]
2026-02-22T15:33:00+01:00,[59],[0]
2026-02-22T15:32:00+01:00,[59],[0]
2026-02-22T15:31:00+01:00,[59],[0]
2026-02-22T15:30:00+01:00,[59],[0]
2026-02-22T15:29:00+01:00,[59],[0]
2026-02-22T15:28:00+01:00,[59],[0]
2026-02-19T16:59:00+01:00,[59],[1]
2026-02-19T16:58:00+01:00,[59],[1]
2026-02-19T16:57:00+01:00,[59],[1]
2026-02-19T16:56:00+01:00,[59],[1]
2026-02-19T16:55:00+01:00,[59],[1]
2026-02-19T16:54:00+01:00,[59],[1]
2026-02-19T16:53:00+01:00,[59],[1]
2026-02-19T16:52:00+01:00,[59],[1]
2026-02-19T16:51:00+01:00,[59],[1]
2026-02-19T16:50:00+01:00,[59],[1]
2026-02-19T16:49:00+01:00,[59],[1]
2026-02-19T16:48:00+01:00,[59],[1]
2026-02-19T16:47:00+01:00,[59],[1]
2026-02-19T16:46:00+01:00,[59],[1]
2026-02-19T16:45:00+01:00,[59],[1]
2026-02-19T16:44:00+01:00,[59],[1]
2026-02-19T16:43:00+01:00,[59],[1]
2026-02-19T16:42:00+01:00,[59],[1]
2026-02-19T16:41:00+01:00,[59],[1]
2026-02-19T16:40:00+01:00,[59],[1]
2026-02-19T16:39:00+01:00,[59],[2]
2026-02-19T16:38:00+01:00,[59],[2]
2026-02-19T16:37:00+01:00,[59],[2]
2026-02-19T16:36:00+01:00,[59],[2]
2026-02-19T16:35:00+01:00,[59],[2]
2026-02-19T16:34:00+01:00,[59],[2]
2026-02-19T16:33:00+01:00,[59],[2]
2026-02-19T16:32:00+01:00,[59],[2]
2026-02-19T16:31:00+01:00,[59],[2]
2026-02-19T16:30:00+01:00,[59],[2]
2026-02-19T16:29:00+01:00,[59],[2]
2026-02-19T16:28:00+01:00,[59],[2]
2026-02-19T16:27:00+01:00,[59],[2]
2026-02-19T16:26:00+01:00,[59],[2]
2026-02-19T16:25:00+01:00,[59],[2]
2026-02-19T16:24:00+01:00,[59],[2]
2026-02-19T16:23:00+01:00,[59],[2]
2026-02-19T16:22:00+01:00,[59],[2]
2026-02-19T16:21:00+01:00,[59],[2]
2026-02-19T16:20:00+01:00,[59],[2]
2026-02-19T16:19:00+01:00,[59],[2]
2026-02-19T16:18:00+01:00,[59],[2]
2026-02-19T16:17:00+01:00,[59],[2]
2026-02-19T16:16:00+01:00,[59],[2]
2026-02-19T16:15:00+01:00,[59],[2]
2026-02-19T16:14:00+01:00,[59],[2]
2026-02-19T16:13:00+01:00,[59],[2]
2026-02-19T16:12:00+01:00,[59],[1]
2026-02-19T16:11:00+01:00,[59],[1]
2026-02-19T16:10:00+01:00,[59],[1]
2026-02-19T16:09:00+01:00,[59],[1]
2026-02-18T16:59:00+01:00,[59],[1]
2026-02-18T16:58:00+01:00,[59],[1]
2026-02-18T16:57:00+01:00,[59],[1]
2026-02-18T16:56:00+01:00,[59],[1]
2026-02-18T16:55:00+01:00,[59],[1]
2026-02-18T16:54:00+01:00,[59],[1]
2026-02-18T16:53:00+01:00,[59],[1]
2026-02-18T16:52:00+01:00,[59],[1]
2026-02-18T16:51:00+01:00,[59],[1]
2026-02-18T16:50:00+01:00,[59],[1]
2026-02-18T16:49:00+01:00,[59],[1]
2026-02-18T16:48:00+01:00,[59],[1]
2026-02-18T16:47:00+01:00,[59],[1]
2026-02-18T16:46:00+01:00,[59],[1]
2026-02-18T16:45:00+01:00,[59],[1]
2026-02-18T16:44:00+01:00,[59],[1]
2026-02-18T16:43:00+01:00,[59],[1]
2026-02-18T16:42:00+01:00,[59],[1]
2026-02-18T16:41:00+01:00,[59],[1]
2026-02-18T16:40:00+01:00,[59],[1]
2026-02-18T16:39:00+01:00,[59],[1]
2026-02-18T16:38:00+01:00,[59],[1]
2026-02-18T16:37:00+01:00,[59],[1]
2026-02-18T16:36:00+01:00,[59],[1]
2026-02-18T16:35:00+01:00,[59],[1]
2026-02-18T16:34:00+01:00,[59],[1]
2026-02-18T16:33:00+01:00,[59],[1]
2026-02-18T16:32:00+01:00,[59],[1]
2026-02-18T16:31:00+01:00,[59],[3]
2026-02-18T16:30:00+01:00,[59],[3]
2026-02-18T16:29:00+01:00,[59],[3]
2026-02-18T16:28:00+01:00,[59],[3]
2026-02-18T16:27:00+01:00,[59],[3]
2026-02-18T16:26:00+01:00,[59],[3]
2026-02-18T16:25:00+01:00,[59],[3]
2026-02-18T16:24:00+01:00,[59],[3]
2026-02-18T16:23:00+01:00,[59],[3]
2026-02-18T16:22:00+01:00,[59],[3]
2026-02-18T16:21:00+01:00,[59],[3]
2026-02-18T16:20:00+01:00,[59],[3]
2026-02-18T16:19:00+01:00,[59],[3]
2026-02-18T16:18:00+01:00,[59],[3]
2026-02-18T16:17:00+01:00,[59],[3]
2026-02-18T16:16:00+01:00,[59],[3]
2026-02-18T16:15:00+01:00,[59],[3]
2026-02-18T16:14:00+01:00,[59],[3]
2026-02-18T16:13:00+01:00,[59],[1]
2026-02-18T16:12:00+01:00,[59],[1]
2026-02-18T16:11:00+01:00,[59],[1]
2026-02-18T16:10:00+01:00,[59],[1]
2026-02-18T16:09:00+01:00,[59],[1]
2026-02-18T16:08:00+01:00,[59],[1]
2026-02-18T16:07:00+01:00,[59],[1]
2026-02-18T16:06:00+01:00,[59],[1]
2026-02-18T16:05:00+01:00,[59],[1]
2026-02-18T16:04:00+01:00,[59],[1]
2026-02-18T16:03:00+01:00,[59],[1]
2026-02-18T16:01:00+01:00,[59],[1]
2026-02-18T16:00:00+01:00,[59],[1]
2026-02-18T15:59:00+01:00,[59],[1]
2026-02-18T15:58:00+01:00,[59],[1]
2026-02-18T15:57:00+01:00,[59],[1]
2026-02-18T15:56:00+01:00,[59],[1]
2026-02-18T15:55:00+01:00,[59],[1]
2026-02-18T15:54:00+01:00,[59],[1]
2026-02-18T15:53:00+01:00,[59],[1]
2026-02-18T15:52:00+01:00,[59],[1]
2026-02-18T15:51:00+01:00,[59],[1]
2026-02-18T15:50:00+01:00,[59],[1]
2026-02-18T15:49:00+01:00,[59],[1]
2026-02-18T15:48:00+01:00,[59],[1]
2026-02-18T15:47:00+01:00,[59],[1]
2026-02-18T15:46:00+01:00,[59],[1]
2026-02-18T15:45:00+01:00,[59],[1]
2026-02-18T15:44:00+01:00,[59],[1]
2026-02-18T15:43:00+01:00,[59],[1]
2026-02-18T15:42:00+01:00,[59],[1]
2026-02-18T15:41:00+01:00,[59],[1]
2026-02-18T15:40:00+01:00,[59],[1]
2026-02-18T15:39:00+01:00,[59],[1]
2026-02-18T15:38:00+01:00,[59],[1]
2026-02-18T15:37:00+01:00,[59],[1]
2026-02-18T15:36:00+01:00,[59],[1]
2026-02-18T15:35:00+01:00,[59],[1]
2026-02-18T15:34:00+01:00,[59],[1]
2026-02-18T15:33:00+01:00,[59],[1]
2026-02-18T15:32:00+01:00,[59],[1]
2026-02-18T15:31:00+01:00,[59],[1]
2026-02-18T15:30:00+01:00,[59],[1]
2026-02-18T15:29:00+01:00,[59],[1]
2026-02-18T15:28:00+01:00,[59],[1]
2026-02-18T15:27:00+01:00,[59],[1]
2026-02-18T15:26:00+01:00,[59],[1]
2026-02-18T15:25:00+01:00,[59],[1]
2026-02-18T15:24:00+01:00,[59],[1]
2026-02-18T15:23:00+01:00,[59],[1]
2026-02-18T15:22:00+01:00,[59],[1]
2026-02-18T15:21:00+01:00,[59],[1]
2026-02-18T15:20:00+01:00,[59],[1]
2026-02-18T15:19:00+01:00,[59],[1]
2026-02-18T15:18:00+01:00,[59],[1]
2026-02-18T15:17:00+01:00,[59],[1]
2026-02-18T15:16:00+01:00,[59],[1]
2026-02-18T15:15:00+01:00,[59],[2]
2026-02-18T15:14:00+01:00,[59],[2]
2026-02-18T15:13:00+01:00,[59],[2]
2026-02-18T15:12:00+01:00,[59],[2]
2026-02-18T15:11:00+01:00,[59],[2]
2026-02-18T15:10:00+01:00,[59],[2]
2026-02-18T15:09:00+01:00,[59],[2]
2026-02-18T15:08:00+01:00,[59],[2]
2026-02-18T15:07:00+01:00,[59],[2]
2026-02-18T15:06:00+01:00,[59],[2]
2026-02-18T15:05:00+01:00,[59],[2]
2026-02-18T15:04:00+01:00,[59],[2]
2026-02-18T15:03:00+01:00,[59],[2]
2026-02-18T15:02:00+01:00,[59],[2]
2026-02-18T15:01:00+01:00,[59],[2]
2026-02-18T15:00:00+01:00,[59],[2]
2026-02-18T14:59:00+01:00,[59],[2]
2026-02-18T14:58:00+01:00,[59],[2]
2026-02-18T14:57:00+01:00,[59],[2]
2026-02-18T14:56:00+01:00,[59],[1]
2026-02-18T14:55:00+01:00,[59],[1]
2026-02-18T14:54:00+01:00,[59],[1]
2026-02-18T14:53:00+01:00,[59],[1]
2026-02-18T14:52:00+01:00,[59],[1]
2026-02-18T14:51:00+01:00,[59],[1]
2026-02-18T14:50:00+01:00,[59],[1]
2026-02-18T14:49:00+01:00,[59],[1]
2026-02-18T14:48:00+01:00,[59],[1]
2026-02-18T14:47:00+01:00,[59],[1]
2026-02-18T14:46:00+01:00,[59],[1]
2026-02-18T14:45:00+01:00,[59],[1]
2026-02-18T14:44:00+01:00,[59],[1]
2026-02-18T14:43:00+01:00,[59],[1]
2026-02-18T14:42:00+01:00,[59],[1]
2026-02-18T14:41:00+01:00,[59],[1]
2026-02-18T14:40:00+01:00,[59],[1]
2026-02-18T14:39:00+01:00,[59],[1]
2026-02-18T14:38:00+01:00,[59],[1]
2026-02-18T14:37:00+01:00,[59],[1]
2026-02-18T14:36:00+01:00,[59],[1]
2026-02-18T14:35:00+01:00,[59],[1]
2026-02-18T14:34:00+01:00,[59],[1]
2026-02-18T14:33:00+01:00,[59],[1]
2026-02-18T14:32:00+01:00,[59],[1]
2026-02-18T14:31:00+01:00,[59],[1]
2026-02-18T14:30:00+01:00,[59],[1]
2026-02-18T14:29:00+01:00,[59],[1]
2026-02-18T14:28:00+01:00,[59],[1]
2026-02-18T14:27:00+01:00,[59],[1]
2026-02-18T14:26:00+01:00,[59],[1]
2026-02-18T14:25:00+01:00,[59],[1]
2026-02-18T14:24:00+01:00,[59],[1]
2026-02-18T14:23:00+01:00,[59],[1]
2026-02-18T14:22:00+01:00,[59],[1]
2026-02-18T14:21:00+01:00,[59],[2]
2026-02-18T14:20:00+01:00,[59],[2]
2026-02-18T14:19:00+01:00,[59],[2]
2026-02-18T14:18:00+01:00,[59],[2]
2026-02-18T14:17:00+01:00,[59],[2]
2026-02-18T14:16:00+01:00,[59],[2]
2026-02-18T14:15:00+01:00,[59],[2]
2026-02-18T14:14:00+01:00,[59],[2]
2026-02-18T14:13:00+01:00,[59],[2]
2026-02-18T14:12:00+01:00,[59],[2]
2026-02-18T14:11:00+01:00,[59],[2]
2026-02-18T14:10:00+01:00,[59],[2]
2026-02-18T14:09:00+01:00,[59],[2]
2026-02-18T14:08:00+01:00,[59],[2]
2026-02-18T14:07:00+01:00,[59],[2]
2026-02-18T14:06:00+01:00,[59],[2]
2026-02-18T14:05:00+01:00,[59],[2]
2026-02-18T14:04:00+01:00,[59],[2]
2026-02-18T14:03:00+01:00,[59],[2]
2026-02-18T14:02:00+01:00,[59],[2]
2026-02-18T14:01:00+01:00,[59],[2]
2026-02-18T14:00:00+01:00,[59],[2]
2026-02-18T13:59:00+01:00,[59],[2]
2026-02-18T13:58:00+01:00,[59],[2]
2026-02-18T13:57:00+01:00,[59],[2]
2026-02-18T13:56:00+01:00,[59],[1]
2026-02-18T13:55:00+01:00,[59],[1]
2026-02-18T13:54:00+01:00,[59],[1]
2026-02-18T13:53:00+01:00,[59],[1]
2026-02-16T16:56:00+01:00,[59],[2]
2026-02-16T16:55:00+01:00,[59],[2]
2026-02-16T16:54:00+01:00,[59],[2]
2026-02-16T16:53:00+01:00,[59],[2]
2026-02-16T16:52:00+01:00,[59],[2]
2026-02-16T16:51:00+01:00,[59],[2]
2026-02-16T16:50:00+01:00,[59],[2]
2026-02-16T16:49:00+01:00,[59],[2]
2026-02-16T16:48:00+01:00,[59],[2]
2026-02-16T16:47:00+01:00,[59],[2]
2026-02-16T16:46:00+01:00,[59],[2]
2026-02-16T16:45:00+01:00,[59],[2]
2026-02-16T16:44:00+01:00,[59],[2]
2026-02-16T16:43:00+01:00,[59],[2]
2026-02-16T16:42:00+01:00,[59],[1]
2026-02-16T16:41:00+01:00,[59],[1]
2026-02-16T16:40:00+01:00,[59],[1]
2026-02-16T16:39:00+01:00,[59],[1]
2026-02-16T16:38:00+01:00,[59],[1]
2026-02-16T16:37:00+01:00,[59],[1]
2026-02-16T16:36:00+01:00,[59],[1]
2026-02-16T16:35:00+01:00,[59],[1]
2026-02-16T16:34:00+01:00,[59],[1]
2026-02-16T16:33:00+01:00,[59],[1]
2026-02-15T16:59:00+01:00,[59],[1]
2026-02-15T16:58:00+01:00,[59],[1]
2026-02-15T16:57:00+01:00,[59],[1]
2026-02-15T16:56:00+01:00,[59],[1]
2026-02-15T16:55:00+01:00,[59],[1]
2026-02-15T16:54:00+01:00,[59],[1]
2026-02-15T16:53:00+01:00,[59],[1]
2026-02-15T16:52:00+01:00,[59],[1]
2026-02-15T16:51:00+01:00,[59],[1]
2026-02-15T16:50:00+01:00,[59],[1]
2026-02-15T16:49:00+01:00,[59],[1]
2026-02-15T16:48:00+01:00,[59],[1]
2026-02-15T16:47:00+01:00,[59],[1]
2026-02-15T16:46:00+01:00,[59],[1]
2026-02-15T16:45:00+01:00,[59],[1]
2026-02-15T16:44:00+01:00,[59],[1]
2026-02-15T16:43:00+01:00,[59],[1]
2026-02-15T16:42:00+01:00,[59],[1]
2026-02-15T16:41:00+01:00,[59],[1]
2026-02-15T16:40:00+01:00,[59],[1]
2026-02-15T16:39:00+01:00,[59],[1]
2026-02-15T16:38:00+01:00,[59],[1]
2026-02-15T16:37:00+01:00,[59],[1]
2026-02-15T16:36:00+01:00,[59],[1]
2026-02-15T16:35:00+01:00,[59],[1]
2026-02-15T16:34:00+01:00,[59],[1]
2026-02-15T16:33:00+01:00,[59],[1]
2026-02-15T16:32:00+01:00,[59],[1]
2026-02-15T16:31:00+01:00,[59],[3]
2026-02-15T16:30:00+01:00,[59],[3]
2026-02-15T16:29:00+01:00,[59],[3]
2026-02-15T16:28:00+01:00,[59],[3]
2026-02-15T16:27:00+01:00,[59],[3]
2026-02-15T16:26:00+01:00,[59],[3]
2026-02-15T16:25:00+01:00,[59],[3]
2026-02-15T16:24:00+01:00,[59],[3]
2026-02-15T16:23:00+01:00,[59],[3]
2026-02-15T16:22:00+01:00,[59],[2]
2026-02-15T16:21:00+01:00,[59],[2]
2026-02-15T16:20:00+01:00,[59],[2]
2026-02-15T16:19:00+01:00,[59],[2]
2026-02-15T16:18:00+01:00,[59],[2]
2026-02-15T16:17:00+01:00,[59],[2]
2026-02-15T16:16:00+01:00,[59],[2]
2026-02-15T16:15:00+01:00,[59],[2]
2026-02-15T16:14:00+01:00,[59],[2]
2026-02-15T16:13:00+01:00,[59],[2]
2026-02-15T16:12:00+01:00,[59],[2]
2026-02-15T16:11:00+01:00,[59],[2]
2026-02-15T16:10:00+01:00,[59],[2]
2026-02-15T16:09:00+01:00,[59],[2]
2026-02-15T16:08:00+01:00,[59],[1]
2026-02-15T16:07:00+01:00,[59],[1]
2026-02-15T16:06:00+01:00,[59],[1]
2026-02-15T16:05:00+01:00,[59],[1]
2026-02-15T16:04:00+01:00,[59],[1]
2026-02-15T16:03:00+01:00,[59],[1]
2026-02-15T16:01:00+01:00,[59],[1]
2026-02-15T16:00:00+01:00,[59],[1]
2026-02-15T15:59:00+01:00,[59],[1]
2026-02-15T15:58:00+01:00,[59],[1]
2026-02-15T15:57:00+01:00,[59],[1]
2026-02-15T15:56:00+01:00,[59],[1]
2026-02-15T15:55:00+01:00,[59],[1]
2026-02-15T15:54:00+01:00,[59],[1]
2026-02-15T15:53:00+01:00,[59],[1]
2026-02-15T15:52:00+01:00,[59],[1]
2026-02-15T15:51:00+01:00,[59],[2]
2026-02-15T15:50:00+01:00,[59],[2]
2026-02-15T15:49:00+01:00,[59],[2]
2026-02-15T15:48:00+01:00,[59],[2]
2026-02-15T15:47:00+01:00,[59],[2]
2026-02-15T15:46:00+01:00,[59],[2]
2026-02-15T15:45:00+01:00,[59],[2]
2026-02-15T15:44:00+01:00,[59],[2]
2026-02-15T15:43:00+01:00,[59],[2]
2026-02-15T15:42:00+01:00,[59],[2]
2026-02-15T15:41:00+01:00,[59],[2]
2026-02-15T15:40:00+01:00,[59],[2]
2026-02-15T15:39:00+01:00,[59],[2]
2026-02-15T15:38:00+01:00,[59],[2]
2026-02-15T15:37:00+01:00,[59],[2]
2026-02-15T15:36:00+01:00,[59],[2]
2026-02-15T15:35:00+01:00,[59],[2]
2026-02-15T15:34:00+01:00,[59],[2]
2026-02-15T15:33:00+01:00,[59],[2]
2026-02-15T15:32:00+01:00,[59],[1]
2026-02-15T15:31:00+01:00,[59],[1]
2026-02-15T15:30:00+01:00,[59],[1]
2026-02-15T15:29:00+01:00,[59],[1]
2026-02-15T15:28:00+01:00,[59],[1]
2026-02-15T15:27:00+01:00,[59],[1]
2026-02-15T15:26:00+01:00,[59],[1]
2026-02-15T15:25:00+01:00,[59],[1]
2026-02-14T16:59:00+01:00,[59],[1]
2026-02-14T16:58:00+01:00,[59],[1]
2026-02-14T16:57:00+01:00,[59],[1]
2026-02-14T16:56:00+01:00,[59],[1]
2026-02-14T16:55:00+01:00,[59],[1]
2026-02-14T16:54:00+01:00,[59],[1]
2026-02-14T16:53:00+01:00,[59],[1]
2026-02-14T16:52:00+01:00,[59],[1]
2026-02-14T16:51:00+01:00,[59],[1]
2026-02-14T16:50:00+01:00,[59],[1]
2026-02-14T16:49:00+01:00,[59],[1]
2026-02-14T16:48:00+01:00,[59],[1]
2026-02-14T16:47:00+01:00,[59],[1]
2026-02-14T16:46:00+01:00,[59],[1]
2026-02-14T16:45:00+01:00,[59],[1]
2026-02-14T16:44:00+01:00,[59],[1]
2026-02-14T16:43:00+01:00,[59],[1]
2026-02-14T16:42:00+01:00,[59],[1]
2026-02-14T16:41:00+01:00,[59],[1]
2026-02-14T16:40:00+01:00,[59],[1]
2026-02-14T16:39:00+01:00,[59],[1]
2026-02-14T16:38:00+01:00,[59],[1]
2026-02-14T16:37:00+01:00,[59],[1]
2026-02-14T16:36:00+01:00,[59],[1]
2026-02-14T16:35:00+01:00,[59],[1]
2026-02-14T16:34:00+01:00,[59],[1]
2026-02-14T16:33:00+01:00,[59],[1]
2026-02-14T16:32:00+01:00,[59],[1]
2026-02-14T16:31:00+01:00,[59],[1]
2026-02-14T16:30:00+01:00,[59],[1]
2026-02-14T16:29:00+01:00,[59],[1]
2026-02-14T16:28:00+01:00,[59],[1]
2026-02-14T16:27:00+01:00,[59],[1]
2026-02-14T16:26:00+01:00,[59],[1]
2026-02-14T16:25:00+01:00,[59],[1]
2026-02-14T16:24:00+01:00,[59],[1]
2026-02-14T16:23:00+01:00,[59],[1]
2026-02-14T16:22:00+01:00,[59],[1]
2026-02-14T16:21:00+01:00,[59],[1]
2026-02-14T16:20:00+01:00,[59],[1]
2026-02-14T16:19:00+01:00,[59],[1]
2026-02-14T16:18:00+01:00,[59],[1]
2026-02-14T16:17:00+01:00,[59],[1]
2026-02-14T16:16:00+01:00,[59],[1]
2026-02-14T16:15:00+01:00,[59],[1]
2026-02-14T16:14:00+01:00,[59],[1]
2026-02-14T16:13:00+01:00,[59],[2]
2026-02-14T16:12:00+01:00,[59],[2]
2026-02-14T16:11:00+01:00,[59],[2]
2026-02-14T16:10:00+01:00,[59],[2]
2026-02-14T16:09:00+01:00,[59],[2]
2026-02-14T16:08:00+01:00,[59],[2]
2026-02-14T16:07:00+01:00,[59],[2]
2026-02-14T16:06:00+01:00,[59],[2]
2026-02-14T16:05:00+01:00,[59],[2]
2026-02-14T16:04:00+01:00,[59],[2]
2026-02-14T16:03:00+01:00,[59],[2]
2026-02-14T16:01:00+01:00,[59],[2]
2026-02-14T16:00:00+01:00,[59],[2]
2026-02-14T15:59:00+01:00,[59],[2]
2026-02-14T15:58:00+01:00,[59],[2]
2026-02-14T15:57:00+01:00,[59],[1]
2026-02-14T15:56:00+01:00,[59],[1]
2026-02-14T15:55:00+01:00,[59],[1]
2026-02-14T15:54:00+01:00,[59],[1]
2026-02-14T15:53:00+01:00,[59],[1]
2026-02-14T15:52:00+01:00,[59],[1]
2026-02-14T15:51:00+01:00,[59],[1]
2026-02-14T15:50:00+01:00,[59],[1]
2026-02-14T15:49:00+01:00,[59],[1]
2026-02-14T15:48:00+01:00,[59],[1]
2026-02-14T15:47:00+01:00,[59],[1]
2026-02-14T15:46:00+01:00,[59],[1]
2026-02-14T15:45:00+01:00,[59],[1]
2026-02-14T15:44:00+01:00,[59],[1]
2026-02-14T15:43:00+01:00,[59],[1]
2026-02-14T15:42:00+01:00,[59],[1]
2026-02-14T15:41:00+01:00,[59],[1]
2026-02-14T15:40:00+01:00,[59],[1]
2026-02-14T15:39:00+01:00,[59],[2]
2026-02-14T15:38:00+01:00,[59],[2]
2026-02-14T15:37:00+01:00,[59],[2]
2026-02-14T15:36:00+01:00,[59],[2]
2026-02-14T15:35:00+01:00,[59],[2]
2026-02-14T15:34:00+01:00,[59],[2]
2026-02-14T15:33:00+01:00,[59],[2]
2026-02-14T15:32:00+01:00,[59],[2]
2026-02-14T15:31:00+01:00,[59],[2]
2026-02-14T15:30:00+01:00,[59],[2]
2026-02-14T15:29:00+01:00,[59],[2]
2026-02-14T15:28:00+01:00,[59],[1]
2026-02-14T15:27:00+01:00,[59],[1]
2026-02-14T15:26:00+01:00,[59],[1]
2026-02-14T15:25:00+01:00,[59],[1]
2026-02-14T15:24:00+01:00,[59],[1]
2026-02-14T15:23:00+01:00,[59],[1]
2026-02-14T15:22:00+01:00,[59],[1]
2026-02-14T15:21:00+01:00,[59],[1]
2026-02-13T16:58:00+01:00,[59],[2]
2026-02-13T16:57:00+01:00,[59],[2]
2026-02-13T16:56:00+01:00,[59],[2]
2026-02-13T16:55:00+01:00,[59],[2]
2026-02-13T16:54:00+01:00,[59],[2]
2026-02-13T16:53:00+01:00,[59],[2]
2026-02-13T16:52:00+01:00,[59],[2]
2026-02-13T16:51:00+01:00,[59],[2]
2026-02-13T16:50:00+01:00,[59],[2]
2026-02-13T16:49:00+01:00,[59],[2]
2026-02-13T16:48:00+01:00,[59],[2]
2026-02-13T16:47:00+01:00,[59],[2]
2026-02-13T16:46:00+01:00,[59],[2]
2026-02-13T16:45:00+01:00,[59],[2]
2026-02-13T16:44:00+01:00,[59],[2]
2026-02-13T16:43:00+01:00,[59],[2]
2026-02-13T16:42:00+01:00,[59],[2]
2026-02-13T16:41:00+01:00,[59],[2]
2026-02-13T16:40:00+01:00,[59],[2]
2026-02-13T16:39:00+01:00,[59],[2]
2026-02-13T16:38:00+01:00,[59],[2]
2026-02-13T16:37:00+01:00,[59],[2]
2026-02-13T16:36:00+01:00,[59],[2]
2026-02-13T16:35:00+01:00,[59],[2]
2026-02-13T16:34:00+01:00,[59],[1]
2026-02-13T16:33:00+01:00,[59],[1]
2026-02-13T16:32:00+01:00,[59],[1]
2026-02-13T16:31:00+01:00,[59],[1]
2026-02-13T16:30:00+01:00,[59],[1]
2026-02-13T16:29:00+01:00,[59],[1]
2026-02-12T16:59:00+01:00,[59],[1]
2026-02-12T16:58:00+01:00,[59],[1]
2026-02-12T16:57:00+01:00,[59],[1]
2026-02-12T16:56:00+01:00,[59],[1]
2026-02-12T16:55:00+01:00,[59],[1]
2026-02-12T16:54:00+01:00,[59],[1]
2026-02-12T16:53:00+01:00,[59],[1]
2026-02-12T16:52:00+01:00,[59],[1]
2026-02-12T16:51:00+01:00,[59],[1]
2026-02-12T16:50:00+01:00,[59],[1]
2026-02-12T16:49:00+01:00,[59],[1]
2026-02-12T16:48:00+01:00,[59],[1]
2026-02-12T16:47:00+01:00,[59],[1]
2026-02-12T16:46:00+01:00,[59],[1]
2026-02-12T16:45:00+01:00,[59],[1]
2026-02-12T16:44:00+01:00,[59],[1]
2026-02-12T16:43:00+01:00,[59],[1]
2026-02-12T16:42:00+01:00,[59],[1]
2026-02-12T16:41:00+01:00,[59],[1]
2026-02-12T16:40:00+01:00,[59],[1]
2026-02-12T16:39:00+01:00,[59],[1]
2026-02-12T16:38:00+01:00,[59],[1]
2026-02-12T16:37:00+01:00,[59],[1]
2026-02-12T16:36:00+01:00,[59],[1]
2026-02-12T16:35:00+01:00,[59],[2]
2026-02-12T16:34:00+01:00,[59],[2]
2026-02-12T16:33:00+01:00,[59],[2]
2026-02-12T16:32:00+01:00,[59],[2]
2026-02-12T16:31:00+01:00,[59],[2]
2026-02-12T16:30:00+01:00,[59],[2]
2026-02-12T16:29:00+01:00,[59],[2]
2026-02-12T16:28:00+01:00,[59],[2]
2026-02-12T16:27:00+01:00,[59],[2]
2026-02-12T16:26:00+01:00,[59],[2]
2026-02-12T16:25:00+01:00,[59],[2]
2026-02-12T16:24:00+01:00,[59],[2]
2026-02-12T16:23:00+01:00,[59],[2]
2026-02-12T16:22:00+01:00,[59],[2]
2026-02-12T16:21:00+01:00,[59],[2]
2026-02-12T16:20:00+01:00,[59],[2]
2026-02-12T16:19:00+01:00,[59],[2]
2026-02-12T16:18:00+01:00,[59],[2]
2026-02-12T16:17:00+01:00,[59],[2]
2026-02-12T16:16:00+01:00,[59],[2]
2026-02-12T16:15:00+01:00,[59],[2]
2026-02-12T16:14:00+01:00,[59],[2]
2026-02-12T16:13:00+01:00,[59],[2]
2026-02-12T16:12:00+01:00,[59],[2]
2026-02-12T16:11:00+01:00,[59],[2]
2026-02-12T16:10:00+01:00,[59],[2]
2026-02-12T16:09:00+01:00,[59],[1]
2026-02-12T16:08:00+01:00,[59],[1]
2026-02-12T16:07:00+01:00,[59],[1]
2026-02-12T16:06:00+01:00,[59],[1]
2026-02-12T16:05:00+01:00,[59],[1]
2026-02-12T16:04:00+01:00,[59],[1]
2026-02-12T16:03:00+01:00,[59],[1]
2026-02-11T16:58:00+01:00,[59],[1]
2026-02-11T16:57:00+01:00,[59],[1]
2026-02-11T16:56:00+01:00,[59],[1]
2026-02-11T16:55:00+01:00,[59],[1]
2026-02-11T16:54:00+01:00,[59],[1]
2026-02-11T16:53:00+01:00,[59],[1]
2026-02-11T16:52:00+01:00,[59],[1]
2026-02-11T16:51:00+01:00,[59],[1]
2026-02-11T16:50:00+01:00,[59],[1]
2026-02-11T16:49:00+01:00,[59],[1]
2026-02-11T16:48:00+01:00,[59],[1]
2026-02-11T16:47:00+01:00,[59],[1]
2026-02-11T16:46:00+01:00,[59],[1]
2026-02-11T16:45:00+01:00,[59],[1]
2026-02-11T16:44:00+01:00,[59],[1]
2026-02-11T16:43:00+01:00,[59],[1]
2026-02-11T16:42:00+01:00,[59],[1]
2026-02-11T16:41:00+01:00,[59],[1]
2026-02-11T16:40:00+01:00,[59],[1]
2026-02-11T16:39:00+01:00,[59],[1]
2026-02-11T16:38:00+01:00,[59],[1]
2026-02-11T16:37:00+01:00,[59],[1]
2026-02-11T16:36:00+01:00,[59],[1]
2026-02-11T16:35:00+01:00,[59],[1]
2026-02-11T16:34:00+01:00,[59],[1]
2026-02-11T16:33:00+01:00,[59],[1]
2026-02-11T16:32:00+01:00,[59],[1]
2026-02-11T16:31:00+01:00,[59],[1]
2026-02-11T16:30:00+01:00,[59],[1]
2026-02-11T16:29:00+01:00,[59],[1]
2026-02-11T16:28:00+01:00,[59],[1]
2026-02-11T16:27:00+01:00,[59],[1]
2026-02-11T16:26:00+01:00,[59],[1]
2026-02-11T16:25:00+01:00,[59],[1]
2026-02-11T16:24:00+01:00,[59],[1]
2026-02-11T16:23:00+01:00,[59],[1]
2026-02-11T16:22:00+01:00,[59],[2]
2026-02-11T16:21:00+01:00,[59],[2]
2026-02-11T16:20:00+01:00,[59],[2]
2026-02-11T16:19:00+01:00,[59],[2]
2026-02-11T16:18:00+01:00,[59],[2]
2026-02-11T16:17:00+01:00,[59],[2]
2026-02-11T16:16:00+01:00,[59],[2]
2026-02-11T16:15:00+01:00,[59],[2]
2026-02-11T16:14:00+01:00,[59],[2]
2026-02-11T16:13:00+01:00,[59],[2]
2026-02-11T16:12:00+01:00,[59],[2]
2026-02-11T16:11:00+01:00,[59],[2]
2026-02-11T16:10:00+01:00,[59],[1]
2026-02-09T16:59:00+01:00,[59],[1]
2026-02-09T16:58:00+01:00,[59],[1]
2026-02-09T16:57:00+01:00,[59],[1]
2026-02-09T16:56:00+01:00,[59],[1]
2026-02-09T16:55:00+01:00,[59],[1]
2026-02-09T16:54:00+01:00,[59],[1]
2026-02-09T16:53:00+01:00,[59],[1]
2026-02-09T16:52:00+01:00,[59],[1]
2026-02-09T16:51:00+01:00,[59],[1]
2026-02-09T16:50:00+01:00,[59],[1]
2026-02-09T16:49:00+01:00,[59],[1]
2026-02-09T16:48:00+01:00,[59],[1]
2026-02-09T16:47:00+01:00,[59],[1]
2026-02-09T16:46:00+01:00,[59],[2]
2026-02-09T16:45:00+01:00,[59],[2]
2026-02-09T16:44:00+01:00,[59],[2]
2026-02-09T16:43:00+01:00,[59],[2]
2026-02-09T16:42:00+01:00,[59],[2]
2026-02-09T16:41:00+01:00,[59],[2]
2026-02-09T16:40:00+01:00,[59],[2]
2026-02-09T16:39:00+01:00,[59],[2]
2026-02-09T16:38:00+01:00,[59],[2]
2026-02-09T16:37:00+01:00,[59],[2]
2026-02-09T16:36:00+01:00,[59],[2]
2026-02-09T16:35:00+01:00,[59],[2]
2026-02-09T16:34:00+01:00,[59],[2]
2026-02-09T16:33:00+01:00,[59],[2]
2026-02-09T16:32:00+01:00,[59],[1]
2026-02-09T16:31:00+01:00,[59],[1]
2026-02-08T16:59:00+01:00,[59],[2]
2026-02-08T16:58:00+01:00,[59],[2]
2026-02-08T16:57:00+01:00,[59],[2]
2026-02-08T16:56:00+01:00,[59],[2]
2026-02-08T16:55:00+01:00,[59],[2]
2026-02-08T16:54:00+01:00,[59],[2]
2026-02-08T16:53:00+01:00,[59],[2]
2026-02-08T16:52:00+01:00,[59],[2]
2026-02-08T16:51:00+01:00,[59],[2]
2026-02-08T16:50:00+01:00,[59],[2]
2026-02-08T16:49:00+01:00,[59],[2]
2026-02-08T16:48:00+01:00,[59],[2]
2026-02-08T16:47:00+01:00,[59],[2]
2026-02-08T16:46:00+01:00,[59],[2]
2026-02-08T16:45:00+01:00,[59],[2]
2026-02-08T16:44:00+01:00,[59],[2]
2026-02-08T16:43:00+01:00,[59],[2]
2026-02-08T16:42:00+01:00,[59],[2]
2026-02-08T16:41:00+01:00,[59],[2]
2026-02-08T16:40:00+01:00,[59],[2]
2026-02-08T16:39:00+01:00,[59],[2]
2026-02-08T16:38:00+01:00,[59],[2]
2026-02-08T16:37:00+01:00,[59],[2]
2026-02-08T16:36:00+01:00,[59],[2]
2026-02-08T16:35:00+01:00,[59],[2]
2026-02-08T16:34:00+01:00,[59],[2]
2026-02-08T16:33:00+01:00,[59],[2]
2026-02-08T16:32:00+01:00,[59],[2]
2026-02-08T16:31:00+01:00,[59],[2]
2026-02-08T16:30:00+01:00,[59],[2]
2026-02-08T16:29:00+01:00,[59],[2]
2026-02-08T16:28:00+01:00,[59],[2]
2026-02-08T16:27:00+01:00,[59],[2]
2026-02-08T16:26:00+01:00,[59],[2]
2026-02-08T16:25:00+01:00,[59],[2]
2026-02-08T16:24:00+01:00,[59],[2]
2026-02-04T16:59:00+01:00,[59],[3]
2026-02-04T16:58:00+01:00,[59],[3]
2026-02-04T16:57:00+01:00,[59],[3]
2026-02-04T16:56:00+01:00,[59],[3]
2026-02-04T16:55:00+01:00,[59],[3]
2026-02-03T16:59:00+01:00,[59],[1]
2026-02-03T16:58:00+01:00,[59],[1]
2026-02-03T16:57:00+01:00,[59],[1]
2026-02-03T16:56:00+01:00,[59],[1]
2026-02-03T16:55:00+01:00,[59],[1]
2026-02-03T16:54:00+01:00,[59],[1]
2026-02-03T16:53:00+01:00,[59],[1]
2026-02-03T16:52:00+01:00,[59],[1]
2026-02-03T16:51:00+01:00,[59],[1]
2026-02-03T16:50:00+01:00,[59],[1]
2026-02-03T16:49:00+01:00,[59],[1]
2026-02-03T16:48:00+01:00,[59],[1]
2026-02-03T16:47:00+01:00,[59],[2]
2026-02-03T16:46:00+01:00,[59],[2]
2026-02-03T16:45:00+01:00,[59],[2]
2026-02-03T16:44:00+01:00,[59],[2]
2026-02-03T16:43:00+01:00,[59],[2]
2026-02-03T16:42:00+01:00,[59],[2]
2026-02-03T16:41:00+01:00,[59],[2]
2026-02-03T16:40:00+01:00,[59],[2]
2026-02-03T16:39:00+01:00,[59],[2]
2026-02-03T16:38:00+01:00,[59],[2]
2026-02-03T16:37:00+01:00,[59],[1]
2026-02-03T16:36:00+01:00,[59],[1]
2026-02-03T16:35:00+01:00,[59],[1]
2026-02-03T16:34:00+01:00,[59],[1]
2026-02-03T16:33:00+01:00,[59],[1]
2026-02-01T16:59:00+01:00,[59],[1]
2026-02-01T16:58:00+01:00,[59],[1]
2026-02-01T16:57:00+01:00,[59],[1]
2026-02-01T16:56:00+01:00,[59],[1]
2026-02-01T16:55:00+01:00,[59],[1]
2026-02-01T16:54:00+01:00,[59],[1]
2026-02-01T16:53:00+01:00,[59],[1]
2026-02-01T16:52:00+01:00,[59],[1]
2026-02-01T16:51:00+01:00,[59],[1]
2026-02-01T16:50:00+01:00,[59],[1]
2026-02-01T16:49:00+01:00,[59],[1]
2026-02-01T16:48:00+01:00,[59],[1]
2026-02-01T16:47:00+01:00,[59],[1]
2026-02-01T16:46:00+01:00,[59],[1]
2026-02-01T16:45:00+01:00,[59],[1]
2026-02-01T16:44:00+01:00,[59],[1]
2026-02-01T16:43:00+01:00,[59],[1]
2026-02-01T16:42:00+01:00,[59],[1]
2026-02-01T16:41:00+01:00,[59],[1]
2026-02-01T16:40:00+01:00,[59],[1]
2026-02-01T16:39:00+01:00,[59],[1]
2026-02-01T16:38:00+01:00,[59],[1]
2026-02-01T16:37:00+01:00,[59],[1]
2026-02-01T16:36:00+01:00,[59],[3]
2026-02-01T16:35:00+01:00,[59],[3]
2026-02-01T16:34:00+01:00,[59],[3]
2026-02-01T16:33:00+01:00,[59],[3]
2026-02-01T16:32:00+01:00,[59],[3]
2026-02-01T16:31:00+01:00,[59],[3]
2026-02-01T16:30:00+01:00,[59],[3]
2026-02-01T16:29:00+01:00,[59],[3]
2026-02-01T16:28:00+01:00,[59],[3]
2026-02-01T16:27:00+01:00,[59],[3]
2026-02-01T16:26:00+01:00,[59],[1]
2026-02-01T16:25:00+01:00,[59],[1]
2026-02-01T16:24:00+01:00,[59],[1]
2026-02-01T16:23:00+01:00,[59],[1]
2026-02-01T16:22:00+01:00,[59],[1]
2026-02-01T16:21:00+01:00,[59],[1]
2026-02-01T16:20:00+01:00,[59],[1]
2026-02-01T16:19:00+01:00,[59],[1]
2026-02-01T16:18:00+01:00,[59],[1]
2026-02-01T16:17:00+01:00,[59],[1]
2026-02-01T16:16:00+01:00,[59],[1]
2026-02-01T16:15:00+01:00,[59],[1]
2026-02-01T16:14:00+01:00,[59],[1]
2026-02-01T16:13:00+01:00,[59],[1]
2026-02-01T16:12:00+01:00,[59],[1]
2026-02-01T16:11:00+01:00,[59],[1]
2026-02-01T16:10:00+01:00,[59],[1]
2026-02-01T16:09:00+01:00,[59],[1]
2026-02-01T16:08:00+01:00,[59],[1]
2026-02-01T16:07:00+01:00,[59],[1]
2026-02-01T16:06:00+01:00,[59],[2]
2026-02-01T16:05:00+01:00,[59],[2]
2026-02-01T16:04:00+01:00,[59],[2]
2026-02-01T16:03:00+01:00,[59],[2]
2026-02-01T16:01:00+01:00,[59],[2]
2026-02-01T16:00:00+01:00,[59],[2]
2026-02-01T15:59:00+01:00,[59],[2]
2026-02-01T15:58:00+01:00,[59],[2]
2026-02-01T15:57:00+01:00,[59],[2]
2026-02-01T15:56:00+01:00,[59],[2]
2026-02-01T15:55:00+01:00,[59],[2]
2026-02-01T15:54:00+01:00,[59],[2]
2026-02-01T15:53:00+01:00,[59],[2]
2026-02-01T15:52:00+01:00,[59],[2]
2026-02-01T15:51:00+01:00,[59],[1]
2026-02-01T15:50:00+01:00,[59],[1]
2026-02-01T15:49:00+01:00,[59],[1]
2026-02-01T15:48:00+01:00,[59],[1]
2026-02-01T15:47:00+01:00,[59],[1]
2026-02-01T15:46:00+01:00,[59],[1]
2026-02-01T15:45:00+01:00,[59],[1]
2026-02-01T15:44:00+01:00,[59],[1]
2026-02-01T15:43:00+01:00,[59],[1]
2026-02-01T15:42:00+01:00,[59],[1]
2026-02-01T15:41:00+01:00,[59],[1]
2026-02-01T15:40:00+01:00,[59],[1]
2026-02-01T15:39:00+01:00,[59],[1]
2026-02-01T15:38:00+01:00,[59],[1]
2026-02-01T15:37:00+01:00,[59],[1]
2026-02-01T15:36:00+01:00,[59],[1]
2026-02-01T15:35:00+01:00,[59],[1]
2026-02-01T15:34:00+01:00,[59],[1]
2026-02-01T15:33:00+01:00,[59],[1]
2026-02-01T15:32:00+01:00,[59],[2]
2026-02-01T15:31:00+01:00,[59],[2]
2026-02-01T15:30:00+01:00,[59],[2]
2026-02-01T15:29:00+01:00,[59],[2]
2026-02-01T15:28:00+01:00,[59],[2]
2026-02-01T15:27:00+01:00,[59],[2]
2026-02-01T15:26:00+01:00,[59],[2]
2026-02-01T15:25:00+01:00,[59],[2]
2026-02-01T15:24:00+01:00,[59],[2]
2026-02-01T15:23:00+01:00,[59],[2]
2026-02-01T15:22:00+01:00,[59],[2]
2026-02-01T15:21:00+01:00,[59],[2]
2026-02-01T15:20:00+01:00,[59],[2]
2026-02-01T15:19:00+01:00,[59],[2]
2026-02-01T15:18:00+01:00,[59],[2]
2026-02-01T15:17:00+01:00,[59],[1]
2026-02-01T15:16:00+01:00,[59],[1]
2026-01-30T16:59:00+01:00,[59],[1]
2026-01-30T16:58:00+01:00,[59],[1]
2026-01-30T16:57:00+01:00,[59],[1]
2026-01-30T16:56:00+01:00,[59],[1]
2026-01-30T16:55:00+01:00,[59],[1]
2026-01-30T16:54:00+01:00,[59],[1]
2026-01-30T16:53:00+01:00,[59],[1]
2026-01-30T16:52:00+01:00,[59],[1]
2026-01-30T16:51:00+01:00,[59],[1]
2026-01-30T16:50:00+01:00,[59],[1]
2026-01-30T16:49:00+01:00,[59],[1]
2026-01-30T16:48:00+01:00,[59],[1]
2026-01-30T16:47:00+01:00,[59],[1]
2026-01-30T16:46:00+01:00,[59],[1]
2026-01-30T16:45:00+01:00,[59],[2]
2026-01-30T16:44:00+01:00,[59],[2]
2026-01-30T16:43:00+01:00,[59],[2]
2026-01-30T16:42:00+01:00,[59],[2]
2026-01-30T16:41:00+01:00,[59],[2]
2026-01-30T16:40:00+01:00,[59],[2]
2026-01-30T16:39:00+01:00,[59],[2]
2026-01-30T16:38:00+01:00,[59],[2]
2026-01-30T16:37:00+01:00,[59],[2]
2026-01-30T16:36:00+01:00,[59],[2]
2026-01-30T16:35:00+01:00,[59],[2]
2026-01-30T16:34:00+01:00,[59],[2]
2026-01-30T16:33:00+01:00,[59],[1]
2026-01-30T16:32:00+01:00,[59],[1]
2026-01-30T16:31:00+01:00,[59],[1]
2026-01-30T16:30:00+01:00,[59],[1]
2026-01-30T16:29:00+01:00,[59],[1]
2026-01-30T16:28:00+01:00,[59],[1]
2026-01-30T16:27:00+01:00,[59],[1]
2026-01-30T16:26:00+01:00,[59],[1]
2026-01-30T16:25:00+01:00,[59],[1]
2026-01-30T16:24:00+01:00,[59],[1]
2026-01-30T16:23:00+01:00,[59],[1]
2026-01-30T16:22:00+01:00,[59],[1]
2026-01-30T16:21:00+01:00,[59],[1]
2026-01-30T16:20:00+01:00,[59],[2]
2026-01-30T16:19:00+01:00,[59],[2]
2026-01-30T16:18:00+01:00,[59],[2]
2026-01-30T16:17:00+01:00,[59],[2]
2026-01-30T16:16:00+01:00,[59],[2]
2026-01-30T16:15:00+01:00,[59],[2]
2026-01-30T16:14:00+01:00,[59],[2]
2026-01-30T16:13:00+01:00,[59],[2]
2026-01-30T16:12:00+01:00,[59],[2]
2026-01-30T16:11:00+01:00,[59],[2]
2026-01-30T16:10:00+01:00,[59],[2]
2026-01-30T16:09:00+01:00,[59],[2]
2026-01-30T16:08:00+01:00,[59],[2]
2026-01-30T16:07:00+01:00,[59],[1]
2026-01-30T16:06:00+01:00,[59],[1]
2026-01-30T16:05:00+01:00,[59],[1]
2026-01-30T16:04:00+01:00,[59],[1]
2026-01-30T16:03:00+01:00,[59],[1]
2026-01-29T16:59:00+01:00,[59],[1]
2026-01-29T16:58:00+01:00,[59],[1]
2026-01-29T16:57:00+01:00,[59],[1]
2026-01-29T16:56:00+01:00,[59],[1]
2026-01-29T16:55:00+01:00,[59],[1]
2026-01-29T16:54:00+01:00,[59],[1]
2026-01-29T16:53:00+01:00,[59],[1]
2026-01-29T16:52:00+01:00,[59],[1]
2026-01-29T16:51:00+01:00,[59],[1]
2026-01-29T16:50:00+01:00,[59],[1]
2026-01-29T16:49:00+01:00,[59],[1]
2026-01-29T16:48:00+01:00,[59],[1]
2026-01-29T16:47:00+01:00,[59],[1]
2026-01-29T16:46:00+01:00,[59],[1]
2026-01-29T16:45:00+01:00,[59],[1]
2026-01-29T16:44:00+01:00,[59],[1]
2026-01-29T16:43:00+01:00,[59],[2]
2026-01-29T16:42:00+01:00,[59],[2]
2026-01-29T16:41:00+01:00,[59],[2]
2026-01-29T16:40:00+01:00,[59],[2]
2026-01-29T16:39:00+01:00,[59],[2]
2026-01-29T16:38:00+01:00,[59],[2]
2026-01-29T16:37:00+01:00,[59],[2]
2026-01-29T16:36:00+01:00,[59],[2]
2026-01-29T16:35:00+01:00,[59],[2]
2026-01-29T16:34:00+01:00,[59],[2]
2026-01-29T16:33:00+01:00,[59],[2]
2026-01-29T16:32:00+01:00,[59],[2]
2026-01-29T16:31:00+01:00,[59],[1]
2026-01-29T16:30:00+01:00,[59],[1]
2026-01-29T16:29:00+01:00,[59],[1]
2026-01-29T16:28:00+01:00,[59],[1]
2026-01-29T16:27:00+01:00,[59],[1]
2026-01-29T16:26:00+01:00,[59],[1]
2026-01-29T16:25:00+01:00,[59],[1]
2026-01-29T16:24:00+01:00,[59],[1]
2026-01-29T16:23:00+01:00,[59],[1]
2026-01-29T16:22:00+01:00,[59],[1]
2026-01-29T16:21:00+01:00,[59],[1]
2026-01-29T16:20:00+01:00,[59],[1]
2026-01-29T16:19:00+01:00,[59],[1]
2026-01-29T16:18:00+01:00,[59],[2]
2026-01-29T16:17:00+01:00,[59],[2]
2026-01-29T16:16:00+01:00,[59],[2]
2026-01-29T16:15:00+01:00,[59],[2]
2026-01-29T16:14:00+01:00,[59],[2]
2026-01-29T16:13:00+01:00,[59],[2]
2026-01-29T16:12:00+01:00,[59],[2]
2026-01-29T16:11:00+01:00,[59],[2]
2026-01-29T16:10:00+01:00,[59],[2]
2026-01-29T16:09:00+01:00,[59],[2]
2026-01-29T16:08:00+01:00,[59],[2]
2026-01-29T16:07:00+01:00,[59],[1]
2026-01-29T16:06:00+01:00,[59],[1]
2026-01-29T16:05:00+01:00,[59],[1]
2026-01-29T16:04:00+01:00,[59],[1]
2026-01-29T16:03:00+01:00,[59],[1]
2026-01-28T16:59:00+01:00,[59],[1]
2026-01-28T16:58:00+01:00,[59],[1]
2026-01-28T16:57:00+01:00,[59],[1]
2026-01-28T16:56:00+01:00,[59],[1]
2026-01-28T16:55:00+01:00,[59],[1]
2026-01-28T16:54:00+01:00,[59],[1]
2026-01-28T16:53:00+01:00,[59],[1]
2026-01-28T16:52:00+01:00,[59],[1]
2026-01-28T16:51:00+01:00,[59],[1]
2026-01-28T16:50:00+01:00,[59],[1]
2026-01-28T16:49:00+01:00,[59],[1]
2026-01-28T16:48:00+01:00,[59],[1]
2026-01-28T16:47:00+01:00,[59],[1]
2026-01-28T16:46:00+01:00,[59],[1]
2026-01-28T16:45:00+01:00,[59],[1]
2026-01-28T16:44:00+01:00,[59],[1]
2026-01-28T16:43:00+01:00,[59],[1]
2026-01-28T16:42:00+01:00,[59],[1]
2026-01-28T16:41:00+01:00,[59],[1]
2026-01-28T16:40:00+01:00,[59],[1]
2026-01-28T16:39:00+01:00,[59],[1]
2026-01-28T16:38:00+01:00,[59],[2]
2026-01-28T16:37:00+01:00,[59],[2]
2026-01-28T16:36:00+01:00,[59],[2]
2026-01-28T16:35:00+01:00,[59],[2]
2026-01-28T16:34:00+01:00,[59],[2]
2026-01-28T16:33:00+01:00,[59],[2]
2026-01-28T16:32:00+01:00,[59],[2]
2026-01-28T16:31:00+01:00,[59],[2]
2026-01-28T16:30:00+01:00,[59],[2]
2026-01-28T16:29:00+01:00,[59],[2]
2026-01-28T16:28:00+01:00,[59],[2]
2026-01-28T16:27:00+01:00,[59],[2]
2026-01-28T16:26:00+01:00,[59],[2]
2026-01-28T16:25:00+01:00,[59],[1]
2026-01-28T16:24:00+01:00,[59],[1]
2026-01-28T16:23:00+01:00,[59],[1]
2026-01-28T16:22:00+01:00,[59],[1]
2026-01-28T16:21:00+01:00,[59],[1]
2026-01-28T16:20:00+01:00,[59],[1]
2026-01-28T16:19:00+01:00,[59],[1]
2026-01-28T16:18:00+01:00,[59],[1]
2026-01-28T16:17:00+01:00,[59],[1]
2026-01-28T16:16:00+01:00,[59],[1]
2026-01-28T16:15:00+01:00,[59],[2]
2026-01-28T16:14:00+01:00,[59],[2]
2026-01-28T16:13:00+01:00,[59],[2]
2026-01-28T16:12:00+01:00,[59],[2]
2026-01-28T16:11:00+01:00,[59],[2]
2026-01-28T16:10:00+01:00,[59],[2]
2026-01-28T16:09:00+01:00,[59],[2]
2026-01-28T16:08:00+01:00,[59],[2]
2026-01-28T16:07:00+01:00,[59],[2]
2026-01-28T16:06:00+01:00,[59],[2]
2026-01-28T16:05:00+01:00,[59],[2]
2026-01-28T16:04:00+01:00,[59],[2]
2026-01-28T16:03:00+01:00,[59],[2]
2026-01-28T16:02:00+01:00,[59],[2]
2026-01-28T16:01:00+01:00,[59],[2]
2026-01-28T16:00:00+01:00,[59],[2]
2026-01-28T15:59:00+01:00,[59],[2]
2026-01-28T15:58:00+01:00,[59],[3]
2026-01-28T15:57:00+01:00,[59],[3]
2026-01-28T15:56:00+01:00,[59],[3]
2026-01-28T15:55:00+01:00,[59],[3]
2026-01-28T15:54:00+01:00,[59],[3]
2026-01-28T15:53:00+01:00,[59],[3]
2026-01-28T15:52:00+01:00,[59],[3]
2026-01-28T15:51:00+01:00,[59],[3]
2026-01-28T15:50:00+01:00,[59],[3]
2026-01-28T15:49:00+01:00,[59],[3]
2026-01-28T15:48:00+01:00,[59],[3]
2026-01-28T15:13:00+01:00,"[240,660,360,120]","[0,1,0,0]"
2026-01-26T16:59:00+01:00,[59],[1]
2026-01-26T16:58:00+01:00,[59],[1]
2026-01-26T16:57:00+01:00,[59],[1]
2026-01-26T16:56:00+01:00,[59],[1]
2026-01-26T16:55:00+01:00,[59],[1]
2026-01-26T16:54:00+01:00,[59],[1]
2026-01-26T16:53:00+01:00,[59],[1]
2026-01-26T16:52:00+01:00,[59],[1]
2026-01-26T16:51:00+01:00,[59],[1]
2026-01-26T16:50:00+01:00,[59],[1]
2026-01-26T16:49:00+01:00,[59],[1]
2026-01-26T16:48:00+01:00,[59],[1]
2026-01-26T16:47:00+01:00,[59],[1]
2026-01-26T16:46:00+01:00,[59],[1]
2026-01-26T16:45:00+01:00,[59],[1]
2026-01-26T16:44:00+01:00,[59],[1]
2026-01-26T16:40:00+01:00,[59],[1]
2026-01-26T16:39:00+01:00,[59],[1]
2026-01-26T16:38:00+01:00,[59],[1]
2026-01-26T16:37:00+01:00,[59],[1]
2026-01-26T16:36:00+01:00,[59],[1]
2026-01-26T16:35:00+01:00,[59],[1]
2026-01-26T16:34:00+01:00,[59],[1]
2026-01-26T16:33:00+01:00,[59],[1]
2026-01-26T16:32:00+01:00,[59],[1]
2026-01-26T16:31:00+01:00,[59],[1]
2026-01-26T16:30:00+01:00,[59],[1]
2026-01-26T16:29:00+01:00,[59],[1]
2026-01-26T16:28:00+01:00,[59],[1]
2026-01-26T16:27:00+01:00,[59],[1]
2026-01-26T16:26:00+01:00,[59],[1]
2026-01-26T16:25:00+01:00,[59],[1]
2026-01-26T16:24:00+01:00,[59],[1]
2026-01-26T16:23:00+01:00,[59],[1]
2026-01-26T16:22:00+01:00,[59],[1]
2026-01-25T16:59:00+01:00,[59],[2]
2026-01-25T16:58:00+01:00,[59],[2]
2026-01-25T16:57:00+01:00,[59],[2]
2026-01-25T16:56:00+01:00,[59],[2]
2026-01-25T16:55:00+01:00,[59],[2]
2026-01-25T16:54:00+01:00,[59],[2]
2026-01-25T16:53:00+01:00,[59],[2]
2026-01-25T16:52:00+01:00,[59],[2]
2026-01-25T16:51:00+01:00,[59],[1]
2026-01-25T16:50:00+01:00,[59],[1]
2026-01-25T16:49:00+01:00,[59],[1]
2026-01-25T16:48:00+01:00,[59],[1]
2026-01-25T16:47:00+01:00,[59],[1]
2026-01-25T16:46:00+01:00,[59],[1]
2026-01-25T16:45:00+01:00,[59],[1]
2026-01-25T16:44:00+01:00,[59],[1]
2026-01-25T16:43:00+01:00,[59],[1]
2026-01-25T16:42:00+01:00,[59],[1]
2026-01-25T16:41:00+01:00,[59],[2]
2026-01-25T16:40:00+01:00,[59],[2]
2026-01-25T16:39:00+01:00,[59],[2]
2026-01-25T16:38:00+01:00,[59],[2]
2026-01-25T16:37:00+01:00,[59],[2]
2026-01-25T16:36:00+01:00,[59],[2]
2026-01-25T16:35:00+01:00,[59],[2]
2026-01-25T16:34:00+01:00,[59],[2]
2026-01-25T16:33:00+01:00,[59],[2]
2026-01-25T16:32:00+01:00,[59],[2]
2026-01-25T16:31:00+01:00,[59],[2]
2026-01-25T16:30:00+01:00,[59],[2]
2026-01-25T16:29:00+01:00,[59],[2]
2026-01-25T16:28:00+01:00,[59],[2]
2026-01-25T16:27:00+01:00,[59],[2]
2026-01-25T16:26:00+01:00,[59],[2]
2026-01-25T16:25:00+01:00,[59],[2]
2026-01-25T16:24:00+01:00,[59],[2]
2026-01-25T16:23:00+01:00,[59],[2]
2026-01-25T16:22:00+01:00,[59],[2]
2026-01-25T16:21:00+01:00,[59],[2]
2026-01-25T16:20:00+01:00,[59],[2]
2026-01-25T16:19:00+01:00,[59],[2]
2026-01-25T16:18:00+01:00,[59],[3]
2026-01-25T16:17:00+01:00,[59],[3]
2026-01-25T16:16:00+01:00,[59],[3]
2026-01-25T16:15:00+01:00,[59],[3]
2026-01-23T16:59:00+01:00,[59],[1]
2026-01-23T16:58:00+01:00,[59],[1]
2026-01-23T16:57:00+01:00,[59],[1]
2026-01-23T16:56:00+01:00,[59],[1]
2026-01-23T16:55:00+01:00,[59],[1]
2026-01-23T16:54:00+01:00,[59],[1]
2026-01-23T16:53:00+01:00,[59],[1]
2026-01-23T16:52:00+01:00,[59],[1]
2026-01-23T16:51:00+01:00,[59],[3]
2026-01-23T16:50:00+01:00,[59],[3]
2026-01-23T16:49:00+01:00,[59],[3]
2026-01-23T16:48:00+01:00,[59],[3]
2026-01-23T16:47:00+01:00,[59],[3]
2026-01-23T16:46:00+01:00,[59],[3]
2026-01-23T16:45:00+01:00,[59],[3]
2026-01-23T16:44:00+01:00,[59],[3]
2026-01-23T16:43:00+01:00,[59],[3]
2026-01-23T16:42:00+01:00,[59],[2]
2026-01-23T16:41:00+01:00,[59],[2]
2026-01-23T16:40:00+01:00,[59],[2]
2026-01-23T16:39:00+01:00,[59],[2]
2026-01-23T16:38:00+01:00,[59],[2]
2026-01-23T16:37:00+01:00,[59],[2]
2026-01-23T16:36:00+01:00,[59],[2]
2026-01-23T16:35:00+01:00,[59],[2]
2026-01-23T16:34:00+01:00,[59],[2]
2026-01-23T16:33:00+01:00,[59],[2]
2026-01-23T16:32:00+01:00,[59],[2]
2026-01-23T16:31:00+01:00,[59],[2]
2026-01-23T16:30:00+01:00,[59],[2]
2026-01-23T16:29:00+01:00,[59],[2]
2026-01-23T16:28:00+01:00,[59],[2]
2026-01-23T16:27:00+01:00,[59],[2]
2026-01-23T16:26:00+01:00,[59],[2]
2026-01-23T16:25:00+01:00,[59],[2]
2026-01-23T16:24:00+01:00,[59],[1]
2026-01-23T16:23:00+01:00,[59],[1]
2026-01-23T16:22:00+01:00,[59],[1]
2026-01-23T16:21:00+01:00,[59],[1]
2026-01-23T16:20:00+01:00,[59],[1]
2026-01-23T16:19:00+01:00,[59],[1]
2026-01-23T16:18:00+01:00,[59],[1]
2026-01-23T16:17:00+01:00,[59],[1]
2026-01-23T16:16:00+01:00,[59],[1]
2026-01-22T16:58:00+01:00,[59],[1]
2026-01-22T16:57:00+01:00,[59],[1]
2026-01-22T16:56:00+01:00,[59],[1]
2026-01-22T16:55:00+01:00,[59],[1]
2026-01-22T16:54:00+01:00,[59],[1]
2026-01-22T16:53:00+01:00,[59],[1]
2026-01-22T16:52:00+01:00,[59],[1]
2026-01-22T16:51:00+01:00,[59],[1]
2026-01-22T16:50:00+01:00,[59],[1]
2026-01-22T16:49:00+01:00,[59],[1]
2026-01-22T16:48:00+01:00,[59],[1]
2026-01-22T16:47:00+01:00,[59],[2]
2026-01-22T16:46:00+01:00,[59],[2]
2026-01-22T16:45:00+01:00,[59],[2]
2026-01-22T16:44:00+01:00,[59],[2]
2026-01-22T16:43:00+01:00,[59],[2]
2026-01-22T16:42:00+01:00,[59],[2]
2026-01-22T16:41:00+01:00,[59],[2]
2026-01-22T16:40:00+01:00,[59],[2]
2026-01-22T16:39:00+01:00,[59],[2]
2026-01-22T16:38:00+01:00,[59],[2]
2026-01-22T16:37:00+01:00,[59],[2]
2026-01-22T16:36:00+01:00,[59],[2]
2026-01-22T16:35:00+01:00,[59],[2]
2026-01-22T16:34:00+01:00,[59],[2]
2026-01-22T16:33:00+01:00,[59],[2]
2026-01-22T16:32:00+01:00,[59],[2]
2026-01-22T16:31:00+01:00,[59],[2]
2026-01-22T16:30:00+01:00,[59],[1]
2026-01-22T16:29:00+01:00,[59],[1]
2026-01-22T16:28:00+01:00,[59],[1]
2026-01-22T16:27:00+01:00,[59],[1]
2026-01-22T16:26:00+01:00,[59],[1]
2026-01-22T16:25:00+01:00,[59],[1]
2026-01-22T16:24:00+01:00,[59],[1]
2026-01-22T16:23:00+01:00,[59],[1]
2026-01-22T16:22:00+01:00,[59],[1]
2026-01-22T16:21:00+01:00,[59],[1]
2026-01-22T16:20:00+01:00,[59],[1]
2026-01-22T16:19:00+01:00,[59],[1]
2026-01-22T16:18:00+01:00,[59],[1]
2026-01-22T16:17:00+01:00,[59],[1]
2026-01-22T16:16:00+01:00,[59],[1]
2026-01-22T16:15:00+01:00,[59],[1]
2026-01-22T16:14:00+01:00,[59],[1]
2026-01-22T16:13:00+01:00,[59],[1]
2026-01-22T16:12:00+01:00,[59],[1]
2026-01-22T16:11:00+01:00,[59],[1]
2026-01-22T16:10:00+01:00,[59],[1]
2026-01-22T16:09:00+01:00,[59],[2]
2026-01-22T16:08:00+01:00,[59],[2]
2026-01-22T16:07:00+01:00,[59],[2]
2026-01-22T16:06:00+01:00,[59],[2]
2026-01-22T16:05:00+01:00,[59],[2]
2026-01-22T16:04:00+01:00,[59],[2]
2026-01-22T16:03:00+01:00,[59],[2]
2026-01-22T16:01:00+01:00,[59],[2]
2026-01-22T16:00:00+01:00,[59],[2]
2026-01-22T15:59:00+01:00,[59],[2]
2026-01-22T15:58:00+01:00,[59],[2]
2026-01-22T15:57:00+01:00,[59],[2]
2026-01-22T15:56:00+01:00,[59],[2]
2026-01-22T15:55:00+01:00,[59],[2]
2026-01-22T15:54:00+01:00,[59],[2]
2026-01-22T15:53:00+01:00,[59],[1]
2026-01-22T15:52:00+01:00,[59],[1]
2026-01-22T15:51:00+01:00,[59],[1]
2026-01-22T15:50:00+01:00,[59],[1]
2026-01-20T16:59:00+01:00,[59],[1]
2026-01-20T16:58:00+01:00,[59],[1]
2026-01-20T16:57:00+01:00,[59],[1]
2026-01-20T16:56:00+01:00,[59],[1]
2026-01-20T16:55:00+01:00,[59],[1]
2026-01-20T16:54:00+01:00,[59],[1]
2026-01-20T16:53:00+01:00,[59],[1]
2026-01-20T16:52:00+01:00,[59],[1]
2026-01-20T16:51:00+01:00,[59],[1]
2026-01-20T16:50:00+01:00,[59],[1]
2026-01-20T16:49:00+01:00,[59],[1]
2026-01-20T16:48:00+01:00,[59],[1]
2026-01-20T16:47:00+01:00,[59],[1]
2026-01-20T16:46:00+01:00,[59],[1]
2026-01-20T16:45:00+01:00,[59],[1]
2026-01-20T16:44:00+01:00,[59],[1]
2026-01-20T16:43:00+01:00,[59],[2]
2026-01-20T16:42:00+01:00,[59],[2]
2026-01-20T16:41:00+01:00,[59],[2]
2026-01-20T16:40:00+01:00,[59],[2]
2026-01-20T16:39:00+01:00,[59],[2]
2026-01-20T16:38:00+01:00,[59],[2]
2026-01-20T16:37:00+01:00,[59],[2]
2026-01-20T16:36:00+01:00,[59],[2]
2026-01-20T16:35:00+01:00,[59],[2]
2026-01-20T16:34:00+01:00,[59],[2]
2026-01-20T16:33:00+01:00,[59],[2]
2026-01-20T16:32:00+01:00,[59],[2]
2026-01-20T16:31:00+01:00,[59],[2]
2026-01-20T16:30:00+01:00,[59],[2]
2026-01-20T16:29:00+01:00,[59],[2]
2026-01-20T16:28:00+01:00,[59],[2]
2026-01-20T16:27:00+01:00,[59],[2]
2026-01-20T16:26:00+01:00,[59],[2]
2026-01-20T16:25:00+01:00,[59],[2]
2026-01-20T16:24:00+01:00,[59],[2]
2026-01-20T16:23:00+01:00,[59],[2]
2026-01-20T16:22:00+01:00,[59],[2]
2026-01-20T16:21:00+01:00,[59],[2]
2026-01-20T16:20:00+01:00,[59],[2]
2026-01-20T16:19:00+01:00,[59],[2]
2026-01-20T16:18:00+01:00,[59],[2]
2026-01-20T16:17:00+01:00,[59],[1]
2026-01-20T16:16:00+01:00,[59],[1]
2026-01-20T16:15:00+01:00,[59],[1]
2026-01-20T16:14:00+01:00,[59],[1]
2026-01-20T16:13:00+01:00,[59],[1]
2026-01-20T16:12:00+01:00,[59],[1]
2026-01-20T16:11:00+01:00,[59],[1]
2026-01-20T16:10:00+01:00,[59],[1]
2026-01-20T16:09:00+01:00,[59],[1]
2026-01-20T16:08:00+01:00,[59],[1]
2026-01-20T16:07:00+01:00,[59],[1]
2026-01-20T16:06:00+01:00,[59],[1]
2026-01-20T16:05:00+01:00,[59],[1]
2026-01-20T16:04:00+01:00,[59],[1]
2026-01-20T16:03:00+01:00,[59],[1]
2026-01-20T16:01:00+01:00,[59],[1]
2026-01-20T16:00:00+01:00,[59],[1]
2026-01-20T15:59:00+01:00,[59],[1]
2026-01-20T15:58:00+01:00,[59],[1]
2026-01-20T15:57:00+01:00,[59],[1]
2026-01-20T15:56:00+01:00,[59],[1]
2026-01-20T15:55:00+01:00,[59],[1]
2026-01-20T15:54:00+01:00,[59],[1]
2026-01-14T16:59:00+01:00,[59],[1]
2026-01-14T16:58:00+01:00,[59],[1]
2026-01-14T16:57:00+01:00,[59],[1]
2026-01-14T16:56:00+01:00,[59],[1]
2026-01-14T16:55:00+01:00,[59],[1]
2026-01-14T16:54:00+01:00,[59],[1]
2026-01-14T16:53:00+01:00,[59],[1]
2026-01-14T16:52:00+01:00,[59],[1]
2026-01-14T16:51:00+01:00,[59],[1]
2026-01-14T16:50:00+01:00,[59],[1]
2026-01-14T16:49:00+01:00,[59],[1]
2026-01-14T16:48:00+01:00,[59],[1]
2026-01-14T16:47:00+01:00,[59],[1]
2026-01-14T16:46:00+01:00,[59],[1]
2026-01-14T16:45:00+01:00,[59],[1]
2026-01-14T16:44:00+01:00,[59],[1]
2026-01-14T16:43:00+01:00,[59],[1]
2026-01-14T16:42:00+01:00,[59],[1]
2026-01-14T16:41:00+01:00,[59],[1]
2026-01-14T16:40:00+01:00,[59],[1]
2026-01-14T16:39:00+01:00,[59],[1]
2026-01-14T16:38:00+01:00,[59],[1]
2026-01-14T16:37:00+01:00,[59],[1]
2026-01-14T16:36:00+01:00,[59],[1]
2026-01-14T16:35:00+01:00,[59],[1]
2026-01-14T16:34:00+01:00,[59],[1]
2026-01-14T16:33:00+01:00,[59],[1]
2026-01-14T16:32:00+01:00,[59],[1]
2026-01-14T16:31:00+01:00,[59],[1]
2026-01-14T16:30:00+01:00,[59],[1]
2026-01-14T16:29:00+01:00,[59],[2]
2026-01-14T16:28:00+01:00,[59],[2]
2026-01-14T16:27:00+01:00,[59],[2]
2026-01-14T16:26:00+01:00,[59],[2]
2026-01-14T16:25:00+01:00,[59],[2]
2026-01-14T16:24:00+01:00,[59],[2]
2026-01-14T16:23:00+01:00,[59],[2]
2026-01-14T16:22:00+01:00,[59],[2]
2026-01-14T16:21:00+01:00,[59],[2]
2026-01-14T16:20:00+01:00,[59],[2]
2026-01-14T16:19:00+01:00,[59],[2]
2026-01-14T16:18:00+01:00,[59],[2]
2026-01-14T16:17:00+01:00,[59],[2]
2026-01-14T16:16:00+01:00,[59],[2]
2026-01-14T16:15:00+01:00,[59],[2]
2026-01-14T16:14:00+01:00,[59],[2]
2026-01-14T16:13:00+01:00,[59],[2]
2026-01-14T16:12:00+01:00,[59],[2]
2026-01-14T16:11:00+01:00,[59],[2]
2026-01-14T16:10:00+01:00,[59],[2]
2026-01-14T16:09:00+01:00,[59],[2]
2026-01-14T16:08:00+01:00,[59],[2]
2026-01-14T16:07:00+01:00,[59],[2]
2026-01-14T16:06:00+01:00,[59],[2]
2026-01-14T16:05:00+01:00,[59],[1]
2026-01-14T16:04:00+01:00,[59],[1]
2026-01-14T16:03:00+01:00,[59],[1]
2026-01-14T16:02:00+01:00,[59],[1]
2026-01-12T16:59:00+01:00,[59],[1]
2026-01-12T16:58:00+01:00,[59],[1]
2026-01-12T16:57:00+01:00,[59],[1]
2026-01-12T16:56:00+01:00,[59],[1]
2026-01-12T16:55:00+01:00,[59],[1]
2026-01-12T16:54:00+01:00,[59],[1]
2026-01-12T16:53:00+01:00,[59],[1]
2026-01-12T16:52:00+01:00,[59],[1]
2026-01-12T16:51:00+01:00,[59],[1]
2026-01-12T16:50:00+01:00,[59],[1]
2026-01-12T16:49:00+01:00,[59],[1]
2026-01-12T16:48:00+01:00,[59],[1]
2026-01-12T16:47:00+01:00,[59],[1]
2026-01-12T16:46:00+01:00,[59],[1]
2026-01-12T16:45:00+01:00,[59],[1]
2026-01-12T16:44:00+01:00,[59],[1]
2026-01-12T16:43:00+01:00,[59],[1]
2026-01-12T16:42:00+01:00,[59],[1]
2026-01-12T16:41:00+01:00,[59],[1]
2026-01-12T16:40:00+01:00,[59],[1]
2026-01-12T16:39:00+01:00,[59],[1]
2026-01-12T16:38:00+01:00,[59],[1]
2026-01-12T16:37:00+01:00,[59],[1]
2026-01-12T16:36:00+01:00,[59],[1]
2026-01-12T16:35:00+01:00,[59],[1]
2026-01-12T16:34:00+01:00,[59],[1]
2026-01-12T16:33:00+01:00,[59],[1]
2026-01-12T16:32:00+01:00,[59],[1]
2026-01-12T16:31:00+01:00,[59],[1]
2026-01-12T16:30:00+01:00,[59],[1]
2026-01-12T16:29:00+01:00,[59],[1]
2026-01-12T16:28:00+01:00,[59],[1]
2026-01-12T16:27:00+01:00,[59],[1]
2026-01-12T16:26:00+01:00,[59],[1]
2026-01-12T16:25:00+01:00,[59],[1]
2026-01-12T16:24:00+01:00,[59],[1]
2026-01-12T16:23:00+01:00,[59],[1]
2026-01-12T16:22:00+01:00,[59],[1]
2026-01-12T16:21:00+01:00,[59],[1]
2026-01-12T16:20:00+01:00,[59],[1]
2026-01-12T16:19:00+01:00,[59],[1]
2026-01-12T16:18:00+01:00,[59],[1]
2026-01-12T16:17:00+01:00,[59],[1]
2026-01-12T16:16:00+01:00,[59],[1]
2026-01-12T16:15:00+01:00,[59],[1]
2026-01-12T16:14:00+01:00,[59],[1]
2026-01-12T16:13:00+01:00,[59],[1]
2026-01-12T16:12:00+01:00,[59],[1]
2026-01-12T16:11:00+01:00,[59],[1]
2026-01-12T16:10:00+01:00,[59],[1]
2026-01-12T16:09:00+01:00,[59],[1]
2026-01-12T16:08:00+01:00,[59],[1]
2026-01-12T16:07:00+01:00,[59],[1]
2026-01-12T16:06:00+01:00,[59],[2]
2026-01-12T16:05:00+01:00,[59],[2]
2026-01-12T16:04:00+01:00,[59],[2]
2026-01-12T16:03:00+01:00,[59],[2]
2026-01-12T16:01:00+01:00,[59],[2]
2026-01-12T16:00:00+01:00,[59],[2]
2026-01-12T15:59:00+01:00,[59],[2]
2026-01-12T15:58:00+01:00,[59],[2]
2026-01-12T15:57:00+01:00,[59],[2]
2026-01-12T15:56:00+01:00,[59],[2]
2026-01-12T15:55:00+01:00,[59],[2]
2026-01-12T15:54:00+01:00,[59],[2]
2026-01-12T15:53:00+01:00,[59],[2]
2026-01-12T15:52:00+01:00,[59],[2]
2026-01-12T15:51:00+01:00,[59],[2]
2026-01-12T15:50:00+01:00,[59],[2]
2026-01-12T15:49:00+01:00,[59],[2]
2026-01-12T15:48:00+01:00,[59],[2]
2026-01-12T15:47:00+01:00,[59],[2]
2026-01-12T15:46:00+01:00,[59],[2]
2026-01-12T15:45:00+01:00,[59],[2]
2026-01-12T15:44:00+01:00,[59],[2]
2026-01-12T15:43:00+01:00,[59],[2]
2026-01-12T15:42:00+01:00,[59],[2]
2026-01-12T15:41:00+01:00,[59],[2]
2026-01-12T15:40:00+01:00,[59],[2]
2026-01-12T15:39:00+01:00,[59],[2]
2026-01-12T15:38:00+01:00,[59],[2]
2026-01-12T15:37:00+01:00,[59],[2]
2026-01-12T15:36:00+01:00,[59],[2]
2026-01-12T15:35:00+01:00,[59],[2]
2026-01-12T15:34:00+01:00,[59],[2]
2026-01-12T15:33:00+01:00,[59],[2]
2026-01-12T15:32:00+01:00,[59],[2]
2026-01-12T15:31:00+01:00,[59],[2]
2026-01-12T15:30:00+01:00,[59],[2]
2026-01-12T15:29:00+01:00,[59],[2]
2026-01-12T15:28:00+01:00,[59],[2]
2026-01-12T15:27:00+01:00,[59],[2]
2026-01-12T15:26:00+01:00,[59],[2]
2026-01-12T15:25:00+01:00,[59],[2]
2026-01-12T15:24:00+01:00,[59],[2]
2026-01-12T15:23:00+01:00,[59],[2]
2026-01-12T15:22:00+01:00,[59],[1]
2026-01-12T15:21:00+01:00,[59],[1]
2026-01-12T15:20:00+01:00,[59],[1]
2026-01-12T15:19:00+01:00,[59],[1]
2026-01-12T15:18:00+01:00,[59],[1]
2026-01-12T15:17:00+01:00,[59],[1]
2026-01-12T15:16:00+01:00,[59],[1]
2026-01-12T15:15:00+01:00,[59],[1]
2026-01-11T16:59:00+01:00,[59],[1]
2026-01-11T16:58:00+01:00,[59],[1]
2026-01-11T16:57:00+01:00,[59],[1]
2026-01-11T16:56:00+01:00,[59],[1]
2026-01-11T16:55:00+01:00,[59],[1]
2026-01-11T16:54:00+01:00,[59],[1]
2026-01-11T16:53:00+01:00,[59],[1]
2026-01-11T16:52:00+01:00,[59],[1]
2026-01-11T16:51:00+01:00,[59],[1]
2026-01-11T16:50:00+01:00,[59],[1]
2026-01-11T16:49:00+01:00,[59],[1]
2026-01-11T16:48:00+01:00,[59],[1]
2026-01-11T16:47:00+01:00,[59],[1]
2026-01-11T16:46:00+01:00,[59],[1]
2026-01-11T16:45:00+01:00,[59],[1]
2026-01-11T16:44:00+01:00,[59],[1]
2026-01-11T16:43:00+01:00,[59],[1]
2026-01-11T16:42:00+01:00,[59],[1]
2026-01-11T16:41:00+01:00,[59],[1]
2026-01-11T16:40:00+01:00,[59],[1]
2026-01-11T16:39:00+01:00,[59],[1]
2026-01-11T16:38:00+01:00,[59],[1]
2026-01-11T16:37:00+01:00,[59],[1]
2026-01-11T16:36:00+01:00,[59],[1]
2026-01-11T16:35:00+01:00,[59],[1]
2026-01-11T16:34:00+01:00,[59],[1]
2026-01-11T16:33:00+01:00,[59],[1]
2026-01-11T16:32:00+01:00,[59],[1]
2026-01-11T16:31:00+01:00,[59],[1]
2026-01-11T16:30:00+01:00,[59],[1]
2026-01-11T16:29:00+01:00,[59],[1]
2026-01-11T16:28:00+01:00,[59],[1]
2026-01-11T16:27:00+01:00,[59],[1]
2026-01-11T16:26:00+01:00,[59],[1]
2026-01-11T16:25:00+01:00,[59],[1]
2026-01-11T16:24:00+01:00,[59],[1]
2026-01-11T16:23:00+01:00,[59],[1]
2026-01-11T16:22:00+01:00,[59],[1]
2026-01-11T16:21:00+01:00,[59],[1]
2026-01-11T16:20:00+01:00,[59],[2]
2026-01-11T16:19:00+01:00,[59],[2]
2026-01-11T16:18:00+01:00,[59],[2]
2026-01-11T16:17:00+01:00,[59],[2]
2026-01-11T16:16:00+01:00,[59],[2]
2026-01-11T16:15:00+01:00,[59],[2]
2026-01-11T16:14:00+01:00,[59],[2]
2026-01-11T16:13:00+01:00,[59],[2]
2026-01-11T16:12:00+01:00,[59],[2]
2026-01-11T16:11:00+01:00,[59],[2]
2026-01-11T16:10:00+01:00,[59],[1]
2026-01-11T16:09:00+01:00,[59],[1]
2026-01-11T16:08:00+01:00,[59],[1]
2026-01-11T16:07:00+01:00,[59],[1]
2026-01-11T16:06:00+01:00,[59],[1]
2026-01-11T16:05:00+01:00,[59],[1]
2026-01-11T16:04:00+01:00,[59],[1]
2026-01-11T16:03:00+01:00,[59],[1]
2026-01-11T16:01:00+01:00,[59],[1]
2026-01-11T16:00:00+01:00,[59],[1]
2026-01-11T15:59:00+01:00,[59],[1]
2026-01-11T15:58:00+01:00,[59],[1]
2026-01-11T15:57:00+01:00,[59],[1]
2026-01-11T15:56:00+01:00,[59],[1]
2026-01-11T15:55:00+01:00,[59],[1]
2026-01-11T15:54:00+01:00,[59],[1]
2026-01-11T15:53:00+01:00,[59],[1]
2026-01-11T15:52:00+01:00,[59],[1]
2026-01-11T15:51:00+01:00,[59],[1]
2026-01-11T15:50:00+01:00,[59],[1]
2026-01-11T15:49:00+01:00,[59],[1]
2026-01-11T15:48:00+01:00,[59],[1]
2026-01-11T15:47:00+01:00,[59],[1]
2026-01-11T15:46:00+01:00,[59],[1]
2026-01-11T15:45:00+01:00,[59],[1]
2026-01-11T15:44:00+01:00,[59],[1]
2026-01-11T15:43:00+01:00,[59],[1]
2026-01-11T15:42:00+01:00,[59],[1]
2026-01-11T15:41:00+01:00,[59],[1]
2026-01-11T15:40:00+01:00,[59],[1]
2026-01-11T15:39:00+01:00,[59],[1]
2026-01-11T15:38:00+01:00,[59],[1]
2026-01-11T15:37:00+01:00,[59],[1]
2026-01-11T15:36:00+01:00,[59],[2]
2026-01-11T15:35:00+01:00,[59],[2]
2026-01-11T15:34:00+01:00,[59],[2]
2026-01-11T15:33:00+01:00,[59],[2]
2026-01-11T15:32:00+01:00,[59],[2]
2026-01-11T15:31:00+01:00,[59],[2]
2026-01-11T15:30:00+01:00,[59],[2]
2026-01-11T15:29:00+01:00,[59],[2]
2026-01-11T15:28:00+01:00,[59],[2]
2026-01-11T15:27:00+01:00,[59],[2]
2026-01-11T15:26:00+01:00,[59],[2]
2026-01-11T15:25:00+01:00,[59],[2]
2026-01-11T15:24:00+01:00,[59],[2]
2026-01-11T15:23:00+01:00,[59],[2]
2026-01-11T15:22:00+01:00,[59],[2]
2026-01-11T15:21:00+01:00,[59],[2]
2026-01-11T15:20:00+01:00,[59],[2]
2026-01-11T15:19:00+01:00,[59],[2]
2026-01-11T15:18:00+01:00,[59],[2]
2026-01-11T15:17:00+01:00,[59],[2]
2026-01-11T15:16:00+01:00,[59],[2]
2026-01-11T15:15:00+01:00,[59],[2]
2026-01-11T15:14:00+01:00,[59],[2]
2026-01-11T15:13:00+01:00,[59],[2]
2026-01-11T15:12:00+01:00,[59],[1]
2026-01-11T15:11:00+01:00,[59],[1]
2026-01-11T15:10:00+01:00,[59],[1]
2026-01-11T15:09:00+01:00,[59],[1]
2026-01-11T15:08:00+01:00,[59],[1]
2026-01-11T15:07:00+01:00,[59],[1]
2026-01-11T15:06:00+01:00,[59],[1]
2026-01-11T15:05:00+01:00,[59],[1]
2026-01-11T15:04:00+01:00,[59],[1]
2026-01-11T15:03:00+01:00,[59],[1]
2026-01-11T15:02:00+01:00,[59],[2]
2026-01-11T15:01:00+01:00,[59],[2]
2026-01-11T15:00:00+01:00,[59],[2]
2026-01-11T14:59:00+01:00,[59],[2]
2026-01-11T14:58:00+01:00,[59],[2]
2026-01-11T14:57:00+01:00,[59],[2]
2026-01-11T14:56:00+01:00,[59],[2]
2026-01-11T14:55:00+01:00,[59],[2]
2026-01-11T14:54:00+01:00,[59],[2]
2026-01-11T14:53:00+01:00,[59],[2]
2026-01-11T14:52:00+01:00,[59],[2]
2026-01-11T14:51:00+01:00,[59],[2]
2026-01-11T14:50:00+01:00,[59],[2]
2026-01-11T14:49:00+01:00,[59],[2]
2026-01-11T14:48:00+01:00,[59],[2]
2026-01-11T14:47:00+01:00,[59],[2]
2026-01-11T14:46:00+01:00,[59],[1]
2026-01-11T14:45:00+01:00,[59],[1]
2026-01-11T14:44:00+01:00,[59],[1]
2026-01-09T16:59:00+01:00,[59],[1]
2026-01-09T16:58:00+01:00,[59],[1]
2026-01-09T16:57:00+01:00,[59],[1]
2026-01-09T16:56:00+01:00,[59],[1]
2026-01-09T16:55:00+01:00,[59],[1]
2026-01-09T16:54:00+01:00,[59],[1]
2026-01-09T16:53:00+01:00,[59],[1]
2026-01-09T16:52:00+01:00,[59],[1]
2026-01-09T16:51:00+01:00,[59],[1]
2026-01-09T16:50:00+01:00,[59],[1]
2026-01-09T16:49:00+01:00,[59],[1]
2026-01-09T16:48:00+01:00,[59],[1]
2026-01-09T16:47:00+01:00,[59],[1]
2026-01-09T16:46:00+01:00,[59],[1]
2026-01-09T16:45:00+01:00,[59],[1]
2026-01-09T16:44:00+01:00,[59],[1]
2026-01-09T16:43:00+01:00,[59],[1]
2026-01-09T16:42:00+01:00,[59],[1]
2026-01-09T16:41:00+01:00,[59],[1]
2026-01-09T16:40:00+01:00,[59],[1]
2026-01-09T16:39:00+01:00,[59],[1]
2026-01-09T16:38:00+01:00,[59],[1]
2026-01-09T16:37:00+01:00,[59],[1]
2026-01-09T16:36:00+01:00,[59],[1]
2026-01-09T16:35:00+01:00,[59],[1]
2026-01-09T16:34:00+01:00,[59],[1]
2026-01-09T16:33:00+01:00,[59],[1]
2026-01-09T16:32:00+01:00,[59],[1]
2026-01-09T16:31:00+01:00,[59],[1]
2026-01-09T16:30:00+01:00,[59],[2]
2026-01-09T16:29:00+01:00,[59],[2]
2026-01-09T16:28:00+01:00,[59],[2]
2026-01-09T16:27:00+01:00,[59],[2]
2026-01-09T16:26:00+01:00,[59],[2]
2026-01-09T16:25:00+01:00,[59],[2]
2026-01-09T16:24:00+01:00,[59],[2]
2026-01-09T16:23:00+01:00,[59],[2]
2026-01-09T16:22:00+01:00,[59],[2]
2026-01-09T16:21:00+01:00,[59],[2]
2026-01-09T16:20:00+01:00,[59],[2]
2026-01-09T16:19:00+01:00,[59],[2]
2026-01-09T16:18:00+01:00,[59],[2]
2026-01-09T16:17:00+01:00,[59],[2]
2026-01-09T16:16:00+01:00,[59],[1]
2026-01-09T16:15:00+01:00,[59],[1]
2026-01-09T16:14:00+01:00,[59],[1]
2026-01-09T16:13:00+01:00,[59],[1]
2026-01-09T16:12:00+01:00,[59],[1]
2026-01-09T16:11:00+01:00,[59],[1]
2026-01-09T16:10:00+01:00,[59],[1]
2026-01-09T16:09:00+01:00,[59],[1]
2026-01-09T16:08:00+01:00,[59],[1]
2026-01-09T16:07:00+01:00,[59],[1]
2026-01-09T16:06:00+01:00,[59],[1]
2026-01-09T16:05:00+01:00,[59],[1]
2026-01-09T16:04:00+01:00,[59],[1]
2026-01-09T16:03:00+01:00,[59],[1]
2026-01-09T16:02:00+01:00,[59],[1]
2026-01-09T16:01:00+01:00,[59],[1]
2026-01-09T16:00:00+01:00,[59],[1]
2026-01-08T16:57:00+01:00,[59],[2]
2026-01-08T16:56:00+01:00,[59],[2]
2026-01-08T16:55:00+01:00,[59],[2]
2026-01-08T16:54:00+01:00,[59],[2]
2026-01-08T16:53:00+01:00,[59],[2]
2026-01-08T16:52:00+01:00,[59],[2]
2026-01-08T16:51:00+01:00,[59],[2]
2026-01-08T16:50:00+01:00,[59],[2]
2026-01-08T16:49:00+01:00,[59],[2]
2026-01-08T16:48:00+01:00,[59],[2]
2026-01-08T16:47:00+01:00,[59],[2]
2026-01-08T16:46:00+01:00,[59],[2]
2026-01-08T16:45:00+01:00,[59],[2]
2026-01-08T16:44:00+01:00,[59],[2]
2026-01-08T16:43:00+01:00,[59],[2]
2026-01-08T16:42:00+01:00,[59],[2]
2026-01-08T16:41:00+01:00,[59],[2]
2026-01-08T16:40:00+01:00,[59],[2]
2026-01-08T16:39:00+01:00,[59],[2]
2026-01-08T16:38:00+01:00,[59],[2]
2026-01-08T16:37:00+01:00,[59],[2]
2026-01-08T16:36:00+01:00,[59],[2]
2026-01-08T16:35:00+01:00,[59],[2]
2026-01-08T16:34:00+01:00,[59],[1]
2026-01-08T16:33:00+01:00,[59],[1]
2026-01-08T16:32:00+01:00,[59],[1]
2026-01-08T16:31:00+01:00,[59],[1]
2026-01-08T16:30:00+01:00,[59],[1]
2026-01-08T16:29:00+01:00,[59],[1]
2026-01-08T16:28:00+01:00,[59],[1]
2026-01-08T16:27:00+01:00,[59],[1]
2026-01-08T16:26:00+01:00,[59],[1]
2026-01-08T16:25:00+01:00,[59],[1]
2026-01-08T16:24:00+01:00,[59],[1]
2026-01-08T16:23:00+01:00,[59],[1]
2026-01-08T16:22:00+01:00,[59],[1]
2026-01-08T16:21:00+01:00,[59],[1]
2026-01-08T16:20:00+01:00,[59],[1]
2026-01-08T16:19:00+01:00,[59],[1]
2026-01-08T16:18:00+01:00,[59],[2]
2026-01-08T16:17:00+01:00,[59],[2]
2026-01-08T16:16:00+01:00,[59],[2]
2026-01-08T16:15:00+01:00,[59],[2]
2026-01-08T16:14:00+01:00,[59],[2]
2026-01-08T16:13:00+01:00,[59],[2]
2026-01-08T16:12:00+01:00,[59],[2]
2026-01-08T16:11:00+01:00,[59],[2]
2026-01-08T16:10:00+01:00,[59],[2]
2026-01-08T16:09:00+01:00,[59],[2]
2026-01-08T16:08:00+01:00,[59],[2]
2026-01-08T16:07:00+01:00,[59],[2]
2026-01-08T16:06:00+01:00,[59],[2]
2026-01-08T16:05:00+01:00,[59],[1]
2026-01-08T16:04:00+01:00,[59],[1]
2026-01-08T16:03:00+01:00,[59],[1]
2026-01-08T16:02:00+01:00,[59],[1]
2026-01-07T16:59:00+01:00,[59],[3]
2026-01-07T16:58:00+01:00,[59],[3]
2026-01-07T16:57:00+01:00,[59],[3]
2026-01-07T16:56:00+01:00,[59],[3]
2026-01-07T16:55:00+01:00,[59],[3]
2026-01-07T16:54:00+01:00,[59],[3]
2026-01-07T16:53:00+01:00,[59],[3]
2026-01-07T16:52:00+01:00,[59],[3]
2026-01-07T16:51:00+01:00,[59],[1]
2026-01-07T16:50:00+01:00,[59],[1]
2026-01-07T16:49:00+01:00,[59],[1]
2026-01-07T16:48:00+01:00,[59],[1]
2026-01-07T16:47:00+01:00,[59],[1]
2026-01-07T16:46:00+01:00,[59],[1]
2026-01-07T16:45:00+01:00,[59],[1]
2026-01-07T16:44:00+01:00,[59],[1]
2026-01-07T16:43:00+01:00,[59],[1]
2026-01-07T16:42:00+01:00,[59],[1]
2026-01-07T16:41:00+01:00,[59],[1]
2026-01-07T16:40:00+01:00,[59],[1]
2026-01-07T16:39:00+01:00,[59],[1]
2026-01-07T16:38:00+01:00,[59],[1]
2026-01-07T16:37:00+01:00,[59],[1]
2026-01-07T16:36:00+01:00,[59],[1]
2026-01-07T16:35:00+01:00,[59],[1]
2026-01-07T16:34:00+01:00,[59],[1]
2026-01-07T16:33:00+01:00,[59],[1]
2026-01-07T16:32:00+01:00,[59],[1]
2026-01-07T16:31:00+01:00,[59],[1]
2026-01-07T16:30:00+01:00,[59],[1]
2026-01-07T16:29:00+01:00,[59],[1]
2026-01-07T16:28:00+01:00,[59],[1]
2026-01-07T16:27:00+01:00,[59],[1]
2026-01-07T16:26:00+01:00,[59],[1]
2026-01-07T16:25:00+01:00,[59],[1]
2026-01-07T16:24:00+01:00,[59],[1]
2026-01-07T16:23:00+01:00,[59],[1]
2026-01-07T16:22:00+01:00,[59],[1]
2026-01-07T16:21:00+01:00,[59],[1]
2026-01-07T16:20:00+01:00,[59],[1]
2026-01-07T16:19:00+01:00,[59],[1]
2026-01-07T16:18:00+01:00,[59],[1]
2026-01-07T16:17:00+01:00,[59],[1]
2026-01-07T16:16:00+01:00,[59],[1]
2026-01-07T16:15:00+01:00,[59],[1]
2026-01-07T16:14:00+01:00,[59],[1]
2026-01-07T16:13:00+01:00,[59],[1]
2026-01-07T16:12:00+01:00,[59],[1]
2026-01-07T16:11:00+01:00,[59],[1]
2026-01-07T16:10:00+01:00,[59],[1]
2026-01-07T16:09:00+01:00,[59],[1]
2026-01-07T16:08:00+01:00,[59],[1]
2026-01-07T16:07:00+01:00,[59],[1]
2026-01-07T16:06:00+01:00,[59],[1]
2026-01-07T16:05:00+01:00,[59],[1]
2026-01-07T16:04:00+01:00,[59],[1]
2026-01-07T16:03:00+01:00,[59],[1]
2026-01-07T16:02:00+01:00,[59],[1]
2026-01-07T16:01:00+01:00,[59],[1]
2026-01-07T16:00:00+01:00,[59],[1]
2026-01-07T15:59:00+01:00,[59],[1]
2026-01-07T15:58:00+01:00,[59],[1]
2026-01-07T15:57:00+01:00,[59],[1]
2026-01-07T15:56:00+01:00,[59],[1]
2026-01-07T15:55:00+01:00,[59],[1]
2026-01-07T15:54:00+01:00,[59],[1]
2026-01-07T15:53:00+01:00,[59],[1]
2026-01-07T15:52:00+01:00,[59],[1]
2026-01-07T15:51:00+01:00,[59],[1]
2026-01-07T15:50:00+01:00,[59],[1]
2026-01-07T15:49:00+01:00,[59],[1]
2026-01-07T15:48:00+01:00,[59],[1]
2026-01-07T15:47:00+01:00,[59],[1]
2026-01-07T15:46:00+01:00,[59],[1]
2026-01-07T15:45:00+01:00,[59],[1]
2026-01-07T15:44:00+01:00,[59],[1]
2026-01-07T15:43:00+01:00,[59],[1]
2026-01-07T15:42:00+01:00,[59],[1]
2026-01-07T15:41:00+01:00,[59],[1]
2026-01-07T15:40:00+01:00,[59],[1]
2026-01-07T15:39:00+01:00,[59],[3]
2026-01-07T15:38:00+01:00,[59],[3]
2026-01-07T15:37:00+01:00,[59],[3]
2026-01-07T15:36:00+01:00,[59],[3]
2026-01-07T15:35:00+01:00,[59],[3]
2026-01-07T15:34:00+01:00,[59],[3]
2026-01-07T15:33:00+01:00,[59],[3]
2026-01-07T15:32:00+01:00,[59],[3]
2026-01-07T15:31:00+01:00,[59],[3]
2026-01-07T15:30:00+01:00,[59],[3]
2026-01-07T15:29:00+01:00,[59],[3]
2026-01-07T15:28:00+01:00,[59],[3]
2026-01-07T15:27:00+01:00,[59],[3]
2026-01-07T15:26:00+01:00,[59],[3]
2026-01-07T15:25:00+01:00,[59],[3]
2026-01-07T15:24:00+01:00,[59],[3]
2026-01-07T15:23:00+01:00,[59],[3]
2026-01-07T15:22:00+01:00,[59],[3]
2026-01-07T15:21:00+01:00,[59],[3]
2026-01-07T15:20:00+01:00,[59],[3]
2026-01-07T15:19:00+01:00,[59],[3]
2026-01-07T15:18:00+01:00,[59],[2]
2026-01-07T15:17:00+01:00,[59],[2]
2026-01-07T15:16:00+01:00,[59],[2]
2026-01-07T15:15:00+01:00,[59],[2]
2026-01-07T15:14:00+01:00,[59],[2]
2026-01-07T15:13:00+01:00,[59],[2]
2026-01-07T15:12:00+01:00,[59],[2]
2026-01-07T15:11:00+01:00,[59],[2]
2026-01-07T15:10:00+01:00,[59],[2]
2026-01-07T15:09:00+01:00,[59],[2]
2026-01-07T15:08:00+01:00,[59],[2]
2026-01-07T15:07:00+01:00,[59],[2]
2026-01-07T15:06:00+01:00,[59],[2]
2026-01-07T15:05:00+01:00,[59],[2]
2026-01-07T15:04:00+01:00,[59],[2]
2026-01-07T15:03:00+01:00,[59],[2]
2026-01-07T15:02:00+01:00,[59],[2]
2026-01-07T15:01:00+01:00,[59],[2]
2026-01-07T15:00:00+01:00,[59],[2]
2026-01-07T14:59:00+01:00,[59],[2]
2026-01-07T14:58:00+01:00,[59],[2]
2026-01-07T14:57:00+01:00,[59],[2]
2026-01-07T14:56:00+01:00,[59],[2]
2026-01-07T14:55:00+01:00,[59],[2]
2026-01-07T14:54:00+01:00,[59],[2]
2026-01-07T14:53:00+01:00,[59],[2]
2026-01-07T14:52:00+01:00,[59],[2]
2026-01-07T14:51:00+01:00,[59],[2]
2026-01-07T14:50:00+01:00,[59],[2]
2026-01-07T14:49:00+01:00,[59],[2]
2026-01-07T14:48:00+01:00,[59],[2]
2026-01-07T14:47:00+01:00,[59],[2]
2026-01-07T14:46:00+01:00,[59],[2]
2026-01-07T14:45:00+01:00,[59],[2]
2026-01-07T14:44:00+01:00,[59],[2]
2026-01-07T14:43:00+01:00,[59],[2]
2026-01-07T14:42:00+01:00,[59],[2]
2026-01-07T14:41:00+01:00,[59],[2]
2026-01-07T14:40:00+01:00,[59],[2]
2026-01-07T14:39:00+01:00,[59],[2]
2026-01-07T14:38:00+01:00,[59],[1]
2026-01-07T14:37:00+01:00,[59],[1]
2026-01-07T14:36:00+01:00,[59],[1]
2026-01-07T14:35:00+01:00,[59],[1]
2026-01-07T14:34:00+01:00,[59],[1]
2026-01-07T14:33:00+01:00,[59],[1]
2026-01-07T14:32:00+01:00,[59],[1]
2026-01-07T14:31:00+01:00,[59],[1]
2025-12-31T15:33:00+01:00,"[240,960,660,660,60]","[0,1,1,1,0]"
2025-12-28T04:25:00+01:00,"[240,1980,120,120,900]","[0,1,1,1,1]"
2025-12-24T13:50:00+01:00,"[300,360,300,840,420,2100,120]","[0,1,2,1,2,1,1]"
2025-12-24T02:33:00+01:00,"[660,480,120]","[0,1,1]"
2025-12-19T08:47:00+01:00,"[240,480,300,1680,900,600,2640]","[0,1,2,1,1,1,1]"
2025-12-15T17:43:00+01:00,[1080],[2]
2025-12-15T17:00:00+01:00,"[1200,240,1020,120]","[2,2,2,2]"
2025-12-15T15:51:00+01:00,"[240,420,1620,300,1560]","[0,3,0,1,2]"
