start,duration,value
2026-09-27T07:27:14+02:00,[37],[15]
2026-09-27T07:17:14+02:00,[37],[14]
2026-09-27T07:07:14+02:00,[37],[14]
2026-09-27T06:37:14+02:00,[38],[14]
2026-09-27T06:17:13+02:00,[37],[13]
2026-09-27T06:07:14+02:00,[37],[14]
2026-09-27T05:57:14+02:00,[38],[14]
2026-09-27T05:47:13+02:00,[37],[16]
2026-09-27T05:37:14+02:00,[37],[13]
2026-09-27T05:27:14+02:00,[37],[15]
2026-09-27T05:17:14+02:00,[37],[14]
2026-09-27T04:47:14+02:00,[37],[14]
2026-09-27T04:17:14+02:00,[37],[14]
2026-09-26T14:27:14+02:00,[37],[16]
2026-09-26T14:17:14+02:00,[38],[14]
2026-09-26T12:57:14+02:00,[37],[15]
2026-09-26T12:37:14+02:00,[37],[15]
2026-09-26T11:47:14+02:00,[37],[14]
2026-09-26T11:17:14+02:00,[37],[13]
2026-09-26T11:07:15+02:00,[37],[13]
2026-09-26T10:07:14+02:00,[37],[14]
2026-09-26T09:37:14+02:00,[38],[13]
2026-09-26T09:27:14+02:00,[38],[14]
2026-09-26T09:07:14+02:00,[38],[11]
2026-09-26T08:17:14+02:00,[37],[11]
2026-09-26T06:57:15+02:00,[37],[12]
2026-09-26T06:37:14+02:00,[37],[14]
2026-09-26T06:17:14+02:00,[37],[13]
2026-09-26T05:37:14+02:00,[38],[13]
2026-09-26T05:07:14+02:00,[37],[13]
2026-09-26T04:47:14+02:00,[38],[13]
2026-09-26T02:47:14+02:00,[37],[12]
2026-09-26T02:27:14+02:00,[37],[14]
2026-09-26T01:27:14+02:00,[38],[13]
2026-09-25T17:37:14+02:00,[37],[13]
2026-09-25T16:57:14+02:00,[37],[14]
2026-09-25T16:27:14+02:00,[37],[14]
2026-09-25T15:57:14+02:00,[37],[13]
2026-09-25T15:37:14+02:00,[37],[9]
2026-09-25T14:57:14+02:00,[37],[14]
2026-09-25T14:27:14+02:00,[38],[15]
2026-09-25T14:17:15+02:00,[37],[15]
2026-09-25T14:07:14+02:00,[38],[14]
2026-09-25T11:07:14+02:00,[37],[13]
2026-09-25T10:57:14+02:00,[38],[13]
2026-09-25T10:17:14+02:00,[38],[13]
2026-09-25T07:57:14+02:00,[37],[14]
2026-09-25T07:27:15+02:00,[37],[14]
2026-09-25T07:17:14+02:00,[38],[13]
2026-09-25T07:07:15+02:00,[37],[12]
2026-09-25T05:37:14+02:00,[38],[12]
2026-09-25T05:17:14+02:00,[37],[13]
2026-09-25T04:47:14+02:00,[37],[14]
2026-09-25T04:37:15+02:00,[37],[14]
2026-09-25T04:17:14+02:00,[37],[13]
2026-09-25T03:57:14+02:00,[37],[12]
2026-09-25T03:17:14+02:00,[37],[13]
2026-09-25T02:57:14+02:00,[37],[13]
2026-09-25T02:27:14+02:00,[37],[12]
2026-09-25T01:57:15+02:00,[37],[13]
2026-09-24T15:17:18+02:00,[37],[13]
2026-09-24T13:57:18+02:00,[38],[15]
2026-09-24T13:47:18+02:00,[37],[14]
2026-09-24T13:37:18+02:00,[37],[10]
2026-09-24T13:07:18+02:00,[37],[14]
2026-09-24T12:47:18+02:00,[37],[14]
2026-09-24T12:37:18+02:00,[37],[14]
2026-09-24T12:07:18+02:00,[38],[14]
2026-09-24T10:57:18+02:00,[37],[13]
2026-09-24T10:27:18+02:00,[37],[12]
2026-09-24T10:07:18+02:00,[38],[12]
2026-09-24T09:47:19+02:00,[37],[12]
2026-09-24T08:37:18+02:00,[37],[15]
2026-09-24T07:47:18+02:00,[37],[14]
2026-09-24T07:17:18+02:00,[38],[13]
2026-09-24T07:07:18+02:00,[37],[12]
2026-09-24T05:07:18+02:00,[37],[13]
2026-09-24T04:47:18+02:00,[37],[11]
2026-09-24T04:17:18+02:00,[37],[13]
2026-09-24T04:07:18+02:00,[37],[13]
2026-09-24T03:57:18+02:00,[37],[14]
2026-09-24T03:47:18+02:00,[37],[11]
2026-09-24T02:27:18+02:00,[37],[14]
2026-09-24T01:47:18+02:00,[37],[13]
2026-09-23T15:37:18+02:00,[38],[11]
2026-09-23T14:07:18+02:00,[37],[15]
2026-09-23T13:47:18+02:00,[37],[14]
2026-09-23T13:07:18+02:00,[37],[15]
2026-09-23T12:17:18+02:00,[37],[14]
2026-09-23T12:07:18+02:00,[37],[16]
2026-09-23T11:57:18+02:00,[38],[14]
2026-09-23T11:47:18+02:00,[37],[17]
2026-09-23T11:07:17+02:00,[37],[15]
2026-09-23T10:17:18+02:00,[37],[15]
2026-09-23T09:47:18+02:00,[37],[14]
2026-09-23T09:27:17+02:00,[37],[14]
2026-09-23T08:57:18+02:00,[37],[10]
2026-09-23T08:47:17+02:00,[38],[10]
2026-09-23T08:27:18+02:00,[37],[15]
2026-09-23T08:17:18+02:00,[37],[11]
2026-09-23T06:57:17+02:00,[38],[13]
2026-09-23T06:37:18+02:00,[37],[13]
2026-09-23T05:27:18+02:00,[37],[11]
2026-09-23T05:17:18+02:00,[37],[12]
2026-09-23T04:27:18+02:00,[37],[13]
2026-09-23T04:17:18+02:00,[37],[12]
2026-09-23T03:47:19+02:00,[37],[13]
2026-09-23T03:17:18+02:00,[37],[13]
2026-09-23T02:57:18+02:00,[38],[14]
2026-09-23T02:47:18+02:00,[38],[13]
2026-09-23T02:27:18+02:00,[37],[11]
2026-09-23T02:17:18+02:00,[37],[15]
2026-09-23T02:07:17+02:00,[38],[14]
2026-09-23T01:27:17+02:00,[38],[13]
2026-09-23T01:17:17+02:00,[37],[13]
2026-09-23T01:07:18+02:00,[37],[13]
2026-09-22T16:37:18+02:00,[37],[13]
2026-09-22T16:27:18+02:00,[37],[13]
2026-09-22T16:07:18+02:00,[37],[13]
2026-09-22T15:27:18+02:00,[38],[13]
2026-09-22T15:17:18+02:00,[38],[13]
2026-09-22T15:07:18+02:00,[38],[12]
2026-09-22T13:07:18+02:00,[37],[12]
2026-09-22T12:57:19+02:00,[37],[13]
2026-09-22T12:47:17+02:00,[38],[12]
2026-09-22T11:37:18+02:00,[37],[14]
2026-09-22T11:27:18+02:00,[37],[14]
2026-09-22T11:07:21+02:00,[38],[15]
2026-09-22T10:57:22+02:00,[37],[14]
2026-09-22T10:37:21+02:00,[37],[14]
2026-09-22T09:57:20+02:00,[38],[14]
2026-09-22T09:37:21+02:00,[37],[14]
2026-09-22T09:07:20+02:00,[38],[14]
2026-09-22T08:47:21+02:00,[37],[14]
2026-09-22T07:37:21+02:00,[37],[14]
2026-09-22T06:57:21+02:00,[37],[12]
2026-09-22T06:37:21+02:00,[38],[13]
2026-09-22T06:27:21+02:00,[37],[15]
2026-09-22T06:07:21+02:00,[37],[14]
2026-09-22T05:17:21+02:00,[38],[14]
2026-09-22T05:07:21+02:00,[37],[15]
2026-09-22T04:57:22+02:00,[37],[13]
2026-09-22T04:17:21+02:00,[37],[14]
2026-09-22T03:47:21+02:00,[37],[12]
2026-09-22T03:37:21+02:00,[37],[15]
2026-09-22T03:17:21+02:00,[38],[14]
2026-09-21T16:37:21+02:00,[37],[14]
2026-09-21T16:27:21+02:00,[37],[13]
2026-09-21T16:07:21+02:00,[37],[14]
2026-09-21T15:57:21+02:00,[37],[11]
2026-09-21T15:27:22+02:00,[37],[14]
2026-09-21T15:07:21+02:00,[37],[13]
2026-09-21T14:57:21+02:00,[38],[13]
2026-09-21T14:47:21+02:00,[38],[11]
2026-09-21T14:27:21+02:00,[38],[13]
2026-09-21T13:57:21+02:00,[38],[14]
2026-09-21T13:47:22+02:00,[37],[13]
2026-09-21T13:07:21+02:00,[37],[13]
2026-09-21T12:57:22+02:00,[37],[13]
2026-09-21T12:37:21+02:00,[37],[13]
2026-09-21T12:17:22+02:00,[37],[14]
2026-09-21T11:57:21+02:00,[37],[14]
2026-09-21T11:47:21+02:00,[37],[14]
2026-09-21T11:27:20+02:00,[38],[14]
2026-09-21T10:17:21+02:00,[37],[14]
2026-09-21T10:07:22+02:00,[37],[12]
2026-09-21T09:27:21+02:00,[37],[15]
2026-09-21T09:17:21+02:00,[37],[13]
2026-09-21T08:07:21+02:00,[37],[15]
2026-09-21T07:57:21+02:00,[37],[13]
2026-09-21T07:47:20+02:00,[37],[13]
2026-09-21T07:07:22+02:00,[37],[13]
2026-09-21T06:27:21+02:00,[37],[14]
2026-09-21T05:47:21+02:00,[38],[15]
2026-09-21T05:27:21+02:00,[37],[12]
2026-09-21T05:17:21+02:00,[37],[13]
2026-09-21T05:07:21+02:00,[38],[12]
2026-09-21T04:57:21+02:00,[37],[12]
2026-09-21T04:37:21+02:00,[37],[13]
2026-09-21T04:27:21+02:00,[38],[14]
2026-09-21T03:57:21+02:00,[37],[15]
2026-09-21T03:47:21+02:00,[37],[16]
2026-09-21T03:27:21+02:00,[38],[15]
2026-09-21T02:47:21+02:00,[37],[13]
2026-09-21T02:37:21+02:00,[37],[13]
2026-09-21T02:27:21+02:00,[37],[15]
2026-09-21T02:17:21+02:00,[37],[13]
2026-09-21T01:57:21+02:00,[38],[15]
2026-09-21T01:07:22+02:00,[37],[14]
2026-09-21T00:47:21+02:00,[37],[13]
2026-09-20T14:37:21+02:00,[37],[13]
2026-09-20T13:47:21+02:00,[38],[15]
2026-09-20T13:37:21+02:00,[37],[12]
2026-09-20T13:27:21+02:00,[37],[10]
2026-09-20T13:17:21+02:00,[37],[16]
2026-09-20T13:07:21+02:00,[38],[15]
2026-09-20T12:07:20+02:00,[37],[15]
2026-09-20T11:57:21+02:00,[37],[16]
2026-09-20T11:47:21+02:00,[37],[15]
2026-09-20T11:17:22+02:00,[37],[16]
2026-09-20T11:07:21+02:00,[37],[15]
2026-09-20T10:47:21+02:00,[37],[14]
2026-09-20T10:37:21+02:00,[37],[15]
2026-09-20T09:57:21+02:00,[37],[16]
2026-09-20T08:57:22+02:00,[37],[15]
2026-09-20T08:27:21+02:00,[37],[15]
2026-09-20T08:17:22+02:00,[37],[17]
2026-09-20T07:57:21+02:00,[37],[13]
2026-09-19T17:07:21+02:00,[37],[16]
2026-09-19T16:27:21+02:00,[37],[12]
2026-09-19T15:57:21+02:00,[37],[14]
2026-09-19T15:47:21+02:00,[38],[12]
2026-09-19T15:17:21+02:00,[37],[15]
2026-09-19T14:17:21+02:00,[37],[14]
2026-09-19T12:47:21+02:00,[37],[13]
2026-09-19T12:37:21+02:00,[38],[15]
2026-09-19T12:27:20+02:00,[37],[15]
2026-09-19T10:57:21+02:00,[37],[13]
2026-09-19T10:37:21+02:00,[37],[15]
2026-09-19T10:17:21+02:00,[37],[12]
2026-09-19T09:47:22+02:00,[37],[14]
2026-09-19T09:17:21+02:00,[37],[13]
2026-09-19T08:47:21+02:00,[37],[13]
2026-09-19T08:17:21+02:00,[37],[14]
2026-09-19T07:47:21+02:00,[37],[12]
2026-09-19T07:37:22+02:00,[37],[14]
2026-09-19T07:17:21+02:00,[37],[14]
2026-09-19T06:57:21+02:00,[37],[12]
2026-09-19T06:07:21+02:00,[37],[14]
2026-09-19T05:17:21+02:00,[37],[15]
2026-09-19T04:57:20+02:00,[38],[14]
2026-09-19T04:47:21+02:00,[37],[17]
2026-09-19T04:37:20+02:00,[37],[16]
2026-09-19T03:17:21+02:00,[38],[15]
2026-09-19T03:07:21+02:00,[37],[13]
2026-09-18T17:24:09+02:00,[60],[17]
2026-09-18T15:47:21+02:00,[38],[11]
2026-09-18T15:37:22+02:00,[37],[15]
2026-09-18T15:27:21+02:00,[37],[12]
2026-09-18T14:27:22+02:00,[37],[13]
2026-09-18T13:47:21+02:00,[37],[14]
2026-09-18T13:37:21+02:00,[37],[14]
2026-09-18T13:27:21+02:00,[37],[15]
2026-09-18T13:17:21+02:00,[37],[16]
2026-09-18T12:37:21+02:00,[37],[14]
2026-09-18T12:17:21+02:00,[38],[15]
2026-09-18T11:57:21+02:00,[37],[15]
2026-09-18T11:47:21+02:00,[38],[15]
2026-09-18T11:37:21+02:00,[37],[16]
2026-09-18T11:17:21+02:00,[37],[16]
2026-09-18T11:07:25+02:00,[37],[15]
2026-09-18T10:07:25+02:00,[37],[14]
2026-09-18T09:57:24+02:00,[38],[15]
2026-09-18T09:47:25+02:00,[37],[13]
2026-09-18T09:37:25+02:00,[37],[14]
2026-09-18T08:47:25+02:00,[37],[13]
2026-09-18T08:27:25+02:00,[37],[14]
2026-09-18T06:07:25+02:00,[37],[14]
2026-09-18T05:37:25+02:00,[38],[15]
2026-09-18T05:27:25+02:00,[37],[14]
2026-09-18T05:07:25+02:00,[37],[14]
2026-09-18T04:57:25+02:00,[38],[13]
2026-09-18T04:47:25+02:00,[37],[13]
2026-09-18T03:47:25+02:00,[37],[14]
2026-09-18T03:17:25+02:00,[37],[13]
2026-09-18T03:07:25+02:00,[38],[13]
2026-09-18T02:17:25+02:00,[37],[12]
2026-09-18T01:27:24+02:00,[38],[13]
2026-09-17T15:37:25+02:00,[38],[12]
2026-09-17T15:27:26+02:00,[37],[12]
2026-09-17T15:07:25+02:00,[38],[12]
2026-09-17T11:37:25+02:00,[37],[13]
2026-09-17T10:27:25+02:00,[38],[13]
2026-09-17T09:57:25+02:00,[37],[13]
2026-09-17T07:57:25+02:00,[37],[14]
2026-09-17T07:47:25+02:00,[37],[13]
2026-09-17T07:27:25+02:00,[37],[12]
2026-09-17T06:07:25+02:00,[37],[13]
2026-09-17T05:47:25+02:00,[38],[14]
2026-09-17T05:27:25+02:00,[37],[13]
2026-09-17T05:17:25+02:00,[37],[14]
2026-09-17T04:47:25+02:00,[37],[11]
2026-09-17T04:07:25+02:00,[37],[13]
2026-09-17T03:57:25+02:00,[37],[12]
2026-09-17T03:37:25+02:00,[37],[14]
2026-09-17T03:17:25+02:00,[37],[13]
2026-09-17T02:27:24+02:00,[38],[15]
2026-09-17T02:07:25+02:00,[37],[14]
2026-09-16T15:37:24+02:00,[37],[14]
2026-09-16T14:57:25+02:00,[37],[11]
2026-09-16T13:47:25+02:00,[37],[13]
2026-09-16T13:17:25+02:00,[37],[13]
2026-09-16T13:07:25+02:00,[37],[15]
2026-09-16T10:17:24+02:00,[38],[13]
2026-09-16T10:07:24+02:00,[38],[13]
2026-09-16T08:07:25+02:00,[37],[14]
2026-09-16T07:57:25+02:00,[37],[12]
2026-09-16T06:57:25+02:00,[37],[15]
2026-09-16T06:47:25+02:00,[37],[13]
2026-09-16T06:27:25+02:00,[37],[13]
2026-09-16T06:17:25+02:00,[37],[13]
2026-09-16T05:57:25+02:00,[37],[14]
2026-09-16T04:47:25+02:00,[37],[14]
2026-09-16T04:37:25+02:00,[37],[12]
2026-09-16T04:17:25+02:00,[37],[13]
2026-09-16T04:07:26+02:00,[37],[12]
2026-09-16T02:47:25+02:00,[37],[13]
2026-09-15T16:47:25+02:00,[37],[14]
2026-09-15T16:37:25+02:00,[37],[13]
2026-09-15T16:27:25+02:00,[37],[12]
2026-09-15T15:47:26+02:00,[37],[13]
2026-09-15T15:27:28+02:00,[37],[12]
2026-09-15T15:17:27+02:00,[37],[10]
2026-09-15T14:17:28+02:00,[37],[12]
2026-09-15T14:07:28+02:00,[38],[12]
2026-09-15T13:57:28+02:00,[37],[13]
2026-09-15T13:27:28+02:00,[37],[13]
2026-09-15T13:17:27+02:00,[37],[13]
2026-09-15T13:07:28+02:00,[37],[13]
2026-09-15T12:57:28+02:00,[37],[13]
2026-09-15T12:37:28+02:00,[37],[14]
2026-09-15T11:57:28+02:00,[37],[13]
2026-09-15T10:07:28+02:00,[37],[14]
2026-09-15T09:37:28+02:00,[37],[14]
2026-09-15T09:27:28+02:00,[37],[13]
2026-09-15T09:07:28+02:00,[38],[14]
2026-09-15T08:57:28+02:00,[37],[13]
2026-09-15T08:47:28+02:00,[37],[13]
2026-09-15T08:37:28+02:00,[38],[12]
2026-09-15T08:27:28+02:00,[37],[15]
2026-09-15T07:57:28+02:00,[37],[14]
2026-09-15T07:37:28+02:00,[37],[14]
2026-09-15T07:27:28+02:00,[37],[15]
2026-09-15T06:07:28+02:00,[37],[14]
2026-09-15T05:47:28+02:00,[38],[14]
2026-09-15T05:17:28+02:00,[37],[12]
2026-09-15T05:07:28+02:00,[38],[13]
2026-09-15T04:37:28+02:00,[37],[13]
2026-09-15T03:57:29+02:00,[37],[11]
2026-09-15T03:47:28+02:00,[37],[12]
2026-09-15T03:17:28+02:00,[37],[11]
2026-09-15T02:47:29+02:00,[37],[13]
2026-09-15T01:07:28+02:00,[37],[15]
2026-09-15T00:37:27+02:00,[38],[15]
2026-09-15T00:27:27+02:00,[37],[14]
2026-09-14T16:47:28+02:00,[38],[15]
2026-09-14T16:07:28+02:00,[37],[13]
2026-09-14T15:57:28+02:00,[37],[15]
2026-09-14T15:47:28+02:00,[37],[14]
2026-09-14T15:37:28+02:00,[38],[15]
2026-09-14T14:57:28+02:00,[38],[14]
2026-09-14T14:47:28+02:00,[37],[16]
2026-09-14T14:17:28+02:00,[37],[15]
2026-09-14T13:47:28+02:00,[37],[16]
2026-09-14T13:27:28+02:00,[38],[15]
2026-09-14T13:17:28+02:00,[37],[15]
2026-09-14T12:57:28+02:00,[38],[16]
2026-09-14T12:47:28+02:00,[37],[15]
2026-09-14T12:37:28+02:00,[38],[15]
2026-09-14T11:57:28+02:00,[37],[16]
2026-09-14T11:37:27+02:00,[37],[17]
2026-09-14T11:17:28+02:00,[38],[16]
2026-09-14T11:07:28+02:00,[38],[15]
2026-09-14T10:47:27+02:00,[38],[15]
2026-09-14T10:37:27+02:00,[38],[13]
2026-09-14T10:17:28+02:00,[37],[15]
2026-09-14T09:07:28+02:00,[37],[10]
2026-09-14T08:47:28+02:00,[37],[14]
2026-09-14T08:27:29+02:00,[37],[13]
2026-09-14T08:17:28+02:00,[37],[15]
2026-09-14T08:07:27+02:00,[38],[15]
2026-09-14T07:47:28+02:00,[38],[14]
2026-09-14T06:57:28+02:00,[37],[16]
2026-09-14T06:47:28+02:00,[37],[15]
2026-09-14T06:37:27+02:00,[37],[18]
2026-09-14T06:27:28+02:00,[37],[15]
2026-09-14T06:17:28+02:00,[37],[15]
2026-09-14T06:07:28+02:00,[37],[14]
2026-09-14T05:17:28+02:00,[38],[14]
2026-09-14T04:07:28+02:00,[37],[16]
2026-09-14T03:47:27+02:00,[38],[15]
2026-09-14T03:37:28+02:00,[37],[14]
2026-09-14T02:27:28+02:00,[38],[14]
2026-09-14T02:17:28+02:00,[37],[14]
2026-09-14T02:07:28+02:00,[38],[14]
2026-09-14T01:27:28+02:00,[38],[13]
2026-09-13T15:37:27+02:00,[38],[10]
2026-09-13T15:27:28+02:00,[38],[12]
2026-09-13T15:07:28+02:00,[37],[13]
2026-09-13T14:47:28+02:00,[37],[14]
2026-09-13T13:47:28+02:00,[37],[15]
2026-09-13T13:37:28+02:00,[37],[16]
2026-09-13T11:27:28+02:00,[37],[13]
2026-09-13T10:57:28+02:00,[38],[10]
2026-09-13T10:37:28+02:00,[37],[14]
2026-09-13T10:27:28+02:00,[37],[14]
2026-09-13T09:37:28+02:00,[37],[13]
2026-09-13T08:57:28+02:00,[38],[10]
2026-09-13T08:27:27+02:00,[37],[14]
2026-09-13T07:47:28+02:00,[37],[11]
2026-09-13T07:37:28+02:00,[37],[13]
2026-09-13T07:27:29+02:00,[37],[10]
2026-09-13T05:47:27+02:00,[37],[13]
2026-09-13T04:47:27+02:00,[37],[14]
2026-09-13T04:17:27+02:00,[37],[14]
2026-09-13T04:07:28+02:00,[37],[15]
2026-09-13T03:57:28+02:00,[38],[15]
2026-09-13T03:47:28+02:00,[37],[14]
2026-09-13T03:17:28+02:00,[37],[13]
2026-09-13T03:07:28+02:00,[38],[14]
2026-09-13T02:07:28+02:00,[37],[14]
2026-09-13T01:57:28+02:00,[38],[14]
2026-09-13T01:27:27+02:00,[37],[13]
2026-09-12T11:47:30+02:00,[37],[15]
2026-09-12T11:17:31+02:00,[37],[15]
2026-09-12T09:47:31+02:00,[38],[14]
2026-09-12T09:27:30+02:00,[38],[15]
2026-09-12T09:17:31+02:00,[37],[14]
2026-09-12T07:37:31+02:00,[37],[14]
2026-09-12T07:27:31+02:00,[37],[14]
2026-09-12T07:17:31+02:00,[38],[14]
2026-09-12T07:07:31+02:00,[37],[15]
2026-09-12T06:57:31+02:00,[37],[14]
2026-09-12T06:37:31+02:00,[37],[13]
2026-09-12T06:27:30+02:00,[38],[13]
2026-09-12T06:07:31+02:00,[38],[14]
2026-09-12T05:57:31+02:00,[37],[13]
2026-09-12T05:27:31+02:00,[38],[11]
2026-09-12T03:57:31+02:00,[37],[13]
2026-09-12T03:37:32+02:00,[37],[12]
2026-09-12T03:17:31+02:00,[37],[14]
2026-09-12T02:47:31+02:00,[37],[14]
2026-09-12T02:27:30+02:00,[37],[13]
2026-09-12T02:17:32+02:00,[37],[13]
2026-09-11T13:47:31+02:00,[37],[12]
2026-09-11T13:07:31+02:00,[38],[11]
2026-09-11T12:07:31+02:00,[37],[14]
2026-09-11T11:57:31+02:00,[37],[13]
2026-09-11T11:37:30+02:00,[37],[15]
2026-09-11T10:57:31+02:00,[37],[14]
2026-09-11T10:27:31+02:00,[38],[13]
2026-09-11T09:57:31+02:00,[37],[12]
2026-09-11T09:37:31+02:00,[37],[13]
2026-09-11T09:07:31+02:00,[36],[14]
2026-09-11T08:47:31+02:00,[37],[13]
2026-09-11T08:17:31+02:00,[37],[11]
2026-09-11T07:57:31+02:00,[38],[13]
2026-09-11T07:17:31+02:00,[37],[12]
2026-09-11T06:27:31+02:00,[37],[13]
2026-09-11T06:18:12+02:00,[37],[14]
2026-09-11T05:47:31+02:00,[37],[14]
2026-09-11T05:07:30+02:00,[38],[15]
2026-09-11T04:47:31+02:00,[37],[12]
2026-09-11T04:37:31+02:00,[37],[14]
2026-09-11T04:27:31+02:00,[37],[14]
2026-09-11T04:17:31+02:00,[37],[14]
2026-09-11T04:07:31+02:00,[37],[14]
2026-09-11T01:57:31+02:00,[38],[17]
2026-09-11T01:47:30+02:00,[37],[16]
2026-09-11T01:07:31+02:00,[37],[14]
2026-09-10T16:30:09+02:00,[60],[13]
2026-09-10T16:07:30+02:00,[38],[9]
2026-09-10T15:37:31+02:00,[37],[11]
2026-09-10T15:07:31+02:00,[38],[13]
2026-09-10T14:47:31+02:00,[37],[13]
2026-09-10T13:47:30+02:00,[37],[13]
2026-09-10T13:27:31+02:00,[38],[13]
2026-09-10T13:07:31+02:00,[37],[13]
2026-09-10T12:47:31+02:00,[37],[11]
2026-09-10T11:57:31+02:00,[37],[11]
2026-09-10T09:57:31+02:00,[37],[12]
2026-09-10T09:47:31+02:00,[37],[14]
2026-09-10T09:37:31+02:00,[37],[12]
2026-09-10T09:17:31+02:00,[38],[12]
2026-09-10T08:47:31+02:00,[37],[14]
2026-09-10T08:07:31+02:00,[37],[14]
2026-09-10T07:57:31+02:00,[37],[15]
2026-09-10T06:07:31+02:00,[37],[13]
2026-09-10T05:57:31+02:00,[37],[12]
2026-09-10T05:47:32+02:00,[37],[14]
2026-09-10T05:37:31+02:00,[37],[12]
2026-09-10T05:17:31+02:00,[37],[14]
2026-09-10T05:07:30+02:00,[38],[15]
2026-09-10T04:57:31+02:00,[37],[15]
2026-09-10T04:47:31+02:00,[38],[14]
2026-09-10T04:27:31+02:00,[38],[16]
2026-09-10T03:47:31+02:00,[37],[14]
2026-09-10T03:27:31+02:00,[37],[14]
2026-09-10T03:07:31+02:00,[37],[13]
2026-09-10T02:57:31+02:00,[38],[15]
2026-09-10T02:37:31+02:00,[37],[15]
2026-09-10T02:17:31+02:00,[37],[14]
2026-09-09T17:37:31+02:00,[37],[14]
2026-09-09T16:07:31+02:00,[37],[14]
2026-09-09T15:57:31+02:00,[37],[12]
2026-09-09T15:27:34+02:00,[38],[13]
2026-09-09T14:37:34+02:00,[37],[14]
2026-09-09T12:37:35+02:00,[37],[11]
2026-09-09T12:07:34+02:00,[37],[12]
2026-09-09T11:37:34+02:00,[37],[12]
2026-09-09T11:27:33+02:00,[37],[14]
2026-09-09T11:07:34+02:00,[37],[13]
2026-09-09T10:17:34+02:00,[37],[13]
2026-09-09T09:47:34+02:00,[37],[15]
2026-09-09T09:17:33+02:00,[38],[14]
2026-09-09T08:47:34+02:00,[37],[16]
2026-09-09T08:27:34+02:00,[38],[14]
2026-09-09T08:17:34+02:00,[37],[15]
2026-09-09T08:07:34+02:00,[37],[10]
2026-09-09T06:57:34+02:00,[38],[15]
2026-09-09T06:27:34+02:00,[38],[15]
2026-09-09T05:47:34+02:00,[37],[16]
2026-09-09T05:27:33+02:00,[38],[16]
2026-09-09T05:07:34+02:00,[37],[17]
2026-09-09T04:37:34+02:00,[38],[15]
2026-09-09T04:27:34+02:00,[37],[13]
2026-09-09T04:17:34+02:00,[37],[15]
2026-09-09T03:57:34+02:00,[37],[14]
2026-09-09T03:27:34+02:00,[37],[14]
2026-09-09T02:47:35+02:00,[37],[16]
2026-09-09T01:17:34+02:00,[37],[16]
2026-09-08T17:07:34+02:00,[38],[17]
2026-09-08T15:37:33+02:00,[38],[17]
2026-09-08T15:27:34+02:00,[37],[17]
2026-09-08T15:07:16+02:00,[38],[15]
2026-09-08T14:47:16+02:00,[37],[15]
2026-09-08T14:37:15+02:00,[37],[17]
2026-09-08T14:27:17+02:00,[37],[17]
2026-09-08T13:57:16+02:00,[37],[18]
2026-09-08T13:47:16+02:00,[37],[15]
2026-09-08T13:27:17+02:00,[37],[16]
2026-09-08T12:57:16+02:00,[37],[17]
2026-09-08T12:37:15+02:00,[37],[19]
2026-09-08T12:17:16+02:00,[37],[18]
2026-09-08T12:07:15+02:00,[38],[17]
2026-09-08T11:57:16+02:00,[37],[11]
2026-09-08T11:47:17+02:00,[37],[17]
2026-09-08T10:30:24+02:00,[37],[16]
2026-09-08T09:50:25+02:00,[37],[16]
2026-09-08T09:40:25+02:00,[37],[13]
2026-09-08T09:30:25+02:00,[37],[15]
2026-09-08T09:00:26+02:00,[37],[13]
2026-09-08T08:40:25+02:00,[37],[15]
2026-09-08T08:30:25+02:00,[37],[17]
2026-09-08T08:20:25+02:00,[37],[15]
2026-09-08T08:10:25+02:00,[37],[14]
2026-09-08T07:40:24+02:00,[38],[14]
2026-09-08T07:00:24+02:00,[37],[15]
2026-09-08T06:50:25+02:00,[37],[14]
2026-09-08T06:20:25+02:00,[37],[13]
2026-09-08T06:10:25+02:00,[37],[16]
2026-09-08T05:50:26+02:00,[37],[13]
2026-09-08T05:20:25+02:00,[38],[14]
2026-09-08T04:40:25+02:00,[38],[12]
2026-09-08T04:10:25+02:00,[37],[15]
2026-09-08T03:50:25+02:00,[37],[13]
2026-09-08T03:40:28+02:00,[37],[14]
2026-09-08T03:30:27+02:00,[37],[15]
2026-09-08T03:20:28+02:00,[38],[17]
2026-09-08T03:00:28+02:00,[38],[16]
2026-09-08T02:30:28+02:00,[37],[15]
2026-09-08T02:20:28+02:00,[37],[15]
2026-09-08T01:40:29+02:00,[37],[16]
2026-09-07T16:40:28+02:00,[38],[8]
2026-09-07T16:30:28+02:00,[37],[15]
2026-09-07T15:30:29+02:00,[37],[17]
2026-09-07T15:00:27+02:00,[37],[15]
2026-09-07T13:40:27+02:00,[37],[15]
2026-09-07T13:30:28+02:00,[37],[12]
2026-09-07T13:20:28+02:00,[37],[14]
2026-09-07T13:10:27+02:00,[38],[15]
2026-09-07T13:00:28+02:00,[37],[14]
2026-09-07T12:50:27+02:00,[38],[16]
2026-09-07T12:40:28+02:00,[37],[17]
2026-09-07T12:10:28+02:00,[37],[15]
2026-09-07T11:30:28+02:00,[38],[18]
2026-09-07T11:20:28+02:00,[37],[15]
2026-09-07T11:14:01+02:00,[60],[18]
2026-09-07T11:10:01+02:00,"[60,60,60]","[16,16,15]"
2026-09-07T11:06:01+02:00,[60],[17]
2026-09-07T10:40:28+02:00,[37],[15]
2026-09-07T10:30:27+02:00,[37],[14]
2026-09-07T10:20:28+02:00,[37],[13]
2026-09-07T10:10:28+02:00,[37],[16]
2026-09-07T09:40:28+02:00,[38],[14]
2026-09-07T09:30:28+02:00,[38],[16]
2026-09-07T09:10:28+02:00,[38],[14]
2026-09-07T09:00:28+02:00,[37],[16]
2026-09-07T08:50:28+02:00,[37],[14]
2026-09-07T08:40:28+02:00,[37],[16]
2026-09-07T08:10:28+02:00,[37],[15]
2026-09-07T07:50:28+02:00,[38],[18]
2026-09-07T07:40:29+02:00,[37],[17]
2026-09-07T07:30:28+02:00,[37],[16]
2026-09-07T06:50:30+02:00,[37],[14]
2026-09-07T06:40:28+02:00,[37],[17]
2026-09-07T06:20:28+02:00,[37],[15]
2026-09-07T05:40:28+02:00,[38],[16]
2026-09-07T05:30:28+02:00,[37],[12]
2026-09-07T05:10:28+02:00,[37],[15]
2026-09-07T04:50:28+02:00,[37],[15]
2026-09-07T04:40:28+02:00,[38],[14]
2026-09-07T04:10:28+02:00,[38],[14]
2026-09-07T03:50:28+02:00,[37],[13]
2026-09-07T03:20:28+02:00,[38],[13]
2026-09-07T03:10:28+02:00,[37],[13]
2026-09-07T02:50:29+02:00,[37],[15]
2026-09-07T02:30:28+02:00,[37],[16]
2026-09-07T02:20:28+02:00,[37],[17]
2026-09-07T02:10:28+02:00,[37],[15]
2026-09-06T15:50:28+02:00,[37],[13]
2026-09-06T15:20:28+02:00,[37],[16]
2026-09-06T14:00:28+02:00,[37],[14]
2026-09-06T13:50:28+02:00,[37],[14]
2026-09-06T13:20:29+02:00,[37],[16]
2026-09-06T11:00:28+02:00,[37],[14]
2026-09-06T10:50:28+02:00,[37],[15]
2026-09-06T10:30:28+02:00,[37],[12]
2026-09-06T10:20:28+02:00,[37],[15]
2026-09-06T09:20:28+02:00,[37],[14]
2026-09-06T09:10:28+02:00,[37],[14]
2026-09-06T09:00:28+02:00,[37],[12]
2026-09-06T08:30:28+02:00,[38],[14]
2026-09-06T07:50:28+02:00,[37],[14]
2026-09-06T07:40:28+02:00,[37],[13]
2026-09-06T07:10:28+02:00,[37],[15]
2026-09-06T07:00:28+02:00,[38],[15]
2026-09-06T06:30:28+02:00,[37],[14]
2026-09-06T03:40:28+02:00,[37],[13]
2026-09-05T13:20:28+02:00,[37],[12]
2026-09-05T13:10:28+02:00,[37],[12]
2026-09-05T13:00:29+02:00,[37],[13]
2026-09-05T12:40:28+02:00,[37],[12]
2026-09-05T12:00:28+02:00,[37],[12]
2026-09-05T11:20:28+02:00,[38],[13]
2026-09-05T11:00:28+02:00,[37],[13]
2026-09-05T10:50:28+02:00,[38],[13]
2026-09-05T10:40:29+02:00,[37],[13]
2026-09-05T10:20:28+02:00,[37],[14]
2026-09-05T10:00:28+02:00,[37],[13]
2026-09-05T09:40:28+02:00,[37],[13]
2026-09-05T09:30:28+02:00,[37],[12]
2026-09-05T09:20:28+02:00,[37],[12]
2026-09-05T09:00:28+02:00,[37],[11]
2026-09-05T08:20:28+02:00,[37],[12]
2026-09-05T07:40:27+02:00,[38],[11]
2026-09-05T07:30:28+02:00,[37],[11]
2026-09-05T07:10:28+02:00,[37],[13]
2026-09-05T06:10:28+02:00,[38],[13]
2026-09-05T06:00:28+02:00,[37],[13]
2026-09-05T04:30:29+02:00,[37],[11]
2026-09-05T04:00:28+02:00,[37],[13]
2026-09-05T03:50:27+02:00,[37],[14]
2026-09-05T03:40:28+02:00,[37],[12]
2026-09-05T03:30:28+02:00,[38],[12]
2026-09-05T02:40:29+02:00,[37],[13]
2026-09-05T02:30:28+02:00,[37],[13]
2026-09-05T01:50:31+02:00,[37],[13]
2026-09-04T18:20:32+02:00,[37],[13]
2026-09-04T17:00:32+02:00,[38],[12]
2026-09-04T16:30:31+02:00,[37],[13]
2026-09-04T16:20:32+02:00,[37],[12]
2026-09-04T16:10:32+02:00,[37],[13]
2026-09-04T15:40:32+02:00,[38],[12]
2026-09-04T15:10:32+02:00,[37],[13]
2026-09-04T15:00:32+02:00,[37],[14]
2026-09-04T14:40:32+02:00,[37],[12]
2026-09-04T12:20:31+02:00,[37],[15]
2026-09-04T12:10:31+02:00,[37],[14]
2026-09-04T11:30:32+02:00,[37],[13]
2026-09-04T10:50:31+02:00,[37],[15]
2026-09-04T10:40:32+02:00,[37],[14]
2026-09-04T10:20:32+02:00,[37],[14]
2026-09-04T08:40:32+02:00,[37],[14]
2026-09-04T08:30:32+02:00,[37],[14]
2026-09-04T08:10:32+02:00,[37],[14]
2026-09-04T07:00:32+02:00,[37],[14]
2026-09-04T06:40:32+02:00,[37],[14]
2026-09-04T06:30:32+02:00,[37],[14]
2026-09-04T05:10:31+02:00,[37],[15]
2026-09-04T03:00:32+02:00,[37],[14]
2026-09-04T02:50:32+02:00,[38],[12]
2026-09-04T02:40:32+02:00,[37],[12]
2026-09-04T02:20:32+02:00,[37],[13]
2026-09-03T16:40:32+02:00,[37],[11]
2026-09-03T16:10:32+02:00,[37],[8]
2026-09-03T16:00:32+02:00,[37],[11]
2026-09-03T15:40:32+02:00,[37],[12]
2026-09-03T15:30:32+02:00,[37],[12]
2026-09-03T14:40:32+02:00,[37],[13]
2026-09-03T14:20:32+02:00,[37],[14]
2026-09-03T14:10:32+02:00,[37],[12]
2026-09-03T14:00:32+02:00,[37],[12]
2026-09-03T13:20:31+02:00,[37],[14]
2026-09-03T13:10:32+02:00,[37],[14]
2026-09-03T12:40:32+02:00,[37],[14]
2026-09-03T12:10:32+02:00,[37],[14]
2026-09-03T11:50:32+02:00,[37],[14]
2026-09-03T11:40:32+02:00,[37],[12]
2026-09-03T11:20:32+02:00,[38],[15]
2026-09-03T11:10:32+02:00,[38],[14]
2026-09-03T11:00:32+02:00,[37],[14]
2026-09-03T10:50:31+02:00,[38],[15]
2026-09-03T10:30:32+02:00,[37],[15]
2026-09-03T10:00:32+02:00,[38],[14]
2026-09-03T09:50:32+02:00,[38],[14]
2026-09-03T09:40:32+02:00,[38],[12]
2026-09-03T09:30:32+02:00,[37],[13]
2026-09-03T09:10:32+02:00,[37],[14]
2026-09-03T08:50:32+02:00,[37],[14]
2026-09-03T08:30:32+02:00,[37],[14]
2026-09-03T08:20:32+02:00,[37],[14]
2026-09-03T07:50:32+02:00,[38],[10]
2026-09-03T07:40:32+02:00,[37],[15]
2026-09-03T06:50:32+02:00,[37],[17]
2026-09-03T06:40:32+02:00,[37],[15]
2026-09-03T06:10:32+02:00,[37],[15]
2026-09-03T06:00:32+02:00,[37],[15]
2026-09-03T05:50:32+02:00,[38],[17]
2026-09-03T05:40:31+02:00,[38],[13]
2026-09-03T05:10:32+02:00,[38],[15]
2026-09-03T04:30:32+02:00,[37],[15]
2026-09-03T04:20:31+02:00,[38],[17]
2026-09-03T04:10:31+02:00,[37],[15]
2026-09-03T02:00:32+02:00,[37],[16]
2026-09-03T01:50:32+02:00,[37],[19]
2026-09-03T01:30:32+02:00,[38],[19]
2026-09-03T01:20:31+02:00,[38],[18]
2026-09-02T19:21:09+02:00,"[60,60,60,60,60,60,60,60,60]","[19,21,20,20,19,20,19,20,19]"
2026-09-02T19:17:09+02:00,"[60,60]","[20,18]"
2026-09-02T19:13:09+02:00,"[60,60,60]","[19,17,18]"
2026-09-02T16:17:09+02:00,"[60,60,60,60]","[12,17,17,17]"
2026-09-02T14:50:21+02:00,[37],[11]
2026-09-02T13:50:20+02:00,[38],[18]
2026-09-02T13:40:21+02:00,[37],[16]
2026-09-02T13:30:22+02:00,[37],[20]
2026-09-02T13:20:38+02:00,[37],[17]
2026-09-02T13:18:06+02:00,[37],[15]
2026-09-02T12:28:05+02:00,[37],[13]
2026-09-02T12:18:05+02:00,[37],[14]
2026-09-02T11:28:05+02:00,[37],[14]
2026-09-02T10:58:04+02:00,[38],[13]
2026-09-02T10:48:05+02:00,[37],[14]
2026-09-02T10:38:06+02:00,[37],[12]
2026-09-02T10:28:05+02:00,[37],[14]
2026-09-02T10:18:05+02:00,[37],[14]
2026-09-02T09:28:05+02:00,[38],[14]
2026-09-02T08:38:05+02:00,[37],[12]
2026-09-02T08:28:05+02:00,[37],[14]
2026-09-02T07:58:05+02:00,[38],[13]
2026-09-02T06:58:05+02:00,[37],[11]
2026-09-02T06:48:05+02:00,[37],[13]
2026-09-02T06:28:05+02:00,[37],[12]
2026-09-02T06:08:05+02:00,[37],[13]
2026-09-02T05:38:04+02:00,[37],[12]
2026-09-02T05:18:05+02:00,[37],[12]
2026-09-02T04:08:05+02:00,[37],[14]
2026-09-02T03:38:05+02:00,[37],[13]
2026-09-02T03:08:05+02:00,[37],[13]
2026-09-02T02:38:05+02:00,[38],[15]
2026-09-02T02:28:05+02:00,[37],[13]
2026-09-01T14:18:05+02:00,[38],[12]
2026-09-01T13:58:05+02:00,[37],[11]
2026-09-01T13:18:05+02:00,[37],[12]
2026-09-01T12:18:05+02:00,[37],[13]
2026-09-01T11:58:05+02:00,[37],[15]
2026-09-01T11:48:05+02:00,[38],[14]
2026-09-01T10:38:05+02:00,[37],[11]
2026-09-01T10:08:04+02:00,[38],[12]
2026-09-01T09:38:06+02:00,[37],[15]
2026-09-01T09:08:05+02:00,[37],[15]
2026-09-01T08:38:05+02:00,[38],[14]
2026-09-01T08:28:05+02:00,[37],[16]
2026-09-01T07:48:05+02:00,[37],[15]
2026-09-01T07:28:05+02:00,[37],[15]
2026-09-01T07:18:04+02:00,[38],[14]
2026-09-01T07:08:05+02:00,[37],[17]
2026-09-01T06:48:04+02:00,[37],[15]
2026-09-01T06:28:05+02:00,[37],[12]
2026-09-01T05:28:04+02:00,[37],[14]
2026-09-01T05:18:06+02:00,[37],[14]
2026-09-01T05:08:04+02:00,[37],[15]
2026-09-01T04:38:05+02:00,[37],[14]
2026-09-01T04:18:05+02:00,[38],[17]
2026-09-01T04:08:05+02:00,[37],[15]
2026-09-01T03:58:05+02:00,[38],[15]
2026-09-01T03:48:05+02:00,[37],[14]
2026-09-01T03:18:05+02:00,[38],[15]
2026-09-01T02:58:05+02:00,[38],[12]
2026-08-31T16:48:08+02:00,[38],[14]
2026-08-31T16:28:08+02:00,[37],[17]
2026-08-31T15:48:07+02:00,[37],[15]
2026-08-31T15:08:08+02:00,[37],[15]
2026-08-31T14:48:08+02:00,[37],[14]
2026-08-31T13:08:09+02:00,[37],[14]
2026-08-31T10:38:08+02:00,[37],[13]
2026-08-31T10:18:08+02:00,[37],[14]
2026-08-31T09:58:08+02:00,[37],[13]
2026-08-31T09:38:09+02:00,[37],[14]
2026-08-31T09:28:08+02:00,[37],[12]
2026-08-31T09:18:08+02:00,[37],[14]
2026-08-31T08:48:08+02:00,[37],[8]
2026-08-31T08:18:08+02:00,[37],[14]
2026-08-31T08:08:08+02:00,[38],[12]
2026-08-31T07:28:09+02:00,[37],[14]
2026-08-31T07:08:08+02:00,[37],[13]
2026-08-31T06:48:08+02:00,[37],[14]
2026-08-31T06:38:08+02:00,[37],[13]
2026-08-31T05:58:07+02:00,[37],[15]
2026-08-31T04:28:09+02:00,[37],[14]
2026-08-31T02:28:08+02:00,[37],[13]
2026-08-31T01:58:08+02:00,[37],[13]
2026-08-30T15:18:08+02:00,[38],[10]
2026-08-30T14:28:08+02:00,[38],[13]
2026-08-30T11:48:07+02:00,[37],[16]
2026-08-30T11:38:08+02:00,[37],[15]
2026-08-30T10:18:08+02:00,[37],[14]
2026-08-30T09:58:08+02:00,[37],[13]
2026-08-30T09:28:08+02:00,[37],[12]
2026-08-30T09:18:08+02:00,[37],[14]
2026-08-30T08:58:08+02:00,[37],[13]
2026-08-30T08:48:08+02:00,[37],[14]
2026-08-30T08:28:08+02:00,[37],[13]
2026-08-30T08:18:08+02:00,[37],[15]
2026-08-30T07:48:07+02:00,[37],[14]
2026-08-30T07:38:08+02:00,[38],[15]
2026-08-30T06:28:14+02:00,[37],[15]
2026-08-30T06:08:08+02:00,[37],[12]
2026-08-30T05:38:08+02:00,[37],[12]
2026-08-30T05:08:08+02:00,[38],[16]
2026-08-30T04:38:08+02:00,[38],[14]
2026-08-30T04:28:07+02:00,[37],[14]
2026-08-30T04:18:08+02:00,[38],[13]
2026-08-29T13:38:08+02:00,[38],[15]
2026-08-29T12:38:08+02:00,[38],[15]
2026-08-29T12:28:08+02:00,[37],[16]
2026-08-29T12:08:08+02:00,[37],[15]
2026-08-29T11:58:08+02:00,[37],[15]
2026-08-29T11:38:07+02:00,[38],[13]
2026-08-29T11:28:08+02:00,[37],[14]
2026-08-29T11:08:08+02:00,[37],[14]
2026-08-29T10:38:08+02:00,[38],[16]
2026-08-29T10:18:09+02:00,[37],[16]
2026-08-29T10:08:09+02:00,[37],[15]
2026-08-29T09:48:08+02:00,[37],[15]
2026-08-29T09:38:08+02:00,[37],[13]
2026-08-29T08:58:08+02:00,[38],[16]
2026-08-29T08:48:08+02:00,[37],[15]
2026-08-29T08:38:07+02:00,[38],[15]
2026-08-29T08:28:08+02:00,[38],[14]
2026-08-29T07:48:08+02:00,[37],[13]
2026-08-29T07:18:09+02:00,[37],[14]
2026-08-29T06:28:09+02:00,[37],[16]
2026-08-29T06:18:08+02:00,[37],[13]
2026-08-29T06:08:08+02:00,[37],[16]
2026-08-29T05:28:07+02:00,[37],[17]
2026-08-29T05:08:08+02:00,[37],[18]
2026-08-28T13:58:11+02:00,[37],[14]
2026-08-28T13:08:11+02:00,[37],[18]
2026-08-28T12:38:11+02:00,[38],[17]
2026-08-28T12:28:11+02:00,[38],[17]
2026-08-28T12:08:11+02:00,[37],[13]
2026-08-28T11:38:11+02:00,[38],[13]
2026-08-28T11:28:11+02:00,[37],[15]
2026-08-28T10:38:11+02:00,[38],[15]
2026-08-28T09:38:11+02:00,[37],[16]
2026-08-28T07:28:11+02:00,[38],[12]
2026-08-28T06:48:11+02:00,[37],[12]
2026-08-28T06:08:11+02:00,[37],[12]
2026-08-28T05:08:11+02:00,[37],[11]
2026-08-28T03:48:12+02:00,[37],[11]
2026-08-28T03:38:11+02:00,[37],[11]
2026-08-28T02:38:11+02:00,[37],[13]
2026-08-27T14:38:11+02:00,[38],[14]
2026-08-27T13:38:11+02:00,[37],[15]
2026-08-27T12:48:10+02:00,[37],[14]
2026-08-27T11:18:11+02:00,[38],[14]
2026-08-27T10:28:11+02:00,[38],[14]
2026-08-27T09:48:11+02:00,[37],[13]
2026-08-27T09:18:11+02:00,[37],[16]
2026-08-27T09:08:11+02:00,[38],[16]
2026-08-27T08:18:11+02:00,[38],[15]
2026-08-27T07:18:12+02:00,[37],[14]
2026-08-27T07:08:11+02:00,[37],[13]
2026-08-27T06:48:11+02:00,[37],[14]
2026-08-27T06:38:11+02:00,[38],[16]
2026-08-27T04:48:11+02:00,[38],[14]
2026-08-27T04:18:11+02:00,[37],[13]
2026-08-27T04:08:12+02:00,[37],[14]
2026-08-27T03:58:11+02:00,[38],[14]
2026-08-27T03:38:11+02:00,[38],[14]
2026-08-27T02:38:12+02:00,[37],[16]
2026-08-27T02:28:11+02:00,[37],[15]
2026-08-27T02:08:11+02:00,[38],[17]
2026-08-27T01:58:10+02:00,[38],[18]
2026-08-27T01:38:11+02:00,[37],[15]
2026-08-27T01:18:11+02:00,[38],[14]
2026-08-27T00:58:10+02:00,[38],[14]
2026-08-27T00:48:10+02:00,[37],[14]
2026-08-26T12:28:11+02:00,[37],[15]
2026-08-26T11:58:11+02:00,[37],[15]
2026-08-26T11:28:11+02:00,[37],[14]
2026-08-26T10:48:11+02:00,[37],[14]
2026-08-26T10:38:11+02:00,[38],[13]
2026-08-26T09:58:11+02:00,[37],[13]
2026-08-26T09:28:11+02:00,[38],[14]
2026-08-26T09:08:11+02:00,[37],[11]
2026-08-26T08:48:11+02:00,[37],[14]
2026-08-26T08:38:11+02:00,[37],[15]
2026-08-26T08:28:11+02:00,[37],[14]
2026-08-26T08:08:11+02:00,[37],[15]
2026-08-26T07:28:12+02:00,[37],[14]
2026-08-26T07:18:11+02:00,[37],[14]
2026-08-26T07:08:11+02:00,[37],[16]
2026-08-26T06:38:11+02:00,[37],[15]
2026-08-26T05:38:11+02:00,[37],[12]
2026-08-26T04:58:11+02:00,[37],[13]
2026-08-26T04:48:11+02:00,[37],[12]
2026-08-26T04:18:10+02:00,[38],[14]
2026-08-26T03:48:10+02:00,[37],[13]
2026-08-26T03:28:11+02:00,[37],[13]
2026-08-26T03:08:11+02:00,[37],[14]
2026-08-26T02:38:11+02:00,[37],[15]
2026-08-26T02:28:11+02:00,[38],[12]
2026-08-26T02:08:11+02:00,[37],[12]
2026-08-26T01:38:11+02:00,[37],[15]
2026-08-26T01:28:11+02:00,[37],[13]
2026-08-26T01:18:11+02:00,[37],[16]
2026-08-26T01:08:11+02:00,[38],[16]
2026-08-26T00:58:11+02:00,[37],[12]
2026-08-26T00:38:14+02:00,[37],[14]
2026-08-26T00:28:15+02:00,[37],[15]
2026-08-26T00:18:14+02:00,[37],[15]
2026-08-26T00:08:14+02:00,[37],[16]
2026-08-25T23:38:15+02:00,[37],[16]
2026-08-25T23:28:14+02:00,[37],[15]
2026-08-25T23:18:14+02:00,[38],[15]
2026-08-25T23:08:36+02:00,[37],[15]
2026-08-25T12:28:14+02:00,[37],[15]
2026-08-25T12:18:14+02:00,[37],[16]
2026-08-25T12:08:14+02:00,[37],[16]
2026-08-25T11:48:14+02:00,[38],[15]
2026-08-25T11:28:14+02:00,[37],[15]
2026-08-25T11:18:14+02:00,[37],[16]
2026-08-25T11:08:14+02:00,[37],[15]
2026-08-25T10:48:14+02:00,[37],[14]
2026-08-25T09:58:14+02:00,[38],[14]
2026-08-25T09:48:14+02:00,[37],[14]
2026-08-25T09:38:14+02:00,[37],[13]
2026-08-25T09:28:14+02:00,[37],[14]
2026-08-25T09:18:14+02:00,[37],[15]
2026-08-25T08:48:14+02:00,[37],[14]
2026-08-25T08:18:14+02:00,[37],[14]
2026-08-25T07:18:14+02:00,[37],[13]
2026-08-25T06:38:14+02:00,[38],[14]
2026-08-25T05:28:14+02:00,[38],[13]
2026-08-25T04:58:14+02:00,[38],[15]
2026-08-25T04:48:14+02:00,[38],[13]
2026-08-25T04:38:14+02:00,[37],[13]
2026-08-25T04:28:14+02:00,[37],[13]
2026-08-25T04:18:15+02:00,[37],[14]
2026-08-25T02:38:14+02:00,[38],[15]
2026-08-25T02:28:15+02:00,[37],[16]
2026-08-25T02:08:14+02:00,[38],[14]
2026-08-25T01:28:14+02:00,[37],[15]
2026-08-25T00:58:14+02:00,[38],[15]
2026-08-25T00:48:14+02:00,[38],[15]
2026-08-25T00:38:14+02:00,[37],[13]
2026-08-25T00:08:14+02:00,[37],[13]
2026-08-24T23:48:14+02:00,[37],[15]
2026-08-24T23:28:14+02:00,[38],[15]
2026-08-24T12:48:14+02:00,[37],[15]
2026-08-24T12:29:29+02:00,[37],[16]
2026-08-24T12:18:14+02:00,[38],[15]
2026-08-24T11:28:14+02:00,[37],[13]
2026-08-24T11:08:14+02:00,[37],[12]
2026-08-24T10:58:14+02:00,[37],[12]
2026-08-24T10:38:14+02:00,[37],[13]
2026-08-24T10:18:15+02:00,[37],[13]
2026-08-24T10:08:14+02:00,[37],[14]
2026-08-24T09:48:14+02:00,[38],[13]
2026-08-24T09:38:14+02:00,[37],[14]
2026-08-24T09:08:15+02:00,[37],[13]
2026-08-24T08:48:14+02:00,[37],[13]
2026-08-24T08:38:15+02:00,[37],[14]
2026-08-24T08:08:13+02:00,[38],[12]
2026-08-24T07:38:14+02:00,[38],[12]
2026-08-24T07:28:14+02:00,[38],[13]
2026-08-24T07:18:14+02:00,[37],[16]
2026-08-24T06:38:14+02:00,[37],[14]
2026-08-24T06:28:14+02:00,[37],[12]
2026-08-24T06:08:14+02:00,[37],[13]
2026-08-24T04:28:13+02:00,[38],[14]
2026-08-24T04:18:14+02:00,[37],[13]
2026-08-24T04:08:14+02:00,[37],[13]
2026-08-24T03:48:14+02:00,[38],[14]
2026-08-24T03:08:14+02:00,[38],[16]
2026-08-24T02:38:14+02:00,[37],[14]
2026-08-24T02:28:14+02:00,[37],[16]
2026-08-24T02:18:15+02:00,[37],[15]
2026-08-24T02:08:14+02:00,[37],[14]
2026-08-24T01:58:14+02:00,[37],[11]
2026-08-24T01:48:14+02:00,[37],[13]
2026-08-24T01:38:13+02:00,[38],[13]
2026-08-24T01:18:14+02:00,[37],[13]
2026-08-24T01:08:14+02:00,[37],[14]
2026-08-23T15:18:14+02:00,[37],[12]
2026-08-23T14:48:14+02:00,[37],[12]
2026-08-23T11:58:14+02:00,[37],[14]
2026-08-23T11:28:14+02:00,[38],[13]
2026-08-23T11:18:14+02:00,[37],[13]
2026-08-23T10:48:14+02:00,[37],[13]
2026-08-23T09:28:14+02:00,[37],[14]
2026-08-22T16:18:17+02:00,[37],[14]
2026-08-22T15:38:17+02:00,[37],[14]
2026-08-22T14:48:17+02:00,[37],[13]
2026-08-22T14:28:17+02:00,[37],[13]
2026-08-22T13:58:17+02:00,[37],[12]
2026-08-22T13:38:17+02:00,[37],[12]
2026-08-22T13:08:17+02:00,[37],[12]
2026-08-22T11:58:17+02:00,[38],[12]
2026-08-22T11:48:16+02:00,[38],[12]
2026-08-22T11:28:17+02:00,[37],[14]
2026-08-22T10:58:17+02:00,[37],[11]
2026-08-22T10:48:17+02:00,[37],[11]
2026-08-22T10:18:17+02:00,[37],[12]
2026-08-22T10:08:17+02:00,[37],[13]
2026-08-22T08:38:17+02:00,[37],[14]
2026-08-22T08:18:17+02:00,[38],[12]
2026-08-22T08:08:17+02:00,[37],[15]
2026-08-22T07:58:16+02:00,[37],[13]
2026-08-22T07:48:17+02:00,[37],[13]
2026-08-22T06:48:17+02:00,[37],[14]
2026-08-22T06:38:17+02:00,[37],[13]
2026-08-22T06:28:17+02:00,[38],[12]
2026-08-22T06:18:17+02:00,[38],[13]
2026-08-22T06:08:18+02:00,[37],[14]
2026-08-22T05:58:16+02:00,[37],[14]
2026-08-22T05:38:16+02:00,[37],[12]
2026-08-22T05:28:17+02:00,[37],[13]
2026-08-22T04:38:17+02:00,[37],[14]
2026-08-22T04:28:17+02:00,[38],[13]
2026-08-21T16:38:16+02:00,[37],[12]
2026-08-21T16:28:16+02:00,[38],[11]
2026-08-21T15:58:17+02:00,[37],[12]
2026-08-21T15:48:17+02:00,[37],[12]
2026-08-21T15:18:17+02:00,[37],[12]
2026-08-21T14:28:17+02:00,[38],[12]
2026-08-21T14:08:17+02:00,[37],[13]
2026-08-21T13:58:17+02:00,[37],[12]
2026-08-21T12:58:17+02:00,[37],[11]
2026-08-21T12:28:17+02:00,[38],[15]
2026-08-21T12:08:18+02:00,[37],[14]
2026-08-21T11:18:17+02:00,[37],[14]
2026-08-21T10:48:18+02:00,[37],[12]
2026-08-21T09:18:17+02:00,[37],[14]
2026-08-21T09:08:17+02:00,[37],[14]
2026-08-21T08:38:17+02:00,[38],[12]
2026-08-21T08:28:17+02:00,[37],[14]
2026-08-21T08:18:17+02:00,[37],[12]
2026-08-21T07:18:17+02:00,[37],[14]
2026-08-21T06:18:17+02:00,[38],[14]
2026-08-21T06:08:17+02:00,[37],[14]
2026-08-21T05:48:16+02:00,[37],[15]
2026-08-21T05:38:17+02:00,[37],[13]
2026-08-21T04:28:17+02:00,[37],[14]
2026-08-21T04:18:17+02:00,[38],[15]
2026-08-21T04:08:17+02:00,[37],[15]
2026-08-21T03:38:17+02:00,[38],[14]
2026-08-21T02:18:17+02:00,[37],[13]
2026-08-20T15:28:17+02:00,[38],[14]
2026-08-20T15:08:17+02:00,[37],[13]
2026-08-20T14:48:16+02:00,[38],[13]
2026-08-20T14:28:17+02:00,[37],[13]
2026-08-20T14:08:17+02:00,[38],[14]
2026-08-20T13:38:17+02:00,[38],[13]
2026-08-20T13:18:16+02:00,[37],[14]
2026-08-20T12:28:17+02:00,[37],[11]
2026-08-20T11:18:17+02:00,[37],[9]
2026-08-20T10:38:17+02:00,[37],[10]
2026-08-20T08:28:17+02:00,[37],[14]
2026-08-20T08:18:17+02:00,[37],[10]
2026-08-20T08:08:17+02:00,[38],[15]
2026-08-20T07:58:16+02:00,[38],[13]
2026-08-20T07:48:18+02:00,[37],[10]
2026-08-20T05:38:17+02:00,[37],[14]
2026-08-20T05:08:17+02:00,[37],[13]
2026-08-20T04:58:17+02:00,[37],[14]
2026-08-20T04:38:17+02:00,[38],[15]
2026-08-20T04:28:17+02:00,[37],[12]
2026-08-20T04:08:17+02:00,[37],[15]
2026-08-20T03:18:17+02:00,[38],[12]
2026-08-20T03:08:17+02:00,[37],[11]
2026-08-20T02:38:17+02:00,[37],[12]
2026-08-19T16:08:20+02:00,[38],[13]
2026-08-19T15:38:20+02:00,[37],[13]
2026-08-19T15:28:20+02:00,[37],[14]
2026-08-19T15:08:20+02:00,[38],[14]
2026-08-19T13:38:20+02:00,[37],[15]
2026-08-19T12:28:20+02:00,[37],[13]
2026-08-19T11:48:19+02:00,[37],[14]
2026-08-19T11:08:20+02:00,[37],[10]
2026-08-19T10:38:20+02:00,[38],[9]
2026-08-19T10:28:20+02:00,[38],[12]
2026-08-19T09:18:20+02:00,[37],[14]
2026-08-19T07:48:20+02:00,[37],[13]
2026-08-19T07:18:20+02:00,[38],[13]
2026-08-19T07:08:21+02:00,[37],[11]
2026-08-19T06:48:20+02:00,[38],[12]
2026-08-19T06:38:20+02:00,[37],[14]
2026-08-19T06:18:20+02:00,[37],[12]
2026-08-19T05:48:20+02:00,[37],[13]
2026-08-19T05:28:20+02:00,[38],[13]
2026-08-19T05:08:20+02:00,[37],[12]
2026-08-19T04:48:20+02:00,[37],[13]
2026-08-19T04:08:20+02:00,[37],[13]
2026-08-19T03:38:20+02:00,[37],[11]
2026-08-19T03:08:20+02:00,[37],[13]
2026-08-19T02:58:20+02:00,[37],[13]
2026-08-19T02:48:20+02:00,[37],[14]
2026-08-19T01:58:19+02:00,[37],[13]
2026-08-18T16:28:21+02:00,[37],[15]
2026-08-18T15:38:21+02:00,[37],[15]
2026-08-18T15:28:20+02:00,[37],[15]
2026-08-18T14:48:20+02:00,[37],[14]
2026-08-18T14:38:19+02:00,[37],[14]
2026-08-18T13:58:20+02:00,[38],[14]
2026-08-18T13:28:21+02:00,[37],[14]
2026-08-18T13:18:20+02:00,[37],[15]
2026-08-18T12:58:20+02:00,[37],[14]
2026-08-18T12:48:20+02:00,[37],[14]
2026-08-18T12:38:19+02:00,[37],[13]
2026-08-18T12:28:20+02:00,[37],[13]
2026-08-18T12:18:20+02:00,[37],[14]
2026-08-18T11:48:20+02:00,[37],[14]
2026-08-18T10:58:20+02:00,[37],[15]
2026-08-18T10:48:20+02:00,[37],[14]
2026-08-18T10:38:20+02:00,[37],[13]
2026-08-18T09:18:20+02:00,[37],[13]
2026-08-18T08:58:19+02:00,[38],[15]
2026-08-18T08:08:20+02:00,[37],[14]
2026-08-18T07:48:20+02:00,[38],[14]
2026-08-18T07:28:20+02:00,[37],[16]
2026-08-18T07:18:20+02:00,[37],[15]
2026-08-18T06:58:20+02:00,[38],[16]
2026-08-18T06:28:20+02:00,[37],[13]
2026-08-18T06:08:20+02:00,[37],[13]
2026-08-18T05:48:21+02:00,[37],[15]
2026-08-18T05:28:20+02:00,[37],[14]
2026-08-18T05:18:21+02:00,[37],[12]
2026-08-18T04:58:20+02:00,[37],[13]
2026-08-18T03:38:20+02:00,[37],[13]
2026-08-18T03:28:20+02:00,[37],[13]
2026-08-18T03:18:20+02:00,[37],[13]
2026-08-18T02:28:20+02:00,[37],[12]
2026-08-18T02:18:20+02:00,[38],[13]
2026-08-18T01:48:20+02:00,[38],[11]
2026-08-18T01:18:20+02:00,[37],[13]
2026-08-17T15:58:24+02:00,[37],[14]
2026-08-17T15:48:24+02:00,[37],[13]
2026-08-17T15:38:23+02:00,[37],[11]
2026-08-17T14:58:23+02:00,[37],[12]
2026-08-17T14:18:23+02:00,[37],[13]
2026-08-17T13:18:23+02:00,[37],[13]
2026-08-17T12:38:23+02:00,[37],[13]
2026-08-17T12:08:23+02:00,[38],[14]
2026-08-17T11:58:23+02:00,[37],[13]
2026-08-17T11:48:23+02:00,[38],[14]
2026-08-17T10:38:23+02:00,[37],[10]
2026-08-17T09:58:23+02:00,[37],[13]
2026-08-17T09:28:22+02:00,[38],[14]
2026-08-17T08:58:23+02:00,[37],[12]
2026-08-17T08:38:23+02:00,[37],[12]
2026-08-17T07:38:23+02:00,[37],[14]
2026-08-17T07:28:23+02:00,[37],[13]
2026-08-17T06:38:23+02:00,[37],[14]
2026-08-17T06:08:23+02:00,[37],[13]
2026-08-17T05:38:23+02:00,[37],[14]
2026-08-17T05:18:23+02:00,[37],[14]
2026-08-17T04:48:22+02:00,[38],[13]
2026-08-17T04:28:23+02:00,[38],[14]
2026-08-17T04:18:23+02:00,[37],[14]
2026-08-17T03:58:23+02:00,[37],[14]
2026-08-17T03:38:23+02:00,[37],[16]
2026-08-17T03:08:23+02:00,[37],[14]
2026-08-17T02:58:23+02:00,[37],[13]
2026-08-17T02:48:23+02:00,[37],[12]
2026-08-17T02:38:23+02:00,[37],[11]
2026-08-17T01:38:23+02:00,[38],[13]
2026-08-16T15:58:24+02:00,[37],[10]
2026-08-16T15:28:23+02:00,[37],[15]
2026-08-16T15:18:24+02:00,[37],[13]
2026-08-16T15:08:24+02:00,[37],[14]
2026-08-16T14:48:23+02:00,[37],[13]
2026-08-16T14:18:23+02:00,[37],[15]
2026-08-16T13:38:23+02:00,[37],[14]
2026-08-16T11:58:23+02:00,[38],[14]
2026-08-16T11:08:23+02:00,[37],[15]
2026-08-16T10:58:22+02:00,[38],[15]
2026-08-16T10:48:23+02:00,[37],[15]
2026-08-16T10:18:23+02:00,[37],[16]
2026-08-16T09:48:23+02:00,[38],[13]
2026-08-16T09:28:22+02:00,[37],[16]
2026-08-16T09:18:23+02:00,[37],[15]
2026-08-16T08:58:24+02:00,[37],[16]
2026-08-16T07:58:22+02:00,[37],[14]
2026-08-16T07:38:23+02:00,[38],[12]
2026-08-16T07:28:23+02:00,[38],[15]
2026-08-16T07:18:23+02:00,[37],[16]
2026-08-16T07:08:22+02:00,[38],[14]
2026-08-16T06:48:23+02:00,[37],[14]
2026-08-16T06:38:23+02:00,[38],[14]
2026-08-16T06:18:22+02:00,[37],[14]
2026-08-16T06:08:22+02:00,[38],[15]
2026-08-16T05:58:23+02:00,[37],[15]
2026-08-16T05:38:23+02:00,[37],[14]
2026-08-16T05:28:23+02:00,[38],[13]
2026-08-16T04:58:23+02:00,[37],[13]
2026-08-16T04:48:23+02:00,[37],[14]
2026-08-16T03:38:23+02:00,[37],[14]
2026-08-16T03:28:23+02:00,[37],[14]
2026-08-16T02:58:23+02:00,[37],[13]
2026-08-16T02:28:22+02:00,[37],[15]
2026-08-15T15:38:23+02:00,[38],[14]
2026-08-15T14:08:23+02:00,[38],[13]
2026-08-15T13:48:24+02:00,[37],[14]
2026-08-15T13:38:22+02:00,[37],[12]
2026-08-15T13:08:23+02:00,[37],[10]
2026-08-15T12:08:23+02:00,[38],[17]
2026-08-15T11:18:23+02:00,[37],[15]
2026-08-15T11:08:23+02:00,[37],[16]
2026-08-15T10:48:23+02:00,[37],[14]
2026-08-15T10:28:22+02:00,[38],[16]
2026-08-15T09:48:24+02:00,[37],[14]
2026-08-15T09:28:23+02:00,[37],[15]
2026-08-15T09:18:23+02:00,[37],[15]
2026-08-15T08:58:24+02:00,[37],[17]
2026-08-15T08:08:23+02:00,[37],[10]
2026-08-15T07:58:23+02:00,[37],[15]
2026-08-15T07:38:23+02:00,[37],[17]
2026-08-15T07:28:22+02:00,[38],[14]
2026-08-15T07:18:23+02:00,[37],[15]
2026-08-15T07:08:23+02:00,[38],[16]
2026-08-15T06:38:23+02:00,[37],[14]
2026-08-15T06:08:23+02:00,[37],[16]
2026-08-15T05:38:23+02:00,[38],[14]
2026-08-15T03:59:00+02:00,[60],[16]
2026-08-15T03:48:23+02:00,[37],[16]
2026-08-15T03:18:23+02:00,[37],[14]
2026-08-15T03:08:23+02:00,[37],[16]
2026-08-15T02:28:23+02:00,[37],[16]
2026-08-15T02:18:23+02:00,[37],[15]
2026-08-15T02:08:23+02:00,[37],[16]
2026-08-15T01:58:23+02:00,[38],[13]
2026-08-15T01:48:22+02:00,[37],[14]
2026-08-14T18:18:22+02:00,[37],[15]
2026-08-14T17:18:22+02:00,[38],[14]
2026-08-14T16:58:23+02:00,[37],[18]
2026-08-14T16:38:23+02:00,[38],[17]
2026-08-14T16:18:23+02:00,[37],[15]
2026-08-14T16:08:23+02:00,[38],[15]
2026-08-14T15:58:23+02:00,[37],[16]
2026-08-14T15:48:23+02:00,[37],[15]
2026-08-14T15:28:23+02:00,[37],[15]
2026-08-14T15:08:22+02:00,[38],[15]
2026-08-14T13:48:23+02:00,[37],[15]
2026-08-14T13:28:23+02:00,[37],[14]
2026-08-14T13:18:23+02:00,[37],[16]
2026-08-14T13:08:23+02:00,[37],[15]
2026-08-14T12:58:23+02:00,[38],[15]
2026-08-14T12:28:23+02:00,[37],[15]
2026-08-14T12:08:23+02:00,[38],[15]
2026-08-14T11:48:23+02:00,[38],[14]
2026-08-14T11:38:22+02:00,[38],[17]
2026-08-14T10:18:23+02:00,[38],[15]
2026-08-14T09:58:22+02:00,[37],[17]
2026-08-14T09:48:23+02:00,[38],[15]
2026-08-14T09:38:22+02:00,[37],[16]
2026-08-14T09:08:23+02:00,[37],[14]
2026-08-14T07:58:26+02:00,[37],[16]
2026-08-14T07:48:26+02:00,[37],[15]
2026-08-14T07:08:26+02:00,[38],[15]
2026-08-14T06:25:09+02:00,[60],[13]
2026-08-14T06:12:09+02:00,[60],[14]
2026-08-14T05:58:25+02:00,[38],[14]
2026-08-14T05:48:26+02:00,[38],[13]
2026-08-14T05:18:26+02:00,[37],[14]
2026-08-14T04:38:26+02:00,[38],[13]
2026-08-14T04:18:27+02:00,[37],[12]
2026-08-14T03:38:27+02:00,[37],[14]
2026-08-14T02:58:26+02:00,[37],[14]
2026-08-14T02:38:25+02:00,[37],[15]
2026-08-14T01:58:26+02:00,[38],[13]
2026-08-13T15:28:26+02:00,[38],[12]
2026-08-13T15:08:26+02:00,[37],[13]
2026-08-13T14:28:26+02:00,[37],[13]
2026-08-13T14:08:26+02:00,[38],[12]
2026-08-13T13:08:26+02:00,[37],[15]
2026-08-13T12:28:26+02:00,[37],[14]
2026-08-13T12:18:26+02:00,[37],[15]
2026-08-13T11:58:26+02:00,[37],[16]
2026-08-13T11:48:26+02:00,[37],[16]
2026-08-13T11:28:25+02:00,[38],[14]
2026-08-13T11:18:26+02:00,[38],[16]
2026-08-13T10:58:26+02:00,[37],[16]
2026-08-13T10:48:26+02:00,[37],[15]
2026-08-13T10:38:25+02:00,[37],[13]
2026-08-13T09:58:26+02:00,[37],[14]
2026-08-13T09:28:27+02:00,[37],[11]
2026-08-13T08:48:26+02:00,[38],[14]
2026-08-13T08:28:26+02:00,[37],[14]
2026-08-13T07:58:26+02:00,[37],[14]
2026-08-13T07:48:26+02:00,[37],[12]
2026-08-13T06:48:26+02:00,[38],[13]
2026-08-13T06:38:26+02:00,[37],[13]
2026-08-13T06:28:26+02:00,[38],[14]
2026-08-13T05:58:26+02:00,[38],[12]
2026-08-13T05:18:26+02:00,[37],[12]
2026-08-13T04:48:26+02:00,[38],[13]
2026-08-13T04:28:26+02:00,[37],[11]
2026-08-13T04:18:26+02:00,[37],[12]
2026-08-13T03:28:26+02:00,[37],[14]
2026-08-13T03:08:25+02:00,[38],[13]
2026-08-13T02:38:26+02:00,[37],[13]
2026-08-13T02:08:26+02:00,[38],[15]
2026-08-12T14:08:27+02:00,[37],[14]
2026-08-12T13:58:26+02:00,[37],[11]
2026-08-12T13:08:26+02:00,[37],[16]
2026-08-12T12:58:26+02:00,[38],[14]
2026-08-12T12:48:26+02:00,[37],[15]
2026-08-12T12:18:26+02:00,[37],[15]
2026-08-12T12:08:26+02:00,[37],[16]
2026-08-12T11:28:26+02:00,[37],[15]
2026-08-12T10:58:26+02:00,[37],[15]
2026-08-12T09:28:26+02:00,[38],[16]
2026-08-12T09:18:26+02:00,[37],[14]
2026-08-12T08:48:26+02:00,[37],[14]
2026-08-12T08:38:26+02:00,[37],[12]
2026-08-12T08:18:26+02:00,[37],[9]
2026-08-12T07:48:26+02:00,[37],[15]
2026-08-12T07:38:26+02:00,[37],[15]
2026-08-12T07:28:26+02:00,[37],[14]
2026-08-12T07:18:26+02:00,[37],[14]
2026-08-12T06:38:26+02:00,[37],[12]
2026-08-12T06:08:27+02:00,[37],[14]
2026-08-12T05:48:26+02:00,[37],[13]
2026-08-12T05:38:26+02:00,[37],[14]
2026-08-12T04:48:27+02:00,[37],[16]
2026-08-12T04:38:26+02:00,[38],[15]
2026-08-12T04:08:26+02:00,[37],[14]
2026-08-12T03:58:26+02:00,[38],[15]
2026-08-12T03:38:26+02:00,[38],[14]
2026-08-12T03:28:26+02:00,[37],[16]
2026-08-12T03:18:26+02:00,[37],[15]
2026-08-12T02:48:27+02:00,[37],[15]
2026-08-12T02:38:26+02:00,[37],[14]
2026-08-12T02:28:26+02:00,[37],[15]
2026-08-11T16:18:26+02:00,[38],[15]
2026-08-11T15:28:26+02:00,[38],[14]
2026-08-11T15:18:26+02:00,[37],[13]
2026-08-11T15:08:26+02:00,[37],[15]
2026-08-11T14:58:26+02:00,[37],[14]
2026-08-11T14:38:26+02:00,[37],[14]
2026-08-11T14:28:26+02:00,[38],[14]
2026-08-11T13:58:26+02:00,[37],[13]
2026-08-11T13:08:26+02:00,[37],[13]
2026-08-11T11:08:27+02:00,[37],[14]
2026-08-11T10:58:26+02:00,[37],[14]
2026-08-11T10:18:28+02:00,[38],[13]
2026-08-11T10:08:25+02:00,[37],[16]
2026-08-11T09:38:26+02:00,[37],[12]
2026-08-11T09:28:26+02:00,[38],[12]
2026-08-11T09:18:27+02:00,[37],[13]
2026-08-11T08:28:26+02:00,[37],[13]
2026-08-11T07:48:29+02:00,[37],[15]
2026-08-11T07:38:29+02:00,[37],[14]
2026-08-11T07:28:29+02:00,[37],[14]
2026-08-11T07:18:30+02:00,[37],[13]
2026-08-11T06:58:29+02:00,[37],[13]
2026-08-11T06:28:29+02:00,[37],[13]
2026-08-11T05:48:29+02:00,[37],[13]
2026-08-11T05:38:29+02:00,[37],[15]
2026-08-11T04:58:29+02:00,[37],[13]
2026-08-11T04:38:29+02:00,[38],[14]
2026-08-11T03:48:30+02:00,[37],[13]
2026-08-11T03:38:29+02:00,[38],[13]
2026-08-11T03:08:29+02:00,[37],[15]
2026-08-11T02:28:28+02:00,[37],[14]
2026-08-11T02:18:30+02:00,[37],[14]
2026-08-10T15:48:29+02:00,[37],[13]
2026-08-10T15:08:29+02:00,[37],[13]
2026-08-10T14:48:29+02:00,[37],[12]
2026-08-10T14:38:28+02:00,[37],[14]
2026-08-10T14:28:29+02:00,[38],[11]
2026-08-10T13:48:28+02:00,[37],[14]
2026-08-10T13:08:29+02:00,[37],[13]
2026-08-10T12:48:29+02:00,[37],[15]
2026-08-10T12:28:29+02:00,[37],[15]
2026-08-10T11:48:29+02:00,[37],[13]
2026-08-10T11:18:30+02:00,[37],[16]
2026-08-10T11:08:29+02:00,[37],[12]
2026-08-10T10:38:29+02:00,[37],[14]
2026-08-10T10:28:29+02:00,[37],[13]
2026-08-10T09:38:29+02:00,[37],[14]
2026-08-10T09:28:29+02:00,[37],[14]
2026-08-10T09:08:30+02:00,[37],[11]
2026-08-10T07:58:29+02:00,[38],[13]
2026-08-10T07:28:30+02:00,[37],[12]
2026-08-10T07:18:34+02:00,[38],[15]
2026-08-10T07:08:29+02:00,[37],[13]
2026-08-10T06:58:29+02:00,[38],[14]
2026-08-10T04:58:29+02:00,[38],[14]
2026-08-10T04:48:29+02:00,[38],[14]
2026-08-10T04:18:29+02:00,[37],[14]
2026-08-10T04:08:29+02:00,[37],[13]
2026-08-10T03:58:30+02:00,[37],[12]
2026-08-10T03:48:30+02:00,[37],[15]
2026-08-10T03:38:29+02:00,[37],[15]
2026-08-10T03:28:29+02:00,[37],[13]
2026-08-10T02:58:29+02:00,[37],[13]
2026-08-10T02:48:28+02:00,[38],[14]
2026-08-10T02:38:28+02:00,[38],[15]
2026-08-10T02:28:29+02:00,[38],[13]
2026-08-10T02:08:30+02:00,[37],[13]
2026-08-10T01:48:29+02:00,[37],[14]
2026-08-09T15:40:00+02:00,[45],[14]
2026-08-09T15:37:10+02:00,[60],[15]
2026-08-09T15:28:29+02:00,[37],[12]
2026-08-09T15:18:29+02:00,[38],[14]
2026-08-09T15:08:29+02:00,[38],[13]
2026-08-09T14:58:29+02:00,[38],[15]
2026-08-09T14:28:29+02:00,[37],[14]
2026-08-09T14:08:29+02:00,[37],[15]
2026-08-09T11:58:29+02:00,[37],[14]
2026-08-09T11:08:29+02:00,[37],[14]
2026-08-09T10:58:29+02:00,[38],[13]
2026-08-09T10:38:29+02:00,[38],[14]
2026-08-09T10:28:29+02:00,[38],[15]
2026-08-09T10:08:29+02:00,[37],[13]
2026-08-09T09:58:29+02:00,[37],[15]
2026-08-09T09:48:29+02:00,[38],[13]
2026-08-09T09:38:29+02:00,[37],[14]
2026-08-09T08:28:29+02:00,[37],[14]
2026-08-09T08:18:29+02:00,[38],[15]
2026-08-09T07:28:29+02:00,[38],[17]
2026-08-09T06:38:29+02:00,[37],[13]
2026-08-08T16:58:29+02:00,[37],[12]
2026-08-08T15:48:29+02:00,[37],[13]
2026-08-08T15:28:28+02:00,[38],[14]
2026-08-08T14:28:29+02:00,[37],[15]
2026-08-08T13:08:28+02:00,[38],[14]
2026-08-08T12:58:28+02:00,[37],[14]
2026-08-08T11:48:29+02:00,[38],[13]
2026-08-08T09:38:30+02:00,[37],[15]
2026-08-08T09:18:29+02:00,[38],[15]
2026-08-08T07:58:56+02:00,[38],[13]
2026-08-08T06:38:32+02:00,[37],[13]
2026-08-08T06:18:32+02:00,[38],[13]
2026-08-08T05:08:32+02:00,[37],[14]
2026-08-08T04:38:32+02:00,[37],[14]
2026-08-08T03:48:32+02:00,[38],[16]
2026-08-08T03:18:32+02:00,[37],[14]
2026-08-08T03:08:32+02:00,[37],[14]
2026-08-07T14:28:32+02:00,[37],[15]
2026-08-07T14:18:31+02:00,[37],[12]
2026-08-07T13:58:32+02:00,[38],[14]
2026-08-07T13:28:32+02:00,[37],[11]
2026-08-07T11:58:32+02:00,[37],[15]
2026-08-07T11:48:32+02:00,[38],[15]
2026-08-07T10:28:32+02:00,[37],[13]
2026-08-07T10:08:32+02:00,[38],[13]
2026-08-07T09:58:32+02:00,[38],[13]
2026-08-07T09:38:32+02:00,[37],[10]
2026-08-07T09:28:45+02:00,[37],[13]
2026-08-07T09:08:32+02:00,[38],[13]
2026-08-07T08:48:32+02:00,[37],[14]
2026-08-07T08:18:32+02:00,[38],[13]
2026-08-07T07:38:32+02:00,[37],[12]
2026-08-07T07:28:32+02:00,[37],[13]
2026-08-07T06:48:31+02:00,[37],[15]
2026-08-07T06:38:32+02:00,[37],[15]
2026-08-07T05:18:32+02:00,[37],[15]
2026-08-07T04:58:32+02:00,[37],[14]
2026-08-07T04:48:32+02:00,[37],[13]
2026-08-07T04:38:32+02:00,[38],[14]
2026-08-07T03:38:32+02:00,[37],[16]
2026-08-07T03:08:32+02:00,[37],[14]
2026-08-07T02:28:33+02:00,[36],[13]
2026-08-06T16:48:32+02:00,[38],[13]
2026-08-06T16:18:32+02:00,[37],[14]
2026-08-06T15:08:32+02:00,[38],[13]
2026-08-06T14:58:32+02:00,[37],[12]
2026-08-06T14:48:31+02:00,[38],[14]
2026-08-06T12:38:32+02:00,[38],[14]
2026-08-06T12:28:32+02:00,[37],[12]
2026-08-06T12:18:32+02:00,[37],[15]
2026-08-06T11:58:32+02:00,[37],[13]
2026-08-06T11:38:32+02:00,[37],[14]
2026-08-06T11:18:32+02:00,[38],[14]
2026-08-06T11:08:33+02:00,[37],[12]
2026-08-06T10:38:32+02:00,[37],[13]
2026-08-06T09:28:31+02:00,[37],[14]
2026-08-06T08:58:32+02:00,[37],[15]
2026-08-06T08:48:32+02:00,[37],[12]
2026-08-06T08:28:32+02:00,[37],[14]
2026-08-06T07:38:31+02:00,[38],[16]
2026-08-06T07:28:32+02:00,[37],[14]
2026-08-06T07:08:32+02:00,[38],[15]
2026-08-06T06:58:32+02:00,[37],[15]
2026-08-06T06:48:32+02:00,[38],[15]
2026-08-06T06:38:32+02:00,[37],[13]
2026-08-06T05:48:31+02:00,[38],[14]
2026-08-06T05:18:32+02:00,[38],[15]
2026-08-06T04:48:32+02:00,[38],[14]
2026-08-06T04:28:32+02:00,[37],[14]
2026-08-06T03:18:32+02:00,[37],[15]
2026-08-06T03:08:32+02:00,[37],[14]
2026-08-06T02:58:32+02:00,[37],[13]
2026-08-06T02:28:32+02:00,[37],[13]
2026-08-05T15:28:31+02:00,[37],[14]
2026-08-05T15:08:32+02:00,[37],[15]
2026-08-05T14:38:32+02:00,[37],[13]
2026-08-05T14:08:32+02:00,[37],[13]
2026-08-05T13:28:35+02:00,[38],[14]
2026-08-05T13:18:36+02:00,[37],[13]
2026-08-05T12:58:35+02:00,[37],[15]
2026-08-05T12:18:36+02:00,[37],[14]
2026-08-05T11:28:34+02:00,[38],[15]
2026-08-05T11:08:35+02:00,[37],[14]
2026-08-05T10:58:35+02:00,[37],[13]
2026-08-05T10:48:35+02:00,[38],[15]
2026-08-05T10:38:35+02:00,[37],[13]
2026-08-05T10:18:35+02:00,[38],[13]
2026-08-05T10:08:35+02:00,[37],[12]
2026-08-05T09:38:35+02:00,[37],[15]
2026-08-05T08:48:35+02:00,[37],[13]
2026-08-05T08:38:35+02:00,[37],[13]
2026-08-05T08:28:35+02:00,[37],[12]
2026-08-05T08:18:35+02:00,[37],[13]
2026-08-05T08:08:35+02:00,[37],[12]
2026-08-05T07:18:36+02:00,[37],[13]
2026-08-05T06:18:35+02:00,[37],[14]
2026-08-05T04:38:35+02:00,[37],[13]
2026-08-05T04:08:35+02:00,[38],[13]
2026-08-05T03:58:35+02:00,[37],[13]
2026-08-05T03:48:35+02:00,[37],[14]
2026-08-05T03:38:35+02:00,[37],[13]
2026-08-05T03:08:36+02:00,[37],[15]
2026-08-05T02:58:35+02:00,[37],[14]
2026-08-05T02:48:35+02:00,[37],[14]
2026-08-04T15:18:35+02:00,[37],[14]
2026-08-04T14:58:35+02:00,[38],[15]
2026-08-04T14:48:36+02:00,[37],[14]
2026-08-04T14:38:34+02:00,[37],[14]
2026-08-04T13:58:22+02:00,[37],[15]
2026-08-04T13:48:22+02:00,[37],[12]
2026-08-04T13:38:23+02:00,[37],[17]
2026-08-04T13:28:22+02:00,[38],[13]
2026-08-04T13:18:22+02:00,[38],[13]
2026-08-04T13:08:22+02:00,[37],[14]
2026-08-04T12:45:49+02:00,[38],[14]
2026-08-04T12:35:49+02:00,[38],[14]
2026-08-04T12:15:49+02:00,[37],[15]
2026-08-04T10:55:48+02:00,[38],[16]
2026-08-04T10:35:49+02:00,[37],[14]
2026-08-04T10:05:49+02:00,[37],[14]
2026-08-04T09:55:49+02:00,[37],[14]
2026-08-04T09:45:49+02:00,[37],[15]
2026-08-04T09:15:49+02:00,[37],[15]
2026-08-04T08:55:49+02:00,[37],[16]
2026-08-04T08:35:49+02:00,[37],[13]
2026-08-04T08:15:49+02:00,[37],[14]
2026-08-04T08:05:50+02:00,[37],[14]
2026-08-04T07:55:49+02:00,[38],[14]
2026-08-04T07:45:49+02:00,[37],[13]
2026-08-04T07:35:49+02:00,[37],[15]
2026-08-04T07:25:49+02:00,[37],[12]
2026-08-04T07:05:50+02:00,[37],[14]
2026-08-04T06:45:48+02:00,[38],[14]
2026-08-04T06:35:49+02:00,[37],[15]
2026-08-04T06:25:49+02:00,[37],[16]
2026-08-04T06:05:50+02:00,[37],[16]
2026-08-04T05:45:49+02:00,[37],[14]
2026-08-04T05:35:49+02:00,[37],[17]
2026-08-04T05:25:49+02:00,[37],[14]
2026-08-04T05:15:50+02:00,[37],[14]
2026-08-04T04:35:49+02:00,[38],[14]
2026-08-04T04:25:49+02:00,[38],[16]
2026-08-04T04:15:49+02:00,[37],[15]
2026-08-04T04:05:49+02:00,[37],[16]
2026-08-04T03:55:49+02:00,[38],[14]
2026-08-04T03:25:49+02:00,[37],[15]
2026-08-04T02:45:49+02:00,[37],[16]
2026-08-04T02:25:49+02:00,[38],[16]
2026-08-04T01:55:49+02:00,[38],[16]
2026-08-03T16:45:51+02:00,[37],[17]
2026-08-03T16:15:51+02:00,[37],[17]
2026-08-03T15:45:52+02:00,[37],[14]
2026-08-03T15:35:51+02:00,[38],[14]
2026-08-03T15:25:52+02:00,[37],[15]
2026-08-03T15:15:52+02:00,[38],[15]
2026-08-03T14:55:52+02:00,[37],[16]
2026-08-03T14:15:52+02:00,[37],[16]
2026-08-03T14:05:52+02:00,[37],[15]
2026-08-03T13:55:51+02:00,[37],[16]
2026-08-03T12:55:52+02:00,[37],[16]
2026-08-03T12:15:52+02:00,[37],[16]
2026-08-03T11:45:52+02:00,[37],[16]
2026-08-03T11:35:52+02:00,[37],[13]
2026-08-03T11:05:52+02:00,[37],[15]
2026-08-03T09:55:52+02:00,[37],[16]
2026-08-03T09:15:52+02:00,[38],[14]
2026-08-03T08:35:52+02:00,[38],[14]
2026-08-03T07:35:52+02:00,[37],[15]
2026-08-03T07:25:52+02:00,[37],[12]
2026-08-03T07:15:52+02:00,[38],[16]
2026-08-03T07:05:52+02:00,[37],[14]
2026-08-03T06:55:51+02:00,[37],[16]
2026-08-03T06:25:52+02:00,[38],[18]
2026-08-03T05:35:52+02:00,[37],[16]
2026-08-03T05:25:52+02:00,[37],[15]
2026-08-03T05:05:51+02:00,[37],[17]
2026-08-03T04:35:52+02:00,[37],[15]
2026-08-03T03:35:51+02:00,[37],[16]
2026-08-03T03:05:52+02:00,[37],[14]
2026-08-03T02:55:52+02:00,[37],[14]
2026-08-03T02:35:52+02:00,[37],[14]
2026-08-03T02:05:52+02:00,[37],[16]
2026-08-03T01:55:51+02:00,[37],[14]
2026-08-03T01:45:52+02:00,[37],[15]
2026-08-03T01:35:52+02:00,[38],[14]
2026-08-02T15:45:52+02:00,[37],[17]
2026-08-02T15:35:52+02:00,[37],[16]
2026-08-02T15:26:03+02:00,[38],[18]
2026-08-02T15:05:52+02:00,[37],[12]
2026-08-02T14:35:52+02:00,[38],[16]
2026-08-02T14:15:55+02:00,[37],[17]
2026-08-02T13:55:52+02:00,[37],[16]
2026-08-02T13:45:52+02:00,[37],[15]
2026-08-02T13:25:52+02:00,[37],[14]
2026-08-02T13:15:51+02:00,[38],[16]
2026-08-02T13:05:52+02:00,[38],[14]
2026-08-02T12:45:51+02:00,[37],[14]
2026-08-02T12:35:52+02:00,[37],[13]
2026-08-02T12:15:52+02:00,[37],[16]
2026-08-02T12:05:51+02:00,[38],[15]
2026-08-02T11:55:52+02:00,[37],[14]
2026-08-02T11:35:52+02:00,[37],[13]
2026-08-02T11:25:52+02:00,[37],[12]
2026-08-02T11:15:52+02:00,[37],[15]
2026-08-02T09:55:52+02:00,[38],[14]
2026-08-02T09:05:52+02:00,[37],[15]
2026-08-02T08:55:52+02:00,[37],[14]
2026-08-02T08:35:52+02:00,[38],[17]
2026-08-02T08:25:52+02:00,[37],[14]
2026-08-02T07:35:52+02:00,[37],[14]
2026-08-02T07:15:52+02:00,[37],[16]
2026-08-02T06:25:52+02:00,[37],[14]
2026-08-02T06:05:51+02:00,[37],[14]
2026-08-02T05:06:09+02:00,"[60,60,60]","[17,19,15]"
2026-08-02T04:59:09+02:00,"[60,60,60,60,60]","[17,16,19,15,17]"
2026-08-02T04:57:09+02:00,[60],[14]
2026-08-01T16:55:51+02:00,[38],[13]
2026-08-01T16:45:52+02:00,[37],[16]
2026-08-01T16:15:52+02:00,[37],[15]
2026-08-01T16:05:51+02:00,[37],[16]
2026-08-01T15:55:52+02:00,[38],[13]
2026-08-01T15:45:52+02:00,[38],[15]
2026-08-01T15:15:52+02:00,[38],[13]
2026-08-01T15:05:52+02:00,[37],[14]
2026-08-01T14:45:52+02:00,[38],[14]
2026-08-01T14:35:52+02:00,[37],[11]
2026-08-01T13:55:52+02:00,[37],[14]
2026-08-01T13:45:52+02:00,[37],[14]
2026-08-01T13:25:52+02:00,[37],[13]
2026-08-01T12:55:52+02:00,[37],[14]
2026-08-01T12:35:52+02:00,[37],[13]
2026-08-01T12:15:52+02:00,[37],[14]
2026-08-01T11:15:52+02:00,[38],[14]
2026-08-01T11:05:52+02:00,[38],[14]
2026-08-01T10:35:51+02:00,[38],[15]
2026-08-01T10:25:52+02:00,[37],[16]
2026-08-01T10:15:52+02:00,[37],[16]
2026-08-01T09:58:09+02:00,"[60,60,60,60]","[16,16,17,18]"
2026-08-01T09:55:52+02:00,[37],[11]
2026-08-01T09:45:52+02:00,[37],[15]
2026-08-01T09:25:52+02:00,[37],[15]
2026-08-01T08:45:51+02:00,[38],[15]
2026-08-01T08:25:52+02:00,[37],[14]
2026-08-01T08:15:52+02:00,[37],[15]
2026-08-01T07:45:52+02:00,[38],[15]
2026-08-01T07:35:52+02:00,[37],[15]
2026-08-01T07:05:52+02:00,[37],[13]
2026-08-01T06:25:52+02:00,[38],[13]
2026-08-01T06:15:52+02:00,[37],[17]
2026-08-01T05:05:52+02:00,[38],[15]
2026-08-01T04:45:52+02:00,[38],[18]
2026-08-01T04:35:52+02:00,[37],[14]
2026-08-01T04:15:52+02:00,[37],[16]
2026-08-01T03:25:52+02:00,[37],[14]
2026-07-31T14:25:55+02:00,[37],[13]
2026-07-31T14:15:55+02:00,[37],[17]
2026-07-31T14:05:54+02:00,[37],[13]
2026-07-31T13:55:55+02:00,[37],[15]
2026-07-31T13:45:55+02:00,[37],[15]
2026-07-31T12:45:14+02:00,[37],[16]
2026-07-31T12:25:14+02:00,[37],[12]
2026-07-31T12:15:14+02:00,[38],[12]
2026-07-31T11:55:14+02:00,[38],[13]
2026-07-31T10:35:13+02:00,[38],[14]
2026-07-31T10:15:15+02:00,[37],[16]
2026-07-31T09:45:14+02:00,[37],[15]
2026-07-31T09:35:13+02:00,[37],[15]
2026-07-31T09:05:14+02:00,[37],[15]
2026-07-31T08:55:13+02:00,[38],[12]
2026-07-31T08:45:14+02:00,[38],[15]
2026-07-31T08:35:14+02:00,[38],[14]
2026-07-31T08:25:14+02:00,[38],[15]
2026-07-31T07:35:15+02:00,[38],[15]
2026-07-31T07:15:14+02:00,[37],[14]
2026-07-31T07:05:13+02:00,[38],[16]
2026-07-31T05:45:14+02:00,[37],[15]
2026-07-31T05:35:14+02:00,[37],[15]
2026-07-31T05:15:14+02:00,[37],[16]
2026-07-31T04:55:14+02:00,[38],[16]
2026-07-31T04:05:14+02:00,[37],[15]
2026-07-31T03:25:14+02:00,[37],[13]
2026-07-31T02:55:14+02:00,[37],[16]
2026-07-31T02:15:14+02:00,[38],[15]
2026-07-31T01:35:14+02:00,[37],[13]
2026-07-30T16:05:14+02:00,[37],[11]
2026-07-30T14:55:14+02:00,[37],[18]
2026-07-30T14:25:14+02:00,[37],[9]
2026-07-30T14:15:14+02:00,[37],[10]
2026-07-30T13:55:13+02:00,[37],[16]
2026-07-30T13:05:14+02:00,[37],[17]
2026-07-30T12:25:14+02:00,[37],[15]
2026-07-30T12:15:14+02:00,[37],[13]
2026-07-30T11:15:14+02:00,[37],[13]
2026-07-30T11:05:14+02:00,[37],[15]
2026-07-30T10:55:14+02:00,[37],[14]
2026-07-30T10:45:15+02:00,[37],[17]
2026-07-30T10:25:14+02:00,[37],[15]
2026-07-30T09:45:15+02:00,[37],[14]
2026-07-30T09:15:13+02:00,[38],[16]
2026-07-30T08:35:15+02:00,[37],[15]
2026-07-30T07:55:14+02:00,[37],[13]
2026-07-30T07:45:13+02:00,[38],[15]
2026-07-30T07:35:17+02:00,[37],[14]
2026-07-30T07:05:17+02:00,[37],[14]
2026-07-30T06:35:17+02:00,[38],[11]
2026-07-30T06:25:17+02:00,[37],[13]
2026-07-30T06:05:17+02:00,[37],[14]
2026-07-30T05:55:17+02:00,[37],[15]
2026-07-30T05:45:17+02:00,[37],[14]
2026-07-30T05:25:17+02:00,[37],[13]
2026-07-30T05:15:17+02:00,[37],[13]
2026-07-30T04:35:17+02:00,[37],[14]
2026-07-30T04:05:17+02:00,[37],[15]
2026-07-30T03:35:17+02:00,[37],[16]
2026-07-30T03:25:17+02:00,[37],[13]
2026-07-30T03:05:17+02:00,[37],[14]
2026-07-30T02:55:17+02:00,[37],[15]
2026-07-30T02:35:17+02:00,[37],[15]
2026-07-30T02:15:17+02:00,[37],[14]
2026-07-29T14:55:16+02:00,[38],[17]
2026-07-29T14:45:17+02:00,[37],[16]
2026-07-29T14:35:17+02:00,[37],[15]
2026-07-29T14:15:17+02:00,[37],[14]
2026-07-29T14:05:17+02:00,[38],[14]
2026-07-29T13:05:17+02:00,[37],[15]
2026-07-29T12:55:17+02:00,[38],[14]
2026-07-29T12:46:11+02:00,[37],[16]
2026-07-29T12:15:17+02:00,[37],[14]
2026-07-29T12:05:17+02:00,[37],[13]
2026-07-29T11:45:17+02:00,[38],[13]
2026-07-29T11:05:17+02:00,[37],[13]
2026-07-29T10:35:17+02:00,[37],[12]
2026-07-29T10:25:17+02:00,[37],[17]
2026-07-29T09:55:17+02:00,[37],[13]
2026-07-29T09:05:17+02:00,[37],[15]
2026-07-29T08:55:17+02:00,[37],[13]
2026-07-29T08:35:17+02:00,[37],[12]
2026-07-29T08:25:17+02:00,[37],[15]
2026-07-29T07:45:16+02:00,[37],[16]
2026-07-29T07:35:17+02:00,[37],[13]
2026-07-29T07:15:17+02:00,[37],[15]
2026-07-29T06:55:17+02:00,[37],[14]
2026-07-29T06:45:17+02:00,[37],[12]
2026-07-29T06:05:17+02:00,[38],[14]
2026-07-29T05:55:17+02:00,[38],[14]
2026-07-29T05:45:17+02:00,[37],[13]
2026-07-29T05:35:17+02:00,[37],[15]
2026-07-29T04:55:17+02:00,[37],[15]
2026-07-29T04:25:17+02:00,[38],[15]
2026-07-29T04:15:17+02:00,[37],[15]
2026-07-29T03:25:17+02:00,[37],[14]
2026-07-29T03:15:17+02:00,[37],[13]
2026-07-29T02:55:17+02:00,[37],[13]
2026-07-29T02:25:17+02:00,[37],[15]
2026-07-28T17:15:17+02:00,[37],[12]
2026-07-28T16:45:17+02:00,[37],[13]
2026-07-28T16:15:17+02:00,[37],[15]
2026-07-28T15:05:17+02:00,[37],[16]
2026-07-28T14:45:17+02:00,[37],[13]
2026-07-28T13:55:17+02:00,[37],[15]
2026-07-28T13:45:18+02:00,[38],[15]
2026-07-28T13:35:17+02:00,[37],[15]
2026-07-28T12:25:17+02:00,[37],[15]
2026-07-28T11:35:17+02:00,[37],[15]
2026-07-28T10:35:17+02:00,[38],[15]
2026-07-28T10:05:17+02:00,[37],[14]
2026-07-28T09:55:17+02:00,[37],[15]
2026-07-28T09:05:17+02:00,[38],[15]
2026-07-28T08:55:17+02:00,[37],[14]
2026-07-28T08:45:17+02:00,[37],[15]
2026-07-28T08:25:17+02:00,[37],[16]
2026-07-28T07:45:17+02:00,[37],[17]
2026-07-28T07:25:17+02:00,[37],[15]
2026-07-28T07:05:17+02:00,[37],[17]
2026-07-28T06:55:16+02:00,[38],[15]
2026-07-28T06:35:17+02:00,[37],[15]
2026-07-28T06:25:17+02:00,[37],[12]
2026-07-28T06:15:17+02:00,[37],[16]
2026-07-28T06:05:17+02:00,[37],[17]
2026-07-28T05:45:17+02:00,[37],[16]
2026-07-28T05:35:17+02:00,[37],[18]
2026-07-28T05:15:17+02:00,[38],[17]
2026-07-28T05:05:17+02:00,[37],[16]
2026-07-28T04:35:17+02:00,[38],[14]
2026-07-28T04:15:17+02:00,[37],[16]
2026-07-28T03:35:17+02:00,[37],[15]
2026-07-28T03:25:17+02:00,[37],[14]
2026-07-28T02:15:17+02:00,[37],[15]
2026-07-27T14:15:16+02:00,[37],[18]
2026-07-27T13:45:17+02:00,[38],[19]
2026-07-27T13:25:17+02:00,[38],[15]
2026-07-27T13:15:17+02:00,[37],[15]
2026-07-27T13:05:17+02:00,[37],[15]
2026-07-27T12:35:17+02:00,[37],[12]
2026-07-27T12:25:17+02:00,[37],[15]
2026-07-27T12:15:20+02:00,[37],[14]
2026-07-27T11:45:20+02:00,[37],[16]
2026-07-27T10:24:16+02:00,[37],[18]
2026-07-27T10:14:16+02:00,[38],[18]
2026-07-27T10:04:16+02:00,[37],[15]
2026-07-27T09:44:16+02:00,[37],[18]
2026-07-27T09:34:16+02:00,[37],[13]
2026-07-27T09:24:16+02:00,[37],[17]
2026-07-27T09:14:16+02:00,[37],[15]
2026-07-27T09:04:18+02:00,[37],[18]
2026-07-27T08:57:07+02:00,[38],[13]
2026-07-27T08:07:07+02:00,[37],[12]
2026-07-27T07:47:07+02:00,[37],[14]
2026-07-27T07:27:07+02:00,[37],[14]
2026-07-27T07:07:07+02:00,[37],[12]
2026-07-27T05:37:07+02:00,[37],[13]
2026-07-27T04:27:07+02:00,[37],[14]
2026-07-27T04:07:07+02:00,[37],[14]
2026-07-27T03:57:07+02:00,[37],[13]
2026-07-27T03:47:07+02:00,[37],[15]
2026-07-27T03:17:07+02:00,[37],[14]
2026-07-27T02:57:07+02:00,[37],[15]
2026-07-26T15:57:07+02:00,[38],[14]
2026-07-26T15:47:07+02:00,[37],[12]
2026-07-26T15:37:07+02:00,[37],[11]
2026-07-26T15:17:07+02:00,[38],[9]
2026-07-26T14:47:07+02:00,[37],[13]
2026-07-26T14:07:07+02:00,[37],[14]
2026-07-26T13:07:07+02:00,[37],[11]
2026-07-26T11:57:07+02:00,[37],[14]
2026-07-26T11:37:06+02:00,[37],[12]
2026-07-26T11:27:06+02:00,[37],[13]
2026-07-26T10:37:07+02:00,[37],[14]
2026-07-26T10:07:07+02:00,[37],[13]
2026-07-26T08:07:07+02:00,[38],[13]
2026-07-26T07:57:07+02:00,[37],[12]
2026-07-26T07:37:07+02:00,[38],[13]
2026-07-26T07:27:06+02:00,[38],[15]
2026-07-26T07:17:07+02:00,[37],[13]
2026-07-26T06:37:07+02:00,[37],[12]
2026-07-26T06:27:07+02:00,[37],[13]
2026-07-26T06:17:07+02:00,[37],[13]
2026-07-26T05:47:07+02:00,[37],[12]
2026-07-26T05:37:07+02:00,[38],[15]
2026-07-26T04:57:11+02:00,[37],[11]
2026-07-26T04:27:11+02:00,[38],[13]
2026-07-25T14:07:11+02:00,[37],[13]
2026-07-25T13:47:11+02:00,[37],[10]
2026-07-25T13:37:11+02:00,[37],[11]
2026-07-25T13:07:11+02:00,[38],[16]
2026-07-25T12:37:11+02:00,[37],[14]
2026-07-25T12:27:12+02:00,[37],[14]
2026-07-25T11:37:11+02:00,[37],[12]
2026-07-25T11:17:11+02:00,[37],[13]
2026-07-25T10:47:11+02:00,[37],[13]
2026-07-25T10:37:11+02:00,[38],[14]
2026-07-25T10:17:11+02:00,[37],[16]
2026-07-25T09:57:11+02:00,[37],[16]
2026-07-25T09:47:11+02:00,[38],[13]
2026-07-25T09:27:11+02:00,[37],[15]
2026-07-25T09:07:11+02:00,[37],[15]
2026-07-25T08:17:11+02:00,[38],[17]
2026-07-25T06:57:11+02:00,[38],[13]
2026-07-25T06:17:11+02:00,[37],[15]
2026-07-25T03:57:11+02:00,[37],[8]
2026-07-25T02:47:11+02:00,[37],[14]
2026-07-25T02:37:11+02:00,[37],[13]
2026-07-25T02:27:11+02:00,[37],[13]
2026-07-25T01:57:12+02:00,[37],[14]
2026-07-24T16:07:11+02:00,[37],[12]
2026-07-24T15:57:10+02:00,[38],[13]
2026-07-24T15:47:11+02:00,[37],[9]
2026-07-24T14:47:11+02:00,[37],[13]
2026-07-24T14:07:11+02:00,[38],[13]
2026-07-24T13:37:11+02:00,[37],[13]
2026-07-24T13:27:11+02:00,[38],[13]
2026-07-24T13:07:12+02:00,[37],[13]
2026-07-24T12:47:11+02:00,[37],[13]
2026-07-24T12:17:10+02:00,[38],[12]
2026-07-24T10:47:11+02:00,[37],[13]
2026-07-24T09:07:11+02:00,[38],[13]
2026-07-24T08:47:11+02:00,[38],[14]
2026-07-24T07:57:11+02:00,[37],[14]
2026-07-24T07:47:11+02:00,[37],[14]
2026-07-24T06:47:11+02:00,[38],[15]
2026-07-24T06:27:11+02:00,[37],[16]
2026-07-24T05:57:10+02:00,[37],[16]
2026-07-24T05:47:11+02:00,[37],[15]
2026-07-24T05:37:11+02:00,[37],[14]
2026-07-24T05:07:11+02:00,[37],[13]
2026-07-24T04:47:11+02:00,[37],[13]
2026-07-24T04:37:11+02:00,[37],[14]
2026-07-24T04:07:11+02:00,[37],[12]
2026-07-24T03:57:11+02:00,[37],[13]
2026-07-24T03:47:11+02:00,[37],[14]
2026-07-24T03:07:11+02:00,[37],[14]
2026-07-24T02:57:11+02:00,[37],[14]
2026-07-24T02:37:11+02:00,[37],[14]
2026-07-24T02:27:12+02:00,[37],[14]
2026-07-24T02:17:11+02:00,[38],[15]
2026-07-23T15:37:12+02:00,[37],[15]
2026-07-23T15:27:11+02:00,[38],[14]
2026-07-23T15:17:11+02:00,[37],[13]
2026-07-23T13:57:11+02:00,[38],[14]
2026-07-23T13:27:11+02:00,[38],[12]
2026-07-23T12:57:11+02:00,[37],[14]
2026-07-23T12:47:11+02:00,[37],[14]
2026-07-23T12:37:12+02:00,[37],[12]
2026-07-23T11:57:11+02:00,[37],[12]
2026-07-23T11:47:11+02:00,[37],[13]
2026-07-23T11:27:11+02:00,[37],[12]
2026-07-23T11:17:11+02:00,[37],[12]
2026-07-23T10:17:11+02:00,[37],[13]
2026-07-23T10:07:10+02:00,[37],[14]
2026-07-23T09:27:11+02:00,[37],[14]
2026-07-23T09:07:11+02:00,[37],[13]
2026-07-23T08:47:11+02:00,[37],[12]
2026-07-23T08:07:11+02:00,[37],[15]
2026-07-23T07:37:11+02:00,[38],[14]
2026-07-23T07:17:11+02:00,[38],[15]
2026-07-23T06:47:11+02:00,[37],[14]
2026-07-23T06:37:11+02:00,[37],[14]
2026-07-23T06:27:11+02:00,[37],[13]
2026-07-23T06:17:11+02:00,[37],[14]
2026-07-23T06:07:10+02:00,[38],[12]
2026-07-23T05:47:11+02:00,[37],[14]
2026-07-23T05:27:11+02:00,[37],[13]
2026-07-23T05:17:11+02:00,[38],[11]
2026-07-23T04:37:11+02:00,[38],[13]
2026-07-23T04:07:11+02:00,[37],[14]
2026-07-23T03:57:11+02:00,[37],[11]
2026-07-23T02:47:11+02:00,[38],[15]
2026-07-23T02:37:11+02:00,[37],[14]
2026-07-23T02:27:11+02:00,[37],[15]
2026-07-23T02:17:10+02:00,[37],[13]
2026-07-22T14:57:11+02:00,[37],[15]
2026-07-22T14:07:11+02:00,[37],[10]
2026-07-22T13:47:11+02:00,[38],[14]
2026-07-22T13:37:11+02:00,[37],[13]
2026-07-22T12:57:11+02:00,[37],[14]
2026-07-22T12:37:11+02:00,[37],[12]
2026-07-22T12:27:11+02:00,[37],[14]
2026-07-22T12:17:11+02:00,[37],[14]
2026-07-22T11:47:11+02:00,[37],[15]
2026-07-22T11:27:11+02:00,[37],[15]
2026-07-22T10:57:10+02:00,[38],[15]
2026-07-22T10:37:11+02:00,[37],[14]
2026-07-22T10:17:11+02:00,[37],[13]
2026-07-22T10:07:11+02:00,[37],[15]
2026-07-22T09:37:11+02:00,[37],[7]
2026-07-22T09:17:11+02:00,[37],[13]
2026-07-22T08:37:11+02:00,[37],[14]
2026-07-22T08:07:11+02:00,[37],[15]
2026-07-22T07:47:11+02:00,[37],[15]
2026-07-22T07:27:11+02:00,[37],[13]
2026-07-22T05:47:11+02:00,[37],[13]
2026-07-22T05:37:11+02:00,[37],[14]
2026-07-22T05:17:11+02:00,[37],[14]
2026-07-22T04:37:11+02:00,[37],[13]
2026-07-22T04:17:11+02:00,[37],[14]
2026-07-22T04:07:11+02:00,[37],[13]
2026-07-22T03:57:11+02:00,[37],[13]
2026-07-22T03:17:11+02:00,[37],[13]
2026-07-22T02:17:11+02:00,[37],[11]
2026-07-22T02:07:11+02:00,[37],[12]
2026-07-21T17:17:12+02:00,[37],[11]
2026-07-21T16:57:11+02:00,[37],[11]
2026-07-21T16:37:11+02:00,[37],[13]
2026-07-21T16:27:10+02:00,[38],[13]
2026-07-21T15:47:11+02:00,[38],[13]
2026-07-21T15:27:10+02:00,[37],[12]
2026-07-21T14:37:10+02:00,[37],[14]
2026-07-21T14:27:10+02:00,[37],[13]
2026-07-21T13:17:10+02:00,[38],[14]
2026-07-21T12:57:11+02:00,[37],[12]
2026-07-21T12:37:11+02:00,[38],[14]
2026-07-21T12:17:11+02:00,[37],[13]
2026-07-21T11:57:11+02:00,[37],[13]
2026-07-21T11:37:14+02:00,[37],[13]
2026-07-21T10:37:14+02:00,[37],[14]
2026-07-21T09:07:14+02:00,[37],[14]
2026-07-21T08:27:14+02:00,[37],[14]
2026-07-21T08:07:14+02:00,[37],[14]
2026-07-21T07:47:14+02:00,[37],[16]
2026-07-21T07:07:14+02:00,[38],[13]
2026-07-21T06:57:14+02:00,[37],[11]
2026-07-21T06:07:14+02:00,[37],[13]
2026-07-21T05:47:14+02:00,[37],[15]
2026-07-21T05:37:14+02:00,[37],[13]
2026-07-21T05:27:14+02:00,[37],[17]
2026-07-21T05:17:15+02:00,[37],[19]
2026-07-21T04:37:14+02:00,[37],[13]
2026-07-21T03:17:14+02:00,[37],[17]
2026-07-21T02:57:14+02:00,[38],[15]
2026-07-21T02:47:14+02:00,[37],[12]
2026-07-21T02:17:14+02:00,[37],[13]
2026-07-21T01:37:13+02:00,[37],[20]
2026-07-20T15:37:14+02:00,[38],[13]
2026-07-20T15:27:14+02:00,[37],[15]
2026-07-20T15:07:14+02:00,[37],[16]
2026-07-20T14:37:14+02:00,[37],[16]
2026-07-20T14:27:13+02:00,[37],[15]
2026-07-20T14:07:14+02:00,[37],[15]
2026-07-20T13:47:14+02:00,[37],[15]
2026-07-20T13:37:14+02:00,[37],[10]
2026-07-20T12:37:14+02:00,[37],[12]
2026-07-20T12:17:14+02:00,[37],[13]
2026-07-20T11:57:14+02:00,[37],[14]
2026-07-20T11:37:14+02:00,[37],[15]
2026-07-20T10:27:14+02:00,[38],[15]
2026-07-20T10:17:14+02:00,[37],[15]
2026-07-20T09:47:14+02:00,[38],[15]
2026-07-20T09:37:14+02:00,[37],[15]
2026-07-20T09:27:14+02:00,[37],[12]
2026-07-20T09:17:14+02:00,[38],[14]
2026-07-20T09:07:14+02:00,[37],[15]
2026-07-20T08:57:14+02:00,[38],[15]
2026-07-20T07:57:15+02:00,[37],[12]
2026-07-20T07:07:14+02:00,[38],[15]
2026-07-20T06:37:14+02:00,[37],[14]
2026-07-20T06:17:14+02:00,[37],[15]
2026-07-20T06:07:15+02:00,[37],[14]
2026-07-20T05:57:14+02:00,[37],[14]
2026-07-20T05:37:14+02:00,[37],[15]
2026-07-20T05:17:14+02:00,[37],[15]
2026-07-20T05:07:14+02:00,[37],[15]
2026-07-20T04:21:14+02:00,[37],[16]
2026-07-20T04:07:14+02:00,[37],[13]
2026-07-20T03:57:14+02:00,[37],[15]
2026-07-20T03:47:13+02:00,[38],[14]
2026-07-20T03:17:15+02:00,[37],[14]
2026-07-20T02:57:14+02:00,[37],[14]
2026-07-20T02:47:14+02:00,[38],[15]
2026-07-20T02:37:14+02:00,[37],[12]
2026-07-20T02:27:14+02:00,[37],[14]
2026-07-20T02:07:14+02:00,[38],[13]
2026-07-20T01:57:14+02:00,[37],[15]
2026-07-20T01:47:14+02:00,[37],[13]
2026-07-20T01:17:14+02:00,[38],[13]
2026-07-19T16:07:14+02:00,[38],[16]
2026-07-19T15:27:14+02:00,[37],[14]
2026-07-19T14:17:14+02:00,[37],[13]
2026-07-19T13:57:14+02:00,[37],[13]
2026-07-19T13:27:14+02:00,[37],[13]
2026-07-19T12:47:13+02:00,[37],[15]
2026-07-19T11:27:14+02:00,[37],[15]
2026-07-19T10:47:14+02:00,[37],[13]
2026-07-19T09:57:14+02:00,[38],[16]
2026-07-19T09:47:13+02:00,[38],[15]
2026-07-19T09:17:13+02:00,[37],[16]
2026-07-19T08:57:14+02:00,[37],[10]
2026-07-19T08:47:14+02:00,[38],[14]
2026-07-19T08:17:14+02:00,[37],[15]
2026-07-19T08:07:15+02:00,[37],[11]
2026-07-19T07:27:14+02:00,[38],[14]
2026-07-19T06:57:13+02:00,[38],[12]
2026-07-19T06:27:14+02:00,[38],[15]
2026-07-19T06:17:14+02:00,[37],[12]
2026-07-18T14:57:14+02:00,[37],[13]
2026-07-18T14:47:14+02:00,[37],[14]
2026-07-18T14:37:14+02:00,[37],[14]
2026-07-18T14:07:14+02:00,[37],[14]
2026-07-18T13:57:14+02:00,[37],[12]
2026-07-18T13:47:14+02:00,[37],[13]
2026-07-18T12:57:13+02:00,[38],[11]
2026-07-18T12:37:14+02:00,[38],[14]
2026-07-18T11:37:17+02:00,[38],[11]
2026-07-18T11:07:17+02:00,[37],[10]
2026-07-18T10:57:17+02:00,[37],[14]
2026-07-18T10:47:17+02:00,[37],[10]
2026-07-18T10:37:17+02:00,[37],[12]
2026-07-18T10:17:17+02:00,[38],[10]
2026-07-18T10:07:17+02:00,[37],[9]
2026-07-18T09:57:17+02:00,[37],[12]
2026-07-18T09:37:17+02:00,[38],[14]
2026-07-18T09:07:17+02:00,[38],[13]
2026-07-18T08:47:17+02:00,[37],[15]
2026-07-18T08:17:16+02:00,[37],[15]
2026-07-18T08:07:17+02:00,[37],[13]
2026-07-18T07:47:17+02:00,[37],[14]
2026-07-18T07:27:17+02:00,[38],[14]
2026-07-18T07:07:17+02:00,[38],[14]
2026-07-18T06:47:17+02:00,[37],[13]
2026-07-18T06:27:17+02:00,[37],[13]
2026-07-18T05:57:17+02:00,[37],[16]
2026-07-18T05:47:17+02:00,[37],[14]
2026-07-18T04:57:17+02:00,[37],[11]
2026-07-18T04:47:17+02:00,[37],[13]
2026-07-18T04:37:17+02:00,[38],[12]
2026-07-18T04:07:17+02:00,[38],[14]
2026-07-18T03:17:17+02:00,[37],[13]
2026-07-18T02:47:16+02:00,[38],[15]
2026-07-18T01:27:17+02:00,[37],[12]
2026-07-18T01:17:17+02:00,[37],[13]
2026-07-18T00:37:17+02:00,[37],[15]
2026-07-18T00:17:16+02:00,[38],[13]
2026-07-17T17:07:16+02:00,[37],[12]
2026-07-17T16:57:17+02:00,[37],[13]
2026-07-17T15:57:17+02:00,[37],[10]
2026-07-17T15:37:17+02:00,[37],[13]
2026-07-17T15:27:17+02:00,[37],[13]
2026-07-17T14:57:16+02:00,[37],[15]
2026-07-17T14:27:17+02:00,[37],[14]
2026-07-17T13:47:17+02:00,[37],[15]
2026-07-17T13:37:16+02:00,[37],[13]
2026-07-17T13:27:16+02:00,[38],[12]
2026-07-17T12:47:16+02:00,[37],[14]
2026-07-17T12:27:17+02:00,[37],[13]
2026-07-17T11:57:17+02:00,[38],[11]
2026-07-17T11:47:17+02:00,[37],[13]
2026-07-17T11:37:17+02:00,[37],[11]
2026-07-17T11:27:17+02:00,[38],[15]
2026-07-17T11:17:16+02:00,[37],[14]
2026-07-17T11:07:16+02:00,[37],[12]
2026-07-17T10:57:17+02:00,[37],[12]
2026-07-17T10:07:17+02:00,[37],[12]
2026-07-17T09:47:17+02:00,[37],[11]
2026-07-17T02:07:17+02:00,[38],[13]
2026-07-16T16:17:17+02:00,[37],[13]
2026-07-16T15:57:17+02:00,[37],[11]
2026-07-16T15:37:17+02:00,[37],[16]
2026-07-16T15:27:17+02:00,[37],[14]
2026-07-16T15:07:17+02:00,[37],[14]
2026-07-16T13:37:17+02:00,[37],[13]
2026-07-16T13:27:17+02:00,[37],[15]
2026-07-16T12:47:17+02:00,[37],[15]
2026-07-16T10:37:17+02:00,[37],[15]
2026-07-16T10:07:17+02:00,[37],[16]
2026-07-16T09:37:16+02:00,[38],[16]
2026-07-16T09:17:17+02:00,[37],[14]
2026-07-16T09:07:17+02:00,[38],[14]
2026-07-16T08:47:17+02:00,[37],[13]
2026-07-16T08:37:16+02:00,[37],[15]
2026-07-16T08:17:17+02:00,[38],[13]
2026-07-16T08:07:17+02:00,[38],[13]
2026-07-16T07:37:17+02:00,[38],[16]
2026-07-16T06:17:17+02:00,[37],[14]
2026-07-16T05:37:17+02:00,[37],[16]
2026-07-16T04:47:17+02:00,[37],[17]
2026-07-16T04:27:16+02:00,[37],[16]
2026-07-16T04:17:17+02:00,[37],[17]
2026-07-16T04:07:17+02:00,[37],[16]
2026-07-16T03:47:17+02:00,[37],[15]
2026-07-16T03:37:17+02:00,[38],[17]
2026-07-16T03:27:17+02:00,[37],[15]
2026-07-16T02:57:17+02:00,[37],[15]
2026-07-16T02:37:27+02:00,[37],[16]
2026-07-16T02:17:17+02:00,[37],[17]
2026-07-16T02:07:17+02:00,[37],[17]
2026-07-16T01:47:17+02:00,[37],[16]
2026-07-16T01:37:17+02:00,[38],[13]
2026-07-16T01:17:17+02:00,[37],[13]
2026-07-16T00:37:17+02:00,[37],[15]
2026-07-15T23:37:17+02:00,[37],[13]
2026-07-15T23:27:17+02:00,[37],[15]
2026-07-15T23:17:17+02:00,[37],[14]
2026-07-15T22:57:17+02:00,[38],[14]
2026-07-15T22:37:17+02:00,[37],[15]
2026-07-15T22:17:17+02:00,[37],[14]
2026-07-15T21:37:17+02:00,[38],[13]
2026-07-15T20:57:18+02:00,[37],[14]
2026-07-15T16:07:17+02:00,[37],[16]
2026-07-15T15:57:16+02:00,[37],[15]
2026-07-15T14:47:20+02:00,[38],[14]
2026-07-15T14:37:20+02:00,[37],[14]
2026-07-15T14:27:20+02:00,[37],[14]
2026-07-15T14:17:19+02:00,[37],[13]
2026-07-15T14:07:59+02:00,[37],[14]
2026-07-15T13:57:21+02:00,[37],[13]
2026-07-15T13:37:20+02:00,[37],[14]
2026-07-15T12:57:20+02:00,[37],[13]
2026-07-15T12:47:19+02:00,[38],[13]
2026-07-15T12:37:20+02:00,[37],[14]
2026-07-15T11:47:20+02:00,[37],[16]
2026-07-15T11:37:21+02:00,[37],[16]
2026-07-15T11:27:20+02:00,[38],[14]
2026-07-15T10:57:20+02:00,[38],[13]
2026-07-15T08:47:20+02:00,[37],[14]
2026-07-15T08:37:20+02:00,[37],[16]
2026-07-15T06:17:20+02:00,[37],[11]
2026-07-15T05:47:20+02:00,[37],[15]
2026-07-15T05:37:20+02:00,[37],[13]
2026-07-15T05:27:20+02:00,[38],[12]
2026-07-15T04:47:20+02:00,[37],[14]
2026-07-15T02:57:20+02:00,[38],[11]
2026-07-14T16:07:19+02:00,[38],[14]
2026-07-14T15:47:20+02:00,[37],[14]
2026-07-14T15:37:20+02:00,[38],[13]
2026-07-14T15:17:20+02:00,[37],[14]
2026-07-14T13:17:20+02:00,[37],[13]
2026-07-14T13:07:20+02:00,[38],[13]
2026-07-14T12:57:19+02:00,[37],[12]
2026-07-14T12:47:19+02:00,[38],[12]
2026-07-14T12:07:19+02:00,[38],[14]
2026-07-14T11:37:20+02:00,[38],[9]
2026-07-14T11:17:20+02:00,[37],[14]
2026-07-14T10:47:20+02:00,[37],[12]
2026-07-14T10:27:20+02:00,[38],[11]
2026-07-14T08:17:19+02:00,[37],[13]
2026-07-14T07:57:20+02:00,[37],[15]
2026-07-14T07:47:20+02:00,[37],[13]
2026-07-14T07:27:20+02:00,[37],[13]
2026-07-14T07:17:20+02:00,[37],[13]
2026-07-14T07:07:20+02:00,[37],[13]
2026-07-14T06:47:20+02:00,[37],[15]
2026-07-14T06:37:20+02:00,[38],[13]
2026-07-14T05:57:20+02:00,[37],[11]
2026-07-14T05:47:20+02:00,[37],[14]
2026-07-14T05:37:20+02:00,[37],[11]
2026-07-14T04:37:20+02:00,[38],[13]
2026-07-14T03:27:21+02:00,[37],[14]
2026-07-14T03:17:19+02:00,[37],[13]
2026-07-13T16:37:20+02:00,[37],[10]
2026-07-13T16:17:20+02:00,[37],[13]
2026-07-13T15:47:20+02:00,[37],[9]
2026-07-13T15:17:20+02:00,[37],[11]
2026-07-13T14:47:21+02:00,[37],[13]
2026-07-13T14:37:19+02:00,[38],[13]
2026-07-13T12:57:20+02:00,[37],[12]
2026-07-13T12:47:20+02:00,[37],[14]
2026-07-13T12:37:20+02:00,[38],[12]
2026-07-13T12:27:20+02:00,[37],[13]
2026-07-13T11:47:19+02:00,[38],[13]
2026-07-13T11:37:20+02:00,[37],[15]
2026-07-13T11:27:19+02:00,[37],[13]
2026-07-13T11:17:19+02:00,[37],[13]
2026-07-13T10:47:20+02:00,[38],[15]
2026-07-13T10:37:20+02:00,[37],[13]
2026-07-13T10:07:20+02:00,[37],[15]
2026-07-13T08:27:20+02:00,[37],[15]
2026-07-13T07:37:20+02:00,[37],[15]
2026-07-13T07:17:20+02:00,[37],[11]
2026-07-13T07:07:20+02:00,[37],[16]
2026-07-13T06:47:23+02:00,[37],[14]
2026-07-13T06:27:23+02:00,[37],[13]
2026-07-13T06:17:23+02:00,[37],[15]
2026-07-13T06:07:23+02:00,[38],[15]
2026-07-13T05:57:23+02:00,[37],[14]
2026-07-13T05:47:23+02:00,[38],[15]
2026-07-13T05:37:23+02:00,[37],[14]
2026-07-13T05:27:23+02:00,[37],[15]
2026-07-13T05:17:23+02:00,[38],[13]
2026-07-13T05:07:24+02:00,[37],[16]
2026-07-13T04:07:23+02:00,[37],[16]
2026-07-13T03:27:23+02:00,[37],[13]
2026-07-12T14:17:22+02:00,[38],[13]
2026-07-12T13:37:23+02:00,[37],[14]
2026-07-12T13:27:58+02:00,[37],[15]
2026-07-12T13:07:22+02:00,[37],[14]
2026-07-12T12:57:23+02:00,[37],[14]
2026-07-12T12:47:23+02:00,[37],[15]
2026-07-12T12:07:23+02:00,[37],[15]
2026-07-12T11:57:23+02:00,[37],[12]
2026-07-12T11:47:27+02:00,[37],[15]
2026-07-12T11:37:23+02:00,[37],[15]
2026-07-12T10:27:23+02:00,[37],[10]
2026-07-12T09:37:23+02:00,[37],[13]
2026-07-12T09:17:23+02:00,[38],[15]
2026-07-12T08:17:23+02:00,[37],[15]
2026-07-12T08:07:23+02:00,[38],[13]
2026-07-12T07:17:22+02:00,[37],[15]
2026-07-12T07:09:04+02:00,[37],[14]
2026-07-12T06:37:23+02:00,[38],[14]
2026-07-12T06:27:23+02:00,[37],[15]
2026-07-12T05:47:23+02:00,[37],[12]
2026-07-12T05:17:23+02:00,[37],[13]
2026-07-12T05:07:23+02:00,[38],[15]
2026-07-12T04:37:23+02:00,[37],[14]
2026-07-12T04:07:23+02:00,[38],[14]
2026-07-12T03:27:23+02:00,[37],[14]
2026-07-12T03:17:23+02:00,[38],[12]
2026-07-12T02:47:23+02:00,[38],[14]
2026-07-12T02:37:22+02:00,[37],[15]
2026-07-12T02:17:23+02:00,[38],[13]
2026-07-12T01:27:23+02:00,[38],[15]
2026-07-12T00:27:23+02:00,[37],[14]
2026-07-11T23:27:24+02:00,[37],[15]
2026-07-11T23:17:23+02:00,[37],[14]
2026-07-11T15:37:22+02:00,[37],[16]
2026-07-11T15:27:22+02:00,[37],[14]
2026-07-11T15:17:23+02:00,[37],[15]
2026-07-11T14:57:23+02:00,[37],[17]
2026-07-11T14:27:23+02:00,[37],[16]
2026-07-11T13:27:23+02:00,[37],[16]
2026-07-11T13:07:23+02:00,[37],[16]
2026-07-11T12:57:24+02:00,[37],[17]
2026-07-11T12:47:23+02:00,[38],[14]
2026-07-11T12:37:22+02:00,[37],[16]
2026-07-11T12:07:23+02:00,[38],[17]
2026-07-11T11:57:23+02:00,[37],[16]
2026-07-11T10:47:23+02:00,[37],[17]
2026-07-11T10:07:23+02:00,[38],[17]
2026-07-11T09:47:23+02:00,[37],[16]
2026-07-11T09:27:23+02:00,[37],[12]
2026-07-11T09:17:23+02:00,[38],[19]
2026-07-11T09:07:24+02:00,[37],[17]
2026-07-11T08:47:23+02:00,[38],[18]
2026-07-11T08:27:23+02:00,[37],[16]
2026-07-11T07:37:23+02:00,[38],[14]
2026-07-11T07:17:23+02:00,[38],[16]
2026-07-11T07:07:23+02:00,[37],[15]
2026-07-11T06:57:23+02:00,[37],[15]
2026-07-11T06:47:23+02:00,[37],[17]
2026-07-11T06:17:22+02:00,[37],[13]
2026-07-11T06:07:23+02:00,[38],[16]
2026-07-11T05:57:23+02:00,[37],[13]
2026-07-11T05:37:22+02:00,[37],[16]
2026-07-11T05:27:23+02:00,[37],[15]
2026-07-11T05:17:23+02:00,[37],[14]
2026-07-11T04:57:23+02:00,[37],[13]
2026-07-11T04:17:22+02:00,[37],[16]
2026-07-10T14:27:26+02:00,[37],[15]
2026-07-10T13:57:26+02:00,[37],[16]
2026-07-10T13:37:26+02:00,[37],[15]
2026-07-10T13:27:26+02:00,[38],[17]
2026-07-10T13:07:26+02:00,[37],[16]
2026-07-10T12:47:25+02:00,[37],[18]
2026-07-10T12:37:26+02:00,[38],[15]
2026-07-10T12:27:26+02:00,[38],[16]
2026-07-10T12:07:25+02:00,[37],[18]
2026-07-10T11:57:26+02:00,[38],[18]
2026-07-10T11:17:26+02:00,[38],[17]
2026-07-10T10:47:26+02:00,[37],[17]
2026-07-10T10:27:26+02:00,[37],[16]
2026-07-10T10:17:26+02:00,[37],[17]
2026-07-10T10:07:26+02:00,[38],[14]
2026-07-10T09:47:26+02:00,[37],[14]
2026-07-10T09:07:26+02:00,[38],[14]
2026-07-10T08:27:27+02:00,[37],[12]
2026-07-10T07:47:26+02:00,[37],[13]
2026-07-10T07:07:26+02:00,[37],[14]
2026-07-10T06:47:26+02:00,[38],[14]
2026-07-10T06:37:26+02:00,[37],[17]
2026-07-10T06:07:26+02:00,[37],[17]
2026-07-10T05:37:26+02:00,[37],[15]
2026-07-10T05:07:26+02:00,[37],[20]
2026-07-10T04:47:26+02:00,[38],[12]
2026-07-10T04:37:26+02:00,[38],[17]
2026-07-10T04:07:26+02:00,[37],[16]
2026-07-10T03:07:26+02:00,[37],[16]
2026-07-10T02:37:26+02:00,[38],[17]
2026-07-10T02:17:25+02:00,[37],[20]
2026-07-10T02:16:04+02:00,[37],[16]
2026-07-10T01:47:30+02:00,[38],[16]
2026-07-09T16:37:25+02:00,[38],[15]
2026-07-09T16:27:26+02:00,[37],[17]
2026-07-09T16:07:26+02:00,[38],[19]
2026-07-09T15:57:26+02:00,[37],[12]
2026-07-09T15:47:26+02:00,[37],[16]
2026-07-09T15:37:26+02:00,[37],[16]
2026-07-09T14:37:26+02:00,[37],[11]
2026-07-09T14:17:26+02:00,[37],[17]
2026-07-09T13:57:26+02:00,[37],[13]
2026-07-09T13:47:26+02:00,[37],[13]
2026-07-09T13:37:26+02:00,[37],[15]
2026-07-09T13:27:26+02:00,[37],[13]
2026-07-09T13:07:26+02:00,[37],[14]
2026-07-09T12:57:26+02:00,[37],[15]
2026-07-09T11:57:26+02:00,[38],[13]
2026-07-09T10:47:26+02:00,[37],[14]
2026-07-09T10:27:26+02:00,[37],[14]
2026-07-09T10:17:26+02:00,[37],[15]
2026-07-09T10:07:26+02:00,[37],[14]
2026-07-09T09:37:27+02:00,[37],[14]
2026-07-09T09:27:25+02:00,[38],[13]
2026-07-09T08:57:26+02:00,[38],[14]
2026-07-09T08:47:26+02:00,[37],[10]
2026-07-09T08:27:26+02:00,[37],[14]
2026-07-09T07:57:26+02:00,[37],[13]
2026-07-09T07:27:26+02:00,[38],[15]
2026-07-09T06:47:26+02:00,[37],[13]
2026-07-09T06:37:26+02:00,[38],[12]
2026-07-09T06:07:26+02:00,[37],[14]
2026-07-09T05:57:26+02:00,[37],[12]
2026-07-09T04:57:26+02:00,[37],[13]
2026-07-09T04:37:26+02:00,[37],[14]
2026-07-09T04:27:27+02:00,[37],[14]
2026-07-09T04:07:26+02:00,[37],[15]
2026-07-09T03:27:26+02:00,[37],[15]
2026-07-09T03:07:27+02:00,[37],[16]
2026-07-09T02:47:26+02:00,[37],[12]
2026-07-08T14:07:26+02:00,[37],[13]
2026-07-08T13:27:25+02:00,[38],[16]
2026-07-08T13:07:26+02:00,[38],[13]
2026-07-08T12:37:26+02:00,[37],[13]
2026-07-08T12:07:26+02:00,[37],[15]
2026-07-08T11:27:26+02:00,[38],[15]
2026-07-08T11:17:26+02:00,[38],[14]
2026-07-08T10:47:25+02:00,[38],[13]
2026-07-08T10:27:26+02:00,[37],[13]
2026-07-08T09:57:26+02:00,[38],[13]
2026-07-08T09:47:26+02:00,[37],[13]
2026-07-08T09:37:26+02:00,[37],[15]
2026-07-08T09:27:26+02:00,[37],[14]
2026-07-08T07:47:26+02:00,[37],[13]
2026-07-08T07:27:26+02:00,[37],[14]
2026-07-08T07:17:26+02:00,[37],[13]
2026-07-08T06:07:26+02:00,[37],[14]
2026-07-08T05:47:26+02:00,[37],[15]
2026-07-08T04:37:57+02:00,[6],[15]
2026-07-08T04:27:26+02:00,[37],[13]
2026-07-08T03:57:26+02:00,[37],[13]
2026-07-08T03:07:26+02:00,[37],[9]
2026-07-08T02:57:26+02:00,[38],[14]
2026-07-08T02:37:26+02:00,[37],[14]
2026-07-08T02:27:26+02:00,[37],[14]
2026-07-07T17:47:29+02:00,[38],[10]
2026-07-07T17:37:29+02:00,[37],[15]
2026-07-07T17:07:29+02:00,[37],[14]
2026-07-07T16:57:29+02:00,[37],[13]
2026-07-07T16:37:29+02:00,[37],[12]
2026-07-07T16:27:29+02:00,[37],[12]
2026-07-07T16:07:28+02:00,[37],[15]
2026-07-07T15:17:28+02:00,[37],[13]
2026-07-07T14:47:28+02:00,[38],[12]
2026-07-07T14:37:28+02:00,[37],[14]
2026-07-07T13:27:28+02:00,[37],[13]
2026-07-07T13:17:29+02:00,[37],[13]
2026-07-07T13:07:29+02:00,[37],[12]
2026-07-07T12:57:29+02:00,[37],[14]
2026-07-07T12:47:28+02:00,[38],[12]
2026-07-07T12:37:29+02:00,[38],[14]
2026-07-07T12:07:29+02:00,[38],[13]
2026-07-07T11:17:29+02:00,[37],[13]
2026-07-07T10:47:29+02:00,[37],[12]
2026-07-07T10:37:29+02:00,[38],[12]
2026-07-07T10:27:29+02:00,[37],[12]
2026-07-07T10:07:29+02:00,[37],[13]
2026-07-07T09:57:29+02:00,[37],[13]
2026-07-07T09:17:29+02:00,[37],[9]
2026-07-07T08:57:29+02:00,[37],[14]
2026-07-07T08:47:29+02:00,[37],[14]
2026-07-07T06:47:29+02:00,[37],[14]
2026-07-07T06:07:29+02:00,[37],[14]
2026-07-07T05:57:29+02:00,[38],[15]
2026-07-07T04:57:29+02:00,[37],[16]
2026-07-07T04:47:30+02:00,[37],[15]
2026-07-07T04:27:29+02:00,[37],[13]
2026-07-07T04:17:30+02:00,[37],[12]
2026-07-07T03:57:29+02:00,[37],[14]
2026-07-07T03:27:29+02:00,[37],[12]
2026-07-07T02:47:29+02:00,[37],[14]
2026-07-06T15:17:29+02:00,[38],[13]
2026-07-06T15:07:29+02:00,[37],[13]
2026-07-06T14:17:29+02:00,[37],[13]
2026-07-06T13:17:29+02:00,[38],[13]
2026-07-06T12:57:29+02:00,[37],[12]
2026-07-06T12:27:29+02:00,[37],[12]
2026-07-06T11:37:29+02:00,[37],[12]
2026-07-06T10:57:29+02:00,[37],[16]
2026-07-06T10:37:29+02:00,[38],[14]
2026-07-06T09:47:29+02:00,[37],[11]
2026-07-06T08:27:29+02:00,[37],[13]
2026-07-06T07:27:29+02:00,[37],[14]
2026-07-06T06:57:29+02:00,[37],[15]
2026-07-06T06:37:29+02:00,[37],[9]
2026-07-06T06:27:28+02:00,[37],[15]
2026-07-06T05:57:29+02:00,[37],[14]
2026-07-06T05:07:29+02:00,[37],[14]
2026-07-06T04:57:29+02:00,[37],[15]
2026-07-06T04:27:28+02:00,[38],[15]
2026-07-06T04:17:29+02:00,[38],[15]
2026-07-06T03:57:29+02:00,[37],[14]
2026-07-06T02:57:29+02:00,[38],[14]
2026-07-06T02:47:29+02:00,[38],[16]
2026-07-06T02:17:29+02:00,[38],[15]
2026-07-06T01:57:40+02:00,[25],[15]
2026-07-06T01:47:29+02:00,[38],[14]
2026-07-05T16:27:29+02:00,[37],[11]
2026-07-05T16:17:29+02:00,[37],[12]
2026-07-05T16:07:29+02:00,[38],[15]
2026-07-05T15:47:29+02:00,[37],[11]
2026-07-05T15:27:29+02:00,[37],[13]
2026-07-05T15:07:29+02:00,[37],[10]
2026-07-05T14:27:28+02:00,[38],[15]
2026-07-05T14:17:29+02:00,[37],[15]
2026-07-05T12:57:29+02:00,[37],[14]
2026-07-05T12:37:29+02:00,[37],[14]
2026-07-05T11:37:29+02:00,[37],[16]
2026-07-05T11:17:29+02:00,[38],[13]
2026-07-05T10:37:29+02:00,[37],[15]
2026-07-05T10:17:29+02:00,[37],[15]
2026-07-05T09:47:29+02:00,[37],[12]
2026-07-05T09:37:28+02:00,[37],[14]
2026-07-05T09:17:29+02:00,[38],[16]
2026-07-05T08:27:29+02:00,[37],[14]
2026-07-04T11:47:32+02:00,[37],[12]
2026-07-04T11:37:32+02:00,[37],[14]
2026-07-04T10:07:31+02:00,[37],[13]
2026-07-04T09:57:32+02:00,[37],[12]
2026-07-04T09:37:31+02:00,[37],[12]
2026-07-04T09:27:32+02:00,[38],[12]
2026-07-04T08:57:32+02:00,[37],[13]
2026-07-04T08:27:32+02:00,[38],[14]
2026-07-04T07:57:31+02:00,[37],[14]
2026-07-04T07:37:32+02:00,[37],[14]
2026-07-04T06:47:32+02:00,[38],[13]
2026-07-04T06:37:32+02:00,[37],[15]
2026-07-04T06:07:32+02:00,[37],[13]
2026-07-04T05:57:32+02:00,[37],[15]
2026-07-04T05:37:31+02:00,[37],[14]
2026-07-04T05:27:31+02:00,[37],[12]
2026-07-04T04:47:32+02:00,[37],[14]
2026-07-04T04:17:32+02:00,[37],[12]
2026-07-04T04:07:32+02:00,[37],[14]
2026-07-04T03:57:32+02:00,[37],[13]
2026-07-04T03:47:32+02:00,[37],[13]
2026-07-04T03:37:32+02:00,[37],[13]
2026-07-03T18:17:32+02:00,[37],[13]
2026-07-03T17:27:32+02:00,[37],[14]
2026-07-03T17:17:32+02:00,[38],[15]
2026-07-03T17:07:32+02:00,[37],[14]
2026-07-03T16:57:32+02:00,[38],[15]
2026-07-03T16:27:32+02:00,[37],[14]
2026-07-03T15:57:32+02:00,[37],[15]
2026-07-03T15:37:31+02:00,[38],[14]
2026-07-03T15:17:32+02:00,[37],[15]
2026-07-03T15:07:32+02:00,[37],[14]
2026-07-03T14:57:32+02:00,[37],[13]
2026-07-03T14:47:32+02:00,[37],[12]
2026-07-03T14:37:32+02:00,[37],[14]
2026-07-03T13:57:32+02:00,[38],[15]
2026-07-03T13:47:32+02:00,[37],[14]
2026-07-03T13:37:32+02:00,[37],[12]
2026-07-03T13:27:32+02:00,[37],[14]
2026-07-03T12:47:32+02:00,[37],[14]
2026-07-03T12:27:32+02:00,[37],[13]
2026-07-03T12:17:32+02:00,[38],[15]
2026-07-03T11:27:32+02:00,[38],[14]
2026-07-03T10:47:32+02:00,[37],[13]
2026-07-03T10:07:32+02:00,[38],[13]
2026-07-03T09:57:32+02:00,[37],[14]
2026-07-03T09:37:32+02:00,[37],[13]
2026-07-03T09:07:32+02:00,[38],[14]
2026-07-03T08:47:31+02:00,[38],[15]
2026-07-03T08:27:32+02:00,[37],[13]
2026-07-03T07:37:41+02:00,[38],[15]
2026-07-03T06:57:32+02:00,[37],[13]
2026-07-03T06:37:32+02:00,[37],[13]
2026-07-03T05:57:32+02:00,[38],[14]
2026-07-03T05:37:32+02:00,[37],[13]
2026-07-03T04:27:32+02:00,[37],[12]
2026-07-03T03:47:32+02:00,[37],[14]
2026-07-03T03:37:32+02:00,[37],[13]
2026-07-03T03:27:32+02:00,[37],[13]
2026-07-03T03:07:32+02:00,[37],[13]
2026-07-03T02:57:32+02:00,[37],[14]
2026-07-03T02:17:32+02:00,[38],[13]
2026-07-03T02:07:31+02:00,[37],[15]
2026-07-03T01:57:32+02:00,[37],[13]
2026-07-02T15:27:32+02:00,[37],[15]
2026-07-02T15:17:32+02:00,[37],[13]
2026-07-02T14:17:32+02:00,[37],[14]
2026-07-02T14:07:31+02:00,[37],[15]
2026-07-02T13:57:32+02:00,[38],[14]
2026-07-02T13:47:32+02:00,[37],[14]
2026-07-02T13:37:31+02:00,[37],[14]
2026-07-02T13:17:32+02:00,[37],[15]
2026-07-02T13:07:32+02:00,[37],[15]
2026-07-02T12:57:32+02:00,[38],[14]
2026-07-02T12:17:32+02:00,[37],[12]
2026-07-02T11:47:32+02:00,[37],[13]
2026-07-02T11:17:32+02:00,[37],[14]
2026-07-02T10:57:32+02:00,[37],[14]
2026-07-02T10:47:32+02:00,[37],[14]
2026-07-02T10:27:32+02:00,[38],[14]
2026-07-02T10:07:32+02:00,[38],[13]
2026-07-02T09:57:34+02:00,[37],[14]
2026-07-02T09:27:35+02:00,[38],[14]
2026-07-02T08:57:35+02:00,[37],[15]
2026-07-02T08:27:35+02:00,[37],[11]
2026-07-02T08:07:35+02:00,[37],[13]
2026-07-02T06:57:35+02:00,[37],[12]
2026-07-02T05:07:35+02:00,[37],[13]
2026-07-02T03:57:35+02:00,[37],[13]
2026-07-01T16:07:36+02:00,[37],[16]
2026-07-01T15:37:35+02:00,[37],[16]
2026-07-01T14:57:35+02:00,[37],[16]
2026-07-01T14:47:34+02:00,[37],[15]
2026-07-01T14:27:35+02:00,[38],[13]
2026-07-01T13:17:35+02:00,[37],[14]
2026-07-01T12:57:35+02:00,[38],[11]
2026-07-01T12:37:36+02:00,[37],[13]
2026-07-01T12:27:35+02:00,[38],[13]
2026-07-01T12:17:35+02:00,[37],[15]
2026-07-01T11:57:35+02:00,[37],[16]
2026-07-01T11:07:35+02:00,[37],[14]
2026-07-01T10:17:35+02:00,[38],[13]
2026-07-01T09:57:35+02:00,[38],[12]
2026-07-01T08:17:35+02:00,[37],[12]
2026-07-01T07:47:35+02:00,[37],[13]
2026-07-01T06:17:36+02:00,[37],[13]
2026-07-01T05:57:35+02:00,[37],[12]
2026-07-01T05:27:35+02:00,[37],[12]
2026-07-01T05:17:35+02:00,[37],[12]
2026-07-01T04:37:35+02:00,[37],[13]
2026-07-01T04:17:35+02:00,[37],[13]
2026-07-01T03:47:35+02:00,[37],[12]
2026-07-01T03:07:35+02:00,[38],[12]
2026-07-01T02:37:35+02:00,[37],[13]
2026-07-01T01:57:35+02:00,[38],[12]
2026-07-01T01:27:59+02:00,[33],[13]
2026-07-01T01:17:35+02:00,[37],[11]
2026-07-01T01:07:34+02:00,[37],[13]
2026-06-30T16:37:35+02:00,[37],[12]
2026-06-30T16:17:35+02:00,[38],[11]
2026-06-30T15:07:36+02:00,[37],[13]
2026-06-30T14:57:35+02:00,[38],[14]
2026-06-30T14:47:35+02:00,[38],[15]
2026-06-30T14:17:35+02:00,[37],[14]
2026-06-30T13:57:34+02:00,[37],[15]
2026-06-30T13:47:36+02:00,[37],[14]
2026-06-30T13:27:36+02:00,[37],[16]
2026-06-30T11:27:34+02:00,[38],[17]
2026-06-30T11:17:35+02:00,[37],[14]
2026-06-30T10:37:35+02:00,[38],[14]
2026-06-30T10:27:36+02:00,[37],[13]
2026-06-30T10:17:34+02:00,[37],[13]
2026-06-30T09:37:35+02:00,[37],[13]
2026-06-30T09:27:35+02:00,[38],[13]
2026-06-30T09:17:35+02:00,[37],[12]
2026-06-30T09:07:35+02:00,[37],[12]
2026-06-30T08:57:35+02:00,[38],[13]
2026-06-30T08:47:35+02:00,[37],[14]
2026-06-30T08:27:35+02:00,[37],[11]
2026-06-30T07:27:35+02:00,[37],[13]
2026-06-30T06:47:34+02:00,[38],[13]
2026-06-30T06:27:35+02:00,[38],[13]
2026-06-30T06:07:35+02:00,[38],[12]
2026-06-30T05:27:35+02:00,[38],[10]
2026-06-30T05:17:35+02:00,[38],[13]
2026-06-30T04:47:35+02:00,[37],[11]
2026-06-30T03:57:35+02:00,[37],[13]
2026-06-30T03:27:35+02:00,[37],[11]
2026-06-30T02:27:35+02:00,[37],[14]
2026-06-30T02:07:35+02:00,[37],[13]
2026-06-29T14:37:34+02:00,[37],[14]
2026-06-29T13:27:35+02:00,[37],[13]
2026-06-29T13:07:35+02:00,[37],[14]
2026-06-29T12:47:35+02:00,[37],[14]
2026-06-29T12:17:35+02:00,[37],[14]
2026-06-29T10:17:35+02:00,[37],[14]
2026-06-29T09:37:35+02:00,[37],[14]
2026-06-29T09:17:35+02:00,[37],[10]
2026-06-29T08:37:35+02:00,[38],[12]
2026-06-29T08:07:35+02:00,[37],[13]
2026-06-29T07:17:38+02:00,[37],[14]
2026-06-29T06:37:37+02:00,[38],[16]
2026-06-29T04:57:38+02:00,[37],[12]
2026-06-29T03:27:38+02:00,[37],[14]
2026-06-29T03:07:38+02:00,[38],[13]
2026-06-29T02:57:38+02:00,[37],[13]
2026-06-29T02:47:37+02:00,[37],[15]
2026-06-29T02:37:38+02:00,[37],[14]
2026-06-29T01:47:38+02:00,[37],[13]
2026-06-29T01:27:39+02:00,[37],[12]
2026-06-29T01:17:37+02:00,[37],[13]
2026-06-28T15:07:38+02:00,[37],[11]
2026-06-28T14:57:38+02:00,[37],[12]
2026-06-28T11:27:38+02:00,[37],[14]
2026-06-28T11:17:38+02:00,[37],[14]
2026-06-28T11:07:38+02:00,[37],[14]
2026-06-28T10:37:38+02:00,[37],[14]
2026-06-28T10:27:38+02:00,[37],[14]
2026-06-28T09:57:39+02:00,[37],[14]
2026-06-28T09:47:38+02:00,[37],[15]
2026-06-28T09:27:37+02:00,[37],[15]
2026-06-28T09:07:38+02:00,[37],[15]
2026-06-28T08:37:38+02:00,[37],[16]
2026-06-28T08:07:38+02:00,[37],[16]
2026-06-28T07:37:38+02:00,[37],[16]
2026-06-28T07:07:37+02:00,[38],[14]
2026-06-28T06:47:38+02:00,[37],[16]
2026-06-28T06:17:38+02:00,[38],[13]
2026-06-28T06:07:38+02:00,[38],[14]
2026-06-28T05:07:38+02:00,[38],[12]
2026-06-28T04:57:38+02:00,[37],[15]
2026-06-28T04:37:38+02:00,[37],[14]
2026-06-28T04:27:38+02:00,[37],[12]
2026-06-28T04:17:38+02:00,[37],[14]
2026-06-28T04:07:38+02:00,[38],[14]
2026-06-28T03:57:38+02:00,[37],[13]
2026-06-28T03:47:38+02:00,[38],[12]
2026-06-28T02:57:38+02:00,[38],[14]
2026-06-27T16:47:37+02:00,[37],[14]
2026-06-27T16:37:38+02:00,[38],[13]
2026-06-27T16:17:38+02:00,[37],[11]
2026-06-27T16:07:38+02:00,[37],[15]
2026-06-27T15:37:38+02:00,[37],[14]
2026-06-27T15:07:38+02:00,[37],[16]
2026-06-27T14:47:38+02:00,[38],[13]
2026-06-27T14:37:38+02:00,[37],[13]
2026-06-27T14:07:38+02:00,[37],[11]
2026-06-27T13:47:38+02:00,[37],[15]
2026-06-27T12:57:38+02:00,[37],[11]
2026-06-27T12:27:38+02:00,[37],[13]
2026-06-27T12:17:38+02:00,[37],[13]
2026-06-27T11:57:38+02:00,[37],[12]
2026-06-27T11:47:38+02:00,[37],[13]
2026-06-27T11:07:38+02:00,[37],[14]
2026-06-27T08:57:38+02:00,[38],[14]
2026-06-27T08:37:39+02:00,[37],[12]
2026-06-27T07:47:38+02:00,[38],[14]
2026-06-27T07:27:37+02:00,[37],[13]
2026-06-27T07:17:39+02:00,[37],[14]
2026-06-27T06:57:38+02:00,[37],[13]
2026-06-27T06:37:38+02:00,[37],[15]
2026-06-27T06:17:37+02:00,[38],[15]
2026-06-27T06:07:38+02:00,[37],[15]
2026-06-27T05:27:37+02:00,[37],[15]
2026-06-27T05:07:38+02:00,[38],[14]
2026-06-27T04:57:38+02:00,[37],[16]
2026-06-27T04:17:38+02:00,[37],[15]
2026-06-27T03:28:07+02:00,[37],[14]
2026-06-26T16:37:38+02:00,[37],[12]
2026-06-26T14:57:37+02:00,[37],[14]
2026-06-26T14:27:38+02:00,[37],[14]
2026-06-26T14:07:38+02:00,[37],[10]
2026-06-26T12:37:38+02:00,[37],[13]
2026-06-26T12:27:38+02:00,[38],[14]
2026-06-26T12:07:38+02:00,[37],[17]
2026-06-26T11:47:38+02:00,[37],[14]
2026-06-26T11:37:38+02:00,[38],[13]
2026-06-26T11:17:42+02:00,[37],[16]
2026-06-26T09:17:38+02:00,[37],[14]
2026-06-26T08:57:38+02:00,[38],[14]
2026-06-26T08:07:38+02:00,[37],[13]
2026-06-26T07:47:38+02:00,[37],[14]
2026-06-26T07:27:41+02:00,[37],[13]
2026-06-26T06:17:41+02:00,[37],[14]
2026-06-26T05:27:40+02:00,[38],[13]
2026-06-26T05:17:41+02:00,[37],[13]
2026-06-26T04:27:41+02:00,[37],[13]
2026-06-26T04:07:41+02:00,[38],[13]
2026-06-26T03:57:41+02:00,[38],[14]
2026-06-26T03:27:41+02:00,[37],[14]
2026-06-25T16:37:41+02:00,[37],[9]
2026-06-25T15:17:41+02:00,[37],[11]
2026-06-25T15:07:41+02:00,[37],[12]
2026-06-25T14:37:41+02:00,[37],[14]
2026-06-25T14:07:40+02:00,[37],[16]
2026-06-25T13:27:41+02:00,[37],[13]
2026-06-25T13:07:41+02:00,[37],[14]
2026-06-25T12:57:41+02:00,[37],[13]
2026-06-25T12:47:41+02:00,[37],[14]
2026-06-25T12:17:42+02:00,[37],[16]
2026-06-25T12:07:41+02:00,[37],[15]
2026-06-25T11:27:41+02:00,[37],[13]
2026-06-25T11:17:41+02:00,[37],[12]
2026-06-25T10:17:41+02:00,[38],[14]
2026-06-25T09:27:41+02:00,[38],[15]
2026-06-25T09:17:41+02:00,[38],[15]
2026-06-25T08:47:41+02:00,[37],[11]
2026-06-25T08:37:41+02:00,[37],[14]
2026-06-25T07:27:41+02:00,[37],[12]
2026-06-25T06:47:41+02:00,[37],[14]
2026-06-25T06:27:40+02:00,[38],[15]
2026-06-25T05:57:41+02:00,[37],[15]
2026-06-25T05:47:41+02:00,[37],[13]
2026-06-25T05:37:41+02:00,[38],[14]
2026-06-25T05:27:41+02:00,[37],[13]
2026-06-25T04:47:41+02:00,[37],[13]
2026-06-25T04:37:41+02:00,[37],[14]
2026-06-25T04:17:41+02:00,[37],[13]
2026-06-25T03:57:41+02:00,[37],[13]
2026-06-25T03:37:41+02:00,[38],[12]
2026-06-25T02:47:42+02:00,[37],[13]
2026-06-24T15:17:41+02:00,[38],[10]
2026-06-24T15:07:41+02:00,[37],[11]
2026-06-24T14:47:41+02:00,[37],[15]
2026-06-24T14:27:41+02:00,[37],[9]
2026-06-24T14:17:41+02:00,[37],[11]
2026-06-24T13:47:41+02:00,[37],[15]
2026-06-24T13:17:41+02:00,[37],[11]
2026-06-24T12:57:41+02:00,[38],[11]
2026-06-24T11:57:41+02:00,[37],[14]
2026-06-24T11:17:41+02:00,[37],[13]
2026-06-24T10:27:41+02:00,[37],[13]
2026-06-24T10:17:41+02:00,[37],[14]
2026-06-24T10:07:41+02:00,[37],[13]
2026-06-24T09:57:41+02:00,[37],[13]
2026-06-24T09:17:41+02:00,[37],[13]
2026-06-24T09:07:41+02:00,[38],[13]
2026-06-24T08:57:41+02:00,[38],[14]
2026-06-24T08:27:41+02:00,[37],[14]
2026-06-24T07:47:41+02:00,[38],[15]
2026-06-24T07:37:41+02:00,[37],[14]
2026-06-24T07:27:41+02:00,[37],[15]
2026-06-24T06:57:41+02:00,[37],[15]
2026-06-24T05:07:41+02:00,[37],[11]
2026-06-24T03:07:41+02:00,[37],[12]
2026-06-24T02:37:41+02:00,[38],[13]
2026-06-23T17:27:41+02:00,[38],[14]
2026-06-23T17:17:41+02:00,[37],[14]
2026-06-23T16:57:41+02:00,[37],[13]
2026-06-23T15:37:44+02:00,[37],[13]
2026-06-23T15:17:43+02:00,[37],[13]
2026-06-23T14:47:44+02:00,[37],[13]
2026-06-23T13:37:43+02:00,[38],[16]
2026-06-23T13:17:43+02:00,[37],[16]
2026-06-23T12:57:44+02:00,[37],[16]
2026-06-23T11:47:44+02:00,[37],[13]
2026-06-23T11:17:44+02:00,[38],[14]
2026-06-23T10:27:44+02:00,[38],[14]
2026-06-23T10:17:43+02:00,[38],[14]
2026-06-23T09:57:43+02:00,[38],[14]
2026-06-23T09:37:44+02:00,[37],[13]
2026-06-23T08:47:44+02:00,[37],[13]
2026-06-23T08:17:44+02:00,[37],[14]
2026-06-23T07:57:44+02:00,[37],[16]
2026-06-23T07:47:44+02:00,[37],[14]
2026-06-23T07:37:44+02:00,[37],[15]
2026-06-23T07:07:43+02:00,[37],[14]
2026-06-23T06:27:44+02:00,[37],[13]
2026-06-23T06:17:44+02:00,[37],[15]
2026-06-23T06:07:44+02:00,[37],[14]
2026-06-23T05:57:44+02:00,[37],[17]
2026-06-23T04:47:44+02:00,[37],[14]
2026-06-23T04:07:44+02:00,[38],[14]
2026-06-23T03:57:44+02:00,[37],[14]
2026-06-23T03:47:44+02:00,[37],[15]
2026-06-23T03:37:44+02:00,[37],[13]
2026-06-23T02:07:44+02:00,[37],[12]
2026-06-23T01:57:44+02:00,[37],[13]
2026-06-23T01:37:44+02:00,[38],[14]
2026-06-22T15:47:43+02:00,[37],[13]
2026-06-22T14:47:44+02:00,[37],[16]
2026-06-22T14:17:45+02:00,[37],[14]
2026-06-22T13:47:44+02:00,[37],[13]
2026-06-22T13:37:44+02:00,[37],[15]
2026-06-22T12:47:44+02:00,[37],[16]
2026-06-22T12:37:44+02:00,[37],[16]
2026-06-22T12:17:44+02:00,[37],[16]
2026-06-22T12:07:44+02:00,[37],[16]
2026-06-22T11:57:44+02:00,[37],[16]
2026-06-22T11:47:45+02:00,[37],[16]
2026-06-22T10:47:45+02:00,[36],[15]
2026-06-22T10:17:44+02:00,[37],[15]
2026-06-22T09:27:44+02:00,[37],[16]
2026-06-22T09:07:44+02:00,[37],[15]
2026-06-22T08:57:43+02:00,[37],[13]
2026-06-22T08:27:44+02:00,[37],[15]
2026-06-22T07:57:44+02:00,[37],[14]
2026-06-22T07:37:44+02:00,[37],[16]
2026-06-22T07:27:44+02:00,[37],[16]
2026-06-22T06:37:44+02:00,[37],[14]
2026-06-22T05:57:43+02:00,[38],[12]
2026-06-22T05:37:44+02:00,[38],[13]
2026-06-22T04:57:43+02:00,[37],[14]
2026-06-22T04:07:43+02:00,[37],[13]
2026-06-22T03:17:43+02:00,[38],[16]
2026-06-22T03:07:44+02:00,[37],[14]
2026-06-22T02:47:44+02:00,[37],[13]
2026-06-22T02:37:44+02:00,[37],[11]
2026-06-22T02:27:44+02:00,[37],[13]
2026-06-22T01:57:44+02:00,[37],[12]
2026-06-21T14:27:44+02:00,[38],[13]
2026-06-21T14:17:44+02:00,[37],[14]
2026-06-21T13:57:44+02:00,[37],[12]
2026-06-21T12:47:44+02:00,[37],[12]
2026-06-21T12:37:44+02:00,[37],[12]
2026-06-21T12:07:43+02:00,[38],[13]
2026-06-21T11:47:44+02:00,[37],[13]
2026-06-21T10:47:44+02:00,[37],[12]
2026-06-21T10:27:43+02:00,[38],[13]
2026-06-21T10:17:44+02:00,[37],[12]
2026-06-21T09:57:43+02:00,[38],[15]
2026-06-21T09:37:44+02:00,[37],[14]
2026-06-21T09:27:44+02:00,[37],[14]
2026-06-21T08:37:44+02:00,[37],[14]
2026-06-21T08:27:44+02:00,[37],[15]
2026-06-21T08:17:43+02:00,[38],[14]
2026-06-21T08:07:44+02:00,[37],[15]
2026-06-21T07:47:16+02:00,[37],[16]
2026-06-21T07:27:17+02:00,[37],[12]
2026-06-21T07:17:16+02:00,[37],[18]
2026-06-21T07:07:16+02:00,[37],[11]
2026-06-21T06:57:18+02:00,[37],[15]
2026-06-21T06:42:54+02:00,[37],[15]
2026-06-21T06:22:53+02:00,[37],[14]
2026-06-20T14:42:57+02:00,[37],[13]
2026-06-20T14:02:57+02:00,[38],[13]
2026-06-20T13:42:57+02:00,[38],[11]
2026-06-20T12:12:57+02:00,[37],[13]
2026-06-20T12:02:57+02:00,[37],[13]
2026-06-20T11:42:57+02:00,[38],[13]
2026-06-20T11:32:57+02:00,[38],[16]
2026-06-20T11:02:57+02:00,[37],[15]
2026-06-20T10:32:57+02:00,[37],[14]
2026-06-20T10:23:02+02:00,[37],[14]
2026-06-20T10:02:57+02:00,[38],[14]
2026-06-20T09:42:57+02:00,[37],[14]
2026-06-20T09:02:57+02:00,[37],[11]
2026-06-20T08:52:57+02:00,[37],[14]
2026-06-20T08:23:04+02:00,[29],[14]
2026-06-20T07:32:57+02:00,[38],[14]
2026-06-20T07:22:57+02:00,[38],[13]
2026-06-20T07:12:56+02:00,[37],[13]
2026-06-20T06:12:56+02:00,[37],[13]
2026-06-20T05:12:57+02:00,[37],[14]
2026-06-20T04:52:57+02:00,[37],[13]
2026-06-20T04:32:57+02:00,[37],[12]
2026-06-20T03:42:57+02:00,[37],[14]
2026-06-20T03:12:57+02:00,[37],[13]
2026-06-20T02:52:57+02:00,[37],[13]
2026-06-20T02:22:57+02:00,[37],[13]
2026-06-19T15:22:56+02:00,[38],[14]
2026-06-19T14:32:57+02:00,[38],[15]
2026-06-19T14:12:57+02:00,[37],[15]
2026-06-19T13:32:57+02:00,[37],[16]
2026-06-19T13:22:57+02:00,[37],[14]
2026-06-19T13:12:57+02:00,[37],[14]
2026-06-19T12:42:56+02:00,[37],[14]
2026-06-19T12:22:57+02:00,[37],[15]
2026-06-19T12:02:57+02:00,[37],[14]
2026-06-19T10:42:57+02:00,[37],[16]
2026-06-19T09:32:56+02:00,[37],[15]
2026-06-19T08:52:57+02:00,[37],[12]
2026-06-19T08:32:57+02:00,[37],[13]
2026-06-19T08:22:57+02:00,[37],[13]
2026-06-19T07:22:57+02:00,[37],[14]
2026-06-19T07:02:57+02:00,[37],[11]
2026-06-19T06:22:57+02:00,[37],[9]
2026-06-19T05:23:00+02:00,[38],[14]
2026-06-19T05:03:00+02:00,[37],[13]
2026-06-19T04:43:00+02:00,[37],[13]
2026-06-19T04:23:00+02:00,[37],[14]
2026-06-19T03:53:00+02:00,[37],[12]
2026-06-19T03:23:00+02:00,[38],[15]
2026-06-19T03:13:00+02:00,[37],[12]
2026-06-19T02:32:59+02:00,[38],[11]
2026-06-19T02:03:01+02:00,[37],[13]
2026-06-18T15:53:00+02:00,[37],[11]
2026-06-18T15:42:59+02:00,[38],[12]
2026-06-18T14:53:00+02:00,[38],[11]
2026-06-18T14:32:59+02:00,[37],[13]
2026-06-18T14:02:59+02:00,[38],[15]
2026-06-18T13:53:00+02:00,[37],[14]
2026-06-18T13:23:00+02:00,[37],[14]
2026-06-18T13:13:00+02:00,[37],[13]
2026-06-18T12:33:00+02:00,[37],[12]
2026-06-18T12:23:00+02:00,[38],[14]
2026-06-18T11:53:00+02:00,[37],[11]
2026-06-18T11:43:00+02:00,[37],[12]
2026-06-18T11:23:00+02:00,[37],[14]
2026-06-18T11:13:00+02:00,[38],[13]
2026-06-18T11:02:59+02:00,[38],[13]
2026-06-18T10:33:01+02:00,[37],[14]
2026-06-18T10:13:00+02:00,[38],[14]
2026-06-18T09:53:00+02:00,[37],[16]
2026-06-18T09:13:00+02:00,[37],[13]
2026-06-18T08:53:00+02:00,[37],[12]
2026-06-18T08:33:00+02:00,[37],[12]
2026-06-18T08:12:59+02:00,[38],[12]
2026-06-18T07:43:00+02:00,[37],[14]
2026-06-18T06:13:00+02:00,[37],[11]
2026-06-18T05:53:00+02:00,[37],[12]
2026-06-18T05:13:00+02:00,[37],[12]
2026-06-18T04:43:00+02:00,[38],[13]
2026-06-18T04:33:00+02:00,[37],[12]
2026-06-18T03:43:01+02:00,[37],[13]
2026-06-18T03:33:00+02:00,[38],[13]
2026-06-18T03:03:00+02:00,[38],[11]
2026-06-18T02:53:00+02:00,[37],[12]
2026-06-18T02:43:01+02:00,[37],[12]
2026-06-18T02:33:00+02:00,[38],[13]
2026-06-17T16:13:00+02:00,[37],[9]
2026-06-17T15:53:00+02:00,[37],[9]
2026-06-17T15:23:00+02:00,[38],[12]
2026-06-17T15:13:00+02:00,[37],[11]
2026-06-17T15:03:00+02:00,[37],[14]
2026-06-17T14:43:00+02:00,[38],[13]
2026-06-17T14:33:00+02:00,[37],[13]
2026-06-17T14:13:00+02:00,[37],[12]
2026-06-17T14:02:59+02:00,[38],[12]
2026-06-17T13:13:00+02:00,[37],[15]
2026-06-17T12:02:59+02:00,[38],[14]
2026-06-17T11:23:00+02:00,[37],[9]
2026-06-17T11:03:00+02:00,[37],[13]
2026-06-17T10:03:00+02:00,[38],[12]
2026-06-17T09:53:01+02:00,[37],[9]
2026-06-17T09:43:00+02:00,[37],[12]
2026-06-17T09:33:00+02:00,[37],[14]
2026-06-17T08:13:00+02:00,[37],[13]
2026-06-17T07:53:00+02:00,[38],[13]
2026-06-17T07:12:59+02:00,[38],[14]
2026-06-17T05:53:00+02:00,[37],[13]
2026-06-17T05:22:59+02:00,[37],[12]
2026-06-17T05:13:00+02:00,[37],[12]
2026-06-17T04:33:00+02:00,[38],[13]
2026-06-17T02:53:00+02:00,[38],[13]
2026-06-16T15:42:59+02:00,[37],[13]
2026-06-16T15:33:01+02:00,[37],[13]
2026-06-16T15:23:00+02:00,[37],[14]
2026-06-16T15:13:00+02:00,[38],[13]
2026-06-16T14:53:01+02:00,[37],[13]
2026-06-16T14:12:59+02:00,[37],[15]
2026-06-16T13:42:59+02:00,[37],[14]
2026-06-16T12:43:00+02:00,[37],[14]
2026-06-16T12:33:00+02:00,[37],[15]
2026-06-16T12:23:00+02:00,[37],[16]
2026-06-16T10:13:00+02:00,[37],[14]
2026-06-16T09:52:59+02:00,[38],[15]
2026-06-16T09:43:00+02:00,[37],[13]
2026-06-16T09:23:01+02:00,[37],[13]
2026-06-16T08:52:59+02:00,[38],[14]
2026-06-16T08:33:00+02:00,[38],[13]
2026-06-16T08:03:00+02:00,[37],[13]
2026-06-16T07:53:00+02:00,[38],[15]
2026-06-16T07:03:00+02:00,[37],[14]
2026-06-16T06:33:01+02:00,[37],[14]
2026-06-16T06:23:00+02:00,[37],[14]
2026-06-16T05:23:00+02:00,[37],[13]
2026-06-16T05:13:00+02:00,[37],[14]
2026-06-16T04:53:00+02:00,[37],[14]
2026-06-16T02:53:00+02:00,[37],[11]
2026-06-16T02:43:00+02:00,[37],[12]
2026-06-15T15:23:03+02:00,[37],[12]
2026-06-15T15:03:03+02:00,[37],[12]
2026-06-15T14:43:02+02:00,[38],[13]
2026-06-15T14:33:02+02:00,[37],[13]
2026-06-15T14:03:03+02:00,[38],[13]
2026-06-15T13:43:03+02:00,[37],[13]
2026-06-15T12:53:03+02:00,[37],[13]
2026-06-15T12:13:04+02:00,[37],[13]
2026-06-15T11:23:03+02:00,[37],[13]
2026-06-15T11:03:03+02:00,[37],[12]
2026-06-15T10:53:03+02:00,[38],[11]
2026-06-15T09:33:03+02:00,[37],[13]
2026-06-15T09:13:03+02:00,[37],[14]
2026-06-15T09:03:03+02:00,[37],[13]
2026-06-15T08:23:03+02:00,[37],[14]
2026-06-15T07:33:03+02:00,[37],[14]
2026-06-15T06:33:03+02:00,[38],[12]
2026-06-15T06:13:03+02:00,[37],[12]
2026-06-15T06:03:03+02:00,[38],[13]
2026-06-15T05:43:03+02:00,[37],[14]
2026-06-15T05:33:03+02:00,[37],[12]
2026-06-15T05:13:03+02:00,[37],[15]
2026-06-15T05:03:03+02:00,[38],[14]
2026-06-15T04:53:03+02:00,[37],[14]
2026-06-15T04:43:03+02:00,[37],[14]
2026-06-15T03:53:03+02:00,[37],[12]
2026-06-15T03:23:04+02:00,[37],[14]
2026-06-15T03:13:03+02:00,[37],[14]
2026-06-15T03:03:03+02:00,[37],[13]
2026-06-15T02:43:04+02:00,[37],[15]
2026-06-14T14:03:03+02:00,[37],[12]
2026-06-14T13:53:03+02:00,[37],[14]
2026-06-14T13:43:03+02:00,[37],[14]
2026-06-14T13:33:04+02:00,[37],[14]
2026-06-14T13:13:02+02:00,[37],[15]
2026-06-14T13:03:02+02:00,[37],[14]
2026-06-14T12:13:03+02:00,[38],[14]
2026-06-14T12:03:02+02:00,[38],[13]
2026-06-14T11:23:02+02:00,[38],[14]
2026-06-14T10:03:02+02:00,[37],[14]
2026-06-14T09:33:03+02:00,[38],[15]
2026-06-14T09:13:16+02:00,[37],[16]
2026-06-14T08:03:03+02:00,[37],[13]
2026-06-14T07:23:03+02:00,[37],[11]
2026-06-14T07:03:03+02:00,[37],[15]
2026-06-14T06:53:03+02:00,[37],[13]
2026-06-14T05:33:03+02:00,[37],[14]
2026-06-13T14:53:03+02:00,[37],[14]
2026-06-13T14:33:03+02:00,[38],[11]
2026-06-13T14:23:03+02:00,[37],[15]
2026-06-13T14:13:03+02:00,[37],[13]
2026-06-13T13:23:03+02:00,[37],[13]
2026-06-13T12:43:03+02:00,[37],[12]
2026-06-13T11:23:03+02:00,[37],[13]
2026-06-13T10:53:03+02:00,[37],[14]
2026-06-13T09:53:03+02:00,[37],[13]
2026-06-13T07:53:02+02:00,[38],[14]
2026-06-13T07:23:03+02:00,[37],[13]
2026-06-13T06:33:03+02:00,[37],[14]
2026-06-13T05:53:03+02:00,[37],[11]
2026-06-13T05:43:02+02:00,[37],[14]
2026-06-13T04:43:03+02:00,[37],[8]
2026-06-13T04:33:02+02:00,[37],[13]
2026-06-13T03:33:03+02:00,[37],[11]
2026-06-12T17:33:06+02:00,[37],[13]
2026-06-12T17:23:06+02:00,[37],[11]
2026-06-12T17:03:06+02:00,[37],[11]
2026-06-12T16:53:06+02:00,[37],[13]
2026-06-12T16:23:06+02:00,[37],[13]
2026-06-12T16:03:06+02:00,[37],[11]
2026-06-12T15:53:06+02:00,[38],[13]
2026-06-12T15:13:06+02:00,[37],[12]
2026-06-12T13:33:06+02:00,[37],[11]
2026-06-12T12:53:07+02:00,[37],[13]
2026-06-12T11:23:06+02:00,[37],[14]
2026-06-12T09:13:06+02:00,[37],[14]
2026-06-12T08:33:06+02:00,[37],[15]
2026-06-12T08:03:07+02:00,[37],[16]
2026-06-12T07:43:06+02:00,[37],[13]
2026-06-12T06:23:06+02:00,[37],[14]
2026-06-12T05:03:06+02:00,[37],[15]
2026-06-12T04:13:06+02:00,[37],[14]
2026-06-12T04:03:06+02:00,[37],[9]
2026-06-12T02:33:06+02:00,[38],[12]
2026-06-12T02:03:06+02:00,[37],[16]
2026-06-11T13:33:06+02:00,[38],[14]
2026-06-11T13:13:06+02:00,[38],[15]
2026-06-11T13:03:06+02:00,[38],[15]
2026-06-11T12:43:05+02:00,[37],[16]
2026-06-11T11:53:06+02:00,[37],[14]
2026-06-11T10:33:06+02:00,[38],[13]
2026-06-11T10:03:06+02:00,[38],[15]
2026-06-11T08:53:06+02:00,[37],[15]
2026-06-11T08:43:06+02:00,[38],[16]
2026-06-11T08:33:06+02:00,[37],[14]
2026-06-11T08:03:06+02:00,[37],[13]
2026-06-11T07:43:06+02:00,[37],[14]
2026-06-11T07:23:06+02:00,[37],[13]
2026-06-11T06:23:06+02:00,[37],[14]
2026-06-11T06:13:06+02:00,[37],[11]
2026-06-11T04:43:06+02:00,[38],[14]
2026-06-11T04:33:06+02:00,[37],[13]
2026-06-11T04:23:06+02:00,[37],[15]
2026-06-11T03:33:06+02:00,[37],[14]
2026-06-11T02:53:06+02:00,[37],[12]
2026-06-11T02:23:06+02:00,[37],[14]
2026-06-10T17:13:05+02:00,[38],[14]
2026-06-10T16:13:06+02:00,[38],[13]
2026-06-10T15:43:06+02:00,[38],[13]
2026-06-10T15:13:06+02:00,[37],[13]
2026-06-10T14:43:06+02:00,[37],[10]
2026-06-10T14:13:06+02:00,[37],[10]
2026-06-10T13:23:06+02:00,[37],[14]
2026-06-10T13:13:06+02:00,[38],[15]
2026-06-10T12:23:06+02:00,[37],[14]
2026-06-10T12:13:06+02:00,[37],[11]
2026-06-10T11:13:06+02:00,[38],[14]
2026-06-10T11:03:06+02:00,[37],[15]
2026-06-10T10:23:06+02:00,[37],[15]
2026-06-10T10:13:07+02:00,[37],[14]
2026-06-10T09:33:19+02:00,[24],[16]
2026-06-10T08:53:07+02:00,[37],[16]
2026-06-10T08:43:06+02:00,[38],[14]
2026-06-10T08:33:06+02:00,[37],[16]
2026-06-10T07:43:06+02:00,[37],[11]
2026-06-10T07:23:06+02:00,[37],[11]
2026-06-10T07:13:06+02:00,[38],[15]
2026-06-10T07:03:06+02:00,[37],[14]
2026-06-10T05:53:06+02:00,[38],[14]
2026-06-10T05:43:06+02:00,[38],[13]
2026-06-10T05:13:06+02:00,[37],[15]
2026-06-10T05:03:06+02:00,[37],[13]
2026-06-10T03:53:06+02:00,[38],[15]
2026-06-10T03:13:06+02:00,[37],[16]
2026-06-10T03:03:06+02:00,[38],[12]
2026-06-09T18:13:06+02:00,[37],[11]
2026-06-09T18:03:06+02:00,[37],[11]
2026-06-09T17:13:07+02:00,[37],[16]
2026-06-09T16:53:05+02:00,[38],[15]
2026-06-09T16:23:05+02:00,[37],[16]
2026-06-09T16:13:06+02:00,[38],[12]
2026-06-09T15:53:06+02:00,[38],[15]
2026-06-09T15:43:05+02:00,[37],[16]
2026-06-09T15:33:07+02:00,[37],[15]
2026-06-09T15:13:05+02:00,[37],[17]
2026-06-09T15:03:07+02:00,[37],[15]
2026-06-09T14:53:06+02:00,[37],[16]
2026-06-09T14:43:06+02:00,[38],[14]
2026-06-09T14:33:05+02:00,[37],[16]
2026-06-09T14:13:06+02:00,[37],[15]
2026-06-09T13:53:07+02:00,[37],[15]
2026-06-09T13:33:06+02:00,[37],[16]
2026-06-09T13:23:09+02:00,[37],[16]
2026-06-09T13:03:10+02:00,[37],[16]
2026-06-09T12:53:09+02:00,[38],[18]
2026-06-09T12:33:09+02:00,[37],[16]
2026-06-09T12:13:10+02:00,[37],[19]
2026-06-09T11:23:09+02:00,[38],[18]
2026-06-09T10:53:09+02:00,[37],[13]
2026-06-09T10:33:09+02:00,[37],[15]
2026-06-09T10:03:08+02:00,[38],[16]
2026-06-09T09:53:09+02:00,[37],[15]
2026-06-09T08:33:09+02:00,[37],[14]
2026-06-09T08:13:09+02:00,[37],[13]
2026-06-09T08:03:09+02:00,[38],[15]
2026-06-09T07:53:09+02:00,[37],[12]
2026-06-09T06:53:08+02:00,[38],[15]
2026-06-09T05:43:09+02:00,[37],[16]
2026-06-09T05:23:08+02:00,[37],[14]
2026-06-09T04:43:09+02:00,[37],[13]
2026-06-09T04:23:09+02:00,[38],[15]
2026-06-09T04:13:09+02:00,[37],[14]
2026-06-09T03:43:09+02:00,[37],[15]
2026-06-09T03:33:09+02:00,[37],[15]
2026-06-09T02:53:09+02:00,[37],[14]
2026-06-09T01:53:09+02:00,[37],[15]
2026-06-09T01:43:09+02:00,[37],[18]
2026-06-08T14:13:08+02:00,[38],[15]
2026-06-08T12:43:09+02:00,[37],[11]
2026-06-08T12:33:09+02:00,[37],[10]
2026-06-08T11:23:09+02:00,[37],[16]
2026-06-08T10:43:09+02:00,[37],[14]
2026-06-08T09:33:09+02:00,[37],[15]
2026-06-08T09:03:09+02:00,[38],[14]
2026-06-08T08:43:09+02:00,[37],[15]
2026-06-08T08:23:09+02:00,[37],[14]
2026-06-08T07:23:10+02:00,[37],[14]
2026-06-08T07:13:09+02:00,[37],[15]
2026-06-08T06:43:10+02:00,[37],[14]
2026-06-08T06:33:08+02:00,[37],[15]
2026-06-08T05:53:10+02:00,[37],[15]
2026-06-08T04:43:09+02:00,[38],[14]
2026-06-08T04:33:09+02:00,[37],[11]
2026-06-08T04:13:09+02:00,[37],[13]
2026-06-08T03:43:09+02:00,[37],[14]
2026-06-08T03:03:09+02:00,[38],[13]
2026-06-08T02:43:09+02:00,[38],[13]
2026-06-07T14:13:09+02:00,[38],[15]
2026-06-07T13:23:09+02:00,[38],[13]
2026-06-07T12:53:10+02:00,[37],[14]
2026-06-07T12:23:08+02:00,[37],[13]
2026-06-07T10:43:09+02:00,[37],[12]
2026-06-07T10:03:10+02:00,[37],[12]
2026-06-07T09:53:09+02:00,[37],[13]
2026-06-07T09:33:08+02:00,[37],[16]
2026-06-07T08:26:19+02:00,[38],[16]
2026-06-07T08:13:09+02:00,[38],[15]
2026-06-07T07:03:09+02:00,[37],[13]
2026-06-07T06:53:09+02:00,[37],[14]
2026-06-07T06:43:09+02:00,[37],[11]
2026-06-06T15:33:12+02:00,[38],[14]
2026-06-06T15:13:12+02:00,[37],[12]
2026-06-06T14:53:12+02:00,[37],[13]
2026-06-06T14:43:12+02:00,[37],[14]
2026-06-06T12:43:12+02:00,[37],[14]
2026-06-06T10:23:11+02:00,[37],[14]
2026-06-06T10:03:12+02:00,[37],[14]
2026-06-06T09:13:11+02:00,[37],[12]
2026-06-06T08:53:11+02:00,[37],[13]
2026-06-06T07:53:11+02:00,[37],[13]
2026-06-06T07:43:12+02:00,[38],[13]
2026-06-06T07:13:12+02:00,[37],[13]
2026-06-06T05:53:11+02:00,[37],[12]
2026-06-06T04:33:12+02:00,[37],[14]
2026-06-06T04:23:12+02:00,[37],[14]
2026-06-06T03:53:12+02:00,[38],[14]
2026-06-05T16:33:12+02:00,[37],[13]
2026-06-05T15:33:12+02:00,[38],[12]
2026-06-05T13:03:11+02:00,[38],[14]
2026-06-05T12:33:12+02:00,[37],[14]
2026-06-05T10:43:12+02:00,[37],[13]
2026-06-05T10:13:12+02:00,[37],[12]
2026-06-05T10:03:12+02:00,[38],[12]
2026-06-05T09:23:12+02:00,[38],[13]
2026-06-05T08:43:12+02:00,[38],[12]
2026-06-05T08:33:12+02:00,[37],[12]
2026-06-05T08:23:12+02:00,[37],[14]
2026-06-05T08:03:12+02:00,[37],[12]
2026-06-05T07:43:12+02:00,[37],[12]
2026-06-05T07:23:12+02:00,[37],[13]
2026-06-05T07:03:12+02:00,[38],[14]
2026-06-05T06:53:12+02:00,[37],[12]
2026-06-05T06:03:12+02:00,[37],[13]
2026-06-05T05:53:12+02:00,[37],[13]
2026-06-05T05:43:12+02:00,[37],[12]
2026-06-05T05:13:11+02:00,[37],[12]
2026-06-05T04:33:12+02:00,[37],[14]
2026-06-05T04:13:12+02:00,[37],[12]
2026-06-05T03:43:12+02:00,[37],[12]
2026-06-05T03:33:12+02:00,[37],[12]
2026-06-05T03:23:12+02:00,[37],[14]
2026-06-05T02:33:12+02:00,[37],[12]
2026-06-05T02:23:12+02:00,[37],[13]
2026-06-04T16:13:12+02:00,[37],[13]
2026-06-04T15:43:12+02:00,[37],[10]
2026-06-04T15:33:12+02:00,[37],[13]
2026-06-04T15:23:12+02:00,[37],[13]
2026-06-04T14:33:12+02:00,[37],[12]
2026-06-04T13:53:12+02:00,[38],[15]
2026-06-04T13:33:12+02:00,[38],[16]
2026-06-04T12:03:12+02:00,[36],[14]
2026-06-04T11:43:12+02:00,[37],[14]
2026-06-04T11:03:12+02:00,[38],[14]
2026-06-04T10:53:12+02:00,[37],[14]
2026-06-04T09:23:12+02:00,[37],[14]
2026-06-04T08:33:12+02:00,[38],[11]
2026-06-04T08:13:12+02:00,[37],[15]
2026-06-04T07:53:12+02:00,[37],[13]
2026-06-04T07:43:12+02:00,[37],[14]
2026-06-04T07:33:12+02:00,[38],[7]
2026-06-04T07:23:12+02:00,[37],[14]
2026-06-04T07:03:12+02:00,[37],[15]
2026-06-04T06:33:12+02:00,[37],[15]
2026-06-04T06:13:12+02:00,[37],[13]
2026-06-04T06:03:12+02:00,[37],[14]
2026-06-04T05:53:12+02:00,[37],[11]
2026-06-04T05:23:12+02:00,[37],[15]
2026-06-04T05:13:12+02:00,[37],[14]
2026-06-04T03:53:12+02:00,[37],[15]
2026-06-04T03:13:12+02:00,[38],[16]
2026-06-04T02:33:12+02:00,[37],[14]
2026-06-03T14:03:11+02:00,[38],[16]
2026-06-03T13:53:12+02:00,[37],[17]
2026-06-03T13:33:12+02:00,[37],[15]
2026-06-03T13:03:12+02:00,[37],[18]
2026-06-03T12:53:12+02:00,[37],[14]
2026-06-03T12:33:12+02:00,[37],[16]
2026-06-03T11:43:15+02:00,[38],[16]
2026-06-03T11:13:15+02:00,[37],[13]
2026-06-03T10:53:15+02:00,[37],[14]
2026-06-03T10:43:15+02:00,[38],[15]
2026-06-03T10:33:15+02:00,[38],[13]
2026-06-03T10:03:15+02:00,[37],[16]
2026-06-03T09:23:15+02:00,[37],[15]
2026-06-03T08:33:15+02:00,[37],[16]
2026-06-03T08:23:15+02:00,[38],[10]
2026-06-03T07:53:15+02:00,[38],[14]
2026-06-03T07:23:15+02:00,[38],[15]
2026-06-03T07:13:15+02:00,[37],[17]
2026-06-03T06:03:15+02:00,[37],[14]
2026-06-03T05:53:15+02:00,[38],[17]
2026-06-03T05:43:15+02:00,[38],[15]
2026-06-03T05:33:15+02:00,[37],[15]
2026-06-03T05:13:15+02:00,[37],[16]
2026-06-03T04:23:14+02:00,[38],[14]
2026-06-03T04:13:15+02:00,[37],[14]
2026-06-03T03:53:14+02:00,[38],[13]
2026-06-03T02:53:15+02:00,[38],[13]
2026-06-02T13:43:15+02:00,[37],[13]
2026-06-02T13:33:15+02:00,[37],[12]
2026-06-02T13:23:15+02:00,[37],[14]
2026-06-02T13:13:14+02:00,[38],[15]
2026-06-02T12:33:15+02:00,[37],[13]
2026-06-02T11:33:15+02:00,[37],[13]
2026-06-02T11:23:15+02:00,[38],[13]
2026-06-02T11:03:15+02:00,[37],[12]
2026-06-02T10:53:15+02:00,[37],[16]
2026-06-02T09:53:15+02:00,[37],[13]
2026-06-02T09:43:15+02:00,[37],[15]
2026-06-02T09:03:15+02:00,[37],[13]
2026-06-02T08:33:15+02:00,[37],[13]
2026-06-02T08:03:15+02:00,[37],[16]
2026-06-02T07:23:15+02:00,[37],[9]
2026-06-02T07:13:15+02:00,[37],[14]
2026-06-02T06:33:15+02:00,[37],[14]
2026-06-02T05:23:18+02:00,[37],[14]
2026-06-02T05:03:18+02:00,[37],[13]
2026-06-02T04:53:19+02:00,[37],[14]
2026-06-02T04:43:18+02:00,[37],[13]
2026-06-02T04:13:17+02:00,[38],[13]
2026-06-02T03:23:17+02:00,[38],[12]
2026-06-02T03:13:18+02:00,[37],[13]
2026-06-02T01:43:18+02:00,[38],[12]
2026-06-01T15:43:15+02:00,[37],[13]
2026-06-01T15:13:15+02:00,[37],[11]
2026-06-01T14:43:15+02:00,[37],[11]
2026-06-01T14:33:15+02:00,[37],[14]
2026-06-01T13:53:15+02:00,[37],[13]
2026-06-01T13:33:16+02:00,[37],[13]
2026-06-01T13:13:15+02:00,[37],[13]
2026-06-01T13:03:16+02:00,[37],[13]
2026-06-01T12:43:15+02:00,[37],[11]
2026-06-01T12:03:15+02:00,[37],[14]
2026-06-01T11:33:15+02:00,[37],[12]
2026-06-01T10:53:15+02:00,[37],[11]
2026-06-01T10:23:15+02:00,[38],[15]
2026-06-01T09:43:15+02:00,[37],[15]
2026-06-01T09:13:15+02:00,[37],[12]
2026-06-01T08:13:15+02:00,[37],[12]
2026-06-01T07:13:14+02:00,[38],[12]
2026-06-01T04:53:15+02:00,[38],[13]
2026-06-01T04:43:15+02:00,[37],[12]
2026-05-31T09:43:19+02:00,[37],[13]
2026-05-31T07:43:19+02:00,[37],[11]
2026-05-31T06:43:20+02:00,[37],[13]
2026-05-31T05:53:19+02:00,[38],[12]
2026-05-31T04:53:20+02:00,[37],[13]
2026-05-31T04:43:19+02:00,[37],[11]
2026-05-31T03:53:19+02:00,[37],[12]
2026-05-31T02:23:19+02:00,[37],[13]
2026-05-31T02:13:19+02:00,[37],[12]
2026-05-30T16:23:19+02:00,[37],[13]
2026-05-30T16:13:19+02:00,[38],[14]
2026-05-30T15:13:19+02:00,[38],[11]
2026-05-30T15:03:19+02:00,[37],[7]
2026-05-30T13:13:19+02:00,[37],[12]
2026-05-30T12:23:19+02:00,[38],[14]
2026-05-30T12:13:18+02:00,[38],[12]
2026-05-30T11:53:19+02:00,[38],[13]
2026-05-30T11:03:19+02:00,[37],[13]
2026-05-30T09:53:19+02:00,[37],[13]
2026-05-30T09:43:19+02:00,[37],[14]
2026-05-30T09:13:18+02:00,[37],[15]
2026-05-30T08:53:18+02:00,[37],[14]
2026-05-30T08:13:19+02:00,[37],[12]
2026-05-30T07:33:28+02:00,[37],[12]
2026-05-30T05:43:19+02:00,[37],[12]
2026-05-30T05:33:19+02:00,[37],[8]
2026-05-30T05:23:19+02:00,[37],[13]
2026-05-30T03:43:19+02:00,[37],[12]
2026-05-30T02:03:19+02:00,[37],[14]
2026-05-30T01:43:18+02:00,[37],[13]
2026-05-29T17:04:09+02:00,[60],[14]
2026-05-29T16:51:09+02:00,[60],[14]
2026-05-29T15:21:09+02:00,[60],[17]
2026-05-29T15:18:09+02:00,[60],[15]
2026-05-29T15:15:09+02:00,[60],[17]
2026-05-29T15:10:09+02:00,"[60,60,60]","[17,18,19]"
2026-05-29T14:49:09+02:00,"[60,60,60]","[18,16,16]"
2026-05-29T14:31:09+02:00,[60],[15]
2026-05-29T14:23:09+02:00,[60],[14]
2026-05-29T13:43:19+02:00,[37],[10]
2026-05-29T13:23:19+02:00,[37],[9]
2026-05-29T11:43:20+02:00,[37],[13]
2026-05-29T11:33:20+02:00,[37],[13]
2026-05-29T08:53:19+02:00,[37],[12]
2026-05-29T08:13:19+02:00,[37],[13]
2026-05-29T07:53:19+02:00,[37],[13]
2026-05-29T07:43:19+02:00,[37],[12]
2026-05-29T06:43:19+02:00,[37],[14]
2026-05-29T06:13:19+02:00,[37],[13]
2026-05-29T05:33:19+02:00,[37],[13]
2026-05-29T05:03:19+02:00,[37],[13]
2026-05-29T04:53:19+02:00,[37],[13]
2026-05-29T04:43:19+02:00,[37],[12]
2026-05-29T04:13:19+02:00,[37],[13]
2026-05-29T03:53:20+02:00,[37],[12]
2026-05-29T03:43:19+02:00,[37],[13]
2026-05-29T03:33:19+02:00,[37],[12]
2026-05-29T03:23:20+02:00,[37],[12]
2026-05-29T02:33:19+02:00,[37],[14]
2026-05-29T02:23:19+02:00,[37],[14]
2026-05-29T02:13:19+02:00,[37],[15]
2026-05-28T13:13:20+02:00,[38],[13]
2026-05-28T12:13:19+02:00,[37],[14]
2026-05-28T11:23:22+02:00,[38],[13]
2026-05-28T11:03:22+02:00,[37],[13]
2026-05-28T10:53:22+02:00,[37],[12]
2026-05-28T10:33:22+02:00,[37],[14]
2026-05-28T10:23:21+02:00,[38],[13]
2026-05-28T10:03:22+02:00,[37],[14]
2026-05-28T09:53:22+02:00,[37],[12]
2026-05-28T09:43:22+02:00,[38],[14]
2026-05-28T09:13:22+02:00,[38],[12]
2026-05-28T09:03:22+02:00,[37],[11]
2026-05-28T08:53:22+02:00,[38],[13]
2026-05-28T08:33:22+02:00,[37],[11]
2026-05-28T07:43:22+02:00,[37],[13]
2026-05-28T07:13:22+02:00,[37],[14]
2026-05-28T06:43:21+02:00,[38],[14]
2026-05-28T05:13:22+02:00,[37],[13]
2026-05-28T04:53:22+02:00,[37],[14]
2026-05-28T04:33:21+02:00,[38],[13]
2026-05-28T03:53:22+02:00,[38],[13]
2026-05-28T03:33:22+02:00,[37],[13]
2026-05-28T03:23:22+02:00,[37],[15]
2026-05-28T03:03:22+02:00,[38],[12]
2026-05-28T02:53:22+02:00,[37],[14]
2026-05-28T02:23:21+02:00,[38],[14]
2026-05-28T02:13:22+02:00,[38],[13]
2026-05-27T16:33:22+02:00,[38],[15]
2026-05-27T16:13:22+02:00,[37],[12]
2026-05-27T15:03:22+02:00,[38],[12]
2026-05-27T14:53:22+02:00,[37],[14]
2026-05-27T13:33:22+02:00,[37],[11]
2026-05-27T13:03:22+02:00,[38],[13]
2026-05-27T12:43:22+02:00,[38],[12]
2026-05-27T12:13:22+02:00,[37],[15]
2026-05-27T10:23:22+02:00,[37],[11]
2026-05-27T09:43:22+02:00,[37],[12]
2026-05-27T08:23:22+02:00,[38],[13]
2026-05-27T08:03:22+02:00,[37],[14]
2026-05-27T07:23:22+02:00,[37],[13]
2026-05-27T06:43:22+02:00,[37],[13]
2026-05-27T06:33:22+02:00,[37],[12]
2026-05-27T06:23:22+02:00,[37],[13]
2026-05-27T05:13:22+02:00,[38],[13]
2026-05-27T04:23:22+02:00,[38],[14]
2026-05-27T04:13:22+02:00,[37],[12]
2026-05-27T03:43:22+02:00,[37],[13]
2026-05-27T03:23:22+02:00,[37],[14]
2026-05-26T14:53:21+02:00,[38],[14]
2026-05-26T14:23:22+02:00,[37],[13]
2026-05-26T14:13:22+02:00,[37],[13]
2026-05-26T14:03:22+02:00,[37],[14]
2026-05-26T13:53:21+02:00,[37],[16]
2026-05-26T13:43:22+02:00,[37],[15]
2026-05-26T13:23:22+02:00,[37],[14]
2026-05-26T12:43:22+02:00,[37],[15]
2026-05-26T12:33:22+02:00,[37],[15]
2026-05-26T12:23:21+02:00,[37],[15]
2026-05-26T12:13:22+02:00,[37],[16]
2026-05-26T12:03:22+02:00,[37],[14]
2026-05-26T10:53:22+02:00,[37],[14]
2026-05-26T10:13:22+02:00,[37],[14]
2026-05-26T09:43:22+02:00,[37],[12]
2026-05-26T09:33:22+02:00,[37],[13]
2026-05-26T08:53:22+02:00,[37],[14]
2026-05-26T08:43:22+02:00,[37],[13]
2026-05-26T08:33:22+02:00,[37],[11]
2026-05-26T08:23:22+02:00,[37],[13]
2026-05-26T07:53:22+02:00,[38],[13]
2026-05-26T06:53:22+02:00,[37],[14]
2026-05-26T06:43:22+02:00,[37],[13]
2026-05-26T06:23:21+02:00,[38],[13]
2026-05-26T06:03:22+02:00,[37],[13]
2026-05-26T05:53:22+02:00,[37],[14]
2026-05-26T04:53:22+02:00,[37],[14]
2026-05-26T04:23:22+02:00,[37],[14]
2026-05-26T04:13:22+02:00,[37],[13]
2026-05-26T03:13:22+02:00,[37],[14]
2026-05-26T02:23:22+02:00,[37],[13]
2026-05-26T02:03:21+02:00,[38],[14]
2026-05-25T16:33:22+02:00,[37],[15]
2026-05-25T15:23:21+02:00,[37],[14]
2026-05-25T15:03:22+02:00,[37],[15]
2026-05-25T14:33:22+02:00,[37],[16]
2026-05-25T14:13:22+02:00,[38],[16]
2026-05-25T13:43:22+02:00,[38],[14]
2026-05-25T13:03:22+02:00,[37],[16]
2026-05-25T12:53:22+02:00,[37],[14]
2026-05-25T12:43:22+02:00,[37],[9]
2026-05-25T12:23:22+02:00,[38],[15]
2026-05-25T11:43:25+02:00,[37],[13]
2026-05-25T11:33:24+02:00,[37],[13]
2026-05-25T11:03:24+02:00,[38],[13]
2026-05-25T10:53:25+02:00,[37],[13]
2026-05-25T10:23:25+02:00,[37],[13]
2026-05-25T10:13:24+02:00,[38],[14]
2026-05-25T09:13:25+02:00,[37],[15]
2026-05-25T08:23:25+02:00,[38],[14]
2026-05-25T07:43:25+02:00,[38],[14]
2026-05-25T07:23:25+02:00,[38],[14]
2026-05-25T06:03:25+02:00,[37],[14]
2026-05-25T05:33:25+02:00,[38],[13]
2026-05-25T03:23:24+02:00,[38],[14]
2026-05-25T02:13:26+02:00,[37],[13]
2026-05-24T11:03:25+02:00,[37],[11]
2026-05-24T10:23:25+02:00,[37],[12]
2026-05-24T10:13:26+02:00,[37],[13]
2026-05-24T10:03:25+02:00,[37],[12]
2026-05-24T09:13:25+02:00,[37],[12]
2026-05-24T09:03:25+02:00,[37],[14]
2026-05-24T08:53:25+02:00,[37],[13]
2026-05-24T08:23:25+02:00,[37],[14]
2026-05-24T08:13:25+02:00,[37],[14]
2026-05-24T07:43:26+02:00,[37],[11]
2026-05-24T07:23:25+02:00,[37],[13]
2026-05-24T06:53:25+02:00,[38],[12]
2026-05-24T05:33:24+02:00,[37],[13]
2026-05-24T05:03:25+02:00,[37],[13]
2026-05-24T04:53:25+02:00,[37],[13]
2026-05-23T17:23:25+02:00,[37],[14]
2026-05-23T16:33:25+02:00,[37],[12]
2026-05-23T15:53:24+02:00,[37],[13]
2026-05-23T15:43:24+02:00,[37],[12]
2026-05-23T15:23:25+02:00,[37],[11]
2026-05-23T15:03:25+02:00,[37],[13]
2026-05-23T14:23:25+02:00,[37],[13]
2026-05-23T14:03:25+02:00,[37],[13]
2026-05-23T13:53:25+02:00,[37],[13]
2026-05-23T13:33:25+02:00,[37],[10]
2026-05-23T12:33:24+02:00,[37],[14]
2026-05-23T12:23:25+02:00,[37],[15]
2026-05-23T11:43:25+02:00,[38],[13]
2026-05-23T11:33:25+02:00,[37],[14]
2026-05-23T11:03:25+02:00,[37],[14]
2026-05-23T10:43:25+02:00,[37],[16]
2026-05-23T10:13:25+02:00,[37],[16]
2026-05-23T09:43:25+02:00,[37],[16]
2026-05-23T09:33:25+02:00,[37],[15]
2026-05-23T09:23:25+02:00,[37],[16]
2026-05-23T08:53:25+02:00,[37],[16]
2026-05-23T06:33:25+02:00,[37],[20]
2026-05-23T04:59:08+02:00,[38],[17]
2026-05-23T04:56:09+02:00,[60],[18]
2026-05-23T04:53:09+02:00,"[60,60]","[17,18]"
2026-05-23T04:46:09+02:00,"[60,60,60,60,60,60]","[16,17,18,18,16,18]"
2026-05-23T04:43:09+02:00,"[60,60]","[16,13]"
2026-05-23T04:40:09+02:00,[60],[17]
2026-05-22T18:03:25+02:00,[37],[16]
2026-05-22T17:53:25+02:00,[37],[17]
2026-05-22T17:43:24+02:00,[38],[11]
2026-05-22T17:03:25+02:00,[37],[16]
2026-05-22T16:43:24+02:00,[38],[13]
2026-05-22T16:13:25+02:00,[37],[17]
2026-05-22T13:43:25+02:00,[38],[19]
2026-05-22T13:03:25+02:00,[38],[16]
2026-05-22T12:53:25+02:00,[37],[21]
2026-05-22T11:23:28+02:00,[37],[18]
2026-05-22T10:53:27+02:00,[38],[16]
2026-05-22T08:33:28+02:00,[37],[15]
2026-05-22T08:13:29+02:00,[37],[12]
2026-05-22T07:53:27+02:00,[38],[15]
2026-05-22T07:43:28+02:00,[37],[14]
2026-05-22T07:33:28+02:00,[37],[14]
2026-05-22T07:23:28+02:00,[37],[15]
2026-05-22T07:03:28+02:00,[37],[13]
2026-05-22T06:43:27+02:00,[38],[16]
2026-05-22T05:33:28+02:00,[37],[13]
2026-05-22T05:13:28+02:00,[37],[14]
2026-05-22T04:23:28+02:00,[37],[15]
2026-05-22T04:13:28+02:00,[37],[13]
2026-05-22T03:23:28+02:00,[38],[14]
2026-05-22T03:13:28+02:00,[37],[14]
2026-05-22T02:53:28+02:00,[37],[13]
2026-05-21T16:23:28+02:00,[37],[12]
2026-05-21T14:53:27+02:00,[38],[13]
2026-05-21T14:23:28+02:00,[37],[11]
2026-05-21T14:13:28+02:00,[37],[9]
2026-05-21T13:33:30+02:00,[37],[13]
2026-05-21T11:43:29+02:00,[37],[13]
2026-05-21T11:23:27+02:00,[37],[14]
2026-05-21T10:03:28+02:00,[37],[12]
2026-05-21T09:23:28+02:00,[37],[12]
2026-05-21T09:13:28+02:00,[38],[14]
2026-05-21T08:53:28+02:00,[37],[12]
2026-05-21T08:43:28+02:00,[37],[13]
2026-05-21T08:03:28+02:00,[37],[12]
2026-05-21T07:53:28+02:00,[37],[13]
2026-05-21T07:23:29+02:00,[37],[13]
2026-05-21T06:43:28+02:00,[37],[12]
2026-05-21T05:43:28+02:00,[37],[12]
2026-05-21T04:43:28+02:00,[37],[12]
2026-05-21T04:33:28+02:00,[37],[14]
2026-05-21T03:43:28+02:00,[37],[13]
2026-05-21T03:23:28+02:00,[37],[13]
2026-05-21T03:13:28+02:00,[37],[11]
2026-05-21T02:53:28+02:00,[37],[14]
2026-05-21T02:33:27+02:00,[38],[14]
2026-05-21T02:23:28+02:00,[37],[13]
2026-05-20T14:13:28+02:00,[37],[15]
2026-05-20T13:53:28+02:00,[37],[15]
2026-05-20T13:13:27+02:00,[37],[16]
2026-05-20T12:53:28+02:00,[37],[14]
2026-05-20T12:23:28+02:00,[37],[15]
2026-05-20T10:23:28+02:00,[37],[12]
2026-05-20T10:03:28+02:00,[37],[12]
2026-05-20T08:23:28+02:00,[38],[14]
2026-05-20T08:13:29+02:00,[37],[12]
2026-05-20T07:43:28+02:00,[37],[14]
2026-05-20T07:03:28+02:00,[37],[13]
2026-05-20T06:13:28+02:00,[37],[11]
2026-05-20T05:33:29+02:00,[37],[13]
2026-05-20T05:23:28+02:00,[37],[13]
2026-05-20T05:13:28+02:00,[37],[11]
2026-05-20T05:03:28+02:00,[38],[13]
2026-05-20T03:23:28+02:00,[37],[13]
2026-05-20T03:13:28+02:00,[37],[14]
2026-05-20T03:03:28+02:00,[38],[14]
2026-05-19T17:23:27+02:00,[38],[11]
2026-05-19T17:13:28+02:00,[37],[12]
2026-05-19T16:33:28+02:00,[37],[12]
2026-05-19T16:23:28+02:00,[38],[13]
2026-05-19T15:53:29+02:00,[37],[13]
2026-05-19T15:33:27+02:00,[37],[14]
2026-05-19T14:33:28+02:00,[38],[13]
2026-05-19T14:13:27+02:00,[37],[14]
2026-05-19T13:23:27+02:00,[37],[15]
2026-05-19T13:03:28+02:00,[37],[14]
2026-05-19T12:33:28+02:00,[37],[14]
2026-05-19T11:43:31+02:00,[37],[15]
2026-05-19T10:53:31+02:00,[37],[14]
2026-05-19T10:33:31+02:00,[37],[13]
2026-05-19T10:13:31+02:00,[37],[14]
2026-05-19T08:53:31+02:00,[38],[11]
2026-05-19T08:43:31+02:00,[37],[14]
2026-05-19T07:53:31+02:00,[38],[13]
2026-05-19T07:33:31+02:00,[37],[13]
2026-05-19T07:03:31+02:00,[37],[12]
2026-05-19T06:13:31+02:00,[37],[14]
2026-05-19T06:03:30+02:00,[38],[13]
2026-05-19T05:43:31+02:00,[37],[14]
2026-05-19T05:33:30+02:00,[39],[13]
2026-05-19T05:13:31+02:00,[37],[13]
2026-05-19T04:23:31+02:00,[37],[13]
2026-05-19T04:13:31+02:00,[37],[16]
2026-05-19T03:43:31+02:00,[37],[15]
2026-05-19T02:22:56+02:00,[37],[14]
2026-05-18T15:53:31+02:00,[37],[14]
2026-05-18T15:23:31+02:00,[37],[13]
2026-05-18T15:13:31+02:00,[37],[14]
2026-05-18T14:53:32+02:00,[37],[14]
2026-05-18T14:43:31+02:00,[37],[15]
2026-05-18T14:23:31+02:00,[37],[14]
2026-05-18T14:13:31+02:00,[38],[14]
2026-05-18T13:53:31+02:00,[37],[11]
2026-05-18T13:33:32+02:00,[37],[13]
2026-05-18T13:03:31+02:00,[38],[13]
2026-05-18T12:53:32+02:00,[37],[13]
2026-05-18T12:23:30+02:00,[38],[13]
2026-05-18T11:43:31+02:00,[38],[13]
2026-05-18T11:33:31+02:00,[37],[12]
2026-05-18T10:43:31+02:00,[37],[15]
2026-05-18T09:43:31+02:00,[37],[13]
2026-05-18T09:33:31+02:00,[38],[13]
2026-05-18T09:03:31+02:00,[37],[15]
2026-05-18T08:53:32+02:00,[37],[12]
2026-05-18T07:53:31+02:00,[37],[13]
2026-05-18T07:43:31+02:00,[38],[12]
2026-05-18T07:13:30+02:00,[37],[14]
2026-05-18T06:13:31+02:00,[37],[13]
2026-05-18T05:33:31+02:00,[38],[13]
2026-05-18T04:43:31+02:00,[37],[15]
2026-05-18T04:33:31+02:00,[37],[13]
2026-05-18T04:23:31+02:00,[37],[12]
2026-05-18T04:13:31+02:00,[37],[13]
2026-05-18T04:03:31+02:00,[37],[14]
2026-05-18T03:33:31+02:00,[38],[14]
2026-05-18T03:23:31+02:00,[38],[13]
2026-05-18T02:33:30+02:00,[37],[14]
2026-05-18T02:13:30+02:00,[38],[14]
2026-05-17T16:03:31+02:00,[37],[13]
2026-05-17T15:53:31+02:00,[37],[14]
2026-05-17T15:43:30+02:00,[37],[14]
2026-05-17T15:23:31+02:00,[38],[12]
2026-05-17T15:03:31+02:00,[37],[9]
2026-05-17T14:23:30+02:00,[37],[13]
2026-05-17T13:33:30+02:00,[38],[14]
2026-05-17T13:03:31+02:00,[37],[13]
2026-05-17T12:53:31+02:00,[37],[13]
2026-05-17T11:03:31+02:00,[37],[12]
2026-05-17T10:13:31+02:00,[37],[14]
2026-05-17T09:43:31+02:00,[37],[12]
2026-05-17T09:23:31+02:00,[37],[13]
2026-05-17T09:13:31+02:00,[38],[13]
2026-05-17T08:43:31+02:00,[37],[11]
2026-05-17T08:23:31+02:00,[38],[12]
2026-05-17T07:53:31+02:00,[37],[13]
2026-05-17T07:43:31+02:00,[37],[13]
2026-05-17T07:03:31+02:00,[37],[14]
2026-05-17T06:53:31+02:00,[37],[12]
2026-05-17T06:13:31+02:00,[37],[14]
2026-05-17T05:23:31+02:00,[37],[12]
2026-05-17T04:53:31+02:00,[37],[12]
2026-05-17T04:43:32+02:00,[37],[14]
2026-05-17T04:13:30+02:00,[37],[13]
2026-05-16T18:33:31+02:00,[37],[13]
2026-05-16T17:53:31+02:00,[37],[12]
2026-05-16T17:23:31+02:00,[38],[13]
2026-05-16T17:13:31+02:00,[37],[12]
2026-05-16T16:23:31+02:00,[37],[13]
2026-05-16T16:03:31+02:00,[37],[12]
2026-05-16T14:33:31+02:00,[37],[12]
2026-05-16T14:23:31+02:00,[37],[14]
2026-05-16T14:03:31+02:00,[37],[14]
2026-05-16T12:43:31+02:00,[37],[16]
2026-05-16T12:23:31+02:00,[37],[17]
2026-05-16T12:13:32+02:00,[37],[14]
2026-05-16T11:43:35+02:00,[37],[13]
2026-05-16T10:33:35+02:00,[37],[15]
2026-05-16T10:13:35+02:00,[37],[16]
2026-05-16T10:03:35+02:00,[37],[14]
2026-05-16T09:43:35+02:00,[37],[14]
2026-05-16T09:33:35+02:00,[37],[15]
2026-05-16T09:23:35+02:00,[37],[15]
2026-05-16T09:03:34+02:00,[38],[14]
2026-05-16T08:53:35+02:00,[37],[14]
2026-05-16T08:23:35+02:00,[37],[15]
2026-05-16T08:13:36+02:00,[37],[15]
2026-05-16T07:53:35+02:00,[37],[18]
2026-05-16T07:13:36+02:00,[37],[14]
2026-05-16T06:43:34+02:00,[38],[13]
2026-05-15T13:33:36+02:00,[37],[12]
2026-05-15T13:23:35+02:00,[37],[14]
2026-05-15T12:33:35+02:00,[37],[15]
2026-05-15T12:13:34+02:00,[37],[14]
2026-05-15T12:03:35+02:00,[37],[14]
2026-05-15T11:23:35+02:00,[37],[12]
2026-05-15T11:13:35+02:00,[38],[13]
2026-05-15T09:03:35+02:00,[38],[13]
2026-05-15T08:53:35+02:00,[37],[13]
2026-05-15T08:43:35+02:00,[37],[14]
2026-05-15T07:33:35+02:00,[37],[14]
2026-05-15T07:13:35+02:00,[37],[14]
2026-05-15T06:53:36+02:00,[37],[15]
2026-05-15T06:33:35+02:00,[37],[13]
2026-05-15T06:03:35+02:00,[37],[13]
2026-05-15T04:53:34+02:00,[37],[15]
2026-05-15T03:53:35+02:00,[37],[13]
2026-05-15T03:43:35+02:00,[37],[13]
2026-05-15T03:33:35+02:00,[37],[13]
2026-05-15T02:23:35+02:00,[38],[15]
2026-05-14T17:03:35+02:00,[37],[8]
2026-05-14T16:23:35+02:00,[37],[14]
2026-05-14T15:43:35+02:00,[38],[16]
2026-05-14T15:13:35+02:00,[37],[16]
2026-05-14T15:03:35+02:00,[37],[16]
2026-05-14T14:53:35+02:00,[37],[15]
2026-05-14T14:03:35+02:00,[37],[17]
2026-05-14T13:33:35+02:00,[37],[18]
2026-05-14T13:13:35+02:00,[37],[15]
2026-05-14T12:53:35+02:00,[37],[17]
2026-05-14T12:23:35+02:00,[37],[15]
2026-05-14T11:43:35+02:00,[37],[17]
2026-05-14T09:23:34+02:00,[38],[17]
2026-05-14T07:03:35+02:00,[37],[18]
2026-05-14T06:43:36+02:00,[37],[10]
2026-05-14T06:03:35+02:00,[37],[18]
2026-05-14T04:53:35+02:00,[37],[19]
2026-05-14T04:43:35+02:00,[37],[11]
2026-05-14T04:03:36+02:00,[37],[13]
2026-05-13T12:33:35+02:00,[37],[24]
2026-05-13T12:10:10+02:00,[60],[22]
2026-05-13T12:08:10+02:00,[60],[20]
2026-05-13T12:05:10+02:00,"[60,60]","[19,21]"
2026-05-13T12:03:10+02:00,[60],[20]
2026-05-13T11:59:10+02:00,[60],[15]
2026-05-13T11:57:10+02:00,[60],[16]
2026-05-13T11:55:09+02:00,"[60,60]","[16,17]"
2026-05-13T11:53:09+02:00,[60],[16]
2026-05-13T11:33:38+02:00,[37],[12]
2026-05-13T11:23:38+02:00,[37],[13]
2026-05-13T10:33:38+02:00,[38],[14]
2026-05-13T07:33:38+02:00,[37],[14]
2026-05-13T07:03:38+02:00,[37],[12]
2026-05-13T06:53:38+02:00,[38],[12]
2026-05-13T06:03:38+02:00,[38],[14]
2026-05-13T05:53:37+02:00,[37],[13]
2026-05-13T04:43:38+02:00,[37],[15]
2026-05-13T03:43:38+02:00,[38],[14]
2026-05-13T03:23:38+02:00,[37],[15]
2026-05-13T03:03:38+02:00,[37],[13]
2026-05-13T02:53:38+02:00,[37],[14]
2026-05-13T02:43:38+02:00,[38],[12]
2026-05-13T02:33:38+02:00,[37],[13]
2026-05-13T02:03:38+02:00,[37],[13]
2026-05-12T18:13:38+02:00,[37],[10]
2026-05-12T17:53:38+02:00,[37],[11]
2026-05-12T17:43:38+02:00,[37],[11]
2026-05-12T17:23:38+02:00,[38],[13]
2026-05-12T16:53:37+02:00,[37],[14]
2026-05-12T16:33:37+02:00,[38],[14]
2026-05-12T15:53:39+02:00,[37],[15]
2026-05-12T15:43:37+02:00,[38],[16]
2026-05-12T14:03:37+02:00,[37],[16]
2026-05-12T13:43:38+02:00,[37],[14]
2026-05-12T13:33:38+02:00,[37],[14]
2026-05-12T13:23:37+02:00,[38],[13]
2026-05-12T13:13:38+02:00,[37],[13]
2026-05-12T12:13:38+02:00,[37],[15]
2026-05-12T12:03:38+02:00,[37],[14]
2026-05-12T10:53:38+02:00,[38],[13]
2026-05-12T10:43:37+02:00,[38],[14]
2026-05-12T10:33:38+02:00,[37],[13]
2026-05-12T10:03:38+02:00,[37],[14]
2026-05-12T09:53:38+02:00,[37],[14]
2026-05-12T09:33:38+02:00,[37],[16]
2026-05-12T08:53:38+02:00,[37],[13]
2026-05-12T08:43:38+02:00,[37],[13]
2026-05-12T08:13:38+02:00,[37],[14]
2026-05-12T07:43:38+02:00,[37],[14]
2026-05-12T06:43:37+02:00,[38],[15]
2026-05-12T06:13:37+02:00,[38],[14]
2026-05-12T05:53:39+02:00,[37],[15]
2026-05-12T05:33:38+02:00,[37],[17]
2026-05-12T05:13:38+02:00,[38],[15]
2026-05-12T04:33:38+02:00,[37],[15]
2026-05-12T04:23:38+02:00,[38],[16]
2026-05-12T04:03:38+02:00,[37],[15]
2026-05-12T03:53:38+02:00,[37],[16]
2026-05-12T03:43:38+02:00,[37],[15]
2026-05-12T03:33:38+02:00,[37],[14]
2026-05-12T03:13:39+02:00,[37],[13]
2026-05-12T03:03:38+02:00,[37],[14]
2026-05-12T02:33:38+02:00,[38],[15]
2026-05-12T02:13:38+02:00,[38],[14]
2026-05-12T02:03:38+02:00,[38],[16]
2026-05-12T01:53:38+02:00,[37],[14]
2026-05-12T01:43:38+02:00,[37],[16]
2026-05-12T01:13:38+02:00,[38],[15]
2026-05-11T15:43:38+02:00,[37],[13]
2026-05-11T15:33:38+02:00,[37],[16]
2026-05-11T15:03:38+02:00,[37],[15]
2026-05-11T14:53:38+02:00,[38],[16]
2026-05-11T14:33:37+02:00,[38],[15]
2026-05-11T13:33:37+02:00,[38],[13]
2026-05-11T12:53:38+02:00,[37],[15]
2026-05-11T12:43:37+02:00,[38],[14]
2026-05-11T12:23:38+02:00,[37],[13]
2026-05-11T12:13:38+02:00,[37],[14]
2026-05-11T10:43:37+02:00,[38],[15]
2026-05-11T10:03:38+02:00,[37],[15]
2026-05-11T09:43:38+02:00,[37],[14]
2026-05-11T09:33:38+02:00,[37],[13]
2026-05-11T09:23:38+02:00,[37],[16]
2026-05-11T09:13:38+02:00,[38],[15]
2026-05-11T09:03:39+02:00,[37],[15]
2026-05-11T08:53:38+02:00,[38],[15]
2026-05-11T08:43:38+02:00,[37],[16]
2026-05-11T08:23:38+02:00,[37],[19]
2026-05-11T08:13:38+02:00,[37],[17]
2026-05-11T08:03:38+02:00,[37],[15]
2026-05-11T07:33:38+02:00,[37],[14]
2026-05-11T07:03:38+02:00,[37],[16]
2026-05-11T06:43:38+02:00,[37],[15]
2026-05-11T06:03:38+02:00,[37],[14]
2026-05-11T05:23:38+02:00,[37],[15]
2026-05-11T04:33:39+02:00,[37],[18]
2026-05-11T03:43:38+02:00,[37],[15]
2026-05-11T03:23:38+02:00,[38],[15]
2026-05-11T03:13:38+02:00,[37],[17]
2026-05-11T02:33:38+02:00,[37],[19]
2026-05-11T02:03:38+02:00,[38],[19]
2026-05-10T11:13:39+02:00,[37],[17]
2026-05-10T10:59:09+02:00,"[60,60,60]","[17,18,17]"
2026-05-10T10:55:09+02:00,"[60,60,60]","[18,17,17]"
2026-05-10T10:52:09+02:00,"[60,60]","[16,15]"
2026-05-10T10:49:09+02:00,"[60,60]","[15,16]"
2026-05-10T10:23:38+02:00,[37],[11]
2026-05-10T09:43:38+02:00,[37],[13]
2026-05-10T09:03:37+02:00,[37],[15]
2026-05-10T08:33:38+02:00,[37],[11]
2026-05-10T08:23:38+02:00,[37],[12]
2026-05-10T07:23:38+02:00,[37],[13]
2026-05-10T06:03:38+02:00,[37],[14]
2026-05-10T05:33:38+02:00,[37],[12]
2026-05-10T05:13:38+02:00,[38],[14]
2026-05-10T05:03:38+02:00,[37],[14]
2026-05-10T04:03:38+02:00,[37],[14]
2026-05-10T02:33:37+02:00,[37],[15]
2026-05-10T02:13:38+02:00,[37],[13]
2026-05-10T01:43:39+02:00,[37],[13]
2026-05-09T13:23:41+02:00,[37],[11]
2026-05-09T13:13:41+02:00,[37],[11]
2026-05-09T12:23:41+02:00,[37],[14]
2026-05-09T12:13:41+02:00,[38],[16]
2026-05-09T12:03:41+02:00,[37],[15]
2026-05-09T11:13:41+02:00,[37],[12]
2026-05-09T10:13:41+02:00,[38],[13]
2026-05-09T09:23:41+02:00,[37],[15]
2026-05-09T08:53:41+02:00,[37],[14]
2026-05-09T08:43:40+02:00,[38],[12]
2026-05-09T07:13:41+02:00,[37],[14]
2026-05-09T07:03:41+02:00,[37],[14]
2026-05-09T06:33:41+02:00,[38],[15]
2026-05-09T06:23:41+02:00,[37],[15]
2026-05-09T05:53:40+02:00,[37],[17]
2026-05-09T04:23:41+02:00,[37],[14]
2026-05-09T04:13:41+02:00,[37],[16]
2026-05-09T03:53:41+02:00,[37],[14]
2026-05-08T15:53:41+02:00,[37],[12]
2026-05-08T15:23:41+02:00,[37],[15]
2026-05-08T15:03:41+02:00,[37],[17]
2026-05-08T14:53:41+02:00,[37],[18]
2026-05-08T14:03:41+02:00,[38],[16]
2026-05-08T13:53:41+02:00,[37],[16]
2026-05-08T13:23:41+02:00,[37],[16]
2026-05-08T12:53:41+02:00,[37],[15]
2026-05-08T11:23:41+02:00,[37],[11]
2026-05-08T10:53:41+02:00,[37],[15]
2026-05-08T10:43:41+02:00,[38],[13]
2026-05-08T10:33:41+02:00,[37],[13]
2026-05-08T10:03:41+02:00,[38],[12]
2026-05-08T09:53:41+02:00,[38],[14]
2026-05-08T09:43:41+02:00,[37],[12]
2026-05-08T09:33:41+02:00,[37],[13]
2026-05-08T09:23:41+02:00,[37],[14]
2026-05-08T09:13:41+02:00,[37],[13]
2026-05-08T08:53:42+02:00,[37],[13]
2026-05-08T08:33:41+02:00,[37],[13]
2026-05-08T08:23:41+02:00,[37],[13]
2026-05-08T07:53:42+02:00,[37],[13]
2026-05-08T07:33:41+02:00,[38],[14]
2026-05-08T07:23:41+02:00,[37],[14]
2026-05-08T06:33:41+02:00,[38],[13]
2026-05-08T05:43:40+02:00,[38],[15]
2026-05-08T04:53:41+02:00,[38],[14]
2026-05-08T04:33:41+02:00,[37],[12]
2026-05-08T04:03:41+02:00,[37],[13]
2026-05-08T03:43:41+02:00,[38],[12]
2026-05-08T03:03:42+02:00,[37],[15]
2026-05-08T02:43:41+02:00,[37],[14]
2026-05-07T15:53:41+02:00,[37],[11]
2026-05-07T15:13:41+02:00,[38],[15]
2026-05-07T15:03:41+02:00,[37],[16]
2026-05-07T14:23:41+02:00,[38],[10]
2026-05-07T13:43:41+02:00,[37],[14]
2026-05-07T13:23:41+02:00,[37],[15]
2026-05-07T13:13:41+02:00,[37],[12]
2026-05-07T12:33:42+02:00,[37],[15]
2026-05-07T09:43:40+02:00,[38],[14]
2026-05-07T09:23:41+02:00,[37],[14]
2026-05-07T08:23:41+02:00,[37],[12]
2026-05-07T08:13:41+02:00,[37],[13]
2026-05-07T07:03:45+02:00,[37],[13]
2026-05-07T06:53:44+02:00,[37],[14]
2026-05-07T04:43:45+02:00,[37],[13]
2026-05-07T04:33:44+02:00,[38],[14]
2026-05-07T04:13:44+02:00,[37],[14]
2026-05-07T03:33:43+02:00,[38],[13]
2026-05-07T03:23:44+02:00,[38],[12]
2026-05-07T03:03:44+02:00,[37],[12]
2026-05-07T02:53:44+02:00,[37],[12]
2026-05-07T02:23:44+02:00,[37],[13]
2026-05-06T10:43:44+02:00,[37],[15]
2026-05-06T10:13:44+02:00,[37],[16]
2026-05-06T10:03:44+02:00,[38],[16]
2026-05-06T09:43:44+02:00,[37],[16]
2026-05-06T08:53:44+02:00,[37],[15]
2026-05-06T07:53:43+02:00,[38],[16]
2026-05-06T06:43:44+02:00,[37],[15]
2026-05-06T05:53:44+02:00,[37],[14]
2026-05-06T05:43:44+02:00,[38],[15]
2026-05-06T05:33:43+02:00,[38],[13]
2026-05-06T05:13:44+02:00,[38],[15]
2026-05-06T05:04:54+02:00,[37],[15]
2026-05-06T04:53:44+02:00,[38],[14]
2026-05-06T04:13:44+02:00,[37],[15]
2026-05-06T03:43:44+02:00,[37],[16]
2026-05-06T03:23:44+02:00,[38],[17]
2026-05-06T02:43:43+02:00,[37],[16]
2026-05-06T02:23:44+02:00,[37],[16]
2026-05-05T16:33:44+02:00,[37],[17]
2026-05-05T15:33:44+02:00,[37],[14]
2026-05-05T15:23:43+02:00,[37],[17]
2026-05-05T14:53:43+02:00,[37],[18]
2026-05-05T13:13:44+02:00,[38],[15]
2026-05-05T13:03:45+02:00,[37],[14]
2026-05-05T12:53:44+02:00,[38],[18]
2026-05-05T12:43:44+02:00,[37],[14]
2026-05-05T12:03:44+02:00,[38],[16]
2026-05-05T11:33:43+02:00,[38],[14]
2026-05-05T11:23:44+02:00,[37],[15]
2026-05-05T11:14:07+02:00,[37],[18]
2026-05-05T10:03:44+02:00,[37],[17]
2026-05-05T09:33:44+02:00,[38],[15]
2026-05-05T08:43:44+02:00,[37],[15]
2026-05-05T07:53:44+02:00,[37],[15]
2026-05-05T07:33:44+02:00,[37],[15]
2026-05-05T07:13:44+02:00,[38],[14]
2026-05-05T07:03:44+02:00,[37],[10]
2026-05-05T06:53:44+02:00,[37],[14]
2026-05-05T06:43:44+02:00,[37],[14]
2026-05-05T06:33:44+02:00,[37],[13]
2026-05-05T06:23:44+02:00,[37],[14]
2026-05-05T06:13:44+02:00,[37],[15]
2026-05-05T06:03:44+02:00,[37],[17]
2026-05-05T05:43:43+02:00,[38],[16]
2026-05-05T05:33:44+02:00,[37],[15]
2026-05-05T05:23:44+02:00,[37],[16]
2026-05-05T04:53:44+02:00,[38],[16]
2026-05-05T04:43:44+02:00,[38],[16]
2026-05-05T04:23:44+02:00,[37],[16]
2026-05-05T03:43:44+02:00,[37],[17]
2026-05-05T03:33:44+02:00,[38],[15]
2026-05-05T03:13:44+02:00,[37],[17]
2026-05-05T03:03:44+02:00,[38],[14]
2026-05-05T02:33:44+02:00,[37],[15]
2026-05-05T02:13:44+02:00,[38],[17]
2026-05-05T01:33:44+02:00,[38],[13]
2026-05-04T15:03:44+02:00,[38],[20]
2026-05-04T14:23:44+02:00,[37],[18]
2026-05-04T14:13:44+02:00,[38],[19]
2026-05-04T13:53:44+02:00,[37],[18]
2026-05-04T12:53:44+02:00,[38],[19]
2026-05-04T12:33:44+02:00,[37],[15]
2026-05-04T11:43:44+02:00,[37],[13]
2026-05-04T11:13:44+02:00,[37],[14]
2026-05-04T10:23:44+02:00,[38],[15]
2026-05-04T10:13:44+02:00,[37],[16]
2026-05-04T09:53:44+02:00,[37],[16]
2026-05-04T09:33:44+02:00,[37],[16]
2026-05-04T09:23:43+02:00,[37],[15]
2026-05-04T08:53:44+02:00,[37],[10]
2026-05-04T08:13:44+02:00,[38],[16]
2026-05-04T07:13:44+02:00,[37],[17]
2026-05-04T06:23:44+02:00,[37],[17]
2026-05-04T06:03:44+02:00,[37],[16]
2026-05-04T05:23:44+02:00,[37],[18]
2026-05-04T05:13:44+02:00,[38],[16]
2026-05-04T04:53:44+02:00,[38],[16]
2026-05-04T04:23:44+02:00,[37],[16]
2026-05-04T04:13:44+02:00,[38],[17]
2026-05-04T03:53:44+02:00,[37],[18]
2026-05-04T03:23:44+02:00,[38],[15]
2026-05-04T03:13:45+02:00,[37],[15]
2026-05-04T03:03:44+02:00,[37],[16]
2026-05-04T02:53:44+02:00,[38],[14]
2026-05-04T02:23:49+02:00,[37],[14]
2026-05-03T16:33:49+02:00,[38],[13]
2026-05-03T16:23:49+02:00,[37],[10]
2026-05-03T16:13:49+02:00,[37],[12]
2026-05-03T15:53:48+02:00,[38],[13]
2026-05-03T15:23:49+02:00,[37],[16]
2026-05-03T14:43:48+02:00,[37],[14]
2026-05-03T14:33:49+02:00,[38],[15]
2026-05-03T13:43:49+02:00,[37],[14]
2026-05-03T13:03:48+02:00,[37],[13]
2026-05-03T12:43:48+02:00,[37],[15]
2026-05-03T11:33:49+02:00,[37],[13]
2026-05-03T10:53:49+02:00,[37],[14]
2026-05-03T10:43:50+02:00,[37],[15]
2026-05-03T10:33:49+02:00,[37],[15]
2026-05-03T10:23:48+02:00,[38],[17]
2026-05-03T09:53:49+02:00,[37],[15]
2026-05-03T09:03:49+02:00,[38],[13]
2026-05-03T08:53:49+02:00,[37],[13]
2026-05-03T08:13:49+02:00,[37],[15]
2026-05-03T08:03:49+02:00,[37],[14]
2026-05-03T07:43:49+02:00,[37],[13]
2026-05-03T07:33:49+02:00,[37],[15]
2026-05-03T06:13:49+02:00,[37],[12]
2026-05-03T06:03:49+02:00,[37],[15]
2026-05-03T05:53:49+02:00,[37],[12]
2026-05-03T05:33:49+02:00,[38],[13]
2026-05-03T05:13:49+02:00,[37],[14]
2026-05-03T04:53:49+02:00,[37],[12]
2026-05-03T04:33:49+02:00,[37],[14]
2026-05-03T04:13:49+02:00,[38],[14]
2026-05-03T04:03:49+02:00,[38],[13]
2026-05-02T13:13:49+02:00,[37],[12]
2026-05-02T12:53:49+02:00,[37],[13]
2026-05-02T12:43:49+02:00,[37],[13]
2026-05-02T12:23:49+02:00,[38],[15]
2026-05-02T11:43:49+02:00,[38],[13]
2026-05-02T11:03:50+02:00,[37],[15]
2026-05-02T10:03:49+02:00,[37],[16]
2026-05-02T09:33:50+02:00,[37],[15]
2026-05-02T08:23:49+02:00,[38],[15]
2026-05-02T07:43:49+02:00,[37],[15]
2026-05-02T07:13:48+02:00,[37],[18]
2026-05-02T06:53:48+02:00,[38],[17]
2026-05-02T06:32:44+02:00,[37],[16]
2026-05-02T06:12:44+02:00,[37],[17]
2026-05-02T06:02:44+02:00,[38],[16]
2026-05-02T05:52:45+02:00,[37],[19]
2026-05-02T05:42:44+02:00,[38],[14]
2026-05-02T05:33:15+02:00,[37],[16]
2026-05-02T05:22:16+02:00,[37],[14]
2026-05-02T05:12:16+02:00,[37],[12]
2026-05-02T05:02:12+02:00,[37],[18]
2026-05-02T04:48:23+02:00,[38],[15]
2026-05-02T04:28:23+02:00,[37],[10]
2026-05-02T02:58:22+02:00,[37],[14]
2026-05-01T17:28:23+02:00,[37],[14]
2026-05-01T17:18:23+02:00,[37],[13]
2026-05-01T17:08:23+02:00,[38],[12]
2026-05-01T16:58:23+02:00,[38],[14]
2026-05-01T16:48:23+02:00,[38],[14]
2026-05-01T16:38:23+02:00,[37],[13]
2026-05-01T16:28:22+02:00,[37],[16]
2026-05-01T16:18:23+02:00,[37],[10]
2026-05-01T15:18:22+02:00,[37],[15]
2026-05-01T15:08:23+02:00,[37],[13]
2026-05-01T14:48:23+02:00,[38],[14]
2026-05-01T14:38:23+02:00,[38],[15]
2026-05-01T14:18:23+02:00,[37],[15]
2026-05-01T13:58:23+02:00,[37],[17]
2026-05-01T13:48:23+02:00,[37],[16]
2026-05-01T13:28:23+02:00,[37],[16]
2026-05-01T12:38:23+02:00,[37],[16]
2026-05-01T11:48:23+02:00,[37],[16]
2026-05-01T11:38:22+02:00,[37],[17]
2026-05-01T11:18:22+02:00,[37],[17]
2026-05-01T10:48:23+02:00,[37],[14]
2026-05-01T09:58:22+02:00,[37],[14]
2026-05-01T08:58:22+02:00,[38],[14]
2026-05-01T08:38:23+02:00,[37],[14]
2026-05-01T08:08:23+02:00,[37],[13]
2026-05-01T07:38:23+02:00,[37],[15]
2026-05-01T07:28:23+02:00,[37],[15]
2026-05-01T07:08:23+02:00,[37],[15]
2026-05-01T06:18:22+02:00,[38],[14]
2026-05-01T05:48:23+02:00,[37],[12]
2026-05-01T05:28:23+02:00,[37],[14]
2026-05-01T05:18:23+02:00,[38],[13]
2026-05-01T05:08:27+02:00,[37],[15]
2026-05-01T04:18:26+02:00,[37],[15]
2026-05-01T04:08:26+02:00,[37],[15]
2026-05-01T03:48:26+02:00,[37],[13]
2026-05-01T03:38:26+02:00,[37],[15]
2026-05-01T03:18:25+02:00,[38],[15]
2026-05-01T02:58:26+02:00,[37],[16]
2026-05-01T01:58:26+02:00,[37],[16]
2026-04-30T16:18:26+02:00,[37],[11]
2026-04-30T16:08:26+02:00,[38],[13]
2026-04-30T15:58:26+02:00,[37],[11]
2026-04-30T15:38:26+02:00,[37],[15]
2026-04-30T15:28:26+02:00,[37],[14]
2026-04-30T14:48:26+02:00,[37],[13]
2026-04-30T14:28:26+02:00,[38],[14]
2026-04-30T13:38:26+02:00,[37],[15]
2026-04-30T13:28:26+02:00,[37],[15]
2026-04-30T13:08:26+02:00,[38],[12]
2026-04-30T12:58:26+02:00,[37],[15]
2026-04-30T11:48:26+02:00,[37],[16]
2026-04-30T11:38:26+02:00,[37],[15]
2026-04-30T11:18:26+02:00,[37],[15]
2026-04-30T11:08:26+02:00,[37],[15]
2026-04-30T09:08:26+02:00,[37],[13]
2026-04-30T08:28:27+02:00,[37],[13]
2026-04-30T07:28:26+02:00,[38],[15]
2026-04-30T06:38:25+02:00,[38],[15]
2026-04-30T05:48:26+02:00,[37],[13]
2026-04-30T04:58:26+02:00,[37],[12]
2026-04-30T04:48:25+02:00,[38],[12]
2026-04-30T04:08:26+02:00,[38],[15]
2026-04-30T03:58:26+02:00,[37],[12]
2026-04-30T03:48:26+02:00,[37],[14]
2026-04-30T03:38:27+02:00,[37],[14]
2026-04-30T02:28:26+02:00,[37],[13]
2026-04-30T01:58:26+02:00,[38],[13]
2026-04-29T17:28:26+02:00,[37],[13]
2026-04-29T17:18:26+02:00,[37],[15]
2026-04-29T16:58:26+02:00,[37],[14]
2026-04-29T16:48:27+02:00,[37],[14]
2026-04-29T16:18:26+02:00,[37],[13]
2026-04-29T15:38:26+02:00,[37],[15]
2026-04-29T15:28:26+02:00,[37],[14]
2026-04-29T15:18:26+02:00,[37],[14]
2026-04-29T14:48:26+02:00,[37],[15]
2026-04-29T14:18:26+02:00,[37],[14]
2026-04-29T13:58:27+02:00,[37],[12]
2026-04-29T13:48:26+02:00,[37],[13]
2026-04-29T13:28:26+02:00,[37],[13]
2026-04-29T13:18:26+02:00,[38],[13]
2026-04-29T13:08:26+02:00,[37],[14]
2026-04-29T12:58:26+02:00,[38],[14]
2026-04-29T12:18:26+02:00,[38],[13]
2026-04-29T10:58:26+02:00,[37],[12]
2026-04-29T10:18:26+02:00,[37],[13]
2026-04-29T09:38:26+02:00,[37],[11]
2026-04-29T08:08:26+02:00,[37],[13]
2026-04-29T06:48:26+02:00,[37],[14]
2026-04-29T06:28:26+02:00,[37],[14]
2026-04-29T03:48:26+02:00,[37],[16]
2026-04-29T03:28:26+02:00,[37],[14]
2026-04-29T03:08:25+02:00,[38],[12]
2026-04-29T02:28:26+02:00,[37],[12]
2026-04-29T01:28:26+02:00,[37],[13]
2026-04-29T01:18:26+02:00,[37],[13]
2026-04-28T15:28:27+02:00,[37],[14]
2026-04-28T14:48:26+02:00,[37],[14]
2026-04-28T14:28:26+02:00,[37],[16]
2026-04-28T14:08:26+02:00,[37],[14]
2026-04-28T13:58:26+02:00,[37],[15]
2026-04-28T13:48:25+02:00,[37],[16]
2026-04-28T12:48:25+02:00,[37],[14]
2026-04-28T10:18:26+02:00,[37],[14]
2026-04-28T09:18:26+02:00,[37],[14]
2026-04-28T09:08:26+02:00,[38],[12]
2026-04-28T08:28:26+02:00,[37],[15]
2026-04-28T07:28:26+02:00,[37],[15]
2026-04-28T06:58:27+02:00,[37],[14]
2026-04-28T06:48:26+02:00,[37],[16]
2026-04-28T06:38:26+02:00,[38],[14]
2026-04-28T05:58:26+02:00,[38],[16]
2026-04-28T05:38:26+02:00,[37],[15]
2026-04-28T05:28:26+02:00,[37],[18]
2026-04-28T04:38:26+02:00,[38],[16]
2026-04-28T04:28:26+02:00,[37],[16]
2026-04-28T04:18:26+02:00,[37],[16]
2026-04-28T04:08:26+02:00,[37],[15]
2026-04-28T03:48:25+02:00,[38],[16]
2026-04-28T03:38:26+02:00,[37],[15]
2026-04-28T03:28:26+02:00,[37],[16]
2026-04-28T03:18:26+02:00,[37],[15]
2026-04-28T03:08:26+02:00,[38],[16]
2026-04-28T02:38:26+02:00,[37],[16]
2026-04-28T01:58:27+02:00,[37],[15]
2026-04-28T01:48:29+02:00,[37],[17]
2026-04-28T01:38:29+02:00,[37],[16]
2026-04-28T01:28:29+02:00,[37],[16]
2026-04-28T01:08:29+02:00,[37],[14]
2026-04-27T15:48:28+02:00,[38],[17]
2026-04-27T14:48:29+02:00,[37],[16]
2026-04-27T14:38:29+02:00,[37],[18]
2026-04-27T12:08:29+02:00,[37],[17]
2026-04-27T11:48:29+02:00,[37],[16]
2026-04-27T11:28:29+02:00,[37],[16]
2026-04-27T11:18:29+02:00,[37],[15]
2026-04-27T11:08:30+02:00,[37],[17]
2026-04-27T10:58:28+02:00,[38],[20]
2026-04-27T10:18:29+02:00,[38],[14]
2026-04-27T10:08:29+02:00,[37],[16]
2026-04-27T09:48:29+02:00,[38],[15]
2026-04-27T09:18:29+02:00,[37],[16]
2026-04-27T08:29:10+02:00,[60],[19]
2026-04-27T08:20:10+02:00,[60],[14]
2026-04-27T08:17:10+02:00,[60],[15]
2026-04-27T07:38:28+02:00,[38],[10]
2026-04-27T07:18:29+02:00,[38],[13]
2026-04-27T06:58:29+02:00,[37],[14]
2026-04-27T06:28:28+02:00,[37],[15]
2026-04-27T05:38:29+02:00,[37],[13]
2026-04-27T05:28:29+02:00,[37],[13]
2026-04-27T04:08:29+02:00,[37],[14]
2026-04-27T03:38:29+02:00,[37],[13]
2026-04-27T03:18:29+02:00,[37],[13]
2026-04-27T02:48:29+02:00,[37],[14]
2026-04-27T02:38:30+02:00,[37],[13]
2026-04-27T01:48:29+02:00,[37],[13]
2026-04-26T15:48:29+02:00,[37],[12]
2026-04-26T15:08:28+02:00,[38],[13]
2026-04-26T14:48:29+02:00,[37],[13]
2026-04-26T13:28:29+02:00,[37],[13]
2026-04-26T13:08:29+02:00,[38],[12]
2026-04-26T12:58:28+02:00,[38],[14]
2026-04-26T12:18:29+02:00,[37],[12]
2026-04-26T12:08:29+02:00,[37],[12]
2026-04-26T11:58:29+02:00,[37],[14]
2026-04-26T11:18:29+02:00,[38],[13]
2026-04-26T10:58:42+02:00,[37],[13]
2026-04-26T09:18:29+02:00,[38],[13]
2026-04-26T07:48:29+02:00,[37],[13]
2026-04-26T07:08:29+02:00,[37],[13]
2026-04-26T06:38:28+02:00,[37],[13]
2026-04-26T05:58:29+02:00,[38],[13]
2026-04-26T05:38:28+02:00,[38],[13]
2026-04-26T05:08:29+02:00,[37],[12]
2026-04-26T04:28:29+02:00,[37],[13]
2026-04-26T04:08:30+02:00,[37],[14]
2026-04-26T03:38:29+02:00,[37],[12]
2026-04-26T03:28:29+02:00,[37],[12]
2026-04-26T02:28:29+02:00,[37],[13]
2026-04-26T01:58:29+02:00,[37],[14]
2026-04-25T15:38:29+02:00,[37],[12]
2026-04-25T15:18:29+02:00,[37],[13]
2026-04-25T15:08:29+02:00,[37],[13]
2026-04-25T14:38:29+02:00,[37],[13]
2026-04-25T14:28:29+02:00,[38],[12]
2026-04-25T13:38:29+02:00,[37],[12]
2026-04-25T13:18:29+02:00,[37],[12]
2026-04-25T13:08:29+02:00,[38],[13]
2026-04-25T12:38:29+02:00,[38],[12]
2026-04-25T12:28:29+02:00,[37],[13]
2026-04-25T12:08:28+02:00,[37],[14]
2026-04-25T11:58:29+02:00,[38],[12]
2026-04-25T10:48:28+02:00,[38],[13]
2026-04-25T09:58:29+02:00,[38],[11]
2026-04-25T09:48:29+02:00,[38],[12]
2026-04-25T09:18:29+02:00,[37],[13]
2026-04-25T09:08:29+02:00,[37],[13]
2026-04-25T08:58:29+02:00,[38],[12]
2026-04-25T08:28:29+02:00,[37],[13]
2026-04-25T07:58:29+02:00,[38],[12]
2026-04-25T06:58:29+02:00,[37],[13]
2026-04-25T05:58:32+02:00,[37],[13]
2026-04-25T05:48:32+02:00,[37],[12]
2026-04-25T04:38:32+02:00,[37],[12]
2026-04-25T04:28:32+02:00,[37],[14]
2026-04-25T02:58:32+02:00,[37],[11]
2026-04-25T02:48:32+02:00,[37],[12]
2026-04-25T02:38:32+02:00,[37],[12]
2026-04-25T02:28:32+02:00,[38],[11]
2026-04-24T15:18:32+02:00,[37],[12]
2026-04-24T14:38:32+02:00,[38],[13]
2026-04-24T14:28:32+02:00,[37],[14]
2026-04-24T13:48:32+02:00,[37],[14]
2026-04-24T12:58:32+02:00,[37],[12]
2026-04-24T12:18:32+02:00,[37],[13]
2026-04-24T11:48:31+02:00,[37],[16]
2026-04-24T10:58:32+02:00,[37],[13]
2026-04-24T10:38:31+02:00,[37],[13]
2026-04-24T09:38:32+02:00,[37],[13]
2026-04-24T08:38:32+02:00,[38],[13]
2026-04-24T08:28:32+02:00,[38],[14]
2026-04-24T08:18:32+02:00,[37],[14]
2026-04-24T06:48:32+02:00,[37],[14]
2026-04-24T05:38:32+02:00,[37],[14]
2026-04-24T05:28:32+02:00,[37],[13]
2026-04-24T05:18:32+02:00,[37],[12]
2026-04-24T05:08:32+02:00,[37],[15]
2026-04-24T04:48:32+02:00,[37],[13]
2026-04-24T04:28:32+02:00,[37],[14]
2026-04-24T04:18:32+02:00,[37],[14]
2026-04-24T03:48:32+02:00,[37],[14]
2026-04-24T03:28:32+02:00,[37],[14]
2026-04-24T02:38:32+02:00,[38],[14]
2026-04-23T14:48:32+02:00,[37],[15]
2026-04-23T13:28:32+02:00,[37],[15]
2026-04-23T13:18:32+02:00,[37],[12]
2026-04-23T13:08:32+02:00,[37],[12]
2026-04-23T12:28:32+02:00,[37],[14]
2026-04-23T11:58:31+02:00,[37],[14]
2026-04-23T10:18:32+02:00,[37],[14]
2026-04-23T10:08:32+02:00,[38],[15]
2026-04-23T09:58:32+02:00,[37],[18]
2026-04-23T09:38:32+02:00,[37],[15]
2026-04-23T09:28:31+02:00,[38],[14]
2026-04-23T09:18:32+02:00,[37],[15]
2026-04-23T08:58:32+02:00,[37],[14]
2026-04-23T08:38:32+02:00,[37],[14]
2026-04-23T08:28:32+02:00,[37],[10]
2026-04-23T08:08:32+02:00,[37],[14]
2026-04-23T07:58:32+02:00,[37],[16]
2026-04-23T07:38:32+02:00,[37],[15]
2026-04-23T07:18:32+02:00,[38],[14]
2026-04-23T06:08:32+02:00,[38],[15]
2026-04-23T05:58:32+02:00,[37],[14]
2026-04-23T05:28:32+02:00,[37],[15]
2026-04-23T05:08:32+02:00,[37],[15]
2026-04-23T04:18:32+02:00,[37],[13]
2026-04-23T04:08:32+02:00,[37],[13]
2026-04-23T03:48:32+02:00,[37],[14]
2026-04-23T03:38:32+02:00,[37],[16]
2026-04-23T02:58:32+02:00,[37],[14]
2026-04-23T02:38:32+02:00,[37],[15]
2026-04-23T02:18:32+02:00,[37],[12]
2026-04-23T01:48:32+02:00,[37],[16]
2026-04-23T01:38:32+02:00,[37],[14]
2026-04-22T16:58:32+02:00,[37],[14]
2026-04-22T16:48:32+02:00,[37],[13]
2026-04-22T16:18:31+02:00,[37],[14]
2026-04-22T15:58:32+02:00,[37],[15]
2026-04-22T15:48:32+02:00,[37],[16]
2026-04-22T15:08:32+02:00,[37],[13]
2026-04-22T14:58:32+02:00,[37],[14]
2026-04-22T14:08:32+02:00,[38],[15]
2026-04-22T13:28:32+02:00,[37],[14]
2026-04-22T13:08:32+02:00,[38],[14]
2026-04-22T12:58:32+02:00,[37],[15]
2026-04-22T12:48:32+02:00,[37],[13]
2026-04-22T12:38:32+02:00,[37],[15]
2026-04-22T11:48:31+02:00,[37],[15]
2026-04-22T11:18:32+02:00,[37],[15]
2026-04-22T10:38:31+02:00,[37],[15]
2026-04-22T09:58:32+02:00,[37],[13]
2026-04-22T09:18:32+02:00,[37],[14]
2026-04-22T08:58:31+02:00,[37],[14]
2026-04-22T07:38:32+02:00,[37],[14]
2026-04-22T07:28:32+02:00,[37],[14]
2026-04-22T06:48:32+02:00,[37],[14]
2026-04-22T06:28:32+02:00,[38],[15]
2026-04-22T05:48:35+02:00,[38],[15]
2026-04-22T04:38:35+02:00,[38],[14]
2026-04-22T04:28:35+02:00,[37],[14]
2026-04-22T03:58:35+02:00,[38],[14]
2026-04-22T03:48:35+02:00,[37],[13]
2026-04-22T03:38:34+02:00,[38],[14]
2026-04-22T02:58:36+02:00,[37],[14]
2026-04-22T02:28:35+02:00,[37],[16]
2026-04-22T02:18:35+02:00,[38],[15]
2026-04-22T01:58:35+02:00,[38],[14]
2026-04-22T01:28:36+02:00,[37],[14]
2026-04-21T16:58:35+02:00,[37],[10]
2026-04-21T16:38:35+02:00,[37],[11]
2026-04-21T15:28:36+02:00,[37],[10]
2026-04-21T15:18:35+02:00,[37],[13]
2026-04-21T15:08:35+02:00,[37],[13]
2026-04-21T14:38:35+02:00,[37],[14]
2026-04-21T13:58:35+02:00,[37],[13]
2026-04-21T13:38:35+02:00,[37],[14]
2026-04-21T13:08:35+02:00,[38],[14]
2026-04-21T11:48:35+02:00,[37],[14]
2026-04-21T09:58:35+02:00,[37],[11]
2026-04-21T09:28:35+02:00,[37],[15]
2026-04-21T08:38:35+02:00,[37],[14]
2026-04-21T08:28:35+02:00,[38],[13]
2026-04-21T07:38:35+02:00,[37],[13]
2026-04-21T07:28:35+02:00,[37],[15]
2026-04-21T07:18:35+02:00,[38],[15]
2026-04-21T06:58:35+02:00,[37],[14]
2026-04-21T06:38:35+02:00,[38],[14]
2026-04-21T06:18:35+02:00,[37],[13]
2026-04-21T05:58:35+02:00,[37],[14]
2026-04-21T05:38:36+02:00,[37],[16]
2026-04-21T05:18:35+02:00,[37],[13]
2026-04-21T04:38:35+02:00,[37],[14]
2026-04-21T04:28:35+02:00,[37],[15]
2026-04-21T04:08:35+02:00,[37],[15]
2026-04-21T03:38:35+02:00,[37],[14]
2026-04-21T03:18:35+02:00,[37],[14]
2026-04-21T02:58:35+02:00,[37],[14]
2026-04-21T02:18:34+02:00,[38],[14]
2026-04-20T15:58:35+02:00,[37],[15]
2026-04-20T15:48:35+02:00,[37],[11]
2026-04-20T15:38:35+02:00,[37],[14]
2026-04-20T15:28:35+02:00,[37],[12]
2026-04-20T15:18:34+02:00,[37],[15]
2026-04-20T14:48:35+02:00,[38],[14]
2026-04-20T14:28:35+02:00,[38],[15]
2026-04-20T14:08:34+02:00,[38],[14]
2026-04-20T13:48:35+02:00,[37],[15]
2026-04-20T13:18:35+02:00,[37],[13]
2026-04-20T12:58:35+02:00,[37],[14]
2026-04-20T12:48:35+02:00,[37],[15]
2026-04-20T12:38:35+02:00,[37],[14]
2026-04-20T12:28:35+02:00,[38],[14]
2026-04-20T11:58:35+02:00,[38],[17]
2026-04-20T11:08:34+02:00,[38],[14]
2026-04-20T10:38:35+02:00,[37],[14]
2026-04-20T10:18:35+02:00,[37],[15]
2026-04-20T09:58:34+02:00,[38],[17]
2026-04-20T09:38:35+02:00,[37],[17]
2026-04-20T09:28:35+02:00,[38],[10]
2026-04-20T09:18:35+02:00,[37],[15]
2026-04-20T08:58:35+02:00,[37],[16]
2026-04-20T08:38:35+02:00,[37],[17]
2026-04-20T08:08:35+02:00,[37],[17]
2026-04-20T07:58:35+02:00,[37],[19]
2026-04-20T07:28:35+02:00,[37],[17]
2026-04-20T07:18:35+02:00,[37],[17]
2026-04-20T06:48:35+02:00,[37],[19]
2026-04-20T06:38:35+02:00,[37],[17]
2026-04-20T06:28:35+02:00,[37],[17]
2026-04-20T06:10:09+02:00,[37],[18]
2026-04-20T06:05:10+02:00,"[60,60]","[16,16]"
2026-04-20T06:00:10+02:00,[60],[17]
2026-04-20T05:57:10+02:00,[60],[19]
2026-04-20T05:52:09+02:00,"[60,60]","[17,17]"
2026-04-20T05:49:09+02:00,"[60,60]","[18,16]"
2026-04-20T05:43:09+02:00,[60],[18]
2026-04-20T05:40:09+02:00,"[60,60]","[18,18]"
2026-04-20T05:35:09+02:00,"[60,60,60,60]","[18,18,17,19]"
2026-04-20T05:31:09+02:00,"[60,60]","[19,16]"
2026-04-20T05:26:09+02:00,"[60,60,60]","[20,17,17]"
2026-04-20T05:18:09+02:00,"[60,60,60]","[18,17,17]"
2026-04-20T05:13:09+02:00,"[60,60,60,60]","[17,18,17,16]"
2026-04-20T05:09:09+02:00,"[60,60,60]","[17,17,17]"
2026-04-20T05:07:09+02:00,[60],[17]
2026-04-20T05:03:09+02:00,[60],[18]
2026-04-20T04:48:35+02:00,[38],[14]
2026-04-20T04:08:35+02:00,[38],[13]
2026-04-20T03:58:35+02:00,[37],[14]
2026-04-20T02:38:35+02:00,[37],[13]
2026-04-20T02:18:35+02:00,[37],[14]
2026-04-19T13:58:36+02:00,[37],[13]
2026-04-19T13:48:35+02:00,[37],[16]
2026-04-19T13:18:35+02:00,[38],[16]
2026-04-19T11:58:35+02:00,[38],[16]
2026-04-19T11:48:35+02:00,[38],[15]
2026-04-19T10:48:35+02:00,[37],[16]
2026-04-19T09:58:35+02:00,[37],[15]
2026-04-19T09:18:35+02:00,[37],[13]
2026-04-19T09:08:35+02:00,[37],[17]
2026-04-19T08:48:35+02:00,[37],[14]
2026-04-19T08:18:35+02:00,[38],[16]
2026-04-19T08:08:35+02:00,[37],[18]
2026-04-19T06:38:35+02:00,[37],[15]
2026-04-19T05:58:36+02:00,[37],[13]
2026-04-19T05:48:36+02:00,[37],[13]
2026-04-19T05:28:35+02:00,[37],[16]
2026-04-19T05:08:34+02:00,[38],[14]
2026-04-18T14:28:35+02:00,[37],[10]
2026-04-18T14:08:34+02:00,[38],[13]
2026-04-18T13:48:35+02:00,[37],[10]
2026-04-18T12:38:35+02:00,[38],[15]
2026-04-18T11:58:35+02:00,[38],[14]
2026-04-18T11:18:35+02:00,[38],[10]
2026-04-18T10:48:35+02:00,[38],[17]
2026-04-18T10:18:35+02:00,[37],[16]
2026-04-18T09:48:35+02:00,[37],[13]
2026-04-18T09:38:36+02:00,[37],[13]
2026-04-18T09:28:35+02:00,[38],[15]
2026-04-18T09:18:35+02:00,[37],[15]
2026-04-18T09:08:35+02:00,[37],[15]
2026-04-18T08:48:35+02:00,[37],[14]
2026-04-18T08:38:35+02:00,[37],[14]
2026-04-18T08:28:35+02:00,[38],[13]
2026-04-18T07:38:34+02:00,[37],[18]
2026-04-18T06:28:39+02:00,[38],[14]
2026-04-18T05:48:39+02:00,[37],[14]
2026-04-18T05:38:39+02:00,[37],[15]
2026-04-18T05:18:39+02:00,[37],[15]
2026-04-18T04:48:39+02:00,[37],[10]
2026-04-18T03:38:39+02:00,[37],[14]
2026-04-18T03:18:39+02:00,[37],[13]
2026-04-17T17:38:39+02:00,[37],[14]
2026-04-17T17:28:39+02:00,[37],[9]
2026-04-17T17:08:39+02:00,[37],[8]
2026-04-17T15:28:39+02:00,[37],[15]
2026-04-17T15:18:38+02:00,[38],[19]
2026-04-17T14:18:39+02:00,[37],[14]
2026-04-17T12:48:39+02:00,[37],[14]
2026-04-17T12:38:39+02:00,[37],[16]
2026-04-17T12:08:39+02:00,[37],[18]
2026-04-17T11:58:39+02:00,[37],[14]
2026-04-17T11:48:39+02:00,[37],[13]
2026-04-17T11:38:39+02:00,[37],[17]
2026-04-17T11:18:38+02:00,[38],[17]
2026-04-17T10:28:39+02:00,[37],[14]
2026-04-17T08:38:39+02:00,[37],[17]
2026-04-17T08:28:39+02:00,[37],[13]
2026-04-17T07:58:39+02:00,[37],[16]
2026-04-17T07:18:39+02:00,[37],[17]
2026-04-17T06:38:39+02:00,[37],[16]
2026-04-17T06:18:39+02:00,[38],[13]
2026-04-17T05:58:39+02:00,[37],[15]
2026-04-17T05:38:39+02:00,[38],[16]
2026-04-17T05:18:39+02:00,[37],[13]
2026-04-17T04:58:38+02:00,[37],[16]
2026-04-17T04:28:39+02:00,[37],[17]
2026-04-17T04:08:39+02:00,[37],[17]
2026-04-17T03:58:39+02:00,[37],[17]
2026-04-17T03:48:39+02:00,[37],[16]
2026-04-17T03:38:39+02:00,[37],[18]
2026-04-17T03:28:39+02:00,[37],[18]
2026-04-17T03:18:38+02:00,[38],[18]
2026-04-17T03:08:39+02:00,[37],[13]
2026-04-17T02:58:39+02:00,[37],[16]
2026-04-17T02:48:39+02:00,[37],[16]
2026-04-17T02:28:39+02:00,[37],[16]
2026-04-17T02:08:39+02:00,[37],[16]
2026-04-17T01:28:39+02:00,[37],[19]
2026-04-17T01:08:39+02:00,[38],[15]
2026-04-17T00:58:39+02:00,[37],[17]
2026-04-16T15:28:38+02:00,[37],[16]
2026-04-16T15:08:39+02:00,[38],[15]
2026-04-16T14:48:39+02:00,[37],[15]
2026-04-16T14:38:39+02:00,[38],[14]
2026-04-16T14:28:39+02:00,[37],[13]
2026-04-16T13:48:40+02:00,[37],[13]
2026-04-16T13:28:40+02:00,[37],[15]
2026-04-16T11:38:40+02:00,[37],[13]
2026-04-16T10:28:39+02:00,[37],[15]
2026-04-16T09:28:39+02:00,[37],[14]
2026-04-16T08:48:38+02:00,[37],[15]
2026-04-16T07:58:39+02:00,[37],[13]
2026-04-16T07:08:39+02:00,[37],[16]
2026-04-16T06:58:38+02:00,[38],[13]
2026-04-16T06:48:39+02:00,[37],[13]
2026-04-16T06:28:39+02:00,[37],[13]
2026-04-16T06:08:39+02:00,[37],[13]
2026-04-16T05:58:38+02:00,[38],[13]
2026-04-16T05:38:39+02:00,[38],[12]
2026-04-16T04:18:39+02:00,[38],[14]
2026-04-16T04:08:39+02:00,[37],[14]
2026-04-16T02:48:40+02:00,[37],[14]
2026-04-16T02:38:40+02:00,[37],[13]
2026-04-15T11:28:42+02:00,[37],[14]
2026-04-15T10:58:42+02:00,[37],[11]
2026-04-15T10:48:42+02:00,[37],[14]
2026-04-15T10:08:42+02:00,[37],[14]
2026-04-15T09:58:42+02:00,[37],[13]
2026-04-15T09:08:42+02:00,[37],[12]
2026-04-15T08:08:42+02:00,[37],[12]
2026-04-15T07:58:42+02:00,[37],[14]
2026-04-15T07:38:42+02:00,[37],[11]
2026-04-15T05:18:42+02:00,[38],[15]
2026-04-15T05:08:42+02:00,[38],[14]
2026-04-15T04:48:42+02:00,[38],[13]
2026-04-15T04:38:42+02:00,[37],[14]
2026-04-15T04:28:42+02:00,[37],[15]
2026-04-15T03:48:42+02:00,[37],[15]
2026-04-15T03:18:42+02:00,[37],[14]
2026-04-15T03:08:42+02:00,[38],[13]
2026-04-15T02:28:42+02:00,[37],[13]
2026-04-15T01:28:42+02:00,[37],[14]
2026-04-15T01:18:42+02:00,[37],[11]
2026-04-15T00:48:43+02:00,[37],[15]
2026-04-14T18:08:42+02:00,[37],[10]
2026-04-14T17:48:42+02:00,[37],[14]
2026-04-14T17:18:42+02:00,[38],[10]
2026-04-14T16:38:41+02:00,[38],[15]
2026-04-14T15:18:41+02:00,[37],[14]
2026-04-14T14:38:41+02:00,[37],[14]
2026-04-14T14:08:42+02:00,[37],[14]
2026-04-14T13:52:16+02:00,[37],[16]
2026-04-14T13:08:41+02:00,[38],[14]
2026-04-14T12:58:42+02:00,[37],[12]
2026-04-14T12:08:42+02:00,[37],[13]
2026-04-14T11:38:42+02:00,[37],[14]
2026-04-14T11:28:42+02:00,[37],[9]
2026-04-14T11:08:42+02:00,[38],[16]
2026-04-14T10:28:42+02:00,[38],[14]
2026-04-14T09:28:42+02:00,[37],[13]
2026-04-14T09:18:42+02:00,[37],[14]
2026-04-14T08:38:42+02:00,[37],[15]
2026-04-14T08:18:42+02:00,[38],[15]
2026-04-14T08:08:42+02:00,[37],[15]
2026-04-14T07:58:42+02:00,[37],[14]
2026-04-14T07:48:42+02:00,[37],[15]
2026-04-14T06:58:42+02:00,[37],[14]
2026-04-14T06:48:42+02:00,[37],[14]
2026-04-14T06:38:42+02:00,[37],[13]
2026-04-14T06:18:41+02:00,[37],[15]
2026-04-14T06:08:41+02:00,[38],[15]
2026-04-14T05:58:42+02:00,[37],[13]
2026-04-14T05:38:41+02:00,[38],[13]
2026-04-14T05:18:42+02:00,[37],[14]
2026-04-14T05:08:42+02:00,[38],[13]
2026-04-14T04:58:42+02:00,[37],[15]
2026-04-14T04:38:42+02:00,[37],[15]
2026-04-14T04:18:42+02:00,[37],[14]
2026-04-14T04:08:42+02:00,[37],[15]
2026-04-14T03:08:42+02:00,[37],[14]
2026-04-14T02:48:42+02:00,[37],[15]
2026-04-14T02:38:42+02:00,[37],[15]
2026-04-14T02:08:41+02:00,[38],[15]
2026-04-14T01:28:41+02:00,[37],[15]
2026-04-14T01:18:41+02:00,[37],[12]
2026-04-14T01:08:41+02:00,[37],[13]
2026-04-13T14:58:42+02:00,[38],[13]
2026-04-13T14:38:42+02:00,[37],[14]
2026-04-13T14:28:42+02:00,[37],[13]
2026-04-13T13:58:41+02:00,[38],[15]
2026-04-13T13:48:42+02:00,[38],[16]
2026-04-13T13:38:42+02:00,[37],[14]
2026-04-13T12:48:42+02:00,[37],[14]
2026-04-13T12:38:42+02:00,[38],[15]
2026-04-13T12:18:42+02:00,[37],[14]
2026-04-13T12:08:42+02:00,[38],[13]
2026-04-13T11:38:42+02:00,[37],[12]
2026-04-13T10:28:42+02:00,[38],[16]
2026-04-13T10:08:42+02:00,[37],[14]
2026-04-13T09:18:42+02:00,[37],[14]
2026-04-13T08:48:42+02:00,[37],[12]
2026-04-13T08:28:42+02:00,[37],[15]
2026-04-13T08:18:42+02:00,[37],[15]
2026-04-13T07:58:42+02:00,[37],[14]
2026-04-13T07:38:42+02:00,[38],[15]
2026-04-13T07:08:42+02:00,[37],[13]
2026-04-13T06:48:42+02:00,[37],[16]
2026-04-13T06:38:42+02:00,[37],[14]
2026-04-13T06:28:42+02:00,[37],[13]
2026-04-13T06:08:42+02:00,[37],[14]
2026-04-13T05:58:42+02:00,[37],[17]
2026-04-13T05:38:42+02:00,[37],[16]
2026-04-13T05:28:42+02:00,[37],[15]
2026-04-13T05:08:42+02:00,[37],[14]
2026-04-13T04:58:42+02:00,[37],[12]
2026-04-13T04:38:42+02:00,[38],[15]
2026-04-13T04:28:42+02:00,[37],[15]
2026-04-13T04:08:42+02:00,[37],[15]
2026-04-13T03:28:42+02:00,[37],[15]
2026-04-13T03:18:42+02:00,[37],[14]
2026-04-13T02:58:42+02:00,[37],[15]
2026-04-13T02:48:42+02:00,[37],[15]
2026-04-13T02:38:42+02:00,[37],[14]
2026-04-13T02:18:42+02:00,[37],[13]
2026-04-13T01:08:42+02:00,[37],[14]
2026-04-13T00:38:42+02:00,[38],[14]
2026-04-12T23:58:42+02:00,[37],[12]
2026-04-12T22:48:41+02:00,[37],[14]
2026-04-12T22:18:42+02:00,[37],[17]
2026-04-12T22:08:42+02:00,[37],[15]
2026-04-12T21:58:42+02:00,[38],[14]
2026-04-12T16:38:45+02:00,[38],[15]
2026-04-12T15:38:44+02:00,[38],[15]
2026-04-12T14:38:45+02:00,[38],[14]
2026-04-12T14:08:45+02:00,[37],[16]
2026-04-12T13:38:45+02:00,[38],[14]
2026-04-12T13:18:45+02:00,[37],[13]
2026-04-12T12:08:44+02:00,[38],[15]
2026-04-12T11:18:45+02:00,[38],[14]
2026-04-12T09:18:44+02:00,[37],[15]
2026-04-12T08:38:45+02:00,[37],[13]
2026-04-12T08:28:45+02:00,[38],[14]
2026-04-12T07:38:44+02:00,[38],[16]
2026-04-12T06:58:45+02:00,[37],[18]
2026-04-12T06:18:44+02:00,[37],[16]
2026-04-12T06:08:45+02:00,[38],[19]
2026-04-12T05:58:44+02:00,[37],[19]
2026-04-12T05:08:45+02:00,[37],[15]
2026-04-12T04:58:44+02:00,[37],[20]
2026-04-12T04:28:44+02:00,[38],[22]
2026-04-12T03:08:46+02:00,[37],[18]
2026-04-12T02:18:46+02:00,[36],[20]
2026-04-11T19:41:03+02:00,"[60,60,60,60,60,60,60,60,60,60,60,60]","[21,22,22,21,18,20,20,20,22,22,22,20]"
2026-04-11T19:18:03+02:00,"[60,60,60,60,60,60,60,60,60,60,60,60,60,60,60,60,60,60,60,60,60,60]","[21,23,20,21,22,22,23,22,22,22,20,22,23,20,21,21,21,21,23,21,23,23]"
2026-04-11T19:08:03+02:00,"[60,60,60,60,60,60,60,60,60]","[22,21,22,23,21,22,21,20,20]"
2026-04-11T19:05:03+02:00,"[60,60,60]","[22,21,20]"
2026-04-11T18:55:03+02:00,"[60,60,60,60,60,60,60,60,60]","[23,22,23,23,24,21,23,24,22]"
2026-04-11T18:44:03+02:00,"[60,60,60,60,60,60,60,60,60,60]","[21,22,23,21,23,20,23,23,24,22]"
2026-04-11T18:40:03+02:00,"[60,60,60]","[22,21,23]"
2026-04-11T18:36:03+02:00,"[60,60,60]","[22,22,20]"
2026-04-11T18:25:03+02:00,"[60,60,60,60,60,60,60,60,60,60]","[22,21,20,22,21,21,21,21,22,20]"
2026-04-11T18:13:03+02:00,"[60,60,60,60,60,60,60,60,60,60,60]","[22,22,23,22,21,22,23,23,23,23,23]"
2026-04-11T18:09:03+02:00,"[60,60,60]","[19,20,23]"
2026-04-11T18:01:03+02:00,"[60,60,60,60,60,60,60]","[21,20,22,23,23,22,22]"
2026-04-11T17:59:03+02:00,[60],[24]
2026-04-11T17:57:02+02:00,"[60,60]","[22,23]"
2026-04-11T17:55:02+02:00,[60],[22]
2026-04-11T17:50:02+02:00,"[60,60,60,60]","[23,22,23,19]"
2026-04-11T17:18:02+02:00,"[60,60,60,60,60,60,60,60,60,60,60,60,60,60,60,60,60,60,60,60,60,60,60,60,60,60,60,60,60,60,60]","[18,19,21,19,21,20,21,22,21,21,21,21,20,22,22,24,23,24,22,21,21,21,23,21,20,21,22,23,22,22,22]"
2026-04-11T17:14:02+02:00,"[60,60,60]","[17,18,19]"
2026-04-11T17:03:02+02:00,[60],[16]
2026-04-11T17:01:02+02:00,[60],[15]
2026-04-11T16:58:02+02:00,"[60,60]","[15,14]"
2026-04-11T16:48:02+02:00,[60],[14]
2026-04-11T16:44:01+02:00,"[60,60]","[15,14]"
2026-04-11T16:40:01+02:00,[60],[15]
2026-04-11T16:30:01+02:00,[60],[12]
2026-04-11T16:21:01+02:00,[60],[13]
2026-04-11T16:08:45+02:00,[37],[12]
2026-04-11T15:48:45+02:00,[37],[13]
2026-04-11T14:38:45+02:00,[37],[12]
2026-04-11T13:38:45+02:00,[37],[13]
2026-04-11T13:28:45+02:00,[37],[14]
2026-04-11T12:38:44+02:00,[37],[15]
2026-04-11T11:48:45+02:00,[37],[14]
2026-04-11T11:38:45+02:00,[38],[14]
2026-04-11T11:18:44+02:00,[38],[14]
2026-04-11T10:58:45+02:00,[37],[13]
2026-04-11T10:18:45+02:00,[37],[12]
2026-04-11T09:58:45+02:00,[37],[13]
2026-04-11T09:38:45+02:00,[37],[13]
2026-04-11T09:08:45+02:00,[37],[15]
2026-04-11T08:38:45+02:00,[37],[14]
2026-04-11T08:28:45+02:00,[37],[13]
2026-04-11T07:48:44+02:00,[37],[14]
2026-04-11T06:48:44+02:00,[37],[15]
2026-04-11T06:18:45+02:00,[37],[14]
2026-04-11T06:08:45+02:00,[37],[13]
2026-04-11T05:18:45+02:00,[37],[13]
2026-04-11T04:58:44+02:00,[37],[15]
2026-04-11T04:48:45+02:00,[38],[15]
2026-04-11T04:18:45+02:00,[37],[14]
2026-04-11T03:48:45+02:00,[37],[14]
2026-04-10T17:28:45+02:00,[37],[10]
2026-04-10T16:08:45+02:00,[37],[12]
2026-04-10T15:28:45+02:00,[38],[15]
2026-04-10T15:18:45+02:00,[38],[9]
2026-04-10T14:58:45+02:00,[38],[10]
2026-04-10T14:48:45+02:00,[37],[12]
2026-04-10T14:38:45+02:00,[37],[14]
2026-04-10T14:28:44+02:00,[38],[14]
2026-04-10T13:48:45+02:00,[37],[9]
2026-04-10T13:08:45+02:00,[37],[10]
2026-04-10T12:28:46+02:00,[37],[12]
2026-04-10T12:08:44+02:00,[37],[17]
2026-04-10T11:48:45+02:00,[37],[14]
2026-04-10T10:58:45+02:00,[37],[12]
2026-04-10T10:48:45+02:00,[37],[14]
2026-04-10T10:38:45+02:00,[37],[15]
2026-04-10T10:28:45+02:00,[37],[13]
2026-04-10T09:38:45+02:00,[37],[14]
2026-04-10T09:28:45+02:00,[37],[14]
2026-04-10T08:48:45+02:00,[37],[10]
2026-04-10T08:19:13+02:00,[37],[14]
2026-04-10T08:08:45+02:00,[38],[14]
2026-04-10T07:28:45+02:00,[37],[13]
2026-04-10T06:58:45+02:00,[37],[13]
2026-04-10T06:48:45+02:00,[38],[14]
2026-04-10T06:18:45+02:00,[37],[13]
2026-04-10T05:58:45+02:00,[37],[13]
2026-04-10T05:38:44+02:00,[38],[14]
2026-04-10T05:28:45+02:00,[37],[15]
2026-04-10T05:08:45+02:00,[37],[14]
2026-04-10T04:58:45+02:00,[38],[15]
2026-04-10T04:28:45+02:00,[37],[15]
2026-04-10T03:48:45+02:00,[37],[13]
2026-04-10T03:38:45+02:00,[37],[14]
2026-04-10T02:48:45+02:00,[37],[12]
2026-04-10T02:28:44+02:00,[38],[16]
2026-04-09T16:08:45+02:00,[38],[15]
2026-04-09T14:58:48+02:00,[37],[12]
2026-04-09T14:48:48+02:00,[37],[11]
2026-04-09T14:38:49+02:00,[37],[15]
2026-04-09T14:28:48+02:00,[37],[9]
2026-04-09T14:18:48+02:00,[37],[11]
2026-04-09T13:28:48+02:00,[37],[14]
2026-04-09T12:38:48+02:00,[37],[14]
2026-04-09T11:18:48+02:00,[38],[13]
2026-04-09T10:48:48+02:00,[37],[12]
2026-04-09T08:58:48+02:00,[37],[13]
2026-04-09T07:58:48+02:00,[37],[15]
2026-04-09T07:28:48+02:00,[37],[13]
2026-04-09T06:38:48+02:00,[37],[15]
2026-04-09T05:58:48+02:00,[37],[14]
2026-04-09T05:28:48+02:00,[37],[13]
2026-04-09T05:08:48+02:00,[37],[12]
2026-04-09T04:58:48+02:00,[37],[14]
2026-04-09T04:28:48+02:00,[38],[13]
2026-04-09T04:08:48+02:00,[37],[14]
2026-04-09T03:48:48+02:00,[37],[15]
2026-04-09T02:48:48+02:00,[37],[14]
2026-04-09T02:38:48+02:00,[37],[14]
2026-04-08T15:08:48+02:00,[37],[16]
2026-04-08T14:28:48+02:00,[37],[15]
2026-04-08T14:18:48+02:00,[37],[15]
2026-04-08T13:48:48+02:00,[37],[13]
2026-04-08T12:58:49+02:00,[37],[14]
2026-04-08T12:08:48+02:00,[37],[14]
2026-04-08T11:38:48+02:00,[37],[13]
2026-04-08T11:08:48+02:00,[38],[13]
2026-04-08T10:48:48+02:00,[37],[14]
2026-04-08T10:28:48+02:00,[38],[13]
2026-04-08T10:18:48+02:00,[37],[12]
2026-04-08T10:08:47+02:00,[37],[12]
2026-04-08T09:58:47+02:00,[37],[13]
2026-04-08T09:08:49+02:00,[37],[13]
2026-04-08T06:38:48+02:00,[38],[14]
2026-04-08T06:08:49+02:00,[37],[14]
2026-04-08T05:58:48+02:00,[37],[14]
2026-04-08T05:28:48+02:00,[37],[13]
2026-04-08T05:08:50+02:00,[37],[12]
2026-04-08T04:58:48+02:00,[38],[14]
2026-04-08T04:28:49+02:00,[37],[14]
2026-04-08T04:18:48+02:00,[37],[14]
2026-04-08T03:48:48+02:00,[37],[11]
2026-04-08T02:58:49+02:00,[37],[14]
2026-04-08T02:08:48+02:00,[37],[11]
2026-04-08T01:58:47+02:00,[37],[14]
2026-04-07T16:48:48+02:00,[37],[14]
2026-04-07T15:38:47+02:00,[37],[16]
2026-04-07T15:28:48+02:00,[38],[14]
2026-04-07T15:18:48+02:00,[37],[17]
2026-04-07T14:58:48+02:00,[37],[15]
2026-04-07T14:38:47+02:00,[37],[14]
2026-04-07T13:48:48+02:00,[38],[17]
2026-04-07T13:38:47+02:00,[38],[17]
2026-04-07T12:38:48+02:00,[38],[16]
2026-04-07T11:58:48+02:00,[37],[16]
2026-04-07T11:28:48+02:00,[38],[17]
2026-04-07T11:18:48+02:00,[37],[16]
2026-04-07T10:58:48+02:00,[37],[16]
2026-04-07T10:38:48+02:00,[37],[16]
2026-04-07T09:58:48+02:00,[37],[15]
2026-04-07T09:38:47+02:00,[38],[14]
2026-04-07T09:28:48+02:00,[37],[17]
2026-04-07T08:58:48+02:00,[38],[16]
2026-04-07T08:48:48+02:00,[37],[14]
2026-04-07T08:38:48+02:00,[38],[14]
2026-04-07T08:08:48+02:00,[36],[16]
2026-04-07T07:58:48+02:00,[37],[15]
2026-04-07T07:18:48+02:00,[37],[16]
2026-04-07T06:58:48+02:00,[37],[19]
2026-04-07T06:38:48+02:00,[37],[16]
2026-04-07T06:08:48+02:00,[37],[18]
2026-04-07T05:38:48+02:00,[37],[18]
2026-04-07T05:18:48+02:00,[37],[16]
2026-04-07T04:58:48+02:00,[37],[14]
2026-04-07T04:18:48+02:00,[37],[15]
2026-04-07T04:08:48+02:00,[37],[14]
2026-04-07T03:48:49+02:00,[37],[16]
2026-04-07T03:38:48+02:00,[37],[14]
2026-04-07T03:18:48+02:00,[37],[14]
2026-04-07T03:08:48+02:00,[37],[16]
2026-04-07T02:48:48+02:00,[37],[16]
2026-04-07T02:38:48+02:00,[37],[16]
2026-04-07T02:28:48+02:00,[38],[17]
2026-04-07T02:08:48+02:00,[37],[15]
2026-04-07T01:58:48+02:00,[37],[14]
2026-04-06T14:58:48+02:00,[37],[17]
2026-04-06T14:38:48+02:00,[37],[18]
2026-04-06T14:18:49+02:00,[37],[15]
2026-04-06T14:08:48+02:00,[38],[16]
2026-04-06T13:48:48+02:00,[37],[17]
2026-04-06T12:48:48+02:00,[37],[16]
2026-04-06T11:38:47+02:00,[38],[18]
2026-04-06T11:28:49+02:00,[37],[14]
2026-04-06T09:48:48+02:00,[37],[15]
2026-04-06T09:38:47+02:00,[38],[16]
2026-04-06T09:28:48+02:00,[37],[14]
2026-04-06T07:38:52+02:00,[37],[15]
2026-04-06T04:18:52+02:00,[37],[13]
2026-04-06T03:48:52+02:00,[38],[13]
2026-04-05T16:58:52+02:00,[37],[11]
2026-04-05T16:08:51+02:00,[38],[14]
2026-04-05T15:38:52+02:00,[37],[10]
2026-04-05T12:48:52+02:00,[37],[15]
2026-04-05T12:38:52+02:00,[37],[14]
2026-04-05T12:28:51+02:00,[38],[16]
2026-04-05T11:48:51+02:00,[38],[13]
2026-04-05T11:28:52+02:00,[38],[13]
2026-04-05T10:58:52+02:00,[37],[13]
2026-04-05T10:38:52+02:00,[37],[13]
2026-04-05T10:18:52+02:00,[38],[14]
2026-04-05T07:48:52+02:00,[37],[13]
2026-04-05T07:28:52+02:00,[37],[12]
2026-04-05T06:48:52+02:00,[37],[13]
2026-04-05T06:38:51+02:00,[38],[13]
2026-04-05T04:38:52+02:00,[37],[11]
2026-04-05T04:08:52+02:00,[37],[14]
2026-04-05T03:48:52+02:00,[37],[12]
2026-04-05T03:38:52+02:00,[37],[11]
2026-04-05T03:28:52+02:00,[37],[12]
2026-04-05T02:58:52+02:00,[37],[12]
2026-04-05T01:58:52+02:00,[37],[10]
2026-04-05T01:28:52+02:00,[37],[12]
2026-04-04T15:58:52+02:00,[37],[10]
2026-04-04T15:48:52+02:00,[37],[11]
2026-04-04T15:38:52+02:00,[37],[10]
2026-04-04T15:08:52+02:00,[37],[12]
2026-04-04T14:48:51+02:00,[37],[12]
2026-04-04T13:18:52+02:00,[37],[12]
2026-04-04T11:48:51+02:00,[38],[14]
2026-04-04T09:48:52+02:00,[37],[10]
2026-04-04T08:18:52+02:00,[37],[13]
2026-04-04T08:08:52+02:00,[38],[10]
2026-04-04T07:38:52+02:00,[37],[14]
2026-04-04T07:28:52+02:00,[37],[14]
2026-04-04T07:18:52+02:00,[37],[13]
2026-04-04T06:48:52+02:00,[37],[12]
2026-04-04T06:08:52+02:00,[37],[12]
2026-04-04T05:48:52+02:00,[37],[12]
2026-04-04T05:38:51+02:00,[37],[12]
2026-04-04T04:48:52+02:00,[37],[13]
2026-04-04T04:18:52+02:00,[37],[12]
2026-04-04T03:58:51+02:00,[38],[13]
2026-04-04T03:18:52+02:00,[37],[12]
2026-04-03T18:48:51+02:00,[38],[14]
2026-04-03T18:38:52+02:00,[37],[13]
2026-04-03T18:28:52+02:00,[37],[10]
2026-04-03T17:38:52+02:00,[37],[12]
2026-04-03T17:28:52+02:00,[37],[11]
2026-04-03T16:48:52+02:00,[37],[13]
2026-04-03T15:48:52+02:00,[37],[15]
2026-04-03T15:38:52+02:00,[37],[14]
2026-04-03T15:28:52+02:00,[38],[13]
2026-04-03T15:18:52+02:00,[37],[16]
2026-04-03T14:48:52+02:00,[37],[14]
2026-04-03T13:58:52+02:00,[37],[11]
2026-04-03T13:28:55+02:00,[38],[14]
2026-04-03T12:28:55+02:00,[37],[13]
2026-04-03T10:48:55+02:00,[37],[13]
2026-04-03T10:39:10+02:00,[60],[15]
2026-04-03T10:33:10+02:00,[60],[15]
2026-04-03T10:31:10+02:00,[60],[15]
2026-04-03T10:29:10+02:00,[60],[15]
2026-04-03T10:26:10+02:00,[60],[13]
2026-04-03T10:23:10+02:00,"[60,60]","[14,15]"
2026-04-03T10:21:10+02:00,[60],[15]
2026-04-03T10:17:10+02:00,"[60,60]","[16,11]"
2026-04-03T10:12:10+02:00,[60],[11]
2026-04-03T10:06:10+02:00,[60],[14]
2026-04-03T09:53:10+02:00,"[60,60,60,60,60,60,60]","[12,13,14,14,15,12,13]"
2026-04-03T09:48:55+02:00,[37],[11]
2026-04-03T09:38:55+02:00,[37],[13]
2026-04-03T09:28:55+02:00,[38],[11]
2026-04-03T09:18:55+02:00,[37],[13]
2026-04-03T08:18:55+02:00,[38],[13]
2026-04-03T07:18:56+02:00,[37],[12]
2026-04-03T07:08:55+02:00,[37],[13]
2026-04-03T06:28:55+02:00,[37],[14]
2026-04-03T06:08:55+02:00,[37],[13]
2026-04-03T05:48:55+02:00,[37],[15]
2026-04-02T15:28:55+02:00,[38],[14]
2026-04-02T14:38:55+02:00,[37],[13]
2026-04-02T11:48:55+02:00,[37],[14]
2026-04-02T10:58:55+02:00,[37],[14]
2026-04-02T10:38:55+02:00,[37],[14]
2026-04-02T10:18:55+02:00,[37],[14]
2026-04-02T09:58:55+02:00,[37],[14]
2026-04-02T09:38:55+02:00,[37],[14]
2026-04-02T09:08:55+02:00,[38],[14]
2026-04-02T08:58:55+02:00,[38],[13]
2026-04-02T08:08:55+02:00,[37],[13]
2026-04-02T07:58:55+02:00,[37],[13]
2026-04-02T07:48:55+02:00,[37],[13]
2026-04-02T07:28:55+02:00,[37],[13]
2026-04-02T07:08:55+02:00,[37],[14]
2026-04-02T06:28:55+02:00,[37],[15]
2026-04-02T05:58:55+02:00,[37],[14]
2026-04-02T05:48:55+02:00,[38],[13]
2026-04-02T04:58:55+02:00,[37],[13]
2026-04-02T04:48:55+02:00,[38],[13]
2026-04-02T04:28:55+02:00,[38],[14]
2026-04-02T04:18:55+02:00,[37],[15]
2026-04-02T04:08:55+02:00,[37],[15]
2026-04-02T02:28:55+02:00,[37],[14]
2026-04-02T02:18:54+02:00,[37],[14]
2026-04-01T16:08:55+02:00,[37],[14]
2026-04-01T15:08:55+02:00,[37],[10]
2026-04-01T14:08:55+02:00,[37],[15]
2026-04-01T13:48:55+02:00,[37],[16]
2026-04-01T13:38:55+02:00,[37],[15]
2026-04-01T12:58:55+02:00,[37],[14]
2026-04-01T12:08:55+02:00,[37],[14]
2026-04-01T11:48:55+02:00,[37],[13]
2026-04-01T10:38:55+02:00,[38],[12]
2026-04-01T10:28:55+02:00,[38],[14]
2026-04-01T10:08:55+02:00,[37],[13]
2026-04-01T09:38:55+02:00,[37],[14]
2026-04-01T09:28:55+02:00,[37],[14]
2026-04-01T08:58:55+02:00,[37],[13]
2026-04-01T08:28:55+02:00,[37],[12]
2026-04-01T08:18:55+02:00,[37],[13]
2026-04-01T06:08:55+02:00,[38],[13]
2026-04-01T05:38:55+02:00,[37],[14]
2026-04-01T04:58:55+02:00,[37],[14]
2026-04-01T04:28:55+02:00,[37],[12]
2026-04-01T03:48:55+02:00,[37],[14]
2026-04-01T03:38:55+02:00,[38],[13]
2026-04-01T03:18:54+02:00,[37],[14]
2026-04-01T02:28:55+02:00,[37],[13]
2026-03-31T16:28:55+02:00,[38],[12]
2026-03-31T16:08:55+02:00,[37],[13]
2026-03-31T15:38:55+02:00,[38],[14]
2026-03-31T14:18:55+02:00,[37],[14]
2026-03-31T13:58:55+02:00,[38],[15]
2026-03-31T13:38:55+02:00,[37],[13]
2026-03-31T13:28:55+02:00,[37],[13]
2026-03-31T13:18:55+02:00,[37],[11]
2026-03-31T12:38:55+02:00,[37],[13]
2026-03-31T11:28:56+02:00,[37],[13]
2026-03-31T10:58:55+02:00,[37],[14]
2026-03-31T10:08:54+02:00,[38],[13]
2026-03-31T09:38:55+02:00,[37],[14]
2026-03-31T09:28:55+02:00,[37],[14]
2026-03-31T09:08:55+02:00,[37],[14]
2026-03-31T08:18:54+02:00,[38],[12]
2026-03-31T07:58:55+02:00,[38],[14]
2026-03-31T07:18:55+02:00,[38],[13]
2026-03-31T06:58:55+02:00,[37],[13]
2026-03-31T06:48:55+02:00,[37],[14]
2026-03-31T06:28:55+02:00,[38],[14]
2026-03-31T05:48:55+02:00,[37],[14]
2026-03-31T05:28:55+02:00,[37],[15]
2026-03-31T05:18:55+02:00,[37],[14]
2026-03-31T04:58:55+02:00,[37],[15]
2026-03-31T04:28:58+02:00,[37],[13]
2026-03-31T03:38:58+02:00,[38],[17]
2026-03-31T03:18:58+02:00,[37],[15]
2026-03-31T02:38:59+02:00,[37],[14]
2026-03-31T02:18:58+02:00,[37],[14]
2026-03-31T02:08:58+02:00,[37],[14]
2026-03-31T01:38:58+02:00,[37],[12]
2026-03-30T16:28:58+02:00,[38],[10]
2026-03-30T16:08:58+02:00,[37],[13]
2026-03-30T15:58:58+02:00,[37],[14]
2026-03-30T15:38:58+02:00,[37],[12]
2026-03-30T15:28:58+02:00,[38],[13]
2026-03-30T15:18:58+02:00,[37],[12]
2026-03-30T15:08:58+02:00,[38],[14]
2026-03-30T14:48:58+02:00,[38],[14]
2026-03-30T14:38:58+02:00,[38],[14]
2026-03-30T14:08:57+02:00,[37],[14]
2026-03-30T13:58:58+02:00,[38],[13]
2026-03-30T13:08:58+02:00,[37],[13]
2026-03-30T11:48:58+02:00,[37],[14]
2026-03-30T11:28:58+02:00,[37],[15]
2026-03-30T10:58:58+02:00,[37],[13]
2026-03-30T09:48:58+02:00,[38],[12]
2026-03-30T09:28:59+02:00,[37],[14]
2026-03-30T09:18:58+02:00,[38],[13]
2026-03-30T08:48:58+02:00,[37],[12]
2026-03-30T08:38:59+02:00,[37],[15]
2026-03-30T08:28:58+02:00,[37],[13]
2026-03-30T07:38:59+02:00,[37],[15]
2026-03-30T07:28:58+02:00,[37],[15]
2026-03-30T06:48:58+02:00,[37],[15]
2026-03-30T06:38:58+02:00,[37],[14]
2026-03-30T06:08:58+02:00,[37],[15]
2026-03-30T05:58:58+02:00,[38],[16]
2026-03-30T05:48:58+02:00,[37],[15]
2026-03-30T05:28:58+02:00,[37],[16]
2026-03-30T05:18:57+02:00,[38],[14]
2026-03-30T05:08:58+02:00,[38],[15]
2026-03-30T04:48:58+02:00,[37],[15]
2026-03-30T04:08:58+02:00,[37],[15]
2026-03-30T03:38:58+02:00,[37],[14]
2026-03-30T03:28:58+02:00,[38],[14]
2026-03-30T03:08:58+02:00,[37],[17]
2026-03-30T02:58:58+02:00,[37],[15]
2026-03-30T02:48:57+02:00,[37],[15]
2026-03-30T02:38:58+02:00,[38],[16]
2026-03-30T02:28:58+02:00,[38],[15]
2026-03-29T14:48:58+02:00,[37],[11]
2026-03-29T14:38:58+02:00,[37],[12]
2026-03-29T14:18:58+02:00,[38],[18]
2026-03-29T13:48:58+02:00,[38],[10]
2026-03-29T13:08:58+02:00,[38],[17]
2026-03-29T12:18:58+02:00,[38],[17]
2026-03-29T11:18:57+02:00,[38],[17]
2026-03-29T11:08:57+02:00,[37],[18]
2026-03-29T07:38:58+02:00,[37],[15]
2026-03-29T07:18:58+02:00,[37],[18]
2026-03-29T07:08:58+02:00,[37],[17]
2026-03-29T06:48:58+02:00,[37],[18]
2026-03-29T06:38:58+02:00,[37],[17]
2026-03-29T06:28:58+02:00,[38],[16]
2026-03-29T05:48:58+02:00,[37],[18]
2026-03-29T05:38:58+02:00,[38],[19]
2026-03-29T05:18:57+02:00,[38],[16]
2026-03-29T04:58:57+02:00,[37],[15]
2026-03-29T04:18:58+02:00,[38],[16]
2026-03-29T04:08:58+02:00,[38],[15]
2026-03-29T03:58:58+02:00,[37],[15]
2026-03-29T03:28:58+02:00,[37],[14]
2026-03-29T03:08:58+02:00,[37],[15]
2026-03-29T01:48:58+01:00,[37],[14]
2026-03-29T01:19:42+01:00,[37],[14]
2026-03-29T01:08:58+01:00,[37],[15]
2026-03-28T14:38:58+01:00,[38],[12]
2026-03-28T13:48:57+01:00,[38],[13]
2026-03-28T13:08:58+01:00,[37],[11]
2026-03-28T12:58:58+01:00,[37],[15]
2026-03-28T12:08:58+01:00,[38],[14]
2026-03-28T11:48:58+01:00,[37],[13]
2026-03-28T11:28:58+01:00,[37],[12]
2026-03-28T10:18:58+01:00,[37],[13]
2026-03-28T10:08:58+01:00,[37],[12]
2026-03-28T09:18:58+01:00,[38],[13]
2026-03-28T08:28:58+01:00,[37],[13]
2026-03-28T08:08:58+01:00,[37],[14]
2026-03-28T07:58:58+01:00,[37],[12]
2026-03-28T07:38:58+01:00,[37],[13]
2026-03-28T07:08:58+01:00,[37],[13]
2026-03-28T06:58:58+01:00,[38],[14]
2026-03-28T06:28:58+01:00,[38],[13]
2026-03-28T06:08:58+01:00,[37],[12]
2026-03-28T05:58:58+01:00,[37],[14]
2026-03-28T05:48:58+01:00,[37],[15]
2026-03-28T05:28:58+01:00,[37],[14]
2026-03-28T04:38:58+01:00,[37],[14]
2026-03-28T04:08:57+01:00,[37],[13]
2026-03-28T03:38:58+01:00,[37],[14]
2026-03-28T03:29:01+01:00,[37],[16]
2026-03-28T03:09:01+01:00,[37],[14]
2026-03-28T02:09:01+01:00,[38],[15]
2026-03-28T01:29:00+01:00,[37],[14]
2026-03-28T01:19:00+01:00,[37],[14]
2026-03-27T15:39:01+01:00,[37],[17]
2026-03-27T14:59:01+01:00,[38],[17]
2026-03-27T14:39:01+01:00,[37],[10]
2026-03-27T14:19:00+01:00,[38],[16]
2026-03-27T13:59:02+01:00,[37],[15]
2026-03-27T13:09:01+01:00,[37],[17]
2026-03-27T12:39:01+01:00,[37],[16]
2026-03-27T11:59:01+01:00,[37],[17]
2026-03-27T11:49:01+01:00,[37],[8]
2026-03-27T11:29:01+01:00,[37],[17]
2026-03-27T11:19:02+01:00,[37],[17]
2026-03-27T10:19:02+01:00,[37],[15]
2026-03-27T09:59:01+01:00,[38],[16]
2026-03-27T09:19:01+01:00,[37],[12]
2026-03-27T08:29:02+01:00,[37],[15]
2026-03-27T07:49:01+01:00,[37],[17]
2026-03-27T07:39:00+01:00,[38],[13]
2026-03-27T07:19:01+01:00,[37],[15]
2026-03-27T06:59:01+01:00,[37],[16]
2026-03-27T05:49:01+01:00,[37],[14]
2026-03-27T04:49:01+01:00,[37],[17]
2026-03-27T04:29:01+01:00,[38],[13]
2026-03-27T03:59:01+01:00,[37],[17]
2026-03-27T03:39:01+01:00,[37],[17]
2026-03-27T03:19:01+01:00,[37],[17]
2026-03-27T03:09:01+01:00,[37],[14]
2026-03-27T02:59:01+01:00,[37],[15]
2026-03-27T02:09:01+01:00,[37],[16]
2026-03-27T01:49:01+01:00,[37],[18]
2026-03-27T01:39:01+01:00,[37],[17]
2026-03-27T00:39:01+01:00,[37],[17]
2026-03-26T23:59:01+01:00,[37],[16]
2026-03-26T18:27:09+01:00,[60],[19]
2026-03-26T18:25:09+01:00,[60],[18]
2026-03-26T18:15:09+01:00,"[60,60,60,60,60,60,60,60,60]","[21,20,20,20,22,20,20,20,24]"
2026-03-26T18:10:09+01:00,"[60,60,60]","[23,21,22]"
2026-03-26T18:05:09+01:00,"[60,60,60,60]","[20,21,22,22]"
2026-03-26T17:58:09+01:00,"[60,60,60,60,60,60]","[22,21,22,19,23,21]"
2026-03-26T17:54:09+01:00,"[60,60,60]","[19,19,18]"
2026-03-26T17:47:09+01:00,[60],[15]
2026-03-26T17:45:09+01:00,[60],[16]
2026-03-26T17:43:09+01:00,[60],[15]
2026-03-26T14:59:01+01:00,[37],[13]
2026-03-26T14:29:01+01:00,[37],[14]
2026-03-26T13:29:01+01:00,[37],[13]
2026-03-26T11:09:01+01:00,[37],[15]
2026-03-26T10:49:01+01:00,[37],[14]
2026-03-26T09:59:01+01:00,[37],[14]
2026-03-26T09:39:01+01:00,[38],[13]
2026-03-26T08:49:01+01:00,[37],[14]
2026-03-26T08:09:01+01:00,[37],[14]
2026-03-26T07:49:01+01:00,[37],[16]
2026-03-26T07:29:01+01:00,[37],[15]
2026-03-26T07:09:01+01:00,[37],[16]
2026-03-26T06:49:02+01:00,[37],[14]
2026-03-26T06:19:01+01:00,[37],[17]
2026-03-26T05:29:01+01:00,[37],[15]
2026-03-26T05:19:01+01:00,[37],[14]
2026-03-26T05:09:01+01:00,[37],[14]
2026-03-26T04:59:01+01:00,[37],[15]
2026-03-26T04:49:02+01:00,[37],[16]
2026-03-26T04:29:00+01:00,[38],[15]
2026-03-26T04:09:01+01:00,[37],[14]
2026-03-26T03:59:01+01:00,[37],[16]
2026-03-26T03:49:01+01:00,[38],[17]
2026-03-26T03:09:01+01:00,[37],[15]
2026-03-26T02:59:01+01:00,[37],[15]
2026-03-26T02:49:00+01:00,[38],[15]
2026-03-26T02:29:01+01:00,[37],[14]
2026-03-26T02:19:01+01:00,[37],[17]
2026-03-26T02:09:02+01:00,[37],[14]
2026-03-25T14:39:02+01:00,[37],[16]
2026-03-25T14:29:01+01:00,[37],[17]
2026-03-25T14:19:01+01:00,[37],[16]
2026-03-25T14:09:01+01:00,[38],[15]
2026-03-25T13:39:01+01:00,[37],[16]
2026-03-25T12:29:01+01:00,[37],[15]
2026-03-25T11:59:01+01:00,[37],[15]
2026-03-25T11:49:01+01:00,[37],[13]
2026-03-25T11:39:01+01:00,[37],[13]
2026-03-25T11:09:01+01:00,[38],[11]
2026-03-25T10:29:01+01:00,[37],[15]
2026-03-25T09:59:00+01:00,[37],[14]
2026-03-25T09:49:01+01:00,[38],[12]
2026-03-25T09:19:01+01:00,[37],[14]
2026-03-25T09:09:01+01:00,[37],[12]
2026-03-25T08:29:00+01:00,[38],[14]
2026-03-25T08:19:01+01:00,[37],[14]
2026-03-25T07:39:02+01:00,[37],[12]
2026-03-25T07:29:01+01:00,[37],[14]
2026-03-25T06:59:01+01:00,[37],[16]
2026-03-25T06:49:01+01:00,[38],[13]
2026-03-25T06:19:01+01:00,[37],[13]
2026-03-25T06:09:01+01:00,[37],[15]
2026-03-25T05:49:01+01:00,[38],[14]
2026-03-25T05:39:01+01:00,[37],[14]
2026-03-25T05:29:01+01:00,[37],[13]
2026-03-25T05:19:01+01:00,[37],[13]
2026-03-25T04:59:00+01:00,[38],[13]
2026-03-25T04:29:01+01:00,[37],[13]
2026-03-25T04:19:01+01:00,[37],[16]
2026-03-25T03:59:01+01:00,[37],[16]
2026-03-25T03:39:01+01:00,[37],[13]
2026-03-25T03:29:01+01:00,[37],[14]
2026-03-25T02:19:01+01:00,[38],[15]
2026-03-25T01:49:01+01:00,[37],[15]
2026-03-25T01:09:04+01:00,[37],[14]
2026-03-25T00:59:04+01:00,[38],[14]
2026-03-25T00:19:03+01:00,[38],[12]
2026-03-24T23:39:03+01:00,[38],[13]
2026-03-24T14:09:04+01:00,[37],[13]
2026-03-24T13:49:04+01:00,[37],[12]
2026-03-24T12:19:04+01:00,[37],[15]
2026-03-24T11:49:03+01:00,[38],[14]
2026-03-24T11:29:04+01:00,[37],[15]
2026-03-24T10:29:04+01:00,[37],[15]
2026-03-24T10:19:03+01:00,[38],[14]
2026-03-24T09:59:04+01:00,[37],[15]
2026-03-24T09:39:04+01:00,[37],[15]
2026-03-24T09:09:04+01:00,[37],[15]
2026-03-24T08:59:04+01:00,[37],[11]
2026-03-24T08:49:04+01:00,[38],[14]
2026-03-24T08:29:03+01:00,[38],[14]
2026-03-24T08:09:04+01:00,[37],[15]
2026-03-24T07:29:04+01:00,[37],[14]
2026-03-24T07:09:04+01:00,[37],[14]
2026-03-24T06:29:04+01:00,[37],[15]
2026-03-24T06:09:05+01:00,[37],[14]
2026-03-24T05:09:04+01:00,[37],[15]
2026-03-24T04:49:04+01:00,[37],[11]
2026-03-24T04:29:04+01:00,[37],[15]
2026-03-24T04:09:04+01:00,[37],[13]
2026-03-24T03:29:04+01:00,[37],[15]
2026-03-24T03:19:04+01:00,[37],[14]
2026-03-24T03:09:04+01:00,[37],[13]
2026-03-24T02:49:05+01:00,[37],[15]
2026-03-24T02:39:04+01:00,[37],[16]
2026-03-24T02:29:04+01:00,[37],[14]
2026-03-24T01:49:04+01:00,[37],[14]
2026-03-24T00:49:04+01:00,[37],[16]
2026-03-24T00:29:04+01:00,[37],[15]
2026-03-23T15:39:03+01:00,[37],[16]
2026-03-23T15:29:03+01:00,[38],[15]
2026-03-23T15:19:04+01:00,[38],[14]
2026-03-23T14:49:03+01:00,[38],[14]
2026-03-23T14:09:04+01:00,[38],[16]
2026-03-23T13:49:04+01:00,[37],[13]
2026-03-23T13:09:04+01:00,[37],[13]
2026-03-23T12:59:04+01:00,[37],[13]
2026-03-23T12:39:04+01:00,[37],[14]
2026-03-23T12:19:04+01:00,[37],[13]
2026-03-23T12:09:04+01:00,[37],[13]
2026-03-23T11:59:04+01:00,[37],[11]
2026-03-23T11:39:04+01:00,[37],[13]
2026-03-23T11:09:04+01:00,[37],[14]
2026-03-23T10:59:05+01:00,[37],[12]
2026-03-23T09:39:04+01:00,[37],[13]
2026-03-23T09:19:04+01:00,[37],[12]
2026-03-23T09:09:04+01:00,[37],[12]
2026-03-23T08:39:04+01:00,[37],[12]
2026-03-23T08:29:04+01:00,[37],[14]
2026-03-23T08:19:04+01:00,[38],[12]
2026-03-23T07:29:04+01:00,[38],[14]
2026-03-23T07:19:04+01:00,[37],[12]
2026-03-23T06:49:04+01:00,[37],[13]
2026-03-23T06:29:05+01:00,[37],[12]
2026-03-23T06:09:04+01:00,[37],[13]
2026-03-23T03:59:04+01:00,[37],[13]
2026-03-23T02:59:04+01:00,[37],[13]
2026-03-23T02:29:04+01:00,[37],[13]
2026-03-23T00:49:04+01:00,[37],[13]
2026-03-23T00:39:04+01:00,[37],[14]
2026-03-22T15:09:04+01:00,[37],[16]
2026-03-22T14:39:04+01:00,[37],[11]
2026-03-22T13:49:04+01:00,[37],[12]
2026-03-22T13:39:03+01:00,[37],[14]
2026-03-22T13:29:04+01:00,[38],[14]
2026-03-22T13:19:04+01:00,[37],[13]
2026-03-22T13:09:04+01:00,[37],[15]
2026-03-22T12:59:04+01:00,[37],[14]
2026-03-22T12:19:04+01:00,[37],[15]
2026-03-22T12:09:04+01:00,[37],[14]
2026-03-22T11:49:03+01:00,[38],[13]
2026-03-22T11:39:04+01:00,[38],[13]
2026-03-22T10:59:03+01:00,[38],[14]
2026-03-22T10:49:05+01:00,[37],[13]
2026-03-22T10:19:04+01:00,[38],[12]
2026-03-22T10:09:04+01:00,[37],[14]
2026-03-22T08:59:04+01:00,[37],[10]
2026-03-22T08:39:04+01:00,[37],[13]
2026-03-22T07:49:04+01:00,[37],[12]
2026-03-22T07:39:03+01:00,[38],[12]
2026-03-22T07:29:04+01:00,[37],[12]
2026-03-22T06:39:04+01:00,[37],[12]
2026-03-21T16:59:07+01:00,[37],[13]
2026-03-21T16:19:07+01:00,[37],[13]
2026-03-21T14:29:07+01:00,[37],[12]
2026-03-21T13:09:07+01:00,[37],[11]
2026-03-21T12:49:07+01:00,[37],[14]
2026-03-21T09:29:07+01:00,[37],[13]
2026-03-21T09:19:06+01:00,[38],[12]
2026-03-21T08:59:07+01:00,[38],[12]
2026-03-21T07:49:07+01:00,[37],[14]
2026-03-21T07:09:07+01:00,[37],[11]
2026-03-21T06:59:07+01:00,[37],[13]
2026-03-21T06:29:07+01:00,[37],[11]
2026-03-21T05:29:06+01:00,[37],[13]
2026-03-21T03:49:07+01:00,[37],[15]
2026-03-21T03:39:07+01:00,[37],[13]
2026-03-21T02:49:06+01:00,[37],[15]
2026-03-21T02:39:07+01:00,[38],[13]
2026-03-21T02:29:07+01:00,[37],[15]
2026-03-21T02:19:07+01:00,[37],[15]
2026-03-21T01:59:07+01:00,[37],[12]
2026-03-20T16:49:07+01:00,[37],[13]
2026-03-20T16:29:07+01:00,[37],[12]
2026-03-20T16:19:07+01:00,[37],[13]
2026-03-20T15:59:07+01:00,[38],[15]
2026-03-20T15:49:07+01:00,[38],[12]
2026-03-20T15:09:07+01:00,[37],[16]
2026-03-20T13:09:07+01:00,[37],[13]
2026-03-20T12:49:07+01:00,[37],[15]
2026-03-20T12:19:07+01:00,[38],[14]
2026-03-20T12:09:07+01:00,[37],[13]
2026-03-20T11:59:07+01:00,[38],[14]
2026-03-20T11:39:51+01:00,[37],[16]
2026-03-20T11:19:06+01:00,[38],[14]
2026-03-20T10:59:07+01:00,[37],[13]
2026-03-20T10:49:07+01:00,[37],[13]
2026-03-20T10:29:43+01:00,[38],[16]
2026-03-20T10:19:07+01:00,[37],[15]
2026-03-20T10:09:07+01:00,[37],[16]
2026-03-20T09:49:07+01:00,[38],[18]
2026-03-20T09:29:06+01:00,[37],[14]
2026-03-19T15:39:07+01:00,[37],[12]
2026-03-19T15:19:07+01:00,[37],[13]
2026-03-19T15:09:06+01:00,[38],[14]
2026-03-19T13:39:07+01:00,[38],[15]
2026-03-19T13:29:07+01:00,[37],[8]
2026-03-19T12:39:07+01:00,[37],[14]
2026-03-19T12:29:06+01:00,[38],[13]
2026-03-19T09:59:07+01:00,[38],[15]
2026-03-19T08:49:07+01:00,[37],[14]
2026-03-19T08:19:07+01:00,[37],[14]
2026-03-19T08:09:07+01:00,[37],[15]
2026-03-19T07:39:07+01:00,[37],[9]
2026-03-19T07:29:07+01:00,[37],[14]
2026-03-19T06:59:07+01:00,[38],[13]
2026-03-19T06:49:07+01:00,[38],[14]
2026-03-19T06:39:07+01:00,[37],[14]
2026-03-19T06:29:07+01:00,[37],[14]
2026-03-19T06:19:07+01:00,[37],[14]
2026-03-19T05:59:07+01:00,[37],[16]
2026-03-19T04:29:07+01:00,[37],[14]
2026-03-19T04:09:07+01:00,[37],[15]
2026-03-19T03:09:11+01:00,[37],[16]
2026-03-19T02:59:10+01:00,[37],[12]
2026-03-19T02:29:10+01:00,[37],[14]
2026-03-19T01:39:10+01:00,[37],[14]
2026-03-18T15:32:08+01:00,"[60,60,60,60,60]","[15,18,16,15,16]"
2026-03-18T15:29:08+01:00,[60],[14]
2026-03-18T14:59:10+01:00,[37],[14]
2026-03-18T14:55:09+01:00,[60],[15]
2026-03-18T14:50:09+01:00,[60],[17]
2026-03-18T14:46:09+01:00,"[60,60,60]","[16,18,15]"
2026-03-18T14:43:09+01:00,"[60,60]","[18,18]"
2026-03-18T14:40:09+01:00,"[60,60]","[19,19]"
2026-03-18T14:37:09+01:00,[60],[10]
2026-03-18T14:34:09+01:00,[60],[17]
2026-03-18T14:27:09+01:00,"[60,60]","[19,12]"
2026-03-18T14:22:09+01:00,"[60,60]","[20,22]"
2026-03-18T13:20:09+01:00,"[60,60,60,60,60,60]","[18,19,19,11,18,18]"
2026-03-18T13:15:09+01:00,"[60,60,60,60]","[16,12,16,16]"
2026-03-18T13:10:09+01:00,[60],[13]
2026-03-18T12:19:10+01:00,[37],[16]
2026-03-18T11:59:10+01:00,[37],[12]
2026-03-18T11:39:10+01:00,[38],[17]
2026-03-18T08:39:10+01:00,[37],[15]
2026-03-18T08:19:10+01:00,[37],[14]
2026-03-18T07:59:11+01:00,[37],[12]
2026-03-18T07:29:11+01:00,[37],[14]
2026-03-18T07:19:11+01:00,[37],[13]
2026-03-18T07:09:10+01:00,[37],[14]
2026-03-18T06:59:11+01:00,[37],[15]
2026-03-18T06:09:10+01:00,[37],[15]
2026-03-18T05:59:10+01:00,[37],[10]
2026-03-18T05:49:10+01:00,[37],[14]
2026-03-18T05:09:10+01:00,[37],[15]
2026-03-18T04:59:10+01:00,[38],[18]
2026-03-18T04:39:11+01:00,[37],[17]
2026-03-18T04:19:10+01:00,[37],[13]
2026-03-18T03:39:10+01:00,[37],[17]
2026-03-18T03:19:10+01:00,[37],[18]
2026-03-18T01:49:10+01:00,[37],[15]
2026-03-18T01:39:10+01:00,[37],[14]
2026-03-17T16:49:10+01:00,[37],[16]
2026-03-17T16:39:10+01:00,[37],[9]
2026-03-17T16:19:57+01:00,[37],[18]
2026-03-17T15:59:10+01:00,[37],[16]
2026-03-17T15:19:09+01:00,[37],[16]
2026-03-17T15:09:10+01:00,[37],[17]
2026-03-17T14:39:10+01:00,[37],[17]
2026-03-17T14:19:09+01:00,[37],[16]
2026-03-17T13:29:10+01:00,[37],[17]
2026-03-17T13:19:10+01:00,[37],[18]
2026-03-17T13:09:10+01:00,[38],[17]
2026-03-17T12:59:10+01:00,[38],[16]
2026-03-17T12:49:10+01:00,[38],[18]
2026-03-17T12:39:10+01:00,[38],[20]
2026-03-17T12:19:10+01:00,[38],[15]
2026-03-17T11:39:10+01:00,[37],[20]
2026-03-17T11:09:09+01:00,[37],[19]
2026-03-17T10:19:10+01:00,[37],[16]
2026-03-17T10:09:10+01:00,[38],[18]
2026-03-17T09:59:10+01:00,[37],[17]
2026-03-17T09:19:10+01:00,[37],[15]
2026-03-17T09:09:10+01:00,[37],[15]
2026-03-17T08:59:10+01:00,[37],[15]
2026-03-17T08:39:10+01:00,[37],[17]
2026-03-17T08:19:09+01:00,[38],[18]
2026-03-17T07:09:10+01:00,[37],[18]
2026-03-17T06:59:10+01:00,[38],[19]
2026-03-17T06:39:10+01:00,[37],[18]
2026-03-17T05:59:10+01:00,[37],[11]
2026-03-17T05:19:10+01:00,[37],[17]
2026-03-17T04:59:10+01:00,[38],[17]
2026-03-17T04:29:10+01:00,[37],[16]
2026-03-17T03:29:10+01:00,[38],[17]
2026-03-17T03:09:10+01:00,[37],[15]
2026-03-17T02:49:11+01:00,[37],[16]
2026-03-17T02:09:10+01:00,[37],[15]
2026-03-17T01:19:10+01:00,[37],[17]
2026-03-16T14:49:09+01:00,[38],[15]
2026-03-16T14:39:10+01:00,[37],[16]
2026-03-16T13:59:10+01:00,[37],[17]
2026-03-16T13:49:10+01:00,[37],[13]
2026-03-16T13:19:09+01:00,[38],[13]
2026-03-16T12:59:09+01:00,[38],[15]
2026-03-16T12:29:10+01:00,[37],[15]
2026-03-16T11:29:10+01:00,[37],[14]
2026-03-16T11:09:10+01:00,[38],[14]
2026-03-16T10:39:10+01:00,[37],[15]
2026-03-16T10:29:10+01:00,[37],[13]
2026-03-16T10:09:10+01:00,[37],[16]
2026-03-16T09:49:10+01:00,[37],[12]
2026-03-16T09:39:10+01:00,[37],[14]
2026-03-16T09:09:11+01:00,[37],[13]
2026-03-16T08:59:10+01:00,[37],[14]
2026-03-16T08:49:10+01:00,[37],[16]
2026-03-16T08:39:10+01:00,[37],[14]
2026-03-16T08:29:09+01:00,[37],[13]
2026-03-16T08:19:10+01:00,[37],[13]
2026-03-16T07:39:10+01:00,[37],[14]
2026-03-16T07:28:29+01:00,[37],[13]
2026-03-16T06:49:10+01:00,[37],[14]
2026-03-16T06:39:10+01:00,[37],[13]
2026-03-16T06:19:10+01:00,[37],[13]
2026-03-16T05:49:10+01:00,[37],[12]
2026-03-16T04:39:10+01:00,[37],[14]
2026-03-16T04:19:10+01:00,[37],[13]
2026-03-16T03:19:13+01:00,[37],[12]
2026-03-16T03:09:13+01:00,[37],[15]
2026-03-16T02:49:13+01:00,[37],[12]
2026-03-16T02:19:13+01:00,[37],[13]
2026-03-16T01:59:13+01:00,[37],[14]
2026-03-16T01:29:13+01:00,[37],[15]
2026-03-16T01:09:13+01:00,[37],[16]
2026-03-16T00:29:14+01:00,[37],[15]
2026-03-16T00:19:13+01:00,[37],[14]
2026-03-15T23:59:13+01:00,[38],[15]
2026-03-15T23:39:14+01:00,[37],[14]
2026-03-15T15:09:13+01:00,[38],[15]
2026-03-15T14:49:13+01:00,[37],[15]
2026-03-15T13:59:13+01:00,[37],[15]
2026-03-15T13:49:13+01:00,[37],[14]
2026-03-15T13:39:13+01:00,[37],[13]
2026-03-15T12:49:13+01:00,[37],[12]
2026-03-15T12:09:13+01:00,[37],[13]
2026-03-15T11:59:13+01:00,[37],[13]
2026-03-15T11:49:13+01:00,[37],[13]
2026-03-15T11:39:13+01:00,[38],[13]
2026-03-15T11:09:13+01:00,[37],[11]
2026-03-15T10:39:13+01:00,[37],[13]
2026-03-15T10:29:12+01:00,[37],[13]
2026-03-15T10:19:14+01:00,[37],[12]
2026-03-15T09:19:13+01:00,[37],[13]
2026-03-15T08:49:13+01:00,[37],[14]
2026-03-15T08:19:13+01:00,[37],[13]
2026-03-15T07:49:13+01:00,[37],[13]
2026-03-15T07:39:13+01:00,[37],[12]
2026-03-15T07:29:13+01:00,[37],[13]
2026-03-15T06:49:13+01:00,[37],[12]
2026-03-15T06:19:13+01:00,[38],[14]
2026-03-15T05:59:13+01:00,[37],[13]
2026-03-15T05:20:35+01:00,[37],[13]
2026-03-15T04:59:13+01:00,[37],[12]
2026-03-15T04:49:13+01:00,[37],[14]
2026-03-15T04:29:13+01:00,[37],[13]
2026-03-15T04:19:13+01:00,[37],[14]
2026-03-15T03:59:13+01:00,[38],[14]
2026-03-15T03:39:13+01:00,[37],[15]
2026-03-14T14:59:12+01:00,[38],[13]
2026-03-14T14:49:12+01:00,[38],[15]
2026-03-14T14:19:13+01:00,[37],[13]
2026-03-14T13:59:13+01:00,[38],[14]
2026-03-14T13:49:13+01:00,[37],[12]
2026-03-14T13:39:13+01:00,[37],[12]
2026-03-14T12:39:13+01:00,[37],[12]
2026-03-14T12:29:14+01:00,[37],[13]
2026-03-14T12:19:13+01:00,[37],[15]
2026-03-14T11:29:14+01:00,[37],[16]
2026-03-14T11:19:14+01:00,[37],[13]
2026-03-14T10:49:13+01:00,[38],[15]
2026-03-14T10:39:12+01:00,[37],[13]
2026-03-14T10:29:13+01:00,[37],[15]
2026-03-14T09:59:13+01:00,[38],[14]
2026-03-14T09:49:12+01:00,[37],[13]
2026-03-14T09:09:13+01:00,[37],[13]
2026-03-14T08:39:13+01:00,[37],[13]
2026-03-14T08:09:13+01:00,[38],[15]
2026-03-14T07:59:13+01:00,[38],[14]
2026-03-14T06:59:13+01:00,[37],[16]
2026-03-14T06:49:13+01:00,[38],[15]
2026-03-14T06:19:12+01:00,[38],[15]
2026-03-14T05:39:13+01:00,[37],[14]
2026-03-14T05:19:12+01:00,[37],[16]
2026-03-14T04:39:13+01:00,[37],[15]
2026-03-14T04:29:13+01:00,[37],[14]
2026-03-14T03:29:13+01:00,[38],[16]
2026-03-14T03:09:13+01:00,[38],[16]
2026-03-14T02:49:13+01:00,[37],[14]
2026-03-14T02:09:13+01:00,[38],[15]
2026-03-14T01:29:13+01:00,[37],[16]
2026-03-14T00:39:14+01:00,[37],[14]
2026-03-13T23:59:12+01:00,[38],[13]
2026-03-13T15:39:13+01:00,[37],[15]
2026-03-13T15:09:13+01:00,[37],[14]
2026-03-13T14:49:14+01:00,[37],[15]
2026-03-13T14:29:13+01:00,[37],[14]
2026-03-13T14:19:13+01:00,[37],[17]
2026-03-13T13:59:13+01:00,[38],[14]
2026-03-13T13:29:13+01:00,[37],[14]
2026-03-13T13:09:13+01:00,[37],[14]
2026-03-13T12:49:14+01:00,[37],[16]
2026-03-13T12:29:13+01:00,[37],[14]
2026-03-13T12:19:13+01:00,[37],[17]
2026-03-13T11:49:13+01:00,[37],[16]
2026-03-13T11:39:12+01:00,[37],[16]
2026-03-13T11:29:13+01:00,[38],[17]
2026-03-13T10:59:13+01:00,[37],[16]
2026-03-13T10:39:13+01:00,[37],[14]
2026-03-13T10:29:12+01:00,[37],[16]
2026-03-13T09:29:13+01:00,[37],[15]
2026-03-13T08:39:12+01:00,[37],[16]
2026-03-13T07:49:13+01:00,[37],[14]
2026-03-13T07:19:13+01:00,[37],[15]
2026-03-13T06:39:13+01:00,[37],[16]
2026-03-13T06:29:13+01:00,[37],[13]
2026-03-13T06:19:13+01:00,[37],[16]
2026-03-13T06:09:14+01:00,[37],[16]
2026-03-13T05:59:13+01:00,[38],[15]
2026-03-13T05:39:13+01:00,[38],[14]
2026-03-13T05:19:13+01:00,[38],[18]
2026-03-13T05:09:13+01:00,[38],[13]
2026-03-13T04:59:13+01:00,[37],[13]
2026-03-13T04:49:13+01:00,[37],[15]
2026-03-13T04:09:14+01:00,[37],[12]
2026-03-13T03:59:13+01:00,[37],[15]
2026-03-13T03:29:13+01:00,[37],[15]
2026-03-13T03:09:12+01:00,[37],[16]
2026-03-13T02:59:13+01:00,[37],[16]
2026-03-13T02:48:15+01:00,[38],[17]
2026-03-13T02:38:18+01:00,[37],[19]
2026-03-13T02:24:28+01:00,[37],[14]
2026-03-13T01:54:28+01:00,[37],[13]
2026-03-13T01:24:28+01:00,[37],[13]
2026-03-12T15:54:28+01:00,[38],[12]
2026-03-12T15:14:28+01:00,[37],[14]
2026-03-12T14:34:28+01:00,[37],[13]
2026-03-12T14:04:28+01:00,[37],[15]
2026-03-12T13:44:28+01:00,[37],[15]
2026-03-12T13:14:28+01:00,[37],[14]
2026-03-12T11:24:30+01:00,[38],[12]
2026-03-12T10:24:31+01:00,[37],[14]
2026-03-12T10:14:31+01:00,[37],[13]
2026-03-12T10:04:31+01:00,[37],[12]
2026-03-12T08:24:30+01:00,[38],[14]
2026-03-12T08:04:31+01:00,[37],[14]
2026-03-12T07:04:31+01:00,[38],[14]
2026-03-12T06:34:32+01:00,[37],[17]
2026-03-12T05:44:31+01:00,[37],[15]
2026-03-12T05:34:31+01:00,[37],[14]
2026-03-12T05:14:32+01:00,[37],[17]
2026-03-12T04:54:31+01:00,[37],[17]
2026-03-12T03:54:31+01:00,[38],[18]
2026-03-12T03:05:08+01:00,[1],[17]
2026-03-12T02:44:31+01:00,[37],[15]
2026-03-12T01:44:30+01:00,[37],[16]
2026-03-11T14:54:31+01:00,[38],[16]
2026-03-11T14:34:31+01:00,[37],[15]
2026-03-11T14:24:31+01:00,[38],[14]
2026-03-11T14:14:31+01:00,[37],[14]
2026-03-11T14:04:31+01:00,[37],[14]
2026-03-11T13:24:31+01:00,[37],[13]
2026-03-11T12:24:31+01:00,[37],[15]
2026-03-11T11:44:31+01:00,[37],[10]
2026-03-11T10:54:31+01:00,[37],[16]
2026-03-11T10:34:31+01:00,[37],[15]
2026-03-11T10:14:31+01:00,[37],[16]
2026-03-11T09:54:31+01:00,[38],[18]
2026-03-11T09:34:31+01:00,[37],[16]
2026-03-11T09:24:31+01:00,[38],[16]
2026-03-11T09:04:31+01:00,[38],[16]
2026-03-11T08:54:31+01:00,[37],[16]
2026-03-11T08:44:31+01:00,[37],[14]
2026-03-11T08:04:31+01:00,[37],[14]
2026-03-11T07:54:31+01:00,[37],[12]
2026-03-11T07:34:31+01:00,[38],[15]
2026-03-11T07:24:31+01:00,[37],[11]
2026-03-11T06:54:31+01:00,[37],[16]
2026-03-11T06:04:31+01:00,[37],[16]
2026-03-11T05:44:31+01:00,[37],[18]
2026-03-11T05:34:31+01:00,[37],[18]
2026-03-11T04:44:30+01:00,[38],[17]
2026-03-11T03:54:32+01:00,[37],[12]
2026-03-11T01:04:31+01:00,[37],[21]
2026-03-10T19:30:09+01:00,"[60,60,60]","[21,22,24]"
2026-03-10T19:13:09+01:00,"[60,60,60,60,60,60,60,60,60,60,60,60,60,60,60]","[20,21,21,21,20,19,22,22,21,22,24,21,22,21,23]"
2026-03-10T19:06:09+01:00,"[60,60,60,60,60,60]","[22,21,25,22,23,21]"
2026-03-10T19:04:09+01:00,[60],[22]
2026-03-10T18:57:09+01:00,"[60,60,60,60,60,60]","[23,21,22,23,22,23]"
2026-03-10T18:51:09+01:00,"[60,60,60,60,60]","[22,23,23,22,21]"
2026-03-10T18:48:09+01:00,"[60,60]","[22,22]"
2026-03-10T18:46:09+01:00,[60],[19]
2026-03-10T18:30:09+01:00,"[60,60,60,60,60,60,60,60,60,60,60,60,60,60]","[21,22,22,22,21,20,22,21,23,22,22,21,23,22]"
2026-03-10T18:26:09+01:00,"[60,60,60]","[21,22,22]"
2026-03-10T18:23:09+01:00,"[60,60]","[22,23]"
2026-03-10T18:19:09+01:00,"[60,60,60]","[22,22,24]"
2026-03-10T18:15:09+01:00,"[60,60,60]","[22,23,23]"
2026-03-10T18:00:09+01:00,"[60,60,60,60,60,60,60,60,60,60,60,60,60,60]","[20,22,22,21,22,21,21,21,21,21,23,21,22,24]"
2026-03-10T17:36:09+01:00,"[60,60,60,60,60,60,60,60,60,60,60,60,60,60,60,60,60,60,60,60,60,60,60]","[22,20,21,21,20,20,21,21,21,20,22,22,21,19,20,21,21,21,22,20,21,18,21]"
2026-03-10T17:30:09+01:00,"[60,60,60,60,60]","[20,20,20,23,20]"
2026-03-10T17:24:09+01:00,"[60,60,60,60]","[22,22,21,22]"
2026-03-10T17:19:09+01:00,"[60,60,60,60]","[19,22,21,20]"
2026-03-10T17:06:09+01:00,"[60,60,60,60,60,60,60,60,60,60,60,60]","[22,20,20,22,22,23,23,22,22,22,20,23]"
2026-03-10T16:59:09+01:00,"[60,60,60,60,60,60]","[19,18,18,18,18,20]"
2026-03-10T16:56:09+01:00,[60],[17]
2026-03-10T16:53:09+01:00,"[60,60]","[15,18]"
2026-03-10T16:14:34+01:00,[37],[16]
2026-03-10T14:44:33+01:00,[38],[15]
2026-03-10T14:24:35+01:00,[37],[16]
2026-03-10T14:14:35+01:00,[37],[15]
2026-03-10T14:04:58+01:00,[38],[16]
2026-03-10T13:44:34+01:00,[37],[14]
2026-03-10T13:24:33+01:00,[37],[17]
2026-03-10T12:44:34+01:00,[37],[16]
2026-03-10T12:24:33+01:00,[37],[14]
2026-03-10T12:14:34+01:00,[37],[14]
2026-03-10T11:14:33+01:00,[37],[15]
2026-03-10T10:34:33+01:00,[38],[13]
2026-03-10T10:14:34+01:00,[37],[15]
2026-03-10T09:14:34+01:00,[37],[15]
2026-03-10T09:04:34+01:00,[37],[15]
2026-03-10T08:34:34+01:00,[37],[14]
2026-03-10T08:14:35+01:00,[37],[14]
2026-03-10T08:04:34+01:00,[38],[11]
2026-03-10T07:54:34+01:00,[37],[15]
2026-03-10T07:34:34+01:00,[37],[14]
2026-03-10T07:24:34+01:00,[37],[13]
2026-03-10T06:54:34+01:00,[37],[15]
2026-03-10T06:34:34+01:00,[37],[14]
2026-03-10T06:24:34+01:00,[37],[14]
2026-03-10T06:14:34+01:00,[38],[14]
2026-03-10T05:54:34+01:00,[37],[15]
2026-03-10T05:34:34+01:00,[37],[12]
2026-03-10T04:54:34+01:00,[37],[15]
2026-03-10T04:44:34+01:00,[37],[13]
2026-03-10T04:24:34+01:00,[37],[15]
2026-03-10T04:04:35+01:00,[37],[15]
2026-03-10T03:24:34+01:00,[37],[14]
2026-03-10T03:14:35+01:00,[37],[13]
2026-03-10T02:44:34+01:00,[37],[14]
2026-03-10T02:34:34+01:00,[37],[14]
2026-03-10T02:14:35+01:00,[37],[15]
2026-03-10T01:54:33+01:00,[38],[14]
2026-03-10T01:44:34+01:00,[37],[13]
2026-03-10T00:34:33+01:00,[38],[14]
2026-03-09T15:44:33+01:00,[38],[12]
2026-03-09T15:24:35+01:00,[37],[15]
2026-03-09T14:04:33+01:00,[38],[14]
2026-03-09T13:24:34+01:00,[37],[13]
2026-03-09T13:14:33+01:00,[37],[15]
2026-03-09T12:14:33+01:00,[38],[14]
2026-03-09T11:54:35+01:00,[37],[13]
2026-03-09T11:44:33+01:00,[38],[12]
2026-03-09T11:24:34+01:00,[37],[16]
2026-03-09T11:14:34+01:00,[37],[13]
2026-03-09T10:44:34+01:00,[37],[15]
2026-03-09T10:24:35+01:00,[37],[14]
2026-03-09T09:44:34+01:00,[37],[12]
2026-03-09T09:14:34+01:00,[38],[13]
2026-03-09T08:34:34+01:00,[37],[13]
2026-03-09T08:04:34+01:00,[37],[15]
2026-03-09T07:44:34+01:00,[38],[15]
2026-03-09T07:24:34+01:00,[37],[11]
2026-03-09T07:14:34+01:00,[37],[14]
2026-03-09T07:04:34+01:00,[37],[14]
2026-03-09T06:54:34+01:00,[37],[13]
2026-03-09T06:44:34+01:00,[38],[16]
2026-03-09T06:14:34+01:00,[37],[15]
2026-03-09T04:54:34+01:00,[37],[16]
2026-03-09T04:34:34+01:00,[37],[12]
2026-03-09T03:54:34+01:00,[38],[14]
2026-03-09T03:44:34+01:00,[37],[14]
2026-03-09T03:24:34+01:00,[37],[14]
2026-03-09T02:44:34+01:00,[37],[15]
2026-03-09T02:34:34+01:00,[37],[14]
2026-03-09T02:14:34+01:00,[37],[15]
2026-03-09T01:44:34+01:00,[38],[15]
2026-03-08T12:34:33+01:00,[37],[15]
2026-03-08T12:14:33+01:00,[37],[16]
2026-03-08T11:54:33+01:00,[37],[18]
2026-03-08T10:54:35+01:00,[37],[15]
2026-03-08T09:44:33+01:00,[38],[16]
2026-03-08T09:04:34+01:00,[37],[12]
2026-03-08T08:24:34+01:00,[38],[13]
2026-03-08T07:34:34+01:00,[37],[16]
2026-03-08T07:24:34+01:00,[37],[17]
2026-03-08T07:14:34+01:00,[37],[15]
2026-03-08T06:54:34+01:00,[37],[15]
2026-03-08T06:44:34+01:00,[38],[17]
2026-03-08T06:34:34+01:00,[37],[15]
2026-03-07T14:14:37+01:00,[37],[10]
2026-03-07T13:24:37+01:00,[37],[18]
2026-03-07T12:54:37+01:00,[38],[17]
2026-03-07T12:44:36+01:00,[37],[17]
2026-03-07T12:14:37+01:00,[37],[14]
2026-03-07T11:34:37+01:00,[37],[17]
2026-03-07T11:14:44+01:00,[37],[14]
2026-03-07T11:04:37+01:00,[37],[14]
2026-03-07T10:34:37+01:00,[37],[15]
2026-03-07T10:04:37+01:00,[37],[14]
2026-03-07T09:54:37+01:00,[37],[14]
2026-03-07T09:44:36+01:00,[37],[15]
2026-03-07T09:14:37+01:00,[38],[12]
2026-03-07T06:44:36+01:00,[37],[14]
2026-03-07T06:24:37+01:00,[37],[16]
2026-03-07T06:14:36+01:00,[37],[13]
2026-03-07T05:54:37+01:00,[37],[14]
2026-03-07T05:44:37+01:00,[37],[14]
2026-03-07T05:34:37+01:00,[37],[14]
2026-03-07T04:44:37+01:00,[37],[14]
2026-03-07T04:34:37+01:00,[38],[15]
2026-03-07T04:24:37+01:00,[38],[14]
2026-03-07T04:14:36+01:00,[37],[15]
2026-03-07T03:34:37+01:00,[37],[16]
2026-03-07T03:04:37+01:00,[37],[18]
2026-03-07T02:34:37+01:00,[37],[20]
2026-03-07T02:14:38+01:00,[37],[16]
2026-03-06T14:44:37+01:00,[37],[16]
2026-03-06T14:04:37+01:00,[37],[17]
2026-03-06T13:14:36+01:00,[38],[16]
2026-03-06T12:14:37+01:00,[37],[16]
2026-03-06T11:54:37+01:00,[38],[16]
2026-03-06T11:44:37+01:00,[37],[16]
2026-03-06T10:44:36+01:00,[38],[16]
2026-03-06T09:54:37+01:00,[38],[14]
2026-03-06T09:14:37+01:00,[38],[16]
2026-03-06T06:24:37+01:00,[38],[14]
2026-03-06T06:14:37+01:00,[37],[15]
2026-03-06T06:04:37+01:00,[37],[13]
2026-03-06T05:44:36+01:00,[38],[13]
2026-03-06T05:34:37+01:00,[37],[15]
2026-03-06T02:44:37+01:00,[37],[10]
2026-03-06T01:34:38+01:00,[37],[13]
2026-03-05T15:04:37+01:00,[38],[9]
2026-03-05T14:14:37+01:00,[37],[12]
2026-03-05T13:34:37+01:00,[38],[13]
2026-03-05T12:54:37+01:00,[37],[16]
2026-03-05T11:24:37+01:00,[37],[13]
2026-03-05T10:04:37+01:00,[37],[10]
2026-03-05T08:44:37+01:00,[37],[13]
2026-03-05T07:54:37+01:00,[37],[14]
2026-03-05T07:44:36+01:00,[38],[12]
2026-03-05T07:34:37+01:00,[38],[13]
2026-03-05T07:24:37+01:00,[37],[13]
2026-03-05T06:34:37+01:00,[37],[14]
2026-03-05T04:54:38+01:00,[37],[13]
2026-03-05T04:24:37+01:00,[37],[14]
2026-03-05T03:34:37+01:00,[37],[14]
2026-03-05T03:24:37+01:00,[37],[15]
2026-03-05T03:14:37+01:00,[37],[13]
2026-03-05T03:04:37+01:00,[37],[16]
2026-03-05T02:54:37+01:00,[37],[15]
2026-03-05T02:44:37+01:00,[37],[13]
2026-03-05T02:34:37+01:00,[37],[14]
2026-03-05T01:24:37+01:00,[37],[16]
2026-03-05T01:04:37+01:00,[38],[16]
2026-03-05T00:54:37+01:00,[37],[14]
2026-03-04T14:14:40+01:00,[37],[13]
2026-03-04T13:34:40+01:00,[37],[15]
2026-03-04T13:24:40+01:00,[37],[14]
2026-03-04T12:44:40+01:00,[37],[15]
2026-03-04T12:34:40+01:00,[37],[15]
2026-03-04T12:24:40+01:00,[37],[13]
2026-03-04T12:14:40+01:00,[38],[13]
2026-03-04T12:04:40+01:00,[37],[13]
2026-03-04T10:44:40+01:00,[37],[15]
2026-03-04T10:34:40+01:00,[37],[14]
2026-03-04T10:14:41+01:00,[37],[13]
2026-03-04T08:44:40+01:00,[38],[15]
2026-03-04T08:24:39+01:00,[37],[15]
2026-03-04T08:14:40+01:00,[38],[14]
2026-03-04T07:14:40+01:00,[37],[13]
2026-03-04T04:54:41+01:00,[37],[15]
2026-03-04T04:34:40+01:00,[38],[14]
2026-03-04T04:24:39+01:00,[37],[15]
2026-03-04T04:04:40+01:00,[37],[14]
2026-03-04T03:34:40+01:00,[37],[15]
2026-03-04T03:14:39+01:00,[38],[14]
2026-03-04T03:04:40+01:00,[38],[13]
2026-03-04T02:54:41+01:00,[37],[16]
2026-03-04T02:44:40+01:00,[37],[16]
2026-03-04T02:34:40+01:00,[37],[12]
2026-03-04T02:14:40+01:00,[37],[15]
2026-03-04T01:54:40+01:00,[37],[15]
2026-03-03T13:54:40+01:00,[37],[15]
2026-03-03T13:44:40+01:00,[37],[15]
2026-03-03T13:34:41+01:00,[37],[13]
2026-03-03T13:04:39+01:00,[37],[15]
2026-03-03T12:54:40+01:00,[37],[13]
2026-03-03T10:14:39+01:00,[38],[15]
2026-03-03T09:44:40+01:00,[37],[13]
2026-03-03T09:04:40+01:00,[37],[13]
2026-03-03T08:54:40+01:00,[37],[12]
2026-03-03T08:44:40+01:00,[38],[13]
2026-03-03T08:14:40+01:00,[37],[13]
2026-03-03T08:04:41+01:00,[37],[13]
2026-03-03T07:14:40+01:00,[37],[15]
2026-03-03T06:44:40+01:00,[37],[13]
2026-03-03T06:34:40+01:00,[37],[12]
2026-03-03T06:14:40+01:00,[37],[12]
2026-03-03T05:54:40+01:00,[37],[13]
2026-03-03T05:34:40+01:00,[37],[12]
2026-03-03T04:54:40+01:00,[38],[14]
2026-03-03T03:34:40+01:00,[37],[13]
2026-03-03T03:04:40+01:00,[37],[11]
2026-03-03T02:44:40+01:00,[37],[12]
2026-03-03T02:14:40+01:00,[37],[12]
2026-03-03T01:14:40+01:00,[37],[12]
2026-03-03T00:14:41+01:00,[37],[13]
2026-03-02T14:24:40+01:00,[37],[13]
2026-03-02T14:14:40+01:00,[38],[11]
2026-03-02T14:04:40+01:00,[38],[13]
2026-03-02T13:34:40+01:00,[37],[13]
2026-03-02T13:24:40+01:00,[38],[14]
2026-03-02T13:04:40+01:00,[37],[13]
2026-03-02T12:44:39+01:00,[38],[13]
2026-03-02T12:24:40+01:00,[37],[13]
2026-03-02T12:14:40+01:00,[37],[8]
2026-03-02T11:54:40+01:00,[37],[13]
2026-03-02T11:14:40+01:00,[37],[13]
2026-03-02T10:34:40+01:00,[37],[13]
2026-03-02T10:14:45+01:00,[38],[14]
2026-03-02T09:44:40+01:00,[37],[13]
2026-03-02T09:34:40+01:00,[37],[12]
2026-03-02T09:14:39+01:00,[38],[12]
2026-03-02T09:04:40+01:00,[38],[14]
2026-03-02T08:54:40+01:00,[37],[14]
2026-03-02T08:44:40+01:00,[37],[14]
2026-03-02T08:14:40+01:00,[37],[15]
2026-03-02T07:34:40+01:00,[37],[15]
2026-03-02T06:24:39+01:00,[37],[15]
2026-03-02T05:54:40+01:00,[38],[15]
2026-03-02T04:54:40+01:00,[37],[13]
2026-03-02T04:14:40+01:00,[37],[13]
2026-03-02T03:14:40+01:00,[38],[13]
2026-03-02T02:54:40+01:00,[37],[15]
2026-03-02T02:34:40+01:00,[37],[14]
2026-03-02T02:24:40+01:00,[37],[15]
2026-03-02T01:24:40+01:00,[37],[13]
2026-03-01T16:34:43+01:00,[37],[9]
2026-03-01T16:24:44+01:00,[37],[14]
2026-03-01T16:04:43+01:00,[37],[14]
2026-03-01T15:34:42+01:00,[37],[16]
2026-03-01T15:04:43+01:00,[37],[14]
2026-03-01T14:44:43+01:00,[38],[14]
2026-03-01T14:34:43+01:00,[38],[14]
2026-03-01T14:14:43+01:00,[38],[13]
2026-03-01T13:44:43+01:00,[38],[14]
2026-03-01T13:34:43+01:00,[38],[14]
2026-03-01T13:14:43+01:00,[37],[14]
2026-03-01T12:54:42+01:00,[38],[14]
2026-03-01T12:44:43+01:00,[37],[15]
2026-03-01T12:34:43+01:00,[37],[15]
2026-03-01T12:24:43+01:00,[37],[15]
2026-03-01T12:14:42+01:00,[38],[14]
2026-03-01T11:54:44+01:00,[37],[8]
2026-03-01T11:04:43+01:00,[37],[13]
2026-03-01T10:24:43+01:00,[37],[13]
2026-03-01T09:14:43+01:00,[38],[16]
2026-03-01T09:04:42+01:00,[37],[17]
2026-03-01T08:55:12+01:00,[8],[15]
2026-03-01T08:34:43+01:00,[37],[16]
2026-03-01T08:14:43+01:00,[37],[17]
2026-03-01T07:44:44+01:00,[37],[17]
2026-03-01T07:34:43+01:00,[37],[15]
2026-03-01T07:24:43+01:00,[37],[16]
2026-03-01T06:44:43+01:00,[37],[15]
2026-03-01T06:34:43+01:00,[37],[15]
2026-03-01T06:14:42+01:00,[38],[15]
2026-03-01T05:54:43+01:00,[38],[16]
2026-03-01T05:44:43+01:00,[37],[14]
2026-03-01T05:24:42+01:00,[38],[15]
2026-03-01T04:44:43+01:00,[37],[15]
2026-03-01T04:24:43+01:00,[38],[15]
2026-03-01T03:44:42+01:00,[38],[14]
2026-03-01T03:24:43+01:00,[38],[16]
2026-03-01T03:04:43+01:00,[37],[10]
2026-03-01T02:54:43+01:00,[37],[16]
2026-03-01T02:44:43+01:00,[38],[15]
2026-03-01T01:54:43+01:00,[38],[17]
2026-03-01T01:34:43+01:00,[37],[14]
2026-03-01T01:14:43+01:00,[38],[14]
2026-03-01T00:56:35+01:00,[38],[15]
2026-02-28T16:44:42+01:00,[37],[15]
2026-02-28T16:34:43+01:00,[37],[18]
2026-02-28T16:14:43+01:00,[37],[16]
2026-02-28T13:24:43+01:00,[38],[17]
2026-02-28T12:44:43+01:00,[37],[17]
2026-02-28T11:24:42+01:00,[37],[20]
2026-02-28T11:14:43+01:00,[37],[13]
2026-02-28T11:04:42+01:00,[37],[20]
2026-02-28T10:34:43+01:00,[36],[17]
2026-02-28T10:24:56+01:00,[24],[16]
2026-02-28T10:04:42+01:00,[37],[17]
2026-02-28T08:44:43+01:00,[38],[17]
2026-02-28T07:54:43+01:00,[37],[15]
2026-02-28T07:14:43+01:00,[37],[19]
2026-02-28T06:54:43+01:00,[37],[16]
2026-02-28T06:14:43+01:00,[37],[16]
2026-02-28T03:14:44+01:00,[37],[13]
2026-02-27T15:34:43+01:00,[38],[14]
2026-02-27T14:54:42+01:00,[37],[14]
2026-02-27T14:04:42+01:00,[37],[14]
2026-02-27T13:44:42+01:00,[38],[14]
2026-02-27T13:34:43+01:00,[37],[15]
2026-02-27T13:24:44+01:00,[37],[15]
2026-02-27T13:04:43+01:00,[38],[16]
2026-02-27T12:14:43+01:00,[37],[15]
2026-02-27T12:04:43+01:00,[37],[16]
2026-02-27T11:34:43+01:00,[37],[16]
2026-02-27T11:14:42+01:00,[37],[15]
2026-02-27T10:24:42+01:00,[37],[16]
2026-02-27T09:54:42+01:00,[38],[14]
2026-02-27T09:34:43+01:00,[37],[13]
2026-02-27T09:14:43+01:00,[37],[14]
2026-02-27T09:04:43+01:00,[37],[14]
2026-02-27T08:44:43+01:00,[37],[13]
2026-02-27T08:34:43+01:00,[37],[13]
2026-02-27T07:54:43+01:00,[37],[13]
2026-02-27T07:34:43+01:00,[37],[13]
2026-02-27T07:14:43+01:00,[37],[13]
2026-02-27T07:04:43+01:00,[37],[12]
2026-02-27T06:04:42+01:00,[37],[12]
2026-02-27T05:44:43+01:00,[37],[13]
2026-02-27T05:34:43+01:00,[37],[13]
2026-02-27T05:14:43+01:00,[37],[14]
2026-02-27T05:04:43+01:00,[37],[14]
2026-02-27T04:54:42+01:00,[37],[15]
2026-02-27T03:44:43+01:00,[37],[12]
2026-02-27T03:34:43+01:00,[37],[13]
2026-02-27T03:24:43+01:00,[37],[12]
2026-02-27T03:04:42+01:00,[38],[14]
2026-02-27T02:24:43+01:00,[38],[15]
2026-02-27T01:44:42+01:00,[38],[12]
2026-02-26T14:54:46+01:00,[37],[13]
2026-02-26T14:44:46+01:00,[37],[14]
2026-02-26T12:44:45+01:00,[37],[13]
2026-02-26T12:24:47+01:00,[37],[13]
2026-02-26T12:04:46+01:00,[37],[11]
2026-02-26T11:44:46+01:00,[37],[13]
2026-02-26T10:24:46+01:00,[37],[15]
2026-02-26T10:14:46+01:00,[37],[14]
2026-02-26T08:54:46+01:00,[38],[15]
2026-02-26T08:34:46+01:00,[38],[13]
2026-02-26T08:14:46+01:00,[38],[15]
2026-02-26T08:04:45+01:00,[38],[13]
2026-02-26T07:54:46+01:00,[37],[15]
2026-02-26T07:34:46+01:00,[37],[14]
2026-02-26T07:14:45+01:00,[38],[15]
2026-02-26T07:04:46+01:00,[37],[15]
2026-02-26T06:24:46+01:00,[37],[16]
2026-02-26T06:04:45+01:00,[37],[16]
2026-02-26T05:54:46+01:00,[38],[18]
2026-02-26T05:44:46+01:00,[37],[15]
2026-02-26T05:34:46+01:00,[37],[16]
2026-02-26T05:24:46+01:00,[38],[14]
2026-02-26T04:54:45+01:00,[37],[14]
2026-02-26T00:14:46+01:00,[37],[16]
2026-02-26T00:04:46+01:00,[37],[17]
2026-02-25T23:58:09+01:00,[60],[16]
2026-02-25T23:56:09+01:00,[60],[18]
2026-02-25T23:52:09+01:00,"[60,60]","[16,16]"
2026-02-25T23:46:09+01:00,"[60,60,60]","[14,13,14]"
2026-02-25T23:45:09+01:00,[60],[13]
2026-02-25T23:42:09+01:00,[60],[15]
2026-02-25T23:34:46+01:00,[37],[13]
2026-02-25T14:24:45+01:00,[38],[13]
2026-02-25T11:24:45+01:00,[37],[12]
2026-02-25T09:44:46+01:00,[38],[14]
2026-02-25T09:24:47+01:00,[37],[12]
2026-02-25T08:34:46+01:00,[37],[13]
2026-02-25T08:14:46+01:00,[37],[13]
2026-02-25T07:54:46+01:00,[37],[13]
2026-02-25T07:44:46+01:00,[37],[13]
2026-02-25T07:14:46+01:00,[38],[12]
2026-02-25T07:04:45+01:00,[37],[14]
2026-02-25T02:44:46+01:00,[37],[13]
2026-02-25T02:34:47+01:00,[37],[13]
2026-02-25T02:14:46+01:00,[37],[14]
2026-02-25T01:04:47+01:00,[37],[12]
2026-02-25T00:34:46+01:00,[37],[11]
2026-02-25T00:24:47+01:00,[37],[13]
2026-02-24T15:24:45+01:00,[37],[12]
2026-02-24T15:14:45+01:00,[37],[12]
2026-02-24T15:04:45+01:00,[37],[11]
2026-02-24T14:34:46+01:00,[38],[12]
2026-02-24T14:24:46+01:00,[38],[13]
2026-02-24T14:14:46+01:00,[37],[12]
2026-02-24T13:44:46+01:00,[37],[14]
2026-02-24T12:54:46+01:00,[37],[13]
2026-02-24T12:44:47+01:00,[37],[14]
2026-02-24T12:14:46+01:00,[38],[14]
2026-02-24T11:54:46+01:00,[38],[13]
2026-02-24T10:34:46+01:00,[37],[16]
2026-02-24T10:24:46+01:00,[38],[13]
2026-02-24T08:04:46+01:00,[37],[12]
2026-02-24T07:54:46+01:00,[37],[13]
2026-02-24T07:44:47+01:00,[37],[11]
2026-02-24T06:54:46+01:00,[37],[13]
2026-02-24T06:14:47+01:00,[37],[13]
2026-02-24T05:44:45+01:00,[37],[15]
2026-02-24T04:54:46+01:00,[38],[15]
2026-02-24T04:44:46+01:00,[37],[13]
2026-02-24T04:14:46+01:00,[38],[13]
2026-02-24T03:54:46+01:00,[38],[13]
2026-02-24T03:24:46+01:00,[37],[12]
2026-02-24T02:24:46+01:00,[37],[14]
2026-02-24T01:44:45+01:00,[38],[13]
2026-02-24T01:34:47+01:00,[37],[14]
2026-02-24T01:24:46+01:00,[37],[13]
2026-02-24T01:04:46+01:00,[37],[14]
2026-02-23T13:24:49+01:00,[37],[12]
2026-02-23T13:14:49+01:00,[37],[14]
2026-02-23T13:04:49+01:00,[37],[13]
2026-02-23T12:54:49+01:00,[37],[13]
2026-02-23T12:44:49+01:00,[38],[14]
2026-02-23T12:24:49+01:00,[37],[15]
2026-02-23T11:54:49+01:00,[37],[15]
2026-02-23T11:24:49+01:00,[37],[14]
2026-02-23T11:04:49+01:00,[37],[13]
2026-02-23T10:24:49+01:00,[37],[10]
2026-02-23T09:14:49+01:00,[37],[13]
2026-02-23T07:54:49+01:00,[37],[14]
2026-02-23T07:24:49+01:00,[37],[12]
2026-02-23T06:44:49+01:00,[37],[11]
2026-02-23T06:24:48+01:00,[37],[13]
2026-02-23T03:54:48+01:00,[38],[13]
2026-02-23T03:44:49+01:00,[37],[13]
2026-02-23T02:52:11+01:00,[84],[13]
2026-02-23T02:34:49+01:00,[37],[13]
2026-02-23T01:44:49+01:00,[37],[14]
2026-02-23T01:34:49+01:00,[37],[15]
2026-02-23T01:24:57+01:00,[37],[12]
2026-02-23T01:04:49+01:00,[38],[16]
2026-02-22T15:14:49+01:00,[37],[14]
2026-02-22T15:04:48+01:00,[38],[14]
2026-02-22T12:54:49+01:00,[37],[15]
2026-02-22T12:44:48+01:00,[37],[16]
2026-02-22T12:34:49+01:00,[37],[18]
2026-02-22T12:24:48+01:00,[37],[18]
2026-02-22T10:54:49+01:00,[38],[16]
2026-02-22T10:44:49+01:00,[37],[16]
2026-02-22T09:33:09+01:00,[60],[17]
2026-02-22T09:31:09+01:00,[60],[18]
2026-02-22T09:22:09+01:00,[60],[17]
2026-02-22T09:19:09+01:00,"[60,60]","[17,14]"
2026-02-22T09:17:09+01:00,[60],[16]
2026-02-22T09:09:09+01:00,"[60,60,60,60,60,60,60]","[14,15,17,15,15,16,15]"
2026-02-22T08:24:49+01:00,[37],[12]
2026-02-22T08:04:49+01:00,[37],[9]
2026-02-22T07:34:48+01:00,[37],[13]
2026-02-22T07:24:49+01:00,[37],[12]
2026-02-22T05:04:49+01:00,[37],[14]
2026-02-22T03:54:49+01:00,[38],[13]
2026-02-22T03:34:50+01:00,[37],[14]
2026-02-22T02:54:48+01:00,[38],[16]
2026-02-22T02:14:49+01:00,[37],[14]
2026-02-22T01:24:48+01:00,[38],[14]
2026-02-22T01:14:49+01:00,[37],[14]
2026-02-22T00:54:49+01:00,[37],[13]
2026-02-22T00:44:49+01:00,[37],[13]
2026-02-22T00:14:49+01:00,[38],[17]
2026-02-21T23:34:49+01:00,[37],[16]
2026-02-21T16:34:49+01:00,[37],[14]
2026-02-21T15:44:48+01:00,[37],[14]
2026-02-21T15:34:48+01:00,[38],[14]
2026-02-21T15:14:49+01:00,[38],[16]
2026-02-21T15:04:49+01:00,[37],[16]
2026-02-21T14:04:49+01:00,[37],[15]
2026-02-21T13:44:49+01:00,[37],[14]
2026-02-21T13:24:48+01:00,[37],[14]
2026-02-21T13:14:49+01:00,[37],[15]
2026-02-21T13:04:49+01:00,[37],[15]
2026-02-21T12:54:49+01:00,[37],[15]
2026-02-21T12:44:49+01:00,[37],[15]
2026-02-21T12:24:48+01:00,[37],[16]
2026-02-21T11:24:49+01:00,[37],[15]
2026-02-21T11:18:10+01:00,[60],[16]
2026-02-21T11:10:10+01:00,"[60,60]","[16,16]"
2026-02-21T11:06:09+01:00,"[60,60]","[18,16]"
2026-02-21T10:44:50+01:00,[37],[12]
2026-02-21T10:14:49+01:00,[37],[14]
2026-02-21T09:44:49+01:00,[37],[13]
2026-02-21T09:34:49+01:00,[37],[13]
2026-02-21T09:14:49+01:00,[37],[11]
2026-02-21T08:54:49+01:00,[37],[13]
2026-02-21T08:44:49+01:00,[37],[12]
2026-02-21T08:34:49+01:00,[37],[14]
2026-02-21T07:44:49+01:00,[37],[13]
2026-02-21T07:34:49+01:00,[38],[13]
2026-02-21T07:24:49+01:00,[37],[13]
2026-02-21T04:44:49+01:00,[37],[14]
2026-02-21T04:24:48+01:00,[37],[13]
2026-02-21T04:14:49+01:00,[37],[15]
2026-02-21T03:54:49+01:00,[37],[13]
2026-02-20T15:04:52+01:00,[37],[13]
2026-02-20T14:54:52+01:00,[37],[12]
2026-02-20T14:34:52+01:00,[37],[11]
2026-02-20T14:24:52+01:00,[37],[13]
2026-02-20T11:04:52+01:00,[37],[13]
2026-02-20T10:54:51+01:00,[37],[14]
2026-02-20T09:54:52+01:00,[37],[13]
2026-02-20T09:24:52+01:00,[38],[12]
2026-02-20T07:34:52+01:00,[38],[12]
2026-02-20T06:24:52+01:00,[37],[12]
2026-02-20T06:14:52+01:00,[37],[12]
2026-02-20T06:04:52+01:00,[37],[12]
2026-02-20T04:44:52+01:00,[37],[13]
2026-02-20T04:04:52+01:00,[37],[14]
2026-02-20T03:54:52+01:00,[37],[13]
2026-02-20T03:24:52+01:00,[37],[13]
2026-02-20T03:14:52+01:00,[37],[13]
2026-02-20T02:34:52+01:00,[37],[12]
2026-02-19T15:34:52+01:00,[38],[14]
2026-02-19T14:24:52+01:00,[37],[12]
2026-02-19T13:54:52+01:00,[37],[13]
2026-02-19T13:34:52+01:00,[37],[11]
2026-02-19T12:54:51+01:00,[37],[12]
2026-02-19T10:44:52+01:00,[37],[13]
2026-02-19T10:24:52+01:00,[37],[11]
2026-02-19T09:34:52+01:00,[37],[11]
2026-02-19T09:24:52+01:00,[37],[13]
2026-02-19T09:04:52+01:00,[37],[13]
2026-02-19T08:44:52+01:00,[37],[13]
2026-02-19T08:04:51+01:00,[38],[13]
2026-02-19T07:54:52+01:00,[38],[9]
2026-02-19T06:34:52+01:00,[37],[15]
2026-02-19T05:24:52+01:00,[37],[10]
2026-02-19T03:54:51+01:00,[38],[12]
2026-02-19T03:44:52+01:00,[37],[12]
2026-02-19T03:34:52+01:00,[37],[10]
2026-02-19T02:44:52+01:00,[37],[12]
2026-02-19T01:34:51+01:00,[37],[11]
2026-02-19T00:04:52+01:00,[37],[13]
2026-02-18T12:34:52+01:00,[37],[13]
2026-02-18T09:44:52+01:00,[37],[12]
2026-02-18T08:34:52+01:00,[37],[12]
2026-02-18T07:14:52+01:00,[37],[13]
2026-02-18T06:54:52+01:00,[37],[13]
2026-02-18T05:54:51+01:00,[38],[14]
2026-02-18T05:44:52+01:00,[37],[12]
2026-02-18T03:24:52+01:00,[37],[12]
2026-02-18T03:14:52+01:00,[37],[12]
2026-02-18T02:54:52+01:00,[38],[13]
2026-02-18T01:34:52+01:00,[37],[14]
2026-02-18T01:24:52+01:00,[37],[13]
2026-02-17T15:44:55+01:00,[38],[14]
2026-02-17T15:14:54+01:00,[37],[14]
2026-02-17T14:24:54+01:00,[37],[11]
2026-02-17T13:54:54+01:00,[37],[14]
2026-02-17T13:34:55+01:00,[37],[15]
2026-02-17T13:24:55+01:00,[38],[14]
2026-02-17T13:14:55+01:00,[37],[14]
2026-02-17T13:04:54+01:00,[37],[14]
2026-02-17T12:54:55+01:00,[38],[13]
2026-02-17T11:54:56+01:00,[37],[13]
2026-02-17T10:44:55+01:00,[37],[12]
2026-02-17T09:54:55+01:00,[37],[14]
2026-02-17T09:14:55+01:00,[38],[11]
2026-02-17T09:04:55+01:00,[37],[15]
2026-02-17T08:24:55+01:00,[37],[14]
2026-02-17T07:14:55+01:00,[38],[12]
2026-02-17T06:34:54+01:00,[38],[14]
2026-02-17T06:24:55+01:00,[37],[13]
2026-02-17T06:14:55+01:00,[37],[13]
2026-02-17T04:54:55+01:00,[37],[13]
2026-02-17T04:44:57+01:00,[37],[12]
2026-02-17T04:34:55+01:00,[37],[11]
2026-02-17T04:14:55+01:00,[37],[13]
2026-02-17T04:04:55+01:00,[37],[13]
2026-02-17T03:54:55+01:00,[37],[15]
2026-02-17T03:14:55+01:00,[37],[14]
2026-02-17T02:34:54+01:00,[38],[13]
2026-02-17T01:54:55+01:00,[37],[14]
2026-02-17T01:44:55+01:00,[37],[14]
2026-02-17T01:34:54+01:00,[38],[16]
2026-02-17T00:54:55+01:00,[37],[15]
2026-02-16T23:54:55+01:00,[37],[13]
2026-02-16T14:34:55+01:00,[38],[12]
2026-02-16T14:14:56+01:00,[37],[12]
2026-02-16T14:04:55+01:00,[37],[13]
2026-02-16T13:24:55+01:00,[37],[13]
2026-02-16T13:14:55+01:00,[37],[12]
2026-02-16T12:24:55+01:00,[37],[12]
2026-02-16T11:54:55+01:00,[37],[13]
2026-02-16T11:14:55+01:00,[37],[13]
2026-02-16T10:44:55+01:00,[37],[12]
2026-02-16T08:24:55+01:00,[37],[12]
2026-02-16T08:14:55+01:00,[37],[13]
2026-02-16T07:54:55+01:00,[37],[13]
2026-02-16T07:44:55+01:00,[37],[13]
2026-02-16T07:24:55+01:00,[37],[12]
2026-02-16T05:14:55+01:00,[37],[11]
2026-02-16T04:34:55+01:00,[38],[13]
2026-02-16T04:24:55+01:00,[37],[11]
2026-02-16T04:04:55+01:00,[38],[13]
2026-02-16T03:44:55+01:00,[37],[15]
2026-02-16T03:24:56+01:00,[37],[12]
2026-02-16T02:34:55+01:00,[37],[12]
2026-02-16T02:14:55+01:00,[37],[12]
2026-02-16T02:04:55+01:00,[37],[13]
2026-02-16T01:34:55+01:00,[37],[13]
2026-02-15T14:14:55+01:00,[37],[8]
2026-02-15T13:54:55+01:00,[37],[14]
2026-02-15T13:44:55+01:00,[37],[12]
2026-02-15T12:34:55+01:00,[38],[15]
2026-02-15T12:24:54+01:00,[37],[14]
2026-02-15T12:04:54+01:00,[37],[13]
2026-02-15T10:34:55+01:00,[37],[14]
2026-02-15T09:04:54+01:00,[37],[12]
2026-02-15T08:34:55+01:00,[37],[12]
2026-02-15T08:24:55+01:00,[37],[13]
2026-02-15T07:24:55+01:00,[38],[12]
2026-02-15T07:14:55+01:00,[37],[12]
2026-02-15T07:04:54+01:00,[37],[14]
2026-02-15T06:04:55+01:00,[38],[13]
2026-02-15T05:14:54+01:00,[38],[13]
2026-02-15T04:24:56+01:00,[37],[10]
2026-02-15T04:04:54+01:00,[38],[13]
2026-02-15T02:24:55+01:00,[37],[13]
2026-02-15T01:14:55+01:00,[37],[13]
2026-02-15T00:54:55+01:00,[37],[13]
2026-02-15T00:44:55+01:00,[37],[13]
2026-02-14T14:44:58+01:00,[37],[15]
2026-02-14T14:04:58+01:00,[37],[12]
2026-02-14T13:54:58+01:00,[38],[11]
2026-02-14T13:24:58+01:00,[38],[11]
2026-02-14T12:44:57+01:00,[37],[14]
2026-02-14T12:34:58+01:00,[37],[13]
2026-02-14T12:14:58+01:00,[37],[10]
2026-02-14T11:44:58+01:00,[37],[13]
2026-02-14T11:34:58+01:00,[37],[12]
2026-02-14T11:24:58+01:00,[37],[11]
2026-02-14T10:44:58+01:00,[38],[12]
2026-02-14T09:34:58+01:00,[37],[13]
2026-02-14T09:24:59+01:00,[37],[11]
2026-02-14T09:14:58+01:00,[37],[13]
2026-02-14T08:54:58+01:00,[37],[13]
2026-02-14T08:44:57+01:00,[38],[12]
2026-02-14T08:24:59+01:00,[37],[11]
2026-02-14T07:14:58+01:00,[37],[13]
2026-02-14T07:04:58+01:00,[38],[13]
2026-02-14T06:44:59+01:00,[37],[13]
2026-02-14T06:24:58+01:00,[38],[12]
2026-02-14T06:04:58+01:00,[37],[12]
2026-02-14T05:54:58+01:00,[37],[13]
2026-02-14T05:44:59+01:00,[37],[14]
2026-02-14T05:24:58+01:00,[37],[13]
2026-02-14T01:24:58+01:00,[37],[13]
2026-02-14T01:04:58+01:00,[37],[14]
2026-02-13T15:24:59+01:00,[37],[13]
2026-02-13T15:04:58+01:00,[38],[12]
2026-02-13T14:54:58+01:00,[37],[11]
2026-02-13T14:34:58+01:00,[37],[13]
2026-02-13T14:24:58+01:00,[37],[13]
2026-02-13T11:54:58+01:00,[37],[12]
2026-02-13T11:44:58+01:00,[37],[14]
2026-02-13T11:34:59+01:00,[37],[12]
2026-02-13T10:54:58+01:00,[37],[13]
2026-02-13T09:44:58+01:00,[37],[14]
2026-02-13T08:44:58+01:00,[37],[12]
2026-02-13T07:54:58+01:00,[38],[13]
2026-02-13T07:44:58+01:00,[37],[13]
2026-02-13T07:34:58+01:00,[38],[13]
2026-02-13T06:24:58+01:00,[37],[13]
2026-02-13T06:14:59+01:00,[37],[14]
2026-02-13T05:44:58+01:00,[37],[13]
2026-02-13T04:54:58+01:00,[37],[12]
2026-02-13T04:14:58+01:00,[37],[14]
2026-02-13T04:04:58+01:00,[37],[12]
2026-02-13T03:44:58+01:00,[37],[12]
2026-02-13T03:34:58+01:00,[37],[12]
2026-02-13T03:04:58+01:00,[37],[13]
2026-02-13T02:54:59+01:00,[37],[14]
2026-02-13T02:34:58+01:00,[37],[15]
2026-02-13T02:04:58+01:00,[37],[14]
2026-02-13T01:54:58+01:00,[38],[14]
2026-02-13T01:14:57+01:00,[38],[14]
2026-02-13T00:44:58+01:00,[37],[13]
2026-02-12T15:34:58+01:00,[37],[14]
2026-02-12T15:24:58+01:00,[37],[13]
2026-02-12T15:14:59+01:00,[37],[11]
2026-02-12T13:54:57+01:00,[37],[13]
2026-02-12T13:14:59+01:00,[37],[13]
2026-02-12T12:44:58+01:00,[37],[13]
2026-02-12T12:34:59+01:00,[37],[14]
2026-02-12T12:24:58+01:00,[38],[15]
2026-02-12T11:24:58+01:00,[38],[15]
2026-02-12T10:54:57+01:00,[37],[15]
2026-02-12T10:34:58+01:00,[37],[14]
2026-02-12T10:14:58+01:00,[37],[15]
2026-02-12T08:44:58+01:00,[37],[15]
2026-02-12T08:14:58+01:00,[38],[15]
2026-02-12T07:54:58+01:00,[38],[10]
2026-02-12T07:44:58+01:00,[38],[14]
2026-02-12T07:34:58+01:00,[37],[14]
2026-02-12T07:14:58+01:00,[37],[15]
2026-02-12T06:34:58+01:00,[38],[16]
2026-02-12T06:24:58+01:00,[37],[15]
2026-02-12T05:44:09+01:00,"[60,60]","[16,16]"
2026-02-12T05:41:09+01:00,[60],[16]
2026-02-12T05:39:09+01:00,[60],[17]
2026-02-12T05:37:09+01:00,[60],[15]
2026-02-12T05:36:09+01:00,[60],[16]
2026-02-12T05:04:58+01:00,[37],[12]
2026-02-12T04:54:58+01:00,[37],[12]
2026-02-12T04:24:59+01:00,[37],[13]
2026-02-12T03:54:58+01:00,[38],[13]
2026-02-12T03:14:58+01:00,[37],[12]
2026-02-12T02:54:58+01:00,[38],[14]
2026-02-12T02:34:58+01:00,[37],[14]
2026-02-12T02:24:58+01:00,[37],[14]
2026-02-12T02:04:58+01:00,[38],[14]
2026-02-12T01:54:58+01:00,[37],[15]
2026-02-12T01:14:58+01:00,[37],[14]
2026-02-11T15:05:01+01:00,[37],[13]
2026-02-11T14:55:01+01:00,[37],[13]
2026-02-11T14:45:01+01:00,[37],[12]
2026-02-11T14:05:00+01:00,[38],[13]
2026-02-11T13:25:01+01:00,[37],[10]
2026-02-11T12:35:01+01:00,[38],[12]
2026-02-11T12:15:01+01:00,[37],[15]
2026-02-11T11:05:01+01:00,[38],[13]
2026-02-11T10:45:01+01:00,[37],[14]
2026-02-11T10:25:01+01:00,[37],[13]
2026-02-11T09:45:01+01:00,[37],[13]
2026-02-11T09:35:01+01:00,[37],[14]
2026-02-11T09:15:01+01:00,[37],[12]
2026-02-11T09:05:01+01:00,[37],[14]
2026-02-11T08:55:01+01:00,[37],[13]
2026-02-11T08:45:01+01:00,[38],[15]
2026-02-11T08:05:01+01:00,[37],[13]
2026-02-11T07:55:01+01:00,[37],[14]
2026-02-11T07:45:01+01:00,[37],[14]
2026-02-11T07:05:01+01:00,[37],[12]
2026-02-11T06:55:01+01:00,[37],[12]
2026-02-11T06:45:01+01:00,[37],[13]
2026-02-11T06:25:00+01:00,[38],[14]
2026-02-11T05:45:01+01:00,[38],[13]
2026-02-11T05:15:01+01:00,[37],[14]
2026-02-11T04:15:01+01:00,[38],[11]
2026-02-11T04:05:01+01:00,[37],[12]
2026-02-11T03:35:01+01:00,[37],[14]
2026-02-11T03:25:01+01:00,[37],[13]
2026-02-11T03:15:01+01:00,[38],[13]
2026-02-11T02:15:01+01:00,[38],[11]
2026-02-11T02:05:01+01:00,[37],[12]
2026-02-11T01:55:01+01:00,[37],[11]
2026-02-11T01:45:01+01:00,[38],[12]
2026-02-11T01:35:01+01:00,[38],[13]
2026-02-11T01:25:01+01:00,[37],[14]
2026-02-10T16:05:01+01:00,[37],[13]
2026-02-10T14:45:02+01:00,[37],[13]
2026-02-10T14:15:00+01:00,[38],[13]
2026-02-10T13:05:01+01:00,[37],[14]
2026-02-10T11:55:01+01:00,[37],[12]
2026-02-10T11:35:01+01:00,[37],[12]
2026-02-10T09:45:01+01:00,[37],[10]
2026-02-10T09:15:01+01:00,[37],[12]
2026-02-10T09:05:01+01:00,[37],[12]
2026-02-10T08:45:01+01:00,[38],[13]
2026-02-10T08:35:01+01:00,[38],[11]
2026-02-10T07:55:01+01:00,[37],[13]
2026-02-10T07:25:01+01:00,[37],[12]
2026-02-10T06:55:00+01:00,[38],[13]
2026-02-10T06:05:01+01:00,[37],[14]
2026-02-10T05:55:01+01:00,[37],[14]
2026-02-10T05:25:01+01:00,[37],[14]
2026-02-10T05:15:01+01:00,[37],[15]
2026-02-10T04:55:01+01:00,[37],[15]
2026-02-10T04:25:01+01:00,[37],[15]
2026-02-10T04:15:01+01:00,[37],[14]
2026-02-10T03:55:02+01:00,[37],[15]
2026-02-10T03:25:01+01:00,[37],[13]
2026-02-10T03:15:01+01:00,[37],[14]
2026-02-10T02:55:00+01:00,[38],[15]
2026-02-10T02:05:01+01:00,[37],[10]
2026-02-10T01:55:01+01:00,[37],[14]
2026-02-10T01:05:00+01:00,[38],[17]
2026-02-10T00:35:01+01:00,[37],[15]
2026-02-10T00:25:01+01:00,[37],[15]
2026-02-10T00:05:01+01:00,[37],[16]
2026-02-09T14:05:01+01:00,[37],[14]
2026-02-09T13:45:01+01:00,[37],[14]
2026-02-09T13:15:01+01:00,[37],[16]
2026-02-09T13:05:00+01:00,[37],[15]
2026-02-09T12:55:01+01:00,[37],[16]
2026-02-09T12:35:01+01:00,[37],[14]
2026-02-09T12:25:01+01:00,[37],[14]
2026-02-09T12:05:01+01:00,[37],[15]
2026-02-09T11:45:01+01:00,[37],[16]
2026-02-09T10:25:01+01:00,[37],[14]
2026-02-09T09:55:01+01:00,[37],[14]
2026-02-09T09:45:01+01:00,[37],[13]
2026-02-09T09:35:01+01:00,[37],[13]
2026-02-09T08:55:01+01:00,[37],[15]
2026-02-09T08:45:01+01:00,[37],[14]
2026-02-09T07:35:00+01:00,[37],[15]
2026-02-09T07:05:01+01:00,[37],[15]
2026-02-09T06:05:01+01:00,[38],[15]
2026-02-09T05:55:01+01:00,[37],[13]
2026-02-09T05:25:01+01:00,[37],[15]
2026-02-09T05:15:01+01:00,[37],[14]
2026-02-09T04:45:01+01:00,[37],[14]
2026-02-09T04:15:04+01:00,[37],[14]
2026-02-09T04:05:04+01:00,[38],[16]
2026-02-09T03:45:04+01:00,[38],[15]
2026-02-09T03:35:04+01:00,[37],[14]
2026-02-09T03:15:04+01:00,[37],[15]
2026-02-09T03:05:03+01:00,[38],[13]
2026-02-09T02:55:04+01:00,[37],[14]
2026-02-09T02:25:03+01:00,[38],[15]
2026-02-09T01:45:04+01:00,[37],[15]
2026-02-09T01:30:33+01:00,[37],[15]
2026-02-09T01:25:04+01:00,[37],[15]
2026-02-09T01:15:04+01:00,[37],[14]
2026-02-09T01:05:04+01:00,[37],[15]
2026-02-09T00:15:03+01:00,[37],[17]
2026-02-09T00:05:04+01:00,[37],[15]
2026-02-08T23:45:15+01:00,[37],[14]
2026-02-08T12:25:05+01:00,[37],[14]
2026-02-08T11:55:04+01:00,[37],[14]
2026-02-08T11:45:05+01:00,[37],[12]
2026-02-08T11:25:04+01:00,[37],[13]
2026-02-08T09:55:04+01:00,[37],[13]
2026-02-07T19:05:04+01:00,[37],[12]
2026-02-07T18:55:04+01:00,[38],[12]
2026-02-07T18:45:04+01:00,[37],[13]
2026-02-07T18:05:05+01:00,[37],[13]
2026-02-07T17:55:04+01:00,[37],[13]
2026-02-07T17:35:04+01:00,[38],[12]
2026-02-07T17:25:04+01:00,[37],[13]
2026-02-07T17:15:04+01:00,[37],[12]
2026-02-07T16:55:04+01:00,[37],[14]
2026-02-07T16:05:04+01:00,[38],[12]
2026-02-07T15:05:04+01:00,[37],[11]
2026-02-07T14:35:04+01:00,[38],[12]
2026-02-07T14:25:04+01:00,[37],[13]
2026-02-07T13:45:04+01:00,[38],[13]
2026-02-07T12:45:04+01:00,[37],[12]
2026-02-07T12:35:04+01:00,[37],[13]
2026-02-07T11:15:04+01:00,[37],[12]
2026-02-07T11:05:04+01:00,[37],[11]
2026-02-07T10:25:04+01:00,[37],[13]
2026-02-07T10:05:04+01:00,[37],[13]
2026-02-07T09:45:04+01:00,[38],[12]
2026-02-07T09:25:04+01:00,[37],[12]
2026-02-07T08:25:04+01:00,[38],[14]
2026-02-07T08:05:04+01:00,[37],[14]
2026-02-07T07:25:04+01:00,[37],[14]
2026-02-07T07:15:04+01:00,[37],[13]
2026-02-07T06:55:04+01:00,[37],[14]
2026-02-07T05:55:04+01:00,[38],[14]
2026-02-07T04:35:04+01:00,[37],[13]
2026-02-07T04:25:04+01:00,[38],[14]
2026-02-07T04:05:03+01:00,[38],[13]
2026-02-07T02:55:04+01:00,[37],[13]
2026-02-07T02:45:04+01:00,[37],[11]
2026-02-07T01:35:03+01:00,[37],[12]
2026-02-06T17:55:03+01:00,[37],[15]
2026-02-06T17:25:03+01:00,[38],[13]
2026-02-06T16:35:04+01:00,[37],[15]
2026-02-06T16:15:04+01:00,[37],[14]
2026-02-06T16:05:04+01:00,[37],[15]
2026-02-06T15:35:04+01:00,[37],[14]
2026-02-06T14:55:04+01:00,[37],[13]
2026-02-06T14:45:04+01:00,[37],[13]
2026-02-06T13:55:03+01:00,[38],[15]
2026-02-06T12:35:04+01:00,[37],[13]
2026-02-06T12:05:04+01:00,[37],[13]
2026-02-06T11:35:04+01:00,[37],[14]
2026-02-06T11:25:04+01:00,[37],[13]
2026-02-06T11:15:04+01:00,[37],[13]
2026-02-06T10:55:04+01:00,[37],[12]
2026-02-06T09:45:04+01:00,[38],[14]
2026-02-06T08:35:04+01:00,[38],[14]
2026-02-06T08:15:05+01:00,[37],[13]
2026-02-06T07:45:04+01:00,[37],[12]
2026-02-06T06:55:04+01:00,[38],[13]
2026-02-06T05:55:04+01:00,[37],[13]
2026-02-06T05:35:04+01:00,[37],[13]
2026-02-06T05:15:04+01:00,[37],[13]
2026-02-06T05:05:04+01:00,[37],[14]
2026-02-06T01:45:04+01:00,[37],[13]
2026-02-06T01:35:50+01:00,[37],[13]
2026-02-06T01:25:07+01:00,[37],[11]
2026-02-05T16:35:06+01:00,[38],[12]
2026-02-05T16:25:07+01:00,[37],[12]
2026-02-05T16:15:07+01:00,[37],[12]
2026-02-05T15:55:07+01:00,[37],[13]
2026-02-05T15:45:07+01:00,[37],[12]
2026-02-05T15:05:06+01:00,[38],[13]
2026-02-05T13:35:07+01:00,[37],[9]
2026-02-05T12:55:07+01:00,[37],[11]
2026-02-05T12:45:07+01:00,[37],[14]
2026-02-05T11:55:07+01:00,[37],[13]
2026-02-05T11:35:07+01:00,[38],[12]
2026-02-05T11:05:07+01:00,[37],[13]
2026-02-05T10:25:14+01:00,[38],[14]
2026-02-05T09:55:07+01:00,[37],[12]
2026-02-05T09:45:07+01:00,[38],[13]
2026-02-05T09:25:07+01:00,[37],[12]
2026-02-05T09:15:07+01:00,[37],[12]
2026-02-05T08:45:07+01:00,[37],[12]
2026-02-05T08:25:07+01:00,[37],[11]
2026-02-05T07:45:07+01:00,[37],[11]
2026-02-05T07:35:30+01:00,[21],[14]
2026-02-05T07:25:07+01:00,[37],[12]
2026-02-05T07:15:07+01:00,[38],[13]
2026-02-05T06:05:07+01:00,[37],[12]
2026-02-05T05:05:06+01:00,[37],[13]
2026-02-05T04:35:07+01:00,[37],[13]
2026-02-05T03:45:07+01:00,[37],[12]
2026-02-05T03:05:07+01:00,[37],[13]
2026-02-05T02:35:07+01:00,[37],[12]
2026-02-05T01:55:06+01:00,[37],[14]
2026-02-05T01:45:07+01:00,[37],[11]
2026-02-05T01:25:07+01:00,[37],[13]
2026-02-04T15:05:07+01:00,[37],[13]
2026-02-04T14:55:07+01:00,[38],[12]
2026-02-04T13:05:07+01:00,[37],[11]
2026-02-04T11:35:07+01:00,[37],[12]
2026-02-04T11:25:07+01:00,[37],[12]
2026-02-04T10:55:07+01:00,[37],[13]
2026-02-04T09:55:07+01:00,[38],[12]
2026-02-04T09:25:07+01:00,[37],[12]
2026-02-04T09:05:07+01:00,[38],[11]
2026-02-04T08:35:06+01:00,[37],[12]
2026-02-04T08:15:07+01:00,[37],[13]
2026-02-04T06:45:07+01:00,[37],[14]
2026-02-04T06:35:07+01:00,[37],[13]
2026-02-04T06:15:06+01:00,[38],[12]
2026-02-04T05:25:07+01:00,[37],[14]
2026-02-04T05:05:07+01:00,[37],[13]
2026-02-04T04:25:07+01:00,[37],[13]
2026-02-04T04:05:07+01:00,[37],[11]
2026-02-04T03:55:07+01:00,[37],[13]
2026-02-04T03:45:07+01:00,[37],[12]
2026-02-04T02:55:07+01:00,[37],[14]
2026-02-04T01:45:07+01:00,[37],[12]
2026-02-03T15:25:06+01:00,[37],[12]
2026-02-03T15:05:06+01:00,[38],[12]
2026-02-03T14:35:06+01:00,[37],[12]
2026-02-03T13:55:06+01:00,[37],[13]
2026-02-03T13:35:06+01:00,[37],[11]
2026-02-03T12:55:07+01:00,[37],[11]
2026-02-03T12:35:06+01:00,[37],[13]
2026-02-03T11:55:06+01:00,[37],[11]
2026-02-03T10:05:06+01:00,[38],[14]
2026-02-03T09:45:06+01:00,[37],[12]
2026-02-03T09:15:06+01:00,[37],[12]
2026-02-03T08:25:07+01:00,[37],[12]
2026-02-03T07:55:07+01:00,[37],[12]
2026-02-03T06:25:07+01:00,[37],[11]
2026-02-03T06:15:07+01:00,[37],[11]
2026-02-03T06:05:07+01:00,[37],[12]
2026-02-03T05:25:06+01:00,[37],[13]
2026-02-03T04:15:11+01:00,[37],[13]
2026-02-03T04:05:11+01:00,[38],[13]
2026-02-03T03:55:11+01:00,[37],[12]
2026-02-03T02:05:11+01:00,[37],[13]
2026-02-03T01:35:11+01:00,[37],[13]
2026-02-02T16:25:11+01:00,[37],[11]
2026-02-02T16:05:11+01:00,[37],[12]
2026-02-02T15:45:10+01:00,[37],[13]
2026-02-02T15:35:11+01:00,[38],[12]
2026-02-02T14:45:11+01:00,[37],[14]
2026-02-02T14:35:11+01:00,[37],[13]
2026-02-02T14:25:11+01:00,[37],[13]
2026-02-02T13:55:11+01:00,[37],[14]
2026-02-02T13:45:11+01:00,[38],[15]
2026-02-02T13:35:12+01:00,[37],[15]
2026-02-02T12:55:11+01:00,[38],[15]
2026-02-02T12:45:11+01:00,[37],[13]
2026-02-02T12:15:11+01:00,[37],[14]
2026-02-02T11:55:11+01:00,[37],[14]
2026-02-02T11:45:11+01:00,[38],[17]
2026-02-02T11:15:11+01:00,[37],[15]
2026-02-02T11:05:11+01:00,[38],[16]
2026-02-02T10:55:11+01:00,[38],[15]
2026-02-02T10:05:11+01:00,[38],[16]
2026-02-02T09:45:11+01:00,[38],[17]
2026-02-02T09:25:11+01:00,[38],[15]
2026-02-02T09:15:11+01:00,[38],[11]
2026-02-02T09:05:11+01:00,[37],[14]
2026-02-02T08:55:12+01:00,[37],[15]
2026-02-02T08:25:11+01:00,[37],[17]
2026-02-02T08:15:11+01:00,[38],[14]
2026-02-02T07:25:11+01:00,[37],[14]
2026-02-02T07:15:10+01:00,[38],[16]
2026-02-02T06:55:11+01:00,[38],[13]
2026-02-02T06:45:11+01:00,[38],[10]
2026-02-02T06:35:11+01:00,[38],[15]
2026-02-02T06:25:12+01:00,[37],[15]
2026-02-02T06:15:10+01:00,[38],[16]
2026-02-02T05:55:11+01:00,[37],[15]
2026-02-02T05:05:11+01:00,[37],[16]
2026-02-02T04:55:11+01:00,[37],[17]
2026-02-02T04:35:11+01:00,[38],[15]
2026-02-02T04:15:11+01:00,[37],[16]
2026-02-02T04:05:11+01:00,[37],[18]
2026-02-02T03:55:11+01:00,[37],[18]
2026-02-02T03:35:11+01:00,[37],[16]
2026-02-02T03:25:11+01:00,[37],[17]
2026-02-02T02:55:11+01:00,[38],[18]
2026-02-02T02:45:11+01:00,[37],[18]
2026-02-02T02:35:11+01:00,[37],[17]
2026-02-02T01:45:11+01:00,[37],[15]
2026-02-02T01:15:10+01:00,[38],[17]
2026-02-02T00:55:10+01:00,[38],[16]
2026-02-02T00:45:10+01:00,[38],[18]
2026-02-02T00:35:11+01:00,[37],[14]
2026-02-01T14:35:11+01:00,[37],[16]
2026-02-01T14:15:11+01:00,[38],[13]
2026-02-01T13:25:11+01:00,[37],[10]
2026-02-01T12:17:08+01:00,[37],[17]
2026-02-01T12:14:10+01:00,"[60,60]","[18,20]"
2026-02-01T12:09:09+01:00,[60],[16]
2026-02-01T12:00:09+01:00,[60],[15]
2026-02-01T11:35:11+01:00,[37],[10]
2026-02-01T11:25:11+01:00,[37],[14]
2026-02-01T11:15:11+01:00,[37],[13]
2026-02-01T10:55:11+01:00,[37],[13]
2026-02-01T08:05:11+01:00,[37],[15]
2026-02-01T07:55:11+01:00,[37],[14]
2026-02-01T06:45:11+01:00,[37],[13]
2026-02-01T06:35:12+01:00,[37],[15]
2026-02-01T06:15:11+01:00,[37],[15]
2026-02-01T05:55:11+01:00,[37],[9]
2026-02-01T05:45:11+01:00,[37],[13]
2026-02-01T04:55:10+01:00,[38],[14]
2026-02-01T03:45:11+01:00,[37],[11]
2026-02-01T02:15:11+01:00,[37],[13]
2026-02-01T01:45:12+01:00,[37],[15]
2026-01-31T16:35:11+01:00,[37],[14]
2026-01-31T16:25:11+01:00,[37],[13]
2026-01-31T16:15:11+01:00,[37],[12]
2026-01-31T15:55:11+01:00,[38],[13]
2026-01-31T15:45:11+01:00,[37],[13]
2026-01-31T15:35:11+01:00,[37],[13]
2026-01-31T15:05:10+01:00,[38],[13]
2026-01-31T14:25:11+01:00,[38],[12]
2026-01-31T13:45:11+01:00,[37],[12]
2026-01-31T12:55:11+01:00,[37],[13]
2026-01-31T12:35:10+01:00,[38],[13]
2026-01-31T12:05:10+01:00,[37],[12]
2026-01-31T11:35:11+01:00,[38],[13]
2026-01-31T11:25:11+01:00,[37],[12]
2026-01-31T11:15:11+01:00,[37],[12]
2026-01-31T10:55:11+01:00,[37],[12]
2026-01-31T10:45:11+01:00,[37],[11]
2026-01-31T10:35:11+01:00,[37],[13]
2026-01-31T10:25:11+01:00,[38],[12]
2026-01-31T10:05:11+01:00,[38],[12]
2026-01-31T09:55:10+01:00,[37],[14]
2026-01-31T09:45:11+01:00,[38],[12]
2026-01-31T09:35:11+01:00,[37],[14]
2026-01-31T09:15:11+01:00,[37],[12]
2026-01-31T09:05:11+01:00,[37],[14]
2026-01-31T08:55:11+01:00,[37],[14]
2026-01-31T08:15:11+01:00,[38],[12]
2026-01-31T08:05:11+01:00,[38],[13]
2026-01-31T07:55:12+01:00,[37],[14]
2026-01-31T06:55:11+01:00,[38],[14]
2026-01-31T06:25:10+01:00,[37],[11]
2026-01-31T06:15:12+01:00,[37],[11]
2026-01-31T04:55:10+01:00,[37],[13]
2026-01-31T04:15:11+01:00,[37],[12]
2026-01-31T03:55:11+01:00,[37],[14]
2026-01-31T03:05:11+01:00,[37],[14]
2026-01-31T02:55:11+01:00,[37],[14]
2026-01-31T02:05:10+01:00,[38],[14]
2026-01-31T01:55:11+01:00,[37],[15]
2026-01-31T01:15:11+01:00,[38],[11]
2026-01-31T00:15:12+01:00,[37],[14]
2026-01-30T15:45:12+01:00,[37],[10]
2026-01-30T15:35:11+01:00,[37],[14]
2026-01-30T14:15:11+01:00,[37],[13]
2026-01-30T13:15:11+01:00,[37],[13]
2026-01-30T13:05:11+01:00,[37],[14]
2026-01-30T12:05:12+01:00,[37],[15]
2026-01-30T11:45:11+01:00,[37],[13]
2026-01-30T11:35:11+01:00,[37],[14]
2026-01-30T11:05:11+01:00,[37],[14]
2026-01-30T10:45:10+01:00,[38],[13]
2026-01-30T10:35:11+01:00,[38],[14]
2026-01-30T10:25:11+01:00,[38],[14]
2026-01-30T10:05:11+01:00,[37],[16]
2026-01-30T09:55:11+01:00,[37],[13]
2026-01-30T08:35:11+01:00,[37],[13]
2026-01-30T07:15:11+01:00,[38],[14]
2026-01-30T06:05:11+01:00,[37],[11]
2026-01-30T05:25:10+01:00,[37],[14]
2026-01-30T04:35:11+01:00,[37],[13]
2026-01-30T04:25:11+01:00,[37],[14]
2026-01-30T03:45:11+01:00,[37],[13]
2026-01-30T03:35:11+01:00,[37],[14]
2026-01-30T03:05:11+01:00,[37],[11]
2026-01-30T02:55:10+01:00,[37],[12]
2026-01-30T02:35:11+01:00,[37],[11]
2026-01-30T01:55:11+01:00,[37],[10]
2026-01-30T01:45:11+01:00,[37],[13]
2026-01-30T00:55:11+01:00,[38],[13]
2026-01-30T00:15:11+01:00,[38],[15]
2026-01-30T00:05:11+01:00,[38],[12]
2026-01-29T23:45:11+01:00,[37],[13]
2026-01-29T14:25:15+01:00,[37],[13]
2026-01-29T13:15:15+01:00,[37],[11]
2026-01-29T12:35:15+01:00,[38],[14]
2026-01-29T12:05:15+01:00,[37],[12]
2026-01-29T11:55:15+01:00,[38],[9]
2026-01-29T11:25:14+01:00,[37],[14]
2026-01-29T10:55:15+01:00,[37],[12]
2026-01-29T10:25:15+01:00,[38],[11]
2026-01-29T08:45:15+01:00,[37],[12]
2026-01-29T08:15:15+01:00,[37],[13]
2026-01-29T07:15:15+01:00,[37],[12]
2026-01-29T06:55:15+01:00,[37],[13]
2026-01-29T05:45:15+01:00,[37],[13]
2026-01-29T05:35:14+01:00,[38],[14]
2026-01-29T03:35:15+01:00,[37],[14]
2026-01-29T02:05:15+01:00,[38],[13]
2026-01-29T00:35:15+01:00,[38],[13]
2026-01-28T15:35:15+01:00,[37],[14]
2026-01-28T15:25:15+01:00,[37],[15]
2026-01-28T14:45:15+01:00,[37],[13]
2026-01-28T13:45:15+01:00,[37],[8]
2026-01-28T12:05:15+01:00,[37],[11]
2026-01-28T11:35:15+01:00,[37],[15]
2026-01-28T10:35:15+01:00,[37],[13]
2026-01-28T10:25:15+01:00,[37],[13]
2026-01-28T09:55:15+01:00,[37],[13]
2026-01-28T09:05:15+01:00,[37],[13]
2026-01-28T08:25:15+01:00,[37],[13]
2026-01-28T07:45:14+01:00,[38],[15]
2026-01-28T07:15:15+01:00,[37],[15]
2026-01-28T07:05:14+01:00,[38],[13]
2026-01-28T06:45:15+01:00,[37],[13]
2026-01-28T06:35:16+01:00,[37],[12]
2026-01-28T06:05:15+01:00,[37],[13]
2026-01-28T05:35:15+01:00,[37],[14]
2026-01-28T05:25:15+01:00,[37],[13]
2026-01-28T04:55:15+01:00,[37],[14]
2026-01-28T04:35:15+01:00,[37],[14]
2026-01-28T04:15:15+01:00,[37],[14]
2026-01-28T03:35:15+01:00,[37],[13]
2026-01-28T03:25:15+01:00,[37],[13]
2026-01-28T02:15:15+01:00,[37],[15]
2026-01-28T01:55:16+01:00,[37],[10]
2026-01-28T01:25:15+01:00,[38],[13]
2026-01-27T15:35:15+01:00,[37],[14]
2026-01-27T15:15:15+01:00,[37],[12]
2026-01-27T14:15:14+01:00,[37],[13]
2026-01-27T14:05:15+01:00,[37],[14]
2026-01-27T13:55:14+01:00,[38],[12]
2026-01-27T12:55:15+01:00,[37],[15]
2026-01-27T12:25:15+01:00,[38],[15]
2026-01-27T12:15:14+01:00,[37],[14]
2026-01-27T11:55:14+01:00,[37],[13]
2026-01-27T11:35:15+01:00,[38],[16]
2026-01-27T10:55:16+01:00,[37],[12]
2026-01-27T10:45:16+01:00,[37],[13]
2026-01-27T10:15:14+01:00,[38],[15]
2026-01-27T09:35:14+01:00,[38],[16]
2026-01-27T09:15:15+01:00,[37],[13]
2026-01-27T08:55:15+01:00,[37],[15]
2026-01-27T08:45:15+01:00,[38],[13]
2026-01-27T08:25:15+01:00,[37],[19]
2026-01-27T07:45:15+01:00,[37],[16]
2026-01-27T07:35:15+01:00,[37],[15]
2026-01-27T07:15:16+01:00,[37],[17]
2026-01-27T07:05:15+01:00,[37],[17]
2026-01-27T06:55:15+01:00,[37],[16]
2026-01-27T06:15:16+01:00,[37],[14]
2026-01-27T05:45:15+01:00,[37],[15]
2026-01-27T05:35:15+01:00,[38],[16]
2026-01-27T05:15:15+01:00,[37],[16]
2026-01-27T05:05:15+01:00,[37],[15]
2026-01-27T04:45:26+01:00,[37],[16]
2026-01-27T04:05:15+01:00,[37],[15]
2026-01-27T03:55:15+01:00,[37],[15]
2026-01-27T03:45:15+01:00,[38],[14]
2026-01-27T02:55:15+01:00,[37],[14]
2026-01-27T02:35:15+01:00,[37],[12]
2026-01-27T02:05:15+01:00,[37],[14]
2026-01-27T01:55:16+01:00,[37],[14]
2026-01-27T01:35:15+01:00,[37],[14]
2026-01-27T00:25:15+01:00,[37],[14]
2026-01-27T00:15:15+01:00,[38],[15]
2026-01-26T14:25:18+01:00,[37],[14]
2026-01-26T14:15:18+01:00,[37],[13]
2026-01-26T13:55:18+01:00,[38],[13]
2026-01-26T13:45:18+01:00,[37],[13]
2026-01-26T13:35:18+01:00,[37],[14]
2026-01-26T13:15:17+01:00,[37],[14]
2026-01-26T13:05:18+01:00,[37],[14]
2026-01-26T11:35:18+01:00,[37],[12]
2026-01-26T11:25:18+01:00,[37],[13]
2026-01-26T10:45:18+01:00,[38],[13]
2026-01-26T08:15:18+01:00,[38],[14]
2026-01-26T05:55:18+01:00,[37],[11]
2026-01-26T05:45:19+01:00,[37],[12]
2026-01-26T04:05:18+01:00,[38],[13]
2026-01-26T03:55:18+01:00,[38],[10]
2026-01-25T13:35:18+01:00,[37],[15]
2026-01-25T13:25:17+01:00,[38],[14]
2026-01-25T12:15:17+01:00,[37],[12]
2026-01-25T10:45:19+01:00,[37],[13]
2026-01-25T10:35:19+01:00,[37],[14]
2026-01-25T09:55:19+01:00,[37],[13]
2026-01-25T09:05:18+01:00,[38],[13]
2026-01-25T07:25:18+01:00,[38],[12]
2026-01-25T06:35:18+01:00,[37],[9]
2026-01-25T06:25:19+01:00,[37],[14]
2026-01-25T05:05:18+01:00,[37],[15]
2026-01-25T04:45:18+01:00,[37],[12]
2026-01-25T04:25:18+01:00,[38],[14]
2026-01-25T02:45:17+01:00,[37],[14]
2026-01-25T01:25:18+01:00,[38],[15]
2026-01-25T00:05:18+01:00,[37],[13]
2026-01-24T15:35:18+01:00,[37],[14]
2026-01-24T14:45:18+01:00,[37],[15]
2026-01-24T14:05:17+01:00,[38],[14]
2026-01-24T13:45:18+01:00,[37],[14]
2026-01-24T13:15:17+01:00,[37],[14]
2026-01-24T12:35:18+01:00,[38],[13]
2026-01-24T12:25:18+01:00,[37],[13]
2026-01-24T12:15:17+01:00,[38],[14]
2026-01-24T11:45:17+01:00,[37],[14]
2026-01-24T11:25:18+01:00,[37],[14]
2026-01-24T11:15:17+01:00,[37],[15]
2026-01-24T11:05:18+01:00,[38],[14]
2026-01-24T10:55:18+01:00,[38],[13]
2026-01-24T09:55:18+01:00,[38],[14]
2026-01-24T09:45:17+01:00,[37],[14]
2026-01-24T09:35:17+01:00,[37],[14]
2026-01-24T09:15:18+01:00,[37],[12]
2026-01-24T09:05:18+01:00,[37],[12]
2026-01-24T08:55:19+01:00,[37],[14]
2026-01-24T08:35:18+01:00,[37],[12]
2026-01-24T06:45:17+01:00,[37],[13]
2026-01-24T06:05:17+01:00,[38],[13]
2026-01-24T04:25:18+01:00,[37],[11]
2026-01-24T04:05:18+01:00,[37],[10]
2026-01-24T03:55:18+01:00,[38],[13]
2026-01-24T03:25:18+01:00,[38],[11]
2026-01-24T02:55:17+01:00,[37],[12]
2026-01-23T14:55:18+01:00,[37],[11]
2026-01-23T14:45:18+01:00,[37],[15]
2026-01-23T14:35:18+01:00,[37],[12]
2026-01-23T14:25:18+01:00,[38],[14]
2026-01-23T13:15:18+01:00,[37],[13]
2026-01-23T12:15:18+01:00,[37],[14]
2026-01-23T11:55:18+01:00,[37],[14]
2026-01-23T10:55:18+01:00,[38],[13]
2026-01-23T10:25:18+01:00,[37],[13]
2026-01-23T09:55:19+01:00,[37],[13]
2026-01-23T09:05:18+01:00,[38],[12]
2026-01-23T07:35:18+01:00,[37],[13]
2026-01-23T07:15:18+01:00,[37],[11]
2026-01-23T06:15:18+01:00,[37],[12]
2026-01-23T05:05:18+01:00,[37],[14]
2026-01-23T04:05:18+01:00,[37],[13]
2026-01-23T03:45:18+01:00,[37],[13]
2026-01-23T02:35:18+01:00,[37],[14]
2026-01-23T02:25:18+01:00,[38],[14]
2026-01-23T01:45:18+01:00,[37],[12]
2026-01-23T01:35:17+01:00,[37],[12]
2026-01-23T01:25:18+01:00,[37],[12]
2026-01-23T01:15:18+01:00,[37],[13]
2026-01-23T01:05:18+01:00,[38],[13]
2026-01-22T23:58:09+01:00,"[60,60]","[12,13]"
2026-01-22T23:54:09+01:00,[60],[13]
2026-01-22T15:15:18+01:00,[38],[13]
2026-01-22T14:55:18+01:00,[37],[13]
2026-01-22T14:45:18+01:00,[37],[12]
2026-01-22T14:35:18+01:00,[37],[13]
2026-01-22T14:15:18+01:00,[37],[12]
2026-01-22T13:35:18+01:00,[37],[13]
2026-01-22T13:15:17+01:00,[37],[12]
2026-01-22T12:45:18+01:00,[38],[14]
2026-01-22T12:35:19+01:00,[37],[13]
2026-01-22T12:05:18+01:00,[37],[13]
2026-01-22T11:55:18+01:00,[37],[15]
2026-01-22T10:45:17+01:00,[37],[14]
2026-01-22T09:45:18+01:00,[38],[16]
2026-01-22T09:25:17+01:00,[37],[14]
2026-01-22T09:15:18+01:00,[37],[9]
2026-01-22T08:45:18+01:00,[37],[14]
2026-01-22T08:35:18+01:00,[37],[14]
2026-01-22T08:05:18+01:00,[37],[14]
2026-01-22T07:25:18+01:00,[37],[13]
2026-01-22T07:15:18+01:00,[37],[14]
2026-01-22T07:05:18+01:00,[38],[13]
2026-01-22T06:55:18+01:00,[37],[13]
2026-01-22T06:25:18+01:00,[37],[15]
2026-01-22T05:55:18+01:00,[37],[13]
2026-01-22T05:45:18+01:00,[37],[16]
2026-01-22T05:25:18+01:00,[37],[15]
2026-01-22T05:15:18+01:00,[38],[16]
2026-01-22T04:35:18+01:00,[38],[13]
2026-01-22T03:45:18+01:00,[37],[14]
2026-01-22T03:25:18+01:00,[37],[14]
2026-01-22T03:05:18+01:00,[38],[14]
2026-01-22T02:55:18+01:00,[37],[13]
2026-01-22T02:25:18+01:00,[37],[11]
2026-01-22T02:15:18+01:00,[37],[11]
2026-01-22T02:05:18+01:00,[37],[14]
2026-01-22T01:55:18+01:00,[37],[12]
2026-01-22T01:45:18+01:00,[37],[16]
2026-01-22T01:35:18+01:00,[37],[15]
2026-01-22T01:25:18+01:00,[37],[11]
2026-01-22T01:06:59+01:00,[37],[13]
2026-01-21T15:47:02+01:00,[37],[14]
2026-01-21T15:37:02+01:00,[37],[12]
2026-01-21T14:57:02+01:00,[38],[13]
2026-01-21T13:57:02+01:00,[37],[15]
2026-01-21T13:47:02+01:00,[37],[10]
2026-01-21T13:37:02+01:00,[37],[12]
2026-01-21T13:17:02+01:00,[37],[14]
2026-01-21T12:47:02+01:00,[37],[14]
2026-01-21T12:27:01+01:00,[38],[15]
2026-01-21T11:57:02+01:00,[37],[15]
2026-01-21T11:27:02+01:00,[37],[15]
2026-01-21T11:17:02+01:00,[37],[14]
2026-01-21T11:07:02+01:00,[37],[14]
2026-01-21T10:47:02+01:00,[37],[13]
2026-01-21T10:37:02+01:00,[38],[15]
2026-01-21T10:17:02+01:00,[37],[13]
2026-01-21T09:57:02+01:00,[37],[13]
2026-01-21T09:47:01+01:00,[38],[16]
2026-01-21T09:27:02+01:00,[37],[16]
2026-01-21T08:17:02+01:00,[37],[14]
2026-01-21T08:07:02+01:00,[37],[15]
2026-01-21T07:57:02+01:00,[37],[14]
2026-01-21T07:27:02+01:00,[37],[15]
2026-01-21T07:07:02+01:00,[38],[14]
2026-01-21T06:57:01+01:00,[38],[14]
2026-01-21T06:47:02+01:00,[38],[13]
2026-01-21T06:37:02+01:00,[37],[14]
2026-01-21T06:07:02+01:00,[37],[16]
2026-01-21T05:57:02+01:00,[37],[14]
2026-01-21T05:17:02+01:00,[37],[16]
2026-01-21T04:57:01+01:00,[37],[14]
2026-01-21T04:37:02+01:00,[37],[14]
2026-01-21T04:27:02+01:00,[38],[14]
2026-01-21T04:17:02+01:00,[37],[16]
2026-01-21T04:07:02+01:00,[37],[16]
2026-01-21T03:57:02+01:00,[38],[15]
2026-01-21T03:27:02+01:00,[37],[14]
2026-01-21T03:17:02+01:00,[37],[12]
2026-01-21T02:27:02+01:00,[37],[13]
2026-01-21T01:37:02+01:00,[37],[9]
2026-01-21T00:17:02+01:00,[37],[14]
2026-01-20T15:27:02+01:00,[38],[14]
2026-01-20T14:57:02+01:00,[37],[12]
2026-01-20T13:37:01+01:00,[37],[12]
2026-01-20T13:27:02+01:00,[37],[14]
2026-01-20T12:47:01+01:00,[37],[12]
2026-01-20T11:57:02+01:00,[37],[13]
2026-01-20T11:47:01+01:00,[38],[13]
2026-01-20T11:37:02+01:00,[37],[14]
2026-01-20T11:17:02+01:00,[37],[13]
2026-01-20T11:07:01+01:00,[37],[14]
2026-01-20T10:57:02+01:00,[37],[12]
2026-01-20T09:47:02+01:00,[37],[14]
2026-01-20T09:37:02+01:00,[37],[12]
2026-01-20T09:17:02+01:00,[37],[13]
2026-01-20T09:07:02+01:00,[37],[12]
2026-01-20T08:57:02+01:00,[37],[14]
2026-01-20T08:37:02+01:00,[37],[13]
2026-01-20T08:17:02+01:00,[38],[11]
2026-01-20T08:07:20+01:00,[38],[14]
2026-01-20T07:47:02+01:00,[37],[12]
2026-01-20T06:37:02+01:00,[37],[13]
2026-01-20T06:27:02+01:00,[37],[11]
2026-01-20T06:07:02+01:00,[37],[14]
2026-01-20T04:47:02+01:00,[37],[12]
2026-01-20T04:17:02+01:00,[37],[12]
2026-01-20T04:07:02+01:00,[37],[13]
2026-01-20T03:57:02+01:00,[37],[12]
2026-01-20T03:17:02+01:00,[37],[12]
2026-01-20T02:47:02+01:00,[37],[14]
2026-01-20T02:37:02+01:00,[37],[13]
2026-01-20T02:17:01+01:00,[38],[11]
2026-01-20T01:47:02+01:00,[37],[12]
2026-01-20T01:27:02+01:00,[37],[14]
2026-01-20T01:07:02+01:00,[38],[14]
2026-01-20T00:57:01+01:00,[38],[13]
2026-01-20T00:37:02+01:00,[37],[13]
2026-01-19T15:37:02+01:00,[37],[13]
2026-01-19T15:27:01+01:00,[37],[14]
2026-01-19T15:07:02+01:00,[37],[13]
2026-01-19T14:47:02+01:00,[37],[8]
2026-01-19T14:07:02+01:00,[37],[12]
2026-01-19T13:57:02+01:00,[37],[14]
2026-01-19T13:07:01+01:00,[37],[15]
2026-01-19T12:57:02+01:00,[37],[14]
2026-01-19T12:47:02+01:00,[37],[12]
2026-01-19T11:57:02+01:00,[38],[13]
2026-01-19T11:17:02+01:00,[37],[12]
2026-01-19T09:57:02+01:00,[37],[14]
2026-01-19T09:45:09+01:00,[60],[15]
2026-01-19T09:42:09+01:00,"[60,60]","[17,15]"
2026-01-19T09:40:09+01:00,[60],[16]
2026-01-19T09:36:09+01:00,[60],[16]
2026-01-19T09:33:09+01:00,[60],[15]
2026-01-19T09:07:02+01:00,[38],[14]
2026-01-19T08:27:02+01:00,[37],[13]
2026-01-19T07:07:02+01:00,[38],[14]
2026-01-19T06:57:01+01:00,[37],[16]
2026-01-19T06:27:02+01:00,[37],[14]
2026-01-19T05:17:05+01:00,[37],[14]
2026-01-19T05:07:07+01:00,[38],[14]
2026-01-19T04:37:06+01:00,[38],[14]
2026-01-19T04:27:06+01:00,[37],[14]
2026-01-19T04:17:06+01:00,[37],[15]
2026-01-19T04:07:07+01:00,[37],[15]
2026-01-19T02:27:06+01:00,[37],[13]
2026-01-19T02:07:06+01:00,[37],[16]
2026-01-19T01:57:06+01:00,[37],[15]
2026-01-19T01:37:06+01:00,[38],[16]
2026-01-18T14:57:02+01:00,[38],[13]
2026-01-18T14:17:03+01:00,[37],[14]
2026-01-18T13:37:02+01:00,[37],[15]
2026-01-18T13:27:04+01:00,[37],[12]
2026-01-18T12:57:03+01:00,[38],[14]
2026-01-18T12:37:03+01:00,[37],[16]
2026-01-18T11:47:03+01:00,[37],[15]
2026-01-18T10:27:03+01:00,[37],[14]
2026-01-18T10:17:03+01:00,[38],[15]
2026-01-18T09:27:03+01:00,[37],[12]
2026-01-18T09:17:03+01:00,[38],[13]
2026-01-18T08:27:03+01:00,[37],[11]
2026-01-18T08:17:03+01:00,[37],[12]
2026-01-18T07:57:03+01:00,[37],[13]
2026-01-18T07:17:03+01:00,[37],[13]
2026-01-18T06:37:03+01:00,[37],[13]
2026-01-18T06:27:03+01:00,[37],[13]
2026-01-18T06:17:03+01:00,[37],[13]
2026-01-18T05:37:03+01:00,[38],[12]
2026-01-18T05:17:03+01:00,[38],[11]
2026-01-18T05:07:02+01:00,[38],[14]
2026-01-18T04:47:03+01:00,[37],[13]
2026-01-18T04:17:03+01:00,[37],[12]
2026-01-18T04:07:02+01:00,[37],[12]
2026-01-18T03:47:02+01:00,[38],[13]
2026-01-18T03:07:03+01:00,[37],[12]
2026-01-18T02:37:02+01:00,[37],[13]
2026-01-17T14:27:02+01:00,[37],[14]
2026-01-17T14:17:03+01:00,[38],[14]
2026-01-17T13:57:02+01:00,[38],[13]
2026-01-17T13:47:03+01:00,[37],[15]
2026-01-17T13:27:03+01:00,[37],[15]
2026-01-17T13:17:03+01:00,[37],[9]
2026-01-17T12:27:03+01:00,[37],[15]
2026-01-17T12:07:03+01:00,[37],[15]
2026-01-17T11:57:03+01:00,[38],[15]
2026-01-17T11:47:03+01:00,[37],[15]
2026-01-17T11:17:03+01:00,[38],[15]
2026-01-17T11:07:02+01:00,[37],[15]
2026-01-17T10:47:03+01:00,[38],[14]
2026-01-17T10:27:20+01:00,[37],[15]
2026-01-17T10:17:03+01:00,[37],[16]
2026-01-17T10:07:02+01:00,[37],[15]
2026-01-17T09:57:04+01:00,[37],[15]
2026-01-17T09:47:03+01:00,[37],[13]
2026-01-17T09:37:02+01:00,[38],[16]
2026-01-17T09:17:03+01:00,[37],[12]
2026-01-17T09:07:04+01:00,[37],[14]
2026-01-17T08:57:03+01:00,[37],[14]
2026-01-17T07:17:03+01:00,[37],[12]
2026-01-17T07:07:02+01:00,[37],[13]
2026-01-17T06:47:03+01:00,[37],[12]
2026-01-17T04:37:04+01:00,[37],[14]
2026-01-17T04:27:02+01:00,[38],[14]
2026-01-17T03:57:07+01:00,[38],[12]
2026-01-17T03:37:08+01:00,[38],[14]
2026-01-17T03:17:08+01:00,[37],[14]
2026-01-17T02:47:41+01:00,[37],[13]
2026-01-17T00:57:08+01:00,[37],[14]
2026-01-16T23:57:05+01:00,[37],[15]
2026-01-16T23:37:05+01:00,[37],[14]
2026-01-16T15:47:05+01:00,[37],[14]
2026-01-16T15:37:05+01:00,[37],[15]
2026-01-16T15:27:05+01:00,[37],[13]
2026-01-16T15:17:04+01:00,[38],[14]
2026-01-16T15:07:05+01:00,[37],[13]
2026-01-16T14:47:04+01:00,[37],[15]
2026-01-16T14:27:05+01:00,[37],[14]
2026-01-16T13:37:06+01:00,[37],[12]
2026-01-16T12:57:05+01:00,[38],[13]
2026-01-16T12:07:05+01:00,[37],[13]
2026-01-16T11:47:05+01:00,[37],[13]
2026-01-16T11:37:05+01:00,[37],[13]
2026-01-16T11:17:05+01:00,[37],[13]
2026-01-16T10:07:05+01:00,[37],[14]
2026-01-16T09:47:05+01:00,[37],[13]
2026-01-16T09:27:05+01:00,[37],[12]
2026-01-16T08:37:05+01:00,[37],[14]
2026-01-16T08:27:05+01:00,[38],[15]
2026-01-16T08:07:04+01:00,[37],[13]
2026-01-16T07:47:05+01:00,[37],[14]
2026-01-16T07:37:04+01:00,[38],[13]
2026-01-16T06:57:05+01:00,[38],[13]
2026-01-16T05:47:04+01:00,[37],[15]
2026-01-16T04:47:05+01:00,[37],[14]
2026-01-16T04:37:05+01:00,[37],[12]
2026-01-16T03:17:05+01:00,[37],[11]
2026-01-16T02:57:05+01:00,[38],[15]
2026-01-16T02:47:04+01:00,[37],[14]
2026-01-16T02:17:05+01:00,[38],[15]
2026-01-16T01:47:04+01:00,[37],[15]
2026-01-16T00:27:05+01:00,[38],[15]
2026-01-15T23:17:21+01:00,[37],[15]
2026-01-15T14:57:05+01:00,[37],[17]
2026-01-15T14:47:05+01:00,[37],[15]
2026-01-15T13:57:05+01:00,[37],[16]
2026-01-15T12:57:08+01:00,[37],[18]
2026-01-15T12:47:08+01:00,[37],[17]
2026-01-15T12:17:07+01:00,[38],[15]
2026-01-15T12:07:08+01:00,[38],[15]
2026-01-15T11:47:08+01:00,[37],[17]
2026-01-15T11:37:09+01:00,[38],[19]
2026-01-15T11:27:08+01:00,[37],[15]
2026-01-15T11:17:08+01:00,[37],[15]
2026-01-15T10:37:08+01:00,[38],[15]
2026-01-15T10:27:09+01:00,[37],[16]
2026-01-15T10:17:08+01:00,[37],[14]
2026-01-15T09:47:08+01:00,[37],[15]
2026-01-15T08:57:07+01:00,[38],[15]
2026-01-15T07:27:08+01:00,[37],[17]
2026-01-15T07:17:08+01:00,[37],[10]
2026-01-15T06:57:08+01:00,[37],[13]
2026-01-15T06:17:08+01:00,[37],[16]
2026-01-15T06:07:08+01:00,[37],[13]
2026-01-15T05:57:08+01:00,[38],[13]
2026-01-15T05:27:08+01:00,[37],[14]
2026-01-15T05:17:08+01:00,[37],[14]
2026-01-15T04:37:09+01:00,[37],[14]
2026-01-15T04:27:08+01:00,[38],[14]
2026-01-15T04:07:08+01:00,[37],[14]
2026-01-15T03:37:08+01:00,[37],[14]
2026-01-15T03:27:08+01:00,[37],[13]
2026-01-15T03:17:08+01:00,[38],[13]
2026-01-15T03:07:08+01:00,[38],[14]
2026-01-15T02:57:08+01:00,[37],[13]
2026-01-15T01:47:08+01:00,[37],[13]
2026-01-15T00:47:08+01:00,[38],[13]
2026-01-14T15:37:08+01:00,[38],[9]
2026-01-14T14:27:08+01:00,[37],[13]
2026-01-14T14:17:08+01:00,[38],[14]
2026-01-14T13:57:08+01:00,[37],[14]
2026-01-14T13:17:08+01:00,[37],[8]
2026-01-14T12:57:08+01:00,[37],[14]
2026-01-14T12:27:08+01:00,[37],[13]
2026-01-14T09:57:08+01:00,[37],[13]
2026-01-14T09:37:08+01:00,[37],[12]
2026-01-14T09:17:08+01:00,[37],[13]
2026-01-14T06:07:09+01:00,[38],[12]
2026-01-14T05:57:08+01:00,[37],[13]
2026-01-14T05:27:08+01:00,[38],[14]
2026-01-14T04:47:08+01:00,[37],[13]
2026-01-14T03:07:08+01:00,[37],[12]
2026-01-14T02:57:08+01:00,[37],[14]
2026-01-14T02:17:08+01:00,[37],[13]
2026-01-14T01:37:08+01:00,[37],[14]
2026-01-14T00:27:08+01:00,[37],[15]
2026-01-14T00:17:08+01:00,[37],[14]
2026-01-14T00:07:08+01:00,[37],[13]
2026-01-13T23:57:07+01:00,[37],[14]
2026-01-13T15:27:08+01:00,[38],[14]
2026-01-13T14:57:07+01:00,[38],[14]
2026-01-13T14:47:07+01:00,[37],[13]
2026-01-13T14:37:08+01:00,[37],[14]
2026-01-13T13:27:07+01:00,[38],[14]
2026-01-13T13:07:08+01:00,[37],[12]
2026-01-13T12:57:08+01:00,[37],[12]
2026-01-13T12:47:07+01:00,[37],[12]
2026-01-13T12:37:09+01:00,[37],[14]
2026-01-13T11:47:09+01:00,[37],[14]
2026-01-13T11:17:07+01:00,[37],[14]
2026-01-13T09:47:08+01:00,[37],[12]
2026-01-13T08:57:09+01:00,[37],[14]
2026-01-13T08:17:08+01:00,[37],[14]
2026-01-13T08:07:08+01:00,[37],[15]
2026-01-13T06:57:08+01:00,[37],[14]
2026-01-13T06:27:08+01:00,[37],[14]
2026-01-13T05:27:08+01:00,[37],[15]
2026-01-13T05:17:08+01:00,[37],[15]
2026-01-13T05:07:09+01:00,[37],[15]
2026-01-13T04:57:08+01:00,[37],[14]
2026-01-13T03:37:09+01:00,[37],[14]
2026-01-13T02:17:09+01:00,[37],[13]
2026-01-13T01:57:08+01:00,[37],[12]
2026-01-13T01:47:08+01:00,[38],[14]
2026-01-13T00:47:08+01:00,[37],[14]
2026-01-12T13:57:08+01:00,[37],[14]
2026-01-12T13:47:08+01:00,[37],[11]
2026-01-12T13:17:08+01:00,[37],[15]
2026-01-12T12:47:25+01:00,[37],[18]
2026-01-12T12:27:08+01:00,[37],[16]
2026-01-12T12:17:07+01:00,[37],[18]
2026-01-12T12:08:06+01:00,"[60,60,60,60]","[15,15,16,17]"
2026-01-12T12:04:06+01:00,"[60,60]","[16,15]"
2026-01-12T11:47:10+01:00,[37],[17]
2026-01-12T11:37:11+01:00,[37],[14]
2026-01-12T10:57:11+01:00,[38],[15]
2026-01-12T10:37:11+01:00,[38],[15]
2026-01-12T10:17:11+01:00,[38],[12]
2026-01-12T10:07:11+01:00,[38],[12]
2026-01-12T09:27:11+01:00,[37],[15]
2026-01-12T08:37:13+01:00,[37],[15]
2026-01-12T08:17:11+01:00,[38],[12]
2026-01-12T07:57:11+01:00,[37],[16]
2026-01-12T07:47:11+01:00,[37],[15]
2026-01-12T07:07:11+01:00,[37],[13]
2026-01-12T06:57:10+01:00,[38],[13]
2026-01-12T06:37:11+01:00,[38],[14]
2026-01-12T05:47:11+01:00,[37],[13]
2026-01-12T05:07:11+01:00,[37],[14]
2026-01-12T04:47:11+01:00,[37],[13]
2026-01-12T02:57:11+01:00,[37],[15]
2026-01-12T02:47:11+01:00,[37],[14]
2026-01-12T02:17:12+01:00,[37],[15]
2026-01-12T01:47:11+01:00,[37],[12]
2026-01-12T01:37:11+01:00,[37],[14]
2026-01-11T14:07:11+01:00,[37],[14]
2026-01-11T13:47:11+01:00,[37],[11]
2026-01-11T11:17:10+01:00,[37],[16]
2026-01-11T10:37:11+01:00,[37],[14]
2026-01-11T10:27:11+01:00,[37],[14]
2026-01-11T10:17:11+01:00,[38],[13]
2026-01-11T09:37:11+01:00,[37],[14]
2026-01-11T09:17:12+01:00,[37],[7]
2026-01-11T09:07:11+01:00,[37],[10]
2026-01-11T08:47:11+01:00,[37],[12]
2026-01-11T07:17:11+01:00,[38],[14]
2026-01-11T06:17:11+01:00,[37],[12]
2026-01-11T05:47:11+01:00,[38],[12]
2026-01-11T05:27:11+01:00,[37],[11]
2026-01-10T17:17:11+01:00,[37],[11]
2026-01-10T16:27:11+01:00,[38],[12]
2026-01-10T16:17:11+01:00,[37],[11]
2026-01-10T16:07:12+01:00,[37],[10]
2026-01-10T15:57:11+01:00,[37],[12]
2026-01-10T14:57:11+01:00,[37],[11]
2026-01-10T14:47:11+01:00,[38],[12]
2026-01-10T13:57:11+01:00,[38],[13]
2026-01-10T11:37:11+01:00,[38],[15]
2026-01-10T11:17:11+01:00,[38],[14]
2026-01-10T10:27:11+01:00,[37],[15]
2026-01-10T10:17:11+01:00,[37],[13]
2026-01-10T09:47:12+01:00,[37],[14]
2026-01-10T09:27:11+01:00,[37],[12]
2026-01-10T08:37:11+01:00,[37],[14]
2026-01-10T08:27:11+01:00,[37],[12]
2026-01-10T08:07:11+01:00,[37],[15]
2026-01-10T07:57:11+01:00,[37],[15]
2026-01-10T07:47:11+01:00,[37],[9]
2026-01-10T06:47:11+01:00,[38],[15]
2026-01-10T06:37:11+01:00,[38],[14]
2026-01-10T06:27:11+01:00,[37],[14]
2026-01-10T05:57:11+01:00,[37],[13]
2026-01-10T05:27:11+01:00,[37],[8]
2026-01-10T05:17:11+01:00,[37],[15]
2026-01-10T04:07:11+01:00,[37],[15]
2026-01-10T03:37:11+01:00,[37],[14]
2026-01-10T03:17:11+01:00,[37],[14]
2026-01-10T02:37:11+01:00,[37],[14]
2026-01-10T02:17:11+01:00,[37],[15]
2026-01-10T01:57:11+01:00,[37],[13]
2026-01-10T01:17:12+01:00,[37],[13]
2026-01-10T00:57:11+01:00,[37],[14]
2026-01-10T00:37:11+01:00,[37],[12]
2026-01-09T14:27:14+01:00,[37],[14]
2026-01-09T13:07:14+01:00,[38],[13]
2026-01-09T12:57:14+01:00,[37],[14]
2026-01-09T12:37:14+01:00,[37],[13]
2026-01-09T12:27:14+01:00,[37],[13]
2026-01-09T12:07:14+01:00,[38],[14]
2026-01-09T11:07:14+01:00,[38],[13]
2026-01-09T10:57:14+01:00,[37],[12]
2026-01-09T10:37:14+01:00,[38],[13]
2026-01-09T10:27:14+01:00,[38],[14]
2026-01-09T10:07:14+01:00,[37],[13]
2026-01-09T07:57:14+01:00,[37],[13]
2026-01-09T07:07:14+01:00,[37],[14]
2026-01-09T06:47:14+01:00,[37],[14]
2026-01-09T06:07:14+01:00,[37],[13]
2026-01-09T05:57:14+01:00,[37],[13]
2026-01-09T05:37:14+01:00,[37],[13]
2026-01-09T05:27:13+01:00,[37],[13]
2026-01-09T05:17:13+01:00,[37],[14]
2026-01-09T05:07:14+01:00,[37],[13]
2026-01-09T04:57:14+01:00,[37],[13]
2026-01-09T03:57:14+01:00,[38],[11]
2026-01-09T03:27:14+01:00,[37],[14]
2026-01-09T02:57:14+01:00,[37],[14]
2026-01-09T02:17:14+01:00,[37],[13]
2026-01-09T01:47:13+01:00,[37],[13]
2026-01-09T01:27:13+01:00,[37],[13]
2026-01-09T00:47:14+01:00,[37],[14]
2026-01-08T23:47:14+01:00,[38],[15]
2026-01-08T14:17:14+01:00,[37],[13]
2026-01-08T14:07:14+01:00,[37],[12]
2026-01-08T13:37:14+01:00,[37],[8]
2026-01-08T12:57:14+01:00,[37],[13]
2026-01-08T12:47:15+01:00,[37],[12]
2026-01-08T12:37:14+01:00,[37],[13]
2026-01-08T11:37:14+01:00,[38],[13]
2026-01-08T11:07:15+01:00,[37],[12]
2026-01-08T10:27:15+01:00,[37],[14]
2026-01-08T10:07:14+01:00,[37],[13]
2026-01-08T09:37:14+01:00,[37],[12]
2026-01-08T09:27:15+01:00,[37],[14]
2026-01-08T08:17:14+01:00,[37],[11]
2026-01-08T07:57:14+01:00,[37],[13]
2026-01-08T06:37:14+01:00,[37],[14]
2026-01-08T06:17:14+01:00,[37],[13]
2026-01-08T05:37:14+01:00,[37],[14]
2026-01-08T04:57:14+01:00,[37],[13]
2026-01-08T04:47:14+01:00,[38],[13]
2026-01-08T04:27:14+01:00,[37],[14]
2026-01-08T04:07:14+01:00,[37],[13]
2026-01-08T03:47:14+01:00,[37],[13]
2026-01-08T03:07:14+01:00,[38],[13]
2026-01-08T02:37:14+01:00,[37],[12]
2026-01-08T02:27:14+01:00,[38],[14]
2026-01-08T02:17:14+01:00,[38],[13]
2026-01-08T01:37:14+01:00,[37],[14]
2026-01-08T01:27:14+01:00,[37],[12]
2026-01-08T01:17:14+01:00,[37],[12]
2026-01-08T00:47:14+01:00,[37],[14]
2026-01-08T00:37:14+01:00,[37],[14]
2026-01-08T00:17:14+01:00,[37],[13]
2026-01-07T11:47:14+01:00,[38],[12]
2026-01-07T11:37:15+01:00,[37],[14]
2026-01-07T11:27:13+01:00,[37],[11]
2026-01-07T11:17:13+01:00,[37],[13]
2026-01-07T10:47:15+01:00,[37],[13]
2026-01-07T09:27:14+01:00,[37],[14]
2026-01-07T09:17:14+01:00,[38],[15]
2026-01-07T09:07:14+01:00,[37],[13]
2026-01-07T08:47:13+01:00,[38],[14]
2026-01-07T08:27:14+01:00,[37],[13]
2026-01-07T08:17:14+01:00,[37],[12]
2026-01-07T07:47:14+01:00,[37],[11]
2026-01-07T07:37:14+01:00,[38],[13]
2026-01-07T07:27:14+01:00,[38],[13]
2026-01-07T06:57:15+01:00,[37],[13]
2026-01-07T06:37:14+01:00,[37],[13]
2026-01-07T06:27:14+01:00,[37],[14]
2026-01-07T05:57:14+01:00,[38],[13]
2026-01-07T05:47:14+01:00,[37],[12]
2026-01-07T04:37:14+01:00,[37],[12]
2026-01-07T03:47:15+01:00,[37],[13]
2026-01-07T03:37:14+01:00,[38],[13]
2026-01-07T02:47:14+01:00,[37],[13]
2026-01-07T02:17:14+01:00,[37],[12]
2026-01-06T15:27:16+01:00,[37],[14]
2026-01-06T15:17:17+01:00,[38],[15]
2026-01-06T14:37:16+01:00,[38],[13]
2026-01-06T14:27:17+01:00,[37],[13]
2026-01-06T14:17:17+01:00,[37],[13]
2026-01-06T14:07:17+01:00,[37],[12]
2026-01-06T13:17:17+01:00,[38],[13]
2026-01-06T13:07:17+01:00,[38],[13]
2026-01-06T12:47:17+01:00,[37],[12]
2026-01-06T12:27:16+01:00,[37],[14]
2026-01-06T12:17:17+01:00,[37],[14]
2026-01-06T11:27:30+01:00,[37],[13]
2026-01-06T11:07:17+01:00,[37],[12]
2026-01-06T10:57:17+01:00,[37],[15]
2026-01-06T10:27:17+01:00,[37],[15]
2026-01-06T09:47:17+01:00,[37],[12]
2026-01-06T09:17:18+01:00,[37],[14]
2026-01-06T09:07:17+01:00,[37],[12]
2026-01-06T08:47:17+01:00,[38],[14]
2026-01-06T08:27:17+01:00,[38],[13]
2026-01-06T08:17:17+01:00,[38],[14]
2026-01-06T08:07:17+01:00,[37],[14]
2026-01-06T07:27:17+01:00,[37],[14]
2026-01-06T06:57:17+01:00,[37],[13]
2026-01-06T06:17:17+01:00,[37],[14]
2026-01-06T06:07:17+01:00,[37],[13]
2026-01-06T05:47:17+01:00,[37],[14]
2026-01-06T04:57:17+01:00,[37],[12]
2026-01-06T04:47:17+01:00,[38],[12]
2026-01-06T04:37:17+01:00,[37],[12]
2026-01-06T04:17:17+01:00,[37],[12]
2026-01-06T04:07:17+01:00,[38],[16]
2026-01-06T03:47:17+01:00,[37],[12]
2026-01-06T03:17:17+01:00,[38],[14]
2026-01-06T02:57:17+01:00,[38],[15]
2026-01-06T02:37:17+01:00,[37],[14]
2026-01-06T01:57:17+01:00,[38],[14]
2026-01-06T01:07:17+01:00,[37],[15]
2026-01-05T13:44:09+01:00,"[60,60]","[15,17]"
2026-01-05T13:41:08+01:00,[60],[15]
2026-01-05T13:32:08+01:00,"[60,60,60,60,60,60,60]","[17,15,14,16,17,14,15]"
2026-01-05T13:26:07+01:00,"[60,60,60,60,60]","[16,15,17,15,15]"
2026-01-05T13:24:07+01:00,[60],[16]
2026-01-05T13:22:07+01:00,[60],[18]
2026-01-05T13:19:07+01:00,"[60,60]","[18,16]"
2026-01-05T13:16:07+01:00,"[60,60]","[17,17]"
2026-01-05T13:13:07+01:00,[60],[16]
2026-01-05T13:09:07+01:00,"[60,60]","[16,15]"
2026-01-05T13:07:07+01:00,[60],[15]
2026-01-05T13:02:07+01:00,[60],[13]
2026-01-05T13:00:07+01:00,[60],[13]
2026-01-05T12:57:07+01:00,[60],[15]
2026-01-05T12:37:17+01:00,[37],[13]
2026-01-05T12:27:17+01:00,[37],[14]
2026-01-05T12:17:17+01:00,[37],[14]
2026-01-05T12:07:17+01:00,[37],[12]
2026-01-05T11:47:17+01:00,[37],[11]
2026-01-05T11:37:17+01:00,[37],[14]
2026-01-05T10:57:17+01:00,[37],[15]
2026-01-05T10:37:16+01:00,[38],[14]
2026-01-05T10:27:17+01:00,[36],[14]
2026-01-05T09:47:17+01:00,[37],[16]
2026-01-05T08:47:17+01:00,[37],[14]
2026-01-05T08:27:17+01:00,[37],[14]
2026-01-05T08:07:17+01:00,[37],[14]
2026-01-05T07:37:17+01:00,[37],[13]
2026-01-05T07:27:17+01:00,[38],[13]
2026-01-05T07:17:17+01:00,[37],[15]
2026-01-05T06:57:17+01:00,[37],[14]
2026-01-05T06:47:17+01:00,[37],[15]
2026-01-05T06:27:17+01:00,[37],[14]
2026-01-05T06:17:17+01:00,[37],[14]
2026-01-05T05:47:16+01:00,[37],[14]
2026-01-05T05:17:17+01:00,[37],[12]
2026-01-05T05:07:17+01:00,[37],[14]
2026-01-05T04:47:17+01:00,[37],[14]
2026-01-05T03:57:17+01:00,[37],[13]
2026-01-05T02:57:17+01:00,[37],[14]
2026-01-05T02:47:17+01:00,[38],[13]
2026-01-05T02:37:17+01:00,[37],[12]
2026-01-05T01:47:17+01:00,[37],[14]
2026-01-05T01:27:22+01:00,[37],[14]
2026-01-05T00:37:16+01:00,[38],[15]
2026-01-04T15:07:17+01:00,[37],[9]
2026-01-04T14:27:17+01:00,[37],[15]
2026-01-04T12:17:17+01:00,[37],[14]
2026-01-04T12:07:17+01:00,[37],[13]
2026-01-04T11:07:17+01:00,[37],[13]
2026-01-04T10:07:17+01:00,[37],[14]
2026-01-04T09:57:17+01:00,[37],[13]
2026-01-04T09:27:17+01:00,[37],[14]
2026-01-04T09:17:17+01:00,[37],[11]
2026-01-04T08:57:17+01:00,[37],[13]
2026-01-04T08:37:17+01:00,[37],[12]
2026-01-04T08:27:17+01:00,[37],[11]
2026-01-04T06:27:16+01:00,[38],[14]
2026-01-04T04:37:17+01:00,[37],[12]
2026-01-04T03:27:17+01:00,[38],[12]
2026-01-04T03:07:16+01:00,[38],[11]
2026-01-04T02:17:16+01:00,[38],[12]
2026-01-04T01:57:17+01:00,[37],[13]
2026-01-04T01:47:17+01:00,[38],[13]
2026-01-04T00:37:17+01:00,[37],[13]
2026-01-03T14:47:17+01:00,[37],[13]
2026-01-03T13:27:17+01:00,[37],[12]
2026-01-03T13:17:17+01:00,[37],[11]
2026-01-03T12:17:16+01:00,[37],[13]
2026-01-03T12:07:17+01:00,[37],[13]
2026-01-03T10:07:20+01:00,[37],[14]
2026-01-03T09:57:20+01:00,[38],[12]
2026-01-03T09:47:20+01:00,[37],[14]
2026-01-03T09:27:20+01:00,[38],[15]
2026-01-03T08:37:20+01:00,[37],[13]
2026-01-03T08:17:19+01:00,[37],[14]
2026-01-03T06:27:19+01:00,[37],[15]
2026-01-03T06:17:20+01:00,[37],[14]
2026-01-03T06:07:19+01:00,[37],[15]
2026-01-03T05:57:19+01:00,[37],[15]
2026-01-03T05:47:20+01:00,[38],[16]
2026-01-03T05:07:19+01:00,[37],[14]
2026-01-03T04:47:20+01:00,[37],[14]
2026-01-03T04:27:20+01:00,[37],[13]
2026-01-03T04:17:20+01:00,[37],[15]
2026-01-03T03:57:20+01:00,[38],[12]
2026-01-03T03:07:20+01:00,[38],[14]
2026-01-03T02:47:20+01:00,[38],[12]
2026-01-03T01:57:20+01:00,[37],[16]
2026-01-03T00:47:19+01:00,[37],[13]
2026-01-02T13:27:19+01:00,[37],[15]
2026-01-02T12:47:20+01:00,[37],[14]
2026-01-02T12:37:19+01:00,[37],[15]
2026-01-02T12:27:20+01:00,[37],[13]
2026-01-02T12:17:20+01:00,[37],[12]
2026-01-02T12:07:19+01:00,[37],[13]
2026-01-02T11:57:20+01:00,[38],[13]
2026-01-02T11:37:20+01:00,[37],[14]
2026-01-02T11:27:19+01:00,[37],[13]
2026-01-02T11:17:20+01:00,[38],[12]
2026-01-02T11:07:21+01:00,[37],[12]
2026-01-02T10:57:20+01:00,[37],[13]
2026-01-02T10:47:20+01:00,[37],[13]
2026-01-02T09:57:20+01:00,[37],[13]
2026-01-02T09:27:20+01:00,[37],[14]
2026-01-02T08:17:19+01:00,[37],[13]
2026-01-02T07:37:20+01:00,[38],[12]
2026-01-02T07:17:19+01:00,[37],[13]
2026-01-02T07:07:20+01:00,[38],[12]
2026-01-02T06:07:20+01:00,[37],[12]
2026-01-02T05:47:20+01:00,[37],[12]
2026-01-02T04:07:20+01:00,[37],[13]
2026-01-02T03:47:19+01:00,[37],[13]
2026-01-02T03:37:19+01:00,[37],[12]
2026-01-02T03:17:19+01:00,[38],[12]
2026-01-02T02:17:20+01:00,[38],[13]
2026-01-02T01:07:20+01:00,[37],[11]
2026-01-02T00:47:20+01:00,[37],[12]
2026-01-01T23:57:20+01:00,[38],[11]
2026-01-01T14:47:20+01:00,[37],[14]
2026-01-01T14:37:21+01:00,[37],[11]
2026-01-01T14:17:21+01:00,[37],[14]
2026-01-01T12:47:20+01:00,[37],[12]
2026-01-01T12:27:21+01:00,[37],[12]
2026-01-01T11:57:20+01:00,[37],[13]
2026-01-01T11:07:20+01:00,[37],[13]
2026-01-01T10:57:20+01:00,[37],[12]
2026-01-01T10:47:20+01:00,[37],[11]
2026-01-01T10:37:21+01:00,[37],[13]
2026-01-01T06:27:20+01:00,[38],[12]
2026-01-01T06:17:21+01:00,[38],[13]
2026-01-01T06:08:12+01:00,[37],[13]
2026-01-01T05:27:20+01:00,[37],[14]
2026-01-01T04:47:20+01:00,[37],[12]
2026-01-01T04:37:19+01:00,[37],[11]
2026-01-01T03:57:20+01:00,[38],[13]
2026-01-01T03:37:20+01:00,[37],[14]
2026-01-01T03:17:20+01:00,[37],[14]
2026-01-01T03:07:20+01:00,[37],[14]
2026-01-01T02:57:20+01:00,[37],[14]
2026-01-01T02:47:20+01:00,[37],[9]
2026-01-01T02:27:21+01:00,[37],[13]
2025-12-31T17:07:21+01:00,[37],[14]
2025-12-31T16:54:09+01:00,[37],[15]
2025-12-31T16:47:20+01:00,[38],[11]
2025-12-31T16:37:20+01:00,[38],[12]
2025-12-31T16:17:20+01:00,[38],[14]
2025-12-31T15:37:20+01:00,[37],[13]
2025-12-31T15:07:20+01:00,[37],[15]
2025-12-31T14:57:19+01:00,[38],[14]
2025-12-31T14:27:20+01:00,[37],[14]
2025-12-31T13:47:20+01:00,[38],[14]
2025-12-31T13:07:20+01:00,[38],[15]
2025-12-31T12:57:20+01:00,[38],[14]
2025-12-31T12:47:19+01:00,[38],[15]
2025-12-31T12:07:20+01:00,[38],[13]
2025-12-31T11:37:20+01:00,[38],[15]
2025-12-31T10:57:19+01:00,[38],[13]
2025-12-31T10:37:20+01:00,[38],[12]
2025-12-31T08:27:20+01:00,[37],[14]
2025-12-31T07:57:20+01:00,[37],[12]
2025-12-31T07:27:20+01:00,[38],[14]
2025-12-31T07:07:20+01:00,[38],[15]
2025-12-31T05:47:23+01:00,[37],[13]
2025-12-31T04:17:23+01:00,[38],[12]
2025-12-31T04:07:24+01:00,[37],[12]
2025-12-31T03:37:23+01:00,[37],[11]
2025-12-31T03:27:23+01:00,[37],[8]
2025-12-31T03:17:23+01:00,[38],[13]
2025-12-31T02:57:22+01:00,[38],[12]
2025-12-31T02:17:24+01:00,[37],[13]
2025-12-31T01:57:23+01:00,[38],[12]
2025-12-30T13:17:23+01:00,[37],[14]
2025-12-30T12:07:22+01:00,[37],[12]
2025-12-30T11:57:23+01:00,[37],[12]
2025-12-30T11:47:23+01:00,[37],[12]
2025-12-30T11:17:23+01:00,[38],[13]
2025-12-30T11:07:23+01:00,[37],[14]
2025-12-30T10:47:23+01:00,[37],[14]
2025-12-30T10:17:34+01:00,[38],[14]
2025-12-30T08:57:23+01:00,[37],[15]
2025-12-30T07:47:23+01:00,[37],[13]
2025-12-30T07:27:23+01:00,[38],[14]
2025-12-30T06:47:23+01:00,[37],[14]
2025-12-30T06:27:23+01:00,[38],[13]
2025-12-30T06:17:22+01:00,[37],[16]
2025-12-30T05:57:23+01:00,[37],[13]
2025-12-30T04:57:23+01:00,[37],[13]
2025-12-30T04:27:23+01:00,[38],[14]
2025-12-30T04:07:23+01:00,[37],[14]
2025-12-30T03:27:23+01:00,[38],[13]
2025-12-30T03:07:23+01:00,[37],[12]
2025-12-30T02:37:23+01:00,[38],[13]
2025-12-30T02:27:23+01:00,[37],[13]
2025-12-30T02:07:23+01:00,[37],[12]
2025-12-30T01:37:23+01:00,[38],[10]
2025-12-29T13:57:23+01:00,[38],[12]
2025-12-29T13:27:23+01:00,[38],[12]
2025-12-29T12:57:23+01:00,[37],[13]
2025-12-29T12:47:23+01:00,[38],[13]
2025-12-29T12:27:23+01:00,[38],[12]
2025-12-29T12:07:23+01:00,[37],[12]
2025-12-29T11:47:23+01:00,[37],[13]
2025-12-29T10:57:22+01:00,[38],[13]
2025-12-29T10:47:22+01:00,[37],[15]
2025-12-29T10:17:23+01:00,[37],[15]
2025-12-29T09:37:22+01:00,[38],[14]
2025-12-29T09:27:23+01:00,[38],[15]
2025-12-29T09:17:23+01:00,[37],[15]
2025-12-29T08:37:22+01:00,[37],[14]
2025-12-29T07:47:23+01:00,[37],[13]
2025-12-29T07:27:23+01:00,[38],[13]
2025-12-29T07:07:23+01:00,[37],[10]
2025-12-29T06:37:24+01:00,[37],[15]
2025-12-29T05:27:23+01:00,[38],[15]
2025-12-29T03:47:23+01:00,[38],[14]
2025-12-29T03:07:23+01:00,[38],[16]
2025-12-29T02:07:23+01:00,[37],[15]
2025-12-29T01:47:23+01:00,[38],[15]
2025-12-29T01:37:23+01:00,[37],[15]
2025-12-29T00:57:30+01:00,[37],[15]
2025-12-28T14:17:23+01:00,[37],[10]
2025-12-28T13:47:23+01:00,[38],[15]
2025-12-28T13:37:23+01:00,[37],[14]
2025-12-28T13:07:23+01:00,[38],[16]
2025-12-28T12:17:23+01:00,[38],[15]
2025-12-28T11:47:23+01:00,[37],[10]
2025-12-28T11:17:23+01:00,[38],[16]
2025-12-28T11:07:22+01:00,[38],[15]
2025-12-28T10:57:23+01:00,[38],[10]
2025-12-28T10:37:22+01:00,[37],[17]
2025-12-28T10:17:23+01:00,[37],[15]
2025-12-28T10:07:23+01:00,[37],[15]
2025-12-28T09:51:48+01:00,[37],[13]
2025-12-28T09:37:22+01:00,[38],[14]
2025-12-28T09:17:23+01:00,[38],[14]
2025-12-28T09:07:24+01:00,[37],[9]
2025-12-28T08:17:23+01:00,[37],[8]
2025-12-28T08:07:23+01:00,[37],[14]
2025-12-28T07:27:23+01:00,[37],[8]
2025-12-28T07:17:27+01:00,[38],[9]
2025-12-28T06:27:27+01:00,[37],[15]
2025-12-28T06:17:27+01:00,[37],[14]
2025-12-28T06:07:26+01:00,[37],[16]
2025-12-28T05:57:27+01:00,[37],[14]
2025-12-28T05:47:27+01:00,[37],[14]
2025-12-28T05:17:27+01:00,[37],[14]
2025-12-28T02:47:26+01:00,[37],[15]
2025-12-28T02:27:26+01:00,[37],[13]
2025-12-28T01:57:26+01:00,[37],[14]
2025-12-27T13:17:23+01:00,[37],[15]
2025-12-27T12:07:25+01:00,[37],[13]
2025-12-27T11:37:25+01:00,[37],[15]
2025-12-27T11:07:24+01:00,[37],[15]
2025-12-27T10:27:24+01:00,[37],[9]
2025-12-27T09:27:24+01:00,[36],[14]
2025-12-27T07:57:23+01:00,[37],[16]
2025-12-27T04:57:24+01:00,[37],[13]
2025-12-27T04:47:24+01:00,[37],[14]
2025-12-27T04:27:24+01:00,[38],[13]
2025-12-27T03:27:23+01:00,[37],[15]
2025-12-27T03:07:23+01:00,[37],[15]
2025-12-27T02:17:24+01:00,[37],[14]
2025-12-27T01:37:27+01:00,[38],[13]
2025-12-27T00:57:27+01:00,[37],[14]
2025-12-26T14:27:27+01:00,[37],[10]
2025-12-26T14:17:27+01:00,[37],[9]
2025-12-26T13:57:27+01:00,[37],[14]
2025-12-26T13:27:27+01:00,[37],[13]
2025-12-26T13:07:26+01:00,[37],[15]
2025-12-26T12:47:27+01:00,[38],[15]
2025-12-26T12:37:27+01:00,[37],[15]
2025-12-26T11:37:27+01:00,[37],[13]
2025-12-26T11:07:27+01:00,[37],[14]
2025-12-26T10:57:27+01:00,[37],[11]
2025-12-26T10:47:27+01:00,[37],[13]
2025-12-26T09:47:26+01:00,[37],[13]
2025-12-26T09:37:27+01:00,[37],[12]
2025-12-26T09:27:27+01:00,[37],[12]
2025-12-26T08:37:27+01:00,[38],[13]
2025-12-26T07:37:27+01:00,[38],[13]
2025-12-26T07:17:27+01:00,[37],[12]
2025-12-26T06:57:27+01:00,[37],[14]
2025-12-26T05:27:27+01:00,[38],[15]
2025-12-26T05:07:26+01:00,[38],[13]
2025-12-26T04:47:26+01:00,[37],[14]
2025-12-26T03:57:27+01:00,[37],[13]
2025-12-25T10:07:27+01:00,[37],[14]
2025-12-25T09:57:27+01:00,[37],[14]
2025-12-25T09:07:27+01:00,[37],[13]
2025-12-25T08:17:27+01:00,[37],[13]
2025-12-25T07:27:26+01:00,[38],[14]
2025-12-25T07:17:26+01:00,[37],[13]
2025-12-25T07:07:27+01:00,[38],[13]
2025-12-25T06:47:27+01:00,[38],[12]
2025-12-25T06:27:27+01:00,[38],[14]
2025-12-25T05:47:27+01:00,[37],[13]
2025-12-25T04:57:27+01:00,[37],[13]
2025-12-25T04:47:26+01:00,[37],[12]
2025-12-25T04:17:27+01:00,[37],[14]
2025-12-25T03:27:26+01:00,[38],[12]
2025-12-25T02:57:28+01:00,[38],[13]
2025-12-25T02:47:26+01:00,[37],[13]
2025-12-24T14:57:27+01:00,[37],[10]
2025-12-24T14:37:27+01:00,[37],[12]
2025-12-24T14:27:27+01:00,[37],[13]
2025-12-24T13:47:27+01:00,[37],[13]
2025-12-24T13:27:27+01:00,[37],[13]
2025-12-24T13:07:27+01:00,[37],[13]
2025-12-24T12:57:27+01:00,[37],[13]
2025-12-24T12:17:27+01:00,[37],[13]
2025-12-24T12:07:26+01:00,[37],[14]
2025-12-24T11:47:26+01:00,[37],[12]
2025-12-24T11:17:27+01:00,[37],[11]
2025-12-24T10:57:27+01:00,[38],[14]
2025-12-24T10:17:27+01:00,[37],[14]
2025-12-24T09:27:27+01:00,[37],[13]
2025-12-24T08:37:27+01:00,[38],[12]
2025-12-24T07:47:27+01:00,[37],[15]
2025-12-24T07:27:27+01:00,[37],[11]
2025-12-24T07:17:26+01:00,[37],[15]
2025-12-24T06:57:27+01:00,[37],[13]
2025-12-24T05:47:27+01:00,[38],[13]
2025-12-24T05:37:27+01:00,[37],[12]
2025-12-24T05:17:27+01:00,[37],[13]
2025-12-24T03:47:26+01:00,[37],[12]
2025-12-24T03:37:27+01:00,[37],[12]
2025-12-24T02:57:27+01:00,[38],[13]
2025-12-24T02:47:27+01:00,[37],[11]
2025-12-24T02:37:27+01:00,[38],[12]
2025-12-24T02:07:27+01:00,[37],[12]
2025-12-24T01:57:27+01:00,[37],[13]
2025-12-23T12:57:30+01:00,[37],[13]
2025-12-23T12:17:30+01:00,[37],[11]
2025-12-23T12:07:30+01:00,[37],[12]
2025-12-23T11:47:30+01:00,[38],[13]
2025-12-23T10:37:29+01:00,[38],[12]
2025-12-23T10:17:30+01:00,[37],[12]
2025-12-23T08:07:30+01:00,[37],[12]
2025-12-23T06:47:30+01:00,[37],[13]
2025-12-23T06:37:30+01:00,[37],[12]
2025-12-23T06:27:30+01:00,[37],[11]
2025-12-23T04:57:29+01:00,[38],[12]
2025-12-23T04:37:30+01:00,[37],[10]
2025-12-23T03:57:30+01:00,[37],[11]
2025-12-23T03:27:30+01:00,[38],[11]
2025-12-23T03:07:31+01:00,[37],[11]
2025-12-23T02:47:30+01:00,[37],[12]
2025-12-23T02:37:30+01:00,[37],[12]
2025-12-23T02:27:29+01:00,[38],[11]
2025-12-23T01:37:30+01:00,[37],[11]
2025-12-23T01:07:30+01:00,[38],[12]
2025-12-23T00:37:31+01:00,[37],[12]
2025-12-23T00:17:30+01:00,[37],[13]
2025-12-22T14:27:31+01:00,[37],[13]
2025-12-22T14:17:29+01:00,[38],[12]
2025-12-22T12:17:30+01:00,[37],[14]
2025-12-22T12:07:30+01:00,[37],[13]
2025-12-22T11:37:30+01:00,[38],[12]
2025-12-22T11:17:30+01:00,[38],[14]
2025-12-22T08:37:31+01:00,[37],[11]
2025-12-22T08:27:30+01:00,[37],[13]
2025-12-22T08:17:30+01:00,[37],[16]
2025-12-22T08:07:30+01:00,[37],[15]
2025-12-22T06:57:33+01:00,[37],[15]
2025-12-22T06:37:32+01:00,[38],[15]
2025-12-22T05:57:33+01:00,[37],[15]
2025-12-22T05:37:32+01:00,[38],[12]
2025-12-22T05:07:33+01:00,[37],[13]
2025-12-21T13:37:33+01:00,[37],[10]
2025-12-21T13:07:33+01:00,[37],[14]
2025-12-21T12:07:33+01:00,[37],[13]
2025-12-21T11:47:33+01:00,[37],[13]
2025-12-21T11:37:33+01:00,[37],[13]
2025-12-21T11:27:33+01:00,[37],[13]
2025-12-21T11:07:33+01:00,[37],[12]
2025-12-21T10:37:33+01:00,[37],[14]
2025-12-21T10:17:33+01:00,[37],[12]
2025-12-21T09:57:33+01:00,[37],[14]
2025-12-21T09:07:33+01:00,[37],[13]
2025-12-21T08:57:32+01:00,[37],[13]
2025-12-21T08:07:32+01:00,[37],[12]
2025-12-21T06:57:33+01:00,[38],[12]
2025-12-21T05:57:33+01:00,[38],[13]
2025-12-21T04:07:33+01:00,[37],[12]
2025-12-21T02:17:32+01:00,[37],[13]
2025-12-21T01:57:32+01:00,[37],[14]
2025-12-21T01:47:33+01:00,[38],[14]
2025-12-20T14:27:33+01:00,[37],[12]
2025-12-20T12:47:33+01:00,[37],[14]
2025-12-20T12:17:33+01:00,[37],[12]
2025-12-20T12:07:33+01:00,[37],[12]
2025-12-20T11:17:33+01:00,[37],[13]
2025-12-20T10:57:33+01:00,[37],[12]
2025-12-20T10:37:34+01:00,[37],[14]
2025-12-20T10:27:33+01:00,[37],[12]
2025-12-20T10:17:32+01:00,[37],[14]
2025-12-20T09:57:33+01:00,[37],[14]
2025-12-20T08:57:33+01:00,[38],[13]
2025-12-20T08:27:33+01:00,[37],[12]
2025-12-20T08:17:33+01:00,[37],[14]
2025-12-20T08:07:33+01:00,[37],[12]
2025-12-20T07:47:33+01:00,[36],[13]
2025-12-20T07:17:33+01:00,[38],[12]
2025-12-20T06:37:34+01:00,[37],[13]
2025-12-20T06:17:33+01:00,[38],[12]
2025-12-20T05:47:33+01:00,[37],[12]
2025-12-20T05:37:33+01:00,[37],[13]
2025-12-20T05:17:33+01:00,[38],[12]
2025-12-20T04:27:33+01:00,[37],[15]
2025-12-20T03:57:33+01:00,[37],[15]
2025-12-20T03:27:32+01:00,[38],[14]
2025-12-20T03:17:34+01:00,[38],[13]
2025-12-20T02:47:33+01:00,[38],[12]
2025-12-20T02:17:33+01:00,[37],[12]
2025-12-20T01:47:32+01:00,[37],[13]
2025-12-20T01:37:33+01:00,[37],[14]
2025-12-20T00:57:33+01:00,[37],[14]
2025-12-20T00:47:32+01:00,[38],[14]
2025-12-19T13:27:33+01:00,[37],[12]
2025-12-19T13:17:32+01:00,[38],[14]
2025-12-19T12:57:33+01:00,[38],[13]
2025-12-19T12:17:33+01:00,[37],[9]
2025-12-19T11:37:33+01:00,[37],[12]
2025-12-19T11:27:34+01:00,[37],[13]
2025-12-19T10:17:33+01:00,[38],[12]
2025-12-19T10:07:33+01:00,[38],[11]
2025-12-19T09:57:33+01:00,[36],[12]
2025-12-19T09:37:33+01:00,[37],[10]
2025-12-19T08:47:33+01:00,[37],[11]
2025-12-19T08:37:33+01:00,[37],[12]
2025-12-19T08:17:33+01:00,[37],[13]
2025-12-19T07:57:33+01:00,[37],[14]
2025-12-19T07:47:32+01:00,[37],[12]
2025-12-19T07:17:33+01:00,[37],[13]
2025-12-19T07:07:32+01:00,[38],[16]
2025-12-19T05:17:33+01:00,[36],[14]
2025-12-19T04:57:32+01:00,[38],[14]
2025-12-19T04:48:05+01:00,[37],[13]
2025-12-19T04:27:33+01:00,[37],[13]
2025-12-19T04:07:33+01:00,[38],[15]
2025-12-19T03:07:33+01:00,[37],[11]
2025-12-19T02:27:32+01:00,[38],[12]
2025-12-19T02:17:33+01:00,[37],[13]
2025-12-19T01:57:32+01:00,[37],[12]
2025-12-18T13:07:33+01:00,[37],[13]
2025-12-18T12:47:33+01:00,[37],[12]
2025-12-18T12:37:25+01:00,[38],[11]
2025-12-18T12:27:33+01:00,[37],[14]
2025-12-18T11:37:33+01:00,[37],[13]
2025-12-18T10:27:33+01:00,[37],[13]
2025-12-18T10:07:33+01:00,[37],[14]
2025-12-18T07:47:33+01:00,[37],[12]
2025-12-18T07:37:33+01:00,[38],[12]
2025-12-18T06:17:33+01:00,[37],[12]
2025-12-18T05:37:33+01:00,[37],[13]
2025-12-18T05:27:33+01:00,[37],[13]
2025-12-18T04:27:33+01:00,[37],[14]
2025-12-18T04:17:33+01:00,[37],[12]
2025-12-18T03:57:33+01:00,[37],[12]
2025-12-18T03:47:33+01:00,[38],[14]
2025-12-18T03:27:33+01:00,[37],[13]
2025-12-18T03:17:33+01:00,[38],[12]
2025-12-18T02:47:33+01:00,[37],[13]
2025-12-18T02:37:33+01:00,[37],[13]
2025-12-18T01:57:33+01:00,[37],[15]
2025-12-18T01:37:34+01:00,[37],[13]
2025-12-18T01:27:32+01:00,[38],[14]
2025-12-18T01:17:33+01:00,[37],[13]
2025-12-18T01:07:33+01:00,[37],[14]
2025-12-18T00:57:33+01:00,[37],[14]
2025-12-18T00:47:34+01:00,[37],[14]
2025-12-18T00:37:33+01:00,[38],[13]
2025-12-18T00:27:33+01:00,[37],[13]
2025-12-17T23:57:33+01:00,[38],[10]
2025-12-17T23:47:32+01:00,[37],[13]
2025-12-17T14:37:37+01:00,[37],[12]
2025-12-17T14:27:37+01:00,[37],[11]
2025-12-17T14:07:37+01:00,[38],[13]
2025-12-17T13:57:37+01:00,[37],[10]
2025-12-17T13:47:37+01:00,[37],[12]
2025-12-17T13:37:37+01:00,[38],[12]
2025-12-17T13:27:37+01:00,[37],[10]
2025-12-17T13:17:37+01:00,[37],[11]
2025-12-17T12:47:37+01:00,[37],[12]
2025-12-17T11:37:37+01:00,[38],[12]
2025-12-17T11:27:37+01:00,[37],[12]
2025-12-17T11:17:37+01:00,[37],[13]
2025-12-17T10:37:37+01:00,[38],[13]
2025-12-17T09:57:36+01:00,[37],[12]
2025-12-17T09:37:37+01:00,[37],[13]
2025-12-17T08:57:37+01:00,[37],[13]
2025-12-17T08:47:37+01:00,[38],[11]
2025-12-17T08:37:37+01:00,[37],[13]
2025-12-17T08:17:37+01:00,[37],[14]
2025-12-17T07:47:37+01:00,[37],[13]
2025-12-17T07:37:37+01:00,[37],[13]
2025-12-17T07:27:37+01:00,[37],[13]
2025-12-17T07:17:37+01:00,[37],[13]
2025-12-17T06:57:37+01:00,[37],[12]
2025-12-17T06:47:37+01:00,[37],[14]
2025-12-17T06:37:37+01:00,[37],[15]
2025-12-17T05:57:37+01:00,[38],[13]
2025-12-17T05:17:37+01:00,[37],[13]
2025-12-17T04:57:36+01:00,[37],[14]
2025-12-17T03:47:37+01:00,[37],[15]
2025-12-17T03:27:37+01:00,[37],[14]
2025-12-17T02:47:37+01:00,[38],[13]
2025-12-17T01:57:36+01:00,[37],[16]
2025-12-16T14:37:37+01:00,[38],[18]
2025-12-16T14:07:37+01:00,[37],[18]
2025-12-16T12:57:37+01:00,[38],[18]
2025-12-16T12:07:36+01:00,[37],[17]
2025-12-16T09:27:37+01:00,[37],[13]
2025-12-16T08:27:37+01:00,[37],[19]
2025-12-16T08:17:37+01:00,[37],[13]
2025-12-16T04:12:22+01:00,[37],[21]
2025-12-16T00:47:36+01:00,[37],[21]
2025-12-15T18:48:11+01:00,"[60,60]","[20,20]"
2025-12-15T18:40:11+01:00,"[60,60,60,60,60,60,60]","[20,19,21,20,21,22,20]"
2025-12-15T18:35:11+01:00,"[60,60,60,60]","[22,20,22,20]"
2025-12-15T18:31:11+01:00,"[60,60,60]","[21,23,22]"
2025-12-15T18:27:11+01:00,"[60,60,60]","[23,23,20]"
2025-12-15T18:21:11+01:00,"[60,60,60,60,60]","[21,23,23,22,23]"
2025-12-15T18:17:11+01:00,"[60,60]","[23,21]"
2025-12-15T18:08:11+01:00,"[60,60,60,60,60,60,60,60]","[21,20,22,22,20,22,21,22]"
2025-12-15T18:05:11+01:00,"[60,60]","[22,23]"
2025-12-15T18:01:11+01:00,"[60,60,60]","[21,21,21]"
2025-12-15T17:57:11+01:00,"[60,60,60]","[22,20,20]"
2025-12-15T17:55:11+01:00,[60],[21]
2025-12-15T17:47:11+01:00,"[60,60,60,60,60,60,60]","[20,20,21,18,18,21,20]"
2025-12-15T17:39:11+01:00,"[60,60,60,60,60,60,60,60]","[20,21,21,20,20,20,20,19]"
2025-12-15T17:36:11+01:00,"[60,60]","[20,19]"
2025-12-15T17:31:11+01:00,"[60,60,60,60]","[22,21,19,21]"
2025-12-15T17:28:11+01:00,"[60,60]","[19,21]"
2025-12-15T17:20:11+01:00,"[60,60,60,60,60,60,60]","[20,19,20,18,19,20,21]"
2025-12-15T17:16:10+01:00,"[60,60,60,60]","[22,20,20,19]"
2025-12-15T17:09:10+01:00,"[60,60,60,60,60,60]","[18,17,19,17,19,20]"
2025-12-15T17:07:10+01:00,[60],[16]
2025-12-15T17:04:10+01:00,"[60,60,60]","[18,18,17]"
2025-12-15T16:57:10+01:00,"[60,60,60,60]","[19,19,18,17]"
2025-12-15T16:55:10+01:00,"[60,60]","[19,17]"
2025-12-15T16:49:10+01:00,"[60,60,60,60,60]","[18,18,20,18,20]"
2025-12-15T16:46:09+01:00,"[60,60,60]","[19,19,18]"
2025-12-15T16:33:09+01:00,"[60,60,60,60,60,60,60,60,60,60]","[16,16,18,17,19,18,20,15,16,18]"
2025-12-15T16:30:09+01:00,[60],[15]
2025-12-15T16:27:09+01:00,[60],[14]
2025-12-15T16:25:09+01:00,[60],[14]
2025-12-15T15:57:37+01:00,[37],[12]
2025-12-15T15:47:37+01:00,[37],[12]
2025-12-15T15:37:37+01:00,[38],[13]
2025-12-15T15:33:05+01:00,[37],[13]
2025-12-15T14:47:37+01:00,[37],[14]
2025-12-15T13:27:37+01:00,[38],[13]
2025-12-15T13:17:37+01:00,[37],[13]
2025-12-15T12:07:37+01:00,[37],[12]
2025-12-15T11:37:36+01:00,[38],[14]
2025-12-15T11:27:37+01:00,[37],[12]
2025-12-15T11:17:37+01:00,[37],[14]
2025-12-15T11:07:38+01:00,[37],[17]
