start,duration,value
2026-09-27T06:47:14+02:00,[38],[50]
2026-09-27T05:07:14+02:00,[37],[45]
2026-09-27T04:47:14+02:00,[37],[267]
2026-09-27T04:37:14+02:00,[38],[15]
2026-09-27T04:17:14+02:00,[37],[61]
2026-09-26T13:17:14+02:00,[37],[38]
2026-09-26T12:37:14+02:00,[37],[26]
2026-09-26T11:57:14+02:00,[38],[294]
2026-09-26T11:37:14+02:00,[37],[17]
2026-09-26T11:27:14+02:00,[37],[42]
2026-09-26T11:07:15+02:00,[37],[57]
2026-09-26T10:37:14+02:00,[37],[58]
2026-09-26T10:27:14+02:00,[38],[23]
2026-09-26T10:17:14+02:00,[37],[24]
2026-09-26T09:47:14+02:00,[37],[19]
2026-09-26T09:37:14+02:00,[38],[21]
2026-09-26T09:23:57+02:00,[37],[190]
2026-09-26T09:07:14+02:00,[38],[40]
2026-09-26T08:57:14+02:00,[37],[30]
2026-09-26T08:37:14+02:00,[37],[74]
2026-09-26T08:27:14+02:00,[37],[64]
2026-09-26T08:17:14+02:00,[37],[49]
2026-09-26T08:07:14+02:00,[37],[30]
2026-09-26T07:57:14+02:00,[37],[27]
2026-09-26T07:47:14+02:00,[37],[78]
2026-09-26T07:37:15+02:00,[37],[26]
2026-09-26T07:27:14+02:00,[37],[23]
2026-09-26T07:17:14+02:00,[37],[136]
2026-09-26T06:57:15+02:00,[37],[66]
2026-09-26T03:57:14+02:00,[37],[50]
2026-09-26T03:47:14+02:00,[38],[36]
2026-09-26T03:27:14+02:00,[38],[109]
2026-09-26T03:07:14+02:00,[38],[29]
2026-09-26T02:57:14+02:00,[38],[52]
2026-09-26T02:37:14+02:00,[37],[28]
2026-09-26T02:17:14+02:00,[38],[52]
2026-09-26T01:57:14+02:00,[37],[32]
2026-09-26T01:37:14+02:00,[37],[30]
2026-09-26T01:27:14+02:00,[38],[36]
2026-09-26T01:17:20+02:00,[38],[70]
2026-09-25T17:37:14+02:00,[37],[50]
2026-09-25T17:27:14+02:00,[37],[75]
2026-09-25T17:17:14+02:00,[37],[35]
2026-09-25T16:57:14+02:00,[37],[36]
2026-09-25T16:47:14+02:00,[38],[18]
2026-09-25T16:37:14+02:00,[37],[36]
2026-09-25T16:27:14+02:00,[37],[162]
2026-09-25T16:17:14+02:00,[37],[22]
2026-09-25T16:07:15+02:00,[37],[27]
2026-09-25T15:57:14+02:00,[37],[26]
2026-09-25T15:47:14+02:00,[37],[38]
2026-09-25T15:37:14+02:00,[37],[36]
2026-09-25T15:27:14+02:00,[38],[10]
2026-09-25T15:17:14+02:00,[37],[18]
2026-09-25T15:07:14+02:00,[37],[40]
2026-09-25T14:57:14+02:00,[37],[49]
2026-09-25T14:27:14+02:00,[38],[323]
2026-09-25T14:17:15+02:00,[37],[26]
2026-09-25T13:37:14+02:00,[37],[300]
2026-09-25T13:17:15+02:00,[37],[34]
2026-09-25T11:57:14+02:00,[37],[30]
2026-09-25T11:37:14+02:00,[38],[26]
2026-09-25T11:17:14+02:00,[37],[30]
2026-09-25T10:57:14+02:00,[38],[70]
2026-09-25T10:47:14+02:00,[37],[40]
2026-09-25T10:27:14+02:00,[37],[27]
2026-09-25T10:07:14+02:00,[38],[21]
2026-09-25T09:57:14+02:00,[38],[13]
2026-09-25T09:47:14+02:00,[37],[45]
2026-09-25T09:37:14+02:00,[38],[27]
2026-09-25T09:27:14+02:00,[38],[30]
2026-09-25T08:47:15+02:00,[37],[17]
2026-09-25T08:27:14+02:00,[37],[32]
2026-09-25T07:47:14+02:00,[37],[23]
2026-09-25T07:37:14+02:00,[37],[40]
2026-09-25T07:07:15+02:00,[37],[15]
2026-09-25T06:57:14+02:00,[37],[20]
2026-09-25T06:47:14+02:00,[37],[67]
2026-09-25T06:17:15+02:00,[37],[31]
2026-09-25T05:17:14+02:00,[37],[48]
2026-09-25T05:07:14+02:00,[37],[79]
2026-09-25T04:57:14+02:00,[38],[23]
2026-09-25T04:37:15+02:00,[37],[54]
2026-09-25T04:17:14+02:00,[37],[36]
2026-09-25T04:07:14+02:00,[37],[36]
2026-09-25T03:57:14+02:00,[37],[44]
2026-09-25T03:47:14+02:00,[37],[315]
2026-09-25T03:37:14+02:00,[37],[53]
2026-09-25T03:27:14+02:00,[37],[42]
2026-09-25T03:07:14+02:00,[37],[37]
2026-09-25T02:47:14+02:00,[37],[26]
2026-09-25T02:07:14+02:00,[37],[72]
2026-09-24T15:17:18+02:00,[37],[17]
2026-09-24T15:07:18+02:00,[37],[51]
2026-09-24T14:27:18+02:00,[37],[70]
2026-09-24T14:17:18+02:00,[37],[31]
2026-09-24T14:07:18+02:00,[37],[75]
2026-09-24T13:57:18+02:00,[38],[170]
2026-09-24T13:47:18+02:00,[37],[39]
2026-09-24T13:37:18+02:00,[37],[39]
2026-09-24T13:27:18+02:00,[37],[32]
2026-09-24T12:27:18+02:00,[37],[44]
2026-09-24T11:37:18+02:00,[38],[27]
2026-09-24T11:27:18+02:00,[37],[69]
2026-09-24T10:57:18+02:00,[37],[29]
2026-09-24T10:47:18+02:00,[37],[23]
2026-09-24T10:37:18+02:00,[38],[32]
2026-09-24T10:17:18+02:00,[37],[25]
2026-09-24T09:47:19+02:00,[37],[25]
2026-09-24T09:37:18+02:00,[37],[34]
2026-09-24T09:27:18+02:00,[38],[68]
2026-09-24T09:17:18+02:00,[37],[43]
2026-09-24T09:07:18+02:00,[37],[40]
2026-09-24T08:37:18+02:00,[37],[36]
2026-09-24T08:27:18+02:00,[38],[54]
2026-09-24T08:17:18+02:00,[38],[15]
2026-09-24T07:47:18+02:00,[37],[362]
2026-09-24T07:37:18+02:00,[37],[16]
2026-09-24T07:17:18+02:00,[38],[116]
2026-09-24T07:07:18+02:00,[37],[37]
2026-09-24T06:47:18+02:00,[38],[41]
2026-09-24T05:27:19+02:00,[37],[103]
2026-09-24T05:17:18+02:00,[37],[50]
2026-09-24T04:57:18+02:00,[38],[48]
2026-09-24T04:37:18+02:00,[37],[73]
2026-09-24T03:57:18+02:00,[37],[42]
2026-09-24T03:27:18+02:00,[37],[35]
2026-09-24T03:17:18+02:00,[37],[50]
2026-09-24T03:07:18+02:00,[37],[127]
2026-09-24T02:57:18+02:00,[37],[89]
2026-09-24T02:47:18+02:00,[37],[20]
2026-09-24T02:37:19+02:00,[37],[60]
2026-09-24T02:07:18+02:00,[37],[66]
2026-09-24T01:57:18+02:00,[37],[65]
2026-09-23T16:07:18+02:00,[37],[35]
2026-09-23T15:57:18+02:00,[37],[15]
2026-09-23T15:47:18+02:00,[37],[43]
2026-09-23T15:37:18+02:00,[38],[14]
2026-09-23T15:27:18+02:00,[37],[15]
2026-09-23T15:17:18+02:00,[37],[253]
2026-09-23T15:07:18+02:00,[37],[13]
2026-09-23T14:57:18+02:00,[38],[18]
2026-09-23T14:47:18+02:00,[37],[35]
2026-09-23T13:27:19+02:00,[37],[39]
2026-09-23T13:07:18+02:00,[37],[56]
2026-09-23T12:57:18+02:00,[37],[63]
2026-09-23T12:47:18+02:00,[37],[51]
2026-09-23T12:27:18+02:00,[37],[19]
2026-09-23T11:47:18+02:00,[37],[12]
2026-09-23T11:27:19+02:00,[37],[13]
2026-09-23T10:47:18+02:00,[37],[17]
2026-09-23T10:37:18+02:00,[37],[21]
2026-09-23T10:27:18+02:00,[37],[92]
2026-09-23T10:17:18+02:00,[37],[25]
2026-09-23T10:07:19+02:00,[37],[27]
2026-09-23T09:57:18+02:00,[37],[23]
2026-09-23T09:47:18+02:00,[37],[15]
2026-09-23T09:27:17+02:00,[37],[30]
2026-09-23T09:17:19+02:00,[37],[25]
2026-09-23T09:07:18+02:00,[37],[35]
2026-09-23T08:57:18+02:00,[37],[73]
2026-09-23T08:47:17+02:00,[38],[37]
2026-09-23T08:37:18+02:00,[37],[29]
2026-09-23T08:27:18+02:00,[37],[9]
2026-09-23T08:17:18+02:00,[37],[13]
2026-09-23T08:07:18+02:00,[38],[13]
2026-09-23T07:57:18+02:00,[38],[11]
2026-09-23T06:57:17+02:00,[38],[43]
2026-09-23T06:47:18+02:00,[37],[26]
2026-09-23T06:27:18+02:00,[37],[18]
2026-09-23T06:17:17+02:00,[38],[71]
2026-09-23T06:07:17+02:00,[38],[32]
2026-09-23T05:37:18+02:00,[37],[47]
2026-09-23T05:27:18+02:00,[37],[48]
2026-09-23T05:07:18+02:00,[37],[76]
2026-09-23T04:57:18+02:00,[37],[29]
2026-09-23T03:57:18+02:00,[37],[78]
2026-09-23T03:47:19+02:00,[37],[34]
2026-09-23T03:27:18+02:00,[37],[27]
2026-09-23T03:07:18+02:00,[37],[29]
2026-09-23T02:37:18+02:00,[37],[187]
2026-09-23T02:27:18+02:00,[37],[28]
2026-09-22T15:07:18+02:00,[38],[88]
2026-09-22T14:57:18+02:00,[38],[38]
2026-09-22T14:47:19+02:00,[37],[56]
2026-09-22T14:07:18+02:00,[37],[31]
2026-09-22T13:47:18+02:00,[37],[10]
2026-09-22T12:17:18+02:00,[37],[126]
2026-09-22T12:07:18+02:00,[37],[265]
2026-09-22T11:57:18+02:00,[37],[30]
2026-09-22T11:47:18+02:00,[37],[17]
2026-09-22T11:37:18+02:00,[37],[22]
2026-09-22T11:27:18+02:00,[37],[20]
2026-09-22T11:17:18+02:00,[37],[45]
2026-09-22T11:07:21+02:00,[38],[32]
2026-09-22T08:47:21+02:00,[37],[27]
2026-09-22T08:27:21+02:00,[37],[44]
2026-09-22T08:17:21+02:00,[37],[53]
2026-09-22T07:57:21+02:00,[37],[51]
2026-09-22T07:47:21+02:00,[37],[12]
2026-09-22T07:37:21+02:00,[37],[29]
2026-09-22T07:27:21+02:00,[37],[51]
2026-09-22T07:17:21+02:00,[37],[42]
2026-09-22T06:57:21+02:00,[37],[64]
2026-09-22T06:37:21+02:00,[38],[57]
2026-09-22T06:27:21+02:00,[37],[75]
2026-09-22T05:07:21+02:00,[37],[34]
2026-09-22T04:47:21+02:00,[37],[20]
2026-09-22T04:37:21+02:00,[37],[337]
2026-09-22T04:27:21+02:00,[38],[69]
2026-09-22T03:57:21+02:00,[37],[69]
2026-09-22T03:47:21+02:00,[37],[54]
2026-09-22T03:37:21+02:00,[37],[41]
2026-09-22T03:17:21+02:00,[38],[67]
2026-09-22T02:57:21+02:00,[37],[35]
2026-09-22T02:47:21+02:00,[37],[53]
2026-09-22T02:37:21+02:00,[38],[17]
2026-09-22T02:27:21+02:00,[37],[40]
2026-09-22T02:17:21+02:00,[37],[19]
2026-09-21T16:37:21+02:00,[37],[26]
2026-09-21T16:27:21+02:00,[37],[16]
2026-09-21T16:17:21+02:00,[38],[16]
2026-09-21T14:17:21+02:00,[37],[30]
2026-09-21T13:27:21+02:00,[37],[21]
2026-09-21T12:37:21+02:00,[37],[39]
2026-09-21T10:37:21+02:00,[38],[21]
2026-09-21T09:57:21+02:00,[37],[11]
2026-09-21T09:27:21+02:00,[37],[30]
2026-09-21T09:07:22+02:00,[37],[51]
2026-09-21T08:57:21+02:00,[37],[35]
2026-09-21T08:37:21+02:00,[37],[33]
2026-09-21T08:17:21+02:00,[37],[25]
2026-09-21T07:27:21+02:00,[37],[22]
2026-09-21T06:27:21+02:00,[37],[24]
2026-09-21T06:17:21+02:00,[37],[65]
2026-09-21T05:57:21+02:00,[38],[94]
2026-09-21T04:57:21+02:00,[37],[71]
2026-09-21T04:47:21+02:00,[38],[55]
2026-09-21T04:27:21+02:00,[38],[61]
2026-09-21T03:57:21+02:00,[37],[57]
2026-09-21T03:47:21+02:00,[37],[53]
2026-09-21T03:17:21+02:00,[37],[40]
2026-09-21T03:07:21+02:00,[38],[58]
2026-09-21T02:57:21+02:00,[38],[37]
2026-09-21T02:37:21+02:00,[37],[35]
2026-09-21T02:17:21+02:00,[37],[18]
2026-09-21T02:07:22+02:00,[37],[17]
2026-09-21T01:47:21+02:00,[37],[14]
2026-09-21T01:37:21+02:00,[38],[36]
2026-09-21T01:27:20+02:00,[37],[235]
2026-09-21T00:47:21+02:00,[37],[14]
2026-09-20T13:57:21+02:00,[37],[35]
2026-09-20T13:37:21+02:00,[37],[20]
2026-09-20T13:27:21+02:00,[37],[21]
2026-09-20T13:17:21+02:00,[37],[13]
2026-09-20T10:17:21+02:00,[37],[407]
2026-09-20T09:57:21+02:00,[37],[11]
2026-09-20T08:17:22+02:00,[37],[54]
2026-09-20T08:08:05+02:00,[37],[30]
2026-09-19T17:17:21+02:00,[37],[25]
2026-09-19T17:07:21+02:00,[37],[21]
2026-09-19T16:57:21+02:00,[37],[31]
2026-09-19T16:47:21+02:00,[37],[35]
2026-09-19T16:37:21+02:00,[37],[35]
2026-09-19T16:27:21+02:00,[37],[26]
2026-09-19T16:17:21+02:00,[37],[20]
2026-09-19T15:27:21+02:00,[37],[25]
2026-09-19T15:17:21+02:00,[37],[26]
2026-09-19T15:07:21+02:00,[37],[24]
2026-09-19T14:57:22+02:00,[37],[93]
2026-09-19T14:47:21+02:00,[37],[250]
2026-09-19T14:17:21+02:00,[37],[90]
2026-09-19T14:07:21+02:00,[38],[58]
2026-09-19T13:27:21+02:00,[37],[13]
2026-09-19T13:17:21+02:00,[38],[13]
2026-09-19T13:07:21+02:00,[37],[39]
2026-09-19T12:57:21+02:00,[37],[21]
2026-09-19T12:47:21+02:00,[37],[28]
2026-09-19T12:07:22+02:00,[37],[16]
2026-09-19T11:37:22+02:00,[37],[8]
2026-09-19T11:27:21+02:00,[38],[33]
2026-09-19T11:17:21+02:00,[38],[34]
2026-09-19T11:07:21+02:00,[37],[27]
2026-09-19T10:57:21+02:00,[37],[24]
2026-09-19T10:27:21+02:00,[37],[83]
2026-09-19T10:17:21+02:00,[37],[13]
2026-09-19T10:07:21+02:00,[37],[45]
2026-09-19T09:47:22+02:00,[37],[17]
2026-09-19T09:37:21+02:00,[38],[29]
2026-09-19T09:27:21+02:00,[37],[6]
2026-09-19T09:17:21+02:00,[37],[26]
2026-09-19T09:07:21+02:00,[37],[27]
2026-09-19T08:57:20+02:00,[37],[35]
2026-09-19T08:07:21+02:00,[37],[20]
2026-09-19T07:17:21+02:00,[37],[20]
2026-09-19T07:07:21+02:00,[37],[48]
2026-09-19T06:57:21+02:00,[37],[62]
2026-09-19T06:47:20+02:00,[37],[54]
2026-09-19T05:27:21+02:00,[37],[62]
2026-09-19T05:17:21+02:00,[37],[32]
2026-09-19T05:07:21+02:00,[37],[27]
2026-09-19T03:37:21+02:00,[37],[24]
2026-09-19T03:27:21+02:00,[37],[23]
2026-09-18T18:14:09+02:00,[60],[0]
2026-09-18T17:27:09+02:00,"[60,60,60,60]","[0,0,0,0]"
2026-09-18T17:18:09+02:00,"[60,60,60,60,60,60,60,60,60]","[0,0,0,0,0,0,0,0,0]"
2026-09-18T17:14:09+02:00,"[60,60,60,60]","[0,0,0,0]"
2026-09-18T16:57:21+02:00,[37],[28]
2026-09-18T16:47:22+02:00,[37],[28]
2026-09-18T16:37:21+02:00,[37],[16]
2026-09-18T16:27:20+02:00,[38],[33]
2026-09-18T16:17:21+02:00,[37],[17]
2026-09-18T16:07:21+02:00,[37],[31]
2026-09-18T15:57:21+02:00,[37],[42]
2026-09-18T15:47:21+02:00,[38],[14]
2026-09-18T15:37:22+02:00,[37],[12]
2026-09-18T15:27:21+02:00,[37],[12]
2026-09-18T15:07:21+02:00,[37],[16]
2026-09-18T14:17:21+02:00,[38],[40]
2026-09-18T14:07:21+02:00,[37],[30]
2026-09-18T13:47:21+02:00,[37],[33]
2026-09-18T12:47:21+02:00,[38],[73]
2026-09-18T11:27:21+02:00,[37],[33]
2026-09-18T11:17:21+02:00,[37],[28]
2026-09-18T10:57:25+02:00,[37],[70]
2026-09-18T10:27:24+02:00,[37],[53]
2026-09-18T10:17:26+02:00,[37],[17]
2026-09-18T10:07:25+02:00,[37],[28]
2026-09-18T09:47:25+02:00,[37],[32]
2026-09-18T09:37:25+02:00,[37],[26]
2026-09-18T08:47:25+02:00,[37],[35]
2026-09-18T08:37:25+02:00,[38],[36]
2026-09-18T08:27:25+02:00,[37],[33]
2026-09-18T08:07:25+02:00,[38],[24]
2026-09-18T07:57:25+02:00,[38],[31]
2026-09-18T07:47:26+02:00,[37],[30]
2026-09-18T07:27:25+02:00,[37],[34]
2026-09-18T07:17:25+02:00,[37],[14]
2026-09-18T06:07:25+02:00,[37],[59]
2026-09-18T05:57:25+02:00,[37],[33]
2026-09-18T05:47:25+02:00,[37],[27]
2026-09-18T05:37:25+02:00,[38],[35]
2026-09-18T05:27:25+02:00,[37],[29]
2026-09-18T05:07:25+02:00,[37],[51]
2026-09-18T04:27:25+02:00,[38],[67]
2026-09-18T04:17:25+02:00,[37],[33]
2026-09-18T03:57:25+02:00,[37],[34]
2026-09-18T03:37:26+02:00,[37],[35]
2026-09-18T03:07:25+02:00,[38],[13]
2026-09-18T02:47:25+02:00,[37],[31]
2026-09-18T02:37:25+02:00,[37],[19]
2026-09-18T02:07:25+02:00,[37],[28]
2026-09-18T01:57:25+02:00,[37],[23]
2026-09-18T01:47:26+02:00,[37],[60]
2026-09-18T01:37:25+02:00,[37],[30]
2026-09-17T16:17:25+02:00,[37],[15]
2026-09-17T16:07:24+02:00,[38],[12]
2026-09-17T15:57:25+02:00,[37],[24]
2026-09-17T15:07:25+02:00,[38],[26]
2026-09-17T14:27:25+02:00,[37],[24]
2026-09-17T14:17:25+02:00,[37],[9]
2026-09-17T14:07:25+02:00,[37],[16]
2026-09-17T13:57:25+02:00,[38],[10]
2026-09-17T11:57:25+02:00,[37],[21]
2026-09-17T11:47:25+02:00,[37],[32]
2026-09-17T11:37:25+02:00,[37],[33]
2026-09-17T11:07:25+02:00,[37],[33]
2026-09-17T10:47:25+02:00,[38],[24]
2026-09-17T10:37:25+02:00,[38],[70]
2026-09-17T10:27:25+02:00,[38],[36]
2026-09-17T10:17:25+02:00,[37],[20]
2026-09-17T10:07:25+02:00,[37],[30]
2026-09-17T09:47:25+02:00,[37],[35]
2026-09-17T09:37:25+02:00,[37],[31]
2026-09-17T09:17:25+02:00,[37],[32]
2026-09-17T08:57:24+02:00,[38],[24]
2026-09-17T08:47:25+02:00,[37],[36]
2026-09-17T08:27:25+02:00,[37],[17]
2026-09-17T08:17:26+02:00,[37],[29]
2026-09-17T08:07:25+02:00,[38],[36]
2026-09-17T07:57:25+02:00,[37],[41]
2026-09-17T07:27:25+02:00,[37],[326]
2026-09-17T07:17:25+02:00,[37],[35]
2026-09-17T07:07:25+02:00,[37],[29]
2026-09-17T06:57:25+02:00,[37],[40]
2026-09-17T06:47:25+02:00,[37],[62]
2026-09-17T06:37:26+02:00,[37],[53]
2026-09-17T06:17:25+02:00,[37],[37]
2026-09-17T06:07:25+02:00,[37],[26]
2026-09-17T05:37:25+02:00,[37],[34]
2026-09-17T05:27:25+02:00,[37],[76]
2026-09-17T05:07:25+02:00,[38],[31]
2026-09-17T04:57:25+02:00,[37],[61]
2026-09-17T04:47:25+02:00,[37],[56]
2026-09-17T04:17:25+02:00,[37],[50]
2026-09-17T03:57:25+02:00,[37],[48]
2026-09-17T03:47:25+02:00,[37],[49]
2026-09-17T03:27:25+02:00,[37],[50]
2026-09-17T03:07:25+02:00,[38],[75]
2026-09-17T02:37:25+02:00,[37],[28]
2026-09-17T02:07:25+02:00,[37],[42]
2026-09-16T14:57:25+02:00,[37],[88]
2026-09-16T14:47:25+02:00,[37],[57]
2026-09-16T14:37:26+02:00,[37],[60]
2026-09-16T14:27:25+02:00,[37],[24]
2026-09-16T14:17:25+02:00,[37],[13]
2026-09-16T14:07:25+02:00,[37],[20]
2026-09-16T13:37:25+02:00,[38],[19]
2026-09-16T13:27:26+02:00,[37],[38]
2026-09-16T13:17:25+02:00,[37],[34]
2026-09-16T12:57:25+02:00,[37],[33]
2026-09-16T12:47:25+02:00,[37],[19]
2026-09-16T12:37:25+02:00,[37],[27]
2026-09-16T12:27:24+02:00,[38],[17]
2026-09-16T11:17:25+02:00,[38],[21]
2026-09-16T11:07:25+02:00,[38],[31]
2026-09-16T10:57:25+02:00,[37],[39]
2026-09-16T10:47:26+02:00,[37],[20]
2026-09-16T10:07:24+02:00,[38],[27]
2026-09-16T08:57:25+02:00,[37],[24]
2026-09-16T08:37:25+02:00,[37],[27]
2026-09-16T08:17:25+02:00,[37],[43]
2026-09-16T08:07:25+02:00,[37],[5]
2026-09-16T07:57:25+02:00,[37],[76]
2026-09-16T07:47:25+02:00,[37],[63]
2026-09-16T07:37:25+02:00,[37],[16]
2026-09-16T07:27:25+02:00,[37],[202]
2026-09-16T07:17:25+02:00,[38],[35]
2026-09-16T07:07:25+02:00,[38],[20]
2026-09-16T06:27:25+02:00,[37],[33]
2026-09-16T06:17:25+02:00,[37],[26]
2026-09-16T05:47:25+02:00,[38],[39]
2026-09-16T05:37:25+02:00,[38],[24]
2026-09-16T04:57:25+02:00,[37],[44]
2026-09-16T04:47:25+02:00,[37],[35]
2026-09-16T04:37:25+02:00,[37],[79]
2026-09-16T04:27:25+02:00,[37],[70]
2026-09-16T04:17:25+02:00,[37],[18]
2026-09-16T04:07:26+02:00,[37],[32]
2026-09-16T03:57:25+02:00,[37],[37]
2026-09-16T03:47:25+02:00,[38],[25]
2026-09-16T03:27:24+02:00,[38],[15]
2026-09-16T03:07:26+02:00,[37],[21]
2026-09-16T02:57:25+02:00,[37],[25]
2026-09-16T02:47:25+02:00,[37],[14]
2026-09-15T15:27:28+02:00,[37],[114]
2026-09-15T14:57:29+02:00,[37],[17]
2026-09-15T14:37:28+02:00,[38],[21]
2026-09-15T11:57:28+02:00,[37],[35]
2026-09-15T11:27:28+02:00,[37],[10]
2026-09-15T11:17:28+02:00,[37],[21]
2026-09-15T11:07:27+02:00,[37],[10]
2026-09-15T10:57:28+02:00,[37],[15]
2026-09-15T10:47:28+02:00,[37],[31]
2026-09-15T09:57:28+02:00,[37],[54]
2026-09-15T09:37:28+02:00,[37],[12]
2026-09-15T09:17:28+02:00,[37],[40]
2026-09-15T09:07:28+02:00,[38],[242]
2026-09-15T08:47:28+02:00,[37],[26]
2026-09-15T08:37:28+02:00,[38],[22]
2026-09-15T08:17:28+02:00,[37],[32]
2026-09-15T08:07:27+02:00,[38],[27]
2026-09-15T07:47:28+02:00,[37],[25]
2026-09-15T07:37:28+02:00,[37],[20]
2026-09-15T06:37:28+02:00,[37],[31]
2026-09-15T06:27:28+02:00,[38],[24]
2026-09-15T05:57:28+02:00,[37],[27]
2026-09-15T05:37:28+02:00,[37],[51]
2026-09-15T05:17:28+02:00,[37],[36]
2026-09-15T04:47:28+02:00,[37],[326]
2026-09-15T03:57:29+02:00,[37],[428]
2026-09-15T03:47:28+02:00,[37],[21]
2026-09-15T03:37:28+02:00,[37],[52]
2026-09-15T02:57:29+02:00,[37],[58]
2026-09-15T02:37:28+02:00,[37],[45]
2026-09-15T02:27:28+02:00,[38],[24]
2026-09-15T02:17:28+02:00,[37],[15]
2026-09-15T02:07:28+02:00,[37],[44]
2026-09-15T01:37:28+02:00,[37],[11]
2026-09-15T01:17:28+02:00,[38],[32]
2026-09-15T01:07:28+02:00,[37],[11]
2026-09-15T00:57:28+02:00,[37],[44]
2026-09-14T16:47:28+02:00,[38],[22]
2026-09-14T16:37:28+02:00,[37],[36]
2026-09-14T16:27:28+02:00,[38],[45]
2026-09-14T16:17:28+02:00,[38],[18]
2026-09-14T15:47:28+02:00,[37],[22]
2026-09-14T15:27:27+02:00,[38],[54]
2026-09-14T15:17:28+02:00,[37],[201]
2026-09-14T15:07:28+02:00,[37],[32]
2026-09-14T14:57:28+02:00,[38],[30]
2026-09-14T14:47:28+02:00,[37],[268]
2026-09-14T14:37:29+02:00,[37],[55]
2026-09-14T14:17:28+02:00,[37],[31]
2026-09-14T14:07:28+02:00,[38],[57]
2026-09-14T13:27:28+02:00,[38],[25]
2026-09-14T13:07:27+02:00,[38],[86]
2026-09-14T12:27:28+02:00,[38],[9]
2026-09-14T10:47:27+02:00,[38],[11]
2026-09-14T10:37:27+02:00,[38],[18]
2026-09-14T10:27:28+02:00,[37],[28]
2026-09-14T10:07:28+02:00,[37],[22]
2026-09-14T09:57:28+02:00,[38],[34]
2026-09-14T09:47:28+02:00,[37],[19]
2026-09-14T09:17:28+02:00,[38],[22]
2026-09-14T09:07:28+02:00,[37],[32]
2026-09-14T08:27:29+02:00,[37],[21]
2026-09-14T08:17:28+02:00,[37],[119]
2026-09-14T08:07:27+02:00,[38],[105]
2026-09-14T07:37:28+02:00,[38],[26]
2026-09-14T06:27:28+02:00,[37],[333]
2026-09-14T06:07:28+02:00,[37],[42]
2026-09-14T05:57:28+02:00,[38],[30]
2026-09-14T05:47:28+02:00,[37],[42]
2026-09-14T05:37:28+02:00,[37],[57]
2026-09-14T05:27:28+02:00,[38],[25]
2026-09-14T05:17:28+02:00,[38],[168]
2026-09-14T04:37:28+02:00,[37],[61]
2026-09-14T04:17:28+02:00,[37],[51]
2026-09-14T04:07:28+02:00,[37],[20]
2026-09-14T03:57:28+02:00,[37],[32]
2026-09-14T03:37:28+02:00,[37],[61]
2026-09-14T03:27:28+02:00,[37],[168]
2026-09-14T03:17:28+02:00,[37],[55]
2026-09-14T02:47:28+02:00,[38],[75]
2026-09-14T02:17:28+02:00,[37],[28]
2026-09-14T01:57:28+02:00,[37],[36]
2026-09-14T01:37:28+02:00,[37],[356]
2026-09-13T15:47:28+02:00,[37],[22]
2026-09-13T15:37:27+02:00,[38],[28]
2026-09-13T15:27:28+02:00,[38],[15]
2026-09-13T15:17:28+02:00,[37],[15]
2026-09-13T15:07:28+02:00,[37],[14]
2026-09-13T14:57:27+02:00,[37],[102]
2026-09-13T14:47:28+02:00,[37],[12]
2026-09-13T14:37:28+02:00,[37],[23]
2026-09-13T14:27:28+02:00,[37],[8]
2026-09-13T14:17:29+02:00,[37],[52]
2026-09-13T14:07:28+02:00,[38],[15]
2026-09-13T13:57:28+02:00,[37],[23]
2026-09-13T13:47:28+02:00,[37],[28]
2026-09-13T13:37:28+02:00,[37],[15]
2026-09-13T13:27:28+02:00,[37],[9]
2026-09-13T13:17:28+02:00,[37],[30]
2026-09-13T13:07:28+02:00,[37],[34]
2026-09-13T12:57:28+02:00,[37],[69]
2026-09-13T12:47:28+02:00,[37],[12]
2026-09-13T12:37:28+02:00,[37],[26]
2026-09-13T12:27:28+02:00,[38],[59]
2026-09-13T12:17:28+02:00,[38],[21]
2026-09-13T12:07:28+02:00,[37],[39]
2026-09-13T11:57:28+02:00,[37],[25]
2026-09-13T11:47:28+02:00,[37],[38]
2026-09-13T11:37:28+02:00,[37],[37]
2026-09-13T11:27:28+02:00,[37],[13]
2026-09-13T11:17:28+02:00,[38],[16]
2026-09-13T11:07:28+02:00,[37],[30]
2026-09-13T10:57:28+02:00,[38],[34]
2026-09-13T10:47:28+02:00,[37],[16]
2026-09-13T10:37:28+02:00,[37],[129]
2026-09-13T09:57:28+02:00,[37],[221]
2026-09-13T09:47:28+02:00,[37],[32]
2026-09-13T09:37:28+02:00,[37],[32]
2026-09-13T09:27:28+02:00,[37],[24]
2026-09-13T09:17:28+02:00,[37],[43]
2026-09-13T09:07:28+02:00,[37],[26]
2026-09-13T08:57:28+02:00,[38],[33]
2026-09-13T08:47:28+02:00,[38],[36]
2026-09-13T08:37:28+02:00,[37],[38]
2026-09-13T08:17:28+02:00,[37],[34]
2026-09-13T07:57:28+02:00,[37],[19]
2026-09-13T07:47:28+02:00,[37],[24]
2026-09-13T07:37:28+02:00,[37],[29]
2026-09-13T07:27:29+02:00,[37],[29]
2026-09-13T07:17:28+02:00,[37],[34]
2026-09-13T07:07:28+02:00,[37],[27]
2026-09-13T06:57:28+02:00,[38],[8]
2026-09-13T06:47:28+02:00,[37],[92]
2026-09-13T06:37:40+02:00,[37],[80]
2026-09-13T05:27:28+02:00,[37],[28]
2026-09-13T03:47:28+02:00,[37],[17]
2026-09-13T02:57:28+02:00,[37],[37]
2026-09-13T01:47:29+02:00,[37],[36]
2026-09-12T10:37:31+02:00,[38],[28]
2026-09-12T10:27:31+02:00,[37],[43]
2026-09-12T10:17:31+02:00,[37],[26]
2026-09-12T10:07:31+02:00,[37],[28]
2026-09-12T09:57:31+02:00,[37],[27]
2026-09-12T09:47:31+02:00,[38],[32]
2026-09-12T09:37:31+02:00,[37],[20]
2026-09-12T09:07:31+02:00,[38],[23]
2026-09-12T08:57:31+02:00,[38],[26]
2026-09-12T07:07:31+02:00,[37],[45]
2026-09-12T06:57:31+02:00,[37],[38]
2026-09-12T06:47:31+02:00,[37],[51]
2026-09-12T06:37:31+02:00,[37],[38]
2026-09-12T06:17:31+02:00,[37],[21]
2026-09-12T06:07:31+02:00,[38],[23]
2026-09-12T05:57:31+02:00,[37],[51]
2026-09-12T05:47:31+02:00,[37],[38]
2026-09-12T05:17:31+02:00,[37],[23]
2026-09-12T04:57:31+02:00,[37],[42]
2026-09-12T03:57:31+02:00,[37],[65]
2026-09-12T03:47:31+02:00,[38],[21]
2026-09-12T03:17:31+02:00,[37],[44]
2026-09-12T02:57:31+02:00,[37],[52]
2026-09-12T02:47:31+02:00,[37],[34]
2026-09-12T02:37:31+02:00,[37],[33]
2026-09-12T02:17:32+02:00,[37],[108]
2026-09-11T14:57:31+02:00,[37],[16]
2026-09-11T14:47:31+02:00,[38],[20]
2026-09-11T14:37:31+02:00,[37],[12]
2026-09-11T14:27:31+02:00,[37],[15]
2026-09-11T14:17:31+02:00,[37],[30]
2026-09-11T13:57:31+02:00,[37],[38]
2026-09-11T13:47:31+02:00,[37],[29]
2026-09-11T13:37:31+02:00,[37],[12]
2026-09-11T13:27:31+02:00,[37],[27]
2026-09-11T13:17:31+02:00,[37],[15]
2026-09-11T13:07:31+02:00,[38],[20]
2026-09-11T12:47:31+02:00,[37],[29]
2026-09-11T12:17:31+02:00,[38],[40]
2026-09-11T11:47:31+02:00,[37],[35]
2026-09-11T11:27:31+02:00,[37],[55]
2026-09-11T11:17:31+02:00,[37],[22]
2026-09-11T11:07:31+02:00,[38],[35]
2026-09-11T10:57:31+02:00,[37],[38]
2026-09-11T10:37:31+02:00,[37],[32]
2026-09-11T10:27:31+02:00,[38],[22]
2026-09-11T10:17:31+02:00,[37],[13]
2026-09-11T10:07:31+02:00,[37],[38]
2026-09-11T09:27:31+02:00,[37],[10]
2026-09-11T09:17:30+02:00,[38],[50]
2026-09-11T08:57:32+02:00,[37],[8]
2026-09-11T08:37:31+02:00,[37],[17]
2026-09-11T08:27:31+02:00,[37],[22]
2026-09-11T08:17:31+02:00,[37],[47]
2026-09-11T07:57:31+02:00,[38],[9]
2026-09-11T07:47:31+02:00,[37],[13]
2026-09-11T07:27:32+02:00,[37],[13]
2026-09-11T07:07:31+02:00,[37],[16]
2026-09-11T05:37:31+02:00,[37],[43]
2026-09-11T05:27:30+02:00,[38],[33]
2026-09-11T05:17:32+02:00,[37],[32]
2026-09-11T05:07:30+02:00,[38],[72]
2026-09-11T04:47:31+02:00,[37],[62]
2026-09-11T04:37:31+02:00,[37],[52]
2026-09-11T04:27:31+02:00,[37],[87]
2026-09-11T04:07:31+02:00,[37],[24]
2026-09-11T03:57:31+02:00,[37],[48]
2026-09-11T03:37:31+02:00,[37],[46]
2026-09-11T03:27:31+02:00,[37],[66]
2026-09-11T03:17:31+02:00,[38],[56]
2026-09-11T03:07:31+02:00,[37],[364]
2026-09-11T02:57:31+02:00,[37],[37]
2026-09-11T02:47:31+02:00,[38],[41]
2026-09-11T02:37:31+02:00,[37],[31]
2026-09-11T01:27:31+02:00,[37],[59]
2026-09-10T16:17:09+02:00,"[60,60,60,60,60,60,60,60,60,60,60,60,60,60,60]","[42,33,33,36,47,51,30,27,38,27,20,26,47,71,29]"
2026-09-10T16:07:30+02:00,[38],[30]
2026-09-10T15:57:32+02:00,[37],[35]
2026-09-10T15:47:31+02:00,[37],[23]
2026-09-10T15:37:31+02:00,[37],[52]
2026-09-10T14:37:31+02:00,[37],[15]
2026-09-10T14:27:31+02:00,[37],[27]
2026-09-10T13:17:31+02:00,[37],[35]
2026-09-10T11:17:32+02:00,[37],[56]
2026-09-10T11:07:32+02:00,[37],[16]
2026-09-10T10:57:31+02:00,[38],[23]
2026-09-10T10:37:31+02:00,[37],[21]
2026-09-10T10:27:30+02:00,[38],[30]
2026-09-10T10:07:31+02:00,[37],[43]
2026-09-10T09:57:31+02:00,[37],[21]
2026-09-10T09:37:31+02:00,[37],[233]
2026-09-10T08:57:31+02:00,[38],[40]
2026-09-10T08:47:31+02:00,[37],[43]
2026-09-10T08:37:31+02:00,[38],[25]
2026-09-10T08:17:31+02:00,[37],[21]
2026-09-10T07:37:31+02:00,[37],[11]
2026-09-10T06:27:31+02:00,[37],[54]
2026-09-10T06:17:31+02:00,[37],[50]
2026-09-10T06:07:31+02:00,[37],[125]
2026-09-10T05:47:32+02:00,[37],[63]
2026-09-10T05:37:31+02:00,[37],[31]
2026-09-10T05:27:31+02:00,[38],[33]
2026-09-10T05:17:31+02:00,[37],[61]
2026-09-10T04:57:31+02:00,[37],[21]
2026-09-10T04:47:31+02:00,[38],[23]
2026-09-10T04:37:30+02:00,[38],[39]
2026-09-10T03:47:31+02:00,[37],[46]
2026-09-10T03:37:31+02:00,[37],[72]
2026-09-10T03:27:31+02:00,[37],[52]
2026-09-10T02:57:31+02:00,[38],[66]
2026-09-10T02:47:30+02:00,[38],[216]
2026-09-09T17:27:31+02:00,[37],[26]
2026-09-09T16:57:31+02:00,[37],[39]
2026-09-09T16:27:30+02:00,[38],[18]
2026-09-09T16:07:31+02:00,[37],[57]
2026-09-09T15:47:33+02:00,[38],[80]
2026-09-09T15:27:34+02:00,[38],[39]
2026-09-09T15:17:34+02:00,[37],[18]
2026-09-09T14:57:34+02:00,[37],[22]
2026-09-09T13:07:34+02:00,[38],[61]
2026-09-09T12:27:33+02:00,[38],[116]
2026-09-09T12:17:34+02:00,[37],[47]
2026-09-09T12:07:34+02:00,[37],[34]
2026-09-09T11:57:34+02:00,[37],[57]
2026-09-09T11:17:34+02:00,[37],[33]
2026-09-09T11:07:34+02:00,[37],[25]
2026-09-09T10:57:34+02:00,[37],[234]
2026-09-09T10:37:34+02:00,[37],[44]
2026-09-09T10:27:34+02:00,[38],[36]
2026-09-09T10:17:34+02:00,[37],[34]
2026-09-09T10:07:33+02:00,[38],[37]
2026-09-09T09:37:34+02:00,[37],[30]
2026-09-09T09:27:35+02:00,[37],[195]
2026-09-09T08:47:34+02:00,[37],[22]
2026-09-09T08:07:34+02:00,[37],[16]
2026-09-09T06:27:34+02:00,[38],[30]
2026-09-09T05:47:34+02:00,[37],[52]
2026-09-09T05:37:34+02:00,[37],[249]
2026-09-09T05:27:33+02:00,[38],[82]
2026-09-09T05:17:34+02:00,[37],[400]
2026-09-09T05:07:34+02:00,[37],[60]
2026-09-09T04:57:34+02:00,[37],[51]
2026-09-09T04:47:34+02:00,[38],[54]
2026-09-09T04:37:34+02:00,[38],[39]
2026-09-09T04:27:34+02:00,[37],[54]
2026-09-09T04:17:34+02:00,[37],[54]
2026-09-09T04:07:34+02:00,[37],[35]
2026-09-09T03:57:34+02:00,[37],[29]
2026-09-09T03:37:34+02:00,[37],[60]
2026-09-09T02:57:33+02:00,[38],[22]
2026-09-09T02:17:34+02:00,[37],[22]
2026-09-09T02:07:34+02:00,[37],[24]
2026-09-09T01:57:34+02:00,[38],[14]
2026-09-09T01:47:35+02:00,[37],[12]
2026-09-09T01:37:34+02:00,[38],[37]
2026-09-08T12:27:16+02:00,[37],[55]
2026-09-08T10:40:25+02:00,[37],[31]
2026-09-08T10:30:24+02:00,[37],[77]
2026-09-08T10:20:25+02:00,[37],[44]
2026-09-08T10:10:25+02:00,[37],[26]
2026-09-08T09:50:25+02:00,[37],[23]
2026-09-08T09:10:24+02:00,[38],[19]
2026-09-08T08:40:25+02:00,[37],[14]
2026-09-08T08:10:25+02:00,[37],[57]
2026-09-08T07:50:25+02:00,[37],[53]
2026-09-08T07:30:25+02:00,[38],[35]
2026-09-08T07:20:25+02:00,[37],[43]
2026-09-08T06:30:25+02:00,[37],[33]
2026-09-08T06:20:25+02:00,[37],[20]
2026-09-08T05:40:25+02:00,[37],[32]
2026-09-08T05:30:25+02:00,[38],[25]
2026-09-08T05:20:25+02:00,[38],[40]
2026-09-08T05:10:25+02:00,[37],[69]
2026-09-08T04:50:25+02:00,[37],[129]
2026-09-08T04:30:25+02:00,[37],[73]
2026-09-08T04:10:25+02:00,[37],[60]
2026-09-08T03:50:25+02:00,[37],[293]
2026-09-08T03:40:28+02:00,[37],[60]
2026-09-08T03:30:27+02:00,[37],[84]
2026-09-08T02:50:28+02:00,[37],[42]
2026-09-08T02:40:28+02:00,[37],[8]
2026-09-08T02:30:28+02:00,[37],[39]
2026-09-08T02:20:28+02:00,[37],[19]
2026-09-07T16:40:28+02:00,[38],[33]
2026-09-07T16:30:28+02:00,[37],[29]
2026-09-07T16:20:27+02:00,[38],[21]
2026-09-07T16:10:28+02:00,[37],[19]
2026-09-07T15:20:28+02:00,[37],[20]
2026-09-07T15:10:28+02:00,[38],[13]
2026-09-07T14:40:28+02:00,[38],[49]
2026-09-07T14:10:28+02:00,[37],[14]
2026-09-07T13:20:28+02:00,[37],[20]
2026-09-07T12:30:28+02:00,[37],[30]
2026-09-07T11:05:01+02:00,"[60,60,60,60,60,60,60,60,60,60,60,60]","[0,0,0,0,0,0,0,0,0,0,0,0]"
2026-09-07T11:01:00+02:00,"[60,60,60,60]","[0,0,0,0]"
2026-09-07T10:40:28+02:00,[37],[24]
2026-09-07T10:20:28+02:00,[37],[88]
2026-09-07T10:00:28+02:00,[37],[40]
2026-09-07T09:30:28+02:00,[38],[23]
2026-09-07T09:10:28+02:00,[38],[25]
2026-09-07T08:40:28+02:00,[37],[22]
2026-09-07T08:20:29+02:00,[37],[19]
2026-09-07T08:10:28+02:00,[37],[22]
2026-09-07T08:00:28+02:00,[38],[16]
2026-09-07T07:20:28+02:00,[38],[86]
2026-09-07T07:00:28+02:00,[38],[88]
2026-09-07T06:30:28+02:00,[37],[29]
2026-09-07T05:20:28+02:00,[37],[20]
2026-09-07T05:00:28+02:00,[38],[60]
2026-09-07T04:20:28+02:00,[37],[19]
2026-09-07T04:10:28+02:00,[38],[41]
2026-09-07T04:00:28+02:00,[38],[58]
2026-09-07T03:40:27+02:00,[38],[65]
2026-09-07T03:30:29+02:00,[37],[70]
2026-09-07T03:10:28+02:00,[37],[57]
2026-09-07T02:50:29+02:00,[37],[70]
2026-09-07T02:30:28+02:00,[37],[29]
2026-09-07T02:10:28+02:00,[37],[12]
2026-09-07T01:40:28+02:00,[37],[13]
2026-09-06T16:00:28+02:00,[37],[193]
2026-09-06T15:50:28+02:00,[37],[35]
2026-09-06T15:30:28+02:00,[37],[20]
2026-09-06T15:20:28+02:00,[37],[37]
2026-09-06T15:10:28+02:00,[38],[13]
2026-09-06T15:00:28+02:00,[37],[28]
2026-09-06T14:30:28+02:00,[37],[31]
2026-09-06T14:20:28+02:00,[37],[27]
2026-09-06T14:10:28+02:00,[37],[343]
2026-09-06T14:00:28+02:00,[37],[212]
2026-09-06T13:50:28+02:00,[37],[30]
2026-09-06T13:30:28+02:00,[37],[17]
2026-09-06T13:10:28+02:00,[37],[32]
2026-09-06T12:50:29+02:00,[37],[48]
2026-09-06T12:20:28+02:00,[37],[108]
2026-09-06T12:10:28+02:00,[37],[10]
2026-09-06T10:10:29+02:00,[37],[130]
2026-09-06T09:30:29+02:00,[37],[25]
2026-09-06T09:10:28+02:00,[37],[238]
2026-09-06T08:50:28+02:00,[37],[24]
2026-09-06T08:40:28+02:00,[37],[80]
2026-09-06T08:30:28+02:00,[38],[23]
2026-09-06T08:10:27+02:00,[38],[452]
2026-09-06T04:20:27+02:00,[37],[16]
2026-09-05T14:10:28+02:00,[38],[39]
2026-09-05T13:30:28+02:00,[38],[37]
2026-09-05T11:10:28+02:00,[37],[36]
2026-09-05T10:10:29+02:00,[37],[11]
2026-09-05T10:00:28+02:00,[37],[103]
2026-09-05T09:50:28+02:00,[38],[54]
2026-09-05T09:40:28+02:00,[37],[91]
2026-09-05T09:00:28+02:00,[37],[29]
2026-09-05T08:50:28+02:00,[37],[49]
2026-09-05T08:40:28+02:00,[37],[37]
2026-09-05T08:30:28+02:00,[37],[21]
2026-09-05T08:20:28+02:00,[37],[26]
2026-09-05T08:00:28+02:00,[37],[14]
2026-09-05T07:50:28+02:00,[38],[36]
2026-09-05T07:40:27+02:00,[38],[55]
2026-09-05T07:30:28+02:00,[37],[30]
2026-09-05T07:20:28+02:00,[37],[18]
2026-09-05T07:10:28+02:00,[37],[60]
2026-09-05T07:00:28+02:00,[38],[32]
2026-09-05T06:50:28+02:00,[37],[6]
2026-09-05T04:30:29+02:00,[37],[46]
2026-09-05T04:10:28+02:00,[37],[47]
2026-09-05T04:00:28+02:00,[37],[25]
2026-09-05T03:20:28+02:00,[37],[59]
2026-09-05T03:00:27+02:00,[37],[13]
2026-09-05T02:30:28+02:00,[37],[35]
2026-09-05T02:20:31+02:00,[38],[49]
2026-09-05T02:10:28+02:00,[38],[53]
2026-09-05T02:00:28+02:00,[37],[40]
2026-09-04T18:10:32+02:00,[37],[27]
2026-09-04T18:00:32+02:00,[37],[56]
2026-09-04T17:50:32+02:00,[37],[55]
2026-09-04T17:40:32+02:00,[37],[50]
2026-09-04T17:30:32+02:00,[37],[23]
2026-09-04T17:20:32+02:00,[37],[19]
2026-09-04T17:10:32+02:00,[37],[23]
2026-09-04T16:50:32+02:00,[37],[36]
2026-09-04T16:40:32+02:00,[37],[182]
2026-09-04T16:20:32+02:00,[37],[198]
2026-09-04T16:00:32+02:00,[37],[49]
2026-09-04T15:30:32+02:00,[37],[19]
2026-09-04T15:20:32+02:00,[37],[56]
2026-09-04T15:00:32+02:00,[37],[18]
2026-09-04T14:50:32+02:00,[38],[8]
2026-09-04T14:40:32+02:00,[37],[34]
2026-09-04T14:30:31+02:00,[37],[35]
2026-09-04T14:20:32+02:00,[38],[37]
2026-09-04T13:50:32+02:00,[37],[19]
2026-09-04T13:40:32+02:00,[37],[39]
2026-09-04T13:30:32+02:00,[37],[11]
2026-09-04T13:20:32+02:00,[37],[29]
2026-09-04T13:10:32+02:00,[37],[11]
2026-09-04T12:30:32+02:00,[37],[23]
2026-09-04T11:40:32+02:00,[37],[32]
2026-09-04T11:30:32+02:00,[37],[12]
2026-09-04T11:20:31+02:00,[38],[15]
2026-09-04T11:10:32+02:00,[37],[18]
2026-09-04T08:00:32+02:00,[37],[38]
2026-09-04T06:50:32+02:00,[37],[47]
2026-09-04T06:30:32+02:00,[37],[13]
2026-09-04T06:20:32+02:00,[37],[48]
2026-09-04T05:50:32+02:00,[37],[28]
2026-09-04T05:40:32+02:00,[37],[50]
2026-09-04T05:30:32+02:00,[37],[45]
2026-09-04T05:20:32+02:00,[37],[31]
2026-09-04T03:30:32+02:00,[37],[57]
2026-09-04T03:20:32+02:00,[37],[56]
2026-09-04T03:10:32+02:00,[37],[101]
2026-09-04T03:00:32+02:00,[37],[52]
2026-09-04T02:50:32+02:00,[38],[58]
2026-09-03T16:40:32+02:00,[37],[23]
2026-09-03T16:30:32+02:00,[37],[29]
2026-09-03T16:20:32+02:00,[37],[11]
2026-09-03T16:10:32+02:00,[37],[55]
2026-09-03T16:00:32+02:00,[37],[34]
2026-09-03T15:50:32+02:00,[37],[20]
2026-09-03T15:40:32+02:00,[37],[43]
2026-09-03T14:10:32+02:00,[37],[12]
2026-09-03T14:00:32+02:00,[37],[22]
2026-09-03T13:50:32+02:00,[37],[13]
2026-09-03T13:40:32+02:00,[37],[23]
2026-09-03T11:50:32+02:00,[37],[36]
2026-09-03T11:40:32+02:00,[37],[53]
2026-09-03T11:30:32+02:00,[37],[20]
2026-09-03T11:20:32+02:00,[38],[42]
2026-09-03T10:50:31+02:00,[38],[31]
2026-09-03T10:40:32+02:00,[38],[42]
2026-09-03T10:20:32+02:00,[38],[26]
2026-09-03T10:10:32+02:00,[37],[31]
2026-09-03T10:00:32+02:00,[38],[35]
2026-09-03T09:50:32+02:00,[38],[17]
2026-09-03T09:40:32+02:00,[38],[16]
2026-09-03T09:30:32+02:00,[37],[66]
2026-09-03T09:00:32+02:00,[37],[19]
2026-09-03T08:50:32+02:00,[37],[98]
2026-09-03T08:30:32+02:00,[37],[49]
2026-09-03T08:10:32+02:00,[37],[20]
2026-09-03T07:50:32+02:00,[38],[35]
2026-09-03T07:40:32+02:00,[37],[37]
2026-09-03T07:30:32+02:00,[37],[75]
2026-09-03T07:20:32+02:00,[37],[58]
2026-09-03T07:11:10+02:00,[37],[58]
2026-09-03T06:30:32+02:00,[37],[50]
2026-09-03T06:20:32+02:00,[37],[244]
2026-09-03T05:30:32+02:00,[37],[47]
2026-09-03T05:10:32+02:00,[38],[96]
2026-09-03T05:00:32+02:00,[37],[79]
2026-09-03T04:40:32+02:00,[37],[11]
2026-09-03T04:30:32+02:00,[37],[47]
2026-09-03T04:20:31+02:00,[38],[71]
2026-09-03T03:50:32+02:00,[38],[39]
2026-09-03T03:40:32+02:00,[38],[21]
2026-09-03T03:20:32+02:00,[38],[36]
2026-09-03T03:10:32+02:00,[38],[47]
2026-09-03T01:40:32+02:00,[37],[42]
2026-09-03T01:30:32+02:00,[38],[32]
2026-09-02T19:10:09+02:00,"[60,60,60,60,60,60,60,60,60,60,60,60,60,60,60,60,60,60,60,60]","[0,0,0,0,0,0,0,0,0,0,0,0,0,0,0,0,0,0,0,0]"
2026-09-02T16:17:09+02:00,"[60,60,60,60,60,60]","[28,21,28,16,14,9]"
2026-09-02T16:10:21+02:00,[37],[21]
2026-09-02T16:00:22+02:00,[37],[57]
2026-09-02T15:50:22+02:00,[37],[30]
2026-09-02T15:40:21+02:00,[37],[17]
2026-09-02T15:30:21+02:00,[38],[39]
2026-09-02T15:20:21+02:00,[37],[18]
2026-09-02T15:10:21+02:00,[37],[10]
2026-09-02T15:00:22+02:00,[37],[79]
2026-09-02T14:50:21+02:00,[37],[30]
2026-09-02T14:30:21+02:00,[37],[42]
2026-09-02T14:20:21+02:00,[37],[20]
2026-09-02T14:10:21+02:00,[37],[25]
2026-09-02T11:48:05+02:00,[37],[67]
2026-09-02T10:58:04+02:00,[38],[42]
2026-09-02T10:48:05+02:00,[37],[41]
2026-09-02T10:38:06+02:00,[37],[21]
2026-09-02T09:58:05+02:00,[37],[34]
2026-09-02T09:48:06+02:00,[37],[47]
2026-09-02T09:38:06+02:00,[37],[269]
2026-09-02T09:28:05+02:00,[38],[41]
2026-09-02T08:38:05+02:00,[37],[14]
2026-09-02T08:18:05+02:00,[37],[23]
2026-09-02T07:58:05+02:00,[38],[40]
2026-09-02T07:38:05+02:00,[37],[47]
2026-09-02T07:18:05+02:00,[37],[27]
2026-09-02T06:58:05+02:00,[37],[36]
2026-09-02T06:48:05+02:00,[37],[34]
2026-09-02T06:38:05+02:00,[37],[47]
2026-09-02T06:08:05+02:00,[37],[68]
2026-09-02T05:58:05+02:00,[37],[193]
2026-09-02T05:48:05+02:00,[37],[52]
2026-09-02T05:38:04+02:00,[37],[75]
2026-09-02T05:18:05+02:00,[37],[48]
2026-09-02T04:58:05+02:00,[37],[54]
2026-09-02T04:08:05+02:00,[37],[14]
2026-09-02T03:58:05+02:00,[37],[29]
2026-09-02T03:48:05+02:00,[37],[61]
2026-09-02T03:18:05+02:00,[37],[19]
2026-09-02T02:48:05+02:00,[38],[51]
2026-09-02T02:28:05+02:00,[37],[35]
2026-09-01T14:28:05+02:00,[37],[38]
2026-09-01T14:18:05+02:00,[38],[19]
2026-09-01T14:08:05+02:00,[37],[17]
2026-09-01T13:58:05+02:00,[37],[32]
2026-09-01T13:48:05+02:00,[37],[26]
2026-09-01T13:38:05+02:00,[37],[15]
2026-09-01T13:28:05+02:00,[37],[14]
2026-09-01T13:18:05+02:00,[37],[15]
2026-09-01T13:08:05+02:00,[37],[17]
2026-09-01T12:58:05+02:00,[37],[32]
2026-09-01T12:48:05+02:00,[37],[24]
2026-09-01T12:38:04+02:00,[38],[60]
2026-09-01T12:28:05+02:00,[38],[25]
2026-09-01T12:18:05+02:00,[37],[39]
2026-09-01T12:08:05+02:00,[38],[35]
2026-09-01T11:58:05+02:00,[37],[45]
2026-09-01T11:28:05+02:00,[38],[35]
2026-09-01T11:18:05+02:00,[37],[18]
2026-09-01T11:08:05+02:00,[37],[22]
2026-09-01T10:58:05+02:00,[37],[22]
2026-09-01T10:48:05+02:00,[37],[31]
2026-09-01T10:38:05+02:00,[37],[67]
2026-09-01T10:28:05+02:00,[37],[68]
2026-09-01T10:08:04+02:00,[38],[14]
2026-09-01T09:58:04+02:00,[38],[65]
2026-09-01T09:48:05+02:00,[37],[27]
2026-09-01T09:28:05+02:00,[37],[33]
2026-09-01T09:18:05+02:00,[37],[35]
2026-09-01T09:08:05+02:00,[37],[37]
2026-09-01T08:58:05+02:00,[37],[35]
2026-09-01T08:48:05+02:00,[37],[35]
2026-09-01T08:38:05+02:00,[38],[48]
2026-09-01T08:28:05+02:00,[37],[38]
2026-09-01T08:08:05+02:00,[37],[37]
2026-09-01T07:58:05+02:00,[37],[36]
2026-09-01T07:48:05+02:00,[37],[29]
2026-09-01T07:38:04+02:00,[38],[58]
2026-09-01T07:28:05+02:00,[37],[71]
2026-09-01T07:18:04+02:00,[38],[17]
2026-09-01T06:58:05+02:00,[38],[231]
2026-09-01T06:38:05+02:00,[38],[148]
2026-09-01T06:28:05+02:00,[37],[30]
2026-09-01T06:08:05+02:00,[37],[61]
2026-09-01T05:18:06+02:00,[37],[39]
2026-09-01T05:08:04+02:00,[37],[38]
2026-09-01T04:48:05+02:00,[38],[55]
2026-09-01T04:38:05+02:00,[37],[39]
2026-09-01T04:28:05+02:00,[37],[49]
2026-09-01T03:28:05+02:00,[37],[40]
2026-09-01T03:18:05+02:00,[38],[29]
2026-09-01T03:08:05+02:00,[38],[30]
2026-09-01T02:58:05+02:00,[38],[57]
2026-09-01T02:38:05+02:00,[37],[54]
2026-08-31T16:18:08+02:00,[37],[10]
2026-08-31T16:08:08+02:00,[38],[66]
2026-08-31T15:58:09+02:00,[37],[16]
2026-08-31T15:28:08+02:00,[37],[28]
2026-08-31T14:08:08+02:00,[37],[25]
2026-08-31T13:18:08+02:00,[37],[16]
2026-08-31T13:08:09+02:00,[37],[32]
2026-08-31T12:58:09+02:00,[37],[32]
2026-08-31T12:48:08+02:00,[38],[19]
2026-08-31T12:38:08+02:00,[37],[28]
2026-08-31T12:08:07+02:00,[38],[26]
2026-08-31T11:58:09+02:00,[37],[12]
2026-08-31T11:48:08+02:00,[37],[44]
2026-08-31T11:38:08+02:00,[37],[37]
2026-08-31T11:18:08+02:00,[38],[12]
2026-08-31T11:08:08+02:00,[37],[20]
2026-08-31T10:58:08+02:00,[37],[21]
2026-08-31T10:48:08+02:00,[38],[68]
2026-08-31T10:28:08+02:00,[37],[28]
2026-08-31T10:08:08+02:00,[37],[21]
2026-08-31T09:58:08+02:00,[37],[12]
2026-08-31T08:58:08+02:00,[38],[41]
2026-08-31T08:48:08+02:00,[37],[34]
2026-08-31T08:38:08+02:00,[37],[34]
2026-08-31T07:58:08+02:00,[37],[9]
2026-08-31T07:48:08+02:00,[37],[22]
2026-08-31T07:08:08+02:00,[37],[32]
2026-08-31T06:58:08+02:00,[37],[18]
2026-08-31T06:38:08+02:00,[37],[45]
2026-08-31T02:48:08+02:00,[37],[24]
2026-08-31T02:38:08+02:00,[38],[16]
2026-08-31T02:28:08+02:00,[37],[50]
2026-08-31T02:18:08+02:00,[37],[38]
2026-08-31T01:28:08+02:00,[37],[38]
2026-08-30T16:08:08+02:00,[37],[30]
2026-08-30T15:58:09+02:00,[37],[49]
2026-08-30T15:48:09+02:00,[37],[23]
2026-08-30T15:38:09+02:00,[37],[30]
2026-08-30T15:28:08+02:00,[37],[47]
2026-08-30T15:18:08+02:00,[38],[149]
2026-08-30T15:08:09+02:00,[37],[61]
2026-08-30T14:58:08+02:00,[37],[27]
2026-08-30T14:48:08+02:00,[38],[61]
2026-08-30T14:38:08+02:00,[37],[30]
2026-08-30T14:28:08+02:00,[38],[31]
2026-08-30T14:18:08+02:00,[38],[29]
2026-08-30T14:08:08+02:00,[38],[18]
2026-08-30T13:48:08+02:00,[38],[16]
2026-08-30T13:38:08+02:00,[38],[20]
2026-08-30T13:08:08+02:00,[37],[17]
2026-08-30T12:48:09+02:00,[37],[48]
2026-08-30T12:38:08+02:00,[37],[18]
2026-08-30T12:08:09+02:00,[37],[19]
2026-08-30T11:28:08+02:00,[38],[63]
2026-08-30T11:08:08+02:00,[37],[28]
2026-08-30T10:58:08+02:00,[38],[31]
2026-08-30T10:48:07+02:00,[38],[23]
2026-08-30T09:58:08+02:00,[37],[66]
2026-08-30T09:48:08+02:00,[37],[41]
2026-08-30T08:58:08+02:00,[37],[22]
2026-08-30T08:48:08+02:00,[37],[24]
2026-08-30T08:18:08+02:00,[37],[76]
2026-08-30T07:28:08+02:00,[37],[18]
2026-08-30T07:18:08+02:00,[38],[44]
2026-08-30T06:58:08+02:00,[37],[54]
2026-08-30T06:18:07+02:00,[38],[61]
2026-08-30T06:08:08+02:00,[37],[35]
2026-08-30T05:58:08+02:00,[38],[24]
2026-08-30T05:48:08+02:00,[38],[55]
2026-08-30T05:38:08+02:00,[37],[14]
2026-08-30T05:28:07+02:00,[38],[37]
2026-08-30T05:18:08+02:00,[37],[44]
2026-08-30T04:58:08+02:00,[37],[16]
2026-08-30T04:48:07+02:00,[38],[18]
2026-08-29T14:58:08+02:00,[38],[42]
2026-08-29T14:38:08+02:00,[37],[22]
2026-08-29T14:28:08+02:00,[37],[32]
2026-08-29T14:18:08+02:00,[38],[10]
2026-08-29T14:08:08+02:00,[37],[13]
2026-08-29T13:58:08+02:00,[37],[21]
2026-08-29T13:18:08+02:00,[38],[65]
2026-08-29T12:48:08+02:00,[38],[44]
2026-08-29T12:38:08+02:00,[38],[60]
2026-08-29T12:28:08+02:00,[37],[65]
2026-08-29T11:48:08+02:00,[37],[70]
2026-08-29T11:28:08+02:00,[37],[65]
2026-08-29T11:18:08+02:00,[37],[47]
2026-08-29T10:38:08+02:00,[38],[30]
2026-08-29T10:28:08+02:00,[37],[24]
2026-08-29T10:18:09+02:00,[37],[68]
2026-08-29T10:08:09+02:00,[37],[51]
2026-08-29T09:58:08+02:00,[37],[38]
2026-08-29T09:38:08+02:00,[37],[27]
2026-08-29T09:18:10+02:00,[37],[49]
2026-08-29T08:28:08+02:00,[38],[53]
2026-08-29T08:08:08+02:00,[37],[79]
2026-08-29T07:58:08+02:00,[37],[23]
2026-08-29T07:48:08+02:00,[37],[37]
2026-08-29T07:28:08+02:00,[37],[39]
2026-08-29T07:18:09+02:00,[37],[19]
2026-08-29T07:08:08+02:00,[37],[41]
2026-08-29T06:58:08+02:00,[38],[38]
2026-08-29T06:08:08+02:00,[37],[252]
2026-08-29T05:58:08+02:00,[37],[51]
2026-08-29T05:38:08+02:00,[38],[42]
2026-08-29T04:58:08+02:00,[37],[18]
2026-08-29T04:48:08+02:00,[37],[12]
2026-08-29T04:38:08+02:00,[37],[28]
2026-08-28T14:48:11+02:00,[37],[8]
2026-08-28T14:38:11+02:00,[38],[14]
2026-08-28T14:28:11+02:00,[38],[12]
2026-08-28T14:18:11+02:00,[38],[17]
2026-08-28T14:08:11+02:00,[37],[12]
2026-08-28T13:58:11+02:00,[37],[7]
2026-08-28T13:48:11+02:00,[38],[19]
2026-08-28T13:38:11+02:00,[37],[15]
2026-08-28T13:28:11+02:00,[37],[44]
2026-08-28T13:18:11+02:00,[37],[59]
2026-08-28T12:58:12+02:00,[37],[47]
2026-08-28T12:38:11+02:00,[38],[9]
2026-08-28T12:28:11+02:00,[38],[23]
2026-08-28T12:18:11+02:00,[37],[10]
2026-08-28T12:08:11+02:00,[37],[26]
2026-08-28T11:58:11+02:00,[38],[16]
2026-08-28T11:48:10+02:00,[38],[35]
2026-08-28T11:38:11+02:00,[38],[40]
2026-08-28T11:28:11+02:00,[37],[23]
2026-08-28T11:18:11+02:00,[37],[12]
2026-08-28T10:58:12+02:00,[37],[44]
2026-08-28T10:48:11+02:00,[37],[11]
2026-08-28T10:38:11+02:00,[38],[11]
2026-08-28T10:28:11+02:00,[37],[13]
2026-08-28T10:18:12+02:00,[37],[18]
2026-08-28T10:08:10+02:00,[38],[22]
2026-08-28T09:58:11+02:00,[37],[10]
2026-08-28T09:48:11+02:00,[38],[22]
2026-08-28T09:38:11+02:00,[37],[48]
2026-08-28T08:58:11+02:00,[37],[20]
2026-08-28T08:48:10+02:00,[38],[16]
2026-08-28T08:38:11+02:00,[37],[117]
2026-08-28T08:18:11+02:00,[38],[11]
2026-08-28T08:08:11+02:00,[37],[18]
2026-08-28T07:58:11+02:00,[38],[16]
2026-08-28T07:48:11+02:00,[37],[14]
2026-08-28T07:38:11+02:00,[37],[11]
2026-08-28T07:28:11+02:00,[38],[33]
2026-08-28T07:18:11+02:00,[37],[22]
2026-08-28T06:58:10+02:00,[38],[28]
2026-08-28T06:38:11+02:00,[37],[14]
2026-08-28T06:28:11+02:00,[37],[104]
2026-08-28T06:18:11+02:00,[37],[49]
2026-08-28T06:08:11+02:00,[37],[24]
2026-08-28T05:58:11+02:00,[38],[42]
2026-08-28T05:48:11+02:00,[38],[46]
2026-08-28T05:38:12+02:00,[37],[30]
2026-08-28T05:28:11+02:00,[38],[40]
2026-08-28T05:18:11+02:00,[37],[41]
2026-08-28T05:08:11+02:00,[37],[29]
2026-08-28T04:58:11+02:00,[37],[8]
2026-08-28T04:48:11+02:00,[37],[20]
2026-08-28T04:38:11+02:00,[38],[49]
2026-08-28T04:18:11+02:00,[37],[11]
2026-08-28T04:08:11+02:00,[37],[271]
2026-08-28T03:58:11+02:00,[37],[12]
2026-08-28T03:48:12+02:00,[37],[23]
2026-08-28T03:38:11+02:00,[37],[37]
2026-08-28T03:28:11+02:00,[37],[41]
2026-08-28T03:18:11+02:00,[37],[19]
2026-08-28T03:08:11+02:00,[37],[29]
2026-08-28T02:58:11+02:00,[37],[30]
2026-08-28T02:48:11+02:00,[37],[11]
2026-08-28T02:38:11+02:00,[37],[42]
2026-08-27T14:48:11+02:00,[37],[11]
2026-08-27T14:28:11+02:00,[37],[14]
2026-08-27T14:18:11+02:00,[37],[11]
2026-08-27T13:48:11+02:00,[38],[19]
2026-08-27T13:08:11+02:00,[37],[65]
2026-08-27T12:28:11+02:00,[38],[38]
2026-08-27T12:18:11+02:00,[38],[42]
2026-08-27T11:38:10+02:00,[37],[21]
2026-08-27T11:08:11+02:00,[37],[25]
2026-08-27T10:58:11+02:00,[37],[21]
2026-08-27T10:18:11+02:00,[37],[24]
2026-08-27T09:58:11+02:00,[37],[7]
2026-08-27T09:48:11+02:00,[37],[12]
2026-08-27T09:38:11+02:00,[37],[20]
2026-08-27T09:08:11+02:00,[38],[13]
2026-08-27T08:58:11+02:00,[37],[11]
2026-08-27T07:58:11+02:00,[38],[35]
2026-08-27T07:38:10+02:00,[38],[18]
2026-08-27T07:28:11+02:00,[37],[42]
2026-08-27T07:08:11+02:00,[37],[10]
2026-08-27T06:58:11+02:00,[37],[13]
2026-08-27T05:58:11+02:00,[37],[7]
2026-08-27T05:48:11+02:00,[37],[18]
2026-08-27T05:18:11+02:00,[37],[53]
2026-08-27T04:48:11+02:00,[38],[19]
2026-08-27T04:38:11+02:00,[37],[140]
2026-08-27T04:28:12+02:00,[37],[16]
2026-08-27T04:08:12+02:00,[37],[22]
2026-08-27T03:38:11+02:00,[38],[263]
2026-08-27T03:18:11+02:00,[37],[57]
2026-08-27T02:28:11+02:00,[37],[85]
2026-08-27T02:18:11+02:00,[37],[224]
2026-08-27T01:58:10+02:00,[38],[28]
2026-08-27T01:48:11+02:00,[37],[16]
2026-08-27T01:38:11+02:00,[37],[22]
2026-08-27T01:28:11+02:00,[38],[20]
2026-08-27T01:08:11+02:00,[38],[19]
2026-08-26T12:58:11+02:00,[37],[95]
2026-08-26T12:48:11+02:00,[37],[51]
2026-08-26T12:08:35+02:00,[37],[75]
2026-08-26T11:48:11+02:00,[37],[23]
2026-08-26T11:38:11+02:00,[37],[40]
2026-08-26T11:28:11+02:00,[37],[27]
2026-08-26T11:18:11+02:00,[38],[53]
2026-08-26T10:48:11+02:00,[37],[37]
2026-08-26T10:28:11+02:00,[37],[45]
2026-08-26T10:18:11+02:00,[38],[89]
2026-08-26T10:08:11+02:00,[38],[27]
2026-08-26T09:28:11+02:00,[38],[38]
2026-08-26T09:18:11+02:00,[37],[26]
2026-08-26T09:08:11+02:00,[37],[41]
2026-08-26T08:58:11+02:00,[37],[8]
2026-08-26T08:38:11+02:00,[37],[17]
2026-08-26T08:18:11+02:00,[37],[438]
2026-08-26T07:58:11+02:00,[37],[25]
2026-08-26T07:18:11+02:00,[37],[8]
2026-08-26T06:58:11+02:00,[37],[28]
2026-08-26T06:38:11+02:00,[37],[26]
2026-08-26T06:18:10+02:00,[38],[53]
2026-08-26T05:38:11+02:00,[37],[45]
2026-08-26T04:48:11+02:00,[37],[22]
2026-08-26T04:38:10+02:00,[38],[63]
2026-08-26T02:28:11+02:00,[38],[48]
2026-08-26T02:08:11+02:00,[37],[33]
2026-08-26T01:48:11+02:00,[37],[258]
2026-08-26T01:38:11+02:00,[37],[40]
2026-08-26T01:28:11+02:00,[37],[32]
2026-08-26T00:58:11+02:00,[37],[40]
2026-08-26T00:48:11+02:00,[37],[28]
2026-08-26T00:38:14+02:00,[37],[188]
2026-08-26T00:28:15+02:00,[37],[5]
2026-08-26T00:18:14+02:00,[37],[29]
2026-08-26T00:08:14+02:00,[37],[24]
2026-08-25T23:58:14+02:00,[38],[35]
2026-08-25T23:48:14+02:00,[37],[27]
2026-08-25T23:18:14+02:00,[38],[29]
2026-08-25T22:48:14+02:00,[37],[24]
2026-08-25T12:28:14+02:00,[37],[14]
2026-08-25T11:38:14+02:00,[37],[47]
2026-08-25T11:28:14+02:00,[37],[19]
2026-08-25T11:18:14+02:00,[37],[23]
2026-08-25T11:08:14+02:00,[37],[13]
2026-08-25T10:38:14+02:00,[37],[20]
2026-08-25T10:08:14+02:00,[37],[34]
2026-08-25T09:58:14+02:00,[38],[38]
2026-08-25T09:48:14+02:00,[37],[14]
2026-08-25T09:38:14+02:00,[37],[51]
2026-08-25T09:18:14+02:00,[37],[13]
2026-08-25T08:58:14+02:00,[37],[43]
2026-08-25T08:48:14+02:00,[37],[278]
2026-08-25T08:38:14+02:00,[37],[49]
2026-08-25T08:28:14+02:00,[38],[11]
2026-08-25T08:18:14+02:00,[37],[35]
2026-08-25T08:08:14+02:00,[38],[24]
2026-08-25T07:58:14+02:00,[37],[40]
2026-08-25T07:48:15+02:00,[37],[79]
2026-08-25T07:38:14+02:00,[37],[20]
2026-08-25T07:28:14+02:00,[38],[25]
2026-08-25T07:08:14+02:00,[38],[76]
2026-08-25T06:48:14+02:00,[38],[98]
2026-08-25T06:38:14+02:00,[38],[137]
2026-08-25T06:28:14+02:00,[38],[19]
2026-08-25T06:18:14+02:00,[37],[27]
2026-08-25T06:08:15+02:00,[37],[311]
2026-08-25T05:48:15+02:00,[37],[32]
2026-08-25T05:38:14+02:00,[37],[42]
2026-08-25T05:28:14+02:00,[38],[28]
2026-08-25T05:18:14+02:00,[37],[52]
2026-08-25T05:08:14+02:00,[38],[23]
2026-08-25T04:58:14+02:00,[38],[39]
2026-08-25T04:48:14+02:00,[38],[75]
2026-08-25T04:38:14+02:00,[37],[62]
2026-08-25T04:18:15+02:00,[37],[43]
2026-08-25T04:08:14+02:00,[37],[51]
2026-08-25T03:38:14+02:00,[37],[44]
2026-08-25T03:28:13+02:00,[37],[327]
2026-08-25T02:58:15+02:00,[37],[69]
2026-08-25T02:48:14+02:00,[37],[28]
2026-08-25T02:38:14+02:00,[38],[512]
2026-08-25T02:08:14+02:00,[38],[56]
2026-08-25T01:58:14+02:00,[37],[29]
2026-08-25T01:28:14+02:00,[37],[21]
2026-08-25T01:08:14+02:00,[38],[23]
2026-08-25T00:58:14+02:00,[38],[377]
2026-08-25T00:28:14+02:00,[37],[14]
2026-08-25T00:18:14+02:00,[38],[48]
2026-08-24T23:58:14+02:00,[37],[29]
2026-08-24T22:58:14+02:00,[37],[43]
2026-08-24T12:48:14+02:00,[37],[299]
2026-08-24T12:08:14+02:00,[37],[26]
2026-08-24T11:48:14+02:00,[37],[51]
2026-08-24T11:38:14+02:00,[37],[15]
2026-08-24T11:18:14+02:00,[37],[325]
2026-08-24T10:28:14+02:00,[38],[23]
2026-08-24T10:18:15+02:00,[37],[19]
2026-08-24T10:08:14+02:00,[37],[28]
2026-08-24T09:48:14+02:00,[38],[144]
2026-08-24T09:38:14+02:00,[37],[43]
2026-08-24T09:28:14+02:00,[38],[23]
2026-08-24T09:08:15+02:00,[37],[27]
2026-08-24T08:58:14+02:00,[37],[20]
2026-08-24T08:38:15+02:00,[37],[27]
2026-08-24T08:28:15+02:00,[37],[14]
2026-08-24T07:58:14+02:00,[37],[19]
2026-08-24T07:48:14+02:00,[37],[54]
2026-08-24T07:28:14+02:00,[38],[17]
2026-08-24T07:18:14+02:00,[37],[26]
2026-08-24T07:08:13+02:00,[38],[14]
2026-08-24T06:58:14+02:00,[37],[29]
2026-08-24T06:08:14+02:00,[37],[51]
2026-08-24T05:58:14+02:00,[38],[217]
2026-08-24T05:48:14+02:00,[37],[34]
2026-08-24T05:18:14+02:00,[37],[91]
2026-08-24T05:08:15+02:00,[37],[45]
2026-08-24T04:58:14+02:00,[38],[236]
2026-08-24T04:38:14+02:00,[37],[33]
2026-08-24T04:28:13+02:00,[38],[46]
2026-08-24T04:18:14+02:00,[37],[91]
2026-08-24T04:08:14+02:00,[37],[314]
2026-08-24T03:58:15+02:00,[37],[13]
2026-08-24T03:18:14+02:00,[38],[22]
2026-08-24T01:58:14+02:00,[37],[36]
2026-08-24T01:48:14+02:00,[37],[36]
2026-08-24T01:38:13+02:00,[38],[27]
2026-08-24T01:28:14+02:00,[37],[17]
2026-08-24T01:18:14+02:00,[37],[63]
2026-08-24T01:08:14+02:00,[37],[54]
2026-08-24T00:48:14+02:00,[37],[23]
2026-08-24T00:28:14+02:00,[37],[28]
2026-08-24T00:18:14+02:00,[37],[44]
2026-08-24T00:08:14+02:00,[37],[23]
2026-08-23T23:48:14+02:00,[38],[30]
2026-08-23T23:38:14+02:00,[37],[10]
2026-08-23T23:08:14+02:00,[38],[46]
2026-08-23T15:48:14+02:00,[38],[12]
2026-08-23T15:38:15+02:00,[37],[9]
2026-08-23T15:28:14+02:00,[37],[26]
2026-08-23T14:58:14+02:00,[37],[64]
2026-08-23T14:48:14+02:00,[37],[13]
2026-08-23T14:18:14+02:00,[37],[22]
2026-08-23T14:08:14+02:00,[37],[23]
2026-08-23T13:58:14+02:00,[37],[45]
2026-08-23T13:48:14+02:00,[37],[30]
2026-08-23T13:38:13+02:00,[37],[12]
2026-08-23T13:28:15+02:00,[37],[22]
2026-08-23T13:08:14+02:00,[37],[23]
2026-08-23T12:58:14+02:00,[37],[29]
2026-08-23T12:48:14+02:00,[38],[20]
2026-08-23T12:28:15+02:00,[37],[41]
2026-08-23T11:38:14+02:00,[37],[31]
2026-08-23T11:28:14+02:00,[38],[60]
2026-08-23T11:08:15+02:00,[37],[31]
2026-08-23T10:58:14+02:00,[37],[37]
2026-08-22T16:18:17+02:00,[37],[21]
2026-08-22T16:08:17+02:00,[37],[35]
2026-08-22T15:58:17+02:00,[38],[26]
2026-08-22T15:48:17+02:00,[37],[18]
2026-08-22T15:38:17+02:00,[37],[43]
2026-08-22T15:28:17+02:00,[37],[13]
2026-08-22T15:18:16+02:00,[38],[19]
2026-08-22T15:08:17+02:00,[37],[29]
2026-08-22T14:58:17+02:00,[37],[25]
2026-08-22T14:48:17+02:00,[37],[31]
2026-08-22T14:38:17+02:00,[37],[10]
2026-08-22T14:28:17+02:00,[37],[40]
2026-08-22T14:18:17+02:00,[37],[19]
2026-08-22T14:08:17+02:00,[37],[29]
2026-08-22T13:58:17+02:00,[37],[47]
2026-08-22T13:48:17+02:00,[37],[32]
2026-08-22T13:38:17+02:00,[37],[25]
2026-08-22T13:28:17+02:00,[37],[24]
2026-08-22T13:18:17+02:00,[37],[16]
2026-08-22T13:08:17+02:00,[37],[14]
2026-08-22T12:58:17+02:00,[37],[32]
2026-08-22T12:48:17+02:00,[37],[20]
2026-08-22T12:28:17+02:00,[37],[24]
2026-08-22T12:08:17+02:00,[37],[108]
2026-08-22T11:28:17+02:00,[37],[35]
2026-08-22T11:18:17+02:00,[38],[192]
2026-08-22T10:28:17+02:00,[38],[14]
2026-08-22T09:38:17+02:00,[38],[25]
2026-08-22T09:08:17+02:00,[37],[20]
2026-08-22T08:58:17+02:00,[37],[13]
2026-08-22T08:48:17+02:00,[38],[15]
2026-08-22T08:38:17+02:00,[37],[46]
2026-08-22T06:38:17+02:00,[37],[44]
2026-08-22T06:18:17+02:00,[38],[24]
2026-08-21T16:18:17+02:00,[37],[28]
2026-08-21T15:58:17+02:00,[37],[25]
2026-08-21T15:48:17+02:00,[37],[51]
2026-08-21T15:28:17+02:00,[37],[29]
2026-08-21T14:28:17+02:00,[38],[202]
2026-08-21T14:08:17+02:00,[37],[55]
2026-08-21T08:38:17+02:00,[38],[27]
2026-08-21T08:18:17+02:00,[37],[40]
2026-08-21T08:08:17+02:00,[37],[15]
2026-08-21T07:58:17+02:00,[37],[36]
2026-08-21T07:48:17+02:00,[37],[17]
2026-08-21T07:28:17+02:00,[37],[47]
2026-08-21T07:18:17+02:00,[37],[22]
2026-08-21T06:58:17+02:00,[37],[26]
2026-08-21T05:38:17+02:00,[37],[36]
2026-08-21T05:28:16+02:00,[38],[39]
2026-08-21T05:18:17+02:00,[37],[51]
2026-08-21T05:08:17+02:00,[37],[29]
2026-08-21T04:48:17+02:00,[37],[24]
2026-08-21T04:38:17+02:00,[37],[28]
2026-08-21T04:28:17+02:00,[37],[36]
2026-08-21T04:08:17+02:00,[37],[66]
2026-08-21T03:58:17+02:00,[37],[93]
2026-08-21T03:48:17+02:00,[37],[18]
2026-08-21T03:38:17+02:00,[38],[54]
2026-08-21T03:28:17+02:00,[37],[41]
2026-08-21T03:18:17+02:00,[37],[51]
2026-08-21T02:58:17+02:00,[37],[35]
2026-08-21T02:48:17+02:00,[37],[50]
2026-08-21T02:38:16+02:00,[38],[67]
2026-08-21T02:28:17+02:00,[38],[28]
2026-08-20T15:38:17+02:00,[37],[26]
2026-08-20T15:08:17+02:00,[37],[36]
2026-08-20T14:28:17+02:00,[37],[18]
2026-08-20T14:18:17+02:00,[37],[27]
2026-08-20T13:08:17+02:00,[37],[62]
2026-08-20T11:58:17+02:00,[38],[22]
2026-08-20T11:48:29+02:00,[38],[98]
2026-08-20T11:38:17+02:00,[37],[48]
2026-08-20T11:28:17+02:00,[37],[15]
2026-08-20T11:18:17+02:00,[37],[27]
2026-08-20T11:08:17+02:00,[37],[24]
2026-08-20T10:58:17+02:00,[37],[32]
2026-08-20T10:38:17+02:00,[37],[35]
2026-08-20T10:18:17+02:00,[37],[20]
2026-08-20T10:08:17+02:00,[37],[49]
2026-08-20T09:58:17+02:00,[37],[33]
2026-08-20T09:48:17+02:00,[37],[55]
2026-08-20T09:18:17+02:00,[38],[45]
2026-08-20T08:58:17+02:00,[37],[20]
2026-08-20T08:18:17+02:00,[37],[31]
2026-08-20T08:08:17+02:00,[38],[20]
2026-08-20T07:48:18+02:00,[37],[19]
2026-08-20T05:18:17+02:00,[37],[37]
2026-08-20T05:08:17+02:00,[37],[30]
2026-08-20T04:58:17+02:00,[37],[34]
2026-08-20T04:38:17+02:00,[38],[50]
2026-08-20T04:18:17+02:00,[37],[34]
2026-08-20T04:08:17+02:00,[37],[35]
2026-08-20T03:58:17+02:00,[37],[39]
2026-08-20T03:48:16+02:00,[38],[45]
2026-08-20T03:28:17+02:00,[37],[46]
2026-08-20T03:18:17+02:00,[38],[61]
2026-08-20T03:08:17+02:00,[37],[43]
2026-08-20T02:38:17+02:00,[37],[31]
2026-08-20T02:28:17+02:00,[37],[36]
2026-08-20T02:18:17+02:00,[37],[45]
2026-08-19T16:08:20+02:00,[38],[20]
2026-08-19T15:58:20+02:00,[37],[102]
2026-08-19T15:48:20+02:00,[37],[33]
2026-08-19T15:28:20+02:00,[37],[46]
2026-08-19T15:18:20+02:00,[37],[177]
2026-08-19T15:08:20+02:00,[38],[118]
2026-08-19T14:18:20+02:00,[37],[27]
2026-08-19T13:58:20+02:00,[37],[32]
2026-08-19T13:38:20+02:00,[37],[68]
2026-08-19T13:28:20+02:00,[37],[34]
2026-08-19T13:18:20+02:00,[37],[21]
2026-08-19T12:58:20+02:00,[37],[41]
2026-08-19T12:48:21+02:00,[37],[73]
2026-08-19T12:08:20+02:00,[37],[69]
2026-08-19T11:58:41+02:00,[37],[50]
2026-08-19T11:38:20+02:00,[37],[28]
2026-08-19T11:28:19+02:00,[38],[29]
2026-08-19T11:18:20+02:00,[37],[61]
2026-08-19T11:08:20+02:00,[37],[53]
2026-08-19T10:58:20+02:00,[38],[102]
2026-08-19T10:48:20+02:00,[37],[115]
2026-08-19T10:38:20+02:00,[38],[60]
2026-08-19T10:28:20+02:00,[38],[32]
2026-08-19T10:18:20+02:00,[37],[21]
2026-08-19T10:08:20+02:00,[37],[20]
2026-08-19T09:58:20+02:00,[37],[33]
2026-08-19T09:48:20+02:00,[38],[24]
2026-08-19T09:38:20+02:00,[37],[47]
2026-08-19T09:18:20+02:00,[37],[39]
2026-08-19T08:58:20+02:00,[37],[33]
2026-08-19T08:48:20+02:00,[38],[24]
2026-08-19T08:38:21+02:00,[37],[40]
2026-08-19T08:18:20+02:00,[37],[40]
2026-08-19T07:38:20+02:00,[37],[34]
2026-08-19T07:28:20+02:00,[38],[56]
2026-08-19T07:18:20+02:00,[38],[241]
2026-08-19T07:08:21+02:00,[37],[57]
2026-08-19T06:58:20+02:00,[37],[52]
2026-08-19T06:48:20+02:00,[38],[32]
2026-08-19T06:38:20+02:00,[37],[23]
2026-08-19T06:08:20+02:00,[38],[35]
2026-08-19T05:48:20+02:00,[37],[53]
2026-08-19T05:38:20+02:00,[37],[34]
2026-08-19T05:28:20+02:00,[38],[78]
2026-08-19T05:18:20+02:00,[37],[59]
2026-08-19T05:08:20+02:00,[37],[87]
2026-08-19T04:58:20+02:00,[37],[60]
2026-08-19T04:38:20+02:00,[37],[42]
2026-08-19T04:28:20+02:00,[38],[43]
2026-08-19T04:18:20+02:00,[37],[46]
2026-08-19T04:08:20+02:00,[37],[53]
2026-08-19T03:38:20+02:00,[37],[226]
2026-08-19T03:28:20+02:00,[37],[44]
2026-08-19T03:08:20+02:00,[37],[32]
2026-08-19T02:38:20+02:00,[37],[131]
2026-08-19T02:18:20+02:00,[37],[48]
2026-08-19T02:08:20+02:00,[37],[42]
2026-08-18T16:38:20+02:00,[38],[51]
2026-08-18T11:58:20+02:00,[37],[233]
2026-08-18T11:28:20+02:00,[37],[144]
2026-08-18T11:18:20+02:00,[37],[30]
2026-08-18T11:08:21+02:00,[37],[22]
2026-08-18T10:48:20+02:00,[37],[18]
2026-08-18T10:38:20+02:00,[37],[32]
2026-08-18T10:28:20+02:00,[37],[34]
2026-08-18T10:08:20+02:00,[37],[88]
2026-08-18T09:48:20+02:00,[37],[46]
2026-08-18T09:38:20+02:00,[37],[19]
2026-08-18T09:28:20+02:00,[37],[38]
2026-08-18T09:18:20+02:00,[37],[56]
2026-08-18T09:08:20+02:00,[37],[21]
2026-08-18T08:38:20+02:00,[37],[86]
2026-08-18T08:28:20+02:00,[37],[19]
2026-08-18T08:08:20+02:00,[37],[144]
2026-08-18T07:58:20+02:00,[37],[59]
2026-08-18T07:38:20+02:00,[38],[39]
2026-08-18T07:28:20+02:00,[37],[40]
2026-08-18T06:48:20+02:00,[37],[29]
2026-08-18T06:38:20+02:00,[37],[40]
2026-08-18T06:18:20+02:00,[37],[47]
2026-08-18T06:08:20+02:00,[37],[42]
2026-08-18T05:48:21+02:00,[37],[51]
2026-08-18T05:28:20+02:00,[37],[46]
2026-08-18T05:18:21+02:00,[37],[26]
2026-08-18T04:38:20+02:00,[37],[34]
2026-08-18T04:28:20+02:00,[38],[93]
2026-08-18T04:18:20+02:00,[37],[63]
2026-08-18T03:58:20+02:00,[37],[62]
2026-08-18T03:48:20+02:00,[37],[26]
2026-08-18T03:38:20+02:00,[37],[26]
2026-08-18T03:28:20+02:00,[37],[55]
2026-08-18T03:18:20+02:00,[37],[59]
2026-08-18T02:58:20+02:00,[37],[24]
2026-08-18T02:28:20+02:00,[37],[44]
2026-08-18T01:58:20+02:00,[37],[38]
2026-08-17T15:18:23+02:00,[37],[89]
2026-08-17T15:08:23+02:00,[38],[36]
2026-08-17T13:28:23+02:00,[37],[81]
2026-08-17T13:08:23+02:00,[37],[59]
2026-08-17T12:58:23+02:00,[38],[52]
2026-08-17T12:48:23+02:00,[37],[68]
2026-08-17T12:28:23+02:00,[37],[53]
2026-08-17T12:08:23+02:00,[38],[29]
2026-08-17T11:18:24+02:00,[37],[5]
2026-08-17T10:38:23+02:00,[37],[34]
2026-08-17T09:48:23+02:00,[37],[150]
2026-08-17T09:38:24+02:00,[37],[80]
2026-08-17T09:28:22+02:00,[38],[25]
2026-08-17T08:58:23+02:00,[37],[29]
2026-08-17T08:38:23+02:00,[37],[19]
2026-08-17T08:28:23+02:00,[37],[19]
2026-08-17T08:18:23+02:00,[37],[106]
2026-08-17T07:48:23+02:00,[37],[32]
2026-08-17T07:18:23+02:00,[37],[35]
2026-08-17T06:58:23+02:00,[37],[45]
2026-08-17T06:38:23+02:00,[37],[40]
2026-08-17T06:28:23+02:00,[38],[23]
2026-08-17T06:18:23+02:00,[38],[39]
2026-08-17T05:48:23+02:00,[38],[43]
2026-08-17T05:38:23+02:00,[37],[32]
2026-08-17T05:18:23+02:00,[37],[63]
2026-08-17T04:48:22+02:00,[38],[45]
2026-08-17T04:38:23+02:00,[37],[70]
2026-08-17T04:28:23+02:00,[38],[21]
2026-08-17T04:18:23+02:00,[37],[40]
2026-08-17T04:08:23+02:00,[38],[26]
2026-08-17T03:58:23+02:00,[37],[61]
2026-08-17T03:48:23+02:00,[37],[111]
2026-08-17T03:28:23+02:00,[37],[30]
2026-08-17T03:18:23+02:00,[38],[32]
2026-08-17T03:08:23+02:00,[37],[28]
2026-08-17T02:48:23+02:00,[37],[60]
2026-08-17T02:38:23+02:00,[37],[26]
2026-08-17T02:18:23+02:00,[37],[14]
2026-08-16T16:08:23+02:00,[37],[45]
2026-08-16T15:58:24+02:00,[37],[19]
2026-08-16T15:48:23+02:00,[37],[27]
2026-08-16T15:38:23+02:00,[37],[24]
2026-08-16T15:28:23+02:00,[37],[30]
2026-08-16T15:08:24+02:00,[37],[25]
2026-08-16T14:58:22+02:00,[38],[93]
2026-08-16T14:48:23+02:00,[37],[21]
2026-08-16T14:28:23+02:00,[37],[25]
2026-08-16T13:38:23+02:00,[37],[13]
2026-08-16T13:28:23+02:00,[37],[17]
2026-08-16T13:18:23+02:00,[37],[34]
2026-08-16T13:08:23+02:00,[37],[35]
2026-08-16T12:58:23+02:00,[37],[43]
2026-08-16T12:48:23+02:00,[38],[35]
2026-08-16T12:38:23+02:00,[37],[65]
2026-08-16T12:08:23+02:00,[38],[85]
2026-08-16T11:58:23+02:00,[38],[78]
2026-08-16T11:48:23+02:00,[37],[52]
2026-08-16T09:58:23+02:00,[37],[21]
2026-08-16T09:48:23+02:00,[38],[20]
2026-08-16T09:08:23+02:00,[37],[20]
2026-08-16T08:58:24+02:00,[37],[187]
2026-08-16T08:48:23+02:00,[37],[23]
2026-08-16T08:38:23+02:00,[37],[56]
2026-08-16T08:28:23+02:00,[37],[30]
2026-08-16T08:08:23+02:00,[37],[23]
2026-08-16T07:38:23+02:00,[38],[46]
2026-08-16T07:18:23+02:00,[37],[35]
2026-08-16T07:08:22+02:00,[38],[118]
2026-08-16T06:58:23+02:00,[37],[34]
2026-08-16T06:48:23+02:00,[37],[45]
2026-08-16T06:08:22+02:00,[38],[59]
2026-08-16T05:48:23+02:00,[37],[55]
2026-08-16T05:38:23+02:00,[37],[45]
2026-08-16T05:18:23+02:00,[37],[73]
2026-08-16T05:08:23+02:00,[37],[319]
2026-08-16T04:48:23+02:00,[37],[35]
2026-08-16T04:38:23+02:00,[37],[60]
2026-08-16T04:08:23+02:00,[37],[95]
2026-08-16T03:48:23+02:00,[37],[51]
2026-08-16T03:38:23+02:00,[37],[13]
2026-08-16T03:28:23+02:00,[37],[25]
2026-08-16T03:18:23+02:00,[37],[315]
2026-08-16T01:58:23+02:00,[38],[56]
2026-08-15T15:38:23+02:00,[38],[16]
2026-08-15T15:18:23+02:00,[37],[54]
2026-08-15T15:08:23+02:00,[37],[18]
2026-08-15T14:38:23+02:00,[38],[10]
2026-08-15T14:28:23+02:00,[37],[22]
2026-08-15T14:18:23+02:00,[37],[24]
2026-08-15T13:38:22+02:00,[37],[29]
2026-08-15T13:18:24+02:00,[37],[41]
2026-08-15T13:08:23+02:00,[37],[39]
2026-08-15T12:48:23+02:00,[37],[33]
2026-08-15T12:28:23+02:00,[37],[15]
2026-08-15T12:18:23+02:00,[37],[18]
2026-08-15T12:08:23+02:00,[38],[53]
2026-08-15T11:58:24+02:00,[37],[41]
2026-08-15T11:48:23+02:00,[37],[60]
2026-08-15T11:38:23+02:00,[37],[332]
2026-08-15T11:08:23+02:00,[37],[28]
2026-08-15T10:48:23+02:00,[37],[76]
2026-08-15T08:38:23+02:00,[37],[21]
2026-08-15T08:28:23+02:00,[37],[28]
2026-08-15T08:18:23+02:00,[37],[29]
2026-08-15T08:08:23+02:00,[37],[89]
2026-08-15T07:48:24+02:00,[37],[20]
2026-08-15T07:38:23+02:00,[37],[30]
2026-08-15T06:38:23+02:00,[37],[59]
2026-08-15T06:18:23+02:00,[37],[18]
2026-08-15T05:38:23+02:00,[38],[12]
2026-08-15T05:28:23+02:00,[37],[62]
2026-08-15T05:18:23+02:00,[38],[52]
2026-08-15T04:58:23+02:00,[38],[51]
2026-08-15T04:08:23+02:00,[37],[156]
2026-08-15T03:28:23+02:00,[37],[44]
2026-08-15T03:18:23+02:00,[37],[47]
2026-08-15T02:58:24+02:00,[37],[61]
2026-08-15T02:48:23+02:00,[37],[51]
2026-08-15T02:28:23+02:00,[37],[37]
2026-08-15T02:08:23+02:00,[37],[67]
2026-08-14T18:08:23+02:00,[37],[16]
2026-08-14T17:48:23+02:00,[37],[20]
2026-08-14T17:38:23+02:00,[37],[20]
2026-08-14T17:28:23+02:00,[37],[32]
2026-08-14T17:18:22+02:00,[38],[34]
2026-08-14T16:48:23+02:00,[37],[13]
2026-08-14T16:38:23+02:00,[38],[44]
2026-08-14T16:28:23+02:00,[37],[27]
2026-08-14T16:08:23+02:00,[38],[160]
2026-08-14T15:58:23+02:00,[37],[15]
2026-08-14T15:48:23+02:00,[37],[15]
2026-08-14T15:38:23+02:00,[37],[30]
2026-08-14T15:18:23+02:00,[37],[27]
2026-08-14T15:08:22+02:00,[38],[19]
2026-08-14T14:58:23+02:00,[37],[23]
2026-08-14T13:58:23+02:00,[37],[14]
2026-08-14T13:48:23+02:00,[37],[9]
2026-08-14T13:38:23+02:00,[38],[8]
2026-08-14T12:18:23+02:00,[37],[41]
2026-08-14T11:18:24+02:00,[37],[14]
2026-08-14T08:58:23+02:00,[37],[19]
2026-08-14T08:38:26+02:00,[37],[29]
2026-08-14T08:18:26+02:00,[37],[19]
2026-08-14T08:08:26+02:00,[37],[14]
2026-08-14T07:48:26+02:00,[37],[11]
2026-08-14T07:38:26+02:00,[38],[27]
2026-08-14T07:28:26+02:00,[37],[40]
2026-08-14T06:12:09+02:00,"[60,60,60,60,60,60,60,60,60,60,60,60,60,60,60]","[0,0,0,0,0,0,0,0,0,0,0,0,0,0,0]"
2026-08-14T05:28:26+02:00,[37],[41]
2026-08-14T05:18:26+02:00,[37],[28]
2026-08-14T04:58:26+02:00,[37],[58]
2026-08-14T04:48:26+02:00,[37],[50]
2026-08-14T04:38:26+02:00,[38],[52]
2026-08-14T04:28:26+02:00,[37],[30]
2026-08-14T04:18:27+02:00,[37],[57]
2026-08-14T03:58:26+02:00,[37],[54]
2026-08-14T03:48:26+02:00,[37],[39]
2026-08-14T03:38:27+02:00,[37],[56]
2026-08-14T03:28:26+02:00,[37],[46]
2026-08-14T03:18:25+02:00,[38],[63]
2026-08-14T03:08:26+02:00,[38],[154]
2026-08-14T02:48:26+02:00,[38],[56]
2026-08-14T02:18:26+02:00,[37],[62]
2026-08-13T14:38:26+02:00,[37],[59]
2026-08-13T14:28:26+02:00,[37],[27]
2026-08-13T14:18:26+02:00,[38],[28]
2026-08-13T14:08:26+02:00,[38],[12]
2026-08-13T13:58:26+02:00,[38],[30]
2026-08-13T13:48:26+02:00,[38],[16]
2026-08-13T11:58:26+02:00,[37],[31]
2026-08-13T11:38:26+02:00,[37],[29]
2026-08-13T10:58:26+02:00,[37],[57]
2026-08-13T10:28:26+02:00,[37],[33]
2026-08-13T10:18:26+02:00,[38],[43]
2026-08-13T10:08:26+02:00,[37],[47]
2026-08-13T09:58:26+02:00,[37],[188]
2026-08-13T09:38:26+02:00,[37],[25]
2026-08-13T09:28:27+02:00,[37],[22]
2026-08-13T09:18:26+02:00,[37],[22]
2026-08-13T08:38:26+02:00,[37],[63]
2026-08-13T08:28:26+02:00,[37],[34]
2026-08-13T08:08:25+02:00,[38],[48]
2026-08-13T07:58:26+02:00,[37],[55]
2026-08-13T07:28:26+02:00,[37],[25]
2026-08-13T07:18:26+02:00,[38],[32]
2026-08-13T06:58:26+02:00,[37],[48]
2026-08-13T06:48:26+02:00,[38],[62]
2026-08-13T06:38:26+02:00,[37],[50]
2026-08-13T06:08:26+02:00,[38],[58]
2026-08-13T05:58:26+02:00,[38],[209]
2026-08-13T05:38:26+02:00,[37],[311]
2026-08-13T05:18:26+02:00,[37],[59]
2026-08-13T05:08:26+02:00,[37],[64]
2026-08-13T04:58:25+02:00,[38],[197]
2026-08-13T04:48:26+02:00,[38],[53]
2026-08-13T04:28:26+02:00,[37],[27]
2026-08-13T04:18:26+02:00,[37],[56]
2026-08-13T04:08:26+02:00,[38],[72]
2026-08-13T03:58:26+02:00,[37],[83]
2026-08-13T03:48:26+02:00,[37],[64]
2026-08-13T03:38:26+02:00,[38],[51]
2026-08-13T03:28:26+02:00,[37],[58]
2026-08-13T03:18:25+02:00,[38],[45]
2026-08-13T03:08:25+02:00,[38],[58]
2026-08-13T02:48:26+02:00,[37],[54]
2026-08-13T02:38:26+02:00,[37],[15]
2026-08-12T13:58:26+02:00,[37],[31]
2026-08-12T13:48:26+02:00,[37],[24]
2026-08-12T13:38:25+02:00,[38],[34]
2026-08-12T13:28:27+02:00,[37],[29]
2026-08-12T13:18:26+02:00,[37],[33]
2026-08-12T13:08:26+02:00,[37],[26]
2026-08-12T12:58:26+02:00,[38],[26]
2026-08-12T12:38:26+02:00,[37],[35]
2026-08-12T12:28:26+02:00,[38],[25]
2026-08-12T11:58:26+02:00,[37],[43]
2026-08-12T11:48:26+02:00,[37],[20]
2026-08-12T10:38:26+02:00,[38],[24]
2026-08-12T10:18:26+02:00,[37],[20]
2026-08-12T10:08:26+02:00,[37],[37]
2026-08-12T09:58:26+02:00,[37],[37]
2026-08-12T09:48:26+02:00,[37],[137]
2026-08-12T09:38:26+02:00,[38],[22]
2026-08-12T09:28:26+02:00,[38],[156]
2026-08-12T09:18:26+02:00,[37],[51]
2026-08-12T08:48:26+02:00,[37],[44]
2026-08-12T08:28:25+02:00,[38],[36]
2026-08-12T08:18:26+02:00,[37],[25]
2026-08-12T08:08:27+02:00,[37],[38]
2026-08-12T07:58:26+02:00,[37],[23]
2026-08-12T07:38:26+02:00,[37],[46]
2026-08-12T07:28:26+02:00,[37],[24]
2026-08-12T06:58:26+02:00,[37],[26]
2026-08-12T06:48:26+02:00,[37],[33]
2026-08-12T06:38:26+02:00,[37],[143]
2026-08-12T05:38:26+02:00,[37],[73]
2026-08-12T05:28:27+02:00,[37],[76]
2026-08-12T05:18:26+02:00,[37],[36]
2026-08-12T05:08:26+02:00,[37],[74]
2026-08-12T04:58:26+02:00,[37],[75]
2026-08-12T04:28:26+02:00,[37],[29]
2026-08-12T04:18:26+02:00,[38],[185]
2026-08-12T04:08:26+02:00,[37],[195]
2026-08-12T03:38:26+02:00,[38],[61]
2026-08-12T03:28:26+02:00,[37],[21]
2026-08-12T03:18:26+02:00,[37],[46]
2026-08-12T03:08:26+02:00,[37],[26]
2026-08-12T02:28:26+02:00,[37],[44]
2026-08-11T14:58:26+02:00,[37],[29]
2026-08-11T14:48:25+02:00,[38],[123]
2026-08-11T14:38:26+02:00,[37],[50]
2026-08-11T14:08:26+02:00,[37],[38]
2026-08-11T13:58:26+02:00,[37],[21]
2026-08-11T11:38:26+02:00,[37],[39]
2026-08-11T11:28:26+02:00,[37],[44]
2026-08-11T11:18:26+02:00,[37],[29]
2026-08-11T11:08:27+02:00,[37],[54]
2026-08-11T10:58:26+02:00,[37],[54]
2026-08-11T10:38:26+02:00,[37],[55]
2026-08-11T09:38:26+02:00,[37],[39]
2026-08-11T09:28:26+02:00,[38],[22]
2026-08-11T09:18:27+02:00,[37],[20]
2026-08-11T08:48:26+02:00,[38],[23]
2026-08-11T08:38:26+02:00,[37],[23]
2026-08-11T08:28:26+02:00,[37],[11]
2026-08-11T08:08:29+02:00,[37],[40]
2026-08-11T07:38:29+02:00,[37],[59]
2026-08-11T07:28:29+02:00,[37],[43]
2026-08-11T07:18:30+02:00,[37],[217]
2026-08-11T06:48:29+02:00,[37],[26]
2026-08-11T06:38:29+02:00,[37],[302]
2026-08-11T05:58:29+02:00,[37],[26]
2026-08-11T05:38:29+02:00,[37],[17]
2026-08-11T05:28:29+02:00,[37],[46]
2026-08-11T04:58:29+02:00,[37],[46]
2026-08-11T04:48:29+02:00,[37],[23]
2026-08-11T04:18:29+02:00,[37],[28]
2026-08-11T03:58:29+02:00,[37],[34]
2026-08-11T03:38:29+02:00,[38],[27]
2026-08-11T03:28:29+02:00,[37],[34]
2026-08-11T03:18:29+02:00,[37],[27]
2026-08-11T02:58:29+02:00,[38],[22]
2026-08-11T02:18:30+02:00,[37],[58]
2026-08-10T15:28:29+02:00,[37],[14]
2026-08-10T14:38:28+02:00,[37],[18]
2026-08-10T14:28:29+02:00,[38],[18]
2026-08-10T14:18:28+02:00,[37],[19]
2026-08-10T14:08:29+02:00,[37],[166]
2026-08-10T13:38:29+02:00,[37],[16]
2026-08-10T13:18:29+02:00,[37],[84]
2026-08-10T13:08:29+02:00,[37],[91]
2026-08-10T12:48:29+02:00,[37],[51]
2026-08-10T11:48:29+02:00,[37],[36]
2026-08-10T11:08:29+02:00,[37],[24]
2026-08-10T10:38:29+02:00,[37],[34]
2026-08-10T10:28:29+02:00,[37],[26]
2026-08-10T10:18:30+02:00,[37],[38]
2026-08-10T09:58:29+02:00,[37],[39]
2026-08-10T09:38:29+02:00,[37],[56]
2026-08-10T09:08:30+02:00,[37],[42]
2026-08-10T08:28:29+02:00,[37],[19]
2026-08-10T08:18:29+02:00,[38],[51]
2026-08-10T08:08:29+02:00,[37],[64]
2026-08-10T07:58:29+02:00,[38],[26]
2026-08-10T07:48:29+02:00,[37],[40]
2026-08-10T07:38:28+02:00,[38],[16]
2026-08-10T07:28:30+02:00,[37],[13]
2026-08-10T07:18:34+02:00,[38],[32]
2026-08-10T07:08:29+02:00,[37],[89]
2026-08-10T06:58:29+02:00,[38],[44]
2026-08-10T05:48:30+02:00,[37],[41]
2026-08-10T05:38:29+02:00,[37],[52]
2026-08-10T05:08:29+02:00,[38],[39]
2026-08-10T04:58:29+02:00,[38],[67]
2026-08-10T04:48:29+02:00,[38],[73]
2026-08-10T04:38:29+02:00,[37],[52]
2026-08-10T04:28:28+02:00,[38],[21]
2026-08-10T04:08:29+02:00,[37],[54]
2026-08-10T03:58:30+02:00,[37],[58]
2026-08-10T03:38:29+02:00,[37],[32]
2026-08-10T03:18:29+02:00,[37],[40]
2026-08-10T02:58:29+02:00,[37],[61]
2026-08-10T02:48:28+02:00,[38],[45]
2026-08-10T02:38:28+02:00,[38],[133]
2026-08-10T02:28:29+02:00,[38],[43]
2026-08-10T02:18:29+02:00,[37],[47]
2026-08-10T01:58:29+02:00,[37],[75]
2026-08-10T01:48:29+02:00,[37],[55]
2026-08-09T15:37:10+02:00,"[60,60]","[24,26]"
2026-08-09T15:28:29+02:00,[37],[30]
2026-08-09T15:18:29+02:00,[38],[13]
2026-08-09T15:08:29+02:00,[38],[23]
2026-08-09T14:58:29+02:00,[38],[21]
2026-08-09T14:48:29+02:00,[37],[36]
2026-08-09T14:38:29+02:00,[38],[15]
2026-08-09T14:28:29+02:00,[37],[18]
2026-08-09T14:08:29+02:00,[37],[19]
2026-08-09T11:28:29+02:00,[37],[53]
2026-08-09T10:18:29+02:00,[37],[28]
2026-08-09T10:08:29+02:00,[37],[11]
2026-08-09T09:58:29+02:00,[37],[15]
2026-08-09T09:48:29+02:00,[38],[46]
2026-08-09T09:28:29+02:00,[37],[43]
2026-08-09T09:18:30+02:00,[37],[23]
2026-08-09T08:18:29+02:00,[38],[35]
2026-08-08T16:58:29+02:00,[37],[21]
2026-08-08T16:38:29+02:00,[37],[18]
2026-08-08T16:28:28+02:00,[38],[28]
2026-08-08T16:18:29+02:00,[37],[17]
2026-08-08T16:08:29+02:00,[37],[16]
2026-08-08T15:58:29+02:00,[37],[16]
2026-08-08T13:38:37+02:00,[37],[23]
2026-08-08T12:08:29+02:00,[37],[42]
2026-08-08T11:38:29+02:00,[37],[10]
2026-08-08T09:48:29+02:00,[37],[22]
2026-08-08T09:38:30+02:00,[37],[69]
2026-08-08T09:08:29+02:00,[37],[23]
2026-08-08T08:38:29+02:00,[37],[31]
2026-08-08T08:28:29+02:00,[37],[46]
2026-08-08T06:28:32+02:00,[37],[13]
2026-08-08T03:48:32+02:00,[38],[24]
2026-08-08T03:38:31+02:00,[38],[71]
2026-08-07T14:28:32+02:00,[37],[26]
2026-08-07T14:08:32+02:00,[37],[38]
2026-08-07T13:58:32+02:00,[38],[27]
2026-08-07T13:38:31+02:00,[38],[21]
2026-08-07T13:28:32+02:00,[37],[20]
2026-08-07T13:08:32+02:00,[37],[48]
2026-08-07T12:58:32+02:00,[37],[57]
2026-08-07T11:08:32+02:00,[37],[49]
2026-08-07T10:48:32+02:00,[37],[172]
2026-08-07T10:38:32+02:00,[37],[23]
2026-08-07T10:28:32+02:00,[37],[44]
2026-08-07T10:18:32+02:00,[37],[36]
2026-08-07T10:08:32+02:00,[38],[21]
2026-08-07T09:58:32+02:00,[38],[68]
2026-08-07T09:48:32+02:00,[37],[43]
2026-08-07T09:38:32+02:00,[37],[32]
2026-08-07T08:58:32+02:00,[38],[25]
2026-08-07T08:48:32+02:00,[37],[26]
2026-08-07T08:38:32+02:00,[37],[51]
2026-08-07T08:28:32+02:00,[38],[21]
2026-08-07T08:18:32+02:00,[38],[52]
2026-08-07T07:38:32+02:00,[37],[28]
2026-08-07T07:28:32+02:00,[37],[38]
2026-08-07T07:18:32+02:00,[37],[14]
2026-08-07T05:28:32+02:00,[38],[52]
2026-08-07T05:08:32+02:00,[36],[157]
2026-08-07T04:48:32+02:00,[37],[40]
2026-08-07T04:38:32+02:00,[38],[14]
2026-08-07T04:18:32+02:00,[37],[35]
2026-08-07T03:58:32+02:00,[37],[22]
2026-08-07T03:28:31+02:00,[38],[33]
2026-08-07T03:18:32+02:00,[37],[56]
2026-08-07T03:08:32+02:00,[37],[73]
2026-08-06T16:48:32+02:00,[38],[12]
2026-08-06T16:38:32+02:00,[37],[33]
2026-08-06T16:28:32+02:00,[37],[16]
2026-08-06T16:18:32+02:00,[37],[26]
2026-08-06T16:08:31+02:00,[38],[21]
2026-08-06T15:58:32+02:00,[37],[26]
2026-08-06T14:58:32+02:00,[37],[50]
2026-08-06T13:48:32+02:00,[37],[49]
2026-08-06T12:48:32+02:00,[37],[39]
2026-08-06T11:58:32+02:00,[37],[29]
2026-08-06T11:48:32+02:00,[37],[17]
2026-08-06T11:38:32+02:00,[37],[25]
2026-08-06T11:28:32+02:00,[37],[14]
2026-08-06T08:48:32+02:00,[37],[48]
2026-08-06T08:38:32+02:00,[37],[33]
2026-08-06T08:28:32+02:00,[37],[37]
2026-08-06T08:18:32+02:00,[38],[25]
2026-08-06T07:48:31+02:00,[38],[29]
2026-08-06T07:28:32+02:00,[37],[23]
2026-08-06T07:18:32+02:00,[37],[50]
2026-08-06T06:58:32+02:00,[37],[29]
2026-08-06T06:48:32+02:00,[38],[63]
2026-08-06T06:38:32+02:00,[37],[59]
2026-08-06T06:28:32+02:00,[37],[125]
2026-08-06T06:08:31+02:00,[38],[45]
2026-08-06T05:28:32+02:00,[37],[77]
2026-08-06T05:18:32+02:00,[38],[81]
2026-08-06T04:58:32+02:00,[37],[79]
2026-08-06T04:48:32+02:00,[38],[40]
2026-08-06T04:38:32+02:00,[37],[61]
2026-08-06T04:28:32+02:00,[37],[26]
2026-08-06T04:18:32+02:00,[37],[49]
2026-08-06T03:28:32+02:00,[38],[52]
2026-08-06T03:18:32+02:00,[37],[32]
2026-08-06T03:08:32+02:00,[37],[34]
2026-08-06T02:58:32+02:00,[37],[29]
2026-08-06T02:28:32+02:00,[37],[38]
2026-08-06T01:58:32+02:00,[38],[14]
2026-08-06T01:48:32+02:00,[37],[54]
2026-08-05T16:08:32+02:00,[37],[92]
2026-08-05T14:58:31+02:00,[38],[18]
2026-08-05T14:48:32+02:00,[37],[62]
2026-08-05T14:38:32+02:00,[37],[41]
2026-08-05T14:18:32+02:00,[37],[195]
2026-08-05T13:48:32+02:00,[37],[29]
2026-08-05T13:38:32+02:00,[37],[76]
2026-08-05T11:08:35+02:00,[37],[260]
2026-08-05T10:58:35+02:00,[37],[35]
2026-08-05T10:48:35+02:00,[38],[38]
2026-08-05T10:18:35+02:00,[38],[35]
2026-08-05T09:58:35+02:00,[37],[27]
2026-08-05T09:48:36+02:00,[37],[51]
2026-08-05T09:38:35+02:00,[37],[38]
2026-08-05T09:28:35+02:00,[37],[9]
2026-08-05T09:18:35+02:00,[37],[21]
2026-08-05T08:08:35+02:00,[37],[30]
2026-08-05T07:58:36+02:00,[37],[38]
2026-08-05T07:28:35+02:00,[38],[21]
2026-08-05T07:18:36+02:00,[37],[16]
2026-08-05T07:08:35+02:00,[37],[48]
2026-08-05T06:38:35+02:00,[37],[53]
2026-08-05T06:18:35+02:00,[37],[89]
2026-08-05T05:48:35+02:00,[37],[40]
2026-08-05T04:48:35+02:00,[37],[40]
2026-08-05T04:38:35+02:00,[37],[99]
2026-08-05T03:58:35+02:00,[37],[44]
2026-08-05T03:38:35+02:00,[37],[34]
2026-08-05T03:28:35+02:00,[37],[44]
2026-08-05T03:18:35+02:00,[37],[44]
2026-08-05T03:08:36+02:00,[37],[8]
2026-08-05T02:48:35+02:00,[37],[22]
2026-08-05T02:18:35+02:00,[37],[39]
2026-08-05T01:48:35+02:00,[37],[44]
2026-08-04T16:38:35+02:00,[38],[84]
2026-08-04T13:08:22+02:00,[37],[174]
2026-08-04T12:55:49+02:00,[37],[20]
2026-08-04T11:25:49+02:00,[37],[24]
2026-08-04T11:15:49+02:00,[37],[20]
2026-08-04T11:05:48+02:00,[37],[62]
2026-08-04T10:15:49+02:00,[37],[17]
2026-08-04T09:45:49+02:00,[37],[124]
2026-08-04T09:35:49+02:00,[37],[56]
2026-08-04T09:25:49+02:00,[37],[61]
2026-08-04T09:05:49+02:00,[37],[62]
2026-08-04T08:45:49+02:00,[37],[30]
2026-08-04T08:25:49+02:00,[37],[25]
2026-08-04T07:55:49+02:00,[38],[32]
2026-08-04T07:25:49+02:00,[37],[31]
2026-08-04T07:05:50+02:00,[37],[56]
2026-08-04T06:15:49+02:00,[37],[36]
2026-08-04T05:55:49+02:00,[38],[41]
2026-08-04T05:45:49+02:00,[37],[46]
2026-08-04T05:35:49+02:00,[37],[99]
2026-08-04T05:25:49+02:00,[37],[57]
2026-08-04T05:05:49+02:00,[37],[40]
2026-08-04T04:45:49+02:00,[38],[54]
2026-08-04T04:35:49+02:00,[38],[38]
2026-08-04T03:35:49+02:00,[37],[25]
2026-08-04T03:25:49+02:00,[37],[55]
2026-08-04T03:15:48+02:00,[38],[27]
2026-08-04T03:05:49+02:00,[37],[172]
2026-08-04T02:35:49+02:00,[37],[22]
2026-08-04T02:15:49+02:00,[37],[14]
2026-08-04T02:05:49+02:00,[37],[14]
2026-08-04T01:55:49+02:00,[38],[138]
2026-08-04T01:35:49+02:00,[37],[32]
2026-08-04T01:15:52+02:00,[37],[27]
2026-08-03T15:45:52+02:00,[37],[20]
2026-08-03T15:35:51+02:00,[38],[49]
2026-08-03T15:05:52+02:00,[38],[267]
2026-08-03T14:45:52+02:00,[37],[16]
2026-08-03T14:15:52+02:00,[37],[40]
2026-08-03T13:25:52+02:00,[37],[35]
2026-08-03T13:15:52+02:00,[37],[192]
2026-08-03T13:05:52+02:00,[37],[48]
2026-08-03T12:45:52+02:00,[37],[42]
2026-08-03T12:25:52+02:00,[37],[52]
2026-08-03T12:05:52+02:00,[38],[25]
2026-08-03T11:45:52+02:00,[37],[368]
2026-08-03T11:35:52+02:00,[37],[42]
2026-08-03T11:25:52+02:00,[38],[193]
2026-08-03T11:15:52+02:00,[37],[30]
2026-08-03T10:45:52+02:00,[37],[35]
2026-08-03T10:25:52+02:00,[37],[133]
2026-08-03T09:55:52+02:00,[37],[42]
2026-08-03T09:05:52+02:00,[37],[51]
2026-08-03T08:15:52+02:00,[38],[11]
2026-08-03T08:05:51+02:00,[37],[152]
2026-08-03T07:55:52+02:00,[37],[53]
2026-08-03T07:35:52+02:00,[37],[50]
2026-08-03T07:25:52+02:00,[37],[47]
2026-08-03T07:05:52+02:00,[37],[50]
2026-08-03T06:55:51+02:00,[37],[27]
2026-08-03T06:45:52+02:00,[37],[50]
2026-08-03T05:45:52+02:00,[38],[42]
2026-08-03T05:15:52+02:00,[38],[85]
2026-08-03T04:55:52+02:00,[37],[242]
2026-08-03T04:45:52+02:00,[37],[32]
2026-08-03T04:05:52+02:00,[38],[39]
2026-08-03T03:55:52+02:00,[37],[27]
2026-08-03T03:05:52+02:00,[37],[53]
2026-08-02T15:55:52+02:00,[37],[10]
2026-08-02T15:45:52+02:00,[37],[28]
2026-08-02T15:35:52+02:00,[37],[16]
2026-08-02T15:15:52+02:00,[37],[14]
2026-08-02T15:05:52+02:00,[37],[33]
2026-08-02T14:55:52+02:00,[38],[64]
2026-08-02T14:45:52+02:00,[37],[233]
2026-08-02T14:25:52+02:00,[38],[28]
2026-08-02T13:25:52+02:00,[37],[70]
2026-08-02T13:15:51+02:00,[38],[21]
2026-08-02T12:45:51+02:00,[37],[71]
2026-08-02T12:15:52+02:00,[37],[56]
2026-08-02T11:55:52+02:00,[37],[38]
2026-08-02T10:45:52+02:00,[37],[34]
2026-08-02T10:25:51+02:00,[39],[146]
2026-08-02T10:15:52+02:00,[37],[85]
2026-08-02T10:05:52+02:00,[37],[44]
2026-08-02T09:35:52+02:00,[37],[147]
2026-08-02T09:05:52+02:00,[37],[16]
2026-08-02T08:45:52+02:00,[37],[15]
2026-08-02T08:25:52+02:00,[37],[60]
2026-08-02T07:45:52+02:00,[37],[329]
2026-08-02T04:57:09+02:00,"[60,60,60,60,60,60,60,60,60,60,60,60,60,60]","[0,0,0,0,0,0,0,27,0,0,0,0,0,0]"
2026-08-01T15:35:52+02:00,[37],[320]
2026-08-01T15:25:51+02:00,[38],[32]
2026-08-01T15:05:52+02:00,[37],[18]
2026-08-01T14:55:52+02:00,[37],[22]
2026-08-01T14:35:52+02:00,[37],[40]
2026-08-01T14:15:52+02:00,[38],[34]
2026-08-01T14:05:52+02:00,[37],[32]
2026-08-01T13:25:52+02:00,[37],[32]
2026-08-01T13:15:52+02:00,[37],[62]
2026-08-01T13:05:52+02:00,[37],[12]
2026-08-01T12:45:52+02:00,[37],[28]
2026-08-01T10:55:52+02:00,[37],[64]
2026-08-01T09:58:09+02:00,"[60,60,60,60]","[39,38,59,61]"
2026-08-01T09:55:52+02:00,[37],[28]
2026-08-01T09:45:52+02:00,[37],[28]
2026-08-01T09:35:52+02:00,[37],[68]
2026-08-01T09:25:52+02:00,[37],[197]
2026-08-01T09:15:52+02:00,[37],[31]
2026-08-01T09:05:52+02:00,[37],[20]
2026-08-01T08:35:52+02:00,[37],[25]
2026-08-01T08:25:52+02:00,[37],[245]
2026-08-01T08:15:52+02:00,[37],[15]
2026-08-01T07:55:52+02:00,[37],[49]
2026-08-01T05:45:52+02:00,[37],[42]
2026-08-01T05:05:52+02:00,[38],[54]
2026-08-01T04:35:52+02:00,[37],[18]
2026-08-01T04:25:52+02:00,[37],[32]
2026-08-01T04:15:52+02:00,[37],[30]
2026-08-01T04:05:52+02:00,[38],[31]
2026-08-01T03:55:52+02:00,[38],[35]
2026-07-31T16:05:55+02:00,[37],[17]
2026-07-31T15:55:55+02:00,[37],[16]
2026-07-31T15:45:55+02:00,[38],[27]
2026-07-31T15:35:55+02:00,[37],[14]
2026-07-31T15:15:55+02:00,[37],[11]
2026-07-31T15:05:55+02:00,[37],[24]
2026-07-31T14:45:55+02:00,[37],[8]
2026-07-31T14:35:55+02:00,[37],[19]
2026-07-31T14:25:55+02:00,[37],[30]
2026-07-31T14:15:55+02:00,[37],[143]
2026-07-31T14:05:54+02:00,[37],[40]
2026-07-31T13:55:55+02:00,[37],[11]
2026-07-31T13:45:55+02:00,[37],[12]
2026-07-31T13:35:37+02:00,[37],[15]
2026-07-31T13:25:13+02:00,[38],[13]
2026-07-31T13:05:14+02:00,[37],[71]
2026-07-31T12:55:13+02:00,[38],[9]
2026-07-31T12:45:14+02:00,[37],[14]
2026-07-31T12:35:14+02:00,[37],[7]
2026-07-31T12:15:14+02:00,[38],[168]
2026-07-31T11:55:14+02:00,[38],[39]
2026-07-31T09:25:14+02:00,[37],[256]
2026-07-31T08:55:13+02:00,[38],[16]
2026-07-31T08:35:14+02:00,[38],[31]
2026-07-31T08:25:14+02:00,[38],[33]
2026-07-31T08:15:13+02:00,[37],[26]
2026-07-31T08:05:14+02:00,[38],[19]
2026-07-31T07:55:15+02:00,[37],[14]
2026-07-31T07:45:13+02:00,[38],[7]
2026-07-31T07:25:14+02:00,[37],[18]
2026-07-31T07:15:14+02:00,[37],[16]
2026-07-31T05:45:14+02:00,[37],[12]
2026-07-31T05:25:14+02:00,[37],[36]
2026-07-31T05:15:14+02:00,[37],[40]
2026-07-31T05:05:14+02:00,[37],[30]
2026-07-31T04:55:14+02:00,[38],[23]
2026-07-31T04:45:14+02:00,[38],[70]
2026-07-31T04:35:14+02:00,[37],[42]
2026-07-31T04:25:14+02:00,[38],[24]
2026-07-31T04:15:14+02:00,[37],[54]
2026-07-31T04:05:14+02:00,[37],[52]
2026-07-31T03:55:14+02:00,[37],[41]
2026-07-31T03:15:14+02:00,[38],[35]
2026-07-31T02:55:14+02:00,[37],[170]
2026-07-31T02:45:14+02:00,[38],[157]
2026-07-31T02:35:14+02:00,[38],[34]
2026-07-31T02:15:14+02:00,[38],[30]
2026-07-31T02:05:14+02:00,[37],[87]
2026-07-31T01:45:14+02:00,[37],[44]
2026-07-30T16:15:14+02:00,[37],[21]
2026-07-30T16:05:14+02:00,[37],[14]
2026-07-30T15:55:14+02:00,[38],[14]
2026-07-30T15:45:14+02:00,[38],[24]
2026-07-30T14:25:14+02:00,[37],[31]
2026-07-30T14:15:14+02:00,[37],[21]
2026-07-30T14:05:14+02:00,[37],[8]
2026-07-30T13:15:14+02:00,[37],[31]
2026-07-30T12:55:14+02:00,[38],[16]
2026-07-30T12:15:14+02:00,[37],[32]
2026-07-30T11:15:14+02:00,[37],[26]
2026-07-30T10:55:14+02:00,[37],[55]
2026-07-30T10:35:14+02:00,[37],[39]
2026-07-30T10:05:14+02:00,[38],[53]
2026-07-30T08:55:13+02:00,[38],[19]
2026-07-30T08:25:14+02:00,[37],[47]
2026-07-30T08:15:15+02:00,[37],[56]
2026-07-30T08:05:14+02:00,[37],[26]
2026-07-30T07:35:17+02:00,[37],[23]
2026-07-30T07:25:17+02:00,[38],[21]
2026-07-30T07:15:17+02:00,[37],[61]
2026-07-30T07:05:17+02:00,[37],[44]
2026-07-30T06:45:17+02:00,[37],[35]
2026-07-30T06:15:17+02:00,[37],[43]
2026-07-30T06:05:17+02:00,[37],[63]
2026-07-30T05:55:17+02:00,[37],[34]
2026-07-30T04:45:17+02:00,[37],[37]
2026-07-30T04:25:17+02:00,[37],[28]
2026-07-30T04:05:17+02:00,[37],[52]
2026-07-30T03:55:17+02:00,[38],[85]
2026-07-30T03:45:17+02:00,[37],[29]
2026-07-30T03:25:17+02:00,[37],[40]
2026-07-30T03:15:17+02:00,[37],[27]
2026-07-30T03:05:17+02:00,[37],[19]
2026-07-30T02:55:17+02:00,[37],[20]
2026-07-30T02:05:17+02:00,[37],[58]
2026-07-29T13:45:17+02:00,[37],[46]
2026-07-29T13:35:17+02:00,[37],[61]
2026-07-29T13:25:17+02:00,[37],[57]
2026-07-29T13:05:17+02:00,[37],[29]
2026-07-29T12:35:17+02:00,[37],[27]
2026-07-29T12:05:17+02:00,[37],[37]
2026-07-29T11:15:17+02:00,[37],[30]
2026-07-29T11:05:17+02:00,[37],[8]
2026-07-29T10:55:17+02:00,[37],[124]
2026-07-29T10:45:17+02:00,[37],[64]
2026-07-29T10:25:17+02:00,[37],[35]
2026-07-29T09:55:17+02:00,[37],[80]
2026-07-29T09:45:17+02:00,[37],[40]
2026-07-29T09:35:17+02:00,[37],[34]
2026-07-29T08:55:17+02:00,[37],[27]
2026-07-29T08:45:17+02:00,[37],[73]
2026-07-29T08:35:17+02:00,[37],[19]
2026-07-29T08:15:17+02:00,[37],[24]
2026-07-29T08:05:17+02:00,[37],[48]
2026-07-29T07:25:17+02:00,[37],[117]
2026-07-29T07:05:17+02:00,[37],[25]
2026-07-29T06:55:17+02:00,[37],[36]
2026-07-29T06:45:17+02:00,[37],[16]
2026-07-29T06:15:17+02:00,[38],[50]
2026-07-29T05:25:17+02:00,[37],[46]
2026-07-29T05:15:17+02:00,[37],[51]
2026-07-29T05:05:17+02:00,[37],[156]
2026-07-29T04:05:17+02:00,[37],[55]
2026-07-29T03:25:17+02:00,[37],[28]
2026-07-29T03:15:17+02:00,[37],[52]
2026-07-29T02:25:17+02:00,[37],[47]
2026-07-28T17:25:17+02:00,[37],[31]
2026-07-28T17:15:17+02:00,[37],[20]
2026-07-28T17:05:17+02:00,[37],[11]
2026-07-28T16:55:16+02:00,[38],[21]
2026-07-28T16:15:17+02:00,[37],[94]
2026-07-28T15:25:17+02:00,[37],[24]
2026-07-28T12:15:17+02:00,[37],[59]
2026-07-28T12:05:17+02:00,[38],[39]
2026-07-28T11:35:17+02:00,[37],[53]
2026-07-28T11:25:17+02:00,[38],[59]
2026-07-28T11:05:17+02:00,[37],[39]
2026-07-28T10:45:17+02:00,[37],[200]
2026-07-28T09:55:17+02:00,[37],[42]
2026-07-28T09:15:17+02:00,[37],[5]
2026-07-28T09:05:17+02:00,[38],[48]
2026-07-28T08:55:17+02:00,[37],[24]
2026-07-28T08:15:17+02:00,[37],[46]
2026-07-28T07:55:17+02:00,[37],[17]
2026-07-28T07:25:17+02:00,[37],[45]
2026-07-28T07:15:17+02:00,[38],[53]
2026-07-28T07:05:17+02:00,[37],[39]
2026-07-28T06:35:17+02:00,[37],[47]
2026-07-28T06:25:17+02:00,[37],[53]
2026-07-28T05:45:17+02:00,[37],[105]
2026-07-28T05:35:17+02:00,[37],[21]
2026-07-28T05:05:17+02:00,[37],[20]
2026-07-28T04:55:17+02:00,[38],[33]
2026-07-28T04:35:17+02:00,[38],[31]
2026-07-28T04:15:17+02:00,[37],[32]
2026-07-28T04:05:17+02:00,[38],[9]
2026-07-28T03:55:17+02:00,[37],[26]
2026-07-28T03:45:17+02:00,[37],[51]
2026-07-28T03:25:17+02:00,[37],[26]
2026-07-28T02:55:17+02:00,[37],[27]
2026-07-28T02:35:17+02:00,[38],[25]
2026-07-28T02:15:17+02:00,[37],[12]
2026-07-27T13:25:17+02:00,[38],[31]
2026-07-27T13:15:17+02:00,[37],[49]
2026-07-27T12:55:17+02:00,[37],[15]
2026-07-27T12:45:17+02:00,[38],[33]
2026-07-27T12:35:17+02:00,[37],[34]
2026-07-27T12:25:17+02:00,[37],[27]
2026-07-27T12:15:20+02:00,[37],[13]
2026-07-27T11:45:20+02:00,[37],[55]
2026-07-27T11:25:20+02:00,[37],[37]
2026-07-27T10:54:16+02:00,[37],[49]
2026-07-27T10:44:16+02:00,[37],[80]
2026-07-27T10:24:16+02:00,[37],[93]
2026-07-27T10:14:16+02:00,[38],[44]
2026-07-27T09:54:16+02:00,[38],[112]
2026-07-27T08:57:07+02:00,[38],[310]
2026-07-27T08:47:07+02:00,[37],[25]
2026-07-27T08:37:07+02:00,[37],[36]
2026-07-27T08:27:07+02:00,[38],[53]
2026-07-27T07:57:07+02:00,[37],[25]
2026-07-27T07:37:07+02:00,[37],[83]
2026-07-27T07:17:07+02:00,[37],[17]
2026-07-27T06:47:07+02:00,[37],[192]
2026-07-27T06:37:07+02:00,[37],[195]
2026-07-27T06:27:07+02:00,[37],[91]
2026-07-27T05:47:07+02:00,[37],[17]
2026-07-27T05:37:07+02:00,[37],[48]
2026-07-27T05:17:07+02:00,[37],[51]
2026-07-27T05:07:07+02:00,[37],[45]
2026-07-27T04:37:07+02:00,[37],[57]
2026-07-27T04:17:07+02:00,[37],[54]
2026-07-27T03:47:07+02:00,[37],[27]
2026-07-27T03:27:07+02:00,[37],[36]
2026-07-27T03:17:07+02:00,[37],[29]
2026-07-27T03:07:07+02:00,[37],[51]
2026-07-27T02:57:07+02:00,[37],[161]
2026-07-27T02:47:07+02:00,[37],[28]
2026-07-27T02:37:06+02:00,[37],[37]
2026-07-26T16:07:06+02:00,[38],[13]
2026-07-26T15:57:07+02:00,[38],[15]
2026-07-26T15:47:07+02:00,[37],[19]
2026-07-26T15:37:07+02:00,[37],[32]
2026-07-26T15:27:07+02:00,[37],[15]
2026-07-26T15:17:07+02:00,[38],[32]
2026-07-26T14:47:07+02:00,[37],[31]
2026-07-26T14:37:07+02:00,[37],[15]
2026-07-26T14:27:06+02:00,[38],[14]
2026-07-26T14:17:07+02:00,[37],[36]
2026-07-26T14:07:07+02:00,[37],[16]
2026-07-26T13:47:07+02:00,[37],[36]
2026-07-26T13:37:07+02:00,[37],[25]
2026-07-26T13:27:07+02:00,[37],[22]
2026-07-26T13:17:07+02:00,[38],[35]
2026-07-26T13:07:07+02:00,[37],[24]
2026-07-26T12:57:06+02:00,[38],[12]
2026-07-26T12:47:07+02:00,[37],[27]
2026-07-26T12:27:07+02:00,[37],[11]
2026-07-26T12:17:06+02:00,[37],[30]
2026-07-26T11:07:07+02:00,[37],[63]
2026-07-26T10:47:07+02:00,[37],[31]
2026-07-26T08:07:07+02:00,[38],[35]
2026-07-26T07:57:07+02:00,[37],[53]
2026-07-26T07:47:07+02:00,[37],[41]
2026-07-26T07:37:07+02:00,[38],[59]
2026-07-26T07:27:06+02:00,[38],[44]
2026-07-26T06:37:07+02:00,[37],[39]
2026-07-26T06:27:07+02:00,[37],[36]
2026-07-26T06:17:07+02:00,[37],[47]
2026-07-26T06:07:07+02:00,[37],[13]
2026-07-26T05:57:07+02:00,[37],[55]
2026-07-26T05:47:07+02:00,[37],[34]
2026-07-26T05:37:07+02:00,[38],[42]
2026-07-26T05:27:11+02:00,[37],[41]
2026-07-26T05:07:11+02:00,[38],[80]
2026-07-26T04:57:11+02:00,[37],[51]
2026-07-26T04:47:10+02:00,[38],[48]
2026-07-26T04:37:11+02:00,[37],[29]
2026-07-26T04:17:11+02:00,[38],[23]
2026-07-26T04:07:11+02:00,[37],[63]
2026-07-26T03:57:11+02:00,[37],[164]
2026-07-26T03:37:11+02:00,[37],[87]
2026-07-25T14:07:11+02:00,[37],[50]
2026-07-25T13:47:11+02:00,[37],[32]
2026-07-25T13:37:11+02:00,[37],[32]
2026-07-25T13:27:11+02:00,[37],[37]
2026-07-25T13:17:11+02:00,[37],[48]
2026-07-25T12:37:11+02:00,[37],[86]
2026-07-25T11:57:11+02:00,[37],[40]
2026-07-25T11:47:11+02:00,[37],[25]
2026-07-25T11:37:11+02:00,[37],[53]
2026-07-25T11:27:11+02:00,[37],[25]
2026-07-25T11:17:11+02:00,[37],[85]
2026-07-25T11:07:11+02:00,[38],[20]
2026-07-25T10:57:11+02:00,[37],[36]
2026-07-25T10:37:11+02:00,[38],[37]
2026-07-25T10:27:11+02:00,[38],[34]
2026-07-25T10:07:11+02:00,[38],[49]
2026-07-25T09:57:11+02:00,[37],[40]
2026-07-25T09:47:11+02:00,[38],[53]
2026-07-25T09:37:11+02:00,[37],[29]
2026-07-25T09:27:11+02:00,[37],[52]
2026-07-25T09:17:12+02:00,[37],[15]
2026-07-25T08:47:12+02:00,[37],[29]
2026-07-25T08:37:11+02:00,[37],[137]
2026-07-25T08:27:11+02:00,[37],[20]
2026-07-25T08:07:11+02:00,[37],[82]
2026-07-25T07:37:11+02:00,[37],[23]
2026-07-25T06:57:11+02:00,[38],[75]
2026-07-25T06:47:11+02:00,[37],[36]
2026-07-25T06:37:11+02:00,[37],[44]
2026-07-25T06:27:11+02:00,[37],[32]
2026-07-25T04:47:11+02:00,[37],[39]
2026-07-25T04:27:11+02:00,[37],[27]
2026-07-25T04:17:11+02:00,[38],[42]
2026-07-25T04:07:11+02:00,[37],[19]
2026-07-25T03:57:11+02:00,[37],[22]
2026-07-25T03:47:11+02:00,[37],[38]
2026-07-25T03:37:11+02:00,[37],[27]
2026-07-25T03:27:11+02:00,[38],[69]
2026-07-24T15:47:11+02:00,[37],[34]
2026-07-24T15:37:11+02:00,[37],[21]
2026-07-24T15:27:11+02:00,[37],[29]
2026-07-24T14:37:10+02:00,[38],[41]
2026-07-24T14:27:11+02:00,[37],[79]
2026-07-24T14:07:11+02:00,[38],[55]
2026-07-24T13:07:12+02:00,[37],[188]
2026-07-24T11:27:11+02:00,[37],[45]
2026-07-24T11:17:11+02:00,[37],[39]
2026-07-24T10:47:11+02:00,[37],[43]
2026-07-24T10:37:11+02:00,[37],[40]
2026-07-24T10:27:11+02:00,[37],[34]
2026-07-24T10:17:11+02:00,[37],[46]
2026-07-24T10:07:12+02:00,[37],[31]
2026-07-24T09:57:11+02:00,[37],[62]
2026-07-24T09:47:12+02:00,[37],[75]
2026-07-24T09:37:11+02:00,[37],[39]
2026-07-24T09:27:11+02:00,[37],[14]
2026-07-24T09:17:11+02:00,[37],[42]
2026-07-24T08:57:11+02:00,[37],[294]
2026-07-24T08:47:11+02:00,[38],[63]
2026-07-24T08:27:11+02:00,[38],[45]
2026-07-24T08:17:11+02:00,[37],[48]
2026-07-24T08:07:11+02:00,[37],[20]
2026-07-24T07:27:11+02:00,[37],[28]
2026-07-24T07:17:11+02:00,[37],[45]
2026-07-24T06:57:11+02:00,[37],[18]
2026-07-24T06:07:11+02:00,[37],[48]
2026-07-24T05:47:11+02:00,[37],[26]
2026-07-24T05:37:11+02:00,[37],[211]
2026-07-24T04:57:12+02:00,[37],[58]
2026-07-24T04:37:11+02:00,[37],[58]
2026-07-24T04:27:11+02:00,[37],[43]
2026-07-24T04:07:11+02:00,[37],[45]
2026-07-24T03:57:11+02:00,[37],[34]
2026-07-24T03:47:11+02:00,[37],[45]
2026-07-24T03:37:11+02:00,[37],[17]
2026-07-24T03:27:11+02:00,[37],[57]
2026-07-24T03:17:11+02:00,[37],[41]
2026-07-24T02:57:11+02:00,[37],[76]
2026-07-23T14:27:11+02:00,[37],[9]
2026-07-23T14:17:11+02:00,[38],[17]
2026-07-23T13:07:11+02:00,[37],[34]
2026-07-23T12:47:11+02:00,[37],[389]
2026-07-23T11:57:11+02:00,[37],[33]
2026-07-23T11:47:11+02:00,[37],[18]
2026-07-23T11:37:11+02:00,[37],[16]
2026-07-23T11:27:11+02:00,[37],[10]
2026-07-23T11:17:11+02:00,[37],[46]
2026-07-23T09:27:11+02:00,[37],[63]
2026-07-23T08:57:11+02:00,[37],[24]
2026-07-23T08:47:11+02:00,[37],[45]
2026-07-23T07:37:11+02:00,[38],[25]
2026-07-23T07:27:12+02:00,[37],[45]
2026-07-23T07:07:11+02:00,[37],[38]
2026-07-23T06:27:11+02:00,[37],[75]
2026-07-23T06:17:11+02:00,[37],[44]
2026-07-23T06:07:10+02:00,[38],[32]
2026-07-23T05:57:11+02:00,[37],[34]
2026-07-23T05:47:11+02:00,[37],[50]
2026-07-23T05:37:11+02:00,[38],[25]
2026-07-23T05:17:11+02:00,[38],[53]
2026-07-23T05:07:11+02:00,[37],[71]
2026-07-23T04:57:11+02:00,[37],[106]
2026-07-23T04:47:11+02:00,[37],[112]
2026-07-23T04:37:11+02:00,[38],[66]
2026-07-23T04:27:11+02:00,[38],[27]
2026-07-23T04:17:11+02:00,[37],[23]
2026-07-23T04:07:11+02:00,[37],[59]
2026-07-23T03:57:11+02:00,[37],[48]
2026-07-23T03:47:11+02:00,[37],[33]
2026-07-23T03:37:11+02:00,[37],[53]
2026-07-23T03:17:11+02:00,[37],[31]
2026-07-23T03:07:11+02:00,[38],[27]
2026-07-23T02:47:11+02:00,[38],[20]
2026-07-23T02:37:11+02:00,[37],[36]
2026-07-23T02:07:11+02:00,[37],[180]
2026-07-22T15:17:11+02:00,[37],[36]
2026-07-22T14:57:11+02:00,[37],[35]
2026-07-22T14:47:11+02:00,[37],[41]
2026-07-22T14:07:11+02:00,[37],[46]
2026-07-22T13:57:11+02:00,[37],[39]
2026-07-22T13:47:11+02:00,[38],[29]
2026-07-22T13:27:11+02:00,[37],[22]
2026-07-22T13:17:12+02:00,[37],[94]
2026-07-22T13:07:11+02:00,[37],[192]
2026-07-22T12:57:11+02:00,[37],[25]
2026-07-22T12:47:11+02:00,[38],[206]
2026-07-22T12:37:11+02:00,[37],[18]
2026-07-22T12:17:11+02:00,[37],[50]
2026-07-22T11:57:11+02:00,[38],[91]
2026-07-22T11:27:11+02:00,[37],[38]
2026-07-22T11:17:11+02:00,[37],[30]
2026-07-22T10:57:10+02:00,[38],[150]
2026-07-22T10:37:11+02:00,[37],[66]
2026-07-22T10:27:11+02:00,[38],[32]
2026-07-22T10:17:11+02:00,[37],[42]
2026-07-22T09:37:11+02:00,[37],[49]
2026-07-22T09:17:11+02:00,[37],[24]
2026-07-22T08:57:11+02:00,[37],[56]
2026-07-22T08:37:11+02:00,[37],[253]
2026-07-22T08:27:11+02:00,[37],[36]
2026-07-22T08:17:11+02:00,[37],[16]
2026-07-22T08:07:11+02:00,[37],[22]
2026-07-22T07:47:11+02:00,[37],[11]
2026-07-22T07:37:11+02:00,[37],[16]
2026-07-22T06:57:11+02:00,[38],[94]
2026-07-22T06:37:11+02:00,[37],[27]
2026-07-22T06:27:12+02:00,[37],[23]
2026-07-22T05:57:11+02:00,[37],[51]
2026-07-22T05:47:11+02:00,[37],[31]
2026-07-22T05:07:11+02:00,[37],[27]
2026-07-22T04:57:10+02:00,[38],[69]
2026-07-22T04:37:11+02:00,[37],[36]
2026-07-22T04:27:12+02:00,[37],[110]
2026-07-22T04:17:11+02:00,[37],[51]
2026-07-22T03:57:11+02:00,[37],[55]
2026-07-22T03:47:11+02:00,[37],[31]
2026-07-22T03:37:11+02:00,[37],[42]
2026-07-22T03:27:11+02:00,[37],[36]
2026-07-22T03:17:11+02:00,[37],[33]
2026-07-22T03:07:11+02:00,[37],[49]
2026-07-22T02:27:11+02:00,[37],[62]
2026-07-22T02:17:11+02:00,[37],[39]
2026-07-22T02:07:11+02:00,[37],[28]
2026-07-21T17:37:11+02:00,[37],[48]
2026-07-21T17:27:11+02:00,[38],[63]
2026-07-21T17:17:12+02:00,[37],[27]
2026-07-21T16:57:11+02:00,[37],[33]
2026-07-21T16:47:11+02:00,[37],[22]
2026-07-21T16:37:11+02:00,[37],[11]
2026-07-21T11:37:14+02:00,[37],[21]
2026-07-21T11:27:14+02:00,[37],[22]
2026-07-21T10:17:14+02:00,[37],[70]
2026-07-21T10:07:14+02:00,[37],[58]
2026-07-21T09:57:14+02:00,[37],[32]
2026-07-21T09:47:15+02:00,[37],[100]
2026-07-21T09:27:14+02:00,[37],[59]
2026-07-21T09:07:14+02:00,[37],[424]
2026-07-21T08:37:14+02:00,[38],[54]
2026-07-21T08:17:14+02:00,[37],[45]
2026-07-21T08:07:14+02:00,[37],[64]
2026-07-21T07:17:14+02:00,[38],[34]
2026-07-21T06:57:14+02:00,[37],[36]
2026-07-21T06:37:14+02:00,[37],[205]
2026-07-21T06:17:14+02:00,[37],[60]
2026-07-21T06:07:14+02:00,[37],[19]
2026-07-21T05:57:14+02:00,[37],[82]
2026-07-21T04:27:14+02:00,[38],[43]
2026-07-21T04:07:14+02:00,[38],[34]
2026-07-21T03:57:15+02:00,[37],[40]
2026-07-21T03:47:15+02:00,[37],[52]
2026-07-21T03:37:14+02:00,[37],[77]
2026-07-21T03:27:14+02:00,[37],[66]
2026-07-21T02:57:14+02:00,[38],[15]
2026-07-21T02:47:14+02:00,[37],[35]
2026-07-21T02:37:15+02:00,[37],[86]
2026-07-21T02:27:14+02:00,[37],[311]
2026-07-21T02:17:14+02:00,[37],[19]
2026-07-21T02:07:14+02:00,[38],[51]
2026-07-21T01:37:13+02:00,[37],[163]
2026-07-20T15:27:14+02:00,[37],[46]
2026-07-20T15:17:14+02:00,[37],[25]
2026-07-20T13:57:14+02:00,[37],[73]
2026-07-20T13:37:14+02:00,[37],[34]
2026-07-20T13:27:14+02:00,[37],[68]
2026-07-20T13:17:14+02:00,[37],[29]
2026-07-20T12:47:14+02:00,[37],[29]
2026-07-20T11:57:14+02:00,[37],[219]
2026-07-20T11:47:14+02:00,[37],[45]
2026-07-20T11:37:14+02:00,[37],[201]
2026-07-20T11:27:14+02:00,[38],[20]
2026-07-20T11:17:14+02:00,[37],[19]
2026-07-20T10:37:14+02:00,[37],[27]
2026-07-20T10:17:14+02:00,[37],[50]
2026-07-20T10:07:14+02:00,[38],[31]
2026-07-20T09:57:14+02:00,[37],[64]
2026-07-20T09:37:14+02:00,[37],[42]
2026-07-20T09:27:14+02:00,[37],[39]
2026-07-20T09:17:14+02:00,[38],[9]
2026-07-20T09:07:14+02:00,[37],[10]
2026-07-20T08:17:14+02:00,[37],[51]
2026-07-20T08:07:14+02:00,[37],[46]
2026-07-20T07:57:15+02:00,[37],[19]
2026-07-20T07:47:14+02:00,[37],[33]
2026-07-20T07:37:14+02:00,[37],[20]
2026-07-20T07:27:14+02:00,[37],[374]
2026-07-20T07:17:14+02:00,[37],[34]
2026-07-20T06:57:14+02:00,[38],[36]
2026-07-20T05:37:14+02:00,[37],[54]
2026-07-20T05:17:14+02:00,[37],[24]
2026-07-20T04:57:15+02:00,[37],[31]
2026-07-20T04:47:14+02:00,[37],[31]
2026-07-20T04:07:14+02:00,[37],[49]
2026-07-20T03:57:14+02:00,[37],[24]
2026-07-20T03:47:13+02:00,[38],[16]
2026-07-20T03:37:14+02:00,[37],[32]
2026-07-20T03:17:15+02:00,[37],[19]
2026-07-20T02:47:14+02:00,[38],[28]
2026-07-20T01:57:14+02:00,[37],[72]
2026-07-19T16:37:14+02:00,[37],[34]
2026-07-19T16:27:14+02:00,[37],[35]
2026-07-19T16:17:15+02:00,[37],[23]
2026-07-19T16:07:14+02:00,[38],[27]
2026-07-19T15:57:14+02:00,[38],[29]
2026-07-19T15:47:14+02:00,[37],[30]
2026-07-19T15:37:14+02:00,[37],[16]
2026-07-19T15:17:14+02:00,[37],[12]
2026-07-19T15:07:14+02:00,[37],[194]
2026-07-19T14:57:14+02:00,[38],[8]
2026-07-19T14:27:14+02:00,[37],[10]
2026-07-19T14:17:14+02:00,[37],[49]
2026-07-19T11:57:14+02:00,[37],[31]
2026-07-19T09:07:15+02:00,[37],[50]
2026-07-19T08:57:14+02:00,[37],[33]
2026-07-19T08:47:14+02:00,[38],[34]
2026-07-19T08:37:14+02:00,[37],[48]
2026-07-19T08:27:14+02:00,[37],[23]
2026-07-19T08:17:14+02:00,[37],[19]
2026-07-19T07:57:15+02:00,[37],[12]
2026-07-19T07:47:15+02:00,[37],[27]
2026-07-19T07:37:14+02:00,[37],[36]
2026-07-19T07:27:14+02:00,[38],[411]
2026-07-19T07:17:14+02:00,[38],[18]
2026-07-19T07:07:14+02:00,[37],[46]
2026-07-19T06:37:14+02:00,[38],[43]
2026-07-19T06:27:14+02:00,[38],[51]
2026-07-19T06:17:14+02:00,[37],[37]
2026-07-19T05:27:14+02:00,[37],[36]
2026-07-19T04:17:14+02:00,[38],[22]
2026-07-18T15:27:14+02:00,[38],[34]
2026-07-18T15:17:14+02:00,[37],[30]
2026-07-18T14:57:14+02:00,[37],[41]
2026-07-18T14:47:14+02:00,[37],[18]
2026-07-18T14:37:14+02:00,[37],[21]
2026-07-18T14:27:13+02:00,[38],[46]
2026-07-18T14:17:14+02:00,[37],[28]
2026-07-18T14:07:14+02:00,[37],[10]
2026-07-18T13:57:14+02:00,[37],[11]
2026-07-18T13:37:14+02:00,[37],[21]
2026-07-18T13:27:14+02:00,[38],[25]
2026-07-18T13:17:14+02:00,[38],[24]
2026-07-18T12:57:13+02:00,[38],[23]
2026-07-18T12:47:14+02:00,[37],[47]
2026-07-18T12:37:14+02:00,[38],[34]
2026-07-18T12:27:14+02:00,[38],[44]
2026-07-18T12:17:17+02:00,[37],[66]
2026-07-18T11:47:17+02:00,[37],[47]
2026-07-18T11:37:17+02:00,[38],[36]
2026-07-18T11:27:17+02:00,[37],[35]
2026-07-18T11:17:17+02:00,[37],[24]
2026-07-18T11:07:17+02:00,[37],[79]
2026-07-18T10:57:17+02:00,[37],[28]
2026-07-18T10:47:17+02:00,[37],[87]
2026-07-18T10:37:17+02:00,[37],[34]
2026-07-18T10:27:17+02:00,[37],[36]
2026-07-18T10:17:17+02:00,[38],[10]
2026-07-18T10:07:17+02:00,[37],[43]
2026-07-18T09:57:17+02:00,[37],[38]
2026-07-18T09:47:17+02:00,[37],[12]
2026-07-18T09:37:17+02:00,[38],[20]
2026-07-18T09:07:17+02:00,[38],[24]
2026-07-18T08:57:17+02:00,[37],[32]
2026-07-18T08:47:17+02:00,[37],[18]
2026-07-18T08:37:17+02:00,[37],[22]
2026-07-18T07:27:17+02:00,[38],[36]
2026-07-18T07:07:17+02:00,[38],[27]
2026-07-18T06:37:17+02:00,[37],[8]
2026-07-18T06:17:17+02:00,[37],[67]
2026-07-18T06:07:17+02:00,[37],[52]
2026-07-18T05:57:17+02:00,[37],[29]
2026-07-18T05:47:17+02:00,[37],[20]
2026-07-18T05:27:17+02:00,[37],[37]
2026-07-18T05:17:17+02:00,[37],[35]
2026-07-18T04:37:17+02:00,[38],[25]
2026-07-18T04:27:17+02:00,[37],[31]
2026-07-18T04:17:17+02:00,[37],[26]
2026-07-18T03:57:17+02:00,[37],[17]
2026-07-18T03:47:17+02:00,[37],[77]
2026-07-18T03:27:17+02:00,[37],[55]
2026-07-18T03:07:17+02:00,[37],[39]
2026-07-18T02:37:17+02:00,[38],[9]
2026-07-18T02:27:17+02:00,[37],[17]
2026-07-18T02:07:17+02:00,[37],[15]
2026-07-17T16:27:17+02:00,[37],[10]
2026-07-17T16:17:17+02:00,[37],[18]
2026-07-17T16:07:17+02:00,[37],[14]
2026-07-17T15:57:17+02:00,[37],[28]
2026-07-17T15:47:17+02:00,[37],[12]
2026-07-17T15:37:17+02:00,[37],[34]
2026-07-17T14:37:17+02:00,[37],[11]
2026-07-17T14:17:17+02:00,[37],[36]
2026-07-17T13:57:17+02:00,[37],[20]
2026-07-17T13:27:16+02:00,[38],[24]
2026-07-17T12:37:16+02:00,[38],[93]
2026-07-17T11:37:17+02:00,[37],[20]
2026-07-17T10:47:17+02:00,[38],[154]
2026-07-17T10:17:17+02:00,[37],[63]
2026-07-17T10:07:17+02:00,[37],[27]
2026-07-17T09:57:17+02:00,[37],[17]
2026-07-17T09:47:17+02:00,[37],[14]
2026-07-17T09:37:17+02:00,[37],[20]
2026-07-17T09:27:17+02:00,[38],[32]
2026-07-17T01:57:17+02:00,[38],[41]
2026-07-17T01:47:17+02:00,[37],[207]
2026-07-17T01:37:17+02:00,[37],[40]
2026-07-16T16:17:17+02:00,[37],[16]
2026-07-16T16:07:17+02:00,[37],[24]
2026-07-16T15:57:17+02:00,[37],[38]
2026-07-16T15:47:17+02:00,[37],[16]
2026-07-16T15:37:17+02:00,[37],[23]
2026-07-16T15:27:17+02:00,[37],[12]
2026-07-16T15:17:17+02:00,[37],[38]
2026-07-16T13:07:17+02:00,[37],[31]
2026-07-16T12:57:17+02:00,[38],[16]
2026-07-16T10:07:17+02:00,[37],[41]
2026-07-16T09:57:17+02:00,[37],[17]
2026-07-16T08:47:17+02:00,[37],[14]
2026-07-16T06:07:17+02:00,[37],[254]
2026-07-16T05:57:16+02:00,[38],[27]
2026-07-16T05:47:17+02:00,[37],[52]
2026-07-16T02:07:17+02:00,[37],[220]
2026-07-16T01:47:17+02:00,[37],[9]
2026-07-16T01:17:17+02:00,[37],[23]
2026-07-16T01:07:17+02:00,[38],[25]
2026-07-16T00:57:17+02:00,[37],[181]
2026-07-16T00:47:17+02:00,[37],[35]
2026-07-15T23:57:17+02:00,[37],[34]
2026-07-15T23:47:17+02:00,[38],[17]
2026-07-15T23:37:17+02:00,[37],[20]
2026-07-15T23:27:17+02:00,[37],[27]
2026-07-15T23:17:17+02:00,[37],[24]
2026-07-15T23:07:17+02:00,[37],[47]
2026-07-15T22:57:17+02:00,[38],[26]
2026-07-15T22:47:17+02:00,[37],[48]
2026-07-15T22:37:17+02:00,[37],[32]
2026-07-15T22:27:17+02:00,[37],[58]
2026-07-15T22:17:17+02:00,[37],[41]
2026-07-15T22:07:17+02:00,[37],[46]
2026-07-15T21:47:17+02:00,[37],[91]
2026-07-15T21:37:17+02:00,[38],[24]
2026-07-15T21:27:17+02:00,[37],[81]
2026-07-15T21:17:17+02:00,[37],[42]
2026-07-15T21:07:17+02:00,[37],[42]
2026-07-15T20:57:18+02:00,[37],[240]
2026-07-15T15:57:16+02:00,[37],[335]
2026-07-15T15:27:20+02:00,[38],[27]
2026-07-15T15:07:20+02:00,[37],[26]
2026-07-15T13:57:21+02:00,[37],[48]
2026-07-15T13:47:20+02:00,[37],[19]
2026-07-15T13:37:20+02:00,[37],[21]
2026-07-15T13:27:20+02:00,[37],[18]
2026-07-15T13:17:19+02:00,[38],[18]
2026-07-15T12:27:20+02:00,[37],[25]
2026-07-15T11:37:21+02:00,[37],[269]
2026-07-15T11:27:20+02:00,[38],[27]
2026-07-15T11:17:19+02:00,[38],[138]
2026-07-15T10:57:20+02:00,[38],[204]
2026-07-15T09:27:20+02:00,[37],[15]
2026-07-15T08:57:20+02:00,[38],[34]
2026-07-15T08:47:20+02:00,[37],[49]
2026-07-15T08:37:20+02:00,[37],[33]
2026-07-15T07:37:20+02:00,[37],[17]
2026-07-15T07:27:20+02:00,[37],[40]
2026-07-15T07:07:21+02:00,[37],[19]
2026-07-15T06:57:20+02:00,[37],[27]
2026-07-15T06:47:20+02:00,[37],[72]
2026-07-15T06:37:20+02:00,[37],[22]
2026-07-15T06:27:20+02:00,[37],[43]
2026-07-15T06:17:20+02:00,[37],[23]
2026-07-15T06:07:20+02:00,[37],[35]
2026-07-15T05:57:20+02:00,[37],[278]
2026-07-15T05:47:20+02:00,[37],[21]
2026-07-15T05:37:20+02:00,[37],[22]
2026-07-15T05:27:20+02:00,[38],[18]
2026-07-15T05:17:20+02:00,[38],[11]
2026-07-15T04:57:20+02:00,[37],[16]
2026-07-15T04:47:20+02:00,[37],[23]
2026-07-15T04:07:20+02:00,[37],[41]
2026-07-15T03:47:20+02:00,[38],[34]
2026-07-15T03:37:21+02:00,[37],[56]
2026-07-15T02:57:20+02:00,[38],[36]
2026-07-15T02:47:20+02:00,[37],[28]
2026-07-14T16:07:19+02:00,[38],[14]
2026-07-14T15:37:20+02:00,[38],[6]
2026-07-14T14:47:20+02:00,[38],[44]
2026-07-14T14:37:20+02:00,[38],[24]
2026-07-14T14:27:20+02:00,[37],[24]
2026-07-14T13:47:20+02:00,[37],[21]
2026-07-14T13:37:20+02:00,[37],[15]
2026-07-14T13:27:20+02:00,[37],[17]
2026-07-14T12:07:19+02:00,[38],[30]
2026-07-14T11:47:20+02:00,[37],[8]
2026-07-14T11:37:20+02:00,[38],[39]
2026-07-14T11:27:20+02:00,[38],[27]
2026-07-14T11:17:20+02:00,[37],[27]
2026-07-14T11:07:21+02:00,[37],[23]
2026-07-14T10:47:20+02:00,[37],[26]
2026-07-14T10:37:20+02:00,[37],[24]
2026-07-14T10:27:20+02:00,[38],[16]
2026-07-14T10:17:20+02:00,[37],[24]
2026-07-14T10:07:20+02:00,[37],[15]
2026-07-14T09:57:21+02:00,[37],[24]
2026-07-14T09:27:20+02:00,[37],[26]
2026-07-14T08:07:20+02:00,[37],[46]
2026-07-14T07:57:20+02:00,[37],[17]
2026-07-14T07:47:20+02:00,[37],[13]
2026-07-14T07:37:19+02:00,[38],[8]
2026-07-14T06:07:20+02:00,[37],[20]
2026-07-14T05:57:20+02:00,[37],[21]
2026-07-14T05:47:20+02:00,[37],[43]
2026-07-14T05:37:20+02:00,[37],[21]
2026-07-14T05:27:20+02:00,[38],[26]
2026-07-14T05:07:20+02:00,[37],[88]
2026-07-14T04:57:20+02:00,[37],[15]
2026-07-14T04:47:20+02:00,[38],[26]
2026-07-14T04:37:20+02:00,[38],[24]
2026-07-14T04:17:20+02:00,[37],[32]
2026-07-14T03:57:20+02:00,[37],[163]
2026-07-14T03:07:20+02:00,[37],[32]
2026-07-14T02:57:20+02:00,[38],[29]
2026-07-13T16:47:20+02:00,[38],[24]
2026-07-13T16:37:20+02:00,[37],[49]
2026-07-13T16:27:20+02:00,[38],[29]
2026-07-13T16:07:20+02:00,[37],[33]
2026-07-13T15:57:20+02:00,[37],[110]
2026-07-13T15:47:20+02:00,[37],[53]
2026-07-13T15:37:20+02:00,[37],[30]
2026-07-13T15:27:20+02:00,[37],[23]
2026-07-13T15:17:20+02:00,[37],[50]
2026-07-13T15:07:20+02:00,[37],[23]
2026-07-13T14:57:20+02:00,[37],[25]
2026-07-13T14:37:19+02:00,[38],[22]
2026-07-13T14:27:20+02:00,[38],[187]
2026-07-13T14:17:20+02:00,[37],[18]
2026-07-13T14:07:19+02:00,[38],[24]
2026-07-13T13:57:20+02:00,[37],[39]
2026-07-13T13:47:20+02:00,[37],[19]
2026-07-13T13:37:20+02:00,[37],[16]
2026-07-13T13:17:19+02:00,[38],[16]
2026-07-13T13:07:20+02:00,[37],[27]
2026-07-13T12:57:20+02:00,[37],[18]
2026-07-13T12:47:20+02:00,[37],[27]
2026-07-13T12:37:20+02:00,[38],[22]
2026-07-13T12:07:20+02:00,[38],[94]
2026-07-13T10:57:19+02:00,[38],[34]
2026-07-13T10:27:20+02:00,[37],[72]
2026-07-13T10:17:20+02:00,[37],[27]
2026-07-13T10:07:20+02:00,[37],[47]
2026-07-13T09:57:20+02:00,[38],[23]
2026-07-13T09:47:20+02:00,[37],[23]
2026-07-13T09:37:20+02:00,[37],[14]
2026-07-13T09:27:20+02:00,[37],[62]
2026-07-13T09:07:20+02:00,[37],[32]
2026-07-13T08:57:21+02:00,[37],[37]
2026-07-13T08:37:21+02:00,[37],[21]
2026-07-13T08:27:20+02:00,[37],[20]
2026-07-13T08:17:20+02:00,[37],[50]
2026-07-13T08:07:21+02:00,[37],[25]
2026-07-13T07:57:19+02:00,[38],[20]
2026-07-13T07:47:20+02:00,[37],[57]
2026-07-13T07:27:20+02:00,[37],[28]
2026-07-13T07:17:20+02:00,[37],[36]
2026-07-13T07:07:20+02:00,[37],[45]
2026-07-13T06:47:23+02:00,[37],[116]
2026-07-13T06:37:23+02:00,[37],[25]
2026-07-13T06:27:23+02:00,[37],[94]
2026-07-13T06:17:23+02:00,[37],[29]
2026-07-13T06:07:23+02:00,[38],[55]
2026-07-13T05:37:23+02:00,[37],[52]
2026-07-13T05:27:23+02:00,[37],[40]
2026-07-13T05:17:23+02:00,[38],[80]
2026-07-13T05:07:24+02:00,[37],[222]
2026-07-13T04:47:24+02:00,[37],[37]
2026-07-13T04:37:23+02:00,[37],[29]
2026-07-13T04:07:23+02:00,[37],[28]
2026-07-13T03:47:23+02:00,[37],[48]
2026-07-13T03:27:23+02:00,[37],[37]
2026-07-12T14:37:23+02:00,[38],[9]
2026-07-12T14:27:24+02:00,[37],[17]
2026-07-12T14:07:23+02:00,[37],[15]
2026-07-12T13:47:23+02:00,[37],[22]
2026-07-12T13:37:23+02:00,[37],[124]
2026-07-12T12:57:23+02:00,[37],[49]
2026-07-12T12:47:23+02:00,[37],[16]
2026-07-12T12:37:24+02:00,[37],[38]
2026-07-12T12:27:22+02:00,[38],[20]
2026-07-12T12:17:23+02:00,[37],[12]
2026-07-12T12:07:23+02:00,[37],[25]
2026-07-12T11:47:27+02:00,[37],[12]
2026-07-12T11:37:23+02:00,[37],[10]
2026-07-12T11:27:23+02:00,[38],[20]
2026-07-12T10:47:23+02:00,[37],[31]
2026-07-12T10:37:23+02:00,[37],[19]
2026-07-12T10:27:23+02:00,[37],[16]
2026-07-12T09:37:23+02:00,[37],[264]
2026-07-12T08:57:23+02:00,[37],[29]
2026-07-12T08:47:24+02:00,[37],[26]
2026-07-12T08:37:23+02:00,[37],[35]
2026-07-12T08:27:23+02:00,[37],[35]
2026-07-12T08:17:23+02:00,[37],[166]
2026-07-12T07:09:04+02:00,[37],[21]
2026-07-12T07:07:23+02:00,[37],[30]
2026-07-12T06:47:23+02:00,[37],[42]
2026-07-12T06:37:23+02:00,[38],[43]
2026-07-12T05:57:23+02:00,[37],[45]
2026-07-12T05:47:23+02:00,[37],[26]
2026-07-12T05:37:23+02:00,[37],[27]
2026-07-12T05:27:23+02:00,[38],[54]
2026-07-12T05:17:23+02:00,[37],[23]
2026-07-12T05:07:23+02:00,[38],[21]
2026-07-12T03:17:23+02:00,[38],[35]
2026-07-12T02:27:23+02:00,[37],[56]
2026-07-12T01:47:23+02:00,[37],[76]
2026-07-12T01:37:24+02:00,[37],[65]
2026-07-12T01:27:23+02:00,[38],[67]
2026-07-12T01:17:23+02:00,[37],[53]
2026-07-12T00:57:24+02:00,[37],[30]
2026-07-12T00:47:23+02:00,[38],[47]
2026-07-12T00:37:24+02:00,[37],[68]
2026-07-12T00:27:23+02:00,[37],[251]
2026-07-12T00:17:23+02:00,[38],[57]
2026-07-12T00:07:23+02:00,[37],[64]
2026-07-11T14:57:23+02:00,[37],[24]
2026-07-11T14:37:23+02:00,[38],[73]
2026-07-11T14:27:23+02:00,[37],[40]
2026-07-11T13:07:23+02:00,[37],[13]
2026-07-11T12:17:23+02:00,[37],[51]
2026-07-11T11:57:23+02:00,[37],[18]
2026-07-11T11:47:23+02:00,[37],[41]
2026-07-11T11:37:23+02:00,[37],[25]
2026-07-11T11:27:53+02:00,[38],[38]
2026-07-11T11:07:23+02:00,[37],[25]
2026-07-11T10:57:23+02:00,[38],[45]
2026-07-11T10:47:23+02:00,[37],[73]
2026-07-11T10:37:23+02:00,[37],[16]
2026-07-11T10:07:23+02:00,[38],[22]
2026-07-11T09:57:23+02:00,[38],[13]
2026-07-11T09:47:23+02:00,[37],[47]
2026-07-11T09:37:23+02:00,[37],[22]
2026-07-11T09:27:23+02:00,[37],[23]
2026-07-11T09:17:23+02:00,[38],[30]
2026-07-11T09:07:24+02:00,[37],[36]
2026-07-11T08:57:23+02:00,[37],[18]
2026-07-11T08:47:23+02:00,[38],[16]
2026-07-11T08:37:23+02:00,[37],[50]
2026-07-11T08:17:24+02:00,[37],[27]
2026-07-11T08:07:24+02:00,[37],[20]
2026-07-11T07:57:23+02:00,[37],[15]
2026-07-11T07:47:23+02:00,[38],[60]
2026-07-11T07:37:23+02:00,[38],[26]
2026-07-11T06:57:23+02:00,[37],[159]
2026-07-11T06:37:30+02:00,[37],[62]
2026-07-11T06:07:23+02:00,[38],[49]
2026-07-11T05:57:23+02:00,[37],[26]
2026-07-11T04:47:23+02:00,[37],[53]
2026-07-10T14:47:26+02:00,[38],[66]
2026-07-10T14:27:26+02:00,[37],[42]
2026-07-10T13:57:26+02:00,[37],[40]
2026-07-10T13:47:26+02:00,[37],[89]
2026-07-10T13:27:26+02:00,[38],[37]
2026-07-10T12:37:26+02:00,[38],[58]
2026-07-10T11:47:26+02:00,[37],[38]
2026-07-10T11:37:26+02:00,[38],[65]
2026-07-10T11:07:26+02:00,[37],[24]
2026-07-10T10:57:26+02:00,[37],[32]
2026-07-10T10:47:26+02:00,[37],[32]
2026-07-10T10:07:26+02:00,[38],[19]
2026-07-10T09:47:26+02:00,[37],[41]
2026-07-10T09:37:26+02:00,[37],[26]
2026-07-10T09:27:26+02:00,[37],[41]
2026-07-10T09:17:26+02:00,[37],[23]
2026-07-10T09:07:26+02:00,[38],[41]
2026-07-10T08:57:26+02:00,[37],[19]
2026-07-10T08:47:26+02:00,[37],[24]
2026-07-10T08:37:26+02:00,[37],[19]
2026-07-10T08:27:27+02:00,[37],[36]
2026-07-10T08:17:26+02:00,[37],[28]
2026-07-10T08:07:26+02:00,[38],[21]
2026-07-10T07:17:26+02:00,[37],[8]
2026-07-10T07:07:26+02:00,[37],[48]
2026-07-10T06:47:26+02:00,[38],[34]
2026-07-10T06:27:26+02:00,[38],[46]
2026-07-10T05:57:26+02:00,[38],[26]
2026-07-10T05:47:26+02:00,[37],[71]
2026-07-10T05:37:26+02:00,[37],[75]
2026-07-10T05:17:26+02:00,[37],[46]
2026-07-10T05:07:26+02:00,[37],[52]
2026-07-10T04:47:26+02:00,[38],[33]
2026-07-10T04:27:26+02:00,[37],[38]
2026-07-10T04:07:26+02:00,[37],[45]
2026-07-10T03:37:26+02:00,[37],[31]
2026-07-10T03:17:25+02:00,[38],[107]
2026-07-10T02:57:25+02:00,[38],[38]
2026-07-10T02:47:26+02:00,[37],[42]
2026-07-10T02:27:25+02:00,[38],[102]
2026-07-10T01:47:30+02:00,[38],[52]
2026-07-09T15:57:26+02:00,[37],[116]
2026-07-09T15:47:26+02:00,[37],[47]
2026-07-09T15:37:26+02:00,[37],[28]
2026-07-09T15:27:26+02:00,[37],[21]
2026-07-09T15:17:26+02:00,[38],[29]
2026-07-09T15:07:26+02:00,[37],[41]
2026-07-09T14:57:26+02:00,[37],[301]
2026-07-09T14:47:26+02:00,[37],[39]
2026-07-09T14:37:26+02:00,[37],[27]
2026-07-09T14:27:26+02:00,[37],[60]
2026-07-09T14:17:26+02:00,[37],[48]
2026-07-09T14:07:27+02:00,[37],[119]
2026-07-09T13:47:26+02:00,[37],[27]
2026-07-09T13:37:26+02:00,[37],[59]
2026-07-09T13:27:26+02:00,[37],[23]
2026-07-09T13:17:26+02:00,[37],[121]
2026-07-09T13:07:26+02:00,[37],[82]
2026-07-09T12:57:26+02:00,[37],[204]
2026-07-09T12:37:26+02:00,[37],[38]
2026-07-09T12:27:26+02:00,[37],[59]
2026-07-09T12:17:26+02:00,[37],[32]
2026-07-09T11:37:26+02:00,[37],[39]
2026-07-09T11:07:26+02:00,[37],[28]
2026-07-09T10:57:26+02:00,[37],[37]
2026-07-09T10:17:26+02:00,[37],[44]
2026-07-09T10:07:26+02:00,[37],[28]
2026-07-09T09:57:26+02:00,[37],[27]
2026-07-09T09:37:27+02:00,[37],[36]
2026-07-09T09:27:25+02:00,[38],[32]
2026-07-09T09:17:25+02:00,[38],[16]
2026-07-09T09:07:26+02:00,[38],[51]
2026-07-09T08:57:26+02:00,[38],[35]
2026-07-09T08:47:26+02:00,[37],[30]
2026-07-09T08:37:27+02:00,[37],[56]
2026-07-09T07:47:26+02:00,[37],[184]
2026-07-09T07:27:26+02:00,[38],[35]
2026-07-09T07:17:26+02:00,[37],[38]
2026-07-09T06:37:26+02:00,[38],[32]
2026-07-09T06:27:26+02:00,[37],[22]
2026-07-09T06:07:26+02:00,[37],[185]
2026-07-09T05:57:26+02:00,[37],[24]
2026-07-09T05:47:26+02:00,[37],[41]
2026-07-09T05:27:26+02:00,[38],[17]
2026-07-09T05:07:26+02:00,[37],[31]
2026-07-09T04:57:26+02:00,[37],[64]
2026-07-09T04:37:26+02:00,[37],[57]
2026-07-09T04:17:26+02:00,[37],[33]
2026-07-09T04:07:26+02:00,[37],[37]
2026-07-09T03:57:26+02:00,[37],[34]
2026-07-09T03:17:26+02:00,[37],[33]
2026-07-09T03:07:27+02:00,[37],[32]
2026-07-09T02:57:27+02:00,[37],[18]
2026-07-09T02:47:26+02:00,[37],[65]
2026-07-08T12:57:28+02:00,[38],[31]
2026-07-08T11:27:26+02:00,[38],[66]
2026-07-08T10:57:26+02:00,[37],[44]
2026-07-08T10:47:25+02:00,[38],[33]
2026-07-08T10:37:26+02:00,[38],[21]
2026-07-08T10:27:26+02:00,[37],[35]
2026-07-08T10:17:26+02:00,[37],[332]
2026-07-08T10:07:26+02:00,[38],[18]
2026-07-08T09:47:26+02:00,[37],[20]
2026-07-08T09:37:26+02:00,[37],[24]
2026-07-08T09:17:25+02:00,[38],[19]
2026-07-08T08:57:26+02:00,[37],[21]
2026-07-08T08:37:26+02:00,[37],[21]
2026-07-08T08:17:26+02:00,[37],[27]
2026-07-08T08:07:26+02:00,[37],[41]
2026-07-08T07:47:26+02:00,[37],[37]
2026-07-08T07:37:26+02:00,[37],[183]
2026-07-08T07:27:26+02:00,[37],[28]
2026-07-08T07:17:26+02:00,[37],[43]
2026-07-08T07:07:27+02:00,[37],[74]
2026-07-08T06:57:26+02:00,[37],[32]
2026-07-08T06:27:26+02:00,[37],[47]
2026-07-08T06:17:26+02:00,[37],[49]
2026-07-08T05:17:26+02:00,[37],[46]
2026-07-08T05:07:26+02:00,[38],[55]
2026-07-08T04:57:26+02:00,[38],[37]
2026-07-08T04:47:26+02:00,[37],[47]
2026-07-08T04:27:26+02:00,[37],[28]
2026-07-08T03:37:26+02:00,[37],[50]
2026-07-08T03:27:26+02:00,[37],[16]
2026-07-08T03:17:26+02:00,[38],[28]
2026-07-08T03:07:26+02:00,[37],[29]
2026-07-08T02:57:26+02:00,[38],[25]
2026-07-08T02:47:26+02:00,[37],[47]
2026-07-08T02:37:26+02:00,[37],[52]
2026-07-08T02:27:26+02:00,[37],[51]
2026-07-07T17:57:29+02:00,[37],[17]
2026-07-07T17:47:29+02:00,[38],[17]
2026-07-07T17:37:29+02:00,[37],[22]
2026-07-07T17:27:29+02:00,[37],[28]
2026-07-07T17:17:29+02:00,[37],[15]
2026-07-07T17:07:29+02:00,[37],[34]
2026-07-07T16:27:29+02:00,[37],[79]
2026-07-07T12:47:28+02:00,[38],[25]
2026-07-07T11:17:29+02:00,[37],[43]
2026-07-07T10:57:29+02:00,[38],[34]
2026-07-07T10:47:29+02:00,[37],[33]
2026-07-07T10:37:29+02:00,[38],[72]
2026-07-07T10:17:29+02:00,[38],[43]
2026-07-07T09:57:29+02:00,[37],[21]
2026-07-07T09:47:29+02:00,[37],[39]
2026-07-07T09:37:29+02:00,[37],[34]
2026-07-07T09:17:29+02:00,[37],[25]
2026-07-07T09:07:29+02:00,[37],[15]
2026-07-07T08:57:29+02:00,[37],[19]
2026-07-07T08:47:29+02:00,[37],[38]
2026-07-07T08:37:29+02:00,[38],[54]
2026-07-07T08:27:29+02:00,[37],[47]
2026-07-07T08:17:29+02:00,[37],[54]
2026-07-07T08:07:29+02:00,[37],[31]
2026-07-07T07:47:44+02:00,[37],[22]
2026-07-07T07:37:29+02:00,[38],[23]
2026-07-07T07:17:29+02:00,[37],[25]
2026-07-07T06:57:29+02:00,[37],[26]
2026-07-07T06:47:29+02:00,[37],[21]
2026-07-07T06:17:29+02:00,[37],[56]
2026-07-07T06:07:29+02:00,[37],[43]
2026-07-07T05:57:29+02:00,[38],[236]
2026-07-07T05:27:30+02:00,[37],[54]
2026-07-07T05:17:29+02:00,[37],[14]
2026-07-07T05:07:30+02:00,[37],[24]
2026-07-07T04:57:29+02:00,[37],[28]
2026-07-07T04:47:30+02:00,[37],[36]
2026-07-07T04:37:29+02:00,[37],[52]
2026-07-07T03:57:29+02:00,[37],[9]
2026-07-07T03:47:29+02:00,[37],[20]
2026-07-07T03:37:30+02:00,[37],[12]
2026-07-07T03:27:29+02:00,[37],[32]
2026-07-07T03:25:09+02:00,[37],[15]
2026-07-07T03:17:29+02:00,[37],[13]
2026-07-07T03:07:29+02:00,[38],[75]
2026-07-07T02:57:28+02:00,[38],[153]
2026-07-07T02:27:30+02:00,[37],[41]
2026-07-06T15:37:30+02:00,[37],[21]
2026-07-06T14:57:29+02:00,[37],[33]
2026-07-06T13:27:29+02:00,[38],[31]
2026-07-06T13:07:29+02:00,[38],[28]
2026-07-06T11:47:30+02:00,[37],[197]
2026-07-06T11:27:29+02:00,[37],[50]
2026-07-06T10:57:29+02:00,[37],[37]
2026-07-06T10:47:29+02:00,[37],[32]
2026-07-06T10:37:29+02:00,[38],[41]
2026-07-06T10:17:29+02:00,[37],[22]
2026-07-06T09:57:29+02:00,[37],[86]
2026-07-06T09:47:29+02:00,[37],[39]
2026-07-06T09:37:28+02:00,[38],[20]
2026-07-06T09:27:29+02:00,[38],[18]
2026-07-06T08:37:29+02:00,[37],[33]
2026-07-06T07:47:29+02:00,[37],[36]
2026-07-06T07:07:29+02:00,[37],[35]
2026-07-06T06:37:29+02:00,[37],[51]
2026-07-06T05:57:29+02:00,[37],[20]
2026-07-06T05:37:29+02:00,[38],[30]
2026-07-06T05:27:29+02:00,[37],[24]
2026-07-06T05:07:29+02:00,[37],[44]
2026-07-06T04:57:29+02:00,[37],[107]
2026-07-06T04:47:29+02:00,[38],[51]
2026-07-06T04:27:28+02:00,[38],[41]
2026-07-06T04:17:29+02:00,[38],[41]
2026-07-06T03:57:29+02:00,[37],[37]
2026-07-06T03:47:29+02:00,[37],[41]
2026-07-06T03:37:29+02:00,[37],[34]
2026-07-06T03:17:29+02:00,[38],[50]
2026-07-06T03:07:29+02:00,[37],[49]
2026-07-06T02:57:29+02:00,[38],[69]
2026-07-06T02:37:29+02:00,[37],[30]
2026-07-06T02:17:29+02:00,[38],[17]
2026-07-06T02:07:29+02:00,[37],[30]
2026-07-06T01:47:29+02:00,[38],[51]
2026-07-05T16:27:29+02:00,[37],[34]
2026-07-05T16:17:29+02:00,[37],[25]
2026-07-05T16:07:29+02:00,[38],[29]
2026-07-05T15:57:29+02:00,[37],[39]
2026-07-05T15:47:29+02:00,[37],[60]
2026-07-05T15:37:29+02:00,[37],[41]
2026-07-05T15:27:29+02:00,[37],[21]
2026-07-05T15:17:29+02:00,[37],[22]
2026-07-05T15:07:29+02:00,[37],[16]
2026-07-05T14:57:29+02:00,[37],[23]
2026-07-05T14:47:28+02:00,[38],[25]
2026-07-05T14:37:29+02:00,[38],[24]
2026-07-05T14:17:29+02:00,[37],[28]
2026-07-05T14:07:29+02:00,[37],[11]
2026-07-05T13:57:28+02:00,[38],[30]
2026-07-05T12:27:29+02:00,[37],[15]
2026-07-05T12:07:30+02:00,[37],[377]
2026-07-05T11:57:29+02:00,[37],[21]
2026-07-05T11:47:28+02:00,[38],[27]
2026-07-05T11:37:29+02:00,[37],[13]
2026-07-05T11:27:29+02:00,[37],[17]
2026-07-05T10:57:30+02:00,[37],[8]
2026-07-05T10:17:29+02:00,[37],[14]
2026-07-05T09:47:29+02:00,[37],[23]
2026-07-04T12:17:31+02:00,[38],[36]
2026-07-04T11:57:32+02:00,[37],[18]
2026-07-04T11:47:32+02:00,[37],[42]
2026-07-04T11:37:32+02:00,[37],[24]
2026-07-04T11:27:32+02:00,[37],[21]
2026-07-04T11:17:32+02:00,[37],[48]
2026-07-04T10:57:32+02:00,[37],[19]
2026-07-04T10:47:31+02:00,[38],[21]
2026-07-04T10:27:32+02:00,[37],[25]
2026-07-04T10:17:32+02:00,[38],[27]
2026-07-04T09:57:32+02:00,[37],[8]
2026-07-04T09:17:32+02:00,[37],[18]
2026-07-04T09:07:32+02:00,[37],[78]
2026-07-04T08:57:32+02:00,[37],[128]
2026-07-04T08:37:32+02:00,[37],[62]
2026-07-04T08:17:32+02:00,[37],[36]
2026-07-04T08:07:32+02:00,[37],[41]
2026-07-04T07:27:32+02:00,[37],[29]
2026-07-04T06:57:32+02:00,[37],[26]
2026-07-04T06:47:32+02:00,[38],[39]
2026-07-04T06:17:32+02:00,[38],[39]
2026-07-04T05:47:32+02:00,[37],[45]
2026-07-04T05:07:32+02:00,[37],[34]
2026-07-04T04:07:32+02:00,[37],[38]
2026-07-04T03:57:32+02:00,[37],[18]
2026-07-03T18:57:32+02:00,[37],[57]
2026-07-03T18:47:32+02:00,[37],[67]
2026-07-03T18:37:32+02:00,[37],[49]
2026-07-03T18:27:32+02:00,[37],[57]
2026-07-03T18:07:32+02:00,[37],[52]
2026-07-03T17:57:32+02:00,[37],[22]
2026-07-03T17:47:32+02:00,[37],[43]
2026-07-03T17:37:32+02:00,[37],[70]
2026-07-03T17:27:32+02:00,[37],[45]
2026-07-03T17:07:32+02:00,[37],[139]
2026-07-03T16:37:32+02:00,[37],[24]
2026-07-03T16:27:32+02:00,[37],[29]
2026-07-03T16:07:32+02:00,[37],[38]
2026-07-03T15:57:32+02:00,[37],[16]
2026-07-03T15:47:32+02:00,[38],[12]
2026-07-03T15:07:32+02:00,[37],[47]
2026-07-03T14:27:32+02:00,[38],[19]
2026-07-03T14:07:32+02:00,[37],[28]
2026-07-03T13:47:32+02:00,[37],[24]
2026-07-03T13:37:32+02:00,[37],[10]
2026-07-03T10:27:32+02:00,[38],[52]
2026-07-03T10:17:32+02:00,[37],[20]
2026-07-03T10:07:32+02:00,[38],[54]
2026-07-03T09:57:32+02:00,[37],[51]
2026-07-03T09:37:32+02:00,[37],[28]
2026-07-03T08:47:31+02:00,[38],[18]
2026-07-03T07:57:32+02:00,[37],[26]
2026-07-03T07:27:32+02:00,[38],[25]
2026-07-03T07:07:32+02:00,[37],[51]
2026-07-03T06:27:32+02:00,[37],[54]
2026-07-03T06:17:32+02:00,[38],[35]
2026-07-03T05:57:32+02:00,[38],[65]
2026-07-03T05:37:32+02:00,[37],[29]
2026-07-03T05:27:32+02:00,[37],[28]
2026-07-03T04:27:32+02:00,[37],[420]
2026-07-03T03:57:32+02:00,[37],[46]
2026-07-03T03:07:32+02:00,[37],[44]
2026-07-03T02:57:32+02:00,[37],[10]
2026-07-03T01:57:32+02:00,[37],[11]
2026-07-02T15:27:32+02:00,[37],[19]
2026-07-02T15:17:32+02:00,[37],[53]
2026-07-02T14:57:32+02:00,[37],[67]
2026-07-02T14:27:32+02:00,[37],[24]
2026-07-02T13:27:32+02:00,[37],[70]
2026-07-02T13:17:32+02:00,[37],[25]
2026-07-02T12:27:32+02:00,[37],[30]
2026-07-02T12:17:32+02:00,[37],[21]
2026-07-02T12:07:32+02:00,[38],[26]
2026-07-02T11:47:32+02:00,[37],[29]
2026-07-02T11:27:32+02:00,[37],[57]
2026-07-02T11:07:32+02:00,[37],[342]
2026-07-02T10:47:32+02:00,[37],[51]
2026-07-02T10:27:32+02:00,[38],[43]
2026-07-02T10:17:32+02:00,[37],[24]
2026-07-02T09:47:35+02:00,[38],[45]
2026-07-02T09:17:35+02:00,[38],[90]
2026-07-02T08:57:35+02:00,[37],[13]
2026-07-02T08:47:35+02:00,[37],[146]
2026-07-02T08:37:35+02:00,[38],[45]
2026-07-02T08:27:35+02:00,[37],[57]
2026-07-02T08:17:35+02:00,[37],[90]
2026-07-02T08:07:35+02:00,[37],[78]
2026-07-02T07:57:34+02:00,[38],[22]
2026-07-02T07:37:35+02:00,[37],[22]
2026-07-02T07:27:35+02:00,[37],[30]
2026-07-02T07:17:35+02:00,[38],[28]
2026-07-02T06:57:35+02:00,[37],[24]
2026-07-02T06:47:35+02:00,[37],[36]
2026-07-02T06:27:35+02:00,[37],[23]
2026-07-02T06:07:35+02:00,[38],[32]
2026-07-02T05:47:35+02:00,[37],[47]
2026-07-02T05:27:35+02:00,[37],[46]
2026-07-02T05:17:35+02:00,[38],[34]
2026-07-02T05:07:35+02:00,[37],[56]
2026-07-02T04:57:36+02:00,[37],[181]
2026-07-02T04:47:34+02:00,[38],[44]
2026-07-02T04:27:35+02:00,[37],[39]
2026-07-02T03:57:35+02:00,[37],[34]
2026-07-02T03:47:35+02:00,[37],[46]
2026-07-02T03:37:35+02:00,[37],[41]
2026-07-02T03:07:35+02:00,[37],[31]
2026-07-02T02:57:35+02:00,[37],[42]
2026-07-02T02:47:36+02:00,[37],[28]
2026-07-02T02:37:35+02:00,[37],[40]
2026-07-01T15:57:35+02:00,[37],[10]
2026-07-01T15:47:35+02:00,[37],[25]
2026-07-01T15:37:35+02:00,[37],[143]
2026-07-01T15:17:35+02:00,[37],[20]
2026-07-01T13:27:35+02:00,[37],[64]
2026-07-01T13:07:36+02:00,[37],[41]
2026-07-01T12:57:35+02:00,[38],[59]
2026-07-01T12:47:35+02:00,[37],[30]
2026-07-01T12:37:36+02:00,[37],[25]
2026-07-01T12:17:35+02:00,[37],[249]
2026-07-01T11:27:35+02:00,[37],[37]
2026-07-01T11:07:35+02:00,[37],[42]
2026-07-01T10:57:34+02:00,[38],[59]
2026-07-01T10:37:35+02:00,[37],[17]
2026-07-01T10:27:35+02:00,[37],[33]
2026-07-01T10:07:35+02:00,[37],[42]
2026-07-01T09:57:35+02:00,[38],[16]
2026-07-01T09:47:35+02:00,[37],[29]
2026-07-01T09:37:35+02:00,[37],[29]
2026-07-01T09:29:02+02:00,[38],[35]
2026-07-01T08:27:35+02:00,[37],[40]
2026-07-01T08:17:35+02:00,[37],[40]
2026-07-01T07:57:35+02:00,[37],[12]
2026-07-01T07:47:35+02:00,[37],[29]
2026-07-01T07:17:46+02:00,[37],[37]
2026-07-01T06:57:35+02:00,[38],[17]
2026-07-01T06:47:35+02:00,[38],[19]
2026-07-01T06:27:35+02:00,[38],[24]
2026-07-01T06:17:36+02:00,[37],[65]
2026-07-01T05:57:35+02:00,[37],[40]
2026-07-01T05:47:35+02:00,[37],[27]
2026-07-01T05:37:35+02:00,[37],[199]
2026-07-01T05:27:35+02:00,[37],[38]
2026-07-01T04:47:35+02:00,[37],[32]
2026-07-01T04:37:35+02:00,[37],[37]
2026-07-01T04:27:35+02:00,[38],[60]
2026-07-01T04:17:35+02:00,[37],[26]
2026-07-01T03:47:35+02:00,[37],[44]
2026-07-01T03:27:35+02:00,[38],[39]
2026-07-01T02:57:35+02:00,[37],[17]
2026-07-01T02:37:35+02:00,[37],[25]
2026-07-01T01:47:35+02:00,[37],[35]
2026-07-01T01:27:59+02:00,[33],[374]
2026-06-30T16:27:35+02:00,[38],[12]
2026-06-30T12:07:35+02:00,[37],[41]
2026-06-30T11:17:35+02:00,[37],[65]
2026-06-30T11:07:35+02:00,[37],[45]
2026-06-30T10:57:35+02:00,[37],[49]
2026-06-30T10:47:35+02:00,[38],[29]
2026-06-30T10:37:35+02:00,[38],[35]
2026-06-30T10:27:36+02:00,[37],[33]
2026-06-30T10:07:35+02:00,[37],[17]
2026-06-30T09:57:35+02:00,[37],[29]
2026-06-30T09:47:35+02:00,[37],[32]
2026-06-30T09:37:35+02:00,[37],[39]
2026-06-30T09:27:35+02:00,[38],[51]
2026-06-30T09:17:35+02:00,[37],[31]
2026-06-30T09:07:35+02:00,[37],[36]
2026-06-30T08:57:35+02:00,[38],[31]
2026-06-30T08:47:35+02:00,[37],[36]
2026-06-30T08:37:35+02:00,[37],[29]
2026-06-30T08:27:35+02:00,[37],[142]
2026-06-30T08:17:35+02:00,[37],[41]
2026-06-30T07:37:35+02:00,[38],[39]
2026-06-30T06:57:35+02:00,[37],[33]
2026-06-30T06:27:35+02:00,[38],[25]
2026-06-30T06:07:35+02:00,[38],[46]
2026-06-30T05:37:35+02:00,[38],[43]
2026-06-30T05:27:35+02:00,[38],[32]
2026-06-30T05:07:35+02:00,[37],[314]
2026-06-30T04:57:35+02:00,[38],[41]
2026-06-30T04:47:35+02:00,[37],[36]
2026-06-30T04:37:36+02:00,[37],[60]
2026-06-30T03:47:35+02:00,[38],[42]
2026-06-30T03:27:35+02:00,[37],[55]
2026-06-30T03:17:35+02:00,[37],[34]
2026-06-30T02:57:35+02:00,[37],[77]
2026-06-30T02:37:35+02:00,[38],[61]
2026-06-30T02:27:35+02:00,[37],[204]
2026-06-30T02:17:35+02:00,[37],[13]
2026-06-29T15:07:34+02:00,[38],[34]
2026-06-29T14:57:35+02:00,[37],[231]
2026-06-29T14:47:35+02:00,[37],[35]
2026-06-29T14:17:35+02:00,[37],[16]
2026-06-29T13:27:35+02:00,[37],[26]
2026-06-29T13:17:35+02:00,[38],[26]
2026-06-29T12:57:35+02:00,[37],[105]
2026-06-29T11:47:36+02:00,[37],[24]
2026-06-29T11:37:36+02:00,[37],[29]
2026-06-29T11:27:35+02:00,[38],[24]
2026-06-29T11:07:36+02:00,[37],[184]
2026-06-29T10:37:35+02:00,[37],[59]
2026-06-29T10:17:35+02:00,[37],[19]
2026-06-29T10:07:35+02:00,[37],[38]
2026-06-29T09:47:35+02:00,[37],[43]
2026-06-29T09:27:35+02:00,[37],[22]
2026-06-29T09:17:35+02:00,[37],[34]
2026-06-29T08:57:35+02:00,[37],[24]
2026-06-29T08:47:35+02:00,[37],[45]
2026-06-29T08:37:35+02:00,[38],[51]
2026-06-29T08:07:35+02:00,[37],[67]
2026-06-29T07:57:35+02:00,[37],[27]
2026-06-29T07:27:38+02:00,[37],[11]
2026-06-29T07:07:38+02:00,[37],[13]
2026-06-29T06:57:38+02:00,[37],[62]
2026-06-29T06:47:39+02:00,[37],[34]
2026-06-29T06:17:37+02:00,[37],[51]
2026-06-29T05:17:38+02:00,[37],[31]
2026-06-29T04:47:38+02:00,[37],[21]
2026-06-29T04:37:38+02:00,[38],[54]
2026-06-29T04:27:38+02:00,[37],[37]
2026-06-29T04:17:38+02:00,[37],[72]
2026-06-29T04:07:38+02:00,[38],[60]
2026-06-29T03:57:38+02:00,[37],[26]
2026-06-29T03:37:38+02:00,[37],[24]
2026-06-29T03:07:38+02:00,[38],[48]
2026-06-29T02:57:38+02:00,[37],[38]
2026-06-29T02:37:38+02:00,[37],[27]
2026-06-29T02:27:38+02:00,[37],[39]
2026-06-29T02:17:39+02:00,[37],[28]
2026-06-29T02:07:38+02:00,[37],[8]
2026-06-28T15:17:39+02:00,[37],[26]
2026-06-28T15:07:38+02:00,[37],[18]
2026-06-28T14:57:38+02:00,[37],[31]
2026-06-28T14:47:38+02:00,[37],[32]
2026-06-28T14:37:38+02:00,[38],[10]
2026-06-28T14:27:38+02:00,[38],[37]
2026-06-28T14:17:38+02:00,[37],[24]
2026-06-28T14:07:38+02:00,[37],[50]
2026-06-28T13:47:38+02:00,[37],[21]
2026-06-28T13:37:38+02:00,[37],[34]
2026-06-28T11:57:38+02:00,[38],[10]
2026-06-28T11:37:38+02:00,[37],[72]
2026-06-28T10:47:38+02:00,[37],[13]
2026-06-28T09:07:38+02:00,[37],[16]
2026-06-28T08:47:38+02:00,[37],[27]
2026-06-28T08:37:38+02:00,[37],[39]
2026-06-28T08:17:38+02:00,[37],[44]
2026-06-28T07:37:38+02:00,[37],[364]
2026-06-28T07:07:37+02:00,[38],[157]
2026-06-28T06:57:38+02:00,[37],[35]
2026-06-28T06:47:38+02:00,[37],[59]
2026-06-28T06:37:38+02:00,[38],[41]
2026-06-28T06:07:38+02:00,[38],[37]
2026-06-28T05:37:37+02:00,[38],[42]
2026-06-28T05:27:38+02:00,[37],[30]
2026-06-28T05:17:38+02:00,[37],[44]
2026-06-28T04:57:38+02:00,[37],[61]
2026-06-28T04:27:38+02:00,[37],[76]
2026-06-28T03:57:38+02:00,[37],[36]
2026-06-28T03:47:38+02:00,[38],[35]
2026-06-28T03:27:38+02:00,[37],[20]
2026-06-28T03:07:39+02:00,[37],[40]
2026-06-27T16:07:38+02:00,[37],[23]
2026-06-27T15:57:38+02:00,[38],[36]
2026-06-27T15:47:38+02:00,[37],[21]
2026-06-27T15:37:38+02:00,[37],[26]
2026-06-27T15:27:38+02:00,[37],[11]
2026-06-27T15:17:38+02:00,[38],[17]
2026-06-27T15:07:38+02:00,[37],[16]
2026-06-27T14:37:38+02:00,[37],[20]
2026-06-27T14:27:38+02:00,[37],[18]
2026-06-27T14:07:38+02:00,[37],[16]
2026-06-27T13:57:38+02:00,[37],[12]
2026-06-27T13:47:38+02:00,[37],[14]
2026-06-27T13:37:38+02:00,[38],[25]
2026-06-27T10:37:38+02:00,[37],[33]
2026-06-27T10:07:38+02:00,[37],[8]
2026-06-27T09:37:39+02:00,[37],[29]
2026-06-27T08:47:38+02:00,[37],[37]
2026-06-27T08:07:38+02:00,[37],[24]
2026-06-27T07:57:38+02:00,[37],[39]
2026-06-27T07:47:38+02:00,[38],[41]
2026-06-27T06:07:38+02:00,[37],[190]
2026-06-27T05:47:38+02:00,[38],[46]
2026-06-27T05:37:37+02:00,[37],[51]
2026-06-27T05:07:38+02:00,[38],[74]
2026-06-27T04:57:38+02:00,[37],[46]
2026-06-27T04:47:38+02:00,[37],[94]
2026-06-26T16:37:38+02:00,[37],[26]
2026-06-26T16:27:38+02:00,[38],[20]
2026-06-26T16:17:38+02:00,[38],[39]
2026-06-26T16:07:38+02:00,[37],[42]
2026-06-26T15:57:38+02:00,[37],[82]
2026-06-26T15:47:38+02:00,[37],[23]
2026-06-26T15:37:38+02:00,[37],[27]
2026-06-26T15:17:38+02:00,[37],[34]
2026-06-26T15:07:38+02:00,[37],[27]
2026-06-26T14:27:38+02:00,[37],[35]
2026-06-26T14:07:38+02:00,[37],[33]
2026-06-26T13:57:38+02:00,[37],[12]
2026-06-26T13:47:38+02:00,[37],[71]
2026-06-26T13:27:38+02:00,[37],[24]
2026-06-26T13:17:38+02:00,[37],[206]
2026-06-26T13:07:38+02:00,[37],[62]
2026-06-26T12:57:38+02:00,[37],[18]
2026-06-26T12:17:38+02:00,[37],[40]
2026-06-26T11:47:38+02:00,[37],[58]
2026-06-26T10:57:38+02:00,[37],[21]
2026-06-26T09:17:38+02:00,[37],[41]
2026-06-26T09:07:38+02:00,[37],[19]
2026-06-26T08:57:38+02:00,[38],[23]
2026-06-26T08:47:38+02:00,[37],[53]
2026-06-26T08:37:38+02:00,[38],[25]
2026-06-26T08:27:38+02:00,[37],[14]
2026-06-26T08:17:38+02:00,[38],[80]
2026-06-26T08:07:38+02:00,[37],[32]
2026-06-26T07:47:38+02:00,[37],[42]
2026-06-26T07:37:38+02:00,[37],[15]
2026-06-26T07:27:41+02:00,[37],[28]
2026-06-26T07:17:41+02:00,[38],[18]
2026-06-26T07:07:41+02:00,[37],[63]
2026-06-26T06:47:41+02:00,[37],[39]
2026-06-26T06:37:41+02:00,[38],[48]
2026-06-26T06:17:41+02:00,[37],[35]
2026-06-26T05:57:41+02:00,[38],[70]
2026-06-26T05:37:40+02:00,[37],[41]
2026-06-26T05:27:40+02:00,[38],[29]
2026-06-26T04:47:41+02:00,[37],[33]
2026-06-26T04:37:42+02:00,[37],[25]
2026-06-26T04:27:41+02:00,[37],[42]
2026-06-26T04:17:41+02:00,[37],[27]
2026-06-26T03:57:41+02:00,[38],[37]
2026-06-26T03:07:41+02:00,[37],[240]
2026-06-26T02:57:41+02:00,[37],[24]
2026-06-26T02:47:41+02:00,[37],[19]
2026-06-25T16:37:41+02:00,[37],[44]
2026-06-25T16:27:41+02:00,[37],[42]
2026-06-25T16:17:41+02:00,[37],[47]
2026-06-25T16:07:42+02:00,[37],[30]
2026-06-25T15:57:41+02:00,[37],[21]
2026-06-25T15:47:41+02:00,[37],[35]
2026-06-25T15:37:41+02:00,[37],[22]
2026-06-25T15:27:41+02:00,[38],[33]
2026-06-25T14:57:41+02:00,[37],[54]
2026-06-25T14:47:41+02:00,[37],[24]
2026-06-25T13:27:41+02:00,[37],[52]
2026-06-25T12:57:41+02:00,[37],[58]
2026-06-25T11:47:41+02:00,[37],[30]
2026-06-25T11:37:41+02:00,[37],[25]
2026-06-25T11:27:41+02:00,[37],[38]
2026-06-25T11:17:41+02:00,[37],[70]
2026-06-25T10:47:42+02:00,[37],[53]
2026-06-25T10:37:41+02:00,[37],[33]
2026-06-25T10:27:41+02:00,[38],[28]
2026-06-25T10:17:41+02:00,[38],[48]
2026-06-25T09:57:41+02:00,[37],[47]
2026-06-25T09:27:41+02:00,[38],[27]
2026-06-25T08:57:41+02:00,[37],[37]
2026-06-25T08:47:41+02:00,[37],[31]
2026-06-25T08:37:41+02:00,[37],[61]
2026-06-25T07:57:41+02:00,[37],[370]
2026-06-25T07:27:41+02:00,[37],[22]
2026-06-25T07:17:41+02:00,[37],[35]
2026-06-25T06:57:41+02:00,[38],[38]
2026-06-25T06:47:41+02:00,[37],[23]
2026-06-25T06:37:41+02:00,[37],[40]
2026-06-25T06:27:40+02:00,[38],[70]
2026-06-25T05:57:41+02:00,[37],[65]
2026-06-25T05:27:41+02:00,[37],[50]
2026-06-25T05:17:41+02:00,[38],[47]
2026-06-25T05:07:41+02:00,[37],[18]
2026-06-25T04:47:41+02:00,[37],[25]
2026-06-25T04:27:41+02:00,[37],[41]
2026-06-25T04:17:41+02:00,[37],[88]
2026-06-25T03:47:41+02:00,[38],[44]
2026-06-25T03:37:41+02:00,[38],[28]
2026-06-25T03:07:42+02:00,[37],[25]
2026-06-25T02:57:40+02:00,[38],[171]
2026-06-24T15:47:41+02:00,[37],[14]
2026-06-24T15:37:41+02:00,[37],[39]
2026-06-24T15:27:41+02:00,[37],[43]
2026-06-24T15:17:41+02:00,[38],[21]
2026-06-24T15:07:41+02:00,[37],[38]
2026-06-24T14:57:41+02:00,[37],[20]
2026-06-24T14:47:41+02:00,[37],[39]
2026-06-24T14:37:41+02:00,[37],[28]
2026-06-24T14:27:41+02:00,[37],[57]
2026-06-24T14:17:41+02:00,[37],[46]
2026-06-24T14:07:41+02:00,[37],[40]
2026-06-24T13:57:41+02:00,[37],[20]
2026-06-24T13:37:41+02:00,[37],[37]
2026-06-24T13:27:41+02:00,[37],[194]
2026-06-24T13:17:41+02:00,[37],[27]
2026-06-24T12:57:41+02:00,[38],[23]
2026-06-24T12:47:41+02:00,[38],[76]
2026-06-24T11:17:41+02:00,[37],[47]
2026-06-24T11:07:41+02:00,[37],[30]
2026-06-24T10:57:41+02:00,[37],[14]
2026-06-24T10:37:41+02:00,[37],[29]
2026-06-24T10:27:41+02:00,[37],[18]
2026-06-24T10:17:41+02:00,[37],[26]
2026-06-24T10:07:41+02:00,[37],[12]
2026-06-24T09:57:41+02:00,[37],[52]
2026-06-24T08:47:41+02:00,[38],[59]
2026-06-24T08:37:42+02:00,[37],[22]
2026-06-24T08:17:41+02:00,[38],[31]
2026-06-24T08:07:42+02:00,[37],[28]
2026-06-24T07:57:41+02:00,[37],[16]
2026-06-24T07:47:41+02:00,[38],[124]
2026-06-24T07:17:41+02:00,[38],[32]
2026-06-24T07:07:41+02:00,[37],[72]
2026-06-24T06:47:38+02:00,[37],[83]
2026-06-24T06:07:41+02:00,[37],[251]
2026-06-24T05:47:41+02:00,[38],[34]
2026-06-24T05:37:41+02:00,[37],[50]
2026-06-24T05:17:41+02:00,[37],[27]
2026-06-24T05:07:41+02:00,[37],[65]
2026-06-24T04:47:40+02:00,[37],[42]
2026-06-24T04:37:41+02:00,[38],[34]
2026-06-24T04:27:41+02:00,[37],[316]
2026-06-24T04:07:41+02:00,[37],[35]
2026-06-24T03:57:41+02:00,[37],[52]
2026-06-24T03:47:41+02:00,[37],[25]
2026-06-24T03:37:41+02:00,[38],[27]
2026-06-24T03:07:41+02:00,[37],[16]
2026-06-24T02:57:41+02:00,[38],[23]
2026-06-24T02:47:41+02:00,[38],[32]
2026-06-23T16:57:41+02:00,[37],[32]
2026-06-23T11:57:44+02:00,[37],[25]
2026-06-23T11:47:44+02:00,[37],[17]
2026-06-23T11:17:44+02:00,[38],[11]
2026-06-23T10:47:45+02:00,[37],[14]
2026-06-23T10:17:43+02:00,[38],[12]
2026-06-23T10:07:44+02:00,[38],[296]
2026-06-23T09:57:43+02:00,[38],[17]
2026-06-23T09:47:44+02:00,[37],[70]
2026-06-23T09:37:44+02:00,[37],[38]
2026-06-23T09:27:44+02:00,[37],[66]
2026-06-23T09:17:44+02:00,[37],[103]
2026-06-23T08:57:44+02:00,[38],[20]
2026-06-23T08:47:44+02:00,[37],[18]
2026-06-23T08:37:44+02:00,[37],[22]
2026-06-23T07:57:44+02:00,[37],[45]
2026-06-23T07:27:44+02:00,[37],[24]
2026-06-23T06:37:44+02:00,[38],[67]
2026-06-23T05:57:44+02:00,[37],[70]
2026-06-23T05:47:44+02:00,[37],[22]
2026-06-23T05:37:44+02:00,[37],[30]
2026-06-23T05:27:44+02:00,[37],[23]
2026-06-23T05:17:44+02:00,[37],[207]
2026-06-23T04:37:44+02:00,[37],[212]
2026-06-23T04:07:44+02:00,[38],[41]
2026-06-23T03:57:44+02:00,[37],[29]
2026-06-23T03:47:44+02:00,[37],[27]
2026-06-23T03:37:44+02:00,[37],[57]
2026-06-23T03:27:44+02:00,[37],[115]
2026-06-23T03:17:44+02:00,[37],[44]
2026-06-23T03:07:44+02:00,[37],[12]
2026-06-23T02:57:44+02:00,[37],[29]
2026-06-23T02:27:44+02:00,[37],[40]
2026-06-23T01:57:44+02:00,[37],[16]
2026-06-23T01:47:43+02:00,[38],[21]
2026-06-22T15:07:44+02:00,[37],[65]
2026-06-22T14:37:44+02:00,[37],[48]
2026-06-22T14:17:45+02:00,[37],[217]
2026-06-22T14:07:43+02:00,[38],[68]
2026-06-22T13:17:44+02:00,[38],[309]
2026-06-22T13:07:45+02:00,[37],[53]
2026-06-22T12:57:44+02:00,[37],[48]
2026-06-22T11:57:44+02:00,[37],[17]
2026-06-22T11:47:45+02:00,[37],[14]
2026-06-22T10:47:45+02:00,[36],[18]
2026-06-22T10:37:44+02:00,[37],[32]
2026-06-22T10:27:44+02:00,[37],[30]
2026-06-22T09:57:44+02:00,[37],[37]
2026-06-22T08:47:44+02:00,[37],[25]
2026-06-22T08:37:44+02:00,[37],[33]
2026-06-22T08:17:43+02:00,[38],[243]
2026-06-22T08:07:44+02:00,[37],[19]
2026-06-22T07:47:44+02:00,[37],[44]
2026-06-22T07:37:44+02:00,[37],[19]
2026-06-22T07:27:44+02:00,[37],[29]
2026-06-22T07:17:44+02:00,[38],[27]
2026-06-22T07:07:44+02:00,[37],[52]
2026-06-22T06:47:44+02:00,[37],[304]
2026-06-22T06:37:44+02:00,[37],[25]
2026-06-22T06:17:44+02:00,[37],[24]
2026-06-22T06:07:44+02:00,[37],[43]
2026-06-22T04:47:44+02:00,[37],[70]
2026-06-22T04:37:43+02:00,[38],[23]
2026-06-22T04:07:43+02:00,[37],[265]
2026-06-22T03:57:44+02:00,[37],[46]
2026-06-22T03:47:45+02:00,[37],[42]
2026-06-22T03:27:44+02:00,[37],[51]
2026-06-22T02:57:44+02:00,[37],[60]
2026-06-22T02:47:44+02:00,[37],[77]
2026-06-22T02:37:44+02:00,[37],[72]
2026-06-22T02:17:44+02:00,[37],[16]
2026-06-22T01:57:44+02:00,[37],[18]
2026-06-21T14:47:44+02:00,[38],[15]
2026-06-21T14:37:44+02:00,[37],[12]
2026-06-21T11:27:43+02:00,[37],[33]
2026-06-21T10:17:44+02:00,[37],[16]
2026-06-21T09:47:44+02:00,[38],[18]
2026-06-21T09:07:44+02:00,[37],[155]
2026-06-21T08:57:43+02:00,[37],[86]
2026-06-21T07:47:16+02:00,[37],[33]
2026-06-21T07:37:16+02:00,[37],[37]
2026-06-21T07:27:17+02:00,[37],[43]
2026-06-21T06:52:54+02:00,[38],[29]
2026-06-21T06:42:54+02:00,[37],[37]
2026-06-20T14:42:57+02:00,[37],[54]
2026-06-20T14:22:57+02:00,[37],[30]
2026-06-20T13:12:57+02:00,[37],[47]
2026-06-20T13:02:57+02:00,[38],[43]
2026-06-20T12:22:56+02:00,[38],[37]
2026-06-20T11:42:57+02:00,[38],[6]
2026-06-20T11:12:57+02:00,[37],[29]
2026-06-20T11:02:57+02:00,[37],[34]
2026-06-20T10:32:57+02:00,[37],[24]
2026-06-20T10:12:57+02:00,[37],[30]
2026-06-20T10:02:57+02:00,[38],[233]
2026-06-20T09:12:57+02:00,[37],[71]
2026-06-20T04:42:57+02:00,[37],[32]
2026-06-20T04:32:57+02:00,[37],[28]
2026-06-20T04:22:57+02:00,[37],[41]
2026-06-20T04:12:57+02:00,[37],[53]
2026-06-20T04:02:57+02:00,[37],[25]
2026-06-20T03:52:57+02:00,[37],[32]
2026-06-20T03:32:56+02:00,[37],[40]
2026-06-20T02:32:57+02:00,[37],[75]
2026-06-20T02:22:57+02:00,[37],[37]
2026-06-19T14:12:57+02:00,[37],[68]
2026-06-19T13:32:57+02:00,[37],[39]
2026-06-19T12:02:57+02:00,[37],[85]
2026-06-19T11:42:57+02:00,[37],[37]
2026-06-19T11:32:57+02:00,[37],[20]
2026-06-19T08:52:57+02:00,[37],[42]
2026-06-19T08:22:57+02:00,[37],[45]
2026-06-19T08:12:57+02:00,[37],[47]
2026-06-19T08:02:57+02:00,[37],[8]
2026-06-19T07:52:57+02:00,[37],[40]
2026-06-19T07:42:57+02:00,[37],[64]
2026-06-19T07:32:57+02:00,[37],[188]
2026-06-19T07:22:57+02:00,[37],[18]
2026-06-19T07:12:57+02:00,[37],[23]
2026-06-19T07:02:57+02:00,[37],[20]
2026-06-19T06:52:57+02:00,[37],[29]
2026-06-19T06:22:57+02:00,[37],[49]
2026-06-19T05:33:00+02:00,[37],[63]
2026-06-19T04:53:00+02:00,[37],[25]
2026-06-19T04:43:00+02:00,[37],[111]
2026-06-19T04:33:00+02:00,[37],[44]
2026-06-19T04:23:00+02:00,[37],[161]
2026-06-19T03:53:00+02:00,[37],[11]
2026-06-19T03:43:00+02:00,[37],[65]
2026-06-19T03:33:00+02:00,[37],[55]
2026-06-19T03:13:00+02:00,[37],[34]
2026-06-19T03:02:59+02:00,[38],[34]
2026-06-19T02:53:01+02:00,[37],[45]
2026-06-19T02:43:01+02:00,[37],[24]
2026-06-19T02:32:59+02:00,[38],[41]
2026-06-19T02:03:01+02:00,[37],[11]
2026-06-18T16:23:00+02:00,[37],[24]
2026-06-18T16:13:00+02:00,[37],[59]
2026-06-18T16:03:00+02:00,[37],[48]
2026-06-18T15:53:00+02:00,[37],[38]
2026-06-18T15:42:59+02:00,[38],[16]
2026-06-18T14:53:00+02:00,[38],[34]
2026-06-18T14:23:00+02:00,[37],[32]
2026-06-18T12:33:00+02:00,[37],[31]
2026-06-18T12:23:00+02:00,[38],[78]
2026-06-18T11:33:00+02:00,[37],[31]
2026-06-18T10:53:00+02:00,[37],[89]
2026-06-18T10:43:00+02:00,[37],[45]
2026-06-18T09:43:00+02:00,[38],[51]
2026-06-18T09:33:00+02:00,[38],[17]
2026-06-18T09:23:00+02:00,[38],[32]
2026-06-18T08:53:00+02:00,[37],[34]
2026-06-18T08:43:00+02:00,[37],[79]
2026-06-18T08:33:00+02:00,[37],[79]
2026-06-18T08:23:00+02:00,[37],[46]
2026-06-18T07:43:00+02:00,[37],[49]
2026-06-18T07:23:00+02:00,[37],[98]
2026-06-18T06:53:00+02:00,[37],[27]
2026-06-18T06:23:01+02:00,[37],[48]
2026-06-18T06:13:00+02:00,[37],[52]
2026-06-18T05:43:00+02:00,[38],[73]
2026-06-18T05:33:00+02:00,[37],[108]
2026-06-18T05:13:00+02:00,[37],[23]
2026-06-18T04:53:01+02:00,[37],[18]
2026-06-18T04:23:00+02:00,[37],[41]
2026-06-18T04:13:00+02:00,[38],[58]
2026-06-18T04:03:00+02:00,[37],[28]
2026-06-18T03:53:01+02:00,[37],[38]
2026-06-18T03:43:01+02:00,[37],[61]
2026-06-18T03:13:00+02:00,[37],[27]
2026-06-18T03:03:00+02:00,[38],[79]
2026-06-18T02:53:00+02:00,[37],[35]
2026-06-17T16:13:00+02:00,[37],[39]
2026-06-17T16:02:59+02:00,[38],[43]
2026-06-17T15:53:00+02:00,[37],[47]
2026-06-17T15:43:00+02:00,[37],[36]
2026-06-17T15:33:00+02:00,[37],[24]
2026-06-17T15:23:00+02:00,[38],[50]
2026-06-17T15:13:00+02:00,[37],[28]
2026-06-17T15:03:00+02:00,[37],[50]
2026-06-17T14:53:00+02:00,[37],[41]
2026-06-17T14:43:00+02:00,[38],[41]
2026-06-17T14:33:00+02:00,[37],[19]
2026-06-17T13:53:00+02:00,[37],[39]
2026-06-17T13:43:00+02:00,[38],[55]
2026-06-17T13:33:00+02:00,[38],[63]
2026-06-17T13:23:00+02:00,[37],[27]
2026-06-17T13:13:00+02:00,[37],[32]
2026-06-17T13:03:00+02:00,[37],[28]
2026-06-17T12:53:00+02:00,[37],[25]
2026-06-17T12:43:00+02:00,[37],[56]
2026-06-17T12:33:00+02:00,[37],[15]
2026-06-17T12:23:00+02:00,[37],[215]
2026-06-17T12:12:59+02:00,[38],[256]
2026-06-17T11:23:00+02:00,[37],[54]
2026-06-17T11:03:00+02:00,[37],[38]
2026-06-17T10:43:00+02:00,[38],[45]
2026-06-17T10:33:00+02:00,[38],[42]
2026-06-17T10:22:59+02:00,[37],[163]
2026-06-17T10:03:00+02:00,[38],[38]
2026-06-17T09:53:01+02:00,[37],[30]
2026-06-17T09:43:00+02:00,[37],[17]
2026-06-17T09:33:00+02:00,[37],[60]
2026-06-17T08:23:00+02:00,[37],[21]
2026-06-17T08:13:00+02:00,[37],[40]
2026-06-17T08:03:00+02:00,[37],[32]
2026-06-17T07:53:00+02:00,[38],[50]
2026-06-17T07:43:00+02:00,[37],[46]
2026-06-17T07:33:00+02:00,[37],[47]
2026-06-17T07:23:00+02:00,[37],[29]
2026-06-17T07:12:59+02:00,[38],[44]
2026-06-17T07:03:01+02:00,[37],[27]
2026-06-17T06:33:00+02:00,[37],[20]
2026-06-17T06:03:00+02:00,[37],[22]
2026-06-17T05:53:00+02:00,[37],[22]
2026-06-17T05:43:00+02:00,[38],[34]
2026-06-17T04:53:00+02:00,[37],[48]
2026-06-17T04:43:00+02:00,[38],[34]
2026-06-17T04:33:00+02:00,[38],[20]
2026-06-17T04:23:00+02:00,[37],[18]
2026-06-17T04:12:59+02:00,[38],[66]
2026-06-17T04:03:00+02:00,[37],[29]
2026-06-17T03:53:00+02:00,[38],[18]
2026-06-17T03:43:00+02:00,[38],[51]
2026-06-17T03:23:00+02:00,[38],[28]
2026-06-17T03:03:00+02:00,[38],[30]
2026-06-17T02:53:00+02:00,[38],[20]
2026-06-16T15:03:00+02:00,[38],[24]
2026-06-16T14:43:00+02:00,[38],[36]
2026-06-16T14:23:00+02:00,[37],[30]
2026-06-16T11:13:00+02:00,[37],[36]
2026-06-16T10:33:00+02:00,[37],[32]
2026-06-16T10:13:00+02:00,[37],[58]
2026-06-16T10:02:59+02:00,[38],[28]
2026-06-16T09:52:59+02:00,[38],[29]
2026-06-16T09:43:00+02:00,[37],[35]
2026-06-16T09:33:01+02:00,[37],[20]
2026-06-16T09:23:01+02:00,[37],[26]
2026-06-16T09:13:01+02:00,[37],[48]
2026-06-16T09:03:00+02:00,[37],[49]
2026-06-16T07:53:00+02:00,[38],[77]
2026-06-16T07:43:00+02:00,[37],[18]
2026-06-16T07:13:00+02:00,[37],[15]
2026-06-16T07:03:00+02:00,[37],[17]
2026-06-16T06:23:00+02:00,[37],[156]
2026-06-16T06:13:00+02:00,[38],[95]
2026-06-16T05:33:00+02:00,[37],[36]
2026-06-16T05:23:00+02:00,[37],[159]
2026-06-16T05:13:00+02:00,[37],[52]
2026-06-16T04:53:00+02:00,[37],[95]
2026-06-16T04:23:00+02:00,[37],[19]
2026-06-16T03:53:00+02:00,[37],[82]
2026-06-16T03:33:00+02:00,[38],[30]
2026-06-16T02:53:00+02:00,[37],[59]
2026-06-16T02:43:00+02:00,[37],[16]
2026-06-16T02:13:00+02:00,[37],[25]
2026-06-15T14:43:02+02:00,[38],[54]
2026-06-15T13:53:03+02:00,[37],[82]
2026-06-15T13:43:03+02:00,[37],[75]
2026-06-15T13:33:03+02:00,[37],[35]
2026-06-15T13:23:03+02:00,[37],[29]
2026-06-15T13:03:03+02:00,[37],[28]
2026-06-15T12:53:03+02:00,[37],[54]
2026-06-15T12:43:03+02:00,[38],[27]
2026-06-15T11:53:03+02:00,[37],[10]
2026-06-15T09:33:03+02:00,[37],[53]
2026-06-15T09:23:03+02:00,[37],[56]
2026-06-15T08:53:03+02:00,[37],[37]
2026-06-15T08:33:03+02:00,[37],[58]
2026-06-15T08:23:03+02:00,[37],[171]
2026-06-15T08:13:03+02:00,[38],[26]
2026-06-15T08:03:03+02:00,[38],[51]
2026-06-15T07:53:03+02:00,[37],[36]
2026-06-15T07:33:03+02:00,[37],[23]
2026-06-15T07:23:03+02:00,[37],[22]
2026-06-15T07:03:03+02:00,[37],[51]
2026-06-15T06:53:03+02:00,[37],[454]
2026-06-15T06:33:03+02:00,[38],[65]
2026-06-15T06:03:03+02:00,[38],[31]
2026-06-15T05:53:03+02:00,[37],[27]
2026-06-15T05:23:03+02:00,[37],[45]
2026-06-15T04:53:03+02:00,[37],[22]
2026-06-15T04:43:03+02:00,[37],[18]
2026-06-15T04:13:03+02:00,[37],[23]
2026-06-15T04:03:03+02:00,[37],[66]
2026-06-15T03:53:03+02:00,[37],[33]
2026-06-15T03:23:04+02:00,[37],[20]
2026-06-15T02:53:03+02:00,[37],[49]
2026-06-14T14:43:03+02:00,[37],[17]
2026-06-14T13:43:03+02:00,[37],[27]
2026-06-14T12:03:02+02:00,[38],[23]
2026-06-14T08:23:02+02:00,[38],[36]
2026-06-14T08:03:03+02:00,[37],[13]
2026-06-14T07:53:03+02:00,[37],[17]
2026-06-14T07:43:04+02:00,[37],[30]
2026-06-14T07:33:03+02:00,[37],[27]
2026-06-14T07:23:03+02:00,[37],[36]
2026-06-14T07:03:03+02:00,[37],[42]
2026-06-14T06:53:03+02:00,[37],[25]
2026-06-14T06:43:02+02:00,[38],[17]
2026-06-14T06:33:03+02:00,[38],[29]
2026-06-14T06:23:03+02:00,[37],[38]
2026-06-14T06:13:03+02:00,[37],[29]
2026-06-14T06:03:03+02:00,[38],[32]
2026-06-13T15:43:03+02:00,[37],[28]
2026-06-13T15:33:03+02:00,[37],[24]
2026-06-13T15:23:04+02:00,[37],[61]
2026-06-13T15:13:03+02:00,[37],[272]
2026-06-13T15:03:03+02:00,[37],[25]
2026-06-13T14:53:03+02:00,[37],[67]
2026-06-13T14:43:03+02:00,[37],[43]
2026-06-13T14:33:03+02:00,[38],[37]
2026-06-13T14:23:03+02:00,[37],[21]
2026-06-13T14:13:03+02:00,[37],[40]
2026-06-13T14:03:03+02:00,[37],[30]
2026-06-13T13:53:03+02:00,[37],[408]
2026-06-13T13:43:03+02:00,[38],[35]
2026-06-13T13:33:03+02:00,[37],[25]
2026-06-13T13:23:03+02:00,[37],[33]
2026-06-13T13:13:03+02:00,[38],[30]
2026-06-13T13:03:03+02:00,[37],[36]
2026-06-13T12:53:03+02:00,[38],[23]
2026-06-13T12:43:03+02:00,[37],[20]
2026-06-13T12:33:03+02:00,[37],[28]
2026-06-13T12:03:02+02:00,[37],[17]
2026-06-13T11:43:03+02:00,[37],[329]
2026-06-13T11:33:03+02:00,[37],[72]
2026-06-13T10:43:03+02:00,[37],[54]
2026-06-13T10:23:03+02:00,[37],[28]
2026-06-13T10:13:03+02:00,[37],[55]
2026-06-13T07:43:03+02:00,[37],[39]
2026-06-13T07:33:03+02:00,[37],[22]
2026-06-13T07:23:03+02:00,[37],[10]
2026-06-13T07:03:03+02:00,[37],[22]
2026-06-13T06:33:03+02:00,[37],[29]
2026-06-13T06:23:03+02:00,[37],[37]
2026-06-13T06:03:04+02:00,[37],[23]
2026-06-13T05:53:03+02:00,[37],[26]
2026-06-13T05:23:03+02:00,[37],[6]
2026-06-13T04:53:03+02:00,[37],[37]
2026-06-13T04:43:03+02:00,[37],[32]
2026-06-13T04:23:03+02:00,[37],[34]
2026-06-13T04:13:03+02:00,[37],[32]
2026-06-13T04:03:03+02:00,[37],[51]
2026-06-13T03:53:03+02:00,[38],[23]
2026-06-13T03:43:03+02:00,[38],[14]
2026-06-13T03:23:03+02:00,[38],[19]
2026-06-13T03:13:03+02:00,[37],[14]
2026-06-13T03:03:04+02:00,[37],[20]
2026-06-12T17:53:06+02:00,[37],[12]
2026-06-12T17:43:06+02:00,[37],[24]
2026-06-12T17:33:06+02:00,[37],[64]
2026-06-12T17:03:06+02:00,[37],[33]
2026-06-12T16:43:06+02:00,[37],[79]
2026-06-12T16:33:07+02:00,[37],[19]
2026-06-12T16:23:06+02:00,[37],[48]
2026-06-12T16:03:06+02:00,[37],[66]
2026-06-12T15:53:06+02:00,[38],[24]
2026-06-12T15:43:06+02:00,[38],[54]
2026-06-12T14:13:06+02:00,[38],[22]
2026-06-12T13:53:06+02:00,[38],[89]
2026-06-12T13:33:06+02:00,[37],[28]
2026-06-12T12:03:06+02:00,[37],[24]
2026-06-12T11:33:06+02:00,[38],[55]
2026-06-12T11:03:06+02:00,[37],[259]
2026-06-12T10:53:06+02:00,[37],[65]
2026-06-12T08:43:06+02:00,[37],[26]
2026-06-12T08:13:06+02:00,[37],[22]
2026-06-12T07:53:06+02:00,[38],[27]
2026-06-12T07:43:06+02:00,[37],[41]
2026-06-12T07:33:06+02:00,[38],[179]
2026-06-12T07:23:06+02:00,[37],[93]
2026-06-12T07:13:06+02:00,[38],[16]
2026-06-12T07:03:06+02:00,[37],[51]
2026-06-12T06:53:06+02:00,[37],[31]
2026-06-12T06:43:07+02:00,[37],[38]
2026-06-12T06:13:06+02:00,[38],[51]
2026-06-12T05:43:06+02:00,[37],[41]
2026-06-12T05:33:06+02:00,[37],[30]
2026-06-12T05:23:06+02:00,[37],[53]
2026-06-12T05:13:06+02:00,[37],[61]
2026-06-12T04:53:06+02:00,[37],[64]
2026-06-12T04:43:07+02:00,[37],[42]
2026-06-12T04:33:06+02:00,[37],[28]
2026-06-12T04:23:06+02:00,[37],[76]
2026-06-12T04:13:06+02:00,[37],[24]
2026-06-12T04:03:06+02:00,[37],[28]
2026-06-12T03:23:06+02:00,[37],[59]
2026-06-12T03:13:07+02:00,[37],[14]
2026-06-12T03:03:06+02:00,[37],[26]
2026-06-12T02:53:06+02:00,[37],[21]
2026-06-12T02:43:06+02:00,[37],[49]
2026-06-12T02:03:06+02:00,[37],[15]
2026-06-11T13:13:06+02:00,[38],[26]
2026-06-11T13:03:06+02:00,[38],[227]
2026-06-11T11:33:07+02:00,[37],[21]
2026-06-11T11:03:06+02:00,[37],[33]
2026-06-11T10:43:07+02:00,[37],[104]
2026-06-11T10:33:06+02:00,[38],[109]
2026-06-11T10:23:06+02:00,[37],[17]
2026-06-11T10:13:06+02:00,[37],[42]
2026-06-11T09:53:06+02:00,[37],[66]
2026-06-11T09:33:06+02:00,[37],[29]
2026-06-11T08:53:06+02:00,[37],[85]
2026-06-11T08:43:06+02:00,[38],[42]
2026-06-11T08:33:06+02:00,[37],[50]
2026-06-11T08:23:07+02:00,[37],[60]
2026-06-11T08:13:06+02:00,[37],[77]
2026-06-11T07:53:06+02:00,[37],[29]
2026-06-11T07:33:06+02:00,[37],[26]
2026-06-11T07:13:06+02:00,[37],[300]
2026-06-11T06:53:06+02:00,[37],[48]
2026-06-11T06:33:07+02:00,[37],[64]
2026-06-11T06:13:06+02:00,[37],[36]
2026-06-11T06:03:06+02:00,[38],[31]
2026-06-11T05:53:07+02:00,[37],[70]
2026-06-11T05:03:06+02:00,[38],[46]
2026-06-11T04:53:06+02:00,[38],[30]
2026-06-11T04:43:06+02:00,[38],[58]
2026-06-11T04:33:06+02:00,[37],[65]
2026-06-11T04:23:06+02:00,[37],[46]
2026-06-11T04:03:06+02:00,[37],[75]
2026-06-11T03:23:05+02:00,[38],[40]
2026-06-11T03:13:07+02:00,[37],[36]
2026-06-11T03:03:06+02:00,[37],[35]
2026-06-11T02:53:06+02:00,[37],[17]
2026-06-11T02:43:06+02:00,[38],[15]
2026-06-10T17:13:05+02:00,[38],[48]
2026-06-10T17:03:06+02:00,[37],[38]
2026-06-10T16:53:06+02:00,[37],[34]
2026-06-10T16:43:06+02:00,[37],[29]
2026-06-10T16:33:05+02:00,[38],[65]
2026-06-10T16:13:06+02:00,[38],[226]
2026-06-10T16:03:06+02:00,[38],[35]
2026-06-10T15:43:06+02:00,[38],[44]
2026-06-10T15:33:06+02:00,[38],[91]
2026-06-10T15:23:05+02:00,[38],[43]
2026-06-10T15:13:06+02:00,[37],[19]
2026-06-10T15:03:06+02:00,[37],[44]
2026-06-10T14:53:06+02:00,[37],[29]
2026-06-10T14:43:06+02:00,[37],[46]
2026-06-10T14:33:05+02:00,[38],[30]
2026-06-10T14:13:06+02:00,[37],[41]
2026-06-10T14:03:06+02:00,[37],[43]
2026-06-10T13:13:06+02:00,[38],[36]
2026-06-10T13:03:06+02:00,[37],[60]
2026-06-10T12:53:06+02:00,[37],[34]
2026-06-10T12:43:06+02:00,[37],[27]
2026-06-10T12:33:05+02:00,[38],[23]
2026-06-10T12:23:06+02:00,[37],[35]
2026-06-10T12:13:06+02:00,[37],[50]
2026-06-10T11:43:06+02:00,[38],[37]
2026-06-10T11:33:06+02:00,[38],[49]
2026-06-10T11:13:06+02:00,[38],[55]
2026-06-10T11:03:06+02:00,[37],[30]
2026-06-10T10:03:06+02:00,[37],[22]
2026-06-10T09:53:06+02:00,[37],[42]
2026-06-10T09:33:19+02:00,[24],[51]
2026-06-10T08:53:07+02:00,[37],[23]
2026-06-10T08:43:06+02:00,[38],[40]
2026-06-10T08:33:06+02:00,[37],[215]
2026-06-10T08:23:06+02:00,[37],[23]
2026-06-10T08:13:06+02:00,[37],[62]
2026-06-10T08:03:06+02:00,[37],[76]
2026-06-10T07:43:06+02:00,[37],[39]
2026-06-10T07:33:06+02:00,[37],[13]
2026-06-10T07:23:06+02:00,[37],[26]
2026-06-10T07:13:06+02:00,[38],[20]
2026-06-10T05:43:06+02:00,[38],[37]
2026-06-10T05:33:06+02:00,[38],[42]
2026-06-10T05:13:06+02:00,[37],[253]
2026-06-10T04:53:06+02:00,[37],[79]
2026-06-10T04:33:06+02:00,[37],[48]
2026-06-10T04:13:06+02:00,[37],[41]
2026-06-10T04:03:06+02:00,[38],[34]
2026-06-10T03:53:06+02:00,[38],[143]
2026-06-10T03:33:05+02:00,[38],[105]
2026-06-10T03:23:06+02:00,[38],[23]
2026-06-10T03:03:06+02:00,[38],[33]
2026-06-10T02:53:06+02:00,[37],[28]
2026-06-10T02:43:06+02:00,[38],[16]
2026-06-09T18:13:06+02:00,[37],[17]
2026-06-09T18:03:06+02:00,[37],[31]
2026-06-09T17:53:06+02:00,[38],[20]
2026-06-09T17:43:07+02:00,[37],[25]
2026-06-09T17:23:06+02:00,[37],[21]
2026-06-09T16:43:06+02:00,[38],[45]
2026-06-09T13:23:09+02:00,[37],[30]
2026-06-09T13:13:10+02:00,[37],[32]
2026-06-09T11:43:09+02:00,[37],[14]
2026-06-09T09:53:09+02:00,[37],[31]
2026-06-09T09:43:09+02:00,[37],[108]
2026-06-09T09:33:09+02:00,[38],[71]
2026-06-09T09:23:09+02:00,[37],[42]
2026-06-09T09:13:09+02:00,[37],[27]
2026-06-09T08:53:10+02:00,[38],[274]
2026-06-09T08:23:08+02:00,[38],[25]
2026-06-09T08:13:09+02:00,[37],[23]
2026-06-09T08:03:09+02:00,[38],[18]
2026-06-09T07:43:09+02:00,[37],[348]
2026-06-09T07:33:09+02:00,[37],[39]
2026-06-09T06:33:09+02:00,[38],[60]
2026-06-09T05:23:08+02:00,[37],[38]
2026-06-09T05:13:09+02:00,[38],[34]
2026-06-09T04:43:09+02:00,[37],[102]
2026-06-09T04:33:09+02:00,[37],[49]
2026-06-09T04:13:09+02:00,[37],[55]
2026-06-09T04:03:10+02:00,[37],[44]
2026-06-09T03:53:09+02:00,[37],[30]
2026-06-09T03:13:09+02:00,[37],[53]
2026-06-09T03:03:08+02:00,[38],[47]
2026-06-09T02:23:10+02:00,[37],[9]
2026-06-09T01:53:09+02:00,[37],[16]
2026-06-08T13:43:10+02:00,[37],[15]
2026-06-08T13:33:09+02:00,[37],[29]
2026-06-08T13:23:09+02:00,[37],[39]
2026-06-08T13:13:09+02:00,[37],[17]
2026-06-08T13:03:09+02:00,[37],[26]
2026-06-08T12:53:09+02:00,[37],[39]
2026-06-08T12:43:09+02:00,[37],[29]
2026-06-08T12:33:09+02:00,[37],[25]
2026-06-08T10:53:09+02:00,[37],[43]
2026-06-08T10:43:09+02:00,[37],[21]
2026-06-08T10:33:09+02:00,[37],[30]
2026-06-08T10:23:09+02:00,[38],[52]
2026-06-08T10:03:09+02:00,[37],[31]
2026-06-08T09:53:09+02:00,[37],[60]
2026-06-08T09:43:09+02:00,[37],[11]
2026-06-08T09:33:09+02:00,[37],[24]
2026-06-08T09:23:09+02:00,[37],[77]
2026-06-08T08:53:09+02:00,[37],[159]
2026-06-08T08:43:09+02:00,[37],[24]
2026-06-08T08:23:09+02:00,[37],[28]
2026-06-08T08:13:09+02:00,[38],[24]
2026-06-08T07:43:09+02:00,[37],[37]
2026-06-08T07:33:09+02:00,[38],[21]
2026-06-08T07:23:10+02:00,[37],[49]
2026-06-08T07:13:09+02:00,[37],[26]
2026-06-08T06:43:10+02:00,[37],[13]
2026-06-08T06:33:08+02:00,[37],[39]
2026-06-08T06:23:09+02:00,[38],[488]
2026-06-08T06:13:09+02:00,[38],[52]
2026-06-08T06:03:09+02:00,[38],[45]
2026-06-08T05:33:09+02:00,[37],[51]
2026-06-08T05:23:58+02:00,[37],[48]
2026-06-08T05:03:09+02:00,[37],[50]
2026-06-08T04:53:09+02:00,[37],[59]
2026-06-08T04:43:09+02:00,[38],[65]
2026-06-08T04:33:09+02:00,[37],[24]
2026-06-08T04:23:09+02:00,[37],[61]
2026-06-08T04:13:09+02:00,[37],[80]
2026-06-08T04:03:09+02:00,[37],[193]
2026-06-08T03:43:09+02:00,[37],[49]
2026-06-08T03:13:09+02:00,[37],[31]
2026-06-08T03:03:09+02:00,[38],[8]
2026-06-08T02:43:09+02:00,[38],[79]
2026-06-08T02:33:09+02:00,[38],[28]
2026-06-08T02:13:09+02:00,[37],[28]
2026-06-08T02:03:09+02:00,[37],[104]
2026-06-07T14:13:09+02:00,[38],[10]
2026-06-07T14:03:09+02:00,[38],[14]
2026-06-07T10:43:09+02:00,[37],[26]
2026-06-07T09:23:09+02:00,[37],[45]
2026-06-07T07:23:09+02:00,[37],[48]
2026-06-07T07:03:09+02:00,[37],[41]
2026-06-07T06:53:09+02:00,[37],[50]
2026-06-07T06:43:09+02:00,[37],[25]
2026-06-07T06:23:10+02:00,[37],[51]
2026-06-07T06:13:09+02:00,[37],[43]
2026-06-07T06:03:09+02:00,[38],[55]
2026-06-07T05:03:10+02:00,[37],[28]
2026-06-07T04:53:09+02:00,[38],[37]
2026-06-06T15:23:12+02:00,[37],[38]
2026-06-06T15:03:12+02:00,[38],[159]
2026-06-06T14:13:12+02:00,[38],[28]
2026-06-06T14:03:12+02:00,[37],[39]
2026-06-06T13:53:12+02:00,[37],[27]
2026-06-06T13:33:12+02:00,[37],[21]
2026-06-06T13:23:12+02:00,[37],[8]
2026-06-06T11:33:12+02:00,[37],[15]
2026-06-06T11:23:12+02:00,[37],[20]
2026-06-06T11:13:12+02:00,[38],[6]
2026-06-06T11:03:12+02:00,[37],[29]
2026-06-06T10:53:12+02:00,[38],[13]
2026-06-06T10:43:12+02:00,[37],[8]
2026-06-06T10:33:12+02:00,[37],[9]
2026-06-05T16:43:12+02:00,[37],[55]
2026-06-05T16:33:12+02:00,[37],[28]
2026-06-05T16:23:12+02:00,[37],[16]
2026-06-05T16:13:12+02:00,[37],[21]
2026-06-05T15:53:12+02:00,[37],[29]
2026-06-05T15:33:12+02:00,[38],[52]
2026-06-05T15:23:12+02:00,[37],[20]
2026-06-05T15:13:12+02:00,[37],[39]
2026-06-05T15:03:12+02:00,[37],[73]
2026-06-05T14:53:12+02:00,[37],[16]
2026-06-05T14:43:12+02:00,[37],[17]
2026-06-05T14:33:12+02:00,[38],[25]
2026-06-05T14:23:12+02:00,[38],[56]
2026-06-05T14:13:12+02:00,[37],[42]
2026-06-05T13:53:12+02:00,[37],[86]
2026-06-05T13:43:12+02:00,[37],[47]
2026-06-05T13:33:12+02:00,[37],[13]
2026-06-05T13:23:12+02:00,[37],[20]
2026-06-05T13:13:12+02:00,[37],[33]
2026-06-05T12:53:12+02:00,[37],[18]
2026-06-05T12:23:12+02:00,[37],[20]
2026-06-05T10:03:12+02:00,[38],[25]
2026-06-05T09:33:12+02:00,[37],[41]
2026-06-05T08:43:12+02:00,[38],[35]
2026-06-05T08:33:12+02:00,[37],[18]
2026-06-05T08:13:12+02:00,[37],[16]
2026-06-05T08:03:12+02:00,[37],[24]
2026-06-05T07:43:12+02:00,[37],[25]
2026-06-05T07:33:12+02:00,[37],[89]
2026-06-05T07:23:12+02:00,[37],[18]
2026-06-05T06:53:12+02:00,[37],[33]
2026-06-05T06:33:12+02:00,[37],[50]
2026-06-05T06:23:12+02:00,[37],[26]
2026-06-05T06:03:12+02:00,[37],[46]
2026-06-05T05:53:12+02:00,[37],[39]
2026-06-05T05:43:12+02:00,[37],[73]
2026-06-05T05:03:12+02:00,[37],[468]
2026-06-05T04:53:12+02:00,[37],[24]
2026-06-05T04:43:12+02:00,[38],[39]
2026-06-05T04:33:12+02:00,[37],[97]
2026-06-05T04:23:12+02:00,[38],[26]
2026-06-05T04:13:12+02:00,[37],[25]
2026-06-05T04:03:12+02:00,[37],[53]
2026-06-05T03:43:12+02:00,[37],[24]
2026-06-05T03:23:12+02:00,[37],[241]
2026-06-05T02:53:12+02:00,[37],[40]
2026-06-05T02:43:12+02:00,[37],[10]
2026-06-04T16:23:12+02:00,[37],[25]
2026-06-04T16:13:12+02:00,[37],[16]
2026-06-04T15:53:12+02:00,[37],[39]
2026-06-04T15:43:12+02:00,[37],[18]
2026-06-04T15:33:12+02:00,[37],[28]
2026-06-04T15:23:12+02:00,[37],[39]
2026-06-04T15:03:12+02:00,[38],[25]
2026-06-04T14:53:12+02:00,[37],[141]
2026-06-04T14:43:12+02:00,[37],[14]
2026-06-04T14:33:12+02:00,[37],[23]
2026-06-04T14:23:12+02:00,[37],[28]
2026-06-04T14:03:12+02:00,[37],[19]
2026-06-04T13:53:12+02:00,[38],[29]
2026-06-04T13:43:12+02:00,[37],[22]
2026-06-04T13:23:12+02:00,[37],[45]
2026-06-04T13:03:12+02:00,[37],[21]
2026-06-04T12:53:12+02:00,[37],[141]
2026-06-04T11:33:12+02:00,[38],[45]
2026-06-04T11:13:12+02:00,[37],[19]
2026-06-04T11:03:12+02:00,[38],[53]
2026-06-04T10:53:12+02:00,[37],[34]
2026-06-04T10:43:12+02:00,[38],[42]
2026-06-04T10:33:12+02:00,[37],[24]
2026-06-04T10:23:12+02:00,[37],[25]
2026-06-04T10:13:12+02:00,[37],[233]
2026-06-04T09:53:12+02:00,[37],[26]
2026-06-04T09:43:12+02:00,[37],[56]
2026-06-04T09:23:12+02:00,[37],[24]
2026-06-04T08:43:12+02:00,[37],[14]
2026-06-04T08:33:12+02:00,[38],[53]
2026-06-04T08:23:12+02:00,[37],[53]
2026-06-04T07:33:12+02:00,[38],[66]
2026-06-04T07:23:12+02:00,[37],[54]
2026-06-04T06:43:12+02:00,[37],[23]
2026-06-04T05:53:12+02:00,[37],[22]
2026-06-04T05:33:12+02:00,[37],[30]
2026-06-04T05:23:12+02:00,[37],[40]
2026-06-04T04:53:12+02:00,[37],[54]
2026-06-04T04:43:12+02:00,[37],[55]
2026-06-04T04:33:12+02:00,[38],[62]
2026-06-04T04:23:12+02:00,[37],[22]
2026-06-04T04:13:12+02:00,[37],[25]
2026-06-04T03:53:12+02:00,[37],[94]
2026-06-04T03:33:12+02:00,[38],[30]
2026-06-04T03:23:12+02:00,[37],[56]
2026-06-04T03:13:12+02:00,[38],[30]
2026-06-04T03:03:12+02:00,[37],[27]
2026-06-04T02:43:12+02:00,[38],[39]
2026-06-04T02:23:12+02:00,[37],[29]
2026-06-03T12:53:12+02:00,[37],[14]
2026-06-03T12:43:12+02:00,[37],[31]
2026-06-03T12:03:15+02:00,[38],[30]
2026-06-03T11:53:15+02:00,[37],[48]
2026-06-03T11:03:15+02:00,[37],[35]
2026-06-03T10:53:15+02:00,[37],[21]
2026-06-03T10:43:15+02:00,[38],[43]
2026-06-03T10:33:15+02:00,[38],[54]
2026-06-03T10:23:15+02:00,[38],[31]
2026-06-03T10:13:15+02:00,[37],[39]
2026-06-03T10:03:15+02:00,[37],[28]
2026-06-03T09:53:15+02:00,[38],[38]
2026-06-03T09:33:15+02:00,[38],[82]
2026-06-03T08:23:15+02:00,[38],[42]
2026-06-03T08:13:15+02:00,[38],[21]
2026-06-03T08:03:15+02:00,[37],[18]
2026-06-03T07:43:14+02:00,[38],[42]
2026-06-03T07:33:15+02:00,[37],[28]
2026-06-03T07:03:16+02:00,[37],[64]
2026-06-03T06:43:15+02:00,[37],[34]
2026-06-03T06:33:15+02:00,[38],[66]
2026-06-03T06:23:15+02:00,[37],[38]
2026-06-03T06:13:15+02:00,[37],[30]
2026-06-03T05:13:15+02:00,[37],[52]
2026-06-03T05:03:15+02:00,[37],[56]
2026-06-03T04:53:15+02:00,[37],[30]
2026-06-03T04:23:14+02:00,[38],[36]
2026-06-03T04:13:15+02:00,[37],[34]
2026-06-03T04:03:15+02:00,[37],[55]
2026-06-03T03:53:14+02:00,[38],[45]
2026-06-03T03:43:15+02:00,[38],[8]
2026-06-03T03:23:15+02:00,[38],[17]
2026-06-03T03:13:15+02:00,[37],[36]
2026-06-03T03:03:14+02:00,[38],[25]
2026-06-02T14:23:15+02:00,[38],[41]
2026-06-02T14:03:15+02:00,[38],[463]
2026-06-02T13:53:15+02:00,[37],[59]
2026-06-02T13:33:15+02:00,[37],[13]
2026-06-02T13:03:15+02:00,[37],[39]
2026-06-02T12:53:15+02:00,[37],[4]
2026-06-02T12:33:15+02:00,[37],[107]
2026-06-02T12:13:15+02:00,[37],[37]
2026-06-02T12:03:15+02:00,[37],[80]
2026-06-02T11:53:15+02:00,[37],[15]
2026-06-02T11:03:15+02:00,[37],[77]
2026-06-02T10:43:15+02:00,[38],[18]
2026-06-02T10:23:15+02:00,[37],[43]
2026-06-02T10:13:15+02:00,[37],[45]
2026-06-02T10:03:15+02:00,[37],[30]
2026-06-02T09:23:15+02:00,[37],[24]
2026-06-02T09:03:15+02:00,[37],[38]
2026-06-02T08:43:14+02:00,[38],[64]
2026-06-02T08:33:15+02:00,[37],[25]
2026-06-02T08:23:14+02:00,[38],[70]
2026-06-02T08:13:15+02:00,[38],[57]
2026-06-02T08:03:15+02:00,[37],[161]
2026-06-02T07:23:15+02:00,[37],[39]
2026-06-02T07:13:15+02:00,[37],[15]
2026-06-02T06:53:15+02:00,[37],[31]
2026-06-02T06:13:15+02:00,[37],[50]
2026-06-02T06:03:15+02:00,[37],[75]
2026-06-02T05:53:15+02:00,[37],[46]
2026-06-02T05:33:18+02:00,[37],[42]
2026-06-02T04:43:18+02:00,[37],[54]
2026-06-02T04:23:18+02:00,[37],[80]
2026-06-02T04:13:17+02:00,[38],[56]
2026-06-02T03:53:18+02:00,[37],[45]
2026-06-02T03:43:18+02:00,[37],[27]
2026-06-02T03:23:17+02:00,[38],[44]
2026-06-02T03:13:18+02:00,[37],[29]
2026-06-02T03:03:18+02:00,[38],[11]
2026-06-02T02:33:17+02:00,[38],[58]
2026-06-02T02:23:19+02:00,[37],[18]
2026-06-02T02:13:18+02:00,[37],[26]
2026-06-02T02:03:17+02:00,[38],[7]
2026-06-02T01:53:18+02:00,[38],[33]
2026-06-02T01:43:18+02:00,[38],[78]
2026-06-01T15:53:15+02:00,[37],[24]
2026-06-01T15:43:15+02:00,[37],[41]
2026-06-01T15:33:15+02:00,[37],[21]
2026-06-01T15:23:15+02:00,[37],[25]
2026-06-01T15:13:15+02:00,[37],[22]
2026-06-01T15:03:15+02:00,[37],[60]
2026-06-01T14:53:14+02:00,[38],[28]
2026-06-01T14:43:15+02:00,[37],[18]
2026-06-01T14:13:15+02:00,[37],[31]
2026-06-01T14:03:15+02:00,[37],[27]
2026-06-01T13:53:15+02:00,[37],[26]
2026-06-01T13:33:16+02:00,[37],[12]
2026-06-01T13:23:15+02:00,[37],[11]
2026-06-01T12:53:15+02:00,[38],[11]
2026-06-01T11:53:15+02:00,[37],[11]
2026-06-01T11:43:14+02:00,[37],[23]
2026-06-01T11:33:15+02:00,[37],[49]
2026-06-01T11:23:15+02:00,[37],[17]
2026-06-01T11:13:15+02:00,[37],[14]
2026-06-01T11:03:15+02:00,[37],[24]
2026-06-01T10:53:15+02:00,[37],[27]
2026-06-01T10:13:15+02:00,[38],[74]
2026-06-01T10:03:15+02:00,[37],[18]
2026-06-01T09:53:15+02:00,[37],[35]
2026-06-01T09:43:15+02:00,[37],[10]
2026-06-01T09:33:15+02:00,[37],[12]
2026-06-01T09:23:15+02:00,[38],[17]
2026-06-01T09:13:15+02:00,[37],[18]
2026-06-01T09:03:15+02:00,[37],[30]
2026-06-01T08:53:53+02:00,[37],[28]
2026-06-01T08:43:14+02:00,[38],[29]
2026-06-01T08:33:15+02:00,[38],[15]
2026-06-01T08:23:16+02:00,[37],[18]
2026-06-01T08:13:15+02:00,[37],[42]
2026-06-01T07:53:14+02:00,[37],[43]
2026-06-01T07:33:15+02:00,[37],[12]
2026-06-01T07:03:15+02:00,[37],[54]
2026-06-01T04:53:15+02:00,[38],[50]
2026-06-01T04:43:15+02:00,[37],[35]
2026-05-31T10:53:19+02:00,[37],[19]
2026-05-31T10:43:19+02:00,[37],[23]
2026-05-31T10:33:19+02:00,[37],[15]
2026-05-31T10:23:19+02:00,[37],[21]
2026-05-31T10:13:19+02:00,[37],[19]
2026-05-31T10:03:19+02:00,[37],[72]
2026-05-31T09:53:19+02:00,[37],[69]
2026-05-31T09:43:19+02:00,[37],[24]
2026-05-31T09:23:19+02:00,[38],[21]
2026-05-31T09:03:19+02:00,[37],[8]
2026-05-31T08:33:21+02:00,[37],[29]
2026-05-31T08:23:19+02:00,[37],[23]
2026-05-31T08:03:18+02:00,[38],[33]
2026-05-31T05:53:19+02:00,[38],[16]
2026-05-31T05:33:19+02:00,[37],[42]
2026-05-31T05:23:19+02:00,[37],[55]
2026-05-31T05:13:20+02:00,[37],[69]
2026-05-31T04:53:20+02:00,[37],[104]
2026-05-31T04:43:19+02:00,[37],[52]
2026-05-31T04:33:20+02:00,[37],[14]
2026-05-31T04:03:18+02:00,[38],[10]
2026-05-31T03:58:34+02:00,[37],[18]
2026-05-31T03:53:19+02:00,[37],[28]
2026-05-31T03:43:19+02:00,[37],[39]
2026-05-31T03:33:19+02:00,[38],[30]
2026-05-31T03:23:19+02:00,[38],[12]
2026-05-31T03:13:19+02:00,[37],[39]
2026-05-31T02:53:20+02:00,[37],[41]
2026-05-31T02:33:20+02:00,[37],[28]
2026-05-31T02:13:19+02:00,[37],[34]
2026-05-31T02:03:19+02:00,[37],[17]
2026-05-31T01:53:19+02:00,[38],[20]
2026-05-31T01:33:20+02:00,[37],[52]
2026-05-30T16:33:19+02:00,[37],[27]
2026-05-30T16:23:19+02:00,[37],[24]
2026-05-30T16:13:19+02:00,[38],[28]
2026-05-30T16:03:20+02:00,[37],[25]
2026-05-30T15:53:19+02:00,[37],[40]
2026-05-30T15:43:19+02:00,[37],[31]
2026-05-30T15:33:19+02:00,[37],[32]
2026-05-30T15:23:19+02:00,[37],[24]
2026-05-30T15:13:19+02:00,[38],[282]
2026-05-30T15:03:19+02:00,[37],[41]
2026-05-30T14:53:19+02:00,[38],[6]
2026-05-30T14:33:19+02:00,[37],[33]
2026-05-30T14:23:19+02:00,[37],[78]
2026-05-30T14:13:19+02:00,[38],[23]
2026-05-30T14:03:19+02:00,[37],[12]
2026-05-30T13:53:18+02:00,[38],[18]
2026-05-30T13:43:19+02:00,[37],[74]
2026-05-30T13:33:18+02:00,[37],[52]
2026-05-30T13:23:19+02:00,[37],[227]
2026-05-30T13:13:19+02:00,[37],[65]
2026-05-30T12:43:19+02:00,[38],[13]
2026-05-30T12:33:18+02:00,[38],[34]
2026-05-30T12:23:19+02:00,[38],[32]
2026-05-30T12:03:18+02:00,[38],[262]
2026-05-30T11:53:19+02:00,[38],[38]
2026-05-30T11:23:19+02:00,[37],[29]
2026-05-30T10:53:19+02:00,[37],[15]
2026-05-30T08:13:19+02:00,[37],[39]
2026-05-30T08:03:19+02:00,[37],[43]
2026-05-30T07:53:19+02:00,[37],[25]
2026-05-30T07:43:19+02:00,[38],[39]
2026-05-30T07:23:19+02:00,[37],[44]
2026-05-30T07:13:19+02:00,[37],[58]
2026-05-30T06:43:19+02:00,[37],[40]
2026-05-30T06:33:19+02:00,[37],[21]
2026-05-30T06:23:19+02:00,[38],[46]
2026-05-30T05:43:19+02:00,[37],[27]
2026-05-30T05:33:19+02:00,[37],[59]
2026-05-30T05:13:18+02:00,[38],[22]
2026-05-30T05:03:19+02:00,[37],[47]
2026-05-30T04:53:19+02:00,[37],[37]
2026-05-30T04:33:20+02:00,[37],[41]
2026-05-30T03:53:19+02:00,[38],[39]
2026-05-30T03:33:19+02:00,[38],[41]
2026-05-30T03:03:20+02:00,[37],[44]
2026-05-30T02:53:19+02:00,[37],[52]
2026-05-30T02:23:19+02:00,[38],[32]
2026-05-30T02:13:19+02:00,[37],[209]
2026-05-30T02:03:19+02:00,[37],[26]
2026-05-30T01:53:19+02:00,[38],[29]
2026-05-30T01:43:18+02:00,[37],[24]
2026-05-29T16:51:09+02:00,"[60,60,60,60,60,60,60,60,60,60,60,60,60,60]","[39,26,23,20,16,21,21,23,20,14,23,23,25,23]"
2026-05-29T16:43:19+02:00,[37],[26]
2026-05-29T16:33:19+02:00,[38],[42]
2026-05-29T16:23:19+02:00,[37],[12]
2026-05-29T16:13:19+02:00,[37],[59]
2026-05-29T16:03:19+02:00,[38],[35]
2026-05-29T15:53:18+02:00,[38],[39]
2026-05-29T15:43:19+02:00,[37],[50]
2026-05-29T15:34:08+02:00,[38],[37]
2026-05-29T14:22:09+02:00,"[60,60,60,60,60,60,60,60,60,60,60,60,60,60,60,60,60,60,60,60,60,60,60,60,60,60,60,60,60,60,60,60,60,60,60,60,60,60,60,60,60,60,60,60,60,60,60,60,60,60,60,60,60,60,60,60,60,60,60,60,60,60,60,60,60,60,60,60,60,60,60]","[34,18,22,22,20,24,21,35,29,40,46,30,36,20,27,26,24,26,11,40,42,28,0,4,0,0,33,30,5,28,32,149,21,27,21,24,12,35,36,31,20,29,71,27,45,21,19,35,15,32,25,17,102,39,52,21,0,0,9,42,34,20,17,137,20,20,16,23,46,25,29]"
2026-05-29T14:13:20+02:00,[37],[28]
2026-05-29T14:03:19+02:00,[37],[19]
2026-05-29T13:53:19+02:00,[37],[42]
2026-05-29T13:43:19+02:00,[37],[33]
2026-05-29T13:33:18+02:00,[38],[25]
2026-05-29T13:23:19+02:00,[37],[32]
2026-05-29T13:13:19+02:00,[37],[19]
2026-05-29T13:03:19+02:00,[37],[26]
2026-05-29T12:53:19+02:00,[37],[25]
2026-05-29T12:43:19+02:00,[37],[23]
2026-05-29T12:33:19+02:00,[37],[6]
2026-05-29T08:53:19+02:00,[37],[54]
2026-05-29T08:43:20+02:00,[37],[25]
2026-05-29T08:33:19+02:00,[37],[38]
2026-05-29T08:23:19+02:00,[37],[89]
2026-05-29T08:03:19+02:00,[37],[46]
2026-05-29T07:53:19+02:00,[37],[37]
2026-05-29T07:33:19+02:00,[38],[24]
2026-05-29T07:23:19+02:00,[37],[27]
2026-05-29T07:03:19+02:00,[37],[27]
2026-05-29T06:53:19+02:00,[37],[309]
2026-05-29T06:33:19+02:00,[37],[32]
2026-05-29T06:23:18+02:00,[38],[71]
2026-05-29T06:13:19+02:00,[37],[52]
2026-05-29T06:03:18+02:00,[38],[55]
2026-05-29T05:53:19+02:00,[37],[37]
2026-05-29T05:23:19+02:00,[37],[34]
2026-05-29T05:13:19+02:00,[38],[41]
2026-05-29T05:03:19+02:00,[37],[60]
2026-05-29T04:53:19+02:00,[37],[14]
2026-05-29T04:43:19+02:00,[37],[11]
2026-05-29T04:23:19+02:00,[38],[17]
2026-05-29T04:13:19+02:00,[37],[44]
2026-05-29T03:53:20+02:00,[37],[36]
2026-05-29T03:33:19+02:00,[37],[46]
2026-05-29T03:23:20+02:00,[37],[57]
2026-05-29T03:03:19+02:00,[37],[41]
2026-05-29T02:53:18+02:00,[38],[25]
2026-05-29T02:43:18+02:00,[37],[52]
2026-05-28T14:03:19+02:00,[37],[28]
2026-05-28T11:23:22+02:00,[38],[22]
2026-05-28T11:13:22+02:00,[37],[50]
2026-05-28T10:53:22+02:00,[37],[27]
2026-05-28T10:33:22+02:00,[37],[52]
2026-05-28T10:13:22+02:00,[38],[34]
2026-05-28T08:53:22+02:00,[38],[27]
2026-05-28T08:43:22+02:00,[37],[45]
2026-05-28T08:33:22+02:00,[37],[21]
2026-05-28T08:23:22+02:00,[37],[46]
2026-05-28T08:03:22+02:00,[37],[28]
2026-05-28T07:43:22+02:00,[37],[24]
2026-05-28T07:33:22+02:00,[37],[23]
2026-05-28T07:23:22+02:00,[37],[77]
2026-05-28T06:53:22+02:00,[38],[47]
2026-05-28T06:43:21+02:00,[38],[28]
2026-05-28T06:33:22+02:00,[37],[36]
2026-05-28T05:53:22+02:00,[38],[40]
2026-05-28T05:43:22+02:00,[38],[34]
2026-05-28T05:33:22+02:00,[37],[54]
2026-05-28T05:13:22+02:00,[37],[48]
2026-05-28T05:03:22+02:00,[37],[308]
2026-05-28T04:53:22+02:00,[37],[49]
2026-05-28T04:43:22+02:00,[37],[39]
2026-05-28T04:33:21+02:00,[38],[40]
2026-05-28T03:53:22+02:00,[38],[34]
2026-05-28T03:23:22+02:00,[37],[31]
2026-05-28T03:03:22+02:00,[38],[41]
2026-05-28T02:33:22+02:00,[38],[23]
2026-05-27T16:23:22+02:00,[37],[34]
2026-05-27T16:13:22+02:00,[37],[27]
2026-05-27T16:03:22+02:00,[37],[32]
2026-05-27T15:53:22+02:00,[37],[72]
2026-05-27T15:33:22+02:00,[37],[96]
2026-05-27T15:03:22+02:00,[38],[46]
2026-05-27T14:53:22+02:00,[37],[16]
2026-05-27T14:33:22+02:00,[37],[52]
2026-05-27T14:03:22+02:00,[38],[31]
2026-05-27T13:53:22+02:00,[38],[28]
2026-05-27T13:43:22+02:00,[37],[33]
2026-05-27T13:33:22+02:00,[37],[31]
2026-05-27T13:23:22+02:00,[38],[32]
2026-05-27T12:53:22+02:00,[37],[40]
2026-05-27T12:33:22+02:00,[37],[23]
2026-05-27T11:23:22+02:00,[37],[46]
2026-05-27T10:33:22+02:00,[38],[147]
2026-05-27T10:23:22+02:00,[37],[27]
2026-05-27T10:13:22+02:00,[38],[35]
2026-05-27T10:03:21+02:00,[38],[22]
2026-05-27T09:53:22+02:00,[37],[29]
2026-05-27T09:43:22+02:00,[37],[13]
2026-05-27T08:43:22+02:00,[37],[40]
2026-05-27T08:33:22+02:00,[37],[71]
2026-05-27T08:23:22+02:00,[38],[53]
2026-05-27T08:13:22+02:00,[37],[29]
2026-05-27T08:03:22+02:00,[37],[34]
2026-05-27T07:53:22+02:00,[37],[48]
2026-05-27T07:43:22+02:00,[37],[48]
2026-05-27T07:33:22+02:00,[38],[55]
2026-05-27T07:23:22+02:00,[37],[62]
2026-05-27T07:13:22+02:00,[37],[64]
2026-05-27T06:43:22+02:00,[37],[72]
2026-05-27T06:33:22+02:00,[37],[28]
2026-05-27T06:23:22+02:00,[37],[60]
2026-05-27T06:13:22+02:00,[38],[49]
2026-05-27T06:03:22+02:00,[37],[58]
2026-05-27T05:23:22+02:00,[37],[34]
2026-05-27T04:53:22+02:00,[37],[54]
2026-05-27T04:43:22+02:00,[37],[50]
2026-05-27T04:13:22+02:00,[37],[26]
2026-05-27T04:03:22+02:00,[37],[20]
2026-05-27T03:53:22+02:00,[37],[37]
2026-05-27T03:03:22+02:00,[38],[35]
2026-05-27T02:53:22+02:00,[37],[24]
2026-05-27T02:43:21+02:00,[38],[30]
2026-05-27T02:33:22+02:00,[37],[34]
2026-05-26T10:43:22+02:00,[37],[21]
2026-05-26T10:33:22+02:00,[37],[33]
2026-05-26T10:13:22+02:00,[37],[19]
2026-05-26T10:03:22+02:00,[37],[72]
2026-05-26T09:33:22+02:00,[37],[20]
2026-05-26T09:23:22+02:00,[37],[30]
2026-05-26T09:13:22+02:00,[37],[232]
2026-05-26T09:03:22+02:00,[37],[60]
2026-05-26T08:43:22+02:00,[37],[25]
2026-05-26T08:33:22+02:00,[37],[35]
2026-05-26T08:23:22+02:00,[37],[27]
2026-05-26T08:13:22+02:00,[37],[21]
2026-05-26T08:03:22+02:00,[37],[49]
2026-05-26T07:43:22+02:00,[37],[41]
2026-05-26T07:23:22+02:00,[37],[86]
2026-05-26T07:03:22+02:00,[37],[35]
2026-05-26T06:53:22+02:00,[37],[50]
2026-05-26T06:13:22+02:00,[37],[27]
2026-05-26T06:03:22+02:00,[37],[30]
2026-05-26T05:53:22+02:00,[37],[55]
2026-05-26T05:33:22+02:00,[38],[42]
2026-05-26T05:23:22+02:00,[37],[27]
2026-05-26T04:53:22+02:00,[37],[41]
2026-05-26T04:43:22+02:00,[37],[52]
2026-05-26T04:13:22+02:00,[37],[39]
2026-05-26T04:03:22+02:00,[37],[30]
2026-05-26T03:53:22+02:00,[38],[167]
2026-05-26T03:23:22+02:00,[37],[33]
2026-05-26T03:13:22+02:00,[37],[70]
2026-05-26T02:43:22+02:00,[37],[207]
2026-05-26T02:33:22+02:00,[37],[22]
2026-05-26T02:13:22+02:00,[38],[23]
2026-05-25T16:53:22+02:00,[37],[31]
2026-05-25T16:33:22+02:00,[37],[32]
2026-05-25T16:23:22+02:00,[37],[24]
2026-05-25T16:13:22+02:00,[37],[58]
2026-05-25T16:03:22+02:00,[37],[42]
2026-05-25T15:33:22+02:00,[37],[62]
2026-05-25T14:53:22+02:00,[37],[235]
2026-05-25T14:23:22+02:00,[37],[31]
2026-05-25T13:53:21+02:00,[38],[27]
2026-05-25T13:23:21+02:00,[38],[38]
2026-05-25T13:13:22+02:00,[37],[43]
2026-05-25T13:03:22+02:00,[37],[45]
2026-05-25T12:43:22+02:00,[37],[100]
2026-05-25T12:33:22+02:00,[37],[25]
2026-05-25T12:23:22+02:00,[38],[23]
2026-05-25T11:43:25+02:00,[37],[11]
2026-05-25T11:23:25+02:00,[37],[38]
2026-05-25T10:53:25+02:00,[37],[46]
2026-05-25T10:43:25+02:00,[37],[282]
2026-05-25T10:03:25+02:00,[38],[27]
2026-05-25T09:53:25+02:00,[37],[23]
2026-05-25T09:33:25+02:00,[37],[17]
2026-05-25T09:23:25+02:00,[37],[23]
2026-05-25T08:43:25+02:00,[38],[99]
2026-05-25T08:33:25+02:00,[37],[19]
2026-05-25T08:23:25+02:00,[38],[11]
2026-05-25T08:13:25+02:00,[37],[33]
2026-05-25T08:03:25+02:00,[37],[50]
2026-05-25T07:53:26+02:00,[37],[39]
2026-05-25T07:43:25+02:00,[38],[56]
2026-05-25T07:33:25+02:00,[37],[35]
2026-05-25T07:23:25+02:00,[38],[41]
2026-05-25T06:13:25+02:00,[37],[21]
2026-05-25T06:03:25+02:00,[37],[31]
2026-05-25T05:43:25+02:00,[37],[42]
2026-05-25T05:13:25+02:00,[37],[28]
2026-05-25T04:53:25+02:00,[37],[38]
2026-05-25T04:43:26+02:00,[37],[29]
2026-05-25T04:03:25+02:00,[37],[16]
2026-05-25T03:53:25+02:00,[37],[60]
2026-05-25T03:43:25+02:00,[37],[66]
2026-05-25T03:33:26+02:00,[37],[39]
2026-05-25T03:13:25+02:00,[37],[14]
2026-05-25T02:53:25+02:00,[37],[9]
2026-05-25T02:43:25+02:00,[37],[21]
2026-05-25T02:23:25+02:00,[37],[15]
2026-05-24T11:13:25+02:00,[37],[25]
2026-05-24T11:03:25+02:00,[37],[19]
2026-05-24T10:53:25+02:00,[37],[21]
2026-05-24T10:43:25+02:00,[37],[33]
2026-05-24T10:33:26+02:00,[37],[30]
2026-05-24T10:23:25+02:00,[37],[25]
2026-05-24T10:03:25+02:00,[37],[20]
2026-05-24T09:53:25+02:00,[38],[54]
2026-05-24T09:43:25+02:00,[38],[31]
2026-05-24T09:33:25+02:00,[37],[40]
2026-05-24T09:23:25+02:00,[37],[13]
2026-05-24T08:53:25+02:00,[37],[24]
2026-05-24T07:23:25+02:00,[37],[50]
2026-05-23T17:23:25+02:00,[37],[41]
2026-05-23T17:13:25+02:00,[37],[11]
2026-05-23T16:53:25+02:00,[37],[23]
2026-05-23T16:13:25+02:00,[37],[27]
2026-05-23T16:03:25+02:00,[37],[154]
2026-05-23T15:33:25+02:00,[38],[15]
2026-05-23T14:43:24+02:00,[38],[12]
2026-05-23T13:33:25+02:00,[37],[13]
2026-05-23T12:13:25+02:00,[38],[41]
2026-05-23T11:43:25+02:00,[38],[20]
2026-05-23T10:03:24+02:00,[37],[20]
2026-05-23T09:33:25+02:00,[37],[13]
2026-05-23T07:53:25+02:00,[37],[12]
2026-05-23T07:43:25+02:00,[37],[19]
2026-05-23T07:33:25+02:00,[37],[12]
2026-05-23T07:23:24+02:00,[38],[31]
2026-05-23T07:13:25+02:00,[38],[63]
2026-05-23T06:23:25+02:00,[37],[45]
2026-05-23T05:33:26+02:00,[37],[14]
2026-05-23T04:43:09+02:00,"[60,60,60,60,60,60,60,60,60,60,60,60,60,60,60]","[0,0,0,0,0,0,0,0,0,0,0,0,4,0,0]"
2026-05-23T04:40:09+02:00,"[60,60,60]","[0,0,0]"
2026-05-22T17:53:25+02:00,[37],[58]
2026-05-22T17:43:24+02:00,[38],[30]
2026-05-22T17:33:25+02:00,[37],[66]
2026-05-22T17:23:25+02:00,[37],[71]
2026-05-22T17:13:25+02:00,[37],[62]
2026-05-22T16:53:25+02:00,[37],[20]
2026-05-22T16:43:24+02:00,[38],[37]
2026-05-22T16:33:25+02:00,[38],[83]
2026-05-22T16:23:25+02:00,[38],[18]
2026-05-22T16:13:25+02:00,[37],[41]
2026-05-22T16:03:25+02:00,[37],[20]
2026-05-22T15:53:25+02:00,[37],[83]
2026-05-22T15:43:24+02:00,[38],[64]
2026-05-22T15:33:25+02:00,[37],[45]
2026-05-22T15:23:25+02:00,[37],[207]
2026-05-22T15:13:25+02:00,[37],[22]
2026-05-22T15:03:25+02:00,[37],[54]
2026-05-22T14:43:24+02:00,[38],[28]
2026-05-22T14:33:26+02:00,[37],[36]
2026-05-22T14:13:25+02:00,[37],[26]
2026-05-22T12:13:28+02:00,[37],[35]
2026-05-22T12:03:28+02:00,[37],[54]
2026-05-22T11:03:28+02:00,[37],[72]
2026-05-22T09:13:28+02:00,[38],[33]
2026-05-22T08:33:28+02:00,[37],[43]
2026-05-22T07:53:27+02:00,[38],[14]
2026-05-22T07:43:28+02:00,[37],[35]
2026-05-22T07:33:28+02:00,[37],[240]
2026-05-22T07:13:27+02:00,[38],[70]
2026-05-22T07:03:28+02:00,[37],[31]
2026-05-22T06:53:27+02:00,[38],[25]
2026-05-22T06:43:27+02:00,[38],[40]
2026-05-22T06:33:28+02:00,[37],[44]
2026-05-22T06:03:28+02:00,[37],[51]
2026-05-22T05:43:28+02:00,[37],[26]
2026-05-22T05:23:28+02:00,[37],[41]
2026-05-22T05:13:28+02:00,[37],[65]
2026-05-22T05:03:28+02:00,[37],[32]
2026-05-22T04:53:28+02:00,[37],[37]
2026-05-22T04:33:28+02:00,[37],[38]
2026-05-22T04:23:28+02:00,[37],[57]
2026-05-22T04:03:28+02:00,[37],[22]
2026-05-22T03:53:28+02:00,[38],[60]
2026-05-22T03:43:28+02:00,[37],[35]
2026-05-22T03:23:28+02:00,[38],[168]
2026-05-22T03:13:28+02:00,[37],[75]
2026-05-22T02:53:28+02:00,[37],[17]
2026-05-22T02:43:28+02:00,[37],[16]
2026-05-21T16:53:27+02:00,[38],[28]
2026-05-21T16:43:28+02:00,[37],[29]
2026-05-21T16:33:28+02:00,[37],[36]
2026-05-21T16:23:28+02:00,[37],[47]
2026-05-21T16:13:28+02:00,[37],[22]
2026-05-21T16:03:28+02:00,[37],[37]
2026-05-21T15:53:28+02:00,[38],[16]
2026-05-21T14:23:28+02:00,[37],[48]
2026-05-21T14:13:28+02:00,[37],[24]
2026-05-21T14:03:28+02:00,[37],[30]
2026-05-21T13:53:28+02:00,[37],[15]
2026-05-21T12:03:28+02:00,[37],[28]
2026-05-21T10:33:28+02:00,[38],[31]
2026-05-21T09:53:28+02:00,[38],[36]
2026-05-21T09:43:28+02:00,[38],[35]
2026-05-21T09:33:28+02:00,[37],[50]
2026-05-21T09:23:28+02:00,[37],[35]
2026-05-21T08:43:28+02:00,[37],[83]
2026-05-21T08:33:29+02:00,[37],[40]
2026-05-21T08:23:28+02:00,[37],[22]
2026-05-21T08:03:28+02:00,[37],[19]
2026-05-21T07:53:28+02:00,[37],[41]
2026-05-21T07:43:28+02:00,[37],[37]
2026-05-21T07:33:29+02:00,[37],[137]
2026-05-21T06:43:28+02:00,[37],[13]
2026-05-21T06:33:28+02:00,[38],[29]
2026-05-21T05:23:28+02:00,[37],[33]
2026-05-21T05:13:29+02:00,[37],[32]
2026-05-21T05:03:28+02:00,[37],[25]
2026-05-21T04:33:28+02:00,[37],[77]
2026-05-21T04:23:28+02:00,[38],[46]
2026-05-21T03:23:28+02:00,[37],[46]
2026-05-21T03:13:28+02:00,[37],[143]
2026-05-21T03:03:28+02:00,[37],[65]
2026-05-21T02:53:28+02:00,[37],[23]
2026-05-20T14:03:28+02:00,[38],[7]
2026-05-20T13:43:28+02:00,[38],[10]
2026-05-20T11:43:28+02:00,[37],[27]
2026-05-20T11:23:27+02:00,[38],[22]
2026-05-20T11:13:28+02:00,[37],[23]
2026-05-20T11:03:28+02:00,[37],[26]
2026-05-20T10:53:28+02:00,[38],[109]
2026-05-20T10:43:28+02:00,[37],[112]
2026-05-20T10:33:29+02:00,[37],[45]
2026-05-20T10:23:28+02:00,[37],[49]
2026-05-20T10:13:28+02:00,[37],[99]
2026-05-20T10:03:28+02:00,[37],[85]
2026-05-20T09:53:28+02:00,[37],[23]
2026-05-20T09:43:28+02:00,[37],[35]
2026-05-20T08:54:01+02:00,[4],[38]
2026-05-20T08:43:29+02:00,[37],[17]
2026-05-20T08:33:28+02:00,[37],[19]
2026-05-20T08:23:28+02:00,[38],[36]
2026-05-20T08:13:29+02:00,[37],[269]
2026-05-20T08:03:28+02:00,[37],[150]
2026-05-20T07:13:28+02:00,[38],[35]
2026-05-20T07:03:28+02:00,[37],[29]
2026-05-20T06:53:28+02:00,[37],[49]
2026-05-20T06:43:28+02:00,[37],[65]
2026-05-20T06:13:28+02:00,[37],[13]
2026-05-20T05:43:28+02:00,[37],[57]
2026-05-20T05:13:28+02:00,[37],[36]
2026-05-20T05:03:28+02:00,[38],[42]
2026-05-20T04:53:28+02:00,[37],[36]
2026-05-20T04:33:28+02:00,[37],[57]
2026-05-20T04:23:28+02:00,[37],[53]
2026-05-20T03:43:28+02:00,[38],[41]
2026-05-20T03:23:28+02:00,[37],[29]
2026-05-20T03:03:28+02:00,[38],[223]
2026-05-20T02:53:29+02:00,[37],[52]
2026-05-20T02:43:28+02:00,[38],[26]
2026-05-20T02:33:28+02:00,[37],[41]
2026-05-19T17:33:28+02:00,[37],[22]
2026-05-19T17:23:27+02:00,[38],[28]
2026-05-19T17:13:28+02:00,[37],[9]
2026-05-19T17:03:28+02:00,[37],[10]
2026-05-19T16:33:28+02:00,[37],[59]
2026-05-19T15:13:28+02:00,[37],[21]
2026-05-19T12:23:28+02:00,[37],[169]
2026-05-19T11:13:31+02:00,[37],[26]
2026-05-19T10:53:31+02:00,[37],[226]
2026-05-19T10:43:31+02:00,[37],[89]
2026-05-19T10:23:31+02:00,[38],[294]
2026-05-19T09:53:31+02:00,[37],[18]
2026-05-19T09:13:31+02:00,[37],[18]
2026-05-19T09:03:31+02:00,[37],[55]
2026-05-19T08:53:31+02:00,[38],[16]
2026-05-19T08:33:31+02:00,[37],[47]
2026-05-19T08:03:32+02:00,[37],[43]
2026-05-19T07:53:31+02:00,[38],[13]
2026-05-19T07:33:31+02:00,[37],[60]
2026-05-19T06:43:31+02:00,[37],[36]
2026-05-19T06:33:31+02:00,[37],[38]
2026-05-19T06:03:30+02:00,[38],[29]
2026-05-19T05:53:31+02:00,[37],[241]
2026-05-19T05:03:31+02:00,[37],[57]
2026-05-19T04:43:31+02:00,[37],[24]
2026-05-19T04:33:31+02:00,[38],[18]
2026-05-19T04:13:31+02:00,[37],[20]
2026-05-19T04:03:31+02:00,[37],[202]
2026-05-19T03:53:31+02:00,[37],[102]
2026-05-19T03:03:31+02:00,[37],[20]
2026-05-19T02:53:31+02:00,[37],[257]
2026-05-19T02:43:31+02:00,[37],[218]
2026-05-19T02:22:56+02:00,[37],[38]
2026-05-18T15:43:31+02:00,[37],[21]
2026-05-18T14:43:31+02:00,[37],[201]
2026-05-18T14:23:31+02:00,[37],[33]
2026-05-18T14:03:31+02:00,[37],[43]
2026-05-18T13:53:31+02:00,[37],[190]
2026-05-18T13:43:32+02:00,[37],[50]
2026-05-18T13:33:32+02:00,[37],[86]
2026-05-18T13:23:31+02:00,[37],[46]
2026-05-18T13:13:31+02:00,[37],[96]
2026-05-18T12:53:32+02:00,[37],[402]
2026-05-18T11:53:30+02:00,[37],[9]
2026-05-18T10:53:31+02:00,[37],[53]
2026-05-18T10:13:30+02:00,[37],[25]
2026-05-18T10:03:31+02:00,[38],[33]
2026-05-18T09:33:31+02:00,[38],[37]
2026-05-18T09:23:31+02:00,[36],[39]
2026-05-18T09:13:31+02:00,[37],[27]
2026-05-18T09:03:31+02:00,[37],[24]
2026-05-18T08:33:31+02:00,[38],[55]
2026-05-18T08:23:31+02:00,[38],[230]
2026-05-18T08:13:30+02:00,[38],[20]
2026-05-18T07:53:31+02:00,[37],[10]
2026-05-18T07:43:31+02:00,[38],[199]
2026-05-18T07:33:31+02:00,[37],[36]
2026-05-18T07:13:30+02:00,[37],[36]
2026-05-18T07:03:31+02:00,[37],[42]
2026-05-18T06:43:31+02:00,[37],[91]
2026-05-18T06:33:31+02:00,[37],[45]
2026-05-18T05:23:31+02:00,[37],[18]
2026-05-18T05:13:31+02:00,[37],[66]
2026-05-18T04:53:31+02:00,[38],[34]
2026-05-18T04:43:31+02:00,[37],[27]
2026-05-18T04:33:31+02:00,[37],[198]
2026-05-18T03:53:32+02:00,[37],[28]
2026-05-18T03:43:31+02:00,[37],[22]
2026-05-18T03:23:31+02:00,[38],[14]
2026-05-18T03:03:31+02:00,[37],[13]
2026-05-18T02:53:31+02:00,[37],[17]
2026-05-17T16:33:31+02:00,[37],[23]
2026-05-17T16:23:31+02:00,[37],[24]
2026-05-17T16:13:31+02:00,[37],[30]
2026-05-17T16:03:31+02:00,[37],[36]
2026-05-17T15:53:31+02:00,[37],[23]
2026-05-17T15:33:31+02:00,[38],[31]
2026-05-17T15:23:31+02:00,[38],[22]
2026-05-17T15:13:31+02:00,[38],[20]
2026-05-17T15:03:31+02:00,[37],[21]
2026-05-17T14:53:31+02:00,[37],[20]
2026-05-17T14:43:31+02:00,[37],[25]
2026-05-17T14:03:31+02:00,[38],[28]
2026-05-17T13:53:31+02:00,[37],[29]
2026-05-17T13:13:31+02:00,[37],[46]
2026-05-17T11:53:31+02:00,[38],[25]
2026-05-17T11:43:56+02:00,[37],[27]
2026-05-17T11:13:31+02:00,[38],[15]
2026-05-17T09:23:31+02:00,[37],[53]
2026-05-17T09:13:31+02:00,[38],[52]
2026-05-17T08:43:31+02:00,[37],[29]
2026-05-17T08:33:31+02:00,[37],[61]
2026-05-17T08:23:31+02:00,[38],[38]
2026-05-17T08:13:31+02:00,[37],[60]
2026-05-17T08:03:32+02:00,[37],[41]
2026-05-17T07:53:31+02:00,[37],[384]
2026-05-17T07:43:31+02:00,[37],[26]
2026-05-17T07:33:31+02:00,[38],[32]
2026-05-17T07:13:31+02:00,[37],[163]
2026-05-17T06:53:31+02:00,[37],[41]
2026-05-17T06:33:31+02:00,[37],[32]
2026-05-17T06:23:31+02:00,[38],[36]
2026-05-17T06:13:31+02:00,[37],[50]
2026-05-17T06:03:31+02:00,[38],[33]
2026-05-17T05:53:31+02:00,[37],[55]
2026-05-17T05:43:31+02:00,[37],[48]
2026-05-17T05:33:31+02:00,[37],[43]
2026-05-17T05:23:31+02:00,[37],[50]
2026-05-17T05:13:31+02:00,[38],[42]
2026-05-17T05:03:32+02:00,[37],[42]
2026-05-17T04:53:31+02:00,[37],[24]
2026-05-17T04:43:32+02:00,[37],[51]
2026-05-17T04:03:31+02:00,[37],[45]
2026-05-17T03:53:31+02:00,[37],[48]
2026-05-17T03:43:31+02:00,[37],[71]
2026-05-17T03:33:31+02:00,[38],[426]
2026-05-17T03:23:31+02:00,[37],[60]
2026-05-16T18:23:31+02:00,[38],[181]
2026-05-16T18:13:31+02:00,[37],[49]
2026-05-16T18:03:31+02:00,[37],[56]
2026-05-16T17:53:31+02:00,[37],[93]
2026-05-16T17:43:31+02:00,[37],[52]
2026-05-16T17:23:31+02:00,[38],[120]
2026-05-16T16:53:31+02:00,[37],[387]
2026-05-16T16:43:31+02:00,[38],[31]
2026-05-16T16:13:30+02:00,[38],[72]
2026-05-16T15:53:31+02:00,[37],[31]
2026-05-16T14:33:31+02:00,[37],[25]
2026-05-16T14:23:31+02:00,[37],[56]
2026-05-16T14:03:31+02:00,[37],[28]
2026-05-16T13:43:31+02:00,[38],[87]
2026-05-16T13:33:31+02:00,[37],[329]
2026-05-16T12:53:31+02:00,[37],[25]
2026-05-16T12:33:31+02:00,[37],[252]
2026-05-16T11:43:35+02:00,[37],[118]
2026-05-16T11:13:35+02:00,[37],[46]
2026-05-16T09:23:35+02:00,[37],[27]
2026-05-16T09:03:34+02:00,[38],[24]
2026-05-16T07:23:35+02:00,[37],[38]
2026-05-16T06:53:34+02:00,[38],[32]
2026-05-15T13:33:36+02:00,[37],[19]
2026-05-15T12:03:35+02:00,[37],[55]
2026-05-15T08:43:35+02:00,[37],[85]
2026-05-15T08:33:36+02:00,[37],[177]
2026-05-15T08:23:35+02:00,[38],[33]
2026-05-15T08:13:35+02:00,[37],[14]
2026-05-15T08:03:35+02:00,[37],[5]
2026-05-15T07:43:34+02:00,[38],[20]
2026-05-15T07:33:35+02:00,[37],[25]
2026-05-15T07:23:35+02:00,[37],[27]
2026-05-15T07:13:35+02:00,[37],[23]
2026-05-15T06:53:36+02:00,[37],[42]
2026-05-15T06:03:35+02:00,[37],[106]
2026-05-15T05:33:35+02:00,[37],[30]
2026-05-15T05:23:34+02:00,[37],[102]
2026-05-15T05:03:35+02:00,[37],[52]
2026-05-15T04:43:35+02:00,[37],[35]
2026-05-15T04:23:35+02:00,[37],[41]
2026-05-15T04:13:35+02:00,[38],[54]
2026-05-15T04:03:35+02:00,[37],[42]
2026-05-15T03:53:35+02:00,[37],[30]
2026-05-15T03:43:35+02:00,[37],[148]
2026-05-15T03:03:35+02:00,[38],[13]
2026-05-15T02:53:35+02:00,[37],[31]
2026-05-14T17:03:35+02:00,[37],[58]
2026-05-14T16:53:35+02:00,[37],[23]
2026-05-14T16:43:35+02:00,[38],[8]
2026-05-14T16:33:35+02:00,[37],[14]
2026-05-14T16:13:35+02:00,[37],[12]
2026-05-14T16:03:35+02:00,[37],[14]
2026-05-14T15:53:35+02:00,[37],[51]
2026-05-14T15:43:35+02:00,[38],[62]
2026-05-14T14:23:35+02:00,[38],[30]
2026-05-14T13:23:34+02:00,[38],[46]
2026-05-14T13:03:35+02:00,[37],[30]
2026-05-14T11:43:35+02:00,[37],[48]
2026-05-14T11:13:36+02:00,[37],[27]
2026-05-14T10:43:35+02:00,[38],[45]
2026-05-14T10:33:35+02:00,[37],[40]
2026-05-14T10:23:34+02:00,[38],[51]
2026-05-14T10:13:35+02:00,[38],[41]
2026-05-14T09:53:35+02:00,[37],[30]
2026-05-14T09:23:34+02:00,[38],[171]
2026-05-14T08:53:35+02:00,[37],[49]
2026-05-14T08:33:35+02:00,[37],[66]
2026-05-14T08:23:35+02:00,[37],[74]
2026-05-14T08:03:35+02:00,[38],[59]
2026-05-14T07:23:35+02:00,[38],[49]
2026-05-14T07:13:35+02:00,[37],[47]
2026-05-14T06:43:36+02:00,[37],[36]
2026-05-14T06:13:35+02:00,[37],[47]
2026-05-14T05:53:35+02:00,[37],[33]
2026-05-14T05:43:34+02:00,[37],[40]
2026-05-14T05:33:35+02:00,[37],[55]
2026-05-14T05:23:35+02:00,[37],[43]
2026-05-14T05:13:35+02:00,[37],[16]
2026-05-14T05:03:35+02:00,[37],[34]
2026-05-14T04:43:35+02:00,[37],[42]
2026-05-14T04:33:35+02:00,[38],[90]
2026-05-14T04:23:35+02:00,[37],[49]
2026-05-14T04:13:35+02:00,[38],[55]
2026-05-14T04:03:36+02:00,[37],[63]
2026-05-14T03:53:35+02:00,[38],[40]
2026-05-14T03:23:36+02:00,[37],[62]
2026-05-14T03:03:35+02:00,[37],[55]
2026-05-14T02:53:35+02:00,[37],[69]
2026-05-14T02:43:35+02:00,[38],[34]
2026-05-14T02:33:34+02:00,[38],[65]
2026-05-13T11:57:10+02:00,"[60,60,60,60,60,60,60,60,60,60,60,60,60,60,60,60]","[0,0,0,0,7,13,13,0,0,0,22,0,0,0,14,0]"
2026-05-13T11:53:09+02:00,"[60,60,60,60]","[0,0,0,0]"
2026-05-13T11:33:38+02:00,[37],[45]
2026-05-13T11:23:38+02:00,[37],[29]
2026-05-13T11:13:38+02:00,[37],[65]
2026-05-13T10:53:38+02:00,[38],[38]
2026-05-13T10:43:38+02:00,[37],[95]
2026-05-13T10:33:38+02:00,[38],[38]
2026-05-13T10:23:38+02:00,[37],[35]
2026-05-13T10:03:39+02:00,[37],[373]
2026-05-13T09:53:38+02:00,[38],[14]
2026-05-13T09:43:38+02:00,[38],[23]
2026-05-13T09:33:38+02:00,[38],[29]
2026-05-13T08:53:38+02:00,[37],[73]
2026-05-13T08:43:38+02:00,[38],[34]
2026-05-13T08:33:38+02:00,[37],[55]
2026-05-13T08:23:38+02:00,[38],[36]
2026-05-13T07:33:38+02:00,[37],[19]
2026-05-13T07:23:38+02:00,[38],[20]
2026-05-13T07:13:38+02:00,[37],[48]
2026-05-13T06:53:38+02:00,[38],[23]
2026-05-13T06:43:38+02:00,[37],[32]
2026-05-13T06:33:38+02:00,[37],[51]
2026-05-13T06:13:38+02:00,[37],[33]
2026-05-13T06:03:38+02:00,[38],[75]
2026-05-13T05:43:38+02:00,[37],[44]
2026-05-13T05:33:38+02:00,[37],[86]
2026-05-13T05:23:38+02:00,[38],[65]
2026-05-13T05:13:38+02:00,[37],[53]
2026-05-13T05:03:38+02:00,[38],[64]
2026-05-13T04:33:37+02:00,[37],[59]
2026-05-13T04:23:38+02:00,[37],[23]
2026-05-13T04:13:38+02:00,[37],[27]
2026-05-13T04:03:38+02:00,[37],[20]
2026-05-13T03:53:38+02:00,[38],[53]
2026-05-13T03:33:38+02:00,[37],[57]
2026-05-13T03:23:38+02:00,[37],[59]
2026-05-13T03:13:39+02:00,[37],[48]
2026-05-13T02:43:38+02:00,[38],[62]
2026-05-13T02:23:38+02:00,[37],[38]
2026-05-13T02:13:38+02:00,[37],[6]
2026-05-13T02:03:38+02:00,[37],[42]
2026-05-12T18:13:38+02:00,[37],[26]
2026-05-12T18:03:38+02:00,[38],[19]
2026-05-12T17:53:38+02:00,[37],[15]
2026-05-12T17:43:38+02:00,[37],[42]
2026-05-12T17:33:38+02:00,[38],[19]
2026-05-12T17:23:38+02:00,[38],[9]
2026-05-12T17:13:38+02:00,[37],[47]
2026-05-12T17:03:38+02:00,[37],[22]
2026-05-12T16:53:37+02:00,[37],[26]
2026-05-12T11:43:38+02:00,[38],[19]
2026-05-12T11:03:38+02:00,[38],[55]
2026-05-12T10:53:38+02:00,[38],[33]
2026-05-12T10:23:38+02:00,[37],[21]
2026-05-12T10:13:38+02:00,[37],[39]
2026-05-12T10:03:38+02:00,[37],[61]
2026-05-12T09:53:38+02:00,[37],[440]
2026-05-12T09:33:38+02:00,[37],[21]
2026-05-12T09:23:38+02:00,[37],[32]
2026-05-12T09:13:38+02:00,[37],[67]
2026-05-12T09:03:38+02:00,[37],[32]
2026-05-12T08:53:38+02:00,[37],[12]
2026-05-12T08:43:38+02:00,[37],[67]
2026-05-12T08:33:39+02:00,[37],[54]
2026-05-12T08:23:38+02:00,[37],[37]
2026-05-12T08:13:38+02:00,[37],[50]
2026-05-12T07:43:38+02:00,[37],[55]
2026-05-12T07:33:38+02:00,[37],[36]
2026-05-12T07:23:38+02:00,[37],[128]
2026-05-12T07:13:37+02:00,[38],[193]
2026-05-12T07:03:38+02:00,[38],[51]
2026-05-12T06:53:38+02:00,[37],[23]
2026-05-12T06:33:38+02:00,[37],[16]
2026-05-12T05:43:38+02:00,[37],[61]
2026-05-12T05:33:38+02:00,[37],[47]
2026-05-12T04:43:38+02:00,[38],[41]
2026-05-12T04:13:38+02:00,[38],[73]
2026-05-12T04:03:38+02:00,[37],[329]
2026-05-12T03:53:38+02:00,[37],[60]
2026-05-12T03:43:38+02:00,[37],[49]
2026-05-12T03:33:38+02:00,[37],[51]
2026-05-12T03:23:38+02:00,[38],[268]
2026-05-12T03:13:39+02:00,[37],[20]
2026-05-12T02:13:38+02:00,[38],[65]
2026-05-12T02:03:38+02:00,[38],[24]
2026-05-12T01:53:38+02:00,[37],[164]
2026-05-12T01:43:38+02:00,[37],[412]
2026-05-12T01:33:38+02:00,[38],[33]
2026-05-11T15:43:38+02:00,[37],[65]
2026-05-11T15:23:38+02:00,[37],[35]
2026-05-11T15:13:38+02:00,[37],[23]
2026-05-11T15:03:38+02:00,[37],[12]
2026-05-11T14:23:38+02:00,[37],[28]
2026-05-11T13:33:37+02:00,[38],[28]
2026-05-11T13:23:38+02:00,[37],[55]
2026-05-11T13:13:38+02:00,[37],[27]
2026-05-11T13:03:38+02:00,[37],[47]
2026-05-11T12:33:37+02:00,[37],[223]
2026-05-11T12:13:38+02:00,[37],[40]
2026-05-11T11:53:38+02:00,[37],[59]
2026-05-11T11:43:38+02:00,[37],[33]
2026-05-11T11:33:38+02:00,[37],[18]
2026-05-11T11:23:38+02:00,[38],[23]
2026-05-11T11:13:38+02:00,[37],[42]
2026-05-11T10:53:38+02:00,[37],[31]
2026-05-11T10:33:38+02:00,[37],[24]
2026-05-11T10:23:39+02:00,[37],[66]
2026-05-11T10:13:37+02:00,[38],[11]
2026-05-11T09:43:38+02:00,[37],[231]
2026-05-11T09:13:38+02:00,[38],[32]
2026-05-11T09:03:39+02:00,[37],[74]
2026-05-11T08:53:38+02:00,[38],[17]
2026-05-11T08:43:38+02:00,[37],[23]
2026-05-11T08:33:39+02:00,[37],[15]
2026-05-11T08:23:38+02:00,[37],[24]
2026-05-11T08:13:38+02:00,[37],[18]
2026-05-11T08:03:38+02:00,[37],[14]
2026-05-11T07:43:38+02:00,[37],[30]
2026-05-11T07:33:38+02:00,[37],[36]
2026-05-11T07:23:38+02:00,[38],[39]
2026-05-11T06:33:38+02:00,[37],[59]
2026-05-11T06:23:38+02:00,[37],[40]
2026-05-11T06:13:38+02:00,[37],[20]
2026-05-11T06:03:38+02:00,[37],[73]
2026-05-11T05:53:38+02:00,[37],[60]
2026-05-11T05:33:38+02:00,[38],[63]
2026-05-11T05:23:38+02:00,[37],[16]
2026-05-11T05:13:38+02:00,[38],[22]
2026-05-11T04:33:39+02:00,[37],[80]
2026-05-11T03:53:38+02:00,[37],[15]
2026-05-11T03:33:38+02:00,[37],[57]
2026-05-11T03:13:38+02:00,[37],[14]
2026-05-11T02:53:38+02:00,[38],[52]
2026-05-11T02:43:38+02:00,[37],[205]
2026-05-11T02:33:38+02:00,[37],[59]
2026-05-11T02:23:38+02:00,[37],[36]
2026-05-10T10:43:09+02:00,"[60,60,60,60,60,60,60,60,60,60,60,60,60,60,60,60,60,60,60,60]","[0,0,0,0,0,0,0,0,0,19,0,0,0,18,18,0,0,0,0,12]"
2026-05-10T10:33:37+02:00,[38],[53]
2026-05-10T10:23:38+02:00,[37],[33]
2026-05-10T10:03:38+02:00,[37],[24]
2026-05-10T09:53:38+02:00,[37],[25]
2026-05-10T09:43:38+02:00,[37],[35]
2026-05-10T09:33:38+02:00,[37],[18]
2026-05-10T08:33:38+02:00,[37],[35]
2026-05-10T08:23:38+02:00,[37],[60]
2026-05-10T07:43:38+02:00,[37],[28]
2026-05-10T07:33:37+02:00,[37],[34]
2026-05-10T07:23:38+02:00,[37],[47]
2026-05-10T07:13:38+02:00,[38],[49]
2026-05-10T07:03:38+02:00,[38],[55]
2026-05-10T06:43:37+02:00,[38],[58]
2026-05-10T06:33:38+02:00,[37],[63]
2026-05-10T06:23:38+02:00,[37],[41]
2026-05-10T06:03:38+02:00,[37],[51]
2026-05-10T05:23:38+02:00,[37],[36]
2026-05-10T05:13:38+02:00,[38],[52]
2026-05-10T05:03:38+02:00,[37],[103]
2026-05-10T04:53:38+02:00,[38],[47]
2026-05-10T04:43:38+02:00,[38],[43]
2026-05-10T04:33:38+02:00,[37],[43]
2026-05-10T03:23:38+02:00,[37],[31]
2026-05-10T02:53:38+02:00,[37],[47]
2026-05-10T01:43:39+02:00,[37],[42]
2026-05-09T13:23:41+02:00,[37],[37]
2026-05-09T13:13:41+02:00,[37],[24]
2026-05-09T13:03:41+02:00,[37],[40]
2026-05-09T09:43:42+02:00,[37],[38]
2026-05-09T09:33:41+02:00,[37],[29]
2026-05-09T09:23:41+02:00,[37],[24]
2026-05-09T09:13:41+02:00,[37],[11]
2026-05-09T06:43:40+02:00,[37],[53]
2026-05-09T06:23:41+02:00,[37],[32]
2026-05-09T06:03:41+02:00,[37],[19]
2026-05-09T04:23:41+02:00,[37],[37]
2026-05-09T03:53:41+02:00,[37],[42]
2026-05-08T16:03:41+02:00,[37],[23]
2026-05-08T15:53:41+02:00,[37],[22]
2026-05-08T15:43:41+02:00,[37],[103]
2026-05-08T15:33:41+02:00,[38],[92]
2026-05-08T15:23:41+02:00,[37],[27]
2026-05-08T15:13:41+02:00,[37],[19]
2026-05-08T15:03:41+02:00,[37],[21]
2026-05-08T14:53:41+02:00,[37],[16]
2026-05-08T14:43:41+02:00,[37],[25]
2026-05-08T14:33:41+02:00,[37],[25]
2026-05-08T14:13:41+02:00,[37],[11]
2026-05-08T14:03:41+02:00,[38],[33]
2026-05-08T13:53:41+02:00,[37],[10]
2026-05-08T13:43:41+02:00,[37],[17]
2026-05-08T13:33:41+02:00,[38],[22]
2026-05-08T13:23:41+02:00,[37],[39]
2026-05-08T13:13:40+02:00,[38],[38]
2026-05-08T13:03:41+02:00,[37],[11]
2026-05-08T12:53:41+02:00,[37],[34]
2026-05-08T12:43:41+02:00,[38],[38]
2026-05-08T12:33:41+02:00,[38],[27]
2026-05-08T12:23:42+02:00,[37],[41]
2026-05-08T12:13:41+02:00,[37],[43]
2026-05-08T11:33:41+02:00,[37],[46]
2026-05-08T11:23:41+02:00,[37],[31]
2026-05-08T10:23:41+02:00,[37],[49]
2026-05-08T10:13:42+02:00,[37],[14]
2026-05-08T10:03:41+02:00,[38],[27]
2026-05-08T09:53:41+02:00,[38],[31]
2026-05-08T09:43:41+02:00,[37],[29]
2026-05-08T09:03:41+02:00,[38],[392]
2026-05-08T08:53:42+02:00,[37],[202]
2026-05-08T08:33:41+02:00,[37],[58]
2026-05-08T08:13:43+02:00,[37],[50]
2026-05-08T07:43:41+02:00,[37],[49]
2026-05-08T07:33:41+02:00,[38],[18]
2026-05-08T07:23:41+02:00,[37],[39]
2026-05-08T07:13:41+02:00,[37],[20]
2026-05-08T06:43:41+02:00,[37],[150]
2026-05-08T06:33:41+02:00,[38],[34]
2026-05-08T05:43:40+02:00,[38],[42]
2026-05-08T05:23:40+02:00,[38],[42]
2026-05-08T05:03:41+02:00,[37],[35]
2026-05-08T04:53:41+02:00,[38],[207]
2026-05-08T04:43:42+02:00,[37],[41]
2026-05-08T04:33:41+02:00,[37],[29]
2026-05-08T04:23:41+02:00,[37],[41]
2026-05-08T04:13:42+02:00,[37],[41]
2026-05-08T03:43:41+02:00,[38],[26]
2026-05-08T03:33:41+02:00,[37],[33]
2026-05-08T03:23:41+02:00,[37],[36]
2026-05-08T03:13:40+02:00,[38],[45]
2026-05-08T02:53:41+02:00,[37],[29]
2026-05-08T02:33:42+02:00,[37],[50]
2026-05-07T16:03:41+02:00,[37],[30]
2026-05-07T15:53:41+02:00,[37],[30]
2026-05-07T15:43:41+02:00,[38],[19]
2026-05-07T14:23:41+02:00,[38],[25]
2026-05-07T14:13:41+02:00,[37],[17]
2026-05-07T12:13:40+02:00,[38],[36]
2026-05-07T11:43:41+02:00,[38],[71]
2026-05-07T11:33:41+02:00,[37],[85]
2026-05-07T11:23:41+02:00,[37],[42]
2026-05-07T11:13:41+02:00,[37],[28]
2026-05-07T11:03:41+02:00,[38],[40]
2026-05-07T10:53:41+02:00,[37],[38]
2026-05-07T10:43:41+02:00,[37],[34]
2026-05-07T10:33:41+02:00,[38],[105]
2026-05-07T10:23:42+02:00,[37],[48]
2026-05-07T09:53:41+02:00,[37],[22]
2026-05-07T09:43:40+02:00,[38],[34]
2026-05-07T09:13:41+02:00,[37],[41]
2026-05-07T08:53:40+02:00,[38],[41]
2026-05-07T08:43:41+02:00,[37],[37]
2026-05-07T08:23:41+02:00,[37],[30]
2026-05-07T08:03:41+02:00,[38],[173]
2026-05-07T07:53:41+02:00,[37],[20]
2026-05-07T07:43:41+02:00,[37],[29]
2026-05-07T07:33:44+02:00,[37],[21]
2026-05-07T06:03:44+02:00,[37],[29]
2026-05-07T05:33:44+02:00,[37],[86]
2026-05-07T05:23:44+02:00,[38],[31]
2026-05-07T05:03:44+02:00,[37],[34]
2026-05-07T04:53:45+02:00,[37],[29]
2026-05-07T04:13:44+02:00,[37],[43]
2026-05-07T04:03:44+02:00,[37],[72]
2026-05-07T03:53:43+02:00,[38],[64]
2026-05-07T03:23:44+02:00,[38],[35]
2026-05-07T03:03:44+02:00,[37],[47]
2026-05-07T02:43:44+02:00,[37],[33]
2026-05-06T10:53:44+02:00,[37],[26]
2026-05-06T10:13:44+02:00,[37],[35]
2026-05-06T09:53:44+02:00,[37],[49]
2026-05-06T09:33:44+02:00,[37],[31]
2026-05-06T09:03:44+02:00,[37],[10]
2026-05-06T08:33:44+02:00,[37],[61]
2026-05-06T08:03:43+02:00,[38],[46]
2026-05-06T07:53:43+02:00,[38],[39]
2026-05-06T07:43:44+02:00,[37],[51]
2026-05-06T07:33:44+02:00,[38],[33]
2026-05-06T07:23:44+02:00,[38],[14]
2026-05-06T07:03:44+02:00,[37],[39]
2026-05-06T06:53:44+02:00,[37],[19]
2026-05-06T06:43:44+02:00,[37],[8]
2026-05-06T05:53:44+02:00,[37],[45]
2026-05-06T05:43:44+02:00,[38],[71]
2026-05-06T05:33:43+02:00,[38],[48]
2026-05-06T05:23:45+02:00,[37],[28]
2026-05-06T05:13:44+02:00,[38],[14]
2026-05-06T04:43:44+02:00,[37],[47]
2026-05-06T04:23:44+02:00,[38],[51]
2026-05-06T03:43:44+02:00,[37],[36]
2026-05-06T03:33:44+02:00,[37],[45]
2026-05-06T03:13:44+02:00,[37],[18]
2026-05-06T03:03:44+02:00,[37],[30]
2026-05-06T02:53:44+02:00,[37],[22]
2026-05-06T02:23:44+02:00,[37],[18]
2026-05-05T15:03:44+02:00,[37],[28]
2026-05-05T14:03:43+02:00,[37],[17]
2026-05-05T11:33:43+02:00,[38],[130]
2026-05-05T11:23:44+02:00,[37],[58]
2026-05-05T11:14:07+02:00,[37],[58]
2026-05-05T11:03:44+02:00,[38],[26]
2026-05-05T10:43:45+02:00,[37],[23]
2026-05-05T10:03:44+02:00,[37],[48]
2026-05-05T09:53:43+02:00,[38],[18]
2026-05-05T09:33:44+02:00,[38],[138]
2026-05-05T09:23:44+02:00,[37],[66]
2026-05-05T09:13:44+02:00,[37],[32]
2026-05-05T09:03:44+02:00,[37],[21]
2026-05-05T08:53:44+02:00,[37],[71]
2026-05-05T08:33:45+02:00,[37],[419]
2026-05-05T08:23:44+02:00,[37],[17]
2026-05-05T07:53:44+02:00,[37],[41]
2026-05-05T07:43:44+02:00,[37],[34]
2026-05-05T07:33:44+02:00,[37],[33]
2026-05-05T07:23:44+02:00,[37],[50]
2026-05-05T07:03:44+02:00,[37],[42]
2026-05-05T06:43:44+02:00,[37],[39]
2026-05-05T06:23:44+02:00,[37],[87]
2026-05-05T05:43:43+02:00,[38],[193]
2026-05-05T05:33:44+02:00,[37],[46]
2026-05-05T05:23:44+02:00,[37],[49]
2026-05-05T05:13:44+02:00,[37],[55]
2026-05-05T04:53:44+02:00,[38],[65]
2026-05-05T04:33:44+02:00,[37],[82]
2026-05-05T04:13:44+02:00,[37],[73]
2026-05-05T04:03:44+02:00,[37],[66]
2026-05-05T03:53:44+02:00,[37],[78]
2026-05-05T03:43:44+02:00,[37],[85]
2026-05-05T02:53:44+02:00,[37],[23]
2026-05-05T02:43:44+02:00,[37],[21]
2026-05-05T02:33:44+02:00,[37],[8]
2026-05-05T02:23:44+02:00,[37],[19]
2026-05-05T02:03:44+02:00,[37],[11]
2026-05-04T14:53:44+02:00,[37],[63]
2026-05-04T14:13:44+02:00,[38],[317]
2026-05-04T14:03:44+02:00,[37],[64]
2026-05-04T13:43:43+02:00,[37],[225]
2026-05-04T13:23:45+02:00,[37],[40]
2026-05-04T13:13:44+02:00,[38],[29]
2026-05-04T11:53:44+02:00,[37],[25]
2026-05-04T11:43:44+02:00,[37],[19]
2026-05-04T11:13:44+02:00,[37],[23]
2026-05-04T11:03:44+02:00,[37],[59]
2026-05-04T10:53:44+02:00,[37],[42]
2026-05-04T10:43:44+02:00,[37],[34]
2026-05-04T10:33:44+02:00,[38],[76]
2026-05-04T10:23:44+02:00,[38],[26]
2026-05-04T10:03:44+02:00,[37],[28]
2026-05-04T09:53:44+02:00,[37],[71]
2026-05-04T09:43:44+02:00,[37],[87]
2026-05-04T09:33:44+02:00,[37],[42]
2026-05-04T09:13:44+02:00,[37],[35]
2026-05-04T09:03:44+02:00,[37],[35]
2026-05-04T08:53:44+02:00,[37],[39]
2026-05-04T08:33:44+02:00,[38],[20]
2026-05-04T08:13:44+02:00,[38],[16]
2026-05-04T07:53:44+02:00,[37],[34]
2026-05-04T07:43:44+02:00,[37],[46]
2026-05-04T07:33:44+02:00,[37],[68]
2026-05-04T07:23:44+02:00,[37],[42]
2026-05-04T07:13:44+02:00,[37],[22]
2026-05-04T07:03:44+02:00,[37],[34]
2026-05-04T06:43:44+02:00,[37],[37]
2026-05-04T05:33:44+02:00,[37],[44]
2026-05-04T05:13:44+02:00,[38],[27]
2026-05-04T05:03:44+02:00,[37],[33]
2026-05-04T04:53:44+02:00,[38],[164]
2026-05-04T04:43:44+02:00,[37],[22]
2026-05-04T04:33:44+02:00,[37],[36]
2026-05-04T04:13:44+02:00,[38],[37]
2026-05-04T03:53:44+02:00,[37],[14]
2026-05-04T03:33:43+02:00,[38],[228]
2026-05-04T03:23:44+02:00,[38],[25]
2026-05-04T03:13:45+02:00,[37],[13]
2026-05-04T03:03:44+02:00,[37],[15]
2026-05-04T02:23:49+02:00,[37],[23]
2026-05-03T16:43:50+02:00,[37],[39]
2026-05-03T16:33:49+02:00,[38],[103]
2026-05-03T16:23:49+02:00,[37],[68]
2026-05-03T16:13:49+02:00,[37],[22]
2026-05-03T16:03:49+02:00,[38],[19]
2026-05-03T15:53:48+02:00,[38],[23]
2026-05-03T15:43:49+02:00,[38],[17]
2026-05-03T15:33:50+02:00,[37],[75]
2026-05-03T15:23:49+02:00,[37],[17]
2026-05-03T15:13:49+02:00,[37],[45]
2026-05-03T15:03:49+02:00,[37],[23]
2026-05-03T14:53:49+02:00,[37],[12]
2026-05-03T13:23:49+02:00,[38],[19]
2026-05-03T10:13:49+02:00,[37],[30]
2026-05-03T09:33:49+02:00,[37],[58]
2026-05-03T09:23:49+02:00,[38],[65]
2026-05-03T09:03:49+02:00,[38],[38]
2026-05-03T08:23:49+02:00,[37],[40]
2026-05-03T07:53:49+02:00,[37],[65]
2026-05-03T07:43:49+02:00,[37],[34]
2026-05-03T06:43:49+02:00,[37],[32]
2026-05-03T04:53:49+02:00,[37],[82]
2026-05-03T04:43:49+02:00,[37],[36]
2026-05-03T04:33:49+02:00,[37],[29]
2026-05-03T04:23:49+02:00,[37],[58]
2026-05-03T04:13:49+02:00,[38],[51]
2026-05-03T04:03:49+02:00,[38],[40]
2026-05-03T03:53:49+02:00,[38],[53]
2026-05-02T13:33:49+02:00,[37],[31]
2026-05-02T13:13:49+02:00,[37],[169]
2026-05-02T12:43:49+02:00,[37],[81]
2026-05-02T12:33:49+02:00,[37],[13]
2026-05-02T10:43:49+02:00,[37],[31]
2026-05-02T10:13:49+02:00,[37],[33]
2026-05-02T09:43:49+02:00,[37],[32]
2026-05-02T09:33:50+02:00,[37],[27]
2026-05-02T09:23:49+02:00,[38],[28]
2026-05-02T09:03:49+02:00,[37],[24]
2026-05-02T08:53:49+02:00,[37],[30]
2026-05-02T08:43:49+02:00,[37],[40]
2026-05-02T08:33:49+02:00,[37],[41]
2026-05-02T06:32:44+02:00,[37],[30]
2026-05-02T06:12:44+02:00,[37],[44]
2026-05-02T05:22:16+02:00,[37],[41]
2026-05-02T04:58:23+02:00,[37],[51]
2026-05-02T04:48:23+02:00,[38],[120]
2026-05-02T04:28:23+02:00,[37],[39]
2026-05-02T04:18:23+02:00,[37],[32]
2026-05-02T04:08:23+02:00,[38],[30]
2026-05-01T17:38:23+02:00,[37],[31]
2026-05-01T17:28:23+02:00,[37],[78]
2026-05-01T17:18:23+02:00,[37],[49]
2026-05-01T17:08:23+02:00,[38],[36]
2026-05-01T16:58:23+02:00,[38],[32]
2026-05-01T16:18:23+02:00,[37],[44]
2026-05-01T16:08:23+02:00,[37],[41]
2026-05-01T15:28:23+02:00,[37],[268]
2026-05-01T14:58:23+02:00,[38],[63]
2026-05-01T14:38:23+02:00,[38],[37]
2026-05-01T14:18:23+02:00,[37],[352]
2026-05-01T13:58:23+02:00,[37],[39]
2026-05-01T13:48:23+02:00,[37],[51]
2026-05-01T12:58:23+02:00,[38],[48]
2026-05-01T11:38:22+02:00,[37],[277]
2026-05-01T08:48:24+02:00,[37],[36]
2026-05-01T08:18:23+02:00,[37],[33]
2026-05-01T08:08:23+02:00,[37],[56]
2026-05-01T07:58:23+02:00,[37],[22]
2026-05-01T07:48:22+02:00,[38],[28]
2026-05-01T07:38:23+02:00,[37],[46]
2026-05-01T07:18:23+02:00,[38],[41]
2026-05-01T07:08:23+02:00,[37],[43]
2026-05-01T06:58:23+02:00,[37],[26]
2026-05-01T06:48:23+02:00,[38],[251]
2026-05-01T06:38:23+02:00,[37],[39]
2026-05-01T05:38:23+02:00,[37],[191]
2026-05-01T05:28:23+02:00,[37],[64]
2026-05-01T05:18:23+02:00,[38],[38]
2026-05-01T04:58:26+02:00,[37],[46]
2026-05-01T04:48:26+02:00,[38],[17]
2026-05-01T04:38:26+02:00,[37],[26]
2026-05-01T04:28:26+02:00,[37],[32]
2026-05-01T03:48:26+02:00,[37],[52]
2026-05-01T03:28:26+02:00,[37],[46]
2026-05-01T03:08:26+02:00,[37],[34]
2026-05-01T02:38:25+02:00,[38],[31]
2026-04-30T17:18:27+02:00,[37],[26]
2026-04-30T17:08:26+02:00,[37],[133]
2026-04-30T16:58:26+02:00,[37],[17]
2026-04-30T16:18:26+02:00,[37],[65]
2026-04-30T16:08:26+02:00,[38],[70]
2026-04-30T15:58:26+02:00,[37],[43]
2026-04-30T15:48:26+02:00,[37],[19]
2026-04-30T13:38:26+02:00,[37],[60]
2026-04-30T13:28:26+02:00,[37],[24]
2026-04-30T13:18:26+02:00,[37],[251]
2026-04-30T13:08:26+02:00,[38],[74]
2026-04-30T12:48:26+02:00,[37],[48]
2026-04-30T12:38:26+02:00,[37],[34]
2026-04-30T12:18:26+02:00,[38],[60]
2026-04-30T11:48:26+02:00,[37],[47]
2026-04-30T10:58:25+02:00,[38],[35]
2026-04-30T09:58:25+02:00,[38],[61]
2026-04-30T09:48:26+02:00,[38],[51]
2026-04-30T09:38:26+02:00,[37],[37]
2026-04-30T09:18:26+02:00,[37],[156]
2026-04-30T08:58:26+02:00,[37],[42]
2026-04-30T08:48:26+02:00,[37],[252]
2026-04-30T08:38:25+02:00,[38],[52]
2026-04-30T08:18:27+02:00,[37],[54]
2026-04-30T08:08:26+02:00,[38],[44]
2026-04-30T07:58:26+02:00,[37],[43]
2026-04-30T07:48:25+02:00,[38],[21]
2026-04-30T07:38:26+02:00,[37],[38]
2026-04-30T07:28:26+02:00,[38],[52]
2026-04-30T07:18:26+02:00,[38],[20]
2026-04-30T07:08:25+02:00,[38],[23]
2026-04-30T06:58:26+02:00,[37],[19]
2026-04-30T06:28:26+02:00,[37],[68]
2026-04-30T05:58:25+02:00,[37],[87]
2026-04-30T05:48:26+02:00,[37],[173]
2026-04-30T05:38:26+02:00,[37],[30]
2026-04-30T05:28:26+02:00,[37],[59]
2026-04-30T05:08:26+02:00,[37],[57]
2026-04-30T04:58:26+02:00,[37],[57]
2026-04-30T04:48:25+02:00,[38],[57]
2026-04-30T04:38:26+02:00,[38],[37]
2026-04-30T04:28:27+02:00,[37],[37]
2026-04-30T04:18:26+02:00,[37],[45]
2026-04-30T03:58:26+02:00,[37],[60]
2026-04-30T03:08:26+02:00,[38],[49]
2026-04-30T02:58:26+02:00,[38],[58]
2026-04-30T02:38:26+02:00,[37],[32]
2026-04-30T02:28:26+02:00,[37],[63]
2026-04-30T02:18:26+02:00,[37],[64]
2026-04-30T01:58:26+02:00,[38],[92]
2026-04-29T17:18:26+02:00,[37],[77]
2026-04-29T17:08:26+02:00,[37],[43]
2026-04-29T16:48:27+02:00,[37],[63]
2026-04-29T16:08:26+02:00,[37],[29]
2026-04-29T15:58:26+02:00,[37],[34]
2026-04-29T15:48:26+02:00,[37],[57]
2026-04-29T15:28:26+02:00,[37],[16]
2026-04-29T15:08:26+02:00,[37],[19]
2026-04-29T14:58:26+02:00,[37],[64]
2026-04-29T14:38:26+02:00,[37],[29]
2026-04-29T14:28:25+02:00,[38],[9]
2026-04-29T14:18:26+02:00,[37],[23]
2026-04-29T13:58:27+02:00,[37],[23]
2026-04-29T13:48:26+02:00,[37],[116]
2026-04-29T13:38:26+02:00,[37],[48]
2026-04-29T13:28:26+02:00,[37],[22]
2026-04-29T13:18:26+02:00,[38],[27]
2026-04-29T11:38:26+02:00,[37],[24]
2026-04-29T11:28:26+02:00,[37],[152]
2026-04-29T11:18:27+02:00,[37],[45]
2026-04-29T10:58:26+02:00,[37],[43]
2026-04-29T10:48:26+02:00,[37],[19]
2026-04-29T10:38:26+02:00,[37],[20]
2026-04-29T10:28:26+02:00,[37],[22]
2026-04-29T10:08:26+02:00,[38],[18]
2026-04-29T09:58:26+02:00,[37],[16]
2026-04-29T09:48:26+02:00,[38],[56]
2026-04-29T09:38:26+02:00,[37],[49]
2026-04-29T09:28:26+02:00,[37],[46]
2026-04-29T08:58:26+02:00,[38],[31]
2026-04-29T08:48:26+02:00,[37],[39]
2026-04-29T08:28:26+02:00,[37],[73]
2026-04-29T08:08:26+02:00,[37],[39]
2026-04-29T07:58:26+02:00,[37],[29]
2026-04-29T07:48:26+02:00,[37],[35]
2026-04-29T07:38:27+02:00,[37],[94]
2026-04-29T07:08:26+02:00,[37],[45]
2026-04-29T06:48:26+02:00,[37],[20]
2026-04-29T06:38:26+02:00,[37],[53]
2026-04-29T05:58:26+02:00,[38],[240]
2026-04-29T05:48:25+02:00,[38],[65]
2026-04-29T05:38:26+02:00,[37],[47]
2026-04-29T05:18:26+02:00,[37],[52]
2026-04-29T05:08:26+02:00,[37],[66]
2026-04-29T04:38:26+02:00,[37],[44]
2026-04-29T04:28:26+02:00,[37],[44]
2026-04-29T04:18:25+02:00,[38],[28]
2026-04-29T04:08:27+02:00,[37],[39]
2026-04-29T03:58:26+02:00,[37],[36]
2026-04-29T03:48:26+02:00,[37],[52]
2026-04-29T03:18:26+02:00,[37],[36]
2026-04-29T03:08:25+02:00,[38],[47]
2026-04-29T02:38:25+02:00,[38],[66]
2026-04-29T02:08:26+02:00,[38],[217]
2026-04-29T01:38:26+02:00,[37],[23]
2026-04-29T01:18:26+02:00,[37],[24]
2026-04-28T16:38:26+02:00,[38],[19]
2026-04-28T16:28:26+02:00,[37],[10]
2026-04-28T12:28:25+02:00,[37],[110]
2026-04-28T11:18:25+02:00,[37],[23]
2026-04-28T10:58:26+02:00,[37],[18]
2026-04-28T10:38:25+02:00,[38],[36]
2026-04-28T10:08:26+02:00,[37],[54]
2026-04-28T09:58:26+02:00,[37],[9]
2026-04-28T09:48:26+02:00,[37],[13]
2026-04-28T09:38:26+02:00,[37],[97]
2026-04-28T09:28:26+02:00,[37],[176]
2026-04-28T09:18:26+02:00,[37],[46]
2026-04-28T08:58:26+02:00,[38],[45]
2026-04-28T08:48:26+02:00,[37],[41]
2026-04-28T08:28:26+02:00,[37],[89]
2026-04-28T08:08:26+02:00,[37],[61]
2026-04-28T07:48:26+02:00,[38],[28]
2026-04-28T07:38:27+02:00,[37],[16]
2026-04-28T07:18:26+02:00,[37],[22]
2026-04-28T07:08:26+02:00,[38],[208]
2026-04-28T06:58:27+02:00,[37],[26]
2026-04-28T06:38:26+02:00,[38],[44]
2026-04-28T05:48:26+02:00,[38],[74]
2026-04-28T05:08:26+02:00,[38],[41]
2026-04-28T04:58:26+02:00,[38],[51]
2026-04-28T04:48:26+02:00,[37],[44]
2026-04-28T04:28:26+02:00,[37],[17]
2026-04-28T03:58:26+02:00,[37],[180]
2026-04-28T03:48:25+02:00,[38],[34]
2026-04-28T03:38:26+02:00,[37],[48]
2026-04-28T03:18:26+02:00,[37],[120]
2026-04-28T03:08:26+02:00,[38],[117]
2026-04-28T02:58:26+02:00,[37],[36]
2026-04-28T02:28:26+02:00,[37],[51]
2026-04-28T01:48:29+02:00,[37],[31]
2026-04-27T15:38:28+02:00,[38],[58]
2026-04-27T14:18:29+02:00,[37],[153]
2026-04-27T13:18:29+02:00,[37],[63]
2026-04-27T13:08:29+02:00,[37],[15]
2026-04-27T12:58:29+02:00,[37],[21]
2026-04-27T11:38:29+02:00,[37],[55]
2026-04-27T11:08:30+02:00,[37],[52]
2026-04-27T10:48:29+02:00,[37],[57]
2026-04-27T10:18:29+02:00,[38],[24]
2026-04-27T10:08:29+02:00,[37],[42]
2026-04-27T09:48:29+02:00,[38],[13]
2026-04-27T09:38:28+02:00,[38],[9]
2026-04-27T09:28:29+02:00,[38],[8]
2026-04-27T08:15:10+02:00,"[60,60,60,60,60,60,60,60,60,60,60,60,60,60,60,60,60]","[0,0,0,0,0,0,12,0,0,0,0,0,0,0,0,0,0]"
2026-04-27T08:11:09+02:00,"[60,60,60,60]","[0,0,0,0]"
2026-04-27T07:48:29+02:00,[37],[46]
2026-04-27T07:38:28+02:00,[38],[27]
2026-04-27T07:08:29+02:00,[37],[53]
2026-04-27T06:58:29+02:00,[37],[78]
2026-04-27T06:48:29+02:00,[37],[31]
2026-04-27T06:08:30+02:00,[37],[75]
2026-04-27T05:48:29+02:00,[37],[75]
2026-04-27T05:28:29+02:00,[37],[10]
2026-04-27T04:28:29+02:00,[37],[88]
2026-04-27T04:18:30+02:00,[37],[69]
2026-04-27T04:08:29+02:00,[37],[38]
2026-04-27T03:58:29+02:00,[38],[92]
2026-04-27T03:38:29+02:00,[37],[49]
2026-04-27T03:28:29+02:00,[38],[39]
2026-04-27T03:18:29+02:00,[37],[41]
2026-04-27T03:08:29+02:00,[37],[50]
2026-04-27T02:58:29+02:00,[37],[61]
2026-04-27T02:48:29+02:00,[37],[72]
2026-04-27T02:38:30+02:00,[37],[58]
2026-04-27T02:28:29+02:00,[37],[51]
2026-04-27T02:18:29+02:00,[37],[46]
2026-04-27T01:58:29+02:00,[37],[39]
2026-04-26T16:28:29+02:00,[37],[40]
2026-04-26T16:18:29+02:00,[37],[19]
2026-04-26T16:08:29+02:00,[38],[26]
2026-04-26T15:58:29+02:00,[37],[27]
2026-04-26T15:48:29+02:00,[37],[28]
2026-04-26T15:38:29+02:00,[37],[30]
2026-04-26T15:28:29+02:00,[37],[64]
2026-04-26T15:18:28+02:00,[38],[50]
2026-04-26T15:08:28+02:00,[38],[34]
2026-04-26T14:58:29+02:00,[37],[10]
2026-04-26T14:48:29+02:00,[37],[12]
2026-04-26T14:28:29+02:00,[37],[25]
2026-04-26T13:28:29+02:00,[37],[61]
2026-04-26T13:08:29+02:00,[38],[203]
2026-04-26T11:28:30+02:00,[37],[55]
2026-04-26T10:28:30+02:00,[37],[23]
2026-04-26T10:08:29+02:00,[38],[27]
2026-04-26T09:38:29+02:00,[38],[17]
2026-04-26T08:58:29+02:00,[37],[46]
2026-04-26T08:08:28+02:00,[38],[60]
2026-04-26T06:48:29+02:00,[37],[56]
2026-04-26T05:38:28+02:00,[38],[43]
2026-04-26T05:28:28+02:00,[38],[65]
2026-04-26T04:58:29+02:00,[37],[71]
2026-04-26T04:18:29+02:00,[38],[66]
2026-04-26T04:08:30+02:00,[37],[47]
2026-04-26T03:48:29+02:00,[37],[44]
2026-04-26T03:38:29+02:00,[37],[19]
2026-04-26T03:28:29+02:00,[37],[164]
2026-04-26T03:18:29+02:00,[37],[29]
2026-04-26T03:08:29+02:00,[37],[87]
2026-04-26T02:58:29+02:00,[38],[130]
2026-04-26T02:38:29+02:00,[37],[48]
2026-04-26T02:28:29+02:00,[37],[40]
2026-04-26T02:08:29+02:00,[37],[45]
2026-04-26T01:58:29+02:00,[37],[45]
2026-04-26T01:48:30+02:00,[37],[73]
2026-04-25T14:58:29+02:00,[37],[87]
2026-04-25T14:28:29+02:00,[38],[36]
2026-04-25T13:48:29+02:00,[37],[99]
2026-04-25T13:18:29+02:00,[37],[16]
2026-04-25T13:08:29+02:00,[38],[47]
2026-04-25T12:08:28+02:00,[37],[27]
2026-04-25T11:38:29+02:00,[37],[22]
2026-04-25T10:18:29+02:00,[37],[23]
2026-04-25T09:48:29+02:00,[38],[31]
2026-04-25T09:08:29+02:00,[37],[22]
2026-04-25T08:18:29+02:00,[37],[34]
2026-04-25T08:08:29+02:00,[37],[223]
2026-04-25T07:58:29+02:00,[38],[51]
2026-04-25T06:18:32+02:00,[38],[29]
2026-04-25T05:58:32+02:00,[37],[24]
2026-04-25T05:18:32+02:00,[37],[25]
2026-04-25T05:08:32+02:00,[37],[39]
2026-04-25T04:58:32+02:00,[37],[29]
2026-04-25T04:28:32+02:00,[37],[32]
2026-04-25T04:18:32+02:00,[37],[47]
2026-04-25T03:48:32+02:00,[37],[37]
2026-04-25T03:28:32+02:00,[37],[32]
2026-04-25T02:28:32+02:00,[38],[46]
2026-04-24T15:48:32+02:00,[37],[47]
2026-04-24T14:38:32+02:00,[38],[69]
2026-04-24T12:28:32+02:00,[38],[18]
2026-04-24T10:58:32+02:00,[37],[34]
2026-04-24T10:08:32+02:00,[37],[41]
2026-04-24T09:58:32+02:00,[37],[33]
2026-04-24T09:48:32+02:00,[37],[33]
2026-04-24T09:28:32+02:00,[37],[42]
2026-04-24T08:58:32+02:00,[37],[31]
2026-04-24T08:48:32+02:00,[37],[49]
2026-04-24T08:38:32+02:00,[38],[40]
2026-04-24T08:08:32+02:00,[37],[47]
2026-04-24T07:48:32+02:00,[37],[17]
2026-04-24T07:38:32+02:00,[37],[326]
2026-04-24T07:28:32+02:00,[37],[19]
2026-04-24T07:18:32+02:00,[37],[42]
2026-04-24T07:08:32+02:00,[38],[17]
2026-04-24T05:58:32+02:00,[37],[47]
2026-04-24T05:38:32+02:00,[37],[56]
2026-04-24T05:18:32+02:00,[37],[59]
2026-04-24T05:08:32+02:00,[37],[51]
2026-04-24T04:58:32+02:00,[37],[58]
2026-04-24T04:38:32+02:00,[37],[27]
2026-04-24T04:28:32+02:00,[37],[43]
2026-04-24T04:18:32+02:00,[37],[21]
2026-04-24T03:18:32+02:00,[38],[33]
2026-04-24T02:58:32+02:00,[37],[39]
2026-04-24T02:48:32+02:00,[37],[43]
2026-04-24T02:38:32+02:00,[38],[39]
2026-04-24T02:28:31+02:00,[38],[42]
2026-04-24T02:08:32+02:00,[37],[27]
2026-04-24T01:58:32+02:00,[38],[39]
2026-04-23T14:48:32+02:00,[37],[33]
2026-04-23T14:38:32+02:00,[37],[16]
2026-04-23T14:28:32+02:00,[37],[43]
2026-04-23T14:18:32+02:00,[38],[21]
2026-04-23T14:08:45+02:00,[38],[45]
2026-04-23T13:48:32+02:00,[37],[24]
2026-04-23T13:38:32+02:00,[37],[19]
2026-04-23T13:28:32+02:00,[37],[50]
2026-04-23T13:18:32+02:00,[37],[23]
2026-04-23T13:08:32+02:00,[37],[19]
2026-04-23T12:58:32+02:00,[37],[26]
2026-04-23T12:48:32+02:00,[37],[41]
2026-04-23T12:38:32+02:00,[37],[9]
2026-04-23T12:28:32+02:00,[37],[36]
2026-04-23T12:18:32+02:00,[37],[15]
2026-04-23T11:08:31+02:00,[38],[24]
2026-04-23T10:48:32+02:00,[37],[26]
2026-04-23T10:28:32+02:00,[37],[43]
2026-04-23T10:18:32+02:00,[37],[26]
2026-04-23T09:48:32+02:00,[37],[18]
2026-04-23T08:58:32+02:00,[37],[32]
2026-04-23T08:48:32+02:00,[37],[148]
2026-04-23T08:38:32+02:00,[37],[25]
2026-04-23T08:28:32+02:00,[37],[71]
2026-04-23T07:58:32+02:00,[37],[18]
2026-04-23T07:48:32+02:00,[37],[59]
2026-04-23T07:38:32+02:00,[37],[48]
2026-04-23T07:28:32+02:00,[37],[28]
2026-04-23T07:18:32+02:00,[38],[102]
2026-04-23T07:08:32+02:00,[37],[35]
2026-04-23T06:58:32+02:00,[37],[39]
2026-04-23T06:48:32+02:00,[37],[39]
2026-04-23T06:38:32+02:00,[37],[37]
2026-04-23T06:28:32+02:00,[37],[36]
2026-04-23T06:18:32+02:00,[38],[48]
2026-04-23T05:58:32+02:00,[37],[47]
2026-04-23T05:48:32+02:00,[37],[53]
2026-04-23T05:28:32+02:00,[37],[57]
2026-04-23T05:18:32+02:00,[37],[43]
2026-04-23T04:58:32+02:00,[37],[46]
2026-04-23T04:48:32+02:00,[37],[67]
2026-04-23T04:38:32+02:00,[37],[63]
2026-04-23T04:28:32+02:00,[38],[97]
2026-04-23T04:18:32+02:00,[37],[51]
2026-04-23T04:08:32+02:00,[37],[32]
2026-04-23T03:48:32+02:00,[37],[41]
2026-04-23T03:28:32+02:00,[37],[29]
2026-04-23T03:08:32+02:00,[37],[38]
2026-04-23T02:58:32+02:00,[37],[45]
2026-04-23T02:48:32+02:00,[37],[25]
2026-04-23T02:28:32+02:00,[37],[92]
2026-04-23T02:08:32+02:00,[37],[33]
2026-04-23T01:58:32+02:00,[37],[66]
2026-04-22T16:48:32+02:00,[37],[18]
2026-04-22T16:38:32+02:00,[37],[53]
2026-04-22T16:08:32+02:00,[37],[23]
2026-04-22T15:58:32+02:00,[37],[30]
2026-04-22T15:48:32+02:00,[37],[46]
2026-04-22T15:38:32+02:00,[37],[106]
2026-04-22T15:28:32+02:00,[37],[29]
2026-04-22T15:18:32+02:00,[37],[19]
2026-04-22T15:08:32+02:00,[37],[158]
2026-04-22T14:58:32+02:00,[37],[11]
2026-04-22T14:38:32+02:00,[37],[71]
2026-04-22T14:28:32+02:00,[37],[35]
2026-04-22T14:08:32+02:00,[38],[22]
2026-04-22T13:58:32+02:00,[38],[245]
2026-04-22T13:08:32+02:00,[38],[36]
2026-04-22T12:58:32+02:00,[37],[21]
2026-04-22T12:08:31+02:00,[38],[83]
2026-04-22T09:58:32+02:00,[37],[28]
2026-04-22T09:48:32+02:00,[37],[12]
2026-04-22T09:18:32+02:00,[37],[35]
2026-04-22T08:18:32+02:00,[37],[8]
2026-04-22T08:08:32+02:00,[37],[22]
2026-04-22T07:48:32+02:00,[38],[28]
2026-04-22T07:38:32+02:00,[37],[37]
2026-04-22T06:58:31+02:00,[38],[84]
2026-04-22T06:28:32+02:00,[38],[169]
2026-04-22T06:18:32+02:00,[37],[263]
2026-04-22T06:08:32+02:00,[37],[100]
2026-04-22T05:38:35+02:00,[37],[24]
2026-04-22T05:18:35+02:00,[37],[40]
2026-04-22T04:58:35+02:00,[38],[45]
2026-04-22T04:48:35+02:00,[37],[47]
2026-04-22T04:38:35+02:00,[38],[68]
2026-04-22T04:08:35+02:00,[37],[50]
2026-04-22T03:48:35+02:00,[37],[45]
2026-04-22T03:38:34+02:00,[38],[51]
2026-04-22T03:28:35+02:00,[37],[467]
2026-04-22T03:18:35+02:00,[38],[39]
2026-04-22T03:08:35+02:00,[37],[8]
2026-04-22T02:58:36+02:00,[37],[33]
2026-04-22T02:48:35+02:00,[38],[26]
2026-04-22T02:08:35+02:00,[37],[43]
2026-04-22T01:58:35+02:00,[38],[54]
2026-04-22T01:48:35+02:00,[38],[35]
2026-04-21T16:58:35+02:00,[37],[30]
2026-04-21T16:48:35+02:00,[37],[16]
2026-04-21T16:38:35+02:00,[37],[19]
2026-04-21T16:28:35+02:00,[38],[36]
2026-04-21T16:18:34+02:00,[38],[14]
2026-04-21T15:28:36+02:00,[37],[39]
2026-04-21T14:38:35+02:00,[37],[37]
2026-04-21T12:58:35+02:00,[37],[44]
2026-04-21T12:08:34+02:00,[37],[41]
2026-04-21T11:18:35+02:00,[37],[46]
2026-04-21T11:08:35+02:00,[37],[46]
2026-04-21T10:48:36+02:00,[37],[34]
2026-04-21T10:38:35+02:00,[37],[21]
2026-04-21T10:18:35+02:00,[37],[12]
2026-04-21T09:58:35+02:00,[37],[28]
2026-04-21T08:38:35+02:00,[37],[36]
2026-04-21T07:28:35+02:00,[37],[29]
2026-04-21T06:58:35+02:00,[37],[131]
2026-04-21T06:38:35+02:00,[38],[318]
2026-04-21T06:28:35+02:00,[37],[90]
2026-04-21T05:58:35+02:00,[37],[62]
2026-04-21T05:48:35+02:00,[37],[58]
2026-04-21T05:38:36+02:00,[37],[53]
2026-04-21T05:28:35+02:00,[37],[47]
2026-04-21T05:18:35+02:00,[37],[39]
2026-04-21T05:08:35+02:00,[37],[251]
2026-04-21T04:08:35+02:00,[37],[54]
2026-04-21T03:38:35+02:00,[37],[61]
2026-04-21T03:28:34+02:00,[38],[14]
2026-04-21T02:48:35+02:00,[37],[5]
2026-04-21T02:18:34+02:00,[38],[256]
2026-04-20T15:48:35+02:00,[37],[43]
2026-04-20T15:38:35+02:00,[37],[44]
2026-04-20T15:28:35+02:00,[37],[53]
2026-04-20T15:08:35+02:00,[37],[21]
2026-04-20T14:58:35+02:00,[37],[31]
2026-04-20T14:38:35+02:00,[37],[27]
2026-04-20T13:08:35+02:00,[37],[46]
2026-04-20T12:58:35+02:00,[37],[45]
2026-04-20T12:48:35+02:00,[37],[20]
2026-04-20T12:38:35+02:00,[37],[44]
2026-04-20T12:28:35+02:00,[38],[88]
2026-04-20T12:08:35+02:00,[37],[34]
2026-04-20T10:58:35+02:00,[37],[29]
2026-04-20T10:48:35+02:00,[37],[57]
2026-04-20T10:18:35+02:00,[37],[28]
2026-04-20T10:08:35+02:00,[38],[19]
2026-04-20T09:48:35+02:00,[37],[23]
2026-04-20T09:28:35+02:00,[38],[30]
2026-04-20T09:18:35+02:00,[37],[59]
2026-04-20T08:58:35+02:00,[37],[27]
2026-04-20T08:38:35+02:00,[37],[41]
2026-04-20T08:28:35+02:00,[37],[27]
2026-04-20T08:18:34+02:00,[38],[23]
2026-04-20T07:48:35+02:00,[37],[26]
2026-04-20T07:38:35+02:00,[38],[24]
2026-04-20T07:28:35+02:00,[37],[17]
2026-04-20T07:18:35+02:00,[37],[15]
2026-04-20T05:56:10+02:00,"[60,60,60,60,60,60,60,60,60,60,60,60,60]","[0,0,0,481,73,26,83,27,9,32,0,40,0]"
2026-04-20T05:38:09+02:00,"[60,60,60,60,60,60,60,60,60,60,60,60,60,60,60,60,60,60]","[42,17,63,45,40,44,35,147,65,77,55,68,62,39,22,0,14,0]"
2026-04-20T04:56:09+02:00,"[60,60,60,60,60,60,60,60,60,60,60,60,60,60,60,60,60,60,60,60,60,60,60,60,60,60,60,60,60,60,60,60,60,60,60,60,60,60,60,60,60,60]","[19,37,27,67,36,25,35,52,39,35,48,44,42,21,38,168,162,26,48,59,45,41,60,31,27,96,51,36,42,29,29,40,44,33,46,25,36,41,114,60,47,44]"
2026-04-20T04:48:35+02:00,[38],[84]
2026-04-20T04:38:35+02:00,[37],[28]
2026-04-20T04:28:35+02:00,[37],[63]
2026-04-20T04:18:35+02:00,[37],[37]
2026-04-20T03:58:35+02:00,[37],[48]
2026-04-20T03:28:35+02:00,[37],[114]
2026-04-20T03:18:35+02:00,[37],[97]
2026-04-20T03:08:35+02:00,[37],[46]
2026-04-20T02:58:35+02:00,[37],[49]
2026-04-20T02:48:35+02:00,[38],[36]
2026-04-20T02:38:35+02:00,[37],[45]
2026-04-19T13:18:35+02:00,[38],[10]
2026-04-19T10:58:35+02:00,[38],[64]
2026-04-19T08:48:35+02:00,[37],[79]
2026-04-19T08:28:35+02:00,[37],[18]
2026-04-19T07:58:35+02:00,[37],[38]
2026-04-19T05:48:36+02:00,[37],[60]
2026-04-19T05:38:35+02:00,[37],[19]
2026-04-19T05:28:35+02:00,[37],[37]
2026-04-18T14:38:35+02:00,[37],[24]
2026-04-18T14:28:35+02:00,[37],[16]
2026-04-18T14:18:35+02:00,[37],[15]
2026-04-18T14:08:34+02:00,[38],[15]
2026-04-18T13:48:35+02:00,[37],[12]
2026-04-18T13:38:35+02:00,[37],[8]
2026-04-18T13:28:35+02:00,[37],[14]
2026-04-18T13:18:35+02:00,[37],[14]
2026-04-18T11:28:35+02:00,[37],[45]
2026-04-18T11:18:35+02:00,[38],[24]
2026-04-18T11:08:35+02:00,[37],[54]
2026-04-18T10:28:34+02:00,[38],[56]
2026-04-18T10:18:35+02:00,[37],[43]
2026-04-18T09:58:35+02:00,[37],[44]
2026-04-18T09:48:35+02:00,[37],[65]
2026-04-18T09:38:36+02:00,[37],[64]
2026-04-18T08:48:35+02:00,[37],[87]
2026-04-18T08:38:35+02:00,[37],[38]
2026-04-18T08:28:35+02:00,[38],[26]
2026-04-18T08:18:35+02:00,[37],[130]
2026-04-18T07:18:35+02:00,[37],[52]
2026-04-18T06:48:35+02:00,[37],[54]
2026-04-18T06:38:38+02:00,[38],[78]
2026-04-18T06:28:39+02:00,[38],[36]
2026-04-18T06:18:39+02:00,[38],[56]
2026-04-18T06:08:39+02:00,[37],[31]
2026-04-18T05:58:39+02:00,[37],[55]
2026-04-18T05:18:39+02:00,[37],[20]
2026-04-18T05:08:39+02:00,[38],[49]
2026-04-18T04:58:40+02:00,[37],[39]
2026-04-18T04:48:39+02:00,[37],[47]
2026-04-18T04:38:39+02:00,[37],[36]
2026-04-18T04:28:40+02:00,[37],[37]
2026-04-18T04:18:39+02:00,[37],[22]
2026-04-18T03:58:39+02:00,[37],[71]
2026-04-18T03:48:39+02:00,[37],[22]
2026-04-18T03:38:39+02:00,[37],[78]
2026-04-18T03:28:39+02:00,[37],[17]
2026-04-17T17:38:39+02:00,[37],[51]
2026-04-17T17:28:39+02:00,[37],[42]
2026-04-17T17:18:39+02:00,[37],[13]
2026-04-17T17:08:39+02:00,[37],[42]
2026-04-17T16:58:39+02:00,[37],[30]
2026-04-17T16:48:39+02:00,[37],[27]
2026-04-17T16:38:39+02:00,[37],[25]
2026-04-17T16:28:38+02:00,[38],[39]
2026-04-17T16:18:39+02:00,[37],[17]
2026-04-17T16:08:40+02:00,[37],[19]
2026-04-17T15:58:39+02:00,[37],[10]
2026-04-17T14:48:40+02:00,[37],[19]
2026-04-17T14:18:39+02:00,[37],[22]
2026-04-17T14:08:39+02:00,[37],[39]
2026-04-17T13:58:40+02:00,[37],[10]
2026-04-17T13:48:39+02:00,[37],[30]
2026-04-17T13:38:39+02:00,[37],[19]
2026-04-17T13:28:39+02:00,[37],[53]
2026-04-17T13:18:39+02:00,[38],[22]
2026-04-17T13:08:40+02:00,[37],[19]
2026-04-17T12:58:39+02:00,[37],[31]
2026-04-17T12:48:39+02:00,[37],[12]
2026-04-17T12:18:39+02:00,[37],[77]
2026-04-17T11:58:39+02:00,[37],[31]
2026-04-17T11:28:40+02:00,[37],[51]
2026-04-17T11:18:38+02:00,[38],[63]
2026-04-17T10:58:39+02:00,[38],[28]
2026-04-17T10:38:39+02:00,[37],[45]
2026-04-17T09:58:39+02:00,[37],[37]
2026-04-17T09:28:38+02:00,[37],[53]
2026-04-17T09:18:39+02:00,[37],[71]
2026-04-17T08:58:39+02:00,[37],[297]
2026-04-17T08:38:39+02:00,[37],[46]
2026-04-17T08:28:39+02:00,[37],[356]
2026-04-17T08:18:39+02:00,[37],[35]
2026-04-17T07:38:39+02:00,[37],[40]
2026-04-17T07:28:39+02:00,[37],[63]
2026-04-17T06:58:39+02:00,[37],[77]
2026-04-17T06:48:39+02:00,[38],[55]
2026-04-17T06:08:39+02:00,[37],[37]
2026-04-17T05:48:39+02:00,[37],[33]
2026-04-17T05:38:39+02:00,[38],[41]
2026-04-17T05:28:39+02:00,[37],[36]
2026-04-17T05:18:39+02:00,[37],[32]
2026-04-17T04:48:39+02:00,[38],[27]
2026-04-17T04:38:39+02:00,[37],[22]
2026-04-17T04:28:39+02:00,[37],[46]
2026-04-17T04:18:39+02:00,[37],[37]
2026-04-17T04:08:39+02:00,[37],[54]
2026-04-17T03:58:39+02:00,[37],[58]
2026-04-17T03:08:39+02:00,[37],[243]
2026-04-17T02:58:39+02:00,[37],[85]
2026-04-17T01:38:39+02:00,[37],[19]
2026-04-17T01:28:39+02:00,[37],[13]
2026-04-16T15:18:39+02:00,[37],[211]
2026-04-16T15:08:39+02:00,[38],[33]
2026-04-16T14:58:39+02:00,[37],[63]
2026-04-16T14:48:39+02:00,[37],[17]
2026-04-16T14:28:39+02:00,[37],[40]
2026-04-16T14:18:39+02:00,[37],[24]
2026-04-16T14:08:38+02:00,[38],[53]
2026-04-16T13:48:40+02:00,[37],[26]
2026-04-16T13:38:39+02:00,[37],[61]
2026-04-16T13:28:40+02:00,[37],[40]
2026-04-16T13:18:39+02:00,[37],[52]
2026-04-16T13:08:38+02:00,[38],[118]
2026-04-16T12:58:39+02:00,[38],[23]
2026-04-16T12:48:39+02:00,[37],[31]
2026-04-16T12:38:40+02:00,[37],[29]
2026-04-16T12:28:39+02:00,[37],[36]
2026-04-16T11:58:39+02:00,[38],[50]
2026-04-16T11:48:39+02:00,[37],[27]
2026-04-16T11:38:40+02:00,[37],[26]
2026-04-16T11:28:39+02:00,[38],[28]
2026-04-16T10:48:39+02:00,[37],[47]
2026-04-16T10:28:39+02:00,[37],[17]
2026-04-16T10:18:39+02:00,[37],[57]
2026-04-16T10:08:39+02:00,[37],[33]
2026-04-16T09:58:39+02:00,[37],[30]
2026-04-16T09:48:39+02:00,[37],[42]
2026-04-16T09:38:39+02:00,[38],[45]
2026-04-16T09:28:39+02:00,[37],[76]
2026-04-16T09:18:39+02:00,[37],[50]
2026-04-16T09:08:39+02:00,[37],[57]
2026-04-16T08:38:39+02:00,[37],[34]
2026-04-16T08:28:39+02:00,[37],[41]
2026-04-16T08:18:39+02:00,[37],[39]
2026-04-16T08:08:39+02:00,[38],[65]
2026-04-16T07:48:39+02:00,[38],[35]
2026-04-16T07:38:40+02:00,[37],[45]
2026-04-16T07:28:39+02:00,[37],[51]
2026-04-16T07:18:39+02:00,[37],[31]
2026-04-16T06:18:39+02:00,[37],[23]
2026-04-16T05:38:39+02:00,[38],[66]
2026-04-16T05:28:38+02:00,[38],[57]
2026-04-16T05:08:39+02:00,[37],[41]
2026-04-16T04:48:39+02:00,[37],[109]
2026-04-16T04:38:39+02:00,[37],[86]
2026-04-16T04:18:39+02:00,[38],[24]
2026-04-16T03:58:39+02:00,[38],[26]
2026-04-16T03:28:39+02:00,[37],[42]
2026-04-16T03:18:39+02:00,[37],[36]
2026-04-16T03:08:39+02:00,[37],[52]
2026-04-16T02:58:39+02:00,[37],[40]
2026-04-16T02:38:40+02:00,[37],[27]
2026-04-15T13:58:41+02:00,[37],[174]
2026-04-15T13:38:42+02:00,[37],[65]
2026-04-15T13:28:43+02:00,[38],[99]
2026-04-15T13:18:42+02:00,[37],[33]
2026-04-15T13:08:42+02:00,[37],[47]
2026-04-15T12:58:42+02:00,[37],[38]
2026-04-15T12:48:42+02:00,[37],[71]
2026-04-15T11:48:42+02:00,[37],[26]
2026-04-15T11:38:42+02:00,[37],[18]
2026-04-15T11:18:42+02:00,[38],[54]
2026-04-15T11:08:42+02:00,[37],[29]
2026-04-15T10:58:42+02:00,[37],[79]
2026-04-15T10:08:42+02:00,[37],[20]
2026-04-15T09:48:42+02:00,[38],[22]
2026-04-15T09:38:42+02:00,[37],[11]
2026-04-15T09:28:42+02:00,[37],[43]
2026-04-15T09:08:42+02:00,[37],[179]
2026-04-15T08:58:42+02:00,[37],[43]
2026-04-15T08:28:42+02:00,[37],[84]
2026-04-15T08:18:42+02:00,[37],[20]
2026-04-15T07:58:42+02:00,[37],[193]
2026-04-15T07:48:41+02:00,[38],[36]
2026-04-15T07:38:42+02:00,[37],[21]
2026-04-15T07:28:42+02:00,[37],[23]
2026-04-15T07:08:42+02:00,[38],[52]
2026-04-15T06:58:42+02:00,[37],[36]
2026-04-15T06:38:42+02:00,[38],[46]
2026-04-15T05:58:42+02:00,[38],[55]
2026-04-15T05:48:42+02:00,[37],[36]
2026-04-15T05:38:42+02:00,[37],[49]
2026-04-15T05:28:42+02:00,[37],[48]
2026-04-15T05:18:42+02:00,[38],[35]
2026-04-15T04:48:42+02:00,[38],[31]
2026-04-15T04:38:42+02:00,[37],[53]
2026-04-15T04:28:42+02:00,[37],[41]
2026-04-15T04:08:42+02:00,[37],[46]
2026-04-15T03:58:42+02:00,[37],[62]
2026-04-15T03:48:42+02:00,[37],[34]
2026-04-15T03:38:42+02:00,[38],[188]
2026-04-15T03:28:42+02:00,[37],[44]
2026-04-15T03:18:42+02:00,[37],[25]
2026-04-15T02:48:42+02:00,[37],[10]
2026-04-15T02:38:42+02:00,[37],[22]
2026-04-15T02:28:42+02:00,[37],[21]
2026-04-15T02:18:42+02:00,[38],[16]
2026-04-15T02:08:42+02:00,[38],[17]
2026-04-15T01:18:42+02:00,[37],[16]
2026-04-15T01:08:42+02:00,[38],[32]
2026-04-15T00:58:42+02:00,[37],[20]
2026-04-15T00:48:43+02:00,[37],[19]
2026-04-14T18:08:42+02:00,[37],[26]
2026-04-14T17:48:42+02:00,[37],[21]
2026-04-14T17:38:42+02:00,[37],[22]
2026-04-14T17:28:42+02:00,[37],[14]
2026-04-14T17:18:42+02:00,[38],[19]
2026-04-14T16:58:42+02:00,[37],[17]
2026-04-14T16:38:41+02:00,[38],[43]
2026-04-14T15:08:42+02:00,[37],[31]
2026-04-14T11:28:42+02:00,[37],[35]
2026-04-14T11:18:42+02:00,[37],[11]
2026-04-14T11:08:42+02:00,[38],[22]
2026-04-14T10:38:42+02:00,[37],[25]
2026-04-14T10:18:42+02:00,[37],[37]
2026-04-14T10:08:43+02:00,[37],[20]
2026-04-14T09:58:42+02:00,[37],[16]
2026-04-14T09:48:42+02:00,[37],[66]
2026-04-14T09:38:42+02:00,[37],[39]
2026-04-14T09:28:42+02:00,[37],[40]
2026-04-14T09:18:42+02:00,[37],[28]
2026-04-14T09:08:42+02:00,[37],[242]
2026-04-14T08:48:42+02:00,[37],[91]
2026-04-14T08:08:42+02:00,[37],[23]
2026-04-14T07:48:42+02:00,[37],[41]
2026-04-14T07:28:41+02:00,[38],[26]
2026-04-14T07:18:42+02:00,[37],[42]
2026-04-14T05:58:42+02:00,[37],[52]
2026-04-14T05:38:41+02:00,[38],[23]
2026-04-14T04:28:42+02:00,[37],[69]
2026-04-14T04:18:42+02:00,[37],[43]
2026-04-14T03:58:42+02:00,[37],[17]
2026-04-14T03:38:42+02:00,[37],[24]
2026-04-14T03:28:42+02:00,[37],[24]
2026-04-14T03:08:42+02:00,[37],[20]
2026-04-14T02:48:42+02:00,[37],[211]
2026-04-14T02:38:42+02:00,[37],[178]
2026-04-14T02:28:42+02:00,[37],[17]
2026-04-14T02:08:41+02:00,[38],[182]
2026-04-14T01:58:42+02:00,[37],[6]
2026-04-14T01:48:42+02:00,[37],[48]
2026-04-14T01:38:42+02:00,[37],[19]
2026-04-14T01:28:41+02:00,[37],[15]
2026-04-13T16:18:42+02:00,[37],[9]
2026-04-13T16:08:42+02:00,[38],[10]
2026-04-13T15:18:42+02:00,[38],[22]
2026-04-13T14:38:42+02:00,[37],[69]
2026-04-13T14:18:42+02:00,[37],[33]
2026-04-13T13:38:42+02:00,[37],[66]
2026-04-13T13:18:42+02:00,[37],[20]
2026-04-13T13:08:42+02:00,[37],[27]
2026-04-13T12:58:41+02:00,[38],[146]
2026-04-13T11:58:42+02:00,[38],[15]
2026-04-13T11:38:42+02:00,[37],[63]
2026-04-13T11:28:42+02:00,[37],[26]
2026-04-13T11:08:42+02:00,[37],[18]
2026-04-13T10:58:42+02:00,[38],[17]
2026-04-13T10:48:42+02:00,[37],[20]
2026-04-13T10:28:42+02:00,[38],[64]
2026-04-13T10:08:42+02:00,[37],[26]
2026-04-13T09:58:42+02:00,[38],[28]
2026-04-13T09:48:42+02:00,[37],[20]
2026-04-13T09:08:42+02:00,[37],[14]
2026-04-13T08:58:42+02:00,[37],[14]
2026-04-13T08:48:42+02:00,[37],[37]
2026-04-13T08:28:42+02:00,[37],[112]
2026-04-13T08:08:42+02:00,[37],[60]
2026-04-13T07:38:42+02:00,[38],[25]
2026-04-13T06:28:42+02:00,[37],[39]
2026-04-13T05:48:42+02:00,[37],[28]
2026-04-13T04:58:42+02:00,[37],[45]
2026-04-13T04:18:42+02:00,[37],[25]
2026-04-13T03:58:42+02:00,[37],[47]
2026-04-13T03:48:42+02:00,[38],[57]
2026-04-13T03:38:41+02:00,[38],[33]
2026-04-13T03:28:42+02:00,[37],[47]
2026-04-13T03:18:42+02:00,[37],[15]
2026-04-13T02:28:42+02:00,[38],[22]
2026-04-13T02:18:42+02:00,[37],[32]
2026-04-13T01:58:42+02:00,[37],[20]
2026-04-13T01:08:42+02:00,[37],[10]
2026-04-13T00:48:42+02:00,[37],[16]
2026-04-13T00:38:42+02:00,[38],[34]
2026-04-13T00:18:42+02:00,[37],[41]
2026-04-12T23:58:42+02:00,[37],[26]
2026-04-12T23:48:42+02:00,[37],[25]
2026-04-12T23:38:42+02:00,[37],[48]
2026-04-12T16:08:45+02:00,[37],[55]
2026-04-12T15:38:44+02:00,[38],[36]
2026-04-12T14:38:45+02:00,[38],[25]
2026-04-12T14:08:45+02:00,[37],[328]
2026-04-12T13:28:44+02:00,[38],[22]
2026-04-12T13:18:45+02:00,[37],[10]
2026-04-12T12:18:44+02:00,[38],[28]
2026-04-12T11:48:45+02:00,[37],[47]
2026-04-12T11:28:45+02:00,[37],[51]
2026-04-12T11:08:45+02:00,[37],[90]
2026-04-12T10:58:45+02:00,[37],[28]
2026-04-12T10:48:45+02:00,[37],[37]
2026-04-12T10:38:45+02:00,[38],[16]
2026-04-12T10:28:45+02:00,[37],[50]
2026-04-12T10:18:45+02:00,[37],[46]
2026-04-12T10:08:45+02:00,[37],[6]
2026-04-12T09:58:45+02:00,[37],[47]
2026-04-12T09:38:45+02:00,[37],[62]
2026-04-12T09:28:45+02:00,[37],[56]
2026-04-12T09:18:44+02:00,[37],[36]
2026-04-12T09:08:45+02:00,[37],[27]
2026-04-12T08:48:45+02:00,[37],[42]
2026-04-12T08:38:45+02:00,[37],[50]
2026-04-12T08:28:45+02:00,[38],[44]
2026-04-12T08:18:45+02:00,[37],[33]
2026-04-12T07:58:45+02:00,[37],[41]
2026-04-12T07:48:45+02:00,[37],[31]
2026-04-12T07:38:44+02:00,[38],[33]
2026-04-12T07:18:45+02:00,[37],[63]
2026-04-12T05:48:45+02:00,[37],[49]
2026-04-12T05:38:45+02:00,[38],[38]
2026-04-12T05:28:45+02:00,[38],[51]
2026-04-12T05:18:45+02:00,[37],[12]
2026-04-12T05:08:45+02:00,[37],[51]
2026-04-12T04:48:45+02:00,[37],[45]
2026-04-12T04:38:45+02:00,[37],[29]
2026-04-12T04:18:45+02:00,[38],[35]
2026-04-12T03:58:45+02:00,[38],[59]
2026-04-12T03:48:45+02:00,[37],[40]
2026-04-12T03:38:45+02:00,[37],[49]
2026-04-12T02:08:45+02:00,[37],[15]
2026-04-12T01:58:45+02:00,[37],[27]
2026-04-11T18:58:03+02:00,"[60,60,60,60,60,60,60,60,60,60,60,60,60,60,60,60,60,60,60,60,60,60,60,60,60,60,60,60,60,60,60,60,60,60,60,60,60,60,60,60,60,60,60,60,60,60,60,60,60,60,60,60,60,60,60]","[0,0,0,0,0,0,0,0,0,0,0,0,0,0,0,0,0,0,0,0,0,0,0,0,0,0,0,0,0,0,0,0,0,0,0,0,0,0,0,0,0,0,0,0,0,0,0,0,0,0,0,0,0,0,0]"
2026-04-11T17:59:03+02:00,"[60,60,60,60,60,60,60,60,60,60,60,60,60,60,60,60,60,60,60,60,60,60,60,60,60,60,60,60,60,60,60,60,60,60,60,60,60,60,60,60,60,60,60,60,60,60,60,60,60,60,60,60,60,60,60,60,60,60,60]","[0,0,0,0,0,0,0,0,0,0,0,0,0,0,0,0,0,0,0,0,0,0,0,0,0,0,0,0,0,0,0,0,0,0,0,0,0,0,0,0,0,0,0,0,0,0,0,0,0,0,0,0,0,0,0,0,0,0,0]"
2026-04-11T16:46:02+02:00,"[60,60,60,60,60,60,60,60,60,60,60,60,60,60,60,60,60,60,60,60,60,60,60,60,60,60,60,60,60,60,60,60,60,60,60,60,60,60,60,60,60,60,60,60,60,60,60,60,60,60,60,60,60,60,60,60,60,60,60,60,60,60,60,60,60,60,60,60,60,60,60,60,60]","[19,34,14,10,17,10,15,19,42,10,8,16,18,13,9,0,65,23,4,0,0,0,0,0,0,0,0,0,0,0,0,0,0,0,0,0,0,0,0,0,0,0,0,0,0,0,0,0,0,0,0,0,0,0,0,0,0,0,0,0,0,0,0,0,0,0,0,0,0,0,0,0,0]"
2026-04-11T16:19:01+02:00,"[60,60,60,60,60,60,60,60,60,60,60,60,60,60,60,60,60,60,60,60,60,60,60,60,60,60,60]","[94,48,111,31,24,31,11,0,269,13,34,6,75,19,14,13,17,178,25,60,24,9,35,18,16,13,20]"
2026-04-11T16:08:45+02:00,[37],[30]
2026-04-11T15:58:45+02:00,[37],[62]
2026-04-11T15:48:45+02:00,[37],[24]
2026-04-11T15:38:45+02:00,[37],[9]
2026-04-11T14:38:45+02:00,[37],[36]
2026-04-11T14:28:45+02:00,[38],[40]
2026-04-11T13:58:45+02:00,[37],[44]
2026-04-11T13:48:45+02:00,[37],[20]
2026-04-11T13:38:45+02:00,[37],[6]
2026-04-11T11:38:45+02:00,[38],[27]
2026-04-11T11:28:45+02:00,[37],[19]
2026-04-11T11:18:44+02:00,[38],[47]
2026-04-11T11:08:45+02:00,[38],[46]
2026-04-11T10:48:45+02:00,[37],[31]
2026-04-11T10:28:44+02:00,[38],[20]
2026-04-11T09:48:45+02:00,[37],[7]
2026-04-11T09:38:45+02:00,[37],[7]
2026-04-11T08:38:45+02:00,[37],[39]
2026-04-11T07:18:45+02:00,[37],[159]
2026-04-11T05:48:45+02:00,[37],[46]
2026-04-11T05:28:45+02:00,[38],[83]
2026-04-11T04:48:45+02:00,[38],[41]
2026-04-11T03:58:44+02:00,[38],[28]
2026-04-11T03:48:45+02:00,[37],[36]
2026-04-11T03:38:46+02:00,[37],[56]
2026-04-11T03:28:44+02:00,[38],[396]
2026-04-11T03:18:44+02:00,[38],[37]
2026-04-11T03:08:45+02:00,[37],[54]
2026-04-10T17:28:45+02:00,[37],[16]
2026-04-10T17:18:45+02:00,[37],[168]
2026-04-10T17:08:45+02:00,[37],[25]
2026-04-10T16:58:46+02:00,[37],[16]
2026-04-10T16:48:45+02:00,[37],[20]
2026-04-10T16:38:45+02:00,[37],[12]
2026-04-10T16:28:45+02:00,[37],[17]
2026-04-10T16:18:45+02:00,[37],[45]
2026-04-10T15:58:45+02:00,[37],[36]
2026-04-10T15:48:45+02:00,[37],[33]
2026-04-10T15:38:45+02:00,[37],[22]
2026-04-10T15:18:45+02:00,[38],[28]
2026-04-10T15:08:45+02:00,[37],[13]
2026-04-10T14:58:45+02:00,[38],[37]
2026-04-10T14:48:45+02:00,[37],[19]
2026-04-10T14:38:45+02:00,[37],[25]
2026-04-10T14:28:44+02:00,[38],[28]
2026-04-10T14:18:44+02:00,[38],[38]
2026-04-10T13:58:45+02:00,[38],[23]
2026-04-10T13:48:45+02:00,[37],[38]
2026-04-10T13:38:45+02:00,[37],[19]
2026-04-10T13:28:45+02:00,[37],[30]
2026-04-10T13:18:45+02:00,[37],[31]
2026-04-10T13:08:45+02:00,[37],[21]
2026-04-10T12:58:45+02:00,[37],[175]
2026-04-10T12:48:45+02:00,[37],[15]
2026-04-10T12:38:45+02:00,[37],[13]
2026-04-10T12:28:46+02:00,[37],[59]
2026-04-10T11:58:45+02:00,[37],[20]
2026-04-10T11:38:45+02:00,[37],[44]
2026-04-10T11:28:45+02:00,[38],[31]
2026-04-10T10:58:45+02:00,[37],[29]
2026-04-10T10:48:45+02:00,[37],[39]
2026-04-10T10:38:45+02:00,[37],[25]
2026-04-10T10:28:45+02:00,[37],[31]
2026-04-10T10:18:45+02:00,[37],[30]
2026-04-10T09:58:45+02:00,[37],[54]
2026-04-10T08:58:44+02:00,[38],[85]
2026-04-10T08:48:45+02:00,[37],[66]
2026-04-10T08:38:45+02:00,[37],[39]
2026-04-10T08:28:45+02:00,[38],[38]
2026-04-10T07:58:45+02:00,[37],[28]
2026-04-10T07:48:46+02:00,[37],[24]
2026-04-10T07:38:45+02:00,[37],[19]
2026-04-10T07:18:45+02:00,[37],[44]
2026-04-10T07:08:45+02:00,[37],[20]
2026-04-10T06:58:45+02:00,[37],[31]
2026-04-10T06:38:46+02:00,[37],[21]
2026-04-10T06:28:46+02:00,[37],[53]
2026-04-10T06:18:45+02:00,[37],[35]
2026-04-10T05:58:45+02:00,[37],[21]
2026-04-10T05:48:45+02:00,[37],[29]
2026-04-10T05:38:44+02:00,[38],[48]
2026-04-10T05:18:45+02:00,[37],[29]
2026-04-10T04:38:45+02:00,[38],[27]
2026-04-10T04:18:45+02:00,[38],[43]
2026-04-10T03:58:45+02:00,[37],[39]
2026-04-10T03:48:45+02:00,[37],[74]
2026-04-10T03:38:45+02:00,[37],[40]
2026-04-10T03:18:45+02:00,[38],[40]
2026-04-10T03:08:45+02:00,[37],[25]
2026-04-10T02:58:45+02:00,[37],[48]
2026-04-10T02:48:45+02:00,[37],[17]
2026-04-09T15:58:45+02:00,[37],[19]
2026-04-09T15:48:49+02:00,[37],[42]
2026-04-09T15:38:48+02:00,[37],[28]
2026-04-09T15:28:48+02:00,[38],[28]
2026-04-09T15:18:49+02:00,[37],[15]
2026-04-09T15:08:48+02:00,[38],[59]
2026-04-09T14:58:48+02:00,[37],[29]
2026-04-09T14:48:48+02:00,[37],[27]
2026-04-09T14:38:49+02:00,[37],[11]
2026-04-09T14:28:48+02:00,[37],[30]
2026-04-09T14:18:48+02:00,[37],[42]
2026-04-09T14:08:48+02:00,[37],[18]
2026-04-09T13:58:48+02:00,[37],[28]
2026-04-09T13:48:49+02:00,[37],[15]
2026-04-09T13:38:48+02:00,[37],[29]
2026-04-09T13:18:48+02:00,[37],[54]
2026-04-09T11:38:48+02:00,[37],[46]
2026-04-09T11:28:48+02:00,[37],[34]
2026-04-09T11:18:48+02:00,[38],[60]
2026-04-09T11:08:48+02:00,[37],[40]
2026-04-09T10:48:48+02:00,[37],[37]
2026-04-09T10:38:48+02:00,[37],[40]
2026-04-09T10:28:48+02:00,[37],[188]
2026-04-09T10:18:48+02:00,[38],[365]
2026-04-09T10:08:48+02:00,[37],[75]
2026-04-09T09:58:48+02:00,[37],[88]
2026-04-09T09:28:48+02:00,[37],[28]
2026-04-09T09:18:49+02:00,[37],[37]
2026-04-09T09:08:48+02:00,[37],[44]
2026-04-09T08:48:48+02:00,[38],[38]
2026-04-09T08:28:48+02:00,[37],[40]
2026-04-09T08:18:48+02:00,[37],[36]
2026-04-09T08:08:48+02:00,[37],[22]
2026-04-09T07:38:48+02:00,[37],[70]
2026-04-09T07:28:48+02:00,[37],[37]
2026-04-09T07:18:48+02:00,[37],[70]
2026-04-09T06:58:48+02:00,[37],[47]
2026-04-09T06:48:48+02:00,[37],[20]
2026-04-09T05:48:48+02:00,[37],[287]
2026-04-09T05:38:48+02:00,[38],[65]
2026-04-09T05:28:48+02:00,[37],[39]
2026-04-09T04:58:48+02:00,[37],[53]
2026-04-09T04:48:48+02:00,[37],[36]
2026-04-09T04:08:48+02:00,[37],[262]
2026-04-09T03:58:48+02:00,[37],[38]
2026-04-09T03:18:47+02:00,[38],[238]
2026-04-09T02:58:48+02:00,[37],[33]
2026-04-08T14:48:48+02:00,[38],[33]
2026-04-08T14:28:48+02:00,[37],[42]
2026-04-08T14:18:48+02:00,[37],[30]
2026-04-08T14:08:48+02:00,[37],[32]
2026-04-08T13:58:48+02:00,[37],[25]
2026-04-08T13:48:48+02:00,[37],[19]
2026-04-08T13:38:49+02:00,[37],[17]
2026-04-08T13:28:49+02:00,[37],[19]
2026-04-08T12:58:49+02:00,[37],[18]
2026-04-08T12:38:48+02:00,[37],[26]
2026-04-08T12:28:48+02:00,[38],[27]
2026-04-08T12:08:48+02:00,[37],[16]
2026-04-08T11:48:48+02:00,[38],[31]
2026-04-08T11:38:48+02:00,[37],[191]
2026-04-08T11:28:48+02:00,[37],[28]
2026-04-08T10:58:48+02:00,[37],[64]
2026-04-08T10:48:48+02:00,[37],[17]
2026-04-08T09:58:47+02:00,[37],[301]
2026-04-08T09:38:48+02:00,[37],[11]
2026-04-08T09:08:49+02:00,[37],[17]
2026-04-08T08:58:49+02:00,[37],[25]
2026-04-08T08:48:48+02:00,[37],[10]
2026-04-08T08:38:48+02:00,[37],[388]
2026-04-08T07:28:48+02:00,[37],[71]
2026-04-08T07:08:49+02:00,[37],[107]
2026-04-08T06:48:48+02:00,[37],[35]
2026-04-08T06:38:48+02:00,[38],[32]
2026-04-08T05:58:48+02:00,[37],[20]
2026-04-08T05:38:48+02:00,[37],[43]
2026-04-08T05:08:50+02:00,[37],[30]
2026-04-08T04:58:48+02:00,[38],[36]
2026-04-08T04:48:48+02:00,[37],[53]
2026-04-08T04:28:49+02:00,[37],[45]
2026-04-08T04:08:48+02:00,[37],[70]
2026-04-08T03:58:48+02:00,[38],[58]
2026-04-08T03:48:48+02:00,[37],[40]
2026-04-08T03:38:48+02:00,[37],[76]
2026-04-08T03:28:48+02:00,[37],[31]
2026-04-08T03:18:48+02:00,[38],[73]
2026-04-08T03:08:49+02:00,[37],[29]
2026-04-08T02:48:48+02:00,[37],[47]
2026-04-08T02:18:47+02:00,[38],[16]
2026-04-08T02:08:48+02:00,[37],[60]
2026-04-08T01:48:48+02:00,[37],[17]
2026-04-08T01:38:48+02:00,[37],[40]
2026-04-07T16:18:48+02:00,[37],[55]
2026-04-07T16:08:48+02:00,[37],[32]
2026-04-07T11:28:48+02:00,[38],[54]
2026-04-07T11:18:48+02:00,[37],[35]
2026-04-07T10:58:48+02:00,[37],[30]
2026-04-07T10:28:48+02:00,[38],[26]
2026-04-07T10:18:48+02:00,[37],[21]
2026-04-07T10:08:48+02:00,[38],[41]
2026-04-07T09:48:47+02:00,[38],[28]
2026-04-07T09:08:48+02:00,[37],[50]
2026-04-07T08:58:48+02:00,[38],[58]
2026-04-07T08:48:48+02:00,[37],[44]
2026-04-07T08:28:48+02:00,[37],[50]
2026-04-07T08:08:48+02:00,[36],[449]
2026-04-07T07:48:48+02:00,[37],[15]
2026-04-07T07:38:48+02:00,[37],[33]
2026-04-07T05:58:48+02:00,[37],[75]
2026-04-07T05:28:48+02:00,[37],[16]
2026-04-07T05:08:48+02:00,[37],[15]
2026-04-07T04:48:47+02:00,[38],[18]
2026-04-07T04:28:48+02:00,[37],[32]
2026-04-07T03:58:48+02:00,[37],[37]
2026-04-07T03:48:49+02:00,[37],[41]
2026-04-07T03:38:48+02:00,[37],[44]
2026-04-07T03:28:48+02:00,[37],[62]
2026-04-07T03:08:48+02:00,[37],[29]
2026-04-07T02:58:48+02:00,[38],[36]
2026-04-06T14:58:48+02:00,[37],[31]
2026-04-06T14:28:48+02:00,[37],[19]
2026-04-06T12:48:48+02:00,[37],[24]
2026-04-06T12:38:48+02:00,[37],[20]
2026-04-06T11:58:48+02:00,[37],[15]
2026-04-06T09:58:48+02:00,[37],[18]
2026-04-06T09:38:47+02:00,[38],[23]
2026-04-06T08:58:48+02:00,[37],[7]
2026-04-06T08:28:52+02:00,[37],[21]
2026-04-06T08:18:52+02:00,[37],[33]
2026-04-06T08:08:52+02:00,[37],[13]
2026-04-06T07:48:51+02:00,[38],[27]
2026-04-06T07:28:52+02:00,[37],[46]
2026-04-06T06:58:52+02:00,[37],[21]
2026-04-06T06:38:52+02:00,[37],[357]
2026-04-06T06:28:52+02:00,[37],[97]
2026-04-05T17:08:52+02:00,[37],[14]
2026-04-05T16:58:52+02:00,[37],[25]
2026-04-05T16:48:52+02:00,[38],[12]
2026-04-05T16:38:52+02:00,[37],[13]
2026-04-05T16:28:52+02:00,[37],[21]
2026-04-05T16:18:52+02:00,[37],[23]
2026-04-05T16:08:51+02:00,[38],[20]
2026-04-05T15:58:52+02:00,[37],[28]
2026-04-05T15:48:52+02:00,[37],[37]
2026-04-05T15:38:52+02:00,[37],[16]
2026-04-05T15:28:51+02:00,[37],[32]
2026-04-05T15:18:52+02:00,[37],[16]
2026-04-05T15:08:52+02:00,[37],[215]
2026-04-05T14:58:52+02:00,[37],[17]
2026-04-05T14:48:52+02:00,[38],[25]
2026-04-05T11:28:52+02:00,[38],[20]
2026-04-05T11:08:52+02:00,[37],[41]
2026-04-05T10:38:52+02:00,[37],[20]
2026-04-05T10:28:52+02:00,[37],[27]
2026-04-05T10:18:52+02:00,[38],[18]
2026-04-05T10:08:51+02:00,[38],[26]
2026-04-05T09:58:52+02:00,[37],[25]
2026-04-05T09:38:52+02:00,[37],[8]
2026-04-05T08:58:52+02:00,[37],[21]
2026-04-05T08:48:52+02:00,[37],[107]
2026-04-05T08:38:52+02:00,[37],[25]
2026-04-05T08:28:51+02:00,[38],[67]
2026-04-05T08:18:52+02:00,[37],[81]
2026-04-05T08:08:52+02:00,[37],[35]
2026-04-05T07:58:52+02:00,[37],[29]
2026-04-05T07:48:52+02:00,[37],[68]
2026-04-05T07:38:52+02:00,[37],[39]
2026-04-05T07:18:52+02:00,[37],[51]
2026-04-05T07:08:52+02:00,[37],[35]
2026-04-05T06:38:51+02:00,[38],[23]
2026-04-05T06:28:51+02:00,[38],[15]
2026-04-05T06:18:52+02:00,[37],[31]
2026-04-05T06:08:52+02:00,[38],[12]
2026-04-05T05:58:51+02:00,[38],[71]
2026-04-05T05:48:52+02:00,[37],[48]
2026-04-05T05:38:52+02:00,[37],[29]
2026-04-05T05:18:52+02:00,[37],[7]
2026-04-05T05:08:52+02:00,[37],[20]
2026-04-05T04:58:52+02:00,[37],[40]
2026-04-05T04:48:52+02:00,[37],[5]
2026-04-05T04:38:52+02:00,[37],[64]
2026-04-05T04:28:51+02:00,[38],[25]
2026-04-05T04:08:52+02:00,[37],[29]
2026-04-05T03:58:52+02:00,[38],[39]
2026-04-05T03:48:52+02:00,[37],[34]
2026-04-05T03:38:52+02:00,[37],[17]
2026-04-05T03:28:52+02:00,[37],[21]
2026-04-05T03:18:52+02:00,[37],[12]
2026-04-05T03:08:52+02:00,[38],[49]
2026-04-05T02:58:52+02:00,[37],[23]
2026-04-05T02:48:52+02:00,[37],[57]
2026-04-05T02:38:52+02:00,[37],[40]
2026-04-05T02:18:52+02:00,[38],[15]
2026-04-05T02:08:52+02:00,[37],[37]
2026-04-05T01:58:52+02:00,[37],[10]
2026-04-05T01:48:52+02:00,[37],[27]
2026-04-05T01:38:52+02:00,[37],[78]
2026-04-05T01:28:52+02:00,[37],[16]
2026-04-05T01:18:52+02:00,[38],[52]
2026-04-05T01:08:52+02:00,[37],[33]
2026-04-04T16:48:52+02:00,[38],[16]
2026-04-04T16:38:52+02:00,[37],[20]
2026-04-04T16:28:52+02:00,[37],[10]
2026-04-04T16:18:52+02:00,[37],[26]
2026-04-04T16:08:52+02:00,[37],[19]
2026-04-04T15:58:52+02:00,[37],[18]
2026-04-04T15:48:52+02:00,[37],[16]
2026-04-04T15:38:52+02:00,[37],[38]
2026-04-04T15:28:52+02:00,[37],[19]
2026-04-04T15:18:52+02:00,[37],[4]
2026-04-04T14:38:52+02:00,[37],[24]
2026-04-04T14:18:52+02:00,[37],[65]
2026-04-04T13:59:28+02:00,[2],[172]
2026-04-04T13:48:52+02:00,[37],[203]
2026-04-04T13:38:52+02:00,[37],[44]
2026-04-04T13:18:52+02:00,[37],[30]
2026-04-04T13:08:52+02:00,[37],[14]
2026-04-04T12:58:52+02:00,[37],[80]
2026-04-04T12:38:52+02:00,[38],[35]
2026-04-04T12:28:52+02:00,[37],[199]
2026-04-04T12:08:52+02:00,[37],[42]
2026-04-04T11:58:52+02:00,[37],[45]
2026-04-04T11:48:51+02:00,[38],[27]
2026-04-04T11:38:52+02:00,[37],[36]
2026-04-04T11:28:52+02:00,[38],[37]
2026-04-04T11:18:52+02:00,[37],[61]
2026-04-04T11:08:52+02:00,[37],[23]
2026-04-04T10:58:52+02:00,[37],[33]
2026-04-04T09:58:52+02:00,[37],[86]
2026-04-04T09:48:52+02:00,[37],[70]
2026-04-04T09:38:52+02:00,[37],[30]
2026-04-04T09:28:52+02:00,[37],[32]
2026-04-04T09:18:52+02:00,[37],[39]
2026-04-04T09:08:52+02:00,[37],[44]
2026-04-04T08:58:52+02:00,[37],[34]
2026-04-04T08:48:52+02:00,[38],[14]
2026-04-04T08:38:52+02:00,[37],[49]
2026-04-04T08:28:52+02:00,[37],[62]
2026-04-04T08:18:52+02:00,[37],[31]
2026-04-04T08:08:52+02:00,[38],[21]
2026-04-04T07:58:52+02:00,[37],[16]
2026-04-04T07:48:52+02:00,[37],[126]
2026-04-04T07:38:52+02:00,[37],[28]
2026-04-04T07:28:52+02:00,[37],[20]
2026-04-04T07:18:52+02:00,[37],[16]
2026-04-04T07:08:52+02:00,[37],[16]
2026-04-04T06:58:52+02:00,[37],[11]
2026-04-04T06:48:52+02:00,[37],[113]
2026-04-04T06:28:52+02:00,[37],[12]
2026-04-04T05:28:52+02:00,[38],[40]
2026-04-04T05:18:52+02:00,[37],[50]
2026-04-04T05:08:52+02:00,[37],[21]
2026-04-04T04:28:52+02:00,[37],[63]
2026-04-04T04:08:52+02:00,[37],[73]
2026-04-04T03:48:52+02:00,[38],[18]
2026-04-04T03:38:52+02:00,[37],[21]
2026-04-04T03:28:52+02:00,[38],[69]
2026-04-04T03:18:52+02:00,[37],[22]
2026-04-04T03:08:52+02:00,[37],[86]
2026-04-03T18:38:52+02:00,[37],[45]
2026-04-03T18:28:52+02:00,[37],[45]
2026-04-03T18:18:52+02:00,[37],[16]
2026-04-03T17:58:52+02:00,[37],[47]
2026-04-03T17:08:52+02:00,[37],[18]
2026-04-03T16:38:52+02:00,[37],[167]
2026-04-03T16:28:52+02:00,[37],[35]
2026-04-03T16:18:52+02:00,[37],[26]
2026-04-03T15:58:52+02:00,[37],[37]
2026-04-03T15:48:52+02:00,[37],[11]
2026-04-03T15:28:52+02:00,[38],[36]
2026-04-03T15:08:52+02:00,[37],[34]
2026-04-03T14:58:52+02:00,[37],[32]
2026-04-03T14:48:52+02:00,[37],[34]
2026-04-03T14:38:52+02:00,[38],[51]
2026-04-03T14:28:52+02:00,[37],[20]
2026-04-03T13:58:52+02:00,[37],[20]
2026-04-03T13:48:52+02:00,[37],[12]
2026-04-03T12:28:55+02:00,[37],[30]
2026-04-03T11:38:55+02:00,[37],[34]
2026-04-03T11:28:55+02:00,[37],[32]
2026-04-03T11:18:55+02:00,[37],[79]
2026-04-03T11:08:55+02:00,[38],[53]
2026-04-03T10:58:55+02:00,[37],[17]
2026-04-03T10:48:55+02:00,[37],[37]
2026-04-03T10:47:08+02:00,[37],[32]
2026-04-03T09:53:10+02:00,"[60,60,60,60,60,60,60,60,60,60,60,60,60,60,60,60,60,60,60,60,60,60,60,60,60,60,60,60,60,60,60,60,60,60,60,60,60,60,60,60,60,60,60,60,60,60,60,60,60,60,60,60,60]","[52,34,25,33,31,41,32,39,35,40,47,107,43,64,57,35,36,85,29,17,101,63,39,26,86,64,25,57,47,25,43,46,45,29,24,33,31,0,0,0,0,0,50,41,29,47,0,73,51,30,31,37,18]"
2026-04-03T09:48:55+02:00,[37],[28]
2026-04-03T09:38:55+02:00,[37],[42]
2026-04-03T09:28:55+02:00,[38],[37]
2026-04-03T09:18:55+02:00,[37],[17]
2026-04-03T08:18:55+02:00,[38],[21]
2026-04-03T08:08:55+02:00,[37],[52]
2026-04-03T07:48:55+02:00,[38],[28]
2026-04-03T07:38:55+02:00,[37],[52]
2026-04-03T07:18:56+02:00,[37],[43]
2026-04-03T06:38:56+02:00,[37],[9]
2026-04-03T06:28:55+02:00,[37],[49]
2026-04-03T06:18:56+02:00,[37],[44]
2026-04-03T05:38:55+02:00,[37],[35]
2026-04-02T15:58:56+02:00,[37],[25]
2026-04-02T15:48:55+02:00,[37],[12]
2026-04-02T15:38:55+02:00,[37],[21]
2026-04-02T15:28:55+02:00,[38],[25]
2026-04-02T15:18:55+02:00,[37],[49]
2026-04-02T14:28:55+02:00,[37],[17]
2026-04-02T14:18:55+02:00,[38],[10]
2026-04-02T12:38:55+02:00,[37],[16]
2026-04-02T11:38:55+02:00,[38],[35]
2026-04-02T11:28:55+02:00,[37],[15]
2026-04-02T10:48:55+02:00,[38],[77]
2026-04-02T10:28:55+02:00,[37],[54]
2026-04-02T10:08:56+02:00,[37],[61]
2026-04-02T09:58:55+02:00,[37],[71]
2026-04-02T08:58:55+02:00,[38],[41]
2026-04-02T08:48:55+02:00,[37],[56]
2026-04-02T08:38:55+02:00,[37],[22]
2026-04-02T08:18:54+02:00,[38],[97]
2026-04-02T08:08:55+02:00,[37],[94]
2026-04-02T07:58:55+02:00,[37],[22]
2026-04-02T07:48:55+02:00,[37],[67]
2026-04-02T07:38:55+02:00,[37],[42]
2026-04-02T06:38:55+02:00,[37],[45]
2026-04-02T06:28:55+02:00,[37],[64]
2026-04-02T06:08:55+02:00,[37],[48]
2026-04-02T05:48:55+02:00,[38],[48]
2026-04-02T05:18:55+02:00,[37],[46]
2026-04-02T04:18:55+02:00,[37],[44]
2026-04-02T04:08:55+02:00,[37],[86]
2026-04-02T03:58:55+02:00,[37],[47]
2026-04-02T03:18:55+02:00,[37],[85]
2026-04-02T02:58:56+02:00,[37],[47]
2026-04-02T02:48:55+02:00,[37],[39]
2026-04-01T16:28:55+02:00,[37],[22]
2026-04-01T16:18:54+02:00,[38],[37]
2026-04-01T16:08:55+02:00,[37],[250]
2026-04-01T15:58:55+02:00,[37],[139]
2026-04-01T15:48:55+02:00,[37],[15]
2026-04-01T15:38:54+02:00,[38],[9]
2026-04-01T15:28:55+02:00,[38],[18]
2026-04-01T15:18:55+02:00,[37],[24]
2026-04-01T15:08:55+02:00,[37],[17]
2026-04-01T14:58:55+02:00,[37],[11]
2026-04-01T14:48:55+02:00,[37],[25]
2026-04-01T13:38:55+02:00,[37],[12]
2026-04-01T12:28:55+02:00,[38],[223]
2026-04-01T11:48:55+02:00,[37],[39]
2026-04-01T11:38:55+02:00,[37],[21]
2026-04-01T11:08:55+02:00,[37],[49]
2026-04-01T10:58:55+02:00,[37],[29]
2026-04-01T10:48:55+02:00,[37],[40]
2026-04-01T10:38:55+02:00,[38],[153]
2026-04-01T10:08:55+02:00,[37],[113]
2026-04-01T09:58:55+02:00,[37],[41]
2026-04-01T09:38:55+02:00,[37],[50]
2026-04-01T09:28:55+02:00,[37],[123]
2026-04-01T09:18:55+02:00,[38],[55]
2026-04-01T09:08:55+02:00,[37],[27]
2026-04-01T08:38:56+02:00,[37],[19]
2026-04-01T08:28:55+02:00,[37],[12]
2026-04-01T08:18:55+02:00,[37],[40]
2026-04-01T08:08:55+02:00,[37],[63]
2026-04-01T07:58:54+02:00,[38],[298]
2026-04-01T07:48:55+02:00,[38],[69]
2026-04-01T07:28:55+02:00,[38],[61]
2026-04-01T07:08:55+02:00,[37],[21]
2026-04-01T05:38:55+02:00,[37],[32]
2026-04-01T05:28:55+02:00,[37],[47]
2026-04-01T04:48:55+02:00,[37],[92]
2026-04-01T04:38:56+02:00,[37],[65]
2026-04-01T04:28:55+02:00,[37],[116]
2026-04-01T04:18:55+02:00,[37],[61]
2026-04-01T03:09:35+02:00,[37],[58]
2026-04-01T02:48:55+02:00,[38],[90]
2026-04-01T02:38:55+02:00,[37],[44]
2026-03-31T14:28:56+02:00,[37],[12]
2026-03-31T13:38:55+02:00,[37],[18]
2026-03-31T13:28:55+02:00,[37],[85]
2026-03-31T13:18:55+02:00,[37],[41]
2026-03-31T13:08:55+02:00,[37],[50]
2026-03-31T12:38:55+02:00,[37],[52]
2026-03-31T12:28:55+02:00,[37],[63]
2026-03-31T11:58:55+02:00,[37],[20]
2026-03-31T11:38:55+02:00,[37],[67]
2026-03-31T11:28:56+02:00,[37],[16]
2026-03-31T10:48:55+02:00,[37],[21]
2026-03-31T10:28:55+02:00,[37],[25]
2026-03-31T10:08:54+02:00,[38],[39]
2026-03-31T09:58:55+02:00,[37],[46]
2026-03-31T09:18:55+02:00,[38],[19]
2026-03-31T08:58:55+02:00,[38],[29]
2026-03-31T08:48:55+02:00,[38],[28]
2026-03-31T08:38:55+02:00,[38],[23]
2026-03-31T08:08:55+02:00,[37],[31]
2026-03-31T07:48:55+02:00,[37],[38]
2026-03-31T07:18:55+02:00,[38],[42]
2026-03-31T07:08:55+02:00,[37],[36]
2026-03-31T06:48:55+02:00,[37],[49]
2026-03-31T06:38:55+02:00,[38],[47]
2026-03-31T05:58:56+02:00,[37],[247]
2026-03-31T05:38:55+02:00,[37],[408]
2026-03-31T05:28:55+02:00,[37],[158]
2026-03-31T05:18:55+02:00,[37],[256]
2026-03-31T04:58:55+02:00,[37],[39]
2026-03-31T04:28:58+02:00,[37],[46]
2026-03-31T04:18:58+02:00,[38],[29]
2026-03-31T04:08:58+02:00,[38],[36]
2026-03-31T03:48:58+02:00,[37],[30]
2026-03-31T03:28:59+02:00,[37],[83]
2026-03-31T03:18:58+02:00,[37],[74]
2026-03-31T03:08:58+02:00,[37],[44]
2026-03-31T02:48:57+02:00,[38],[36]
2026-03-31T02:38:59+02:00,[37],[65]
2026-03-31T02:28:58+02:00,[37],[44]
2026-03-31T01:48:58+02:00,[37],[15]
2026-03-31T01:38:58+02:00,[37],[18]
2026-03-31T01:08:58+02:00,[37],[259]
2026-03-30T16:48:58+02:00,[37],[21]
2026-03-30T16:38:58+02:00,[37],[51]
2026-03-30T16:28:58+02:00,[38],[34]
2026-03-30T13:38:58+02:00,[37],[22]
2026-03-30T13:08:58+02:00,[37],[47]
2026-03-30T12:48:58+02:00,[37],[66]
2026-03-30T10:48:58+02:00,[37],[29]
2026-03-30T10:28:58+02:00,[38],[47]
2026-03-30T10:18:58+02:00,[37],[31]
2026-03-30T09:58:58+02:00,[37],[81]
2026-03-30T09:48:58+02:00,[38],[15]
2026-03-30T09:28:59+02:00,[37],[35]
2026-03-30T08:58:58+02:00,[37],[33]
2026-03-30T08:48:58+02:00,[37],[39]
2026-03-30T08:38:59+02:00,[37],[38]
2026-03-30T08:28:58+02:00,[37],[67]
2026-03-30T08:18:58+02:00,[37],[38]
2026-03-30T08:08:58+02:00,[37],[105]
2026-03-30T07:48:58+02:00,[37],[39]
2026-03-30T07:38:59+02:00,[37],[22]
2026-03-30T07:28:58+02:00,[37],[36]
2026-03-30T07:18:58+02:00,[38],[44]
2026-03-30T07:08:58+02:00,[37],[112]
2026-03-30T06:28:58+02:00,[37],[41]
2026-03-30T06:08:58+02:00,[37],[45]
2026-03-30T05:38:58+02:00,[37],[36]
2026-03-30T05:18:57+02:00,[38],[58]
2026-03-30T04:58:58+02:00,[37],[73]
2026-03-30T04:38:58+02:00,[37],[57]
2026-03-30T04:18:58+02:00,[37],[18]
2026-03-30T03:58:58+02:00,[37],[33]
2026-03-30T03:48:58+02:00,[38],[31]
2026-03-30T03:28:58+02:00,[38],[25]
2026-03-30T03:18:59+02:00,[37],[267]
2026-03-29T14:48:58+02:00,[37],[27]
2026-03-29T14:38:58+02:00,[37],[34]
2026-03-29T14:28:57+02:00,[38],[26]
2026-03-29T14:18:58+02:00,[38],[87]
2026-03-29T14:08:58+02:00,[38],[40]
2026-03-29T13:58:58+02:00,[38],[12]
2026-03-29T13:48:58+02:00,[38],[47]
2026-03-29T13:38:58+02:00,[37],[30]
2026-03-29T13:28:58+02:00,[37],[21]
2026-03-29T13:18:58+02:00,[37],[46]
2026-03-29T13:08:58+02:00,[38],[22]
2026-03-29T12:58:58+02:00,[37],[35]
2026-03-29T12:48:58+02:00,[38],[11]
2026-03-29T08:38:58+02:00,[38],[7]
2026-03-29T08:28:57+02:00,[37],[32]
2026-03-29T08:18:58+02:00,[38],[7]
2026-03-29T07:28:58+02:00,[37],[128]
2026-03-29T07:08:58+02:00,[37],[72]
2026-03-29T06:58:58+02:00,[37],[39]
2026-03-29T05:58:58+02:00,[37],[30]
2026-03-29T05:08:58+02:00,[38],[49]
2026-03-29T01:48:58+01:00,[37],[30]
2026-03-29T01:28:58+01:00,[37],[31]
2026-03-29T01:19:42+01:00,[37],[62]
2026-03-29T01:14:59+01:00,[38],[21]
2026-03-29T01:08:58+01:00,[37],[18]
2026-03-28T15:08:58+01:00,[37],[38]
2026-03-28T14:58:58+01:00,[37],[33]
2026-03-28T14:48:58+01:00,[37],[28]
2026-03-28T14:38:58+01:00,[38],[70]
2026-03-28T13:48:57+01:00,[38],[38]
2026-03-28T13:38:58+01:00,[37],[32]
2026-03-28T13:28:58+01:00,[37],[90]
2026-03-28T13:18:58+01:00,[38],[43]
2026-03-28T12:48:58+01:00,[37],[86]
2026-03-28T11:58:58+01:00,[37],[77]
2026-03-28T11:48:58+01:00,[37],[32]
2026-03-28T11:38:58+01:00,[37],[57]
2026-03-28T11:28:58+01:00,[37],[77]
2026-03-28T11:18:58+01:00,[37],[49]
2026-03-28T11:08:59+01:00,[37],[37]
2026-03-28T10:48:57+01:00,[38],[59]
2026-03-28T10:18:58+01:00,[37],[58]
2026-03-28T10:08:58+01:00,[37],[223]
2026-03-28T09:58:58+01:00,[37],[33]
2026-03-28T09:18:58+01:00,[38],[28]
2026-03-28T09:08:58+01:00,[37],[16]
2026-03-28T08:58:58+01:00,[37],[31]
2026-03-28T08:48:58+01:00,[37],[35]
2026-03-28T08:38:58+01:00,[37],[12]
2026-03-28T06:48:58+01:00,[37],[34]
2026-03-28T05:08:58+01:00,[37],[46]
2026-03-28T04:48:58+01:00,[38],[23]
2026-03-28T04:38:58+01:00,[37],[23]
2026-03-28T04:28:58+01:00,[37],[12]
2026-03-28T03:09:01+01:00,[37],[118]
2026-03-27T15:39:01+01:00,[37],[31]
2026-03-27T15:29:01+01:00,[37],[21]
2026-03-27T15:19:01+01:00,[38],[19]
2026-03-27T14:49:01+01:00,[37],[60]
2026-03-27T14:39:01+01:00,[37],[25]
2026-03-27T14:29:01+01:00,[37],[14]
2026-03-27T14:19:00+01:00,[38],[18]
2026-03-27T14:09:01+01:00,[37],[22]
2026-03-27T13:59:02+01:00,[37],[27]
2026-03-27T13:49:01+01:00,[38],[29]
2026-03-27T13:39:00+01:00,[38],[25]
2026-03-27T13:29:02+01:00,[37],[27]
2026-03-27T13:19:01+01:00,[37],[29]
2026-03-27T13:09:01+01:00,[37],[41]
2026-03-27T12:59:01+01:00,[37],[31]
2026-03-27T12:49:01+01:00,[38],[19]
2026-03-27T12:39:01+01:00,[37],[18]
2026-03-27T12:29:02+01:00,[37],[81]
2026-03-27T12:19:01+01:00,[37],[18]
2026-03-27T12:09:01+01:00,[37],[9]
2026-03-27T11:49:01+01:00,[37],[51]
2026-03-27T11:39:01+01:00,[38],[42]
2026-03-27T10:59:01+01:00,[37],[46]
2026-03-27T10:49:01+01:00,[37],[32]
2026-03-27T10:39:01+01:00,[37],[26]
2026-03-27T10:29:00+01:00,[38],[45]
2026-03-27T10:19:02+01:00,[37],[66]
2026-03-27T10:09:01+01:00,[37],[7]
2026-03-27T08:09:03+01:00,[37],[66]
2026-03-27T07:59:01+01:00,[37],[38]
2026-03-27T07:49:01+01:00,[37],[25]
2026-03-27T07:39:00+01:00,[38],[26]
2026-03-27T07:29:01+01:00,[37],[34]
2026-03-27T07:19:01+01:00,[37],[67]
2026-03-27T06:49:01+01:00,[37],[41]
2026-03-27T06:39:01+01:00,[38],[14]
2026-03-27T06:29:01+01:00,[37],[35]
2026-03-27T06:19:01+01:00,[37],[43]
2026-03-27T05:59:01+01:00,[38],[76]
2026-03-27T05:49:01+01:00,[37],[47]
2026-03-27T05:39:01+01:00,[37],[12]
2026-03-27T05:19:01+01:00,[37],[17]
2026-03-27T04:39:00+01:00,[38],[87]
2026-03-27T04:29:01+01:00,[38],[30]
2026-03-27T03:49:01+01:00,[38],[33]
2026-03-27T03:39:01+01:00,[37],[77]
2026-03-27T03:09:01+01:00,[37],[20]
2026-03-27T02:49:01+01:00,[37],[74]
2026-03-27T02:39:01+01:00,[38],[42]
2026-03-27T02:29:01+01:00,[38],[61]
2026-03-27T02:19:01+01:00,[38],[43]
2026-03-27T02:09:01+01:00,[37],[117]
2026-03-27T01:59:01+01:00,[37],[28]
2026-03-27T01:49:01+01:00,[37],[35]
2026-03-27T01:39:01+01:00,[37],[17]
2026-03-27T01:19:01+01:00,[38],[51]
2026-03-27T00:59:01+01:00,[37],[28]
2026-03-27T00:49:01+01:00,[38],[71]
2026-03-27T00:19:02+01:00,[37],[27]
2026-03-27T00:09:01+01:00,[37],[24]
2026-03-26T23:59:01+01:00,[37],[24]
2026-03-26T23:49:01+01:00,[38],[19]
2026-03-26T17:48:09+01:00,"[60,60,60,60,60,60,60,60,60,60,60,60,60,60,60,60,60,60,60,60,60,60,60,60,60,60,60,60,60,60,60,60,60,60,60,60,60,60,60,60]","[0,0,0,0,0,0,0,0,0,0,0,0,0,0,0,0,0,0,0,0,0,0,0,0,0,0,0,0,0,0,0,0,0,0,0,0,0,0,0,0]"
2026-03-26T17:38:09+01:00,"[60,60,60,60,60,60,60,60,60,60]","[0,0,0,0,0,0,0,0,0,0]"
2026-03-26T15:29:01+01:00,[37],[44]
2026-03-26T15:19:01+01:00,[37],[42]
2026-03-26T15:09:01+01:00,[37],[40]
2026-03-26T14:59:01+01:00,[37],[23]
2026-03-26T14:49:01+01:00,[37],[18]
2026-03-26T14:39:02+01:00,[37],[48]
2026-03-26T14:19:01+01:00,[37],[19]
2026-03-26T13:19:01+01:00,[37],[17]
2026-03-26T13:09:01+01:00,[37],[19]
2026-03-26T12:59:01+01:00,[38],[18]
2026-03-26T12:49:01+01:00,[37],[25]
2026-03-26T12:29:01+01:00,[37],[18]
2026-03-26T11:49:01+01:00,[38],[32]
2026-03-26T11:09:01+01:00,[37],[70]
2026-03-26T10:49:01+01:00,[37],[23]
2026-03-26T10:29:01+01:00,[37],[29]
2026-03-26T10:09:01+01:00,[37],[38]
2026-03-26T09:59:01+01:00,[37],[69]
2026-03-26T09:29:01+01:00,[37],[44]
2026-03-26T09:19:01+01:00,[37],[25]
2026-03-26T09:09:01+01:00,[37],[116]
2026-03-26T08:59:01+01:00,[37],[126]
2026-03-26T08:39:01+01:00,[37],[33]
2026-03-26T08:29:01+01:00,[37],[41]
2026-03-26T08:19:01+01:00,[37],[121]
2026-03-26T07:59:01+01:00,[37],[43]
2026-03-26T07:49:01+01:00,[37],[46]
2026-03-26T07:39:01+01:00,[37],[32]
2026-03-26T07:29:01+01:00,[37],[92]
2026-03-26T07:19:01+01:00,[37],[28]
2026-03-26T07:09:01+01:00,[37],[42]
2026-03-26T06:39:01+01:00,[37],[22]
2026-03-26T06:19:01+01:00,[37],[40]
2026-03-26T05:59:01+01:00,[37],[57]
2026-03-26T05:49:01+01:00,[37],[16]
2026-03-26T05:29:01+01:00,[37],[29]
2026-03-26T05:09:01+01:00,[37],[38]
2026-03-26T04:29:00+01:00,[38],[47]
2026-03-26T04:19:01+01:00,[38],[50]
2026-03-26T04:09:01+01:00,[37],[31]
2026-03-26T03:59:01+01:00,[37],[19]
2026-03-26T03:39:01+01:00,[37],[25]
2026-03-26T03:29:02+01:00,[37],[68]
2026-03-26T03:19:01+01:00,[38],[43]
2026-03-26T02:59:01+01:00,[37],[54]
2026-03-26T02:49:00+01:00,[38],[44]
2026-03-26T02:39:01+01:00,[37],[49]
2026-03-26T02:29:01+01:00,[37],[20]
2026-03-26T02:19:01+01:00,[37],[52]
2026-03-25T14:49:01+01:00,[38],[15]
2026-03-25T14:39:02+01:00,[37],[30]
2026-03-25T14:29:01+01:00,[37],[38]
2026-03-25T14:19:01+01:00,[37],[11]
2026-03-25T14:09:01+01:00,[38],[24]
2026-03-25T13:59:01+01:00,[37],[24]
2026-03-25T13:49:01+01:00,[37],[25]
2026-03-25T13:39:01+01:00,[37],[23]
2026-03-25T11:59:01+01:00,[37],[10]
2026-03-25T11:39:01+01:00,[37],[42]
2026-03-25T11:29:01+01:00,[38],[19]
2026-03-25T11:19:01+01:00,[37],[21]
2026-03-25T11:09:01+01:00,[38],[23]
2026-03-25T10:29:01+01:00,[37],[33]
2026-03-25T09:09:01+01:00,[37],[29]
2026-03-25T08:59:01+01:00,[37],[36]
2026-03-25T08:19:01+01:00,[37],[11]
2026-03-25T07:49:01+01:00,[38],[73]
2026-03-25T07:39:02+01:00,[37],[29]
2026-03-25T07:29:01+01:00,[37],[71]
2026-03-25T07:19:01+01:00,[37],[163]
2026-03-25T07:09:02+01:00,[37],[39]
2026-03-25T06:59:01+01:00,[37],[26]
2026-03-25T06:39:01+01:00,[37],[20]
2026-03-25T06:29:01+01:00,[38],[58]
2026-03-25T05:39:01+01:00,[37],[55]
2026-03-25T05:19:01+01:00,[37],[42]
2026-03-25T05:09:01+01:00,[37],[17]
2026-03-25T04:59:00+01:00,[38],[24]
2026-03-25T03:59:01+01:00,[37],[22]
2026-03-25T03:49:01+01:00,[37],[30]
2026-03-25T03:29:01+01:00,[37],[46]
2026-03-25T02:39:01+01:00,[37],[88]
2026-03-25T02:09:01+01:00,[37],[46]
2026-03-25T01:59:01+01:00,[38],[44]
2026-03-25T01:49:01+01:00,[37],[28]
2026-03-25T01:29:04+01:00,[37],[72]
2026-03-25T01:19:04+01:00,[37],[37]
2026-03-25T00:49:03+01:00,[38],[44]
2026-03-25T00:29:03+01:00,[38],[21]
2026-03-25T00:19:03+01:00,[38],[10]
2026-03-25T00:09:04+01:00,[37],[18]
2026-03-24T23:59:04+01:00,[37],[9]
2026-03-24T10:29:04+01:00,[37],[42]
2026-03-24T09:59:04+01:00,[37],[233]
2026-03-24T09:19:04+01:00,[37],[62]
2026-03-24T09:09:04+01:00,[37],[61]
2026-03-24T08:59:04+01:00,[37],[94]
2026-03-24T08:49:04+01:00,[38],[47]
2026-03-24T08:39:04+01:00,[37],[31]
2026-03-24T07:59:04+01:00,[38],[95]
2026-03-24T07:19:04+01:00,[37],[29]
2026-03-24T06:19:04+01:00,[38],[50]
2026-03-24T04:59:04+01:00,[37],[27]
2026-03-24T04:49:04+01:00,[37],[58]
2026-03-24T04:29:04+01:00,[37],[24]
2026-03-24T04:19:04+01:00,[37],[38]
2026-03-24T04:09:04+01:00,[37],[33]
2026-03-24T03:49:04+01:00,[37],[49]
2026-03-24T03:29:04+01:00,[37],[50]
2026-03-24T03:09:04+01:00,[37],[32]
2026-03-24T02:29:04+01:00,[37],[171]
2026-03-24T02:19:03+01:00,[38],[65]
2026-03-24T01:59:04+01:00,[37],[34]
2026-03-24T01:49:04+01:00,[37],[264]
2026-03-24T00:59:04+01:00,[37],[20]
2026-03-24T00:49:04+01:00,[37],[50]
2026-03-24T00:39:04+01:00,[37],[164]
2026-03-24T00:29:04+01:00,[37],[36]
2026-03-24T00:09:04+01:00,[38],[29]
2026-03-23T23:59:04+01:00,[37],[20]
2026-03-23T23:49:04+01:00,[37],[30]
2026-03-23T15:19:04+01:00,[38],[31]
2026-03-23T15:09:04+01:00,[37],[142]
2026-03-23T14:29:04+01:00,[37],[95]
2026-03-23T14:19:04+01:00,[37],[22]
2026-03-23T14:09:04+01:00,[38],[37]
2026-03-23T13:59:04+01:00,[37],[53]
2026-03-23T13:49:04+01:00,[37],[26]
2026-03-23T13:39:04+01:00,[37],[37]
2026-03-23T13:29:04+01:00,[37],[109]
2026-03-23T13:19:04+01:00,[37],[44]
2026-03-23T13:09:04+01:00,[37],[46]
2026-03-23T12:59:04+01:00,[37],[36]
2026-03-23T12:49:04+01:00,[37],[25]
2026-03-23T12:39:04+01:00,[37],[239]
2026-03-23T11:49:04+01:00,[37],[32]
2026-03-23T11:29:04+01:00,[37],[76]
2026-03-23T10:59:05+01:00,[37],[31]
2026-03-23T09:49:04+01:00,[37],[66]
2026-03-23T09:29:04+01:00,[38],[82]
2026-03-23T09:19:04+01:00,[37],[24]
2026-03-23T08:59:04+01:00,[37],[34]
2026-03-23T08:49:04+01:00,[37],[27]
2026-03-23T08:09:04+01:00,[37],[35]
2026-03-23T07:49:04+01:00,[37],[41]
2026-03-23T07:39:04+01:00,[37],[25]
2026-03-23T07:29:04+01:00,[38],[31]
2026-03-23T07:19:04+01:00,[37],[44]
2026-03-23T07:09:04+01:00,[37],[42]
2026-03-23T06:49:04+01:00,[37],[264]
2026-03-23T06:39:04+01:00,[37],[19]
2026-03-23T06:19:05+01:00,[37],[97]
2026-03-23T06:09:04+01:00,[37],[76]
2026-03-23T05:59:04+01:00,[37],[19]
2026-03-23T04:29:04+01:00,[38],[54]
2026-03-23T04:09:04+01:00,[37],[58]
2026-03-23T03:59:04+01:00,[37],[42]
2026-03-23T03:49:04+01:00,[37],[26]
2026-03-23T03:39:04+01:00,[37],[46]
2026-03-23T03:29:03+01:00,[38],[44]
2026-03-23T02:59:04+01:00,[37],[66]
2026-03-23T02:49:04+01:00,[37],[98]
2026-03-23T02:39:04+01:00,[37],[110]
2026-03-23T02:29:04+01:00,[37],[69]
2026-03-23T02:19:04+01:00,[37],[40]
2026-03-23T01:59:04+01:00,[38],[69]
2026-03-23T01:49:04+01:00,[37],[59]
2026-03-23T01:19:04+01:00,[37],[30]
2026-03-23T01:09:04+01:00,[38],[9]
2026-03-23T00:59:04+01:00,[37],[33]
2026-03-23T00:39:04+01:00,[37],[51]
2026-03-22T15:19:05+01:00,[37],[13]
2026-03-22T15:09:04+01:00,[37],[24]
2026-03-22T14:59:04+01:00,[37],[16]
2026-03-22T14:39:04+01:00,[37],[22]
2026-03-22T14:29:04+01:00,[37],[16]
2026-03-22T14:19:04+01:00,[37],[44]
2026-03-22T14:09:04+01:00,[37],[31]
2026-03-22T13:59:04+01:00,[38],[24]
2026-03-22T11:49:03+01:00,[38],[254]
2026-03-22T11:29:04+01:00,[37],[155]
2026-03-22T10:09:04+01:00,[37],[17]
2026-03-22T09:29:04+01:00,[37],[12]
2026-03-22T09:19:04+01:00,[37],[38]
2026-03-22T09:09:06+01:00,[37],[18]
2026-03-22T08:59:04+01:00,[37],[30]
2026-03-22T08:49:04+01:00,[37],[23]
2026-03-22T08:39:04+01:00,[37],[20]
2026-03-22T06:49:04+01:00,[38],[41]
2026-03-22T06:39:04+01:00,[37],[53]
2026-03-22T06:29:04+01:00,[37],[166]
2026-03-21T17:09:07+01:00,[37],[26]
2026-03-21T15:29:07+01:00,[37],[59]
2026-03-21T15:19:07+01:00,[37],[152]
2026-03-21T14:59:07+01:00,[37],[14]
2026-03-21T14:49:07+01:00,[37],[29]
2026-03-21T14:39:07+01:00,[37],[19]
2026-03-21T14:29:07+01:00,[37],[28]
2026-03-21T13:59:07+01:00,[37],[36]
2026-03-21T13:49:07+01:00,[37],[23]
2026-03-21T13:39:07+01:00,[37],[88]
2026-03-21T13:29:07+01:00,[38],[31]
2026-03-21T11:39:07+01:00,[37],[358]
2026-03-21T09:09:07+01:00,[38],[43]
2026-03-21T08:49:07+01:00,[38],[19]
2026-03-21T08:39:07+01:00,[38],[27]
2026-03-21T08:29:07+01:00,[37],[41]
2026-03-21T08:19:07+01:00,[37],[373]
2026-03-21T08:09:07+01:00,[37],[36]
2026-03-21T07:49:07+01:00,[37],[74]
2026-03-21T07:29:38+01:00,[37],[19]
2026-03-21T07:19:07+01:00,[37],[25]
2026-03-21T07:09:07+01:00,[37],[41]
2026-03-21T06:59:07+01:00,[37],[23]
2026-03-21T06:39:06+01:00,[38],[26]
2026-03-21T06:29:07+01:00,[37],[11]
2026-03-21T06:19:07+01:00,[38],[50]
2026-03-21T06:09:07+01:00,[37],[155]
2026-03-21T05:17:45+01:00,[37],[165]
2026-03-21T02:29:07+01:00,[37],[132]
2026-03-21T02:19:07+01:00,[37],[372]
2026-03-21T02:09:07+01:00,[37],[39]
2026-03-20T16:49:07+01:00,[37],[26]
2026-03-20T16:39:07+01:00,[37],[38]
2026-03-20T16:29:07+01:00,[37],[35]
2026-03-20T16:19:07+01:00,[37],[33]
2026-03-20T16:09:07+01:00,[37],[36]
2026-03-20T15:59:07+01:00,[38],[32]
2026-03-20T15:49:07+01:00,[38],[24]
2026-03-20T15:39:07+01:00,[37],[16]
2026-03-20T15:29:07+01:00,[37],[21]
2026-03-20T15:19:07+01:00,[37],[22]
2026-03-20T15:09:07+01:00,[37],[21]
2026-03-20T14:59:07+01:00,[38],[15]
2026-03-20T14:49:07+01:00,[37],[26]
2026-03-20T14:39:07+01:00,[37],[24]
2026-03-20T14:29:07+01:00,[37],[40]
2026-03-20T14:19:07+01:00,[37],[105]
2026-03-20T14:09:07+01:00,[37],[20]
2026-03-20T13:59:07+01:00,[37],[12]
2026-03-20T13:49:07+01:00,[37],[10]
2026-03-20T13:39:07+01:00,[37],[290]
2026-03-20T13:29:07+01:00,[37],[14]
2026-03-20T13:19:07+01:00,[37],[21]
2026-03-20T12:59:06+01:00,[38],[43]
2026-03-20T12:49:07+01:00,[37],[11]
2026-03-20T12:39:07+01:00,[38],[10]
2026-03-20T12:29:07+01:00,[37],[21]
2026-03-20T11:29:07+01:00,[37],[8]
2026-03-19T15:39:07+01:00,[37],[38]
2026-03-19T15:29:07+01:00,[37],[29]
2026-03-19T15:19:07+01:00,[37],[29]
2026-03-19T14:49:07+01:00,[37],[75]
2026-03-19T14:39:07+01:00,[37],[26]
2026-03-19T14:29:07+01:00,[37],[56]
2026-03-19T14:19:07+01:00,[37],[84]
2026-03-19T13:59:07+01:00,[37],[27]
2026-03-19T13:49:07+01:00,[37],[55]
2026-03-19T13:29:07+01:00,[37],[16]
2026-03-19T13:19:07+01:00,[37],[44]
2026-03-19T13:09:07+01:00,[37],[43]
2026-03-19T11:19:07+01:00,[37],[32]
2026-03-19T10:39:07+01:00,[37],[26]
2026-03-19T10:19:07+01:00,[37],[20]
2026-03-19T10:09:07+01:00,[37],[33]
2026-03-19T09:59:07+01:00,[38],[57]
2026-03-19T09:39:07+01:00,[38],[35]
2026-03-19T09:29:07+01:00,[37],[47]
2026-03-19T09:19:07+01:00,[37],[60]
2026-03-19T09:09:07+01:00,[37],[15]
2026-03-19T08:49:07+01:00,[37],[37]
2026-03-19T08:39:07+01:00,[37],[54]
2026-03-19T07:59:07+01:00,[38],[27]
2026-03-19T07:49:07+01:00,[37],[51]
2026-03-19T07:39:07+01:00,[37],[40]
2026-03-19T07:29:07+01:00,[37],[39]
2026-03-19T07:19:07+01:00,[37],[34]
2026-03-19T07:09:07+01:00,[37],[34]
2026-03-19T06:49:07+01:00,[38],[44]
2026-03-19T06:39:07+01:00,[37],[28]
2026-03-19T06:29:07+01:00,[37],[292]
2026-03-19T06:19:07+01:00,[37],[25]
2026-03-19T06:09:07+01:00,[37],[30]
2026-03-19T05:39:07+01:00,[37],[46]
2026-03-19T04:59:07+01:00,[38],[41]
2026-03-19T04:49:07+01:00,[37],[38]
2026-03-19T04:39:07+01:00,[37],[39]
2026-03-19T03:59:10+01:00,[37],[81]
2026-03-19T03:49:10+01:00,[37],[45]
2026-03-19T03:29:11+01:00,[37],[42]
2026-03-19T03:19:10+01:00,[37],[17]
2026-03-19T03:09:11+01:00,[37],[36]
2026-03-19T02:59:10+01:00,[37],[54]
2026-03-19T02:49:10+01:00,[37],[49]
2026-03-19T02:39:10+01:00,[38],[36]
2026-03-19T02:29:10+01:00,[37],[31]
2026-03-19T02:19:10+01:00,[37],[52]
2026-03-19T02:09:10+01:00,[37],[38]
2026-03-19T01:59:11+01:00,[37],[90]
2026-03-19T01:49:10+01:00,[37],[18]
2026-03-19T01:29:10+01:00,[37],[33]
2026-03-19T00:59:10+01:00,[37],[63]
2026-03-18T16:21:09+01:00,[60],[0]
2026-03-18T15:29:08+01:00,"[60,60,60,60,60,60,60,60,60,60]","[33,36,20,25,18,74,22,11,0,0]"
2026-03-18T15:19:10+01:00,[37],[25]
2026-03-18T15:09:10+01:00,[37],[17]
2026-03-18T14:59:10+01:00,[37],[23]
2026-03-18T14:58:09+01:00,[37],[35]
2026-03-18T14:21:09+01:00,"[60,60,60,60,60,60,60,60,60,60,60,60,60,60,60,60,60,60,60,60,60,60,60,60,60,60,60,60,60,60,60,60,60,60,60,60]","[14,26,50,23,19,16,28,55,50,26,26,17,11,53,65,17,77,34,35,35,34,0,0,0,0,0,11,59,0,34,34,24,26,73,25,33]"
2026-03-18T14:19:10+01:00,[37],[64]
2026-03-18T14:09:10+01:00,[37],[10]
2026-03-18T13:59:10+01:00,[37],[22]
2026-03-18T13:49:10+01:00,[37],[32]
2026-03-18T13:39:10+01:00,[37],[14]
2026-03-18T13:29:10+01:00,[37],[54]
2026-03-18T13:27:09+01:00,[37],[30]
2026-03-18T13:08:09+01:00,"[60,60,60,60,60,60,60,60,60,60,60,60,60,60,60,60,60,60]","[22,18,26,19,19,27,188,208,21,21,17,27,31,27,38,28,15,23]"
2026-03-18T12:59:10+01:00,[38],[22]
2026-03-18T12:49:10+01:00,[38],[28]
2026-03-18T12:39:10+01:00,[37],[54]
2026-03-18T12:29:09+01:00,[38],[11]
2026-03-18T12:19:10+01:00,[37],[194]
2026-03-18T12:09:10+01:00,[37],[16]
2026-03-18T11:59:10+01:00,[37],[16]
2026-03-18T11:39:10+01:00,[38],[25]
2026-03-18T10:59:10+01:00,[37],[34]
2026-03-18T09:19:10+01:00,[37],[27]
2026-03-18T08:49:10+01:00,[37],[29]
2026-03-18T08:29:11+01:00,[37],[45]
2026-03-18T08:19:10+01:00,[37],[68]
2026-03-18T07:59:11+01:00,[37],[41]
2026-03-18T07:39:10+01:00,[37],[19]
2026-03-18T07:29:11+01:00,[37],[67]
2026-03-18T07:19:11+01:00,[37],[43]
2026-03-18T07:09:10+01:00,[37],[71]
2026-03-18T06:59:11+01:00,[37],[18]
2026-03-18T06:49:11+01:00,[37],[21]
2026-03-18T06:39:10+01:00,[37],[38]
2026-03-18T06:29:10+01:00,[37],[18]
2026-03-18T06:19:10+01:00,[37],[32]
2026-03-18T06:09:10+01:00,[37],[11]
2026-03-18T05:59:10+01:00,[37],[24]
2026-03-18T05:49:10+01:00,[37],[19]
2026-03-18T05:39:11+01:00,[37],[23]
2026-03-18T05:29:10+01:00,[37],[41]
2026-03-18T05:09:10+01:00,[37],[51]
2026-03-18T04:49:10+01:00,[37],[27]
2026-03-18T04:39:11+01:00,[37],[40]
2026-03-18T04:29:10+01:00,[37],[62]
2026-03-18T04:19:10+01:00,[37],[52]
2026-03-18T04:09:10+01:00,[37],[48]
2026-03-18T03:59:10+01:00,[37],[177]
2026-03-18T03:49:10+01:00,[37],[35]
2026-03-18T03:19:10+01:00,[37],[14]
2026-03-18T03:09:10+01:00,[37],[95]
2026-03-18T02:59:09+01:00,[38],[28]
2026-03-18T02:49:09+01:00,[38],[66]
2026-03-18T02:19:11+01:00,[37],[33]
2026-03-18T02:09:10+01:00,[38],[37]
2026-03-18T01:49:10+01:00,[37],[19]
2026-03-18T01:39:10+01:00,[37],[37]
2026-03-17T16:49:10+01:00,[37],[13]
2026-03-17T16:39:10+01:00,[37],[13]
2026-03-17T16:29:10+01:00,[37],[21]
2026-03-17T16:19:57+01:00,[37],[17]
2026-03-17T15:29:10+01:00,[38],[21]
2026-03-17T10:29:11+01:00,[37],[47]
2026-03-17T10:19:10+01:00,[37],[35]
2026-03-17T09:59:10+01:00,[37],[67]
2026-03-17T09:49:10+01:00,[37],[65]
2026-03-17T09:39:10+01:00,[37],[37]
2026-03-17T09:29:10+01:00,[37],[22]
2026-03-17T09:19:10+01:00,[37],[103]
2026-03-17T08:49:10+01:00,[37],[34]
2026-03-17T08:29:10+01:00,[37],[48]
2026-03-17T08:19:09+01:00,[38],[274]
2026-03-17T08:09:10+01:00,[37],[37]
2026-03-17T07:59:10+01:00,[37],[22]
2026-03-17T07:49:10+01:00,[37],[44]
2026-03-17T06:49:10+01:00,[37],[65]
2026-03-17T06:39:10+01:00,[37],[17]
2026-03-17T06:29:10+01:00,[37],[28]
2026-03-17T06:19:10+01:00,[37],[55]
2026-03-17T06:09:10+01:00,[37],[85]
2026-03-17T05:59:10+01:00,[37],[33]
2026-03-17T05:49:10+01:00,[37],[18]
2026-03-17T05:19:10+01:00,[37],[45]
2026-03-17T04:59:10+01:00,[38],[25]
2026-03-17T04:39:10+01:00,[37],[77]
2026-03-17T03:59:10+01:00,[37],[56]
2026-03-17T03:49:10+01:00,[37],[66]
2026-03-17T03:39:10+01:00,[37],[30]
2026-03-17T03:29:10+01:00,[38],[48]
2026-03-17T03:09:10+01:00,[37],[36]
2026-03-17T02:49:11+01:00,[37],[28]
2026-03-17T02:39:10+01:00,[37],[30]
2026-03-17T02:19:10+01:00,[37],[215]
2026-03-17T01:59:10+01:00,[37],[44]
2026-03-17T01:09:10+01:00,[37],[10]
2026-03-16T13:49:10+01:00,[37],[13]
2026-03-16T13:39:10+01:00,[37],[25]
2026-03-16T13:29:10+01:00,[37],[21]
2026-03-16T13:19:09+01:00,[38],[63]
2026-03-16T12:59:09+01:00,[38],[34]
2026-03-16T12:49:10+01:00,[38],[76]
2026-03-16T12:39:10+01:00,[37],[35]
2026-03-16T12:29:10+01:00,[37],[31]
2026-03-16T12:19:10+01:00,[37],[126]
2026-03-16T12:09:10+01:00,[37],[33]
2026-03-16T11:09:10+01:00,[38],[25]
2026-03-16T10:59:10+01:00,[37],[15]
2026-03-16T10:49:10+01:00,[37],[10]
2026-03-16T10:39:10+01:00,[37],[22]
2026-03-16T10:29:10+01:00,[37],[32]
2026-03-16T09:49:10+01:00,[37],[113]
2026-03-16T09:09:11+01:00,[37],[50]
2026-03-16T08:49:10+01:00,[37],[32]
2026-03-16T08:19:10+01:00,[37],[33]
2026-03-16T07:59:10+01:00,[37],[26]
2026-03-16T07:49:11+01:00,[37],[35]
2026-03-16T07:39:10+01:00,[37],[85]
2026-03-16T06:29:10+01:00,[37],[37]
2026-03-16T06:19:10+01:00,[37],[30]
2026-03-16T05:49:10+01:00,[37],[38]
2026-03-16T05:39:10+01:00,[37],[25]
2026-03-16T05:29:10+01:00,[37],[27]
2026-03-16T05:19:10+01:00,[37],[58]
2026-03-16T05:09:10+01:00,[37],[82]
2026-03-16T04:49:10+01:00,[37],[54]
2026-03-16T03:49:13+01:00,[37],[42]
2026-03-16T03:39:13+01:00,[38],[34]
2026-03-16T03:29:13+01:00,[38],[23]
2026-03-16T03:19:13+01:00,[37],[66]
2026-03-16T02:49:13+01:00,[37],[122]
2026-03-16T02:29:13+01:00,[37],[47]
2026-03-16T02:19:13+01:00,[37],[115]
2026-03-16T01:09:13+01:00,[37],[31]
2026-03-16T00:59:13+01:00,[38],[362]
2026-03-16T00:49:13+01:00,[37],[74]
2026-03-16T00:29:14+01:00,[37],[20]
2026-03-16T00:19:13+01:00,[37],[151]
2026-03-15T15:09:13+01:00,[38],[12]
2026-03-15T14:59:13+01:00,[37],[14]
2026-03-15T14:49:13+01:00,[37],[11]
2026-03-15T14:39:13+01:00,[37],[28]
2026-03-15T14:29:13+01:00,[38],[14]
2026-03-15T14:19:13+01:00,[37],[19]
2026-03-15T14:09:13+01:00,[37],[41]
2026-03-15T13:59:13+01:00,[37],[18]
2026-03-15T13:49:13+01:00,[37],[17]
2026-03-15T13:39:13+01:00,[37],[13]
2026-03-15T13:29:13+01:00,[38],[29]
2026-03-15T13:19:13+01:00,[37],[5]
2026-03-15T13:09:13+01:00,[37],[9]
2026-03-15T12:59:13+01:00,[37],[19]
2026-03-15T12:49:13+01:00,[37],[16]
2026-03-15T12:39:14+01:00,[37],[29]
2026-03-15T12:29:13+01:00,[37],[28]
2026-03-15T12:19:13+01:00,[37],[48]
2026-03-15T12:09:13+01:00,[37],[252]
2026-03-15T11:19:13+01:00,[37],[23]
2026-03-15T10:09:13+01:00,[37],[40]
2026-03-15T09:59:13+01:00,[37],[54]
2026-03-15T09:19:13+01:00,[37],[46]
2026-03-15T08:49:13+01:00,[37],[18]
2026-03-15T07:59:13+01:00,[38],[46]
2026-03-15T07:49:13+01:00,[37],[45]
2026-03-15T07:39:13+01:00,[37],[29]
2026-03-15T07:29:13+01:00,[37],[18]
2026-03-15T07:19:13+01:00,[37],[44]
2026-03-15T06:59:13+01:00,[37],[34]
2026-03-15T06:49:13+01:00,[37],[87]
2026-03-15T06:39:13+01:00,[37],[49]
2026-03-15T06:29:13+01:00,[37],[30]
2026-03-15T06:19:13+01:00,[38],[71]
2026-03-15T05:49:13+01:00,[37],[25]
2026-03-15T05:39:13+01:00,[38],[18]
2026-03-15T05:29:13+01:00,[37],[37]
2026-03-15T05:20:35+01:00,[37],[80]
2026-03-15T04:59:13+01:00,[37],[29]
2026-03-15T04:49:13+01:00,[37],[23]
2026-03-15T04:09:13+01:00,[37],[13]
2026-03-15T03:39:13+01:00,[37],[22]
2026-03-15T03:09:13+01:00,[37],[92]
2026-03-15T02:59:13+01:00,[37],[24]
2026-03-15T02:49:13+01:00,[38],[220]
2026-03-15T02:39:13+01:00,[38],[27]
2026-03-14T14:59:12+01:00,[38],[24]
2026-03-14T14:49:12+01:00,[38],[20]
2026-03-14T14:39:13+01:00,[37],[38]
2026-03-14T14:29:13+01:00,[37],[23]
2026-03-14T14:19:13+01:00,[37],[31]
2026-03-14T14:09:13+01:00,[37],[28]
2026-03-14T13:59:13+01:00,[38],[39]
2026-03-14T13:49:13+01:00,[37],[20]
2026-03-14T13:39:13+01:00,[37],[26]
2026-03-14T13:19:13+01:00,[37],[29]
2026-03-14T12:49:13+01:00,[37],[45]
2026-03-14T12:39:13+01:00,[37],[23]
2026-03-14T12:29:14+01:00,[37],[18]
2026-03-14T12:19:13+01:00,[37],[33]
2026-03-14T11:59:13+01:00,[37],[19]
2026-03-14T10:19:13+01:00,[37],[43]
2026-03-14T09:59:13+01:00,[38],[23]
2026-03-14T09:09:13+01:00,[37],[36]
2026-03-14T08:59:13+01:00,[38],[18]
2026-03-14T08:49:13+01:00,[37],[51]
2026-03-14T08:29:13+01:00,[37],[48]
2026-03-14T07:59:13+01:00,[38],[22]
2026-03-14T07:49:13+01:00,[38],[25]
2026-03-14T07:39:13+01:00,[37],[21]
2026-03-14T07:09:13+01:00,[38],[55]
2026-03-14T06:39:13+01:00,[38],[100]
2026-03-14T05:39:13+01:00,[37],[32]
2026-03-14T04:49:13+01:00,[37],[28]
2026-03-14T04:39:13+01:00,[37],[22]
2026-03-14T04:29:13+01:00,[37],[30]
2026-03-14T02:59:13+01:00,[37],[93]
2026-03-14T02:39:13+01:00,[38],[39]
2026-03-14T02:19:13+01:00,[37],[56]
2026-03-14T01:59:13+01:00,[37],[53]
2026-03-14T01:39:13+01:00,[37],[51]
2026-03-14T01:19:13+01:00,[38],[22]
2026-03-14T01:09:14+01:00,[37],[38]
2026-03-14T00:59:13+01:00,[37],[11]
2026-03-14T00:49:14+01:00,[37],[39]
2026-03-14T00:39:14+01:00,[37],[34]
2026-03-14T00:29:13+01:00,[37],[22]
2026-03-13T15:39:13+01:00,[37],[27]
2026-03-13T15:29:13+01:00,[37],[125]
2026-03-13T15:19:13+01:00,[37],[30]
2026-03-13T15:09:13+01:00,[37],[22]
2026-03-13T14:59:13+01:00,[38],[34]
2026-03-13T14:49:14+01:00,[37],[21]
2026-03-13T14:39:13+01:00,[37],[17]
2026-03-13T14:29:13+01:00,[37],[27]
2026-03-13T14:19:13+01:00,[37],[16]
2026-03-13T14:09:13+01:00,[37],[17]
2026-03-13T13:59:13+01:00,[38],[61]
2026-03-13T13:49:13+01:00,[37],[30]
2026-03-13T13:39:13+01:00,[37],[15]
2026-03-13T13:29:13+01:00,[37],[21]
2026-03-13T13:19:13+01:00,[37],[12]
2026-03-13T13:09:13+01:00,[37],[23]
2026-03-13T12:59:13+01:00,[37],[26]
2026-03-13T12:29:13+01:00,[37],[36]
2026-03-13T12:09:13+01:00,[37],[25]
2026-03-13T11:59:13+01:00,[37],[216]
2026-03-13T11:49:13+01:00,[37],[26]
2026-03-13T11:19:13+01:00,[37],[26]
2026-03-13T10:39:13+01:00,[37],[18]
2026-03-13T10:29:12+01:00,[37],[41]
2026-03-13T08:19:13+01:00,[37],[46]
2026-03-13T08:09:13+01:00,[37],[82]
2026-03-13T07:59:13+01:00,[37],[58]
2026-03-13T07:49:13+01:00,[37],[25]
2026-03-13T07:39:13+01:00,[38],[26]
2026-03-13T07:29:13+01:00,[38],[38]
2026-03-13T07:19:13+01:00,[37],[16]
2026-03-13T07:09:13+01:00,[37],[44]
2026-03-13T06:59:13+01:00,[38],[43]
2026-03-13T06:39:13+01:00,[37],[71]
2026-03-13T06:29:13+01:00,[37],[82]
2026-03-13T06:19:13+01:00,[37],[34]
2026-03-13T06:09:14+01:00,[37],[53]
2026-03-13T05:59:13+01:00,[38],[36]
2026-03-13T05:39:13+01:00,[38],[30]
2026-03-13T05:29:13+01:00,[37],[94]
2026-03-13T05:09:13+01:00,[38],[157]
2026-03-13T04:49:13+01:00,[37],[49]
2026-03-13T04:09:14+01:00,[37],[60]
2026-03-13T03:49:13+01:00,[38],[97]
2026-03-13T03:39:13+01:00,[37],[66]
2026-03-13T03:19:13+01:00,[37],[35]
2026-03-13T02:59:13+01:00,[37],[30]
2026-03-13T02:38:18+01:00,[37],[62]
2026-03-13T02:34:28+01:00,[38],[37]
2026-03-13T02:24:28+01:00,[37],[47]
2026-03-13T02:14:28+01:00,[37],[41]
2026-03-13T02:04:28+01:00,[37],[25]
2026-03-13T01:54:28+01:00,[37],[9]
2026-03-13T01:24:28+01:00,[37],[24]
2026-03-12T15:54:28+01:00,[38],[24]
2026-03-12T15:44:27+01:00,[38],[24]
2026-03-12T15:34:38+01:00,[37],[39]
2026-03-12T15:24:29+01:00,[37],[46]
2026-03-12T15:14:28+01:00,[37],[28]
2026-03-12T15:04:27+01:00,[38],[25]
2026-03-12T14:04:28+01:00,[37],[176]
2026-03-12T13:24:28+01:00,[37],[30]
2026-03-12T13:14:28+01:00,[37],[22]
2026-03-12T12:04:28+01:00,[37],[28]
2026-03-12T10:34:31+01:00,[37],[67]
2026-03-12T10:24:31+01:00,[37],[59]
2026-03-12T10:14:31+01:00,[37],[23]
2026-03-12T10:04:31+01:00,[37],[47]
2026-03-12T09:34:31+01:00,[37],[48]
2026-03-12T09:24:31+01:00,[37],[37]
2026-03-12T09:14:31+01:00,[37],[32]
2026-03-12T08:54:31+01:00,[37],[56]
2026-03-12T07:44:31+01:00,[37],[42]
2026-03-12T07:34:31+01:00,[37],[56]
2026-03-12T07:24:31+01:00,[37],[40]
2026-03-12T07:04:31+01:00,[38],[91]
2026-03-12T06:54:31+01:00,[37],[14]
2026-03-12T06:44:31+01:00,[37],[24]
2026-03-12T06:34:32+01:00,[37],[23]
2026-03-12T06:14:31+01:00,[37],[15]
2026-03-12T05:34:31+01:00,[37],[53]
2026-03-12T05:24:31+01:00,[38],[157]
2026-03-12T04:44:31+01:00,[37],[68]
2026-03-12T04:34:31+01:00,[37],[41]
2026-03-12T04:24:31+01:00,[38],[116]
2026-03-12T04:14:32+01:00,[37],[21]
2026-03-12T04:04:31+01:00,[37],[33]
2026-03-12T03:44:31+01:00,[37],[56]
2026-03-12T03:34:32+01:00,[37],[84]
2026-03-12T03:24:31+01:00,[38],[44]
2026-03-12T03:14:31+01:00,[38],[28]
2026-03-12T02:54:32+01:00,[37],[21]
2026-03-12T02:44:31+01:00,[37],[78]
2026-03-12T02:34:31+01:00,[37],[36]
2026-03-12T02:24:31+01:00,[37],[32]
2026-03-12T02:14:31+01:00,[37],[49]
2026-03-12T01:54:31+01:00,[37],[29]
2026-03-12T01:34:31+01:00,[38],[21]
2026-03-11T15:14:31+01:00,[37],[27]
2026-03-11T14:04:31+01:00,[37],[28]
2026-03-11T13:04:31+01:00,[37],[43]
2026-03-11T12:44:31+01:00,[37],[26]
2026-03-11T12:34:30+01:00,[38],[37]
2026-03-11T12:24:31+01:00,[37],[29]
2026-03-11T12:14:30+01:00,[37],[53]
2026-03-11T11:44:31+01:00,[37],[43]
2026-03-11T11:34:31+01:00,[37],[18]
2026-03-11T11:24:31+01:00,[37],[33]
2026-03-11T11:14:31+01:00,[37],[25]
2026-03-11T11:04:31+01:00,[37],[36]
2026-03-11T10:54:31+01:00,[37],[29]
2026-03-11T10:04:31+01:00,[37],[24]
2026-03-11T09:14:31+01:00,[37],[26]
2026-03-11T08:44:31+01:00,[37],[40]
2026-03-11T08:34:32+01:00,[37],[30]
2026-03-11T08:24:31+01:00,[37],[50]
2026-03-11T07:54:31+01:00,[37],[33]
2026-03-11T07:34:31+01:00,[38],[41]
2026-03-11T07:24:31+01:00,[37],[29]
2026-03-11T06:54:31+01:00,[37],[16]
2026-03-11T06:44:31+01:00,[38],[40]
2026-03-11T06:34:31+01:00,[37],[36]
2026-03-11T06:24:31+01:00,[37],[20]
2026-03-11T06:14:31+01:00,[37],[48]
2026-03-11T05:54:31+01:00,[37],[48]
2026-03-11T05:34:31+01:00,[37],[65]
2026-03-11T05:24:31+01:00,[38],[88]
2026-03-11T05:14:32+01:00,[37],[32]
2026-03-11T05:04:31+01:00,[38],[63]
2026-03-11T04:54:31+01:00,[37],[35]
2026-03-11T04:34:31+01:00,[38],[61]
2026-03-11T04:24:30+01:00,[38],[24]
2026-03-11T04:04:31+01:00,[37],[15]
2026-03-11T03:54:32+01:00,[37],[33]
2026-03-11T03:44:31+01:00,[37],[38]
2026-03-11T03:14:30+01:00,[38],[70]
2026-03-11T02:54:31+01:00,[38],[34]
2026-03-11T02:44:31+01:00,[37],[60]
2026-03-11T02:34:31+01:00,[37],[26]
2026-03-11T02:24:31+01:00,[37],[32]
2026-03-11T02:04:31+01:00,[38],[359]
2026-03-11T01:54:31+01:00,[37],[37]
2026-03-11T01:44:31+01:00,[38],[26]
2026-03-11T01:34:31+01:00,[38],[62]
2026-03-11T01:14:31+01:00,[37],[27]
2026-03-11T01:04:31+01:00,[37],[12]
2026-03-11T00:54:31+01:00,[37],[26]
2026-03-11T00:24:31+01:00,[37],[38]
2026-03-10T18:44:09+01:00,"[60,60,60,60,60,60,60,60,60,60,60,60,60,60,60,60,60,60,60,60,60,60,60,60,60,60,60,60,60,60,60,60,60,60,60,60,60,60,60,60,60,60,60,60,60,60,60,60,60]","[0,0,0,0,0,0,0,0,0,0,0,0,0,0,0,0,0,0,0,0,0,0,0,0,0,0,0,0,0,0,0,0,0,0,0,0,0,0,0,0,0,0,0,0,0,0,0,0,0]"
2026-03-10T18:34:09+01:00,"[60,60,60,60,60,60,60,60,60,60]","[0,0,0,0,0,0,0,0,0,0]"
2026-03-10T18:14:09+01:00,"[60,60,60,60,60,60,60,60,60,60,60,60,60,60,60,60,60,60,60,60]","[0,0,0,0,0,0,0,0,0,0,0,0,0,0,0,0,0,0,0,0]"
2026-03-10T18:04:09+01:00,"[60,60,60,60,60,60,60,60,60,60]","[0,0,0,0,0,0,0,0,0,0]"
2026-03-10T17:34:09+01:00,"[60,60,60,60,60,60,60,60,60,60,60,60,60,60,60,60,60,60,60,60,60,60,60,60,60,60,60,60,60,60]","[0,0,0,0,0,0,0,0,0,0,0,0,0,0,0,0,0,0,0,0,0,0,0,0,0,0,0,0,0,0]"
2026-03-10T16:48:09+01:00,"[60,60,60,60,60,60,60,60,60,60,60,60,60,60,60,60,60,60,60,60,60,60,60,60,60,60,60,60,60,60,60,60,60,60,60,60,60,60,60,60,60,60,60,60,60,60]","[0,0,0,0,0,0,0,0,0,0,0,0,0,0,0,0,0,0,0,0,0,0,0,0,0,0,0,0,0,0,0,0,0,0,0,0,0,0,0,0,0,0,0,0,0,0]"
2026-03-10T16:34:34+01:00,[37],[38]
2026-03-10T16:24:34+01:00,[37],[37]
2026-03-10T16:14:34+01:00,[37],[22]
2026-03-10T16:04:34+01:00,[37],[17]
2026-03-10T10:34:33+01:00,[38],[37]
2026-03-10T09:54:35+01:00,[38],[38]
2026-03-10T09:34:35+01:00,[37],[39]
2026-03-10T09:14:34+01:00,[37],[53]
2026-03-10T08:44:34+01:00,[38],[83]
2026-03-10T08:24:33+01:00,[38],[31]
2026-03-10T07:54:34+01:00,[37],[29]
2026-03-10T07:44:35+01:00,[37],[42]
2026-03-10T07:04:34+01:00,[38],[45]
2026-03-10T06:24:34+01:00,[37],[34]
2026-03-10T06:04:34+01:00,[38],[22]
2026-03-10T05:54:34+01:00,[37],[39]
2026-03-10T05:34:34+01:00,[37],[33]
2026-03-10T04:54:34+01:00,[37],[110]
2026-03-10T04:14:34+01:00,[37],[23]
2026-03-10T04:04:35+01:00,[37],[68]
2026-03-10T03:34:34+01:00,[37],[69]
2026-03-10T03:24:34+01:00,[37],[41]
2026-03-10T02:44:34+01:00,[37],[46]
2026-03-10T02:24:34+01:00,[38],[31]
2026-03-10T01:34:34+01:00,[37],[16]
2026-03-10T01:24:34+01:00,[37],[182]
2026-03-10T00:54:34+01:00,[37],[21]
2026-03-10T00:44:34+01:00,[37],[51]
2026-03-09T15:54:34+01:00,[37],[31]
2026-03-09T15:44:33+01:00,[38],[49]
2026-03-09T15:34:34+01:00,[37],[11]
2026-03-09T14:54:34+01:00,[37],[15]
2026-03-09T14:34:34+01:00,[37],[93]
2026-03-09T14:24:35+01:00,[37],[63]
2026-03-09T14:14:34+01:00,[37],[74]
2026-03-09T12:44:34+01:00,[37],[32]
2026-03-09T12:34:34+01:00,[37],[50]
2026-03-09T12:14:33+01:00,[38],[9]
2026-03-09T11:54:35+01:00,[37],[46]
2026-03-09T11:44:33+01:00,[38],[85]
2026-03-09T10:24:35+01:00,[37],[406]
2026-03-09T10:04:34+01:00,[38],[60]
2026-03-09T09:44:34+01:00,[37],[53]
2026-03-09T09:34:35+01:00,[37],[51]
2026-03-09T09:24:34+01:00,[37],[43]
2026-03-09T09:14:34+01:00,[38],[43]
2026-03-09T09:04:34+01:00,[37],[55]
2026-03-09T08:54:34+01:00,[37],[31]
2026-03-09T08:44:34+01:00,[37],[52]
2026-03-09T08:14:34+01:00,[38],[51]
2026-03-09T08:04:34+01:00,[37],[23]
2026-03-09T07:54:34+01:00,[37],[87]
2026-03-09T07:44:34+01:00,[38],[23]
2026-03-09T06:54:34+01:00,[37],[18]
2026-03-09T06:44:34+01:00,[38],[60]
2026-03-09T06:34:34+01:00,[38],[54]
2026-03-09T05:54:34+01:00,[37],[94]
2026-03-09T05:44:34+01:00,[38],[47]
2026-03-09T05:34:34+01:00,[37],[48]
2026-03-09T05:04:34+01:00,[38],[106]
2026-03-09T04:54:34+01:00,[37],[41]
2026-03-09T04:24:34+01:00,[37],[63]
2026-03-09T03:34:34+01:00,[38],[65]
2026-03-09T03:24:34+01:00,[37],[62]
2026-03-09T03:14:34+01:00,[37],[52]
2026-03-09T02:44:34+01:00,[37],[242]
2026-03-09T02:24:35+01:00,[37],[96]
2026-03-09T02:14:34+01:00,[37],[25]
2026-03-09T02:04:34+01:00,[38],[5]
2026-03-09T01:54:34+01:00,[37],[32]
2026-03-09T01:24:34+01:00,[37],[27]
2026-03-09T01:04:34+01:00,[37],[19]
2026-03-08T12:54:34+01:00,[37],[7]
2026-03-08T11:44:33+01:00,[38],[178]
2026-03-08T10:24:34+01:00,[37],[47]
2026-03-08T09:14:34+01:00,[37],[21]
2026-03-08T09:04:34+01:00,[37],[23]
2026-03-08T08:54:35+01:00,[37],[58]
2026-03-08T08:44:34+01:00,[38],[33]
2026-03-08T08:34:34+01:00,[37],[22]
2026-03-08T08:24:34+01:00,[38],[63]
2026-03-08T08:14:34+01:00,[37],[10]
2026-03-08T08:04:34+01:00,[38],[28]
2026-03-08T07:54:34+01:00,[37],[39]
2026-03-08T07:34:34+01:00,[37],[17]
2026-03-08T07:24:34+01:00,[37],[21]
2026-03-08T07:14:34+01:00,[37],[45]
2026-03-08T06:34:34+01:00,[37],[15]
2026-03-08T06:24:34+01:00,[37],[42]
2026-03-07T14:54:37+01:00,[37],[23]
2026-03-07T14:44:37+01:00,[37],[32]
2026-03-07T14:34:37+01:00,[37],[18]
2026-03-07T14:24:37+01:00,[37],[34]
2026-03-07T14:14:37+01:00,[37],[42]
2026-03-07T14:04:37+01:00,[37],[13]
2026-03-07T13:14:37+01:00,[37],[22]
2026-03-07T11:24:37+01:00,[37],[56]
2026-03-07T10:54:37+01:00,[37],[50]
2026-03-07T09:04:37+01:00,[37],[141]
2026-03-07T08:44:37+01:00,[37],[49]
2026-03-07T04:24:37+01:00,[38],[40]
2026-03-07T03:34:37+01:00,[37],[23]
2026-03-07T02:24:37+01:00,[37],[15]
2026-03-06T16:04:37+01:00,[37],[19]
2026-03-06T15:54:37+01:00,[38],[12]
2026-03-06T15:44:37+01:00,[37],[53]
2026-03-06T15:34:37+01:00,[37],[14]
2026-03-06T15:24:37+01:00,[37],[25]
2026-03-06T15:14:37+01:00,[37],[51]
2026-03-06T14:54:37+01:00,[37],[12]
2026-03-06T14:44:37+01:00,[37],[27]
2026-03-06T14:34:37+01:00,[37],[27]
2026-03-06T14:24:37+01:00,[38],[18]
2026-03-06T14:14:37+01:00,[37],[30]
2026-03-06T14:04:37+01:00,[37],[15]
2026-03-06T13:54:37+01:00,[38],[49]
2026-03-06T13:44:37+01:00,[37],[22]
2026-03-06T13:34:37+01:00,[38],[47]
2026-03-06T13:24:37+01:00,[37],[34]
2026-03-06T13:14:36+01:00,[38],[39]
2026-03-06T13:04:37+01:00,[37],[30]
2026-03-06T12:54:37+01:00,[37],[23]
2026-03-06T12:44:37+01:00,[37],[210]
2026-03-06T12:24:37+01:00,[36],[40]
2026-03-06T12:14:37+01:00,[37],[11]
2026-03-06T12:04:37+01:00,[37],[192]
2026-03-06T11:34:48+01:00,[37],[31]
2026-03-06T11:14:37+01:00,[37],[62]
2026-03-06T11:04:37+01:00,[37],[29]
2026-03-06T10:34:37+01:00,[37],[13]
2026-03-06T10:24:37+01:00,[37],[15]
2026-03-06T10:14:37+01:00,[37],[50]
2026-03-06T07:54:37+01:00,[37],[40]
2026-03-06T07:44:37+01:00,[37],[53]
2026-03-06T07:34:37+01:00,[37],[17]
2026-03-06T07:24:37+01:00,[37],[32]
2026-03-06T07:14:37+01:00,[37],[30]
2026-03-06T07:04:37+01:00,[38],[55]
2026-03-06T06:54:37+01:00,[37],[36]
2026-03-06T06:44:37+01:00,[37],[27]
2026-03-06T06:34:37+01:00,[37],[29]
2026-03-06T06:24:37+01:00,[38],[47]
2026-03-06T06:14:37+01:00,[37],[46]
2026-03-06T06:04:37+01:00,[37],[20]
2026-03-06T05:44:36+01:00,[38],[14]
2026-03-06T05:24:37+01:00,[37],[48]
2026-03-06T05:04:37+01:00,[37],[67]
2026-03-06T04:54:37+01:00,[37],[57]
2026-03-06T04:44:37+01:00,[38],[22]
2026-03-06T04:24:37+01:00,[37],[25]
2026-03-06T04:04:37+01:00,[37],[23]
2026-03-06T03:44:37+01:00,[38],[22]
2026-03-06T03:34:37+01:00,[37],[41]
2026-03-06T03:14:37+01:00,[37],[27]
2026-03-06T03:04:37+01:00,[37],[111]
2026-03-06T02:44:37+01:00,[37],[28]
2026-03-06T02:34:37+01:00,[37],[51]
2026-03-06T02:04:36+01:00,[38],[80]
2026-03-05T15:14:37+01:00,[37],[28]
2026-03-05T15:04:37+01:00,[38],[52]
2026-03-05T14:54:37+01:00,[37],[27]
2026-03-05T14:44:37+01:00,[37],[29]
2026-03-05T14:04:37+01:00,[37],[50]
2026-03-05T12:44:37+01:00,[37],[71]
2026-03-05T11:14:37+01:00,[37],[53]
2026-03-05T10:34:37+01:00,[37],[73]
2026-03-05T10:24:37+01:00,[37],[23]
2026-03-05T10:14:37+01:00,[37],[30]
2026-03-05T10:04:37+01:00,[37],[38]
2026-03-05T09:44:37+01:00,[37],[68]
2026-03-05T09:34:37+01:00,[37],[467]
2026-03-05T09:14:37+01:00,[37],[113]
2026-03-05T09:04:37+01:00,[37],[21]
2026-03-05T08:44:37+01:00,[37],[58]
2026-03-05T08:24:37+01:00,[37],[33]
2026-03-05T08:14:37+01:00,[37],[33]
2026-03-05T08:04:37+01:00,[37],[22]
2026-03-05T07:54:37+01:00,[37],[51]
2026-03-05T07:44:36+01:00,[38],[32]
2026-03-05T07:24:37+01:00,[37],[109]
2026-03-05T07:14:37+01:00,[38],[75]
2026-03-05T06:44:37+01:00,[37],[38]
2026-03-05T06:14:37+01:00,[38],[16]
2026-03-05T06:04:37+01:00,[37],[22]
2026-03-05T05:54:37+01:00,[37],[21]
2026-03-05T04:44:37+01:00,[37],[33]
2026-03-05T04:14:37+01:00,[37],[77]
2026-03-05T04:04:37+01:00,[37],[39]
2026-03-05T03:24:37+01:00,[37],[47]
2026-03-05T03:04:37+01:00,[37],[57]
2026-03-05T02:54:37+01:00,[37],[35]
2026-03-05T02:34:37+01:00,[37],[102]
2026-03-05T02:24:37+01:00,[38],[25]
2026-03-05T02:14:37+01:00,[37],[39]
2026-03-05T02:04:37+01:00,[37],[51]
2026-03-05T01:54:36+01:00,[38],[35]
2026-03-05T01:34:37+01:00,[37],[36]
2026-03-05T01:14:37+01:00,[37],[38]
2026-03-05T01:04:37+01:00,[38],[41]
2026-03-05T00:54:37+01:00,[37],[44]
2026-03-04T14:44:40+01:00,[37],[48]
2026-03-04T14:34:41+01:00,[37],[19]
2026-03-04T14:24:40+01:00,[37],[33]
2026-03-04T14:14:40+01:00,[37],[15]
2026-03-04T14:04:40+01:00,[37],[31]
2026-03-04T13:54:40+01:00,[37],[23]
2026-03-04T13:44:40+01:00,[37],[36]
2026-03-04T13:34:40+01:00,[37],[37]
2026-03-04T13:14:40+01:00,[37],[114]
2026-03-04T13:04:41+01:00,[37],[77]
2026-03-04T12:54:40+01:00,[37],[66]
2026-03-04T12:44:40+01:00,[37],[46]
2026-03-04T12:14:40+01:00,[38],[46]
2026-03-04T11:54:40+01:00,[37],[198]
2026-03-04T11:14:40+01:00,[37],[40]
2026-03-04T11:04:39+01:00,[38],[25]
2026-03-04T10:34:40+01:00,[37],[149]
2026-03-04T10:24:40+01:00,[37],[23]
2026-03-04T10:14:41+01:00,[37],[36]
2026-03-04T10:04:40+01:00,[37],[38]
2026-03-04T09:54:40+01:00,[37],[87]
2026-03-04T09:44:41+01:00,[37],[28]
2026-03-04T09:14:40+01:00,[38],[18]
2026-03-04T09:04:40+01:00,[37],[40]
2026-03-04T08:54:40+01:00,[37],[23]
2026-03-04T08:44:40+01:00,[38],[106]
2026-03-04T08:34:40+01:00,[37],[41]
2026-03-04T07:54:39+01:00,[38],[40]
2026-03-04T07:38:40+01:00,[37],[48]
2026-03-04T07:34:40+01:00,[37],[147]
2026-03-04T07:24:40+01:00,[38],[82]
2026-03-04T07:14:40+01:00,[37],[53]
2026-03-04T06:54:40+01:00,[37],[43]
2026-03-04T06:44:40+01:00,[37],[36]
2026-03-04T06:34:40+01:00,[37],[44]
2026-03-04T06:24:40+01:00,[37],[38]
2026-03-04T06:14:40+01:00,[37],[31]
2026-03-04T06:04:40+01:00,[37],[31]
2026-03-04T05:54:40+01:00,[37],[23]
2026-03-04T05:44:40+01:00,[37],[43]
2026-03-04T05:34:40+01:00,[37],[33]
2026-03-04T05:04:40+01:00,[38],[35]
2026-03-04T04:54:41+01:00,[37],[28]
2026-03-04T04:14:40+01:00,[37],[20]
2026-03-04T04:04:40+01:00,[37],[42]
2026-03-04T03:54:40+01:00,[37],[15]
2026-03-04T03:44:40+01:00,[37],[52]
2026-03-04T03:34:40+01:00,[37],[27]
2026-03-04T03:24:40+01:00,[38],[26]
2026-03-04T03:14:39+01:00,[38],[52]
2026-03-04T03:04:40+01:00,[38],[267]
2026-03-04T02:54:41+01:00,[37],[70]
2026-03-04T02:34:40+01:00,[37],[24]
2026-03-04T02:24:40+01:00,[38],[68]
2026-03-04T02:14:40+01:00,[37],[22]
2026-03-04T02:04:41+01:00,[37],[30]
2026-03-04T01:54:40+01:00,[37],[27]
2026-03-04T01:44:40+01:00,[38],[43]
2026-03-03T15:14:39+01:00,[38],[25]
2026-03-03T14:04:41+01:00,[37],[27]
2026-03-03T12:34:40+01:00,[37],[191]
2026-03-03T12:24:40+01:00,[37],[10]
2026-03-03T10:34:40+01:00,[37],[46]
2026-03-03T09:24:40+01:00,[38],[40]
2026-03-03T08:44:40+01:00,[38],[31]
2026-03-03T08:34:40+01:00,[37],[23]
2026-03-03T08:04:41+01:00,[37],[61]
2026-03-03T07:54:40+01:00,[37],[66]
2026-03-03T07:44:40+01:00,[37],[58]
2026-03-03T07:34:40+01:00,[38],[52]
2026-03-03T07:24:40+01:00,[37],[39]
2026-03-03T06:34:40+01:00,[37],[31]
2026-03-03T06:24:41+01:00,[38],[88]
2026-03-03T06:14:40+01:00,[37],[40]
2026-03-03T05:54:40+01:00,[37],[40]
2026-03-03T05:24:40+01:00,[37],[54]
2026-03-03T05:14:40+01:00,[37],[35]
2026-03-03T04:54:40+01:00,[38],[55]
2026-03-03T04:34:41+01:00,[37],[164]
2026-03-03T03:54:40+01:00,[37],[34]
2026-03-03T03:24:40+01:00,[37],[69]
2026-03-03T03:14:40+01:00,[37],[51]
2026-03-03T03:04:40+01:00,[37],[42]
2026-03-03T02:44:40+01:00,[37],[59]
2026-03-03T02:24:41+01:00,[37],[41]
2026-03-03T02:14:40+01:00,[37],[47]
2026-03-03T02:04:40+01:00,[37],[44]
2026-03-03T01:54:40+01:00,[38],[24]
2026-03-03T01:34:40+01:00,[37],[28]
2026-03-03T01:04:40+01:00,[37],[11]
2026-03-03T00:54:40+01:00,[37],[38]
2026-03-03T00:44:40+01:00,[37],[312]
2026-03-02T15:04:40+01:00,[37],[45]
2026-03-02T14:34:40+01:00,[37],[67]
2026-03-02T14:14:40+01:00,[38],[46]
2026-03-02T14:04:40+01:00,[38],[23]
2026-03-02T13:54:41+01:00,[37],[67]
2026-03-02T13:34:40+01:00,[37],[37]
2026-03-02T13:24:40+01:00,[38],[22]
2026-03-02T13:14:40+01:00,[37],[25]
2026-03-02T12:14:40+01:00,[37],[39]
2026-03-02T11:34:40+01:00,[37],[91]
2026-03-02T10:34:40+01:00,[37],[53]
2026-03-02T10:14:45+01:00,[38],[80]
2026-03-02T09:54:39+01:00,[38],[70]
2026-03-02T09:44:40+01:00,[37],[31]
2026-03-02T09:34:40+01:00,[37],[61]
2026-03-02T09:24:40+01:00,[37],[23]
2026-03-02T09:14:39+01:00,[38],[30]
2026-03-02T08:54:40+01:00,[37],[25]
2026-03-02T08:34:40+01:00,[37],[46]
2026-03-02T08:24:40+01:00,[38],[55]
2026-03-02T08:14:40+01:00,[37],[35]
2026-03-02T07:54:40+01:00,[37],[39]
2026-03-02T07:44:40+01:00,[37],[37]
2026-03-02T07:34:40+01:00,[37],[28]
2026-03-02T07:24:40+01:00,[37],[37]
2026-03-02T07:14:40+01:00,[37],[32]
2026-03-02T07:04:40+01:00,[38],[158]
2026-03-02T06:54:40+01:00,[37],[20]
2026-03-02T06:44:40+01:00,[37],[53]
2026-03-02T06:34:41+01:00,[37],[76]
2026-03-02T06:04:40+01:00,[38],[66]
2026-03-02T05:54:40+01:00,[38],[59]
2026-03-02T05:44:40+01:00,[37],[46]
2026-03-02T05:34:40+01:00,[37],[47]
2026-03-02T05:24:40+01:00,[37],[84]
2026-03-02T05:14:40+01:00,[37],[33]
2026-03-02T05:04:41+01:00,[37],[19]
2026-03-02T04:54:40+01:00,[37],[44]
2026-03-02T04:34:40+01:00,[37],[56]
2026-03-02T04:24:40+01:00,[37],[41]
2026-03-02T04:14:40+01:00,[37],[29]
2026-03-02T04:04:40+01:00,[38],[43]
2026-03-02T03:34:40+01:00,[37],[44]
2026-03-02T03:24:40+01:00,[37],[38]
2026-03-02T03:14:40+01:00,[38],[113]
2026-03-02T02:54:40+01:00,[37],[99]
2026-03-02T02:04:40+01:00,[38],[82]
2026-03-02T01:54:41+01:00,[37],[35]
2026-03-02T01:34:40+01:00,[37],[26]
2026-03-02T01:24:40+01:00,[37],[46]
2026-03-02T01:14:40+01:00,[38],[31]
2026-03-02T00:54:40+01:00,[37],[55]
2026-03-02T00:44:40+01:00,[37],[42]
2026-03-02T00:34:40+01:00,[37],[55]
2026-03-01T16:34:43+01:00,[37],[58]
2026-03-01T16:04:43+01:00,[37],[25]
2026-03-01T15:54:43+01:00,[37],[51]
2026-03-01T15:44:43+01:00,[37],[33]
2026-03-01T15:14:43+01:00,[38],[41]
2026-03-01T15:04:43+01:00,[37],[38]
2026-03-01T14:54:43+01:00,[37],[37]
2026-03-01T14:44:43+01:00,[38],[70]
2026-03-01T14:34:43+01:00,[38],[51]
2026-03-01T13:54:43+01:00,[37],[52]
2026-03-01T13:34:43+01:00,[38],[43]
2026-03-01T13:04:43+01:00,[37],[202]
2026-03-01T12:54:42+01:00,[38],[74]
2026-03-01T12:44:43+01:00,[37],[21]
2026-03-01T12:34:43+01:00,[37],[25]
2026-03-01T12:04:43+01:00,[37],[70]
2026-03-01T11:54:44+01:00,[37],[48]
2026-03-01T11:44:44+01:00,[37],[40]
2026-03-01T11:24:44+01:00,[37],[31]
2026-03-01T11:14:43+01:00,[37],[53]
2026-03-01T11:04:43+01:00,[37],[34]
2026-03-01T10:54:43+01:00,[37],[31]
2026-03-01T10:44:43+01:00,[37],[72]
2026-03-01T10:34:43+01:00,[37],[68]
2026-03-01T10:14:43+01:00,[37],[25]
2026-03-01T08:55:12+01:00,[8],[60]
2026-03-01T08:34:43+01:00,[37],[33]
2026-03-01T05:04:44+01:00,[37],[60]
2026-03-01T04:24:43+01:00,[38],[42]
2026-03-01T04:04:43+01:00,[38],[37]
2026-03-01T03:44:42+01:00,[38],[35]
2026-03-01T03:34:44+01:00,[37],[30]
2026-03-01T03:24:43+01:00,[38],[39]
2026-03-01T03:14:43+01:00,[37],[50]
2026-03-01T03:04:43+01:00,[37],[45]
2026-03-01T02:44:43+01:00,[38],[29]
2026-03-01T02:34:43+01:00,[38],[17]
2026-03-01T02:24:42+01:00,[38],[42]
2026-03-01T02:14:43+01:00,[37],[22]
2026-03-01T02:04:43+01:00,[37],[22]
2026-03-01T01:54:43+01:00,[38],[23]
2026-03-01T01:24:43+01:00,[37],[37]
2026-03-01T01:14:43+01:00,[38],[32]
2026-03-01T01:04:43+01:00,[38],[44]
2026-02-28T16:34:43+01:00,[37],[20]
2026-02-28T13:14:43+01:00,[37],[17]
2026-02-28T13:04:43+01:00,[37],[14]
2026-02-28T12:54:43+01:00,[37],[22]
2026-02-28T12:34:43+01:00,[37],[15]
2026-02-28T09:34:42+01:00,[38],[28]
2026-02-28T09:04:43+01:00,[38],[26]
2026-02-28T08:54:43+01:00,[37],[8]
2026-02-28T07:44:44+01:00,[37],[45]
2026-02-28T07:04:43+01:00,[37],[39]
2026-02-28T06:34:43+01:00,[37],[73]
2026-02-28T04:04:43+01:00,[37],[61]
2026-02-28T03:54:43+01:00,[37],[64]
2026-02-28T03:44:43+01:00,[37],[18]
2026-02-27T15:44:43+01:00,[38],[56]
2026-02-27T15:14:43+01:00,[37],[13]
2026-02-27T15:04:43+01:00,[37],[19]
2026-02-27T14:44:43+01:00,[38],[80]
2026-02-27T12:44:43+01:00,[38],[19]
2026-02-27T11:44:43+01:00,[37],[55]
2026-02-27T08:34:43+01:00,[37],[52]
2026-02-27T07:44:43+01:00,[37],[56]
2026-02-27T07:24:43+01:00,[37],[71]
2026-02-27T07:04:43+01:00,[37],[67]
2026-02-27T06:54:43+01:00,[38],[19]
2026-02-27T06:34:43+01:00,[37],[58]
2026-02-27T06:24:43+01:00,[37],[87]
2026-02-27T05:54:43+01:00,[37],[20]
2026-02-27T05:44:43+01:00,[37],[51]
2026-02-27T05:14:43+01:00,[37],[78]
2026-02-27T04:34:43+01:00,[37],[71]
2026-02-27T04:24:43+01:00,[38],[46]
2026-02-27T04:14:42+01:00,[38],[84]
2026-02-27T03:34:43+01:00,[37],[27]
2026-02-27T03:24:43+01:00,[37],[30]
2026-02-27T03:14:43+01:00,[38],[65]
2026-02-27T03:04:42+01:00,[38],[35]
2026-02-27T02:54:43+01:00,[38],[49]
2026-02-27T02:44:43+01:00,[37],[46]
2026-02-27T02:34:43+01:00,[37],[42]
2026-02-27T02:24:43+01:00,[38],[35]
2026-02-27T02:14:43+01:00,[37],[41]
2026-02-27T02:04:43+01:00,[37],[51]
2026-02-27T01:54:44+01:00,[37],[28]
2026-02-27T01:44:42+01:00,[38],[23]
2026-02-26T14:44:46+01:00,[37],[48]
2026-02-26T14:34:45+01:00,[38],[57]
2026-02-26T14:24:46+01:00,[37],[65]
2026-02-26T14:14:46+01:00,[37],[62]
2026-02-26T14:04:46+01:00,[37],[18]
2026-02-26T13:54:45+01:00,[38],[40]
2026-02-26T13:44:46+01:00,[38],[155]
2026-02-26T13:34:46+01:00,[37],[30]
2026-02-26T13:24:46+01:00,[38],[29]
2026-02-26T13:14:46+01:00,[37],[73]
2026-02-26T12:04:46+01:00,[37],[37]
2026-02-26T10:24:46+01:00,[37],[16]
2026-02-26T09:34:46+01:00,[37],[55]
2026-02-26T08:54:46+01:00,[38],[32]
2026-02-26T08:44:46+01:00,[38],[60]
2026-02-26T08:34:46+01:00,[38],[45]
2026-02-26T08:24:46+01:00,[37],[16]
2026-02-26T07:24:45+01:00,[38],[58]
2026-02-26T07:14:45+01:00,[38],[74]
2026-02-26T06:54:47+01:00,[37],[43]
2026-02-26T06:34:46+01:00,[38],[24]
2026-02-26T06:24:46+01:00,[37],[39]
2026-02-26T06:14:47+01:00,[37],[51]
2026-02-26T05:44:46+01:00,[37],[34]
2026-02-26T05:34:46+01:00,[37],[29]
2026-02-26T05:24:46+01:00,[38],[11]
2026-02-26T05:14:46+01:00,[37],[72]
2026-02-26T04:54:45+01:00,[37],[17]
2026-02-25T23:46:09+01:00,"[60,60,60,60,60,60,60,60,60,60,60,60,60]","[0,3,0,0,0,23,8,0,0,4,0,0,0]"
2026-02-25T23:39:09+01:00,"[60,60,60,60,60,60,60]","[0,0,0,0,0,0,0]"
2026-02-25T13:54:46+01:00,[38],[20]
2026-02-25T10:44:46+01:00,[37],[49]
2026-02-25T10:04:46+01:00,[37],[35]
2026-02-25T09:54:46+01:00,[37],[35]
2026-02-25T09:24:47+01:00,[37],[32]
2026-02-25T09:14:46+01:00,[37],[25]
2026-02-25T08:54:46+01:00,[37],[72]
2026-02-25T08:44:46+01:00,[37],[65]
2026-02-25T08:14:46+01:00,[37],[14]
2026-02-25T08:04:46+01:00,[37],[21]
2026-02-25T07:54:46+01:00,[37],[10]
2026-02-25T04:14:47+01:00,[37],[58]
2026-02-25T03:34:46+01:00,[38],[29]
2026-02-25T02:54:46+01:00,[37],[17]
2026-02-25T02:44:46+01:00,[37],[81]
2026-02-25T02:34:47+01:00,[37],[34]
2026-02-25T02:24:46+01:00,[37],[381]
2026-02-25T02:14:46+01:00,[37],[29]
2026-02-25T01:44:46+01:00,[37],[50]
2026-02-25T01:34:46+01:00,[37],[60]
2026-02-25T01:04:47+01:00,[37],[29]
2026-02-25T00:54:47+01:00,[37],[34]
2026-02-25T00:34:46+01:00,[37],[26]
2026-02-25T00:24:47+01:00,[37],[4]
2026-02-24T14:14:46+01:00,[37],[38]
2026-02-24T13:54:46+01:00,[37],[39]
2026-02-24T13:44:46+01:00,[37],[20]
2026-02-24T11:04:46+01:00,[37],[57]
2026-02-24T10:14:46+01:00,[37],[71]
2026-02-24T09:54:46+01:00,[38],[23]
2026-02-24T09:44:46+01:00,[38],[49]
2026-02-24T08:34:46+01:00,[37],[12]
2026-02-24T08:24:46+01:00,[37],[30]
2026-02-24T08:14:46+01:00,[38],[36]
2026-02-24T08:04:46+01:00,[37],[22]
2026-02-24T07:54:46+01:00,[37],[29]
2026-02-24T07:34:46+01:00,[37],[54]
2026-02-24T07:24:46+01:00,[37],[199]
2026-02-24T07:14:46+01:00,[37],[15]
2026-02-24T07:04:46+01:00,[37],[44]
2026-02-24T06:54:46+01:00,[37],[93]
2026-02-24T06:34:46+01:00,[38],[34]
2026-02-24T06:24:46+01:00,[37],[24]
2026-02-24T06:14:47+01:00,[37],[40]
2026-02-24T06:04:46+01:00,[37],[78]
2026-02-24T05:54:46+01:00,[37],[23]
2026-02-24T05:04:46+01:00,[37],[246]
2026-02-24T04:44:46+01:00,[37],[56]
2026-02-24T04:24:46+01:00,[38],[39]
2026-02-24T04:14:46+01:00,[38],[52]
2026-02-24T04:04:45+01:00,[38],[31]
2026-02-24T03:54:46+01:00,[38],[32]
2026-02-24T03:44:47+01:00,[37],[49]
2026-02-24T03:24:46+01:00,[37],[33]
2026-02-24T03:14:47+01:00,[37],[39]
2026-02-24T02:54:46+01:00,[38],[97]
2026-02-24T02:44:46+01:00,[37],[49]
2026-02-24T02:34:46+01:00,[38],[27]
2026-02-24T02:24:46+01:00,[37],[34]
2026-02-24T02:14:46+01:00,[37],[134]
2026-02-24T02:04:46+01:00,[38],[17]
2026-02-24T01:54:47+01:00,[37],[76]
2026-02-24T01:44:45+01:00,[38],[28]
2026-02-24T01:34:47+01:00,[37],[51]
2026-02-24T01:14:46+01:00,[38],[28]
2026-02-24T00:54:46+01:00,[37],[25]
2026-02-23T14:54:49+01:00,[37],[306]
2026-02-23T14:14:49+01:00,[37],[37]
2026-02-23T13:44:49+01:00,[38],[15]
2026-02-23T13:34:49+01:00,[37],[78]
2026-02-23T13:24:49+01:00,[37],[149]
2026-02-23T12:34:49+01:00,[37],[32]
2026-02-23T12:04:49+01:00,[37],[31]
2026-02-23T10:44:49+01:00,[37],[113]
2026-02-23T10:34:49+01:00,[37],[35]
2026-02-23T10:24:49+01:00,[37],[46]
2026-02-23T10:14:48+01:00,[38],[27]
2026-02-23T09:44:49+01:00,[37],[72]
2026-02-23T09:34:49+01:00,[37],[35]
2026-02-23T09:24:49+01:00,[37],[42]
2026-02-23T09:14:49+01:00,[37],[45]
2026-02-23T08:54:49+01:00,[37],[31]
2026-02-23T08:44:49+01:00,[38],[56]
2026-02-23T08:34:49+01:00,[38],[45]
2026-02-23T08:24:49+01:00,[37],[23]
2026-02-23T08:14:49+01:00,[37],[65]
2026-02-23T08:04:49+01:00,[37],[59]
2026-02-23T07:54:49+01:00,[37],[57]
2026-02-23T07:34:48+01:00,[38],[28]
2026-02-23T07:24:49+01:00,[37],[30]
2026-02-23T07:14:49+01:00,[37],[88]
2026-02-23T07:04:49+01:00,[37],[28]
2026-02-23T06:54:49+01:00,[37],[32]
2026-02-23T06:44:49+01:00,[37],[27]
2026-02-23T04:14:49+01:00,[37],[83]
2026-02-23T03:44:49+01:00,[37],[75]
2026-02-23T03:24:49+01:00,[38],[81]
2026-02-23T03:14:49+01:00,[37],[112]
2026-02-23T03:04:49+01:00,[37],[33]
2026-02-23T02:52:11+01:00,[84],[46]
2026-02-23T02:44:49+01:00,[38],[35]
2026-02-23T02:34:49+01:00,[37],[20]
2026-02-23T02:24:49+01:00,[37],[57]
2026-02-23T02:14:48+01:00,[38],[80]
2026-02-23T02:04:49+01:00,[38],[98]
2026-02-23T01:54:49+01:00,[37],[46]
2026-02-23T01:44:49+01:00,[37],[54]
2026-02-23T01:34:49+01:00,[37],[45]
2026-02-23T01:24:57+01:00,[37],[29]
2026-02-23T01:14:50+01:00,[37],[35]
2026-02-23T01:04:49+01:00,[38],[25]
2026-02-22T15:04:48+01:00,[38],[13]
2026-02-22T14:54:49+01:00,[37],[23]
2026-02-22T14:44:49+01:00,[37],[348]
2026-02-22T14:34:49+01:00,[37],[103]
2026-02-22T14:24:49+01:00,[37],[53]
2026-02-22T13:24:49+01:00,[37],[34]
2026-02-22T13:14:49+01:00,[37],[26]
2026-02-22T13:04:49+01:00,[38],[33]
2026-02-22T12:14:49+01:00,[37],[88]
2026-02-22T10:34:49+01:00,[37],[33]
2026-02-22T10:24:49+01:00,[37],[83]
2026-02-22T09:55:09+01:00,"[60,60,60,60,60,60]","[93,52,37,57,33,0]"
2026-02-22T09:15:09+01:00,"[60,60,60,60,60,60,60,60,60,60,60,60,60,60,60,60,60,60,60,60,60,60,60,60,60,60,60,60,60,60,60,60,60,60,60,60,60,60,60,60]","[0,75,31,32,33,51,45,25,65,71,65,55,30,33,33,35,60,28,19,62,51,66,25,38,31,69,48,33,32,43,33,23,100,24,37,116,46,31,31,100]"
2026-02-22T09:09:09+01:00,"[60,60,60,60,60,60]","[0,0,0,0,0,0]"
2026-02-22T08:34:49+01:00,[38],[33]
2026-02-22T08:24:49+01:00,[37],[25]
2026-02-22T08:14:48+01:00,[38],[37]
2026-02-22T08:04:49+01:00,[37],[30]
2026-02-22T03:54:49+01:00,[38],[70]
2026-02-22T03:44:49+01:00,[37],[62]
2026-02-22T03:34:50+01:00,[37],[94]
2026-02-22T03:14:49+01:00,[37],[9]
2026-02-22T02:14:49+01:00,[37],[56]
2026-02-22T00:54:49+01:00,[37],[134]
2026-02-22T00:44:49+01:00,[37],[56]
2026-02-22T00:04:49+01:00,[38],[23]
2026-02-21T23:54:50+01:00,[37],[65]
2026-02-21T23:44:49+01:00,[37],[36]
2026-02-21T15:34:48+01:00,[38],[13]
2026-02-21T15:24:49+01:00,[37],[45]
2026-02-21T15:04:49+01:00,[37],[25]
2026-02-21T14:54:48+01:00,[38],[23]
2026-02-21T14:24:49+01:00,[38],[9]
2026-02-21T13:54:49+01:00,[37],[14]
2026-02-21T13:44:49+01:00,[37],[9]
2026-02-21T12:04:49+01:00,[37],[14]
2026-02-21T11:23:08+01:00,[38],[129]
2026-02-21T11:10:10+01:00,"[60,60,60,60,60,60,60,60,60,60,60,60]","[8,0,8,9,4,0,20,26,0,0,0,188]"
2026-02-21T11:02:09+01:00,"[60,60,60,60,60,60,60,60]","[0,0,0,0,0,0,0,0]"
2026-02-21T10:44:50+01:00,[37],[45]
2026-02-21T10:34:49+01:00,[37],[50]
2026-02-21T10:04:49+01:00,[37],[22]
2026-02-21T09:54:49+01:00,[38],[7]
2026-02-21T09:24:49+01:00,[37],[10]
2026-02-21T09:14:49+01:00,[37],[19]
2026-02-21T08:54:49+01:00,[37],[13]
2026-02-21T08:44:49+01:00,[37],[20]
2026-02-21T04:44:49+01:00,[37],[29]
2026-02-21T03:54:49+01:00,[37],[32]
2026-02-21T02:54:49+01:00,[37],[62]
2026-02-20T15:14:52+01:00,[37],[49]
2026-02-20T15:04:52+01:00,[37],[38]
2026-02-20T14:54:52+01:00,[37],[47]
2026-02-20T14:44:52+01:00,[37],[23]
2026-02-20T14:34:52+01:00,[37],[45]
2026-02-20T14:24:52+01:00,[37],[29]
2026-02-20T11:14:52+01:00,[37],[19]
2026-02-20T09:54:52+01:00,[37],[75]
2026-02-20T07:44:52+01:00,[37],[41]
2026-02-20T07:24:52+01:00,[38],[32]
2026-02-20T07:14:52+01:00,[37],[78]
2026-02-20T07:04:52+01:00,[37],[79]
2026-02-20T06:44:51+01:00,[38],[11]
2026-02-20T06:34:52+01:00,[37],[64]
2026-02-20T06:14:52+01:00,[37],[31]
2026-02-20T06:04:52+01:00,[37],[44]
2026-02-20T05:44:52+01:00,[37],[29]
2026-02-20T05:24:52+01:00,[37],[28]
2026-02-20T05:04:52+01:00,[38],[46]
2026-02-20T04:44:52+01:00,[37],[47]
2026-02-20T04:34:52+01:00,[37],[52]
2026-02-20T04:24:52+01:00,[37],[45]
2026-02-20T03:54:52+01:00,[37],[22]
2026-02-20T03:44:52+01:00,[37],[43]
2026-02-20T03:34:52+01:00,[37],[35]
2026-02-20T03:14:52+01:00,[37],[324]
2026-02-20T02:54:52+01:00,[37],[27]
2026-02-20T02:14:52+01:00,[37],[43]
2026-02-20T02:04:52+01:00,[37],[24]
2026-02-20T01:54:52+01:00,[37],[32]
2026-02-20T01:44:52+01:00,[38],[27]
2026-02-20T00:34:52+01:00,[38],[28]
2026-02-19T15:34:52+01:00,[38],[14]
2026-02-19T15:24:52+01:00,[37],[23]
2026-02-19T15:14:52+01:00,[37],[21]
2026-02-19T15:04:52+01:00,[38],[20]
2026-02-19T14:54:52+01:00,[37],[28]
2026-02-19T14:44:52+01:00,[37],[35]
2026-02-19T13:24:52+01:00,[37],[17]
2026-02-19T13:14:52+01:00,[37],[11]
2026-02-19T10:54:52+01:00,[37],[15]
2026-02-19T10:44:52+01:00,[37],[29]
2026-02-19T10:34:52+01:00,[37],[61]
2026-02-19T10:24:52+01:00,[37],[45]
2026-02-19T10:14:51+01:00,[38],[36]
2026-02-19T10:04:52+01:00,[37],[322]
2026-02-19T09:54:52+01:00,[37],[47]
2026-02-19T09:34:52+01:00,[37],[39]
2026-02-19T09:24:52+01:00,[37],[37]
2026-02-19T09:04:52+01:00,[37],[89]
2026-02-19T08:44:52+01:00,[37],[90]
2026-02-19T08:34:52+01:00,[37],[28]
2026-02-19T07:54:52+01:00,[38],[60]
2026-02-19T07:44:52+01:00,[37],[29]
2026-02-19T07:34:52+01:00,[38],[42]
2026-02-19T07:24:52+01:00,[38],[25]
2026-02-19T07:14:52+01:00,[37],[23]
2026-02-19T07:04:52+01:00,[37],[37]
2026-02-19T06:54:52+01:00,[37],[51]
2026-02-19T06:44:52+01:00,[37],[28]
2026-02-19T06:24:52+01:00,[37],[29]
2026-02-19T06:14:52+01:00,[38],[60]
2026-02-19T06:04:52+01:00,[37],[33]
2026-02-19T05:44:52+01:00,[37],[47]
2026-02-19T05:34:52+01:00,[38],[34]
2026-02-19T05:24:52+01:00,[37],[45]
2026-02-19T04:54:52+01:00,[37],[64]
2026-02-19T04:44:52+01:00,[37],[41]
2026-02-19T04:34:52+01:00,[38],[52]
2026-02-19T04:04:52+01:00,[37],[25]
2026-02-19T03:44:52+01:00,[37],[50]
2026-02-19T03:34:52+01:00,[37],[51]
2026-02-19T03:14:52+01:00,[38],[35]
2026-02-19T02:54:52+01:00,[37],[70]
2026-02-19T02:24:52+01:00,[37],[14]
2026-02-19T02:14:52+01:00,[37],[32]
2026-02-19T02:04:52+01:00,[37],[38]
2026-02-19T01:54:52+01:00,[37],[24]
2026-02-19T01:04:51+01:00,[38],[77]
2026-02-19T00:54:52+01:00,[37],[36]
2026-02-19T00:44:52+01:00,[37],[21]
2026-02-19T00:04:52+01:00,[37],[49]
2026-02-18T13:24:52+01:00,[37],[21]
2026-02-18T13:14:52+01:00,[38],[31]
2026-02-18T13:04:52+01:00,[37],[20]
2026-02-18T12:54:52+01:00,[37],[27]
2026-02-18T12:44:52+01:00,[38],[25]
2026-02-18T11:44:52+01:00,[37],[33]
2026-02-18T11:34:52+01:00,[37],[38]
2026-02-18T11:24:52+01:00,[37],[38]
2026-02-18T11:14:52+01:00,[38],[36]
2026-02-18T11:04:52+01:00,[37],[44]
2026-02-18T10:54:52+01:00,[37],[53]
2026-02-18T10:44:52+01:00,[37],[22]
2026-02-18T10:34:52+01:00,[37],[27]
2026-02-18T10:24:52+01:00,[37],[29]
2026-02-18T10:14:52+01:00,[38],[52]
2026-02-18T10:04:52+01:00,[37],[17]
2026-02-18T08:54:52+01:00,[37],[15]
2026-02-18T08:34:52+01:00,[37],[17]
2026-02-18T08:14:52+01:00,[37],[21]
2026-02-18T08:04:52+01:00,[38],[43]
2026-02-18T07:54:52+01:00,[37],[25]
2026-02-18T07:44:52+01:00,[37],[41]
2026-02-18T07:34:52+01:00,[37],[31]
2026-02-18T07:04:52+01:00,[37],[28]
2026-02-18T06:54:52+01:00,[37],[31]
2026-02-18T06:44:52+01:00,[37],[52]
2026-02-18T06:24:52+01:00,[37],[21]
2026-02-18T06:14:52+01:00,[37],[152]
2026-02-18T06:04:52+01:00,[37],[53]
2026-02-18T05:54:51+01:00,[38],[51]
2026-02-18T05:44:52+01:00,[37],[12]
2026-02-18T04:44:52+01:00,[37],[24]
2026-02-18T04:34:52+01:00,[38],[26]
2026-02-18T04:24:52+01:00,[37],[16]
2026-02-18T04:04:52+01:00,[38],[16]
2026-02-18T03:54:52+01:00,[37],[66]
2026-02-18T03:44:52+01:00,[38],[55]
2026-02-18T03:24:52+01:00,[37],[32]
2026-02-18T03:14:52+01:00,[37],[36]
2026-02-18T03:04:52+01:00,[37],[37]
2026-02-18T02:54:52+01:00,[38],[17]
2026-02-18T02:44:52+01:00,[38],[28]
2026-02-18T02:24:52+01:00,[37],[25]
2026-02-18T02:14:52+01:00,[37],[29]
2026-02-18T02:04:52+01:00,[37],[20]
2026-02-18T01:04:52+01:00,[37],[85]
2026-02-17T15:34:55+01:00,[37],[28]
2026-02-17T14:14:55+01:00,[38],[17]
2026-02-17T11:54:56+01:00,[37],[17]
2026-02-17T10:44:55+01:00,[37],[14]
2026-02-17T10:24:55+01:00,[37],[252]
2026-02-17T10:04:55+01:00,[38],[25]
2026-02-17T09:44:55+01:00,[37],[47]
2026-02-17T09:14:55+01:00,[38],[49]
2026-02-17T09:04:55+01:00,[37],[38]
2026-02-17T08:44:56+01:00,[37],[33]
2026-02-17T08:34:55+01:00,[37],[32]
2026-02-17T08:24:55+01:00,[37],[37]
2026-02-17T08:14:55+01:00,[37],[55]
2026-02-17T08:04:55+01:00,[37],[269]
2026-02-17T07:54:55+01:00,[37],[42]
2026-02-17T07:34:55+01:00,[37],[20]
2026-02-17T07:24:55+01:00,[37],[34]
2026-02-17T07:14:55+01:00,[38],[39]
2026-02-17T06:54:55+01:00,[37],[58]
2026-02-17T06:44:55+01:00,[37],[33]
2026-02-17T06:34:54+01:00,[38],[56]
2026-02-17T05:54:55+01:00,[37],[43]
2026-02-17T05:24:55+01:00,[37],[29]
2026-02-17T04:44:57+01:00,[37],[66]
2026-02-17T04:24:55+01:00,[37],[278]
2026-02-17T03:34:54+01:00,[38],[36]
2026-02-17T03:24:55+01:00,[37],[38]
2026-02-17T03:14:55+01:00,[37],[36]
2026-02-17T02:54:55+01:00,[37],[84]
2026-02-17T02:34:54+01:00,[38],[87]
2026-02-17T02:24:55+01:00,[37],[38]
2026-02-17T02:04:55+01:00,[37],[27]
2026-02-17T01:54:55+01:00,[37],[49]
2026-02-17T01:14:55+01:00,[37],[74]
2026-02-17T00:54:55+01:00,[37],[46]
2026-02-17T00:34:55+01:00,[38],[18]
2026-02-17T00:04:55+01:00,[37],[35]
2026-02-16T23:54:55+01:00,[37],[40]
2026-02-16T23:24:55+01:00,[37],[20]
2026-02-16T23:14:55+01:00,[37],[41]
2026-02-16T23:04:56+01:00,[37],[105]
2026-02-16T15:34:55+01:00,[37],[33]
2026-02-16T15:24:55+01:00,[37],[24]
2026-02-16T15:14:55+01:00,[37],[33]
2026-02-16T15:04:56+01:00,[37],[34]
2026-02-16T14:54:55+01:00,[37],[36]
2026-02-16T14:04:55+01:00,[37],[39]
2026-02-16T12:44:55+01:00,[37],[40]
2026-02-16T12:14:56+01:00,[37],[40]
2026-02-16T12:04:56+01:00,[37],[28]
2026-02-16T11:44:55+01:00,[37],[58]
2026-02-16T10:54:55+01:00,[37],[42]
2026-02-16T10:44:55+01:00,[37],[31]
2026-02-16T10:04:54+01:00,[37],[51]
2026-02-16T09:54:54+01:00,[38],[18]
2026-02-16T09:24:54+01:00,[38],[35]
2026-02-16T09:04:55+01:00,[37],[39]
2026-02-16T08:54:55+01:00,[37],[60]
2026-02-16T08:34:55+01:00,[38],[33]
2026-02-16T08:24:55+01:00,[37],[51]
2026-02-16T07:24:55+01:00,[37],[29]
2026-02-16T07:04:55+01:00,[37],[26]
2026-02-16T06:44:55+01:00,[37],[129]
2026-02-16T06:34:55+01:00,[37],[52]
2026-02-16T06:14:55+01:00,[37],[63]
2026-02-16T06:04:55+01:00,[37],[89]
2026-02-16T05:24:55+01:00,[37],[37]
2026-02-16T04:44:55+01:00,[37],[101]
2026-02-16T04:34:55+01:00,[38],[325]
2026-02-16T04:24:55+01:00,[37],[57]
2026-02-16T03:54:55+01:00,[37],[44]
2026-02-16T03:14:54+01:00,[38],[257]
2026-02-16T02:44:55+01:00,[37],[27]
2026-02-16T02:24:55+01:00,[37],[15]
2026-02-16T02:14:55+01:00,[37],[21]
2026-02-16T02:04:55+01:00,[37],[21]
2026-02-16T01:54:55+01:00,[38],[23]
2026-02-16T01:34:55+01:00,[37],[26]
2026-02-15T14:24:55+01:00,[37],[41]
2026-02-15T14:14:55+01:00,[37],[67]
2026-02-15T14:04:55+01:00,[37],[29]
2026-02-15T13:54:55+01:00,[37],[22]
2026-02-15T13:44:55+01:00,[37],[36]
2026-02-15T13:05:07+01:00,[38],[260]
2026-02-15T11:34:55+01:00,[37],[38]
2026-02-15T11:24:54+01:00,[38],[21]
2026-02-15T10:44:55+01:00,[37],[29]
2026-02-15T10:24:56+01:00,[37],[16]
2026-02-15T08:54:55+01:00,[37],[40]
2026-02-15T08:44:55+01:00,[38],[27]
2026-02-15T08:34:55+01:00,[37],[15]
2026-02-15T08:24:55+01:00,[37],[45]
2026-02-15T08:14:55+01:00,[37],[25]
2026-02-15T08:04:55+01:00,[37],[49]
2026-02-15T07:54:55+01:00,[37],[32]
2026-02-15T07:44:55+01:00,[37],[51]
2026-02-15T06:14:55+01:00,[37],[64]
2026-02-15T05:54:55+01:00,[37],[28]
2026-02-15T05:44:55+01:00,[37],[23]
2026-02-15T05:24:55+01:00,[37],[11]
2026-02-15T05:14:54+01:00,[38],[43]
2026-02-15T05:04:55+01:00,[37],[63]
2026-02-15T04:14:55+01:00,[37],[37]
2026-02-15T04:04:54+01:00,[38],[20]
2026-02-15T02:44:55+01:00,[37],[23]
2026-02-15T02:34:55+01:00,[37],[46]
2026-02-15T02:04:54+01:00,[38],[50]
2026-02-15T01:54:55+01:00,[37],[32]
2026-02-15T01:44:55+01:00,[37],[47]
2026-02-15T01:34:55+01:00,[37],[69]
2026-02-15T01:24:55+01:00,[37],[31]
2026-02-15T01:14:55+01:00,[37],[50]
2026-02-14T14:54:59+01:00,[37],[22]
2026-02-14T14:44:58+01:00,[37],[28]
2026-02-14T14:34:58+01:00,[37],[91]
2026-02-14T13:44:58+01:00,[37],[17]
2026-02-14T13:34:58+01:00,[37],[51]
2026-02-14T13:14:58+01:00,[37],[14]
2026-02-14T12:54:58+01:00,[38],[28]
2026-02-14T12:34:58+01:00,[37],[68]
2026-02-14T12:14:58+01:00,[37],[22]
2026-02-14T12:04:58+01:00,[37],[14]
2026-02-14T11:44:58+01:00,[37],[47]
2026-02-14T11:04:58+01:00,[37],[19]
2026-02-14T10:54:58+01:00,[38],[23]
2026-02-14T10:24:58+01:00,[37],[282]
2026-02-14T10:14:58+01:00,[37],[61]
2026-02-14T10:04:58+01:00,[38],[190]
2026-02-14T09:54:58+01:00,[37],[23]
2026-02-14T07:54:58+01:00,[38],[18]
2026-02-14T06:44:59+01:00,[37],[51]
2026-02-14T06:34:58+01:00,[37],[55]
2026-02-14T06:04:58+01:00,[37],[108]
2026-02-14T05:54:58+01:00,[37],[19]
2026-02-14T05:24:58+01:00,[37],[46]
2026-02-14T05:14:58+01:00,[37],[51]
2026-02-14T03:56:11+01:00,"[60,60,60,60,60,60,60,60]","[0,9,0,0,0,20,0,0]"
2026-02-14T03:50:10+01:00,"[60,60,60,60,60,60]","[0,0,0,0,0,0]"
2026-02-14T03:24:58+01:00,[37],[23]
2026-02-14T03:14:58+01:00,[37],[35]
2026-02-14T03:04:58+01:00,[37],[24]
2026-02-14T02:54:58+01:00,[38],[39]
2026-02-14T02:44:58+01:00,[37],[21]
2026-02-14T01:54:59+01:00,[37],[70]
2026-02-13T16:04:58+01:00,[38],[22]
2026-02-13T15:54:58+01:00,[37],[27]
2026-02-13T15:44:58+01:00,[37],[30]
2026-02-13T15:34:59+01:00,[37],[36]
2026-02-13T14:04:58+01:00,[38],[283]
2026-02-13T13:54:58+01:00,[37],[44]
2026-02-13T13:44:58+01:00,[37],[31]
2026-02-13T13:34:58+01:00,[38],[27]
2026-02-13T13:24:58+01:00,[37],[9]
2026-02-13T13:14:58+01:00,[38],[17]
2026-02-13T13:04:58+01:00,[37],[65]
2026-02-13T12:54:58+01:00,[37],[23]
2026-02-13T12:44:58+01:00,[37],[22]
2026-02-13T12:14:58+01:00,[37],[14]
2026-02-13T12:04:58+01:00,[37],[15]
2026-02-13T11:54:58+01:00,[37],[10]
2026-02-13T11:44:58+01:00,[37],[31]
2026-02-13T11:34:59+01:00,[37],[37]
2026-02-13T11:14:58+01:00,[37],[23]
2026-02-13T10:34:58+01:00,[37],[42]
2026-02-13T10:24:58+01:00,[37],[21]
2026-02-13T10:14:58+01:00,[37],[94]
2026-02-13T07:54:58+01:00,[38],[23]
2026-02-13T07:04:58+01:00,[38],[97]
2026-02-13T06:54:58+01:00,[37],[41]
2026-02-13T06:44:58+01:00,[37],[96]
2026-02-13T06:24:58+01:00,[37],[87]
2026-02-13T06:14:59+01:00,[37],[113]
2026-02-13T05:54:58+01:00,[37],[30]
2026-02-13T05:44:58+01:00,[37],[44]
2026-02-13T05:34:58+01:00,[38],[49]
2026-02-13T05:24:58+01:00,[37],[60]
2026-02-13T04:44:58+01:00,[38],[51]
2026-02-13T04:14:58+01:00,[37],[37]
2026-02-13T04:04:58+01:00,[37],[45]
2026-02-13T03:54:58+01:00,[37],[39]
2026-02-13T03:44:58+01:00,[37],[56]
2026-02-13T03:34:58+01:00,[37],[44]
2026-02-13T03:24:58+01:00,[37],[42]
2026-02-13T03:04:58+01:00,[37],[28]
2026-02-13T02:44:58+01:00,[37],[43]
2026-02-13T02:34:58+01:00,[37],[38]
2026-02-13T02:24:58+01:00,[37],[34]
2026-02-13T02:04:58+01:00,[37],[48]
2026-02-13T00:54:58+01:00,[37],[61]
2026-02-13T00:44:58+01:00,[37],[44]
2026-02-12T15:44:58+01:00,[37],[22]
2026-02-12T15:34:58+01:00,[37],[18]
2026-02-12T15:24:58+01:00,[37],[23]
2026-02-12T15:14:59+01:00,[37],[17]
2026-02-12T15:04:58+01:00,[38],[15]
2026-02-12T14:14:59+01:00,[37],[39]
2026-02-12T13:54:57+01:00,[37],[42]
2026-02-12T13:24:58+01:00,[37],[44]
2026-02-12T12:04:58+01:00,[37],[16]
2026-02-12T10:24:58+01:00,[38],[71]
2026-02-12T10:14:58+01:00,[37],[43]
2026-02-12T10:04:58+01:00,[37],[23]
2026-02-12T09:54:58+01:00,[37],[37]
2026-02-12T09:44:58+01:00,[37],[25]
2026-02-12T09:34:58+01:00,[38],[27]
2026-02-12T09:24:58+01:00,[37],[33]
2026-02-12T09:14:58+01:00,[37],[55]
2026-02-12T09:04:58+01:00,[37],[63]
2026-02-12T08:44:58+01:00,[37],[27]
2026-02-12T07:54:58+01:00,[38],[45]
2026-02-12T07:44:58+01:00,[38],[21]
2026-02-12T07:24:58+01:00,[37],[30]
2026-02-12T07:14:58+01:00,[37],[18]
2026-02-12T06:54:58+01:00,[37],[57]
2026-02-12T06:44:58+01:00,[37],[15]
2026-02-12T06:34:58+01:00,[38],[14]
2026-02-12T06:24:58+01:00,[37],[25]
2026-02-12T05:37:09+01:00,"[60,60,60,60,60,60,60,60,60]","[0,0,0,0,0,0,0,0,0]"
2026-02-12T05:32:09+01:00,"[60,60,60,60,60]","[0,0,0,0,0]"
2026-02-12T05:04:58+01:00,[37],[22]
2026-02-12T04:54:58+01:00,[37],[31]
2026-02-12T04:44:58+01:00,[37],[26]
2026-02-12T04:24:59+01:00,[37],[25]
2026-02-12T03:44:58+01:00,[37],[26]
2026-02-12T03:34:58+01:00,[38],[41]
2026-02-12T03:24:57+01:00,[38],[71]
2026-02-12T03:14:58+01:00,[37],[34]
2026-02-12T03:04:57+01:00,[37],[19]
2026-02-12T02:34:58+01:00,[37],[65]
2026-02-12T02:04:58+01:00,[38],[263]
2026-02-12T01:54:58+01:00,[37],[25]
2026-02-12T01:44:58+01:00,[37],[29]
2026-02-11T15:35:01+01:00,[38],[54]
2026-02-11T15:25:01+01:00,[37],[44]
2026-02-11T15:15:01+01:00,[38],[33]
2026-02-11T14:55:01+01:00,[37],[33]
2026-02-11T14:45:01+01:00,[37],[31]
2026-02-11T14:35:01+01:00,[37],[22]
2026-02-11T14:15:01+01:00,[37],[48]
2026-02-11T14:05:00+01:00,[38],[57]
2026-02-11T13:55:02+01:00,[37],[38]
2026-02-11T13:45:01+01:00,[37],[25]
2026-02-11T13:35:01+01:00,[38],[34]
2026-02-11T13:25:01+01:00,[37],[29]
2026-02-11T13:15:01+01:00,[38],[29]
2026-02-11T13:05:01+01:00,[37],[15]
2026-02-11T12:55:01+01:00,[37],[20]
2026-02-11T12:45:01+01:00,[38],[18]
2026-02-11T12:15:01+01:00,[37],[37]
2026-02-11T11:55:01+01:00,[37],[64]
2026-02-11T11:45:01+01:00,[37],[16]
2026-02-11T11:25:01+01:00,[38],[31]
2026-02-11T11:15:01+01:00,[37],[227]
2026-02-11T11:05:01+01:00,[38],[30]
2026-02-11T10:15:01+01:00,[37],[10]
2026-02-11T10:05:01+01:00,[37],[59]
2026-02-11T09:15:01+01:00,[37],[57]
2026-02-11T09:05:01+01:00,[37],[146]
2026-02-11T08:55:01+01:00,[37],[21]
2026-02-11T08:15:01+01:00,[37],[35]
2026-02-11T08:05:01+01:00,[37],[48]
2026-02-11T07:45:01+01:00,[37],[40]
2026-02-11T07:35:01+01:00,[37],[58]
2026-02-11T07:15:01+01:00,[37],[84]
2026-02-11T06:55:01+01:00,[37],[48]
2026-02-11T06:45:01+01:00,[37],[72]
2026-02-11T06:35:01+01:00,[37],[124]
2026-02-11T06:05:01+01:00,[38],[22]
2026-02-11T05:55:01+01:00,[37],[32]
2026-02-11T05:35:01+01:00,[37],[122]
2026-02-11T05:25:01+01:00,[37],[38]
2026-02-11T04:55:00+01:00,[38],[50]
2026-02-11T04:45:01+01:00,[37],[33]
2026-02-11T04:35:01+01:00,[37],[50]
2026-02-11T04:15:01+01:00,[38],[36]
2026-02-11T04:05:01+01:00,[37],[34]
2026-02-11T03:55:02+01:00,[37],[29]
2026-02-11T03:45:01+01:00,[38],[86]
2026-02-11T03:25:01+01:00,[37],[57]
2026-02-11T03:05:01+01:00,[37],[34]
2026-02-11T02:35:01+01:00,[37],[61]
2026-02-11T02:25:01+01:00,[37],[42]
2026-02-11T02:15:01+01:00,[38],[43]
2026-02-11T02:05:01+01:00,[37],[51]
2026-02-11T01:55:01+01:00,[37],[31]
2026-02-11T01:45:01+01:00,[38],[28]
2026-02-11T01:35:01+01:00,[38],[17]
2026-02-11T01:05:01+01:00,[37],[22]
2026-02-11T00:55:00+01:00,[37],[22]
2026-02-10T15:55:02+01:00,[37],[79]
2026-02-10T15:45:01+01:00,[37],[38]
2026-02-10T15:25:01+01:00,[37],[73]
2026-02-10T14:35:01+01:00,[37],[19]
2026-02-10T14:05:01+01:00,[37],[280]
2026-02-10T13:15:01+01:00,[38],[31]
2026-02-10T10:25:02+01:00,[37],[57]
2026-02-10T10:15:01+01:00,[37],[26]
2026-02-10T09:45:01+01:00,[37],[45]
2026-02-10T09:35:01+01:00,[37],[51]
2026-02-10T09:25:01+01:00,[37],[53]
2026-02-10T09:05:01+01:00,[37],[91]
2026-02-10T08:05:01+01:00,[37],[62]
2026-02-10T07:55:01+01:00,[37],[32]
2026-02-10T07:35:01+01:00,[37],[69]
2026-02-10T06:25:01+01:00,[37],[96]
2026-02-10T06:15:00+01:00,[38],[46]
2026-02-10T05:55:01+01:00,[37],[42]
2026-02-10T05:45:01+01:00,[37],[38]
2026-02-10T05:35:01+01:00,[37],[49]
2026-02-10T05:15:01+01:00,[37],[55]
2026-02-10T05:05:01+01:00,[37],[21]
2026-02-10T04:55:01+01:00,[37],[22]
2026-02-10T04:15:01+01:00,[37],[22]
2026-02-10T04:05:01+01:00,[37],[37]
2026-02-10T03:45:01+01:00,[38],[54]
2026-02-10T03:25:01+01:00,[37],[34]
2026-02-10T03:15:01+01:00,[37],[85]
2026-02-10T02:45:01+01:00,[38],[35]
2026-02-10T02:35:01+01:00,[37],[38]
2026-02-10T02:25:00+01:00,[38],[8]
2026-02-10T02:05:01+01:00,[37],[81]
2026-02-10T01:45:01+01:00,[37],[59]
2026-02-10T01:35:02+01:00,[37],[44]
2026-02-10T00:55:01+01:00,[38],[43]
2026-02-10T00:45:01+01:00,[37],[55]
2026-02-10T00:25:01+01:00,[37],[12]
2026-02-10T00:05:01+01:00,[37],[41]
2026-02-09T23:55:02+01:00,[37],[53]
2026-02-09T14:25:01+01:00,[37],[37]
2026-02-09T14:15:01+01:00,[37],[23]
2026-02-09T13:55:01+01:00,[37],[16]
2026-02-09T13:35:01+01:00,[38],[35]
2026-02-09T12:45:01+01:00,[37],[41]
2026-02-09T12:35:01+01:00,[37],[48]
2026-02-09T12:25:01+01:00,[37],[24]
2026-02-09T12:15:01+01:00,[37],[63]
2026-02-09T12:05:01+01:00,[37],[45]
2026-02-09T11:45:01+01:00,[37],[27]
2026-02-09T11:25:02+01:00,[37],[36]
2026-02-09T10:25:01+01:00,[37],[21]
2026-02-09T10:15:01+01:00,[38],[303]
2026-02-09T09:05:01+01:00,[37],[26]
2026-02-09T08:45:01+01:00,[37],[60]
2026-02-09T08:25:01+01:00,[37],[48]
2026-02-09T08:15:01+01:00,[37],[42]
2026-02-09T08:05:00+01:00,[38],[41]
2026-02-09T07:35:00+01:00,[37],[110]
2026-02-09T07:15:01+01:00,[38],[230]
2026-02-09T06:45:01+01:00,[37],[42]
2026-02-09T06:35:00+01:00,[38],[38]
2026-02-09T06:15:01+01:00,[37],[25]
2026-02-09T05:55:01+01:00,[37],[26]
2026-02-09T05:45:01+01:00,[37],[34]
2026-02-09T05:35:01+01:00,[37],[38]
2026-02-09T05:25:01+01:00,[37],[43]
2026-02-09T05:15:01+01:00,[37],[41]
2026-02-09T05:05:01+01:00,[38],[72]
2026-02-09T04:55:01+01:00,[38],[71]
2026-02-09T04:35:04+01:00,[37],[27]
2026-02-09T04:25:04+01:00,[37],[48]
2026-02-09T04:05:04+01:00,[38],[36]
2026-02-09T03:55:04+01:00,[37],[43]
2026-02-09T03:45:04+01:00,[38],[88]
2026-02-09T03:25:04+01:00,[37],[76]
2026-02-09T03:15:04+01:00,[37],[37]
2026-02-09T02:35:04+01:00,[38],[29]
2026-02-09T01:55:04+01:00,[37],[19]
2026-02-09T01:45:04+01:00,[37],[18]
2026-02-09T01:30:33+01:00,[37],[21]
2026-02-09T01:15:04+01:00,[37],[275]
2026-02-09T01:05:04+01:00,[37],[18]
2026-02-09T00:55:04+01:00,[37],[39]
2026-02-09T00:35:04+01:00,[37],[27]
2026-02-09T00:05:04+01:00,[37],[24]
2026-02-08T11:25:04+01:00,[37],[36]
2026-02-08T10:45:04+01:00,[37],[6]
2026-02-08T10:25:04+01:00,[37],[15]
2026-02-07T18:45:04+01:00,[37],[21]
2026-02-07T18:35:04+01:00,[37],[14]
2026-02-07T18:15:04+01:00,[37],[379]
2026-02-07T17:55:04+01:00,[37],[37]
2026-02-07T17:45:04+01:00,[37],[49]
2026-02-07T17:35:04+01:00,[38],[59]
2026-02-07T17:05:04+01:00,[37],[10]
2026-02-07T16:55:04+01:00,[37],[16]
2026-02-07T16:05:04+01:00,[38],[32]
2026-02-07T15:25:04+01:00,[37],[16]
2026-02-07T13:25:04+01:00,[37],[19]
2026-02-07T12:05:04+01:00,[37],[31]
2026-02-07T11:55:04+01:00,[37],[35]
2026-02-07T11:45:04+01:00,[37],[23]
2026-02-07T10:45:04+01:00,[37],[15]
2026-02-07T10:35:04+01:00,[37],[40]
2026-02-07T10:15:03+01:00,[38],[20]
2026-02-07T09:55:04+01:00,[37],[12]
2026-02-07T09:35:04+01:00,[37],[61]
2026-02-07T09:25:04+01:00,[37],[29]
2026-02-07T09:15:04+01:00,[38],[73]
2026-02-07T08:15:04+01:00,[37],[14]
2026-02-07T07:45:04+01:00,[37],[24]
2026-02-07T07:25:04+01:00,[37],[27]
2026-02-07T07:05:04+01:00,[37],[19]
2026-02-07T06:05:04+01:00,[37],[119]
2026-02-07T05:55:04+01:00,[38],[20]
2026-02-07T04:35:04+01:00,[37],[19]
2026-02-07T03:55:04+01:00,[38],[17]
2026-02-07T03:35:04+01:00,[38],[15]
2026-02-06T17:35:04+01:00,[37],[70]
2026-02-06T17:25:03+01:00,[38],[39]
2026-02-06T17:05:04+01:00,[37],[30]
2026-02-06T16:55:04+01:00,[37],[49]
2026-02-06T16:15:04+01:00,[37],[24]
2026-02-06T16:05:04+01:00,[37],[250]
2026-02-06T15:45:04+01:00,[37],[173]
2026-02-06T15:35:04+01:00,[37],[14]
2026-02-06T15:05:05+01:00,[37],[41]
2026-02-06T14:55:04+01:00,[37],[245]
2026-02-06T14:45:04+01:00,[37],[21]
2026-02-06T14:25:04+01:00,[37],[84]
2026-02-06T14:05:04+01:00,[37],[14]
2026-02-06T13:45:04+01:00,[37],[307]
2026-02-06T13:35:04+01:00,[37],[37]
2026-02-06T13:25:04+01:00,[37],[11]
2026-02-06T12:25:33+01:00,[37],[14]
2026-02-06T11:55:04+01:00,[37],[38]
2026-02-06T10:25:04+01:00,[37],[23]
2026-02-06T09:45:04+01:00,[38],[328]
2026-02-06T08:15:05+01:00,[37],[23]
2026-02-06T08:05:04+01:00,[38],[43]
2026-02-06T07:45:04+01:00,[37],[39]
2026-02-06T07:35:04+01:00,[38],[29]
2026-02-06T06:45:04+01:00,[37],[62]
2026-02-06T06:35:04+01:00,[37],[21]
2026-02-06T06:05:04+01:00,[38],[64]
2026-02-06T05:55:04+01:00,[37],[60]
2026-02-06T05:35:04+01:00,[37],[43]
2026-02-06T05:25:04+01:00,[37],[114]
2026-02-06T04:45:04+01:00,[37],[49]
2026-02-06T04:35:04+01:00,[37],[39]
2026-02-06T04:25:04+01:00,[38],[352]
2026-02-06T04:15:04+01:00,[37],[34]
2026-02-06T03:25:04+01:00,[37],[58]
2026-02-06T03:05:04+01:00,[37],[59]
2026-02-06T02:45:04+01:00,[38],[35]
2026-02-06T02:35:04+01:00,[37],[39]
2026-02-06T02:15:04+01:00,[37],[37]
2026-02-05T16:45:07+01:00,[37],[48]
2026-02-05T16:35:06+01:00,[38],[47]
2026-02-05T16:25:07+01:00,[37],[79]
2026-02-05T16:15:07+01:00,[37],[38]
2026-02-05T15:55:07+01:00,[37],[38]
2026-02-05T15:35:07+01:00,[37],[64]
2026-02-05T15:25:07+01:00,[37],[39]
2026-02-05T15:05:06+01:00,[38],[133]
2026-02-05T14:55:07+01:00,[37],[42]
2026-02-05T14:45:07+01:00,[37],[68]
2026-02-05T14:15:07+01:00,[37],[89]
2026-02-05T13:45:07+01:00,[37],[41]
2026-02-05T13:35:07+01:00,[37],[42]
2026-02-05T13:05:07+01:00,[37],[95]
2026-02-05T12:55:07+01:00,[37],[38]
2026-02-05T12:45:07+01:00,[37],[42]
2026-02-05T12:35:07+01:00,[37],[36]
2026-02-05T12:25:07+01:00,[37],[28]
2026-02-05T11:55:07+01:00,[37],[101]
2026-02-05T11:15:07+01:00,[37],[40]
2026-02-05T11:05:07+01:00,[37],[18]
2026-02-05T10:55:07+01:00,[37],[43]
2026-02-05T09:35:07+01:00,[37],[44]
2026-02-05T09:25:07+01:00,[37],[46]
2026-02-05T09:15:07+01:00,[37],[86]
2026-02-05T09:05:07+01:00,[37],[19]
2026-02-05T08:55:07+01:00,[37],[58]
2026-02-05T08:25:07+01:00,[37],[15]
2026-02-05T07:55:07+01:00,[37],[23]
2026-02-05T07:45:07+01:00,[37],[26]
2026-02-05T07:25:07+01:00,[37],[28]
2026-02-05T07:15:07+01:00,[38],[40]
2026-02-05T07:05:07+01:00,[38],[51]
2026-02-05T06:55:07+01:00,[37],[42]
2026-02-05T06:45:07+01:00,[37],[40]
2026-02-05T06:35:06+01:00,[38],[20]
2026-02-05T06:15:06+01:00,[38],[81]
2026-02-05T06:05:07+01:00,[37],[89]
2026-02-05T05:55:07+01:00,[37],[16]
2026-02-05T05:35:07+01:00,[38],[37]
2026-02-05T05:25:06+01:00,[37],[57]
2026-02-05T04:45:07+01:00,[38],[68]
2026-02-05T04:25:07+01:00,[37],[30]
2026-02-05T04:15:07+01:00,[37],[37]
2026-02-05T03:55:06+01:00,[38],[47]
2026-02-05T03:35:07+01:00,[37],[37]
2026-02-05T03:25:07+01:00,[37],[43]
2026-02-05T03:15:07+01:00,[37],[56]
2026-02-05T02:55:07+01:00,[37],[22]
2026-02-05T02:45:07+01:00,[37],[25]
2026-02-05T02:25:07+01:00,[37],[77]
2026-02-05T02:15:06+01:00,[38],[30]
2026-02-05T01:45:07+01:00,[37],[33]
2026-02-05T01:25:07+01:00,[37],[44]
2026-02-04T15:35:07+01:00,[38],[28]
2026-02-04T14:35:07+01:00,[37],[31]
2026-02-04T14:25:07+01:00,[37],[43]
2026-02-04T14:15:07+01:00,[37],[18]
2026-02-04T14:05:07+01:00,[37],[188]
2026-02-04T13:55:07+01:00,[37],[195]
2026-02-04T13:15:07+01:00,[38],[15]
2026-02-04T12:35:07+01:00,[37],[47]
2026-02-04T12:25:06+01:00,[38],[14]
2026-02-04T11:55:07+01:00,[37],[15]
2026-02-04T11:45:07+01:00,[38],[51]
2026-02-04T11:35:07+01:00,[37],[100]
2026-02-04T11:25:07+01:00,[37],[20]
2026-02-04T10:45:07+01:00,[37],[48]
2026-02-04T09:45:07+01:00,[37],[27]
2026-02-04T09:35:07+01:00,[37],[46]
2026-02-04T09:25:07+01:00,[37],[26]
2026-02-04T08:55:07+01:00,[37],[16]
2026-02-04T07:25:07+01:00,[37],[13]
2026-02-04T07:15:07+01:00,[38],[33]
2026-02-04T07:05:07+01:00,[38],[26]
2026-02-04T06:55:07+01:00,[38],[15]
2026-02-04T06:45:07+01:00,[37],[20]
2026-02-04T06:25:07+01:00,[37],[34]
2026-02-04T06:05:07+01:00,[38],[43]
2026-02-04T05:45:07+01:00,[37],[41]
2026-02-04T05:35:07+01:00,[37],[39]
2026-02-04T05:05:07+01:00,[37],[34]
2026-02-04T04:55:07+01:00,[37],[51]
2026-02-04T04:45:07+01:00,[37],[21]
2026-02-04T04:35:07+01:00,[37],[190]
2026-02-04T04:25:07+01:00,[37],[39]
2026-02-04T04:05:07+01:00,[37],[59]
2026-02-04T03:55:07+01:00,[37],[23]
2026-02-04T03:45:07+01:00,[37],[26]
2026-02-04T03:35:07+01:00,[38],[27]
2026-02-04T03:25:07+01:00,[37],[150]
2026-02-04T03:15:07+01:00,[37],[22]
2026-02-04T02:55:07+01:00,[37],[36]
2026-02-04T02:45:07+01:00,[37],[77]
2026-02-04T02:35:07+01:00,[37],[15]
2026-02-04T02:15:07+01:00,[37],[32]
2026-02-04T02:05:06+01:00,[38],[34]
2026-02-04T01:55:07+01:00,[37],[224]
2026-02-04T01:45:07+01:00,[37],[16]
2026-02-04T01:35:06+01:00,[37],[40]
2026-02-03T15:15:07+01:00,[37],[42]
2026-02-03T11:25:07+01:00,[37],[20]
2026-02-03T10:25:07+01:00,[37],[25]
2026-02-03T09:35:07+01:00,[37],[33]
2026-02-03T09:05:07+01:00,[37],[21]
2026-02-03T08:55:07+01:00,[37],[31]
2026-02-03T08:45:07+01:00,[38],[27]
2026-02-03T08:35:07+01:00,[37],[47]
2026-02-03T08:25:07+01:00,[37],[40]
2026-02-03T08:15:06+01:00,[37],[36]
2026-02-03T07:55:07+01:00,[37],[43]
2026-02-03T07:35:07+01:00,[37],[29]
2026-02-03T07:25:07+01:00,[38],[285]
2026-02-03T07:15:07+01:00,[37],[41]
2026-02-03T07:05:07+01:00,[37],[28]
2026-02-03T06:55:07+01:00,[37],[40]
2026-02-03T06:35:07+01:00,[37],[17]
2026-02-03T06:15:07+01:00,[37],[42]
2026-02-03T06:05:07+01:00,[37],[73]
2026-02-03T05:55:07+01:00,[37],[28]
2026-02-03T04:55:07+01:00,[37],[102]
2026-02-03T04:35:33+01:00,[37],[55]
2026-02-03T04:25:11+01:00,[37],[68]
2026-02-03T04:15:11+01:00,[37],[64]
2026-02-03T04:05:11+01:00,[38],[29]
2026-02-03T03:55:11+01:00,[37],[32]
2026-02-03T03:45:10+01:00,[38],[15]
2026-02-03T03:35:11+01:00,[38],[37]
2026-02-03T02:45:11+01:00,[37],[45]
2026-02-03T02:35:11+01:00,[37],[34]
2026-02-03T02:25:11+01:00,[37],[28]
2026-02-03T02:15:11+01:00,[37],[12]
2026-02-03T02:05:11+01:00,[37],[35]
2026-02-02T16:35:11+01:00,[37],[27]
2026-02-02T16:25:11+01:00,[37],[32]
2026-02-02T16:15:11+01:00,[37],[46]
2026-02-02T16:05:11+01:00,[37],[51]
2026-02-02T15:55:11+01:00,[37],[29]
2026-02-02T15:35:11+01:00,[38],[19]
2026-02-02T15:25:11+01:00,[37],[14]
2026-02-02T15:15:11+01:00,[37],[18]
2026-02-02T15:05:11+01:00,[37],[36]
2026-02-02T14:45:11+01:00,[37],[16]
2026-02-02T14:25:11+01:00,[37],[234]
2026-02-02T14:05:11+01:00,[38],[21]
2026-02-02T13:15:11+01:00,[37],[51]
2026-02-02T12:55:11+01:00,[38],[397]
2026-02-02T12:35:11+01:00,[37],[110]
2026-02-02T12:25:11+01:00,[37],[30]
2026-02-02T12:15:11+01:00,[37],[42]
2026-02-02T12:05:11+01:00,[37],[50]
2026-02-02T11:55:11+01:00,[37],[35]
2026-02-02T10:15:12+01:00,[37],[44]
2026-02-02T09:25:11+01:00,[38],[64]
2026-02-02T09:15:11+01:00,[38],[65]
2026-02-02T09:05:11+01:00,[37],[35]
2026-02-02T08:55:12+01:00,[37],[19]
2026-02-02T08:35:11+01:00,[37],[38]
2026-02-02T08:05:11+01:00,[38],[42]
2026-02-02T07:45:11+01:00,[37],[75]
2026-02-02T07:35:10+01:00,[38],[32]
2026-02-02T07:25:11+01:00,[37],[43]
2026-02-02T06:55:11+01:00,[38],[48]
2026-02-02T06:45:11+01:00,[38],[50]
2026-02-02T06:35:11+01:00,[38],[24]
2026-02-02T06:15:10+01:00,[38],[220]
2026-02-02T05:45:10+01:00,[38],[40]
2026-02-02T05:35:11+01:00,[37],[49]
2026-02-02T05:05:11+01:00,[37],[78]
2026-02-02T04:25:11+01:00,[37],[24]
2026-02-02T04:15:11+01:00,[37],[75]
2026-02-02T03:45:11+01:00,[37],[106]
2026-02-02T03:25:11+01:00,[37],[49]
2026-02-02T03:15:10+01:00,[38],[67]
2026-02-02T02:45:11+01:00,[37],[44]
2026-02-02T02:25:10+01:00,[38],[50]
2026-02-02T02:05:11+01:00,[37],[32]
2026-02-02T01:55:11+01:00,[38],[39]
2026-02-02T01:35:11+01:00,[37],[19]
2026-02-02T01:25:11+01:00,[38],[32]
2026-02-02T00:55:10+01:00,[38],[39]
2026-02-02T00:35:11+01:00,[37],[17]
2026-02-01T14:25:11+01:00,[38],[19]
2026-02-01T14:15:11+01:00,[38],[15]
2026-02-01T14:05:11+01:00,[37],[16]
2026-02-01T13:55:11+01:00,[37],[17]
2026-02-01T13:45:11+01:00,[37],[25]
2026-02-01T13:35:11+01:00,[37],[10]
2026-02-01T13:25:11+01:00,[37],[15]
2026-02-01T13:15:12+01:00,[37],[15]
2026-02-01T13:05:11+01:00,[37],[14]
2026-02-01T12:55:11+01:00,[37],[21]
2026-02-01T12:17:08+01:00,[37],[9]
2026-02-01T12:12:10+01:00,"[60,60,60,60]","[0,0,0,0]"
2026-02-01T11:56:09+01:00,"[60,60,60,60,60,60,60,60,60,60,60,60,60,60,60,60]","[0,0,0,0,0,0,0,0,0,0,0,11,0,0,0,0]"
2026-02-01T11:45:10+01:00,[37],[96]
2026-02-01T11:35:11+01:00,[37],[47]
2026-02-01T11:25:11+01:00,[37],[29]
2026-02-01T11:15:11+01:00,[37],[25]
2026-02-01T11:05:11+01:00,[37],[43]
2026-02-01T10:55:11+01:00,[37],[32]
2026-02-01T10:45:11+01:00,[37],[25]
2026-02-01T10:25:11+01:00,[38],[42]
2026-02-01T10:05:11+01:00,[37],[52]
2026-02-01T09:55:11+01:00,[38],[44]
2026-02-01T09:45:11+01:00,[37],[40]
2026-02-01T09:35:10+01:00,[38],[55]
2026-02-01T06:35:12+01:00,[37],[44]
2026-02-01T06:25:11+01:00,[37],[38]
2026-02-01T06:15:11+01:00,[37],[10]
2026-02-01T06:05:10+01:00,[38],[79]
2026-02-01T05:55:11+01:00,[37],[15]
2026-02-01T05:45:11+01:00,[37],[29]
2026-02-01T05:35:11+01:00,[37],[43]
2026-02-01T05:25:11+01:00,[37],[22]
2026-02-01T05:15:11+01:00,[37],[31]
2026-02-01T04:45:11+01:00,[37],[40]
2026-02-01T04:35:12+01:00,[37],[61]
2026-02-01T04:25:11+01:00,[37],[46]
2026-02-01T04:15:11+01:00,[37],[36]
2026-02-01T04:05:11+01:00,[37],[99]
2026-02-01T03:55:11+01:00,[37],[69]
2026-02-01T03:45:11+01:00,[37],[19]
2026-02-01T03:35:11+01:00,[37],[73]
2026-02-01T03:25:11+01:00,[38],[23]
2026-02-01T03:05:11+01:00,[38],[21]
2026-02-01T02:45:11+01:00,[37],[25]
2026-02-01T02:35:10+01:00,[38],[24]
2026-02-01T02:15:11+01:00,[37],[41]
2026-02-01T01:45:12+01:00,[37],[34]
2026-02-01T01:35:11+01:00,[37],[43]
2026-02-01T01:25:11+01:00,[37],[40]
2026-02-01T01:15:11+01:00,[38],[45]
2026-02-01T01:05:11+01:00,[38],[23]
2026-01-31T16:55:11+01:00,[38],[50]
2026-01-31T16:45:11+01:00,[37],[51]
2026-01-31T16:35:11+01:00,[37],[27]
2026-01-31T16:25:11+01:00,[37],[60]
2026-01-31T16:15:11+01:00,[37],[29]
2026-01-31T16:05:11+01:00,[38],[40]
2026-01-31T15:15:12+01:00,[37],[43]
2026-01-31T14:45:10+01:00,[38],[66]
2026-01-31T14:15:11+01:00,[37],[37]
2026-01-31T14:05:11+01:00,[38],[28]
2026-01-31T13:35:11+01:00,[37],[50]
2026-01-31T13:25:29+01:00,[37],[67]
2026-01-31T13:15:11+01:00,[37],[43]
2026-01-31T13:05:11+01:00,[37],[42]
2026-01-31T12:55:11+01:00,[37],[34]
2026-01-31T12:35:10+01:00,[38],[31]
2026-01-31T10:45:11+01:00,[37],[15]
2026-01-31T10:15:11+01:00,[37],[70]
2026-01-31T10:05:11+01:00,[38],[246]
2026-01-31T09:15:11+01:00,[37],[68]
2026-01-31T09:05:11+01:00,[37],[22]
2026-01-31T08:45:11+01:00,[38],[39]
2026-01-31T08:35:10+01:00,[38],[17]
2026-01-31T07:55:12+01:00,[37],[101]
2026-01-31T07:45:49+01:00,[37],[64]
2026-01-31T06:55:11+01:00,[38],[27]
2026-01-31T06:45:11+01:00,[37],[33]
2026-01-31T06:35:11+01:00,[37],[24]
2026-01-31T06:25:10+01:00,[37],[38]
2026-01-31T06:15:12+01:00,[37],[47]
2026-01-31T06:05:11+01:00,[37],[90]
2026-01-31T05:45:11+01:00,[37],[45]
2026-01-31T04:25:11+01:00,[37],[39]
2026-01-31T04:15:11+01:00,[37],[70]
2026-01-31T04:05:11+01:00,[38],[59]
2026-01-31T03:55:11+01:00,[37],[85]
2026-01-31T03:45:49+01:00,[38],[46]
2026-01-31T03:25:11+01:00,[37],[13]
2026-01-31T02:55:11+01:00,[37],[187]
2026-01-31T02:25:11+01:00,[38],[199]
2026-01-31T02:15:11+01:00,[37],[340]
2026-01-31T02:05:10+01:00,[38],[74]
2026-01-31T01:45:10+01:00,[37],[18]
2026-01-31T01:35:11+01:00,[37],[30]
2026-01-31T01:25:11+01:00,[37],[40]
2026-01-31T01:15:11+01:00,[38],[44]
2026-01-31T01:05:11+01:00,[37],[16]
2026-01-31T00:55:11+01:00,[37],[16]
2026-01-31T00:45:11+01:00,[37],[23]
2026-01-31T00:35:11+01:00,[37],[50]
2026-01-31T00:05:11+01:00,[37],[46]
2026-01-30T15:45:12+01:00,[37],[30]
2026-01-30T15:35:11+01:00,[37],[27]
2026-01-30T15:25:11+01:00,[37],[62]
2026-01-30T15:15:11+01:00,[37],[52]
2026-01-30T14:45:10+01:00,[38],[55]
2026-01-30T14:35:11+01:00,[37],[43]
2026-01-30T14:25:10+01:00,[38],[155]
2026-01-30T14:15:11+01:00,[37],[83]
2026-01-30T14:05:11+01:00,[38],[25]
2026-01-30T13:55:11+01:00,[37],[63]
2026-01-30T13:45:11+01:00,[38],[29]
2026-01-30T13:35:11+01:00,[38],[58]
2026-01-30T13:15:11+01:00,[37],[82]
2026-01-30T13:05:11+01:00,[37],[47]
2026-01-30T12:55:11+01:00,[37],[56]
2026-01-30T12:45:11+01:00,[37],[30]
2026-01-30T12:25:11+01:00,[37],[41]
2026-01-30T11:55:10+01:00,[37],[28]
2026-01-30T11:25:11+01:00,[38],[28]
2026-01-30T11:15:11+01:00,[37],[22]
2026-01-30T11:05:11+01:00,[37],[25]
2026-01-30T10:55:11+01:00,[37],[25]
2026-01-30T10:25:11+01:00,[38],[44]
2026-01-30T10:15:12+01:00,[37],[23]
2026-01-30T10:05:11+01:00,[37],[51]
2026-01-30T09:55:11+01:00,[37],[84]
2026-01-30T09:45:11+01:00,[37],[24]
2026-01-30T08:45:11+01:00,[37],[26]
2026-01-30T08:35:11+01:00,[37],[30]
2026-01-30T08:05:11+01:00,[38],[37]
2026-01-30T07:55:11+01:00,[37],[43]
2026-01-30T07:45:11+01:00,[37],[26]
2026-01-30T07:35:11+01:00,[37],[18]
2026-01-30T07:25:12+01:00,[37],[41]
2026-01-30T07:05:11+01:00,[38],[78]
2026-01-30T06:45:11+01:00,[37],[25]
2026-01-30T06:25:11+01:00,[37],[59]
2026-01-30T06:15:10+01:00,[37],[38]
2026-01-30T06:05:11+01:00,[37],[59]
2026-01-30T05:55:11+01:00,[38],[54]
2026-01-30T05:05:11+01:00,[38],[43]
2026-01-30T04:55:11+01:00,[38],[61]
2026-01-30T04:45:11+01:00,[37],[47]
2026-01-30T04:35:11+01:00,[37],[38]
2026-01-30T04:25:11+01:00,[37],[49]
2026-01-30T04:15:11+01:00,[37],[27]
2026-01-30T03:55:11+01:00,[38],[37]
2026-01-30T03:45:11+01:00,[37],[45]
2026-01-30T03:35:11+01:00,[37],[81]
2026-01-30T03:15:11+01:00,[38],[32]
2026-01-30T03:05:11+01:00,[37],[31]
2026-01-30T02:55:10+01:00,[37],[49]
2026-01-30T02:45:11+01:00,[37],[116]
2026-01-30T02:25:11+01:00,[37],[26]
2026-01-30T02:15:11+01:00,[37],[35]
2026-01-30T02:05:12+01:00,[37],[41]
2026-01-30T01:55:11+01:00,[37],[17]
2026-01-30T01:45:11+01:00,[37],[26]
2026-01-30T01:35:12+01:00,[37],[17]
2026-01-30T01:15:11+01:00,[37],[13]
2026-01-30T01:05:11+01:00,[38],[10]
2026-01-29T14:25:15+01:00,[37],[83]
2026-01-29T13:55:15+01:00,[37],[69]
2026-01-29T13:45:15+01:00,[37],[24]
2026-01-29T13:35:15+01:00,[37],[23]
2026-01-29T13:25:15+01:00,[37],[322]
2026-01-29T13:15:15+01:00,[37],[21]
2026-01-29T12:55:15+01:00,[37],[18]
2026-01-29T12:45:15+01:00,[37],[15]
2026-01-29T12:25:16+01:00,[37],[38]
2026-01-29T12:15:16+01:00,[37],[49]
2026-01-29T12:05:15+01:00,[37],[112]
2026-01-29T11:55:15+01:00,[38],[51]
2026-01-29T11:45:14+01:00,[38],[28]
2026-01-29T10:15:15+01:00,[37],[19]
2026-01-29T10:05:15+01:00,[37],[62]
2026-01-29T09:55:15+01:00,[37],[20]
2026-01-29T09:45:15+01:00,[37],[33]
2026-01-29T09:35:15+01:00,[37],[25]
2026-01-29T09:25:15+01:00,[37],[21]
2026-01-29T09:05:15+01:00,[37],[30]
2026-01-29T08:55:15+01:00,[37],[57]
2026-01-29T08:35:15+01:00,[38],[99]
2026-01-29T08:25:15+01:00,[37],[81]
2026-01-29T08:15:15+01:00,[37],[32]
2026-01-29T08:05:15+01:00,[37],[27]
2026-01-29T07:55:15+01:00,[37],[23]
2026-01-29T07:45:15+01:00,[37],[30]
2026-01-29T07:35:15+01:00,[37],[67]
2026-01-29T07:25:15+01:00,[37],[21]
2026-01-29T06:45:15+01:00,[38],[28]
2026-01-29T06:25:15+01:00,[37],[37]
2026-01-29T05:45:15+01:00,[37],[45]
2026-01-29T05:35:14+01:00,[38],[30]
2026-01-29T05:25:15+01:00,[37],[37]
2026-01-29T05:15:15+01:00,[37],[239]
2026-01-29T04:55:15+01:00,[37],[30]
2026-01-29T04:25:15+01:00,[37],[46]
2026-01-29T03:45:15+01:00,[37],[63]
2026-01-29T03:35:15+01:00,[37],[22]
2026-01-29T03:25:15+01:00,[37],[16]
2026-01-29T03:15:15+01:00,[37],[43]
2026-01-29T03:05:15+01:00,[37],[31]
2026-01-29T02:45:14+01:00,[37],[57]
2026-01-29T02:35:15+01:00,[37],[41]
2026-01-29T02:25:15+01:00,[37],[51]
2026-01-29T02:15:16+01:00,[37],[60]
2026-01-29T02:05:15+01:00,[38],[53]
2026-01-29T01:55:15+01:00,[37],[25]
2026-01-29T01:45:15+01:00,[37],[47]
2026-01-29T01:25:15+01:00,[38],[41]
2026-01-29T01:15:15+01:00,[37],[29]
2026-01-29T01:05:15+01:00,[37],[16]
2026-01-29T00:55:15+01:00,[37],[24]
2026-01-29T00:45:15+01:00,[37],[40]
2026-01-29T00:35:15+01:00,[38],[30]
2026-01-29T00:25:15+01:00,[37],[26]
2026-01-29T00:15:15+01:00,[37],[37]
2026-01-28T15:35:15+01:00,[37],[27]
2026-01-28T15:25:15+01:00,[37],[37]
2026-01-28T15:15:15+01:00,[37],[56]
2026-01-28T15:05:16+01:00,[37],[43]
2026-01-28T14:55:15+01:00,[37],[62]
2026-01-28T14:45:15+01:00,[37],[16]
2026-01-28T14:35:15+01:00,[37],[32]
2026-01-28T14:25:15+01:00,[38],[47]
2026-01-28T14:15:15+01:00,[37],[75]
2026-01-28T14:05:17+01:00,[37],[116]
2026-01-28T13:55:14+01:00,[38],[45]
2026-01-28T13:45:15+01:00,[37],[42]
2026-01-28T13:35:15+01:00,[37],[19]
2026-01-28T13:25:15+01:00,[37],[72]
2026-01-28T13:15:15+01:00,[37],[35]
2026-01-28T12:45:15+01:00,[37],[69]
2026-01-28T12:35:15+01:00,[37],[44]
2026-01-28T12:15:15+01:00,[37],[23]
2026-01-28T12:05:15+01:00,[37],[189]
2026-01-28T11:55:15+01:00,[37],[42]
2026-01-28T11:45:15+01:00,[37],[36]
2026-01-28T11:35:15+01:00,[37],[31]
2026-01-28T11:15:15+01:00,[38],[32]
2026-01-28T11:05:15+01:00,[37],[20]
2026-01-28T10:55:15+01:00,[37],[91]
2026-01-28T10:45:15+01:00,[37],[43]
2026-01-28T10:05:14+01:00,[38],[37]
2026-01-28T09:55:15+01:00,[37],[41]
2026-01-28T09:45:15+01:00,[37],[18]
2026-01-28T09:35:15+01:00,[38],[25]
2026-01-28T09:25:15+01:00,[38],[13]
2026-01-28T08:45:16+01:00,[37],[73]
2026-01-28T08:15:15+01:00,[37],[30]
2026-01-28T07:55:15+01:00,[37],[10]
2026-01-28T07:45:14+01:00,[38],[37]
2026-01-28T07:35:15+01:00,[38],[40]
2026-01-28T07:25:15+01:00,[37],[23]
2026-01-28T07:05:14+01:00,[38],[19]
2026-01-28T06:55:15+01:00,[37],[41]
2026-01-28T06:45:15+01:00,[37],[67]
2026-01-28T06:25:15+01:00,[37],[64]
2026-01-28T06:15:15+01:00,[37],[29]
2026-01-28T06:05:15+01:00,[37],[77]
2026-01-28T05:55:16+01:00,[37],[7]
2026-01-28T04:55:15+01:00,[37],[45]
2026-01-28T04:45:15+01:00,[37],[68]
2026-01-28T04:35:15+01:00,[37],[52]
2026-01-28T04:25:15+01:00,[38],[57]
2026-01-28T04:15:15+01:00,[37],[220]
2026-01-28T04:05:15+01:00,[37],[145]
2026-01-28T03:55:16+01:00,[37],[40]
2026-01-28T03:35:15+01:00,[37],[29]
2026-01-28T03:25:15+01:00,[37],[365]
2026-01-28T02:25:15+01:00,[38],[74]
2026-01-28T02:15:15+01:00,[37],[32]
2026-01-28T01:55:16+01:00,[37],[20]
2026-01-28T01:45:15+01:00,[37],[71]
2026-01-28T01:35:15+01:00,[38],[18]
2026-01-28T01:25:15+01:00,[38],[16]
2026-01-27T16:15:15+01:00,[37],[18]
2026-01-27T16:05:15+01:00,[37],[26]
2026-01-27T15:25:15+01:00,[37],[43]
2026-01-27T15:15:15+01:00,[37],[164]
2026-01-27T12:45:15+01:00,[37],[31]
2026-01-27T10:25:15+01:00,[37],[27]
2026-01-27T10:15:14+01:00,[38],[39]
2026-01-27T09:25:15+01:00,[38],[45]
2026-01-27T09:05:15+01:00,[38],[69]
2026-01-27T08:45:15+01:00,[38],[91]
2026-01-27T08:25:15+01:00,[37],[93]
2026-01-27T08:15:15+01:00,[38],[33]
2026-01-27T07:55:15+01:00,[38],[38]
2026-01-27T07:35:15+01:00,[37],[11]
2026-01-27T07:25:15+01:00,[37],[32]
2026-01-27T06:45:15+01:00,[38],[52]
2026-01-27T06:35:16+01:00,[37],[265]
2026-01-27T06:25:16+01:00,[37],[69]
2026-01-27T06:15:16+01:00,[37],[52]
2026-01-27T06:05:15+01:00,[37],[54]
2026-01-27T05:55:15+01:00,[37],[43]
2026-01-27T05:35:15+01:00,[38],[51]
2026-01-27T05:15:15+01:00,[37],[80]
2026-01-27T05:05:15+01:00,[37],[97]
2026-01-27T04:55:14+01:00,[38],[76]
2026-01-27T04:45:26+01:00,[37],[55]
2026-01-27T04:35:15+01:00,[37],[45]
2026-01-27T04:15:15+01:00,[37],[42]
2026-01-27T03:45:15+01:00,[38],[138]
2026-01-27T03:25:15+01:00,[37],[55]
2026-01-27T03:15:15+01:00,[38],[57]
2026-01-27T02:25:15+01:00,[38],[71]
2026-01-27T02:05:15+01:00,[37],[425]
2026-01-27T01:45:16+01:00,[37],[53]
2026-01-27T01:15:15+01:00,[37],[36]
2026-01-27T01:05:15+01:00,[37],[14]
2026-01-27T00:45:15+01:00,[37],[18]
2026-01-27T00:25:15+01:00,[37],[29]
2026-01-26T15:55:15+01:00,[38],[20]
2026-01-26T15:45:14+01:00,[38],[42]
2026-01-26T15:35:15+01:00,[37],[38]
2026-01-26T15:25:15+01:00,[37],[30]
2026-01-26T15:15:15+01:00,[37],[30]
2026-01-26T12:25:17+01:00,[38],[115]
2026-01-26T12:15:18+01:00,[38],[44]
2026-01-26T12:05:18+01:00,[37],[286]
2026-01-26T11:45:18+01:00,[37],[18]
2026-01-26T10:45:18+01:00,[38],[5]
2026-01-26T08:15:18+01:00,[38],[15]
2026-01-26T06:35:18+01:00,[38],[85]
2026-01-26T06:25:18+01:00,[37],[41]
2026-01-26T06:15:18+01:00,[37],[23]
2026-01-26T06:05:18+01:00,[37],[85]
2026-01-26T05:55:18+01:00,[37],[84]
2026-01-26T05:45:19+01:00,[37],[35]
2026-01-26T05:25:18+01:00,[37],[31]
2026-01-26T05:15:19+01:00,[37],[30]
2026-01-26T05:05:18+01:00,[37],[31]
2026-01-26T04:55:18+01:00,[37],[41]
2026-01-26T04:45:17+01:00,[38],[41]
2026-01-26T04:35:18+01:00,[37],[80]
2026-01-26T04:25:18+01:00,[37],[64]
2026-01-26T04:15:19+01:00,[37],[34]
2026-01-26T04:05:18+01:00,[38],[28]
2026-01-26T03:55:18+01:00,[38],[41]
2026-01-26T03:45:18+01:00,[37],[34]
2026-01-26T03:35:18+01:00,[37],[67]
2026-01-26T03:25:18+01:00,[38],[46]
2026-01-26T03:15:18+01:00,[37],[87]
2026-01-26T03:05:18+01:00,[38],[25]
2026-01-25T14:15:18+01:00,[37],[27]
2026-01-25T14:05:18+01:00,[37],[24]
2026-01-25T13:55:19+01:00,[37],[17]
2026-01-25T13:05:18+01:00,[37],[22]
2026-01-25T12:45:18+01:00,[37],[51]
2026-01-25T12:25:18+01:00,[37],[20]
2026-01-25T11:25:18+01:00,[37],[22]
2026-01-25T11:15:17+01:00,[38],[22]
2026-01-25T10:35:19+01:00,[37],[66]
2026-01-25T09:45:18+01:00,[37],[31]
2026-01-25T09:05:18+01:00,[38],[36]
2026-01-25T08:55:18+01:00,[37],[11]
2026-01-25T08:45:18+01:00,[37],[17]
2026-01-25T08:35:18+01:00,[37],[25]
2026-01-25T08:25:18+01:00,[37],[23]
2026-01-25T08:15:18+01:00,[37],[27]
2026-01-25T08:05:18+01:00,[37],[21]
2026-01-25T07:55:18+01:00,[37],[33]
2026-01-25T07:45:18+01:00,[37],[32]
2026-01-25T07:35:18+01:00,[37],[25]
2026-01-25T07:25:18+01:00,[38],[20]
2026-01-25T07:15:18+01:00,[37],[34]
2026-01-25T07:05:18+01:00,[37],[34]
2026-01-25T06:55:18+01:00,[37],[22]
2026-01-25T06:45:18+01:00,[37],[36]
2026-01-25T06:35:18+01:00,[37],[25]
2026-01-25T06:25:19+01:00,[37],[66]
2026-01-25T05:55:19+01:00,[37],[25]
2026-01-25T05:45:18+01:00,[37],[69]
2026-01-25T05:35:18+01:00,[37],[372]
2026-01-25T04:55:18+01:00,[38],[60]
2026-01-25T04:45:18+01:00,[37],[23]
2026-01-25T04:35:17+01:00,[38],[29]
2026-01-25T04:25:18+01:00,[38],[49]
2026-01-25T04:15:18+01:00,[37],[39]
2026-01-25T04:05:18+01:00,[37],[31]
2026-01-25T03:55:18+01:00,[37],[33]
2026-01-25T03:45:18+01:00,[38],[31]
2026-01-25T03:35:18+01:00,[37],[28]
2026-01-25T03:25:18+01:00,[37],[45]
2026-01-25T03:15:18+01:00,[37],[25]
2026-01-25T03:05:18+01:00,[37],[18]
2026-01-25T02:55:58+01:00,[38],[37]
2026-01-25T01:15:18+01:00,[37],[56]
2026-01-25T01:05:18+01:00,[37],[48]
2026-01-25T00:55:18+01:00,[38],[41]
2026-01-25T00:45:18+01:00,[37],[36]
2026-01-25T00:35:18+01:00,[37],[46]
2026-01-25T00:25:18+01:00,[37],[26]
2026-01-25T00:15:18+01:00,[37],[33]
2026-01-24T15:05:18+01:00,[37],[149]
2026-01-24T13:25:18+01:00,[37],[34]
2026-01-24T13:05:18+01:00,[37],[144]
2026-01-24T12:55:18+01:00,[37],[40]
2026-01-24T12:45:18+01:00,[38],[54]
2026-01-24T12:05:18+01:00,[37],[104]
2026-01-24T10:35:18+01:00,[37],[45]
2026-01-24T08:25:18+01:00,[37],[21]
2026-01-24T07:35:19+01:00,[37],[39]
2026-01-24T07:25:18+01:00,[37],[33]
2026-01-24T04:45:18+01:00,[37],[44]
2026-01-24T04:25:18+01:00,[37],[67]
2026-01-24T04:15:18+01:00,[38],[48]
2026-01-24T04:05:18+01:00,[37],[28]
2026-01-24T03:55:18+01:00,[38],[282]
2026-01-24T03:45:18+01:00,[38],[53]
2026-01-24T03:25:18+01:00,[38],[41]
2026-01-24T03:15:18+01:00,[38],[33]
2026-01-24T03:05:18+01:00,[38],[20]
2026-01-24T02:05:18+01:00,[37],[30]
2026-01-23T14:55:18+01:00,[37],[30]
2026-01-23T13:55:18+01:00,[37],[19]
2026-01-23T13:35:18+01:00,[37],[78]
2026-01-23T13:25:18+01:00,[37],[39]
2026-01-23T13:15:18+01:00,[37],[43]
2026-01-23T12:05:18+01:00,[37],[33]
2026-01-23T11:55:18+01:00,[37],[49]
2026-01-23T11:35:18+01:00,[38],[21]
2026-01-23T10:45:18+01:00,[38],[261]
2026-01-23T10:15:18+01:00,[38],[49]
2026-01-23T09:55:19+01:00,[37],[29]
2026-01-23T09:05:18+01:00,[38],[117]
2026-01-23T08:25:18+01:00,[37],[55]
2026-01-23T07:55:19+01:00,[37],[61]
2026-01-23T07:35:18+01:00,[37],[29]
2026-01-23T07:15:18+01:00,[37],[51]
2026-01-23T06:55:18+01:00,[37],[49]
2026-01-23T06:45:18+01:00,[38],[66]
2026-01-23T06:35:18+01:00,[37],[29]
2026-01-23T06:25:18+01:00,[37],[26]
2026-01-23T05:55:18+01:00,[37],[37]
2026-01-23T05:45:18+01:00,[37],[56]
2026-01-23T04:45:18+01:00,[37],[111]
2026-01-23T04:35:18+01:00,[37],[48]
2026-01-23T04:25:17+01:00,[38],[32]
2026-01-23T04:05:18+01:00,[37],[39]
2026-01-23T03:55:18+01:00,[37],[64]
2026-01-23T03:45:18+01:00,[37],[37]
2026-01-23T03:35:18+01:00,[37],[30]
2026-01-23T02:15:18+01:00,[37],[25]
2026-01-23T02:05:18+01:00,[37],[16]
2026-01-23T01:55:18+01:00,[37],[10]
2026-01-23T01:45:18+01:00,[37],[19]
2026-01-23T00:07:09+01:00,[37],[10]
2026-01-22T23:58:09+01:00,"[60,60,60,60,60,60,60,60]","[0,9,10,7,0,0,7,16]"
2026-01-22T23:51:09+01:00,"[60,60,60,60,60,60,60]","[0,0,0,0,0,0,0]"
2026-01-22T15:35:17+01:00,[38],[35]
2026-01-22T15:25:18+01:00,[37],[45]
2026-01-22T14:55:18+01:00,[37],[40]
2026-01-22T13:55:19+01:00,[37],[22]
2026-01-22T13:45:18+01:00,[37],[81]
2026-01-22T13:05:18+01:00,[37],[38]
2026-01-22T12:55:19+01:00,[37],[32]
2026-01-22T12:45:18+01:00,[38],[69]
2026-01-22T12:35:19+01:00,[37],[40]
2026-01-22T12:25:18+01:00,[37],[157]
2026-01-22T12:15:18+01:00,[38],[47]
2026-01-22T11:35:17+01:00,[38],[31]
2026-01-22T11:15:19+01:00,[37],[132]
2026-01-22T10:15:17+01:00,[38],[16]
2026-01-22T09:55:18+01:00,[37],[22]
2026-01-22T09:35:18+01:00,[37],[29]
2026-01-22T09:15:18+01:00,[37],[33]
2026-01-22T09:05:18+01:00,[37],[97]
2026-01-22T08:55:18+01:00,[37],[59]
2026-01-22T08:45:18+01:00,[37],[39]
2026-01-22T08:25:18+01:00,[37],[33]
2026-01-22T08:15:17+01:00,[38],[38]
2026-01-22T07:45:18+01:00,[37],[90]
2026-01-22T07:15:18+01:00,[37],[56]
2026-01-22T07:05:18+01:00,[38],[93]
2026-01-22T06:45:18+01:00,[37],[56]
2026-01-22T06:35:18+01:00,[37],[9]
2026-01-22T06:25:18+01:00,[37],[33]
2026-01-22T05:05:18+01:00,[37],[49]
2026-01-22T04:45:18+01:00,[37],[69]
2026-01-22T04:35:18+01:00,[38],[38]
2026-01-22T04:25:18+01:00,[38],[53]
2026-01-22T04:15:18+01:00,[37],[84]
2026-01-22T03:55:18+01:00,[38],[57]
2026-01-22T03:25:18+01:00,[37],[32]
2026-01-22T03:15:18+01:00,[37],[80]
2026-01-22T03:05:18+01:00,[38],[38]
2026-01-22T02:55:18+01:00,[37],[31]
2026-01-22T02:45:18+01:00,[37],[21]
2026-01-22T02:25:18+01:00,[37],[50]
2026-01-22T02:15:18+01:00,[37],[32]
2026-01-22T01:55:18+01:00,[37],[70]
2026-01-22T01:35:18+01:00,[37],[93]
2026-01-22T01:25:18+01:00,[37],[40]
2026-01-22T01:06:59+01:00,[37],[39]
2026-01-21T15:47:02+01:00,[37],[38]
2026-01-21T15:37:02+01:00,[37],[43]
2026-01-21T15:27:02+01:00,[37],[34]
2026-01-21T15:17:02+01:00,[37],[25]
2026-01-21T15:07:02+01:00,[37],[33]
2026-01-21T14:57:02+01:00,[38],[37]
2026-01-21T14:47:02+01:00,[37],[40]
2026-01-21T14:37:02+01:00,[37],[23]
2026-01-21T14:27:02+01:00,[37],[73]
2026-01-21T14:17:02+01:00,[37],[33]
2026-01-21T14:07:02+01:00,[38],[31]
2026-01-21T13:57:02+01:00,[37],[18]
2026-01-21T13:47:02+01:00,[37],[82]
2026-01-21T13:37:02+01:00,[37],[19]
2026-01-21T13:27:02+01:00,[37],[21]
2026-01-21T13:17:02+01:00,[37],[104]
2026-01-21T13:07:02+01:00,[37],[33]
2026-01-21T12:57:01+01:00,[37],[18]
2026-01-21T11:37:02+01:00,[37],[441]
2026-01-21T11:17:02+01:00,[37],[49]
2026-01-21T11:07:02+01:00,[37],[199]
2026-01-21T10:37:02+01:00,[38],[46]
2026-01-21T09:57:02+01:00,[37],[65]
2026-01-21T09:17:02+01:00,[37],[19]
2026-01-21T08:47:02+01:00,[37],[28]
2026-01-21T08:27:02+01:00,[37],[21]
2026-01-21T08:07:02+01:00,[37],[30]
2026-01-21T07:57:02+01:00,[37],[17]
2026-01-21T07:47:02+01:00,[37],[57]
2026-01-21T07:17:02+01:00,[37],[38]
2026-01-21T06:57:01+01:00,[38],[54]
2026-01-21T06:37:02+01:00,[37],[27]
2026-01-21T06:17:02+01:00,[38],[75]
2026-01-21T06:07:02+01:00,[37],[37]
2026-01-21T05:57:02+01:00,[37],[59]
2026-01-21T05:17:02+01:00,[37],[91]
2026-01-21T05:07:02+01:00,[37],[73]
2026-01-21T04:27:02+01:00,[38],[176]
2026-01-21T04:07:02+01:00,[37],[46]
2026-01-21T03:47:02+01:00,[37],[28]
2026-01-21T03:37:02+01:00,[37],[33]
2026-01-21T03:17:02+01:00,[37],[72]
2026-01-21T02:47:02+01:00,[37],[54]
2026-01-21T02:37:02+01:00,[38],[151]
2026-01-21T02:17:02+01:00,[37],[288]
2026-01-21T01:37:02+01:00,[37],[25]
2026-01-21T01:27:02+01:00,[37],[36]
2026-01-21T01:17:02+01:00,[38],[18]
2026-01-21T01:07:02+01:00,[37],[9]
2026-01-21T00:57:02+01:00,[37],[135]
2026-01-21T00:47:02+01:00,[37],[21]
2026-01-21T00:37:02+01:00,[37],[9]
2026-01-21T00:17:02+01:00,[37],[25]
2026-01-20T15:37:02+01:00,[37],[33]
2026-01-20T15:17:02+01:00,[37],[36]
2026-01-20T15:07:02+01:00,[37],[20]
2026-01-20T14:57:02+01:00,[37],[60]
2026-01-20T14:37:02+01:00,[37],[41]
2026-01-20T14:27:02+01:00,[37],[26]
2026-01-20T14:17:02+01:00,[38],[23]
2026-01-20T14:07:02+01:00,[37],[29]
2026-01-20T13:57:02+01:00,[37],[36]
2026-01-20T12:47:01+01:00,[37],[46]
2026-01-20T11:57:02+01:00,[37],[16]
2026-01-20T11:37:02+01:00,[37],[186]
2026-01-20T11:17:02+01:00,[37],[24]
2026-01-20T10:17:02+01:00,[37],[44]
2026-01-20T09:47:02+01:00,[37],[68]
2026-01-20T09:37:02+01:00,[37],[53]
2026-01-20T09:27:02+01:00,[37],[22]
2026-01-20T09:07:02+01:00,[37],[53]
2026-01-20T08:57:02+01:00,[37],[28]
2026-01-20T08:47:02+01:00,[37],[43]
2026-01-20T08:37:02+01:00,[37],[17]
2026-01-20T08:27:02+01:00,[37],[50]
2026-01-20T08:17:02+01:00,[38],[34]
2026-01-20T07:57:02+01:00,[37],[38]
2026-01-20T07:37:02+01:00,[37],[19]
2026-01-20T07:17:02+01:00,[37],[9]
2026-01-20T07:07:02+01:00,[37],[12]
2026-01-20T06:37:02+01:00,[37],[43]
2026-01-20T06:27:02+01:00,[37],[21]
2026-01-20T06:17:02+01:00,[37],[35]
2026-01-20T05:37:02+01:00,[37],[53]
2026-01-20T05:17:02+01:00,[38],[27]
2026-01-20T05:07:02+01:00,[37],[48]
2026-01-20T04:57:02+01:00,[37],[42]
2026-01-20T04:47:02+01:00,[37],[65]
2026-01-20T04:37:02+01:00,[37],[57]
2026-01-20T04:27:02+01:00,[37],[37]
2026-01-20T03:47:02+01:00,[38],[74]
2026-01-20T03:17:02+01:00,[37],[56]
2026-01-20T03:07:02+01:00,[37],[28]
2026-01-20T02:47:02+01:00,[37],[27]
2026-01-20T02:27:02+01:00,[37],[65]
2026-01-20T02:17:01+01:00,[38],[21]
2026-01-20T02:07:02+01:00,[37],[12]
2026-01-20T01:57:02+01:00,[37],[20]
2026-01-20T01:27:02+01:00,[37],[32]
2026-01-20T01:17:02+01:00,[37],[9]
2026-01-20T01:07:02+01:00,[38],[22]
2026-01-20T00:37:02+01:00,[37],[17]
2026-01-19T15:47:02+01:00,[37],[36]
2026-01-19T15:37:02+01:00,[37],[37]
2026-01-19T15:17:02+01:00,[37],[16]
2026-01-19T15:07:02+01:00,[37],[38]
2026-01-19T14:57:02+01:00,[37],[37]
2026-01-19T14:47:02+01:00,[37],[32]
2026-01-19T14:37:02+01:00,[37],[10]
2026-01-19T13:37:02+01:00,[37],[18]
2026-01-19T12:47:02+01:00,[37],[56]
2026-01-19T11:47:02+01:00,[38],[10]
2026-01-19T10:27:02+01:00,[37],[84]
2026-01-19T09:30:09+01:00,"[60,60,60,60,60,60,60,60,60,60,60,60,60,60,60,60]","[0,0,0,0,0,0,0,0,0,0,0,0,0,0,13,0]"
2026-01-19T08:47:02+01:00,[38],[37]
2026-01-19T08:37:01+01:00,[38],[34]
2026-01-19T07:47:02+01:00,[37],[32]
2026-01-19T07:37:02+01:00,[38],[47]
2026-01-19T07:27:02+01:00,[37],[10]
2026-01-19T07:17:02+01:00,[37],[17]
2026-01-19T06:47:02+01:00,[37],[46]
2026-01-19T06:37:02+01:00,[37],[23]
2026-01-19T06:07:02+01:00,[37],[28]
2026-01-19T05:57:02+01:00,[37],[217]
2026-01-19T00:47:02+01:00,[37],[61]
2026-01-19T00:37:03+01:00,[37],[36]
2026-01-18T14:57:02+01:00,[38],[21]
2026-01-18T14:47:03+01:00,[37],[36]
2026-01-18T13:27:04+01:00,[37],[13]
2026-01-18T13:17:03+01:00,[37],[61]
2026-01-18T12:57:03+01:00,[38],[212]
2026-01-18T12:07:03+01:00,[37],[24]
2026-01-18T11:47:03+01:00,[37],[21]
2026-01-18T10:07:04+01:00,[37],[36]
2026-01-18T09:47:03+01:00,[38],[81]
2026-01-18T09:37:03+01:00,[37],[25]
2026-01-18T09:27:03+01:00,[37],[16]
2026-01-18T09:17:03+01:00,[38],[24]
2026-01-18T09:07:03+01:00,[38],[24]
2026-01-18T08:57:03+01:00,[37],[45]
2026-01-18T08:47:03+01:00,[37],[31]
2026-01-18T08:37:03+01:00,[37],[21]
2026-01-18T08:27:03+01:00,[37],[19]
2026-01-18T08:17:03+01:00,[37],[29]
2026-01-18T08:07:04+01:00,[37],[23]
2026-01-18T07:57:03+01:00,[37],[18]
2026-01-18T07:47:03+01:00,[37],[12]
2026-01-18T06:37:03+01:00,[37],[41]
2026-01-18T06:07:03+01:00,[37],[33]
2026-01-18T04:37:03+01:00,[37],[33]
2026-01-18T04:27:03+01:00,[37],[24]
2026-01-18T04:17:03+01:00,[37],[15]
2026-01-18T03:57:03+01:00,[38],[81]
2026-01-18T03:47:02+01:00,[38],[69]
2026-01-18T03:37:03+01:00,[37],[100]
2026-01-18T03:27:03+01:00,[37],[56]
2026-01-18T03:17:03+01:00,[37],[54]
2026-01-18T03:07:03+01:00,[37],[28]
2026-01-18T02:57:03+01:00,[37],[19]
2026-01-18T02:47:02+01:00,[38],[46]
2026-01-18T01:37:04+01:00,[37],[47]
2026-01-17T14:37:03+01:00,[38],[61]
2026-01-17T13:17:03+01:00,[37],[49]
2026-01-17T13:07:03+01:00,[37],[62]
2026-01-17T12:47:04+01:00,[37],[36]
2026-01-17T12:17:03+01:00,[37],[84]
2026-01-17T12:07:03+01:00,[37],[73]
2026-01-17T11:57:03+01:00,[38],[99]
2026-01-17T10:37:02+01:00,[37],[9]
2026-01-17T09:57:04+01:00,[37],[26]
2026-01-17T09:47:03+01:00,[37],[27]
2026-01-17T09:37:02+01:00,[38],[17]
2026-01-17T09:27:03+01:00,[37],[33]
2026-01-17T09:07:04+01:00,[37],[26]
2026-01-17T08:57:03+01:00,[37],[43]
2026-01-17T08:47:03+01:00,[37],[19]
2026-01-17T06:47:03+01:00,[37],[37]
2026-01-17T06:27:03+01:00,[38],[27]
2026-01-17T06:17:03+01:00,[38],[59]
2026-01-17T06:07:03+01:00,[38],[31]
2026-01-17T05:57:03+01:00,[37],[88]
2026-01-17T05:47:03+01:00,[37],[282]
2026-01-17T05:37:02+01:00,[38],[343]
2026-01-17T04:57:02+01:00,[38],[36]
2026-01-17T04:27:02+01:00,[38],[20]
2026-01-17T03:47:08+01:00,[38],[161]
2026-01-17T03:37:08+01:00,[38],[99]
2026-01-17T01:57:07+01:00,[38],[24]
2026-01-17T01:37:08+01:00,[37],[56]
2026-01-17T01:07:09+01:00,[37],[94]
2026-01-17T00:37:05+01:00,[38],[58]
2026-01-17T00:07:05+01:00,[38],[39]
2026-01-16T23:57:05+01:00,[37],[38]
2026-01-16T23:47:05+01:00,[37],[30]
2026-01-16T15:37:05+01:00,[37],[22]
2026-01-16T15:27:05+01:00,[37],[40]
2026-01-16T15:17:04+01:00,[38],[59]
2026-01-16T15:07:05+01:00,[37],[38]
2026-01-16T14:57:04+01:00,[37],[175]
2026-01-16T14:17:05+01:00,[37],[28]
2026-01-16T14:07:44+01:00,[38],[44]
2026-01-16T13:57:05+01:00,[37],[71]
2026-01-16T13:47:05+01:00,[37],[19]
2026-01-16T13:37:06+01:00,[37],[37]
2026-01-16T13:27:06+01:00,[37],[25]
2026-01-16T13:17:05+01:00,[37],[44]
2026-01-16T12:47:05+01:00,[38],[71]
2026-01-16T12:37:05+01:00,[38],[42]
2026-01-16T11:47:05+01:00,[37],[31]
2026-01-16T11:27:05+01:00,[37],[17]
2026-01-16T10:17:06+01:00,[37],[30]
2026-01-16T10:07:05+01:00,[37],[21]
2026-01-16T09:57:05+01:00,[37],[38]
2026-01-16T09:37:05+01:00,[37],[88]
2026-01-16T09:27:05+01:00,[37],[43]
2026-01-16T09:17:05+01:00,[37],[53]
2026-01-16T09:07:05+01:00,[37],[30]
2026-01-16T08:57:05+01:00,[37],[227]
2026-01-16T08:47:05+01:00,[37],[34]
2026-01-16T08:37:05+01:00,[37],[25]
2026-01-16T08:27:05+01:00,[38],[26]
2026-01-16T08:17:05+01:00,[37],[25]
2026-01-16T08:07:04+01:00,[37],[21]
2026-01-16T07:57:05+01:00,[38],[32]
2026-01-16T07:47:05+01:00,[37],[26]
2026-01-16T04:57:05+01:00,[37],[35]
2026-01-16T03:57:05+01:00,[38],[10]
2026-01-16T02:47:04+01:00,[37],[41]
2026-01-16T01:27:05+01:00,[37],[47]
2026-01-16T01:17:05+01:00,[37],[15]
2026-01-16T01:07:05+01:00,[37],[69]
2026-01-16T00:57:05+01:00,[37],[49]
2026-01-16T00:47:06+01:00,[37],[50]
2026-01-16T00:37:05+01:00,[37],[32]
2026-01-16T00:27:05+01:00,[38],[28]
2026-01-16T00:17:05+01:00,[38],[27]
2026-01-16T00:07:05+01:00,[37],[33]
2026-01-15T23:57:05+01:00,[38],[35]
2026-01-15T23:47:05+01:00,[38],[42]
2026-01-15T23:37:05+01:00,[37],[137]
2026-01-15T23:27:05+01:00,[37],[54]
2026-01-15T23:17:21+01:00,[37],[44]
2026-01-15T15:57:05+01:00,[38],[60]
2026-01-15T15:47:05+01:00,[37],[24]
2026-01-15T15:37:05+01:00,[37],[30]
2026-01-15T15:27:04+01:00,[38],[35]
2026-01-15T15:17:04+01:00,[38],[29]
2026-01-15T15:07:05+01:00,[37],[21]
2026-01-15T14:57:05+01:00,[37],[39]
2026-01-15T14:17:05+01:00,[37],[27]
2026-01-15T14:07:04+01:00,[37],[19]
2026-01-15T13:47:08+01:00,[37],[41]
2026-01-15T13:37:08+01:00,[37],[12]
2026-01-15T13:07:08+01:00,[37],[136]
2026-01-15T12:47:08+01:00,[37],[130]
2026-01-15T12:37:08+01:00,[37],[14]
2026-01-15T12:17:07+01:00,[38],[224]
2026-01-15T12:07:08+01:00,[38],[231]
2026-01-15T11:57:08+01:00,[37],[97]
2026-01-15T11:47:08+01:00,[37],[31]
2026-01-15T11:37:09+01:00,[38],[193]
2026-01-15T10:37:08+01:00,[38],[41]
2026-01-15T10:07:08+01:00,[37],[42]
2026-01-15T09:27:08+01:00,[37],[28]
2026-01-15T09:17:08+01:00,[38],[47]
2026-01-15T08:37:08+01:00,[37],[22]
2026-01-15T08:17:08+01:00,[37],[294]
2026-01-15T07:47:08+01:00,[37],[14]
2026-01-15T07:37:08+01:00,[38],[230]
2026-01-15T07:27:08+01:00,[37],[16]
2026-01-15T07:17:08+01:00,[37],[24]
2026-01-15T07:07:07+01:00,[38],[42]
2026-01-15T06:47:08+01:00,[37],[46]
2026-01-15T06:37:07+01:00,[38],[31]
2026-01-15T06:17:08+01:00,[37],[21]
2026-01-15T06:07:08+01:00,[37],[19]
2026-01-15T05:57:08+01:00,[38],[59]
2026-01-15T05:37:08+01:00,[38],[45]
2026-01-15T05:27:08+01:00,[37],[59]
2026-01-15T04:47:09+01:00,[38],[39]
2026-01-15T04:37:09+01:00,[37],[49]
2026-01-15T04:27:08+01:00,[38],[35]
2026-01-15T04:07:08+01:00,[37],[31]
2026-01-15T03:57:08+01:00,[37],[66]
2026-01-15T03:37:08+01:00,[37],[26]
2026-01-15T03:27:08+01:00,[37],[23]
2026-01-15T03:17:08+01:00,[38],[83]
2026-01-15T03:07:08+01:00,[38],[51]
2026-01-15T02:57:08+01:00,[37],[56]
2026-01-15T02:27:08+01:00,[37],[45]
2026-01-15T02:17:08+01:00,[37],[62]
2026-01-15T02:07:08+01:00,[37],[40]
2026-01-15T01:27:09+01:00,[37],[29]
2026-01-15T01:17:08+01:00,[37],[36]
2026-01-15T01:07:08+01:00,[37],[39]
2026-01-15T00:57:08+01:00,[37],[23]
2026-01-15T00:37:08+01:00,[37],[34]
2026-01-14T15:47:09+01:00,[38],[17]
2026-01-14T15:37:08+01:00,[38],[31]
2026-01-14T15:27:08+01:00,[37],[36]
2026-01-14T13:57:08+01:00,[37],[53]
2026-01-14T13:47:08+01:00,[37],[232]
2026-01-14T13:37:08+01:00,[38],[54]
2026-01-14T13:27:08+01:00,[37],[59]
2026-01-14T13:17:08+01:00,[37],[62]
2026-01-14T13:07:08+01:00,[37],[19]
2026-01-14T12:57:08+01:00,[37],[26]
2026-01-14T12:47:08+01:00,[37],[23]
2026-01-14T12:07:08+01:00,[37],[52]
2026-01-14T11:17:08+01:00,[37],[65]
2026-01-14T11:07:08+01:00,[37],[55]
2026-01-14T10:07:08+01:00,[37],[43]
2026-01-14T09:57:08+01:00,[37],[37]
2026-01-14T09:47:08+01:00,[37],[25]
2026-01-14T09:37:08+01:00,[37],[12]
2026-01-14T09:27:08+01:00,[37],[36]
2026-01-14T08:27:08+01:00,[37],[56]
2026-01-14T08:07:08+01:00,[37],[33]
2026-01-14T07:57:09+01:00,[37],[27]
2026-01-14T07:47:09+01:00,[37],[54]
2026-01-14T07:37:08+01:00,[37],[20]
2026-01-14T07:27:08+01:00,[37],[30]
2026-01-14T07:17:08+01:00,[37],[16]
2026-01-14T07:07:08+01:00,[37],[31]
2026-01-14T06:57:08+01:00,[37],[14]
2026-01-14T06:47:08+01:00,[37],[20]
2026-01-14T06:17:08+01:00,[37],[14]
2026-01-14T06:07:09+01:00,[38],[20]
2026-01-14T05:57:08+01:00,[37],[21]
2026-01-14T05:47:10+01:00,[37],[32]
2026-01-14T05:37:07+01:00,[37],[41]
2026-01-14T05:17:08+01:00,[37],[59]
2026-01-14T04:57:08+01:00,[37],[25]
2026-01-14T04:47:08+01:00,[37],[22]
2026-01-14T04:37:09+01:00,[37],[12]
2026-01-14T04:27:08+01:00,[37],[57]
2026-01-14T04:17:08+01:00,[37],[19]
2026-01-14T03:57:08+01:00,[37],[16]
2026-01-14T03:37:08+01:00,[37],[27]
2026-01-14T03:17:08+01:00,[37],[25]
2026-01-14T02:57:08+01:00,[37],[40]
2026-01-14T02:37:08+01:00,[38],[35]
2026-01-14T02:27:08+01:00,[38],[137]
2026-01-14T02:07:08+01:00,[37],[32]
2026-01-14T01:57:08+01:00,[38],[40]
2026-01-14T01:47:08+01:00,[37],[15]
2026-01-14T01:37:08+01:00,[37],[25]
2026-01-14T01:07:09+01:00,[37],[10]
2026-01-14T00:57:08+01:00,[37],[6]
2026-01-13T23:37:08+01:00,[38],[19]
2026-01-13T23:27:08+01:00,[38],[18]
2026-01-13T23:17:08+01:00,[37],[21]
2026-01-13T23:07:08+01:00,[38],[34]
2026-01-13T14:17:08+01:00,[37],[109]
2026-01-13T13:47:08+01:00,[37],[27]
2026-01-13T13:27:07+01:00,[38],[197]
2026-01-13T13:17:08+01:00,[37],[30]
2026-01-13T12:27:08+01:00,[38],[69]
2026-01-13T12:17:08+01:00,[37],[90]
2026-01-13T12:07:08+01:00,[37],[14]
2026-01-13T10:27:10+01:00,[37],[39]
2026-01-13T10:07:08+01:00,[37],[16]
2026-01-13T09:37:08+01:00,[37],[45]
2026-01-13T09:07:08+01:00,[38],[46]
2026-01-13T08:57:09+01:00,[37],[11]
2026-01-13T08:37:08+01:00,[37],[15]
2026-01-13T08:27:08+01:00,[37],[33]
2026-01-13T08:17:08+01:00,[37],[319]
2026-01-13T07:57:08+01:00,[37],[59]
2026-01-13T07:47:08+01:00,[37],[10]
2026-01-13T07:37:08+01:00,[37],[85]
2026-01-13T07:27:09+01:00,[37],[27]
2026-01-13T06:57:08+01:00,[37],[64]
2026-01-13T06:47:08+01:00,[37],[30]
2026-01-13T06:37:09+01:00,[37],[34]
2026-01-13T06:17:08+01:00,[37],[81]
2026-01-13T06:07:09+01:00,[37],[85]
2026-01-13T05:47:08+01:00,[37],[65]
2026-01-13T05:27:08+01:00,[37],[74]
2026-01-13T04:47:08+01:00,[37],[72]
2026-01-13T04:27:08+01:00,[37],[21]
2026-01-13T04:17:08+01:00,[37],[71]
2026-01-13T04:07:08+01:00,[38],[64]
2026-01-13T03:37:09+01:00,[37],[46]
2026-01-13T03:17:08+01:00,[38],[21]
2026-01-13T03:07:08+01:00,[37],[27]
2026-01-13T01:57:08+01:00,[37],[40]
2026-01-13T01:37:08+01:00,[37],[39]
2026-01-13T01:17:08+01:00,[38],[23]
2026-01-13T01:07:07+01:00,[38],[15]
2026-01-13T00:47:08+01:00,[37],[23]
2026-01-12T14:37:08+01:00,[37],[18]
2026-01-12T14:27:08+01:00,[37],[25]
2026-01-12T14:17:07+01:00,[38],[99]
2026-01-12T14:07:08+01:00,[38],[26]
2026-01-12T13:57:08+01:00,[37],[32]
2026-01-12T13:47:08+01:00,[37],[37]
2026-01-12T13:37:08+01:00,[37],[44]
2026-01-12T13:27:08+01:00,[37],[38]
2026-01-12T13:17:08+01:00,[37],[16]
2026-01-12T13:07:08+01:00,[37],[24]
2026-01-12T12:05:06+01:00,"[60,60,60,60,60,60,60]","[0,0,0,0,0,0,0]"
2026-01-12T11:57:08+01:00,"[60,60,60,60,60,60,60]","[0,0,0,0,0,0,0]"
2026-01-12T11:37:11+01:00,[37],[18]
2026-01-12T11:27:11+01:00,[37],[40]
2026-01-12T11:17:11+01:00,[37],[22]
2026-01-12T11:07:12+01:00,[37],[25]
2026-01-12T10:57:11+01:00,[38],[13]
2026-01-12T10:47:11+01:00,[37],[12]
2026-01-12T10:27:11+01:00,[37],[433]
2026-01-12T10:07:11+01:00,[38],[79]
2026-01-12T09:57:11+01:00,[37],[74]
2026-01-12T09:37:11+01:00,[37],[41]
2026-01-12T09:17:11+01:00,[37],[44]
2026-01-12T09:07:11+01:00,[38],[19]
2026-01-12T08:57:11+01:00,[37],[50]
2026-01-12T08:47:11+01:00,[37],[73]
2026-01-12T08:17:11+01:00,[38],[18]
2026-01-12T08:07:11+01:00,[37],[28]
2026-01-12T07:57:11+01:00,[37],[145]
2026-01-12T07:47:11+01:00,[37],[53]
2026-01-12T07:37:11+01:00,[38],[32]
2026-01-12T06:47:12+01:00,[37],[53]
2026-01-12T06:37:11+01:00,[38],[124]
2026-01-12T05:27:11+01:00,[38],[48]
2026-01-12T05:07:11+01:00,[37],[328]
2026-01-12T03:57:11+01:00,[37],[26]
2026-01-12T03:37:11+01:00,[38],[21]
2026-01-12T03:27:11+01:00,[37],[64]
2026-01-12T03:17:11+01:00,[37],[34]
2026-01-12T02:57:11+01:00,[37],[306]
2026-01-12T02:37:11+01:00,[37],[54]
2026-01-12T02:27:11+01:00,[37],[41]
2026-01-12T02:07:12+01:00,[37],[35]
2026-01-12T01:47:11+01:00,[37],[143]
2026-01-12T01:37:11+01:00,[37],[24]
2026-01-11T14:07:11+01:00,[37],[26]
2026-01-11T13:57:11+01:00,[37],[37]
2026-01-11T13:47:11+01:00,[37],[27]
2026-01-11T13:37:11+01:00,[37],[22]
2026-01-11T13:27:11+01:00,[38],[27]
2026-01-11T12:47:12+01:00,[37],[81]
2026-01-11T11:37:11+01:00,[37],[35]
2026-01-11T10:37:11+01:00,[37],[20]
2026-01-11T09:37:11+01:00,[37],[48]
2026-01-11T09:27:11+01:00,[38],[30]
2026-01-11T09:17:12+01:00,[37],[59]
2026-01-11T09:07:11+01:00,[37],[27]
2026-01-11T08:47:11+01:00,[37],[28]
2026-01-11T08:37:11+01:00,[37],[33]
2026-01-11T08:27:11+01:00,[37],[34]
2026-01-11T08:17:11+01:00,[37],[17]
2026-01-11T08:07:11+01:00,[38],[18]
2026-01-11T07:37:11+01:00,[38],[59]
2026-01-10T17:27:11+01:00,[38],[22]
2026-01-10T17:17:11+01:00,[37],[26]
2026-01-10T17:07:11+01:00,[37],[28]
2026-01-10T16:57:11+01:00,[37],[18]
2026-01-10T16:37:11+01:00,[38],[174]
2026-01-10T16:27:11+01:00,[38],[32]
2026-01-10T16:17:11+01:00,[37],[57]
2026-01-10T16:07:12+01:00,[37],[67]
2026-01-10T15:57:11+01:00,[37],[16]
2026-01-10T15:37:10+01:00,[38],[45]
2026-01-10T15:27:11+01:00,[37],[39]
2026-01-10T15:17:10+01:00,[38],[7]
2026-01-10T15:07:11+01:00,[37],[13]
2026-01-10T14:57:11+01:00,[37],[70]
2026-01-10T14:47:11+01:00,[38],[40]
2026-01-10T14:37:11+01:00,[37],[29]
2026-01-10T14:27:11+01:00,[37],[25]
2026-01-10T14:07:11+01:00,[37],[22]
2026-01-10T13:37:11+01:00,[37],[19]
2026-01-10T13:27:11+01:00,[37],[19]
2026-01-10T13:07:11+01:00,[37],[11]
2026-01-10T12:57:11+01:00,[37],[20]
2026-01-10T12:47:11+01:00,[37],[17]
2026-01-10T12:37:11+01:00,[37],[16]
2026-01-10T12:27:11+01:00,[37],[9]
2026-01-10T11:27:11+01:00,[37],[95]
2026-01-10T10:57:11+01:00,[37],[82]
2026-01-10T10:37:11+01:00,[37],[31]
2026-01-10T10:27:11+01:00,[37],[36]
2026-01-10T10:07:12+01:00,[37],[9]
2026-01-10T09:57:10+01:00,[38],[28]
2026-01-10T09:37:11+01:00,[38],[31]
2026-01-10T09:17:11+01:00,[37],[16]
2026-01-10T09:07:11+01:00,[37],[37]
2026-01-10T08:37:11+01:00,[37],[23]
2026-01-10T08:07:11+01:00,[37],[39]
2026-01-10T07:57:11+01:00,[37],[27]
2026-01-10T07:47:11+01:00,[37],[42]
2026-01-10T07:37:11+01:00,[38],[17]
2026-01-10T06:37:11+01:00,[38],[79]
2026-01-10T06:27:11+01:00,[37],[14]
2026-01-10T06:17:11+01:00,[38],[31]
2026-01-10T05:27:11+01:00,[37],[54]
2026-01-10T05:17:11+01:00,[37],[41]
2026-01-10T05:07:11+01:00,[37],[32]
2026-01-10T04:57:11+01:00,[37],[67]
2026-01-10T04:27:11+01:00,[37],[34]
2026-01-10T04:17:11+01:00,[38],[63]
2026-01-10T04:07:11+01:00,[37],[31]
2026-01-10T02:47:11+01:00,[38],[35]
2026-01-10T02:27:11+01:00,[37],[69]
2026-01-10T02:17:11+01:00,[37],[83]
2026-01-10T02:07:11+01:00,[37],[60]
2026-01-10T01:57:11+01:00,[37],[71]
2026-01-10T01:47:11+01:00,[37],[50]
2026-01-10T00:57:11+01:00,[37],[47]
2026-01-10T00:47:11+01:00,[38],[27]
2026-01-09T14:47:14+01:00,[38],[34]
2026-01-09T14:37:14+01:00,[37],[35]
2026-01-09T14:27:14+01:00,[37],[76]
2026-01-09T14:17:14+01:00,[37],[76]
2026-01-09T14:07:14+01:00,[37],[13]
2026-01-09T13:57:14+01:00,[37],[64]
2026-01-09T13:47:14+01:00,[38],[47]
2026-01-09T13:27:15+01:00,[37],[29]
2026-01-09T13:17:14+01:00,[38],[50]
2026-01-09T13:07:14+01:00,[38],[46]
2026-01-09T12:57:14+01:00,[37],[41]
2026-01-09T12:37:14+01:00,[37],[34]
2026-01-09T12:07:14+01:00,[38],[36]
2026-01-09T11:57:14+01:00,[37],[37]
2026-01-09T11:47:14+01:00,[38],[71]
2026-01-09T11:27:14+01:00,[38],[35]
2026-01-09T11:17:14+01:00,[37],[21]
2026-01-09T11:07:14+01:00,[38],[18]
2026-01-09T10:57:14+01:00,[37],[26]
2026-01-09T10:27:14+01:00,[38],[24]
2026-01-09T10:17:14+01:00,[37],[24]
2026-01-09T10:07:14+01:00,[37],[47]
2026-01-09T09:57:14+01:00,[38],[75]
2026-01-09T09:47:15+01:00,[37],[14]
2026-01-09T09:27:14+01:00,[37],[52]
2026-01-09T09:17:14+01:00,[38],[21]
2026-01-09T09:07:15+01:00,[37],[16]
2026-01-09T08:57:14+01:00,[37],[7]
2026-01-09T08:37:14+01:00,[38],[17]
2026-01-09T08:17:14+01:00,[37],[32]
2026-01-09T08:07:14+01:00,[37],[279]
2026-01-09T07:47:15+01:00,[37],[33]
2026-01-09T07:37:14+01:00,[38],[32]
2026-01-09T07:27:15+01:00,[37],[23]
2026-01-09T07:07:14+01:00,[37],[60]
2026-01-09T06:57:14+01:00,[38],[77]
2026-01-09T06:47:14+01:00,[37],[73]
2026-01-09T06:37:14+01:00,[37],[45]
2026-01-09T06:17:14+01:00,[37],[18]
2026-01-09T05:57:14+01:00,[37],[11]
2026-01-09T04:47:14+01:00,[37],[71]
2026-01-09T04:37:14+01:00,[37],[52]
2026-01-09T04:27:14+01:00,[37],[36]
2026-01-09T04:17:14+01:00,[37],[83]
2026-01-09T04:07:14+01:00,[37],[56]
2026-01-09T03:47:14+01:00,[37],[25]
2026-01-09T03:37:14+01:00,[37],[43]
2026-01-09T03:17:14+01:00,[37],[28]
2026-01-09T02:57:14+01:00,[37],[8]
2026-01-09T02:47:14+01:00,[38],[68]
2026-01-09T02:37:14+01:00,[37],[55]
2026-01-09T02:27:14+01:00,[37],[50]
2026-01-09T02:17:14+01:00,[37],[20]
2026-01-09T02:07:14+01:00,[37],[26]
2026-01-09T01:37:14+01:00,[38],[7]
2026-01-09T00:57:15+01:00,[37],[6]
2026-01-09T00:47:14+01:00,[37],[29]
2026-01-08T14:37:14+01:00,[37],[36]
2026-01-08T14:27:14+01:00,[37],[37]
2026-01-08T14:17:14+01:00,[37],[15]
2026-01-08T13:57:14+01:00,[37],[42]
2026-01-08T13:47:14+01:00,[37],[23]
2026-01-08T13:37:14+01:00,[37],[52]
2026-01-08T13:27:15+01:00,[37],[44]
2026-01-08T13:17:14+01:00,[37],[41]
2026-01-08T13:07:14+01:00,[37],[45]
2026-01-08T12:57:14+01:00,[37],[46]
2026-01-08T12:47:15+01:00,[37],[62]
2026-01-08T12:37:14+01:00,[37],[47]
2026-01-08T12:17:14+01:00,[37],[114]
2026-01-08T11:47:14+01:00,[37],[19]
2026-01-08T11:37:14+01:00,[38],[74]
2026-01-08T11:17:14+01:00,[38],[56]
2026-01-08T11:07:15+01:00,[37],[30]
2026-01-08T10:47:14+01:00,[37],[62]
2026-01-08T10:37:14+01:00,[38],[34]
2026-01-08T10:07:14+01:00,[37],[5]
2026-01-08T09:37:14+01:00,[37],[35]
2026-01-08T09:27:15+01:00,[37],[109]
2026-01-08T09:07:14+01:00,[38],[19]
2026-01-08T08:57:15+01:00,[37],[19]
2026-01-08T08:37:14+01:00,[37],[62]
2026-01-08T08:27:14+01:00,[37],[31]
2026-01-08T08:17:14+01:00,[37],[67]
2026-01-08T08:07:15+01:00,[37],[167]
2026-01-08T07:47:14+01:00,[37],[62]
2026-01-08T07:27:14+01:00,[37],[28]
2026-01-08T07:17:14+01:00,[37],[20]
2026-01-08T07:07:15+01:00,[37],[36]
2026-01-08T06:57:14+01:00,[38],[61]
2026-01-08T06:27:14+01:00,[37],[27]
2026-01-08T05:57:14+01:00,[37],[12]
2026-01-08T05:47:14+01:00,[37],[21]
2026-01-08T05:17:14+01:00,[37],[58]
2026-01-08T04:47:14+01:00,[38],[91]
2026-01-08T04:37:14+01:00,[37],[36]
2026-01-08T04:27:14+01:00,[37],[43]
2026-01-08T03:57:14+01:00,[37],[21]
2026-01-08T03:37:14+01:00,[38],[50]
2026-01-08T03:27:15+01:00,[37],[15]
2026-01-08T03:17:14+01:00,[37],[42]
2026-01-08T03:07:14+01:00,[38],[49]
2026-01-08T02:57:14+01:00,[37],[45]
2026-01-08T02:47:14+01:00,[37],[44]
2026-01-08T02:37:14+01:00,[37],[49]
2026-01-08T02:27:14+01:00,[38],[41]
2026-01-08T01:57:14+01:00,[37],[46]
2026-01-08T01:47:14+01:00,[37],[14]
2026-01-08T01:37:14+01:00,[37],[15]
2026-01-08T01:27:14+01:00,[37],[34]
2026-01-08T01:07:14+01:00,[37],[52]
2026-01-08T00:57:14+01:00,[37],[41]
2026-01-08T00:37:14+01:00,[37],[17]
2026-01-08T00:27:14+01:00,[37],[66]
2026-01-08T00:17:14+01:00,[37],[42]
2026-01-07T13:17:14+01:00,[37],[14]
2026-01-07T13:07:14+01:00,[37],[17]
2026-01-07T12:47:14+01:00,[37],[17]
2026-01-07T12:37:13+01:00,[38],[17]
2026-01-07T12:27:14+01:00,[38],[19]
2026-01-07T12:17:14+01:00,[38],[36]
2026-01-07T12:07:14+01:00,[37],[20]
2026-01-07T11:47:14+01:00,[38],[30]
2026-01-07T10:07:14+01:00,[37],[45]
2026-01-07T09:57:14+01:00,[37],[26]
2026-01-07T09:47:14+01:00,[37],[43]
2026-01-07T09:37:15+01:00,[37],[20]
2026-01-07T09:17:14+01:00,[38],[57]
2026-01-07T09:07:14+01:00,[37],[20]
2026-01-07T08:57:14+01:00,[38],[30]
2026-01-07T08:37:14+01:00,[37],[34]
2026-01-07T08:27:14+01:00,[37],[30]
2026-01-07T08:17:14+01:00,[37],[34]
2026-01-07T08:07:14+01:00,[38],[23]
2026-01-07T07:57:14+01:00,[37],[54]
2026-01-07T07:37:14+01:00,[38],[21]
2026-01-07T07:07:14+01:00,[37],[18]
2026-01-07T06:17:14+01:00,[38],[47]
2026-01-07T06:07:14+01:00,[38],[26]
2026-01-07T05:47:14+01:00,[37],[23]
2026-01-07T05:37:14+01:00,[38],[21]
2026-01-07T05:27:14+01:00,[38],[23]
2026-01-07T05:17:14+01:00,[38],[60]
2026-01-07T04:37:14+01:00,[37],[111]
2026-01-07T04:17:14+01:00,[37],[37]
2026-01-07T04:07:14+01:00,[37],[16]
2026-01-07T03:57:14+01:00,[37],[72]
2026-01-07T03:47:15+01:00,[37],[40]
2026-01-07T03:17:14+01:00,[37],[55]
2026-01-07T03:07:14+01:00,[38],[16]
2026-01-07T02:57:14+01:00,[38],[8]
2026-01-07T02:37:14+01:00,[37],[61]
2026-01-07T02:27:14+01:00,[38],[19]
2026-01-06T14:37:16+01:00,[38],[27]
2026-01-06T13:57:17+01:00,[37],[23]
2026-01-06T13:37:17+01:00,[37],[53]
2026-01-06T11:37:17+01:00,[37],[14]
2026-01-06T10:27:17+01:00,[37],[9]
2026-01-06T10:17:17+01:00,[37],[24]
2026-01-06T10:04:36+01:00,[38],[74]
2026-01-06T09:47:17+01:00,[37],[37]
2026-01-06T09:07:17+01:00,[37],[14]
2026-01-06T08:57:17+01:00,[37],[32]
2026-01-06T08:37:17+01:00,[37],[213]
2026-01-06T08:27:17+01:00,[38],[29]
2026-01-06T08:17:17+01:00,[38],[25]
2026-01-06T08:07:17+01:00,[37],[324]
2026-01-06T07:47:17+01:00,[37],[94]
2026-01-06T07:27:17+01:00,[37],[69]
2026-01-06T07:17:17+01:00,[37],[46]
2026-01-06T07:07:17+01:00,[37],[48]
2026-01-06T06:47:17+01:00,[38],[35]
2026-01-06T06:27:17+01:00,[37],[72]
2026-01-06T06:17:17+01:00,[37],[82]
2026-01-06T05:57:17+01:00,[37],[143]
2026-01-06T05:47:17+01:00,[37],[56]
2026-01-06T05:37:17+01:00,[37],[48]
2026-01-06T05:27:19+01:00,[38],[60]
2026-01-06T05:17:17+01:00,[37],[86]
2026-01-06T05:07:17+01:00,[37],[43]
2026-01-06T04:27:17+01:00,[38],[52]
2026-01-06T04:17:17+01:00,[37],[82]
2026-01-06T04:07:17+01:00,[38],[52]
2026-01-06T03:57:17+01:00,[37],[90]
2026-01-06T03:47:17+01:00,[37],[55]
2026-01-06T03:27:17+01:00,[37],[73]
2026-01-06T03:07:17+01:00,[37],[94]
2026-01-06T02:57:17+01:00,[38],[28]
2026-01-06T02:47:17+01:00,[37],[20]
2026-01-06T02:37:17+01:00,[37],[15]
2026-01-06T02:27:17+01:00,[38],[19]
2026-01-06T02:17:17+01:00,[37],[58]
2026-01-06T02:07:17+01:00,[37],[15]
2026-01-06T01:57:17+01:00,[38],[25]
2026-01-06T01:37:17+01:00,[37],[59]
2026-01-06T00:57:17+01:00,[37],[33]
2026-01-05T13:44:09+01:00,"[60,60,60]","[0,8,0]"
2026-01-05T13:32:08+01:00,"[60,60,60,60,60,60,60,60,60,60,60,60]","[0,0,0,0,0,0,0,0,0,0,0,0]"
2026-01-05T12:57:07+01:00,"[60,60,60,60,60,60,60,60,60,60,60,60,60,60,60,60,60,60,60,60,60,60,60,60,60,60,60,60,60,60,60,60,60,60,60]","[0,0,0,0,0,0,0,0,0,0,0,0,0,0,0,0,0,0,0,8,0,0,0,0,0,0,0,0,0,0,0,0,0,0,0]"
2026-01-05T12:27:17+01:00,[37],[46]
2026-01-05T12:07:17+01:00,[37],[21]
2026-01-05T11:57:17+01:00,[37],[17]
2026-01-05T11:47:17+01:00,[37],[21]
2026-01-05T11:37:17+01:00,[37],[51]
2026-01-05T11:27:17+01:00,[37],[52]
2026-01-05T10:27:17+01:00,[36],[44]
2026-01-05T09:37:17+01:00,[37],[48]
2026-01-05T09:17:17+01:00,[38],[30]
2026-01-05T09:07:17+01:00,[38],[57]
2026-01-05T08:47:17+01:00,[37],[34]
2026-01-05T08:37:17+01:00,[37],[36]
2026-01-05T08:27:17+01:00,[37],[34]
2026-01-05T08:07:17+01:00,[37],[108]
2026-01-05T06:57:17+01:00,[37],[31]
2026-01-05T06:17:17+01:00,[37],[39]
2026-01-05T06:07:17+01:00,[37],[52]
2026-01-05T05:57:17+01:00,[37],[42]
2026-01-05T04:07:17+01:00,[37],[51]
2026-01-05T03:57:17+01:00,[37],[204]
2026-01-05T03:47:17+01:00,[37],[24]
2026-01-05T03:37:17+01:00,[38],[32]
2026-01-05T02:57:17+01:00,[37],[43]
2026-01-05T02:47:17+01:00,[38],[34]
2026-01-05T02:37:17+01:00,[37],[244]
2026-01-05T02:27:17+01:00,[38],[24]
2026-01-05T02:07:17+01:00,[37],[33]
2026-01-05T01:57:17+01:00,[37],[16]
2026-01-05T01:37:17+01:00,[38],[163]
2026-01-05T01:07:16+01:00,[38],[20]
2026-01-05T00:47:17+01:00,[37],[20]
2026-01-04T15:07:17+01:00,[37],[29]
2026-01-04T14:57:17+01:00,[37],[77]
2026-01-04T14:47:17+01:00,[37],[42]
2026-01-04T14:37:17+01:00,[37],[61]
2026-01-04T14:27:17+01:00,[37],[41]
2026-01-04T14:17:17+01:00,[37],[34]
2026-01-04T14:07:17+01:00,[38],[5]
2026-01-04T13:57:17+01:00,[37],[20]
2026-01-04T12:47:17+01:00,[37],[110]
2026-01-04T12:27:24+01:00,[37],[29]
2026-01-04T12:17:17+01:00,[37],[94]
2026-01-04T12:07:17+01:00,[37],[22]
2026-01-04T11:37:17+01:00,[37],[44]
2026-01-04T09:07:17+01:00,[38],[86]
2026-01-04T08:57:17+01:00,[37],[34]
2026-01-04T08:37:17+01:00,[37],[28]
2026-01-04T08:27:17+01:00,[37],[39]
2026-01-04T08:07:17+01:00,[37],[190]
2026-01-04T07:57:17+01:00,[38],[65]
2026-01-04T06:17:17+01:00,[37],[18]
2026-01-04T06:07:16+01:00,[38],[31]
2026-01-04T05:47:17+01:00,[38],[11]
2026-01-04T05:37:17+01:00,[37],[120]
2026-01-04T05:17:17+01:00,[38],[12]
2026-01-04T04:17:17+01:00,[38],[70]
2026-01-04T03:37:16+01:00,[37],[82]
2026-01-04T02:17:16+01:00,[38],[86]
2026-01-04T02:07:17+01:00,[37],[34]
2026-01-04T01:57:17+01:00,[37],[252]
2026-01-04T01:47:17+01:00,[38],[66]
2026-01-04T01:37:17+01:00,[37],[170]
2026-01-04T00:57:17+01:00,[37],[65]
2026-01-04T00:47:17+01:00,[37],[38]
2026-01-04T00:37:17+01:00,[37],[45]
2026-01-04T00:27:17+01:00,[37],[48]
2026-01-03T14:47:17+01:00,[37],[40]
2026-01-03T14:27:17+01:00,[37],[19]
2026-01-03T14:17:17+01:00,[37],[34]
2026-01-03T13:37:17+01:00,[37],[25]
2026-01-03T13:27:17+01:00,[37],[23]
2026-01-03T13:17:17+01:00,[37],[36]
2026-01-03T12:37:17+01:00,[38],[20]
2026-01-03T12:27:17+01:00,[38],[20]
2026-01-03T10:07:20+01:00,[37],[73]
2026-01-03T08:37:20+01:00,[37],[24]
2026-01-03T08:07:19+01:00,[38],[28]
2026-01-03T07:57:20+01:00,[37],[41]
2026-01-03T07:47:20+01:00,[37],[24]
2026-01-03T07:17:20+01:00,[38],[12]
2026-01-03T07:07:20+01:00,[37],[41]
2026-01-03T06:57:20+01:00,[37],[16]
2026-01-03T06:47:20+01:00,[37],[9]
2026-01-03T04:17:20+01:00,[37],[20]
2026-01-03T00:57:20+01:00,[38],[32]
2026-01-02T11:07:21+01:00,[37],[40]
2026-01-02T10:57:20+01:00,[37],[39]
2026-01-02T10:47:20+01:00,[37],[10]
2026-01-02T10:27:20+01:00,[38],[8]
2026-01-02T10:17:20+01:00,[37],[10]
2026-01-02T10:07:20+01:00,[37],[15]
2026-01-02T09:57:20+01:00,[37],[23]
2026-01-02T09:47:20+01:00,[37],[22]
2026-01-02T09:37:19+01:00,[38],[16]
2026-01-02T09:27:20+01:00,[37],[8]
2026-01-02T09:17:20+01:00,[37],[13]
2026-01-02T08:57:21+01:00,[37],[10]
2026-01-02T08:37:20+01:00,[37],[4]
2026-01-02T08:27:20+01:00,[37],[10]
2026-01-02T08:17:19+01:00,[37],[16]
2026-01-02T07:57:20+01:00,[38],[53]
2026-01-02T07:47:20+01:00,[37],[44]
2026-01-02T07:09:30+01:00,[38],[16]
2026-01-02T05:17:20+01:00,[38],[24]
2026-01-02T04:07:20+01:00,[37],[26]
2026-01-02T03:17:19+01:00,[38],[18]
2026-01-02T03:07:20+01:00,[37],[34]
2026-01-02T02:57:20+01:00,[38],[24]
2026-01-02T02:47:20+01:00,[37],[36]
2026-01-02T02:37:20+01:00,[37],[28]
2026-01-02T02:07:20+01:00,[37],[41]
2026-01-02T01:57:20+01:00,[37],[44]
2026-01-02T01:07:20+01:00,[37],[84]
2026-01-02T00:57:20+01:00,[37],[42]
2026-01-02T00:47:20+01:00,[37],[74]
2026-01-02T00:37:20+01:00,[38],[39]
2026-01-02T00:27:20+01:00,[37],[71]
2026-01-02T00:07:20+01:00,[37],[67]
2026-01-01T23:57:20+01:00,[38],[44]
2026-01-01T23:55:28+01:00,[37],[23]
2026-01-01T14:47:20+01:00,[37],[415]
2026-01-01T14:37:21+01:00,[37],[14]
2026-01-01T14:27:20+01:00,[37],[17]
2026-01-01T14:17:21+01:00,[37],[21]
2026-01-01T14:07:20+01:00,[37],[20]
2026-01-01T13:57:20+01:00,[37],[13]
2026-01-01T13:47:21+01:00,[37],[16]
2026-01-01T13:37:21+01:00,[37],[22]
2026-01-01T13:27:21+01:00,[37],[10]
2026-01-01T11:37:19+01:00,[38],[7]
2026-01-01T11:27:20+01:00,[38],[24]
2026-01-01T11:17:20+01:00,[37],[13]
2026-01-01T11:07:20+01:00,[37],[30]
2026-01-01T10:57:20+01:00,[37],[9]
2026-01-01T10:47:20+01:00,[37],[13]
2026-01-01T10:37:21+01:00,[37],[17]
2026-01-01T10:30:44+01:00,[84],[5]
2026-01-01T10:27:20+01:00,[37],[6]
2026-01-01T10:17:20+01:00,[37],[9]
2026-01-01T05:17:20+01:00,[38],[44]
2026-01-01T04:57:20+01:00,[38],[26]
2026-01-01T04:47:20+01:00,[37],[19]
2026-01-01T04:37:19+01:00,[37],[41]
2026-01-01T04:27:20+01:00,[37],[27]
2026-01-01T04:17:20+01:00,[38],[86]
2026-01-01T04:07:20+01:00,[37],[30]
2026-01-01T03:57:20+01:00,[38],[17]
2026-01-01T03:47:20+01:00,[37],[54]
2026-01-01T03:37:20+01:00,[37],[28]
2026-01-01T03:27:20+01:00,[37],[14]
2026-01-01T03:17:20+01:00,[37],[26]
2026-01-01T02:57:20+01:00,[37],[39]
2026-01-01T02:47:20+01:00,[37],[32]
2026-01-01T02:37:20+01:00,[37],[50]
2026-01-01T02:27:21+01:00,[37],[36]
2025-12-31T16:57:20+01:00,[37],[59]
2025-12-31T16:47:20+01:00,[38],[42]
2025-12-31T16:37:20+01:00,[38],[20]
2025-12-31T16:27:20+01:00,[37],[30]
2025-12-31T16:07:20+01:00,[38],[35]
2025-12-31T15:57:19+01:00,[38],[33]
2025-12-31T15:47:20+01:00,[37],[24]
2025-12-31T15:37:20+01:00,[37],[34]
2025-12-31T15:27:20+01:00,[37],[16]
2025-12-31T15:17:20+01:00,[37],[23]
2025-12-31T14:57:19+01:00,[38],[23]
2025-12-31T14:47:20+01:00,[37],[26]
2025-12-31T14:37:20+01:00,[37],[26]
2025-12-31T14:27:20+01:00,[37],[19]
2025-12-31T14:17:20+01:00,[38],[13]
2025-12-31T14:07:19+01:00,[38],[46]
2025-12-31T13:57:20+01:00,[37],[36]
2025-12-31T12:47:19+01:00,[38],[56]
2025-12-31T11:37:20+01:00,[38],[25]
2025-12-31T11:27:21+01:00,[37],[41]
2025-12-31T11:17:20+01:00,[37],[25]
2025-12-31T11:07:20+01:00,[37],[69]
2025-12-31T10:57:19+01:00,[38],[20]
2025-12-31T10:47:20+01:00,[37],[28]
2025-12-31T10:37:20+01:00,[38],[17]
2025-12-31T10:27:20+01:00,[37],[36]
2025-12-31T10:17:20+01:00,[37],[32]
2025-12-31T10:07:20+01:00,[38],[24]
2025-12-31T09:57:20+01:00,[37],[9]
2025-12-31T09:47:20+01:00,[38],[15]
2025-12-31T09:37:20+01:00,[38],[18]
2025-12-31T09:27:20+01:00,[37],[20]
2025-12-31T09:17:21+01:00,[37],[16]
2025-12-31T09:07:20+01:00,[38],[6]
2025-12-31T08:57:20+01:00,[38],[25]
2025-12-31T08:47:20+01:00,[38],[6]
2025-12-31T08:37:20+01:00,[37],[13]
2025-12-31T08:27:20+01:00,[37],[16]
2025-12-31T07:47:20+01:00,[37],[12]
2025-12-31T06:17:23+01:00,[37],[32]
2025-12-31T05:57:23+01:00,[38],[45]
2025-12-31T05:27:24+01:00,[37],[56]
2025-12-31T05:07:23+01:00,[37],[46]
2025-12-31T04:07:24+01:00,[37],[13]
2025-12-31T03:57:23+01:00,[37],[16]
2025-12-31T03:47:23+01:00,[37],[21]
2025-12-31T03:37:23+01:00,[37],[32]
2025-12-31T03:27:23+01:00,[37],[28]
2025-12-31T03:07:23+01:00,[37],[50]
2025-12-31T02:57:22+01:00,[38],[51]
2025-12-31T01:37:23+01:00,[37],[35]
2025-12-30T13:47:23+01:00,[38],[18]
2025-12-30T13:37:23+01:00,[37],[39]
2025-12-30T13:27:23+01:00,[38],[28]
2025-12-30T13:17:23+01:00,[37],[30]
2025-12-30T13:07:23+01:00,[37],[27]
2025-12-30T12:27:23+01:00,[38],[24]
2025-12-30T10:17:34+01:00,[38],[17]
2025-12-30T09:47:23+01:00,[37],[12]
2025-12-30T09:38:01+01:00,[37],[24]
2025-12-30T09:27:23+01:00,[37],[17]
2025-12-30T09:17:23+01:00,[37],[7]
2025-12-30T09:07:23+01:00,[37],[19]
2025-12-30T08:57:23+01:00,[37],[17]
2025-12-30T08:47:23+01:00,[37],[34]
2025-12-30T08:17:23+01:00,[37],[18]
2025-12-30T08:07:23+01:00,[38],[39]
2025-12-30T07:57:23+01:00,[38],[25]
2025-12-30T07:47:23+01:00,[37],[16]
2025-12-30T07:37:23+01:00,[37],[23]
2025-12-30T07:27:23+01:00,[38],[11]
2025-12-30T07:17:24+01:00,[37],[22]
2025-12-30T07:07:22+01:00,[37],[28]
2025-12-30T06:47:23+01:00,[37],[18]
2025-12-30T06:37:23+01:00,[37],[23]
2025-12-30T06:27:23+01:00,[38],[37]
2025-12-30T06:07:23+01:00,[37],[35]
2025-12-30T05:47:23+01:00,[37],[45]
2025-12-30T05:17:23+01:00,[37],[28]
2025-12-30T04:27:23+01:00,[38],[22]
2025-12-30T04:17:23+01:00,[37],[54]
2025-12-30T04:07:23+01:00,[37],[27]
2025-12-30T03:57:23+01:00,[37],[26]
2025-12-30T03:37:23+01:00,[37],[32]
2025-12-30T03:17:23+01:00,[37],[27]
2025-12-30T03:07:23+01:00,[37],[41]
2025-12-30T02:47:23+01:00,[37],[29]
2025-12-30T02:17:23+01:00,[38],[32]
2025-12-30T02:07:23+01:00,[37],[39]
2025-12-30T01:37:23+01:00,[38],[44]
2025-12-29T13:57:23+01:00,[38],[85]
2025-12-29T13:47:23+01:00,[37],[33]
2025-12-29T13:37:24+01:00,[37],[30]
2025-12-29T13:27:23+01:00,[38],[51]
2025-12-29T11:27:23+01:00,[37],[31]
2025-12-29T11:07:24+01:00,[37],[24]
2025-12-29T10:37:51+01:00,[38],[28]
2025-12-29T10:17:23+01:00,[37],[149]
2025-12-29T09:27:23+01:00,[38],[358]
2025-12-29T08:17:23+01:00,[37],[214]
2025-12-29T07:47:23+01:00,[37],[22]
2025-12-29T07:27:23+01:00,[38],[73]
2025-12-29T07:17:23+01:00,[38],[24]
2025-12-29T07:07:23+01:00,[37],[28]
2025-12-29T06:57:23+01:00,[37],[34]
2025-12-29T06:47:23+01:00,[38],[12]
2025-12-29T06:37:24+01:00,[37],[16]
2025-12-29T06:27:23+01:00,[38],[13]
2025-12-29T06:07:23+01:00,[37],[40]
2025-12-29T05:27:23+01:00,[38],[21]
2025-12-29T05:17:23+01:00,[37],[34]
2025-12-29T05:07:24+01:00,[37],[39]
2025-12-29T04:57:24+01:00,[37],[22]
2025-12-29T04:47:23+01:00,[37],[25]
2025-12-29T04:37:23+01:00,[38],[22]
2025-12-29T04:27:23+01:00,[37],[14]
2025-12-29T03:37:23+01:00,[38],[14]
2025-12-29T03:27:23+01:00,[38],[22]
2025-12-29T03:17:23+01:00,[37],[17]
2025-12-29T03:07:23+01:00,[38],[12]
2025-12-29T02:57:23+01:00,[37],[9]
2025-12-29T02:27:23+01:00,[37],[32]
2025-12-29T00:57:30+01:00,[37],[33]
2025-12-28T14:27:23+01:00,[37],[27]
2025-12-28T14:17:23+01:00,[37],[28]
2025-12-28T14:07:23+01:00,[37],[34]
2025-12-28T13:27:23+01:00,[37],[150]
2025-12-28T13:17:24+01:00,[37],[32]
2025-12-28T12:47:23+01:00,[37],[69]
2025-12-28T12:37:23+01:00,[37],[40]
2025-12-28T12:27:23+01:00,[37],[30]
2025-12-28T12:17:23+01:00,[38],[20]
2025-12-28T12:07:23+01:00,[37],[56]
2025-12-28T11:57:23+01:00,[37],[35]
2025-12-28T11:47:23+01:00,[37],[23]
2025-12-28T11:37:23+01:00,[37],[15]
2025-12-28T11:27:23+01:00,[37],[24]
2025-12-28T11:17:23+01:00,[38],[25]
2025-12-28T11:07:22+01:00,[38],[18]
2025-12-28T10:57:23+01:00,[38],[24]
2025-12-28T10:47:24+01:00,[37],[21]
2025-12-28T09:51:48+01:00,[37],[96]
2025-12-28T09:47:23+01:00,[38],[17]
2025-12-28T09:37:22+01:00,[38],[20]
2025-12-28T09:27:23+01:00,[37],[25]
2025-12-28T09:07:24+01:00,[37],[35]
2025-12-28T08:57:23+01:00,[37],[24]
2025-12-28T08:47:23+01:00,[37],[27]
2025-12-28T08:37:23+01:00,[37],[28]
2025-12-28T08:27:23+01:00,[38],[39]
2025-12-28T08:17:23+01:00,[37],[33]
2025-12-28T08:07:23+01:00,[37],[32]
2025-12-28T07:57:23+01:00,[37],[29]
2025-12-28T07:47:23+01:00,[38],[40]
2025-12-28T07:37:23+01:00,[37],[18]
2025-12-28T07:27:23+01:00,[37],[30]
2025-12-28T07:17:27+01:00,[38],[36]
2025-12-28T06:57:27+01:00,[37],[28]
2025-12-28T06:17:27+01:00,[37],[36]
2025-12-28T05:27:27+01:00,[37],[85]
2025-12-28T05:17:27+01:00,[37],[110]
2025-12-28T05:07:27+01:00,[37],[55]
2025-12-28T04:57:27+01:00,[38],[44]
2025-12-28T04:47:27+01:00,[37],[43]
2025-12-28T04:17:27+01:00,[37],[24]
2025-12-28T02:17:27+01:00,[37],[27]
2025-12-28T02:07:27+01:00,[37],[214]
2025-12-27T13:27:23+01:00,[38],[17]
2025-12-27T13:07:24+01:00,[37],[17]
2025-12-27T11:27:23+01:00,[37],[13]
2025-12-27T11:07:24+01:00,[37],[26]
2025-12-27T10:57:24+01:00,[37],[56]
2025-12-27T10:27:24+01:00,[37],[26]
2025-12-27T10:17:24+01:00,[38],[34]
2025-12-27T10:07:25+01:00,[37],[26]
2025-12-27T09:57:24+01:00,[37],[25]
2025-12-27T04:07:24+01:00,[37],[11]
2025-12-27T02:07:24+01:00,[37],[43]
2025-12-27T01:57:24+01:00,[37],[35]
2025-12-27T01:47:24+01:00,[37],[12]
2025-12-27T01:27:27+01:00,[37],[30]
2025-12-27T01:17:27+01:00,[37],[36]
2025-12-26T14:57:27+01:00,[37],[42]
2025-12-26T14:47:27+01:00,[37],[37]
2025-12-26T14:37:27+01:00,[37],[34]
2025-12-26T14:27:27+01:00,[37],[54]
2025-12-26T14:17:27+01:00,[37],[47]
2025-12-26T14:07:27+01:00,[38],[32]
2025-12-26T13:47:27+01:00,[37],[21]
2025-12-26T13:37:27+01:00,[37],[25]
2025-12-26T13:27:27+01:00,[37],[25]
2025-12-26T13:17:27+01:00,[37],[17]
2025-12-26T12:07:27+01:00,[37],[49]
2025-12-26T11:57:27+01:00,[37],[11]
2025-12-26T11:47:27+01:00,[37],[46]
2025-12-26T11:07:27+01:00,[37],[24]
2025-12-26T10:57:27+01:00,[37],[18]
2025-12-26T10:47:27+01:00,[37],[20]
2025-12-26T10:37:27+01:00,[38],[28]
2025-12-26T10:27:27+01:00,[37],[8]
2025-12-26T10:17:27+01:00,[38],[44]
2025-12-26T09:17:27+01:00,[37],[39]
2025-12-26T08:27:27+01:00,[37],[36]
2025-12-26T07:57:27+01:00,[37],[17]
2025-12-26T07:47:27+01:00,[38],[32]
2025-12-26T07:27:27+01:00,[37],[20]
2025-12-26T07:17:27+01:00,[37],[17]
2025-12-26T07:07:27+01:00,[37],[24]
2025-12-26T06:47:26+01:00,[38],[30]
2025-12-26T06:27:27+01:00,[37],[80]
2025-12-26T06:17:27+01:00,[37],[50]
2025-12-26T06:07:27+01:00,[38],[16]
2025-12-26T05:57:27+01:00,[37],[48]
2025-12-26T05:47:27+01:00,[37],[44]
2025-12-26T05:37:27+01:00,[38],[45]
2025-12-26T05:07:26+01:00,[38],[57]
2025-12-25T09:47:27+01:00,[37],[14]
2025-12-25T09:27:27+01:00,[37],[23]
2025-12-25T09:17:26+01:00,[37],[15]
2025-12-25T08:57:27+01:00,[37],[14]
2025-12-25T08:47:27+01:00,[37],[11]
2025-12-25T08:37:27+01:00,[37],[17]
2025-12-25T08:17:27+01:00,[37],[19]
2025-12-25T08:07:27+01:00,[37],[10]
2025-12-25T07:57:27+01:00,[37],[43]
2025-12-25T07:17:26+01:00,[37],[7]
2025-12-25T06:57:27+01:00,[38],[36]
2025-12-25T06:17:27+01:00,[37],[26]
2025-12-25T05:47:27+01:00,[37],[55]
2025-12-25T05:37:27+01:00,[37],[24]
2025-12-25T05:27:27+01:00,[38],[46]
2025-12-25T04:47:26+01:00,[37],[94]
2025-12-25T04:07:27+01:00,[37],[44]
2025-12-25T03:57:27+01:00,[37],[37]
2025-12-25T03:47:27+01:00,[37],[43]
2025-12-25T03:37:27+01:00,[37],[55]
2025-12-25T03:27:26+01:00,[38],[40]
2025-12-25T03:17:27+01:00,[38],[32]
2025-12-24T14:57:27+01:00,[37],[33]
2025-12-24T14:47:27+01:00,[37],[32]
2025-12-24T14:37:27+01:00,[37],[27]
2025-12-24T14:27:27+01:00,[37],[12]
2025-12-24T14:17:26+01:00,[38],[27]
2025-12-24T14:07:27+01:00,[37],[80]
2025-12-24T13:57:27+01:00,[37],[19]
2025-12-24T13:47:27+01:00,[37],[43]
2025-12-24T13:27:27+01:00,[37],[16]
2025-12-24T13:17:27+01:00,[38],[25]
2025-12-24T13:07:27+01:00,[37],[46]
2025-12-24T12:57:27+01:00,[37],[30]
2025-12-24T12:47:27+01:00,[37],[33]
2025-12-24T12:37:26+01:00,[38],[26]
2025-12-24T12:17:27+01:00,[37],[22]
2025-12-24T11:27:27+01:00,[37],[44]
2025-12-24T11:17:27+01:00,[37],[36]
2025-12-24T11:07:27+01:00,[37],[30]
2025-12-24T10:57:27+01:00,[38],[24]
2025-12-24T10:47:27+01:00,[37],[44]
2025-12-24T10:37:27+01:00,[37],[27]
2025-12-24T10:27:27+01:00,[37],[19]
2025-12-24T10:17:27+01:00,[37],[20]
2025-12-24T09:57:27+01:00,[37],[30]
2025-12-24T09:47:27+01:00,[37],[93]
2025-12-24T09:27:27+01:00,[37],[17]
2025-12-24T08:47:26+01:00,[38],[27]
2025-12-24T08:37:27+01:00,[38],[69]
2025-12-24T07:57:26+01:00,[38],[66]
2025-12-24T07:37:27+01:00,[37],[37]
2025-12-24T07:27:27+01:00,[37],[8]
2025-12-24T07:07:27+01:00,[37],[43]
2025-12-24T06:57:27+01:00,[37],[31]
2025-12-24T06:47:27+01:00,[37],[28]
2025-12-24T06:37:27+01:00,[37],[22]
2025-12-24T06:07:27+01:00,[38],[29]
2025-12-24T05:57:27+01:00,[37],[38]
2025-12-24T05:47:27+01:00,[38],[40]
2025-12-24T05:27:27+01:00,[37],[28]
2025-12-24T05:17:27+01:00,[37],[39]
2025-12-24T04:47:27+01:00,[37],[38]
2025-12-24T04:37:27+01:00,[37],[19]
2025-12-24T04:27:27+01:00,[37],[18]
2025-12-24T04:17:27+01:00,[37],[21]
2025-12-24T04:07:27+01:00,[37],[47]
2025-12-24T03:57:27+01:00,[37],[52]
2025-12-24T02:57:27+01:00,[38],[35]
2025-12-24T02:47:27+01:00,[37],[56]
2025-12-24T02:37:27+01:00,[38],[18]
2025-12-24T02:27:27+01:00,[37],[43]
2025-12-24T02:17:27+01:00,[37],[30]
2025-12-23T12:17:30+01:00,[37],[58]
2025-12-23T11:57:30+01:00,[37],[38]
2025-12-23T11:37:30+01:00,[38],[26]
2025-12-23T10:57:30+01:00,[37],[36]
2025-12-23T09:47:30+01:00,[37],[31]
2025-12-23T09:37:31+01:00,[37],[29]
2025-12-23T09:27:30+01:00,[38],[25]
2025-12-23T08:47:30+01:00,[37],[36]
2025-12-23T08:37:30+01:00,[37],[167]
2025-12-23T08:07:30+01:00,[37],[276]
2025-12-23T07:57:30+01:00,[38],[47]
2025-12-23T07:37:30+01:00,[37],[21]
2025-12-23T07:17:30+01:00,[37],[28]
2025-12-23T05:57:30+01:00,[38],[134]
2025-12-23T05:37:30+01:00,[37],[45]
2025-12-23T05:27:30+01:00,[37],[24]
2025-12-23T04:47:29+01:00,[38],[45]
2025-12-23T04:37:30+01:00,[37],[17]
2025-12-23T03:27:30+01:00,[38],[24]
2025-12-23T02:17:30+01:00,[37],[31]
2025-12-23T01:57:30+01:00,[37],[63]
2025-12-23T01:37:30+01:00,[37],[23]
2025-12-23T01:07:30+01:00,[38],[73]
2025-12-23T00:47:30+01:00,[37],[32]
2025-12-22T13:57:30+01:00,[37],[14]
2025-12-22T13:47:30+01:00,[37],[298]
2025-12-22T11:57:30+01:00,[37],[32]
2025-12-22T11:47:30+01:00,[38],[181]
2025-12-22T09:47:29+01:00,[38],[21]
2025-12-22T09:37:30+01:00,[37],[43]
2025-12-22T09:27:30+01:00,[37],[19]
2025-12-22T09:17:30+01:00,[37],[42]
2025-12-22T09:07:30+01:00,[37],[43]
2025-12-22T08:57:30+01:00,[37],[24]
2025-12-22T08:47:30+01:00,[37],[26]
2025-12-22T08:37:31+01:00,[37],[35]
2025-12-22T08:27:30+01:00,[37],[30]
2025-12-22T08:17:30+01:00,[37],[24]
2025-12-22T08:07:30+01:00,[37],[27]
2025-12-22T07:57:30+01:00,[37],[36]
2025-12-22T07:37:30+01:00,[37],[75]
2025-12-22T07:17:32+01:00,[38],[22]
2025-12-22T06:07:33+01:00,[37],[31]
2025-12-22T05:57:33+01:00,[37],[40]
2025-12-22T05:27:33+01:00,[37],[36]
2025-12-22T05:17:33+01:00,[38],[37]
2025-12-21T13:57:33+01:00,[37],[28]
2025-12-21T13:47:33+01:00,[37],[37]
2025-12-21T13:37:33+01:00,[37],[21]
2025-12-21T13:27:33+01:00,[38],[11]
2025-12-21T13:17:33+01:00,[38],[17]
2025-12-21T13:07:33+01:00,[37],[13]
2025-12-21T12:07:33+01:00,[37],[12]
2025-12-21T11:57:33+01:00,[38],[15]
2025-12-21T10:57:33+01:00,[37],[12]
2025-12-21T10:27:33+01:00,[37],[47]
2025-12-21T10:07:33+01:00,[37],[69]
2025-12-21T09:47:32+01:00,[38],[28]
2025-12-21T06:07:33+01:00,[37],[29]
2025-12-21T05:47:33+01:00,[37],[31]
2025-12-20T14:17:33+01:00,[37],[74]
2025-12-20T14:07:33+01:00,[37],[13]
2025-12-20T13:37:33+01:00,[37],[22]
2025-12-20T13:27:33+01:00,[37],[16]
2025-12-20T13:17:33+01:00,[37],[34]
2025-12-20T13:07:33+01:00,[37],[13]
2025-12-20T12:57:33+01:00,[37],[19]
2025-12-20T12:47:33+01:00,[37],[17]
2025-12-20T10:07:33+01:00,[38],[51]
2025-12-20T09:37:32+01:00,[38],[70]
2025-12-20T09:17:33+01:00,[37],[11]
2025-12-20T08:57:33+01:00,[38],[27]
2025-12-20T08:37:33+01:00,[37],[22]
2025-12-20T08:27:33+01:00,[37],[15]
2025-12-20T07:07:32+01:00,[38],[24]
2025-12-20T06:57:33+01:00,[37],[20]
2025-12-20T05:47:33+01:00,[37],[29]
2025-12-20T05:37:33+01:00,[37],[19]
2025-12-20T05:27:33+01:00,[37],[392]
2025-12-20T04:57:33+01:00,[38],[14]
2025-12-20T04:47:33+01:00,[37],[28]
2025-12-20T04:27:33+01:00,[37],[38]
2025-12-20T04:17:32+01:00,[37],[46]
2025-12-20T03:47:33+01:00,[37],[32]
2025-12-20T03:37:33+01:00,[38],[39]
2025-12-20T02:27:33+01:00,[37],[51]
2025-12-20T01:27:33+01:00,[37],[48]
2025-12-20T01:17:33+01:00,[37],[45]
2025-12-20T01:07:33+01:00,[38],[53]
2025-12-19T13:57:32+01:00,[38],[32]
2025-12-19T12:37:33+01:00,[37],[20]
2025-12-19T12:27:33+01:00,[37],[37]
2025-12-19T12:17:33+01:00,[37],[20]
2025-12-19T10:37:33+01:00,[38],[28]
2025-12-19T10:27:33+01:00,[38],[23]
2025-12-19T10:17:33+01:00,[38],[26]
2025-12-19T10:07:33+01:00,[38],[65]
2025-12-19T09:57:33+01:00,[36],[72]
2025-12-19T09:37:33+01:00,[37],[54]
2025-12-19T09:27:33+01:00,[37],[22]
2025-12-19T09:17:33+01:00,[37],[14]
2025-12-19T09:07:33+01:00,[37],[29]
2025-12-19T08:57:33+01:00,[37],[86]
2025-12-19T08:47:33+01:00,[37],[28]
2025-12-19T08:37:33+01:00,[37],[46]
2025-12-19T07:57:33+01:00,[37],[15]
2025-12-19T07:37:33+01:00,[37],[48]
2025-12-19T07:27:33+01:00,[37],[44]
2025-12-19T07:17:33+01:00,[37],[31]
2025-12-19T05:47:33+01:00,[37],[24]
2025-12-19T04:48:05+01:00,[37],[59]
2025-12-19T04:17:33+01:00,[37],[61]
2025-12-19T04:07:33+01:00,[38],[27]
2025-12-19T03:57:33+01:00,[37],[18]
2025-12-19T03:47:33+01:00,[37],[70]
2025-12-19T03:17:33+01:00,[37],[13]
2025-12-19T03:07:33+01:00,[37],[17]
2025-12-19T02:57:33+01:00,[37],[20]
2025-12-19T02:37:33+01:00,[38],[33]
2025-12-19T02:07:32+01:00,[38],[14]
2025-12-19T01:37:33+01:00,[37],[24]
2025-12-18T13:17:32+01:00,[38],[42]
2025-12-18T13:07:33+01:00,[37],[27]
2025-12-18T12:57:33+01:00,[37],[62]
2025-12-18T12:47:33+01:00,[37],[381]
2025-12-18T12:27:33+01:00,[37],[66]
2025-12-18T12:17:33+01:00,[37],[13]
2025-12-18T12:07:33+01:00,[37],[30]
2025-12-18T11:57:34+01:00,[37],[26]
2025-12-18T11:27:33+01:00,[37],[11]
2025-12-18T10:47:33+01:00,[38],[38]
2025-12-18T09:57:33+01:00,[37],[16]
2025-12-18T09:27:33+01:00,[38],[33]
2025-12-18T09:17:33+01:00,[37],[18]
2025-12-18T09:07:33+01:00,[37],[60]
2025-12-18T08:57:33+01:00,[37],[234]
2025-12-18T08:47:33+01:00,[38],[64]
2025-12-18T07:57:32+01:00,[38],[22]
2025-12-18T07:47:33+01:00,[37],[304]
2025-12-18T07:27:34+01:00,[37],[21]
2025-12-18T07:07:33+01:00,[37],[99]
2025-12-18T06:47:33+01:00,[37],[48]
2025-12-18T06:37:34+01:00,[37],[150]
2025-12-18T06:17:33+01:00,[37],[33]
2025-12-18T05:57:33+01:00,[37],[22]
2025-12-18T05:27:33+01:00,[37],[35]
2025-12-18T04:37:32+01:00,[37],[88]
2025-12-18T04:27:33+01:00,[37],[25]
2025-12-18T04:07:33+01:00,[38],[20]
2025-12-18T03:57:33+01:00,[37],[41]
2025-12-18T03:47:33+01:00,[38],[34]
2025-12-18T03:37:33+01:00,[37],[43]
2025-12-18T03:27:33+01:00,[37],[44]
2025-12-18T03:17:33+01:00,[38],[47]
2025-12-18T03:07:33+01:00,[37],[59]
2025-12-18T02:57:33+01:00,[37],[16]
2025-12-18T02:37:33+01:00,[37],[56]
2025-12-18T02:17:33+01:00,[37],[46]
2025-12-18T02:07:33+01:00,[37],[44]
2025-12-18T01:57:33+01:00,[37],[34]
2025-12-18T01:37:34+01:00,[37],[46]
2025-12-18T01:27:32+01:00,[38],[45]
2025-12-18T00:57:33+01:00,[37],[69]
2025-12-18T00:47:34+01:00,[37],[48]
2025-12-18T00:37:33+01:00,[38],[50]
2025-12-18T00:27:33+01:00,[37],[51]
2025-12-18T00:17:33+01:00,[37],[37]
2025-12-17T23:57:33+01:00,[38],[52]
2025-12-17T15:17:37+01:00,[38],[36]
2025-12-17T15:07:37+01:00,[38],[42]
2025-12-17T14:57:37+01:00,[37],[16]
2025-12-17T14:47:37+01:00,[37],[46]
2025-12-17T14:37:37+01:00,[37],[49]
2025-12-17T14:27:37+01:00,[37],[75]
2025-12-17T13:07:37+01:00,[37],[18]
2025-12-17T12:17:37+01:00,[37],[42]
2025-12-17T11:57:36+01:00,[38],[37]
2025-12-17T11:47:37+01:00,[37],[22]
2025-12-17T11:37:37+01:00,[38],[53]
2025-12-17T11:17:37+01:00,[37],[30]
2025-12-17T10:47:37+01:00,[37],[87]
2025-12-17T09:47:37+01:00,[37],[20]
2025-12-17T09:37:37+01:00,[37],[43]
2025-12-17T09:27:37+01:00,[37],[16]
2025-12-17T09:17:36+01:00,[37],[27]
2025-12-17T09:07:37+01:00,[37],[25]
2025-12-17T08:57:37+01:00,[37],[44]
2025-12-17T07:57:37+01:00,[37],[54]
2025-12-17T07:47:37+01:00,[37],[52]
2025-12-17T07:27:37+01:00,[37],[35]
2025-12-17T06:57:37+01:00,[37],[9]
2025-12-17T06:47:37+01:00,[37],[36]
2025-12-17T06:37:37+01:00,[37],[39]
2025-12-17T06:07:37+01:00,[37],[29]
2025-12-17T05:57:37+01:00,[38],[75]
2025-12-17T05:37:36+01:00,[38],[49]
2025-12-17T05:27:37+01:00,[37],[48]
2025-12-17T04:27:37+01:00,[37],[102]
2025-12-17T04:17:37+01:00,[37],[62]
2025-12-17T04:07:37+01:00,[37],[17]
2025-12-17T03:57:37+01:00,[37],[44]
2025-12-17T03:47:37+01:00,[37],[265]
2025-12-17T03:37:37+01:00,[37],[44]
2025-12-17T03:27:37+01:00,[37],[50]
2025-12-17T03:17:37+01:00,[37],[38]
2025-12-17T03:07:37+01:00,[37],[26]
2025-12-17T02:57:37+01:00,[38],[20]
2025-12-17T02:47:37+01:00,[38],[26]
2025-12-17T02:37:37+01:00,[38],[22]
2025-12-17T02:27:37+01:00,[37],[33]
2025-12-17T02:17:37+01:00,[37],[60]
2025-12-17T02:07:37+01:00,[37],[23]
2025-12-17T01:17:38+01:00,[37],[45]
2025-12-16T14:17:36+01:00,[37],[168]
2025-12-16T13:47:37+01:00,[37],[18]
2025-12-16T13:27:37+01:00,[37],[24]
2025-12-16T10:57:37+01:00,[37],[32]
2025-12-16T10:37:36+01:00,[37],[13]
2025-12-16T10:07:37+01:00,[37],[48]
2025-12-16T09:37:37+01:00,[38],[57]
2025-12-16T09:27:37+01:00,[37],[34]
2025-12-16T09:07:37+01:00,[38],[42]
2025-12-16T08:57:37+01:00,[37],[117]
2025-12-16T08:47:50+01:00,[37],[66]
2025-12-16T08:37:37+01:00,[37],[25]
2025-12-16T08:17:37+01:00,[37],[37]
2025-12-16T08:07:37+01:00,[37],[21]
2025-12-16T07:57:38+01:00,[37],[46]
2025-12-16T07:47:37+01:00,[38],[61]
2025-12-16T07:37:37+01:00,[37],[26]
2025-12-16T07:27:37+01:00,[37],[18]
2025-12-16T07:17:37+01:00,[37],[139]
2025-12-16T06:37:37+01:00,[37],[20]
2025-12-16T06:27:37+01:00,[37],[333]
2025-12-16T06:17:37+01:00,[38],[15]
2025-12-16T05:47:37+01:00,[37],[346]
2025-12-16T05:27:37+01:00,[37],[345]
2025-12-16T04:43:39+01:00,[37],[51]
2025-12-16T04:27:36+01:00,[38],[59]
2025-12-16T04:17:37+01:00,[37],[35]
2025-12-16T03:47:37+01:00,[37],[52]
2025-12-16T03:27:36+01:00,[38],[52]
2025-12-16T03:17:36+01:00,[38],[79]
2025-12-16T03:07:37+01:00,[37],[254]
2025-12-16T02:17:37+01:00,[37],[199]
2025-12-16T02:07:37+01:00,[37],[59]
2025-12-16T01:57:37+01:00,[37],[37]
2025-12-16T01:47:37+01:00,[37],[34]
2025-12-15T17:20:11+01:00,"[60,60,60,60,60,60,60,60,60,60,60,60,60,60,60,60,60,60,60,60,60,60,60,60,60,60,60,60,60,60,60,60,60,60,60,60,60,60,60,60,60,60,60,60,60,60,60,60,60,60,60,60,60,60,60,60,60,60,60,60,60,60,60,60,60,60,60,60,60,60,60,60,60,60,60,60,60,60,60,60,60,60,60,60,60,60,60,60,60,60]","[0,0,0,0,0,0,0,0,0,0,0,0,0,0,0,0,0,0,0,0,0,0,0,0,0,0,0,0,0,0,0,0,0,0,0,0,0,0,0,0,0,0,0,0,0,0,0,0,0,0,0,0,0,0,0,0,0,0,0,0,0,0,0,0,0,0,0,0,0,0,0,0,0,0,0,0,0,0,0,0,0,0,0,0,0,0,0,0,0,0]"
2025-12-15T17:07:10+01:00,"[60,60,60,60,60,60,60,60,60,60,60,60,60]","[0,0,0,0,0,0,0,0,0,0,0,0,0]"
2025-12-15T16:57:10+01:00,"[60,60,60,60,60,60,60,60,60,60]","[0,0,0,0,0,0,0,0,0,0]"
2025-12-15T16:49:10+01:00,"[60,60,60,60,60,60,60,60]","[0,0,0,0,0,0,0,0]"
2025-12-15T16:27:09+01:00,"[60,60,60,60,60,60,60,60,60,60,60,60,60,60,60,60,60,60,60,60,60,60]","[0,0,0,0,0,0,0,0,0,0,0,0,0,0,0,0,0,0,0,0,0,0]"
2025-12-15T16:21:09+01:00,"[60,60,60,60,60,60]","[0,0,0,0,0,0]"
2025-12-15T15:57:37+01:00,[37],[13]
2025-12-15T15:47:37+01:00,[37],[12]
2025-12-15T15:37:37+01:00,[38],[15]
2025-12-15T15:33:05+01:00,[37],[19]
2025-12-15T15:27:29+01:00,[37],[7]
2025-12-15T15:26:31+01:00,[37],[15]
2025-12-15T14:47:37+01:00,[37],[20]
2025-12-15T14:17:37+01:00,[37],[27]
2025-12-15T14:07:37+01:00,[37],[13]
2025-12-15T13:47:37+01:00,[37],[20]
2025-12-15T13:07:37+01:00,[37],[19]
2025-12-15T12:37:37+01:00,[37],[35]
2025-12-15T11:57:37+01:00,[38],[52]
2025-12-15T11:47:37+01:00,[37],[41]
