from,to,"light (s)","deep (s)","rem (s)","awake (s)","wake up","Duration to sleep (s)","Duration to wake up (s)","Snoring (s)","Snoring episodes","Average heart rate","Heart rate (min)","Heart rate (max)","Night events",Notes
2022-11-10T23:24:00+08:00,2022-11-11T06:44:00+08:00,13320,5460,6540,1080,1,660,0,0,0,62,49,74,"{""1"":[0],""2"":[660,25080],""3"":[25320,1080],""4"":[26400]}",
2022-11-11T23:41:00+08:00,2022-11-12T07:49:00+08:00,10080,6840,7920,3960,5,780,840,0,0,67,46,79,"{""1"":[0,22500,540,420],""2"":[780,13980,1200,1680,1560,4260],""3"":[14400,1140,1680,1440,3720,6060],""4"":[22380,540,300,6060]}",
2022-11-13T08:52:00+08:00,2022-11-13T12:21:00+08:00,6420,4320,600,1200,0,1200,0,0,0,74,54,83,"{""1"":[0],""2"":[1200],""3"":[12540],""4"":[12540]}",
2022-11-13T23:28:00+08:00,2022-11-14T06:33:00+08:00,8880,7020,6420,3180,0,780,2400,0,0,67,53,82,"{""1"":[0],""2"":[780],""3"":[23100],""4"":[25500]}",
2022-11-14T23:47:00+08:00,2022-11-15T07:53:00+08:00,5220,5340,1680,4860,3,660,2400,0,0,70,60,81,"{""1"":[0,13500,7980],""2"":[660,6360,7140,8040],""3"":[6600,2040,5640,12480],""4"":[8640,5640,14880]}",
2022-11-15T22:38:00+08:00,2022-11-16T07:34:00+08:00,11700,7680,10980,1800,0,600,1200,0,0,63,51,80,"{""1"":[0],""2"":[600],""3"":[30960],""4"":[32160]}",
2022-11-16T23:34:00+08:00,2022-11-17T05:24:00+08:00,6840,5820,7320,720,1,660,0,0,0,65,56,78,"{""1"":[0,19740],""2"":[660,19140],""3"":[19440,1560],""4"":[19440,1560]}",
2022-11-17T23:04:00+08:00,2022-11-18T07:11:00+08:00,12720,5040,10320,1140,1,660,0,0,0,66,54,76,"{""1"":[0],""2"":[660,27300],""3"":[27480,1740],""4"":[29220]}",
2022-11-18T23:48:00+08:00,2022-11-19T08:02:00+08:00,12720,4860,10140,1920,1,600,0,0,0,67,55,78,"{""1"":[0],""2"":[600,27000],""3"":[26280,3360],""4"":[29640]}",
2022-11-19T23:21:00+08:00,2022-11-20T07:40:00+08:00,12120,7860,7980,1980,1,660,600,0,0,64,52,75,"{""1"":[0],""2"":[660,26940],""3"":[26880,2460],""4"":[29940]}",
2022-11-20T23:13:00+08:00,2022-11-21T05:43:00+08:00,10140,5820,6180,1260,1,900,0,0,0,64,53,74,"{""1"":[0],""2"":[900,21240],""3"":[21780,1620],""4"":[23400]}",
2022-11-21T23:18:00+08:00,2022-11-22T07:01:00+08:00,15420,3480,7860,1020,1,600,0,0,0,65,52,77,"{""1"":[0],""2"":[600,1200],""3"":[1380,26400],""4"":[27780]}",
2022-11-22T23:36:00+08:00,2022-11-23T07:58:00+08:00,6720,8520,7560,3300,3,660,900,0,0,66,45,88,"{""1"":[0,5220,4680],""2"":[660,4560,5280,18360],""3"":[4380,1740,22200,900],""4"":[4980,1140,24000]}",
2022-11-23T22:14:00+08:00,2022-11-24T07:23:00+08:00,8700,7080,13080,3780,2,1320,780,0,0,77,45,96,"{""1"":[0,22260],""2"":[1320,20940,9420],""3"":[21960,8040,2160],""4"":[21960,10980]}",
2022-11-26T13:18:00+08:00,2022-11-26T14:38:00+08:00,240,1260,720,2280,1,1020,0,0,0,80,63,86,"{""1"":[0,2820],""2"":[1020,3060],""3"":[2520,2280],""4"":[2520,2280]}",
2022-11-30T22:26:00+08:00,2022-12-01T05:33:00+08:00,10020,6780,6060,2760,1,1860,0,0,0,67,57,79,"{""1"":[0],""2"":[1860,22200],""3"":[23160,2460],""4"":[25620]}",
2022-12-05T00:33:00+08:00,2022-12-05T07:21:00+08:00,12360,3840,6120,2160,3,780,0,0,0,59,51,67,"{""1"":[0],""2"":[780,11160,8100,2160],""3"":[11580,8100,1860,2940],""4"":[24480]}",
2022-12-05T21:50:00+08:00,2022-12-06T05:25:00+08:00,11940,6900,6300,2160,3,840,0,0,0,75,63,86,"{""1"":[0],""2"":[840,3420,13320,8280],""3"":[3660,13560,8280,1800],""4"":[27300]}",
2022-12-06T23:08:00+08:00,2022-12-07T07:00:00+08:00,11820,6300,7800,2400,1,1620,0,0,0,61,50,77,"{""1"":[0],""2"":[1620,23940],""3"":[24780,3540],""4"":[28320]}",
2022-12-07T21:17:00+08:00,2022-12-07T22:04:00+08:00,1500,0,0,1320,0,1320,0,0,0,85,81,88,"{""1"":[0],""2"":[1320],""3"":[2820],""4"":[2820]}",
2022-12-08T00:12:00+08:00,2022-12-08T06:00:00+08:00,8640,4080,6240,1920,1,1260,0,0,0,61,52,72,"{""1"":[0],""2"":[1260,18540],""3"":[19140,1740],""4"":[20880]}",
2022-12-09T00:18:00+08:00,2022-12-09T06:53:00+08:00,11340,4200,7920,240,0,240,0,0,0,62,50,71,"{""1"":[0],""2"":[240],""3"":[23700],""4"":[23700]}",
2022-12-10T00:11:00+08:00,2022-12-10T06:35:00+08:00,7620,7680,6840,900,1,540,0,0,0,60,49,68,"{""1"":[0],""2"":[540,20100],""3"":[20280,2760],""4"":[23040]}",
2022-12-11T00:21:00+08:00,2022-12-11T03:23:00+08:00,2040,4980,2700,1200,1,840,0,0,0,71,62,78,"{""1"":[0],""2"":[840,9420],""3"":[9900,1020],""4"":[10920]}",
2022-12-11T05:56:00+08:00,2022-12-11T08:30:00+08:00,5040,0,660,3540,1,1980,0,0,0,68,55,75,"{""1"":[0],""2"":[1980,3420],""3"":[3840,5400],""4"":[9240]}",
2022-12-11T15:12:00+08:00,2022-12-11T16:32:00+08:00,3120,540,0,1140,0,1140,0,0,0,71,55,93,"{""1"":[0],""2"":[1140],""3"":[4800],""4"":[4800]}",
2022-12-11T22:56:00+08:00,2022-12-12T05:45:00+08:00,12480,4560,6420,1080,0,1080,0,0,0,57,47,66,"{""1"":[0],""2"":[1080],""3"":[24540],""4"":[24540]}",
2022-12-12T23:03:00+08:00,2022-12-13T07:48:00+08:00,20160,2820,3360,1500,5,420,0,0,0,59,50,83,"{""1"":[0,960,16980,1440,7380],""2"":[420,540,16200,780,1440,7620],""3"":[840,15480,1440,1440,4380,7920],""4"":[840,16920,1440,4380,7920]}",
2022-12-13T22:48:00+08:00,2022-12-14T05:53:00+08:00,11100,4080,8280,2040,0,660,1380,0,0,60,49,70,"{""1"":[0],""2"":[660],""3"":[24120],""4"":[25500]}",
2022-12-14T23:23:00+08:00,2022-12-15T08:27:00+08:00,20160,3420,7080,1980,2,720,0,0,0,62,47,78,"{""1"":[0],""2"":[720,28020,2340],""3"":[28320,1920,2400],""4"":[32640]}",
2022-12-15T23:13:00+08:00,2022-12-16T06:05:00+08:00,10320,5160,8400,840,0,840,0,0,0,61,52,73,"{""1"":[0],""2"":[840],""3"":[24720],""4"":[24720]}",
2022-12-16T14:20:00+08:00,2022-12-16T14:59:00+08:00,1380,0,0,840,1,840,0,0,0,63,51,72,"{""1"":[0,1080],""2"":[840,240],""3"":[960,1380],""4"":[960,1380]}",
2022-12-17T01:19:00+08:00,2022-12-17T08:53:00+08:00,13920,6900,3720,2100,4,1080,0,0,0,64,48,78,"{""1"":[0,4740,3360,11640],""2"":[1080,3660,3360,11700,6840],""3"":[4620,3180,11760,6120,1560],""4"":[4620,3180,11760,7680]}",
2022-12-17T23:06:00+08:00,2022-12-18T08:52:00+08:00,17940,3840,12180,1200,1,600,0,0,0,58,47,70,"{""1"":[0],""2"":[600,31860],""3"":[31860,3300],""4"":[35160]}",
2022-12-19T02:48:00+08:00,2022-12-19T09:18:00+08:00,11100,3720,5760,2820,2,960,0,0,0,61,51,74,"{""1"":[0],""2"":[960,19440,1920],""3"":[19620,1620,2160],""4"":[23400]}",
2022-12-19T22:58:00+08:00,2022-12-20T07:48:00+08:00,18960,2580,8640,1620,2,900,0,0,0,57,45,68,"{""1"":[0],""2"":[900,27180,1800],""3"":[27720,1800,2280],""4"":[31800]}",
2022-12-21T00:21:00+08:00,2022-12-21T10:11:00+08:00,16800,2340,7080,3180,3,1320,0,0,0,62,48,89,"{""1"":[0,4800,6120,16920,6300],""2"":[1320,10620,16140,6120],""3"":[4620,23100,6300,1380],""4"":[4620,720,22380,6300,1380]}",
2022-12-21T22:51:00+08:00,2022-12-22T08:16:00+08:00,16980,4920,9960,2040,1,1560,0,0,0,58,47,72,"{""1"":[0],""2"":[1560,31500],""3"":[32580,1320],""4"":[33900]}",
2022-12-23T01:25:00+08:00,2022-12-23T08:19:00+08:00,11880,4200,6480,2280,1,780,780,0,0,63,53,77,"{""1"":[0],""2"":[780,22560],""3"":[22620,1440],""4"":[24840]}",
2022-12-24T00:15:00+08:00,2022-12-24T08:50:00+08:00,18120,4740,6180,1380,3,1020,0,0,0,65,48,84,"{""1"":[0,26940,2160],""2"":[1020,5880,20040,2160],""3"":[6540,20280,1920,2160],""4"":[26820,1920,2160]}",
2022-12-24T23:57:00+08:00,2022-12-25T07:12:00+08:00,12300,4140,4020,3120,2,1680,0,0,0,61,51,73,"{""1"":[0,5040],""2"":[1680,4140,9540],""3"":[2520,12180,11400],""4"":[2520,23580]}",
2022-12-25T22:43:00+08:00,2022-12-26T09:04:00+08:00,20700,4380,11160,1020,1,480,0,0,0,57,47,76,"{""1"":[0],""2"":[480,35400],""3"":[35340,1920],""4"":[37260]}",
2022-12-27T01:26:00+08:00,2022-12-27T10:06:00+08:00,16080,3840,7980,3300,1,960,1980,0,0,61,47,70,"{""1"":[0],""2"":[960,26640],""3"":[27240,1980],""4"":[31200]}",
2022-12-28T00:41:00+08:00,2022-12-28T08:38:00+08:00,17700,4140,4980,1800,1,1380,0,0,0,59,48,71,"{""1"":[0],""2"":[1380,25800],""3"":[26760,1860],""4"":[28620]}",
2022-12-28T22:35:00+08:00,2022-12-29T08:42:00+08:00,19800,3900,7920,1740,1,780,660,0,0,58,46,73,"{""1"":[0,23880],""2"":[780,23400],""3"":[20820,14940],""4"":[20820,15600]}",
2022-12-30T02:14:00+08:00,2022-12-30T10:03:00+08:00,16920,3720,5640,1860,2,720,0,0,0,57,49,68,"{""1"":[0],""2"":[720,18780,6660],""3"":[19080,6360,2700],""4"":[28140]}",
2023-01-02T23:09:00+08:00,2023-01-03T00:45:00+08:00,2640,1500,840,780,0,780,0,0,0,64,52,74,"{""1"":[0],""2"":[780],""3"":[5760],""4"":[5760]}",
2023-01-03T02:50:00+08:00,2023-01-03T09:11:00+08:00,11700,4260,5460,1260,2,840,0,0,0,61,50,86,"{""1"":[0,2880],""2"":[840,2040,19440],""3"":[2700,19200,960],""4"":[2700,20160]}",
2023-01-03T22:51:00+08:00,2023-01-04T08:56:00+08:00,23400,3720,7920,840,2,780,0,0,0,62,51,73,"{""1"":[0,34620,900],""2"":[780,33900,840],""3"":[34380,960,960],""4"":[34380,960,960]}",
2023-01-05T00:41:00+08:00,2023-01-05T03:12:00+08:00,2400,0,1380,4080,1,1380,0,0,0,66,54,71,"{""1"":[0,5760],""2"":[1380,7080],""3"":[4560,4500],""4"":[4560,4500]}",
2023-01-05T06:24:00+08:00,2023-01-05T08:59:00+08:00,4680,780,1500,2340,2,1200,0,0,0,67,55,73,"{""1"":[0],""2"":[1200,3240,2040],""3"":[3960,1860,3480],""4"":[9300]}",
2023-01-05T14:36:00+08:00,2023-01-05T16:41:00+08:00,5580,0,0,1920,2,1020,0,0,0,66,47,75,"{""1"":[0],""2"":[1020,3780,1740],""3"":[4380,1680,1440],""4"":[7500]}",
2023-01-05T23:05:00+08:00,2023-01-06T09:12:00+08:00,16020,7320,11160,1920,2,960,0,300,1,60,47,71,"{""1"":[0],""2"":[960,33060,1440],""3"":[33420,1680,1320],""4"":[36420]}",
2023-01-07T00:39:00+08:00,2023-01-07T03:55:00+08:00,4080,2700,3240,1320,3,900,0,0,0,65,56,102,"{""1"":[0,9000,1080],""2"":[900,5880,2220,1080],""3"":[6360,2460,1020,1920],""4"":[8820,1020,1920]}",
2023-01-07T11:08:00+08:00,2023-01-07T12:40:00+08:00,3720,0,0,1440,2,1440,0,0,0,67,60,74,"{""1"":[0,2220,2340],""2"":[1440,780,2340],""3"":[2160,2100,1260],""4"":[2160,2100,1260]}",
2023-01-07T17:07:00+08:00,2023-01-07T17:49:00+08:00,540,0,0,1980,0,1980,0,0,0,63,60,66,"{""1"":[0],""2"":[1980],""3"":[2520],""4"":[2520]}",
2023-01-07T22:21:00+08:00,2023-01-08T08:49:00+08:00,19140,7260,9120,2040,2,1200,0,0,0,61,46,74,"{""1"":[0,34680],""2"":[1200,33600,1860],""3"":[34560,1380,1740],""4"":[34560,3120]}",
2023-01-09T00:26:00+08:00,2023-01-09T07:19:00+08:00,10380,5700,6480,2220,2,1320,0,0,0,59,50,77,"{""1"":[0],""2"":[1320,4680,18000],""3"":[5640,17820,1320],""4"":[24780]}",
2023-01-09T23:45:00+08:00,2023-01-10T01:00:00+08:00,2040,0,1140,1140,1,960,0,0,0,74,65,86,"{""1"":[0,3780],""2"":[960,3000],""3"":[3600,900],""4"":[3600,900]}",
2023-01-10T04:48:00+08:00,2023-01-10T07:28:00+08:00,4260,2160,2640,540,0,540,0,0,0,63,55,70,"{""1"":[0],""2"":[540],""3"":[9600],""4"":[9600]}",
2023-01-10T18:15:00+08:00,2023-01-11T07:19:00+08:00,26640,6900,11760,1500,3,720,0,0,0,60,47,74,"{""1"":[0,18300],""2"":[720,6840,10740,16440],""3"":[7140,10920,16320,12660],""4"":[18060,28980]}",
2023-01-11T23:27:00+08:00,2023-01-12T00:23:00+08:00,300,1260,0,1800,0,1800,0,0,0,63,60,66,"{""1"":[0],""2"":[1800],""3"":[3360],""4"":[3360]}",
2023-01-12T02:37:00+08:00,2023-01-12T07:25:00+08:00,8460,3600,3960,1260,1,660,0,0,0,61,47,78,"{""1"":[0],""2"":[660,14400],""3"":[14460,2820],""4"":[17280]}",
2023-01-12T23:00:00+08:00,2023-01-13T07:21:00+08:00,15300,5580,6900,1680,2,840,840,0,0,62,51,81,"{""1"":[0,2460,25020],""2"":[840,1620,25020],""3"":[2160,25020,2040],""4"":[2160,25020,2880]}",
2023-01-13T23:33:00+08:00,2023-01-14T07:33:00+08:00,17460,2880,5340,3120,1,1500,1020,0,0,57,47,70,"{""1"":[0],""2"":[1500,24060],""3"":[24960,2820],""4"":[28800]}",
2023-01-14T23:38:00+08:00,2023-01-15T07:34:00+08:00,18300,1740,6060,2460,2,1020,0,0,0,61,49,68,"{""1"":[0],""2"":[1020,24240,1440],""3"":[24480,1560,2520],""4"":[28560]}",
2023-01-16T00:02:00+08:00,2023-01-16T08:10:00+08:00,17160,1560,3180,4140,4,1260,0,0,0,60,50,94,"{""1"":[0,8100,5040,5220],""2"":[1260,4020,2820,6840,3420],""3"":[4800,2340,3360,7620,11160],""4"":[7740,2760,7620,11160]}",
2023-01-16T23:56:00+08:00,2023-01-17T07:56:00+08:00,15900,5220,6720,600,1,600,0,0,0,61,51,76,"{""1"":[0,26640],""2"":[600,26040],""3"":[26280,2520],""4"":[26280,2520]}",
2023-01-17T22:53:00+08:00,2023-01-18T06:11:00+08:00,19680,1320,4440,840,0,840,0,0,0,63,50,81,"{""1"":[0],""2"":[840],""3"":[26280],""4"":[26280]}",
2023-01-18T23:06:00+08:00,2023-01-19T07:23:00+08:00,14580,4680,8040,1920,1,1560,0,0,0,60,46,72,"{""1"":[0,27360],""2"":[1560,26160],""3"":[26760,3060],""4"":[26760,3060]}",
2023-01-19T23:17:00+08:00,2023-01-20T07:12:00+08:00,18540,3420,5760,780,0,780,0,0,0,61,45,79,"{""1"":[0],""2"":[780],""3"":[28500],""4"":[28500]}",
2023-01-20T22:50:00+08:00,2023-01-21T06:50:00+08:00,18000,3600,6060,1140,0,1140,0,0,0,59,48,75,"{""1"":[0],""2"":[1140],""3"":[28800],""4"":[28800]}",
2023-01-21T23:41:00+08:00,2023-01-22T08:32:00+08:00,15660,4980,7920,2640,3,960,0,0,0,58,46,73,"{""1"":[0,18180,5580],""2"":[960,17220,5640,5460],""3"":[17760,4620,6420,3060],""4"":[17760,5760,8340]}",
2023-01-22T23:25:00+08:00,2023-01-23T00:46:00+08:00,1020,0,1320,2280,1,2100,120,0,0,66,59,79,"{""1"":[0,2880],""2"":[2100,840],""3"":[2640,2100],""4"":[2640,2220]}",
2023-01-23T02:57:00+08:00,2023-01-23T07:30:00+08:00,9300,3300,2940,660,1,660,0,0,0,59,49,70,"{""1"":[0,14400],""2"":[660,13740],""3"":[14220,2160],""4"":[14220,2160]}",
2023-01-23T23:09:00+08:00,2023-01-24T07:11:00+08:00,15000,4920,6960,2040,1,840,0,0,0,56,48,70,"{""1"":[0],""2"":[840,26040],""3"":[25680,3240],""4"":[28920]}",
2023-01-24T22:58:00+08:00,2023-01-25T07:20:00+08:00,15780,4560,7920,1860,1,1140,0,0,0,59,48,74,"{""1"":[0],""2"":[1140,27540],""3"":[27960,2160],""4"":[30120]}",
2023-01-26T00:39:00+08:00,2023-01-26T09:25:00+08:00,14760,5700,6720,3180,2,840,0,0,0,58,46,70,"{""1"":[0,29040],""2"":[840,21360,8580],""3"":[21600,6240,3720],""4"":[27840,3720]}",
2023-01-26T23:13:00+08:00,2023-01-27T07:12:00+08:00,15300,2940,8400,1740,3,1380,0,0,0,61,51,78,"{""1"":[0,27000,1320],""2"":[1380,4320,21300,1320],""3"":[5340,21420,1440,540],""4"":[26760,1440,540]}",
2023-01-27T23:30:00+08:00,2023-01-28T06:55:00+08:00,14400,4740,6480,1080,1,660,0,0,0,65,51,80,"{""1"":[0],""2"":[660,23940],""3"":[24180,2520],""4"":[26700]}",
2023-01-28T22:58:00+08:00,2023-01-29T07:21:00+08:00,18720,2040,7680,1740,2,960,0,0,0,57,46,69,"{""1"":[0],""2"":[960,26880,1440],""3"":[27420,1500,1260],""4"":[30180]}",
2023-01-29T22:25:00+08:00,2023-01-30T05:56:00+08:00,12600,2280,3360,3780,3,1020,0,0,0,60,50,73,"{""1"":[0,13080,7860,1260,1260],""2"":[1020,12660,9180,1440],""3"":[11160,7620,4320,3960],""4"":[11160,7620,2820,1500,3960]}",
2023-01-30T21:48:00+08:00,2023-01-31T06:51:00+08:00,13980,5520,6960,2400,4,1140,0,0,0,61,47,74,"{""1"":[0,20940,4320,5700],""2"":[1140,20160,4380,4560,720],""3"":[19980,2640,7140,1080,1740],""4"":[19980,2640,8220,1740]}",
2023-01-31T22:46:00+08:00,2023-02-01T06:16:00+08:00,15840,4740,5040,1080,1,1080,0,0,0,60,49,104,"{""1"":[0,1860],""2"":[1080,780],""3"":[1560,25440],""4"":[1560,25440]}",
2023-02-01T22:59:00+08:00,2023-02-02T07:22:00+08:00,16440,3960,8100,1380,2,840,0,0,0,58,47,84,"{""1"":[0,28740],""2"":[840,26580,1320],""3"":[26880,1560,1740],""4"":[28440,1740]}",
2023-02-02T23:47:00+08:00,2023-02-03T06:30:00+08:00,12060,3960,7140,1020,1,600,0,0,0,57,47,70,"{""1"":[0],""2"":[600,6240],""3"":[6420,17760],""4"":[24180]}",
2023-02-03T23:39:00+08:00,2023-02-04T08:14:00+08:00,14040,4380,7320,3840,4,840,0,0,0,62,49,77,"{""1"":[0,7440,23400],""2"":[840,7800,18660,2340,1200],""3"":[6180,20160,2460,1980,120],""4"":[6180,24600,120]}",
2023-02-04T23:48:00+08:00,2023-02-05T07:23:00+08:00,16920,3120,6000,1260,1,840,0,0,0,58,49,71,"{""1"":[0],""2"":[840,22980],""3"":[23400,3900],""4"":[27300]}",
2023-02-06T00:45:00+08:00,2023-02-06T07:02:00+08:00,6600,4860,4320,3240,2,1740,0,0,0,61,51,73,"{""1"":[0,7860,12180,840],""2"":[1740,6480,13140],""3"":[6600,11280,4740],""4"":[6600,11280,2820,1920]}",
2023-02-07T00:14:00+08:00,2023-02-07T07:00:00+08:00,11580,4680,7080,1020,1,600,0,0,0,59,45,76,"{""1"":[0],""2"":[600,20760],""3"":[20940,3420],""4"":[24360]}",
2023-02-08T01:33:00+08:00,2023-02-08T07:12:00+08:00,4320,6720,3840,4140,1,900,0,0,0,68,54,78,"{""1"":[0,16080,1920],""2"":[900,18600],""3"":[14940,5400],""4"":[14940,2880,2520]}",
2023-02-08T23:44:00+08:00,2023-02-09T07:16:00+08:00,8460,6000,3600,6120,1,1860,0,0,0,68,51,80,"{""1"":[0,21000,3540],""2"":[1860,23520],""3"":[18180,8940],""4"":[18180,6240,2700]}",
2023-02-09T21:31:00+08:00,2023-02-10T06:52:00+08:00,19920,5640,6840,960,2,540,0,0,0,64,50,88,"{""1"":[0,32640],""2"":[540,25260,6840],""3"":[25380,6960,1320],""4"":[32340,1320]}",
2023-02-10T23:23:00+08:00,2023-02-11T07:10:00+08:00,9840,6780,6600,1380,1,1020,0,0,0,59,50,76,"{""1"":[0,18000],""2"":[1020,17340],""3"":[14580,13440],""4"":[14580,13440]}",
2023-02-11T21:52:00+08:00,2023-02-12T06:46:00+08:00,15300,6420,8100,2100,2,1500,0,0,0,60,46,70,"{""1"":[0,31560],""2"":[1500,28500,1560],""3"":[29400,2040,600],""4"":[31440,600]}",
2023-02-13T00:12:00+08:00,2023-02-13T06:37:00+08:00,9480,3960,4320,2760,3,1020,0,0,0,60,48,69,"{""1"":[0,15540,1500],""2"":[1020,15540,480,5040],""3"":[13320,3360,4680,1740],""4"":[13320,3360,6420]}",
2023-02-13T22:31:00+08:00,2023-02-14T07:07:00+08:00,16800,6480,6480,1020,1,960,0,0,0,65,52,81,"{""1"":[0,29760],""2"":[960,28860],""3"":[29580,1380],""4"":[29580,1380]}",
2023-02-14T23:22:00+08:00,2023-02-15T05:48:00+08:00,11460,4140,5820,1740,1,1260,0,0,0,63,47,76,"{""1"":[0],""2"":[1260,20760],""3"":[21540,1620],""4"":[23160]}",
2023-02-16T00:10:00+08:00,2023-02-16T06:15:00+08:00,9840,780,2580,2700,1,1260,0,0,0,60,44,73,"{""1"":[0,8940,840,2520],""2"":[1260,11580],""3"":[5400,16500],""4"":[5400,3780,1260,11460]}",
2023-02-17T00:04:00+08:00,2023-02-17T07:33:00+08:00,12900,3000,8940,1920,3,1020,0,0,0,60,51,71,"{""1"":[0,24960],""2"":[1020,22620,1380,1320],""3"":[23220,1560,1140,1020],""4"":[24780,2160]}",
2023-02-18T00:28:00+08:00,2023-02-18T08:25:00+08:00,12420,6420,7140,1380,1,1020,0,0,0,61,49,70,"{""1"":[0,16080],""2"":[1020,15420],""3"":[14820,13800],""4"":[14820,13800]}",
2023-02-18T23:28:00+08:00,2023-02-19T07:17:00+08:00,11220,6120,7680,2880,3,1320,0,0,0,63,50,102,"{""1"":[0,23280],""2"":[1320,17580,2520,1860],""3"":[18120,2520,2400,5100],""4"":[23040,5100]}",
2023-02-20T00:41:00+08:00,2023-02-20T07:09:00+08:00,9600,4320,2940,3660,2,960,0,0,0,62,45,81,"{""1"":[0,13980,7140],""2"":[960,15180,4980],""3"":[11400,9000,2880],""4"":[11400,9540,2340]}",
2023-02-21T00:39:00+08:00,2023-02-21T01:35:00+08:00,1140,0,180,2040,0,1020,1020,0,0,68,59,72,"{""1"":[0],""2"":[1020],""3"":[2340],""4"":[3360]}",
2023-02-21T07:12:00+08:00,2023-02-21T07:56:00+08:00,2280,0,0,360,0,360,0,0,0,64,57,69,"{""1"":[0],""2"":[360],""3"":[2640],""4"":[2640]}",
2023-02-21T23:53:00+08:00,2023-02-22T06:58:00+08:00,9900,6120,7500,1800,2,1380,0,0,0,59,46,74,"{""1"":[0,25200],""2"":[1380,22680,1140],""3"":[23640,1380,480],""4"":[25020,480]}",
2023-02-23T01:32:00+08:00,2023-02-23T05:45:00+08:00,5100,4020,1920,3900,3,1080,0,0,0,64,56,72,"{""1"":[0,9960],""2"":[1080,8880,3060,1620],""3"":[9000,3120,1320,1740],""4"":[9720,5460]}",
2023-02-23T08:28:00+08:00,2023-02-23T10:07:00+08:00,2640,0,0,3300,0,2460,840,0,0,64,57,72,"{""1"":[0],""2"":[2460],""3"":[5100],""4"":[5940]}",
2023-02-23T22:46:00+08:00,2023-02-24T07:44:00+08:00,11760,8640,9900,1980,1,720,840,0,0,59,47,71,"{""1"":[0],""2"":[720,28920],""3"":[29220,2220],""4"":[32280]}",
2023-02-25T00:55:00+08:00,2023-02-25T08:28:00+08:00,11580,4620,4080,2340,2,1140,0,0,0,64,52,73,"{""1"":[0,10500],""2"":[1140,10140,13860],""3"":[5940,18780,2460],""4"":[5940,21240]}",
2023-02-25T22:32:00+08:00,2023-02-26T08:31:00+08:00,13620,5460,10560,2340,4,780,0,0,0,64,47,100,"{""1"":[0,5400,1920,4440],""2"":[780,4680,1860,5580,22080],""3"":[4980,2100,1380,26160,1320],""4"":[4980,2100,1380,27480]}",
2023-02-26T23:24:00+08:00,2023-02-27T06:17:00+08:00,11340,4320,4440,4680,1,4020,0,0,0,69,56,85,"{""1"":[0],""2"":[4020,19680],""3"":[23040,1740],""4"":[24780]}",
2023-02-27T23:15:00+08:00,2023-02-28T07:01:00+08:00,12840,5700,7440,1560,2,1560,0,0,0,59,49,73,"{""1"":[0,26400,1020],""2"":[1560,24840,1020],""3"":[26160,1080,720],""4"":[26160,1080,720]}",
2023-03-01T00:32:00+08:00,2023-03-01T06:54:00+08:00,11760,4440,6000,720,0,720,0,0,0,62,52,73,"{""1"":[0],""2"":[720],""3"":[22920],""4"":[22920]}",
2023-03-01T22:48:00+08:00,2023-03-02T07:11:00+08:00,13320,6480,9240,1140,0,1140,0,0,0,60,49,70,"{""1"":[0],""2"":[1140],""3"":[30180],""4"":[30180]}",
2023-03-04T00:51:00+08:00,2023-03-04T07:06:00+08:00,11040,4080,4740,2640,1,1860,0,0,0,62,50,77,"{""1"":[0],""2"":[1860,17520],""3"":[18600,3900],""4"":[22500]}",
2023-03-04T22:59:00+08:00,2023-03-05T07:42:00+08:00,16140,6180,6900,1680,2,840,0,0,0,58,44,69,"{""1"":[0,30780],""2"":[840,27420,2520],""3"":[27420,2880,1080],""4"":[30300,1080]}",
2023-03-06T02:21:00+08:00,2023-03-06T07:45:00+08:00,10260,3060,4260,1860,1,300,1020,0,0,59,51,68,"{""1"":[0],""2"":[300,15600],""3"":[15360,3060],""4"":[19440]}",
2023-03-06T23:19:00+08:00,2023-03-07T07:11:00+08:00,9780,3780,4680,5340,3,1320,540,0,0,55,46,69,"{""1"":[0,3240,1860,1200,4020],""2"":[1320,5940,3540,15840],""3"":[2940,4860,17940,2040],""4"":[2940,360,2880,1620,20520]}",
2023-03-08T00:14:00+08:00,2023-03-08T07:19:00+08:00,10260,6600,4620,2100,4,780,0,0,0,67,54,87,"{""1"":[0,6120,7440],""2"":[780,5340,720,7260,9300],""3"":[5520,960,5760,10740,2520],""4"":[5520,6720,13260]}",
2023-03-08T23:44:00+08:00,2023-03-09T06:44:00+08:00,11520,5700,5580,1860,2,1740,0,0,0,69,53,101,"{""1"":[0,5100,18480],""2"":[1740,3480,18360],""3"":[4920,18300,1980],""4"":[4920,18300,1980]}",
2023-03-09T20:54:00+08:00,2023-03-09T21:13:00+08:00,360,0,0,780,0,780,0,0,0,58,55,62,"{""1"":[0],""2"":[780],""3"":[1140],""4"":[1140]}",
2023-03-09T23:48:00+08:00,2023-03-10T06:53:00+08:00,11220,4980,4620,2460,2,1020,0,0,0,61,49,71,"{""1"":[0,16260],""2"":[1020,15840,6120],""3"":[14040,8100,3360],""4"":[14040,11460]}",
2023-03-11T01:21:00+08:00,2023-03-11T06:24:00+08:00,8220,3780,3600,2580,1,1140,780,0,0,63,53,73,"{""1"":[0],""2"":[1140,13920],""3"":[14400,3000],""4"":[18180]}",
2023-03-11T16:08:00+08:00,2023-03-11T16:39:00+08:00,1020,0,0,840,0,840,0,0,0,76,53,79,"{""1"":[0],""2"":[840],""3"":[1860],""4"":[1860]}",
2023-03-11T23:05:00+08:00,2023-03-12T07:27:00+08:00,14460,6180,7620,1860,2,480,0,0,0,65,48,83,"{""1"":[0],""2"":[480,23340,2700],""3"":[23220,2520,4380],""4"":[30120]}",
2023-03-12T11:22:00+08:00,2023-03-12T11:42:00+08:00,480,0,0,720,0,720,0,0,0,68,60,70,"{""1"":[0],""2"":[720],""3"":[1200],""4"":[1200]}",
2023-03-13T00:48:00+08:00,2023-03-13T07:41:00+08:00,10560,6780,4140,1680,2,1380,0,0,0,64,52,75,"{""1"":[0,13800,8340],""2"":[1380,12720,8040],""3"":[12540,9240,3000],""4"":[12540,9240,3000]}",
2023-03-13T23:57:00+08:00,2023-03-14T06:03:00+08:00,9660,4320,4140,3000,1,900,540,0,0,65,51,81,"{""1"":[0,18960],""2"":[900,19620],""3"":[18120,3300],""4"":[18120,3840]}",
2023-03-14T23:54:00+08:00,2023-03-15T07:22:00+08:00,7920,6480,5760,3240,4,1920,0,0,0,76,47,102,"{""1"":[0,9420,1080,3900,10260],""2"":[1920,7740,960,4740,9300],""3"":[9300,1080,960,13140,2400],""4"":[9300,1080,960,13140,2400]}",
2023-03-15T22:14:00+08:00,2023-03-16T07:01:00+08:00,10980,8700,11040,900,0,900,0,0,0,64,53,77,"{""1"":[0],""2"":[900],""3"":[31620],""4"":[31620]}",
2023-03-16T20:59:00+08:00,2023-03-17T07:00:00+08:00,17400,7680,7440,3060,2,1500,960,0,0,68,50,86,"{""1"":[0,4500],""2"":[1500,3180,29220],""3"":[4020,29460,1620],""4"":[4020,32040]}",
2023-03-17T23:17:00+08:00,2023-03-18T06:30:00+08:00,10980,6720,7080,1200,1,780,0,0,0,64,50,81,"{""1"":[0],""2"":[780,21240],""3"":[21600,4380],""4"":[25980]}",
2023-03-18T22:14:00+08:00,2023-03-19T05:12:00+08:00,16200,1740,6000,1140,0,1140,0,0,0,62,49,77,"{""1"":[0],""2"":[1140],""3"":[25080],""4"":[25080]}",
2023-03-19T22:36:00+08:00,2023-03-20T06:59:00+08:00,15360,4980,9060,600,1,600,0,0,0,61,51,74,"{""1"":[0,28680],""2"":[600,28080],""3"":[28500,1680],""4"":[28500,1680]}",
2023-03-20T23:14:00+08:00,2023-03-21T06:22:00+08:00,11880,4080,7200,2280,2,1140,0,0,0,62,49,96,"{""1"":[0,4620],""2"":[1140,3540,19320],""3"":[4380,18540,2760],""4"":[4380,21300]}",
2023-03-21T22:58:00+08:00,2023-03-22T06:22:00+08:00,13080,3660,7440,2460,2,1140,0,0,0,61,50,73,"{""1"":[0],""2"":[1140,22140,2220],""3"":[22740,1980,1920],""4"":[26640]}",
2023-03-22T23:22:00+08:00,2023-03-23T07:22:00+08:00,13440,5880,6780,2100,2,1920,0,0,0,61,49,71,"{""1"":[0,3840,22860],""2"":[1920,1920,23040],""3"":[3600,22740,2460],""4"":[3600,22740,2460]}",
2023-03-23T22:46:00+08:00,2023-03-24T06:30:00+08:00,10920,6360,9000,1560,1,1200,0,0,0,59,47,73,"{""1"":[0],""2"":[1200,24360],""3"":[25200,2640],""4"":[27840]}",
2023-03-24T23:01:00+08:00,2023-03-25T06:41:00+08:00,10980,5880,7200,3540,1,2580,540,0,0,57,46,69,"{""1"":[0],""2"":[2580,22140],""3"":[24300,2760],""4"":[27600]}",
2023-03-26T01:26:00+08:00,2023-03-26T06:49:00+08:00,11220,1560,4260,1800,3,360,840,0,0,65,55,83,"{""1"":[0,13680,2160],""2"":[360,12240,1140,2100],""3"":[12060,1260,2340,2880],""4"":[13320,2340,3720]}",
2023-03-26T22:46:00+08:00,2023-03-27T07:25:00+08:00,13020,5220,10260,2280,1,600,0,0,0,62,44,82,"{""1"":[0,29700],""2"":[600,29100],""3"":[27660,3480],""4"":[29340,1800]}",
2023-03-27T23:05:00+08:00,2023-03-28T06:40:00+08:00,14520,4320,4800,3480,3,1320,0,0,0,63,48,102,"{""1"":[0,20700],""2"":[1320,15420,4140,5340],""3"":[15420,5100,5040,1740],""4"":[20520,6780]}",
2023-03-28T22:39:00+08:00,2023-03-29T07:01:00+08:00,13560,6120,7920,2400,1,720,0,0,0,58,45,76,"{""1"":[0,28860],""2"":[720,28140],""3"":[27060,3060],""4"":[28740,1380]}",
2023-03-29T23:12:00+08:00,2023-03-30T07:11:00+08:00,14280,5460,6660,2340,1,1380,0,0,0,61,48,76,"{""1"":[0],""2"":[1380,24900],""3"":[25320,3420],""4"":[28740]}",
2023-03-30T23:32:00+08:00,2023-03-31T06:54:00+08:00,13560,5040,6240,1680,1,720,0,0,0,60,50,74,"{""1"":[0],""2"":[720,23700],""3"":[23460,3060],""4"":[26520]}",
2023-03-31T23:29:00+08:00,2023-04-01T07:30:00+08:00,18060,2460,6420,1560,2,1140,0,0,0,61,49,73,"{""1"":[0,27540],""2"":[1140,22440,3960],""3"":[23160,4020,1680],""4"":[27180,1680]}",
2023-04-02T22:27:00+08:00,2023-04-03T07:09:00+08:00,15780,4800,7680,2580,4,1020,0,0,0,62,49,101,"{""1"":[0,20760,1080,2580],""2"":[1020,17640,2100,1200,2460],""3"":[18000,1800,1920,2520,7080],""4"":[20580,1140,2520,7080]}",
2023-04-03T22:04:00+08:00,2023-04-04T07:20:00+08:00,20880,3600,7380,1500,1,960,0,0,0,61,47,74,"{""1"":[0],""2"":[960,30420],""3"":[30840,2520],""4"":[33360]}",
2023-04-04T23:02:00+08:00,2023-04-05T06:27:00+08:00,15780,2820,5640,2100,3,780,0,0,0,62,48,75,"{""1"":[0,25740],""2"":[780,21480,1740,1740],""3"":[21300,2340,1740,1320],""4"":[25380,1320]}",
2023-04-05T23:29:00+08:00,2023-04-06T07:20:00+08:00,13020,6000,7920,1200,1,1200,0,0,0,61,50,74,"{""1"":[0,26040],""2"":[1200,24840],""3"":[25920,2340],""4"":[25920,2340]}",
2023-04-06T23:24:00+08:00,2023-04-07T07:49:00+08:00,15000,4440,8040,2580,2,840,0,0,0,62,46,72,"{""1"":[0,29400],""2"":[840,25320,3240],""3"":[25620,2340,2340],""4"":[29160,1140]}",
2023-04-08T01:31:00+08:00,2023-04-08T07:36:00+08:00,13560,2220,4320,1500,2,840,0,0,0,64,42,78,"{""1"":[0,13200,6360],""2"":[840,12360,6420],""3"":[12420,7020,2460],""4"":[13020,6420,2460]}",
2023-04-08T19:22:00+08:00,2023-04-09T08:16:00+08:00,26520,5880,12600,1440,2,540,0,0,0,63,48,82,"{""1"":[0],""2"":[540,22440,20460],""3"":[22560,20400,3480],""4"":[46440]}",
2023-04-09T14:44:00+08:00,2023-04-09T16:01:00+08:00,1140,0,0,3480,0,3480,0,0,0,67,63,71,"{""1"":[0],""2"":[3480],""3"":[4620],""4"":[4620]}",
2023-04-09T23:25:00+08:00,2023-04-10T07:25:00+08:00,14280,4920,8520,1080,0,1080,0,0,0,58,49,71,"{""1"":[0],""2"":[1080],""3"":[28800],""4"":[28800]}",
2023-04-10T23:05:00+08:00,2023-04-11T06:40:00+08:00,15720,3840,2940,4380,4,1560,0,0,0,59,47,71,"{""1"":[0,18240,780],""2"":[1560,17460,4260,840,1380],""3"":[18060,4320,1320,840,2760],""4"":[18060,720,8520]}",
2023-04-11T22:48:00+08:00,2023-04-12T07:10:00+08:00,14940,7980,5520,1680,0,1680,0,0,0,64,51,84,"{""1"":[0],""2"":[1680],""3"":[30120],""4"":[30120]}",
2023-04-12T21:58:00+08:00,2023-04-13T07:46:00+08:00,18300,5220,10260,1440,1,1440,0,0,0,60,49,73,"{""1"":[0,34740],""2"":[1440,33300],""3"":[34680,600],""4"":[34680,600]}",
2023-04-16T17:27:00+08:00,2023-04-16T19:57:00+08:00,2460,0,0,3960,1,1500,0,0,0,71,53,77,"{""1"":[0,6060],""2"":[1500,7020],""3"":[3480,5520],""4"":[3480,5520]}",
2023-04-16T23:57:00+08:00,2023-04-17T07:42:00+08:00,18060,3000,5340,1500,1,720,0,0,0,64,49,75,"{""1"":[0],""2"":[720,23460],""3"":[23400,4500],""4"":[27900]}",
2023-04-17T23:35:00+08:00,2023-04-18T06:53:00+08:00,13560,4140,6720,1560,2,1080,0,0,0,64,54,78,"{""1"":[0,25140],""2"":[1080,23220,840],""3"":[23820,1020,1440],""4"":[24840,1440]}",
2023-04-18T21:11:00+08:00,2023-04-19T06:49:00+08:00,16020,6000,10440,1860,2,1380,0,0,0,67,55,83,"{""1"":[0,32220],""2"":[1380,28800,2040],""3"":[29700,2160,2820],""4"":[31860,2820]}",
2023-04-19T23:50:00+08:00,2023-04-20T07:14:00+08:00,13380,5040,6000,2040,2,1020,0,0,0,68,49,79,"{""1"":[0,24180],""2"":[1020,11880,11460],""3"":[12060,11940,2640],""4"":[24000,2640]}",
2023-04-20T23:53:00+08:00,2023-04-21T07:09:00+08:00,13740,3960,5580,2520,3,1200,0,0,0,68,56,81,"{""1"":[0,24780],""2"":[1200,10620,11040,1920],""3"":[11400,10560,2460,1740],""4"":[24420,1740]}",
2023-04-21T22:57:00+08:00,2023-04-22T07:29:00+08:00,12240,3600,10680,1920,3,840,0,0,0,66,52,83,"{""1"":[0,18420,7680],""2"":[840,18060,7200,2400],""3"":[16440,9360,2100,2820],""4"":[16440,9360,4920]}",
2023-04-22T10:50:00+08:00,2023-04-22T11:12:00+08:00,180,0,0,1140,0,1140,0,0,0,57,55,58,"{""1"":[0],""2"":[1140],""3"":[1320],""4"":[1320]}",
2023-04-22T15:49:00+08:00,2023-04-22T16:33:00+08:00,1260,0,0,1380,0,1380,0,0,0,66,60,69,"{""1"":[0],""2"":[1380],""3"":[2640],""4"":[2640]}",
2023-04-23T00:36:00+08:00,2023-04-23T07:04:00+08:00,15180,2160,4560,1380,1,780,0,0,0,64,53,77,"{""1"":[0],""2"":[780,17160],""3"":[17340,5940],""4"":[23280]}",
2023-04-23T23:03:00+08:00,2023-04-24T07:14:00+08:00,11760,6360,10380,840,1,720,0,0,0,65,55,79,"{""1"":[0,27600],""2"":[720,27000],""3"":[27480,1980],""4"":[27480,1980]}",
2023-04-24T23:55:00+08:00,2023-04-25T09:38:00+08:00,16500,4980,6060,3840,5,1500,0,0,0,66,51,100,"{""1"":[0,3360,6600,1020,4740,17100],""2"":[1500,1920,6840,840,5640,16200],""3"":[3180,5880,1800,1860,19980,2280],""4"":[3180,6600,1080,1860,19980,2280]}",
2023-04-25T23:01:00+08:00,2023-04-26T07:48:00+08:00,16620,5220,7800,1380,2,900,0,0,0,66,51,81,"{""1"":[0,21900],""2"":[900,21000,7920],""3"":[21300,8040,2280],""4"":[21300,10320]}",
2023-04-26T21:31:00+08:00,2023-04-26T23:10:00+08:00,1560,2580,600,1200,0,1200,0,180,1,86,71,93,"{""1"":[0],""2"":[1200],""3"":[5940],""4"":[5940]}",
2023-04-27T01:24:00+08:00,2023-04-27T07:16:00+08:00,10800,3300,6060,960,0,960,0,0,0,64,54,72,"{""1"":[0],""2"":[960],""3"":[21120],""4"":[21120]}",
2023-04-27T23:05:00+08:00,2023-04-28T07:05:00+08:00,15240,3360,4560,3900,4,1500,0,0,0,67,56,80,"{""1"":[0,6000,11580],""2"":[1500,4500,12900,2880,5280],""3"":[5820,10200,5340,5040,2400],""4"":[5820,10200,12780]}",
2023-04-29T00:31:00+08:00,2023-04-29T07:29:00+08:00,11940,1800,1200,7860,5,2640,0,0,0,64,53,75,"{""1"":[0,9540,14820],""2"":[2640,10380,3120,4320,2940,1080],""3"":[7380,8280,4380,2640,1560,840],""4"":[7380,16860,840]}",
2023-04-29T13:18:00+08:00,2023-04-29T14:18:00+08:00,540,0,0,3060,0,3060,0,0,0,78,54,84,"{""1"":[0],""2"":[3060],""3"":[3600],""4"":[3600]}",
2023-04-29T22:29:00+08:00,2023-04-30T08:35:00+08:00,17040,7740,9660,1740,2,1080,0,0,0,66,51,81,"{""1"":[0,34980],""2"":[1080,32520,1380],""3"":[32940,1860,1560],""4"":[34800,1560]}",
2023-04-30T22:56:00+08:00,2023-05-01T07:17:00+08:00,12720,4920,9840,2580,1,2100,0,0,0,71,54,86,"{""1"":[0],""2"":[2100,27120],""3"":[28740,1320],""4"":[30060]}",
2023-05-01T22:42:00+08:00,2023-05-02T06:58:00+08:00,15120,4740,6840,2940,2,1920,0,0,0,66,53,82,"{""1"":[0,28020],""2"":[1920,25440,720],""3"":[26400,1500,1860],""4"":[27900,1860]}",
2023-05-03T00:23:00+08:00,2023-05-03T07:35:00+08:00,10020,5880,2940,3600,1,660,0,0,0,75,61,88,"{""1"":[0,15960],""2"":[660,16920],""3"":[11160,14760],""4"":[12480,13440]}",
2023-05-03T18:48:00+08:00,2023-05-04T07:14:00+08:00,17640,7440,11220,4680,3,2340,0,0,0,65,51,78,"{""1"":[0,6300,4260],""2"":[2340,4020,5820,30420],""3"":[6060,960,34920,2820],""4"":[6060,960,37740]}",
2023-05-04T23:12:00+08:00,2023-05-05T06:55:00+08:00,14640,3600,6420,3120,4,960,0,0,0,67,50,79,"{""1"":[0],""2"":[960,19020,3540,1080,2220],""3"":[19380,3720,840,2400,1440],""4"":[27780]}",
2023-05-06T00:56:00+08:00,2023-05-06T07:20:00+08:00,12960,3600,5040,1440,1,360,0,0,0,65,54,75,"{""1"":[0],""2"":[360,19980],""3"":[19260,3780],""4"":[23040]}",
2023-05-06T15:31:00+08:00,2023-05-06T17:13:00+08:00,3720,840,0,1440,1,1380,0,0,0,70,64,76,"{""1"":[0,3420],""2"":[1380,2100],""3"":[3300,2820],""4"":[3300,2820]}",
2023-05-06T22:27:00+08:00,2023-05-07T08:12:00+08:00,16740,7260,5220,5040,5,1740,1260,0,0,65,54,80,"{""1"":[0,32880],""2"":[1740,19140,3360,6240,1440,1140],""3"":[20280,3600,6060,1620,1140,1140],""4"":[32700,2400]}",
2023-05-07T23:45:00+08:00,2023-05-08T05:40:00+08:00,9240,5760,4080,1740,4,1140,0,0,0,73,52,85,"{""1"":[0,14100,6960,180],""2"":[1140,10380,2580,6960,180],""3"":[10920,2940,7080,180,180],""4"":[13860,7080,180,180]}",
2023-05-08T21:27:00+08:00,2023-05-09T07:27:00+08:00,19500,4320,10620,1560,2,780,0,0,0,62,49,74,"{""1"":[0],""2"":[780,31860,1620],""3"":[32280,1560,2160],""4"":[36000]}",
2023-05-09T23:16:00+08:00,2023-05-10T01:27:00+08:00,2520,1500,0,3840,0,3840,0,0,0,75,52,78,"{""1"":[0],""2"":[3840],""3"":[7860],""4"":[7860]}",
2023-05-10T03:35:00+08:00,2023-05-10T06:42:00+08:00,3840,1260,2520,3360,3,1200,0,0,0,69,47,88,"{""1"":[0,6420],""2"":[1200,3240,2400,3780],""3"":[4080,2100,3060,1980],""4"":[6180,5040]}",
2023-05-10T23:45:00+08:00,2023-05-11T08:15:00+08:00,17820,5640,4680,2160,2,720,840,0,0,65,50,78,"{""1"":[0,15720,10980],""2"":[720,15060,11460],""3"":[15540,11040,3180],""4"":[15540,11040,4020]}",
2023-05-11T23:01:00+08:00,2023-05-12T07:27:00+08:00,11280,7260,10740,1080,1,300,0,0,0,62,49,76,"{""1"":[0],""2"":[300,26520],""3"":[26040,4320],""4"":[30360]}",
2023-05-12T22:03:00+08:00,2023-05-13T08:17:00+08:00,18240,3840,7080,7380,3,5220,1260,0,0,69,41,87,"{""1"":[0,7380,4200],""2"":[5220,2640,3780,16440],""3"":[7200,4260,16260,7860],""4"":[7200,4260,25380]}",
2023-05-13T16:31:00+08:00,2023-05-13T17:34:00+08:00,1860,0,0,1920,0,1080,840,0,0,78,59,83,"{""1"":[0],""2"":[1080],""3"":[2940],""4"":[3780]}",
2023-05-13T21:49:00+08:00,2023-05-14T09:39:00+08:00,23880,5460,11040,1740,3,1500,0,0,0,63,51,85,"{""1"":[0,8640,1020,4320],""2"":[1500,7260,1020,4200],""3"":[8460,1140,4140,28860],""4"":[8460,1140,4140,28860]}",
2023-05-14T21:35:00+08:00,2023-05-15T07:24:00+08:00,15420,6780,10200,2940,2,840,720,0,0,63,47,79,"{""1"":[0],""2"":[840,31560,1860],""3"":[32040,1200,1380],""4"":[35340]}",
2023-05-15T22:27:00+08:00,2023-05-16T06:46:00+08:00,16440,3540,8520,1440,1,1020,0,0,0,61,50,72,"{""1"":[0],""2"":[1020,28140],""3"":[28740,1200],""4"":[29940]}",
2023-05-16T22:46:00+08:00,2023-05-17T07:12:00+08:00,21420,2220,4680,1860,2,1440,0,0,0,66,54,76,"{""1"":[0,28800],""2"":[1440,23700,3660],""3"":[24720,3900,1740],""4"":[28620,1740]}",
2023-05-18T00:12:00+08:00,2023-05-18T07:06:00+08:00,15120,2640,5640,1440,0,1440,0,0,0,62,49,73,"{""1"":[0],""2"":[1440],""3"":[24840],""4"":[24840]}",
2023-05-18T21:03:00+08:00,2023-05-19T07:05:00+08:00,20280,3720,5640,3180,1,2040,0,360,1,63,48,87,"{""1"":[0,8700],""2"":[2040,7800],""3"":[5400,30720],""4"":[5400,30720]}",
2023-05-19T23:42:00+08:00,2023-05-20T07:20:00+08:00,18720,2760,4680,1140,3,180,0,0,0,64,40,102,"{""1"":[0,2580,20400],""2"":[180,3000,19800,780],""3"":[2460,20460,480,4080],""4"":[2460,20460,4560]}",
2023-05-20T22:37:00+08:00,2023-05-21T09:12:00+08:00,18960,6780,10620,1260,1,1260,0,0,0,64,51,79,"{""1"":[0,37260],""2"":[1260,36000],""3"":[36780,1320],""4"":[36780,1320]}",
2023-05-21T22:55:00+08:00,2023-05-22T06:58:00+08:00,13800,5400,7260,2520,0,2520,0,0,0,63,50,80,"{""1"":[0],""2"":[2520],""3"":[28980],""4"":[28980]}",
2023-05-23T00:04:00+08:00,2023-05-23T07:07:00+08:00,13920,3060,7680,720,1,360,0,0,0,66,56,82,"{""1"":[0],""2"":[360,12840],""3"":[12840,12540],""4"":[25380]}",
2023-05-23T23:05:00+08:00,2023-05-24T06:40:00+08:00,13620,4560,7080,1860,2,1080,0,0,0,65,52,76,"{""1"":[0,22920],""2"":[1080,21840,2940],""3"":[22740,2340,2220],""4"":[22740,4560]}",
2023-05-24T23:07:00+08:00,2023-05-25T07:15:00+08:00,18960,3480,6000,840,0,840,0,300,1,67,51,86,"{""1"":[0],""2"":[840],""3"":[29280],""4"":[29280]}",
2023-05-25T23:40:00+08:00,2023-05-26T07:20:00+08:00,16380,2460,6420,2160,1,1380,0,0,0,67,41,81,"{""1"":[0,2460],""2"":[1380,1860],""3"":[2280,25320],""4"":[2280,25320]}",
2023-05-26T23:50:00+08:00,2023-05-27T08:17:00+08:00,17820,5520,3780,3300,1,2040,0,0,0,70,52,86,"{""1"":[0],""2"":[2040,20580],""3"":[21360,9060],""4"":[30420]}",
2023-05-27T23:29:00+08:00,2023-05-28T08:08:00+08:00,16080,4980,5760,4320,2,1620,1500,0,0,65,52,80,"{""1"":[0],""2"":[1620,21480,4560],""3"":[22680,4200,2760],""4"":[31140]}",
2023-05-28T20:32:00+08:00,2023-05-29T07:28:00+08:00,21780,6660,8880,2040,2,780,0,0,0,68,53,83,"{""1"":[0],""2"":[780,28200,8520],""3"":[28080,9060,2220],""4"":[39360]}",
2023-05-29T22:45:00+08:00,2023-05-30T07:21:00+08:00,15480,5220,9180,960,1,840,0,0,0,67,47,84,"{""1"":[0,2460],""2"":[840,1740],""3"":[2340,28620],""4"":[2340,28620]}",
2023-05-30T22:12:00+08:00,2023-05-31T07:17:00+08:00,18420,3240,2940,4320,3,1080,0,0,0,73,58,93,"{""1"":[0,20100,840],""2"":[1080,13140,7440,9720],""3"":[13860,1560,15540,1740],""4"":[16440,4380,11880]}",
2023-05-31T23:07:00+08:00,2023-06-01T07:35:00+08:00,18540,3360,6300,1980,1,1980,0,0,0,63,50,74,"{""1"":[0,29340],""2"":[1980,27360],""3"":[29040,1440],""4"":[29040,1440]}",
2023-06-01T23:04:00+08:00,2023-06-02T07:34:00+08:00,17400,4200,7980,1020,0,1020,0,0,0,70,57,82,"{""1"":[0],""2"":[1020],""3"":[30600],""4"":[30600]}",
2023-06-02T23:13:00+08:00,2023-06-03T08:04:00+08:00,18720,2520,9360,1260,0,1260,0,0,0,66,53,81,"{""1"":[0],""2"":[1260],""3"":[31860],""4"":[31860]}",
2023-06-04T04:01:00+08:00,2023-06-04T10:21:00+08:00,15840,2820,3600,540,0,540,0,0,0,67,57,74,"{""1"":[0],""2"":[540],""3"":[22800],""4"":[22800]}",
2023-06-04T23:23:00+08:00,2023-06-05T09:03:00+08:00,19140,6600,7800,1260,0,1260,0,0,0,60,47,75,"{""1"":[0],""2"":[1260],""3"":[34800],""4"":[34800]}",
2023-06-05T23:39:00+08:00,2023-06-06T06:30:00+08:00,17340,1200,4080,2040,3,600,0,0,0,67,50,85,"{""1"":[0],""2"":[600,5220,12780,3480],""3"":[5460,12540,3600,3060],""4"":[24660]}",
2023-06-06T22:07:00+08:00,2023-06-07T08:08:00+08:00,21060,5100,8400,1140,1,1140,0,0,0,66,45,78,"{""1"":[0,31200],""2"":[1140,30060],""3"":[30840,5220],""4"":[30840,5220]}",
2023-06-07T22:41:00+08:00,2023-06-08T07:23:00+08:00,18720,5160,6720,720,0,720,0,0,0,64,51,77,"{""1"":[0],""2"":[720],""3"":[31320],""4"":[31320]}",
2023-06-08T22:49:00+08:00,2023-06-09T07:17:00+08:00,20340,3720,5760,660,0,660,0,0,0,72,56,90,"{""1"":[0],""2"":[660],""3"":[30480],""4"":[30480]}",
2023-06-10T00:48:00+08:00,2023-06-10T09:49:00+08:00,18000,5580,8700,180,0,180,0,0,0,67,52,78,"{""1"":[0],""2"":[180],""3"":[32460],""4"":[32460]}",
2023-06-10T23:20:00+08:00,2023-06-11T10:21:00+08:00,16560,5340,8940,5880,1,5100,0,0,0,67,55,78,"{""1"":[0,9120],""2"":[5100,4800],""3"":[6180,33480],""4"":[6180,33480]}",
2023-06-11T23:04:00+08:00,2023-06-12T07:06:00+08:00,15240,4380,8640,420,1,420,0,0,0,63,48,73,"{""1"":[0,14280],""2"":[420,13860],""3"":[14040,14880],""4"":[14040,14880]}",
2023-06-12T23:39:00+08:00,2023-06-13T08:08:00+08:00,17340,1800,7740,3480,4,1320,0,0,0,67,56,78,"{""1"":[0,21180],""2"":[1320,12120,7800,5400,2880],""3"":[13020,7980,4860,2760,1920],""4"":[21000,9540]}",
2023-06-13T21:57:00+08:00,2023-06-14T10:37:00+08:00,29220,2400,2100,9480,7,1620,0,0,0,87,73,102,"{""1"":[0,30480,6600,900],""2"":[1620,3960,21120,1500,1200,1200,2400,6900],""3"":[5220,21120,1380,840,1680,1320,1920,12120],""4"":[30240,4800,2820,7740]}",
2023-06-14T13:02:00+08:00,2023-06-14T17:34:00+08:00,3480,3660,2100,2640,1,1140,0,0,0,88,81,98,"{""1"":[0,10620],""2"":[1140,10260],""3"":[5460,10860],""4"":[6180,10140]}",
2023-06-14T22:10:00+08:00,2023-06-15T09:32:00+08:00,23880,5640,9540,1860,2,1140,0,0,0,83,60,98,"{""1"":[0],""2"":[1140,14100,2760],""3"":[14880,2760,23280],""4"":[40920]}",
2023-06-15T22:59:00+08:00,2023-06-16T08:22:00+08:00,19620,4620,8580,960,1,540,0,0,0,66,53,76,"{""1"":[0],""2"":[540,31380],""3"":[31500,2280],""4"":[33780]}",
2023-06-17T00:11:00+08:00,2023-06-17T09:56:00+08:00,23700,1920,5940,3180,3,2760,0,0,0,63,51,86,"{""1"":[0,4860,26220],""2"":[2760,1020,1140,26160],""3"":[3420,1260,26220,4200],""4"":[4680,26220,4200]}",
2023-06-17T22:42:00+08:00,2023-06-18T09:00:00+08:00,23160,1080,7980,4860,2,3300,0,0,0,57,49,71,"{""1"":[0],""2"":[3300,19680,11520],""3"":[22320,11280,3480],""4"":[37080]}",
2023-06-18T23:37:00+08:00,2023-06-19T07:25:00+08:00,18540,1500,5400,2520,1,2520,0,0,0,57,50,65,"{""1"":[0,25140],""2"":[2520,22620],""3"":[25020,3060],""4"":[25020,3060]}",
2023-06-19T22:36:00+08:00,2023-06-20T07:44:00+08:00,20460,4200,6720,1500,0,780,720,0,0,59,50,72,"{""1"":[0],""2"":[780],""3"":[32160],""4"":[32880]}",
2023-06-20T22:52:00+08:00,2023-06-21T08:02:00+08:00,25500,1620,3900,1980,1,1500,0,0,0,59,49,70,"{""1"":[0],""2"":[1500,8520],""3"":[9540,23460],""4"":[33000]}",
2023-06-21T22:42:00+08:00,2023-06-22T07:27:00+08:00,18540,3300,7440,2040,2,360,0,0,0,59,43,72,"{""1"":[0,2880],""2"":[360,3360,25140],""3"":[2220,26280,3000],""4"":[2700,28800]}",
2023-06-22T22:51:00+08:00,2023-06-23T07:25:00+08:00,20340,1440,6660,2400,1,1920,0,0,0,61,48,74,"{""1"":[0],""2"":[1920,26220],""3"":[27660,3180],""4"":[30840]}",
2023-06-23T23:40:00+08:00,2023-06-24T07:41:00+08:00,15780,4020,7800,1260,1,720,0,0,0,63,52,75,"{""1"":[0],""2"":[720,18960],""3"":[19140,9720],""4"":[28860]}",
2023-06-24T21:45:00+08:00,2023-06-25T07:54:00+08:00,22320,4020,8580,1620,0,1620,0,0,0,65,52,79,"{""1"":[0],""2"":[1620],""3"":[36540],""4"":[36540]}",
2023-06-25T21:37:00+08:00,2023-06-26T07:19:00+08:00,21780,2700,9180,1260,0,1260,0,0,0,68,52,86,"{""1"":[0],""2"":[1260],""3"":[34920],""4"":[34920]}",
2023-06-26T22:41:00+08:00,2023-06-27T07:21:00+08:00,17640,4560,8340,360,1,360,0,0,0,63,51,76,"{""1"":[0,29460],""2"":[360,29100],""3"":[29160,2040],""4"":[29160,2040]}",
2023-06-27T23:27:00+08:00,2023-06-28T07:03:00+08:00,19500,2880,3600,1380,1,960,0,0,0,64,52,73,"{""1"":[0],""2"":[960,24660],""3"":[25200,2160],""4"":[27360]}",
2023-06-28T21:49:00+08:00,2023-06-29T06:45:00+08:00,16560,5940,7980,1140,2,540,0,0,0,67,43,76,"{""1"":[0,12240,5460,780],""2"":[540,11700,6240],""3"":[12000,5580,14580],""4"":[12000,5580,720,13860]}",
2023-06-29T22:22:00+08:00,2023-06-30T07:26:00+08:00,18240,4020,9960,420,0,420,0,0,0,62,48,71,"{""1"":[0],""2"":[420],""3"":[32640],""4"":[32640]}",
2023-06-30T23:33:00+08:00,2023-07-01T08:37:00+08:00,16500,6300,7800,1740,1,960,780,0,0,67,53,77,"{""1"":[0,31200],""2"":[960,30240],""3"":[30900,960],""4"":[30900,1740]}",
2023-07-01T23:21:00+08:00,2023-07-02T07:27:00+08:00,18720,3180,6720,540,0,540,0,0,0,61,46,73,"{""1"":[0],""2"":[540],""3"":[29160],""4"":[29160]}",
2023-07-02T21:40:00+08:00,2023-07-03T07:06:00+08:00,17640,5220,7320,3540,1,2880,0,0,0,68,53,83,"{""1"":[0,5280],""2"":[2880,2400],""3"":[4380,29580],""4"":[5040,28920]}",
2023-07-03T23:35:00+08:00,2023-07-04T07:27:00+08:00,17400,4140,4680,1500,2,1080,0,0,0,71,56,104,"{""1"":[0,5880,540,19200],""2"":[1080,5340,19200],""3"":[5700,19620,3000],""4"":[5700,600,19020,3000]}",
2023-07-04T21:00:00+08:00,2023-07-05T06:17:00+08:00,19980,4920,7200,1140,2,720,0,0,0,65,50,82,"{""1"":[0,30600],""2"":[720,24780,5100],""3"":[25080,5340,3000],""4"":[30420,3000]}",
2023-07-05T21:58:00+08:00,2023-07-06T07:09:00+08:00,22020,1740,7740,1320,1,720,0,0,0,68,52,83,"{""1"":[0,28560],""2"":[720,27840],""3"":[27720,5340],""4"":[28320,4740]}",
2023-07-06T22:36:00+08:00,2023-07-07T07:31:00+08:00,16980,5100,8400,1320,2,960,0,0,0,70,56,82,"{""1"":[0,30000],""2"":[960,12120,16920],""3"":[12720,16980,2400],""4"":[29700,2400]}",
2023-07-08T00:44:00+08:00,2023-07-08T09:53:00+08:00,12300,3240,5520,10620,3,1200,2340,0,0,74,48,105,"{""1"":[0,19260,7740,420],""2"":[1200,16260,1800,9540],""3"":[15960,2760,3780,8100],""4"":[18720,7920,420,5880]}",
2023-07-09T01:01:00+08:00,2023-07-09T09:13:00+08:00,19980,3780,4620,840,1,840,0,0,0,75,62,87,"{""1"":[0,27900],""2"":[840,27060],""3"":[27600,1920],""4"":[27600,1920]}",
2023-07-09T19:35:00+08:00,2023-07-10T06:41:00+08:00,24300,4500,9360,1800,1,1140,0,0,0,67,54,85,"{""1"":[0],""2"":[1140,35280],""3"":[35760,4200],""4"":[39960]}",
2023-07-10T23:36:00+08:00,2023-07-11T06:41:00+08:00,13680,4140,6300,1080,2,660,0,0,0,65,53,75,"{""1"":[0,23340],""2"":[660,15000,7680],""3"":[15240,7800,2460],""4"":[23040,2460]}",
2023-07-12T00:20:00+08:00,2023-07-12T06:45:00+08:00,15960,1260,4860,720,1,660,0,0,0,71,62,81,"{""1"":[0,21180],""2"":[660,20580],""3"":[20880,2220],""4"":[20880,2220]}",
2023-07-12T20:58:00+08:00,2023-07-13T06:46:00+08:00,23580,2940,7560,900,1,900,0,0,0,66,52,83,"{""1"":[0,33360],""2"":[900,32460],""3"":[33060,2220],""4"":[33060,2220]}",
2023-07-13T21:52:00+08:00,2023-07-14T06:47:00+08:00,18480,3000,9000,1260,1,1260,0,0,0,70,55,89,"{""1"":[0,30180],""2"":[1260,28920],""3"":[29820,2280],""4"":[29820,2280]}",
2023-07-15T00:36:00+08:00,2023-07-15T08:32:00+08:00,18420,1620,6660,1500,2,1140,0,0,0,69,56,79,"{""1"":[0,19140],""2"":[1140,18000,5460],""3"":[18780,5460,4320],""4"":[18780,9780]}",
2023-07-15T23:47:00+08:00,2023-07-16T07:50:00+08:00,19740,3720,0,5280,1,3120,0,0,0,72,44,86,"{""1"":[0,23520],""2"":[3120,22560],""3"":[23280,5700],""4"":[23280,5700]}",
2023-07-16T22:25:00+08:00,2023-07-17T07:11:00+08:00,19500,3900,6060,1800,1,1800,0,0,0,66,42,74,"{""1"":[0,28260],""2"":[1800,26460],""3"":[27960,3600],""4"":[27960,3600]}",
2023-07-17T21:46:00+08:00,2023-07-18T06:44:00+08:00,18600,3720,8220,1440,2,1080,0,0,0,66,50,78,"{""1"":[0,30240],""2"":[1080,5340,23820],""3"":[6060,23880,2340],""4"":[29940,2340]}",
2023-07-18T23:27:00+08:00,2023-07-19T07:01:00+08:00,14580,4140,6060,1500,3,720,0,0,0,68,57,76,"{""1"":[0,1920,1800,1080,19680],""2"":[720,1200,2880,19680],""3"":[1740,1740,20760,3000],""4"":[1740,1740,1020,19740,3000]}",
2023-07-19T22:31:00+08:00,2023-07-20T06:53:00+08:00,18600,3600,5640,2160,1,960,720,0,0,69,42,89,"{""1"":[0,2640],""2"":[960,2160],""3"":[2520,26880],""4"":[2520,27600]}",
2023-07-21T00:22:00+08:00,2023-07-21T07:16:00+08:00,17460,3540,3240,600,0,600,0,0,0,69,48,80,"{""1"":[0],""2"":[600],""3"":[24840],""4"":[24840]}",
2023-07-22T00:52:00+08:00,2023-07-22T06:36:00+08:00,14100,2640,2700,1200,1,660,0,0,0,69,57,80,"{""1"":[0],""2"":[660,16680],""3"":[16800,3840],""4"":[20640]}",
2023-07-22T14:57:00+08:00,2023-07-22T17:25:00+08:00,5880,0,1740,1080,1,1020,0,0,0,64,58,72,"{""1"":[0,1620],""2"":[1020,660],""3"":[1440,7440],""4"":[1440,7440]}",
2023-07-22T23:13:00+08:00,2023-07-23T11:27:00+08:00,20520,5940,9180,4320,3,1380,0,0,0,62,48,78,"{""1"":[0,33840],""2"":[1380,26520,6600,7980],""3"":[27120,1680,13140,2100],""4"":[29760,14280]}",
2023-07-23T23:05:00+08:00,2023-07-24T06:29:00+08:00,11700,3660,3900,7080,1,7080,0,0,0,66,52,78,"{""1"":[0,25800],""2"":[7080,18720],""3"":[25500,1140],""4"":[25500,1140]}",
2023-07-24T22:27:00+08:00,2023-07-25T07:01:00+08:00,23400,1020,4680,1560,2,1080,0,0,0,62,46,73,"{""1"":[0,28320],""2"":[1080,19920,7380],""3"":[20580,7560,2700],""4"":[28140,2700]}",
2023-07-25T22:52:00+08:00,2023-07-26T06:46:00+08:00,19440,2640,3540,2580,1,2400,0,0,0,67,50,77,"{""1"":[0,22980],""2"":[2400,20760],""3"":[22740,5700],""4"":[22740,5700]}",
2023-07-26T22:23:00+08:00,2023-07-27T06:50:00+08:00,18900,3120,7740,480,1,420,0,0,0,61,49,73,"{""1"":[0,27600],""2"":[420,27240],""3"":[27420,3000],""4"":[27420,3000]}",
2023-07-27T22:36:00+08:00,2023-07-28T06:25:00+08:00,17640,4260,5940,300,0,300,0,0,0,64,54,74,"{""1"":[0],""2"":[300],""3"":[28140],""4"":[28140]}",
2023-07-28T22:50:00+08:00,2023-07-29T08:35:00+08:00,23880,3720,5340,1980,3,780,0,0,0,64,50,87,"{""1"":[0,28560],""2"":[780,18540,3780,5460],""3"":[18900,3420,6060,6720],""4"":[28380,6720]}",
2023-07-29T13:16:00+08:00,2023-07-29T14:06:00+08:00,1260,0,0,1740,0,1740,0,0,0,76,53,82,"{""1"":[0],""2"":[1740],""3"":[3000],""4"":[3000]}",
2023-07-29T22:11:00+08:00,2023-07-30T08:07:00+08:00,22920,1980,9960,900,0,900,0,0,0,64,53,72,"{""1"":[0],""2"":[900],""3"":[35760],""4"":[35760]}",
2023-07-30T22:31:00+08:00,2023-07-31T06:44:00+08:00,20160,2940,5100,840,3,780,0,0,0,62,48,99,"{""1"":[0,17760,2280,7080],""2"":[780,16980,2340,7020],""3"":[17520,2400,7020,2640],""4"":[17520,2400,7020,2640]}",
2023-07-31T22:03:00+08:00,2023-08-01T06:34:00+08:00,16140,6600,7260,660,0,660,0,0,0,61,52,75,"{""1"":[0],""2"":[660],""3"":[30660],""4"":[30660]}",
2023-08-01T23:41:00+08:00,2023-08-02T06:43:00+08:00,13200,4200,7140,420,1,420,0,0,0,65,56,75,"{""1"":[0,23100],""2"":[420,22680],""3"":[22740,2580],""4"":[22740,2580]}",
2023-08-02T22:57:00+08:00,2023-08-03T07:16:00+08:00,15480,4620,8760,900,1,900,0,0,0,65,53,75,"{""1"":[0,26760],""2"":[900,25860],""3"":[26580,3360],""4"":[26580,3360]}",
2023-08-03T23:23:00+08:00,2023-08-04T07:19:00+08:00,12420,6240,8640,1080,2,600,0,0,0,64,53,72,"{""1"":[0,25380],""2"":[600,23460,1380],""3"":[23640,1560,3360],""4"":[25200,3360]}",
2023-08-05T00:13:00+08:00,2023-08-05T07:30:00+08:00,15720,3840,6360,300,0,300,0,0,0,66,56,74,"{""1"":[0],""2"":[300],""3"":[26220],""4"":[26220]}",
2023-08-05T15:27:00+08:00,2023-08-05T16:31:00+08:00,2880,0,0,960,0,960,0,0,0,66,56,80,"{""1"":[0],""2"":[960],""3"":[3840],""4"":[3840]}",
2023-08-05T23:27:00+08:00,2023-08-06T07:45:00+08:00,17700,4200,6780,1200,0,1200,0,0,0,65,44,75,"{""1"":[0],""2"":[1200],""3"":[29880],""4"":[29880]}",
2023-08-06T22:41:00+08:00,2023-08-07T06:50:00+08:00,16140,4020,7740,1080,1,1080,0,0,0,67,54,77,"{""1"":[0,27300],""2"":[1080,26220],""3"":[26940,2400],""4"":[26940,2400]}",
2023-08-07T22:29:00+08:00,2023-08-08T06:14:00+08:00,15540,5460,5340,1140,2,720,0,0,0,71,48,91,"{""1"":[0,24480,1320],""2"":[720,24060,1140],""3"":[24180,1500,2220],""4"":[24180,1500,2220]}",
2023-08-08T22:30:00+08:00,2023-08-09T06:20:00+08:00,15480,5400,6000,1320,0,1320,0,0,0,72,55,89,"{""1"":[0],""2"":[1320],""3"":[28200],""4"":[28200]}",
2023-08-09T23:27:00+08:00,2023-08-10T06:31:00+08:00,15120,3420,5640,1260,1,900,0,0,0,65,54,76,"{""1"":[0],""2"":[900,10380],""3"":[10920,14520],""4"":[25440]}",
2023-08-11T22:13:00+08:00,2023-08-12T08:11:00+08:00,20940,4800,8640,1500,1,780,0,0,0,71,53,87,"{""1"":[0],""2"":[780,32520],""3"":[32580,3300],""4"":[35880]}",
2023-08-12T22:38:00+08:00,2023-08-13T07:58:00+08:00,21060,2700,9240,600,0,600,0,0,0,64,52,76,"{""1"":[0],""2"":[600],""3"":[33600],""4"":[33600]}",
2023-08-13T22:02:00+08:00,2023-08-14T05:22:00+08:00,18780,1680,5040,720,1,720,0,0,0,65,51,85,"{""1"":[0,3420],""2"":[720,2700],""3"":[3240,23160],""4"":[3240,23160]}",
2023-08-14T23:11:00+08:00,2023-08-15T06:39:00+08:00,18000,2460,5820,600,0,600,0,0,0,70,57,82,"{""1"":[0],""2"":[600],""3"":[26880],""4"":[26880]}",
2023-08-15T21:48:00+08:00,2023-08-16T07:01:00+08:00,19800,3840,7560,1200,5,660,0,0,0,69,46,96,"{""1"":[0,3660,1560,4740,20520],""2"":[660,3060,1500,3600,1200,20460],""3"":[3480,1560,3360,1440,20340,3000],""4"":[3480,1560,4800,20340,3000]}",
2023-08-16T22:36:00+08:00,2023-08-17T07:04:00+08:00,14460,6360,8400,1080,2,660,0,0,0,61,50,75,"{""1"":[0,28020],""2"":[660,19200,8220],""3"":[19500,8340,2640],""4"":[27840,2640]}",
2023-08-17T20:46:00+08:00,2023-08-18T06:48:00+08:00,16020,7020,9720,2880,3,2220,0,0,0,67,53,90,"{""1"":[0,7800,26940],""2"":[2220,5580,25860,1140],""3"":[7500,25560,1500,1560],""4"":[7500,27060,1560]}",
2023-08-18T23:29:00+08:00,2023-08-19T08:54:00+08:00,18180,6660,6780,1800,3,900,0,0,0,65,52,76,"{""1"":[0,19140,4020,6720],""2"":[900,18240,4020,6720],""3"":[18960,3120,7680,4140],""4"":[18960,4020,6780,4140]}",
2023-08-19T23:21:00+08:00,2023-08-20T07:21:00+08:00,13140,8160,6960,540,0,540,0,0,0,60,52,68,"{""1"":[0],""2"":[540],""3"":[28800],""4"":[28800]}",
2023-08-20T23:21:00+08:00,2023-08-21T06:55:00+08:00,15120,4260,6900,540,1,540,0,0,0,60,49,72,"{""1"":[0,24960],""2"":[540,24420],""3"":[24540,2700],""4"":[24540,2700]}",
2023-08-21T23:11:00+08:00,2023-08-22T06:44:00+08:00,14820,5100,4980,2100,1,2040,0,0,0,64,54,75,"{""1"":[0,25560],""2"":[2040,23580],""3"":[25380,1800],""4"":[25380,1800]}",
2023-08-22T23:21:00+08:00,2023-08-23T06:00:00+08:00,14460,2940,5400,1020,1,1020,0,0,0,68,57,76,"{""1"":[0,22800],""2"":[1020,21780],""3"":[22680,1260],""4"":[22680,1260]}",
2023-08-23T23:18:00+08:00,2023-08-24T07:15:00+08:00,16140,3720,6840,1620,2,900,0,0,0,64,51,74,"{""1"":[0,25980],""2"":[900,23760,1380],""3"":[24000,1680,2940],""4"":[25680,2940]}",
2023-08-24T22:27:00+08:00,2023-08-25T06:29:00+08:00,16920,4200,7200,600,1,240,0,0,0,63,51,73,"{""1"":[0],""2"":[240,25320],""3"":[25200,3720],""4"":[28920]}",
2023-08-25T22:59:00+08:00,2023-08-26T07:13:00+08:00,15420,4440,7920,1860,0,1860,0,0,0,64,51,81,"{""1"":[0],""2"":[1860],""3"":[29640],""4"":[29640]}",
2023-08-26T23:41:00+08:00,2023-08-27T07:46:00+08:00,20460,3000,4320,1320,1,960,0,0,0,66,52,74,"{""1"":[0],""2"":[960,27540],""3"":[28140,960],""4"":[29100]}",
2023-08-27T22:37:00+08:00,2023-08-28T06:40:00+08:00,13500,5760,8640,900,1,840,0,0,0,64,51,73,"{""1"":[0,26760],""2"":[840,25980],""3"":[26580,2400],""4"":[26580,2400]}",
2023-08-28T23:02:00+08:00,2023-08-29T06:34:00+08:00,14280,5340,6180,1140,1,720,0,0,0,69,53,84,"{""1"":[0,25260],""2"":[720,24960],""3"":[25080,2040],""4"":[25080,2040]}",
2023-08-30T00:33:00+08:00,2023-08-30T06:25:00+08:00,11580,3660,4980,660,1,660,0,0,0,66,56,75,"{""1"":[0,19860],""2"":[660,19200],""3"":[19620,1500],""4"":[19620,1500]}",
2023-08-30T22:00:00+08:00,2023-08-31T06:43:00+08:00,16860,4380,8460,1680,1,1200,0,0,0,64,51,74,"{""1"":[0],""2"":[1200,27960],""3"":[28680,2700],""4"":[31380]}",
2023-08-31T22:59:00+08:00,2023-09-01T06:32:00+08:00,13020,7020,6420,540,1,480,0,0,0,62,51,77,"{""1"":[0,25440],""2"":[480,25020],""3"":[25260,1920],""4"":[25260,1920]}",
2023-09-01T23:29:00+08:00,2023-09-02T07:09:00+08:00,16440,2880,4980,3300,0,2520,780,0,0,65,49,83,"{""1"":[0],""2"":[2520],""3"":[26820],""4"":[27600]}",
2023-09-02T15:19:00+08:00,2023-09-02T17:20:00+08:00,3300,1320,660,1980,0,1980,0,0,0,70,58,76,"{""1"":[0],""2"":[1980],""3"":[7260],""4"":[7260]}",
2023-09-02T22:59:00+08:00,2023-09-03T08:01:00+08:00,18060,4260,7140,2880,2,2400,0,0,0,62,51,104,"{""1"":[0,29640],""2"":[2400,23940,3300],""3"":[25860,3600,3060],""4"":[29460,3060]}",
2023-09-03T14:17:00+08:00,2023-09-03T16:49:00+08:00,3600,2700,2340,480,0,480,0,0,0,63,56,69,"{""1"":[0],""2"":[480],""3"":[9120],""4"":[9120]}",
2023-09-03T21:54:00+08:00,2023-09-04T06:39:00+08:00,19500,4380,6060,1200,3,780,0,0,0,60,48,82,"{""1"":[0,3060,26280],""2"":[780,1560,720,26280],""3"":[1920,960,26280,2340],""4"":[2880,26280,2340]}",
2023-09-04T23:59:00+08:00,2023-09-05T06:27:00+08:00,14160,2100,6120,720,1,660,0,0,0,62,54,75,"{""1"":[0,21840],""2"":[660,21240],""3"":[21660,1620],""4"":[21660,1620]}",
2023-09-05T22:35:00+08:00,2023-09-06T06:30:00+08:00,17100,2880,6120,2100,1,2100,0,0,0,63,52,72,"{""1"":[0,27000],""2"":[2100,24900],""3"":[26700,1800],""4"":[26700,1800]}",
2023-09-06T23:44:00+08:00,2023-09-07T06:44:00+08:00,12180,5160,6720,960,1,960,0,0,0,61,52,75,"{""1"":[0,24000],""2"":[960,23040],""3"":[23820,1380],""4"":[23820,1380]}",
2023-09-07T23:44:00+08:00,2023-09-08T07:03:00+08:00,12120,6480,6960,780,0,780,0,0,0,59,49,70,"{""1"":[0],""2"":[780],""3"":[26340],""4"":[26340]}",
2023-09-11T14:02:00+08:00,2023-09-11T14:49:00+08:00,0,0,240,2580,0,2580,0,0,0,67,62,69,"{""1"":[0],""2"":[2580],""3"":[2820],""4"":[2820]}",
2023-09-11T21:50:00+08:00,2023-09-12T07:28:00+08:00,15960,6420,5520,1920,4,660,0,0,0,63,50,94,"{""1"":[0,11400,660,2700,1380,17580],""2"":[660,11940,2160,1440,17700],""3"":[7140,7500,1320,17640,1080],""4"":[7140,4740,2760,1320,17640,1080]}",
2023-09-12T22:30:00+08:00,2023-09-13T06:55:00+08:00,14340,4620,9060,1980,1,900,1080,0,0,64,53,83,"{""1"":[0,27900],""2"":[900,27000],""3"":[27600,1620],""4"":[27600,2700]}",
2023-09-13T23:25:00+08:00,2023-09-14T05:50:00+08:00,15120,2580,4740,660,0,660,0,0,0,60,49,68,"{""1"":[0],""2"":[660],""3"":[23100],""4"":[23100]}",
2023-09-14T22:21:00+08:00,2023-09-15T06:26:00+08:00,15120,4260,8040,1680,1,1080,0,0,0,60,50,71,"{""1"":[0],""2"":[1080,25080],""3"":[25560,3540],""4"":[29100]}",
2023-09-16T00:30:00+08:00,2023-09-16T08:06:00+08:00,14520,3360,4260,4080,2,1320,1680,0,0,70,51,89,"{""1"":[0,16620,2460,900,720],""2"":[1320,15360,4200],""3"":[16380,2580,6720],""4"":[16380,2580,840,300,7260]}",
2023-09-17T00:02:00+08:00,2023-09-17T09:09:00+08:00,17520,4920,8700,1260,1,1260,0,0,0,64,53,75,"{""1"":[0,28260],""2"":[1260,27000],""3"":[27840,4980],""4"":[27840,4980]}",
2023-09-17T22:10:00+08:00,2023-09-18T06:41:00+08:00,18900,4440,6240,900,1,180,660,0,0,62,51,77,"{""1"":[0,28380],""2"":[180,28260],""3"":[28200,1800],""4"":[28200,2460]}",
2023-09-18T22:31:00+08:00,2023-09-19T06:35:00+08:00,17160,2880,7920,900,1,840,0,0,0,70,50,90,"{""1"":[0,27120],""2"":[840,26340],""3"":[26940,2100],""4"":[26940,2100]}",
2023-09-19T23:38:00+08:00,2023-09-20T06:28:00+08:00,15300,1860,5460,1800,1,1680,0,0,0,65,53,71,"{""1"":[0,23100],""2"":[1680,21540],""3"":[22920,1680],""4"":[22920,1680]}",
2023-09-20T23:18:00+08:00,2023-09-21T07:10:00+08:00,16380,2880,5460,2160,1,1260,0,0,0,67,52,77,"{""1"":[0,25260,480,1080],""2"":[1260,25920],""3"":[24840,3480],""4"":[24840,600,660,2220]}",
2023-09-21T23:44:00+08:00,2023-09-22T06:20:00+08:00,14700,3960,4380,720,1,300,0,0,0,62,52,72,"{""1"":[0],""2"":[300,21720],""3"":[21600,2160],""4"":[23760]}",
2023-09-22T23:13:00+08:00,2023-09-23T06:37:00+08:00,16320,4020,5400,900,0,900,0,0,0,67,52,86,"{""1"":[0],""2"":[900],""3"":[26640],""4"":[26640]}",
2023-09-23T16:06:00+08:00,2023-09-23T17:07:00+08:00,2760,0,0,900,0,900,0,0,0,62,56,68,"{""1"":[0],""2"":[900],""3"":[3660],""4"":[3660]}",
2023-09-23T23:34:00+08:00,2023-09-24T08:39:00+08:00,17400,2700,6540,5820,3,1560,2580,0,0,61,48,94,"{""1"":[0,25920],""2"":[1560,21780,2760,3660],""3"":[22980,2700,2940,1500],""4"":[25680,7020]}",
2023-09-24T16:29:00+08:00,2023-09-24T18:08:00+08:00,4080,660,0,1200,0,1200,0,0,0,61,55,65,"{""1"":[0],""2"":[1200],""3"":[5940],""4"":[5940]}",
2023-09-24T21:41:00+08:00,2023-09-25T07:26:00+08:00,20040,5580,4620,4500,2,3600,0,0,0,58,48,87,"{""1"":[0,31260],""2"":[3600,27660,1200],""3"":[30900,660,3540],""4"":[30900,4200]}",
2023-09-25T13:50:00+08:00,2023-09-25T15:14:00+08:00,4320,0,0,600,1,600,0,0,0,58,52,67,"{""1"":[0,1560],""2"":[600,960],""3"":[1440,3600],""4"":[1440,3600]}",
2023-09-25T22:57:00+08:00,2023-09-26T07:46:00+08:00,15900,4980,9900,960,1,600,0,0,0,60,52,72,"{""1"":[0],""2"":[600,28980],""3"":[29220,2520],""4"":[31740]}",
2023-09-26T23:36:00+08:00,2023-09-27T06:20:00+08:00,11940,5520,3840,2940,2,840,0,0,0,62,53,89,"{""1"":[0],""2"":[840,17400,5280],""3"":[16980,5700,1560],""4"":[24240]}",
2023-10-06T22:42:00+08:00,2023-10-07T08:24:00+08:00,23400,3420,5940,1920,2,1560,0,0,0,65,50,82,"{""1"":[0,33900],""2"":[1560,24840,7500],""3"":[26040,7620,1260],""4"":[33660,1260]}",
2023-10-07T22:49:00+08:00,2023-10-08T08:30:00+08:00,19080,4080,6960,840,3,240,0,0,0,60,49,104,"{""1"":[0,2340,5820],""2"":[240,2100,6060,21660],""3"":[2100,2400,25200,5160],""4"":[2100,2400,30360]}",
2023-10-08T22:33:00+08:00,2023-10-09T06:39:00+08:00,16680,3360,8220,600,1,600,0,0,0,62,49,79,"{""1"":[0,27240],""2"":[600,26640],""3"":[26940,2220],""4"":[26940,2220]}",
2023-10-09T22:44:00+08:00,2023-10-10T07:41:00+08:00,14220,3420,5340,2940,2,960,0,0,0,69,55,104,"{""1"":[0,24060],""2"":[960,15900,8640],""3"":[16320,1440,14460],""4"":[17760,14460]}",
2023-10-10T22:37:00+08:00,2023-10-11T07:26:00+08:00,19860,4440,6300,960,1,960,0,0,0,66,54,79,"{""1"":[0,26760],""2"":[960,25800],""3"":[26580,5160],""4"":[26580,5160]}",
2023-10-11T23:47:00+08:00,2023-10-12T07:19:00+08:00,14640,1380,2460,8400,2,3600,0,0,0,68,48,82,"{""1"":[0,19980],""2"":[3600,19440,2820],""3"":[19740,4380,3000],""4"":[19740,7380]}",
2023-10-12T22:12:00+08:00,2023-10-13T06:44:00+08:00,14940,5760,9060,780,1,600,0,0,0,65,51,81,"{""1"":[0,28860],""2"":[600,28440],""3"":[28680,2040],""4"":[28680,2040]}",
2023-10-13T23:13:00+08:00,2023-10-14T07:48:00+08:00,14040,5760,8460,2640,0,1260,1380,0,0,61,52,72,"{""1"":[0],""2"":[1260],""3"":[29520],""4"":[30900]}",
2023-10-15T00:26:00+08:00,2023-10-15T11:02:00+08:00,17700,3480,5640,3720,4,840,0,0,0,61,50,77,"{""1"":[0,16200,5220,480,2040,11520],""2"":[840,15360,5820,2160,12120],""3"":[15720,5220,1500,6660,9060],""4"":[15720,5220,840,1980,5340,9060]}",
2023-10-15T15:44:00+08:00,2023-10-15T16:52:00+08:00,1860,0,0,2220,0,900,1320,0,0,73,68,77,"{""1"":[0],""2"":[900],""3"":[2760],""4"":[4080]}",
2023-10-15T22:24:00+08:00,2023-10-16T06:51:00+08:00,16620,4920,7080,1500,2,840,0,0,0,59,49,73,"{""1"":[0,28140,300],""2"":[840,27720,1320],""3"":[27960,1560,900],""4"":[27960,360,2100]}",
2023-10-16T23:57:00+08:00,2023-10-17T06:43:00+08:00,11760,6360,4920,1140,2,720,0,0,0,64,51,80,"{""1"":[0,22140],""2"":[720,19860,1620],""3"":[20220,1740,2400],""4"":[21960,2400]}",
2023-10-17T23:43:00+08:00,2023-10-18T06:48:00+08:00,13260,6120,5040,960,1,900,0,0,0,64,50,79,"{""1"":[0,23040],""2"":[900,22200],""3"":[22920,2580],""4"":[22920,2580]}",
2023-10-18T23:00:00+08:00,2023-10-19T06:40:00+08:00,10860,7260,8100,1260,1,1260,0,0,0,62,49,75,"{""1"":[0,25320],""2"":[1260,24060],""3"":[25200,2400],""4"":[25200,2400]}",
2023-10-19T22:52:00+08:00,2023-10-20T06:35:00+08:00,14220,6300,6000,1020,2,540,0,0,0,65,53,76,"{""1"":[0,25920],""2"":[540,22920,2520],""3"":[23040,2640,2100],""4"":[25680,2100]}",
2023-10-20T23:08:00+08:00,2023-10-21T07:34:00+08:00,14820,4740,8700,2100,1,1140,600,0,0,62,52,80,"{""1"":[0],""2"":[1140,26040],""3"":[26820,2940],""4"":[30360]}",
2023-10-21T23:00:00+08:00,2023-10-22T07:33:00+08:00,16200,5640,6720,1980,2,1500,0,0,0,60,47,74,"{""1"":[0,27780],""2"":[1500,26340,1260],""3"":[27540,1140,2100],""4"":[27540,3240]}",
2023-10-22T23:03:00+08:00,2023-10-23T06:53:00+08:00,9960,7560,8940,1740,1,540,840,0,0,64,41,79,"{""1"":[0],""2"":[540,25200],""3"":[25380,1980],""4"":[28200]}",
2023-10-23T23:10:00+08:00,2023-10-24T06:47:00+08:00,15120,5160,6600,300,1,300,0,0,0,61,49,75,"{""1"":[0,26040],""2"":[300,25740],""3"":[25800,1620],""4"":[25800,1620]}",
2023-10-24T22:43:00+08:00,2023-10-25T06:31:00+08:00,14520,5040,7860,480,1,180,0,0,0,62,53,73,"{""1"":[0,26400],""2"":[180,26520],""3"":[26220,1860],""4"":[26220,1860]}",
2023-10-25T23:03:00+08:00,2023-10-26T06:51:00+08:00,9720,8580,8340,1440,0,780,660,0,0,66,53,77,"{""1"":[0],""2"":[780],""3"":[27420],""4"":[28080]}",
2023-10-26T22:37:00+08:00,2023-10-27T06:28:00+08:00,14760,5160,6720,1620,1,780,0,0,0,62,51,75,"{""1"":[0],""2"":[780,26520],""3"":[26460,1800],""4"":[28260]}",
2023-10-27T23:56:00+08:00,2023-10-28T08:33:00+08:00,18300,5340,6360,1020,1,600,0,0,0,73,55,89,"{""1"":[0],""2"":[600,26160],""3"":[26340,4680],""4"":[31020]}",
2023-10-29T00:37:00+08:00,2023-10-29T07:34:00+08:00,17460,2700,1860,3000,1,1080,0,0,0,63,51,93,"{""1"":[0],""2"":[1080,22500],""3"":[21660,3360],""4"":[25020]}",
2023-10-29T21:15:00+08:00,2023-10-30T06:14:00+08:00,16140,5100,10080,1020,0,1020,0,0,0,59,45,73,"{""1"":[0],""2"":[1020],""3"":[32340],""4"":[32340]}",
2023-10-30T23:30:00+08:00,2023-10-31T06:07:00+08:00,13380,4080,5400,660,2,300,0,0,0,58,44,107,"{""1"":[0,22680],""2"":[300,20280,2100],""3"":[20220,2160,1440],""4"":[22380,1440]}",
2023-10-31T21:52:00+08:00,2023-11-01T05:49:00+08:00,16140,5280,6240,780,2,420,0,0,0,60,47,94,"{""1"":[0,2100],""2"":[420,1680,23640],""3"":[1920,23460,3240],""4"":[1920,26700]}",
2023-11-01T18:03:00+08:00,2023-11-01T18:19:00+08:00,60,0,0,900,0,900,0,0,0,77,77,77,"{""1"":[0],""2"":[900],""3"":[960],""4"":[960]}",
2023-11-01T22:07:00+08:00,2023-11-02T06:39:00+08:00,8280,10320,11580,240,1,240,0,0,0,60,49,70,"{""1"":[0,28440],""2"":[240,28200],""3"":[28140,2580],""4"":[28140,2580]}",
2023-11-02T23:15:00+08:00,2023-11-03T06:55:00+08:00,15480,3780,7140,1020,1,1020,0,0,0,61,50,82,"{""1"":[0,25140],""2"":[1020,24120],""3"":[24960,2640],""4"":[24960,2640]}",
2023-11-04T00:43:00+08:00,2023-11-04T08:29:00+08:00,13560,5520,6180,2700,2,1020,540,0,0,69,56,76,"{""1"":[0],""2"":[1020,22740,3180],""3"":[23280,3000,1140],""4"":[27960]}",
2023-11-04T13:21:00+08:00,2023-11-04T14:56:00+08:00,3060,0,240,2340,1,1140,0,0,0,65,57,81,"{""1"":[0,3060],""2"":[1140,3120],""3"":[3000,2700],""4"":[3000,2700]}",
2023-11-04T23:34:00+08:00,2023-11-05T08:06:00+08:00,18900,3540,6720,1560,0,1560,0,0,0,65,52,83,"{""1"":[0],""2"":[1560],""3"":[30720],""4"":[30720]}",
2023-11-05T23:27:00+08:00,2023-11-06T06:37:00+08:00,14640,3960,6180,660,1,660,0,0,0,61,50,79,"{""1"":[0,23940],""2"":[660,23280],""3"":[23580,2220],""4"":[23580,2220]}",
2023-11-06T22:57:00+08:00,2023-11-07T06:30:00+08:00,13440,4380,8400,660,1,660,0,0,0,63,50,75,"{""1"":[0,25680],""2"":[660,25020],""3"":[25380,1800],""4"":[25380,1800]}",
2023-11-07T22:55:00+08:00,2023-11-08T06:14:00+08:00,17160,2460,5580,1020,1,960,0,0,0,62,49,81,"{""1"":[0,24060],""2"":[960,23160],""3"":[23940,2400],""4"":[23940,2400]}",
2023-11-08T22:51:00+08:00,2023-11-09T06:21:00+08:00,16500,3000,6660,720,1,720,0,0,0,59,47,71,"{""1"":[0,24300],""2"":[720,23580],""3"":[24180,2820],""4"":[24180,2820]}",
2023-11-09T22:59:00+08:00,2023-11-10T06:46:00+08:00,14280,6900,4380,2100,1,840,1260,0,0,63,48,81,"{""1"":[0,23220],""2"":[840,22380],""3"":[22860,3900],""4"":[22860,5160]}",
2023-11-10T22:52:00+08:00,2023-11-11T06:45:00+08:00,15480,6000,6360,540,0,540,0,0,0,66,50,80,"{""1"":[0],""2"":[540],""3"":[28380],""4"":[28380]}",
2023-11-11T15:30:00+08:00,2023-11-11T15:59:00+08:00,360,0,0,1380,0,1380,0,0,0,65,63,67,"{""1"":[0],""2"":[1380],""3"":[1740],""4"":[1740]}",
2023-11-11T23:45:00+08:00,2023-11-12T07:05:00+08:00,12720,5340,5940,2400,1,1920,0,0,0,67,54,78,"{""1"":[0],""2"":[1920,20520],""3"":[21960,4440],""4"":[26400]}",
2023-11-12T22:28:00+08:00,2023-11-13T06:05:00+08:00,11760,6900,7320,1440,0,660,780,0,0,62,51,79,"{""1"":[0],""2"":[660],""3"":[26640],""4"":[27420]}",
2023-11-13T22:55:00+08:00,2023-11-14T06:41:00+08:00,13980,4980,7740,1260,1,840,0,0,0,64,50,73,"{""1"":[0],""2"":[840,25020],""3"":[25440,2520],""4"":[27960]}",
2023-11-15T00:25:00+08:00,2023-11-15T06:39:00+08:00,13800,3060,4440,1140,1,360,0,0,0,62,50,70,"{""1"":[0],""2"":[360,20340],""3"":[19920,2520],""4"":[22440]}",
2023-11-15T23:08:00+08:00,2023-11-16T06:40:00+08:00,13020,5940,5880,2280,2,1380,0,0,0,63,51,75,"{""1"":[0],""2"":[1380,20820,900],""3"":[21840,720,4560],""4"":[27120]}",
2023-11-16T23:07:00+08:00,2023-11-17T05:59:00+08:00,15840,2520,4320,2040,3,780,0,0,0,60,49,72,"{""1"":[0],""2"":[780,20760,1500,780],""3"":[21060,1560,840,1260],""4"":[24720]}",
2023-11-17T23:39:00+08:00,2023-11-18T07:30:00+08:00,11160,5520,4860,3600,4,540,600,0,0,64,52,75,"{""1"":[0,11820,960,13380],""2"":[540,7380,5040,12420,780],""3"":[7200,1740,15660,1500,1560],""4"":[8940,3660,13500,2160]}",
2023-11-18T23:35:00+08:00,2023-11-19T09:34:00+08:00,22980,2280,4920,5340,5,1260,1140,0,0,63,52,72,"{""1"":[0,12420,1500,18660],""2"":[1260,11700,960,8100,4140,7680],""3"":[12360,1320,7920,3840,7020,2340],""4"":[12360,1320,18780,3480]}",
2023-11-19T22:53:00+08:00,2023-11-20T06:54:00+08:00,14700,5760,6360,1860,1,840,960,0,0,61,47,71,"{""1"":[0,26400],""2"":[840,25620],""3"":[26220,1680],""4"":[26220,2640]}",
2023-11-20T22:40:00+08:00,2023-11-21T05:13:00+08:00,11580,2820,1800,2400,5,960,0,0,0,67,54,80,"{""1"":[0,11340,300,3600,2100,3720,1500],""2"":[960,10680,3600,2100,4140,1080],""3"":[10800,3360,3000,360,4680,1380],""4"":[10800,660,3600,2100,360,4680,1380]}",
2023-11-21T22:36:00+08:00,2023-11-22T06:02:00+08:00,16020,2880,5640,2220,1,1020,0,0,0,60,50,70,"{""1"":[0],""2"":[1020,24120],""3"":[23940,2820],""4"":[26760]}",
2023-11-22T23:27:00+08:00,2023-11-23T05:28:00+08:00,12600,3240,3360,2460,3,660,0,0,0,64,54,72,"{""1"":[0],""2"":[660,14700,1200,1320],""3"":[14880,960,1440,4380],""4"":[21660]}",
2023-11-23T23:13:00+08:00,2023-11-24T06:49:00+08:00,11040,7200,7320,1800,1,600,0,0,0,62,49,78,"{""1"":[0],""2"":[600,25200],""3"":[24600,2760],""4"":[27360]}",
2023-11-25T00:34:00+08:00,2023-11-25T06:31:00+08:00,8040,4980,7440,960,0,960,0,0,0,59,48,72,"{""1"":[0],""2"":[960],""3"":[21420],""4"":[21420]}",
2023-11-25T22:14:00+08:00,2023-11-26T06:14:00+08:00,13380,5880,6540,3000,3,780,0,0,0,60,49,76,"{""1"":[0],""2"":[780,23160,2040,1860],""3"":[23160,2460,1140,2040],""4"":[28800]}",
2023-11-26T21:19:00+08:00,2023-11-27T06:49:00+08:00,19260,5400,7620,1920,2,720,0,0,0,61,49,78,"{""1"":[0],""2"":[720,31260,720],""3"":[31140,1200,1860],""4"":[34200]}",
2023-11-28T00:04:00+08:00,2023-11-28T06:41:00+08:00,10740,1500,4140,2820,2,720,900,0,0,68,51,88,"{""1"":[0,11820,2280],""2"":[720,12300,1080],""3"":[7380,6540,9000],""4"":[7380,6540,9900]}",
2023-12-04T23:06:00+08:00,2023-12-05T05:59:00+08:00,13320,3600,5220,2220,2,960,660,0,0,64,52,78,"{""1"":[0,22440],""2"":[960,18000,3480],""3"":[18360,3660,2100],""4"":[22020,2760]}",
2023-12-05T23:39:00+08:00,2023-12-06T06:37:00+08:00,13500,4560,5640,1080,2,720,0,0,0,68,55,83,"{""1"":[0,23280],""2"":[720,21480,1080],""3"":[21840,1140,2100],""4"":[22980,2100]}",
2023-12-06T20:02:00+08:00,2023-12-07T05:42:00+08:00,15240,9300,8880,1080,1,1080,0,0,0,66,52,84,"{""1"":[0,30480],""2"":[1080,29400],""3"":[30180,4620],""4"":[30180,4620]}",
2023-12-08T00:01:00+08:00,2023-12-08T06:00:00+08:00,9000,5700,4680,2040,3,1020,0,0,0,73,58,86,"{""1"":[0,18300],""2"":[1020,15960,1380,1020],""3"":[16440,1740,780,2580],""4"":[18180,3360]}",
2023-12-08T22:12:00+08:00,2023-12-09T06:41:00+08:00,17040,7080,5520,660,1,660,0,0,0,67,52,86,"{""1"":[0,27300],""2"":[660,26640],""3"":[27060,3480],""4"":[27060,3480]}",
2023-12-09T22:44:00+08:00,2023-12-10T07:31:00+08:00,16920,4200,9060,1440,0,600,840,0,0,64,50,81,"{""1"":[0],""2"":[600],""3"":[30780],""4"":[31620]}",
2023-12-10T11:59:00+08:00,2023-12-10T13:17:00+08:00,2160,0,0,2520,0,2520,0,0,0,61,55,70,"{""1"":[0],""2"":[2520],""3"":[4680],""4"":[4680]}",
2023-12-10T23:18:00+08:00,2023-12-11T04:47:00+08:00,11040,4020,2700,1560,3,540,600,0,0,68,55,86,"{""1"":[0,14340,3180],""2"":[540,13800,3180,1140],""3"":[14100,3240,900,900],""4"":[14100,3240,2400]}",
2023-12-11T23:07:00+08:00,2023-12-12T06:09:00+08:00,12600,3540,7020,1860,3,720,0,0,0,65,51,106,"{""1"":[0,2580],""2"":[720,1860,13920,7260],""3"":[2280,13800,6960,2280],""4"":[2280,23040]}",
2023-12-12T22:12:00+08:00,2023-12-13T06:17:00+08:00,12480,7440,6720,1980,3,780,0,0,0,60,49,73,"{""1"":[0,17460,3480],""2"":[780,16680,3480,2700],""3"":[17220,2640,3420,5820],""4"":[17220,3480,8400]}",
2023-12-13T22:27:00+08:00,2023-12-14T06:28:00+08:00,8520,6600,3540,6000,1,900,1260,0,0,70,56,83,"{""1"":[0,15240,1320],""2"":[900,18420],""3"":[11280,16320],""4"":[11280,5040,12540]}",
2023-12-14T23:22:00+08:00,2023-12-15T06:20:00+08:00,14400,4740,4080,1500,2,720,0,0,0,64,50,77,"{""1"":[0,23460],""2"":[720,19800,2940],""3"":[19740,3360,1980],""4"":[23100,1980]}",
2023-12-15T22:30:00+08:00,2023-12-16T07:15:00+08:00,14220,6540,8760,1320,3,600,0,0,0,61,49,76,"{""1"":[0,1140,20400,8040],""2"":[600,1260,19680,8040],""3"":[1080,20220,7920,2280],""4"":[1080,20220,7920,2280]}",
2023-12-16T22:44:00+08:00,2023-12-17T06:55:00+08:00,14700,4620,7500,2640,1,1020,0,0,0,63,51,74,"{""1"":[0],""2"":[1020,26700],""3"":[26100,3360],""4"":[29460]}",
2023-12-17T22:45:00+08:00,2023-12-18T06:01:00+08:00,14460,3660,7200,840,0,840,0,0,0,64,52,75,"{""1"":[0],""2"":[840],""3"":[26160],""4"":[26160]}",
2023-12-18T14:15:00+08:00,2023-12-18T16:48:00+08:00,4020,2580,1680,900,0,900,0,0,0,67,54,79,"{""1"":[0],""2"":[900],""3"":[9180],""4"":[9180]}",
2023-12-18T22:56:00+08:00,2023-12-19T06:00:00+08:00,10560,4620,5400,2520,3,1320,0,0,0,62,53,71,"{""1"":[0,5100,7680],""2"":[1320,4380,7080,10920],""3"":[2880,9780,10440,2340],""4"":[2880,9780,12780]}",
2023-12-19T22:28:00+08:00,2023-12-20T06:24:00+08:00,15120,5580,5940,1620,1,1620,0,0,0,66,51,84,"{""1"":[0,25680],""2"":[1620,24060],""3"":[25380,3180],""4"":[25380,3180]}",
2023-12-20T22:16:00+08:00,2023-12-21T05:14:00+08:00,11820,3420,5820,3540,2,1260,0,0,0,66,51,76,"{""1"":[0,20880,2460],""2"":[1260,19620,3540],""3"":[20580,1380,3120],""4"":[20580,2580,1920]}",
2023-12-21T22:28:00+08:00,2023-12-22T05:40:00+08:00,15960,2520,5100,2100,2,300,0,0,0,61,50,72,"{""1"":[0,25020],""2"":[300,22080,3000],""3"":[21600,2520,1800],""4"":[24780,1140]}",
2023-12-22T21:23:00+08:00,2023-12-23T06:08:00+08:00,19260,2460,7500,1980,3,1080,0,0,0,58,50,73,"{""1"":[0,27480],""2"":[1080,26400,1680,1740],""3"":[27180,1500,1800,1020],""4"":[27180,4320]}",
2023-12-23T13:50:00+08:00,2023-12-23T15:16:00+08:00,2400,0,0,2760,1,2280,0,0,0,66,59,71,"{""1"":[0],""2"":[2280,1860],""3"":[3660,1500],""4"":[5160]}",
2023-12-23T22:23:00+08:00,2023-12-24T07:49:00+08:00,16500,4740,9780,2940,1,1020,1560,0,0,65,53,77,"{""1"":[0],""2"":[1020,30960],""3"":[31620,780],""4"":[33960]}",
2023-12-24T15:45:00+08:00,2023-12-24T17:29:00+08:00,4380,0,0,1200,3,1080,0,0,0,78,71,83,"{""1"":[0,2160,480,1500],""2"":[1080,1080,480,1620],""3"":[2040,180,1800,2220],""4"":[2040,180,1800,2220]}",
2023-12-24T22:54:00+08:00,2023-12-25T06:06:00+08:00,14760,2640,6480,1680,1,900,0,0,0,65,53,72,"{""1"":[0,23940],""2"":[900,23040],""3"":[22800,3120],""4"":[23580,2340]}",
2023-12-25T22:45:00+08:00,2023-12-26T07:24:00+08:00,19500,1920,8340,1380,0,1380,0,0,0,61,49,74,"{""1"":[0],""2"":[1380],""3"":[31140],""4"":[31140]}",
2023-12-26T20:14:00+08:00,2023-12-26T20:26:00+08:00,360,0,0,360,0,360,0,0,0,62,59,64,"{""1"":[0],""2"":[360],""3"":[720],""4"":[720]}",
2023-12-26T23:37:00+08:00,2023-12-27T07:26:00+08:00,16560,3960,5880,1140,3,540,0,0,0,60,51,70,"{""1"":[0,7080,18840],""2"":[540,6540,16740,2100],""3"":[6780,16440,2400,2520],""4"":[6780,18840,2520]}",
2023-12-27T17:01:00+08:00,2023-12-27T17:34:00+08:00,720,0,0,1260,0,1260,0,0,0,63,60,66,"{""1"":[0],""2"":[1260],""3"":[1980],""4"":[1980]}",
2023-12-28T01:59:00+08:00,2023-12-28T08:20:00+08:00,15000,1500,3780,2280,2,840,0,0,0,68,57,77,"{""1"":[0,20100],""2"":[840,19380,1860],""3"":[19800,960,2100],""4"":[19800,3060]}",
2023-12-28T12:47:00+08:00,2023-12-28T15:54:00+08:00,6780,1680,1860,900,0,900,0,0,0,65,58,73,"{""1"":[0],""2"":[900],""3"":[11220],""4"":[11220]}",
2023-12-28T19:00:00+08:00,2023-12-28T19:48:00+08:00,1560,0,0,1320,0,1320,0,0,0,64,59,73,"{""1"":[0],""2"":[1320],""3"":[2880],""4"":[2880]}",
2023-12-28T23:11:00+08:00,2023-12-29T08:08:00+08:00,17760,2940,9000,2400,2,1200,0,0,0,59,50,74,"{""1"":[0,12240],""2"":[1200,11160,18420],""3"":[12120,17580,2520],""4"":[12120,20100]}",
2023-12-29T14:04:00+08:00,2023-12-29T17:21:00+08:00,2940,0,0,7020,3,720,0,0,0,78,66,84,"{""1"":[0,10080],""2"":[720,4980,1800,3780],""3"":[1020,6060,1140,3600],""4"":[8220,3600]}",
2023-12-29T23:53:00+08:00,2023-12-30T08:33:00+08:00,22740,2340,4380,1200,4,660,0,0,0,65,47,77,"{""1"":[0,7800,10440,10620],""2"":[660,7260,6240,4080,10680],""3"":[7680,6120,4140,10800,2460],""4"":[7680,10260,10800,2460]}",
2023-12-30T17:22:00+08:00,2023-12-30T18:20:00+08:00,2520,0,60,900,0,900,0,0,0,70,57,75,"{""1"":[0],""2"":[900],""3"":[3480],""4"":[3480]}",
2023-12-31T00:00:00+08:00,2023-12-31T08:10:00+08:00,15120,3840,9120,1320,1,900,0,0,0,68,53,80,"{""1"":[0],""2"":[900,27780],""3"":[28260,1140],""4"":[29400]}",
2024-01-01T01:02:00+08:00,2024-01-01T09:12:00+08:00,21300,3240,3600,1140,2,600,0,0,0,69,56,79,"{""1"":[0,12060],""2"":[600,11580,14460],""3"":[11940,14280,3180],""4"":[11940,17460]}",
2024-01-02T00:15:00+08:00,2024-01-02T07:26:00+08:00,14340,2880,7080,1260,1,1260,0,0,0,63,51,71,"{""1"":[0,24600],""2"":[1260,23340],""3"":[24300,1560],""4"":[24300,1560]}",
2024-01-02T23:24:00+08:00,2024-01-03T08:05:00+08:00,20040,1440,8460,1080,2,720,0,0,0,68,55,84,"{""1"":[0,9300],""2"":[720,8580,20940],""3"":[9060,20820,1380],""4"":[9060,22200]}",
2024-01-03T10:12:00+08:00,2024-01-03T10:51:00+08:00,60,0,0,2280,0,2280,0,0,0,75,74,74,"{""1"":[0],""2"":[2280],""3"":[2340],""4"":[2340]}",
2024-01-03T13:40:00+08:00,2024-01-03T15:45:00+08:00,5460,0,0,2040,1,1200,0,0,0,75,57,83,"{""1"":[0],""2"":[1200,2820],""3"":[3180,4320],""4"":[7500]}",
2024-01-03T23:37:00+08:00,2024-01-04T08:03:00+08:00,16620,3840,7380,2520,2,600,0,0,0,62,51,75,"{""1"":[0],""2"":[600,21000,7200],""3"":[21240,6000,3120],""4"":[30360]}",
2024-01-05T00:06:00+08:00,2024-01-05T07:55:00+08:00,19380,2100,4440,2220,3,960,0,0,0,64,53,77,"{""1"":[0],""2"":[960,19440,5280,1380],""3"":[19920,5340,1440,1440],""4"":[28140]}",
2024-01-05T11:43:00+08:00,2024-01-05T12:06:00+08:00,660,0,0,720,0,720,0,0,0,60,57,62,"{""1"":[0],""2"":[720],""3"":[1380],""4"":[1380]}",
2024-01-06T01:32:00+08:00,2024-01-06T08:48:00+08:00,16620,1380,5940,1920,1,960,960,0,0,61,53,71,"{""1"":[0,24180],""2"":[960,23220],""3"":[23880,1320],""4"":[23880,2280]}",
2024-01-06T23:26:00+08:00,2024-01-07T05:38:00+08:00,11580,5040,2160,3540,0,3000,540,0,0,66,54,76,"{""1"":[0],""2"":[3000],""3"":[21780],""4"":[22320]}",
2024-01-07T12:13:00+08:00,2024-01-07T13:42:00+08:00,2760,0,600,1620,1,1560,0,0,0,67,60,72,"{""1"":[0,2940],""2"":[1560,1440],""3"":[2580,2760],""4"":[2580,2760]}",
2024-01-07T21:52:00+08:00,2024-01-08T06:23:00+08:00,15840,4020,4800,4740,1,660,1260,0,0,61,47,89,"{""1"":[0,1320,1440,240,780,540,600],""2"":[660,4620],""3"":[1200,28200],""4"":[1200,1380,300,780,480,240,26280]}",
2024-01-08T23:24:00+08:00,2024-01-09T06:32:00+08:00,16500,3600,3780,1320,1,1320,0,0,0,61,51,80,"{""1"":[0,23700],""2"":[1320,22380],""3"":[23220,2460],""4"":[23220,2460]}",
2024-01-09T22:05:00+08:00,2024-01-10T06:48:00+08:00,19320,2040,8280,1440,2,1080,0,0,0,62,49,79,"{""1"":[0,29100],""2"":[1080,19200,8820],""3"":[19920,8880,2580],""4"":[28800,2580]}",
2024-01-11T00:14:00+08:00,2024-01-11T07:22:00+08:00,16620,1380,3180,4140,2,1260,0,0,0,62,51,77,"{""1"":[0,24300],""2"":[1260,20880,2820],""3"":[21240,1380,3060],""4"":[23940,1740]}",
2024-01-12T00:13:00+08:00,2024-01-12T06:45:00+08:00,10560,4500,6420,1560,1,1500,0,240,1,63,51,73,"{""1"":[0,21300],""2"":[1500,19860],""3"":[20820,2700],""4"":[20820,2700]}",
2024-01-13T00:21:00+08:00,2024-01-13T08:11:00+08:00,18960,1080,4980,2880,4,1020,0,0,0,61,49,71,"{""1"":[0,21840],""2"":[1020,17820,3000,3600,2100],""3"":[18480,3060,3540,1320,1800],""4"":[21540,6660]}",
2024-01-13T17:43:00+08:00,2024-01-13T18:37:00+08:00,1260,0,0,1980,0,1980,0,0,0,74,70,77,"{""1"":[0],""2"":[1980],""3"":[3240],""4"":[3240]}",
2024-01-14T00:02:00+08:00,2024-01-14T09:39:00+08:00,18420,4140,9060,2700,5,900,0,0,0,62,48,76,"{""1"":[0,30600],""2"":[900,28140,1860,780,960,1380],""3"":[28680,1620,960,1020,1380,960],""4"":[30300,4320]}",
2024-01-14T22:49:00+08:00,2024-01-15T06:45:00+08:00,10500,7140,7920,2640,1,2640,0,0,0,64,51,76,"{""1"":[0,17580],""2"":[2640,14940],""3"":[17220,11340],""4"":[17220,11340]}",
2024-01-15T22:57:00+08:00,2024-01-16T06:30:00+08:00,13860,3120,6960,2880,2,1980,0,0,0,60,48,69,"{""1"":[0,24780],""2"":[1980,22800,1140],""3"":[24420,600,2160],""4"":[24420,2760]}",
2024-01-16T22:43:00+08:00,2024-01-17T06:38:00+08:00,17220,2460,5400,3120,1,2520,600,0,0,63,49,77,"{""1"":[0,26520],""2"":[2520,24000],""3"":[26220,1680],""4"":[26220,2280]}",
2024-01-17T22:37:00+08:00,2024-01-18T05:32:00+08:00,13980,4020,5520,900,1,420,0,0,0,58,48,70,"{""1"":[0,20640,240],""2"":[420,20820],""3"":[20280,4620],""4"":[20280,480,4140]}",
2024-01-18T21:27:00+08:00,2024-01-19T07:01:00+08:00,16080,5940,9120,3300,0,1260,2040,0,0,58,43,75,"{""1"":[0],""2"":[1260],""3"":[32400],""4"":[34440]}",
2024-01-19T23:28:00+08:00,2024-01-20T07:45:00+08:00,14760,3180,8880,2340,2,660,0,0,0,59,50,79,"{""1"":[0,1680,900,1380],""2"":[660,1020,2880],""3"":[1560,780,27480],""4"":[1560,780,1320,26160]}",
2024-01-21T00:16:00+08:00,2024-01-21T09:13:00+08:00,14820,5400,10020,1740,1,480,0,0,0,59,50,74,"{""1"":[0,29640],""2"":[480,29160],""3"":[28140,4080],""4"":[29400,2820]}",
2024-01-21T13:24:00+08:00,2024-01-21T14:32:00+08:00,720,0,0,3360,0,3360,0,0,0,70,66,72,"{""1"":[0],""2"":[3360],""3"":[4080],""4"":[4080]}",
2024-01-21T23:55:00+08:00,2024-01-22T06:53:00+08:00,12960,4620,6120,1080,1,900,0,0,0,62,50,72,"{""1"":[0,24060],""2"":[900,23340],""3"":[23760,1320],""4"":[23760,1320]}",
2024-01-22T23:53:00+08:00,2024-01-23T06:59:00+08:00,12840,3660,6720,2160,1,1200,960,0,0,61,49,75,"{""1"":[0,24180],""2"":[1200,22980],""3"":[24000,600],""4"":[24000,1560]}",
2024-01-23T23:37:00+08:00,2024-01-24T06:52:00+08:00,16800,2820,5580,600,1,600,0,0,0,64,50,78,"{""1"":[0,25080],""2"":[600,24480],""3"":[24780,1320],""4"":[24780,1320]}",
2024-01-24T23:34:00+08:00,2024-01-25T07:21:00+08:00,12120,5580,8160,1860,1,960,0,0,0,61,47,71,"{""1"":[0,25860],""2"":[960,25800],""3"":[25560,2460],""4"":[25560,2460]}",
2024-01-25T23:11:00+08:00,2024-01-26T07:32:00+08:00,12600,4620,5520,2760,3,960,0,0,0,61,51,73,"{""1"":[0,5940],""2"":[960,5940,19500,2760],""3"":[1380,24600,2760,1320],""4"":[1380,28680]}",
2024-01-28T23:35:00+08:00,2024-01-29T07:16:00+08:00,15780,3360,5940,2400,1,1320,0,0,0,61,47,75,"{""1"":[0,25080],""2"":[1320,24840],""3"":[24900,2760],""4"":[24900,2760]}",
2024-01-29T23:27:00+08:00,2024-01-30T07:11:00+08:00,17940,1860,5820,1920,3,1560,0,0,0,61,49,74,"{""1"":[0,2460,23520],""2"":[1560,900,23520,780],""3"":[2400,23340,660,1440],""4"":[2400,23340,2100]}",
2024-01-30T23:48:00+08:00,2024-01-31T06:52:00+08:00,11820,2160,8280,3180,0,3180,0,0,0,62,52,73,"{""1"":[0],""2"":[3180],""3"":[25440],""4"":[25440]}",
2024-02-01T00:16:00+08:00,2024-02-01T07:36:00+08:00,16980,1080,6120,1260,2,0,0,0,0,61,49,81,"{""1"":[0,2160,21180],""2"":[0,2280,21060],""3"":[360,22680,3360],""4"":[1500,21540,3360]}",
2024-02-01T22:25:00+08:00,2024-02-02T06:44:00+08:00,13980,4980,9540,1440,1,1080,0,0,0,61,49,87,"{""1"":[0],""2"":[1080,26160],""3"":[26880,3060],""4"":[29940]}",
2024-02-03T00:45:00+08:00,2024-02-03T08:52:00+08:00,8220,6900,7140,3360,3,600,0,0,0,66,53,76,"{""1"":[0,17220,660],""2"":[600,10140,7680,9540],""3"":[10380,2940,13740,2160],""4"":[13860,3780,11580]}",
2024-02-04T00:07:00+08:00,2024-02-04T07:46:00+08:00,15660,3480,7080,1320,1,840,0,0,0,59,47,75,"{""1"":[0],""2"":[840,25260],""3"":[25620,1920],""4"":[27540]}",
2024-02-04T23:46:00+08:00,2024-02-05T05:31:00+08:00,14340,2280,1920,1620,3,780,0,0,0,59,46,102,"{""1"":[0,11820,4080],""2"":[780,9840,1200,4080],""3"":[9780,1740,4140,5040],""4"":[11520,4140,5040]}",
2024-02-06T23:54:00+08:00,2024-02-07T06:59:00+08:00,10800,4320,9660,720,0,720,0,0,0,59,47,72,"{""1"":[0],""2"":[720],""3"":[25500],""4"":[25500]}",
2024-02-07T23:57:00+08:00,2024-02-08T06:54:00+08:00,14340,5220,4260,900,2,540,0,0,0,63,50,79,"{""1"":[0,23820],""2"":[540,17460,5820],""3"":[17640,5880,1500],""4"":[23520,1500]}",
2024-02-08T22:43:00+08:00,2024-02-09T06:31:00+08:00,13380,7500,5100,1920,2,960,0,0,0,60,46,75,"{""1"":[0,26820],""2"":[960,18600,7260],""3"":[19200,6840,2040],""4"":[26640,1440]}",
2024-02-10T00:44:00+08:00,2024-02-10T07:39:00+08:00,12780,3480,4020,4440,2,1380,1800,0,0,63,46,81,"{""1"":[0,22140],""2"":[1380,19200,1620],""3"":[20160,1020,1920],""4"":[21960,2940]}",
2024-02-10T21:17:00+08:00,2024-02-11T07:17:00+08:00,17880,5220,10320,2580,0,1500,1080,0,0,58,47,74,"{""1"":[0],""2"":[1500],""3"":[34920],""4"":[36000]}",
2024-02-11T18:21:00+08:00,2024-02-11T18:49:00+08:00,540,0,0,1140,0,1140,0,0,0,60,54,66,"{""1"":[0],""2"":[1140],""3"":[1680],""4"":[1680]}",
2024-02-11T23:11:00+08:00,2024-02-12T06:34:00+08:00,17280,3480,4200,900,4,0,0,0,0,60,52,68,"{""1"":[0,24600,720],""2"":[0,2160,18480,3960,780],""3"":[1680,18600,3780,1080,1440],""4"":[24060,1080,1440]}",
2024-02-12T22:24:00+08:00,2024-02-13T06:32:00+08:00,17520,3660,4200,3660,3,840,0,0,0,60,50,81,"{""1"":[0,27600],""2"":[840,7800,1440,17520],""3"":[6900,2100,18360,1920],""4"":[27360,1920]}",
2024-02-13T22:44:00+08:00,2024-02-14T06:37:00+08:00,14340,4380,6720,2820,2,1800,660,0,0,59,46,72,"{""1"":[0,27060],""2"":[1800,24180,1080],""3"":[25620,1320,780],""4"":[26940,1440]}",
2024-02-15T00:08:00+08:00,2024-02-15T07:20:00+08:00,11520,2400,3960,3540,4,900,0,0,0,61,51,77,"{""1"":[0,4980,8640,1200,11040],""2"":[900,4080,3240,7920,9720],""3"":[4620,3240,2100,15660,300],""4"":[4620,5340,4620,11040,300]}",
2024-02-15T16:00:00+08:00,2024-02-15T17:56:00+08:00,2940,0,0,4020,0,4020,0,0,0,62,55,68,"{""1"":[0],""2"":[4020],""3"":[6960],""4"":[6960]}",
2024-02-15T22:27:00+08:00,2024-02-16T06:10:00+08:00,11640,6240,7260,2640,1,1320,600,0,0,56,47,67,"{""1"":[0],""2"":[1320,23880],""3"":[24480,2700],""4"":[27780]}",
2024-02-17T01:08:00+08:00,2024-02-17T07:04:00+08:00,9660,3060,4860,1980,2,180,0,0,0,61,47,69,"{""1"":[0,19140],""2"":[180,14400,5940],""3"":[14160,3180,4020],""4"":[17340,4020]}",
2024-02-18T00:02:00+08:00,2024-02-18T08:33:00+08:00,19020,1380,9360,900,0,900,0,0,0,54,45,66,"{""1"":[0],""2"":[900],""3"":[30660],""4"":[30660]}",
2024-02-18T22:04:00+08:00,2024-02-19T06:30:00+08:00,15060,6240,6060,2700,3,840,0,0,0,61,49,75,"{""1"":[0,28620],""2"":[840,14520,11580,1980],""3"":[14940,10860,2520,2040],""4"":[28320,2040]}",
2024-02-19T23:18:00+08:00,2024-02-20T06:37:00+08:00,11460,5580,8760,180,1,180,0,0,0,59,49,70,"{""1"":[0,24300],""2"":[180,24120],""3"":[23940,2400],""4"":[23940,2400]}",
2024-02-20T23:13:00+08:00,2024-02-21T06:25:00+08:00,13740,5580,5340,1020,2,540,0,0,0,62,48,84,"{""1"":[0,24840],""2"":[540,19080,5280],""3"":[19200,5400,1320],""4"":[24600,1320]}",
2024-02-22T23:50:00+08:00,2024-02-23T06:45:00+08:00,12240,4740,6720,720,1,720,0,0,0,64,52,75,"{""1"":[0,22920],""2"":[720,22200],""3"":[22440,2460],""4"":[22440,2460]}",
2024-02-23T22:51:00+08:00,2024-02-24T08:03:00+08:00,19680,2220,9540,1620,2,780,0,0,0,65,49,78,"{""1"":[0,20880],""2"":[780,20100,11040],""3"":[20820,10260,2040],""4"":[20820,12300]}",
2024-02-24T13:22:00+08:00,2024-02-24T14:10:00+08:00,540,0,0,2340,0,2340,0,0,0,66,61,68,"{""1"":[0],""2"":[2340],""3"":[2880],""4"":[2880]}",
2024-02-24T23:14:00+08:00,2024-02-25T09:26:00+08:00,14640,5400,4860,6600,4,2220,0,0,0,65,50,79,"{""1"":[0,3420,1140,8280,780],""2"":[2220,3240,8580,19200,2340],""3"":[3360,4800,24480,1920,2160],""4"":[3360,1020,3780,5160,23400]}",
2024-02-25T21:50:00+08:00,2024-02-26T06:52:00+08:00,15720,7020,7500,1980,1,1080,840,0,0,58,48,68,"{""1"":[0,29700],""2"":[1080,28680],""3"":[29400,2280],""4"":[29400,3120]}",
2024-02-26T23:33:00+08:00,2024-02-27T07:17:00+08:00,15120,5400,4380,2940,2,1200,840,0,0,62,52,76,"{""1"":[0],""2"":[1200,24120,900],""3"":[24780,1080,1140],""4"":[27840]}",
2024-02-27T23:27:00+08:00,2024-02-28T06:58:00+08:00,13140,2700,9360,1440,1,720,720,240,1,60,51,71,"{""1"":[0,25380],""2"":[720,24660],""3"":[24960,1380],""4"":[24960,2100]}",
2024-02-29T00:47:00+08:00,2024-02-29T07:27:00+08:00,13200,3780,5640,1080,1,1080,0,0,0,60,53,67,"{""1"":[0,22980],""2"":[1080,21900],""3"":[22680,1320],""4"":[22680,1320]}",
2024-02-29T22:51:00+08:00,2024-03-01T07:18:00+08:00,17220,4680,5580,1560,4,1320,0,0,0,60,52,71,"{""1"":[0,13980,1200,2160,11340],""2"":[1320,12900,960,2160,11340],""3"":[13380,1500,2280,11220,2040],""4"":[13380,1500,2280,11220,2040]}",
2024-03-01T23:58:00+08:00,2024-03-02T06:59:00+08:00,16500,2340,3540,2880,2,1680,0,0,0,62,50,74,"{""1"":[0],""2"":[1680,17700,3060],""3"":[18780,3060,3420],""4"":[25260]}",
2024-03-02T23:32:00+08:00,2024-03-03T07:50:00+08:00,13860,3120,8880,4020,1,840,1260,0,0,56,44,64,"{""1"":[0],""2"":[840,26760],""3"":[25680,2940],""4"":[29880]}",
2024-03-04T21:57:00+08:00,2024-03-05T06:44:00+08:00,18180,3720,8400,1020,1,720,0,0,0,58,45,75,"{""1"":[0,29700],""2"":[720,29280],""3"":[29400,2220],""4"":[29400,2220]}",
2024-03-05T23:29:00+08:00,2024-03-06T06:13:00+08:00,14760,1620,4920,2700,1,2580,0,0,0,64,51,76,"{""1"":[0,23220],""2"":[2580,20760],""3"":[22980,1260],""4"":[22980,1260]}",
2024-03-06T22:20:00+08:00,2024-03-07T05:49:00+08:00,20640,1200,3120,1620,2,1620,0,0,0,61,47,75,"{""1"":[0,22020,2820],""2"":[1620,20400,2820],""3"":[21900,2700,2340],""4"":[21900,2700,2340]}",
2024-03-07T22:25:00+08:00,2024-03-08T06:44:00+08:00,18420,4260,3780,2880,3,900,0,0,0,60,52,74,"{""1"":[0,22260,4740,300,240],""2"":[900,21480,4620,540],""3"":[22200,2820,2100,2820],""4"":[22200,4560,360,300,2520]}",
2024-03-09T02:45:00+08:00,2024-03-09T10:19:00+08:00,15360,6660,3240,1620,2,1020,0,0,0,70,57,78,"{""1"":[0,17040],""2"":[1020,16020,8700],""3"":[16680,8460,2100],""4"":[16680,10560]}",
2024-03-09T23:54:00+08:00,2024-03-10T07:52:00+08:00,16020,4320,6120,1860,1,900,0,0,0,62,47,79,"{""1"":[0,26760],""2"":[900,26280],""3"":[25860,2820],""4"":[26400,2280]}",
2024-03-10T15:44:00+08:00,2024-03-10T16:25:00+08:00,0,0,300,2160,0,2160,0,0,0,64,55,73,"{""1"":[0],""2"":[2160],""3"":[2460],""4"":[2460]}",
2024-03-10T23:15:00+08:00,2024-03-11T07:20:00+08:00,9660,2880,3420,5160,4,1020,1380,0,0,67,57,86,"{""1"":[0,4500,7020,4560],""2"":[1020,1980,1680,8220,4020],""3"":[2640,1680,1920,7320,14160],""4"":[4320,1920,7320,15540]}",
2024-03-11T14:39:00+08:00,2024-03-11T16:54:00+08:00,4140,0,0,3960,0,3960,0,0,0,69,56,76,"{""1"":[0],""2"":[3960],""3"":[8100],""4"":[8100]}",
2024-03-11T22:45:00+08:00,2024-03-12T06:57:00+08:00,20340,2220,5100,1680,1,1260,0,0,0,66,53,80,"{""1"":[0,26340],""2"":[1260,25500],""3"":[26160,3360],""4"":[26160,3360]}",
2024-03-12T23:00:00+08:00,2024-03-13T06:43:00+08:00,16620,3300,7020,660,1,660,0,0,0,65,50,81,"{""1"":[0,25920],""2"":[660,25260],""3"":[25740,2040],""4"":[25740,2040]}",
2024-03-13T23:30:00+08:00,2024-03-14T06:55:00+08:00,12240,4980,6720,1860,2,900,0,0,0,63,52,76,"{""1"":[0,3060],""2"":[900,2760,20820],""3"":[2160,21960,2580],""4"":[2160,24540]}",
2024-03-14T23:22:00+08:00,2024-03-15T06:53:00+08:00,18300,3360,3840,1140,1,900,0,0,0,62,52,72,"{""1"":[0,24360],""2"":[900,23700],""3"":[23940,3120],""4"":[23940,3120]}",
2024-03-15T23:16:00+08:00,2024-03-16T06:56:00+08:00,17940,2340,4800,2280,1,1500,0,0,0,60,50,76,"{""1"":[0,24840],""2"":[1500,23340],""3"":[23820,3780],""4"":[24600,3000]}",
2024-03-16T22:25:00+08:00,2024-03-17T07:36:00+08:00,20100,3600,7260,2100,2,720,0,0,0,62,50,78,"{""1"":[0],""2"":[720,29160,1080],""3"":[28860,1740,2460],""4"":[33060]}",
2024-03-17T22:55:00+08:00,2024-03-18T06:33:00+08:00,16320,3840,5400,1800,1,660,1140,0,0,63,52,73,"{""1"":[0,26220],""2"":[660,25560],""3"":[26100,240],""4"":[26100,1380]}",
2024-03-18T22:20:00+08:00,2024-03-19T06:40:00+08:00,15240,5220,7560,1560,1,960,0,0,0,65,51,78,"{""1"":[0,27900],""2"":[960,27540],""3"":[27480,2520],""4"":[27480,2520]}",
2024-03-20T01:50:00+08:00,2024-03-20T06:52:00+08:00,8940,2280,5340,1380,1,1320,0,0,0,61,47,70,"{""1"":[0,15180],""2"":[1320,13920],""3"":[15000,3120],""4"":[15000,3120]}",
2024-03-21T22:10:00+08:00,2024-03-22T06:49:00+08:00,15300,4620,9300,1920,1,960,0,0,0,61,49,76,"{""1"":[0],""2"":[960,28380],""3"":[28380,2760],""4"":[31140]}",
2024-03-22T22:52:00+08:00,2024-03-23T07:29:00+08:00,16620,1920,8460,4020,1,2760,0,0,0,60,50,73,"{""1"":[0],""2"":[2760,26940],""3"":[28440,2580],""4"":[31020]}",
2024-03-24T13:32:00+08:00,2024-03-24T15:00:00+08:00,660,0,780,3780,1,1440,0,0,0,68,60,73,"{""1"":[0,3660],""2"":[1440,3120],""3"":[2160,3120],""4"":[3600,1680]}",
2024-03-24T21:24:00+08:00,2024-03-25T06:48:00+08:00,20460,3600,8400,1140,1,1140,0,0,0,59,47,72,"{""1"":[0,31200],""2"":[1140,30060],""3"":[30960,2880],""4"":[30960,2880]}",
2024-03-25T22:29:00+08:00,2024-03-26T06:42:00+08:00,14280,2160,2040,5460,4,1080,0,0,0,69,59,100,"{""1"":[0,13500,4080,5700],""2"":[1080,12480,1920,2100,9360],""3"":[13260,1560,2520,780,11460],""4"":[13260,4080,780,11460]}",
2024-03-26T22:55:00+08:00,2024-03-27T06:37:00+08:00,12900,4440,6900,1800,2,1260,0,0,0,61,52,77,"{""1"":[0,4440,21480],""2"":[1260,3720,20940],""3"":[3180,22320,2220],""4"":[3180,22320,2220]}",
2024-03-27T23:15:00+08:00,2024-03-28T07:08:00+08:00,16140,4920,4620,2220,2,1440,0,0,0,69,56,83,"{""1"":[0,8160,18180],""2"":[1440,6900,18000],""3"":[7980,17460,2940],""4"":[7980,18060,2340]}",
2024-03-28T23:26:00+08:00,2024-03-29T07:56:00+08:00,17700,3240,6780,2340,2,420,0,0,0,61,50,72,"{""1"":[0,2520,720,24900],""2"":[420,2820,24900],""3"":[1020,26880,2700],""4"":[2400,660,24840,2700]}",
2024-04-01T22:42:00+08:00,2024-04-02T06:38:00+08:00,18360,2280,6060,1560,2,1080,0,0,0,60,50,71,"{""1"":[0,26580],""2"":[1080,25500,840],""3"":[26280,660,1620],""4"":[26280,2280]}",
2024-04-02T22:46:00+08:00,2024-04-03T06:00:00+08:00,18720,1980,4200,1140,1,480,0,0,0,58,42,66,"{""1"":[0],""2"":[480,24600],""3"":[24420,1620],""4"":[26040]}",
2024-04-03T23:32:00+08:00,2024-04-04T06:36:00+08:00,16080,2820,4800,1380,2,1020,0,0,0,65,52,76,"{""1"":[0,23640],""2"":[1020,16140,6480],""3"":[16800,6480,2160],""4"":[23280,2160]}",
2024-04-04T22:20:00+08:00,2024-04-05T06:02:00+08:00,16200,2400,6660,2460,0,1020,1440,0,0,61,50,77,"{""1"":[0],""2"":[1020],""3"":[26280],""4"":[27720]}",
2024-04-05T23:53:00+08:00,2024-04-06T11:49:00+08:00,18600,7200,9540,3420,5,1380,720,0,0,64,49,74,"{""1"":[0,4800,6180,22920,5640],""2"":[1380,3480,6180,22860,6480,1020],""3"":[4680,6180,22740,2280,5160,1200],""4"":[4680,6180,22740,2280,7080]}",
2024-04-07T00:56:00+08:00,2024-04-07T08:19:00+08:00,16860,2760,5280,1680,0,1680,0,0,0,64,55,74,"{""1"":[0],""2"":[1680],""3"":[26580],""4"":[26580]}",
2024-04-07T22:55:00+08:00,2024-04-08T06:36:00+08:00,18960,780,6060,1620,2,1200,0,0,0,60,49,68,"{""1"":[0,25740],""2"":[1200,5340,19200],""3"":[6120,19380,2160],""4"":[25500,2160]}",
2024-04-08T23:31:00+08:00,2024-04-09T06:02:00+08:00,17640,1020,2820,1680,1,1500,0,0,0,68,52,81,"{""1"":[0,17940],""2"":[1500,16620],""3"":[17640,5820],""4"":[17640,5820]}",
2024-04-09T23:10:00+08:00,2024-04-10T07:18:00+08:00,16440,4200,7800,660,1,660,0,0,0,61,51,71,"{""1"":[0,28380],""2"":[660,27720],""3"":[28200,1080],""4"":[28200,1080]}",
2024-04-10T23:02:00+08:00,2024-04-11T06:36:00+08:00,16920,1440,6900,1740,2,1140,0,0,0,66,51,78,"{""1"":[0,25320],""2"":[1140,16860,7560],""3"":[17640,7440,2160],""4"":[25080,2160]}",
2024-04-11T22:39:00+08:00,2024-04-12T06:39:00+08:00,16620,4320,6000,1860,1,660,780,0,0,62,51,76,"{""1"":[0],""2"":[660,22620],""3"":[22860,5160],""4"":[28800]}",
2024-04-13T00:04:00+08:00,2024-04-13T09:35:00+08:00,20700,6300,6540,720,0,720,0,0,0,66,54,81,"{""1"":[0],""2"":[720],""3"":[34260],""4"":[34260]}",
2024-04-14T20:29:00+08:00,2024-04-15T06:36:00+08:00,20880,4620,9300,1440,1,840,0,0,0,60,46,78,"{""1"":[0,34440],""2"":[840,34200],""3"":[34260,2160],""4"":[34260,2160]}",
2024-04-15T23:11:00+08:00,2024-04-16T06:16:00+08:00,14160,3000,5520,2520,2,840,0,0,0,61,51,78,"{""1"":[0,23520],""2"":[840,16380,7020],""3"":[16860,5760,2880],""4"":[23220,2280]}",
2024-04-16T23:39:00+08:00,2024-04-17T06:30:00+08:00,12900,3540,4500,3480,2,1740,0,0,0,62,51,72,"{""1"":[0,22860],""2"":[1740,14880,6840],""3"":[16200,5700,2760],""4"":[22620,2040]}",
2024-04-17T19:43:00+08:00,2024-04-17T20:05:00+08:00,300,0,0,1020,0,1020,0,0,0,70,68,71,"{""1"":[0],""2"":[1020],""3"":[1320],""4"":[1320]}",
2024-04-17T23:05:00+08:00,2024-04-18T06:47:00+08:00,18000,2160,5160,2040,2,1620,0,0,0,63,49,77,"{""1"":[0,24360],""2"":[1620,22740,1980],""3"":[24000,1920,1800],""4"":[24000,3720]}",
2024-04-18T23:43:00+08:00,2024-04-19T07:18:00+08:00,14820,3600,7740,900,1,900,0,0,0,58,48,71,"{""1"":[0,26040],""2"":[900,25140],""3"":[25800,1500],""4"":[25800,1500]}",
2024-04-19T22:43:00+08:00,2024-04-20T09:02:00+08:00,21240,5580,5580,4320,5,1500,720,0,0,66,50,102,"{""1"":[0,17820,1440,360],""2"":[1500,8760,1920,5820,1620,16440],""3"":[9360,2460,5820,1500,16500,780],""4"":[17640,1500,360,17640]}",
2024-04-20T21:04:00+08:00,2024-04-21T07:51:00+08:00,17340,3180,7860,4740,3,840,0,0,0,57,46,67,"{""1"":[0,7320,1740],""2"":[840,9000,26700,1380],""3"":[1800,33540,2220,1260],""4"":[1800,7080,29940]}",
2024-04-21T23:50:00+08:00,2024-04-22T06:42:00+08:00,11580,2640,3780,5940,1,5940,0,0,0,61,48,72,"{""1"":[0,22380],""2"":[6540,15840],""3"":[22200,2520],""4"":[22200,2520]}",
2024-04-22T23:03:00+08:00,2024-04-23T05:41:00+08:00,16980,3120,2400,840,2,840,0,0,0,66,53,104,"{""1"":[0,15360,4260],""2"":[840,14520,4260],""3"":[15000,4440,4440],""4"":[15000,4440,4440]}",
2024-04-23T23:23:00+08:00,2024-04-24T07:37:00+08:00,17160,3600,7800,900,1,840,0,0,0,65,50,104,"{""1"":[0,13560],""2"":[840,12780],""3"":[13380,16260],""4"":[13380,16260]}",
2024-04-24T23:15:00+08:00,2024-04-25T08:03:00+08:00,17760,5100,6600,2220,2,900,0,0,0,58,46,67,"{""1"":[0],""2"":[900,26760,2280],""3"":[27180,1920,2580],""4"":[31680]}",
2024-04-25T21:59:00+08:00,2024-04-26T07:23:00+08:00,19920,5760,5820,1920,2,1860,0,0,0,58,48,68,"{""1"":[0,8040,24660],""2"":[1860,6240,24600],""3"":[7860,24600,1380],""4"":[7860,24600,1380]}",
2024-04-26T23:05:00+08:00,2024-04-27T08:00:00+08:00,16140,4860,7800,3300,1,2700,0,0,0,59,48,68,"{""1"":[0],""2"":[2700,26100],""3"":[28200,3900],""4"":[32100]}",
2024-04-27T23:43:00+08:00,2024-04-28T08:08:00+08:00,16200,3180,8700,2220,2,900,0,0,0,64,51,76,"{""1"":[0],""2"":[900,25380,2100],""3"":[25560,2220,2520],""4"":[30300]}",
2024-04-28T23:36:00+08:00,2024-04-29T06:30:00+08:00,16740,1860,4620,1320,1,660,0,0,0,61,52,70,"{""1"":[0,23340],""2"":[660,22680],""3"":[22380,2460],""4"":[23040,1800]}",
2024-04-30T00:19:00+08:00,2024-04-30T06:36:00+08:00,11280,2760,6840,1380,1,1380,0,0,0,65,51,72,"{""1"":[0,21060],""2"":[1380,19680],""3"":[20700,1920],""4"":[20700,1920]}",
2024-04-30T23:57:00+08:00,2024-05-01T06:38:00+08:00,16080,2040,4740,1020,1,960,0,0,0,65,49,75,"{""1"":[0,22080],""2"":[960,21180],""3"":[21900,2160],""4"":[21900,2160]}",
2024-05-02T00:05:00+08:00,2024-05-02T07:33:00+08:00,15180,3780,6540,1020,1,1020,0,0,0,64,51,81,"{""1"":[0,26280],""2"":[1020,25260],""3"":[25920,960],""4"":[25920,960]}",
2024-05-03T00:12:00+08:00,2024-05-03T07:07:00+08:00,11640,4020,6600,2640,2,660,0,0,0,61,52,73,"{""1"":[0],""2"":[660,20820,2220],""3"":[20400,2400,2100],""4"":[24900]}",
2024-05-04T00:28:00+08:00,2024-05-04T07:24:00+08:00,15060,2940,6060,720,1,660,0,0,0,64,53,78,"{""1"":[0,23940],""2"":[660,23340],""3"":[23760,1200],""4"":[23760,1200]}",
2024-05-04T23:47:00+08:00,2024-05-05T07:53:00+08:00,18960,2040,4980,3180,2,1500,0,0,0,61,50,72,"{""1"":[0],""2"":[1500,23820,1500],""3"":[24060,2340,2760],""4"":[29160]}",
2024-05-05T12:33:00+08:00,2024-05-05T13:46:00+08:00,1560,0,1920,900,0,900,0,0,0,66,54,73,"{""1"":[0],""2"":[900],""3"":[4380],""4"":[4380]}",
2024-05-05T21:04:00+08:00,2024-05-06T06:40:00+08:00,20760,4140,8580,780,1,720,0,0,0,59,51,66,"{""1"":[0,32460],""2"":[720,31800],""3"":[32160,2400],""4"":[32160,2400]}",
2024-05-06T23:47:00+08:00,2024-05-07T06:07:00+08:00,15360,3000,2580,1560,1,900,660,0,0,64,51,72,"{""1"":[0,16380],""2"":[900,15480],""3"":[16080,6060],""4"":[16080,6720]}",
2024-05-07T16:56:00+08:00,2024-05-07T18:45:00+08:00,4200,0,0,2340,0,2340,0,0,0,70,59,75,"{""1"":[0],""2"":[2340],""3"":[6540],""4"":[6540]}",
2024-05-07T22:56:00+08:00,2024-05-08T06:48:00+08:00,17280,2880,6840,1320,1,900,0,0,0,65,49,76,"{""1"":[0],""2"":[900,26280],""3"":[26760,1560],""4"":[28320]}",
2024-05-08T18:54:00+08:00,2024-05-08T19:23:00+08:00,360,0,0,1380,0,1380,0,0,0,65,62,67,"{""1"":[0],""2"":[1380],""3"":[1740],""4"":[1740]}",
2024-05-08T23:54:00+08:00,2024-05-09T05:05:00+08:00,6780,2460,0,4320,2,660,0,0,0,73,62,82,"{""1"":[0,12900,1680],""2"":[660,6480,9180],""3"":[6780,1140,10740],""4"":[7920,6540,4200]}",
2024-05-09T08:28:00+08:00,2024-05-09T11:40:00+08:00,6780,2160,1920,660,0,660,0,0,0,68,53,75,"{""1"":[0],""2"":[660],""3"":[11520],""4"":[11520]}",
2024-05-09T21:06:00+08:00,2024-05-10T07:19:00+08:00,20520,4380,10020,1860,3,780,0,0,0,62,50,80,"{""1"":[0],""2"":[780,28140,4500,840],""3"":[28560,4500,840,2880],""4"":[36780]}",
2024-05-11T00:05:00+08:00,2024-05-11T07:27:00+08:00,13260,5700,6540,1020,0,1020,0,0,0,65,54,74,"{""1"":[0],""2"":[1020],""3"":[26520],""4"":[26520]}",
2024-05-11T23:17:00+08:00,2024-05-12T08:36:00+08:00,12480,2880,8220,3180,2,840,0,0,0,67,50,76,"{""1"":[0,11280,9780],""2"":[840,10500,11100],""3"":[10200,4260,19080],""4"":[11100,3360,19080]}",
2024-05-12T22:15:00+08:00,2024-05-13T06:38:00+08:00,18780,2520,7080,1500,2,1080,0,0,0,62,47,75,"{""1"":[0,28320],""2"":[1080,2280,25020],""3"":[3000,25020,2160],""4"":[28020,2160]}",
2024-05-13T21:51:00+08:00,2024-05-14T06:09:00+08:00,17820,2220,4980,4380,5,1080,0,0,0,64,53,99,"{""1"":[0,17760,5280,2040],""2"":[1080,15360,1500,2160,3180,1860],""3"":[15540,1980,1260,3540,2640,4920],""4"":[17520,5400,2040,4920]}",
2024-05-14T23:19:00+08:00,2024-05-15T06:44:00+08:00,18360,2820,3960,1560,1,1200,0,0,0,63,54,78,"{""1"":[0],""2"":[1200,24840],""3"":[25680,1020],""4"":[26700]}",
2024-05-15T23:09:00+08:00,2024-05-16T06:35:00+08:00,9480,4140,3660,4020,3,720,0,0,0,71,51,104,"{""1"":[0,3780,10200,1440],""2"":[720,3180,13080,8820],""3"":[3660,5160,16620,1320],""4"":[3660,5160,6420,11520]}",
2024-05-16T22:10:00+08:00,2024-05-17T07:03:00+08:00,18300,4500,6480,2580,2,1020,0,0,0,61,52,81,"{""1"":[0,4020],""2"":[1020,3780,24780],""3"":[3900,24900,3180],""4"":[3900,28080]}",
2024-05-17T23:59:00+08:00,2024-05-18T08:23:00+08:00,18960,3180,6720,1380,1,960,0,0,0,59,51,70,"{""1"":[0],""2"":[960,27060],""3"":[27600,2640],""4"":[30240]}",
2024-05-18T12:59:00+08:00,2024-05-18T13:15:00+08:00,600,0,0,360,0,360,0,0,0,59,55,60,"{""1"":[0],""2"":[360],""3"":[960],""4"":[960]}",
2024-05-18T15:21:00+08:00,2024-05-18T17:56:00+08:00,4920,1980,900,1440,2,780,0,0,0,64,53,75,"{""1"":[0,1800],""2"":[780,1080,4140],""3"":[1740,3660,3900],""4"":[1740,7560]}",
2024-05-18T23:24:00+08:00,2024-05-19T08:55:00+08:00,20160,2580,10560,960,0,960,0,0,0,58,47,69,"{""1"":[0],""2"":[960],""3"":[34260],""4"":[34260]}",
2024-05-19T22:28:00+08:00,2024-05-20T06:46:00+08:00,13860,7740,6960,720,2,660,0,300,1,63,50,76,"{""1"":[0,1740,25680],""2"":[660,1080,25740],""3"":[1440,25680,2760],""4"":[1440,25680,2760]}",
2024-05-20T23:06:00+08:00,2024-05-21T00:58:00+08:00,3600,1320,300,1500,0,840,660,0,0,69,58,89,"{""1"":[0],""2"":[840],""3"":[6060],""4"":[6720]}",
2024-05-21T04:13:00+08:00,2024-05-21T07:12:00+08:00,2940,1800,4860,960,1,900,0,0,0,70,61,77,"{""1"":[0,6600],""2"":[900,5760],""3"":[6420,4320],""4"":[6420,4320]}",
2024-05-21T23:25:00+08:00,2024-05-22T07:42:00+08:00,15120,5580,8280,660,1,660,0,0,0,67,55,84,"{""1"":[0,27480],""2"":[660,26820],""3"":[27300,2520],""4"":[27300,2520]}",
2024-05-22T23:27:00+08:00,2024-05-23T07:28:00+08:00,16560,2700,6000,3180,2,1440,0,0,0,62,53,74,"{""1"":[0,19740,3600],""2"":[1440,18300,3600],""3"":[18600,3720,6540],""4"":[19440,3780,5640]}",
2024-05-23T22:32:00+08:00,2024-05-24T07:33:00+08:00,19260,3360,9120,480,1,420,0,0,0,59,51,68,"{""1"":[0,31320],""2"":[420,30960],""3"":[31080,1380],""4"":[31080,1380]}",
2024-05-24T22:32:00+08:00,2024-05-25T04:11:00+08:00,9840,3660,4680,2160,2,780,0,0,0,65,53,77,"{""1"":[0],""2"":[780,12840,5160],""3"":[13080,4860,2400],""4"":[20340]}",
2024-05-25T06:48:00+08:00,2024-05-25T08:55:00+08:00,3300,1260,1800,1260,0,1260,0,0,0,61,52,70,"{""1"":[0],""2"":[1260],""3"":[7620],""4"":[7620]}",
2024-05-25T11:11:00+08:00,2024-05-25T12:09:00+08:00,1320,0,60,2100,0,2100,0,0,0,62,58,69,"{""1"":[0],""2"":[2100],""3"":[3480],""4"":[3480]}",
2024-05-25T14:22:00+08:00,2024-05-25T16:19:00+08:00,5460,0,0,1320,1,1320,0,0,0,61,55,78,"{""1"":[0,2280],""2"":[1320,960],""3"":[2040,4980],""4"":[2040,4980]}",
2024-05-25T22:27:00+08:00,2024-05-26T09:05:00+08:00,24000,3540,6540,3900,3,2340,0,0,0,60,49,79,"{""1"":[0,7500,25620],""2"":[2340,1980,3180,25620],""3"":[3900,2340,26700,5340],""4"":[7380,25560,5340]}",
2024-05-26T21:56:00+08:00,2024-05-27T06:35:00+08:00,16560,7560,6060,600,1,600,0,0,0,61,50,76,"{""1"":[0,29460],""2"":[600,28860],""3"":[29100,2040],""4"":[29100,2040]}",
2024-05-27T22:10:00+08:00,2024-05-28T06:36:00+08:00,18420,3660,7140,720,1,720,0,0,0,66,52,83,"{""1"":[0,28620],""2"":[720,27900],""3"":[28200,2160],""4"":[28200,2160]}",
2024-05-29T00:24:00+08:00,2024-05-29T07:48:00+08:00,14880,2940,7020,1380,3,780,0,0,0,68,60,77,"{""1"":[0,17040,4380],""2"":[780,16380,1380,3000],""3"":[16740,1440,3120,5340],""4"":[16740,4560,5340]}",
2024-05-29T22:23:00+08:00,2024-05-30T07:16:00+08:00,13440,4560,11040,2940,2,840,0,0,0,63,49,79,"{""1"":[0],""2"":[840,28500,1860],""3"":[28500,1440,2040],""4"":[31980]}",
2024-05-30T23:02:00+08:00,2024-05-31T07:03:00+08:00,15900,4500,6240,2220,2,900,0,0,0,59,49,69,"{""1"":[0],""2"":[900,16020,9480],""3"":[16560,8880,3420],""4"":[28860]}",
2024-06-01T00:17:00+08:00,2024-06-01T08:04:00+08:00,16140,3360,7560,960,1,480,0,0,0,62,52,72,"{""1"":[0],""2"":[480,22560],""3"":[22560,5460],""4"":[28020]}",
2024-06-01T22:47:00+08:00,2024-06-02T09:01:00+08:00,14160,3240,3840,10620,7,1260,0,0,0,63,53,98,"{""1"":[0,6180,9540,1920],""2"":[1260,1620,2460,1020,1200,10920,14400,1740],""3"":[2460,780,2760,720,4320,19680,2880,3240],""4"":[6000,5040,6480,19320]}",
2024-06-02T22:30:00+08:00,2024-06-03T07:43:00+08:00,22140,2220,4980,3840,5,1200,0,0,0,61,45,77,"{""1"":[0],""2"":[1200,3000,22320,2880,2460,780],""3"":[3840,22320,2460,2520,1080,960],""4"":[33180]}",
2024-06-03T22:12:00+08:00,2024-06-04T06:24:00+08:00,17580,4560,6180,900,1,840,0,0,0,62,52,76,"{""1"":[0,28380],""2"":[840,27600],""3"":[28080,1440],""4"":[28080,1440]}",
2024-06-04T23:51:00+08:00,2024-06-05T07:03:00+08:00,13680,4020,7140,660,1,660,0,0,0,65,52,78,"{""1"":[0,23940],""2"":[660,23280],""3"":[23520,2400],""4"":[23520,2400]}",
2024-06-05T23:15:00+08:00,2024-06-06T07:20:00+08:00,13020,4440,9060,2280,3,780,0,0,0,67,52,84,"{""1"":[0,9300,7200],""2"":[780,9540,5520,720],""3"":[9120,6300,960,12720],""4"":[9120,7260,12720]}",
2024-06-06T23:18:00+08:00,2024-06-07T07:19:00+08:00,17160,3600,7020,780,1,780,0,0,0,61,50,73,"{""1"":[0,26400],""2"":[780,25620],""3"":[26100,2760],""4"":[26100,2760]}",
2024-06-08T00:22:00+08:00,2024-06-08T09:21:00+08:00,16440,4320,10320,1020,1,960,0,0,0,64,53,79,"{""1"":[0,14220],""2"":[960,13320],""3"":[13980,18360],""4"":[13980,18360]}",
2024-06-08T23:44:00+08:00,2024-06-09T08:43:00+08:00,18900,2460,9420,1500,2,1020,0,0,0,62,50,76,"{""1"":[0,12240],""2"":[1020,11340,17340],""3"":[12180,17160,3000],""4"":[12180,20160]}",
2024-06-09T22:56:00+08:00,2024-06-10T06:20:00+08:00,12780,600,3420,7560,3,1080,300,180,1,63,53,72,"{""1"":[0,12480,180,360,6900],""2"":[1080,11400,540,11460],""3"":[12180,360,4260,9540],""4"":[12180,360,360,5280,8460]}",
2024-06-10T22:19:00+08:00,2024-06-11T07:30:00+08:00,21060,2340,4020,5340,2,4740,0,0,0,68,54,106,"{""1"":[0,7980,23460],""2"":[4740,3360,23820],""3"":[7860,23400,1800],""4"":[7860,23400,1800]}",
2024-06-11T23:15:00+08:00,2024-06-12T07:37:00+08:00,12840,2280,5040,6060,1,4620,0,0,0,64,51,78,"{""1"":[0,11340],""2"":[4620,8160],""3"":[7440,22680],""4"":[7440,22680]}",
2024-06-12T21:50:00+08:00,2024-06-13T07:42:00+08:00,21060,5340,6840,1980,2,1440,0,0,0,63,51,80,"{""1"":[0,33900],""2"":[1440,30120,2460],""3"":[31140,2460,1920],""4"":[33600,1920]}",
2024-06-13T23:32:00+08:00,2024-06-14T07:30:00+08:00,16440,3300,4380,4140,3,1680,0,0,0,62,50,72,"{""1"":[0,15000,4560],""2"":[1680,10980,2460,4440],""3"":[11700,3000,3360,10620],""4"":[14700,4740,9240]}",
2024-06-14T22:29:00+08:00,2024-06-15T08:13:00+08:00,21060,4140,7860,1980,1,480,660,0,0,61,52,76,"{""1"":[0],""2"":[480,32640],""3"":[32280,2100],""4"":[35040]}",
2024-06-15T23:06:00+08:00,2024-06-16T08:05:00+08:00,13860,2880,11160,3840,3,1140,0,0,0,64,50,96,"{""1"":[0,2760,23820,1920],""2"":[1140,1620,23820,2280],""3"":[2520,22980,1380,5460],""4"":[2520,23820,2040,3960]}",
2024-06-16T14:28:00+08:00,2024-06-16T16:08:00+08:00,4380,0,0,1620,0,1620,0,0,0,68,60,76,"{""1"":[0],""2"":[1620],""3"":[6000],""4"":[6000]}",
2024-06-16T22:13:00+08:00,2024-06-17T06:35:00+08:00,16500,5340,6480,1440,2,1440,0,0,0,60,47,73,"{""1"":[0,25140,3120],""2"":[1440,23700,3120],""3"":[25020,3000,2100],""4"":[25020,3000,2100]}",
2024-06-17T22:31:00+08:00,2024-06-18T06:16:00+08:00,15780,3360,5460,3120,2,720,1020,0,0,64,49,84,"{""1"":[0,25800],""2"":[720,21360,3840],""3"":[21660,3120,2100],""4"":[25620,2280]}",
2024-06-18T23:57:00+08:00,2024-06-19T07:11:00+08:00,15840,2280,6720,1020,1,900,0,0,0,68,58,79,"{""1"":[0,23820],""2"":[900,23040],""3"":[23640,2400],""4"":[23640,2400]}",
2024-06-19T22:50:00+08:00,2024-06-20T07:04:00+08:00,18420,4080,3180,3960,2,2220,0,0,0,63,51,70,"{""1"":[0],""2"":[2220,10140,14340],""3"":[11940,13440,4260],""4"":[29640]}",
2024-06-20T23:05:00+08:00,2024-06-21T07:30:00+08:00,13980,3420,4800,4020,1,1380,0,0,0,67,58,104,"{""1"":[0,8460,4500],""2"":[1380,12420],""3"":[7080,23220],""4"":[8340,660,21300]}",
2024-06-21T20:55:00+08:00,2024-06-22T09:31:00+08:00,32100,2520,5400,4740,7,1020,600,0,0,89,43,106,"{""1"":[0,20880,19200],""2"":[1020,20040,2100,900,8280,6000,1800,3060],""3"":[20640,1440,1560,8220,6000,1860,3060,1980],""4"":[20640,19080,5640]}",
2024-06-22T14:05:00+08:00,2024-06-22T16:39:00+08:00,5700,1920,720,900,1,540,0,0,0,78,40,89,"{""1"":[0],""2"":[540,7980],""3"":[8160,1080],""4"":[9240]}",
2024-06-22T21:21:00+08:00,2024-06-23T07:58:00+08:00,24360,3180,6300,4380,2,1140,2160,0,0,65,54,74,"{""1"":[0],""2"":[1140,33000,1080],""3"":[33480,1320,1260],""4"":[38220]}",
2024-06-23T23:57:00+08:00,2024-06-24T07:50:00+08:00,15960,3900,4920,3600,0,3600,0,0,0,65,57,76,"{""1"":[0],""2"":[3600],""3"":[28380],""4"":[28380]}",
2024-06-24T21:26:00+08:00,2024-06-25T07:48:00+08:00,18720,2220,5820,7620,3,4680,900,0,0,61,50,71,"{""1"":[0,9120,25500],""2"":[4680,5280,15000,10380],""3"":[6360,18120,9960,1980],""4"":[6360,28080,2880]}",
2024-06-25T23:54:00+08:00,2024-06-26T07:47:00+08:00,18120,1500,7200,1140,2,960,0,0,0,65,56,75,"{""1"":[0,4320,21480],""2"":[960,3420,21540],""3"":[4140,21420,2820],""4"":[4140,21420,2820]}",
2024-06-26T23:01:00+08:00,2024-06-27T07:22:00+08:00,19980,2700,5460,1740,3,840,0,0,0,65,53,76,"{""1"":[0,28920],""2"":[840,15900,6480,5760],""3"":[16380,6360,6000,1320],""4"":[28740,1320]}",
2024-06-27T23:22:00+08:00,2024-06-28T07:23:00+08:00,21600,660,4560,2040,1,840,0,0,0,66,54,79,"{""1"":[0],""2"":[840,25980],""3"":[25620,3240],""4"":[28860]}",
2024-06-28T23:41:00+08:00,2024-06-29T07:55:00+08:00,21360,1080,4980,2100,2,1320,0,0,0,69,58,86,"{""1"":[0,8280],""2"":[1320,7140,18060],""3"":[8160,17760,3720],""4"":[8160,21480]}",
2024-06-29T15:01:00+08:00,2024-06-29T16:36:00+08:00,3840,0,0,1860,2,1080,0,0,0,63,58,67,"{""1"":[0],""2"":[1080,1380,780],""3"":[2040,840,2820],""4"":[5700]}",
2024-06-29T23:01:00+08:00,2024-06-30T08:10:00+08:00,18480,2460,8520,3480,3,1440,840,0,0,63,54,73,"{""1"":[0],""2"":[1440,12120,17160,960],""3"":[13200,17160,840,900],""4"":[32940]}",
2024-06-30T22:04:00+08:00,2024-07-01T06:41:00+08:00,19140,4920,5400,1200,2,780,0,0,0,66,57,80,"{""1"":[0,29520],""2"":[780,27780,960],""3"":[28140,1020,1860],""4"":[29160,1860]}",
2024-07-01T22:29:00+08:00,2024-07-02T06:10:00+08:00,15900,4860,5100,1500,1,1140,0,0,0,71,54,88,"{""1"":[0,25920],""2"":[1140,25140],""3"":[25620,2040],""4"":[25620,2040]}",
2024-07-02T22:56:00+08:00,2024-07-03T07:29:00+08:00,17460,3720,7440,2160,2,1260,0,0,0,67,54,85,"{""1"":[0],""2"":[1260,27420,1500],""3"":[28140,1680,960],""4"":[30780]}",
2024-07-03T22:47:00+08:00,2024-07-04T07:36:00+08:00,18000,4200,7680,1560,1,1320,0,0,0,65,53,81,"{""1"":[0,30480],""2"":[1320,29400],""3"":[30180,1560],""4"":[30180,1560]}",
2024-07-04T23:42:00+08:00,2024-07-05T07:00:00+08:00,14340,4020,6300,1620,0,1620,0,0,0,66,58,76,"{""1"":[0],""2"":[1620],""3"":[26280],""4"":[26280]}",
2024-07-06T01:09:00+08:00,2024-07-06T08:41:00+08:00,16140,3660,5520,1800,1,840,0,0,0,67,57,77,"{""1"":[0],""2"":[840,25260],""3"":[25140,1980],""4"":[27120]}",
2024-07-07T21:51:00+08:00,2024-07-08T06:42:00+08:00,18060,4860,7020,1740,1,780,0,0,0,64,53,80,"{""1"":[0,29520],""2"":[780,29700],""3"":[29340,2520],""4"":[29340,2520]}",
2024-07-08T23:29:00+08:00,2024-07-09T06:40:00+08:00,13500,5340,4800,1620,2,720,900,0,0,65,56,74,"{""1"":[0,13260,10560],""2"":[720,12540,10560],""3"":[13020,10440,1500],""4"":[13020,10440,2400]}",
2024-07-10T00:32:00+08:00,2024-07-10T07:39:00+08:00,16080,3960,4920,660,0,660,0,0,0,67,57,80,"{""1"":[0],""2"":[660],""3"":[25620],""4"":[25620]}",
2024-07-11T21:30:00+08:00,2024-07-12T07:34:00+08:00,22920,3720,8460,900,1,900,0,0,0,61,48,75,"{""1"":[0,34800],""2"":[900,33900],""3"":[34560,1680],""4"":[34560,1680]}",
2024-07-12T23:31:00+08:00,2024-07-13T07:12:00+08:00,16320,3660,5460,2220,1,1680,0,0,0,63,51,76,"{""1"":[0],""2"":[1680,24420],""3"":[25560,2100],""4"":[27660]}",
2024-07-14T00:11:00+08:00,2024-07-14T09:48:00+08:00,20880,3900,2520,7320,2,3420,2580,0,0,65,51,75,"{""1"":[0],""2"":[3420,11700,13620],""3"":[14760,13020,4260],""4"":[34620]}",
2024-07-14T21:39:00+08:00,2024-07-15T07:12:00+08:00,20340,6720,6060,1080,1,960,0,0,0,64,52,75,"{""1"":[0,30240],""2"":[960,29400],""3"":[30060,4320],""4"":[30060,4320]}",
2024-07-15T23:16:00+08:00,2024-07-16T06:48:00+08:00,16620,2400,7020,780,1,780,0,0,0,66,53,79,"{""1"":[0,25140],""2"":[780,24360],""3"":[24840,2280],""4"":[24840,2280]}",
2024-07-16T23:17:00+08:00,2024-07-17T07:15:00+08:00,19080,2820,5580,840,1,840,0,0,0,66,50,79,"{""1"":[0,27060],""2"":[840,26220],""3"":[26700,1980],""4"":[26700,1980]}",
2024-07-17T23:08:00+08:00,2024-07-18T07:25:00+08:00,20640,2640,5040,1500,1,960,0,180,1,62,50,81,"{""1"":[0],""2"":[960,27240],""3"":[27660,2160],""4"":[29820]}",
2024-07-18T23:25:00+08:00,2024-07-19T07:11:00+08:00,19020,1440,7080,240,1,180,0,0,0,59,48,73,"{""1"":[0,26580],""2"":[180,26460],""3"":[26400,1560],""4"":[26400,1560]}",
2024-07-19T23:17:00+08:00,2024-07-20T06:43:00+08:00,15660,3060,3600,4440,1,2700,0,0,0,65,52,82,"{""1"":[0],""2"":[2700,21600],""3"":[22560,4200],""4"":[26760]}",
2024-07-21T15:53:00+08:00,2024-07-21T17:21:00+08:00,2280,0,840,2040,1,1320,0,0,0,66,51,72,"{""1"":[0,2580],""2"":[1320,1980],""3"":[2460,2820],""4"":[2460,2820]}",
2024-07-21T22:33:00+08:00,2024-07-22T06:38:00+08:00,19140,3120,5280,1140,1,840,0,0,0,70,53,83,"{""1"":[0,27240],""2"":[840,26700],""3"":[26820,2280],""4"":[26820,2280]}",
2024-07-22T22:58:00+08:00,2024-07-23T06:39:00+08:00,18300,3000,4740,1440,1,1380,0,0,0,62,50,78,"{""1"":[0,24960],""2"":[1380,23640],""3"":[24780,2880],""4"":[24780,2880]}",
2024-07-24T22:13:00+08:00,2024-07-25T07:42:00+08:00,19380,4080,9720,780,1,720,0,0,0,63,50,77,"{""1"":[0,32580],""2"":[720,31920],""3"":[32400,1740],""4"":[32400,1740]}",
2024-07-25T22:57:00+08:00,2024-07-26T07:10:00+08:00,18840,3000,5820,1920,0,660,1260,0,0,59,48,78,"{""1"":[0],""2"":[660],""3"":[28320],""4"":[29580]}",
2024-07-26T23:28:00+08:00,2024-07-27T07:48:00+08:00,20640,2280,5640,1440,2,660,0,0,0,66,53,82,"{""1"":[0],""2"":[660,20400,5460],""3"":[20640,5520,3840],""4"":[30000]}",
2024-07-28T00:11:00+08:00,2024-07-28T07:43:00+08:00,13740,4980,3600,4140,2,1020,0,0,0,62,49,73,"{""1"":[0],""2"":[1020,15840,6540],""3"":[14040,8400,4680],""4"":[27120]}",
2024-07-28T22:54:00+08:00,2024-07-29T07:27:00+08:00,18720,4320,6180,1380,1,1080,0,0,0,64,52,78,"{""1"":[0,28620],""2"":[1080,27840],""3"":[28440,2340],""4"":[28440,2340]}",
2024-07-29T23:40:00+08:00,2024-07-30T06:21:00+08:00,11700,4380,5880,1860,2,1200,0,0,0,64,51,72,"{""1"":[0,20580],""2"":[1200,19380,2040],""3"":[20340,1620,2100],""4"":[20340,3720]}",
2024-07-31T23:24:00+08:00,2024-08-01T06:58:00+08:00,13080,3960,8580,1440,2,1020,0,0,0,62,50,76,"{""1"":[0,23280],""2"":[1020,22320,2580],""3"":[23100,2460,1680],""4"":[23100,4140]}",
2024-08-01T22:18:00+08:00,2024-08-02T07:24:00+08:00,17880,4800,8340,1320,1,1320,0,0,0,63,52,75,"{""1"":[0,31740],""2"":[1320,30420],""3"":[31320,1440],""4"":[31320,1440]}",
2024-08-03T00:45:00+08:00,2024-08-03T08:16:00+08:00,13620,6420,5520,1200,2,840,0,0,0,65,52,78,"{""1"":[0,5160],""2"":[840,4320,21120],""3"":[4860,21060,1140],""4"":[4860,22200]}",
2024-08-03T22:58:00+08:00,2024-08-04T08:58:00+08:00,20820,3960,3420,6480,2,1140,2340,0,0,66,52,82,"{""1"":[0,18780,5880,840],""2"":[1140,18000,7800],""3"":[18540,4680,10440],""4"":[18540,5820,360,11280]}",
2024-08-04T15:47:00+08:00,2024-08-04T17:59:00+08:00,1560,1080,600,4680,0,4680,0,0,0,72,66,78,"{""1"":[0],""2"":[4680],""3"":[7920],""4"":[7920]}",
2024-08-04T21:03:00+08:00,2024-08-05T06:37:00+08:00,14460,4440,10380,3000,2,1380,0,0,0,62,47,73,"{""1"":[0,4620,27780],""2"":[1380,4380,27120],""3"":[2640,29580,2220],""4"":[2640,29580,2220]}",
2024-08-05T23:23:00+08:00,2024-08-06T05:47:00+08:00,13800,2340,4860,1860,1,960,0,0,0,63,54,75,"{""1"":[0,15960],""2"":[960,15240],""3"":[15120,7920],""4"":[15780,7260]}",
2024-08-07T00:46:00+08:00,2024-08-07T07:32:00+08:00,14580,2340,6420,840,1,840,0,0,0,69,54,78,"{""1"":[0,22620],""2"":[840,21780],""3"":[22440,1920],""4"":[22440,1920]}",
2024-08-07T22:32:00+08:00,2024-08-08T07:16:00+08:00,16440,5400,8400,1200,1,780,0,0,0,63,47,77,"{""1"":[0],""2"":[780,29220],""3"":[29580,1860],""4"":[31440]}",
2024-08-08T23:58:00+08:00,2024-08-09T07:33:00+08:00,14820,2460,8040,1800,2,1140,0,0,0,61,50,70,"{""1"":[0,25560],""2"":[1140,12060,12660],""3"":[12840,12540,1920],""4"":[25380,1920]}",
2024-08-09T23:34:00+08:00,2024-08-10T07:16:00+08:00,15360,2820,6300,2820,1,1320,1200,0,0,63,51,74,"{""1"":[0,25320,540],""2"":[1320,24540],""3"":[25140,1380],""4"":[25140,480,2100]}",
2024-08-11T00:16:00+08:00,2024-08-11T08:03:00+08:00,19260,2940,4500,1320,1,720,0,0,0,63,54,74,"{""1"":[0],""2"":[720,23640],""3"":[23760,4260],""4"":[28020]}",
2024-08-11T22:20:00+08:00,2024-08-12T06:34:00+08:00,18000,3360,7320,780,1,600,0,0,0,63,52,78,"{""1"":[0,27780],""2"":[600,27360],""3"":[27600,2040],""4"":[27600,2040]}",
2024-08-13T23:40:00+08:00,2024-08-14T07:38:00+08:00,16260,2580,7560,1980,1,1920,0,0,0,63,53,76,"{""1"":[0,26700],""2"":[1920,24840],""3"":[26400,2280],""4"":[26400,2280]}",
2024-08-14T22:36:00+08:00,2024-08-15T07:35:00+08:00,19380,2220,7440,2940,2,1920,0,0,0,60,49,69,"{""1"":[0,11280],""2"":[1920,9360,18840],""3"":[10380,19260,2700],""4"":[10920,21420]}",
2024-08-15T23:06:00+08:00,2024-08-16T07:15:00+08:00,15840,3360,9720,180,1,180,0,0,0,61,51,72,"{""1"":[0,26820],""2"":[180,26640],""3"":[26580,2760],""4"":[26580,2760]}",
2024-08-17T22:25:00+08:00,2024-08-18T08:11:00+08:00,21840,2520,8400,2400,0,1560,840,0,0,61,47,75,"{""1"":[0],""2"":[1560],""3"":[34320],""4"":[35160]}",
2024-08-18T22:51:00+08:00,2024-08-19T07:07:00+08:00,15540,3900,5580,4140,3,420,0,0,0,59,47,73,"{""1"":[0,3360,1440,21780],""2"":[420,1740,4200,20280],""3"":[1320,1860,23160,3420],""4"":[3180,1440,21720,3420]}",
2024-08-19T23:13:00+08:00,2024-08-20T06:47:00+08:00,12960,4860,8220,1020,1,900,0,0,0,61,50,71,"{""1"":[0,24600],""2"":[900,23820],""3"":[24420,2820],""4"":[24420,2820]}",
2024-08-20T23:48:00+08:00,2024-08-21T07:21:00+08:00,15180,3300,6900,1620,1,1320,0,0,0,67,56,78,"{""1"":[0,25500],""2"":[1320,24480],""3"":[25320,1860],""4"":[25320,1860]}",
2024-08-23T01:30:00+08:00,2024-08-23T07:16:00+08:00,4800,2280,2340,7020,2,3960,0,0,0,74,60,86,"{""1"":[0,9420,1380],""2"":[3960,8220,7080],""3"":[5220,13620,1920],""4"":[5220,5460,10080]}",
2024-08-24T15:04:00+08:00,2024-08-24T15:49:00+08:00,900,0,0,1800,0,1800,0,0,0,65,62,67,"{""1"":[0],""2"":[1800],""3"":[2700],""4"":[2700]}",
2024-08-24T23:40:00+08:00,2024-08-25T08:02:00+08:00,17580,5100,6180,1260,1,840,0,0,0,65,52,78,"{""1"":[0],""2"":[840,26880],""3"":[27300,2820],""4"":[30120]}",
2024-08-25T22:49:00+08:00,2024-08-26T07:25:00+08:00,13800,5580,10140,1260,1,1260,0,0,0,62,48,75,"{""1"":[0,29640],""2"":[1260,28380],""3"":[29460,1500],""4"":[29460,1500]}",
2024-08-26T22:29:00+08:00,2024-08-27T06:34:00+08:00,13500,3840,10560,960,1,900,0,0,0,68,53,84,"{""1"":[0,27300],""2"":[900,26460],""3"":[27060,2040],""4"":[27060,2040]}",
2024-08-28T00:44:00+08:00,2024-08-28T05:44:00+08:00,12660,1680,2400,1080,1,840,0,0,0,66,52,77,"{""1"":[0,16080],""2"":[840,15480],""3"":[15900,2100],""4"":[15900,2100]}",
2024-08-28T23:02:00+08:00,2024-08-29T07:12:00+08:00,16440,3060,7860,2040,1,1380,0,0,0,64,49,76,"{""1"":[0],""2"":[1380,26520],""3"":[27240,2160],""4"":[29400]}",
2024-08-29T22:36:00+08:00,2024-08-30T07:33:00+08:00,20160,3480,7680,720,1,600,0,0,0,63,48,77,"{""1"":[0,30420],""2"":[600,29940],""3"":[30240,1980],""4"":[30240,1980]}",
2024-09-01T17:34:00+08:00,2024-09-01T19:15:00+08:00,2340,0,0,3720,2,1140,780,0,0,70,50,88,"{""1"":[0],""2"":[1140,1560,1380],""3"":[1800,1380,2100],""4"":[6060]}",
2024-09-01T23:02:00+08:00,2024-09-02T07:27:00+08:00,15960,5220,7320,1440,2,1380,0,0,0,62,50,77,"{""1"":[0,2640,26340],""2"":[1380,1320,26280],""3"":[2460,26340,1500],""4"":[2460,26340,1500]}",
2024-09-02T23:31:00+08:00,2024-09-03T05:50:00+08:00,14760,2640,4260,900,1,840,0,0,0,66,55,75,"{""1"":[0,20640],""2"":[840,19860],""3"":[20460,2280],""4"":[20460,2280]}",
2024-09-04T21:12:00+08:00,2024-09-05T07:25:00+08:00,20220,5760,9900,720,1,600,0,0,0,62,50,78,"{""1"":[0,35460],""2"":[600,34980],""3"":[35280,1500],""4"":[35280,1500]}",
2024-09-05T23:22:00+08:00,2024-09-06T07:16:00+08:00,17100,3840,6600,720,1,720,0,0,0,61,52,79,"{""1"":[0,25440],""2"":[720,24720],""3"":[25260,3180],""4"":[25260,3180]}",
2024-09-07T00:09:00+08:00,2024-09-07T08:18:00+08:00,19560,3720,4200,1740,2,780,0,0,0,62,46,72,"{""1"":[0,24780],""2"":[780,17160,6840],""3"":[17580,6480,5280],""4"":[24660,4680]}",
2024-09-07T23:21:00+08:00,2024-09-08T08:14:00+08:00,18840,2520,8820,1800,2,1020,0,0,0,64,49,80,"{""1"":[0],""2"":[1020,18300,10140],""3"":[18960,10080,2940],""4"":[31980]}",
2024-09-08T22:08:00+08:00,2024-09-09T06:51:00+08:00,17820,3960,7500,1920,3,1020,0,0,0,65,52,75,"{""1"":[0,28500],""2"":[1020,14220,13320,2280],""3"":[14760,13560,2160,900],""4"":[28320,3060]}",
2024-09-10T00:07:00+08:00,2024-09-10T06:49:00+08:00,14940,1560,4560,3060,0,2340,720,0,0,66,57,76,"{""1"":[0],""2"":[2340],""3"":[23400],""4"":[24120]}",
2024-09-10T23:40:00+08:00,2024-09-11T06:37:00+08:00,16200,3660,4020,1140,0,1140,0,0,0,67,56,78,"{""1"":[0],""2"":[1140],""3"":[25020],""4"":[25020]}",
2024-09-12T23:16:00+08:00,2024-09-13T07:12:00+08:00,18180,2520,6360,1500,1,1020,0,0,0,62,52,78,"{""1"":[0],""2"":[1020,25080],""3"":[25620,2940],""4"":[28560]}",
2024-09-13T23:04:00+08:00,2024-09-14T07:10:00+08:00,16560,4200,7800,600,0,600,0,0,0,62,50,76,"{""1"":[0],""2"":[600],""3"":[29160],""4"":[29160]}",
2024-09-15T02:29:00+08:00,2024-09-15T07:58:00+08:00,9900,2880,6120,840,0,840,0,0,0,62,53,75,"{""1"":[0],""2"":[840],""3"":[19740],""4"":[19740]}",
2024-09-15T22:38:00+08:00,2024-09-16T06:45:00+08:00,17340,3480,7320,840,1,840,0,0,0,61,50,74,"{""1"":[0,27000],""2"":[840,26160],""3"":[26760,2460],""4"":[26760,2460]}",
2024-09-16T23:19:00+08:00,2024-09-17T06:35:00+08:00,16680,1740,6000,1380,3,900,0,0,0,61,48,76,"{""1"":[0,7140,17100],""2"":[900,6240,8220,8940],""3"":[6960,7980,9120,2100],""4"":[6960,17100,2100]}",
2024-09-17T23:29:00+08:00,2024-09-18T07:09:00+08:00,13920,7020,4980,1260,2,840,0,0,0,68,54,80,"{""1"":[0,25080],""2"":[840,18900,5340],""3"":[19320,5340,2940],""4"":[24660,2940]}",
2024-09-19T00:25:00+08:00,2024-09-19T07:15:00+08:00,13320,3180,7260,840,0,840,0,0,0,68,54,80,"{""1"":[0],""2"":[840],""3"":[24600],""4"":[24600]}",
2024-09-19T23:28:00+08:00,2024-09-20T07:13:00+08:00,17400,2160,6240,1920,2,780,0,0,0,67,54,81,"{""1"":[0,26880],""2"":[780,25140,1320],""3"":[25140,1560,1200],""4"":[26700,1200]}",
2024-09-20T23:08:00+08:00,2024-09-21T06:49:00+08:00,16260,3720,5640,2040,3,840,0,0,0,62,47,74,"{""1"":[0],""2"":[840,7260,13860,4980],""3"":[7740,13860,4860,1200],""4"":[27660]}",
2024-09-21T23:22:00+08:00,2024-09-22T06:49:00+08:00,13140,4380,7440,1860,1,780,0,0,0,61,50,74,"{""1"":[0],""2"":[780,24240],""3"":[23940,2880],""4"":[26820]}",
2024-09-22T22:42:00+08:00,2024-09-23T07:34:00+08:00,20580,2640,7200,1500,2,720,0,0,0,60,50,75,"{""1"":[0],""2"":[720,10620,17520],""3"":[10980,17460,3480],""4"":[31920]}",
2024-09-23T21:10:00+08:00,2024-09-24T06:28:00+08:00,22320,1380,5280,4080,4,900,0,0,0,59,49,70,"{""1"":[0,25020,3180],""2"":[900,18600,2520,3240,2940],""3"":[19080,2280,3360,1500,7260],""4"":[24720,3360,5400]}",
2024-09-24T23:44:00+08:00,2024-09-25T06:52:00+08:00,16260,3000,5280,960,1,480,0,0,0,61,49,75,"{""1"":[0,24540],""2"":[480,24540],""3"":[24360,1320],""4"":[24360,1320]}",
2024-09-25T23:07:00+08:00,2024-09-26T07:07:00+08:00,19020,1920,7200,660,0,660,0,0,0,62,51,77,"{""1"":[0],""2"":[660],""3"":[28800],""4"":[28800]}",
2024-09-26T23:05:00+08:00,2024-09-27T07:21:00+08:00,17520,3180,7500,1560,1,660,0,0,0,65,50,77,"{""1"":[0],""2"":[660,26280],""3"":[26040,3720],""4"":[29760]}",
2024-09-27T23:27:00+08:00,2024-09-28T07:41:00+08:00,16920,3480,7020,2220,2,840,0,0,0,62,50,71,"{""1"":[0],""2"":[840,4800,19140],""3"":[5220,18600,5820],""4"":[29640]}",
2024-09-28T23:19:00+08:00,2024-09-29T08:15:00+08:00,19560,2100,9240,1260,1,900,0,0,0,61,51,76,"{""1"":[0],""2"":[900,23940],""3"":[24480,7680],""4"":[32160]}",
2024-09-29T22:40:00+08:00,2024-09-30T05:56:00+08:00,15660,4140,4800,1380,1,1380,0,0,0,59,48,73,"{""1"":[0,24180],""2"":[1380,22800],""3"":[24000,2160],""4"":[24000,2160]}",
2024-09-30T22:52:00+08:00,2024-10-01T05:52:00+08:00,11700,6060,5940,1320,2,900,0,0,0,71,58,84,"{""1"":[0,23940],""2"":[900,22080,960],""3"":[22560,1200,1440],""4"":[23760,1440]}",
2024-10-01T23:51:00+08:00,2024-10-02T06:16:00+08:00,10860,6960,3000,2280,1,1020,0,0,0,68,58,78,"{""1"":[0],""2"":[1020,20580],""3"":[20340,2760],""4"":[23100]}",
2024-10-03T00:05:00+08:00,2024-10-03T07:30:00+08:00,14760,3480,6360,2100,1,1440,0,0,0,62,48,75,"{""1"":[0],""2"":[1440,22800],""3"":[23580,3120],""4"":[26700]}",
2024-10-03T23:35:00+08:00,2024-10-04T07:43:00+08:00,17940,4260,5880,1200,2,420,0,0,0,61,51,72,"{""1"":[0],""2"":[420,19920,6240],""3"":[19920,6300,3060],""4"":[29280]}",
2024-10-04T23:27:00+08:00,2024-10-05T07:27:00+08:00,18360,2580,6720,1140,0,1140,0,0,0,66,53,78,"{""1"":[0],""2"":[1140],""3"":[28800],""4"":[28800]}",
2024-10-05T22:56:00+08:00,2024-10-06T08:11:00+08:00,20520,3480,7920,1380,1,840,0,0,0,61,49,76,"{""1"":[0],""2"":[840,28320],""3"":[28620,4680],""4"":[33300]}",
2024-10-06T22:52:00+08:00,2024-10-07T07:09:00+08:00,13320,5340,10140,840,1,660,0,0,0,62,51,77,"{""1"":[0,27660],""2"":[660,27180],""3"":[27480,2340],""4"":[27480,2340]}",
2024-10-07T23:03:00+08:00,2024-10-08T06:26:00+08:00,14400,3780,6420,1800,2,1080,0,0,0,68,57,79,"{""1"":[0,25140],""2"":[1080,15480,8940],""3"":[16200,8760,1620],""4"":[24960,1620]}",
2024-10-08T23:34:00+08:00,2024-10-09T07:21:00+08:00,15960,3360,6300,2160,1,1800,0,0,0,69,57,81,"{""1"":[0,26340],""2"":[1800,24900],""3"":[26100,1920],""4"":[26100,1920]}",
2024-10-09T22:30:00+08:00,2024-10-10T06:53:00+08:00,15960,4080,9120,840,1,840,0,0,0,62,49,74,"{""1"":[0,28320],""2"":[840,27480],""3"":[28140,2040],""4"":[28140,2040]}",
2024-10-10T23:09:00+08:00,2024-10-11T06:45:00+08:00,12120,4860,8880,1500,1,960,0,0,0,62,51,77,"{""1"":[0],""2"":[960,25740],""3"":[26160,1200],""4"":[27360]}",
2024-10-12T00:57:00+08:00,2024-10-12T08:57:00+08:00,14100,4740,5520,3840,1,600,1260,0,0,67,57,77,"{""1"":[0],""2"":[600,11280],""3"":[9900,17640],""4"":[28800]}",
2024-10-13T00:23:00+08:00,2024-10-13T08:11:00+08:00,14760,5520,6900,900,0,900,0,0,0,68,53,86,"{""1"":[0],""2"":[900],""3"":[28080],""4"":[28080]}",
2024-10-14T02:05:00+08:00,2024-10-14T06:42:00+08:00,10380,840,4200,1020,1,960,0,0,0,63,53,72,"{""1"":[0,14880],""2"":[960,13980],""3"":[14700,1920],""4"":[14700,1920]}",
2024-10-15T00:10:00+08:00,2024-10-15T06:44:00+08:00,11520,3480,6960,1500,1,780,0,0,0,67,56,77,"{""1"":[0,21780],""2"":[780,21720],""3"":[21600,2040],""4"":[21600,2040]}",
2024-10-15T23:50:00+08:00,2024-10-16T07:17:00+08:00,11640,7860,5940,1380,1,720,0,0,0,68,48,88,"{""1"":[0],""2"":[720,23700],""3"":[23760,3060],""4"":[26820]}",
2024-10-17T00:05:00+08:00,2024-10-17T07:51:00+08:00,14460,3960,7980,1560,1,660,0,0,0,64,51,73,"{""1"":[0],""2"":[660,25320],""3"":[25080,2880],""4"":[27960]}",
2024-10-18T01:16:00+08:00,2024-10-18T06:45:00+08:00,11580,3120,3420,1620,1,1260,0,0,0,64,54,78,"{""1"":[0],""2"":[1260,17700],""3"":[18600,1140],""4"":[19740]}",
2024-10-18T23:11:00+08:00,2024-10-19T07:16:00+08:00,16920,3480,6540,2160,1,720,0,240,1,63,52,76,"{""1"":[0],""2"":[720,27480],""3"":[26760,2340],""4"":[29100]}",
2024-10-19T23:23:00+08:00,2024-10-20T07:59:00+08:00,16860,4020,8340,1740,2,960,0,0,0,59,50,72,"{""1"":[0],""2"":[960,26880,1740],""3"":[27480,1680,1800],""4"":[30960]}",
2024-10-20T22:46:00+08:00,2024-10-21T06:43:00+08:00,14220,5040,8220,960,1,960,0,0,0,61,48,73,"{""1"":[0,26220],""2"":[960,25260],""3"":[26040,2580],""4"":[26040,2580]}",
2024-10-21T23:17:00+08:00,2024-10-22T06:37:00+08:00,13740,3540,7620,1320,1,1260,0,0,0,62,54,71,"{""1"":[0,24360],""2"":[1260,23160],""3"":[24180,2220],""4"":[24180,2220]}",
2024-10-22T23:43:00+08:00,2024-10-23T06:23:00+08:00,11220,3720,5460,3300,2,540,540,0,0,67,53,90,"{""1"":[0,20460],""2"":[540,18120,2460],""3"":[17100,3060,3300],""4"":[20160,3840]}",
2024-10-23T22:53:00+08:00,2024-10-24T06:17:00+08:00,12360,4800,6360,3120,1,600,1500,0,0,65,52,76,"{""1"":[0],""2"":[600,23460],""3"":[23040,2100],""4"":[26640]}",
2024-10-24T23:02:00+08:00,2024-10-25T07:23:00+08:00,18600,3600,4620,2760,5,660,0,0,0,66,45,98,"{""1"":[0,15240,4740],""2"":[660,10560,4020,3960,840,9060],""3"":[10020,4920,3840,1020,8880,1380],""4"":[14940,4860,10260]}",
2024-10-25T22:53:00+08:00,2024-10-26T07:16:00+08:00,17400,2400,8340,2040,1,1260,0,0,0,63,50,79,"{""1"":[0],""2"":[1260,26400],""3"":[26880,3300],""4"":[30180]}",
2024-10-26T23:48:00+08:00,2024-10-27T06:57:00+08:00,14700,3540,4560,2940,2,1020,0,0,0,67,56,79,"{""1"":[0],""2"":[1020,20340,1380],""3"":[20100,1980,3660],""4"":[25740]}",
2024-10-27T15:34:00+08:00,2024-10-27T17:58:00+08:00,4560,2460,1020,600,0,600,0,0,0,71,61,77,"{""1"":[0],""2"":[600],""3"":[8640],""4"":[8640]}",
2024-10-27T22:19:00+08:00,2024-10-28T06:07:00+08:00,15000,5400,6240,1260,1,1140,0,0,0,64,56,72,"{""1"":[0,26280],""2"":[1140,25260],""3"":[26100,1980],""4"":[26100,1980]}",
2024-10-28T23:10:00+08:00,2024-10-29T06:44:00+08:00,13560,3180,6660,3420,1,1260,0,0,0,63,51,75,"{""1"":[0,25500],""2"":[1260,24420],""3"":[23100,4140],""4"":[25080,2160]}",
2024-10-30T00:02:00+08:00,2024-10-30T06:49:00+08:00,13800,3660,5160,1800,2,660,0,0,0,66,59,78,"{""1"":[0],""2"":[660,19680,1020],""3"":[19560,1440,3420],""4"":[24420]}",
2024-11-05T08:51:00+08:00,2024-11-05T12:29:00+08:00,5700,1920,3900,1560,0,1560,0,0,0,63,53,70,"{""1"":[0],""2"":[1560],""3"":[13080],""4"":[13080]}",
2024-11-05T22:16:00+08:00,2024-11-06T07:22:00+08:00,18000,4260,9480,900,1,900,0,0,0,63,50,77,"{""1"":[0,31560],""2"":[900,30660],""3"":[31440,1320],""4"":[31440,1320]}",
2024-11-07T01:23:00+08:00,2024-11-07T07:46:00+08:00,9780,3960,7500,1740,0,1740,0,0,0,61,50,77,"{""1"":[0],""2"":[1740],""3"":[22980],""4"":[22980]}",
2024-11-07T23:49:00+08:00,2024-11-08T07:25:00+08:00,16020,3840,6420,1080,0,1080,0,0,0,58,48,72,"{""1"":[0],""2"":[1080],""3"":[27360],""4"":[27360]}",
2024-11-09T00:12:00+08:00,2024-11-09T10:14:00+08:00,18960,3720,7200,4800,2,1200,0,0,0,63,51,72,"{""1"":[0,18540],""2"":[1200,20460,13800],""3"":[17100,17880,1140],""4"":[17100,19020]}",
2024-11-10T00:02:00+08:00,2024-11-10T07:32:00+08:00,16500,1920,6720,1860,1,660,780,0,0,61,50,71,"{""1"":[0],""2"":[660,24480],""3"":[24720,1500],""4"":[27000]}",
2024-11-10T23:07:00+08:00,2024-11-11T06:42:00+08:00,15780,4200,6000,1020,1,1020,0,0,0,62,49,73,"{""1"":[0,25080],""2"":[1020,24060],""3"":[24780,2520],""4"":[24780,2520]}",
2024-11-11T23:39:00+08:00,2024-11-12T06:50:00+08:00,17100,960,6000,1560,2,1200,0,0,0,63,50,78,"{""1"":[0,23700],""2"":[1200,17400,5100],""3"":[18240,5220,2400],""4"":[23460,2400]}",
2024-11-12T23:21:00+08:00,2024-11-13T05:23:00+08:00,11880,2760,6060,1020,1,660,0,0,0,64,48,76,"{""1"":[0],""2"":[660,20340],""3"":[20640,1080],""4"":[21720]}",
2024-11-13T22:23:00+08:00,2024-11-14T06:15:00+08:00,15840,3480,7260,1740,1,1080,0,0,0,64,49,80,"{""1"":[0],""2"":[1080,25320],""3"":[25740,2580],""4"":[28320]}",
2024-11-15T00:38:00+08:00,2024-11-15T06:59:00+08:00,13440,2700,5580,960,1,780,0,0,0,65,50,76,"{""1"":[0,20760],""2"":[780,20160],""3"":[20580,2280],""4"":[20580,2280]}",
2024-11-15T23:56:00+08:00,2024-11-16T06:42:00+08:00,15120,2580,4380,2280,3,720,0,0,0,61,50,76,"{""1"":[0],""2"":[720,16860,4260,1140],""3"":[17160,4020,1320,1860],""4"":[24360]}",
2024-11-16T23:01:00+08:00,2024-11-17T06:53:00+08:00,14820,4440,6600,2460,3,1020,0,0,0,62,49,75,"{""1"":[0],""2"":[1020,20340,4380,1980],""3"":[20820,4380,2160,960],""4"":[28320]}",
2024-11-17T23:16:00+08:00,2024-11-18T07:24:00+08:00,15360,3480,9480,960,0,960,0,0,0,65,52,76,"{""1"":[0],""2"":[960],""3"":[29280],""4"":[29280]}",
2024-11-18T23:28:00+08:00,2024-11-19T06:37:00+08:00,12180,5640,6660,1140,1,1020,0,0,0,66,54,76,"{""1"":[0,23940],""2"":[1020,23040],""3"":[23820,1920],""4"":[23820,1920]}",
2024-11-19T23:17:00+08:00,2024-11-20T06:48:00+08:00,12960,3000,9780,1320,0,1320,0,0,0,64,50,79,"{""1"":[0],""2"":[1320],""3"":[27060],""4"":[27060]}",
2024-11-20T23:42:00+08:00,2024-11-21T06:28:00+08:00,18240,540,4680,900,0,900,0,0,0,62,51,71,"{""1"":[0],""2"":[900],""3"":[24360],""4"":[24360]}",
2024-11-21T23:38:00+08:00,2024-11-22T06:11:00+08:00,13080,2340,4440,3540,1,1380,900,0,0,63,50,75,"{""1"":[0,22020],""2"":[1380,20640],""3"":[20580,2100],""4"":[21840,1740]}",
2024-11-22T23:16:00+08:00,2024-11-23T07:06:00+08:00,14460,4260,7500,1980,2,900,0,660,1,63,51,69,"{""1"":[0],""2"":[900,19860,5220],""3"":[20400,4860,2940],""4"":[28200]}",
2024-11-23T23:54:00+08:00,2024-11-24T07:10:00+08:00,14160,3360,6480,2160,2,1020,0,0,0,64,51,75,"{""1"":[0],""2"":[1020,17820,5460],""3"":[18420,5160,2580],""4"":[26160]}",
2024-11-24T22:25:00+08:00,2024-11-25T06:20:00+08:00,16980,3660,3600,4140,2,1980,0,0,0,65,50,81,"{""1"":[0,26520],""2"":[1980,22020,2520],""3"":[23340,1560,3600],""4"":[26400,2100]}",
2024-11-25T23:42:00+08:00,2024-11-26T06:13:00+08:00,13920,2640,5220,1680,2,600,0,420,1,64,53,74,"{""1"":[0],""2"":[600,21360,720],""3"":[21240,1080,1140],""4"":[23460]}",
2024-11-26T23:20:00+08:00,2024-11-27T06:35:00+08:00,15300,3120,5940,1740,1,780,540,0,0,63,50,74,"{""1"":[0],""2"":[780,23520],""3"":[23880,1680],""4"":[26100]}",
2024-11-27T23:46:00+08:00,2024-11-28T06:33:00+08:00,13080,2160,7740,1260,2,540,0,0,0,64,51,75,"{""1"":[0,22800],""2"":[540,21480,840],""3"":[21360,1260,1800],""4"":[22620,1800]}",
2024-11-28T22:13:00+08:00,2024-11-29T07:08:00+08:00,19140,2400,7380,2940,2,1500,0,0,0,61,50,72,"{""1"":[0,29580,2460],""2"":[1500,28080,2460],""3"":[28020,3900,180],""4"":[29460,2460,180]}",
2024-11-29T23:07:00+08:00,2024-11-30T06:51:00+08:00,15900,4560,6000,1380,1,900,0,0,0,64,53,75,"{""1"":[0],""2"":[900,24000],""3"":[24420,3420],""4"":[27840]}",
2024-11-30T16:40:00+08:00,2024-11-30T18:38:00+08:00,2100,2220,0,2760,0,2760,0,0,0,69,64,77,"{""1"":[0],""2"":[2760],""3"":[7080],""4"":[7080]}",
2024-12-01T01:27:00+08:00,2024-12-01T08:16:00+08:00,9540,4860,6060,4080,2,3120,0,0,0,62,47,74,"{""1"":[0],""2"":[3120,18900,1620],""3"":[21600,1500,1440],""4"":[24540]}",
2024-12-01T22:12:00+08:00,2024-12-02T07:03:00+08:00,17400,3780,8040,2520,1,2460,0,0,0,61,47,72,"{""1"":[0,19080],""2"":[2460,16680],""3"":[18960,12900],""4"":[18960,12900]}",
2024-12-02T23:38:00+08:00,2024-12-03T07:04:00+08:00,15960,4380,3960,2460,2,960,0,0,0,69,52,83,"{""1"":[0],""2"":[960,9840,14280],""3"":[9780,14820,2160],""4"":[26760]}",
2024-12-03T23:20:00+08:00,2024-12-04T07:25:00+08:00,15300,3660,8040,2100,1,1440,0,0,0,64,50,79,"{""1"":[0],""2"":[1440,26640],""3"":[27420,1680],""4"":[29100]}",
2024-12-04T22:43:00+08:00,2024-12-05T06:24:00+08:00,13020,4560,8520,1560,1,1200,0,0,0,64,53,75,"{""1"":[0],""2"":[1200,24840],""3"":[25680,1980],""4"":[27660]}",
2024-12-06T01:14:00+08:00,2024-12-06T07:43:00+08:00,13020,3480,4860,1980,1,900,0,0,0,65,53,74,"{""1"":[0],""2"":[900,2280],""3"":[2100,21240],""4"":[23340]}",
2024-12-06T10:50:00+08:00,2024-12-06T12:35:00+08:00,2760,780,0,2760,1,2340,0,0,0,74,66,78,"{""1"":[0],""2"":[2340,1920],""3"":[3840,2460],""4"":[6300]}",
2024-12-06T22:20:00+08:00,2024-12-07T06:42:00+08:00,17760,1860,7500,3000,2,1020,960,0,0,64,51,76,"{""1"":[0],""2"":[1020,15840,10440],""3"":[16380,10380,2400],""4"":[30120]}",
2024-12-08T00:40:00+08:00,2024-12-08T07:22:00+08:00,15780,2100,1620,4620,0,2100,2520,0,0,63,54,74,"{""1"":[0],""2"":[2100],""3"":[21600],""4"":[24120]}",
2024-12-08T23:06:00+08:00,2024-12-09T06:33:00+08:00,13440,4020,6780,2580,0,900,1680,0,0,62,50,77,"{""1"":[0],""2"":[900],""3"":[25140],""4"":[26820]}",
2024-12-09T22:48:00+08:00,2024-12-10T06:16:00+08:00,21240,780,2940,1920,1,960,0,0,0,69,55,86,"{""1"":[0],""2"":[960,21480],""3"":[21480,5400],""4"":[26880]}",
2024-12-10T23:40:00+08:00,2024-12-11T06:28:00+08:00,12780,3600,6180,1920,0,1920,0,0,0,66,51,78,"{""1"":[0],""2"":[1920],""3"":[24480],""4"":[24480]}",
2024-12-11T23:41:00+08:00,2024-12-12T06:42:00+08:00,16020,2640,4500,2100,1,1080,0,0,0,61,52,81,"{""1"":[0],""2"":[1080,23580],""3"":[23640,1620],""4"":[25260]}",
2024-12-12T23:44:00+08:00,2024-12-13T07:49:00+08:00,16560,3360,8160,1020,0,1020,0,0,0,66,49,78,"{""1"":[0],""2"":[1020],""3"":[29100],""4"":[29100]}",
2024-12-14T00:38:00+08:00,2024-12-14T08:16:00+08:00,12240,5400,8460,1020,1,780,0,0,0,67,53,78,"{""1"":[0,25200],""2"":[780,24660],""3"":[24840,2640],""4"":[24840,2640]}",
2024-12-14T11:18:00+08:00,2024-12-14T11:49:00+08:00,900,0,0,960,0,960,0,0,0,67,57,70,"{""1"":[0],""2"":[960],""3"":[1860],""4"":[1860]}",
2024-12-14T23:32:00+08:00,2024-12-15T08:26:00+08:00,16500,3480,7380,4680,1,2160,1260,0,0,64,53,77,"{""1"":[0],""2"":[2160,28200],""3"":[29100,1680],""4"":[32040]}",
2024-12-15T23:05:00+08:00,2024-12-16T06:54:00+08:00,15540,1620,9240,1560,1,840,0,0,0,62,51,79,"{""1"":[0,25680],""2"":[840,24840],""3"":[24780,3360],""4"":[25500,2640]}",
2024-12-16T21:41:00+08:00,2024-12-17T06:41:00+08:00,15780,5160,7980,3300,2,2580,0,0,0,67,51,84,"{""1"":[0,30780],""2"":[2580,15120,13380],""3"":[17280,13320,1800],""4"":[30600,1800]}",
2024-12-17T23:53:00+08:00,2024-12-18T07:14:00+08:00,15540,3300,5160,2460,3,1320,0,0,0,65,49,73,"{""1"":[0],""2"":[1320,7440,15120,1440],""3"":[8400,15060,1500,1500],""4"":[26460]}",
2024-12-18T23:32:00+08:00,2024-12-19T06:49:00+08:00,13500,4200,6480,1860,1,1800,0,0,0,62,51,76,"{""1"":[0,24060],""2"":[1800,22320],""3"":[23880,2340],""4"":[23880,2340]}",
2024-12-19T22:56:00+08:00,2024-12-20T07:00:00+08:00,18720,3000,4980,2340,1,1500,0,0,0,59,49,69,"{""1"":[0],""2"":[1500,25800],""3"":[26460,2580],""4"":[29040]}",
2024-12-20T23:35:00+08:00,2024-12-21T06:50:00+08:00,15000,3720,5520,1860,2,360,0,0,0,60,50,70,"{""1"":[0],""2"":[360,21780,2520],""3"":[21000,3300,1800],""4"":[26100]}",
2024-12-21T23:00:00+08:00,2024-12-22T06:48:00+08:00,13380,2880,5520,3720,3,840,0,0,0,64,54,76,"{""1"":[0,3600,1080,21720],""2"":[840,4740,19200,1680],""3"":[960,23280,1920,1920],""4"":[2220,1500,22440,1920]}",
2024-12-22T21:59:00+08:00,2024-12-23T06:45:00+08:00,18960,2880,6420,3060,2,1200,1080,0,0,62,53,77,"{""1"":[0,29100],""2"":[1200,18120,10140],""3"":[18900,9960,1620],""4"":[28860,2700]}",
2024-12-24T00:13:00+08:00,2024-12-24T06:56:00+08:00,13620,1740,5340,3240,2,2820,0,0,0,63,52,79,"{""1"":[0,21840],""2"":[2820,14280,4740],""3"":[16680,4920,2580],""4"":[21600,2580]}",
2024-12-25T00:08:00+08:00,2024-12-25T08:42:00+08:00,14340,5460,4380,6120,2,2820,1800,0,0,70,54,83,"{""1"":[0,27840,540],""2"":[2820,6120,19680],""3"":[8460,18600,1980],""4"":[27600,480,2760]}",
2024-12-26T00:30:00+08:00,2024-12-26T07:09:00+08:00,13200,3480,5040,2220,1,1500,0,0,0,63,52,72,"{""1"":[0],""2"":[1500,21600],""3"":[22380,1560],""4"":[23940]}",
2024-12-27T05:07:00+08:00,2024-12-27T05:15:00+08:00,120,0,0,360,0,360,0,0,0,53,52,53,"{""1"":[0],""2"":[360],""3"":[480],""4"":[480]}",
2024-12-29T03:18:00+08:00,2024-12-29T04:18:00+08:00,960,0,0,1620,2,1020,0,0,0,53,47,61,"{""1"":[0,1920,900],""2"":[1020,900,1500],""3"":[1740,240,1620],""4"":[1740,240,1620]}",
2024-12-29T06:42:00+08:00,2024-12-29T08:40:00+08:00,1380,0,0,2580,2,600,0,0,0,53,48,63,"{""1"":[0,2520,1380,840,1620],""2"":[600,2460,3720],""3"":[1020,2700,3360],""4"":[1020,2700,540,1140,1680]}",
2025-01-04T23:13:00+08:00,2025-01-05T08:59:00+08:00,19140,2880,11040,2100,1,960,0,0,0,59,47,73,"{""1"":[0],""2"":[960,32580],""3"":[32400,2760],""4"":[35160]}",
2025-01-06T00:24:00+08:00,2025-01-06T06:37:00+08:00,12240,4080,4380,1560,1,1260,0,0,0,63,50,77,"{""1"":[0,20700],""2"":[1260,19740],""3"":[20580,1800],""4"":[20580,1800]}",
2025-01-06T23:12:00+08:00,2025-01-07T06:44:00+08:00,15240,2820,7140,1920,0,1920,0,0,0,58,47,71,"{""1"":[0],""2"":[1920],""3"":[27120],""4"":[27120]}",
2025-01-07T23:36:00+08:00,2025-01-08T07:36:00+08:00,15360,2820,8580,2040,1,780,0,0,0,60,48,72,"{""1"":[0],""2"":[780,26940],""3"":[26460,2340],""4"":[28800]}",
2025-01-08T23:41:00+08:00,2025-01-09T07:04:00+08:00,16200,3480,6420,360,1,360,0,0,0,61,49,76,"{""1"":[0,23580],""2"":[360,23220],""3"":[23460,3120],""4"":[23460,3120]}",
2025-01-09T19:52:00+08:00,2025-01-09T21:05:00+08:00,1920,0,0,2460,0,2460,0,0,0,64,58,67,"{""1"":[0],""2"":[2460],""3"":[4380],""4"":[4380]}",
2025-01-09T23:54:00+08:00,2025-01-10T07:28:00+08:00,17580,3420,5160,900,1,900,0,0,0,58,45,71,"{""1"":[0,25740],""2"":[900,24840],""3"":[25560,1680],""4"":[25560,1680]}",
2025-01-11T01:18:00+08:00,2025-01-11T08:54:00+08:00,16260,3180,6360,1200,2,780,0,0,0,65,50,76,"{""1"":[0,23280],""2"":[780,22500,3240],""3"":[22920,3180,1260],""4"":[22920,4440]}",
2025-01-11T23:50:00+08:00,2025-01-12T07:51:00+08:00,17340,3420,6540,1140,2,900,0,0,0,60,49,71,"{""1"":[0,24780,2160],""2"":[900,24120,1920],""3"":[24660,1980,2220],""4"":[24660,1980,2220]}",
2025-01-12T23:58:00+08:00,2025-01-13T07:12:00+08:00,14220,3300,7080,1440,1,1080,0,0,0,62,50,74,"{""1"":[0],""2"":[1080,23520],""3"":[24240,1800],""4"":[26040]}",
2025-01-14T00:06:00+08:00,2025-01-14T06:11:00+08:00,13800,4680,1560,1560,2,1200,0,0,0,65,50,76,"{""1"":[0,19860],""2"":[1200,17700,960],""3"":[18540,1020,2340],""4"":[19560,2340]}",
2025-01-15T00:28:00+08:00,2025-01-15T07:06:00+08:00,14040,2280,4560,2700,1,2700,0,0,0,65,51,81,"{""1"":[0,21540],""2"":[2700,18840],""3"":[21240,2640],""4"":[21240,2640]}",
2025-01-15T23:21:00+08:00,2025-01-16T07:34:00+08:00,13440,4620,10200,1320,0,720,600,0,0,63,49,75,"{""1"":[0],""2"":[720],""3"":[28980],""4"":[29580]}",
2025-01-17T00:16:00+08:00,2025-01-17T07:42:00+08:00,17220,900,6900,1560,1,840,660,0,0,63,50,75,"{""1"":[0,24420],""2"":[840,23640],""3"":[24240,1860],""4"":[24240,2520]}",
2025-01-18T00:30:00+08:00,2025-01-18T07:24:00+08:00,11280,4560,5400,3600,2,1140,0,0,0,64,52,76,"{""1"":[0],""2"":[1140,19680,3120],""3"":[18780,4740,1320],""4"":[24840]}",
2025-01-18T13:07:00+08:00,2025-01-18T14:00:00+08:00,300,1200,0,1680,0,1680,0,0,0,75,73,78,"{""1"":[0],""2"":[1680],""3"":[3180],""4"":[3180]}",
2025-01-18T23:23:00+08:00,2025-01-19T07:57:00+08:00,17400,4380,6240,2700,4,660,660,0,0,66,52,85,"{""1"":[0,8700],""2"":[660,7200,840,20160,780],""3"":[7500,1080,19680,960,960],""4"":[8580,22260]}",
2025-01-20T00:16:00+08:00,2025-01-20T06:55:00+08:00,12780,3240,6240,1500,1,1080,0,0,0,61,51,73,"{""1"":[0,21720],""2"":[1080,21060],""3"":[21540,2400],""4"":[21540,2400]}",
2025-01-20T23:34:00+08:00,2025-01-21T05:51:00+08:00,14580,3120,3300,1620,1,840,0,0,0,62,51,78,"{""1"":[0],""2"":[840,18660],""3"":[18720,3900],""4"":[22620]}",
2025-01-22T00:30:00+08:00,2025-01-22T07:24:00+08:00,16500,2700,4860,780,0,780,0,0,0,63,52,78,"{""1"":[0],""2"":[780],""3"":[24840],""4"":[24840]}",
2025-01-22T22:15:00+08:00,2025-01-23T07:11:00+08:00,15420,3240,4740,5520,2,720,0,0,0,62,49,74,"{""1"":[0,1560,2640,2820],""2"":[720,7860,17400],""3"":[1080,24360,6720],""4"":[1080,540,5220,25320]}",
2025-01-23T23:44:00+08:00,2025-01-24T07:28:00+08:00,17160,1020,7620,1680,2,1320,0,0,0,63,49,77,"{""1"":[0,24960],""2"":[1320,23640,1500],""3"":[24600,1500,1740],""4"":[24600,3240]}",
2025-01-25T00:07:00+08:00,2025-01-25T08:30:00+08:00,17580,2640,9180,780,0,780,0,60,1,60,49,74,"{""1"":[0],""2"":[780],""3"":[30180],""4"":[30180]}",
2025-01-26T00:32:00+08:00,2025-01-26T09:02:00+08:00,17580,3300,6360,3360,1,1320,720,0,0,60,45,75,"{""1"":[0],""2"":[1320,27780],""3"":[27780,2100],""4"":[30600]}",
2025-01-26T22:46:00+08:00,2025-01-27T08:22:00+08:00,17460,3240,2580,6180,2,420,0,0,0,61,49,70,"{""1"":[0,9000,1020,720],""2"":[420,11640,20340],""3"":[2280,29040,3240],""4"":[4320,5520,660,24060]}",
2025-01-28T00:01:00+08:00,2025-01-28T06:46:00+08:00,15300,2580,4980,1260,1,1200,0,0,0,65,53,78,"{""1"":[0,22320],""2"":[1200,21180],""3"":[22140,2160],""4"":[22140,2160]}",
2025-01-29T00:19:00+08:00,2025-01-29T07:31:00+08:00,13920,3840,5400,2580,4,960,0,0,0,64,52,77,"{""1"":[0,24240],""2"":[960,6480,5340,10620,1320],""3"":[7080,5280,10680,1020,1860],""4"":[24060,1860]}",
2025-01-29T23:19:00+08:00,2025-01-30T07:48:00+08:00,18540,2460,6120,3240,2,780,0,0,0,58,49,69,"{""1"":[0,28260],""2"":[780,24960,2520],""3"":[25260,840,4440],""4"":[28080,2460]}",
2025-01-30T22:38:00+08:00,2025-01-31T07:46:00+08:00,19800,3960,6900,2040,3,1140,0,0,0,63,53,75,"{""1"":[0,30300],""2"":[1140,22380,2940,3840],""3"":[23040,3000,4080,2760],""4"":[30120,2760]}",
2025-02-01T00:46:00+08:00,2025-02-01T08:28:00+08:00,15300,1560,7740,2820,1,2100,0,0,0,66,56,78,"{""1"":[0,23580],""2"":[2100,21480],""3"":[22560,5160],""4"":[23280,4440]}",
2025-02-01T14:52:00+08:00,2025-02-01T16:10:00+08:00,480,0,0,4200,0,4200,0,0,0,81,79,84,"{""1"":[0],""2"":[4200],""3"":[4680],""4"":[4680]}",
2025-02-02T02:18:00+08:00,2025-02-02T09:08:00+08:00,17100,1200,5520,780,0,780,0,0,0,64,53,72,"{""1"":[0],""2"":[780],""3"":[24600],""4"":[24600]}",
2025-02-03T00:20:00+08:00,2025-02-03T07:55:00+08:00,18420,2580,5340,780,1,600,0,0,0,64,53,75,"{""1"":[0,24180],""2"":[600,23760],""3"":[24000,3300],""4"":[24000,3300]}",
2025-02-03T23:53:00+08:00,2025-02-04T06:45:00+08:00,10740,4920,7200,1680,1,1680,0,0,0,62,52,76,"{""1"":[0,22380],""2"":[1680,20700],""3"":[22200,2520],""4"":[22200,2520]}",
2025-02-04T23:53:00+08:00,2025-02-05T06:20:00+08:00,14580,2820,4740,1080,1,720,0,360,1,66,51,84,"{""1"":[0],""2"":[720,10860],""3"":[11220,12000],""4"":[23220]}",
2025-02-05T22:56:00+08:00,2025-02-06T07:10:00+08:00,13560,7320,6360,2400,3,780,0,0,0,64,51,79,"{""1"":[0],""2"":[780,17820,2160,7740],""3"":[18240,2040,7440,1920],""4"":[29640]}",
2025-02-06T22:01:00+08:00,2025-02-07T07:14:00+08:00,20760,1800,3300,7020,3,2400,0,0,0,60,53,74,"{""1"":[0,7380,23280],""2"":[2400,6000,15360,6960],""3"":[4140,19200,7140,2700],""4"":[7260,23220,2700]}",
2025-02-08T00:30:00+08:00,2025-02-08T09:39:00+08:00,19320,5760,6840,840,1,780,0,0,0,61,49,76,"{""1"":[0,30420],""2"":[780,29700],""3"":[30240,2700],""4"":[30240,2700]}",
2025-02-09T00:13:00+08:00,2025-02-09T07:04:00+08:00,13980,1980,5280,3000,3,1260,0,0,0,59,50,68,"{""1"":[0,17580,4980],""2"":[1260,16500,5160,1080],""3"":[16620,5640,1380,1020],""4"":[17460,4800,2400]}",
2025-02-09T22:45:00+08:00,2025-02-10T06:33:00+08:00,15360,3480,6960,2100,1,1920,0,0,0,60,46,71,"{""1"":[0,26280],""2"":[1920,24540],""3"":[26100,1980],""4"":[26100,1980]}",
2025-02-10T23:06:00+08:00,2025-02-11T07:48:00+08:00,16680,4200,9120,960,2,720,0,0,0,63,46,80,"{""1"":[0,9480,19140],""2"":[720,8940,19020],""3"":[9300,19140,2880],""4"":[9300,19140,2880]}",
2025-02-12T00:32:00+08:00,2025-02-12T08:04:00+08:00,15180,3540,3480,4800,4,1440,0,0,0,63,52,71,"{""1"":[0,18060],""2"":[1440,11760,2040,2820,7980],""3"":[12360,2220,1980,9000,1560],""4"":[17940,9180]}",
2025-02-12T22:34:00+08:00,2025-02-13T07:46:00+08:00,17820,4440,7860,2820,2,780,900,0,0,59,42,72,"{""1"":[0,30540],""2"":[780,28920,1200],""3"":[28920,1440,1860],""4"":[30360,2760]}",
2025-02-13T21:58:00+08:00,2025-02-14T07:23:00+08:00,19560,3240,7260,3060,3,780,600,0,0,58,46,73,"{""1"":[0,3060,780,28140],""2"":[780,3060,7020,21120],""3"":[2580,7920,20640,2160],""4"":[2580,1140,28080,2100]}",
2025-02-14T23:59:00+08:00,2025-02-15T08:10:00+08:00,17220,2340,7320,2580,1,1680,0,0,0,59,50,70,"{""1"":[0],""2"":[1680,26580],""3"":[27360,2100],""4"":[29460]}",
2025-02-16T00:25:00+08:00,2025-02-16T06:27:00+08:00,11220,4560,4320,1620,0,1620,0,0,0,64,54,75,"{""1"":[0],""2"":[1620],""3"":[21720],""4"":[21720]}",
2025-02-16T16:11:00+08:00,2025-02-16T18:07:00+08:00,3060,0,0,3900,0,3900,0,0,0,65,54,70,"{""1"":[0],""2"":[3900],""3"":[6960],""4"":[6960]}",
2025-02-16T23:16:00+08:00,2025-02-17T06:58:00+08:00,16740,2940,4860,3180,2,1380,0,0,0,60,50,72,"{""1"":[0],""2"":[1380,8700,16440],""3"":[9660,15480,2580],""4"":[27720]}",
2025-02-18T00:32:00+08:00,2025-02-18T07:04:00+08:00,14940,4020,3420,900,1,240,0,0,0,60,51,68,"{""1"":[0,21780],""2"":[240,21540],""3"":[20880,2640],""4"":[21540,1980]}",
2025-02-18T23:14:00+08:00,2025-02-19T06:51:00+08:00,14880,3240,4980,3120,4,1500,0,0,0,58,51,71,"{""1"":[0,20820,1740,720,2940],""2"":[1500,14820,4500,3120,2340],""3"":[15960,4500,1620,3960,1380],""4"":[20460,1620,1020,2940,1380]}",
2025-02-19T22:54:00+08:00,2025-02-20T07:32:00+08:00,18960,3240,8220,480,1,420,0,0,0,58,48,69,"{""1"":[0,29160],""2"":[420,28800],""3"":[28980,2100],""4"":[28980,2100]}",
2025-02-20T23:34:00+08:00,2025-02-21T06:53:00+08:00,13260,3060,6600,2520,2,960,1140,0,0,60,47,72,"{""1"":[0,12600,10680],""2"":[960,12060,10260],""3"":[11880,11220,2100],""4"":[11880,11220,3240]}",
2025-02-21T23:51:00+08:00,2025-02-22T07:36:00+08:00,13800,3720,8700,1080,1,1080,0,0,0,59,47,73,"{""1"":[0,24480],""2"":[1080,23400],""3"":[23880,4020],""4"":[23880,4020]}",
2025-02-22T22:58:00+08:00,2025-02-23T07:40:00+08:00,14580,5820,9480,1260,1,1200,0,0,0,62,49,77,"{""1"":[0,29100],""2"":[1200,27960],""3"":[28920,2400],""4"":[28920,2400]}",
2025-02-24T02:24:00+08:00,2025-02-24T07:15:00+08:00,8520,2160,4680,2100,0,1020,1080,0,0,64,54,72,"{""1"":[0],""2"":[1020],""3"":[16380],""4"":[17460]}",
2025-02-24T17:49:00+08:00,2025-02-24T18:40:00+08:00,1860,0,0,1200,0,1080,120,0,0,73,65,76,"{""1"":[0],""2"":[1080],""3"":[2940],""4"":[3060]}",
2025-02-24T22:57:00+08:00,2025-02-25T06:54:00+08:00,17280,2280,6480,2580,3,1020,0,0,0,63,52,75,"{""1"":[0],""2"":[1020,6720,10620,8400],""3"":[7320,10680,7980,2640],""4"":[28620]}",
2025-02-25T23:22:00+08:00,2025-02-26T07:27:00+08:00,13920,5640,7260,2100,1,900,0,0,0,64,52,78,"{""1"":[0,27000],""2"":[900,26160],""3"":[25680,3420],""4"":[26820,2280]}",
2025-02-26T23:30:00+08:00,2025-02-27T06:53:00+08:00,12600,4500,7860,1440,1,1320,0,0,0,62,49,72,"{""1"":[0,25380],""2"":[1320,24180],""3"":[25200,1380],""4"":[25200,1380]}",
2025-02-28T00:28:00+08:00,2025-02-28T07:01:00+08:00,12840,2880,6840,1020,0,1020,0,0,0,63,50,74,"{""1"":[0],""2"":[1020],""3"":[23580],""4"":[23580]}",
2025-02-28T23:14:00+08:00,2025-03-01T06:56:00+08:00,13020,5520,7680,1500,1,1140,0,0,0,63,48,77,"{""1"":[0],""2"":[1140,13680],""3"":[14460,13260],""4"":[27720]}",
2025-03-01T16:22:00+08:00,2025-03-01T17:55:00+08:00,2940,0,720,1920,0,1920,0,0,0,77,70,82,"{""1"":[0],""2"":[1920],""3"":[5580],""4"":[5580]}",
2025-03-02T00:06:00+08:00,2025-03-02T07:46:00+08:00,18660,1020,6180,1740,1,1020,0,0,0,67,51,79,"{""1"":[0],""2"":[1020,24300],""3"":[24600,3000],""4"":[27600]}",
2025-03-02T23:23:00+08:00,2025-03-03T07:18:00+08:00,14040,5100,5700,3660,3,780,0,0,0,65,51,77,"{""1"":[0],""2"":[780,16380,8820,1740],""3"":[16800,7800,1980,1920],""4"":[28500]}",
2025-03-03T23:04:00+08:00,2025-03-04T07:15:00+08:00,21600,2220,3480,1920,1,1440,0,0,0,65,54,78,"{""1"":[0,27900],""2"":[1440,26940],""3"":[27660,1800],""4"":[27660,1800]}",
2025-03-05T01:14:00+08:00,2025-03-05T06:50:00+08:00,9660,1680,3720,4500,6,1140,0,0,0,65,54,75,"{""1"":[0,11100,1020,4500],""2"":[1140,8340,1620,1020,3060,1440,1740],""3"":[9060,1800,1020,2520,1140,1620,3000],""4"":[10860,1020,4620,3660]}",
2025-03-05T22:41:00+08:00,2025-03-06T07:04:00+08:00,22680,3060,2640,1620,3,420,0,0,0,64,50,85,"{""1"":[0,29040],""2"":[420,26820,780,1200],""3"":[26640,960,1260,1320],""4"":[28860,1320]}",
2025-03-06T23:55:00+08:00,2025-03-07T07:15:00+08:00,16680,1800,3540,4260,3,2760,0,0,0,63,50,96,"{""1"":[0,5040],""2"":[2760,840,1440,18720],""3"":[3000,1380,19020,3000],""4"":[4920,21480]}",
2025-03-07T22:33:00+08:00,2025-03-08T07:58:00+08:00,19560,3600,6000,4740,3,3360,0,0,0,64,50,80,"{""1"":[0],""2"":[3360,25500,1800,1140],""3"":[28380,1800,1200,2520],""4"":[33900]}",
2025-03-09T00:29:00+08:00,2025-03-09T09:01:00+08:00,17280,1260,9960,2220,1,1860,0,0,0,65,54,82,"{""1"":[0],""2"":[1860,28080],""3"":[29580,1140],""4"":[30720]}",
2025-03-09T21:28:00+08:00,2025-03-10T07:26:00+08:00,23280,3060,6600,2460,3,2220,0,0,0,60,48,97,"{""1"":[0,3660,1800,28260],""2"":[2220,1620,1680,28200],""3"":[3480,1860,28200,2340],""4"":[3480,1860,28200,2340]}",
2025-03-10T23:26:00+08:00,2025-03-11T07:14:00+08:00,14820,3540,6300,3180,1,1440,1740,0,0,61,49,74,"{""1"":[0,24600],""2"":[1440,23160],""3"":[24360,1980],""4"":[24360,3720]}",
2025-03-11T23:30:00+08:00,2025-03-12T07:31:00+08:00,21060,1380,3960,2280,1,2280,0,0,0,63,53,76,"{""1"":[0,27180],""2"":[2280,24900],""3"":[27000,1860],""4"":[27000,1860]}",
2025-03-12T23:16:00+08:00,2025-03-13T07:36:00+08:00,20940,1800,5820,1260,1,1200,0,0,0,60,51,71,"{""1"":[0,28020],""2"":[1200,26880],""3"":[27840,2160],""4"":[27840,2160]}",
2025-03-13T23:41:00+08:00,2025-03-14T07:41:00+08:00,15600,4020,5460,3240,4,960,0,0,0,61,49,71,"{""1"":[0,10920,180,6240,9180],""2"":[960,9960,1020,5940,9540],""3"":[10860,120,6240,9120,2460],""4"":[10860,120,6240,9120,2460]}",
2025-03-14T22:59:00+08:00,2025-03-15T06:55:00+08:00,14280,2700,4740,6660,1,4980,0,0,0,62,51,72,"{""1"":[0,25980],""2"":[4980,21000],""3"":[24120,4440],""4"":[25800,2760]}",
2025-03-16T00:39:00+08:00,2025-03-16T07:42:00+08:00,15360,3060,3600,3120,2,1200,840,0,0,64,54,75,"{""1"":[0,24180],""2"":[1200,21000,1980],""3"":[21120,2820,600],""4"":[23940,1440]}",
2025-03-16T22:47:00+08:00,2025-03-17T07:06:00+08:00,19380,2700,6240,1440,1,840,0,0,0,64,47,75,"{""1"":[0,28080],""2"":[840,27840],""3"":[27900,2040],""4"":[27900,2040]}",
2025-03-17T22:41:00+08:00,2025-03-18T07:02:00+08:00,19140,3120,5040,2520,2,1680,0,0,0,68,55,81,"{""1"":[0,28800],""2"":[1680,26340,1200],""3"":[27600,960,1500],""4"":[28560,1500]}",
2025-03-18T23:50:00+08:00,2025-03-19T07:01:00+08:00,13440,4140,5280,2640,2,1380,840,0,0,67,56,85,"{""1"":[0,23220],""2"":[1380,21840,1320],""3"":[22860,1260,900],""4"":[22860,3000]}",
2025-03-19T23:21:00+08:00,2025-03-20T06:55:00+08:00,15540,1680,5340,4500,1,3300,0,0,0,62,53,73,"{""1"":[0,25500],""2"":[3300,22440],""3"":[24360,2880],""4"":[25320,1920]}",
2025-03-20T22:57:00+08:00,2025-03-21T06:31:00+08:00,16500,1860,4320,4380,5,1560,0,0,0,60,51,72,"{""1"":[0,25980],""2"":[1560,12540,4920,3120,1380,2880],""3"":[13680,4980,2280,2160,2700,1440],""4"":[25800,1440]}",
2025-03-21T19:44:00+08:00,2025-03-22T07:26:00+08:00,17820,4140,7020,7500,2,1740,0,0,0,64,50,79,"{""1"":[0,2280,6540,30120],""2"":[1740,9180,28440],""3"":[2100,34680,5340],""4"":[2100,1440,35220,3360]}",
2025-03-22T22:59:00+08:00,2025-03-23T06:55:00+08:00,17340,3000,1920,5100,3,1200,660,0,0,65,50,78,"{""1"":[0,3480,2160,660],""2"":[1200,2280,3480,15900],""3"":[2580,1200,18720,5400],""4"":[3120,1920,1020,22500]}",
2025-03-23T20:43:00+08:00,2025-03-24T07:22:00+08:00,18060,3840,10440,5100,3,3960,0,0,0,63,52,100,"{""1"":[0,4920,1020,1020,29940],""2"":[3960,1020,2160,29760],""3"":[4440,1380,30900,1620],""4"":[4440,1380,1020,29880,1620]}",
2025-03-25T00:16:00+08:00,2025-03-25T07:11:00+08:00,14640,2520,4140,3420,1,1200,540,0,0,66,56,81,"{""1"":[0,23400],""2"":[1200,22500],""3"":[21840,2520],""4"":[23220,1680]}",
2025-03-26T00:05:00+08:00,2025-03-26T06:31:00+08:00,13560,2580,3720,2820,2,1560,0,0,0,67,57,79,"{""1"":[0,18600,1020],""2"":[1560,15720,2340],""3"":[16920,1320,4920],""4"":[18240,1260,3660]}",
2025-03-26T11:50:00+08:00,2025-03-26T12:37:00+08:00,1860,0,0,960,0,720,240,0,0,64,58,72,"{""1"":[0],""2"":[720],""3"":[2580],""4"":[2820]}",
2025-03-26T22:45:00+08:00,2025-03-27T07:22:00+08:00,20220,3720,5520,1320,1,1320,0,0,0,64,50,81,"{""1"":[0,28740],""2"":[1320,27420],""3"":[28500,2520],""4"":[28500,2520]}",
2025-03-27T23:24:00+08:00,2025-03-28T07:12:00+08:00,15840,4200,5640,2400,2,1380,0,0,0,63,55,75,"{""1"":[0],""2"":[1380,21960,2820],""3"":[22980,2520,2580],""4"":[28080]}",
2025-03-28T23:30:00+08:00,2025-03-29T08:14:00+08:00,18000,3900,5400,4140,2,1380,0,0,0,66,51,81,"{""1"":[0],""2"":[1380,23340,5520],""3"":[24360,3480,3600],""4"":[31440]}",
2025-03-30T00:08:00+08:00,2025-03-30T07:43:00+08:00,17460,2220,4080,3540,3,1500,0,0,0,67,52,82,"{""1"":[0],""2"":[1500,7560,15660,1800],""3"":[8640,15000,2340,1320],""4"":[27300]}",
2025-03-30T23:24:00+08:00,2025-03-31T07:31:00+08:00,17280,2220,6840,2580,3,1020,0,0,0,62,52,71,"{""1"":[0,28260],""2"":[1020,12720,8580,5940],""3"":[13260,8640,5400,1920],""4"":[27960,1260]}",
2025-03-31T23:53:00+08:00,2025-04-01T07:11:00+08:00,16140,1620,6600,1740,2,1200,0,0,0,64,52,76,"{""1"":[0,24300],""2"":[1200,20880,2340],""3"":[21660,2460,2160],""4"":[24120,2160]}",
2025-04-02T00:00:00+08:00,2025-04-02T06:52:00+08:00,16980,1560,2820,3300,3,2220,0,0,0,65,53,83,"{""1"":[0,18300],""2"":[2220,16080,3420,780],""3"":[18240,2760,1140,2580],""4"":[18240,6480]}",
2025-04-02T23:08:00+08:00,2025-04-03T07:04:00+08:00,15480,2520,6060,4380,1,2760,0,0,0,62,53,78,"{""1"":[0,27180],""2"":[2760,24660],""3"":[25680,2880],""4"":[27060,1500]}",
2025-04-03T23:22:00+08:00,2025-04-04T07:00:00+08:00,16860,2760,4560,3120,3,1020,0,0,0,61,50,75,"{""1"":[0,26400],""2"":[1020,5220,18960,1260],""3"":[5880,17640,2700,1260],""4"":[26220,1260]}",
2025-04-04T22:06:00+08:00,2025-04-05T07:12:00+08:00,19920,2580,6060,3840,1,2580,0,0,0,63,53,76,"{""1"":[0,30900],""2"":[2580,28320],""3"":[29280,3480],""4"":[30540,2220]}",
2025-04-05T23:08:00+08:00,2025-04-06T07:01:00+08:00,16620,4200,4860,2700,1,1980,0,0,0,64,53,77,"{""1"":[0],""2"":[1980,23880],""3"":[25140,3240],""4"":[28380]}",
2025-04-08T00:39:00+08:00,2025-04-08T06:30:00+08:00,13800,2640,2400,1860,2,1380,0,0,0,67,57,76,"{""1"":[0,19680],""2"":[1380,15720,2580],""3"":[16620,2700,1740],""4"":[19320,1740]}",
2025-04-09T20:56:00+08:00,2025-04-10T07:26:00+08:00,24960,3780,8040,840,1,840,0,0,0,65,49,83,"{""1"":[0,35940],""2"":[840,35100],""3"":[35760,2040],""4"":[35760,2040]}",
2025-04-10T23:06:00+08:00,2025-04-11T06:39:00+08:00,14640,3240,6780,2520,1,960,1020,0,0,64,49,75,"{""1"":[0],""2"":[960,23280],""3"":[23700,2460],""4"":[27180]}",
2025-04-12T01:33:00+08:00,2025-04-12T07:54:00+08:00,13260,2340,4680,2580,2,720,0,0,0,66,55,75,"{""1"":[0],""2"":[720,18660,2760],""3"":[18180,3300,1380],""4"":[22860]}",
2025-04-13T23:13:00+08:00,2025-04-14T07:26:00+08:00,17400,3360,6960,1680,1,1560,0,0,0,58,50,72,"{""1"":[0,28200],""2"":[1560,26760],""3"":[28020,1560],""4"":[28020,1560]}",
2025-04-14T23:17:00+08:00,2025-04-15T07:28:00+08:00,17220,4560,6420,840,1,840,0,0,0,61,50,75,"{""1"":[0,27840],""2"":[840,27000],""3"":[27420,2040],""4"":[27420,2040]}",
2025-04-15T23:42:00+08:00,2025-04-16T05:47:00+08:00,12180,3180,1920,4260,2,960,0,0,0,64,56,74,"{""1"":[0,15240,2580],""2"":[960,13200,3660],""3"":[13320,1680,6900],""4"":[15000,2700,4200]}",
2025-04-16T22:36:00+08:00,2025-04-17T06:56:00+08:00,20100,2640,4500,2640,4,720,0,0,0,61,51,73,"{""1"":[0,3120],""2"":[720,2460,10440,2520,13140],""3"":[3000,9900,2700,13080,1320],""4"":[3000,27000]}",
2025-04-19T00:28:00+08:00,2025-04-19T08:18:00+08:00,17460,4500,3180,3060,2,1020,600,0,0,67,53,79,"{""1"":[0],""2"":[1020,14640,9540],""3"":[15240,8940,3420],""4"":[28200]}",
2025-04-20T00:29:00+08:00,2025-04-20T08:53:00+08:00,17760,2820,4620,4800,2,660,0,0,0,66,52,84,"{""1"":[0,27780],""2"":[660,18000,11040],""3"":[18180,7620,4440],""4"":[27540,2700]}",
2025-04-21T00:13:00+08:00,2025-04-21T07:09:00+08:00,11220,4140,6360,3240,2,1980,0,0,0,62,50,72,"{""1"":[0],""2"":[1980,17760,4200],""3"":[19380,3660,1920],""4"":[24960]}",
2025-04-22T00:33:00+08:00,2025-04-22T07:26:00+08:00,14880,4980,3480,1260,1,1080,0,0,0,65,52,78,"{""1"":[0,23460],""2"":[1080,22560],""3"":[23280,1500],""4"":[23280,1500]}",
2025-04-23T00:18:00+08:00,2025-04-23T06:28:00+08:00,14460,2820,1920,2580,3,1080,0,0,0,67,51,80,"{""1"":[0,11040,240,240],""2"":[1080,9960,480,9120],""3"":[10920,180,8160,2940],""4"":[10920,180,300,10800]}",
2025-04-24T00:01:00+08:00,2025-04-24T07:37:00+08:00,14520,2220,6780,3540,2,2580,0,0,0,65,56,74,"{""1"":[0,25560],""2"":[2580,6000,16980],""3"":[7620,17640,2100],""4"":[25260,2100]}",
2025-04-24T22:54:00+08:00,2025-04-25T08:05:00+08:00,17040,4800,7980,3240,1,1080,0,0,0,63,50,75,"{""1"":[0],""2"":[1080,29760],""3"":[28680,4380],""4"":[33060]}",
2025-04-25T23:59:00+08:00,2025-04-26T07:11:00+08:00,10080,7860,6600,1380,1,1020,0,0,0,69,53,86,"{""1"":[0],""2"":[1020,11280],""3"":[11940,13980],""4"":[25920]}",
2025-04-26T22:29:00+08:00,2025-04-27T06:42:00+08:00,21120,2280,2700,2940,5,1140,0,0,0,62,53,103,"{""1"":[0,22500,1320,3720],""2"":[1140,12660,4560,4140,1320,4200],""3"":[13440,4500,4320,900,4200,2220],""4"":[22260,1440,3660,2220]}",
2025-04-27T10:15:00+08:00,2025-04-27T12:37:00+08:00,1920,2580,1620,2400,1,1080,0,0,0,66,61,71,"{""1"":[0],""2"":[1080,6900],""3"":[6660,1860],""4"":[8520]}",
2025-04-27T21:52:00+08:00,2025-04-28T05:53:00+08:00,18840,3600,2400,3600,5,1440,0,0,0,65,51,104,"{""1"":[0,22980,1560],""2"":[1440,4980,13800,1920,960,1440],""3"":[6000,13800,1740,1140,1140,5040],""4"":[22680,1740,4440]}",
2025-04-28T23:04:00+08:00,2025-04-29T06:58:00+08:00,15540,3600,6360,2940,1,720,720,0,0,63,51,75,"{""1"":[0],""2"":[720,25740],""3"":[24960,2760],""4"":[28440]}",
2025-04-29T23:24:00+08:00,2025-04-30T06:20:00+08:00,12420,4200,3780,4560,1,4140,0,0,0,71,57,85,"{""1"":[0],""2"":[4140,4740],""3"":[8460,16500],""4"":[24960]}",
2025-04-30T16:45:00+08:00,2025-04-30T17:49:00+08:00,1980,0,0,1860,1,1500,0,0,0,61,56,73,"{""1"":[0],""2"":[1500,900],""3"":[2040,1800],""4"":[3840]}",
2025-04-30T22:37:00+08:00,2025-05-01T07:48:00+08:00,17940,4620,8280,2220,3,780,0,0,0,61,47,74,"{""1"":[0],""2"":[780,26580,3480,1140],""3"":[27000,3120,1500,1440],""4"":[33060]}",
2025-05-01T23:38:00+08:00,2025-05-02T05:45:00+08:00,13380,2400,2640,3240,3,1500,0,0,0,68,58,79,"{""1"":[0,18900],""2"":[1500,13200,3060,1200],""3"":[14040,2700,1800,3480],""4"":[18540,3480]}",
2025-05-02T23:55:00+08:00,2025-05-03T08:12:00+08:00,17580,2520,6120,3600,2,1560,900,0,0,65,55,73,"{""1"":[0],""2"":[1560,22620,3660],""3"":[23520,3840,1560],""4"":[29820]}",
2025-05-04T00:07:00+08:00,2025-05-04T08:21:00+08:00,17400,4380,4920,2940,2,1320,0,0,0,64,53,76,"{""1"":[0],""2"":[1320,26220,1200],""3"":[26640,1380,1620],""4"":[29640]}",
2025-05-04T23:46:00+08:00,2025-05-05T07:31:00+08:00,14880,2940,6720,3120,2,840,0,0,0,62,51,81,"{""1"":[0,26340],""2"":[840,25500,1020],""3"":[24480,2220,1200],""4"":[26100,1800]}",
2025-05-05T23:26:00+08:00,2025-05-06T06:40:00+08:00,13080,3240,7200,2520,1,1020,0,0,0,64,52,77,"{""1"":[0],""2"":[1020,23580],""3"":[23100,2940],""4"":[26040]}",
2025-05-07T00:15:00+08:00,2025-05-07T06:48:00+08:00,13140,1680,1860,6660,4,1380,2460,0,0,64,53,75,"{""1"":[0,19680],""2"":[1380,3060,13440,960,960],""3"":[3960,12180,2220,1080,1680],""4"":[19440,4140]}",
2025-05-07T20:52:00+08:00,2025-05-08T07:06:00+08:00,21300,5580,5940,4020,3,660,660,0,0,59,48,75,"{""1"":[0],""2"":[660,9540,20520,4440],""3"":[9840,20520,2820,3000],""4"":[36840]}",
2025-05-08T16:41:00+08:00,2025-05-08T17:25:00+08:00,480,0,0,2160,0,2160,0,0,0,63,56,69,"{""1"":[0],""2"":[2160],""3"":[2640],""4"":[2640]}",
2025-05-09T03:17:00+08:00,2025-05-09T06:38:00+08:00,5220,3300,2400,960,1,840,0,0,0,64,52,76,"{""1"":[0,10920],""2"":[840,10200],""3"":[10740,1320],""4"":[10740,1320]}",
2025-05-09T22:00:00+08:00,2025-05-10T07:07:00+08:00,16140,5100,6300,5160,4,1800,0,0,0,60,50,101,"{""1"":[0,2940],""2"":[1800,1620,21840,3840,2340],""3"":[2280,22560,3600,1740,2640],""4"":[2820,30000]}",
2025-05-10T22:59:00+08:00,2025-05-11T07:08:00+08:00,15060,3000,7920,3240,3,960,0,0,0,61,50,74,"{""1"":[0,20640],""2"":[960,17220,2460,7800],""3"":[17820,2700,6000,2820],""4"":[20520,8820]}",
2025-05-11T14:06:00+08:00,2025-05-11T17:32:00+08:00,2820,0,0,5760,1,2220,1740,0,0,68,62,72,"{""1"":[0,8040],""2"":[2220,7440],""3"":[4080,6540],""4"":[4260,8100]}",
2025-05-11T22:30:00+08:00,2025-05-12T07:08:00+08:00,20160,3720,4740,2460,1,1800,0,0,0,64,54,76,"{""1"":[0],""2"":[1800,28680],""3"":[29820,1260],""4"":[31080]}",
2025-05-13T00:02:00+08:00,2025-05-13T07:30:00+08:00,14520,3720,4380,3960,5,840,0,0,0,67,53,81,"{""1"":[0,15480,5400],""2"":[840,13680,1080,1680,2160,1440],""3"":[14160,1140,660,3060,840,7020],""4"":[15300,5460,6120]}",
2025-05-13T23:38:00+08:00,2025-05-14T08:04:00+08:00,20280,180,5880,3660,3,1620,0,0,0,63,53,79,"{""1"":[0,22320,6300],""2"":[1620,19200,1500,6300],""3"":[20400,1800,4560,3600],""4"":[22200,6180,1980]}",
2025-05-14T23:09:00+08:00,2025-05-15T07:35:00+08:00,15960,3660,6420,2640,2,1740,0,0,0,62,51,73,"{""1"":[0,13620,420,14520],""2"":[1740,13080,13740],""3"":[12420,15960,1980],""4"":[12420,1320,14640,1980]}",
2025-05-15T23:23:00+08:00,2025-05-16T07:22:00+08:00,15360,3300,7200,2520,3,900,0,0,0,65,55,81,"{""1"":[0,25440],""2"":[900,15120,9600,2520],""3"":[15600,8820,3360,960],""4"":[25080,3660]}",
2025-05-17T00:28:00+08:00,2025-05-17T08:05:00+08:00,20700,1800,2760,2160,2,1380,0,0,0,66,53,79,"{""1"":[0],""2"":[1380,13500,11220],""3"":[14520,11160,1740],""4"":[27420]}",
2025-05-17T21:43:00+08:00,2025-05-18T07:33:00+08:00,22680,4200,3900,3660,2,2460,0,0,0,63,47,83,"{""1"":[0,22500,10860,900],""2"":[2460,20040,12000],""3"":[22440,9960,3000],""4"":[22440,10620,600,1740]}",
2025-05-18T22:42:00+08:00,2025-05-19T06:23:00+08:00,18060,1980,6180,1260,1,1140,0,0,0,64,52,77,"{""1"":[0,26460],""2"":[1140,25440],""3"":[26280,1380],""4"":[26280,1380]}",
2025-05-19T23:25:00+08:00,2025-05-20T06:12:00+08:00,12900,3180,3720,4260,2,960,0,0,0,66,55,79,"{""1"":[0,19140,4620],""2"":[960,18180,4620],""3"":[17820,3600,3000],""4"":[18900,4740,780]}",
2025-05-20T23:27:00+08:00,2025-05-21T06:51:00+08:00,17700,2040,3480,3240,3,1500,0,0,0,67,56,76,"{""1"":[0,25440],""2"":[1500,14640,8340,1140],""3"":[15660,7740,1860,1380],""4"":[25260,1380]}",
2025-05-21T23:13:00+08:00,2025-05-22T07:36:00+08:00,16500,4020,4380,4680,4,1620,0,0,0,65,55,100,"{""1"":[0,21180,1380,6000],""2"":[1620,18660,900,1380,6420],""3"":[19620,1260,720,5640,2940],""4"":[20880,1560,5940,1800]}",
2025-05-22T22:04:00+08:00,2025-05-23T06:16:00+08:00,18000,3480,6780,1260,1,840,0,0,0,62,52,78,"{""1"":[0],""2"":[840,23160],""3"":[23580,5940],""4"":[29520]}",
2025-05-23T22:48:00+08:00,2025-05-24T08:55:00+08:00,23340,1980,2520,8040,5,4440,1200,0,0,62,52,72,"{""1"":[0,26580,5220,2700],""2"":[4440,22800,3840,1260,840,1500],""3"":[26340,4080,1200,1200,1560,840],""4"":[26340,5280,2760,2040]}",
2025-05-25T00:11:00+08:00,2025-05-25T09:41:00+08:00,15600,3540,6900,4620,1,1680,2160,0,0,65,52,77,"{""1"":[0,6480],""2"":[1680,5580],""3"":[2940,29100],""4"":[2940,31260]}",
2025-05-25T23:52:00+08:00,2025-05-26T06:17:00+08:00,12720,1500,6960,1620,1,900,0,0,0,64,53,76,"{""1"":[0,20700],""2"":[900,19800],""3"":[19680,3420],""4"":[20400,2700]}",
2025-05-26T23:13:00+08:00,2025-05-27T06:34:00+08:00,13800,2280,7980,2220,1,1020,1140,0,0,66,53,78,"{""1"":[0,24840],""2"":[1020,23880],""3"":[24660,660],""4"":[24660,1800]}",
2025-05-27T23:22:00+08:00,2025-05-28T06:48:00+08:00,17520,1200,6060,1740,1,1080,600,0,0,66,48,79,"{""1"":[0,24180],""2"":[1080,23160],""3"":[23940,2220],""4"":[23940,2820]}",
2025-05-29T22:25:00+08:00,2025-05-30T06:20:00+08:00,20940,2820,2940,1800,2,960,0,0,0,62,49,74,"{""1"":[0],""2"":[960,13380,13320],""3"":[13980,13200,1320],""4"":[28500]}",
2025-05-30T22:57:00+08:00,2025-05-31T08:39:00+08:00,20820,3720,5940,4440,4,780,0,0,0,61,52,77,"{""1"":[0],""2"":[780,28020,1800,1320,1200],""3"":[27480,2220,1500,1200,2520],""4"":[34920]}",
2025-05-31T22:45:00+08:00,2025-06-01T08:29:00+08:00,21300,5100,6180,1500,5,360,0,0,0,59,48,75,"{""1"":[0,12600,7080,420],""2"":[360,12600,6720,420,7200,6060],""3"":[11880,7680,420,6960,6000,2100],""4"":[11880,7680,420,15060]}",
2025-06-02T00:39:00+08:00,2025-06-02T07:58:00+08:00,15360,3540,5460,1860,2,1020,0,0,0,62,52,71,"{""1"":[0,21660],""2"":[1020,20640,3300],""3"":[21540,2580,2220],""4"":[21540,4800]}",
2025-06-02T23:02:00+08:00,2025-06-03T06:47:00+08:00,14220,4020,5880,3300,3,1020,0,0,0,63,52,76,"{""1"":[0,1860,6240,18360],""2"":[1020,2400,4740,18420],""3"":[1200,6720,18360,1620],""4"":[1740,6180,18360,1620]}",
2025-06-03T23:56:00+08:00,2025-06-04T06:04:00+08:00,12300,3000,3060,3240,4,780,0,0,0,69,55,84,"{""1"":[0,16740,1560],""2"":[780,13200,3000,1380,2460],""3"":[12900,3480,1140,2880,1680],""4"":[16380,1800,3900]}",
2025-06-04T22:49:00+08:00,2025-06-05T06:36:00+08:00,12780,3540,7680,3660,2,2040,600,0,0,63,52,74,"{""1"":[0,6600,420,19500],""2"":[2040,5100,19920],""3"":[6480,19860,1080],""4"":[6480,480,19380,1680]}",
2025-06-06T00:17:00+08:00,2025-06-06T07:02:00+08:00,11820,2520,5700,3300,4,780,0,0,0,64,51,77,"{""1"":[0,11700,6360,420,480,720,3180],""2"":[780,11040,7140,780,3180],""3"":[11640,6180,1740,1380,3360],""4"":[11640,6180,420,600,720,3120,1620]}",
2025-06-07T00:00:00+08:00,2025-06-07T07:36:00+08:00,12000,6720,4500,3120,5,960,540,0,0,65,56,75,"{""1"":[0,9960,780,4620,660],""2"":[960,9120,780,4500,660,9780],""3"":[9840,780,4560,240,9000,2400],""4"":[9840,780,4560,240,11940]}",
2025-06-07T23:53:00+08:00,2025-06-08T08:20:00+08:00,21480,0,6660,2280,4,180,0,0,0,64,55,75,"{""1"":[0],""2"":[180,11760,14940,1020,1560],""3"":[11580,14400,1500,1560,1380],""4"":[30420]}",
2025-06-08T23:20:00+08:00,2025-06-09T06:51:00+08:00,15360,3960,6660,840,1,780,0,0,0,63,53,71,"{""1"":[0,24240],""2"":[780,23520],""3"":[24000,3060],""4"":[24000,3060]}",
2025-06-09T22:48:00+08:00,2025-06-10T07:33:00+08:00,18900,3480,6180,2460,3,720,0,0,0,69,57,79,"{""1"":[0,22980,1320,6000],""2"":[720,20220,3360,6060],""3"":[20460,2340,7320,1380],""4"":[22800,1380,5940,1380]}",
2025-06-11T00:02:00+08:00,2025-06-11T07:36:00+08:00,14580,3360,5220,3000,1,780,1740,0,0,68,54,81,"{""1"":[0,18300,420,120],""2"":[780,18120],""3"":[17340,8160],""4"":[17340,1320,120,8460]}",
2025-06-11T23:29:00+08:00,2025-06-12T07:39:00+08:00,19800,3000,4080,2520,1,1020,0,0,0,64,53,76,"{""1"":[0],""2"":[1020,27540],""3"":[27060,2340],""4"":[29400]}",
2025-06-12T22:53:00+08:00,2025-06-13T07:44:00+08:00,20100,2220,5940,2940,3,1560,780,0,0,63,53,74,"{""1"":[0,19560,3900,360,240,5700],""2"":[1560,18060,4560,5580],""3"":[19440,3900,6180,1560],""4"":[19440,3900,420,180,5580,2340]}",
2025-06-14T00:42:00+08:00,2025-06-14T08:59:00+08:00,18360,3000,6360,2100,1,720,0,0,0,66,56,76,"{""1"":[0],""2"":[720,27420],""3"":[26760,3060],""4"":[29820]}",
2025-06-14T23:04:00+08:00,2025-06-15T06:15:00+08:00,17340,2700,2940,2460,3,840,0,0,0,64,49,102,"{""1"":[0,24720],""2"":[840,19320,2160,2400],""3"":[19200,2460,2640,1560],""4"":[24300,1560]}",
2025-06-15T22:35:00+08:00,2025-06-16T06:35:00+08:00,18360,2880,5700,1620,1,1320,0,0,0,61,49,74,"{""1"":[0,26940],""2"":[1320,25920],""3"":[26700,2100],""4"":[26700,2100]}",
2025-06-17T00:07:00+08:00,2025-06-17T07:31:00+08:00,17700,1500,4800,2460,2,1560,0,0,0,65,56,75,"{""1"":[0,25320],""2"":[1560,17580,6540],""3"":[18600,6540,1500],""4"":[25140,1500]}",
2025-06-18T22:38:00+08:00,2025-06-19T06:39:00+08:00,18780,4020,4500,1020,2,600,0,0,0,68,56,103,"{""1"":[0,2580,24540],""2"":[600,1980,24960],""3"":[2460,24240,2160],""4"":[2460,24240,2160]}",
2025-06-19T22:51:00+08:00,2025-06-20T06:10:00+08:00,16680,2760,5280,1620,1,1260,0,0,0,65,51,77,"{""1"":[0],""2"":[1260,19140],""3"":[20040,6300],""4"":[26340]}",
2025-06-20T23:04:00+08:00,2025-06-21T08:32:00+08:00,21960,4020,1920,5880,2,4260,1260,0,0,64,53,78,"{""1"":[0,30900],""2"":[4260,17640,9000],""3"":[21540,9060,2220],""4"":[30600,3480]}",
2025-06-21T22:58:00+08:00,2025-06-22T08:15:00+08:00,21300,3000,5040,4080,1,1560,2100,0,0,65,54,89,"{""1"":[0],""2"":[1560,21000],""3"":[22140,9180],""4"":[33420]}",
2025-06-22T22:08:00+08:00,2025-06-22T23:06:00+08:00,2220,0,0,1260,1,780,0,0,0,79,72,84,"{""1"":[0],""2"":[780,1140],""3"":[1440,2040],""4"":[3480]}",
2025-06-23T03:52:00+08:00,2025-06-23T08:11:00+08:00,7800,2760,2040,2940,2,1320,0,0,0,67,61,74,"{""1"":[0],""2"":[1320,11220,1920],""3"":[12180,1020,2340],""4"":[15540]}",
2025-06-23T23:54:00+08:00,2025-06-24T07:32:00+08:00,16500,3600,5160,1860,3,1080,0,0,0,66,55,76,"{""1"":[0,25920],""2"":[1080,10740,1440,12660],""3"":[11400,1500,12660,1920],""4"":[25560,1920]}",
2025-06-24T23:42:00+08:00,2025-06-25T07:46:00+08:00,17160,2940,5160,3780,2,1740,0,0,0,66,55,76,"{""1"":[0],""2"":[1740,11040,15540],""3"":[12420,14220,2400],""4"":[29040]}",
2025-06-25T22:50:00+08:00,2025-06-26T06:39:00+08:00,18060,3240,5700,1140,1,780,0,0,0,65,51,77,"{""1"":[0],""2"":[780,21900],""3"":[22320,5820],""4"":[28140]}",
2025-06-26T22:44:00+08:00,2025-06-27T06:53:00+08:00,17460,4080,5100,2700,1,1500,0,0,0,65,50,77,"{""1"":[0],""2"":[1500,26460],""3"":[26760,2580],""4"":[29340]}",
2025-06-27T23:47:00+08:00,2025-06-28T07:58:00+08:00,20520,2400,3780,2760,2,1020,720,0,0,64,53,77,"{""1"":[0],""2"":[1020,25680,960],""3"":[26280,780,1680],""4"":[29460]}",
2025-06-28T22:36:00+08:00,2025-06-29T06:47:00+08:00,15720,1680,4320,7440,5,3900,600,0,0,64,53,76,"{""1"":[0,24120],""2"":[3900,6840,8520,3720,1140,3480],""3"":[10320,8520,2640,2340,3180,1860],""4"":[23820,5640]}",
2025-06-29T22:41:00+08:00,2025-06-30T07:14:00+08:00,18240,3300,5820,3300,1,660,0,0,0,63,48,83,"{""1"":[0,29100],""2"":[660,28500],""3"":[26400,4380],""4"":[28980,1800]}",
2025-06-30T23:16:00+08:00,2025-07-01T06:31:00+08:00,15600,2760,4260,3480,2,1980,0,0,0,67,53,81,"{""1"":[0],""2"":[1980,13800,9420],""3"":[15420,8640,2040],""4"":[26100]}",
2025-07-01T23:06:00+08:00,2025-07-02T06:26:00+08:00,19680,2100,1440,2940,3,1140,0,0,0,69,57,82,"{""1"":[0,24900],""2"":[1140,18900,1980,3120],""3"":[19500,2040,2580,2280],""4"":[24660,1740]}",
2025-07-02T22:53:00+08:00,2025-07-03T06:33:00+08:00,16320,3540,5100,2340,2,1560,0,0,0,70,59,82,"{""1"":[0,26160],""2"":[1560,17040,7620],""3"":[17880,7980,1740],""4"":[25860,1740]}",
2025-07-03T22:24:00+08:00,2025-07-04T06:30:00+08:00,18060,2460,6660,1980,2,1200,0,0,0,64,53,76,"{""1"":[0],""2"":[1200,19560,6780],""3"":[20400,6720,2040],""4"":[29160]}",
2025-07-04T23:31:00+08:00,2025-07-05T08:02:00+08:00,17520,3000,6660,3480,1,780,660,0,0,65,54,77,"{""1"":[0],""2"":[780,28440],""3"":[27180,2820],""4"":[30660]}",
2025-07-06T00:02:00+08:00,2025-07-06T09:19:00+08:00,18840,3540,5460,5280,1,1800,1200,0,0,64,50,77,"{""1"":[0,30300],""2"":[1800,30060],""3"":[29280,2940],""4"":[30000,3420]}",
2025-07-06T22:39:00+08:00,2025-07-07T06:40:00+08:00,15060,4140,8040,1380,1,1380,0,0,0,60,49,74,"{""1"":[0,27060],""2"":[1380,25680],""3"":[26820,2040],""4"":[26820,2040]}",
2025-07-07T23:18:00+08:00,2025-07-08T06:20:00+08:00,16620,2760,3540,1980,2,900,0,0,0,68,54,78,"{""1"":[0,8520,4140],""2"":[900,7680,4080],""3"":[7380,4980,12960],""4"":[8400,3960,12960]}",
2025-07-08T23:35:00+08:00,2025-07-09T06:47:00+08:00,15420,3420,4440,2520,3,840,0,0,0,64,52,74,"{""1"":[0,23700],""2"":[840,7800,9180,6720],""3"":[8220,9180,6180,2340],""4"":[23580,2340]}",
2025-07-09T21:49:00+08:00,2025-07-10T06:36:00+08:00,20100,3000,7260,1260,1,780,0,0,0,62,52,73,"{""1"":[0],""2"":[780,29100],""3"":[29400,2220],""4"":[31620]}",
2025-07-10T23:10:00+08:00,2025-07-11T06:58:00+08:00,15780,2100,6480,3480,2,1440,0,0,0,62,52,72,"{""1"":[0,25440],""2"":[1440,24000,1680],""3"":[24420,1440,2220],""4"":[25200,2880]}",
2025-07-11T22:12:00+08:00,2025-07-12T06:52:00+08:00,19080,3420,6540,2160,2,660,0,0,0,62,49,80,"{""1"":[0],""2"":[660,27540,2160],""3"":[27420,2220,1560],""4"":[31200]}",
2025-07-12T23:33:00+08:00,2025-07-13T05:50:00+08:00,11580,3060,5520,2460,1,1260,0,0,0,67,56,79,"{""1"":[0],""2"":[1260,19860],""3"":[19920,2700],""4"":[22620]}",
2025-07-14T00:15:00+08:00,2025-07-14T07:27:00+08:00,13260,3300,7740,1380,1,900,0,0,0,67,56,76,"{""1"":[0,24540],""2"":[900,24120],""3"":[24300,1620],""4"":[24300,1620]}",
2025-07-14T23:21:00+08:00,2025-07-15T07:07:00+08:00,16560,4200,4800,2280,2,1080,600,0,0,71,58,85,"{""1"":[0,26760],""2"":[1080,24780,960],""3"":[25320,1320,720],""4"":[26640,1320]}",
2025-07-16T00:11:00+08:00,2025-07-16T09:48:00+08:00,17280,5460,3480,4020,3,900,0,0,0,73,59,84,"{""1"":[0,10140,1140,4560],""2"":[900,6480,3900,6180],""3"":[6900,2940,2040,22740],""4"":[9840,1320,720,22740]}",
2025-07-16T23:54:00+08:00,2025-07-17T07:23:00+08:00,15000,3660,5580,2400,3,1500,0,0,0,65,55,77,"{""1"":[0,24660],""2"":[1500,8940,14220,1680],""3"":[10020,14340,1500,1080],""4"":[24360,2580]}",
2025-07-18T00:45:00+08:00,2025-07-18T07:29:00+08:00,15780,1860,3720,2700,2,1320,0,0,0,65,51,78,"{""1"":[0,23040],""2"":[1320,16320,5400],""3"":[17220,4680,2340],""4"":[22860,1380]}",
2025-07-19T00:14:00+08:00,2025-07-19T09:08:00+08:00,19800,4620,4920,2700,2,1380,0,0,0,66,55,75,"{""1"":[0],""2"":[1380,26820,3060],""3"":[27780,2580,1680],""4"":[32040]}",
2025-07-19T23:00:00+08:00,2025-07-20T06:21:00+08:00,19740,1200,3180,2340,2,1320,0,0,0,63,51,73,"{""1"":[0],""2"":[1320,19380,3840],""3"":[20100,4020,2340],""4"":[26460]}",
2025-07-20T23:38:00+08:00,2025-07-21T06:39:00+08:00,15420,4920,3780,960,1,720,0,0,0,64,50,78,"{""1"":[0,23220],""2"":[720,22740],""3"":[23040,2220],""4"":[23040,2220]}",
2025-07-21T22:15:00+08:00,2025-07-22T08:10:00+08:00,16860,5100,4020,4080,3,1500,0,0,0,73,62,84,"{""1"":[0,9720,4920,5820],""2"":[1500,8220,4920,6900],""3"":[9240,3780,2400,20280],""4"":[9240,5280,900,20280]}",
2025-07-22T22:40:00+08:00,2025-07-23T05:19:00+08:00,16140,660,3000,3660,4,900,1680,0,0,73,56,103,"{""1"":[0,17520,1320],""2"":[900,12780,2760,1080,1320],""3"":[13200,2640,1320,1560,3540],""4"":[17160,1560,5220]}",
2025-07-23T20:40:00+08:00,2025-07-24T06:31:00+08:00,21180,5100,7740,1320,3,780,0,0,0,64,52,78,"{""1"":[0,33240,420],""2"":[780,10620,21840,540],""3"":[10980,22200,420,1860],""4"":[33180,420,1860]}",
2025-07-24T22:41:00+08:00,2025-07-25T06:31:00+08:00,15240,3300,8220,1260,1,840,0,0,0,66,54,79,"{""1"":[0,26520],""2"":[840,26100],""3"":[26340,1860],""4"":[26340,1860]}",
2025-07-26T00:54:00+08:00,2025-07-26T08:05:00+08:00,17580,2280,960,5040,2,3360,0,0,0,68,59,80,"{""1"":[0],""2"":[3360,19680,1500],""3"":[22080,1740,2040],""4"":[25860]}",
2025-07-26T22:23:00+08:00,2025-07-27T08:15:00+08:00,21540,1680,4620,7560,3,5820,0,0,0,67,55,100,"{""1"":[0,8460],""2"":[5820,2640,4800,20640],""3"":[8340,4500,19740,2940],""4"":[8340,27180]}",
2025-07-27T23:05:00+08:00,2025-07-28T07:43:00+08:00,16260,2340,5280,6840,4,1920,0,0,0,66,55,75,"{""1"":[0,16020,960],""2"":[1920,9120,2040,5160,4560],""3"":[10560,1200,4020,6000,9300],""4"":[15780,1080,14220]}",
2025-07-28T23:07:00+08:00,2025-07-29T06:10:00+08:00,15120,3360,3660,3240,1,1860,840,0,0,69,56,82,"{""1"":[0],""2"":[1860,2700],""3"":[4020,20520],""4"":[25380]}",
2025-07-29T23:29:00+08:00,2025-07-30T06:52:00+08:00,16200,1920,3000,5160,4,720,0,0,0,69,57,78,"{""1"":[0,12660,1140],""2"":[720,12360,780,2520,4500],""3"":[11880,1740,2340,2040,8580],""4"":[12540,1080,12960]}",
2025-07-30T20:38:00+08:00,2025-07-31T06:51:00+08:00,23640,3840,7680,1440,1,780,0,0,0,65,51,78,"{""1"":[0,34800],""2"":[780,34020],""3"":[33960,2820],""4"":[34620,2160]}",
2025-07-31T22:57:00+08:00,2025-08-01T06:56:00+08:00,15060,2280,8700,2520,1,840,660,0,0,66,56,82,"{""1"":[0,25620],""2"":[840,25800],""3"":[25440,2640],""4"":[25440,3300]}",
2025-08-02T01:01:00+08:00,2025-08-02T08:08:00+08:00,16560,2820,3480,2580,3,660,0,0,0,67,56,78,"{""1"":[0,23580],""2"":[660,16980,3900,2340],""3"":[17280,3000,3120,2220],""4"":[23400,2220]}",
2025-08-02T23:21:00+08:00,2025-08-03T07:21:00+08:00,18840,660,4740,4560,1,4140,0,0,0,62,51,75,"{""1"":[0],""2"":[4140,2520],""3"":[6240,22560],""4"":[28800]}",
2025-08-03T22:38:00+08:00,2025-08-04T06:21:00+08:00,16680,3540,6840,420,2,300,0,0,0,63,43,78,"{""1"":[0,1620,23640],""2"":[300,1320,23760],""3"":[1500,23580,2700],""4"":[1500,23580,2700]}",
2025-08-04T22:03:00+08:00,2025-08-05T06:11:00+08:00,21660,1740,3960,1920,0,1920,0,0,0,65,53,80,"{""1"":[0],""2"":[1920],""3"":[29280],""4"":[29280]}",
2025-08-05T23:20:00+08:00,2025-08-06T02:01:00+08:00,6360,780,780,1620,1,1620,0,0,0,71,46,79,"{""1"":[0,4740],""2"":[1620,3120],""3"":[4620,5040],""4"":[4620,5040]}",
2025-08-06T04:20:00+08:00,2025-08-06T07:25:00+08:00,7620,1200,1020,1260,1,780,0,0,0,67,62,74,"{""1"":[0],""2"":[780,8820],""3"":[9120,1980],""4"":[11100]}",
2025-08-06T21:09:00+08:00,2025-08-07T06:37:00+08:00,21840,4380,6900,720,1,720,0,0,0,65,53,81,"{""1"":[0,32100],""2"":[720,31380],""3"":[31860,2220],""4"":[31860,2220]}",
2025-08-07T19:58:00+08:00,2025-08-07T20:21:00+08:00,120,0,0,1260,0,1260,0,0,0,71,69,72,"{""1"":[0],""2"":[1260],""3"":[1380],""4"":[1380]}",
2025-08-08T00:47:00+08:00,2025-08-08T07:13:00+08:00,12180,3060,6180,1500,2,960,0,0,0,66,53,78,"{""1"":[0,20820],""2"":[960,20040,1380],""3"":[20580,1440,1140],""4"":[20580,2580]}",
2025-08-08T22:37:00+08:00,2025-08-09T07:32:00+08:00,21000,2040,4860,4200,2,900,840,0,0,65,53,75,"{""1"":[0],""2"":[900,22440,6540],""3"":[22980,4800,3480],""4"":[32100]}",
2025-08-09T23:06:00+08:00,2025-08-10T07:44:00+08:00,22140,1140,5160,2280,3,1140,0,0,0,64,55,77,"{""1"":[0,28500],""2"":[1140,21660,4620,1080],""3"":[22380,4320,1440,2940],""4"":[28140,2940]}",
2025-08-10T23:07:00+08:00,2025-08-11T07:27:00+08:00,20340,2040,4920,2700,3,960,0,0,0,62,54,74,"{""1"":[0],""2"":[960,10020,13440,1680],""3"":[10140,13860,1620,4380],""4"":[30000]}",
2025-08-11T23:42:00+08:00,2025-08-12T05:48:00+08:00,12840,3180,3000,2940,3,960,0,0,0,72,55,85,"{""1"":[0],""2"":[960,16680,1440,1140],""3"":[17280,840,1440,2400],""4"":[21960]}",
2025-08-12T23:20:00+08:00,2025-08-13T07:19:00+08:00,18780,2880,3780,3060,3,900,0,0,0,70,56,81,"{""1"":[0,27480],""2"":[900,8880,16140,1860],""3"":[9360,15720,1560,2100],""4"":[27240,1500]}",
2025-08-13T22:16:00+08:00,2025-08-14T05:57:00+08:00,16440,1440,7800,1560,1,1560,0,0,0,67,54,85,"{""1"":[0,23640],""2"":[1560,22080],""3"":[23220,4440],""4"":[23220,4440]}",
2025-08-14T18:34:00+08:00,2025-08-14T19:31:00+08:00,480,0,0,2940,0,2940,0,0,0,71,69,73,"{""1"":[0],""2"":[2940],""3"":[3420],""4"":[3420]}",
2025-08-14T22:57:00+08:00,2025-08-15T06:55:00+08:00,19020,2040,4800,2520,4,780,0,0,0,63,51,72,"{""1"":[0,27600],""2"":[780,17940,2400,4680,1800],""3"":[18360,2220,4380,2340,1380],""4"":[27300,1380]}",
2025-08-15T22:31:00+08:00,2025-08-16T08:02:00+08:00,21240,4380,6960,1680,2,660,0,0,0,65,52,78,"{""1"":[0],""2"":[660,24480,5220],""3"":[24540,5400,4320],""4"":[34260]}",
2025-08-17T00:27:00+08:00,2025-08-17T08:01:00+08:00,16260,4080,5280,1620,1,780,0,0,0,69,55,81,"{""1"":[0],""2"":[780,24600],""3"":[24540,2700],""4"":[27240]}",
2025-08-17T21:46:00+08:00,2025-08-18T06:05:00+08:00,21720,2700,3540,1980,2,900,0,0,0,64,53,81,"{""1"":[0],""2"":[900,27060,780],""3"":[27300,1020,1620],""4"":[29940]}",
2025-08-18T22:45:00+08:00,2025-08-19T06:05:00+08:00,16920,3240,4860,1080,2,720,0,0,0,64,52,77,"{""1"":[0,24720],""2"":[720,22860,1140],""3"":[23220,1200,1980],""4"":[24420,1980]}",
2025-08-19T22:40:00+08:00,2025-08-20T06:36:00+08:00,20100,780,3780,3900,1,3120,0,0,0,62,53,71,"{""1"":[0],""2"":[3120,23220],""3"":[25560,3000],""4"":[28560]}",
2025-08-20T22:17:00+08:00,2025-08-21T06:13:00+08:00,19380,1680,6060,1440,1,720,0,0,0,61,51,74,"{""1"":[0],""2"":[720,25740],""3"":[25740,2820],""4"":[28560]}",
2025-08-21T22:33:00+08:00,2025-08-22T06:30:00+08:00,20220,660,5460,2100,4,480,0,0,0,60,49,77,"{""1"":[0,27000],""2"":[480,6480,1680,12000,6780],""3"":[6600,1620,12000,6600,1800],""4"":[26820,1800]}",
2025-08-22T22:43:00+08:00,2025-08-23T07:27:00+08:00,18900,4140,6120,1920,2,840,0,0,0,60,52,74,"{""1"":[0,8400,19320],""2"":[840,7620,19260],""3"":[8280,18180,4980],""4"":[8280,19200,3960]}",
2025-08-23T23:17:00+08:00,2025-08-24T07:47:00+08:00,20160,2520,4380,3540,3,1020,0,0,0,65,51,79,"{""1"":[0],""2"":[1020,22140,3360,1380],""3"":[22320,3000,2100,3180],""4"":[30600]}",
2025-08-24T22:44:00+08:00,2025-08-25T06:45:00+08:00,18540,4740,3360,2100,4,720,0,0,0,65,53,78,"{""1"":[0,27240],""2"":[720,2880,16440,6480,780],""3"":[3240,16380,6360,1140,1740],""4"":[27120,1740]}",
2025-08-25T23:15:00+08:00,2025-08-26T07:00:00+08:00,18000,2580,4800,1980,2,1200,0,0,0,68,53,100,"{""1"":[0,18900,3180],""2"":[1200,17700,3180],""3"":[18540,2580,6780],""4"":[18540,3360,6000]}",
2025-08-26T22:56:00+08:00,2025-08-27T06:36:00+08:00,16560,3180,5040,2820,1,1560,0,0,0,67,57,77,"{""1"":[0],""2"":[1560,24600],""3"":[24900,2700],""4"":[27600]}",
2025-08-27T21:28:00+08:00,2025-08-28T05:54:00+08:00,17280,4260,6720,1980,2,900,0,0,0,64,52,81,"{""1"":[0,28380],""2"":[900,26820,720],""3"":[26700,1560,2100],""4"":[28260,2100]}",
2025-08-28T22:44:00+08:00,2025-08-29T06:31:00+08:00,15240,3540,5940,3300,0,1260,2040,0,0,65,56,74,"{""1"":[0],""2"":[1260],""3"":[25980],""4"":[28020]}",
2025-08-29T17:08:00+08:00,2025-08-29T17:48:00+08:00,1440,0,0,960,0,960,0,0,0,68,59,72,"{""1"":[0],""2"":[960],""3"":[2400],""4"":[2400]}",
2025-08-29T22:38:00+08:00,2025-08-30T09:52:00+08:00,23880,3540,4860,4560,4,1680,0,0,0,64,52,83,"{""1"":[0,23460,6660,900],""2"":[1680,14640,2160,5040,8760],""3"":[15960,2040,5100,3960,13380],""4"":[23100,3960,3780,9600]}",
2025-08-30T22:02:00+08:00,2025-08-31T08:00:00+08:00,23400,2820,7440,1800,1,1380,0,0,0,65,54,79,"{""1"":[0,32160],""2"":[1380,31200],""3"":[31740,4140],""4"":[31740,4140]}",
2025-08-31T22:13:00+08:00,2025-09-01T06:03:00+08:00,16140,2220,7200,2640,2,1740,0,0,0,65,56,80,"{""1"":[0],""2"":[1740,21240,4200],""3"":[22560,4140,1500],""4"":[28200]}",
2025-09-01T23:25:00+08:00,2025-09-02T06:43:00+08:00,14640,2760,2640,5580,4,1920,0,0,0,68,48,82,"{""1"":[0,4320,6900,1560,7800],""2"":[1920,2700,6720,1440,7800],""3"":[4140,6060,1500,7260,7320],""4"":[4140,6900,1560,7860,5820]}",
2025-09-02T23:31:00+08:00,2025-09-03T06:51:00+08:00,19320,1020,3420,2400,3,360,0,0,0,64,49,78,"{""1"":[0,24180],""2"":[360,3540,8700,11580],""3"":[2220,10020,11700,2460],""4"":[23940,2460]}",
2025-09-03T21:40:00+08:00,2025-09-04T06:39:00+08:00,20700,2280,7020,2160,2,1200,0,0,0,65,49,80,"{""1"":[0,30360],""2"":[1200,27240,1980],""3"":[27540,2640,2160],""4"":[30180,2160]}",
2025-09-04T22:47:00+08:00,2025-09-05T02:18:00+08:00,8340,960,1020,1920,2,1260,0,0,0,66,52,103,"{""1"":[0,7920,3300],""2"":[1260,6660,3300],""3"":[6960,4140,1560],""4"":[7620,3480,1560]}",
2025-09-05T04:30:00+08:00,2025-09-05T07:35:00+08:00,4980,720,3540,1860,1,1500,0,0,0,67,57,77,"{""1"":[0],""2"":[1500,8820],""3"":[9960,1140],""4"":[11100]}",
2025-09-06T00:28:00+08:00,2025-09-06T07:01:00+08:00,13320,4020,3900,1920,2,1560,0,0,0,70,51,80,"{""1"":[0,6960,15000],""2"":[1560,5460,15240],""3"":[6780,14940,1860],""4"":[6780,14940,1860]}",
2025-09-06T23:35:00+08:00,2025-09-07T08:02:00+08:00,21600,1440,4740,2640,3,840,0,0,0,63,46,79,"{""1"":[0],""2"":[840,15000,4980,7500],""3"":[15480,4680,7380,2880],""4"":[30420]}",
2025-09-07T21:59:00+08:00,2025-09-08T06:35:00+08:00,20580,2580,4800,3000,1,1080,1320,0,0,67,53,87,"{""1"":[0],""2"":[1080,28140],""3"":[28620,1020],""4"":[30960]}",
2025-09-08T21:38:00+08:00,2025-09-09T06:07:00+08:00,18720,3840,5700,2100,1,2100,0,0,0,70,56,82,"{""1"":[0,28920],""2"":[2100,26820],""3"":[28740,1800],""4"":[28740,1800]}",
2025-09-09T22:39:00+08:00,2025-09-10T08:05:00+08:00,20220,2760,3120,4620,2,1080,0,0,0,67,48,77,"{""1"":[0,27420,300,900],""2"":[1080,20820,7920],""3"":[20520,3900,9540],""4"":[24420,3180,900,5460]}",
2025-09-10T21:45:00+08:00,2025-09-11T06:34:00+08:00,18720,4140,6660,2100,3,960,0,0,0,63,53,75,"{""1"":[0,30420],""2"":[960,18840,8940,1740],""3"":[19320,8820,2160,1440],""4"":[30300,1440]}",
2025-09-11T23:03:00+08:00,2025-09-12T07:20:00+08:00,18120,3780,3480,3840,3,1620,0,0,0,66,57,77,"{""1"":[0,7380,5280],""2"":[1620,5820,5220,16620],""3"":[6960,4200,17280,1380],""4"":[6960,5520,17340]}",
2025-09-12T22:30:00+08:00,2025-09-13T07:20:00+08:00,20940,840,6540,3180,4,1980,0,0,0,62,51,78,"{""1"":[0,28320],""2"":[1980,18000,6060,2280,2460],""3"":[19560,6120,2340,2340,1440],""4"":[28020,3780]}",
2025-09-13T22:40:00+08:00,2025-09-14T06:46:00+08:00,18960,1440,5700,3060,4,600,0,0,0,66,54,81,"{""1"":[0],""2"":[600,20100,2940,1980,1140],""3"":[20280,2940,1500,1320,3120],""4"":[29160]}",
2025-09-14T21:08:00+08:00,2025-09-15T06:07:00+08:00,21060,1860,5400,4020,2,3000,0,0,0,64,49,88,"{""1"":[0],""2"":[3000,27420,900],""3"":[29940,840,1560],""4"":[32340]}",
2025-09-15T22:21:00+08:00,2025-09-16T07:51:00+08:00,18780,2820,3000,6300,2,2760,0,0,0,73,62,87,"{""1"":[0,14040,2160],""2"":[2760,14520,15960],""3"":[10860,21960,1380],""4"":[10860,5220,18120]}",
2025-09-16T23:00:00+08:00,2025-09-17T06:25:00+08:00,20400,840,3660,1800,2,780,0,0,0,69,58,80,"{""1"":[0],""2"":[780,21840,2280],""3"":[22260,1980,2460],""4"":[26700]}",
2025-09-17T22:02:00+08:00,2025-09-18T06:20:00+08:00,20760,2280,5160,1440,2,1020,0,0,0,70,55,86,"{""1"":[0,28680],""2"":[1020,21300,6420],""3"":[21960,6480,1440],""4"":[28440,1440]}",
2025-09-18T22:36:00+08:00,2025-09-19T06:22:00+08:00,18840,1320,3720,3840,2,1020,0,0,0,67,52,80,"{""1"":[0,25560],""2"":[1020,6480,18060],""3"":[7140,15720,5100],""4"":[25320,2640]}",
2025-09-19T21:54:00+08:00,2025-09-20T06:51:00+08:00,24180,1920,3720,1980,2,1320,0,0,0,69,50,106,"{""1"":[0,24060,4920],""2"":[1320,22740,4920],""3"":[23760,4440,4020],""4"":[23760,5100,3360]}",
2025-09-20T16:11:00+08:00,2025-09-20T17:52:00+08:00,3840,0,1200,1020,1,600,0,0,0,71,53,81,"{""1"":[0],""2"":[600,660],""3"":[840,5220],""4"":[6060]}",
2025-09-20T22:17:00+08:00,2025-09-21T07:19:00+08:00,25980,1800,3000,1740,2,900,0,0,0,66,49,83,"{""1"":[0],""2"":[900,28380,1080],""3"":[28920,960,2640],""4"":[32520]}",
2025-09-21T22:32:00+08:00,2025-09-22T06:25:00+08:00,22740,1260,3120,1260,0,1260,0,0,0,66,51,79,"{""1"":[0],""2"":[1260],""3"":[28380],""4"":[28380]}",
2025-09-22T23:14:00+08:00,2025-09-23T00:00:00+08:00,1620,0,0,1140,0,1140,0,0,0,78,73,81,"{""1"":[0],""2"":[1140],""3"":[2760],""4"":[2760]}",
2025-09-23T03:37:00+08:00,2025-09-23T06:54:00+08:00,8160,1080,960,1620,1,1080,0,0,0,71,55,81,"{""1"":[0],""2"":[1080,9660],""3"":[10200,1620],""4"":[11820]}",
2025-09-23T22:02:00+08:00,2025-09-23T23:13:00+08:00,2400,0,0,1860,0,1080,780,0,0,76,68,93,"{""1"":[0],""2"":[1080],""3"":[3480],""4"":[4260]}",
2025-09-24T01:33:00+08:00,2025-09-24T06:34:00+08:00,13080,780,2040,2160,2,1020,0,0,0,67,57,83,"{""1"":[0],""2"":[1020,14280,1320],""3"":[14940,900,2220],""4"":[18060]}",
2025-09-24T22:15:00+08:00,2025-09-25T06:10:00+08:00,19020,2940,3780,2760,3,1020,0,0,0,66,49,83,"{""1"":[0],""2"":[1020,14460,840,10620],""3"":[15120,840,9960,2580],""4"":[28500]}",
2025-09-25T22:13:00+08:00,2025-09-26T06:36:00+08:00,22800,1560,1500,4080,1,1740,840,0,0,65,48,80,"{""1"":[0,29040],""2"":[1740,27300],""3"":[27300,2040],""4"":[28800,1380]}",
2025-09-26T22:03:00+08:00,2025-09-27T06:00:00+08:00,17700,2460,6900,1560,1,1140,0,0,0,66,52,81,"{""1"":[0],""2"":[1140,25020],""3"":[25740,2880],""4"":[28620]}",
2025-09-27T21:28:00+08:00,2025-09-28T09:32:00+08:00,25860,3600,10980,2520,4,900,0,0,0,66,53,83,"{""1"":[0,21000,4560],""2"":[900,19140,960,1740,2820],""3"":[19500,1140,1740,2340,18720],""4"":[20640,4800,18000]}",
2025-09-28T22:31:00+08:00,2025-09-29T00:27:00+08:00,3960,600,0,2400,0,1680,720,0,0,73,56,80,"{""1"":[0],""2"":[1680],""3"":[6240],""4"":[6960]}",
2025-09-29T04:21:00+08:00,2025-09-29T08:51:00+08:00,8700,2940,3360,1200,0,1200,0,0,0,65,47,73,"{""1"":[0],""2"":[1200],""3"":[16200],""4"":[16200]}",
2025-09-29T22:22:00+08:00,2025-09-30T07:05:00+08:00,23400,0,5340,2400,2,1980,0,0,0,64,47,75,"{""1"":[0,29460],""2"":[1980,27540,780],""3"":[29220,720,1440],""4"":[29220,2160]}",
2025-10-01T00:10:00+08:00,2025-10-01T07:50:00+08:00,12360,1080,3540,7680,2,1800,0,0,0,72,64,81,"{""1"":[0,14880,4200],""2"":[1800,9120,9540],""3"":[10500,1560,15540],""4"":[12060,6900,8640]}",
2025-10-01T21:50:00+08:00,2025-10-02T07:22:00+08:00,22560,2400,7200,2040,1,960,0,0,0,64,52,78,"{""1"":[0,32940],""2"":[960,32160],""3"":[31920,2400],""4"":[32820,1500]}",
2025-10-02T23:02:00+08:00,2025-10-03T06:47:00+08:00,16140,2940,6240,2400,1,1140,0,0,0,64,52,82,"{""1"":[0,26160],""2"":[1140,25020],""3"":[24720,3180],""4"":[25980,1920]}",
2025-10-03T22:03:00+08:00,2025-10-04T06:32:00+08:00,20160,1500,6240,2280,2,1020,0,0,0,65,52,81,"{""1"":[0,29160],""2"":[1020,25440,2700],""3"":[25740,2520,2280],""4"":[28800,1740]}",
2025-10-04T22:40:00+08:00,2025-10-05T07:11:00+08:00,24420,1140,2940,2160,1,900,780,0,0,63,49,81,"{""1"":[0],""2"":[900,14940],""3"":[15360,14520],""4"":[30660]}",
2025-10-05T21:50:00+08:00,2025-10-06T05:52:00+08:00,22320,0,1500,4740,5,1260,540,0,0,64,48,76,"{""1"":[0,26700],""2"":[1260,5940,2580,1020,3420,12600],""3"":[6660,2700,900,3600,11520,3000],""4"":[26340,2580]}",
2025-10-06T22:46:00+08:00,2025-10-07T06:16:00+08:00,19860,1080,1920,3540,2,1500,0,0,0,67,50,79,"{""1"":[0,24000,960],""2"":[1500,11880,11580],""3"":[12960,9780,4260],""4"":[23520,1320,2160]}",
2025-10-07T22:33:00+08:00,2025-10-08T07:48:00+08:00,20400,1620,2400,4380,4,1560,0,0,0,69,49,103,"{""1"":[0,14220,5160],""2"":[1560,9060,2040,1680,5760],""3"":[9720,2520,1140,1680,18240],""4"":[14040,1020,18240]}",
2025-10-08T21:48:00+08:00,2025-10-09T06:50:00+08:00,27060,2820,0,2400,4,1140,0,0,0,63,48,82,"{""1"":[0,30780],""2"":[1140,14940,4260,7260,3180],""3"":[15720,4200,7200,3420,1980],""4"":[30540,1980]}",
2025-10-09T19:21:00+08:00,2025-10-09T19:52:00+08:00,540,0,0,1320,0,1320,0,0,0,60,53,64,"{""1"":[0],""2"":[1320],""3"":[1860],""4"":[1860]}",
2025-10-09T22:30:00+08:00,2025-10-10T07:05:00+08:00,26340,2160,0,1920,4,720,0,0,0,64,50,83,"{""1"":[0,2760,26340],""2"":[720,2040,23400,1620,1440],""3"":[2520,23220,1380,1740,2040],""4"":[2520,26340,2040]}",
2025-10-10T23:38:00+08:00,2025-10-11T07:18:00+08:00,21960,540,1380,3720,2,1080,1440,0,0,64,47,77,"{""1"":[0],""2"":[1080,18120,5460],""3"":[18480,5700,1980],""4"":[27600]}",
2025-10-11T23:05:00+08:00,2025-10-12T06:36:00+08:00,18360,1680,2880,4140,3,1380,0,0,0,66,50,81,"{""1"":[0],""2"":[1380,1620,20040,2220],""3"":[2580,19800,1200,3480],""4"":[27060]}",
2025-10-12T22:32:00+08:00,2025-10-13T07:05:00+08:00,20820,840,2280,3180,4,1800,0,0,0,65,47,80,"{""1"":[0,5400,3060,20460],""2"":[1800,4260,2460,13380,7260],""3"":[2160,6120,13200,7200,2100],""4"":[2160,6120,20400,2100]}",
2025-10-13T22:56:00+08:00,2025-10-14T06:35:00+08:00,18240,360,1560,7260,7,900,0,0,0,66,51,79,"{""1"":[0,3600],""2"":[900,2700,2280,1740,3660,5280,2700,6000],""3"":[1680,3780,900,4380,5280,2760,5160,3600],""4"":[3480,24060]}",
2025-10-15T00:19:00+08:00,2025-10-15T07:32:00+08:00,13260,1320,1440,8100,1,3780,0,0,0,66,48,86,"{""1"":[0,9000,1380,1140],""2"":[3780,8400],""3"":[6000,19980],""4"":[7380,2880,1140,14580]}",
2025-10-15T22:23:00+08:00,2025-10-16T06:25:00+08:00,22920,2460,540,3000,2,1680,0,0,0,63,49,83,"{""1"":[0],""2"":[1680,21960,4500],""3"":[23160,4140,1620],""4"":[28920]}",
2025-10-16T22:47:00+08:00,2025-10-17T06:51:00+08:00,17700,2580,4500,4260,5,1860,0,0,0,63,52,74,"{""1"":[0],""2"":[1860,10860,4260,3300,7020,780],""3"":[12300,4260,3300,6660,1200,1320],""4"":[29040]}",
2025-10-17T23:19:00+08:00,2025-10-18T05:38:00+08:00,14820,600,3780,3540,3,1200,0,0,0,64,51,74,"{""1"":[0],""2"":[1200,13200,4440,2460],""3"":[13920,4500,1440,2880],""4"":[22740]}",
2025-10-18T22:57:00+08:00,2025-10-19T06:35:00+08:00,20460,1440,3540,2040,2,780,0,0,0,61,49,80,"{""1"":[0],""2"":[780,3240,22800],""3"":[3540,22500,1440],""4"":[27480]}",
2025-10-19T22:20:00+08:00,2025-10-20T06:25:00+08:00,21720,2340,2700,2340,0,840,1500,0,0,61,47,76,"{""1"":[0],""2"":[840],""3"":[27600],""4"":[29100]}",
2025-10-20T23:27:00+08:00,2025-10-21T06:11:00+08:00,18360,1200,3240,1140,1,1140,0,0,0,64,54,75,"{""1"":[0,22920],""2"":[1140,21780],""3"":[22620,1620],""4"":[22620,1620]}",
2025-10-21T23:03:00+08:00,2025-10-21T23:56:00+08:00,1380,0,180,1620,0,840,780,0,0,73,58,102,"{""1"":[0],""2"":[840],""3"":[2400],""4"":[3180]}",
2025-10-22T02:38:00+08:00,2025-10-22T06:07:00+08:00,5280,2160,1680,3420,0,780,2640,0,0,71,57,81,"{""1"":[0],""2"":[780],""3"":[9900],""4"":[12540]}",
2025-10-22T22:14:00+08:00,2025-10-23T06:32:00+08:00,22920,1500,1920,3420,3,780,0,0,0,63,46,80,"{""1"":[0,28920],""2"":[780,18900,6720,2520],""3"":[19320,6720,840,3000],""4"":[28800,1080]}",
2025-10-23T22:08:00+08:00,2025-10-24T06:03:00+08:00,18780,1920,5640,2160,1,1380,0,0,0,63,54,75,"{""1"":[0],""2"":[1380,24480],""3"":[25080,3420],""4"":[28500]}",
2025-10-24T21:06:00+08:00,2025-10-25T07:25:00+08:00,22680,4140,4140,5460,5,720,0,0,0,66,51,81,"{""1"":[0,19080,5100,1140,5400],""2"":[720,3600,14820,6180,5640,5280],""3"":[3540,14520,6000,5340,6060,1680],""4"":[18720,5340,1140,5400,6540]}",
2025-10-25T21:04:00+08:00,2025-10-26T06:28:00+08:00,22920,1440,6540,2940,3,660,0,0,0,63,50,75,"{""1"":[0],""2"":[660,5400,25380,1320],""3"":[5100,25860,960,1920],""4"":[33840]}",
2025-10-26T22:52:00+08:00,2025-10-27T06:51:00+08:00,19920,2460,2100,3900,4,1020,1440,0,0,61,45,77,"{""1"":[0,25440],""2"":[1020,11340,7620,1680,3780],""3"":[11760,7800,1680,3840,2220],""4"":[25080,3660]}",
2025-10-27T21:12:00+08:00,2025-10-28T05:00:00+08:00,19560,600,3480,4020,5,720,1380,0,0,64,49,102,"{""1"":[0,21000,3000],""2"":[720,2640,15840,1800,3060,1140],""3"":[2580,15900,2220,3180,960,1860],""4"":[20700,3180,4200]}",
2025-10-28T22:08:00+08:00,2025-10-29T06:39:00+08:00,19020,2400,1920,6960,4,1380,1260,0,0,68,50,82,"{""1"":[0,23880,2400],""2"":[1380,5160,15840,1920,1980],""3"":[6120,14460,2280,2400,4140],""4"":[23640,2520,4500]}",
2025-10-29T22:04:00+08:00,2025-10-30T06:46:00+08:00,25320,1320,1020,3660,1,1380,0,0,0,65,47,78,"{""1"":[0],""2"":[1380,27060],""3"":[26160,5160],""4"":[31320]}",
2025-10-30T22:19:00+08:00,2025-10-31T06:09:00+08:00,19500,1440,1500,5640,5,1560,0,0,0,62,45,77,"{""1"":[0,2820],""2"":[1560,1260,7920,8760,3660,4260],""3"":[1920,8400,8820,3660,2460,2940],""4"":[2700,25500]}",
2025-10-31T23:46:00+08:00,2025-11-01T07:25:00+08:00,19800,2580,2160,3000,3,1260,0,0,0,63,49,75,"{""1"":[0],""2"":[1260,12180,11460,1620],""3"":[12780,11520,1740,1500],""4"":[27540]}",
2025-11-02T00:56:00+08:00,2025-11-02T07:07:00+08:00,16800,540,2220,2700,2,720,0,0,0,65,50,79,"{""1"":[0],""2"":[720,19380,1620],""3"":[19260,1320,1680],""4"":[22260]}",
2025-11-02T22:03:00+08:00,2025-11-03T04:04:00+08:00,16200,720,1620,2880,2,840,660,0,0,69,51,86,"{""1"":[0,19080],""2"":[840,9900,8460],""3"":[10320,7680,3000],""4"":[18840,2820]}",
2025-11-03T15:08:00+08:00,2025-11-03T18:07:00+08:00,4560,0,3540,2640,2,1740,0,0,0,83,54,95,"{""1"":[0],""2"":[1740,4440,1920],""3"":[5760,1860,3120],""4"":[10740]}",
2025-11-03T21:23:00+08:00,2025-11-04T08:15:00+08:00,21000,0,3780,6900,6,1860,0,0,0,75,42,88,"{""1"":[0,4380,4800,11880,9720],""2"":[1860,2760,4560,11940,11880,3660,1500],""3"":[3660,5220,11880,2100,13440,1500,1320],""4"":[4260,4620,11880,3300,15060]}",
2025-11-04T21:54:00+08:00,2025-11-05T06:16:00+08:00,15060,2520,2520,6360,5,1320,0,0,0,69,52,85,"{""1"":[0,9900,1920,13380,2220,1920],""2"":[1320,2640,8820,12480,2400,1860],""3"":[2520,4380,18000,2220,1920,1080],""4"":[7380,4200,13320,2220,1920,1080]}",
2025-11-05T09:51:00+08:00,2025-11-05T10:08:00+08:00,0,0,180,840,0,840,0,0,0,73,67,77,"{""1"":[0],""2"":[840],""3"":[1020],""4"":[1020]}",
2025-11-05T12:32:00+08:00,2025-11-05T14:19:00+08:00,3540,0,0,2880,1,1980,0,0,0,78,49,91,"{""1"":[0],""2"":[1980,3780],""3"":[4860,1560],""4"":[6420]}",
2025-11-05T19:50:00+08:00,2025-11-06T02:06:00+08:00,12900,2460,2100,4080,6,2100,0,0,0,70,55,84,"{""1"":[0,3000,12600,1860],""2"":[2100,900,9780,2940,1740,960,3540],""3"":[2520,9900,2940,1800,900,2760,1740],""4"":[2520,12840,1800,5400]}",
2025-11-06T04:29:00+08:00,2025-11-06T07:07:00+08:00,7380,0,0,2100,0,2100,0,0,0,72,51,79,"{""1"":[0],""2"":[2100],""3"":[9480],""4"":[9480]}",
2025-11-06T21:23:00+08:00,2025-11-07T07:03:00+08:00,12720,4740,5880,4380,6,900,0,0,0,72,53,84,"{""1"":[0,8880,3600,4260,3180,1440,1320,4560],""2"":[900,12420,3780,2940,1320,1860,4620],""3"":[8640,7800,3120,1500,1320,1860,10560],""4"":[8640,1260,6540,3120,1500,1320,1860,10560]}",
2025-11-07T22:15:00+08:00,2025-11-08T07:11:00+08:00,19800,3240,4020,5100,5,1380,0,0,0,63,46,83,"{""1"":[0],""2"":[1380,900,5400,10200,11760,1800],""3"":[1920,5100,10440,11340,1200,2160],""4"":[32160]}",
2025-11-08T22:55:00+08:00,2025-11-09T06:51:00+08:00,13980,3540,4860,6000,2,3000,0,0,0,60,52,73,"{""1"":[0,7140],""2"":[3000,4140,20700],""3"":[6960,17880,3720],""4"":[6960,21600]}",
2025-11-09T21:31:00+08:00,2025-11-10T06:39:00+08:00,25500,1080,4080,2040,2,1080,540,0,0,61,49,78,"{""1"":[0,31380],""2"":[1080,28320,2040],""3"":[29040,2160,1140],""4"":[31200,1680]}",
2025-11-10T22:41:00+08:00,2025-11-11T06:17:00+08:00,17940,0,2460,6960,1,5400,1140,0,0,61,50,76,"{""1"":[0],""2"":[5400,2640],""3"":[7620,18600],""4"":[27360]}",
2025-11-11T23:03:00+08:00,2025-11-12T06:52:00+08:00,22560,0,2220,3120,3,660,0,0,0,64,50,79,"{""1"":[0,26940],""2"":[660,11340,3300,11640],""3"":[11640,3300,10020,3180],""4"":[26700,1440]}",
2025-11-12T21:56:00+08:00,2025-11-13T06:10:00+08:00,23940,1740,1560,1980,2,1140,0,0,0,62,47,89,"{""1"":[0,27000],""2"":[1140,25860,2040],""3"":[26580,1620,1440],""4"":[26580,3060]}",
2025-11-13T22:42:00+08:00,2025-11-14T06:23:00+08:00,18780,1920,4980,1980,1,600,600,0,0,62,53,86,"{""1"":[0],""2"":[600,25200],""3"":[25020,2040],""4"":[27660]}",
2025-11-14T23:00:00+08:00,2025-11-15T07:04:00+08:00,21780,660,2040,4560,1,1620,1500,0,0,65,53,78,"{""1"":[0],""2"":[1620,25500],""3"":[25680,1860],""4"":[29040]}",
2025-11-16T01:17:00+08:00,2025-11-16T07:11:00+08:00,17640,780,0,2820,2,1080,0,0,0,66,52,79,"{""1"":[0],""2"":[1080,6180,13140],""3"":[6480,12960,1800],""4"":[21240]}",
2025-11-16T22:01:00+08:00,2025-11-17T06:22:00+08:00,21480,1800,3900,2640,2,1020,0,0,0,67,51,86,"{""1"":[0,28080],""2"":[1020,15420,11640],""3"":[16080,10500,3480],""4"":[27840,2220]}",
2025-11-17T23:35:00+08:00,2025-11-18T06:50:00+08:00,16140,3960,1740,3840,4,660,0,0,0,68,48,87,"{""1"":[0,20220,2940],""2"":[660,11640,4920,3000,2940],""3"":[11820,5040,2280,2340,4620],""4"":[19920,3120,3060]}",
2025-11-18T23:15:00+08:00,2025-11-19T05:56:00+08:00,20700,720,0,2640,1,660,1620,0,0,71,49,89,"{""1"":[0],""2"":[660,12060],""3"":[12360,10080],""4"":[24060]}",
2025-11-19T23:03:00+08:00,2025-11-20T06:27:00+08:00,20580,900,2460,2340,2,480,0,0,0,70,47,86,"{""1"":[0,25320],""2"":[480,16080,9060],""3"":[16140,7680,2820],""4"":[24960,1680]}",
2025-11-20T22:48:00+08:00,2025-11-21T05:30:00+08:00,14940,2520,4380,2280,3,1020,0,0,0,67,56,79,"{""1"":[0],""2"":[1020,8880,6900,5700],""3"":[9480,6900,5700,2040],""4"":[24120]}",
2025-11-21T22:28:00+08:00,2025-11-22T06:31:00+08:00,19440,2100,3480,3600,6,420,0,0,0,68,52,97,"{""1"":[0,23700,1080],""2"":[420,5400,1920,12660,1380,1920,1080],""3"":[5340,2040,12660,1140,1500,1380,4920],""4"":[23460,1200,4320]}",
2025-11-22T22:56:00+08:00,2025-11-23T06:09:00+08:00,19560,780,3480,2160,2,1080,0,0,0,64,52,75,"{""1"":[0],""2"":[1080,19200,4860],""3"":[19860,4620,1500],""4"":[25980]}",
2025-11-23T20:22:00+08:00,2025-11-24T05:55:00+08:00,20940,2880,4560,5340,4,3780,0,0,0,66,51,82,"{""1"":[0,32520],""2"":[3780,15780,4680,6840,1440],""3"":[19200,4620,6480,1560,2520],""4"":[31860,2520]}",
2025-11-24T23:28:00+08:00,2025-11-25T06:11:00+08:00,14880,1620,2820,4860,4,1320,0,0,0,67,49,84,"{""1"":[0],""2"":[1320,6060,9900,4380,1140],""3"":[6720,10140,2940,2400,1980],""4"":[24180]}",
2025-11-25T22:36:00+08:00,2025-11-26T07:26:00+08:00,15720,720,2280,8100,4,1920,1320,0,0,71,46,83,"{""1"":[0,11040,1860],""2"":[1920,1140,1140,10260,15180],""3"":[2700,780,2760,22860,1380],""4"":[6240,6480,19080]}",
2025-11-26T21:35:00+08:00,2025-11-27T05:29:00+08:00,19500,4080,3120,1740,2,240,0,0,0,61,45,74,"{""1"":[0],""2"":[240,15120,11100],""3"":[14820,10680,2940],""4"":[28440]}",
2025-11-27T22:24:00+08:00,2025-11-28T06:10:00+08:00,15600,3420,4620,4320,4,780,0,0,0,64,44,105,"{""1"":[0],""2"":[780,11520,11700,1200,1920],""3"":[11880,9780,3120,1980,1200],""4"":[27960]}",
2025-11-29T00:36:00+08:00,2025-11-29T06:03:00+08:00,13800,780,1740,3300,2,720,1080,0,0,72,45,86,"{""1"":[0],""2"":[720,16320,780],""3"":[15960,1440,1140],""4"":[19620]}",
2025-11-29T22:45:00+08:00,2025-11-30T06:30:00+08:00,17040,3180,4800,2880,2,1500,0,0,0,66,53,86,"{""1"":[0],""2"":[1500,23940,780],""3"":[24420,1440,2040],""4"":[27900]}",
2025-11-30T23:26:00+08:00,2025-12-01T06:06:00+08:00,11100,3720,6780,2400,1,900,0,0,0,62,49,77,"{""1"":[0],""2"":[900,22500],""3"":[21900,2100],""4"":[24000]}",
2025-12-01T22:53:00+08:00,2025-12-02T05:26:00+08:00,14880,3480,2940,2280,2,900,0,0,0,65,51,77,"{""1"":[0],""2"":[900,17520,4200],""3"":[18060,3540,1980],""4"":[23580]}",
2025-12-03T01:43:00+08:00,2025-12-03T06:17:00+08:00,7980,3480,3720,1260,1,720,0,0,0,67,55,81,"{""1"":[0],""2"":[720,13560],""3"":[13740,2700],""4"":[16440]}",
2025-12-03T22:29:00+08:00,2025-12-04T07:00:00+08:00,20100,1320,6060,2940,4,720,0,0,0,61,43,79,"{""1"":[0,26640],""2"":[720,13080,3360,6300,3180],""3"":[13440,3360,6240,2280,5340],""4"":[26400,4260]}",
2025-12-04T22:18:00+08:00,2025-12-05T06:20:00+08:00,15300,3480,6120,3900,3,720,0,0,0,63,53,77,"{""1"":[0,26160],""2"":[720,21780,1800,1980],""3"":[22140,780,1800,4200],""4"":[26040,2880]}",
2025-12-05T22:54:00+08:00,2025-12-06T06:19:00+08:00,17940,2160,4320,2280,1,960,0,0,0,63,51,75,"{""1"":[0],""2"":[960,23820],""3"":[23460,3240],""4"":[26700]}",
2025-12-06T23:45:00+08:00,2025-12-07T08:48:00+08:00,21000,3720,5220,2280,3,720,960,0,0,69,45,89,"{""1"":[0,12540,5880],""2"":[720,11880,4860,1140],""3"":[12360,4740,1140,13380],""4"":[12360,5880,14340]}",
2025-12-07T22:03:00+08:00,2025-12-08T07:00:00+08:00,12420,2880,5280,8400,3,2460,0,0,0,67,55,84,"{""1"":[0,14940,840,4020,2220],""2"":[2460,9300,4020,7560],""3"":[9960,4800,2220,15240],""4"":[14760,900,1320,4920,10320]}",
2025-12-08T22:24:00+08:00,2025-12-09T05:00:00+08:00,15420,1800,3420,3120,1,2460,0,0,0,66,50,79,"{""1"":[0],""2"":[2460,19620],""3"":[21420,2340],""4"":[23760]}",
2025-12-09T23:14:00+08:00,2025-12-10T05:32:00+08:00,15420,1620,540,4740,5,780,0,0,0,69,48,92,"{""1"":[0,4920,1260],""2"":[780,960,960,1140,2460,13080],""3"":[1380,840,840,1620,13620,4380],""4"":[4680,1380,16620]}",
2025-12-10T22:33:00+08:00,2025-12-11T07:31:00+08:00,19200,4320,4920,3300,5,720,0,0,0,62,49,74,"{""1"":[0,31260,960],""2"":[720,11340,9480,3180,6720,780],""3"":[11640,9480,3240,5340,2340,240],""4"":[30900,1140,240]}",
2025-12-11T23:44:00+08:00,2025-12-12T06:54:00+08:00,15000,2940,2940,4920,4,2580,0,0,0,65,51,78,"{""1"":[0],""2"":[2580,13920,4080,3360,1260],""3"":[15900,4320,2700,1920,960],""4"":[25800]}",
2025-12-12T23:14:00+08:00,2025-12-13T06:36:00+08:00,18960,600,2280,4680,5,1380,0,0,0,62,47,78,"{""1"":[0],""2"":[1380,2280,9960,2520,5280,3360],""3"":[3300,9900,2520,5340,1980,3480],""4"":[26520]}",
2025-12-13T22:55:00+08:00,2025-12-14T06:51:00+08:00,15300,2940,6300,3720,5,2220,0,0,0,70,49,86,"{""1"":[0,25800],""2"":[2220,6780,1500,1200,11100,3000],""3"":[8640,1440,1260,11100,3060,3060],""4"":[25500,3060]}",
2025-12-14T22:18:00+08:00,2025-12-15T05:37:00+08:00,13560,4740,4140,3900,3,1380,0,0,0,67,55,74,"{""1"":[0],""2"":[1380,18240,1500,4260],""3"":[19260,1200,3420,2460],""4"":[26340]}",
2025-12-15T22:51:00+08:00,2025-12-16T01:01:00+08:00,300,5220,420,1860,1,240,0,0,0,130,87,145,,
2025-12-15T23:32:00+08:00,2025-12-16T06:47:00+08:00,19860,1560,1020,3660,3,480,1620,0,0,73,50,92,"{""1"":[0],""2"":[480,17760,4020,1560],""3"":[17700,4080,1500,1200],""4"":[26100]}",
2025-12-16T22:34:00+08:00,2025-12-17T07:43:00+08:00,18540,1200,3480,6060,5,1620,0,0,0,68,53,104,"{""1"":[0,4560,6540],""2"":[1620,4620,5760,7620,4740,7020],""3"":[4380,3240,11640,4320,7080,2280],""4"":[4380,3240,25320]}",
2025-12-17T22:24:00+08:00,2025-12-18T06:23:00+08:00,20400,0,1800,6540,4,1860,2340,0,0,61,48,75,"{""1"":[0],""2"":[1860,12900,5580,2040,2580],""3"":[14340,5640,2040,1740,2640],""4"":[28740]}",
2025-12-19T00:10:00+08:00,2025-12-19T07:55:00+08:00,11820,2640,5820,4320,5,840,0,0,0,65,49,76,"{""1"":[0,2580,5880],""2"":[840,1800,7380,11580,2760,1620],""3"":[2040,3660,15420,2820,1080,2880],""4"":[2040,3660,22200]}",
2025-12-19T15:29:00+08:00,2025-12-19T17:41:00+08:00,4980,0,0,2940,0,2940,0,0,0,64,51,74,"{""1"":[0],""2"":[2940],""3"":[7920],""4"":[7920]}",
2025-12-19T15:47:00+08:00,2025-12-19T17:41:00+08:00,6300,300,0,240,0,240,0,0,0,67,63,76,,
2025-12-19T22:34:00+08:00,2025-12-20T07:17:00+08:00,19860,1140,4080,6300,1,2820,2760,0,0,64,49,76,"{""1"":[0],""2"":[2820,16200],""3"":[18300,10320],""4"":[31380]}",
2025-12-21T00:35:00+08:00,2025-12-21T06:44:00+08:00,13200,0,1560,7380,6,3420,0,0,0,64,50,78,"{""1"":[0],""2"":[3420,1020,2340,1980,5460,4680,1800],""3"":[4080,2340,1980,5400,3840,1860,2640],""4"":[22140]}",
2025-12-21T22:03:00+08:00,2025-12-22T06:46:00+08:00,21360,1980,6840,1200,1,540,0,0,0,70,54,93,"{""1"":[0],""2"":[540,27480],""3"":[27360,4020],""4"":[31380]}",
2025-12-22T23:19:00+08:00,2025-12-23T06:33:00+08:00,16680,1860,2100,5040,4,720,0,0,0,69,51,81,"{""1"":[0,22380,1560],""2"":[720,5280,3660,12960,1380],""3"":[5400,3840,10020,4440,2340],""4"":[22260,1440,2340]}",
2025-12-23T22:43:00+08:00,2025-12-24T08:13:00+08:00,23100,3360,3180,4560,5,1740,0,0,0,63,50,84,"{""1"":[0],""2"":[1740,12180,1920,1860,7080,5940],""3"":[13500,1920,1500,7380,5700,4200],""4"":[34200]}",
2025-12-24T09:33:00+08:00,2025-12-24T09:54:00+08:00,600,0,0,660,0,660,0,0,0,68,65,71,,
2025-12-24T20:50:00+08:00,2025-12-24T22:04:00+08:00,3420,720,0,300,0,300,0,0,0,69,68,71,,
2025-12-24T22:53:00+08:00,2025-12-25T07:31:00+08:00,25020,960,780,4320,3,900,1500,0,0,67,48,85,"{""1"":[0],""2"":[900,15900,5760,5220],""3"":[16380,5820,4440,2940],""4"":[31080]}",
2025-12-25T23:25:00+08:00,2025-12-26T06:48:00+08:00,16020,720,5940,3540,3,1200,0,0,0,67,54,80,"{""1"":[0,22800],""2"":[1200,11040,7680,2880],""3"":[11880,6900,2820,4980],""4"":[22440,4140]}",
2025-12-26T23:47:00+08:00,2025-12-27T06:52:00+08:00,15360,2100,3300,4740,2,2700,780,0,0,66,53,78,"{""1"":[0],""2"":[2700,18060,1920],""3"":[20400,1380,2940],""4"":[25500]}",
2025-12-28T11:25:00+08:00,2025-12-28T12:21:00+08:00,3120,0,0,240,0,240,0,0,0,56,47,60,,
2025-12-31T22:33:00+08:00,2025-12-31T23:16:00+08:00,2280,0,0,300,0,240,60,0,0,58,58,60,,
2026-01-03T22:45:00+08:00,2026-01-04T06:47:00+08:00,19740,1920,3660,3600,4,1500,0,0,0,65,53,75,"{""1"":[0],""2"":[1500,4620,12660,2280,4740],""3"":[5760,12660,2220,4200,4080],""4"":[28920]}",
2026-01-04T22:57:00+08:00,2026-01-05T01:02:00+08:00,1440,2280,840,2940,0,1260,1680,0,0,72,56,77,"{""1"":[0],""2"":[1260],""3"":[5820],""4"":[7500]}",
2026-01-05T04:45:00+08:00,2026-01-05T06:52:00+08:00,4200,1500,540,1380,1,1020,0,0,0,65,52,72,"{""1"":[0],""2"":[1020,5760],""3"":[6420,1200],""4"":[7620]}",
2026-01-05T22:26:00+08:00,2026-01-06T07:02:00+08:00,19980,0,2460,2700,3,5640,0,0,0,68,51,87,"{""1"":[0,29580],""2"":[780,21600,4440,2820],""3"":[22020,3480,2940,2520],""4"":[29400,1560]}",
2026-01-06T23:39:00+08:00,2026-01-07T02:58:00+08:00,8760,0,300,2820,3,840,0,0,0,77,53,88,"{""1"":[0,11040],""2"":[840,2760,2520,5160],""3"":[3240,2520,4200,1980],""4"":[10980,960]}",
2026-01-07T05:18:00+08:00,2026-01-07T08:10:00+08:00,6000,1080,2280,960,0,960,0,0,0,68,57,75,"{""1"":[0],""2"":[960],""3"":[10320],""4"":[10320]}",
2026-01-07T21:20:00+08:00,2026-01-08T06:55:00+08:00,19620,4740,9120,1020,1,660,0,0,0,64,52,82,"{""1"":[0],""2"":[660,17760],""3"":[18060,16440],""4"":[34500]}",
2026-01-08T22:40:00+08:00,2026-01-09T06:19:00+08:00,14340,3360,7920,1920,1,1320,0,0,0,64,53,78,"{""1"":[0],""2"":[1320,23040],""3"":[23760,3780],""4"":[27540]}",
2026-01-09T22:01:00+08:00,2026-01-10T05:32:00+08:00,17820,840,2760,5520,5,1440,840,0,0,65,45,101,"{""1"":[0,2760],""2"":[1440,2100,6900,4800,3540,6900],""3"":[1920,8160,4560,3780,6840,960],""4"":[2640,24420]}",
2026-01-11T00:44:00+08:00,2026-01-11T08:11:00+08:00,17580,3120,4920,1080,2,720,0,0,0,71,58,84,"{""1"":[0,26760],""2"":[720,22560,3480],""3"":[22920,3720,180],""4"":[26640,180]}",
2026-01-11T21:21:00+08:00,2026-01-12T07:11:00+08:00,15720,4800,3420,8460,4,1380,0,0,0,70,56,86,"{""1"":[0,23940,9780],""2"":[1380,16260,2280,10020,3900],""3"":[17100,2400,1560,12540,1800],""4"":[21060,12540,1800]}",
2026-01-12T21:49:00+08:00,2026-01-13T06:57:00+08:00,20040,4200,6840,1620,1,1560,0,0,0,67,53,85,"{""1"":[0,31560],""2"":[1560,30060],""3"":[31380,1500],""4"":[31380,1500]}",
2026-01-13T23:58:00+08:00,2026-01-14T05:25:00+08:00,9840,2880,5220,1560,0,1680,0,0,0,71,57,80,"{""1"":[0],""2"":[1680],""3"":[19620],""4"":[19620]}",
2026-01-14T22:51:00+08:00,2026-01-15T06:39:00+08:00,18480,1440,5580,2580,2,660,0,0,0,64,52,76,"{""1"":[0],""2"":[660,23460,2340],""3"":[23640,1380,3060],""4"":[28080]}",
2026-01-15T22:28:00+08:00,2026-01-15T22:53:00+08:00,1260,0,0,240,0,240,0,0,0,60,60,60,,
2026-01-15T23:02:00+08:00,2026-01-16T06:10:00+08:00,13980,2280,7560,1860,2,1080,0,0,0,61,48,81,"{""1"":[0],""2"":[1080,12120,9960],""3"":[12840,9900,2940],""4"":[25680]}",
2026-01-19T23:02:00+08:00,2026-01-20T06:56:00+08:00,18300,4380,4620,780,1,780,0,0,0,68,50,78,"{""1"":[0,27000],""2"":[780,26220],""3"":[26640,1800],""4"":[26640,1800]}",
2026-01-20T22:45:00+08:00,2026-01-21T06:33:00+08:00,2400,1560,5880,540,0,540,0,0,0,63,54,74,"{""1"":[0,26880],""2"":[540,25140,1200],""3"":[24720,1920,1440],""4"":[26640,1440]}",
2026-01-21T21:24:00+08:00,2026-01-22T02:27:00+08:00,2520,11100,600,3960,1,2760,0,0,0,68,58,78,,
2026-01-21T23:02:00+08:00,2026-01-22T05:50:00+08:00,15900,3180,3180,1980,1,1260,720,0,0,62,50,78,"{""1"":[0,21360],""2"":[1260,20100],""3"":[21120,2640],""4"":[21120,3360]}",
2026-01-22T22:39:00+08:00,2026-01-23T06:32:00+08:00,17040,3540,6780,1020,1,660,0,0,0,59,46,75,"{""1"":[0],""2"":[660,19440],""3"":[19740,8640],""4"":[28380]}",
2026-01-23T22:57:00+08:00,2026-01-24T06:54:00+08:00,10560,2460,2400,1140,0,1140,0,0,0,63,52,80,"{""1"":[0,25980],""2"":[1140,24840],""3"":[25680,2940],""4"":[25680,2940]}",
2026-01-24T23:45:00+08:00,2026-01-25T06:52:00+08:00,15120,2820,6420,1080,1,1080,0,0,0,71,58,86,"{""1"":[0,24300],""2"":[1080,23220],""3"":[24120,1500],""4"":[24120,1500]}",
2026-01-25T22:59:00+08:00,2026-01-26T07:08:00+08:00,18840,2040,5760,2520,1,960,0,0,0,66,52,78,"{""1"":[0,27060],""2"":[960,26100],""3"":[25320,4020],""4"":[26880,2460]}",
2026-01-26T23:07:00+08:00,2026-01-27T06:33:00+08:00,17760,1320,5460,1920,3,900,0,0,0,68,54,84,"{""1"":[0,2220,23700],""2"":[900,1320,22680,1020],""3"":[2040,21840,1920,960],""4"":[2040,23760,960]}",
2026-01-27T23:55:00+08:00,2026-01-28T07:36:00+08:00,15900,1740,3360,3780,3,480,660,0,0,71,53,98,"{""1"":[0,8220,3300],""2"":[480,7740,4020,12720],""3"":[7320,1500,14940,3240],""4"":[8040,780,18840]}",
2026-01-28T22:13:00+08:00,2026-01-28T22:36:00+08:00,660,0,0,720,0,240,480,0,0,59,57,62,,
2026-01-28T22:38:00+08:00,2026-01-29T06:56:00+08:00,16140,4380,7500,1860,1,600,0,0,0,61,52,75,"{""1"":[0],""2"":[600,27960],""3"":[27300,2580],""4"":[29880]}",
2026-01-29T22:42:00+08:00,2026-01-30T05:43:00+08:00,16380,2100,4200,2400,3,1260,0,0,0,61,51,76,"{""1"":[0,21360],""2"":[1260,15420,5040,2760],""3"":[16260,4920,2940,1140],""4"":[21180,4080]}",
2026-01-30T22:54:00+08:00,2026-01-31T06:45:00+08:00,15000,5640,6300,1320,2,540,0,0,0,59,50,72,"{""1"":[0],""2"":[540,19680,6300],""3"":[19800,6360,2100],""4"":[28260]}",
2026-02-01T00:01:00+08:00,2026-02-01T07:50:00+08:00,1920,3300,2160,180,0,180,0,0,0,58,47,73,"{""1"":[0],""2"":[180,26340],""3"":[25920,2220],""4"":[28140]}",
2026-02-01T22:02:00+08:00,2026-02-02T06:35:00+08:00,3900,1800,600,840,0,840,0,0,0,63,51,80,"{""1"":[0,29760],""2"":[840,7320,20100,1500],""3"":[7740,19980,1800,1260],""4"":[29520,1260]}",
2026-02-02T23:50:00+08:00,2026-02-03T02:28:00+08:00,3600,1260,2880,1560,1,1500,0,0,0,67,55,76,"{""1"":[0,4020],""2"":[1500,2580],""3"":[3840,5640],""4"":[3840,5640]}",
2026-02-03T05:51:00+08:00,2026-02-03T08:21:00+08:00,4380,1620,2040,960,0,960,0,0,0,62,55,70,"{""1"":[0],""2"":[960],""3"":[9000],""4"":[9000]}",
2026-02-03T23:16:00+08:00,2026-02-04T07:42:00+08:00,19020,3000,3540,1920,2,1020,0,0,0,65,51,102,"{""1"":[0,7980,3480],""2"":[1020,7020,4260],""3"":[7800,960,21600],""4"":[7800,960,21600]}",
2026-02-04T23:38:00+08:00,2026-02-05T07:22:00+08:00,19800,2040,3420,1020,2,1320,0,0,0,63,49,78,"{""1"":[0,25800],""2"":[1020,20580,4200],""3"":[21240,3660,2940],""4"":[25560,2280]}",
2026-02-05T23:52:00+08:00,2026-02-06T06:31:00+08:00,14220,3360,4980,720,1,540,660,0,0,61,53,75,"{""1"":[0,21360],""2"":[540,20820],""3"":[21180,2100],""4"":[21180,2760]}",
2026-02-07T01:04:00+08:00,2026-02-07T07:42:00+08:00,14160,2400,3060,3960,3,1320,0,0,0,69,50,80,"{""1"":[0,21120],""2"":[1320,2280,17520,780],""3"":[2220,17760,1500,2400],""4"":[20820,3060]}",
2026-02-07T11:57:00+08:00,2026-02-07T13:44:00+08:00,2940,0,0,3480,1,3120,0,0,0,72,55,81,"{""1"":[0],""2"":[3120,600],""3"":[3360,3060],""4"":[6420]}",
2026-02-08T02:26:00+08:00,2026-02-08T08:59:00+08:00,8400,6660,4020,4140,2,1080,0,360,1,69,52,79,"{""1"":[0,19800],""2"":[1080,19140,1560],""3"":[17940,2700,2940],""4"":[19440,4140]}",
2026-02-08T23:07:00+08:00,2026-02-09T06:17:00+08:00,17520,3300,3060,1920,1,840,0,0,0,63,51,76,"{""1"":[0],""2"":[840,23940],""3"":[23700,2100],""4"":[25800]}",
2026-02-09T23:09:00+08:00,2026-02-10T06:02:00+08:00,18300,2040,2940,1320,1,1320,0,0,0,61,49,76,"{""1"":[0,22140],""2"":[1320,20820],""3"":[21960,2820],""4"":[21960,2820]}",
2026-02-11T00:04:00+08:00,2026-02-11T07:41:00+08:00,21000,1740,2520,1980,1,780,0,0,0,62,50,76,"{""1"":[0,25140],""2"":[780,24420],""3"":[23820,3600],""4"":[24960,2460]}",
2026-02-11T22:40:00+08:00,2026-02-12T06:52:00+08:00,2220,720,360,1800,0,1800,0,0,0,58,47,72,"{""1"":[0,27000],""2"":[1800,24420,780],""3"":[25500,1380,2640],""4"":[26880,2640]}",
2026-02-12T22:52:00+08:00,2026-02-13T07:36:00+08:00,22920,3300,4260,720,1,660,0,0,0,62,52,73,"{""1"":[0,29940],""2"":[660,29340],""3"":[29700,1740],""4"":[29700,1740]}",
2026-02-13T23:16:00+08:00,2026-02-14T07:34:00+08:00,13740,3420,7920,1920,3,2640,840,0,0,62,51,76,"{""1"":[0,27660],""2"":[780,24780,2100,1020],""3"":[25140,2280,600,1020],""4"":[27420,2460]}",
2026-02-14T22:02:00+08:00,2026-02-15T07:09:00+08:00,20340,2580,7980,1920,2,1140,0,0,0,62,51,77,"{""1"":[0],""2"":[1140,18540,2760],""3"":[19320,2700,10800],""4"":[32820]}",
2026-02-15T22:13:00+08:00,2026-02-16T01:31:00+08:00,5640,1980,2520,1260,1,720,0,0,0,69,59,77,"{""1"":[0,8820,540],""2"":[720,8820],""3"":[8520,3360],""4"":[8520,660,2700]}",
2026-02-16T03:46:00+08:00,2026-02-16T07:16:00+08:00,6180,3300,1560,1560,0,1020,540,0,0,66,53,75,"{""1"":[0],""2"":[1020],""3"":[12060],""4"":[12600]}",
2026-02-16T23:08:00+08:00,2026-02-17T06:02:00+08:00,14760,1980,4440,240,1,3120,0,0,0,63,53,79,"{""1"":[0,22860],""2"":[1500,21600],""3"":[22560,2280],""4"":[22560,2280]}",
2026-02-18T00:03:00+08:00,2026-02-18T05:57:00+08:00,15060,720,2220,3060,3,660,0,0,0,67,56,79,"{""1"":[0,17280],""2"":[660,14880,1920,1560],""3"":[14160,2940,1080,3060],""4"":[17100,4140]}",
2026-02-18T20:36:00+08:00,2026-02-19T06:50:00+08:00,21180,5220,8580,1860,1,1020,0,0,0,59,49,76,"{""1"":[0],""2"":[1020,34260],""3"":[34440,2400],""4"":[36840]}",
2026-02-19T22:45:00+08:00,2026-02-20T05:33:00+08:00,6600,2340,4500,1440,0,1440,0,0,0,60,50,76,"{""1"":[0,21540],""2"":[1440,20100],""3"":[20640,3840],""4"":[21300,3180]}",
2026-02-20T23:27:00+08:00,2026-02-21T07:30:00+08:00,18240,2700,3540,4200,5,2160,0,0,0,62,51,75,"{""1"":[0,25980],""2"":[2160,13860,5520,780,3660,1320],""3"":[15600,5340,1020,3720,960,2340],""4"":[25680,3300]}",
2026-02-21T23:45:00+08:00,2026-02-22T06:33:00+08:00,15600,3120,2400,3360,2,1080,540,0,0,64,52,73,"{""1"":[0],""2"":[1080,16500,4860],""3"":[17160,3960,2820],""4"":[24480]}",
2026-02-22T22:28:00+08:00,2026-02-23T06:30:00+08:00,14700,4440,6720,2820,3,1620,0,0,0,63,50,100,"{""1"":[0,3720],""2"":[1620,1200,900,23340],""3"":[2160,1320,23040,2400],""4"":[3480,25440]}",
2026-02-23T23:08:00+08:00,2026-02-24T05:38:00+08:00,14700,1380,2640,4320,3,1860,900,0,0,61,52,70,"{""1"":[0,18360],""2"":[1860,16500,1980,1680],""3"":[17460,2340,1740,960],""4"":[18000,5400]}",
2026-02-24T23:53:00+08:00,2026-02-25T06:35:00+08:00,14760,1680,2580,4740,2,1080,0,0,0,65,49,94,"{""1"":[0,19140,1860],""2"":[1080,11880,8400],""3"":[12600,5100,6420],""4"":[18960,1860,3300]}",
2026-02-25T23:39:00+08:00,2026-02-26T05:49:00+08:00,10380,3240,1500,6900,1,2340,1680,0,0,62,51,80,"{""1"":[0,19980],""2"":[2340,17760],""3"":[17040,3480],""4"":[19800,2400]}",
2026-02-26T22:01:00+08:00,2026-02-27T06:07:00+08:00,11760,6420,6600,4380,3,1080,0,0,0,60,49,72,"{""1"":[0],""2"":[1080,17940,3480,4560],""3"":[18660,3420,2460,4620],""4"":[29160]}",
2026-02-28T00:38:00+08:00,2026-02-28T07:22:00+08:00,13500,2700,5040,2640,2,1380,0,0,0,64,50,75,"{""1"":[0,20100],""2"":[1380,15780,3060],""3"":[16740,2280,5220],""4"":[19740,4500]}",
2026-03-01T01:39:00+08:00,2026-03-01T07:53:00+08:00,11400,5220,4860,960,1,600,0,0,0,68,58,78,"{""1"":[0],""2"":[600,20280],""3"":[20520,1920],""4"":[22440]}",
2026-03-02T00:23:00+08:00,2026-03-02T07:20:00+08:00,11760,4440,7200,1620,1,540,0,0,0,59,49,81,"{""1"":[0],""2"":[540,22200],""3"":[21660,3360],""4"":[25020]}",
2026-03-02T22:36:00+08:00,2026-03-03T05:55:00+08:00,14520,3420,5160,2940,1,720,600,0,0,59,46,74,"{""1"":[0,23880],""2"":[720,23400],""3"":[22200,3540],""4"":[23580,2760]}",
2026-03-03T23:40:00+08:00,2026-03-04T08:07:00+08:00,16680,3960,3780,3840,4,1140,0,0,0,68,53,98,"{""1"":[0,13560,2820,2460],""2"":[1140,10380,2100,2760,3600],""3"":[10860,2400,2100,1800,13260],""4"":[13260,2940,960,13260]}",
2026-03-04T21:56:00+08:00,2026-03-05T04:45:00+08:00,15120,4380,3360,1320,2,600,0,0,0,63,51,77,"{""1"":[0,23040],""2"":[600,19800,2640],""3"":[19680,3000,1860],""4"":[22680,1860]}",
2026-03-05T22:27:00+08:00,2026-03-06T07:42:00+08:00,15660,4680,5700,1200,3,5580,0,0,0,63,50,91,"{""1"":[0,15900,5400],""2"":[1020,14880,5400,8640],""3"":[15540,4920,9000,3840],""4"":[15540,5640,12120]}",
2026-03-06T23:12:00+08:00,2026-03-07T08:07:00+08:00,15720,4260,6120,2880,4,660,0,0,0,63,52,104,"{""1"":[0,2940,7440],""2"":[660,2340,8040,2400,15780],""3"":[2220,5220,5640,15540,3480],""4"":[2760,4680,24660]}",
2026-03-07T22:53:00+08:00,2026-03-08T05:39:00+08:00,16140,2040,2820,3000,2,1440,0,0,0,62,50,76,"{""1"":[0,20700],""2"":[1440,14160,5100],""3"":[14760,4860,4740],""4"":[20340,4020]}",
2026-03-08T21:13:00+08:00,2026-03-09T07:17:00+08:00,20340,5880,7920,1800,3,1020,0,180,1,60,50,72,"{""1"":[0,34560],""2"":[1020,30480,720,2340],""3"":[31080,780,2400,1980],""4"":[34260,1980]}",
2026-03-09T23:03:00+08:00,2026-03-10T05:58:00+08:00,17220,660,4560,2160,2,1680,0,0,0,60,51,76,"{""1"":[0,23280],""2"":[1680,16200,5400],""3"":[17400,5580,1920],""4"":[22980,1920]}",
2026-03-10T23:18:00+08:00,2026-03-11T01:43:00+08:00,1261,7199,0,240,0,240,0,0,0,129,55,147,,
2026-03-10T23:44:00+08:00,2026-03-11T05:58:00+08:00,2400,1620,1020,900,0,900,0,0,0,65,47,98,"{""1"":[0,15660,300,1560],""2"":[900,14040,720,600,1320,4140],""3"":[13560,1920,240,1620,3960,1140],""4"":[15480,240,1620,5100]}",
2026-03-11T22:25:00+08:00,2026-03-12T07:14:00+08:00,16980,4200,9660,660,1,660,0,0,0,58,49,77,"{""1"":[0,29880],""2"":[660,29220],""3"":[29640,2100],""4"":[29640,2100]}",
2026-03-12T22:58:00+08:00,2026-03-13T07:45:00+08:00,17160,3180,5040,3120,3,660,0,0,0,63,50,82,"{""1"":[0,12300,1080,5220],""2"":[660,11640,1080,6240],""3"":[10740,2460,2580,15840],""4"":[12180,1020,2580,15840]}",
2026-03-13T21:10:00+08:00,2026-03-13T22:28:00+08:00,1560,1740,120,1260,0,1260,0,0,0,73,67,80,,
2026-03-13T22:49:00+08:00,2026-03-14T06:54:00+08:00,15600,4980,4920,3360,3,1080,0,0,0,60,48,85,"{""1"":[0,27480],""2"":[1080,15180,7620,3600],""3"":[15900,7320,2760,3120],""4"":[27240,1860]}",
2026-03-14T22:08:00+08:00,2026-03-15T07:08:00+08:00,1920,2700,1380,720,0,720,0,0,0,68,53,80,"{""1"":[0],""2"":[720,6720,23040],""3"":[6720,23400,2280],""4"":[32400]}",
2026-03-15T22:17:00+08:00,2026-03-16T05:29:00+08:00,14100,2280,5340,3480,3,1260,0,0,0,66,55,100,"{""1"":[0,2040,1260,19440],""2"":[1260,2040,17580,1860],""3"":[1920,17820,2580,3600],""4"":[1920,1200,19200,3600]}",
2026-03-15T20:34:00+08:00,2026-03-15T22:12:00+08:00,1140,1739,2341,660,1,300,0,0,0,79,76,85,,
2026-03-16T22:49:00+08:00,2026-03-17T06:27:00+08:00,14580,3060,8880,780,1,780,0,0,0,63,52,77,"{""1"":[0,25860],""2"":[780,25080],""3"":[25680,1800],""4"":[25680,1800]}",
2026-03-18T00:40:00+08:00,2026-03-18T07:56:00+08:00,11220,5400,3960,2280,2,660,0,0,0,66,57,85,"{""1"":[0,13320],""2"":[660,13920,10980],""3"":[10020,15180,960],""4"":[10020,16140]}",
2026-03-18T20:51:00+08:00,2026-03-18T22:39:00+08:00,2640,720,0,1860,2,1080,0,0,0,77,62,128,,
2026-03-18T22:39:00+08:00,2026-03-19T07:07:00+08:00,18720,2520,6480,2580,3,1020,0,0,0,60,47,77,"{""1"":[0,28380],""2"":[1020,24720,1140,1500],""3"":[25320,1140,1020,3000],""4"":[28200,2280]}",
2026-03-19T22:55:00+08:00,2026-03-20T07:07:00+08:00,15000,3540,9180,1500,1,900,0,0,0,61,52,74,"{""1"":[0,26820],""2"":[900,25920],""3"":[25920,3600],""4"":[26520,3000]}",
2026-03-20T20:22:00+08:00,2026-03-21T01:56:00+08:00,2880,3480,900,0,0,13680,0,0,0,107,58,214,,
2026-03-21T00:54:00+08:00,2026-03-21T07:59:00+08:00,12600,4380,3060,4980,4,1260,0,0,0,61,52,99,"{""1"":[0,21420,2220],""2"":[1260,16920,840,2400,2580],""3"":[16320,2220,2520,1440,3000],""4"":[21060,2460,1980]}",
2026-03-22T00:22:00+08:00,2026-03-22T06:14:00+08:00,11340,3060,3060,3660,1,1020,0,0,0,65,52,75,"{""1"":[0],""2"":[1020,17100],""3"":[15480,5640],""4"":[21120]}",
2026-03-22T22:35:00+08:00,2026-03-23T06:29:00+08:00,18000,1800,6240,2400,2,1320,0,0,0,62,51,75,"{""1"":[0],""2"":[1320,15780,9240],""3"":[16620,9120,2700],""4"":[28440]}",
2026-03-23T22:46:00+08:00,2026-03-24T05:40:00+08:00,13440,4380,4740,2280,2,1440,0,0,0,63,51,78,"{""1"":[0],""2"":[1440,7620,13620],""3"":[8640,13620,2580],""4"":[24840]}",
2026-03-24T22:12:00+08:00,2026-03-25T05:15:00+08:00,15720,4620,1800,2820,3,1080,0,0,0,65,51,100,"{""1"":[0,21540,3060],""2"":[1080,18720,1740,3060],""3"":[19200,2040,2100,2040],""4"":[21240,3240,900]}",
2026-03-25T22:00:00+08:00,2026-03-26T06:54:00+08:00,17100,2400,10020,2160,1,1560,0,0,0,62,50,75,"{""1"":[0,30180],""2"":[1560,28620],""3"":[29220,2820],""4"":[29820,2220]}",
2026-03-26T22:41:00+08:00,2026-03-27T06:28:00+08:00,15780,4080,4800,3000,3,1380,0,0,0,60,51,76,"{""1"":[0,25260],""2"":[1380,9960,12000,1920],""3"":[10980,11100,2820,3120],""4"":[24900,3120]}",
2026-03-27T19:57:00+08:00,2026-03-27T21:54:00+08:00,4980,1140,0,900,1,240,0,0,0,72,67,77,,
2026-03-27T22:46:00+08:00,2026-03-28T06:51:00+08:00,21480,600,4740,2100,2,780,0,0,0,60,51,82,"{""1"":[0,24960],""2"":[780,24180,3180],""3"":[23820,3960,1320],""4"":[24780,4320]}",
2026-03-28T22:19:00+08:00,2026-03-29T06:41:00+08:00,17340,3900,5760,2640,4,480,0,0,0,60,48,90,"{""1"":[0,2460,26280],""2"":[480,1980,22740,2160,1380],""3"":[1560,22860,2340,1620,1740],""4"":[2340,26040,1740]}",
2026-03-29T19:29:00+08:00,2026-03-29T21:11:00+08:00,2340,1560,0,2220,2,240,900,0,0,77,63,175,,
2026-03-29T21:34:00+08:00,2026-03-30T07:02:00+08:00,18480,4200,4740,3480,4,840,0,0,0,64,54,92,"{""1"":[0,22260,1440],""2"":[840,11460,3300,7140,960],""3"":[11700,3060,4440,3660,11220],""4"":[19200,4380,10500]}",
2026-03-30T23:00:00+08:00,2026-03-31T06:22:00+08:00,18480,900,5460,1380,1,660,0,0,0,67,55,84,"{""1"":[0,24900],""2"":[660,24240],""3"":[23880,2640],""4"":[24600,1920]}",
2026-03-31T22:55:00+08:00,2026-04-01T05:22:00+08:00,13200,3480,4740,1800,1,960,0,0,0,69,58,84,"{""1"":[0],""2"":[960,19080],""3"":[19200,4020],""4"":[23220]}",
2026-04-01T23:21:00+08:00,2026-04-02T06:55:00+08:00,17100,1920,5700,2400,3,1320,0,0,0,63,53,78,"{""1"":[0,24000],""2"":[1320,21540,1200,1860],""3"":[22440,1440,1440,1920],""4"":[23880,3360]}",
2026-04-02T22:09:00+08:00,2026-04-03T06:23:00+08:00,18660,0,9000,1380,3,780,0,0,0,64,51,79,"{""1"":[0,25200,2340],""2"":[780,19740,4680,2580],""3"":[20160,4680,2460,2340],""4"":[24840,2460,2340]}",
2026-04-03T15:19:00+08:00,2026-04-03T16:30:00+08:00,3540,0,0,720,0,720,0,0,0,64,56,71,"{""1"":[0],""2"":[720],""3"":[4260],""4"":[4260]}",
2026-04-03T15:27:00+08:00,2026-04-03T16:30:00+08:00,3000,540,0,240,0,240,0,0,0,62,56,70,,
2026-04-04T01:26:00+08:00,2026-04-04T08:04:00+08:00,13740,2880,5820,960,3,600,0,0,0,68,54,80,"{""1"":[0,8820,12960],""2"":[600,8220,9840,3120],""3"":[8520,9780,3300,2280],""4"":[8520,13080,2280]}",
2026-04-04T13:54:00+08:00,2026-04-04T14:49:00+08:00,2700,0,0,600,0,600,0,0,0,73,57,80,"{""1"":[0],""2"":[600],""3"":[3300],""4"":[3300]}",
2026-04-04T13:06:00+08:00,2026-04-04T14:49:00+08:00,3000,1140,660,1380,2,240,0,0,0,78,73,89,,
2026-04-04T22:01:00+08:00,2026-04-04T22:58:00+08:00,780,960,1260,420,0,420,0,0,0,77,76,81,,
2026-04-04T23:19:00+08:00,2026-04-05T07:01:00+08:00,21960,1080,0,4500,3,720,0,0,0,62,49,93,"{""1"":[0,26160],""2"":[720,8220,4800,12420],""3"":[8460,4560,10380,4320],""4"":[25980,1740]}",
2026-04-05T07:08:00+08:00,2026-04-05T07:50:00+08:00,1560,0,0,960,0,240,720,0,0,66,59,75,,
2026-04-05T22:16:00+08:00,2026-04-05T23:11:00+08:00,300,2760,0,240,0,240,0,0,0,84,84,85,,
2026-04-05T23:17:00+08:00,2026-04-06T06:11:00+08:00,21720,960,0,2160,2,1140,0,0,0,67,48,85,"{""1"":[0],""2"":[1140,13920,4380],""3"":[14400,4680,5760],""4"":[24840]}",
2026-04-06T22:36:00+08:00,2026-04-07T07:01:00+08:00,1320,1440,120,1800,0,1800,0,0,0,65,48,87,"{""1"":[0,5040,23700],""2"":[1800,3240,9660,11580,1620,840],""3"":[4680,9660,11520,1620,1020,1800],""4"":[4680,23820,1800]}",
2026-04-07T23:58:00+08:00,2026-04-08T07:30:00+08:00,17700,2040,0,4440,2,1200,0,0,0,65,49,93,"{""1"":[0,12780],""2"":[1200,7560,5880],""3"":[8040,1140,17940],""4"":[9840,17280]}",
2026-04-08T21:21:00+08:00,2026-04-09T07:27:00+08:00,28140,3180,1140,3480,2,1440,0,0,0,62,48,81,"{""1"":[0,34320,300],""2"":[1440,27840,5340],""3"":[28920,3600,3840],""4"":[34020,480,1860]}",
2026-04-09T20:07:00+08:00,2026-04-09T22:04:00+08:00,1980,1200,3300,540,1,240,0,0,0,75,71,82,,
2026-04-09T22:56:00+08:00,2026-04-10T07:02:00+08:00,20760,1320,2940,4140,2,960,2340,0,0,63,50,77,"{""1"":[0],""2"":[960,24240,1020],""3"":[24780,1020,1020],""4"":[29160]}",
2026-04-10T22:34:00+08:00,2026-04-10T23:39:00+08:00,2640,540,300,240,0,240,0,0,0,77,72,80,,
2026-04-10T23:43:00+08:00,2026-04-11T07:10:00+08:00,18660,780,2220,5160,5,1260,0,0,0,64,49,81,"{""1"":[0],""2"":[1260,11580,4080,4020,3660,900],""3"":[12420,4080,3780,2280,2580,1680],""4"":[26820]}",
2026-04-11T21:49:00+08:00,2026-04-12T01:04:00+08:00,3176,1068,720,2868,19,240,0,0,0,167,38,215,,
2026-04-11T23:32:00+08:00,2026-04-12T07:16:00+08:00,17700,2280,5700,1920,1,720,0,0,0,66,46,83,"{""1"":[0,23400],""2"":[720,22740],""3"":[22020,5820],""4"":[23160,4680]}",
2026-04-12T22:45:00+08:00,2026-04-13T03:45:00+08:00,14280,2340,0,1380,1,960,0,0,0,70,51,85,"{""1"":[0],""2"":[960,12660],""3"":[13200,4800],""4"":[18000]}",
2026-04-13T22:27:00+08:00,2026-04-14T06:17:00+08:00,17580,3180,6480,600,1,600,0,0,0,68,53,83,"{""1"":[0,25320],""2"":[600,24720],""3"":[24960,3240],""4"":[24960,3240]}",
2026-04-15T00:38:00+08:00,2026-04-15T06:33:00+08:00,16440,720,2220,1740,2,840,0,0,0,72,49,86,"{""1"":[0,19980],""2"":[840,16380,3180],""3"":[16740,3060,1500],""4"":[19800,1500]}",
2026-04-15T23:00:00+08:00,2026-04-16T07:52:00+08:00,22860,1440,5220,2040,3,540,720,0,0,66,47,83,"{""1"":[0,30060],""2"":[540,13260,8160,8100],""3"":[13380,8220,8100,1500],""4"":[29700,2220]}",
2026-04-16T22:09:00+08:00,2026-04-17T04:56:00+08:00,16920,1320,3600,2580,3,960,0,0,0,66,41,81,"{""1"":[0],""2"":[960,19740,1260,1200],""3"":[20340,780,1620,1680],""4"":[24420]}",
2026-04-17T23:52:00+08:00,2026-04-18T07:38:00+08:00,18900,1620,5160,2040,3,1200,0,0,0,68,53,89,"{""1"":[0,24540],""2"":[1200,17700,1020,4620],""3"":[18480,1020,4800,3660],""4"":[24300,3660]}",
2026-04-18T23:37:00+08:00,2026-04-19T07:34:00+08:00,20940,1920,2460,3000,3,840,0,0,0,64,48,86,"{""1"":[0,25680],""2"":[840,21600,1620,1680],""3"":[21960,1440,1020,4200],""4"":[25380,3240]}",
2026-04-19T23:20:00+08:00,2026-04-20T06:46:00+08:00,20760,2640,2160,1200,1,840,0,0,0,65,49,81,"{""1"":[0],""2"":[840,25080],""3"":[25560,1200],""4"":[26760]}",
2026-04-20T10:26:00+08:00,2026-04-20T11:57:00+08:00,2880,1080,0,1260,2,240,0,0,0,63,56,121,,
2026-04-20T22:03:00+08:00,2026-04-21T07:28:00+08:00,18360,1260,0,10800,7,1260,0,0,0,65,46,104,"{""1"":[0,4620,3720,2040,22200],""2"":[1260,3540,9420,5700,2640,3900,1680,4440],""3"":[3000,2460,13980,2640,3600,2100,4440,1680],""4"":[4500,960,4800,21960,1680]}",
2026-04-21T23:11:00+08:00,2026-04-22T07:14:00+08:00,18360,3180,2760,4680,0,1200,3480,0,0,65,53,80,"{""1"":[0],""2"":[1200],""3"":[25500],""4"":[28980]}",
2026-04-22T23:50:00+08:00,2026-04-23T07:09:00+08:00,15720,3420,4860,1920,4,720,0,0,0,63,52,78,"{""1"":[0,24360],""2"":[720,6780,5880,1320,9660],""3"":[7140,5820,1320,9660,2400],""4"":[23940,2400]}",
2026-04-23T18:45:00+08:00,2026-04-23T19:50:00+08:00,1320,1680,660,240,0,240,0,0,0,75,70,79,,
2026-04-23T21:22:00+08:00,2026-04-24T07:00:00+08:00,23280,2580,6300,2100,3,1140,0,0,0,63,47,82,"{""1"":[0,32400],""2"":[1140,18240,8160,4860],""3"":[18840,8280,4860,2700],""4"":[31980,2700]}",
2026-04-24T23:29:00+08:00,2026-04-25T07:52:00+08:00,18780,1500,840,4740,2,1860,0,0,0,69,49,90,"{""1"":[0,21060,900],""2"":[1860,12600,8580],""3"":[13380,3540,13260],""4"":[16920,4860,8400]}",
2026-04-25T22:49:00+08:00,2026-04-26T07:38:00+08:00,21360,4200,3120,3060,2,1020,0,0,0,63,53,82,"{""1"":[0],""2"":[1020,26760,2640],""3"":[26700,2760,2280],""4"":[31740]}",
2026-04-26T22:34:00+08:00,2026-04-27T07:03:00+08:00,3240,780,2580,1140,0,1140,0,0,0,64,49,82,"{""1"":[0,29040],""2"":[1140,26640,1260],""3"":[26940,1860,1740],""4"":[28800,1740]}",
2026-04-27T18:42:00+08:00,2026-04-28T06:00:00+08:00,17400,2760,9600,8280,3,7140,0,0,0,65,47,81,"{""1"":[0,14940,23160],""2"":[7140,4740,3720,22560],""3"":[11460,960,25560,2700],""4"":[12420,25560,2700]}",
2026-04-29T01:51:00+08:00,2026-04-29T06:35:00+08:00,11100,2820,2040,900,1,900,0,0,0,70,53,80,"{""1"":[0,15780],""2"":[900,14880],""3"":[15600,1440],""4"":[15600,1440]}",
2026-04-29T23:37:00+08:00,2026-04-30T07:08:00+08:00,16740,2220,5580,780,3,1380,0,0,0,62,53,82,"{""1"":[0,24780],""2"":[840,17040,5100,1800],""3"":[17520,5040,1860,2640],""4"":[24420,2640]}",
2026-04-30T23:52:00+08:00,2026-05-01T06:40:00+08:00,15300,2100,6000,1080,1,720,0,0,0,63,52,77,"{""1"":[0],""2"":[720,14820],""3"":[15180,9300],""4"":[24480]}",
2026-05-01T23:08:00+08:00,2026-05-02T07:55:00+08:00,20880,2100,6960,1200,2,1080,0,0,0,63,49,75,"{""1"":[0,1740,780],""2"":[1080,720,780],""3"":[1440,900,29280],""4"":[1440,900,29280]}",
2026-05-02T21:32:00+08:00,2026-05-03T07:58:00+08:00,18300,5940,6660,1980,1,1500,0,0,0,67,51,89,"{""1"":[0,7500],""2"":[1500,6480],""3"":[2820,34740],""4"":[2820,34740]}",
2026-05-03T23:14:00+08:00,2026-05-04T07:11:00+08:00,20160,1260,3780,480,2,2760,0,0,0,66,52,83,"{""1"":[0,26760],""2"":[660,23340,2820],""3"":[23580,3000,2040],""4"":[26580,2040]}",
2026-05-04T22:22:00+08:00,2026-05-05T06:36:00+08:00,13260,6240,9120,660,1,660,0,0,0,64,51,81,"{""1"":[0,27540],""2"":[660,26880],""3"":[27180,2460],""4"":[27180,2460]}",
2026-05-06T00:25:00+08:00,2026-05-06T06:47:00+08:00,1440,1860,2160,900,0,900,0,0,0,68,56,81,"{""1"":[0,20220],""2"":[900,15180,2340,1800],""3"":[15480,2520,1980,2940],""4"":[19980,2940]}",
2026-05-06T17:03:00+08:00,2026-05-06T18:19:00+08:00,2460,1260,0,840,0,840,0,0,0,66,56,72,"{""1"":[0],""2"":[840],""3"":[4560],""4"":[4560]}",
2026-05-06T22:49:00+08:00,2026-05-07T07:05:00+08:00,24000,1740,780,3240,0,3240,0,0,0,62,46,83,"{""1"":[0],""2"":[3240],""3"":[29760],""4"":[29760]}",
2026-05-07T22:15:00+08:00,2026-05-08T06:44:00+08:00,25260,600,2340,2160,4,600,0,0,0,63,45,78,"{""1"":[0,28440],""2"":[600,13140,1080,2700,11100],""3"":[13320,1140,2460,11340,2280],""4"":[28260,2280]}",
2026-05-08T22:09:00+08:00,2026-05-09T07:33:00+08:00,28440,0,2580,2820,4,540,0,0,0,61,47,80,"{""1"":[0],""2"":[540,18600,3000,3180,5280],""3"":[18720,3000,3180,4680,4260],""4"":[33840]}",
2026-05-09T11:57:00+08:00,2026-05-09T12:27:00+08:00,1020,0,0,780,0,780,0,0,0,71,60,77,"{""1"":[0],""2"":[780],""3"":[1800],""4"":[1800]}",
2026-05-09T15:07:00+08:00,2026-05-09T16:04:00+08:00,1860,0,0,1560,0,960,600,0,0,68,53,79,"{""1"":[0],""2"":[960],""3"":[2820],""4"":[3420]}",
2026-05-09T19:01:00+08:00,2026-05-09T19:30:00+08:00,1020,0,0,720,0,720,0,0,0,69,66,73,"{""1"":[0],""2"":[720],""3"":[1740],""4"":[1740]}",
2026-05-09T22:53:00+08:00,2026-05-10T07:36:00+08:00,24180,0,1620,5460,3,600,0,0,0,63,47,94,"{""1"":[0,2100],""2"":[600,1560,5640,20340],""3"":[1380,2580,23820,3600],""4"":[1980,29400]}",
2026-05-10T22:36:00+08:00,2026-05-11T06:58:00+08:00,24840,720,1500,2520,4,660,0,0,0,65,43,99,"{""1"":[0,18480,10500],""2"":[660,7320,10500,8940,1560],""3"":[7500,10560,7980,2820,1260],""4"":[18060,10800,1260]}",
2026-05-11T22:47:00+08:00,2026-05-12T04:53:00+08:00,17220,1680,1920,1140,0,1140,0,0,0,68,50,87,"{""1"":[0],""2"":[1140],""3"":[21960],""4"":[21960]}",
2026-05-13T00:28:00+08:00,2026-05-13T06:58:00+08:00,19500,1020,0,2640,3,660,0,0,0,66,48,102,"{""1"":[0,2520,18840],""2"":[660,1860,17580,1320],""3"":[1320,17940,1980,2160],""4"":[2400,18840,2160]}",
2026-05-13T22:07:00+08:00,2026-05-14T07:05:00+08:00,25500,0,4380,2100,3,660,0,0,0,64,48,82,"{""1"":[0,28380],""2"":[660,10500,7800,9420],""3"":[10800,7740,8880,4860],""4"":[28080,4200]}",
2026-05-14T22:57:00+08:00,2026-05-15T02:43:00+08:00,5160,0,8100,300,0,300,0,0,0,162,60,215,,
2026-05-14T23:48:00+08:00,2026-05-15T07:16:00+08:00,21720,0,2160,2880,2,540,0,0,0,62,47,79,"{""1"":[0,24900],""2"":[540,14760,9600],""3"":[14400,8940,3540],""4"":[24780,2100]}",
2026-05-15T07:03:00+08:00,2026-05-15T08:34:00+08:00,0,0,4560,0,0,0,0,0,0,150,79,196,,
2026-05-15T23:37:00+08:00,2026-05-16T08:12:00+08:00,25380,0,1380,3900,5,1440,0,0,0,64,49,81,"{""1"":[0,28320],""2"":[1440,6240,6240,3660,5880,4860],""3"":[7320,6120,3660,5880,4440,3480],""4"":[28080,2820]}",
2026-05-17T00:54:00+08:00,2026-05-17T08:25:00+08:00,13380,3540,6360,540,0,540,0,0,0,69,57,87,"{""1"":[0],""2"":[540,24300],""3"":[24480,1080],""4"":[27060]}",
2026-05-17T21:57:00+08:00,2026-05-17T22:37:00+08:00,840,1320,0,240,0,240,0,0,0,76,74,78,,
2026-05-18T00:02:00+08:00,2026-05-18T07:34:00+08:00,16380,3240,5760,1560,2,720,0,0,0,68,54,82,"{""1"":[0,25440],""2"":[720,21600,3180],""3"":[21540,3720,1860],""4"":[25260,1860]}",
2026-05-19T00:10:00+08:00,2026-05-19T07:28:00+08:00,17220,1260,6240,1380,3,660,0,0,0,64,50,77,"{""1"":[0,24780],""2"":[660,15360,1500,7260],""3"":[15660,1500,7440,1680],""4"":[24600,1680]}",
2026-05-19T23:39:00+08:00,2026-05-20T07:37:00+08:00,16620,3300,3540,2460,4,600,0,0,0,70,55,91,"{""1"":[0,4020,6000,16980],""2"":[600,2640,1200,6540,16020],""3"":[2760,1140,3600,19380,1800],""4"":[3900,3600,19380,1800]}",
2026-05-20T22:49:00+08:00,2026-05-21T07:18:00+08:00,20460,2640,5580,1860,2,960,0,0,0,64,51,80,"{""1"":[0],""2"":[960,15660,12360],""3"":[16200,12300,2040],""4"":[30540]}",
2026-05-21T23:08:00+08:00,2026-05-22T07:18:00+08:00,17820,2520,7740,1080,2,720,0,0,0,64,53,75,"{""1"":[0,27780],""2"":[720,9660,17400],""3"":[10020,17520,1860],""4"":[27540,1860]}",
2026-05-23T00:21:00+08:00,2026-05-23T08:15:00+08:00,16800,3360,6900,1380,1,540,0,0,0,64,49,79,"{""1"":[0],""2"":[540,25320],""3"":[25020,3420],""4"":[28440]}",
2026-05-23T23:33:00+08:00,2026-05-24T08:09:00+08:00,22980,0,7200,480,1,480,0,0,0,65,54,80,"{""1"":[0,3540],""2"":[480,3060],""3"":[3240,27720],""4"":[3240,27720]}",
2026-05-24T22:47:00+08:00,2026-05-25T07:15:00+08:00,25560,2280,0,2040,3,1620,0,0,0,63,50,89,"{""1"":[0,14040,15360],""2"":[1620,12420,13680,1680],""3"":[13680,13620,1860,1320],""4"":[13680,15480,1320]}",
2026-05-25T23:06:00+08:00,2026-05-26T07:08:00+08:00,18540,2280,5220,2580,2,2160,0,0,0,63,45,98,"{""1"":[0,26640],""2"":[2160,9540,14940],""3"":[11280,15060,2580],""4"":[26340,2580]}",
2026-05-26T23:48:00+08:00,2026-05-27T07:19:00+08:00,16620,3840,5400,1020,1,1020,0,0,0,65,52,79,"{""1"":[0,24420],""2"":[1020,23400],""3"":[24240,2820],""4"":[24240,2820]}",
2026-05-27T22:43:00+08:00,2026-05-28T06:29:00+08:00,19200,1860,6060,840,1,480,0,0,0,61,50,72,"{""1"":[0],""2"":[480,24000],""3"":[24120,3840],""4"":[27960]}",
2026-05-28T23:05:00+08:00,2026-05-29T07:15:00+08:00,21360,1800,1740,1620,2,3600,0,0,0,67,53,98,"{""1"":[0,27960],""2"":[3600,18300,6060],""3"":[21480,6000,1920],""4"":[27480,1920]}",
2026-05-29T19:52:00+08:00,2026-05-29T21:17:00+08:00,300,960,420,3420,1,1200,1860,0,0,79,70,125,,
2026-05-29T23:19:00+08:00,2026-05-30T07:36:00+08:00,10020,4860,5640,5280,2,1980,0,0,0,65,53,100,"{""1"":[0,8100],""2"":[1980,7680,17760],""3"":[3480,22800,3540],""4"":[4080,25740]}",
2026-05-30T22:46:00+08:00,2026-05-31T07:19:00+08:00,18660,1920,8640,1560,2,780,0,0,0,70,54,86,"{""1"":[0],""2"":[780,27240,1800],""3"":[27660,1740,1380],""4"":[30780]}",
2026-05-31T23:12:00+08:00,2026-06-01T06:22:00+08:00,15360,720,3000,6720,0,5880,840,0,0,63,52,80,"{""1"":[0],""2"":[5880],""3"":[24960],""4"":[25800]}",
2026-06-01T15:25:00+08:00,2026-06-01T16:22:00+08:00,1440,0,0,1980,1,240,0,0,0,75,69,78,,
2026-06-01T22:50:00+08:00,2026-06-02T07:11:00+08:00,15480,2580,10980,1020,1,600,0,0,0,63,53,82,"{""1"":[0],""2"":[600,28440],""3"":[28620,1440],""4"":[30060]}",
2026-06-03T00:28:00+08:00,2026-06-03T07:20:00+08:00,17280,2520,2340,2580,2,1260,0,0,0,66,50,99,"{""1"":[0],""2"":[1260,13560,8640],""3"":[14280,8400,2040],""4"":[24720]}",
2026-06-03T22:26:00+08:00,2026-06-04T07:34:00+08:00,23880,2160,3780,2640,2,2220,0,0,0,68,53,94,"{""1"":[0,31380],""2"":[2220,25380,3780],""3"":[27180,3780,1920],""4"":[30960,1920]}",
2026-06-04T22:35:00+08:00,2026-06-05T07:55:00+08:00,13200,2040,7740,3420,4,1020,0,0,0,68,48,104,"{""1"":[0,12780,18180,1140,300],""2"":[1020,3060,10140,16800,1380],""3"":[3360,3000,24300,1080,1860],""4"":[6360,24300,1080,540,1320]}",
2026-06-05T20:05:00+08:00,2026-06-06T08:10:00+08:00,24720,3960,6600,3120,4,1740,0,0,0,65,50,99,"{""1"":[0,7620,3000],""2"":[1740,6480,2400,3720,22320],""3"":[3120,6900,3960,22260,7260],""4"":[3120,6900,33480]}",
2026-06-06T23:14:00+08:00,2026-06-07T06:52:00+08:00,20100,3660,2580,1140,1,720,0,0,0,68,51,85,"{""1"":[0],""2"":[720,22020],""3"":[22320,5160],""4"":[27480]}",
2026-06-07T22:14:00+08:00,2026-06-08T06:57:00+08:00,23520,3360,2160,1680,3,600,0,0,0,66,50,83,"{""1"":[0,11220,17460,1380],""2"":[600,10620,17820,1020],""3"":[10320,18120,1380,1560],""4"":[11040,17400,1380,1560]}",
2026-06-09T00:11:00+08:00,2026-06-09T06:56:00+08:00,19980,0,1560,2580,5,900,0,0,0,65,50,81,"{""1"":[0,22440],""2"":[900,8700,2940,4680,1320,3960],""3"":[9240,2880,4680,1320,4140,2040],""4"":[22260,2040]}",
2026-06-10T00:27:00+08:00,2026-06-10T08:16:00+08:00,13740,2760,600,5220,4,780,0,0,0,70,49,100,"{""1"":[0,14880,11340],""2"":[780,6720,3900,1260,4860,8760],""3"":[6960,3960,960,1500,12720,2040],""4"":[13380,12720,2040]}",
2026-06-10T23:22:00+08:00,2026-06-11T07:36:00+08:00,23400,2220,2460,1380,3,180,0,0,0,62,48,80,"{""1"":[0,27840],""2"":[180,12780,2040,12840],""3"":[12360,2040,13260,1980],""4"":[27660,1980]}",
2026-06-11T22:38:00+08:00,2026-06-12T07:13:00+08:00,10140,3000,3540,840,0,840,0,0,0,65,51,82,"{""1"":[0,28800],""2"":[840,18660,9300],""3"":[19140,9360,2400],""4"":[28500,2400]}",
2026-06-13T01:33:00+08:00,2026-06-13T07:43:00+08:00,10800,5460,4320,1620,0,1620,0,0,0,70,54,87,"{""1"":[0],""2"":[1620],""3"":[22200],""4"":[22200]}",
2026-06-13T21:49:00+08:00,2026-06-14T06:18:00+08:00,17100,1980,2820,420,2,7860,0,0,0,63,49,80,"{""1"":[0,27780],""2"":[2160,19200,6420],""3"":[20940,6480,3120],""4"":[27420,3120]}",
2026-06-14T23:33:00+08:00,2026-06-15T07:33:00+08:00,19860,3660,3180,2100,0,2100,0,0,0,68,49,104,"{""1"":[0],""2"":[2100],""3"":[28800],""4"":[28800]}",
2026-06-15T23:11:00+08:00,2026-06-16T07:09:00+08:00,20100,2580,3120,2520,2,2100,0,0,0,67,50,95,"{""1"":[0,26520],""2"":[2100,23220,1200],""3"":[24900,1260,2520],""4"":[26160,2520]}",
2026-06-16T23:49:00+08:00,2026-06-17T08:16:00+08:00,17220,2160,4860,4500,6,780,0,0,0,67,50,96,"{""1"":[0,17880],""2"":[780,600,900,10980,2280,3240,1200],""3"":[1020,840,11040,1440,1860,3300,10920],""4"":[16200,14220]}",
2026-06-17T22:23:00+08:00,2026-06-18T07:39:00+08:00,21180,2100,3300,720,1,5820,0,0,0,61,49,78,"{""1"":[0,31800],""2"":[600,31200],""3"":[30840,2520],""4"":[31560,1800]}",
2026-06-18T23:49:00+08:00,2026-06-19T06:35:00+08:00,17760,2280,1320,2640,1,2640,0,0,0,64,47,90,"{""1"":[0,21960],""2"":[2640,19320],""3"":[21600,2760],""4"":[21600,2760]}",
2026-06-19T23:12:00+08:00,2026-06-20T07:09:00+08:00,22800,1440,3420,960,1,540,0,0,0,60,50,76,"{""1"":[0],""2"":[540,24960],""3"":[25080,3540],""4"":[28620]}",
2026-06-20T22:47:00+08:00,2026-06-21T08:02:00+08:00,22620,3660,5460,1380,2,900,0,0,0,66,53,80,"{""1"":[0,24480],""2"":[900,23580,6060],""3"":[24300,5760,3240],""4"":[24300,9000]}",
2026-06-21T22:44:00+08:00,2026-06-22T06:02:00+08:00,6540,1620,3300,1380,0,1380,0,0,0,64,45,89,"{""1"":[0,24000],""2"":[1380,22620],""3"":[23040,3240],""4"":[23700,2580]}",
2026-06-22T22:56:00+08:00,2026-06-23T06:15:00+08:00,20520,2100,2640,720,1,720,0,0,0,63,51,73,"{""1"":[0,24420],""2"":[720,23700],""3"":[24060,2280],""4"":[24060,2280]}",
2026-06-24T00:09:00+08:00,2026-06-24T07:14:00+08:00,17940,2340,3360,1440,2,1020,0,0,0,69,52,87,"{""1"":[0,22860],""2"":[1020,3600,18240],""3"":[4200,18240,3060],""4"":[22440,3060]}",
2026-06-24T20:43:00+08:00,2026-06-24T23:59:59+08:00,7367,1127,0,900,86,900,0,0,0,69,65,74,,
2026-06-24T22:02:00+08:00,2026-06-25T07:12:00+08:00,23340,4800,2940,1920,0,1920,0,0,0,64,46,86,"{""1"":[0],""2"":[1920],""3"":[33000],""4"":[33000]}",
2026-05-21T23:44:00+08:00,2026-05-21T23:59:59+08:00,959,0,0,0,15,0,0,0,0,0,0,0,,
2026-06-06T23:35:00+08:00,2026-06-06T23:59:59+08:00,0,1499,0,0,24,0,0,0,0,0,0,0,,
2026-06-19T23:21:00+08:00,2026-06-19T23:59:59+08:00,1475,826,0,0,38,0,0,0,0,0,0,0,,
2026-05-30T23:48:00+08:00,2026-05-30T23:58:59+08:00,659,0,0,0,10,0,0,0,0,0,0,0,,
2026-06-22T23:08:00+08:00,2026-06-22T23:59:59+08:00,1593,1475,0,0,51,0,0,0,0,0,0,0,,
2026-05-19T23:49:00+08:00,2026-05-19T23:59:59+08:00,659,0,0,0,10,0,0,0,0,0,0,0,,
2026-05-23T23:41:00+08:00,2026-05-23T23:59:59+08:00,1121,0,0,0,18,0,0,0,0,0,0,0,,
2026-05-07T22:25:00+08:00,2026-05-07T23:59:59+08:00,5605,0,0,0,94,0,0,0,0,0,0,0,,
2026-06-15T23:46:00+08:00,2026-06-15T23:59:59+08:00,826,0,0,0,13,0,0,0,0,0,0,0,,
2026-06-05T22:22:00+08:00,2026-06-05T23:57:59+08:00,4139,0,0,0,85,0,0,0,0,0,0,0,,
2026-03-11T22:42:00+08:00,2026-03-11T23:59:59+08:00,839,2219,0,0,50,0,0,0,0,0,0,0,,
2026-05-09T23:03:00+08:00,2026-05-09T23:58:59+08:00,2537,0,0,649,42,0,0,0,0,0,0,0,,
2026-05-03T23:29:00+08:00,2026-05-03T23:59:59+08:00,0,1859,0,0,30,0,0,0,0,0,0,0,,
2026-05-30T23:04:00+08:00,2026-05-30T23:47:59+08:00,719,1919,0,0,43,0,0,0,0,0,0,0,,
2026-06-04T22:52:00+08:00,2026-06-04T23:59:59+08:00,3342,0,0,719,55,0,0,0,0,0,0,0,,
2026-06-21T23:40:00+08:00,2026-06-21T23:59:59+08:00,0,1199,0,0,19,0,0,0,0,0,0,0,,
2026-05-06T23:43:00+08:00,2026-05-06T23:59:59+08:00,1003,0,0,0,16,0,0,0,0,0,0,0,,
2026-05-25T23:42:00+08:00,2026-05-25T23:59:59+08:00,1079,0,0,0,17,0,0,0,0,0,0,0,,
2026-03-22T22:57:00+08:00,2026-03-22T23:59:59+08:00,2242,1416,0,0,61,0,0,0,0,0,0,0,,
2026-06-07T22:24:00+08:00,2026-06-07T23:59:59+08:00,3068,2596,0,0,95,0,0,0,0,0,0,0,,
2026-06-13T22:25:00+08:00,2026-06-13T23:59:59+08:00,2773,1593,1239,0,94,0,0,0,0,0,0,0,,
2026-05-08T22:18:00+08:00,2026-05-08T23:59:59+08:00,6018,0,0,0,101,0,0,0,0,0,0,0,,
2026-06-17T22:33:00+08:00,2026-06-17T23:59:59+08:00,2832,1652,649,0,86,0,0,0,0,0,0,0,,
2026-05-01T23:26:00+08:00,2026-05-01T23:56:59+08:00,1259,0,0,119,20,0,0,0,0,66,59,74,,
2026-05-13T22:18:00+08:00,2026-05-13T23:59:59+08:00,6018,0,0,0,101,0,0,0,0,0,0,0,,
2026-06-11T23:36:00+08:00,2026-06-11T23:54:59+08:00,1139,0,0,0,18,0,0,0,0,0,0,0,,
2026-05-21T23:29:00+08:00,2026-05-21T23:43:59+08:00,0,899,0,0,14,0,0,0,0,0,0,0,,
2026-05-10T22:47:00+08:00,2026-05-10T23:59:59+08:00,3599,708,0,0,72,0,0,0,0,0,0,0,,
2026-06-03T23:03:00+08:00,2026-06-03T23:59:59+08:00,2478,885,0,0,56,0,0,0,0,0,0,0,,
2026-05-04T22:42:00+08:00,2026-05-04T23:53:59+08:00,1979,2339,0,0,71,0,0,0,0,0,0,0,,
2026-05-24T23:23:00+08:00,2026-05-24T23:59:59+08:00,0,2219,0,0,36,0,0,0,0,0,0,0,,
2026-05-14T23:02:00+08:00,2026-05-14T23:32:59+08:00,1859,0,0,0,1,0,0,0,0,71,71,71,,
2026-06-10T23:39:00+08:00,2026-06-10T23:59:59+08:00,0,1259,0,0,20,0,0,0,0,0,0,0,,
2026-05-20T23:11:00+08:00,2026-05-20T23:59:59+08:00,1019,1919,0,0,48,0,0,0,0,0,0,0,,
2026-06-06T23:26:00+08:00,2026-06-06T23:59:59+08:00,531,1475,0,0,33,0,0,0,0,0,0,0,,
2026-05-30T22:59:00+08:00,2026-05-30T23:58:59+08:00,1379,1919,299,0,59,0,0,0,0,0,0,0,,
2026-06-21T23:07:00+08:00,2026-06-21T23:59:59+08:00,1947,1180,0,0,52,0,0,0,0,0,0,0,,
2026-05-11T23:06:00+08:00,2026-05-11T23:59:59+08:00,1534,1652,0,0,53,0,0,0,0,0,0,0,,
2026-05-04T22:33:00+08:00,2026-05-04T23:59:59+08:00,1947,2301,826,0,85,0,0,0,0,0,0,0,,
2026-05-02T21:59:00+08:00,2026-05-02T23:59:59+08:00,413,1652,0,0,34,0,0,0,0,0,0,0,,
2026-05-03T23:25:00+08:00,2026-05-03T23:59:59+08:00,236,1829,0,0,34,0,0,0,0,0,0,0,,
2026-05-20T23:05:00+08:00,2026-05-20T23:59:59+08:00,1357,1888,0,0,54,0,0,0,0,0,0,0,,
2026-03-12T23:09:00+08:00,2026-03-12T23:59:59+08:00,1652,944,413,0,50,0,0,0,0,0,0,0,,
2026-05-24T23:14:00+08:00,2026-05-24T23:59:59+08:00,531,2183,0,0,45,0,0,0,0,0,0,0,,
2026-06-20T23:05:00+08:00,2026-06-20T23:59:59+08:00,531,2006,708,0,54,0,0,0,0,0,0,0,,
2026-05-27T22:51:00+08:00,2026-05-27T23:59:59+08:00,1770,1829,413,0,67,0,0,0,0,0,0,0,,
2026-03-11T22:36:00+08:00,2026-03-11T23:59:59+08:00,899,2219,1619,0,77,0,0,0,0,0,0,0,,
2026-06-10T23:25:00+08:00,2026-06-10T23:59:59+08:00,826,1239,0,0,34,0,0,0,0,0,0,0,,
2026-06-01T23:03:00+08:00,2026-06-01T23:59:59+08:00,1416,1947,0,0,56,0,0,0,0,0,0,0,,
2026-06-11T22:52:00+08:00,2026-06-11T23:59:59+08:00,1357,2301,295,0,66,0,0,0,0,0,0,0,,
2026-05-21T23:20:00+08:00,2026-05-21T23:59:59+08:00,959,0,59,0,15,0,0,0,0,0,0,0,,
2026-06-05T20:34:00+08:00,2026-06-05T23:57:59+08:00,5428,0,1003,0,108,0,0,0,0,76,65,83,,
2026-06-25T22:51:00+08:00,2026-06-26T07:27:00+08:00,21840,3180,4560,1380,1,1020,0,0,0,63,49,78,"{""1"":[0],""2"":[1020,17160],""3"":[17820,13140],""4"":[30960]}",
2026-06-26T22:48:00+08:00,2026-06-27T05:46:00+08:00,18780,2400,1380,2520,2,1800,0,0,0,63,46,96,"{""1"":[0],""2"":[1800,7320,9420],""3"":[8760,9420,6900],""4"":[25080]}",
2026-06-27T23:42:00+08:00,2026-06-28T07:26:00+08:00,21360,3180,1800,1500,2,600,0,0,0,65,48,81,"{""1"":[0],""2"":[600,14400,11580],""3"":[14640,11400,1800],""4"":[27840]}",
2026-06-28T21:27:00+08:00,2026-06-29T06:23:00+08:00,4740,2460,840,1980,0,1980,0,0,0,65,48,102,"{""1"":[0,30360],""2"":[1980,16860,9720,1800],""3"":[18480,9720,1860,2100],""4"":[30060,2100]}",
2026-06-24T22:34:00+08:00,2026-06-24T23:59:59+08:00,4307,767,0,0,85,0,0,0,0,0,0,0,,
2026-04-13T22:37:00+08:00,2026-04-13T23:54:59+08:00,2879,1799,0,0,77,0,0,0,0,0,0,0,,
2026-04-12T23:01:00+08:00,2026-04-12T23:59:59+08:00,2065,1357,0,0,57,0,0,0,0,0,0,0,,
2026-04-13T22:37:00+08:00,2026-04-13T23:59:59+08:00,2773,2065,0,0,81,0,0,0,0,0,0,0,,
2026-06-29T22:54:00+08:00,2026-06-30T06:40:00+08:00,16860,3720,4200,3000,3,660,0,0,0,67,52,86,"{""1"":[0,26400],""2"":[660,5940,12420,7380],""3"":[6240,12360,6060,3300],""4"":[26220,1740]}",
2026-06-30T23:33:00+08:00,2026-07-01T06:34:00+08:00,18840,600,4260,1320,2,900,0,0,0,67,51,79,"{""1"":[0,23940],""2"":[900,19080,3960],""3"":[19560,4140,1560],""4"":[23700,1560]}",
2026-07-01T23:18:00+08:00,2026-07-02T06:54:00+08:00,8160,1080,2340,1020,0,1020,0,0,0,64,48,76,"{""1"":[0],""2"":[1020],""3"":[27360],""4"":[27360]}",
2026-07-02T23:04:00+08:00,2026-07-03T06:35:00+08:00,16920,4200,3840,1740,3,600,0,0,0,62,49,75,"{""1"":[0,24060],""2"":[600,9840,960,12660],""3"":[9720,1260,12720,3360],""4"":[23700,3360]}",
2026-07-04T01:34:00+08:00,2026-07-04T08:42:00+08:00,15360,3840,5580,600,1,600,0,0,0,65,50,78,"{""1"":[0,14280],""2"":[600,13680],""3"":[13980,11700],""4"":[13980,11700]}",
2026-07-04T22:39:00+08:00,2026-07-05T08:10:00+08:00,19740,2400,1260,3420,2,9960,0,0,0,64,47,98,"{""1"":[0,7440],""2"":[2040,7920,18600,2100],""3"":[2280,25800,2160,4020],""4"":[2280,31980]}",
2026-07-05T22:41:00+08:00,2026-07-06T07:28:00+08:00,19200,4620,5160,2640,1,2220,0,0,0,66,50,82,"{""1"":[0],""2"":[2220,27600],""3"":[29400,2220],""4"":[31620]}",
2026-07-06T23:11:00+08:00,2026-07-07T07:14:00+08:00,19140,2100,7140,600,0,600,0,0,0,64,54,73,"{""1"":[0],""2"":[600],""3"":[28980],""4"":[28980]}",
2026-07-08T00:05:00+08:00,2026-07-08T07:30:00+08:00,22800,1500,660,1740,1,1140,0,0,0,66,50,88,"{""1"":[0],""2"":[1140,23280],""3"":[23820,2880],""4"":[26700]}",
2026-07-08T22:08:00+08:00,2026-07-09T07:40:00+08:00,25680,2160,4080,2280,2,1860,0,0,0,62,51,92,"{""1"":[0,9600],""2"":[1860,7800,14700],""3"":[9480,14520,10320],""4"":[9480,24840]}",
2026-07-09T23:42:00+08:00,2026-07-10T07:31:00+08:00,15840,3420,8460,420,0,420,0,0,0,61,49,76,"{""1"":[0],""2"":[420],""3"":[28140],""4"":[28140]}",
2026-07-10T23:16:00+08:00,2026-07-11T07:53:00+08:00,21300,2280,5280,2160,1,1500,0,0,0,64,51,105,"{""1"":[0],""2"":[1500,26940],""3"":[27780,3240],""4"":[31020]}",
2026-07-14T16:13:00+08:00,2026-07-14T17:39:00+08:00,2760,1080,600,720,1,240,0,0,0,74,69,77,,
2026-07-18T15:49:00+08:00,2026-07-18T17:56:00+08:00,4320,2400,0,900,1,240,0,0,0,62,57,76,,
2026-07-18T20:14:00+08:00,2026-07-18T22:42:59+08:00,4123,420,900,240,17,240,0,0,0,64,60,69,,
2026-07-18T21:38:00+08:00,2026-07-19T05:58:00+08:00,11700,4980,6720,2880,0,2880,0,0,0,61,48,98,"{""1"":[0,27300],""2"":[2880,24420],""3"":[26940,3060],""4"":[26940,3060]}",
2026-07-19T22:56:00+08:00,2026-07-20T05:33:00+08:00,12960,4980,2880,3000,0,3000,0,0,0,69,55,97,"{""1"":[0],""2"":[3000],""3"":[23820],""4"":[23820]}",
2026-07-20T23:43:00+08:00,2026-07-21T06:44:00+08:00,14400,2640,6780,1020,1,1020,0,0,0,66,49,83,"{""1"":[0,23700],""2"":[1020,22680],""3"":[23280,1980],""4"":[23280,1980]}",
2026-07-21T23:49:00+08:00,2026-07-22T05:05:00+08:00,12900,1500,0,4260,1,3540,720,0,0,71,49,96,"{""1"":[0,14520],""2"":[3540,10980],""3"":[14220,4020],""4"":[14220,4740]}",
2026-07-22T21:27:00+08:00,2026-07-23T07:23:00+08:00,24180,3780,7620,180,0,180,0,0,0,66,52,83,"{""1"":[0],""2"":[180],""3"":[35760],""4"":[35760]}",
2026-07-23T23:15:00+08:00,2026-07-24T07:32:00+08:00,22140,1320,2820,840,1,2700,0,0,0,65,51,100,"{""1"":[0],""2"":[600,20640],""3"":[20400,9420],""4"":[29820]}",
2026-07-24T23:04:00+08:00,2026-07-25T07:20:00+08:00,19860,600,5640,0,1,3360,0,0,0,67,51,80,"{""1"":[0,28020],""2"":[900,27120],""3"":[27720,2040],""4"":[27720,2040]}",
2026-07-26T00:34:00+08:00,2026-07-26T09:02:00+08:00,18060,1380,5280,2700,3,360,0,0,0,67,47,88,"{""1"":[0,7080],""2"":[360,2640,4800,16260],""3"":[1860,2160,19560,6900],""4"":[4020,26460]}",
2026-07-26T22:15:00+08:00,2026-07-27T07:09:00+08:00,21180,3960,4920,1680,1,1680,0,0,0,64,50,93,"{""1"":[0,30660],""2"":[1680,28980],""3"":[30360,1680],""4"":[30360,1680]}",
2026-07-27T22:12:00+08:00,2026-07-28T07:03:00+08:00,13140,4500,5100,3960,4,1800,0,0,0,71,53,94,"{""1"":[0,16620,9000],""2"":[1800,4920,9900,3660,6000],""3"":[6360,9900,2880,1680,11040],""4"":[16260,4560,11040]}",
2026-07-28T23:40:00+08:00,2026-07-29T08:11:00+08:00,19440,4860,4800,1560,1,1200,0,0,0,69,57,81,"{""1"":[0],""2"":[1200,28200],""3"":[29040,1620],""4"":[30660]}",
2026-07-29T23:08:00+08:00,2026-07-30T07:30:00+08:00,16560,4980,6240,2340,3,1140,0,0,0,68,52,83,"{""1"":[0],""2"":[1140,12000,6180,5940],""3"":[12720,6240,5880,5280],""4"":[30120]}",
2026-07-30T22:45:00+08:00,2026-07-31T07:16:00+08:00,19260,2940,7620,600,1,600,0,0,0,64,53,81,"{""1"":[0,28860],""2"":[600,28260],""3"":[28620,2040],""4"":[28620,2040]}",
2026-06-28T22:00:00+08:00,2026-06-28T23:59:59+08:00,4661,2419,0,0,119,0,0,0,0,0,0,0,,
2026-06-29T23:45:00+08:00,2026-06-29T23:59:59+08:00,899,0,0,0,14,0,0,0,0,0,0,0,,
2026-07-05T23:27:00+08:00,2026-07-05T23:54:59+08:00,0,1679,0,0,27,0,0,0,0,0,0,0,,
2026-07-06T23:21:00+08:00,2026-07-06T23:59:59+08:00,1652,649,0,0,38,0,0,0,0,0,0,0,,
2026-07-08T22:39:00+08:00,2026-07-08T23:59:59+08:00,3776,944,0,0,79,0,0,0,0,0,0,0,,
2026-07-09T23:49:00+08:00,2026-07-09T23:59:59+08:00,649,0,0,0,10,0,0,0,0,0,0,0,,
2026-07-10T23:41:00+08:00,2026-07-10T23:59:59+08:00,1121,0,0,0,18,0,0,0,0,0,0,0,,
2026-06-25T23:08:00+08:00,2026-06-25T23:59:59+08:00,1475,1593,0,0,51,0,0,0,0,0,0,0,,
2026-06-26T23:18:00+08:00,2026-06-26T23:59:59+08:00,531,1947,0,0,41,0,0,0,0,0,0,0,,
2026-06-29T23:05:00+08:00,2026-06-29T23:59:59+08:00,1239,2006,0,0,54,0,0,0,0,0,0,0,,
2026-06-30T23:48:00+08:00,2026-06-30T23:59:59+08:00,413,0,295,0,11,0,0,0,0,0,0,0,,
2026-07-01T23:35:00+08:00,2026-07-01T23:59:59+08:00,413,1062,0,0,24,0,0,0,0,0,0,0,,
2026-07-02T23:17:00+08:00,2026-07-02T23:59:59+08:00,531,2006,0,0,42,0,0,0,0,0,0,0,,
2026-07-05T23:18:00+08:00,2026-07-05T23:59:59+08:00,826,1652,0,0,41,0,0,0,0,0,0,0,,
2026-07-31T22:40:00+08:00,2026-08-01T08:27:00+08:00,17280,2760,5340,3540,1,2940,0,0,0,64,53,76,"{""1"":[0,10080],""2"":[2940,7740],""3"":[3780,31440],""4"":[3780,31440]}",
2026-08-01T23:15:00+08:00,2026-08-02T08:13:00+08:00,19740,4080,7980,480,0,480,0,0,0,63,52,73,"{""1"":[0],""2"":[480],""3"":[32280],""4"":[32280]}",
2026-08-02T22:08:00+08:00,2026-08-03T06:42:00+08:00,23400,1980,2160,2520,3,2460,0,0,0,64,47,81,"{""1"":[0,20280,7200,1680],""2"":[2460,17820,7260,1620],""3"":[20040,7260,1500,2040],""4"":[20040,7260,1500,2040]}",
2026-08-03T23:36:00+08:00,2026-08-04T06:21:00+08:00,18360,3060,1800,660,2,660,0,0,0,63,52,84,"{""1"":[0,20520,2220],""2"":[660,19860,2220],""3"":[20280,2280,1740],""4"":[20280,2280,1740]}",
2026-08-04T23:41:00+08:00,2026-08-05T07:19:00+08:00,21960,1620,1680,2220,2,1500,0,0,0,65,55,78,"{""1"":[0],""2"":[1500,720,23160],""3"":[1860,23160,2460],""4"":[27480]}",
2026-08-05T23:13:00+08:00,2026-08-06T07:21:00+08:00,20040,1980,5940,1320,1,780,0,0,0,63,53,78,"{""1"":[0],""2"":[780,27060],""3"":[27300,1980],""4"":[29280]}",
2026-08-06T23:01:00+08:00,2026-08-07T07:20:00+08:00,18600,1620,4980,4740,1,4200,0,0,0,65,53,93,"{""1"":[0],""2"":[4200,24780],""3"":[28440,1500],""4"":[29940]}",
2026-07-27T22:42:00+08:00,2026-07-27T23:57:59+08:00,2419,2006,0,0,74,0,0,0,0,0,0,0,,
2026-07-18T23:48:00+08:00,2026-07-18T23:59:59+08:00,719,0,0,0,11,0,0,0,0,0,0,0,,
2026-08-01T23:25:00+08:00,2026-08-01T23:59:59+08:00,1379,719,0,0,34,0,0,0,0,0,0,0,,
2026-07-23T23:31:00+08:00,2026-07-23T23:59:59+08:00,0,1739,0,0,28,0,0,0,0,0,0,0,,
2026-08-03T23:47:00+08:00,2026-08-03T23:59:59+08:00,767,0,0,0,12,0,0,0,0,0,0,0,,
2026-07-26T22:54:00+08:00,2026-07-26T23:49:59+08:00,0,3359,0,0,55,0,0,0,0,0,0,0,,
2026-07-29T23:33:00+08:00,2026-07-29T23:59:59+08:00,0,1619,0,0,26,0,0,0,0,0,0,0,,
2026-07-31T23:29:00+08:00,2026-07-31T23:42:59+08:00,826,0,0,0,13,0,0,0,0,0,0,0,,
2026-08-02T23:46:00+08:00,2026-08-02T23:59:59+08:00,0,0,839,0,13,0,0,0,0,0,0,0,,
2026-07-24T23:28:00+08:00,2026-07-24T23:49:59+08:00,0,1319,0,0,21,0,0,0,0,0,0,0,,
2026-07-29T23:27:00+08:00,2026-07-29T23:59:59+08:00,354,1593,0,0,32,0,0,0,0,0,0,0,,
2026-07-30T22:55:00+08:00,2026-07-30T23:59:59+08:00,236,1239,2360,0,64,0,0,0,0,0,0,0,,
2026-07-18T22:26:00+08:00,2026-07-18T23:59:59+08:00,1711,2478,1357,0,93,0,0,0,0,0,0,0,,
2026-07-19T23:46:00+08:00,2026-07-19T23:59:59+08:00,236,590,0,0,13,0,0,0,0,0,0,0,,
2026-07-24T23:19:00+08:00,2026-07-24T23:59:59+08:00,1121,1298,0,0,40,0,0,0,0,0,0,0,,
2026-07-26T22:43:00+08:00,2026-07-26T23:59:59+08:00,1239,3304,0,0,76,0,0,0,0,0,0,0,,
2026-07-22T21:30:00+08:00,2026-07-22T23:59:59+08:00,5546,2242,1062,0,149,0,0,0,0,0,0,0,,
2026-07-23T23:25:00+08:00,2026-07-23T23:59:59+08:00,354,1711,0,0,34,0,0,0,0,0,0,0,,
2026-08-02T22:52:00+08:00,2026-08-02T23:59:59+08:00,1239,1888,826,0,66,0,0,0,0,0,0,0,,
2026-08-07T23:11:00+08:00,2026-08-08T07:45:00+08:00,19320,3900,2520,5100,0,5100,0,0,0,63,48,80,"{""1"":[0],""2"":[5100],""3"":[30840],""4"":[30840]}",
2026-08-08T23:10:00+08:00,2026-08-09T06:57:00+08:00,19320,2940,5100,660,0,660,0,0,0,65,52,77,"{""1"":[0],""2"":[660],""3"":[28020],""4"":[28020]}",
2026-08-09T21:49:00+08:00,2026-08-10T07:04:00+08:00,19320,4320,7920,1440,1,1440,0,0,0,65,50,104,"{""1"":[0,31620],""2"":[1440,30180],""3"":[31320,1980],""4"":[31320,1980]}",
2026-08-10T22:55:00+08:00,2026-08-11T07:12:00+08:00,14340,4440,5040,1920,2,660,0,0,0,66,54,107,"{""1"":[0,19320],""2"":[660,19080,3180],""3"":[15240,6840,7740],""4"":[15240,14580]}",
2026-08-11T22:57:00+08:00,2026-08-12T07:24:00+08:00,19860,2640,7260,660,0,660,0,0,0,62,50,76,"{""1"":[0],""2"":[660],""3"":[30420],""4"":[30420]}",
2026-08-12T19:13:00+08:00,2026-08-12T23:59:59+08:00,5293,3717,826,240,124,240,0,0,0,61,46,65,,
2026-08-12T21:26:00+08:00,2026-08-13T07:12:00+08:00,22200,4380,5700,2880,1,1740,0,0,0,67,47,86,"{""1"":[0],""2"":[1740,27780],""3"":[28380,6780],""4"":[35160]}",
2026-08-13T22:45:00+08:00,2026-08-14T07:20:00+08:00,23820,2460,3720,900,1,540,0,0,0,64,47,82,"{""1"":[0],""2"":[540,21480],""3"":[21660,9240],""4"":[30900]}",
2026-08-15T00:41:00+08:00,2026-08-15T06:59:00+08:00,12120,3840,5760,540,1,540,0,0,0,66,57,77,"{""1"":[0,20160],""2"":[540,19620],""3"":[19740,2940],""4"":[19740,2940]}",
2026-08-15T22:57:00+08:00,2026-08-16T07:45:00+08:00,19200,3420,8400,660,0,660,0,0,0,64,55,80,"{""1"":[0],""2"":[660],""3"":[31680],""4"":[31680]}",
2026-08-16T22:23:00+08:00,2026-08-17T06:18:00+08:00,15540,5520,4920,2520,1,2100,0,0,0,65,56,96,"{""1"":[0],""2"":[2100,25560],""3"":[27240,1260],""4"":[28500]}",
2026-08-17T22:57:00+08:00,2026-08-18T06:38:00+08:00,17940,2640,6060,720,1,720,0,0,0,63,50,79,"{""1"":[0,24960],""2"":[720,24240],""3"":[24660,3000],""4"":[24660,3000]}",
2026-02-03T23:33:00+08:00,2026-02-03T23:59:59+08:00,1003,590,0,0,26,0,0,0,0,0,0,0,,
2026-03-31T23:14:00+08:00,2026-03-31T23:59:59+08:00,0,2714,0,0,45,0,0,0,0,0,0,0,,
2026-03-19T23:10:00+08:00,2026-03-19T23:59:59+08:00,885,2065,0,0,49,0,0,0,0,0,0,0,,
2026-01-22T22:50:00+08:00,2026-01-22T23:58:59+08:00,2124,1888,0,0,67,0,0,0,0,0,0,0,,
2026-04-23T21:41:00+08:00,2026-04-23T23:59:59+08:00,6962,944,295,0,138,0,0,0,0,0,0,0,,
2026-04-04T23:39:00+08:00,2026-04-04T23:56:59+08:00,0,1062,0,0,17,0,0,0,0,0,0,0,,
2026-04-09T23:12:00+08:00,2026-04-09T23:59:59+08:00,2183,649,0,0,47,0,0,0,0,0,0,0,,
2026-08-11T23:08:00+08:00,2026-08-11T23:59:59+08:00,767,1652,649,0,51,0,0,0,0,0,0,0,,
2026-04-15T23:09:00+08:00,2026-04-15T23:59:59+08:00,2242,767,0,0,50,0,0,0,0,0,0,0,,
2026-08-10T23:06:00+08:00,2026-08-10T23:59:59+08:00,1239,1947,0,0,53,0,0,0,0,0,0,0,,
2026-04-21T23:35:00+08:00,2026-04-21T23:59:59+08:00,0,1475,0,0,24,0,0,0,0,0,0,0,,
2026-02-12T23:03:00+08:00,2026-02-12T23:59:59+08:00,1829,1534,0,0,56,0,0,0,0,0,0,0,,
2026-08-15T23:08:00+08:00,2026-08-15T23:59:59+08:00,1019,899,1199,0,51,0,0,0,0,0,0,0,,
2026-03-04T23:48:00+08:00,2026-03-04T23:59:59+08:00,0,708,0,0,11,0,0,0,0,0,0,0,,
2026-03-05T22:44:00+08:00,2026-03-05T23:59:59+08:00,2832,1593,0,0,74,0,0,0,0,0,0,0,,
2026-01-11T21:44:00+08:00,2026-01-11T23:59:59+08:00,5159,2999,0,0,135,0,0,0,0,0,0,0,,
2026-08-16T22:58:00+08:00,2026-08-16T23:59:59+08:00,1319,2399,0,0,61,0,0,0,0,0,0,0,,
2026-04-20T22:03:00+08:00,2026-04-20T23:33:59+08:00,2360,0,0,2891,39,1260,0,0,0,0,0,0,,
2026-01-12T22:15:00+08:00,2026-01-12T23:59:59+08:00,3659,2639,0,0,104,0,0,0,0,0,0,0,,
2026-08-09T22:13:00+08:00,2026-08-09T23:59:59+08:00,4379,2039,0,0,106,0,0,0,0,0,0,0,,
2026-08-05T23:26:00+08:00,2026-08-05T23:59:59+08:00,531,1180,295,0,33,0,0,0,0,0,0,0,,
2026-08-13T22:54:00+08:00,2026-08-13T23:59:59+08:00,1679,1799,479,0,65,0,0,0,0,0,0,0,,
2026-08-08T23:21:00+08:00,2026-08-08T23:59:59+08:00,719,1199,419,0,38,0,0,0,0,0,0,0,,
2026-08-17T23:09:00+08:00,2026-08-17T23:59:59+08:00,899,1919,239,0,50,0,0,0,0,0,0,0,,
2026-01-20T22:54:00+08:00,2026-01-20T23:59:59+08:00,2301,1534,0,0,64,0,0,0,0,67,57,74,,
2026-04-02T22:44:00+08:00,2026-04-02T23:59:59+08:00,1180,0,3245,0,74,0,0,0,0,0,0,0,,
2026-03-14T23:33:00+08:00,2026-03-14T23:59:59+08:00,1593,0,0,0,26,0,0,0,0,0,0,0,,
2026-03-16T23:04:00+08:00,2026-03-16T23:59:59+08:00,885,1416,1003,0,55,0,0,0,0,0,0,0,,
2026-02-08T23:24:00+08:00,2026-02-08T23:59:59+08:00,0,2124,0,0,35,0,0,0,0,0,0,0,,
2026-01-23T23:16:00+08:00,2026-01-23T23:59:59+08:00,1003,1062,531,0,43,0,0,0,0,0,0,0,,
2026-01-26T23:22:00+08:00,2026-01-26T23:59:59+08:00,2065,0,0,0,34,0,0,0,0,0,0,0,,
2026-02-19T23:09:00+08:00,2026-02-19T23:59:59+08:00,1416,1593,0,0,50,0,0,0,0,0,0,0,,
2026-04-26T22:53:00+08:00,2026-04-26T23:59:59+08:00,3186,767,0,0,66,0,0,0,0,0,0,0,,
2026-03-15T23:12:00+08:00,2026-03-15T23:59:59+08:00,1593,1239,0,0,47,0,0,0,0,0,0,0,,
2026-02-22T23:45:00+08:00,2026-02-22T23:59:59+08:00,0,885,0,0,14,0,0,0,0,0,0,0,,
2026-01-25T23:15:00+08:00,2026-01-25T23:59:59+08:00,590,1829,236,0,44,0,0,0,0,0,0,0,,
2026-03-24T22:30:00+08:00,2026-03-24T23:59:59+08:00,2006,2242,1062,0,89,0,0,0,0,0,0,0,,
2026-02-11T23:10:00+08:00,2026-02-11T23:58:59+08:00,2219,719,0,0,48,0,0,0,0,0,0,0,,
2026-03-02T22:48:00+08:00,2026-03-02T23:59:59+08:00,3245,708,236,0,70,0,0,0,0,0,0,0,,
2026-04-01T23:49:00+08:00,2026-04-01T23:59:59+08:00,0,659,0,0,10,0,0,0,0,0,0,0,,
2026-03-18T22:57:00+08:00,2026-03-18T23:59:59+08:00,1652,2006,0,0,61,0,0,0,0,0,0,0,,
2026-01-09T23:00:00+08:00,2026-01-09T23:59:59+08:00,2759,839,0,0,59,0,0,0,0,0,0,0,,
2026-01-30T23:03:00+08:00,2026-01-30T23:59:59+08:00,1888,1475,0,0,56,0,0,0,0,0,0,0,,
2026-02-15T22:25:00+08:00,2026-02-15T23:59:59+08:00,3068,1947,531,0,93,0,0,0,0,0,0,0,,
2026-02-09T23:31:00+08:00,2026-02-09T23:59:59+08:00,899,839,0,0,28,0,0,0,0,0,0,0,,
2026-03-25T22:26:00+08:00,2026-03-25T23:59:59+08:00,2655,1475,1357,0,92,0,0,0,0,0,0,0,,
2026-01-14T23:02:00+08:00,2026-01-14T23:59:59+08:00,2006,1416,0,0,57,0,0,0,0,0,0,0,,
2026-03-26T23:07:00+08:00,2026-03-26T23:59:59+08:00,0,2478,649,0,52,0,0,0,0,0,0,0,,
2026-01-28T22:48:00+08:00,2026-01-28T23:59:59+08:00,1829,1770,649,0,71,0,0,0,0,0,0,0,,
2026-02-26T22:19:00+08:00,2026-02-26T23:59:59+08:00,1298,3717,885,0,99,0,0,0,0,0,0,0,,
2026-04-05T23:38:00+08:00,2026-04-05T23:59:59+08:00,354,944,0,0,21,0,0,0,0,0,0,0,,
2026-04-25T23:06:00+08:00,2026-04-25T23:59:59+08:00,236,2950,0,0,53,0,0,0,0,0,0,0,,
2026-04-08T21:45:00+08:00,2026-04-08T23:59:59+08:00,6018,1888,0,0,133,0,0,0,0,0,0,0,,
2026-03-06T23:23:00+08:00,2026-03-06T23:48:59+08:00,1534,0,0,0,25,0,0,0,0,0,0,0,,
2026-04-16T22:25:00+08:00,2026-04-16T23:59:59+08:00,2950,1298,1298,0,93,0,0,0,0,0,0,0,,
2026-03-09T23:31:00+08:00,2026-03-09T23:59:59+08:00,1062,649,0,0,28,0,0,0,0,0,0,0,,
2026-04-11T23:48:00+08:00,2026-04-11T23:59:59+08:00,0,708,0,0,11,0,0,0,0,0,0,0,,
2026-02-14T22:21:00+08:00,2026-02-14T23:59:59+08:00,4248,1534,0,0,97,0,0,0,0,0,0,0,,
2026-03-27T22:59:00+08:00,2026-03-27T23:59:59+08:00,2950,590,0,0,59,0,0,0,0,0,0,0,,
2026-02-18T20:53:00+08:00,2026-02-18T23:59:59+08:00,7316,2596,1062,0,185,0,0,0,0,0,0,0,,
2026-03-07T23:19:00+08:00,2026-03-07T23:59:59+08:00,413,2006,0,0,40,0,0,0,0,0,0,0,,
2026-03-08T21:30:00+08:00,2026-03-08T23:57:59+08:00,4602,3304,767,0,146,0,0,0,0,0,0,0,,
2026-02-13T23:29:00+08:00,2026-02-13T23:58:59+08:00,354,1416,0,0,29,0,0,0,0,0,0,0,,
2026-03-29T21:48:00+08:00,2026-03-29T23:56:59+08:00,5192,2419,0,0,128,0,0,0,0,0,0,0,,
2026-02-16T23:33:00+08:00,2026-02-16T23:56:59+08:00,590,826,0,0,23,0,0,0,0,0,0,0,,
2026-03-23T23:10:00+08:00,2026-03-23T23:56:59+08:00,1239,1534,0,0,46,0,0,0,0,0,0,0,,
2026-03-30T23:11:00+08:00,2026-03-30T23:59:59+08:00,2099,0,0,0,48,0,0,0,0,0,0,0,,
2026-01-08T23:06:00+08:00,2026-01-08T23:57:59+08:00,959,2159,0,0,51,0,0,0,0,0,0,0,,
2026-04-27T18:42:00+08:00,2026-04-27T23:59:59+08:00,2578,1859,2279,7559,125,7140,0,0,0,0,0,0,,
2026-01-07T21:31:00+08:00,2026-01-07T23:59:59+08:00,4799,2399,1739,0,148,0,0,0,0,0,0,0,,
2026-02-23T23:39:00+08:00,2026-02-23T23:53:59+08:00,899,0,0,0,14,0,0,0,0,0,0,0,,
2026-01-29T23:03:00+08:00,2026-01-29T23:59:59+08:00,2006,1357,0,0,56,0,0,0,0,0,0,0,,
2026-03-28T22:27:00+08:00,2026-03-28T23:59:59+08:00,2006,2596,0,767,77,0,0,0,0,0,0,0,,
2026-04-19T23:34:00+08:00,2026-04-19T23:59:59+08:00,590,944,0,0,25,0,0,0,0,0,0,0,,
2026-03-13T23:07:00+08:00,2026-03-13T23:59:59+08:00,531,1947,649,0,52,0,0,0,0,0,0,0,,
2026-04-06T23:08:00+08:00,2026-04-06T23:53:59+08:00,1319,1439,0,0,45,0,0,0,0,0,0,0,,
2026-02-01T22:16:00+08:00,2026-02-01T23:59:59+08:00,3776,1711,590,0,102,0,0,0,0,0,0,0,,
2026-08-12T21:55:00+08:00,2026-08-12T23:59:59+08:00,2773,3717,826,0,123,0,0,0,0,0,0,0,,
2026-08-19T00:08:00+08:00,2026-08-19T07:39:00+08:00,12720,5820,3720,2760,2,720,0,0,0,70,58,91,"{""1"":[0,8580],""2"":[720,1560,7200],""3"":[1140,5400,20520],""4"":[6540,20520]}",
2026-08-19T16:28:00+08:00,2026-08-19T17:43:00+08:00,3720,0,0,780,1,360,0,0,0,60,54,77,"{""1"":[0],""2"":[360,2280],""3"":[2220,2280],""4"":[4500]}",
2026-08-19T16:36:00+08:00,2026-08-19T17:41:00+08:00,3300,360,0,240,0,240,0,0,0,61,58,67,,
2026-08-19T22:43:00+08:00,2026-08-20T06:48:00+08:00,17580,4500,5520,1140,2,600,0,0,0,63,52,79,"{""1"":[0,27000],""2"":[600,22560,3840],""3"":[22620,4020,2460],""4"":[26640,2460]}",
2026-08-20T22:25:00+08:00,2026-08-21T06:31:00+08:00,15840,4080,8040,1200,1,600,0,0,0,63,52,80,"{""1"":[0],""2"":[600,26220],""3"":[26220,2940],""4"":[29160]}",
2026-08-21T23:35:00+08:00,2026-08-22T07:27:00+08:00,9960,7020,8880,2280,2,960,0,0,0,67,57,86,"{""1"":[0,25980],""2"":[960,18840,6180],""3"":[19440,5400,3480],""4"":[25800,2520]}",
2026-08-22T20:48:00+08:00,2026-08-22T23:59:59+08:00,3779,2399,0,240,66,240,0,0,0,70,66,72,,
2026-08-22T22:29:00+08:00,2026-08-23T07:09:00+08:00,23220,2340,4200,1440,1,900,0,0,0,63,53,78,"{""1"":[0],""2"":[900,2340],""3"":[2700,28500],""4"":[31200]}",
2026-08-23T21:58:00+08:00,2026-08-24T04:01:00+08:00,10080,2640,1980,5040,1,3720,0,0,0,66,57,100,"{""1"":[0,7080],""2"":[3720,4680],""3"":[5040,16740],""4"":[5040,16740]}",
2026-08-27T21:58:00+08:00,2026-08-28T06:29:00+08:00,20280,6600,3240,540,0,540,0,0,0,69,55,78,"{""1"":[0],""2"":[540],""3"":[30660],""4"":[30660]}",
2026-08-28T20:11:00+08:00,2026-08-28T20:45:00+08:00,300,1500,0,240,0,240,0,0,0,87,87,88,,
2026-08-28T22:10:00+08:00,2026-08-29T06:59:00+08:00,19140,3900,5640,3060,2,2160,0,0,0,69,61,83,"{""1"":[0],""2"":[2160,3240,23160],""3"":[5040,22980,3720],""4"":[31740]}",
2026-08-19T22:53:00+08:00,2026-08-19T23:56:59+08:00,1379,2459,0,0,63,0,0,0,0,0,0,0,,
2026-08-23T23:00:00+08:00,2026-08-23T23:21:59+08:00,1319,0,0,0,21,0,0,0,0,0,0,0,,
2026-08-20T22:35:00+08:00,2026-08-20T23:59:59+08:00,1019,2459,1619,0,84,0,0,0,0,0,0,0,,
2026-08-22T22:45:00+08:00,2026-08-22T23:59:59+08:00,2219,1739,0,0,65,0,0,0,0,0,0,0,,
2026-03-04T22:06:00+08:00,2026-03-04T23:59:59+08:00,3479,2747,599,0,113,0,0,0,0,0,0,0,,
2026-04-04T23:31:00+08:00,2026-04-04T23:56:59+08:00,472,1062,0,0,25,0,0,0,0,0,0,0,,
2026-03-14T22:20:00+08:00,2026-03-14T23:59:59+08:00,1888,2655,0,0,76,0,0,0,0,0,0,0,,
2026-02-23T23:39:00+08:00,2026-02-23T23:59:59+08:00,885,354,0,0,20,0,0,0,0,0,0,0,,
2026-02-22T22:28:00+08:00,2026-02-22T23:59:59+08:00,2065,885,0,2242,50,1620,0,0,0,0,0,0,,
2026-04-21T23:31:00+08:00,2026-04-21T23:59:59+08:00,0,1475,236,0,28,0,0,0,0,0,0,0,,
2026-08-29T23:49:00+08:00,2026-08-30T07:16:00+08:00,14700,5340,5880,900,0,900,0,0,0,65,56,81,"{""1"":[0],""2"":[900],""3"":[26820],""4"":[26820]}",
2026-08-30T20:17:00+08:00,2026-08-30T23:50:00+08:00,11641,300,599,240,0,240,0,0,0,116,61,215,,
2026-08-30T20:17:00+08:00,2026-08-31T00:52:00+08:00,11641,300,4319,240,0,240,0,0,0,125,61,215,,
2026-08-30T22:55:00+08:00,2026-08-31T06:14:00+08:00,15000,3420,4380,3540,1,3180,0,0,0,62,52,89,"{""1"":[0],""2"":[3180,19140],""3"":[21960,4380],""4"":[26340]}",
2026-08-31T23:19:00+08:00,2026-09-01T06:37:00+08:00,16020,2820,6840,600,0,600,0,0,0,63,51,71,"{""1"":[0],""2"":[600],""3"":[26280],""4"":[26280]}",
2026-09-01T18:50:00+08:00,2026-09-01T20:24:00+08:00,360,1080,3480,720,0,720,0,0,0,78,66,86,,
2026-09-02T00:42:00+08:00,2026-09-02T07:54:00+08:00,16260,3540,3780,2340,0,2340,0,0,0,65,55,96,"{""1"":[0],""2"":[2340],""3"":[25920],""4"":[25920]}",
2026-09-02T22:29:00+08:00,2026-09-03T07:09:00+08:00,17580,5700,6480,1200,2,840,0,0,0,65,54,79,"{""1"":[0,29160],""2"":[840,3780,24540],""3"":[4260,24660,2280],""4"":[28920,2280]}",
2026-09-03T22:56:00+08:00,2026-09-04T06:25:00+08:00,16380,4800,3120,2640,1,1800,0,0,0,65,55,93,"{""1"":[0],""2"":[1800,23520],""3"":[24480,2460],""4"":[26940]}",
2026-09-05T01:14:00+08:00,2026-09-05T07:25:00+08:00,15000,3360,3240,360,1,360,0,0,0,67,54,79,"{""1"":[0,21420],""2"":[360,21060],""3"":[21120,1140],""4"":[21120,1140]}",
2026-09-05T22:36:00+08:00,2026-09-06T06:14:00+08:00,21420,3000,2040,840,1,660,0,0,0,68,48,88,"{""1"":[0,18900],""2"":[660,18420],""3"":[18720,8760],""4"":[18720,8760]}",
2026-09-06T22:33:00+08:00,2026-09-07T06:33:00+08:00,20460,2280,4080,1560,3,720,0,0,0,65,48,79,"{""1"":[0,16680,10620],""2"":[720,16380,9120,1140],""3"":[16500,9360,1200,1740],""4"":[16500,10560,1740]}",
2026-09-07T22:47:00+08:00,2026-09-08T06:33:00+08:00,23460,1560,1800,720,1,720,0,0,0,65,48,81,"{""1"":[0,26040],""2"":[720,25320],""3"":[25620,2340],""4"":[25620,2340]}",
2026-09-07T22:22:00+08:00,2026-09-08T06:10:00+08:00,5699,0,0,240,61,240,0,0,0,67,61,74,,
2026-09-08T23:45:00+08:00,2026-09-09T07:09:00+08:00,23700,1260,0,1440,3,600,0,0,0,68,49,89,"{""1"":[0,16320],""2"":[600,900,1020,13800],""3"":[1080,1020,13980,10560],""4"":[16080,10560]}",
2026-09-09T23:40:00+08:00,2026-09-10T07:30:00+08:00,23640,1620,1560,600,2,600,0,0,0,63,50,81,"{""1"":[0,10800,16080],""2"":[600,10200,16080],""3"":[10200,16500,1500],""4"":[10200,16500,1500]}",
2026-09-10T23:02:00+08:00,2026-09-11T06:48:00+08:00,23700,660,1320,1620,5,660,0,0,0,65,47,82,"{""1"":[0,16260,10380,660],""2"":[660,5100,10500,8460,1920,660],""3"":[5400,10680,8040,2160,900,780],""4"":[16080,10200,900,780]}",
2026-09-11T23:10:00+08:00,2026-09-12T08:02:00+08:00,30060,0,1200,660,0,660,0,0,0,63,50,80,"{""1"":[0],""2"":[660],""3"":[31920],""4"":[31920]}",
2026-09-12T22:30:00+08:00,2026-09-13T07:20:00+08:00,24540,2340,1980,2640,3,1680,0,0,0,65,49,93,"{""1"":[0,20280],""2"":[1680,18600,1560,8520],""3"":[19980,1500,8280,2040],""4"":[19980,11820]}",
2026-09-13T09:23:00+08:00,2026-09-13T09:57:00+08:00,1440,0,0,600,0,600,0,0,0,66,52,75,"{""1"":[0],""2"":[600],""3"":[2040],""4"":[2040]}",
2026-09-13T21:55:00+08:00,2026-09-14T06:31:00+08:00,24660,2340,1440,1920,4,900,0,0,0,62,49,76,"{""1"":[0,16380,3000,9960],""2"":[900,7860,7620,3000,9960],""3"":[8400,7860,2880,9300,2520],""4"":[16260,2880,9960,1860]}",
2026-09-14T22:59:00+08:00,2026-09-15T04:55:00+08:00,15660,900,1980,2220,3,1740,0,0,0,66,47,97,"{""1"":[0,10560,7440],""2"":[1740,8880,1800,5580],""3"":[10380,1620,5580,3780],""4"":[10380,7200,3780]}",
2026-03-15T22:17:00+08:00,2026-03-15T23:53:59+08:00,2268,899,0,2242,12,1260,0,0,0,0,0,0,,
2026-04-02T22:22:00+08:00,2026-04-02T23:55:59+08:00,2257,0,0,0,22,0,0,0,0,0,0,0,,
2026-09-15T23:29:00+08:00,2026-09-16T08:08:00+08:00,17160,3180,1980,3900,3,2460,0,0,0,70,49,106,"{""1"":[0,3660,12240,11280],""2"":[2460,1260,13560,9900],""3"":[3420,7980,15600,4140],""4"":[3420,7980,15600,4140]}",
2026-09-16T22:44:00+08:00,2026-09-17T07:21:00+08:00,18420,3360,2040,4140,3,3120,0,0,0,64,45,94,"{""1"":[0,8880,15120],""2"":[3120,6300,14700,5400],""3"":[6000,17820,5340,1860],""4"":[6000,17820,7200]}",
2026-09-17T22:27:00+08:00,2026-09-18T07:02:00+08:00,25080,1560,960,2280,5,780,0,0,0,63,49,81,"{""1"":[0,7020,9420,6300,6480],""2"":[780,6300,9600,1920,4980,5640],""3"":[6840,9300,2100,4320,6300,2040],""4"":[6840,9300,6420,6300,2040]}",
2026-09-18T22:44:00+08:00,2026-09-18T23:36:00+08:00,1080,840,900,300,0,300,0,0,0,129,77,147,,
2026-09-18T23:08:00+08:00,2026-09-19T07:12:00+08:00,24300,1680,0,3060,2,2220,0,0,0,65,48,87,"{""1"":[0],""2"":[2220,12840,12960],""3"":[14640,12960,1440],""4"":[29040]}",
2026-09-11T23:21:00+08:00,2026-09-11T23:59:59+08:00,2339,0,0,0,38,0,0,0,0,0,0,0,,
2026-09-06T22:45:00+08:00,2026-09-06T23:59:59+08:00,2399,2099,0,0,74,0,0,0,0,0,0,0,,
2026-09-12T22:58:00+08:00,2026-09-12T23:56:59+08:00,3539,0,0,0,58,0,0,0,0,0,0,0,,
2026-09-10T23:13:00+08:00,2026-09-10T23:59:59+08:00,2819,0,0,0,46,0,0,0,0,0,0,0,,
2026-09-13T22:10:00+08:00,2026-09-13T23:59:59+08:00,5699,899,0,0,109,0,0,0,0,0,0,0,,
2026-09-14T23:28:00+08:00,2026-09-14T23:59:59+08:00,1559,359,0,0,31,0,0,0,0,0,0,0,,
2026-08-28T23:40:00+08:00,2026-08-28T23:59:59+08:00,1199,0,0,0,0,0,0,0,0,0,0,0,,
2026-03-10T23:22:00+08:00,2026-03-10T23:57:00+08:00,1260,839,0,0,0,0,0,0,0,0,0,0,,
2026-01-15T23:27:00+08:00,2026-01-15T23:59:59+08:00,0,1259,719,0,0,0,0,0,0,0,0,0,,
2026-09-05T22:47:00+08:00,2026-09-05T23:59:59+08:00,2279,2099,0,0,72,0,0,0,0,0,0,0,,
2026-04-11T21:49:00+08:00,2026-04-11T23:59:59+08:00,3176,1079,720,2868,8,240,0,0,0,0,0,0,,
2026-08-31T23:29:00+08:00,2026-08-31T23:59:59+08:00,1859,0,0,0,0,0,0,0,0,0,0,0,,
2026-09-02T22:46:00+08:00,2026-09-02T23:59:59+08:00,2519,1558,0,359,1,0,0,0,0,0,0,0,,
2026-09-03T23:26:00+08:00,2026-09-03T23:56:59+08:00,1859,0,0,0,0,0,0,0,0,0,0,0,,
2026-01-19T23:18:00+08:00,2026-01-19T23:52:59+08:00,599,1499,0,0,0,0,0,0,0,0,0,0,,
2026-01-21T23:25:00+08:00,2026-01-21T23:59:59+08:00,0,1499,599,0,0,0,0,0,0,0,0,0,,
2026-03-20T20:22:00+08:00,2026-03-20T22:47:59+08:00,1499,0,899,6359,0,0,0,0,0,0,0,0,,
2026-08-27T22:11:00+08:00,2026-08-27T23:49:59+08:00,1979,3959,0,0,0,0,0,0,0,0,0,0,,
2026-09-07T22:22:00+08:00,2026-09-07T23:59:59+08:00,3659,0,0,240,60,2220,0,0,0,0,0,0,,
2026-09-19T23:28:00+08:00,2026-09-20T08:22:00+08:00,22800,1560,1020,3300,4,600,0,0,0,62,45,102,"{""1"":[0,6660,22680],""2"":[600,2220,4620,11880,10140],""3"":[1440,2100,15360,10200,2940],""4"":[3540,25560,2940]}",
2026-09-20T22:48:00+08:00,2026-09-21T04:37:00+08:00,15600,0,1380,3180,3,840,1140,0,0,69,50,97,"{""1"":[0,14400,900,1260],""2"":[840,12360,2280,1080],""3"":[12840,1260,2220,3480],""4"":[14100,960,1260,4620]}",
2026-09-21T22:42:00+08:00,2026-09-22T06:38:00+08:00,20040,3240,4020,1080,2,660,0,0,0,64,48,79,"{""1"":[0,16560],""2"":[660,15900,10440],""3"":[16380,10200,1980],""4"":[16380,12180]}",
2026-09-22T23:28:00+08:00,2026-09-23T07:01:00+08:00,24120,900,1020,600,2,540,0,0,0,63,49,78,"{""1"":[0,15360,10260],""2"":[540,14880,10200],""3"":[15060,10320,1800],""4"":[15060,10320,1800]}",
2026-09-23T14:13:00+08:00,2026-09-23T15:21:00+08:00,1320,2520,0,240,0,240,0,0,0,74,69,79,,
2026-09-23T22:44:00+08:00,2026-09-24T05:06:00+08:00,18120,1980,60,2040,5,720,0,0,0,64,47,100,"{""1"":[0,5640,180,6840,7740],""2"":[720,4920,240,6840,7680,1560],""3"":[5460,240,6840,7560,660,2160],""4"":[5460,240,6840,7560,2820]}",
2026-09-24T22:43:00+08:00,2026-09-25T07:33:00+08:00,26880,2400,1380,960,2,600,0,0,0,62,47,79,"{""1"":[0,12120],""2"":[600,11520,18360],""3"":[11940,18180,1680],""4"":[11940,19860]}",
2026-08-28T22:10:00+08:00,2026-08-28T23:59:59+08:00,1378,1319,1379,2519,1,0,0,0,0,0,0,0,,
2026-09-25T23:45:00+08:00,2026-09-26T07:10:00+08:00,19140,1500,2640,3420,2,720,0,0,0,65,51,100,"{""1"":[0],""2"":[720,20880,3300],""3"":[20460,2880,3360],""4"":[26700]}",
2026-09-27T00:46:00+08:00,2026-09-27T08:12:00+08:00,22620,2460,660,1020,1,540,0,0,0,65,47,80,"{""1"":[0],""2"":[540,15780],""3"":[15840,10920],""4"":[26760]}",
