from,to,"from (manual)","to (manual)",Timezone,"Activity type",Data,GPS,Modified
2022-11-08T11:49:31+08:00,2022-11-08T12:29:20+08:00,,,Australia/Perth,Walking,"{""calories"":166,""intensity"":30,""manual_distance"":0,""manual_calories"":0,""hr_average"":0,""hr_min"":0,""hr_max"":0,""hr_zone_0"":0,""hr_zone_1"":0,""hr_zone_2"":0,""hr_zone_3"":0,""pause_duration"":0,""steps"":3443,""distance"":2437,""elevation"":40,""metcumul"":40}",,2022-11-25T10:58:35+08:00
2022-11-10T14:44:23+08:00,2022-11-10T15:21:42+08:00,,,Australia/Perth,Walking,"{""calories"":156,""intensity"":30,""manual_distance"":0,""manual_calories"":0,""hr_average"":0,""hr_min"":0,""hr_max"":0,""hr_zone_0"":0,""hr_zone_1"":0,""hr_zone_2"":0,""hr_zone_3"":0,""pause_duration"":0,""steps"":2823,""distance"":1998,""elevation"":37,""metcumul"":37}",,2022-11-25T10:58:36+08:00
2022-11-13T15:06:00+08:00,2022-11-13T15:24:00+08:00,,,Australia/Perth,Walking,"{""calories"":74,""intensity"":30,""manual_distance"":0,""manual_calories"":0,""hr_average"":0,""hr_min"":0,""hr_max"":0,""hr_zone_0"":0,""hr_zone_1"":0,""hr_zone_2"":0,""hr_zone_3"":0,""pause_duration"":0,""steps"":1374,""distance"":972,""elevation"":18,""metcumul"":18}",,2022-12-01T07:22:43+08:00
2022-11-13T18:10:10+08:00,2022-11-13T18:49:19+08:00,,,Australia/Perth,Walking,"{""calories"":162,""intensity"":30,""manual_distance"":0,""manual_calories"":0,""hr_average"":0,""hr_min"":0,""hr_max"":0,""hr_zone_0"":0,""hr_zone_1"":0,""hr_zone_2"":0,""hr_zone_3"":0,""pause_duration"":0,""steps"":2496,""distance"":1767,""elevation"":31,""metcumul"":31}",,2022-12-01T07:22:44+08:00
2022-11-17T12:47:47+08:00,2022-11-17T13:15:45+08:00,,,Australia/Perth,Walking,"{""calories"":116,""intensity"":30,""manual_distance"":0,""manual_calories"":0,""hr_average"":0,""hr_min"":0,""hr_max"":0,""hr_zone_0"":0,""hr_zone_1"":0,""hr_zone_2"":0,""hr_zone_3"":0,""pause_duration"":0,""steps"":2030,""distance"":1437,""elevation"":24,""metcumul"":24}",,2022-12-04T23:44:50+08:00
2022-11-19T16:25:21+08:00,2022-11-20T17:56:54+08:00,,,Australia/Perth,Walking,"{""calories"":18,""intensity"":30,""manual_distance"":0,""manual_calories"":0,""hr_average"":0,""hr_min"":0,""hr_max"":0,""hr_zone_0"":0,""hr_zone_1"":0,""hr_zone_2"":0,""hr_zone_3"":0,""pause_duration"":0,""steps"":45,""distance"":30,""elevation"":0,""metcumul"":0}",,2022-11-22T21:45:01+08:00
2022-11-20T17:57:05+08:00,2022-11-20T18:57:51+08:00,,,Australia/Perth,Walking,"{""calories"":299,""intensity"":30,""manual_distance"":0,""manual_calories"":0,""hr_average"":0,""hr_min"":0,""hr_max"":0,""hr_zone_0"":0,""hr_zone_1"":0,""hr_zone_2"":0,""hr_zone_3"":0,""pause_duration"":0,""steps"":85,""distance"":21,""elevation"":0,""metcumul"":0}",,2022-11-22T21:45:02+08:00
2022-11-22T08:23:44+08:00,2022-11-22T08:40:27+08:00,,,Australia/Perth,Cycling,"{""calories"":87,""intensity"":30,""manual_distance"":0,""manual_calories"":0,""hr_average"":0,""hr_min"":0,""hr_max"":0,""hr_zone_0"":0,""hr_zone_1"":0,""hr_zone_2"":0,""hr_zone_3"":0,""pause_duration"":0,""steps"":15,""distance"":408,""elevation"":0,""metcumul"":0}",,2022-11-22T21:45:02+08:00
2022-10-27T18:35:06+08:00,2022-10-27T18:53:00+08:00,,,Australia/Perth,Walking,"{""calories"":75,""intensity"":30,""manual_distance"":0,""manual_calories"":0,""hr_average"":0,""hr_min"":0,""hr_max"":0,""hr_zone_0"":0,""hr_zone_1"":0,""hr_zone_2"":0,""hr_zone_3"":0,""pause_duration"":0,""steps"":1311,""distance"":928,""elevation"":18,""metcumul"":18}",,2022-11-27T10:40:06+08:00
2022-10-28T12:06:38+08:00,2022-10-28T12:14:00+08:00,,,Australia/Perth,Walking,"{""calories"":30,""intensity"":30,""manual_distance"":0,""manual_calories"":0,""hr_average"":0,""hr_min"":0,""hr_max"":0,""hr_zone_0"":0,""hr_zone_1"":0,""hr_zone_2"":0,""hr_zone_3"":0,""pause_duration"":0,""steps"":685,""distance"":485,""elevation"":8,""metcumul"":8}",,2022-11-27T10:40:07+08:00
2022-10-29T14:37:28+08:00,2022-10-29T14:41:00+08:00,,,Australia/Perth,Walking,"{""calories"":14,""intensity"":30,""manual_distance"":0,""manual_calories"":0,""hr_average"":0,""hr_min"":0,""hr_max"":0,""hr_zone_0"":0,""hr_zone_1"":0,""hr_zone_2"":0,""hr_zone_3"":0,""pause_duration"":0,""steps"":326,""distance"":230,""elevation"":4,""metcumul"":4}",,2022-11-27T10:40:07+08:00
2022-10-29T15:01:00+08:00,2022-10-29T15:10:00+08:00,,,Australia/Perth,Walking,"{""calories"":37,""intensity"":30,""manual_distance"":0,""manual_calories"":0,""hr_average"":0,""hr_min"":0,""hr_max"":0,""hr_zone_0"":0,""hr_zone_1"":0,""hr_zone_2"":0,""hr_zone_3"":0,""pause_duration"":0,""steps"":780,""distance"":552,""elevation"":9,""metcumul"":9}",,2022-11-27T10:40:07+08:00
2022-10-29T18:05:48+08:00,2022-10-29T18:20:00+08:00,,,Australia/Perth,Walking,"{""calories"":59,""intensity"":30,""manual_distance"":0,""manual_calories"":0,""hr_average"":0,""hr_min"":0,""hr_max"":0,""hr_zone_0"":0,""hr_zone_1"":0,""hr_zone_2"":0,""hr_zone_3"":0,""pause_duration"":0,""steps"":1136,""distance"":804,""elevation"":15,""metcumul"":15}",,2022-11-27T10:40:08+08:00
2022-10-31T15:40:15+08:00,2022-10-31T16:03:00+08:00,,,Australia/Perth,Walking,"{""calories"":95,""intensity"":30,""manual_distance"":0,""manual_calories"":0,""hr_average"":0,""hr_min"":0,""hr_max"":0,""hr_zone_0"":0,""hr_zone_1"":0,""hr_zone_2"":0,""hr_zone_3"":0,""pause_duration"":0,""steps"":1487,""distance"":1052,""elevation"":23,""metcumul"":23}",,2022-11-27T10:40:08+08:00
2022-11-02T08:27:43+08:00,2022-11-02T08:44:00+08:00,,,Australia/Perth,Walking,"{""calories"":68,""intensity"":30,""manual_distance"":0,""manual_calories"":0,""hr_average"":0,""hr_min"":0,""hr_max"":0,""hr_zone_0"":0,""hr_zone_1"":0,""hr_zone_2"":0,""hr_zone_3"":0,""pause_duration"":0,""steps"":1473,""distance"":1042,""elevation"":17,""metcumul"":17}",,2022-11-27T10:40:09+08:00
2022-11-02T13:12:07+08:00,2022-11-02T13:42:00+08:00,,,Australia/Perth,Walking,"{""calories"":126,""intensity"":30,""manual_distance"":0,""manual_calories"":0,""hr_average"":0,""hr_min"":0,""hr_max"":0,""hr_zone_0"":0,""hr_zone_1"":0,""hr_zone_2"":0,""hr_zone_3"":0,""pause_duration"":0,""steps"":2520,""distance"":1784,""elevation"":30,""metcumul"":30}",,2022-11-23T19:38:00+08:00
2022-11-02T17:05:00+08:00,2022-11-02T17:14:00+08:00,,,Australia/Perth,Walking,"{""calories"":38,""intensity"":30,""manual_distance"":0,""manual_calories"":0,""hr_average"":0,""hr_min"":0,""hr_max"":0,""hr_zone_0"":0,""hr_zone_1"":0,""hr_zone_2"":0,""hr_zone_3"":0,""pause_duration"":0,""steps"":907,""distance"":642,""elevation"":9,""metcumul"":9}",,2022-11-23T19:38:00+08:00
2022-11-02T17:27:30+08:00,2022-11-02T17:32:00+08:00,,,Australia/Perth,Walking,"{""calories"":19,""intensity"":30,""manual_distance"":0,""manual_calories"":0,""hr_average"":0,""hr_min"":0,""hr_max"":0,""hr_zone_0"":0,""hr_zone_1"":0,""hr_zone_2"":0,""hr_zone_3"":0,""pause_duration"":0,""steps"":431,""distance"":305,""elevation"":5,""metcumul"":5}",,2022-11-23T19:38:01+08:00
2022-11-03T08:30:58+08:00,2022-11-03T09:08:00+08:00,,,Australia/Perth,Walking,"{""calories"":156,""intensity"":30,""manual_distance"":0,""manual_calories"":0,""hr_average"":0,""hr_min"":0,""hr_max"":0,""hr_zone_0"":0,""hr_zone_1"":0,""hr_zone_2"":0,""hr_zone_3"":0,""pause_duration"":0,""steps"":3225,""distance"":2298,""elevation"":38,""metcumul"":38}",,2022-11-27T10:40:09+08:00
2022-11-06T17:16:00+08:00,2022-11-06T17:49:00+08:00,,,Australia/Perth,Walking,"{""calories"":137,""intensity"":30,""manual_distance"":0,""manual_calories"":0,""hr_average"":0,""hr_min"":0,""hr_max"":0,""hr_zone_0"":0,""hr_zone_1"":0,""hr_zone_2"":0,""hr_zone_3"":0,""pause_duration"":0,""steps"":2362,""distance"":1672,""elevation"":32,""metcumul"":32}",,2022-11-25T10:58:35+08:00
2022-11-07T14:47:15+08:00,2022-11-07T15:20:00+08:00,,,Australia/Perth,Walking,"{""calories"":136,""intensity"":30,""manual_distance"":0,""manual_calories"":0,""hr_average"":0,""hr_min"":0,""hr_max"":0,""hr_zone_0"":0,""hr_zone_1"":0,""hr_zone_2"":0,""hr_zone_3"":0,""pause_duration"":0,""steps"":2800,""distance"":2013,""elevation"":33,""metcumul"":33}",,2022-11-25T10:58:36+08:00
2022-11-23T08:38:49+08:00,2022-11-23T08:58:00+08:00,,,Australia/Perth,Walking,"{""calories"":79,""intensity"":30,""manual_distance"":0,""manual_calories"":0,""hr_average"":0,""hr_min"":0,""hr_max"":0,""hr_zone_0"":0,""hr_zone_1"":0,""hr_zone_2"":0,""hr_zone_3"":0,""pause_duration"":0,""steps"":11,""distance"":0,""elevation"":0,""metcumul"":0}",,2022-11-24T07:28:31+08:00
2022-11-25T16:42:07+08:00,2022-11-25T16:55:00+08:00,,,Australia/Perth,Walking,"{""calories"":53,""intensity"":30,""manual_distance"":0,""manual_calories"":0,""hr_average"":0,""hr_min"":0,""hr_max"":0,""hr_zone_0"":0,""hr_zone_1"":0,""hr_zone_2"":0,""hr_zone_3"":0,""pause_duration"":0,""steps"":26,""distance"":37,""elevation"":0,""metcumul"":0}",,2022-11-26T08:40:10+08:00
2022-11-27T17:22:09+08:00,2022-11-27T17:45:29+08:00,,,Australia/Perth,Walking,"{""calories"":95,""intensity"":30,""manual_distance"":0,""manual_calories"":0,""hr_average"":0,""hr_min"":0,""hr_max"":0,""hr_zone_0"":0,""hr_zone_1"":0,""hr_zone_2"":0,""hr_zone_3"":0,""pause_duration"":0,""steps"":82,""distance"":0,""elevation"":0,""metcumul"":0}",,2022-11-28T08:36:54+08:00
2022-11-28T18:10:00+08:00,2022-11-28T18:38:00+08:00,,,Australia/Perth,Walking,"{""calories"":115,""intensity"":30,""manual_distance"":0,""manual_calories"":0,""hr_average"":0,""hr_min"":0,""hr_max"":0,""hr_zone_0"":0,""hr_zone_1"":0,""hr_zone_2"":0,""hr_zone_3"":0,""pause_duration"":0,""steps"":76,""distance"":44,""elevation"":0,""metcumul"":0}",,2022-11-29T08:08:32+08:00
2022-12-04T15:52:56+08:00,2022-12-04T15:57:00+08:00,,,Australia/Perth,Walking,"{""calories"":16,""intensity"":30,""manual_distance"":0,""manual_calories"":0,""hr_average"":0,""hr_min"":0,""hr_max"":0,""hr_zone_0"":0,""hr_zone_1"":0,""hr_zone_2"":0,""hr_zone_3"":0,""pause_duration"":0,""steps"":4,""distance"":0,""elevation"":0,""metcumul"":0}",,2022-12-06T21:55:59+08:00
2022-12-06T07:25:13+08:00,2022-12-06T07:36:00+08:00,,,Australia/Perth,Walking,"{""calories"":44,""intensity"":30,""manual_distance"":0,""manual_calories"":0,""hr_average"":0,""hr_min"":0,""hr_max"":0,""hr_zone_0"":0,""hr_zone_1"":0,""hr_zone_2"":0,""hr_zone_3"":0,""pause_duration"":0,""steps"":67,""distance"":17,""elevation"":0,""metcumul"":0}",,2022-12-06T21:56:00+08:00
2022-12-02T08:33:59+08:00,2022-12-02T08:58:05+08:00,,,Australia/Perth,Cycling,"{""calories"":125,""intensity"":30,""manual_distance"":0,""manual_calories"":0,""hr_average"":0,""hr_min"":0,""hr_max"":0,""hr_zone_0"":0,""hr_zone_1"":0,""hr_zone_2"":0,""hr_zone_3"":0,""pause_duration"":0,""steps"":6,""distance"":235,""elevation"":0,""metcumul"":0}",,2022-12-08T09:37:10+08:00
2022-12-02T15:09:06+08:00,2022-12-02T15:25:08+08:00,,,Australia/Perth,Cycling,"{""calories"":83,""intensity"":30,""manual_distance"":0,""manual_calories"":0,""hr_average"":0,""hr_min"":0,""hr_max"":0,""hr_zone_0"":0,""hr_zone_1"":0,""hr_zone_2"":0,""hr_zone_3"":0,""pause_duration"":0,""steps"":1,""distance"":15,""elevation"":0,""metcumul"":0}",,2022-12-08T09:37:10+08:00
2022-12-06T08:29:43+08:00,2022-12-06T08:48:43+08:00,,,Australia/Perth,Cycling,"{""calories"":99,""intensity"":30,""manual_distance"":0,""manual_calories"":0,""hr_average"":0,""hr_min"":0,""hr_max"":0,""hr_zone_0"":0,""hr_zone_1"":0,""hr_zone_2"":0,""hr_zone_3"":0,""pause_duration"":0,""steps"":28,""distance"":7,""elevation"":0,""metcumul"":0}",,2022-12-08T09:37:11+08:00
2022-12-06T18:30:00+08:00,2022-12-06T19:30:00+08:00,,,Australia/Perth,Swimming,"{""calories"":0,""hr_average"":0,""hr_min"":0,""hr_max"":0,""hr_zone_0"":0,""hr_zone_1"":0,""hr_zone_2"":0,""hr_zone_3"":0,""pause_duration"":0,""algo_pause_duration"":0,""laps"":0,""mvts"":0,""type"":9}",,2022-12-08T09:37:11+08:00
2022-12-08T06:07:48+08:00,2022-12-08T07:20:04+08:00,,,Australia/Perth,Cycling,"{""calories"":376,""intensity"":30,""manual_distance"":0,""manual_calories"":0,""hr_average"":0,""hr_min"":0,""hr_max"":0,""hr_zone_0"":0,""hr_zone_1"":0,""hr_zone_2"":0,""hr_zone_3"":0,""pause_duration"":0,""steps"":26,""distance"":0,""elevation"":0,""metcumul"":0}",,2022-12-08T09:37:12+08:00
2022-12-10T18:21:37+08:00,2022-12-10T18:26:00+08:00,,,Australia/Perth,Walking,"{""calories"":17,""intensity"":30,""manual_distance"":0,""manual_calories"":0,""hr_average"":0,""hr_min"":0,""hr_max"":0,""hr_zone_0"":0,""hr_zone_1"":0,""hr_zone_2"":0,""hr_zone_3"":0,""pause_duration"":0,""steps"":33,""distance"":0,""elevation"":0,""metcumul"":0}",,2022-12-11T10:40:42+08:00
2022-12-10T23:41:09+08:00,2022-12-10T23:45:00+08:00,,,Australia/Perth,Walking,"{""calories"":15,""intensity"":30,""manual_distance"":0,""manual_calories"":0,""hr_average"":0,""hr_min"":0,""hr_max"":0,""hr_zone_0"":0,""hr_zone_1"":0,""hr_zone_2"":0,""hr_zone_3"":0,""pause_duration"":0,""steps"":36,""distance"":14,""elevation"":0,""metcumul"":0}",,2022-12-11T10:40:42+08:00
2022-12-14T09:10:07+08:00,2022-12-14T09:28:00+08:00,,,Australia/Perth,Walking,"{""calories"":73,""intensity"":30,""manual_distance"":0,""manual_calories"":0,""hr_average"":0,""hr_min"":0,""hr_max"":0,""hr_zone_0"":0,""hr_zone_1"":0,""hr_zone_2"":0,""hr_zone_3"":0,""pause_duration"":0,""steps"":26,""distance"":0,""elevation"":0,""metcumul"":0}",,2022-12-14T13:27:16+08:00
2022-12-16T07:09:00+08:00,2022-12-16T07:20:00+08:00,,,Australia/Perth,Walking,"{""calories"":45,""intensity"":30,""manual_distance"":0,""manual_calories"":0,""hr_average"":0,""hr_min"":0,""hr_max"":0,""hr_zone_0"":0,""hr_zone_1"":0,""hr_zone_2"":0,""hr_zone_3"":0,""pause_duration"":0,""steps"":85,""distance"":8,""elevation"":0,""metcumul"":0}",,2022-12-16T14:14:39+08:00
2022-12-19T18:31:00+08:00,2022-12-19T18:35:00+08:00,,,Australia/Perth,Walking,"{""calories"":16,""intensity"":30,""manual_distance"":0,""manual_calories"":0,""hr_average"":0,""hr_min"":0,""hr_max"":0,""hr_zone_0"":0,""hr_zone_1"":0,""hr_zone_2"":0,""hr_zone_3"":0,""pause_duration"":0,""steps"":94,""distance"":18,""elevation"":0,""metcumul"":0}",,2022-12-22T10:17:23+08:00
2022-12-25T18:24:26+08:00,2022-12-25T19:48:28+08:00,,,Australia/Perth,Walking,"{""calories"":0,""intensity"":30,""manual_distance"":0,""manual_calories"":0,""hr_average"":0,""hr_min"":0,""hr_max"":0,""hr_zone_0"":0,""hr_zone_1"":0,""hr_zone_2"":0,""hr_zone_3"":0,""pause_duration"":0,""steps"":9,""distance"":8,""elevation"":0,""metcumul"":0}",,2022-12-27T13:06:10+08:00
2022-12-26T11:41:13+08:00,2022-12-26T12:12:11+08:00,,,Australia/Perth,Weights,"{""calories"":242,""intensity"":30,""manual_distance"":0,""manual_calories"":0,""hr_average"":0,""hr_min"":0,""hr_max"":0,""hr_zone_0"":0,""hr_zone_1"":0,""hr_zone_2"":0,""hr_zone_3"":0,""pause_duration"":0,""steps"":12,""distance"":10,""elevation"":0,""metcumul"":0}",,2022-12-27T13:06:11+08:00
2022-12-28T10:18:28+08:00,2022-12-28T10:56:25+08:00,,,Australia/Perth,Weights,"{""calories"":296,""intensity"":30,""manual_distance"":0,""manual_calories"":0,""hr_average"":0,""hr_min"":0,""hr_max"":0,""hr_zone_0"":0,""hr_zone_1"":0,""hr_zone_2"":0,""hr_zone_3"":0,""pause_duration"":0,""steps"":9,""distance"":6,""elevation"":0,""metcumul"":0}",,2023-01-08T15:25:31+08:00
2022-12-28T19:07:23+08:00,2022-12-28T19:46:00+08:00,,,Australia/Perth,Walking,"{""calories"":156,""intensity"":30,""manual_distance"":0,""manual_calories"":0,""hr_average"":0,""hr_min"":0,""hr_max"":0,""hr_zone_0"":0,""hr_zone_1"":0,""hr_zone_2"":0,""hr_zone_3"":0,""pause_duration"":0,""steps"":8,""distance"":119,""elevation"":0,""metcumul"":0}",,2023-01-08T15:25:32+08:00
2023-01-03T10:09:08+08:00,2023-01-03T10:44:36+08:00,,,Australia/Perth,Weights,"{""calories"":277,""intensity"":30,""manual_distance"":0,""manual_calories"":0,""hr_average"":0,""hr_min"":0,""hr_max"":0,""hr_zone_0"":0,""hr_zone_1"":0,""hr_zone_2"":0,""hr_zone_3"":0,""pause_duration"":0,""steps"":14,""distance"":0,""elevation"":0,""metcumul"":0}",,2023-01-08T15:25:32+08:00
2023-01-04T15:25:58+08:00,2023-01-04T15:30:00+08:00,,,Australia/Perth,Walking,"{""calories"":16,""intensity"":30,""manual_distance"":0,""manual_calories"":0,""hr_average"":0,""hr_min"":0,""hr_max"":0,""hr_zone_0"":0,""hr_zone_1"":0,""hr_zone_2"":0,""hr_zone_3"":0,""pause_duration"":0,""steps"":2,""distance"":1,""elevation"":0,""metcumul"":0}",,2023-01-08T15:25:33+08:00
2023-01-09T19:17:53+08:00,2023-01-09T19:52:43+08:00,,,Australia/Perth,Weights,"{""calories"":272,""intensity"":30,""manual_distance"":0,""manual_calories"":0,""hr_average"":0,""hr_min"":0,""hr_max"":0,""hr_zone_0"":0,""hr_zone_1"":0,""hr_zone_2"":0,""hr_zone_3"":0,""pause_duration"":0,""steps"":47,""distance"":30,""elevation"":0,""metcumul"":0}",,2023-01-09T22:52:31+08:00
2023-01-11T07:44:03+08:00,2023-01-11T07:55:00+08:00,,,Australia/Perth,Walking,"{""calories"":44,""intensity"":30,""manual_distance"":0,""manual_calories"":0,""hr_average"":0,""hr_min"":0,""hr_max"":0,""hr_zone_0"":0,""hr_zone_1"":0,""hr_zone_2"":0,""hr_zone_3"":0,""pause_duration"":0,""steps"":28,""distance"":0,""elevation"":0,""metcumul"":0}",,2023-01-13T23:09:01+08:00
2023-01-13T08:42:25+08:00,2023-01-13T08:52:00+08:00,,,Australia/Perth,Walking,"{""calories"":39,""intensity"":30,""manual_distance"":0,""manual_calories"":0,""hr_average"":0,""hr_min"":0,""hr_max"":0,""hr_zone_0"":0,""hr_zone_1"":0,""hr_zone_2"":0,""hr_zone_3"":0,""pause_duration"":0,""steps"":55,""distance"":135,""elevation"":0,""metcumul"":0}",,2023-01-13T23:09:01+08:00
2023-01-13T16:47:48+08:00,2023-01-13T16:56:00+08:00,,,Australia/Perth,Walking,"{""calories"":33,""intensity"":30,""manual_distance"":0,""manual_calories"":0,""hr_average"":0,""hr_min"":0,""hr_max"":0,""hr_zone_0"":0,""hr_zone_1"":0,""hr_zone_2"":0,""hr_zone_3"":0,""pause_duration"":0,""steps"":8,""distance"":51,""elevation"":0,""metcumul"":0}",,2023-01-13T23:09:02+08:00
2023-01-14T14:09:56+08:00,2023-01-14T14:48:30+08:00,,,Australia/Perth,Weights,"{""calories"":301,""intensity"":30,""manual_distance"":0,""manual_calories"":0,""hr_average"":0,""hr_min"":0,""hr_max"":0,""hr_zone_0"":0,""hr_zone_1"":0,""hr_zone_2"":0,""hr_zone_3"":0,""pause_duration"":0,""steps"":5,""distance"":28,""elevation"":0,""metcumul"":0}",,2023-01-15T11:20:57+08:00
2023-01-14T18:22:00+08:00,2023-01-14T18:26:00+08:00,,,Australia/Perth,Walking,"{""calories"":16,""intensity"":30,""manual_distance"":0,""manual_calories"":0,""hr_average"":0,""hr_min"":0,""hr_max"":0,""hr_zone_0"":0,""hr_zone_1"":0,""hr_zone_2"":0,""hr_zone_3"":0,""pause_duration"":0,""steps"":109,""distance"":311,""elevation"":0,""metcumul"":0}",,2023-01-15T11:20:57+08:00
2023-01-14T18:53:00+08:00,2023-01-14T19:08:00+08:00,,,Australia/Perth,Walking,"{""calories"":60,""intensity"":30,""manual_distance"":0,""manual_calories"":0,""hr_average"":0,""hr_min"":0,""hr_max"":0,""hr_zone_0"":0,""hr_zone_1"":0,""hr_zone_2"":0,""hr_zone_3"":0,""pause_duration"":0,""steps"":95,""distance"":4,""elevation"":0,""metcumul"":0}",,2023-01-15T11:20:58+08:00
2023-01-15T17:51:00+08:00,2023-01-15T18:22:00+08:00,,,Australia/Perth,Walking,"{""calories"":125,""intensity"":30,""manual_distance"":0,""manual_calories"":0,""hr_average"":0,""hr_min"":0,""hr_max"":0,""hr_zone_0"":0,""hr_zone_1"":0,""hr_zone_2"":0,""hr_zone_3"":0,""pause_duration"":0,""steps"":64,""distance"":55,""elevation"":0,""metcumul"":0}",,2023-01-15T19:54:18+08:00
2023-01-16T18:11:05+08:00,2023-01-16T19:34:44+08:00,,,Australia/Perth,Weights,"{""calories"":468,""intensity"":30,""manual_distance"":0,""manual_calories"":0,""hr_average"":0,""hr_min"":0,""hr_max"":0,""hr_zone_0"":0,""hr_zone_1"":0,""hr_zone_2"":0,""hr_zone_3"":0,""pause_duration"":0,""steps"":11,""distance"":7,""elevation"":0,""metcumul"":0}",,2023-01-18T08:44:21+08:00
2023-01-17T11:15:29+08:00,2023-01-17T11:22:00+08:00,,,Australia/Perth,Walking,"{""calories"":26,""intensity"":30,""manual_distance"":0,""manual_calories"":0,""hr_average"":0,""hr_min"":0,""hr_max"":0,""hr_zone_0"":0,""hr_zone_1"":0,""hr_zone_2"":0,""hr_zone_3"":0,""pause_duration"":0,""steps"":28,""distance"":17,""elevation"":0,""metcumul"":0}",,2023-01-18T08:44:22+08:00
2023-01-17T12:13:37+08:00,2023-01-17T12:19:00+08:00,,,Australia/Perth,Walking,"{""calories"":21,""intensity"":30,""manual_distance"":0,""manual_calories"":0,""hr_average"":0,""hr_min"":0,""hr_max"":0,""hr_zone_0"":0,""hr_zone_1"":0,""hr_zone_2"":0,""hr_zone_3"":0,""pause_duration"":0,""steps"":36,""distance"":300,""elevation"":0,""metcumul"":0}",,2023-01-18T08:44:22+08:00
2023-01-17T18:03:27+08:00,2023-01-17T18:08:00+08:00,,,Australia/Perth,Walking,"{""calories"":18,""intensity"":30,""manual_distance"":0,""manual_calories"":0,""hr_average"":0,""hr_min"":0,""hr_max"":0,""hr_zone_0"":0,""hr_zone_1"":0,""hr_zone_2"":0,""hr_zone_3"":0,""pause_duration"":0,""steps"":47,""distance"":68,""elevation"":0,""metcumul"":0}",,2023-01-18T08:44:23+08:00
2023-01-20T18:59:30+08:00,2023-01-20T19:31:34+08:00,,,Australia/Perth,Walking,"{""calories"":158,""intensity"":30,""manual_distance"":0,""manual_calories"":0,""hr_average"":0,""hr_min"":0,""hr_max"":0,""hr_zone_0"":0,""hr_zone_1"":0,""hr_zone_2"":0,""hr_zone_3"":0,""pause_duration"":0,""steps"":9,""distance"":2,""elevation"":0,""metcumul"":0}",,2023-01-21T09:24:06+08:00
2023-01-21T07:15:41+08:00,2023-01-21T07:46:00+08:00,,,Australia/Perth,Walking,"{""calories"":122,""intensity"":30,""manual_distance"":0,""manual_calories"":0,""hr_average"":0,""hr_min"":0,""hr_max"":0,""hr_zone_0"":0,""hr_zone_1"":0,""hr_zone_2"":0,""hr_zone_3"":0,""pause_duration"":0,""steps"":5,""distance"":14,""elevation"":0,""metcumul"":0}",,2023-01-22T14:57:01+08:00
2023-01-27T17:50:59+08:00,2023-01-27T19:06:59+08:00,,,Australia/Perth,Weights,"{""calories"":468,""intensity"":30,""manual_distance"":0,""manual_calories"":0,""hr_average"":0,""hr_min"":0,""hr_max"":0,""hr_zone_0"":0,""hr_zone_1"":0,""hr_zone_2"":0,""hr_zone_3"":0,""pause_duration"":0,""steps"":5,""distance"":19,""elevation"":0,""metcumul"":0}",,2023-01-29T20:48:05+08:00
2023-01-29T18:03:19+08:00,2023-01-29T18:49:16+08:00,,,Australia/Perth,Walking,"{""calories"":186,""intensity"":30,""manual_distance"":0,""manual_calories"":0,""hr_average"":0,""hr_min"":0,""hr_max"":0,""hr_zone_0"":0,""hr_zone_1"":0,""hr_zone_2"":0,""hr_zone_3"":0,""pause_duration"":0,""steps"":3879,""distance"":2722,""elevation"":46,""metcumul"":46}",,2023-02-04T15:11:42+08:00
2023-01-30T07:41:13+08:00,2023-01-30T07:46:00+08:00,,,Australia/Perth,Walking,"{""calories"":19,""intensity"":30,""manual_distance"":0,""manual_calories"":0,""hr_average"":0,""hr_min"":0,""hr_max"":0,""hr_zone_0"":0,""hr_zone_1"":0,""hr_zone_2"":0,""hr_zone_3"":0,""pause_duration"":0,""steps"":46,""distance"":0,""elevation"":0,""metcumul"":0}",,2023-02-04T15:11:43+08:00
2023-01-31T16:00:20+08:00,2023-01-31T16:16:00+08:00,,,Australia/Perth,Walking,"{""calories"":63,""intensity"":30,""manual_distance"":0,""manual_calories"":0,""hr_average"":0,""hr_min"":0,""hr_max"":0,""hr_zone_0"":0,""hr_zone_1"":0,""hr_zone_2"":0,""hr_zone_3"":0,""pause_duration"":0,""steps"":20,""distance"":0,""elevation"":0,""metcumul"":0}",,2023-02-04T15:11:43+08:00
2023-01-31T18:50:55+08:00,2023-01-31T18:58:00+08:00,,,Australia/Perth,Walking,"{""calories"":28,""intensity"":30,""manual_distance"":0,""manual_calories"":0,""hr_average"":0,""hr_min"":0,""hr_max"":0,""hr_zone_0"":0,""hr_zone_1"":0,""hr_zone_2"":0,""hr_zone_3"":0,""pause_duration"":0,""steps"":1,""distance"":11,""elevation"":0,""metcumul"":0}",,2023-02-04T15:11:44+08:00
2023-02-03T08:42:41+08:00,2023-02-03T08:51:00+08:00,,,Australia/Perth,Walking,"{""calories"":33,""intensity"":30,""manual_distance"":0,""manual_calories"":0,""hr_average"":0,""hr_min"":0,""hr_max"":0,""hr_zone_0"":0,""hr_zone_1"":0,""hr_zone_2"":0,""hr_zone_3"":0,""pause_duration"":0,""steps"":31,""distance"":0,""elevation"":0,""metcumul"":0}",,2023-02-04T15:11:44+08:00
2023-02-08T07:43:11+08:00,2023-02-08T07:49:00+08:00,,,Australia/Perth,Walking,"{""calories"":23,""intensity"":30,""manual_distance"":0,""manual_calories"":0,""hr_average"":0,""hr_min"":0,""hr_max"":0,""hr_zone_0"":0,""hr_zone_1"":0,""hr_zone_2"":0,""hr_zone_3"":0,""pause_duration"":0,""steps"":24,""distance"":0,""elevation"":0,""metcumul"":0}",,2023-02-08T18:12:48+08:00
2023-02-08T17:04:00+08:00,2023-02-08T17:14:00+08:00,,,Australia/Perth,Walking,"{""calories"":40,""intensity"":30,""manual_distance"":0,""manual_calories"":0,""hr_average"":0,""hr_min"":0,""hr_max"":0,""hr_zone_0"":0,""hr_zone_1"":0,""hr_zone_2"":0,""hr_zone_3"":0,""pause_duration"":0,""steps"":89,""distance"":39,""elevation"":0,""metcumul"":0}",,2023-02-08T18:12:49+08:00
2023-02-08T21:45:16+08:00,2023-02-08T21:51:00+08:00,,,Australia/Perth,Walking,"{""calories"":23,""intensity"":30,""manual_distance"":0,""manual_calories"":0,""hr_average"":0,""hr_min"":0,""hr_max"":0,""hr_zone_0"":0,""hr_zone_1"":0,""hr_zone_2"":0,""hr_zone_3"":0,""pause_duration"":0,""steps"":70,""distance"":0,""elevation"":0,""metcumul"":0}",,2023-02-09T17:57:50+08:00
2023-02-11T07:31:32+08:00,2023-02-11T07:40:00+08:00,,,Australia/Perth,Walking,"{""calories"":34,""intensity"":30,""manual_distance"":0,""manual_calories"":0,""hr_average"":0,""hr_min"":0,""hr_max"":0,""hr_zone_0"":0,""hr_zone_1"":0,""hr_zone_2"":0,""hr_zone_3"":0,""pause_duration"":0,""steps"":35,""distance"":0,""elevation"":0,""metcumul"":0}",,2023-02-12T09:03:17+08:00
2023-02-11T13:00:37+08:00,2023-02-11T13:06:00+08:00,,,Australia/Perth,Walking,"{""calories"":21,""intensity"":30,""manual_distance"":0,""manual_calories"":0,""hr_average"":0,""hr_min"":0,""hr_max"":0,""hr_zone_0"":0,""hr_zone_1"":0,""hr_zone_2"":0,""hr_zone_3"":0,""pause_duration"":0,""steps"":30,""distance"":0,""elevation"":0,""metcumul"":0}",,2023-02-12T09:03:18+08:00
2023-02-11T18:29:15+08:00,2023-02-11T18:54:59+08:00,,,Australia/Perth,Walking,"{""calories"":103,""intensity"":30,""manual_distance"":0,""manual_calories"":0,""hr_average"":0,""hr_min"":0,""hr_max"":0,""hr_zone_0"":0,""hr_zone_1"":0,""hr_zone_2"":0,""hr_zone_3"":0,""pause_duration"":0,""steps"":65,""distance"":8,""elevation"":0,""metcumul"":0}",,2023-02-12T09:03:19+08:00
2023-02-12T07:08:53+08:00,2023-02-12T07:56:53+08:00,,,Australia/Perth,Walking,"{""calories"":189,""intensity"":30,""manual_distance"":0,""manual_calories"":0,""hr_average"":0,""hr_min"":0,""hr_max"":0,""hr_zone_0"":0,""hr_zone_1"":0,""hr_zone_2"":0,""hr_zone_3"":0,""pause_duration"":0,""steps"":5,""distance"":0,""elevation"":0,""metcumul"":0}",,2023-02-12T09:03:19+08:00
2023-02-12T18:19:36+08:00,2023-02-12T19:06:11+08:00,,,Australia/Perth,Walking,"{""calories"":187,""intensity"":30,""manual_distance"":0,""manual_calories"":0,""hr_average"":0,""hr_min"":0,""hr_max"":0,""hr_zone_0"":0,""hr_zone_1"":0,""hr_zone_2"":0,""hr_zone_3"":0,""pause_duration"":0,""steps"":4097,""distance"":2875,""elevation"":47,""metcumul"":47}",,2023-02-15T07:07:04+08:00
2023-02-13T07:26:40+08:00,2023-02-13T07:32:00+08:00,,,Australia/Perth,Walking,"{""calories"":21,""intensity"":30,""manual_distance"":0,""manual_calories"":0,""hr_average"":0,""hr_min"":0,""hr_max"":0,""hr_zone_0"":0,""hr_zone_1"":0,""hr_zone_2"":0,""hr_zone_3"":0,""pause_duration"":0,""steps"":10,""distance"":0,""elevation"":0,""metcumul"":0}",,2023-02-15T07:07:04+08:00
2023-02-13T17:14:12+08:00,2023-02-13T17:19:00+08:00,,,Australia/Perth,Walking,"{""calories"":19,""intensity"":30,""manual_distance"":0,""manual_calories"":0,""hr_average"":0,""hr_min"":0,""hr_max"":0,""hr_zone_0"":0,""hr_zone_1"":0,""hr_zone_2"":0,""hr_zone_3"":0,""pause_duration"":0,""steps"":63,""distance"":0,""elevation"":0,""metcumul"":0}",,2023-02-15T07:07:05+08:00
2023-02-13T17:59:59+08:00,2023-02-13T19:27:30+08:00,,,Australia/Perth,Weights,"{""calories"":468,""intensity"":30,""manual_distance"":0,""manual_calories"":0,""hr_average"":0,""hr_min"":0,""hr_max"":0,""hr_zone_0"":0,""hr_zone_1"":0,""hr_zone_2"":0,""hr_zone_3"":0,""pause_duration"":0,""steps"":26,""distance"":4,""elevation"":0,""metcumul"":0}",,2023-02-15T07:07:06+08:00
2023-02-15T08:04:42+08:00,2023-02-15T08:11:00+08:00,,,Australia/Perth,Walking,"{""calories"":25,""intensity"":30,""manual_distance"":0,""manual_calories"":0,""hr_average"":0,""hr_min"":0,""hr_max"":0,""hr_zone_0"":0,""hr_zone_1"":0,""hr_zone_2"":0,""hr_zone_3"":0,""pause_duration"":0,""steps"":28,""distance"":0,""elevation"":0,""metcumul"":0}",,2023-02-16T22:29:16+08:00
2023-02-15T17:09:08+08:00,2023-02-15T17:20:00+08:00,,,Australia/Perth,Walking,"{""calories"":43,""intensity"":30,""manual_distance"":0,""manual_calories"":0,""hr_average"":0,""hr_min"":0,""hr_max"":0,""hr_zone_0"":0,""hr_zone_1"":0,""hr_zone_2"":0,""hr_zone_3"":0,""pause_duration"":0,""steps"":26,""distance"":0,""elevation"":0,""metcumul"":0}",,2023-02-16T22:29:17+08:00
2023-02-16T19:39:28+08:00,2023-02-16T20:09:00+08:00,,,Australia/Perth,Walking,"{""calories"":118,""intensity"":30,""manual_distance"":0,""manual_calories"":0,""hr_average"":0,""hr_min"":0,""hr_max"":0,""hr_zone_0"":0,""hr_zone_1"":0,""hr_zone_2"":0,""hr_zone_3"":0,""pause_duration"":0,""steps"":51,""distance"":77,""elevation"":0,""metcumul"":0}",,2023-02-16T22:29:17+08:00
2023-02-17T18:01:00+08:00,2023-02-17T18:10:00+08:00,,,Australia/Perth,Walking,"{""calories"":36,""intensity"":30,""manual_distance"":0,""manual_calories"":0,""hr_average"":0,""hr_min"":0,""hr_max"":0,""hr_zone_0"":0,""hr_zone_1"":0,""hr_zone_2"":0,""hr_zone_3"":0,""pause_duration"":0,""steps"":124,""distance"":132,""elevation"":0,""metcumul"":0}",,2023-02-18T09:39:25+08:00
2023-02-19T18:19:13+08:00,2023-02-19T18:23:00+08:00,,,Australia/Perth,Walking,"{""calories"":15,""intensity"":30,""manual_distance"":0,""manual_calories"":0,""hr_average"":0,""hr_min"":0,""hr_max"":0,""hr_zone_0"":0,""hr_zone_1"":0,""hr_zone_2"":0,""hr_zone_3"":0,""pause_duration"":0,""steps"":58,""distance"":64,""elevation"":0,""metcumul"":0}",,2023-02-19T23:02:12+08:00
2023-02-20T08:52:26+08:00,2023-02-20T08:58:00+08:00,,,Australia/Perth,Walking,"{""calories"":22,""intensity"":30,""manual_distance"":0,""manual_calories"":0,""hr_average"":0,""hr_min"":0,""hr_max"":0,""hr_zone_0"":0,""hr_zone_1"":0,""hr_zone_2"":0,""hr_zone_3"":0,""pause_duration"":0,""steps"":40,""distance"":0,""elevation"":0,""metcumul"":0}",,2023-02-21T16:06:05+08:00
2023-02-20T14:56:00+08:00,2023-02-20T15:07:00+08:00,,,Australia/Perth,Walking,"{""calories"":43,""intensity"":30,""manual_distance"":0,""manual_calories"":0,""hr_average"":0,""hr_min"":0,""hr_max"":0,""hr_zone_0"":0,""hr_zone_1"":0,""hr_zone_2"":0,""hr_zone_3"":0,""pause_duration"":0,""steps"":30,""distance"":0,""elevation"":0,""metcumul"":0}",,2023-02-21T16:06:06+08:00
2023-02-24T17:42:23+08:00,2023-02-24T18:26:00+08:00,,,Australia/Perth,Walking,"{""calories"":173,""intensity"":30,""manual_distance"":0,""manual_calories"":0,""hr_average"":0,""hr_min"":0,""hr_max"":0,""hr_zone_0"":0,""hr_zone_1"":0,""hr_zone_2"":0,""hr_zone_3"":0,""pause_duration"":0,""steps"":18,""distance"":0,""elevation"":0,""metcumul"":0}",,2023-02-28T09:11:15+08:00
2023-02-25T17:12:00+08:00,2023-02-25T17:37:00+08:00,,,Australia/Perth,Walking,"{""calories"":99,""intensity"":30,""manual_distance"":0,""manual_calories"":0,""hr_average"":0,""hr_min"":0,""hr_max"":0,""hr_zone_0"":0,""hr_zone_1"":0,""hr_zone_2"":0,""hr_zone_3"":0,""pause_duration"":0,""steps"":62,""distance"":18,""elevation"":0,""metcumul"":0}",,2023-02-28T09:11:16+08:00
2023-02-26T18:13:02+08:00,2023-02-26T18:47:00+08:00,,,Australia/Perth,Walking,"{""calories"":135,""intensity"":30,""manual_distance"":0,""manual_calories"":0,""hr_average"":0,""hr_min"":0,""hr_max"":0,""hr_zone_0"":0,""hr_zone_1"":0,""hr_zone_2"":0,""hr_zone_3"":0,""pause_duration"":0,""steps"":29,""distance"":0,""elevation"":0,""metcumul"":0}",,2023-02-28T09:11:17+08:00
2023-02-27T06:46:44+08:00,2023-02-27T07:12:38+08:00,,,Australia/Perth,Weights,"{""calories"":202,""intensity"":30,""manual_distance"":0,""manual_calories"":0,""hr_average"":0,""hr_min"":0,""hr_max"":0,""hr_zone_0"":0,""hr_zone_1"":0,""hr_zone_2"":0,""hr_zone_3"":0,""pause_duration"":0,""steps"":3,""distance"":2,""elevation"":0,""metcumul"":0}",,2023-02-28T09:11:17+08:00
2023-02-27T07:26:16+08:00,2023-02-27T07:56:00+08:00,,,Australia/Perth,Walking,"{""calories"":118,""intensity"":30,""manual_distance"":0,""manual_calories"":0,""hr_average"":0,""hr_min"":0,""hr_max"":0,""hr_zone_0"":0,""hr_zone_1"":0,""hr_zone_2"":0,""hr_zone_3"":0,""pause_duration"":0,""steps"":47,""distance"":0,""elevation"":0,""metcumul"":0}",,2023-02-28T09:11:18+08:00
2023-02-27T19:02:00+08:00,2023-02-27T19:24:00+08:00,,,Australia/Perth,Walking,"{""calories"":87,""intensity"":30,""manual_distance"":0,""manual_calories"":0,""hr_average"":0,""hr_min"":0,""hr_max"":0,""hr_zone_0"":0,""hr_zone_1"":0,""hr_zone_2"":0,""hr_zone_3"":0,""pause_duration"":0,""steps"":55,""distance"":43,""elevation"":0,""metcumul"":0}",,2023-02-28T09:11:18+08:00
2023-02-28T08:22:00+08:00,2023-02-28T08:28:00+08:00,,,Australia/Perth,Walking,"{""calories"":23,""intensity"":30,""manual_distance"":0,""manual_calories"":0,""hr_average"":0,""hr_min"":0,""hr_max"":0,""hr_zone_0"":0,""hr_zone_1"":0,""hr_zone_2"":0,""hr_zone_3"":0,""pause_duration"":0,""steps"":26,""distance"":2,""elevation"":0,""metcumul"":0}",,2023-02-28T09:11:19+08:00
2023-02-28T17:45:49+08:00,2023-02-28T17:53:00+08:00,,,Australia/Perth,Walking,"{""calories"":28,""intensity"":30,""manual_distance"":0,""manual_calories"":0,""hr_average"":0,""hr_min"":0,""hr_max"":0,""hr_zone_0"":0,""hr_zone_1"":0,""hr_zone_2"":0,""hr_zone_3"":0,""pause_duration"":0,""steps"":14,""distance"":0,""elevation"":0,""metcumul"":0}",,2023-03-01T11:01:13+08:00
2023-02-28T17:59:28+08:00,2023-02-28T18:18:00+08:00,,,Australia/Perth,Walking,"{""calories"":73,""intensity"":30,""manual_distance"":0,""manual_calories"":0,""hr_average"":0,""hr_min"":0,""hr_max"":0,""hr_zone_0"":0,""hr_zone_1"":0,""hr_zone_2"":0,""hr_zone_3"":0,""pause_duration"":0,""steps"":28,""distance"":0,""elevation"":0,""metcumul"":0}",,2023-03-01T11:01:14+08:00
2023-03-01T07:09:54+08:00,2023-03-01T07:31:00+08:00,,,Australia/Perth,Walking,"{""calories"":83,""intensity"":30,""manual_distance"":0,""manual_calories"":0,""hr_average"":0,""hr_min"":0,""hr_max"":0,""hr_zone_0"":0,""hr_zone_1"":0,""hr_zone_2"":0,""hr_zone_3"":0,""pause_duration"":0,""steps"":9,""distance"":108,""elevation"":0,""metcumul"":0}",,2023-03-01T11:01:14+08:00
2023-03-07T08:47:34+08:00,2023-03-07T08:58:00+08:00,,,Australia/Perth,Walking,"{""calories"":41,""intensity"":30,""manual_distance"":0,""manual_calories"":0,""hr_average"":0,""hr_min"":0,""hr_max"":0,""hr_zone_0"":0,""hr_zone_1"":0,""hr_zone_2"":0,""hr_zone_3"":0,""pause_duration"":0,""steps"":13,""distance"":0,""elevation"":0,""metcumul"":0}",,2023-03-07T17:26:27+08:00
2023-03-07T17:34:47+08:00,2023-03-07T17:43:00+08:00,,,Australia/Perth,Walking,"{""calories"":32,""intensity"":30,""manual_distance"":0,""manual_calories"":0,""hr_average"":0,""hr_min"":0,""hr_max"":0,""hr_zone_0"":0,""hr_zone_1"":0,""hr_zone_2"":0,""hr_zone_3"":0,""pause_duration"":0,""steps"":21,""distance"":0,""elevation"":0,""metcumul"":0}",,2023-03-07T21:47:20+08:00
2023-03-07T17:55:57+08:00,2023-03-07T18:15:00+08:00,,,Australia/Perth,Walking,"{""calories"":75,""intensity"":30,""manual_distance"":0,""manual_calories"":0,""hr_average"":0,""hr_min"":0,""hr_max"":0,""hr_zone_0"":0,""hr_zone_1"":0,""hr_zone_2"":0,""hr_zone_3"":0,""pause_duration"":0,""steps"":1462,""distance"":1026,""elevation"":20,""metcumul"":20}",,2023-03-07T20:53:49+08:00
2023-03-08T08:00:00+08:00,2023-03-08T08:05:00+08:00,,,Australia/Perth,Walking,"{""calories"":19,""intensity"":30,""manual_distance"":0,""manual_calories"":0,""hr_average"":0,""hr_min"":0,""hr_max"":0,""hr_zone_0"":0,""hr_zone_1"":0,""hr_zone_2"":0,""hr_zone_3"":0,""pause_duration"":0,""steps"":84,""distance"":39,""elevation"":0,""metcumul"":0}",,2023-03-11T21:10:09+08:00
2023-03-09T07:20:31+08:00,2023-03-09T07:43:00+08:00,,,Australia/Perth,Walking,"{""calories"":89,""intensity"":30,""manual_distance"":0,""manual_calories"":0,""hr_average"":0,""hr_min"":0,""hr_max"":0,""hr_zone_0"":0,""hr_zone_1"":0,""hr_zone_2"":0,""hr_zone_3"":0,""pause_duration"":0,""steps"":14,""distance"":0,""elevation"":0,""metcumul"":0}",,2023-03-11T21:10:10+08:00
2023-03-09T12:34:57+08:00,2023-03-09T12:38:00+08:00,,,Australia/Perth,Walking,"{""calories"":12,""intensity"":30,""manual_distance"":0,""manual_calories"":0,""hr_average"":0,""hr_min"":0,""hr_max"":0,""hr_zone_0"":0,""hr_zone_1"":0,""hr_zone_2"":0,""hr_zone_3"":0,""pause_duration"":0,""steps"":2,""distance"":0,""elevation"":0,""metcumul"":0}",,2023-03-11T21:10:10+08:00
2023-03-09T18:54:01+08:00,2023-03-09T19:09:00+08:00,,,Australia/Perth,Walking,"{""calories"":59,""intensity"":30,""manual_distance"":0,""manual_calories"":0,""hr_average"":0,""hr_min"":0,""hr_max"":0,""hr_zone_0"":0,""hr_zone_1"":0,""hr_zone_2"":0,""hr_zone_3"":0,""pause_duration"":0,""steps"":16,""distance"":169,""elevation"":0,""metcumul"":0}",,2023-03-11T21:10:11+08:00
2023-03-12T17:12:38+08:00,2023-03-12T17:47:00+08:00,,,Australia/Perth,Walking,"{""calories"":137,""intensity"":30,""manual_distance"":0,""manual_calories"":0,""hr_average"":0,""hr_min"":0,""hr_max"":0,""hr_zone_0"":0,""hr_zone_1"":0,""hr_zone_2"":0,""hr_zone_3"":0,""pause_duration"":0,""steps"":22,""distance"":0,""elevation"":0,""metcumul"":0}",,2023-03-14T08:07:45+08:00
2023-03-12T23:46:14+08:00,2023-03-12T23:51:00+08:00,,,Australia/Perth,Walking,"{""calories"":19,""intensity"":30,""manual_distance"":0,""manual_calories"":0,""hr_average"":0,""hr_min"":0,""hr_max"":0,""hr_zone_0"":0,""hr_zone_1"":0,""hr_zone_2"":0,""hr_zone_3"":0,""pause_duration"":0,""steps"":68,""distance"":0,""elevation"":0,""metcumul"":0}",,2023-03-14T08:07:45+08:00
2023-03-14T07:14:00+08:00,2023-03-14T07:36:00+08:00,,,Australia/Perth,Walking,"{""calories"":87,""intensity"":30,""manual_distance"":0,""manual_calories"":0,""hr_average"":0,""hr_min"":0,""hr_max"":0,""hr_zone_0"":0,""hr_zone_1"":0,""hr_zone_2"":0,""hr_zone_3"":0,""pause_duration"":0,""steps"":69,""distance"":67,""elevation"":0,""metcumul"":0}",,2023-03-14T08:07:46+08:00
2023-03-14T08:02:03+08:00,2023-03-14T08:06:00+08:00,,,Australia/Perth,Walking,"{""calories"":15,""intensity"":30,""manual_distance"":0,""manual_calories"":0,""hr_average"":0,""hr_min"":0,""hr_max"":0,""hr_zone_0"":0,""hr_zone_1"":0,""hr_zone_2"":0,""hr_zone_3"":0,""pause_duration"":0,""steps"":85,""distance"":0,""elevation"":0,""metcumul"":0}",,2023-03-18T15:31:14+08:00
2023-03-14T08:24:28+08:00,2023-03-14T08:38:00+08:00,,,Australia/Perth,Walking,"{""calories"":54,""intensity"":30,""manual_distance"":0,""manual_calories"":0,""hr_average"":0,""hr_min"":0,""hr_max"":0,""hr_zone_0"":0,""hr_zone_1"":0,""hr_zone_2"":0,""hr_zone_3"":0,""pause_duration"":0,""steps"":23,""distance"":0,""elevation"":0,""metcumul"":0}",,2023-03-18T15:31:14+08:00
2023-03-14T17:39:28+08:00,2023-03-14T17:45:00+08:00,,,Australia/Perth,Walking,"{""calories"":22,""intensity"":30,""manual_distance"":0,""manual_calories"":0,""hr_average"":0,""hr_min"":0,""hr_max"":0,""hr_zone_0"":0,""hr_zone_1"":0,""hr_zone_2"":0,""hr_zone_3"":0,""pause_duration"":0,""steps"":29,""distance"":0,""elevation"":0,""metcumul"":0}",,2023-03-18T15:31:15+08:00
2023-03-17T17:29:36+08:00,2023-03-17T17:53:00+08:00,,,Australia/Perth,Walking,"{""calories"":93,""intensity"":30,""manual_distance"":0,""manual_calories"":0,""hr_average"":0,""hr_min"":0,""hr_max"":0,""hr_zone_0"":0,""hr_zone_1"":0,""hr_zone_2"":0,""hr_zone_3"":0,""pause_duration"":0,""steps"":12,""distance"":0,""elevation"":0,""metcumul"":0}",,2023-03-18T15:31:16+08:00
2023-03-18T07:50:04+08:00,2023-03-18T08:37:00+08:00,,,Australia/Perth,Walking,"{""calories"":171,""intensity"":30,""manual_distance"":0,""manual_calories"":0,""hr_average"":0,""hr_min"":0,""hr_max"":0,""hr_zone_0"":0,""hr_zone_1"":0,""hr_zone_2"":0,""hr_zone_3"":0,""pause_duration"":0,""steps"":28,""distance"":0,""elevation"":0,""metcumul"":0}",,2023-03-18T15:31:16+08:00
2023-03-19T06:06:03+08:00,2023-03-19T06:22:00+08:00,,,Australia/Perth,Walking,"{""calories"":63,""intensity"":30,""manual_distance"":0,""manual_calories"":0,""hr_average"":0,""hr_min"":0,""hr_max"":0,""hr_zone_0"":0,""hr_zone_1"":0,""hr_zone_2"":0,""hr_zone_3"":0,""pause_duration"":0,""steps"":28,""distance"":0,""elevation"":0,""metcumul"":0}",,2023-03-22T09:14:23+08:00
2023-03-20T17:20:35+08:00,2023-03-20T17:31:00+08:00,,,Australia/Perth,Walking,"{""calories"":41,""intensity"":30,""manual_distance"":0,""manual_calories"":0,""hr_average"":0,""hr_min"":0,""hr_max"":0,""hr_zone_0"":0,""hr_zone_1"":0,""hr_zone_2"":0,""hr_zone_3"":0,""pause_duration"":0,""steps"":12,""distance"":0,""elevation"":0,""metcumul"":0}",,2023-03-22T09:14:23+08:00
2023-03-21T18:28:36+08:00,2023-03-21T19:02:00+08:00,,,Australia/Perth,Walking,"{""calories"":132,""intensity"":30,""manual_distance"":0,""manual_calories"":0,""hr_average"":0,""hr_min"":0,""hr_max"":0,""hr_zone_0"":0,""hr_zone_1"":0,""hr_zone_2"":0,""hr_zone_3"":0,""pause_duration"":0,""steps"":12,""distance"":32,""elevation"":0,""metcumul"":0}",,2023-03-22T09:14:24+08:00
2023-03-22T06:59:35+08:00,2023-03-22T07:33:18+08:00,,,Australia/Perth,Weights,"{""calories"":263,""intensity"":30,""manual_distance"":0,""manual_calories"":0,""hr_average"":0,""hr_min"":0,""hr_max"":0,""hr_zone_0"":0,""hr_zone_1"":0,""hr_zone_2"":0,""hr_zone_3"":0,""pause_duration"":0,""steps"":28,""distance"":17,""elevation"":0,""metcumul"":0}",,2023-03-22T09:14:25+08:00
2023-03-22T08:19:40+08:00,2023-03-22T08:26:00+08:00,,,Australia/Perth,Walking,"{""calories"":25,""intensity"":30,""manual_distance"":0,""manual_calories"":0,""hr_average"":0,""hr_min"":0,""hr_max"":0,""hr_zone_0"":0,""hr_zone_1"":0,""hr_zone_2"":0,""hr_zone_3"":0,""pause_duration"":0,""steps"":17,""distance"":10,""elevation"":0,""metcumul"":0}",,2023-03-22T09:14:25+08:00
2023-03-22T08:42:39+08:00,2023-03-22T08:50:00+08:00,,,Australia/Perth,Walking,"{""calories"":29,""intensity"":30,""manual_distance"":0,""manual_calories"":0,""hr_average"":0,""hr_min"":0,""hr_max"":0,""hr_zone_0"":0,""hr_zone_1"":0,""hr_zone_2"":0,""hr_zone_3"":0,""pause_duration"":0,""steps"":796,""distance"":621,""elevation"":8,""metcumul"":8}",,2023-03-24T13:51:32+08:00
2023-03-22T16:22:35+08:00,2023-03-22T16:31:00+08:00,,,Australia/Perth,Walking,"{""calories"":33,""intensity"":30,""manual_distance"":0,""manual_calories"":0,""hr_average"":0,""hr_min"":0,""hr_max"":0,""hr_zone_0"":0,""hr_zone_1"":0,""hr_zone_2"":0,""hr_zone_3"":0,""pause_duration"":0,""steps"":29,""distance"":0,""elevation"":0,""metcumul"":0}",,2023-03-24T13:51:33+08:00
2023-03-23T11:41:00+08:00,2023-03-23T11:54:00+08:00,,,Australia/Perth,Walking,"{""calories"":51,""intensity"":30,""manual_distance"":0,""manual_calories"":0,""hr_average"":0,""hr_min"":0,""hr_max"":0,""hr_zone_0"":0,""hr_zone_1"":0,""hr_zone_2"":0,""hr_zone_3"":0,""pause_duration"":0,""steps"":108,""distance"":410,""elevation"":0,""metcumul"":0}",,2023-03-24T13:51:33+08:00
2023-03-23T19:55:41+08:00,2023-03-23T20:08:00+08:00,,,Australia/Perth,Walking,"{""calories"":49,""intensity"":30,""manual_distance"":0,""manual_calories"":0,""hr_average"":0,""hr_min"":0,""hr_max"":0,""hr_zone_0"":0,""hr_zone_1"":0,""hr_zone_2"":0,""hr_zone_3"":0,""pause_duration"":0,""steps"":25,""distance"":20,""elevation"":0,""metcumul"":0}",,2023-03-24T13:51:34+08:00
2023-03-24T17:46:49+08:00,2023-03-24T18:22:00+08:00,,,Australia/Perth,Walking,"{""calories"":140,""intensity"":30,""manual_distance"":0,""manual_calories"":0,""hr_average"":0,""hr_min"":0,""hr_max"":0,""hr_zone_0"":0,""hr_zone_1"":0,""hr_zone_2"":0,""hr_zone_3"":0,""pause_duration"":0,""steps"":7,""distance"":0,""elevation"":0,""metcumul"":0}",,2023-03-26T08:16:57+08:00
2023-03-24T18:29:00+08:00,2023-03-24T18:43:00+08:00,,,Australia/Perth,Walking,"{""calories"":55,""intensity"":30,""manual_distance"":0,""manual_calories"":0,""hr_average"":0,""hr_min"":0,""hr_max"":0,""hr_zone_0"":0,""hr_zone_1"":0,""hr_zone_2"":0,""hr_zone_3"":0,""pause_duration"":0,""steps"":73,""distance"":125,""elevation"":0,""metcumul"":0}",,2023-03-26T08:16:57+08:00
2023-03-26T17:13:37+08:00,2023-03-26T17:57:00+08:00,,,Australia/Perth,Walking,"{""calories"":172,""intensity"":30,""manual_distance"":0,""manual_calories"":0,""hr_average"":0,""hr_min"":0,""hr_max"":0,""hr_zone_0"":0,""hr_zone_1"":0,""hr_zone_2"":0,""hr_zone_3"":0,""pause_duration"":0,""steps"":8,""distance"":14,""elevation"":0,""metcumul"":0}",,2023-03-30T08:27:45+08:00
2023-03-27T15:56:22+08:00,2023-03-27T16:02:00+08:00,,,Australia/Perth,Walking,"{""calories"":22,""intensity"":30,""manual_distance"":0,""manual_calories"":0,""hr_average"":0,""hr_min"":0,""hr_max"":0,""hr_zone_0"":0,""hr_zone_1"":0,""hr_zone_2"":0,""hr_zone_3"":0,""pause_duration"":0,""steps"":1,""distance"":17,""elevation"":0,""metcumul"":0}",,2023-03-30T08:27:45+08:00
2023-03-27T18:55:18+08:00,2023-03-27T18:59:00+08:00,,,Australia/Perth,Walking,"{""calories"":14,""intensity"":30,""manual_distance"":0,""manual_calories"":0,""hr_average"":0,""hr_min"":0,""hr_max"":0,""hr_zone_0"":0,""hr_zone_1"":0,""hr_zone_2"":0,""hr_zone_3"":0,""pause_duration"":0,""steps"":68,""distance"":0,""elevation"":0,""metcumul"":0}",,2023-03-30T08:27:46+08:00
2023-03-27T20:04:09+08:00,2023-03-27T20:09:00+08:00,,,Australia/Perth,Walking,"{""calories"":19,""intensity"":30,""manual_distance"":0,""manual_calories"":0,""hr_average"":0,""hr_min"":0,""hr_max"":0,""hr_zone_0"":0,""hr_zone_1"":0,""hr_zone_2"":0,""hr_zone_3"":0,""pause_duration"":0,""steps"":25,""distance"":0,""elevation"":0,""metcumul"":0}",,2023-03-30T08:27:46+08:00
2023-03-29T07:09:36+08:00,2023-03-29T07:41:00+08:00,,,Australia/Perth,Walking,"{""calories"":125,""intensity"":30,""manual_distance"":0,""manual_calories"":0,""hr_average"":0,""hr_min"":0,""hr_max"":0,""hr_zone_0"":0,""hr_zone_1"":0,""hr_zone_2"":0,""hr_zone_3"":0,""pause_duration"":0,""steps"":17,""distance"":0,""elevation"":0,""metcumul"":0}",,2023-03-30T08:27:47+08:00
2023-03-30T14:12:56+08:00,2023-03-30T14:21:00+08:00,,,Australia/Perth,Walking,"{""calories"":32,""intensity"":30,""manual_distance"":0,""manual_calories"":0,""hr_average"":0,""hr_min"":0,""hr_max"":0,""hr_zone_0"":0,""hr_zone_1"":0,""hr_zone_2"":0,""hr_zone_3"":0,""pause_duration"":0,""steps"":1,""distance"":237,""elevation"":0,""metcumul"":0}",,2023-03-30T18:56:54+08:00
2023-04-03T17:32:31+08:00,2023-04-03T17:50:00+08:00,,,Australia/Perth,Walking,"{""calories"":69,""intensity"":30,""manual_distance"":0,""manual_calories"":0,""hr_average"":0,""hr_min"":0,""hr_max"":0,""hr_zone_0"":0,""hr_zone_1"":0,""hr_zone_2"":0,""hr_zone_3"":0,""pause_duration"":0,""steps"":18,""distance"":0,""elevation"":0,""metcumul"":0}",,2023-04-07T14:57:15+08:00
2023-04-04T18:10:51+08:00,2023-04-04T18:28:00+08:00,,,Australia/Perth,Walking,"{""calories"":68,""intensity"":30,""manual_distance"":0,""manual_calories"":0,""hr_average"":0,""hr_min"":0,""hr_max"":0,""hr_zone_0"":0,""hr_zone_1"":0,""hr_zone_2"":0,""hr_zone_3"":0,""pause_duration"":0,""steps"":11,""distance"":0,""elevation"":0,""metcumul"":0}",,2023-04-07T14:57:15+08:00
2023-04-06T17:14:00+08:00,2023-04-06T17:37:00+08:00,,,Australia/Perth,Walking,"{""calories"":91,""intensity"":30,""manual_distance"":0,""manual_calories"":0,""hr_average"":0,""hr_min"":0,""hr_max"":0,""hr_zone_0"":0,""hr_zone_1"":0,""hr_zone_2"":0,""hr_zone_3"":0,""pause_duration"":0,""steps"":90,""distance"":3,""elevation"":0,""metcumul"":0}",,2023-04-07T14:57:16+08:00
2023-04-07T17:11:40+08:00,2023-04-07T18:18:00+08:00,,,Australia/Perth,Walking,"{""calories"":263,""intensity"":30,""manual_distance"":0,""manual_calories"":0,""hr_average"":0,""hr_min"":0,""hr_max"":0,""hr_zone_0"":0,""hr_zone_1"":0,""hr_zone_2"":0,""hr_zone_3"":0,""pause_duration"":0,""steps"":11,""distance"":0,""elevation"":0,""metcumul"":0}",,2023-04-08T18:13:01+08:00
2023-04-09T10:24:40+08:00,2023-04-09T11:22:00+08:00,,,Australia/Perth,Walking,"{""calories"":228,""intensity"":30,""manual_distance"":0,""manual_calories"":0,""hr_average"":0,""hr_min"":0,""hr_max"":0,""hr_zone_0"":0,""hr_zone_1"":0,""hr_zone_2"":0,""hr_zone_3"":0,""pause_duration"":0,""steps"":9,""distance"":17,""elevation"":0,""metcumul"":0}",,2023-04-09T14:21:22+08:00
2023-04-10T18:33:20+08:00,2023-04-10T18:43:00+08:00,,,Australia/Perth,Walking,"{""calories"":38,""intensity"":30,""manual_distance"":0,""manual_calories"":0,""hr_average"":0,""hr_min"":0,""hr_max"":0,""hr_zone_0"":0,""hr_zone_1"":0,""hr_zone_2"":0,""hr_zone_3"":0,""pause_duration"":0,""steps"":62,""distance"":0,""elevation"":0,""metcumul"":0}",,2023-04-11T08:28:33+08:00
2023-04-11T07:00:13+08:00,2023-04-11T07:07:00+08:00,,,Australia/Perth,Walking,"{""calories"":26,""intensity"":30,""manual_distance"":0,""manual_calories"":0,""hr_average"":0,""hr_min"":0,""hr_max"":0,""hr_zone_0"":0,""hr_zone_1"":0,""hr_zone_2"":0,""hr_zone_3"":0,""pause_duration"":0,""steps"":23,""distance"":0,""elevation"":0,""metcumul"":0}",,2023-04-11T08:28:34+08:00
2023-04-11T08:37:51+08:00,2023-04-11T08:44:00+08:00,,,Australia/Perth,Walking,"{""calories"":24,""intensity"":30,""manual_distance"":0,""manual_calories"":0,""hr_average"":0,""hr_min"":0,""hr_max"":0,""hr_zone_0"":0,""hr_zone_1"":0,""hr_zone_2"":0,""hr_zone_3"":0,""pause_duration"":0,""steps"":12,""distance"":0,""elevation"":0,""metcumul"":0}",,2023-04-18T07:44:45+08:00
2023-04-11T16:55:49+08:00,2023-04-11T17:04:00+08:00,,,Australia/Perth,Walking,"{""calories"":32,""intensity"":30,""manual_distance"":0,""manual_calories"":0,""hr_average"":0,""hr_min"":0,""hr_max"":0,""hr_zone_0"":0,""hr_zone_1"":0,""hr_zone_2"":0,""hr_zone_3"":0,""pause_duration"":0,""steps"":14,""distance"":0,""elevation"":0,""metcumul"":0}",,2023-04-18T07:44:45+08:00
2023-04-12T07:40:58+08:00,2023-04-12T07:48:00+08:00,,,Australia/Perth,Walking,"{""calories"":27,""intensity"":30,""manual_distance"":0,""manual_calories"":0,""hr_average"":0,""hr_min"":0,""hr_max"":0,""hr_zone_0"":0,""hr_zone_1"":0,""hr_zone_2"":0,""hr_zone_3"":0,""pause_duration"":0,""steps"":2,""distance"":1,""elevation"":0,""metcumul"":0}",,2023-04-18T07:44:46+08:00
2023-04-12T08:08:45+08:00,2023-04-12T08:21:00+08:00,,,Australia/Perth,Walking,"{""calories"":48,""intensity"":30,""manual_distance"":0,""manual_calories"":0,""hr_average"":0,""hr_min"":0,""hr_max"":0,""hr_zone_0"":0,""hr_zone_1"":0,""hr_zone_2"":0,""hr_zone_3"":0,""pause_duration"":0,""steps"":27,""distance"":0,""elevation"":0,""metcumul"":0}",,2023-04-18T07:44:47+08:00
2023-04-12T17:59:00+08:00,2023-04-12T18:35:00+08:00,,,Australia/Perth,Walking,"{""calories"":142,""intensity"":30,""manual_distance"":0,""manual_calories"":0,""hr_average"":0,""hr_min"":0,""hr_max"":0,""hr_zone_0"":0,""hr_zone_1"":0,""hr_zone_2"":0,""hr_zone_3"":0,""pause_duration"":0,""steps"":62,""distance"":249,""elevation"":0,""metcumul"":0}",,2023-04-18T07:44:48+08:00
2023-04-13T10:27:00+08:00,2023-04-13T10:49:00+08:00,,,Australia/Perth,Walking,"{""calories"":87,""intensity"":30,""manual_distance"":0,""manual_calories"":0,""hr_average"":0,""hr_min"":0,""hr_max"":0,""hr_zone_0"":0,""hr_zone_1"":0,""hr_zone_2"":0,""hr_zone_3"":0,""pause_duration"":0,""steps"":76,""distance"":20,""elevation"":0,""metcumul"":0}",,2023-04-18T07:44:48+08:00
2023-04-17T17:26:00+08:00,2023-04-17T17:52:00+08:00,,,Australia/Perth,Walking,"{""calories"":103,""intensity"":30,""manual_distance"":0,""manual_calories"":0,""hr_average"":0,""hr_min"":0,""hr_max"":0,""hr_zone_0"":0,""hr_zone_1"":0,""hr_zone_2"":0,""hr_zone_3"":0,""pause_duration"":0,""steps"":74,""distance"":33,""elevation"":0,""metcumul"":0}",,2023-04-18T07:44:49+08:00
2023-04-18T17:53:00+08:00,2023-04-18T18:40:00+08:00,,,Australia/Perth,Walking,"{""calories"":188,""intensity"":30,""manual_distance"":0,""manual_calories"":0,""hr_average"":0,""hr_min"":0,""hr_max"":0,""hr_zone_0"":0,""hr_zone_1"":0,""hr_zone_2"":0,""hr_zone_3"":0,""pause_duration"":0,""steps"":64,""distance"":5,""elevation"":0,""metcumul"":0}",,2023-04-19T18:16:49+08:00
2023-04-19T16:39:06+08:00,2023-04-19T17:19:00+08:00,,,Australia/Perth,Walking,"{""calories"":159,""intensity"":30,""manual_distance"":0,""manual_calories"":0,""hr_average"":0,""hr_min"":0,""hr_max"":0,""hr_zone_0"":0,""hr_zone_1"":0,""hr_zone_2"":0,""hr_zone_3"":0,""pause_duration"":0,""steps"":27,""distance"":0,""elevation"":0,""metcumul"":0}",,2023-04-19T18:16:49+08:00
2023-04-19T17:33:51+08:00,2023-04-19T17:47:00+08:00,,,Australia/Perth,Walking,"{""calories"":52,""intensity"":30,""manual_distance"":0,""manual_calories"":0,""hr_average"":0,""hr_min"":0,""hr_max"":0,""hr_zone_0"":0,""hr_zone_1"":0,""hr_zone_2"":0,""hr_zone_3"":0,""pause_duration"":0,""steps"":4,""distance"":0,""elevation"":0,""metcumul"":0}",,2023-04-19T18:16:50+08:00
2023-04-20T17:00:13+08:00,2023-04-20T17:52:00+08:00,,,Australia/Perth,Walking,"{""calories"":207,""intensity"":30,""manual_distance"":0,""manual_calories"":0,""hr_average"":0,""hr_min"":0,""hr_max"":0,""hr_zone_0"":0,""hr_zone_1"":0,""hr_zone_2"":0,""hr_zone_3"":0,""pause_duration"":0,""steps"":23,""distance"":0,""elevation"":0,""metcumul"":0}",,2023-04-23T16:37:24+08:00
2023-04-21T07:57:49+08:00,2023-04-21T08:04:00+08:00,,,Australia/Perth,Walking,"{""calories"":24,""intensity"":30,""manual_distance"":0,""manual_calories"":0,""hr_average"":0,""hr_min"":0,""hr_max"":0,""hr_zone_0"":0,""hr_zone_1"":0,""hr_zone_2"":0,""hr_zone_3"":0,""pause_duration"":0,""steps"":6,""distance"":0,""elevation"":0,""metcumul"":0}",,2023-04-23T16:37:25+08:00
2023-04-22T18:24:49+08:00,2023-04-22T18:29:00+08:00,,,Australia/Perth,Walking,"{""calories"":16,""intensity"":30,""manual_distance"":0,""manual_calories"":0,""hr_average"":0,""hr_min"":0,""hr_max"":0,""hr_zone_0"":0,""hr_zone_1"":0,""hr_zone_2"":0,""hr_zone_3"":0,""pause_duration"":0,""steps"":6,""distance"":0,""elevation"":0,""metcumul"":0}",,2023-04-23T16:37:25+08:00
2023-04-23T10:29:40+08:00,2023-04-23T10:45:00+08:00,,,Australia/Perth,Walking,"{""calories"":61,""intensity"":30,""manual_distance"":0,""manual_calories"":0,""hr_average"":0,""hr_min"":0,""hr_max"":0,""hr_zone_0"":0,""hr_zone_1"":0,""hr_zone_2"":0,""hr_zone_3"":0,""pause_duration"":0,""steps"":5,""distance"":193,""elevation"":0,""metcumul"":0}",,2023-04-23T16:37:26+08:00
2023-04-23T17:11:00+08:00,2023-04-23T18:03:00+08:00,,,Australia/Perth,Walking,"{""calories"":208,""intensity"":30,""manual_distance"":0,""manual_calories"":0,""hr_average"":0,""hr_min"":0,""hr_max"":0,""hr_zone_0"":0,""hr_zone_1"":0,""hr_zone_2"":0,""hr_zone_3"":0,""pause_duration"":0,""steps"":76,""distance"":21,""elevation"":0,""metcumul"":0}",,2023-04-24T10:10:45+08:00
2023-04-24T08:09:00+08:00,2023-04-24T08:14:00+08:00,,,Australia/Perth,Walking,"{""calories"":20,""intensity"":30,""manual_distance"":0,""manual_calories"":0,""hr_average"":0,""hr_min"":0,""hr_max"":0,""hr_zone_0"":0,""hr_zone_1"":0,""hr_zone_2"":0,""hr_zone_3"":0,""pause_duration"":0,""steps"":30,""distance"":0,""elevation"":0,""metcumul"":0}",,2023-04-24T10:10:45+08:00
2023-04-24T17:52:00+08:00,2023-04-24T18:10:00+08:00,,,Australia/Perth,Walking,"{""calories"":72,""intensity"":30,""manual_distance"":0,""manual_calories"":0,""hr_average"":0,""hr_min"":0,""hr_max"":0,""hr_zone_0"":0,""hr_zone_1"":0,""hr_zone_2"":0,""hr_zone_3"":0,""pause_duration"":0,""steps"":73,""distance"":13,""elevation"":0,""metcumul"":0}",,2023-04-25T21:16:50+08:00
2023-04-24T20:10:35+08:00,2023-04-24T20:29:00+08:00,,,Australia/Perth,Walking,"{""calories"":73,""intensity"":30,""manual_distance"":0,""manual_calories"":0,""hr_average"":0,""hr_min"":0,""hr_max"":0,""hr_zone_0"":0,""hr_zone_1"":0,""hr_zone_2"":0,""hr_zone_3"":0,""pause_duration"":0,""steps"":12,""distance"":0,""elevation"":0,""metcumul"":0}",,2023-04-25T21:16:50+08:00
2023-04-27T17:28:20+08:00,2023-04-27T17:55:00+08:00,,,Australia/Perth,Walking,"{""calories"":106,""intensity"":30,""manual_distance"":0,""manual_calories"":0,""hr_average"":0,""hr_min"":0,""hr_max"":0,""hr_zone_0"":0,""hr_zone_1"":0,""hr_zone_2"":0,""hr_zone_3"":0,""pause_duration"":0,""steps"":30,""distance"":0,""elevation"":0,""metcumul"":0}",,2023-05-03T12:54:56+08:00
2023-04-30T16:05:54+08:00,2023-04-30T16:15:00+08:00,,,Australia/Perth,Walking,"{""calories"":36,""intensity"":30,""manual_distance"":0,""manual_calories"":0,""hr_average"":0,""hr_min"":0,""hr_max"":0,""hr_zone_0"":0,""hr_zone_1"":0,""hr_zone_2"":0,""hr_zone_3"":0,""pause_duration"":0,""steps"":4,""distance"":0,""elevation"":0,""metcumul"":0}",,2023-05-03T12:54:57+08:00
2023-05-01T17:58:00+08:00,2023-05-01T18:38:00+08:00,,,Australia/Perth,Walking,"{""calories"":160,""intensity"":30,""manual_distance"":0,""manual_calories"":0,""hr_average"":0,""hr_min"":0,""hr_max"":0,""hr_zone_0"":0,""hr_zone_1"":0,""hr_zone_2"":0,""hr_zone_3"":0,""pause_duration"":0,""steps"":77,""distance"":14,""elevation"":0,""metcumul"":0}",,2023-05-03T12:54:57+08:00
2023-05-03T11:56:41+08:00,2023-05-03T12:34:00+08:00,,,Australia/Perth,Walking,"{""calories"":149,""intensity"":30,""manual_distance"":0,""manual_calories"":0,""hr_average"":0,""hr_min"":0,""hr_max"":0,""hr_zone_0"":0,""hr_zone_1"":0,""hr_zone_2"":0,""hr_zone_3"":0,""pause_duration"":0,""steps"":8,""distance"":16,""elevation"":0,""metcumul"":0}",,2023-05-03T12:54:58+08:00
2023-05-07T19:10:05+08:00,2023-05-07T19:30:00+08:00,,,Australia/Perth,Walking,"{""calories"":79,""intensity"":30,""manual_distance"":0,""manual_calories"":0,""hr_average"":0,""hr_min"":0,""hr_max"":0,""hr_zone_0"":0,""hr_zone_1"":0,""hr_zone_2"":0,""hr_zone_3"":0,""pause_duration"":0,""steps"":10,""distance"":6,""elevation"":0,""metcumul"":0}",,2023-05-08T13:08:27+08:00
2023-05-08T08:10:13+08:00,2023-05-08T08:18:00+08:00,,,Australia/Perth,Walking,"{""calories"":30,""intensity"":30,""manual_distance"":0,""manual_calories"":0,""hr_average"":0,""hr_min"":0,""hr_max"":0,""hr_zone_0"":0,""hr_zone_1"":0,""hr_zone_2"":0,""hr_zone_3"":0,""pause_duration"":0,""steps"":23,""distance"":0,""elevation"":0,""metcumul"":0}",,2023-05-08T13:08:28+08:00
2023-05-08T17:44:50+08:00,2023-05-08T17:55:00+08:00,,,Australia/Perth,Walking,"{""calories"":40,""intensity"":30,""manual_distance"":0,""manual_calories"":0,""hr_average"":0,""hr_min"":0,""hr_max"":0,""hr_zone_0"":0,""hr_zone_1"":0,""hr_zone_2"":0,""hr_zone_3"":0,""pause_duration"":0,""steps"":15,""distance"":0,""elevation"":0,""metcumul"":0}",,2023-06-04T11:24:45+08:00
2023-05-08T19:11:00+08:00,2023-05-08T19:55:00+08:00,,,Australia/Perth,Walking,"{""calories"":175,""intensity"":30,""manual_distance"":0,""manual_calories"":0,""hr_average"":0,""hr_min"":0,""hr_max"":0,""hr_zone_0"":0,""hr_zone_1"":0,""hr_zone_2"":0,""hr_zone_3"":0,""pause_duration"":0,""steps"":93,""distance"":30,""elevation"":0,""metcumul"":0}",,2023-06-04T11:24:46+08:00
2023-05-09T14:55:37+08:00,2023-05-09T15:17:00+08:00,,,Australia/Perth,Walking,"{""calories"":85,""intensity"":30,""manual_distance"":0,""manual_calories"":0,""hr_average"":0,""hr_min"":0,""hr_max"":0,""hr_zone_0"":0,""hr_zone_1"":0,""hr_zone_2"":0,""hr_zone_3"":0,""pause_duration"":0,""steps"":41,""distance"":0,""elevation"":0,""metcumul"":0}",,2023-06-04T11:24:46+08:00
2023-05-10T08:51:19+08:00,2023-05-10T09:05:00+08:00,,,Australia/Perth,Walking,"{""calories"":54,""intensity"":30,""manual_distance"":0,""manual_calories"":0,""hr_average"":0,""hr_min"":0,""hr_max"":0,""hr_zone_0"":0,""hr_zone_1"":0,""hr_zone_2"":0,""hr_zone_3"":0,""pause_duration"":0,""steps"":20,""distance"":0,""elevation"":0,""metcumul"":0}",,2023-06-04T11:24:47+08:00
2023-05-10T17:19:17+08:00,2023-05-10T17:29:00+08:00,,,Australia/Perth,Walking,"{""calories"":38,""intensity"":30,""manual_distance"":0,""manual_calories"":0,""hr_average"":0,""hr_min"":0,""hr_max"":0,""hr_zone_0"":0,""hr_zone_1"":0,""hr_zone_2"":0,""hr_zone_3"":0,""pause_duration"":0,""steps"":21,""distance"":0,""elevation"":0,""metcumul"":0}",,2023-06-04T11:24:47+08:00
2023-05-13T11:15:44+08:00,2023-05-13T11:19:00+08:00,,,Australia/Perth,Walking,"{""calories"":13,""intensity"":30,""manual_distance"":0,""manual_calories"":0,""hr_average"":0,""hr_min"":0,""hr_max"":0,""hr_zone_0"":0,""hr_zone_1"":0,""hr_zone_2"":0,""hr_zone_3"":0,""pause_duration"":0,""steps"":23,""distance"":0,""elevation"":0,""metcumul"":0}",,2023-06-04T11:24:48+08:00
2023-05-14T16:27:44+08:00,2023-05-14T16:38:00+08:00,,,Australia/Perth,Walking,"{""calories"":40,""intensity"":30,""manual_distance"":0,""manual_calories"":0,""hr_average"":0,""hr_min"":0,""hr_max"":0,""hr_zone_0"":0,""hr_zone_1"":0,""hr_zone_2"":0,""hr_zone_3"":0,""pause_duration"":0,""steps"":24,""distance"":0,""elevation"":0,""metcumul"":0}",,2023-06-04T11:24:48+08:00
2023-05-15T08:33:19+08:00,2023-05-15T08:39:00+08:00,,,Australia/Perth,Walking,"{""calories"":22,""intensity"":30,""manual_distance"":0,""manual_calories"":0,""hr_average"":0,""hr_min"":0,""hr_max"":0,""hr_zone_0"":0,""hr_zone_1"":0,""hr_zone_2"":0,""hr_zone_3"":0,""pause_duration"":0,""steps"":20,""distance"":0,""elevation"":0,""metcumul"":0}",,2023-06-04T11:24:49+08:00
2023-05-15T17:31:02+08:00,2023-05-15T17:40:00+08:00,,,Australia/Perth,Walking,"{""calories"":35,""intensity"":30,""manual_distance"":0,""manual_calories"":0,""hr_average"":0,""hr_min"":0,""hr_max"":0,""hr_zone_0"":0,""hr_zone_1"":0,""hr_zone_2"":0,""hr_zone_3"":0,""pause_duration"":0,""steps"":29,""distance"":0,""elevation"":0,""metcumul"":0}",,2023-06-04T11:24:49+08:00
2023-05-15T19:57:48+08:00,2023-05-15T20:04:00+08:00,,,Australia/Perth,Walking,"{""calories"":24,""intensity"":30,""manual_distance"":0,""manual_calories"":0,""hr_average"":0,""hr_min"":0,""hr_max"":0,""hr_zone_0"":0,""hr_zone_1"":0,""hr_zone_2"":0,""hr_zone_3"":0,""pause_duration"":0,""steps"":1,""distance"":12,""elevation"":0,""metcumul"":0}",,2023-06-04T11:24:50+08:00
2023-05-17T18:00:07+08:00,2023-05-17T18:08:00+08:00,,,Australia/Perth,Walking,"{""calories"":31,""intensity"":30,""manual_distance"":0,""manual_calories"":0,""hr_average"":0,""hr_min"":0,""hr_max"":0,""hr_zone_0"":0,""hr_zone_1"":0,""hr_zone_2"":0,""hr_zone_3"":0,""pause_duration"":0,""steps"":76,""distance"":0,""elevation"":0,""metcumul"":0}",,2023-06-04T11:24:50+08:00
2023-05-21T11:36:20+08:00,2023-05-21T12:12:00+08:00,,,Australia/Perth,Walking,"{""calories"":142,""intensity"":30,""manual_distance"":0,""manual_calories"":0,""hr_average"":0,""hr_min"":0,""hr_max"":0,""hr_zone_0"":0,""hr_zone_1"":0,""hr_zone_2"":0,""hr_zone_3"":0,""pause_duration"":0,""steps"":20,""distance"":0,""elevation"":0,""metcumul"":0}",,2023-06-04T11:24:51+08:00
2023-05-21T12:23:14+08:00,2023-05-21T12:38:00+08:00,,,Australia/Perth,Walking,"{""calories"":58,""intensity"":30,""manual_distance"":0,""manual_calories"":0,""hr_average"":0,""hr_min"":0,""hr_max"":0,""hr_zone_0"":0,""hr_zone_1"":0,""hr_zone_2"":0,""hr_zone_3"":0,""pause_duration"":0,""steps"":71,""distance"":80,""elevation"":0,""metcumul"":0}",,2023-06-04T11:24:52+08:00
2023-05-22T08:09:20+08:00,2023-05-22T08:14:00+08:00,,,Australia/Perth,Walking,"{""calories"":18,""intensity"":30,""manual_distance"":0,""manual_calories"":0,""hr_average"":0,""hr_min"":0,""hr_max"":0,""hr_zone_0"":0,""hr_zone_1"":0,""hr_zone_2"":0,""hr_zone_3"":0,""pause_duration"":0,""steps"":15,""distance"":15,""elevation"":0,""metcumul"":0}",,2023-06-04T11:24:52+08:00
2023-05-23T17:20:00+08:00,2023-05-23T17:28:00+08:00,,,Australia/Perth,Walking,"{""calories"":31,""intensity"":30,""manual_distance"":0,""manual_calories"":0,""hr_average"":0,""hr_min"":0,""hr_max"":0,""hr_zone_0"":0,""hr_zone_1"":0,""hr_zone_2"":0,""hr_zone_3"":0,""pause_duration"":0,""steps"":82,""distance"":41,""elevation"":0,""metcumul"":0}",,2023-06-04T11:24:53+08:00
2023-05-25T17:54:00+08:00,2023-05-25T18:00:00+08:00,,,Australia/Perth,Walking,"{""calories"":23,""intensity"":30,""manual_distance"":0,""manual_calories"":0,""hr_average"":0,""hr_min"":0,""hr_max"":0,""hr_zone_0"":0,""hr_zone_1"":0,""hr_zone_2"":0,""hr_zone_3"":0,""pause_duration"":0,""steps"":30,""distance"":0,""elevation"":0,""metcumul"":0}",,2023-06-04T11:24:53+08:00
2023-05-27T16:22:08+08:00,2023-05-27T17:22:00+08:00,,,Australia/Perth,Walking,"{""calories"":238,""intensity"":30,""manual_distance"":0,""manual_calories"":0,""hr_average"":0,""hr_min"":0,""hr_max"":0,""hr_zone_0"":0,""hr_zone_1"":0,""hr_zone_2"":0,""hr_zone_3"":0,""pause_duration"":0,""steps"":26,""distance"":0,""elevation"":0,""metcumul"":0}",,2023-06-04T11:24:54+08:00
2023-05-28T10:52:17+08:00,2023-05-28T11:00:00+08:00,,,Australia/Perth,Walking,"{""calories"":30,""intensity"":30,""manual_distance"":0,""manual_calories"":0,""hr_average"":0,""hr_min"":0,""hr_max"":0,""hr_zone_0"":0,""hr_zone_1"":0,""hr_zone_2"":0,""hr_zone_3"":0,""pause_duration"":0,""steps"":60,""distance"":0,""elevation"":0,""metcumul"":0}",,2023-06-04T11:24:54+08:00
2023-05-28T18:56:35+08:00,2023-05-28T19:07:00+08:00,,,Australia/Perth,Walking,"{""calories"":41,""intensity"":30,""manual_distance"":0,""manual_calories"":0,""hr_average"":0,""hr_min"":0,""hr_max"":0,""hr_zone_0"":0,""hr_zone_1"":0,""hr_zone_2"":0,""hr_zone_3"":0,""pause_duration"":0,""steps"":12,""distance"":0,""elevation"":0,""metcumul"":0}",,2023-06-04T11:24:55+08:00
2023-05-31T07:54:23+08:00,2023-05-31T08:01:00+08:00,,,Australia/Perth,Walking,"{""calories"":26,""intensity"":30,""manual_distance"":0,""manual_calories"":0,""hr_average"":0,""hr_min"":0,""hr_max"":0,""hr_zone_0"":0,""hr_zone_1"":0,""hr_zone_2"":0,""hr_zone_3"":0,""pause_duration"":0,""steps"":27,""distance"":0,""elevation"":0,""metcumul"":0}",,2023-06-04T11:24:55+08:00
2023-05-31T08:21:10+08:00,2023-05-31T08:31:00+08:00,,,Australia/Perth,Walking,"{""calories"":39,""intensity"":30,""manual_distance"":0,""manual_calories"":0,""hr_average"":0,""hr_min"":0,""hr_max"":0,""hr_zone_0"":0,""hr_zone_1"":0,""hr_zone_2"":0,""hr_zone_3"":0,""pause_duration"":0,""steps"":95,""distance"":1,""elevation"":0,""metcumul"":0}",,2023-06-04T11:24:56+08:00
2023-05-31T19:09:00+08:00,2023-05-31T19:15:00+08:00,,,Australia/Perth,Walking,"{""calories"":23,""intensity"":30,""manual_distance"":0,""manual_calories"":0,""hr_average"":0,""hr_min"":0,""hr_max"":0,""hr_zone_0"":0,""hr_zone_1"":0,""hr_zone_2"":0,""hr_zone_3"":0,""pause_duration"":0,""steps"":105,""distance"":0,""elevation"":0,""metcumul"":0}",,2023-06-04T11:24:56+08:00
2023-06-03T16:07:03+08:00,2023-06-03T17:11:00+08:00,,,Australia/Perth,Walking,"{""calories"":254,""intensity"":30,""manual_distance"":0,""manual_calories"":0,""hr_average"":0,""hr_min"":0,""hr_max"":0,""hr_zone_0"":0,""hr_zone_1"":0,""hr_zone_2"":0,""hr_zone_3"":0,""pause_duration"":0,""steps"":57,""distance"":0,""elevation"":0,""metcumul"":0}",,2023-06-04T11:24:57+08:00
2023-06-04T14:49:00+08:00,2023-06-04T15:37:00+08:00,,,Australia/Perth,Walking,"{""calories"":191,""intensity"":30,""manual_distance"":0,""manual_calories"":0,""hr_average"":0,""hr_min"":0,""hr_max"":0,""hr_zone_0"":0,""hr_zone_1"":0,""hr_zone_2"":0,""hr_zone_3"":0,""pause_duration"":0,""steps"":97,""distance"":66,""elevation"":0,""metcumul"":0}",,2023-06-20T19:48:57+08:00
2023-06-04T16:18:37+08:00,2023-06-04T18:37:31+08:00,,,Australia/Perth,Weights,"{""calories"":442,""intensity"":30,""manual_distance"":0,""manual_calories"":0,""hr_average"":0,""hr_min"":0,""hr_max"":0,""hr_zone_0"":0,""hr_zone_1"":0,""hr_zone_2"":0,""hr_zone_3"":0,""pause_duration"":0,""steps"":1,""distance"":41,""elevation"":0,""metcumul"":0}",,2023-06-20T19:48:58+08:00
2023-06-06T19:47:36+08:00,2023-06-06T20:35:00+08:00,,,Australia/Perth,Weights,"{""calories"":352,""intensity"":30,""manual_distance"":0,""manual_calories"":0,""hr_average"":0,""hr_min"":0,""hr_max"":0,""hr_zone_0"":0,""hr_zone_1"":0,""hr_zone_2"":0,""hr_zone_3"":0,""pause_duration"":0,""steps"":3,""distance"":22,""elevation"":0,""metcumul"":0}",,2023-06-20T19:48:58+08:00
2023-06-09T19:04:00+08:00,2023-06-09T19:15:00+08:00,,,Australia/Perth,Walking,"{""calories"":44,""intensity"":30,""manual_distance"":0,""manual_calories"":0,""hr_average"":0,""hr_min"":0,""hr_max"":0,""hr_zone_0"":0,""hr_zone_1"":0,""hr_zone_2"":0,""hr_zone_3"":0,""pause_duration"":0,""steps"":30,""distance"":20,""elevation"":0,""metcumul"":0}",,2023-06-20T19:48:59+08:00
2023-06-10T17:17:24+08:00,2023-06-10T18:00:00+08:00,,,Australia/Perth,Walking,"{""calories"":170,""intensity"":30,""manual_distance"":0,""manual_calories"":0,""hr_average"":0,""hr_min"":0,""hr_max"":0,""hr_zone_0"":0,""hr_zone_1"":0,""hr_zone_2"":0,""hr_zone_3"":0,""pause_duration"":0,""steps"":36,""distance"":0,""elevation"":0,""metcumul"":0}",,2023-06-20T19:49:00+08:00
2023-06-17T18:02:00+08:00,2023-06-17T18:07:00+08:00,,,Australia/Perth,Walking,"{""calories"":19,""intensity"":30,""manual_distance"":0,""manual_calories"":0,""hr_average"":0,""hr_min"":0,""hr_max"":0,""hr_zone_0"":0,""hr_zone_1"":0,""hr_zone_2"":0,""hr_zone_3"":0,""pause_duration"":0,""steps"":78,""distance"":249,""elevation"":0,""metcumul"":0}",,2023-06-20T19:49:00+08:00
2023-06-18T15:12:12+08:00,2023-06-18T15:32:00+08:00,,,Australia/Perth,Walking,"{""calories"":78,""intensity"":30,""manual_distance"":0,""manual_calories"":0,""hr_average"":0,""hr_min"":0,""hr_max"":0,""hr_zone_0"":0,""hr_zone_1"":0,""hr_zone_2"":0,""hr_zone_3"":0,""pause_duration"":0,""steps"":24,""distance"":0,""elevation"":0,""metcumul"":0}",,2023-06-20T19:49:01+08:00
2023-06-18T15:50:37+08:00,2023-06-18T16:14:00+08:00,,,Australia/Perth,Walking,"{""calories"":92,""intensity"":30,""manual_distance"":0,""manual_calories"":0,""hr_average"":0,""hr_min"":0,""hr_max"":0,""hr_zone_0"":0,""hr_zone_1"":0,""hr_zone_2"":0,""hr_zone_3"":0,""pause_duration"":0,""steps"":33,""distance"":0,""elevation"":0,""metcumul"":0}",,2023-06-20T19:49:01+08:00
2023-06-18T16:34:53+08:00,2023-06-18T17:15:00+08:00,,,Australia/Perth,Walking,"{""calories"":158,""intensity"":30,""manual_distance"":0,""manual_calories"":0,""hr_average"":0,""hr_min"":0,""hr_max"":0,""hr_zone_0"":0,""hr_zone_1"":0,""hr_zone_2"":0,""hr_zone_3"":0,""pause_duration"":0,""steps"":7,""distance"":0,""elevation"":0,""metcumul"":0}",,2023-06-20T19:49:02+08:00
2023-06-19T19:33:33+08:00,2023-06-19T20:22:21+08:00,,,Australia/Perth,Weights,"{""calories"":351,""intensity"":30,""manual_distance"":0,""manual_calories"":0,""hr_average"":0,""hr_min"":0,""hr_max"":0,""hr_zone_0"":0,""hr_zone_1"":0,""hr_zone_2"":0,""hr_zone_3"":0,""pause_duration"":0,""steps"":33,""distance"":21,""elevation"":0,""metcumul"":0}",,2023-06-20T19:49:02+08:00
2023-06-24T16:11:00+08:00,2023-06-24T16:20:00+08:00,,,Australia/Perth,Walking,"{""calories"":35,""intensity"":30,""manual_distance"":0,""manual_calories"":0,""hr_average"":0,""hr_min"":0,""hr_max"":0,""hr_zone_0"":0,""hr_zone_1"":0,""hr_zone_2"":0,""hr_zone_3"":0,""pause_duration"":0,""steps"":84,""distance"":5,""elevation"":0,""metcumul"":0}",,2023-07-02T19:24:40+08:00
2023-06-25T09:48:47+08:00,2023-06-25T09:59:00+08:00,,,Australia/Perth,Walking,"{""calories"":40,""intensity"":30,""manual_distance"":0,""manual_calories"":0,""hr_average"":0,""hr_min"":0,""hr_max"":0,""hr_zone_0"":0,""hr_zone_1"":0,""hr_zone_2"":0,""hr_zone_3"":0,""pause_duration"":0,""steps"":19,""distance"":1,""elevation"":0,""metcumul"":0}",,2023-07-02T19:24:40+08:00
2023-06-25T10:57:00+08:00,2023-06-25T11:08:00+08:00,,,Australia/Perth,Walking,"{""calories"":43,""intensity"":30,""manual_distance"":0,""manual_calories"":0,""hr_average"":0,""hr_min"":0,""hr_max"":0,""hr_zone_0"":0,""hr_zone_1"":0,""hr_zone_2"":0,""hr_zone_3"":0,""pause_duration"":0,""steps"":91,""distance"":291,""elevation"":0,""metcumul"":0}",,2023-07-02T19:24:41+08:00
2023-06-27T08:25:52+08:00,2023-06-27T08:31:00+08:00,,,Australia/Perth,Walking,"{""calories"":20,""intensity"":30,""manual_distance"":0,""manual_calories"":0,""hr_average"":0,""hr_min"":0,""hr_max"":0,""hr_zone_0"":0,""hr_zone_1"":0,""hr_zone_2"":0,""hr_zone_3"":0,""pause_duration"":0,""steps"":3,""distance"":0,""elevation"":0,""metcumul"":0}",,2023-07-02T19:24:41+08:00
2023-06-27T18:25:00+08:00,2023-06-27T19:07:00+08:00,,,Australia/Perth,Walking,"{""calories"":166,""intensity"":30,""manual_distance"":0,""manual_calories"":0,""hr_average"":0,""hr_min"":0,""hr_max"":0,""hr_zone_0"":0,""hr_zone_1"":0,""hr_zone_2"":0,""hr_zone_3"":0,""pause_duration"":0,""steps"":68,""distance"":27,""elevation"":0,""metcumul"":0}",,2023-07-02T19:24:42+08:00
2023-06-28T08:12:42+08:00,2023-06-28T08:20:00+08:00,,,Australia/Perth,Walking,"{""calories"":28,""intensity"":30,""manual_distance"":0,""manual_calories"":0,""hr_average"":0,""hr_min"":0,""hr_max"":0,""hr_zone_0"":0,""hr_zone_1"":0,""hr_zone_2"":0,""hr_zone_3"":0,""pause_duration"":0,""steps"":8,""distance"":0,""elevation"":0,""metcumul"":0}",,2023-07-02T19:24:42+08:00
2023-07-01T17:53:25+08:00,2023-07-01T18:46:00+08:00,,,Australia/Perth,Walking,"{""calories"":208,""intensity"":30,""manual_distance"":0,""manual_calories"":0,""hr_average"":0,""hr_min"":0,""hr_max"":0,""hr_zone_0"":0,""hr_zone_1"":0,""hr_zone_2"":0,""hr_zone_3"":0,""pause_duration"":0,""steps"":20,""distance"":0,""elevation"":0,""metcumul"":0}",,2023-07-02T19:24:43+08:00
2023-07-02T16:42:00+08:00,2023-07-02T17:39:00+08:00,,,Australia/Perth,Walking,"{""calories"":226,""intensity"":30,""manual_distance"":0,""manual_calories"":0,""hr_average"":0,""hr_min"":0,""hr_max"":0,""hr_zone_0"":0,""hr_zone_1"":0,""hr_zone_2"":0,""hr_zone_3"":0,""pause_duration"":0,""steps"":4606,""distance"":3248,""elevation"":57,""metcumul"":57}",,2023-07-04T16:43:24+08:00
2023-07-03T12:05:02+08:00,2023-07-03T12:10:00+08:00,,,Australia/Perth,Walking,"{""calories"":19,""intensity"":30,""manual_distance"":0,""manual_calories"":0,""hr_average"":0,""hr_min"":0,""hr_max"":0,""hr_zone_0"":0,""hr_zone_1"":0,""hr_zone_2"":0,""hr_zone_3"":0,""pause_duration"":0,""steps"":75,""distance"":0,""elevation"":0,""metcumul"":0}",,2023-07-04T16:43:24+08:00
2023-07-04T17:29:16+08:00,2023-07-04T17:54:00+08:00,,,Australia/Perth,Walking,"{""calories"":98,""intensity"":30,""manual_distance"":0,""manual_calories"":0,""hr_average"":0,""hr_min"":0,""hr_max"":0,""hr_zone_0"":0,""hr_zone_1"":0,""hr_zone_2"":0,""hr_zone_3"":0,""pause_duration"":0,""steps"":25,""distance"":12,""elevation"":0,""metcumul"":0}",,2023-07-05T04:22:54+08:00
2023-07-05T17:32:27+08:00,2023-07-05T17:39:00+08:00,,,Australia/Perth,Walking,"{""calories"":26,""intensity"":30,""manual_distance"":0,""manual_calories"":0,""hr_average"":0,""hr_min"":0,""hr_max"":0,""hr_zone_0"":0,""hr_zone_1"":0,""hr_zone_2"":0,""hr_zone_3"":0,""pause_duration"":0,""steps"":475,""distance"":333,""elevation"":7,""metcumul"":7}",,2023-07-07T14:58:14+08:00
2023-07-06T15:52:23+08:00,2023-07-06T16:25:00+08:00,,,Australia/Perth,Walking,"{""calories"":129,""intensity"":30,""manual_distance"":0,""manual_calories"":0,""hr_average"":0,""hr_min"":0,""hr_max"":0,""hr_zone_0"":0,""hr_zone_1"":0,""hr_zone_2"":0,""hr_zone_3"":0,""pause_duration"":0,""steps"":18,""distance"":0,""elevation"":0,""metcumul"":0}",,2023-07-07T14:58:16+08:00
2023-07-07T16:50:05+08:00,2023-07-07T17:21:00+08:00,,,Australia/Perth,Walking,"{""calories"":123,""intensity"":30,""manual_distance"":0,""manual_calories"":0,""hr_average"":0,""hr_min"":0,""hr_max"":0,""hr_zone_0"":0,""hr_zone_1"":0,""hr_zone_2"":0,""hr_zone_3"":0,""pause_duration"":0,""steps"":15,""distance"":3,""elevation"":0,""metcumul"":0}",,2023-07-09T17:25:03+08:00
2023-07-08T14:05:06+08:00,2023-07-08T14:41:00+08:00,,,Australia/Perth,Walking,"{""calories"":142,""intensity"":30,""manual_distance"":0,""manual_calories"":0,""hr_average"":0,""hr_min"":0,""hr_max"":0,""hr_zone_0"":0,""hr_zone_1"":0,""hr_zone_2"":0,""hr_zone_3"":0,""pause_duration"":0,""steps"":8,""distance"":4,""elevation"":0,""metcumul"":0}",,2023-07-09T17:25:04+08:00
2023-07-10T15:55:41+08:00,2023-07-10T16:00:00+08:00,,,Australia/Perth,Walking,"{""calories"":17,""intensity"":30,""manual_distance"":0,""manual_calories"":0,""hr_average"":0,""hr_min"":0,""hr_max"":0,""hr_zone_0"":0,""hr_zone_1"":0,""hr_zone_2"":0,""hr_zone_3"":0,""pause_duration"":0,""steps"":27,""distance"":0,""elevation"":0,""metcumul"":0}",,2023-07-12T14:04:12+08:00
2023-07-11T07:50:08+08:00,2023-07-11T07:56:14+08:00,,,Australia/Perth,Walking,"{""calories"":24,""intensity"":30,""manual_distance"":0,""manual_calories"":0,""hr_average"":0,""hr_min"":0,""hr_max"":0,""hr_zone_0"":0,""hr_zone_1"":0,""hr_zone_2"":0,""hr_zone_3"":0,""pause_duration"":0,""steps"":65,""distance"":0,""elevation"":0,""metcumul"":0}",,2023-07-12T14:04:12+08:00
2023-07-11T17:55:58+08:00,2023-07-11T18:47:00+08:00,,,Australia/Perth,Walking,"{""calories"":203,""intensity"":30,""manual_distance"":0,""manual_calories"":0,""hr_average"":0,""hr_min"":0,""hr_max"":0,""hr_zone_0"":0,""hr_zone_1"":0,""hr_zone_2"":0,""hr_zone_3"":0,""pause_duration"":0,""steps"":1,""distance"":0,""elevation"":0,""metcumul"":0}",,2023-07-12T14:04:13+08:00
2023-07-11T19:14:31+08:00,2023-07-11T20:01:17+08:00,,,Australia/Perth,Weights,"{""calories"":342,""intensity"":30,""manual_distance"":0,""manual_calories"":0,""hr_average"":0,""hr_min"":0,""hr_max"":0,""hr_zone_0"":0,""hr_zone_1"":0,""hr_zone_2"":0,""hr_zone_3"":0,""pause_duration"":0,""steps"":2,""distance"":0,""elevation"":0,""metcumul"":0}",,2023-07-12T14:04:14+08:00
2023-07-12T07:22:30+08:00,2023-07-12T07:29:00+08:00,,,Australia/Perth,Walking,"{""calories"":25,""intensity"":30,""manual_distance"":0,""manual_calories"":0,""hr_average"":0,""hr_min"":0,""hr_max"":0,""hr_zone_0"":0,""hr_zone_1"":0,""hr_zone_2"":0,""hr_zone_3"":0,""pause_duration"":0,""steps"":15,""distance"":0,""elevation"":0,""metcumul"":0}",,2023-07-12T14:04:14+08:00
2023-07-12T13:50:55+08:00,2023-07-12T13:57:00+08:00,,,Australia/Perth,Walking,"{""calories"":24,""intensity"":30,""manual_distance"":0,""manual_calories"":0,""hr_average"":0,""hr_min"":0,""hr_max"":0,""hr_zone_0"":0,""hr_zone_1"":0,""hr_zone_2"":0,""hr_zone_3"":0,""pause_duration"":0,""steps"":477,""distance"":334,""elevation"":7,""metcumul"":7}",,2023-07-13T08:49:12+08:00
2023-07-12T16:30:36+08:00,2023-07-12T17:27:00+08:00,,,Australia/Perth,Walking,"{""calories"":224,""intensity"":30,""manual_distance"":0,""manual_calories"":0,""hr_average"":0,""hr_min"":0,""hr_max"":0,""hr_zone_0"":0,""hr_zone_1"":0,""hr_zone_2"":0,""hr_zone_3"":0,""pause_duration"":0,""steps"":5,""distance"":14,""elevation"":0,""metcumul"":0}",,2023-07-13T08:49:13+08:00
2023-07-13T17:20:27+08:00,2023-07-13T17:46:00+08:00,,,Australia/Perth,Walking,"{""calories"":101,""intensity"":30,""manual_distance"":0,""manual_calories"":0,""hr_average"":0,""hr_min"":0,""hr_max"":0,""hr_zone_0"":0,""hr_zone_1"":0,""hr_zone_2"":0,""hr_zone_3"":0,""pause_duration"":0,""steps"":47,""distance"":103,""elevation"":0,""metcumul"":0}",,2023-07-13T21:31:31+08:00
2023-07-14T07:34:38+08:00,2023-07-14T07:40:00+08:00,,,Australia/Perth,Walking,"{""calories"":21,""intensity"":30,""manual_distance"":0,""manual_calories"":0,""hr_average"":0,""hr_min"":0,""hr_max"":0,""hr_zone_0"":0,""hr_zone_1"":0,""hr_zone_2"":0,""hr_zone_3"":0,""pause_duration"":0,""steps"":11,""distance"":0,""elevation"":0,""metcumul"":0}",,2023-07-14T18:07:12+08:00
2023-07-14T16:59:18+08:00,2023-07-14T17:05:00+08:00,,,Australia/Perth,Walking,"{""calories"":22,""intensity"":30,""manual_distance"":0,""manual_calories"":0,""hr_average"":0,""hr_min"":0,""hr_max"":0,""hr_zone_0"":0,""hr_zone_1"":0,""hr_zone_2"":0,""hr_zone_3"":0,""pause_duration"":0,""steps"":68,""distance"":47,""elevation"":0,""metcumul"":0}",,2023-07-14T18:07:12+08:00
2023-07-14T17:22:47+08:00,2023-07-14T18:07:00+08:00,,,Australia/Perth,Walking,"{""calories"":176,""intensity"":30,""manual_distance"":0,""manual_calories"":0,""hr_average"":0,""hr_min"":0,""hr_max"":0,""hr_zone_0"":0,""hr_zone_1"":0,""hr_zone_2"":0,""hr_zone_3"":0,""pause_duration"":0,""steps"":3302,""distance"":2339,""elevation"":45,""metcumul"":45}",,2023-07-15T10:19:54+08:00
2023-07-16T11:34:52+08:00,2023-07-16T11:50:00+08:00,,,Australia/Perth,Walking,"{""calories"":60,""intensity"":30,""manual_distance"":0,""manual_calories"":0,""hr_average"":0,""hr_min"":0,""hr_max"":0,""hr_zone_0"":0,""hr_zone_1"":0,""hr_zone_2"":0,""hr_zone_3"":0,""pause_duration"":0,""steps"":4,""distance"":11,""elevation"":0,""metcumul"":0}",,2023-07-16T22:49:55+08:00
2023-07-16T17:23:00+08:00,2023-07-16T17:47:00+08:00,,,Australia/Perth,Walking,"{""calories"":96,""intensity"":30,""manual_distance"":0,""manual_calories"":0,""hr_average"":0,""hr_min"":0,""hr_max"":0,""hr_zone_0"":0,""hr_zone_1"":0,""hr_zone_2"":0,""hr_zone_3"":0,""pause_duration"":0,""steps"":84,""distance"":47,""elevation"":0,""metcumul"":0}",,2023-07-16T22:49:56+08:00
2023-07-17T15:38:35+08:00,2023-07-17T15:55:00+08:00,,,Australia/Perth,Walking,"{""calories"":65,""intensity"":30,""manual_distance"":0,""manual_calories"":0,""hr_average"":0,""hr_min"":0,""hr_max"":0,""hr_zone_0"":0,""hr_zone_1"":0,""hr_zone_2"":0,""hr_zone_3"":0,""pause_duration"":0,""steps"":38,""distance"":0,""elevation"":0,""metcumul"":0}",,2023-07-18T23:33:47+08:00
2023-07-17T19:05:00+08:00,2023-07-17T20:04:00+08:00,,,Australia/Perth,Walking,"{""calories"":236,""intensity"":30,""manual_distance"":0,""manual_calories"":0,""hr_average"":0,""hr_min"":0,""hr_max"":0,""hr_zone_0"":0,""hr_zone_1"":0,""hr_zone_2"":0,""hr_zone_3"":0,""pause_duration"":0,""steps"":92,""distance"":8,""elevation"":0,""metcumul"":0}",,2023-07-18T23:33:48+08:00
2023-07-18T17:07:15+08:00,2023-07-18T17:11:00+08:00,,,Australia/Perth,Walking,"{""calories"":15,""intensity"":30,""manual_distance"":0,""manual_calories"":0,""hr_average"":0,""hr_min"":0,""hr_max"":0,""hr_zone_0"":0,""hr_zone_1"":0,""hr_zone_2"":0,""hr_zone_3"":0,""pause_duration"":0,""steps"":22,""distance"":39,""elevation"":0,""metcumul"":0}",,2023-07-18T23:33:49+08:00
2023-07-18T18:28:00+08:00,2023-07-18T19:00:00+08:00,,,Australia/Perth,Walking,"{""calories"":128,""intensity"":30,""manual_distance"":0,""manual_calories"":0,""hr_average"":0,""hr_min"":0,""hr_max"":0,""hr_zone_0"":0,""hr_zone_1"":0,""hr_zone_2"":0,""hr_zone_3"":0,""pause_duration"":0,""steps"":74,""distance"":75,""elevation"":0,""metcumul"":0}",,2023-07-18T23:33:49+08:00
2023-07-18T19:31:55+08:00,2023-07-18T20:20:51+08:00,,,Australia/Perth,Weights,"{""calories"":364,""intensity"":30,""manual_distance"":0,""manual_calories"":0,""hr_average"":0,""hr_min"":0,""hr_max"":0,""hr_zone_0"":0,""hr_zone_1"":0,""hr_zone_2"":0,""hr_zone_3"":0,""pause_duration"":0,""steps"":26,""distance"":16,""elevation"":0,""metcumul"":0}",,2023-07-18T23:33:50+08:00
2023-07-20T20:05:56+08:00,2023-07-20T20:30:00+08:00,,,Australia/Perth,Walking,"{""calories"":95,""intensity"":30,""manual_distance"":0,""manual_calories"":0,""hr_average"":0,""hr_min"":0,""hr_max"":0,""hr_zone_0"":0,""hr_zone_1"":0,""hr_zone_2"":0,""hr_zone_3"":0,""pause_duration"":0,""steps"":1803,""distance"":1278,""elevation"":25,""metcumul"":25}",,2023-07-20T21:50:03+08:00
2023-07-21T22:21:55+08:00,2023-07-21T22:31:00+08:00,,,Australia/Perth,Walking,"{""calories"":36,""intensity"":30,""manual_distance"":0,""manual_calories"":0,""hr_average"":0,""hr_min"":0,""hr_max"":0,""hr_zone_0"":0,""hr_zone_1"":0,""hr_zone_2"":0,""hr_zone_3"":0,""pause_duration"":0,""steps"":2,""distance"":0,""elevation"":0,""metcumul"":0}",,2023-07-24T13:15:38+08:00
2023-07-22T08:17:12+08:00,2023-07-22T08:28:00+08:00,,,Australia/Perth,Walking,"{""calories"":42,""intensity"":30,""manual_distance"":0,""manual_calories"":0,""hr_average"":0,""hr_min"":0,""hr_max"":0,""hr_zone_0"":0,""hr_zone_1"":0,""hr_zone_2"":0,""hr_zone_3"":0,""pause_duration"":0,""steps"":24,""distance"":0,""elevation"":0,""metcumul"":0}",,2023-07-24T13:15:39+08:00
2023-07-24T17:20:58+08:00,2023-07-24T18:19:00+08:00,,,Australia/Perth,Walking,"{""calories"":231,""intensity"":30,""manual_distance"":0,""manual_calories"":0,""hr_average"":0,""hr_min"":0,""hr_max"":0,""hr_zone_0"":0,""hr_zone_1"":0,""hr_zone_2"":0,""hr_zone_3"":0,""pause_duration"":0,""steps"":1,""distance"":0,""elevation"":0,""metcumul"":0}",,2023-07-25T08:29:08+08:00
2023-07-30T15:41:42+08:00,2023-07-30T16:06:00+08:00,,,Australia/Perth,Walking,"{""calories"":96,""intensity"":30,""manual_distance"":0,""manual_calories"":0,""hr_average"":0,""hr_min"":0,""hr_max"":0,""hr_zone_0"":0,""hr_zone_1"":0,""hr_zone_2"":0,""hr_zone_3"":0,""pause_duration"":0,""steps"":16,""distance"":0,""elevation"":0,""metcumul"":0}",,2023-07-31T17:48:51+08:00
2023-08-01T09:02:10+08:00,2023-08-01T09:08:00+08:00,,,Australia/Perth,Walking,"{""calories"":23,""intensity"":30,""manual_distance"":0,""manual_calories"":0,""hr_average"":0,""hr_min"":0,""hr_max"":0,""hr_zone_0"":0,""hr_zone_1"":0,""hr_zone_2"":0,""hr_zone_3"":0,""pause_duration"":0,""steps"":67,""distance"":0,""elevation"":0,""metcumul"":0}",,2023-08-06T17:54:28+08:00
2023-08-01T19:04:13+08:00,2023-08-01T20:02:00+08:00,,,Australia/Perth,Walking,"{""calories"":229,""intensity"":30,""manual_distance"":0,""manual_calories"":0,""hr_average"":0,""hr_min"":0,""hr_max"":0,""hr_zone_0"":0,""hr_zone_1"":0,""hr_zone_2"":0,""hr_zone_3"":0,""pause_duration"":0,""steps"":23,""distance"":0,""elevation"":0,""metcumul"":0}",,2023-08-06T17:54:29+08:00
2023-08-03T18:05:59+08:00,2023-08-03T18:11:00+08:00,,,Australia/Perth,Walking,"{""calories"":19,""intensity"":30,""manual_distance"":0,""manual_calories"":0,""hr_average"":0,""hr_min"":0,""hr_max"":0,""hr_zone_0"":0,""hr_zone_1"":0,""hr_zone_2"":0,""hr_zone_3"":0,""pause_duration"":0,""steps"":1,""distance"":0,""elevation"":0,""metcumul"":0}",,2023-08-06T17:54:30+08:00
2023-08-05T17:35:00+08:00,2023-08-05T18:19:00+08:00,,,Australia/Perth,Walking,"{""calories"":175,""intensity"":30,""manual_distance"":0,""manual_calories"":0,""hr_average"":0,""hr_min"":0,""hr_max"":0,""hr_zone_0"":0,""hr_zone_1"":0,""hr_zone_2"":0,""hr_zone_3"":0,""pause_duration"":0,""steps"":3496,""distance"":2454,""elevation"":44,""metcumul"":44}",,2023-08-06T17:54:29+08:00
2023-08-03T18:26:07+08:00,2023-08-03T18:36:00+08:00,,,Australia/Perth,Walking,"{""calories"":39,""intensity"":30,""manual_distance"":0,""manual_calories"":0,""hr_average"":0,""hr_min"":0,""hr_max"":0,""hr_zone_0"":0,""hr_zone_1"":0,""hr_zone_2"":0,""hr_zone_3"":0,""pause_duration"":0,""steps"":86,""distance"":374,""elevation"":0,""metcumul"":0}",,2023-08-06T17:54:30+08:00
2023-08-04T12:38:21+08:00,2023-08-04T12:42:00+08:00,,,Australia/Perth,Walking,"{""calories"":14,""intensity"":30,""manual_distance"":0,""manual_calories"":0,""hr_average"":0,""hr_min"":0,""hr_max"":0,""hr_zone_0"":0,""hr_zone_1"":0,""hr_zone_2"":0,""hr_zone_3"":0,""pause_duration"":0,""steps"":19,""distance"":0,""elevation"":0,""metcumul"":0}",,2023-08-06T17:54:31+08:00
2023-08-06T17:25:00+08:00,2023-08-06T17:54:00+08:00,,,Australia/Perth,Walking,"{""calories"":115,""intensity"":30,""manual_distance"":0,""manual_calories"":0,""hr_average"":0,""hr_min"":0,""hr_max"":0,""hr_zone_0"":0,""hr_zone_1"":0,""hr_zone_2"":0,""hr_zone_3"":0,""pause_duration"":0,""steps"":2619,""distance"":1865,""elevation"":29,""metcumul"":29}",,2023-08-06T19:29:06+08:00
2023-08-07T07:35:46+08:00,2023-08-07T07:40:00+08:00,,,Australia/Perth,Walking,"{""calories"":16,""intensity"":30,""manual_distance"":0,""manual_calories"":0,""hr_average"":0,""hr_min"":0,""hr_max"":0,""hr_zone_0"":0,""hr_zone_1"":0,""hr_zone_2"":0,""hr_zone_3"":0,""pause_duration"":0,""steps"":22,""distance"":1,""elevation"":0,""metcumul"":0}",,2023-08-07T08:19:42+08:00
2023-08-07T07:59:55+08:00,2023-08-07T08:06:00+08:00,,,Australia/Perth,Walking,"{""calories"":24,""intensity"":30,""manual_distance"":0,""manual_calories"":0,""hr_average"":0,""hr_min"":0,""hr_max"":0,""hr_zone_0"":0,""hr_zone_1"":0,""hr_zone_2"":0,""hr_zone_3"":0,""pause_duration"":0,""steps"":680,""distance"":528,""elevation"":7,""metcumul"":7}",,2023-08-08T10:15:35+08:00
2023-08-07T17:46:39+08:00,2023-08-07T17:54:00+08:00,,,Australia/Perth,Walking,"{""calories"":29,""intensity"":30,""manual_distance"":0,""manual_calories"":0,""hr_average"":0,""hr_min"":0,""hr_max"":0,""hr_zone_0"":0,""hr_zone_1"":0,""hr_zone_2"":0,""hr_zone_3"":0,""pause_duration"":0,""steps"":35,""distance"":0,""elevation"":0,""metcumul"":0}",,2023-08-08T10:15:35+08:00
2023-08-09T07:09:05+08:00,2023-08-09T07:17:00+08:00,,,Australia/Perth,Walking,"{""calories"":31,""intensity"":30,""manual_distance"":0,""manual_calories"":0,""hr_average"":0,""hr_min"":0,""hr_max"":0,""hr_zone_0"":0,""hr_zone_1"":0,""hr_zone_2"":0,""hr_zone_3"":0,""pause_duration"":0,""steps"":27,""distance"":19,""elevation"":0,""metcumul"":0}",,2023-08-09T19:44:24+08:00
2023-08-09T17:35:32+08:00,2023-08-09T17:53:00+08:00,,,Australia/Perth,Walking,"{""calories"":69,""intensity"":30,""manual_distance"":0,""manual_calories"":0,""hr_average"":0,""hr_min"":0,""hr_max"":0,""hr_zone_0"":0,""hr_zone_1"":0,""hr_zone_2"":0,""hr_zone_3"":0,""pause_duration"":0,""steps"":31,""distance"":158,""elevation"":0,""metcumul"":0}",,2023-08-09T19:44:25+08:00
2023-08-09T18:12:00+08:00,2023-08-09T18:43:00+08:00,,,Australia/Perth,Walking,"{""calories"":123,""intensity"":30,""manual_distance"":0,""manual_calories"":0,""hr_average"":0,""hr_min"":0,""hr_max"":0,""hr_zone_0"":0,""hr_zone_1"":0,""hr_zone_2"":0,""hr_zone_3"":0,""pause_duration"":0,""steps"":66,""distance"":90,""elevation"":0,""metcumul"":0}",,2023-08-09T19:44:25+08:00
2023-08-10T08:18:15+08:00,2023-08-10T08:24:00+08:00,,,Australia/Perth,Walking,"{""calories"":22,""intensity"":30,""manual_distance"":0,""manual_calories"":0,""hr_average"":0,""hr_min"":0,""hr_max"":0,""hr_zone_0"":0,""hr_zone_1"":0,""hr_zone_2"":0,""hr_zone_3"":0,""pause_duration"":0,""steps"":22,""distance"":0,""elevation"":0,""metcumul"":0}",,2023-08-11T09:41:15+08:00
2023-08-10T18:03:00+08:00,2023-08-10T18:10:00+08:00,,,Australia/Perth,Walking,"{""calories"":27,""intensity"":30,""manual_distance"":0,""manual_calories"":0,""hr_average"":0,""hr_min"":0,""hr_max"":0,""hr_zone_0"":0,""hr_zone_1"":0,""hr_zone_2"":0,""hr_zone_3"":0,""pause_duration"":0,""steps"":79,""distance"":8,""elevation"":0,""metcumul"":0}",,2023-08-11T09:41:16+08:00
2023-08-10T20:16:55+08:00,2023-08-10T20:25:00+08:00,,,Australia/Perth,Walking,"{""calories"":32,""intensity"":30,""manual_distance"":0,""manual_calories"":0,""hr_average"":0,""hr_min"":0,""hr_max"":0,""hr_zone_0"":0,""hr_zone_1"":0,""hr_zone_2"":0,""hr_zone_3"":0,""pause_duration"":0,""steps"":6,""distance"":0,""elevation"":0,""metcumul"":0}",,2023-08-11T09:41:16+08:00
2023-08-11T20:33:39+08:00,2023-08-11T20:45:00+08:00,,,Australia/Perth,Walking,"{""calories"":45,""intensity"":30,""manual_distance"":0,""manual_calories"":0,""hr_average"":0,""hr_min"":0,""hr_max"":0,""hr_zone_0"":0,""hr_zone_1"":0,""hr_zone_2"":0,""hr_zone_3"":0,""pause_duration"":0,""steps"":29,""distance"":0,""elevation"":0,""metcumul"":0}",,2023-08-13T07:39:23+08:00
2023-08-12T16:19:37+08:00,2023-08-12T17:07:21+08:00,,,Australia/Perth,Weights,"{""calories"":347,""intensity"":30,""manual_distance"":0,""manual_calories"":0,""hr_average"":0,""hr_min"":0,""hr_max"":0,""hr_zone_0"":0,""hr_zone_1"":0,""hr_zone_2"":0,""hr_zone_3"":0,""pause_duration"":0,""steps"":35,""distance"":22,""elevation"":0,""metcumul"":0}",,2023-08-13T07:39:23+08:00
2023-08-12T18:03:26+08:00,2023-08-12T18:53:00+08:00,,,Australia/Perth,Walking,"{""calories"":196,""intensity"":30,""manual_distance"":0,""manual_calories"":0,""hr_average"":0,""hr_min"":0,""hr_max"":0,""hr_zone_0"":0,""hr_zone_1"":0,""hr_zone_2"":0,""hr_zone_3"":0,""pause_duration"":0,""steps"":17,""distance"":81,""elevation"":0,""metcumul"":0}",,2023-08-13T07:39:24+08:00
2023-08-14T16:03:00+08:00,2023-08-14T16:08:00+08:00,,,Australia/Perth,Walking,"{""calories"":19,""intensity"":30,""manual_distance"":0,""manual_calories"":0,""hr_average"":0,""hr_min"":0,""hr_max"":0,""hr_zone_0"":0,""hr_zone_1"":0,""hr_zone_2"":0,""hr_zone_3"":0,""pause_duration"":0,""steps"":92,""distance"":1,""elevation"":0,""metcumul"":0}",,2023-08-14T19:15:11+08:00
2023-08-14T18:06:53+08:00,2023-08-14T18:15:00+08:00,,,Australia/Perth,Walking,"{""calories"":32,""intensity"":30,""manual_distance"":0,""manual_calories"":0,""hr_average"":0,""hr_min"":0,""hr_max"":0,""hr_zone_0"":0,""hr_zone_1"":0,""hr_zone_2"":0,""hr_zone_3"":0,""pause_duration"":0,""steps"":3,""distance"":0,""elevation"":0,""metcumul"":0}",,2023-08-14T19:15:11+08:00
2023-08-14T19:44:32+08:00,2023-08-14T20:29:24+08:00,,,Australia/Perth,Weights,"{""calories"":327,""intensity"":30,""manual_distance"":0,""manual_calories"":0,""hr_average"":0,""hr_min"":0,""hr_max"":0,""hr_zone_0"":0,""hr_zone_1"":0,""hr_zone_2"":0,""hr_zone_3"":0,""pause_duration"":0,""steps"":42,""distance"":26,""elevation"":0,""metcumul"":0}",,2023-08-14T22:21:15+08:00
2023-08-15T07:09:46+08:00,2023-08-15T07:21:00+08:00,,,Australia/Perth,Walking,"{""calories"":44,""intensity"":30,""manual_distance"":0,""manual_calories"":0,""hr_average"":0,""hr_min"":0,""hr_max"":0,""hr_zone_0"":0,""hr_zone_1"":0,""hr_zone_2"":0,""hr_zone_3"":0,""pause_duration"":0,""steps"":7,""distance"":0,""elevation"":0,""metcumul"":0}",,2023-08-15T09:56:07+08:00
2023-08-15T09:04:43+08:00,2023-08-15T09:18:00+08:00,,,Australia/Perth,Walking,"{""calories"":52,""intensity"":30,""manual_distance"":0,""manual_calories"":0,""hr_average"":0,""hr_min"":0,""hr_max"":0,""hr_zone_0"":0,""hr_zone_1"":0,""hr_zone_2"":0,""hr_zone_3"":0,""pause_duration"":0,""steps"":8,""distance"":0,""elevation"":0,""metcumul"":0}",,2023-08-15T09:56:08+08:00
2023-08-16T17:19:43+08:00,2023-08-16T18:03:00+08:00,,,Australia/Perth,Walking,"{""calories"":171,""intensity"":30,""manual_distance"":0,""manual_calories"":0,""hr_average"":0,""hr_min"":0,""hr_max"":0,""hr_zone_0"":0,""hr_zone_1"":0,""hr_zone_2"":0,""hr_zone_3"":0,""pause_duration"":0,""steps"":10,""distance"":0,""elevation"":0,""metcumul"":0}",,2023-08-17T21:37:22+08:00
2023-08-17T17:14:00+08:00,2023-08-17T17:55:00+08:00,,,Australia/Perth,Walking,"{""calories"":162,""intensity"":30,""manual_distance"":0,""manual_calories"":0,""hr_average"":0,""hr_min"":0,""hr_max"":0,""hr_zone_0"":0,""hr_zone_1"":0,""hr_zone_2"":0,""hr_zone_3"":0,""pause_duration"":0,""steps"":98,""distance"":35,""elevation"":0,""metcumul"":0}",,2023-08-17T21:37:23+08:00
2023-08-18T07:51:21+08:00,2023-08-18T08:01:00+08:00,,,Australia/Perth,Walking,"{""calories"":38,""intensity"":30,""manual_distance"":0,""manual_calories"":0,""hr_average"":0,""hr_min"":0,""hr_max"":0,""hr_zone_0"":0,""hr_zone_1"":0,""hr_zone_2"":0,""hr_zone_3"":0,""pause_duration"":0,""steps"":71,""distance"":0,""elevation"":0,""metcumul"":0}",,2023-08-21T16:37:12+08:00
2023-08-18T08:22:03+08:00,2023-08-18T08:27:00+08:00,,,Australia/Perth,Walking,"{""calories"":19,""intensity"":30,""manual_distance"":0,""manual_calories"":0,""hr_average"":0,""hr_min"":0,""hr_max"":0,""hr_zone_0"":0,""hr_zone_1"":0,""hr_zone_2"":0,""hr_zone_3"":0,""pause_duration"":0,""steps"":102,""distance"":1,""elevation"":0,""metcumul"":0}",,2023-08-21T16:37:12+08:00
2023-08-20T11:35:00+08:00,2023-08-20T11:39:00+08:00,,,Australia/Perth,Walking,"{""calories"":15,""intensity"":30,""manual_distance"":0,""manual_calories"":0,""hr_average"":0,""hr_min"":0,""hr_max"":0,""hr_zone_0"":0,""hr_zone_1"":0,""hr_zone_2"":0,""hr_zone_3"":0,""pause_duration"":0,""steps"":95,""distance"":0,""elevation"":0,""metcumul"":0}",,2023-08-21T16:37:13+08:00
2023-08-21T17:11:15+08:00,2023-08-21T17:16:00+08:00,,,Australia/Perth,Walking,"{""calories"":18,""intensity"":30,""manual_distance"":0,""manual_calories"":0,""hr_average"":0,""hr_min"":0,""hr_max"":0,""hr_zone_0"":0,""hr_zone_1"":0,""hr_zone_2"":0,""hr_zone_3"":0,""pause_duration"":0,""steps"":81,""distance"":0,""elevation"":0,""metcumul"":0}",,2023-08-22T07:22:55+08:00
2023-08-21T18:07:00+08:00,2023-08-21T18:49:00+08:00,,,Australia/Perth,Walking,"{""calories"":167,""intensity"":30,""manual_distance"":0,""manual_calories"":0,""hr_average"":0,""hr_min"":0,""hr_max"":0,""hr_zone_0"":0,""hr_zone_1"":0,""hr_zone_2"":0,""hr_zone_3"":0,""pause_duration"":0,""steps"":101,""distance"":328,""elevation"":0,""metcumul"":0}",,2023-08-22T07:22:56+08:00
2023-08-21T19:32:39+08:00,2023-08-21T20:15:59+08:00,,,Australia/Perth,Weights,"{""calories"":318,""intensity"":30,""manual_distance"":0,""manual_calories"":0,""hr_average"":0,""hr_min"":0,""hr_max"":0,""hr_zone_0"":0,""hr_zone_1"":0,""hr_zone_2"":0,""hr_zone_3"":0,""pause_duration"":0,""steps"":29,""distance"":18,""elevation"":0,""metcumul"":0}",,2023-08-22T07:22:56+08:00
2023-08-22T20:35:00+08:00,2023-08-22T20:54:00+08:00,,,Australia/Perth,Walking,"{""calories"":75,""intensity"":30,""manual_distance"":0,""manual_calories"":0,""hr_average"":0,""hr_min"":0,""hr_max"":0,""hr_zone_0"":0,""hr_zone_1"":0,""hr_zone_2"":0,""hr_zone_3"":0,""pause_duration"":0,""steps"":90,""distance"":531,""elevation"":0,""metcumul"":0}",,2023-08-23T05:21:04+08:00
2023-08-23T13:15:27+08:00,2023-08-23T13:22:00+08:00,,,Australia/Perth,Walking,"{""calories"":26,""intensity"":30,""manual_distance"":0,""manual_calories"":0,""hr_average"":0,""hr_min"":0,""hr_max"":0,""hr_zone_0"":0,""hr_zone_1"":0,""hr_zone_2"":0,""hr_zone_3"":0,""pause_duration"":0,""steps"":16,""distance"":0,""elevation"":0,""metcumul"":0}",,2023-08-24T07:06:18+08:00
2023-08-23T16:16:11+08:00,2023-08-23T16:20:00+08:00,,,Australia/Perth,Walking,"{""calories"":15,""intensity"":30,""manual_distance"":0,""manual_calories"":0,""hr_average"":0,""hr_min"":0,""hr_max"":0,""hr_zone_0"":0,""hr_zone_1"":0,""hr_zone_2"":0,""hr_zone_3"":0,""pause_duration"":0,""steps"":82,""distance"":0,""elevation"":0,""metcumul"":0}",,2023-08-24T07:06:18+08:00
2023-08-23T17:09:53+08:00,2023-08-23T17:46:00+08:00,,,Australia/Perth,Walking,"{""calories"":143,""intensity"":30,""manual_distance"":0,""manual_calories"":0,""hr_average"":0,""hr_min"":0,""hr_max"":0,""hr_zone_0"":0,""hr_zone_1"":0,""hr_zone_2"":0,""hr_zone_3"":0,""pause_duration"":0,""steps"":5,""distance"":493,""elevation"":0,""metcumul"":0}",,2023-08-24T07:06:19+08:00
2023-08-26T16:18:35+08:00,2023-08-26T17:02:34+08:00,,,Australia/Perth,Weights,"{""calories"":324,""intensity"":30,""manual_distance"":0,""manual_calories"":0,""hr_average"":0,""hr_min"":0,""hr_max"":0,""hr_zone_0"":0,""hr_zone_1"":0,""hr_zone_2"":0,""hr_zone_3"":0,""pause_duration"":0,""steps"":16,""distance"":10,""elevation"":0,""metcumul"":0}",,2023-08-26T20:53:13+08:00
2023-08-26T17:17:00+08:00,2023-08-26T17:37:00+08:00,,,Australia/Perth,Walking,"{""calories"":79,""intensity"":30,""manual_distance"":0,""manual_calories"":0,""hr_average"":0,""hr_min"":0,""hr_max"":0,""hr_zone_0"":0,""hr_zone_1"":0,""hr_zone_2"":0,""hr_zone_3"":0,""pause_duration"":0,""steps"":111,""distance"":306,""elevation"":0,""metcumul"":0}",,2023-08-26T20:53:13+08:00
2023-08-26T20:47:31+08:00,2023-08-26T21:26:00+08:00,,,Australia/Perth,Walking,"{""calories"":152,""intensity"":30,""manual_distance"":0,""manual_calories"":0,""hr_average"":0,""hr_min"":0,""hr_max"":0,""hr_zone_0"":0,""hr_zone_1"":0,""hr_zone_2"":0,""hr_zone_3"":0,""pause_duration"":0,""steps"":14,""distance"":0,""elevation"":0,""metcumul"":0}",,2023-08-28T21:37:41+08:00
2023-08-27T17:15:56+08:00,2023-08-27T17:41:00+08:00,,,Australia/Perth,Walking,"{""calories"":99,""intensity"":30,""manual_distance"":0,""manual_calories"":0,""hr_average"":0,""hr_min"":0,""hr_max"":0,""hr_zone_0"":0,""hr_zone_1"":0,""hr_zone_2"":0,""hr_zone_3"":0,""pause_duration"":0,""steps"":4,""distance"":0,""elevation"":0,""metcumul"":0}",,2023-08-28T21:37:41+08:00
2023-08-28T07:38:15+08:00,2023-08-28T07:55:00+08:00,,,Australia/Perth,Walking,"{""calories"":66,""intensity"":30,""manual_distance"":0,""manual_calories"":0,""hr_average"":0,""hr_min"":0,""hr_max"":0,""hr_zone_0"":0,""hr_zone_1"":0,""hr_zone_2"":0,""hr_zone_3"":0,""pause_duration"":0,""steps"":81,""distance"":169,""elevation"":0,""metcumul"":0}",,2023-08-28T21:37:42+08:00
2023-08-28T19:56:23+08:00,2023-08-28T20:40:13+08:00,,,Australia/Perth,Weights,"{""calories"":157,""intensity"":30,""manual_distance"":0,""manual_calories"":0,""hr_average"":0,""hr_min"":0,""hr_max"":0,""hr_zone_0"":0,""hr_zone_1"":0,""hr_zone_2"":0,""hr_zone_3"":0,""pause_duration"":0,""steps"":518,""distance"":364,""elevation"":30,""metcumul"":30}",,2023-08-28T22:35:31+08:00
2023-08-28T14:13:26+08:00,2023-08-28T14:22:00+08:00,,,Australia/Perth,Walking,"{""calories"":33,""intensity"":30,""manual_distance"":0,""manual_calories"":0,""hr_average"":0,""hr_min"":0,""hr_max"":0,""hr_zone_0"":0,""hr_zone_1"":0,""hr_zone_2"":0,""hr_zone_3"":0,""pause_duration"":0,""steps"":669,""distance"":482,""elevation"":9,""metcumul"":9}",,2023-08-28T22:35:30+08:00
2023-08-28T17:18:43+08:00,2023-08-28T18:26:00+08:00,,,Australia/Perth,Walking,"{""calories"":266,""intensity"":30,""manual_distance"":0,""manual_calories"":0,""hr_average"":0,""hr_min"":0,""hr_max"":0,""hr_zone_0"":0,""hr_zone_1"":0,""hr_zone_2"":0,""hr_zone_3"":0,""pause_duration"":0,""steps"":5307,""distance"":3756,""elevation"":68,""metcumul"":68}",,2023-08-28T22:35:30+08:00
2023-08-29T07:50:09+08:00,2023-08-29T08:02:00+08:00,,,Australia/Perth,Walking,"{""calories"":46,""intensity"":30,""manual_distance"":0,""manual_calories"":0,""hr_average"":0,""hr_min"":0,""hr_max"":0,""hr_zone_0"":0,""hr_zone_1"":0,""hr_zone_2"":0,""hr_zone_3"":0,""pause_duration"":0,""steps"":78,""distance"":144,""elevation"":0,""metcumul"":0}",,2023-08-29T20:49:45+08:00
2023-08-30T16:43:56+08:00,2023-08-30T16:52:00+08:00,,,Australia/Perth,Walking,"{""calories"":32,""intensity"":30,""manual_distance"":0,""manual_calories"":0,""hr_average"":0,""hr_min"":0,""hr_max"":0,""hr_zone_0"":0,""hr_zone_1"":0,""hr_zone_2"":0,""hr_zone_3"":0,""pause_duration"":0,""steps"":642,""distance"":454,""elevation"":9,""metcumul"":9}",,2023-09-04T07:30:34+08:00
2023-08-30T18:38:00+08:00,2023-08-30T18:56:00+08:00,,,Australia/Perth,Walking,"{""calories"":71,""intensity"":30,""manual_distance"":0,""manual_calories"":0,""hr_average"":0,""hr_min"":0,""hr_max"":0,""hr_zone_0"":0,""hr_zone_1"":0,""hr_zone_2"":0,""hr_zone_3"":0,""pause_duration"":0,""steps"":71,""distance"":2,""elevation"":0,""metcumul"":0}",,2023-09-04T07:30:35+08:00
2023-08-31T12:55:11+08:00,2023-08-31T13:03:00+08:00,,,Australia/Perth,Walking,"{""calories"":31,""intensity"":30,""manual_distance"":0,""manual_calories"":0,""hr_average"":0,""hr_min"":0,""hr_max"":0,""hr_zone_0"":0,""hr_zone_1"":0,""hr_zone_2"":0,""hr_zone_3"":0,""pause_duration"":0,""steps"":71,""distance"":0,""elevation"":0,""metcumul"":0}",,2023-09-04T07:30:36+08:00
2023-08-31T18:01:48+08:00,2023-08-31T18:09:00+08:00,,,Australia/Perth,Walking,"{""calories"":28,""intensity"":30,""manual_distance"":0,""manual_calories"":0,""hr_average"":0,""hr_min"":0,""hr_max"":0,""hr_zone_0"":0,""hr_zone_1"":0,""hr_zone_2"":0,""hr_zone_3"":0,""pause_duration"":0,""steps"":16,""distance"":0,""elevation"":0,""metcumul"":0}",,2023-09-04T07:30:36+08:00
2023-09-04T07:18:21+08:00,2023-09-04T07:24:00+08:00,,,Australia/Perth,Walking,"{""calories"":22,""intensity"":30,""manual_distance"":0,""manual_calories"":0,""hr_average"":0,""hr_min"":0,""hr_max"":0,""hr_zone_0"":0,""hr_zone_1"":0,""hr_zone_2"":0,""hr_zone_3"":0,""pause_duration"":0,""steps"":444,""distance"":319,""elevation"":6,""metcumul"":6}",,2023-09-04T21:40:25+08:00
2023-09-04T07:41:07+08:00,2023-09-04T07:51:00+08:00,,,Australia/Perth,Walking,"{""calories"":38,""intensity"":30,""manual_distance"":0,""manual_calories"":0,""hr_average"":0,""hr_min"":0,""hr_max"":0,""hr_zone_0"":0,""hr_zone_1"":0,""hr_zone_2"":0,""hr_zone_3"":0,""pause_duration"":0,""steps"":94,""distance"":0,""elevation"":0,""metcumul"":0}",,2023-09-04T21:40:25+08:00
2023-09-04T16:33:11+08:00,2023-09-04T16:38:00+08:00,,,Australia/Perth,Walking,"{""calories"":18,""intensity"":30,""manual_distance"":0,""manual_calories"":0,""hr_average"":0,""hr_min"":0,""hr_max"":0,""hr_zone_0"":0,""hr_zone_1"":0,""hr_zone_2"":0,""hr_zone_3"":0,""pause_duration"":0,""steps"":30,""distance"":13,""elevation"":0,""metcumul"":0}",,2023-09-04T21:40:26+08:00
2023-09-04T19:45:56+08:00,2023-09-04T21:39:27+08:00,,,Australia/Perth,Weights,"{""calories"":405,""intensity"":30,""manual_distance"":0,""manual_calories"":0,""hr_average"":0,""hr_min"":0,""hr_max"":0,""hr_zone_0"":0,""hr_zone_1"":0,""hr_zone_2"":0,""hr_zone_3"":0,""pause_duration"":0,""steps"":840,""distance"":589,""elevation"":44,""metcumul"":44}",,2023-09-05T08:44:11+08:00
2023-09-05T20:35:55+08:00,2023-09-05T21:02:00+08:00,,,Australia/Perth,Walking,"{""calories"":102,""intensity"":30,""manual_distance"":0,""manual_calories"":0,""hr_average"":0,""hr_min"":0,""hr_max"":0,""hr_zone_0"":0,""hr_zone_1"":0,""hr_zone_2"":0,""hr_zone_3"":0,""pause_duration"":0,""steps"":1,""distance"":8,""elevation"":0,""metcumul"":0}",,2023-09-05T22:06:13+08:00
2023-09-06T08:38:02+08:00,2023-09-06T08:48:00+08:00,,,Australia/Perth,Walking,"{""calories"":39,""intensity"":30,""manual_distance"":0,""manual_calories"":0,""hr_average"":0,""hr_min"":0,""hr_max"":0,""hr_zone_0"":0,""hr_zone_1"":0,""hr_zone_2"":0,""hr_zone_3"":0,""pause_duration"":0,""steps"":74,""distance"":0,""elevation"":0,""metcumul"":0}",,2023-09-07T10:32:46+08:00
2023-09-06T16:23:14+08:00,2023-09-06T16:27:00+08:00,,,Australia/Perth,Walking,"{""calories"":14,""intensity"":30,""manual_distance"":0,""manual_calories"":0,""hr_average"":0,""hr_min"":0,""hr_max"":0,""hr_zone_0"":0,""hr_zone_1"":0,""hr_zone_2"":0,""hr_zone_3"":0,""pause_duration"":0,""steps"":82,""distance"":0,""elevation"":0,""metcumul"":0}",,2023-09-07T10:32:47+08:00
2023-09-06T17:05:15+08:00,2023-09-06T17:34:00+08:00,,,Australia/Perth,Walking,"{""calories"":113,""intensity"":30,""manual_distance"":0,""manual_calories"":0,""hr_average"":0,""hr_min"":0,""hr_max"":0,""hr_zone_0"":0,""hr_zone_1"":0,""hr_zone_2"":0,""hr_zone_3"":0,""pause_duration"":0,""steps"":74,""distance"":0,""elevation"":0,""metcumul"":0}",,2023-09-07T10:32:47+08:00
2023-09-09T11:34:29+08:00,2023-09-09T11:48:00+08:00,,,Australia/Perth,Walking,"{""calories"":53,""intensity"":30,""manual_distance"":0,""manual_calories"":0,""hr_average"":0,""hr_min"":0,""hr_max"":0,""hr_zone_0"":0,""hr_zone_1"":0,""hr_zone_2"":0,""hr_zone_3"":0,""pause_duration"":0,""steps"":8,""distance"":10,""elevation"":0,""metcumul"":0}",,2023-09-11T19:57:27+08:00
2023-09-11T15:35:50+08:00,2023-09-11T16:24:22+08:00,,,Australia/Perth,Weights,"{""calories"":349,""intensity"":30,""manual_distance"":0,""manual_calories"":0,""hr_average"":0,""hr_min"":0,""hr_max"":0,""hr_zone_0"":0,""hr_zone_1"":0,""hr_zone_2"":0,""hr_zone_3"":0,""pause_duration"":0,""steps"":8,""distance"":5,""elevation"":0,""metcumul"":0}",,2023-09-11T19:57:28+08:00
2023-09-12T16:35:47+08:00,2023-09-12T16:40:00+08:00,,,Australia/Perth,Walking,"{""calories"":16,""intensity"":30,""manual_distance"":0,""manual_calories"":0,""hr_average"":0,""hr_min"":0,""hr_max"":0,""hr_zone_0"":0,""hr_zone_1"":0,""hr_zone_2"":0,""hr_zone_3"":0,""pause_duration"":0,""steps"":21,""distance"":0,""elevation"":0,""metcumul"":0}",,2023-09-14T05:06:52+08:00
2023-09-12T17:06:34+08:00,2023-09-12T17:14:00+08:00,,,Australia/Perth,Walking,"{""calories"":29,""intensity"":30,""manual_distance"":0,""manual_calories"":0,""hr_average"":0,""hr_min"":0,""hr_max"":0,""hr_zone_0"":0,""hr_zone_1"":0,""hr_zone_2"":0,""hr_zone_3"":0,""pause_duration"":0,""steps"":35,""distance"":0,""elevation"":0,""metcumul"":0}",,2023-09-14T05:06:52+08:00
2023-09-16T17:38:22+08:00,2023-09-16T18:40:00+08:00,,,Australia/Perth,Walking,"{""calories"":243,""intensity"":30,""manual_distance"":0,""manual_calories"":0,""hr_average"":0,""hr_min"":0,""hr_max"":0,""hr_zone_0"":0,""hr_zone_1"":0,""hr_zone_2"":0,""hr_zone_3"":0,""pause_duration"":0,""steps"":47,""distance"":73,""elevation"":0,""metcumul"":0}",,2023-09-17T00:01:25+08:00
2023-09-17T11:40:36+08:00,2023-09-17T11:45:00+08:00,,,Australia/Perth,Walking,"{""calories"":17,""intensity"":30,""manual_distance"":0,""manual_calories"":0,""hr_average"":0,""hr_min"":0,""hr_max"":0,""hr_zone_0"":0,""hr_zone_1"":0,""hr_zone_2"":0,""hr_zone_3"":0,""pause_duration"":0,""steps"":37,""distance"":0,""elevation"":0,""metcumul"":0}",,2023-09-18T07:50:31+08:00
2023-09-17T17:43:00+08:00,2023-09-17T18:11:00+08:00,,,Australia/Perth,Walking,"{""calories"":110,""intensity"":30,""manual_distance"":0,""manual_calories"":0,""hr_average"":0,""hr_min"":0,""hr_max"":0,""hr_zone_0"":0,""hr_zone_1"":0,""hr_zone_2"":0,""hr_zone_3"":0,""pause_duration"":0,""steps"":85,""distance"":21,""elevation"":0,""metcumul"":0}",,2023-09-18T07:50:32+08:00
2023-09-17T18:26:40+08:00,2023-09-17T18:48:00+08:00,,,Australia/Perth,Walking,"{""calories"":84,""intensity"":30,""manual_distance"":0,""manual_calories"":0,""hr_average"":0,""hr_min"":0,""hr_max"":0,""hr_zone_0"":0,""hr_zone_1"":0,""hr_zone_2"":0,""hr_zone_3"":0,""pause_duration"":0,""steps"":10,""distance"":0,""elevation"":0,""metcumul"":0}",,2023-09-18T07:50:32+08:00
2023-09-18T19:23:35+08:00,2023-09-18T20:14:16+08:00,,,Australia/Perth,Weights,"{""calories"":369,""intensity"":30,""manual_distance"":0,""manual_calories"":0,""hr_average"":0,""hr_min"":0,""hr_max"":0,""hr_zone_0"":0,""hr_zone_1"":0,""hr_zone_2"":0,""hr_zone_3"":0,""pause_duration"":0,""steps"":26,""distance"":16,""elevation"":0,""metcumul"":0}",,2023-09-19T07:51:00+08:00
2023-09-19T17:10:31+08:00,2023-09-19T17:14:00+08:00,,,Australia/Perth,Walking,"{""calories"":13,""intensity"":30,""manual_distance"":0,""manual_calories"":0,""hr_average"":0,""hr_min"":0,""hr_max"":0,""hr_zone_0"":0,""hr_zone_1"":0,""hr_zone_2"":0,""hr_zone_3"":0,""pause_duration"":0,""steps"":51,""distance"":273,""elevation"":0,""metcumul"":0}",,2023-09-19T23:18:25+08:00
2023-09-20T16:34:10+08:00,2023-09-20T16:40:00+08:00,,,Australia/Perth,Walking,"{""calories"":23,""intensity"":30,""manual_distance"":0,""manual_calories"":0,""hr_average"":0,""hr_min"":0,""hr_max"":0,""hr_zone_0"":0,""hr_zone_1"":0,""hr_zone_2"":0,""hr_zone_3"":0,""pause_duration"":0,""steps"":66,""distance"":296,""elevation"":0,""metcumul"":0}",,2023-09-21T07:04:12+08:00
2023-09-20T17:09:00+08:00,2023-09-20T17:17:00+08:00,,,Australia/Perth,Walking,"{""calories"":31,""intensity"":30,""manual_distance"":0,""manual_calories"":0,""hr_average"":0,""hr_min"":0,""hr_max"":0,""hr_zone_0"":0,""hr_zone_1"":0,""hr_zone_2"":0,""hr_zone_3"":0,""pause_duration"":0,""steps"":96,""distance"":313,""elevation"":0,""metcumul"":0}",,2023-09-21T07:04:12+08:00
2023-09-25T10:28:00+08:00,2023-09-25T11:03:00+08:00,,,Australia/Perth,Walking,"{""calories"":139,""intensity"":30,""manual_distance"":0,""manual_calories"":0,""hr_average"":0,""hr_min"":0,""hr_max"":0,""hr_zone_0"":0,""hr_zone_1"":0,""hr_zone_2"":0,""hr_zone_3"":0,""pause_duration"":0,""steps"":87,""distance"":42,""elevation"":0,""metcumul"":0}",,2023-09-25T21:19:45+08:00
2023-09-29T13:06:23+08:00,2023-09-29T13:13:00+08:00,,,Australia/Perth,Walking,"{""calories"":26,""intensity"":30,""manual_distance"":0,""manual_calories"":0,""hr_average"":0,""hr_min"":0,""hr_max"":0,""hr_zone_0"":0,""hr_zone_1"":0,""hr_zone_2"":0,""hr_zone_3"":0,""pause_duration"":0,""steps"":4,""distance"":15,""elevation"":0,""metcumul"":0}",,2023-10-05T19:00:39+08:00
2023-09-30T13:29:17+08:00,2023-09-30T13:36:00+08:00,,,Australia/Perth,Walking,"{""calories"":26,""intensity"":30,""manual_distance"":0,""manual_calories"":0,""hr_average"":0,""hr_min"":0,""hr_max"":0,""hr_zone_0"":0,""hr_zone_1"":0,""hr_zone_2"":0,""hr_zone_3"":0,""pause_duration"":0,""steps"":39,""distance"":0,""elevation"":0,""metcumul"":0}",,2023-10-06T21:32:19+08:00
2023-10-03T15:50:58+08:00,2023-10-03T16:00:00+08:00,,,Australia/Perth,Walking,"{""calories"":35,""intensity"":30,""manual_distance"":0,""manual_calories"":0,""hr_average"":0,""hr_min"":0,""hr_max"":0,""hr_zone_0"":0,""hr_zone_1"":0,""hr_zone_2"":0,""hr_zone_3"":0,""pause_duration"":0,""steps"":1,""distance"":0,""elevation"":0,""metcumul"":0}",,2023-10-06T21:32:20+08:00
2023-09-29T14:58:51+08:00,2023-09-29T15:09:00+08:00,,,Australia/Perth,Walking,"{""calories"":40,""intensity"":30,""manual_distance"":0,""manual_calories"":0,""hr_average"":0,""hr_min"":0,""hr_max"":0,""hr_zone_0"":0,""hr_zone_1"":0,""hr_zone_2"":0,""hr_zone_3"":0,""pause_duration"":0,""steps"":4,""distance"":30,""elevation"":0,""metcumul"":0}",,2023-10-05T19:00:40+08:00
2023-10-06T20:07:10+08:00,2023-10-06T20:50:03+08:00,,,Australia/Perth,Weights,"{""calories"":313,""intensity"":30,""manual_distance"":0,""manual_calories"":0,""hr_average"":0,""hr_min"":0,""hr_max"":0,""hr_zone_0"":0,""hr_zone_1"":0,""hr_zone_2"":0,""hr_zone_3"":0,""pause_duration"":0,""steps"":18,""distance"":11,""elevation"":0,""metcumul"":0}",,2023-10-06T21:32:20+08:00
2023-10-07T09:14:11+08:00,2023-10-07T09:25:00+08:00,,,Australia/Perth,Walking,"{""calories"":42,""intensity"":30,""manual_distance"":0,""manual_calories"":0,""hr_average"":0,""hr_min"":0,""hr_max"":0,""hr_zone_0"":0,""hr_zone_1"":0,""hr_zone_2"":0,""hr_zone_3"":0,""pause_duration"":0,""steps"":24,""distance"":0,""elevation"":0,""metcumul"":0}",,2023-10-09T08:15:59+08:00
2023-10-07T12:58:30+08:00,2023-10-07T13:07:00+08:00,,,Australia/Perth,Walking,"{""calories"":33,""intensity"":30,""manual_distance"":0,""manual_calories"":0,""hr_average"":0,""hr_min"":0,""hr_max"":0,""hr_zone_0"":0,""hr_zone_1"":0,""hr_zone_2"":0,""hr_zone_3"":0,""pause_duration"":0,""steps"":26,""distance"":0,""elevation"":0,""metcumul"":0}",,2023-10-09T08:15:59+08:00
2023-10-07T15:55:00+08:00,2023-10-07T16:00:00+08:00,,,Australia/Perth,Walking,"{""calories"":19,""intensity"":30,""manual_distance"":0,""manual_calories"":0,""hr_average"":0,""hr_min"":0,""hr_max"":0,""hr_zone_0"":0,""hr_zone_1"":0,""hr_zone_2"":0,""hr_zone_3"":0,""pause_duration"":0,""steps"":89,""distance"":18,""elevation"":0,""metcumul"":0}",,2023-10-09T08:16:00+08:00
2023-10-08T18:57:07+08:00,2023-10-08T19:15:00+08:00,,,Australia/Perth,Walking,"{""calories"":70,""intensity"":30,""manual_distance"":0,""manual_calories"":0,""hr_average"":0,""hr_min"":0,""hr_max"":0,""hr_zone_0"":0,""hr_zone_1"":0,""hr_zone_2"":0,""hr_zone_3"":0,""pause_duration"":0,""steps"":26,""distance"":89,""elevation"":0,""metcumul"":0}",,2023-10-09T08:16:00+08:00
2023-10-08T20:35:00+08:00,2023-10-08T21:05:00+08:00,,,Australia/Perth,Walking,"{""calories"":119,""intensity"":30,""manual_distance"":0,""manual_calories"":0,""hr_average"":0,""hr_min"":0,""hr_max"":0,""hr_zone_0"":0,""hr_zone_1"":0,""hr_zone_2"":0,""hr_zone_3"":0,""pause_duration"":0,""steps"":79,""distance"":728,""elevation"":0,""metcumul"":0}",,2023-10-09T08:16:01+08:00
2023-10-09T19:43:18+08:00,2023-10-09T20:27:33+08:00,,,Australia/Perth,Weights,"{""calories"":324,""intensity"":30,""manual_distance"":0,""manual_calories"":0,""hr_average"":0,""hr_min"":0,""hr_max"":0,""hr_zone_0"":0,""hr_zone_1"":0,""hr_zone_2"":0,""hr_zone_3"":0,""pause_duration"":0,""steps"":19,""distance"":22,""elevation"":0,""metcumul"":0}",,2023-10-09T22:14:06+08:00
2023-10-11T18:48:25+08:00,2023-10-11T19:05:00+08:00,,,Australia/Perth,Walking,"{""calories"":65,""intensity"":30,""manual_distance"":0,""manual_calories"":0,""hr_average"":0,""hr_min"":0,""hr_max"":0,""hr_zone_0"":0,""hr_zone_1"":0,""hr_zone_2"":0,""hr_zone_3"":0,""pause_duration"":0,""steps"":1758,""distance"":1543,""elevation"":17,""metcumul"":17}",,2023-10-14T12:17:01+08:00
2023-10-16T20:11:24+08:00,2023-10-16T20:57:19+08:00,,,Australia/Perth,Weights,"{""calories"":164,""intensity"":30,""manual_distance"":0,""manual_calories"":0,""hr_average"":0,""hr_min"":0,""hr_max"":0,""hr_zone_0"":0,""hr_zone_1"":0,""hr_zone_2"":0,""hr_zone_3"":0,""pause_duration"":0,""steps"":539,""distance"":378,""elevation"":27,""metcumul"":27}",,2023-10-21T18:19:01+08:00
2023-10-17T07:54:24+08:00,2023-10-17T08:06:00+08:00,,,Australia/Perth,Walking,"{""calories"":45,""intensity"":30,""manual_distance"":0,""manual_calories"":0,""hr_average"":0,""hr_min"":0,""hr_max"":0,""hr_zone_0"":0,""hr_zone_1"":0,""hr_zone_2"":0,""hr_zone_3"":0,""pause_duration"":0,""steps"":60,""distance"":590,""elevation"":0,""metcumul"":0}",,2023-10-21T18:18:59+08:00
2023-10-17T17:06:27+08:00,2023-10-17T17:13:00+08:00,,,Australia/Perth,Walking,"{""calories"":25,""intensity"":30,""manual_distance"":0,""manual_calories"":0,""hr_average"":0,""hr_min"":0,""hr_max"":0,""hr_zone_0"":0,""hr_zone_1"":0,""hr_zone_2"":0,""hr_zone_3"":0,""pause_duration"":0,""steps"":16,""distance"":28,""elevation"":0,""metcumul"":0}",,2023-10-21T18:19:00+08:00
2023-10-18T17:53:56+08:00,2023-10-18T18:13:00+08:00,,,Australia/Perth,Walking,"{""calories"":75,""intensity"":30,""manual_distance"":0,""manual_calories"":0,""hr_average"":0,""hr_min"":0,""hr_max"":0,""hr_zone_0"":0,""hr_zone_1"":0,""hr_zone_2"":0,""hr_zone_3"":0,""pause_duration"":0,""steps"":2,""distance"":29,""elevation"":0,""metcumul"":0}",,2023-10-21T18:19:01+08:00
2023-10-20T18:23:44+08:00,2023-10-20T18:31:00+08:00,,,Australia/Perth,Walking,"{""calories"":28,""intensity"":30,""manual_distance"":0,""manual_calories"":0,""hr_average"":0,""hr_min"":0,""hr_max"":0,""hr_zone_0"":0,""hr_zone_1"":0,""hr_zone_2"":0,""hr_zone_3"":0,""pause_duration"":0,""steps"":28,""distance"":312,""elevation"":0,""metcumul"":0}",,2023-10-21T18:19:01+08:00
2023-10-21T07:49:55+08:00,2023-10-21T08:30:00+08:00,,,Australia/Perth,Walking,"{""calories"":158,""intensity"":30,""manual_distance"":0,""manual_calories"":0,""hr_average"":0,""hr_min"":0,""hr_max"":0,""hr_zone_0"":0,""hr_zone_1"":0,""hr_zone_2"":0,""hr_zone_3"":0,""pause_duration"":0,""steps"":1,""distance"":136,""elevation"":0,""metcumul"":0}",,2023-10-21T18:19:02+08:00
2023-10-22T07:37:51+08:00,2023-10-22T07:41:00+08:00,,,Australia/Perth,Walking,"{""calories"":12,""intensity"":30,""manual_distance"":0,""manual_calories"":0,""hr_average"":0,""hr_min"":0,""hr_max"":0,""hr_zone_0"":0,""hr_zone_1"":0,""hr_zone_2"":0,""hr_zone_3"":0,""pause_duration"":0,""steps"":14,""distance"":229,""elevation"":0,""metcumul"":0}",,2023-10-22T20:21:05+08:00
2023-10-25T11:05:29+08:00,2023-10-25T11:11:02+08:00,,,Australia/Perth,Walking,"{""calories"":22,""intensity"":30,""manual_distance"":0,""manual_calories"":0,""hr_average"":0,""hr_min"":0,""hr_max"":0,""hr_zone_0"":0,""hr_zone_1"":0,""hr_zone_2"":0,""hr_zone_3"":0,""pause_duration"":0,""steps"":451,""distance"":331,""elevation"":6,""metcumul"":6}",,2023-10-28T14:13:24+08:00
2023-10-25T19:38:11+08:00,2023-10-25T20:28:25+08:00,,,Australia/Perth,Weights,"{""calories"":367,""intensity"":30,""manual_distance"":0,""manual_calories"":0,""hr_average"":0,""hr_min"":0,""hr_max"":0,""hr_zone_0"":0,""hr_zone_1"":0,""hr_zone_2"":0,""hr_zone_3"":0,""pause_duration"":0,""steps"":8,""distance"":5,""elevation"":0,""metcumul"":0}",,2023-10-28T14:13:24+08:00
2023-10-25T11:18:23+08:00,2023-10-25T11:22:00+08:00,,,Australia/Perth,Walking,"{""calories"":14,""intensity"":30,""manual_distance"":0,""manual_calories"":0,""hr_average"":0,""hr_min"":0,""hr_max"":0,""hr_zone_0"":0,""hr_zone_1"":0,""hr_zone_2"":0,""hr_zone_3"":0,""pause_duration"":0,""steps"":394,""distance"":299,""elevation"":4,""metcumul"":4}",,2023-10-28T14:13:24+08:00
2023-10-27T06:33:47+08:00,2023-10-27T07:01:05+08:00,,,Australia/Perth,Weights,"{""calories"":199,""intensity"":30,""manual_distance"":0,""manual_calories"":0,""hr_average"":0,""hr_min"":0,""hr_max"":0,""hr_zone_0"":0,""hr_zone_1"":0,""hr_zone_2"":0,""hr_zone_3"":0,""pause_duration"":0,""steps"":0,""distance"":0,""elevation"":0,""metcumul"":0}",,2023-10-28T14:13:24+08:00
2023-10-27T22:32:00+08:00,2023-10-27T22:37:00+08:00,,,Australia/Perth,Walking,"{""calories"":19,""intensity"":30,""manual_distance"":0,""manual_calories"":0,""hr_average"":0,""hr_min"":0,""hr_max"":0,""hr_zone_0"":0,""hr_zone_1"":0,""hr_zone_2"":0,""hr_zone_3"":0,""pause_duration"":0,""steps"":95,""distance"":319,""elevation"":0,""metcumul"":0}",,2023-10-29T18:27:29+08:00
2023-10-29T09:46:09+08:00,2023-10-29T10:10:00+08:00,,,Australia/Perth,Walking,"{""calories"":94,""intensity"":30,""manual_distance"":0,""manual_calories"":0,""hr_average"":0,""hr_min"":0,""hr_max"":0,""hr_zone_0"":0,""hr_zone_1"":0,""hr_zone_2"":0,""hr_zone_3"":0,""pause_duration"":0,""steps"":25,""distance"":41,""elevation"":0,""metcumul"":0}",,2023-10-29T18:27:30+08:00
2023-10-30T07:36:02+08:00,2023-10-30T07:41:00+08:00,,,Australia/Perth,Walking,"{""calories"":19,""intensity"":30,""manual_distance"":0,""manual_calories"":0,""hr_average"":0,""hr_min"":0,""hr_max"":0,""hr_zone_0"":0,""hr_zone_1"":0,""hr_zone_2"":0,""hr_zone_3"":0,""pause_duration"":0,""steps"":88,""distance"":0,""elevation"":0,""metcumul"":0}",,2023-10-31T20:51:39+08:00
2023-10-30T19:53:32+08:00,2023-10-30T20:11:00+08:00,,,Australia/Perth,Walking,"{""calories"":69,""intensity"":30,""manual_distance"":0,""manual_calories"":0,""hr_average"":0,""hr_min"":0,""hr_max"":0,""hr_zone_0"":0,""hr_zone_1"":0,""hr_zone_2"":0,""hr_zone_3"":0,""pause_duration"":0,""steps"":36,""distance"":0,""elevation"":0,""metcumul"":0}",,2023-10-31T20:51:40+08:00
2023-11-01T17:05:29+08:00,2023-11-01T17:47:00+08:00,,,Australia/Perth,Walking,"{""calories"":164,""intensity"":30,""manual_distance"":0,""manual_calories"":0,""hr_average"":0,""hr_min"":0,""hr_max"":0,""hr_zone_0"":0,""hr_zone_1"":0,""hr_zone_2"":0,""hr_zone_3"":0,""pause_duration"":0,""steps"":15,""distance"":91,""elevation"":0,""metcumul"":0}",,2023-11-06T20:55:46+08:00
2023-11-01T19:12:00+08:00,2023-11-01T19:32:00+08:00,,,Australia/Perth,Walking,"{""calories"":79,""intensity"":30,""manual_distance"":0,""manual_calories"":0,""hr_average"":0,""hr_min"":0,""hr_max"":0,""hr_zone_0"":0,""hr_zone_1"":0,""hr_zone_2"":0,""hr_zone_3"":0,""pause_duration"":0,""steps"":23,""distance"":19,""elevation"":0,""metcumul"":0}",,2023-11-06T20:55:47+08:00
2023-11-03T18:15:52+08:00,2023-11-03T18:43:00+08:00,,,Australia/Perth,Walking,"{""calories"":107,""intensity"":30,""manual_distance"":0,""manual_calories"":0,""hr_average"":0,""hr_min"":0,""hr_max"":0,""hr_zone_0"":0,""hr_zone_1"":0,""hr_zone_2"":0,""hr_zone_3"":0,""pause_duration"":0,""steps"":4,""distance"":58,""elevation"":0,""metcumul"":0}",,2023-11-06T20:55:48+08:00
2023-11-05T18:42:38+08:00,2023-11-05T18:55:00+08:00,,,Australia/Perth,Walking,"{""calories"":49,""intensity"":30,""manual_distance"":0,""manual_calories"":0,""hr_average"":0,""hr_min"":0,""hr_max"":0,""hr_zone_0"":0,""hr_zone_1"":0,""hr_zone_2"":0,""hr_zone_3"":0,""pause_duration"":0,""steps"":23,""distance"":43,""elevation"":0,""metcumul"":0}",,2023-11-06T20:55:48+08:00
2023-11-05T20:47:00+08:00,2023-11-05T20:54:00+08:00,,,Australia/Perth,Walking,"{""calories"":27,""intensity"":30,""manual_distance"":0,""manual_calories"":0,""hr_average"":0,""hr_min"":0,""hr_max"":0,""hr_zone_0"":0,""hr_zone_1"":0,""hr_zone_2"":0,""hr_zone_3"":0,""pause_duration"":0,""steps"":93,""distance"":24,""elevation"":0,""metcumul"":0}",,2023-11-06T20:55:49+08:00
2023-11-06T19:42:26+08:00,2023-11-06T20:30:59+08:00,,,Australia/Perth,Weights,"{""calories"":174,""intensity"":30,""manual_distance"":0,""manual_calories"":0,""hr_average"":0,""hr_min"":0,""hr_max"":0,""hr_zone_0"":0,""hr_zone_1"":0,""hr_zone_2"":0,""hr_zone_3"":0,""pause_duration"":0,""steps"":642,""distance"":463,""elevation"":31,""metcumul"":31}",,2023-11-07T07:30:59+08:00
2023-11-07T07:11:12+08:00,2023-11-07T07:17:00+08:00,,,Australia/Perth,Walking,"{""calories"":23,""intensity"":30,""manual_distance"":0,""manual_calories"":0,""hr_average"":0,""hr_min"":0,""hr_max"":0,""hr_zone_0"":0,""hr_zone_1"":0,""hr_zone_2"":0,""hr_zone_3"":0,""pause_duration"":0,""steps"":417,""distance"":325,""elevation"":6,""metcumul"":6}",,2023-11-11T09:47:32+08:00
2023-11-11T18:25:00+08:00,2023-11-11T18:32:00+08:00,,,Australia/Perth,Walking,"{""calories"":27,""intensity"":30,""manual_distance"":0,""manual_calories"":0,""hr_average"":0,""hr_min"":0,""hr_max"":0,""hr_zone_0"":0,""hr_zone_1"":0,""hr_zone_2"":0,""hr_zone_3"":0,""pause_duration"":0,""steps"":96,""distance"":122,""elevation"":0,""metcumul"":0}",,2023-11-12T21:00:18+08:00
2023-11-13T17:11:05+08:00,2023-11-13T17:46:00+08:00,,,Australia/Perth,Walking,"{""calories"":138,""intensity"":30,""manual_distance"":0,""manual_calories"":0,""hr_average"":0,""hr_min"":0,""hr_max"":0,""hr_zone_0"":0,""hr_zone_1"":0,""hr_zone_2"":0,""hr_zone_3"":0,""pause_duration"":0,""steps"":27,""distance"":28,""elevation"":0,""metcumul"":0}",,2023-11-14T22:22:40+08:00
2023-11-13T17:53:15+08:00,2023-11-13T18:14:00+08:00,,,Australia/Perth,Walking,"{""calories"":82,""intensity"":30,""manual_distance"":0,""manual_calories"":0,""hr_average"":0,""hr_min"":0,""hr_max"":0,""hr_zone_0"":0,""hr_zone_1"":0,""hr_zone_2"":0,""hr_zone_3"":0,""pause_duration"":0,""steps"":46,""distance"":735,""elevation"":0,""metcumul"":0}",,2023-11-14T22:22:41+08:00
2023-11-13T19:52:19+08:00,2023-11-13T20:41:20+08:00,,,Australia/Perth,Weights,"{""calories"":357,""intensity"":30,""manual_distance"":0,""manual_calories"":0,""hr_average"":0,""hr_min"":0,""hr_max"":0,""hr_zone_0"":0,""hr_zone_1"":0,""hr_zone_2"":0,""hr_zone_3"":0,""pause_duration"":0,""steps"":1,""distance"":0,""elevation"":0,""metcumul"":0}",,2023-11-14T22:22:41+08:00
2023-11-14T17:18:33+08:00,2023-11-14T17:48:00+08:00,,,Australia/Perth,Walking,"{""calories"":116,""intensity"":30,""manual_distance"":0,""manual_calories"":0,""hr_average"":0,""hr_min"":0,""hr_max"":0,""hr_zone_0"":0,""hr_zone_1"":0,""hr_zone_2"":0,""hr_zone_3"":0,""pause_duration"":0,""steps"":2383,""distance"":1698,""elevation"":30,""metcumul"":30}",,2023-11-15T06:49:27+08:00
2023-11-15T17:59:16+08:00,2023-11-15T18:29:00+08:00,,,Australia/Perth,Walking,"{""calories"":118,""intensity"":30,""manual_distance"":0,""manual_calories"":0,""hr_average"":0,""hr_min"":0,""hr_max"":0,""hr_zone_0"":0,""hr_zone_1"":0,""hr_zone_2"":0,""hr_zone_3"":0,""pause_duration"":0,""steps"":1951,""distance"":1371,""elevation"":30,""metcumul"":30}",,2023-11-15T22:10:56+08:00
2023-11-15T20:15:00+08:00,2023-11-15T20:20:00+08:00,,,Australia/Perth,Walking,"{""calories"":19,""intensity"":30,""manual_distance"":0,""manual_calories"":0,""hr_average"":0,""hr_min"":0,""hr_max"":0,""hr_zone_0"":0,""hr_zone_1"":0,""hr_zone_2"":0,""hr_zone_3"":0,""pause_duration"":0,""steps"":79,""distance"":20,""elevation"":0,""metcumul"":0}",,2023-11-16T07:02:07+08:00
2023-11-16T06:56:01+08:00,2023-11-16T07:02:00+08:00,,,Australia/Perth,Walking,"{""calories"":23,""intensity"":30,""manual_distance"":0,""manual_calories"":0,""hr_average"":0,""hr_min"":0,""hr_max"":0,""hr_zone_0"":0,""hr_zone_1"":0,""hr_zone_2"":0,""hr_zone_3"":0,""pause_duration"":0,""steps"":408,""distance"":286,""elevation"":6,""metcumul"":6}",,2023-11-23T10:01:13+08:00
2023-11-17T06:12:55+08:00,2023-11-17T06:47:11+08:00,,,Australia/Perth,Weights,"{""calories"":249,""intensity"":30,""manual_distance"":0,""manual_calories"":0,""hr_average"":0,""hr_min"":0,""hr_max"":0,""hr_zone_0"":0,""hr_zone_1"":0,""hr_zone_2"":0,""hr_zone_3"":0,""pause_duration"":0,""steps"":13,""distance"":8,""elevation"":0,""metcumul"":0}",,2023-11-23T10:01:14+08:00
2023-11-19T18:05:30+08:00,2023-11-19T18:59:00+08:00,,,Australia/Perth,Walking,"{""calories"":212,""intensity"":30,""manual_distance"":0,""manual_calories"":0,""hr_average"":0,""hr_min"":0,""hr_max"":0,""hr_zone_0"":0,""hr_zone_1"":0,""hr_zone_2"":0,""hr_zone_3"":0,""pause_duration"":0,""steps"":4547,""distance"":3227,""elevation"":54,""metcumul"":54}",,2023-11-23T10:01:13+08:00
2023-11-21T18:08:00+08:00,2023-11-21T18:14:00+08:00,,,Australia/Perth,Walking,"{""calories"":23,""intensity"":30,""manual_distance"":0,""manual_calories"":0,""hr_average"":0,""hr_min"":0,""hr_max"":0,""hr_zone_0"":0,""hr_zone_1"":0,""hr_zone_2"":0,""hr_zone_3"":0,""pause_duration"":0,""steps"":90,""distance"":1,""elevation"":0,""metcumul"":0}",,2023-11-23T10:01:23+08:00
2023-11-17T06:52:37+08:00,2023-11-17T07:23:00+08:00,,,Australia/Perth,Walking,"{""calories"":120,""intensity"":30,""manual_distance"":0,""manual_calories"":0,""hr_average"":0,""hr_min"":0,""hr_max"":0,""hr_zone_0"":0,""hr_zone_1"":0,""hr_zone_2"":0,""hr_zone_3"":0,""pause_duration"":0,""steps"":11,""distance"":32,""elevation"":0,""metcumul"":0}",,2023-11-23T10:01:14+08:00
2023-11-21T18:41:00+08:00,2023-11-21T19:08:00+08:00,,,Australia/Perth,Walking,"{""calories"":107,""intensity"":30,""manual_distance"":0,""manual_calories"":0,""hr_average"":0,""hr_min"":0,""hr_max"":0,""hr_zone_0"":0,""hr_zone_1"":0,""hr_zone_2"":0,""hr_zone_3"":0,""pause_duration"":0,""steps"":68,""distance"":57,""elevation"":0,""metcumul"":0}",,2023-11-23T10:01:23+08:00
2023-11-17T08:18:00+08:00,2023-11-17T08:29:00+08:00,,,Australia/Perth,Walking,"{""calories"":43,""intensity"":30,""manual_distance"":0,""manual_calories"":0,""hr_average"":0,""hr_min"":0,""hr_max"":0,""hr_zone_0"":0,""hr_zone_1"":0,""hr_zone_2"":0,""hr_zone_3"":0,""pause_duration"":0,""steps"":93,""distance"":0,""elevation"":0,""metcumul"":0}",,2023-11-23T10:01:15+08:00
2023-11-18T19:50:15+08:00,2023-11-18T20:04:00+08:00,,,Australia/Perth,Walking,"{""calories"":54,""intensity"":30,""manual_distance"":0,""manual_calories"":0,""hr_average"":0,""hr_min"":0,""hr_max"":0,""hr_zone_0"":0,""hr_zone_1"":0,""hr_zone_2"":0,""hr_zone_3"":0,""pause_duration"":0,""steps"":40,""distance"":7,""elevation"":0,""metcumul"":0}",,2023-11-23T10:01:16+08:00
2023-11-22T21:36:19+08:00,2023-11-22T21:50:00+08:00,,,Australia/Perth,Walking,"{""calories"":54,""intensity"":30,""manual_distance"":0,""manual_calories"":0,""hr_average"":0,""hr_min"":0,""hr_max"":0,""hr_zone_0"":0,""hr_zone_1"":0,""hr_zone_2"":0,""hr_zone_3"":0,""pause_duration"":0,""steps"":48,""distance"":29,""elevation"":0,""metcumul"":0}",,2023-11-23T10:01:24+08:00
2023-11-23T09:47:00+08:00,2023-11-23T09:52:00+08:00,,,Australia/Perth,Walking,"{""calories"":19,""intensity"":30,""manual_distance"":0,""manual_calories"":0,""hr_average"":0,""hr_min"":0,""hr_max"":0,""hr_zone_0"":0,""hr_zone_1"":0,""hr_zone_2"":0,""hr_zone_3"":0,""pause_duration"":0,""steps"":372,""distance"":266,""elevation"":5,""metcumul"":5}",,2023-11-25T10:30:50+08:00
2023-11-21T07:04:11+08:00,2023-11-21T07:11:00+08:00,,,Australia/Perth,Walking,"{""calories"":27,""intensity"":30,""manual_distance"":0,""manual_calories"":0,""hr_average"":0,""hr_min"":0,""hr_max"":0,""hr_zone_0"":0,""hr_zone_1"":0,""hr_zone_2"":0,""hr_zone_3"":0,""pause_duration"":0,""steps"":90,""distance"":55,""elevation"":0,""metcumul"":0}",,2023-11-23T10:01:16+08:00
2023-11-24T12:07:21+08:00,2023-11-24T12:19:00+08:00,,,Australia/Perth,Walking,"{""calories"":45,""intensity"":30,""manual_distance"":0,""manual_calories"":0,""hr_average"":0,""hr_min"":0,""hr_max"":0,""hr_zone_0"":0,""hr_zone_1"":0,""hr_zone_2"":0,""hr_zone_3"":0,""pause_duration"":0,""steps"":19,""distance"":0,""elevation"":0,""metcumul"":0}",,2023-11-25T10:30:50+08:00
2023-11-24T20:23:20+08:00,2023-11-24T20:27:00+08:00,,,Australia/Perth,Walking,"{""calories"":14,""intensity"":30,""manual_distance"":0,""manual_calories"":0,""hr_average"":0,""hr_min"":0,""hr_max"":0,""hr_zone_0"":0,""hr_zone_1"":0,""hr_zone_2"":0,""hr_zone_3"":0,""pause_duration"":0,""steps"":67,""distance"":0,""elevation"":0,""metcumul"":0}",,2023-11-25T10:30:51+08:00
2023-11-25T18:50:00+08:00,2023-11-25T19:07:12+08:00,,,Australia/Perth,Walking,"{""calories"":68,""intensity"":30,""manual_distance"":0,""manual_calories"":0,""hr_average"":0,""hr_min"":0,""hr_max"":0,""hr_zone_0"":0,""hr_zone_1"":0,""hr_zone_2"":0,""hr_zone_3"":0,""pause_duration"":0,""steps"":61,""distance"":6,""elevation"":0,""metcumul"":0}",,2023-11-26T10:28:45+08:00
2023-11-26T18:49:48+08:00,2023-11-26T19:44:00+08:00,,,Australia/Perth,Walking,"{""calories"":214,""intensity"":30,""manual_distance"":0,""manual_calories"":0,""hr_average"":0,""hr_min"":0,""hr_max"":0,""hr_zone_0"":0,""hr_zone_1"":0,""hr_zone_2"":0,""hr_zone_3"":0,""pause_duration"":0,""steps"":4288,""distance"":3010,""elevation"":55,""metcumul"":55}",,2023-12-02T06:53:10+08:00
2023-11-27T08:32:15+08:00,2023-11-27T08:36:00+08:00,,,Australia/Perth,Walking,"{""calories"":14,""intensity"":30,""manual_distance"":0,""manual_calories"":0,""hr_average"":0,""hr_min"":0,""hr_max"":0,""hr_zone_0"":0,""hr_zone_1"":0,""hr_zone_2"":0,""hr_zone_3"":0,""pause_duration"":0,""steps"":80,""distance"":0,""elevation"":0,""metcumul"":0}",,2023-12-02T06:53:10+08:00
2023-11-28T07:39:15+08:00,2023-11-28T08:07:00+08:00,,,Australia/Perth,Walking,"{""calories"":110,""intensity"":30,""manual_distance"":0,""manual_calories"":0,""hr_average"":0,""hr_min"":0,""hr_max"":0,""hr_zone_0"":0,""hr_zone_1"":0,""hr_zone_2"":0,""hr_zone_3"":0,""pause_duration"":0,""steps"":22,""distance"":0,""elevation"":0,""metcumul"":0}",,2023-12-02T06:53:11+08:00
2023-12-02T12:39:00+08:00,2023-12-02T13:02:00+08:00,,,Australia/Perth,Walking,"{""calories"":90,""intensity"":30,""manual_distance"":0,""manual_calories"":0,""hr_average"":0,""hr_min"":0,""hr_max"":0,""hr_zone_0"":0,""hr_zone_1"":0,""hr_zone_2"":0,""hr_zone_3"":0,""pause_duration"":0,""steps"":81,""distance"":6,""elevation"":0,""metcumul"":0}",,2023-12-02T21:59:27+08:00
2023-12-02T17:10:57+08:00,2023-12-02T17:54:29+08:00,,,Australia/Perth,Weights,"{""calories"":314,""intensity"":30,""manual_distance"":0,""manual_calories"":0,""hr_average"":0,""hr_min"":0,""hr_max"":0,""hr_zone_0"":0,""hr_zone_1"":0,""hr_zone_2"":0,""hr_zone_3"":0,""pause_duration"":0,""steps"":10,""distance"":6,""elevation"":0,""metcumul"":0}",,2023-12-02T21:59:27+08:00
2023-12-04T08:06:43+08:00,2023-12-04T08:19:00+08:00,,,Australia/Perth,Walking,"{""calories"":48,""intensity"":30,""manual_distance"":0,""manual_calories"":0,""hr_average"":0,""hr_min"":0,""hr_max"":0,""hr_zone_0"":0,""hr_zone_1"":0,""hr_zone_2"":0,""hr_zone_3"":0,""pause_duration"":0,""steps"":28,""distance"":360,""elevation"":0,""metcumul"":0}",,2023-12-05T08:46:02+08:00
2023-12-05T07:37:00+08:00,2023-12-05T07:45:00+08:00,,,Australia/Perth,Walking,"{""calories"":31,""intensity"":30,""manual_distance"":0,""manual_calories"":0,""hr_average"":0,""hr_min"":0,""hr_max"":0,""hr_zone_0"":0,""hr_zone_1"":0,""hr_zone_2"":0,""hr_zone_3"":0,""pause_duration"":0,""steps"":91,""distance"":0,""elevation"":0,""metcumul"":0}",,2023-12-05T08:46:03+08:00
2023-12-05T11:16:48+08:00,2023-12-05T11:22:00+08:00,,,Australia/Perth,Walking,"{""calories"":20,""intensity"":30,""manual_distance"":0,""manual_calories"":0,""hr_average"":0,""hr_min"":0,""hr_max"":0,""hr_zone_0"":0,""hr_zone_1"":0,""hr_zone_2"":0,""hr_zone_3"":0,""pause_duration"":0,""steps"":6,""distance"":0,""elevation"":0,""metcumul"":0}",,2023-12-06T12:26:23+08:00
2023-12-06T07:22:21+08:00,2023-12-06T07:31:00+08:00,,,Australia/Perth,Walking,"{""calories"":34,""intensity"":30,""manual_distance"":0,""manual_calories"":0,""hr_average"":0,""hr_min"":0,""hr_max"":0,""hr_zone_0"":0,""hr_zone_1"":0,""hr_zone_2"":0,""hr_zone_3"":0,""pause_duration"":0,""steps"":67,""distance"":321,""elevation"":0,""metcumul"":0}",,2023-12-06T12:26:24+08:00
2023-12-06T17:28:06+08:00,2023-12-06T17:35:00+08:00,,,Australia/Perth,Walking,"{""calories"":27,""intensity"":30,""manual_distance"":0,""manual_calories"":0,""hr_average"":0,""hr_min"":0,""hr_max"":0,""hr_zone_0"":0,""hr_zone_1"":0,""hr_zone_2"":0,""hr_zone_3"":0,""pause_duration"":0,""steps"":27,""distance"":0,""elevation"":0,""metcumul"":0}",,2023-12-08T21:28:54+08:00
2023-12-06T17:57:52+08:00,2023-12-06T18:06:00+08:00,,,Australia/Perth,Walking,"{""calories"":32,""intensity"":30,""manual_distance"":0,""manual_calories"":0,""hr_average"":0,""hr_min"":0,""hr_max"":0,""hr_zone_0"":0,""hr_zone_1"":0,""hr_zone_2"":0,""hr_zone_3"":0,""pause_duration"":0,""steps"":3,""distance"":1,""elevation"":0,""metcumul"":0}",,2023-12-08T21:28:55+08:00
2023-12-07T21:09:03+08:00,2023-12-07T21:25:00+08:00,,,Australia/Perth,Walking,"{""calories"":62,""intensity"":30,""manual_distance"":0,""manual_calories"":0,""hr_average"":0,""hr_min"":0,""hr_max"":0,""hr_zone_0"":0,""hr_zone_1"":0,""hr_zone_2"":0,""hr_zone_3"":0,""pause_duration"":0,""steps"":10,""distance"":347,""elevation"":0,""metcumul"":0}",,2023-12-08T21:28:55+08:00
2023-12-08T17:53:00+08:00,2023-12-08T18:00:00+08:00,,,Australia/Perth,Walking,"{""calories"":27,""intensity"":30,""manual_distance"":0,""manual_calories"":0,""hr_average"":0,""hr_min"":0,""hr_max"":0,""hr_zone_0"":0,""hr_zone_1"":0,""hr_zone_2"":0,""hr_zone_3"":0,""pause_duration"":0,""steps"":78,""distance"":42,""elevation"":0,""metcumul"":0}",,2023-12-08T21:28:56+08:00
2023-12-08T18:23:23+08:00,2023-12-08T18:33:00+08:00,,,Australia/Perth,Walking,"{""calories"":37,""intensity"":30,""manual_distance"":0,""manual_calories"":0,""hr_average"":0,""hr_min"":0,""hr_max"":0,""hr_zone_0"":0,""hr_zone_1"":0,""hr_zone_2"":0,""hr_zone_3"":0,""pause_duration"":0,""steps"":66,""distance"":124,""elevation"":0,""metcumul"":0}",,2023-12-08T21:28:56+08:00
2023-12-08T19:51:11+08:00,2023-12-08T20:41:28+08:00,,,Australia/Perth,Weights,"{""calories"":362,""intensity"":30,""manual_distance"":0,""manual_calories"":0,""hr_average"":0,""hr_min"":0,""hr_max"":0,""hr_zone_0"":0,""hr_zone_1"":0,""hr_zone_2"":0,""hr_zone_3"":0,""pause_duration"":0,""steps"":23,""distance"":17,""elevation"":0,""metcumul"":0}",,2023-12-08T21:28:57+08:00
2023-12-09T13:22:28+08:00,2023-12-09T13:27:00+08:00,,,Australia/Perth,Walking,"{""calories"":17,""intensity"":30,""manual_distance"":0,""manual_calories"":0,""hr_average"":0,""hr_min"":0,""hr_max"":0,""hr_zone_0"":0,""hr_zone_1"":0,""hr_zone_2"":0,""hr_zone_3"":0,""pause_duration"":0,""steps"":41,""distance"":0,""elevation"":0,""metcumul"":0}",,2023-12-10T13:04:24+08:00
2023-12-09T19:55:16+08:00,2023-12-09T20:02:00+08:00,,,Australia/Perth,Walking,"{""calories"":26,""intensity"":30,""manual_distance"":0,""manual_calories"":0,""hr_average"":0,""hr_min"":0,""hr_max"":0,""hr_zone_0"":0,""hr_zone_1"":0,""hr_zone_2"":0,""hr_zone_3"":0,""pause_duration"":0,""steps"":65,""distance"":0,""elevation"":0,""metcumul"":0}",,2023-12-10T13:04:26+08:00
2023-12-10T14:52:34+08:00,2023-12-10T15:44:08+08:00,,,Australia/Perth,Weights,"{""calories"":376,""intensity"":30,""manual_distance"":0,""manual_calories"":0,""hr_average"":0,""hr_min"":0,""hr_max"":0,""hr_zone_0"":0,""hr_zone_1"":0,""hr_zone_2"":0,""hr_zone_3"":0,""pause_duration"":0,""steps"":13,""distance"":8,""elevation"":0,""metcumul"":0}",,2023-12-10T18:25:49+08:00
2023-12-11T07:05:13+08:00,2023-12-11T07:26:00+08:00,,,Australia/Perth,Walking,"{""calories"":82,""intensity"":30,""manual_distance"":0,""manual_calories"":0,""hr_average"":0,""hr_min"":0,""hr_max"":0,""hr_zone_0"":0,""hr_zone_1"":0,""hr_zone_2"":0,""hr_zone_3"":0,""pause_duration"":0,""steps"":23,""distance"":30,""elevation"":0,""metcumul"":0}",,2023-12-14T12:39:36+08:00
2023-12-13T17:45:40+08:00,2023-12-13T18:02:00+08:00,,,Australia/Perth,Walking,"{""calories"":64,""intensity"":30,""manual_distance"":0,""manual_calories"":0,""hr_average"":0,""hr_min"":0,""hr_max"":0,""hr_zone_0"":0,""hr_zone_1"":0,""hr_zone_2"":0,""hr_zone_3"":0,""pause_duration"":0,""steps"":10,""distance"":61,""elevation"":0,""metcumul"":0}",,2023-12-14T12:39:37+08:00
2023-12-13T20:34:00+08:00,2023-12-13T20:39:00+08:00,,,Australia/Perth,Walking,"{""calories"":19,""intensity"":30,""manual_distance"":0,""manual_calories"":0,""hr_average"":0,""hr_min"":0,""hr_max"":0,""hr_zone_0"":0,""hr_zone_1"":0,""hr_zone_2"":0,""hr_zone_3"":0,""pause_duration"":0,""steps"":101,""distance"":1,""elevation"":0,""metcumul"":0}",,2023-12-14T12:39:39+08:00
2023-12-14T22:27:54+08:00,2023-12-14T22:48:00+08:00,,,Australia/Perth,Walking,"{""calories"":79,""intensity"":30,""manual_distance"":0,""manual_calories"":0,""hr_average"":0,""hr_min"":0,""hr_max"":0,""hr_zone_0"":0,""hr_zone_1"":0,""hr_zone_2"":0,""hr_zone_3"":0,""pause_duration"":0,""steps"":4,""distance"":66,""elevation"":0,""metcumul"":0}",,2023-12-15T05:57:34+08:00
2023-12-16T09:52:00+08:00,2023-12-16T10:20:00+08:00,,,Australia/Perth,Walking,"{""calories"":111,""intensity"":30,""manual_distance"":0,""manual_calories"":0,""hr_average"":0,""hr_min"":0,""hr_max"":0,""hr_zone_0"":0,""hr_zone_1"":0,""hr_zone_2"":0,""hr_zone_3"":0,""pause_duration"":0,""steps"":74,""distance"":56,""elevation"":0,""metcumul"":0}",,2023-12-16T21:43:15+08:00
2023-12-16T12:27:51+08:00,2023-12-16T13:27:14+08:00,,,Australia/Perth,Weights,"{""calories"":437,""intensity"":30,""manual_distance"":0,""manual_calories"":0,""hr_average"":0,""hr_min"":0,""hr_max"":0,""hr_zone_0"":0,""hr_zone_1"":0,""hr_zone_2"":0,""hr_zone_3"":0,""pause_duration"":0,""steps"":3,""distance"":2,""elevation"":0,""metcumul"":0}",,2023-12-16T21:43:17+08:00
2023-12-17T12:22:55+08:00,2023-12-17T12:44:00+08:00,,,Australia/Perth,Walking,"{""calories"":83,""intensity"":30,""manual_distance"":0,""manual_calories"":0,""hr_average"":0,""hr_min"":0,""hr_max"":0,""hr_zone_0"":0,""hr_zone_1"":0,""hr_zone_2"":0,""hr_zone_3"":0,""pause_duration"":0,""steps"":6,""distance"":174,""elevation"":0,""metcumul"":0}",,2023-12-17T19:32:42+08:00
2023-12-18T12:16:17+08:00,2023-12-18T12:24:00+08:00,,,Australia/Perth,Walking,"{""calories"":30,""intensity"":30,""manual_distance"":0,""manual_calories"":0,""hr_average"":0,""hr_min"":0,""hr_max"":0,""hr_zone_0"":0,""hr_zone_1"":0,""hr_zone_2"":0,""hr_zone_3"":0,""pause_duration"":0,""steps"":74,""distance"":106,""elevation"":0,""metcumul"":0}",,2023-12-19T14:09:05+08:00
2023-12-19T14:01:41+08:00,2023-12-19T14:08:00+08:00,,,Australia/Perth,Walking,"{""calories"":25,""intensity"":30,""manual_distance"":0,""manual_calories"":0,""hr_average"":0,""hr_min"":0,""hr_max"":0,""hr_zone_0"":0,""hr_zone_1"":0,""hr_zone_2"":0,""hr_zone_3"":0,""pause_duration"":0,""steps"":498,""distance"":349,""elevation"":7,""metcumul"":7}",,2023-12-20T06:21:06+08:00
2023-12-19T14:36:10+08:00,2023-12-19T14:45:00+08:00,,,Australia/Perth,Walking,"{""calories"":35,""intensity"":30,""manual_distance"":0,""manual_calories"":0,""hr_average"":0,""hr_min"":0,""hr_max"":0,""hr_zone_0"":0,""hr_zone_1"":0,""hr_zone_2"":0,""hr_zone_3"":0,""pause_duration"":0,""steps"":25,""distance"":21,""elevation"":0,""metcumul"":0}",,2023-12-20T06:21:07+08:00
2023-12-19T19:35:42+08:00,2023-12-19T20:26:32+08:00,,,Australia/Perth,Weights,"{""calories"":374,""intensity"":30,""manual_distance"":0,""manual_calories"":0,""hr_average"":0,""hr_min"":0,""hr_max"":0,""hr_zone_0"":0,""hr_zone_1"":0,""hr_zone_2"":0,""hr_zone_3"":0,""pause_duration"":0,""steps"":14,""distance"":8,""elevation"":0,""metcumul"":0}",,2023-12-20T06:21:09+08:00
2023-12-20T17:03:11+08:00,2023-12-20T17:09:00+08:00,,,Australia/Perth,Walking,"{""calories"":23,""intensity"":30,""manual_distance"":0,""manual_calories"":0,""hr_average"":0,""hr_min"":0,""hr_max"":0,""hr_zone_0"":0,""hr_zone_1"":0,""hr_zone_2"":0,""hr_zone_3"":0,""pause_duration"":0,""steps"":90,""distance"":435,""elevation"":0,""metcumul"":0}",,2023-12-23T07:04:26+08:00
2023-12-20T20:18:05+08:00,2023-12-20T20:30:00+08:00,,,Australia/Perth,Walking,"{""calories"":47,""intensity"":30,""manual_distance"":0,""manual_calories"":0,""hr_average"":0,""hr_min"":0,""hr_max"":0,""hr_zone_0"":0,""hr_zone_1"":0,""hr_zone_2"":0,""hr_zone_3"":0,""pause_duration"":0,""steps"":27,""distance"":32,""elevation"":0,""metcumul"":0}",,2023-12-23T07:04:28+08:00
2023-12-21T17:00:53+08:00,2023-12-21T17:07:00+08:00,,,Australia/Perth,Walking,"{""calories"":24,""intensity"":30,""manual_distance"":0,""manual_calories"":0,""hr_average"":0,""hr_min"":0,""hr_max"":0,""hr_zone_0"":0,""hr_zone_1"":0,""hr_zone_2"":0,""hr_zone_3"":0,""pause_duration"":0,""steps"":10,""distance"":348,""elevation"":0,""metcumul"":0}",,2023-12-23T07:04:30+08:00
2023-12-22T10:43:11+08:00,2023-12-22T10:47:00+08:00,,,Australia/Perth,Walking,"{""calories"":15,""intensity"":30,""manual_distance"":0,""manual_calories"":0,""hr_average"":0,""hr_min"":0,""hr_max"":0,""hr_zone_0"":0,""hr_zone_1"":0,""hr_zone_2"":0,""hr_zone_3"":0,""pause_duration"":0,""steps"":22,""distance"":17,""elevation"":0,""metcumul"":0}",,2023-12-23T07:04:31+08:00
2023-12-22T18:43:12+08:00,2023-12-22T19:33:00+08:00,,,Australia/Perth,Walking,"{""calories"":198,""intensity"":30,""manual_distance"":0,""manual_calories"":0,""hr_average"":0,""hr_min"":0,""hr_max"":0,""hr_zone_0"":0,""hr_zone_1"":0,""hr_zone_2"":0,""hr_zone_3"":0,""pause_duration"":0,""steps"":20,""distance"":14,""elevation"":0,""metcumul"":0}",,2023-12-23T07:04:33+08:00
2023-12-23T09:38:43+08:00,2023-12-23T09:46:00+08:00,,,Australia/Perth,Walking,"{""calories"":28,""intensity"":30,""manual_distance"":0,""manual_calories"":0,""hr_average"":0,""hr_min"":0,""hr_max"":0,""hr_zone_0"":0,""hr_zone_1"":0,""hr_zone_2"":0,""hr_zone_3"":0,""pause_duration"":0,""steps"":28,""distance"":497,""elevation"":0,""metcumul"":0}",,2023-12-23T19:47:17+08:00
2023-12-23T18:37:31+08:00,2023-12-23T19:31:00+08:00,,,Australia/Perth,Walking,"{""calories"":212,""intensity"":30,""manual_distance"":0,""manual_calories"":0,""hr_average"":0,""hr_min"":0,""hr_max"":0,""hr_zone_0"":0,""hr_zone_1"":0,""hr_zone_2"":0,""hr_zone_3"":0,""pause_duration"":0,""steps"":10,""distance"":16,""elevation"":0,""metcumul"":0}",,2023-12-23T19:47:19+08:00
2023-12-24T17:59:42+08:00,2023-12-24T19:41:00+08:00,,,Australia/Perth,Walking,"{""calories"":402,""intensity"":30,""manual_distance"":0,""manual_calories"":0,""hr_average"":0,""hr_min"":0,""hr_max"":0,""hr_zone_0"":0,""hr_zone_1"":0,""hr_zone_2"":0,""hr_zone_3"":0,""pause_duration"":0,""steps"":13,""distance"":4,""elevation"":0,""metcumul"":0}",,2023-12-24T20:19:50+08:00
2023-12-25T08:26:01+08:00,2023-12-25T08:52:41+08:00,,,Australia/Perth,Weights,"{""calories"":0,""intensity"":30,""manual_distance"":0,""manual_calories"":0,""hr_average"":0,""hr_min"":0,""hr_max"":0,""hr_zone_0"":0,""hr_zone_1"":0,""hr_zone_2"":0,""hr_zone_3"":0,""pause_duration"":0,""steps"":3,""distance"":0,""elevation"":0,""metcumul"":0}",,2023-12-25T09:32:19+08:00
2023-12-29T10:51:32+08:00,2023-12-29T11:46:28+08:00,,,Australia/Perth,Weights,"{""calories"":403,""intensity"":30,""manual_distance"":0,""manual_calories"":0,""hr_average"":0,""hr_min"":0,""hr_max"":0,""hr_zone_0"":0,""hr_zone_1"":0,""hr_zone_2"":0,""hr_zone_3"":0,""pause_duration"":0,""steps"":5,""distance"":3,""elevation"":0,""metcumul"":0}",,2023-12-29T12:44:01+08:00
2023-12-30T08:51:21+08:00,2023-12-30T09:17:00+08:00,,,Australia/Perth,Walking,"{""calories"":101,""intensity"":30,""manual_distance"":0,""manual_calories"":0,""hr_average"":0,""hr_min"":0,""hr_max"":0,""hr_zone_0"":0,""hr_zone_1"":0,""hr_zone_2"":0,""hr_zone_3"":0,""pause_duration"":0,""steps"":8,""distance"":17,""elevation"":0,""metcumul"":0}",,2023-12-30T10:46:08+08:00
2023-12-30T18:29:11+08:00,2023-12-30T19:22:39+08:00,,,Australia/Perth,Weights,"{""calories"":192,""intensity"":30,""manual_distance"":0,""manual_calories"":0,""hr_average"":0,""hr_min"":0,""hr_max"":0,""hr_zone_0"":0,""hr_zone_1"":0,""hr_zone_2"":0,""hr_zone_3"":0,""pause_duration"":0,""steps"":0,""distance"":0,""elevation"":0,""metcumul"":0}",,2023-12-31T11:45:02+08:00
2023-12-31T16:41:54+08:00,2023-12-31T17:34:55+08:00,,,Australia/Perth,Weights,"{""calories"":389,""intensity"":30,""manual_distance"":0,""manual_calories"":0,""hr_average"":0,""hr_min"":0,""hr_max"":0,""hr_zone_0"":0,""hr_zone_1"":0,""hr_zone_2"":0,""hr_zone_3"":0,""pause_duration"":0,""steps"":6,""distance"":4,""elevation"":0,""metcumul"":0}",,2023-12-31T23:49:49+08:00
2024-01-02T19:50:22+08:00,2024-01-02T20:40:13+08:00,,,Australia/Perth,Weights,"{""calories"":366,""intensity"":30,""manual_distance"":0,""manual_calories"":0,""hr_average"":0,""hr_min"":0,""hr_max"":0,""hr_zone_0"":0,""hr_zone_1"":0,""hr_zone_2"":0,""hr_zone_3"":0,""pause_duration"":0,""steps"":12,""distance"":7,""elevation"":0,""metcumul"":0}",,2024-01-02T21:45:21+08:00
2024-01-03T16:00:27+08:00,2024-01-03T16:45:13+08:00,,,Australia/Perth,Weights,"{""calories"":327,""intensity"":30,""manual_distance"":0,""manual_calories"":0,""hr_average"":0,""hr_min"":0,""hr_max"":0,""hr_zone_0"":0,""hr_zone_1"":0,""hr_zone_2"":0,""hr_zone_3"":0,""pause_duration"":0,""steps"":9,""distance"":6,""elevation"":0,""metcumul"":0}",,2024-01-04T15:09:34+08:00
2024-01-08T19:52:14+08:00,2024-01-08T20:45:12+08:00,,,Australia/Perth,Weights,"{""calories"":393,""intensity"":30,""manual_distance"":0,""manual_calories"":0,""hr_average"":0,""hr_min"":0,""hr_max"":0,""hr_zone_0"":0,""hr_zone_1"":0,""hr_zone_2"":0,""hr_zone_3"":0,""pause_duration"":0,""steps"":4,""distance"":2,""elevation"":0,""metcumul"":0}",,2024-01-10T07:47:48+08:00
2024-01-10T07:40:10+08:00,2024-01-10T07:46:00+08:00,,,Australia/Perth,Walking,"{""calories"":23,""intensity"":30,""manual_distance"":0,""manual_calories"":0,""hr_average"":0,""hr_min"":0,""hr_max"":0,""hr_zone_0"":0,""hr_zone_1"":0,""hr_zone_2"":0,""hr_zone_3"":0,""pause_duration"":0,""steps"":25,""distance"":0,""elevation"":0,""metcumul"":0}",,2024-01-11T12:46:03+08:00
2024-01-12T18:17:03+08:00,2024-01-12T18:27:00+08:00,,,Australia/Perth,Walking,"{""calories"":39,""intensity"":30,""manual_distance"":0,""manual_calories"":0,""hr_average"":0,""hr_min"":0,""hr_max"":0,""hr_zone_0"":0,""hr_zone_1"":0,""hr_zone_2"":0,""hr_zone_3"":0,""pause_duration"":0,""steps"":70,""distance"":0,""elevation"":0,""metcumul"":0}",,2024-01-14T18:38:49+08:00
2024-01-13T20:06:00+08:00,2024-01-13T20:27:00+08:00,,,Australia/Perth,Walking,"{""calories"":83,""intensity"":30,""manual_distance"":0,""manual_calories"":0,""hr_average"":0,""hr_min"":0,""hr_max"":0,""hr_zone_0"":0,""hr_zone_1"":0,""hr_zone_2"":0,""hr_zone_3"":0,""pause_duration"":0,""steps"":81,""distance"":245,""elevation"":0,""metcumul"":0}",,2024-01-14T18:38:51+08:00
2024-01-14T16:59:54+08:00,2024-01-14T17:53:15+08:00,,,Australia/Perth,Weights,"{""calories"":192,""intensity"":30,""manual_distance"":0,""manual_calories"":0,""hr_average"":0,""hr_min"":0,""hr_max"":0,""hr_zone_0"":0,""hr_zone_1"":0,""hr_zone_2"":0,""hr_zone_3"":0,""pause_duration"":0,""steps"":894,""distance"":627,""elevation"":43,""metcumul"":43}",,2024-01-15T08:11:59+08:00
2024-01-17T17:14:05+08:00,2024-01-17T17:27:00+08:00,,,Australia/Perth,Walking,"{""calories"":51,""intensity"":30,""manual_distance"":0,""manual_calories"":0,""hr_average"":0,""hr_min"":0,""hr_max"":0,""hr_zone_0"":0,""hr_zone_1"":0,""hr_zone_2"":0,""hr_zone_3"":0,""pause_duration"":0,""steps"":74,""distance"":0,""elevation"":0,""metcumul"":0}",,2024-01-23T20:43:40+08:00
2024-01-18T18:15:20+08:00,2024-01-18T18:45:00+08:00,,,Australia/Perth,Walking,"{""calories"":118,""intensity"":30,""manual_distance"":0,""manual_calories"":0,""hr_average"":0,""hr_min"":0,""hr_max"":0,""hr_zone_0"":0,""hr_zone_1"":0,""hr_zone_2"":0,""hr_zone_3"":0,""pause_duration"":0,""steps"":36,""distance"":0,""elevation"":0,""metcumul"":0}",,2024-01-23T20:43:43+08:00
2024-01-21T10:53:58+08:00,2024-01-21T11:51:25+08:00,,,Australia/Perth,Weights,"{""calories"":422,""intensity"":30,""manual_distance"":0,""manual_calories"":0,""hr_average"":0,""hr_min"":0,""hr_max"":0,""hr_zone_0"":0,""hr_zone_1"":0,""hr_zone_2"":0,""hr_zone_3"":0,""pause_duration"":0,""steps"":8,""distance"":5,""elevation"":0,""metcumul"":0}",,2024-01-23T20:43:45+08:00
2024-01-22T07:52:30+08:00,2024-01-22T08:09:00+08:00,,,Australia/Perth,Walking,"{""calories"":65,""intensity"":30,""manual_distance"":0,""manual_calories"":0,""hr_average"":0,""hr_min"":0,""hr_max"":0,""hr_zone_0"":0,""hr_zone_1"":0,""hr_zone_2"":0,""hr_zone_3"":0,""pause_duration"":0,""steps"":9,""distance"":381,""elevation"":0,""metcumul"":0}",,2024-01-23T20:43:46+08:00
2024-01-22T18:33:00+08:00,2024-01-22T19:16:00+08:00,,,Australia/Perth,Walking,"{""calories"":171,""intensity"":30,""manual_distance"":0,""manual_calories"":0,""hr_average"":0,""hr_min"":0,""hr_max"":0,""hr_zone_0"":0,""hr_zone_1"":0,""hr_zone_2"":0,""hr_zone_3"":0,""pause_duration"":0,""steps"":90,""distance"":65,""elevation"":0,""metcumul"":0}",,2024-01-23T20:43:48+08:00
2024-01-23T18:11:00+08:00,2024-01-23T18:55:00+08:00,,,Australia/Perth,Walking,"{""calories"":175,""intensity"":30,""manual_distance"":0,""manual_calories"":0,""hr_average"":0,""hr_min"":0,""hr_max"":0,""hr_zone_0"":0,""hr_zone_1"":0,""hr_zone_2"":0,""hr_zone_3"":0,""pause_duration"":0,""steps"":88,""distance"":42,""elevation"":0,""metcumul"":0}",,2024-01-24T22:12:38+08:00
2024-01-23T19:27:36+08:00,2024-01-23T20:19:13+08:00,,,Australia/Perth,Weights,"{""calories"":186,""intensity"":30,""manual_distance"":0,""manual_calories"":0,""hr_average"":0,""hr_min"":0,""hr_max"":0,""hr_zone_0"":0,""hr_zone_1"":0,""hr_zone_2"":0,""hr_zone_3"":0,""pause_duration"":0,""steps"":876,""distance"":614,""elevation"":37,""metcumul"":37}",,2024-01-24T22:12:39+08:00
2024-01-24T07:38:16+08:00,2024-01-24T07:45:00+08:00,,,Australia/Perth,Walking,"{""calories"":26,""intensity"":30,""manual_distance"":0,""manual_calories"":0,""hr_average"":0,""hr_min"":0,""hr_max"":0,""hr_zone_0"":0,""hr_zone_1"":0,""hr_zone_2"":0,""hr_zone_3"":0,""pause_duration"":0,""steps"":22,""distance"":0,""elevation"":0,""metcumul"":0}",,2024-01-24T22:12:41+08:00
2024-01-24T18:23:21+08:00,2024-01-24T19:18:00+08:00,,,Australia/Perth,Walking,"{""calories"":218,""intensity"":30,""manual_distance"":0,""manual_calories"":0,""hr_average"":0,""hr_min"":0,""hr_max"":0,""hr_zone_0"":0,""hr_zone_1"":0,""hr_zone_2"":0,""hr_zone_3"":0,""pause_duration"":0,""steps"":39,""distance"":2138,""elevation"":0,""metcumul"":0}",,2024-01-24T22:12:43+08:00
2024-01-25T17:59:00+08:00,2024-01-25T18:06:00+08:00,,,Australia/Perth,Walking,"{""calories"":28,""intensity"":30,""manual_distance"":0,""manual_calories"":0,""hr_average"":0,""hr_min"":0,""hr_max"":0,""hr_zone_0"":0,""hr_zone_1"":0,""hr_zone_2"":0,""hr_zone_3"":0,""pause_duration"":0,""steps"":80,""distance"":358,""elevation"":0,""metcumul"":0}",,2024-01-28T07:52:05+08:00
2024-01-27T19:11:00+08:00,2024-01-27T19:41:00+08:00,,,Australia/Perth,Walking,"{""calories"":120,""intensity"":30,""manual_distance"":0,""manual_calories"":0,""hr_average"":0,""hr_min"":0,""hr_max"":0,""hr_zone_0"":0,""hr_zone_1"":0,""hr_zone_2"":0,""hr_zone_3"":0,""pause_duration"":0,""steps"":67,""distance"":168,""elevation"":0,""metcumul"":0}",,2024-01-28T07:52:07+08:00
2024-01-28T19:34:00+08:00,2024-01-28T20:18:00+08:00,,,Australia/Perth,Walking,"{""calories"":176,""intensity"":30,""manual_distance"":0,""manual_calories"":0,""hr_average"":0,""hr_min"":0,""hr_max"":0,""hr_zone_0"":0,""hr_zone_1"":0,""hr_zone_2"":0,""hr_zone_3"":0,""pause_duration"":0,""steps"":64,""distance"":11,""elevation"":0,""metcumul"":0}",,2024-01-30T22:54:48+08:00
2024-01-30T17:32:10+08:00,2024-01-30T17:40:00+08:00,,,Australia/Perth,Walking,"{""calories"":31,""intensity"":30,""manual_distance"":0,""manual_calories"":0,""hr_average"":0,""hr_min"":0,""hr_max"":0,""hr_zone_0"":0,""hr_zone_1"":0,""hr_zone_2"":0,""hr_zone_3"":0,""pause_duration"":0,""steps"":40,""distance"":46,""elevation"":0,""metcumul"":0}",,2024-01-30T22:54:49+08:00
2024-01-30T19:02:08+08:00,2024-01-30T19:34:00+08:00,,,Australia/Perth,Walking,"{""calories"":127,""intensity"":30,""manual_distance"":0,""manual_calories"":0,""hr_average"":0,""hr_min"":0,""hr_max"":0,""hr_zone_0"":0,""hr_zone_1"":0,""hr_zone_2"":0,""hr_zone_3"":0,""pause_duration"":0,""steps"":18,""distance"":47,""elevation"":0,""metcumul"":0}",,2024-01-30T22:54:51+08:00
2024-01-30T19:56:50+08:00,2024-01-30T20:51:52+08:00,,,Australia/Perth,Weights,"{""calories"":10,""intensity"":30,""manual_distance"":0,""manual_calories"":0,""hr_average"":0,""hr_min"":0,""hr_max"":0,""hr_zone_0"":0,""hr_zone_1"":0,""hr_zone_2"":0,""hr_zone_3"":0,""pause_duration"":0,""steps"":26,""distance"":16,""elevation"":0,""metcumul"":0}",,2024-01-30T22:54:53+08:00
2024-02-06T17:38:00+08:00,2024-02-06T17:48:00+08:00,,,Australia/Perth,Walking,"{""calories"":39,""intensity"":30,""manual_distance"":0,""manual_calories"":0,""hr_average"":0,""hr_min"":0,""hr_max"":0,""hr_zone_0"":0,""hr_zone_1"":0,""hr_zone_2"":0,""hr_zone_3"":0,""pause_duration"":0,""steps"":81,""distance"":325,""elevation"":0,""metcumul"":0}",,2024-02-07T08:36:06+08:00
2024-02-07T08:10:50+08:00,2024-02-07T08:25:00+08:00,,,Australia/Perth,Walking,"{""calories"":56,""intensity"":30,""manual_distance"":0,""manual_calories"":0,""hr_average"":0,""hr_min"":0,""hr_max"":0,""hr_zone_0"":0,""hr_zone_1"":0,""hr_zone_2"":0,""hr_zone_3"":0,""pause_duration"":0,""steps"":1047,""distance"":734,""elevation"":15,""metcumul"":15}",,2024-02-08T09:07:36+08:00
2024-02-07T16:39:29+08:00,2024-02-07T16:52:00+08:00,,,Australia/Perth,Walking,"{""calories"":49,""intensity"":30,""manual_distance"":0,""manual_calories"":0,""hr_average"":0,""hr_min"":0,""hr_max"":0,""hr_zone_0"":0,""hr_zone_1"":0,""hr_zone_2"":0,""hr_zone_3"":0,""pause_duration"":0,""steps"":15,""distance"":108,""elevation"":0,""metcumul"":0}",,2024-02-08T09:07:35+08:00
2024-02-09T08:35:14+08:00,2024-02-09T08:48:00+08:00,,,Australia/Perth,Walking,"{""calories"":50,""intensity"":30,""manual_distance"":0,""manual_calories"":0,""hr_average"":0,""hr_min"":0,""hr_max"":0,""hr_zone_0"":0,""hr_zone_1"":0,""hr_zone_2"":0,""hr_zone_3"":0,""pause_duration"":0,""steps"":79,""distance"":1,""elevation"":0,""metcumul"":0}",,2024-02-09T12:55:17+08:00
2024-02-09T17:14:00+08:00,2024-02-09T17:19:00+08:00,,,Australia/Perth,Walking,"{""calories"":19,""intensity"":30,""manual_distance"":0,""manual_calories"":0,""hr_average"":0,""hr_min"":0,""hr_max"":0,""hr_zone_0"":0,""hr_zone_1"":0,""hr_zone_2"":0,""hr_zone_3"":0,""pause_duration"":0,""steps"":109,""distance"":390,""elevation"":0,""metcumul"":0}",,2024-02-13T08:59:50+08:00
2024-02-12T17:33:52+08:00,2024-02-12T17:40:00+08:00,,,Australia/Perth,Walking,"{""calories"":24,""intensity"":30,""manual_distance"":0,""manual_calories"":0,""hr_average"":0,""hr_min"":0,""hr_max"":0,""hr_zone_0"":0,""hr_zone_1"":0,""hr_zone_2"":0,""hr_zone_3"":0,""pause_duration"":0,""steps"":11,""distance"":357,""elevation"":0,""metcumul"":0}",,2024-02-13T08:59:52+08:00
2024-02-13T17:14:17+08:00,2024-02-13T17:26:00+08:00,,,Australia/Perth,Walking,"{""calories"":46,""intensity"":30,""manual_distance"":0,""manual_calories"":0,""hr_average"":0,""hr_min"":0,""hr_max"":0,""hr_zone_0"":0,""hr_zone_1"":0,""hr_zone_2"":0,""hr_zone_3"":0,""pause_duration"":0,""steps"":21,""distance"":35,""elevation"":0,""metcumul"":0}",,2024-02-14T13:50:51+08:00
2024-02-13T17:36:46+08:00,2024-02-13T17:44:00+08:00,,,Australia/Perth,Walking,"{""calories"":28,""intensity"":30,""manual_distance"":0,""manual_calories"":0,""hr_average"":0,""hr_min"":0,""hr_max"":0,""hr_zone_0"":0,""hr_zone_1"":0,""hr_zone_2"":0,""hr_zone_3"":0,""pause_duration"":0,""steps"":4,""distance"":131,""elevation"":0,""metcumul"":0}",,2024-02-14T13:50:52+08:00
2024-02-14T07:29:07+08:00,2024-02-14T07:38:00+08:00,,,Australia/Perth,Walking,"{""calories"":35,""intensity"":30,""manual_distance"":0,""manual_calories"":0,""hr_average"":0,""hr_min"":0,""hr_max"":0,""hr_zone_0"":0,""hr_zone_1"":0,""hr_zone_2"":0,""hr_zone_3"":0,""pause_duration"":0,""steps"":26,""distance"":0,""elevation"":0,""metcumul"":0}",,2024-02-14T13:50:54+08:00
2024-02-14T16:25:50+08:00,2024-02-14T16:37:00+08:00,,,Australia/Perth,Walking,"{""calories"":44,""intensity"":30,""manual_distance"":0,""manual_calories"":0,""hr_average"":0,""hr_min"":0,""hr_max"":0,""hr_zone_0"":0,""hr_zone_1"":0,""hr_zone_2"":0,""hr_zone_3"":0,""pause_duration"":0,""steps"":5,""distance"":46,""elevation"":0,""metcumul"":0}",,2024-02-15T07:02:59+08:00
2024-02-16T15:32:48+08:00,2024-02-16T15:40:00+08:00,,,Australia/Perth,Walking,"{""calories"":28,""intensity"":30,""manual_distance"":0,""manual_calories"":0,""hr_average"":0,""hr_min"":0,""hr_max"":0,""hr_zone_0"":0,""hr_zone_1"":0,""hr_zone_2"":0,""hr_zone_3"":0,""pause_duration"":0,""steps"":1,""distance"":11,""elevation"":0,""metcumul"":0}",,2024-02-18T19:01:12+08:00
2024-02-18T11:00:19+08:00,2024-02-18T11:45:43+08:00,,,Australia/Perth,Weights,"{""calories"":331,""intensity"":30,""manual_distance"":0,""manual_calories"":0,""hr_average"":0,""hr_min"":0,""hr_max"":0,""hr_zone_0"":0,""hr_zone_1"":0,""hr_zone_2"":0,""hr_zone_3"":0,""pause_duration"":0,""steps"":14,""distance"":9,""elevation"":0,""metcumul"":0}",,2024-02-18T19:01:14+08:00
2024-02-19T17:20:31+08:00,2024-02-19T17:31:00+08:00,,,Australia/Perth,Walking,"{""calories"":41,""intensity"":30,""manual_distance"":0,""manual_calories"":0,""hr_average"":0,""hr_min"":0,""hr_max"":0,""hr_zone_0"":0,""hr_zone_1"":0,""hr_zone_2"":0,""hr_zone_3"":0,""pause_duration"":0,""steps"":827,""distance"":603,""elevation"":11,""metcumul"":11}",,2024-02-21T07:21:47+08:00
2024-02-20T20:27:35+08:00,2024-02-20T21:28:27+08:00,,,Australia/Perth,Weights,"{""calories"":218,""intensity"":30,""manual_distance"":0,""manual_calories"":0,""hr_average"":0,""hr_min"":0,""hr_max"":0,""hr_zone_0"":0,""hr_zone_1"":0,""hr_zone_2"":0,""hr_zone_3"":0,""pause_duration"":0,""steps"":40,""distance"":28,""elevation"":3,""metcumul"":3}",,2024-02-21T07:21:47+08:00
2024-02-22T21:03:37+08:00,2024-02-22T21:56:23+08:00,,,Australia/Perth,Weights,"{""calories"":389,""intensity"":30,""manual_distance"":0,""manual_calories"":0,""hr_average"":0,""hr_min"":0,""hr_max"":0,""hr_zone_0"":0,""hr_zone_1"":0,""hr_zone_2"":0,""hr_zone_3"":0,""pause_duration"":0,""steps"":7,""distance"":4,""elevation"":0,""metcumul"":0}",,2024-02-22T22:57:54+08:00
2024-02-26T20:44:51+08:00,2024-02-26T21:48:11+08:00,,,Australia/Perth,Weights,"{""calories"":227,""intensity"":30,""manual_distance"":0,""manual_calories"":0,""hr_average"":0,""hr_min"":0,""hr_max"":0,""hr_zone_0"":0,""hr_zone_1"":0,""hr_zone_2"":0,""hr_zone_3"":0,""pause_duration"":0,""steps"":209,""distance"":151,""elevation"":13,""metcumul"":13}",,2024-02-27T09:15:12+08:00
2024-03-05T19:51:08+08:00,2024-03-05T21:03:03+08:00,,,Australia/Perth,Weights,"{""calories"":258,""intensity"":30,""manual_distance"":0,""manual_calories"":0,""hr_average"":0,""hr_min"":0,""hr_max"":0,""hr_zone_0"":0,""hr_zone_1"":0,""hr_zone_2"":0,""hr_zone_3"":0,""pause_duration"":0,""steps"":159,""distance"":111,""elevation"":12,""metcumul"":12}",,2024-03-06T05:52:13+08:00
2024-03-06T16:24:40+08:00,2024-03-06T16:35:00+08:00,,,Australia/Perth,Walking,"{""calories"":41,""intensity"":30,""manual_distance"":0,""manual_calories"":0,""hr_average"":0,""hr_min"":0,""hr_max"":0,""hr_zone_0"":0,""hr_zone_1"":0,""hr_zone_2"":0,""hr_zone_3"":0,""pause_duration"":0,""steps"":10,""distance"":48,""elevation"":0,""metcumul"":0}",,2024-03-07T08:18:34+08:00
2024-03-06T16:58:42+08:00,2024-03-06T17:08:00+08:00,,,Australia/Perth,Walking,"{""calories"":36,""intensity"":30,""manual_distance"":0,""manual_calories"":0,""hr_average"":0,""hr_min"":0,""hr_max"":0,""hr_zone_0"":0,""hr_zone_1"":0,""hr_zone_2"":0,""hr_zone_3"":0,""pause_duration"":0,""steps"":24,""distance"":48,""elevation"":0,""metcumul"":0}",,2024-03-07T08:18:36+08:00
2024-03-07T06:24:23+08:00,2024-03-07T07:33:42+08:00,,,Australia/Perth,Weights,"{""calories"":507,""intensity"":30,""manual_distance"":0,""manual_calories"":0,""hr_average"":0,""hr_min"":0,""hr_max"":0,""hr_zone_0"":0,""hr_zone_1"":0,""hr_zone_2"":0,""hr_zone_3"":0,""pause_duration"":0,""steps"":19,""distance"":12,""elevation"":0,""metcumul"":0}",,2024-03-07T08:18:38+08:00
2024-03-07T08:03:16+08:00,2024-03-07T08:13:00+08:00,,,Australia/Perth,Walking,"{""calories"":38,""intensity"":30,""manual_distance"":0,""manual_calories"":0,""hr_average"":0,""hr_min"":0,""hr_max"":0,""hr_zone_0"":0,""hr_zone_1"":0,""hr_zone_2"":0,""hr_zone_3"":0,""pause_duration"":0,""steps"":22,""distance"":0,""elevation"":0,""metcumul"":0}",,2024-03-07T08:18:40+08:00
2024-03-07T16:12:55+08:00,2024-03-07T16:35:00+08:00,,,Australia/Perth,Walking,"{""calories"":88,""intensity"":30,""manual_distance"":0,""manual_calories"":0,""hr_average"":0,""hr_min"":0,""hr_max"":0,""hr_zone_0"":0,""hr_zone_1"":0,""hr_zone_2"":0,""hr_zone_3"":0,""pause_duration"":0,""steps"":2,""distance"":0,""elevation"":0,""metcumul"":0}",,2024-03-07T17:20:44+08:00
2024-03-07T16:48:25+08:00,2024-03-07T16:57:00+08:00,,,Australia/Perth,Walking,"{""calories"":34,""intensity"":30,""manual_distance"":0,""manual_calories"":0,""hr_average"":0,""hr_min"":0,""hr_max"":0,""hr_zone_0"":0,""hr_zone_1"":0,""hr_zone_2"":0,""hr_zone_3"":0,""pause_duration"":0,""steps"":44,""distance"":0,""elevation"":0,""metcumul"":0}",,2024-03-07T17:20:47+08:00
2024-03-19T07:40:49+08:00,2024-03-19T07:46:55+08:00,,,Australia/Perth,Walking,"{""calories"":24,""intensity"":30,""manual_distance"":0,""manual_calories"":0,""hr_average"":0,""hr_min"":0,""hr_max"":0,""hr_zone_0"":0,""hr_zone_1"":0,""hr_zone_2"":0,""hr_zone_3"":0,""pause_duration"":0,""steps"":599,""distance"":469,""elevation"":5,""metcumul"":5}",,2024-03-22T15:17:09+08:00
2024-03-25T08:21:43+08:00,2024-03-25T08:25:17+08:00,,,Australia/Perth,Walking,"{""calories"":14,""intensity"":30,""manual_distance"":0,""manual_calories"":0,""hr_average"":0,""hr_min"":0,""hr_max"":0,""hr_zone_0"":0,""hr_zone_1"":0,""hr_zone_2"":0,""hr_zone_3"":0,""pause_duration"":0,""steps"":353,""distance"":280,""elevation"":4,""metcumul"":4}",,2024-03-25T21:23:31+08:00
2024-05-06T16:56:01+08:00,2024-05-06T17:01:46+08:00,,,Australia/Perth,Walking,"{""calories"":23,""intensity"":30,""manual_distance"":0,""manual_calories"":0,""hr_average"":0,""hr_min"":0,""hr_max"":0,""hr_zone_0"":0,""hr_zone_1"":0,""hr_zone_2"":0,""hr_zone_3"":0,""pause_duration"":0,""steps"":495,""distance"":383,""elevation"":6,""metcumul"":6}",,2024-05-08T21:55:29+08:00
2024-05-21T08:13:52+08:00,2024-05-21T08:18:43+08:00,,,Australia/Perth,Walking,"{""calories"":19,""intensity"":30,""manual_distance"":0,""manual_calories"":0,""hr_average"":0,""hr_min"":0,""hr_max"":0,""hr_zone_0"":0,""hr_zone_1"":0,""hr_zone_2"":0,""hr_zone_3"":0,""pause_duration"":0,""steps"":444,""distance"":340,""elevation"":5,""metcumul"":5}",,2024-05-25T14:16:04+08:00
2024-05-31T21:04:41+08:00,2024-05-31T21:27:50+08:00,,,Australia/Perth,Walking,"{""calories"":92,""intensity"":30,""manual_distance"":0,""manual_calories"":0,""hr_average"":0,""hr_min"":0,""hr_max"":0,""hr_zone_0"":0,""hr_zone_1"":0,""hr_zone_2"":0,""hr_zone_3"":0,""pause_duration"":0,""steps"":2165,""distance"":1524,""elevation"":22,""metcumul"":22}",,2024-06-03T20:24:29+08:00
2024-05-31T21:48:52+08:00,2024-05-31T22:08:48+08:00,,,Australia/Perth,Walking,"{""calories"":79,""intensity"":30,""manual_distance"":0,""manual_calories"":0,""hr_average"":0,""hr_min"":0,""hr_max"":0,""hr_zone_0"":0,""hr_zone_1"":0,""hr_zone_2"":0,""hr_zone_3"":0,""pause_duration"":0,""steps"":1846,""distance"":1337,""elevation"":22,""metcumul"":22}",,2024-06-03T20:24:31+08:00
2024-06-02T11:51:26+08:00,2024-06-02T12:03:58+08:00,,,Australia/Perth,Walking,"{""calories"":50,""intensity"":30,""manual_distance"":0,""manual_calories"":0,""hr_average"":0,""hr_min"":0,""hr_max"":0,""hr_zone_0"":0,""hr_zone_1"":0,""hr_zone_2"":0,""hr_zone_3"":0,""pause_duration"":0,""steps"":1028,""distance"":750,""elevation"":13,""metcumul"":13}",,2024-06-03T20:24:33+08:00
2024-06-02T14:45:55+08:00,2024-06-02T14:50:07+08:00,,,Australia/Perth,Walking,"{""calories"":16,""intensity"":30,""manual_distance"":0,""manual_calories"":0,""hr_average"":0,""hr_min"":0,""hr_max"":0,""hr_zone_0"":0,""hr_zone_1"":0,""hr_zone_2"":0,""hr_zone_3"":0,""pause_duration"":0,""steps"":289,""distance"":202,""elevation"":4,""metcumul"":4}",,2024-06-03T20:24:35+08:00
2024-06-05T16:42:24+08:00,2024-06-05T16:47:57+08:00,,,Australia/Perth,Walking,"{""calories"":22,""intensity"":30,""manual_distance"":0,""manual_calories"":0,""hr_average"":0,""hr_min"":0,""hr_max"":0,""hr_zone_0"":0,""hr_zone_1"":0,""hr_zone_2"":0,""hr_zone_3"":0,""pause_duration"":0,""steps"":653,""distance"":530,""elevation"":6,""metcumul"":6}",,2024-06-07T19:59:48+08:00
2024-06-05T17:23:45+08:00,2024-06-05T17:29:50+08:00,,,Australia/Perth,Walking,"{""calories"":24,""intensity"":30,""manual_distance"":0,""manual_calories"":0,""hr_average"":0,""hr_min"":0,""hr_max"":0,""hr_zone_0"":0,""hr_zone_1"":0,""hr_zone_2"":0,""hr_zone_3"":0,""pause_duration"":0,""steps"":303,""distance"":218,""elevation"":6,""metcumul"":6}",,2024-06-07T19:59:50+08:00
2024-07-01T17:31:52+08:00,2024-07-01T17:38:03+08:00,,,Australia/Perth,Walking,"{""calories"":24,""intensity"":30,""manual_distance"":0,""manual_calories"":0,""hr_average"":0,""hr_min"":0,""hr_max"":0,""hr_zone_0"":0,""hr_zone_1"":0,""hr_zone_2"":0,""hr_zone_3"":0,""pause_duration"":0,""steps"":548,""distance"":408,""elevation"":6,""metcumul"":6}",,2024-07-02T11:39:05+08:00
2024-07-19T08:42:13+08:00,2024-07-19T08:52:02+08:00,,,Australia/Perth,Walking,"{""calories"":39,""intensity"":30,""manual_distance"":0,""manual_calories"":0,""hr_average"":0,""hr_min"":0,""hr_max"":0,""hr_zone_0"":0,""hr_zone_1"":0,""hr_zone_2"":0,""hr_zone_3"":0,""pause_duration"":0,""steps"":870,""distance"":665,""elevation"":12,""metcumul"":12}",,2024-07-21T21:54:46+08:00
2024-07-19T12:39:16+08:00,2024-07-19T12:43:53+08:00,,,Australia/Perth,Walking,"{""calories"":18,""intensity"":30,""manual_distance"":0,""manual_calories"":0,""hr_average"":0,""hr_min"":0,""hr_max"":0,""hr_zone_0"":0,""hr_zone_1"":0,""hr_zone_2"":0,""hr_zone_3"":0,""pause_duration"":0,""steps"":338,""distance"":237,""elevation"":4,""metcumul"":4}",,2024-07-21T21:54:48+08:00
2024-07-28T12:39:44+08:00,2024-07-28T12:42:44+08:00,,,Australia/Perth,Walking,"{""calories"":12,""intensity"":30,""manual_distance"":0,""manual_calories"":0,""hr_average"":0,""hr_min"":0,""hr_max"":0,""hr_zone_0"":0,""hr_zone_1"":0,""hr_zone_2"":0,""hr_zone_3"":0,""pause_duration"":0,""steps"":245,""distance"":171,""elevation"":4,""metcumul"":4}",,2024-07-28T22:35:31+08:00
2024-08-02T12:02:44+08:00,2024-08-02T12:23:32+08:00,,,Australia/Perth,Walking,"{""calories"":84,""intensity"":30,""manual_distance"":0,""manual_calories"":0,""hr_average"":0,""hr_min"":0,""hr_max"":0,""hr_zone_0"":0,""hr_zone_1"":0,""hr_zone_2"":0,""hr_zone_3"":0,""pause_duration"":0,""steps"":2146,""distance"":1698,""elevation"":23,""metcumul"":23}",,2024-08-04T13:14:22+08:00
2024-08-09T08:53:51+08:00,2024-08-09T08:59:58+08:00,,,Australia/Perth,Walking,"{""calories"":24,""intensity"":30,""manual_distance"":0,""manual_calories"":0,""hr_average"":0,""hr_min"":0,""hr_max"":0,""hr_zone_0"":0,""hr_zone_1"":0,""hr_zone_2"":0,""hr_zone_3"":0,""pause_duration"":0,""steps"":579,""distance"":453,""elevation"":6,""metcumul"":6}",,2024-08-12T21:34:56+08:00
2024-08-23T18:05:51+08:00,2024-08-23T18:09:56+08:00,,,Australia/Perth,Walking,"{""calories"":16,""intensity"":30,""manual_distance"":0,""manual_calories"":0,""hr_average"":0,""hr_min"":0,""hr_max"":0,""hr_zone_0"":0,""hr_zone_1"":0,""hr_zone_2"":0,""hr_zone_3"":0,""pause_duration"":0,""steps"":327,""distance"":232,""elevation"":5,""metcumul"":5}",,2024-08-25T21:35:05+08:00
2024-08-25T13:48:36+08:00,2024-08-25T13:57:30+08:00,,,Australia/Perth,Walking,"{""calories"":36,""intensity"":30,""manual_distance"":0,""manual_calories"":0,""hr_average"":0,""hr_min"":0,""hr_max"":0,""hr_zone_0"":0,""hr_zone_1"":0,""hr_zone_2"":0,""hr_zone_3"":0,""pause_duration"":0,""steps"":749,""distance"":525,""elevation"":8,""metcumul"":8}",,2024-08-25T21:35:07+08:00
2024-09-03T06:59:15+08:00,2024-09-03T07:09:20+08:00,,,Australia/Perth,Walking,"{""calories"":40,""intensity"":30,""manual_distance"":0,""manual_calories"":0,""hr_average"":0,""hr_min"":0,""hr_max"":0,""hr_zone_0"":0,""hr_zone_1"":0,""hr_zone_2"":0,""hr_zone_3"":0,""pause_duration"":0,""steps"":817,""distance"":640,""elevation"":12,""metcumul"":12}",,2024-09-22T17:55:22+08:00
2024-09-03T17:19:28+08:00,2024-09-03T17:30:32+08:00,,,Australia/Perth,Walking,"{""calories"":44,""intensity"":30,""manual_distance"":0,""manual_calories"":0,""hr_average"":0,""hr_min"":0,""hr_max"":0,""hr_zone_0"":0,""hr_zone_1"":0,""hr_zone_2"":0,""hr_zone_3"":0,""pause_duration"":0,""steps"":983,""distance"":773,""elevation"":12,""metcumul"":12}",,2024-09-22T17:55:24+08:00
2024-09-03T22:06:51+08:00,2024-09-03T22:34:26+08:00,,,Australia/Perth,Walking,"{""calories"":111,""intensity"":30,""manual_distance"":0,""manual_calories"":0,""hr_average"":0,""hr_min"":0,""hr_max"":0,""hr_zone_0"":0,""hr_zone_1"":0,""hr_zone_2"":0,""hr_zone_3"":0,""pause_duration"":0,""steps"":2859,""distance"":2080,""elevation"":32,""metcumul"":32}",,2024-09-22T17:55:28+08:00
2024-09-04T08:00:48+08:00,2024-09-04T08:05:26+08:00,,,Australia/Perth,Walking,"{""calories"":18,""intensity"":30,""manual_distance"":0,""manual_calories"":0,""hr_average"":0,""hr_min"":0,""hr_max"":0,""hr_zone_0"":0,""hr_zone_1"":0,""hr_zone_2"":0,""hr_zone_3"":0,""pause_duration"":0,""steps"":497,""distance"":371,""elevation"":4,""metcumul"":4}",,2024-09-22T17:55:31+08:00
2024-09-08T13:41:38+08:00,2024-09-08T13:46:26+08:00,,,Australia/Perth,Walking,"{""calories"":19,""intensity"":30,""manual_distance"":0,""manual_calories"":0,""hr_average"":0,""hr_min"":0,""hr_max"":0,""hr_zone_0"":0,""hr_zone_1"":0,""hr_zone_2"":0,""hr_zone_3"":0,""pause_duration"":0,""steps"":470,""distance"":333,""elevation"":5,""metcumul"":5}",,2024-09-22T18:00:14+08:00
2024-09-08T19:55:39+08:00,2024-09-08T20:02:56+08:00,,,Australia/Perth,Walking,"{""calories"":29,""intensity"":30,""manual_distance"":0,""manual_calories"":0,""hr_average"":0,""hr_min"":0,""hr_max"":0,""hr_zone_0"":0,""hr_zone_1"":0,""hr_zone_2"":0,""hr_zone_3"":0,""pause_duration"":0,""steps"":711,""distance"":503,""elevation"":8,""metcumul"":8}",,2024-09-22T18:00:16+08:00
2024-09-11T17:02:23+08:00,2024-09-11T17:08:42+08:00,,,Australia/Perth,Walking,"{""calories"":25,""intensity"":30,""manual_distance"":0,""manual_calories"":0,""hr_average"":0,""hr_min"":0,""hr_max"":0,""hr_zone_0"":0,""hr_zone_1"":0,""hr_zone_2"":0,""hr_zone_3"":0,""pause_duration"":0,""steps"":662,""distance"":503,""elevation"":6,""metcumul"":6}",,2024-09-22T18:00:18+08:00
2024-09-11T20:11:30+08:00,2024-09-11T20:18:37+08:00,,,Australia/Perth,Walking,"{""calories"":29,""intensity"":30,""manual_distance"":0,""manual_calories"":0,""hr_average"":0,""hr_min"":0,""hr_max"":0,""hr_zone_0"":0,""hr_zone_1"":0,""hr_zone_2"":0,""hr_zone_3"":0,""pause_duration"":0,""steps"":695,""distance"":545,""elevation"":6,""metcumul"":6}",,2024-09-22T18:00:20+08:00
2024-09-14T10:02:38+08:00,2024-09-14T10:12:57+08:00,,,Australia/Perth,Walking,"{""calories"":42,""intensity"":30,""manual_distance"":0,""manual_calories"":0,""hr_average"":0,""hr_min"":0,""hr_max"":0,""hr_zone_0"":0,""hr_zone_1"":0,""hr_zone_2"":0,""hr_zone_3"":0,""pause_duration"":0,""steps"":1058,""distance"":804,""elevation"":9,""metcumul"":9}",,2024-09-22T18:00:22+08:00
2024-09-14T12:04:10+08:00,2024-09-14T12:11:16+08:00,,,Australia/Perth,Walking,"{""calories"":29,""intensity"":30,""manual_distance"":0,""manual_calories"":0,""hr_average"":0,""hr_min"":0,""hr_max"":0,""hr_zone_0"":0,""hr_zone_1"":0,""hr_zone_2"":0,""hr_zone_3"":0,""pause_duration"":0,""steps"":635,""distance"":470,""elevation"":7,""metcumul"":7}",,2024-09-22T18:00:24+08:00
2024-09-16T07:24:42+08:00,2024-09-16T07:31:30+08:00,,,Australia/Perth,Walking,"{""calories"":27,""intensity"":30,""manual_distance"":0,""manual_calories"":0,""hr_average"":0,""hr_min"":0,""hr_max"":0,""hr_zone_0"":0,""hr_zone_1"":0,""hr_zone_2"":0,""hr_zone_3"":0,""pause_duration"":0,""steps"":445,""distance"":332,""elevation"":6,""metcumul"":6}",,2024-09-22T18:00:25+08:00
2024-09-17T08:05:53+08:00,2024-09-17T08:17:23+08:00,,,Australia/Perth,Walking,"{""calories"":47,""intensity"":30,""manual_distance"":0,""manual_calories"":0,""hr_average"":0,""hr_min"":0,""hr_max"":0,""hr_zone_0"":0,""hr_zone_1"":0,""hr_zone_2"":0,""hr_zone_3"":0,""pause_duration"":0,""steps"":889,""distance"":672,""elevation"":11,""metcumul"":11}",,2024-09-22T18:00:27+08:00
2024-09-17T17:06:00+08:00,2024-09-17T17:12:57+08:00,,,Australia/Perth,Walking,"{""calories"":28,""intensity"":30,""manual_distance"":0,""manual_calories"":0,""hr_average"":0,""hr_min"":0,""hr_max"":0,""hr_zone_0"":0,""hr_zone_1"":0,""hr_zone_2"":0,""hr_zone_3"":0,""pause_duration"":0,""steps"":740,""distance"":577,""elevation"":6,""metcumul"":6}",,2024-09-22T18:00:29+08:00
2024-09-29T17:54:31+08:00,2024-09-29T18:26:32+08:00,,,Australia/Perth,Walking,"{""calories"":129,""intensity"":30,""manual_distance"":0,""manual_calories"":0,""hr_average"":0,""hr_min"":0,""hr_max"":0,""hr_zone_0"":0,""hr_zone_1"":0,""hr_zone_2"":0,""hr_zone_3"":0,""pause_duration"":0,""steps"":3382,""distance"":2582,""elevation"":33,""metcumul"":33}",,2024-10-02T23:13:15+08:00
2024-09-30T06:58:20+08:00,2024-09-30T07:03:47+08:00,,,Australia/Perth,Walking,"{""calories"":22,""intensity"":30,""manual_distance"":0,""manual_calories"":0,""hr_average"":0,""hr_min"":0,""hr_max"":0,""hr_zone_0"":0,""hr_zone_1"":0,""hr_zone_2"":0,""hr_zone_3"":0,""pause_duration"":0,""steps"":650,""distance"":533,""elevation"":6,""metcumul"":6}",,2024-10-02T23:13:17+08:00
2024-10-06T11:30:05+08:00,2024-10-06T11:39:21+08:00,,,Australia/Perth,Walking,"{""calories"":37,""intensity"":30,""manual_distance"":0,""manual_calories"":0,""hr_average"":0,""hr_min"":0,""hr_max"":0,""hr_zone_0"":0,""hr_zone_1"":0,""hr_zone_2"":0,""hr_zone_3"":0,""pause_duration"":0,""steps"":791,""distance"":601,""elevation"":8,""metcumul"":8}",,2025-08-13T10:14:03+08:00
2024-10-06T18:46:17+08:00,2024-10-06T18:58:24+08:00,,,Australia/Perth,Walking,"{""calories"":49,""intensity"":30,""manual_distance"":0,""manual_calories"":0,""hr_average"":0,""hr_min"":0,""hr_max"":0,""hr_zone_0"":0,""hr_zone_1"":0,""hr_zone_2"":0,""hr_zone_3"":0,""pause_duration"":0,""steps"":1148,""distance"":890,""elevation"":13,""metcumul"":13}",,2025-08-13T10:14:04+08:00
2024-10-08T06:58:30+08:00,2024-10-08T07:06:10+08:00,,,Australia/Perth,Walking,"{""calories"":31,""intensity"":30,""manual_distance"":0,""manual_calories"":0,""hr_average"":0,""hr_min"":0,""hr_max"":0,""hr_zone_0"":0,""hr_zone_1"":0,""hr_zone_2"":0,""hr_zone_3"":0,""pause_duration"":0,""steps"":566,""distance"":420,""elevation"":6,""metcumul"":6}",,2025-08-13T10:14:06+08:00
2024-10-08T17:10:31+08:00,2024-10-08T17:14:52+08:00,,,Australia/Perth,Walking,"{""calories"":17,""intensity"":30,""manual_distance"":0,""manual_calories"":0,""hr_average"":0,""hr_min"":0,""hr_max"":0,""hr_zone_0"":0,""hr_zone_1"":0,""hr_zone_2"":0,""hr_zone_3"":0,""pause_duration"":0,""steps"":406,""distance"":292,""elevation"":4,""metcumul"":4}",,2025-08-13T10:14:08+08:00
2024-10-09T19:57:11+08:00,2024-10-09T20:02:24+08:00,,,Australia/Perth,Walking,"{""calories"":21,""intensity"":30,""manual_distance"":0,""manual_calories"":0,""hr_average"":0,""hr_min"":0,""hr_max"":0,""hr_zone_0"":0,""hr_zone_1"":0,""hr_zone_2"":0,""hr_zone_3"":0,""pause_duration"":0,""steps"":589,""distance"":461,""elevation"":6,""metcumul"":6}",,2025-08-13T10:14:10+08:00
2024-10-13T17:21:40+08:00,2024-10-13T17:56:47+08:00,,,Australia/Perth,Walking,"{""calories"":144,""intensity"":30,""manual_distance"":0,""manual_calories"":0,""hr_average"":0,""hr_min"":0,""hr_max"":0,""hr_zone_0"":0,""hr_zone_1"":0,""hr_zone_2"":0,""hr_zone_3"":0,""pause_duration"":0,""steps"":3717,""distance"":2983,""elevation"":39,""metcumul"":39}",,2024-10-25T17:42:33+08:00
2024-10-15T17:26:36+08:00,2024-10-15T17:33:13+08:00,,,Australia/Perth,Walking,"{""calories"":27,""intensity"":30,""manual_distance"":0,""manual_calories"":0,""hr_average"":0,""hr_min"":0,""hr_max"":0,""hr_zone_0"":0,""hr_zone_1"":0,""hr_zone_2"":0,""hr_zone_3"":0,""pause_duration"":0,""steps"":541,""distance"":396,""elevation"":7,""metcumul"":7}",,2024-10-25T17:42:35+08:00
2024-10-16T20:10:37+08:00,2024-10-16T20:14:10+08:00,,,Australia/Perth,Walking,"{""calories"":14,""intensity"":30,""manual_distance"":0,""manual_calories"":0,""hr_average"":0,""hr_min"":0,""hr_max"":0,""hr_zone_0"":0,""hr_zone_1"":0,""hr_zone_2"":0,""hr_zone_3"":0,""pause_duration"":0,""steps"":188,""distance"":131,""elevation"":4,""metcumul"":4}",,2024-10-25T17:42:37+08:00
2024-10-19T12:57:39+08:00,2024-10-19T13:02:23+08:00,,,Australia/Perth,Walking,"{""calories"":19,""intensity"":30,""manual_distance"":0,""manual_calories"":0,""hr_average"":0,""hr_min"":0,""hr_max"":0,""hr_zone_0"":0,""hr_zone_1"":0,""hr_zone_2"":0,""hr_zone_3"":0,""pause_duration"":0,""steps"":402,""distance"":303,""elevation"":5,""metcumul"":5}",,2024-10-25T17:42:38+08:00
2024-10-22T07:34:57+08:00,2024-10-22T07:45:44+08:00,,,Australia/Perth,Walking,"{""calories"":44,""intensity"":30,""manual_distance"":0,""manual_calories"":0,""hr_average"":0,""hr_min"":0,""hr_max"":0,""hr_zone_0"":0,""hr_zone_1"":0,""hr_zone_2"":0,""hr_zone_3"":0,""pause_duration"":0,""steps"":880,""distance"":690,""elevation"":13,""metcumul"":13}",,2024-10-25T17:42:40+08:00
2024-10-23T07:33:34+08:00,2024-10-23T07:43:32+08:00,,,Australia/Perth,Walking,"{""calories"":40,""intensity"":30,""manual_distance"":0,""manual_calories"":0,""hr_average"":0,""hr_min"":0,""hr_max"":0,""hr_zone_0"":0,""hr_zone_1"":0,""hr_zone_2"":0,""hr_zone_3"":0,""pause_duration"":0,""steps"":611,""distance"":469,""elevation"":8,""metcumul"":8}",,2024-10-25T17:42:42+08:00
2024-10-23T07:57:43+08:00,2024-10-23T08:04:49+08:00,,,Australia/Perth,Walking,"{""calories"":29,""intensity"":30,""manual_distance"":0,""manual_calories"":0,""hr_average"":0,""hr_min"":0,""hr_max"":0,""hr_zone_0"":0,""hr_zone_1"":0,""hr_zone_2"":0,""hr_zone_3"":0,""pause_duration"":0,""steps"":595,""distance"":447,""elevation"":8,""metcumul"":8}",,2024-10-25T17:42:44+08:00
2024-10-23T20:02:58+08:00,2024-10-23T20:11:41+08:00,,,Australia/Perth,Walking,"{""calories"":35,""intensity"":30,""manual_distance"":0,""manual_calories"":0,""hr_average"":0,""hr_min"":0,""hr_max"":0,""hr_zone_0"":0,""hr_zone_1"":0,""hr_zone_2"":0,""hr_zone_3"":0,""pause_duration"":0,""steps"":839,""distance"":612,""elevation"":10,""metcumul"":10}",,2024-10-25T17:42:46+08:00
2024-10-26T15:07:15+08:00,2024-10-26T15:17:13+08:00,,,Australia/Perth,Walking,"{""calories"":40,""intensity"":30,""manual_distance"":0,""manual_calories"":0,""hr_average"":0,""hr_min"":0,""hr_max"":0,""hr_zone_0"":0,""hr_zone_1"":0,""hr_zone_2"":0,""hr_zone_3"":0,""pause_duration"":0,""steps"":990,""distance"":756,""elevation"":10,""metcumul"":10}",,2024-10-28T11:50:55+08:00
2024-10-29T08:39:54+08:00,2024-10-29T08:44:48+08:00,,,Australia/Perth,Walking,"{""calories"":20,""intensity"":30,""manual_distance"":0,""manual_calories"":0,""hr_average"":0,""hr_min"":0,""hr_max"":0,""hr_zone_0"":0,""hr_zone_1"":0,""hr_zone_2"":0,""hr_zone_3"":0,""pause_duration"":0,""steps"":491,""distance"":396,""elevation"":5,""metcumul"":5}",,2024-10-30T10:07:41+08:00
2024-10-29T17:02:53+08:00,2024-10-29T17:10:44+08:00,,,Australia/Perth,Walking,"{""calories"":32,""intensity"":30,""manual_distance"":0,""manual_calories"":0,""hr_average"":0,""hr_min"":0,""hr_max"":0,""hr_zone_0"":0,""hr_zone_1"":0,""hr_zone_2"":0,""hr_zone_3"":0,""pause_duration"":0,""steps"":698,""distance"":509,""elevation"":8,""metcumul"":8}",,2024-10-30T10:07:42+08:00
2024-10-31T09:18:29+08:00,2024-10-31T09:45:02+08:00,,,Australia/Perth,Walking,"{""calories"":108,""intensity"":30,""manual_distance"":0,""manual_calories"":0,""hr_average"":0,""hr_min"":0,""hr_max"":0,""hr_zone_0"":0,""hr_zone_1"":0,""hr_zone_2"":0,""hr_zone_3"":0,""pause_duration"":0,""steps"":2603,""distance"":1890,""elevation"":28,""metcumul"":28}",,2024-11-21T21:38:36+08:00
2024-11-01T10:09:29+08:00,2024-11-01T10:29:46+08:00,,,Australia/Perth,Walking,"{""calories"":83,""intensity"":30,""manual_distance"":0,""manual_calories"":0,""hr_average"":0,""hr_min"":0,""hr_max"":0,""hr_zone_0"":0,""hr_zone_1"":0,""hr_zone_2"":0,""hr_zone_3"":0,""pause_duration"":0,""steps"":1884,""distance"":1424,""elevation"":22,""metcumul"":22}",,2024-11-21T21:38:38+08:00
2024-11-01T17:43:19+08:00,2024-11-01T18:04:58+08:00,,,Australia/Perth,Walking,"{""calories"":88,""intensity"":30,""manual_distance"":0,""manual_calories"":0,""hr_average"":0,""hr_min"":0,""hr_max"":0,""hr_zone_0"":0,""hr_zone_1"":0,""hr_zone_2"":0,""hr_zone_3"":0,""pause_duration"":0,""steps"":1851,""distance"":1314,""elevation"":20,""metcumul"":20}",,2024-11-21T21:38:41+08:00
2024-11-01T18:14:17+08:00,2024-11-01T18:48:44+08:00,,,Australia/Perth,Walking,"{""calories"":141,""intensity"":30,""manual_distance"":0,""manual_calories"":0,""hr_average"":0,""hr_min"":0,""hr_max"":0,""hr_zone_0"":0,""hr_zone_1"":0,""hr_zone_2"":0,""hr_zone_3"":0,""pause_duration"":0,""steps"":3665,""distance"":2742,""elevation"":32,""metcumul"":32}",,2024-11-21T21:38:43+08:00
2024-11-01T18:53:52+08:00,2024-11-01T18:57:29+08:00,,,Australia/Perth,Walking,"{""calories"":14,""intensity"":30,""manual_distance"":0,""manual_calories"":0,""hr_average"":0,""hr_min"":0,""hr_max"":0,""hr_zone_0"":0,""hr_zone_1"":0,""hr_zone_2"":0,""hr_zone_3"":0,""pause_duration"":0,""steps"":370,""distance"":269,""elevation"":3,""metcumul"":3}",,2024-11-21T21:38:45+08:00
2024-11-01T19:54:54+08:00,2024-11-01T20:06:57+08:00,,,Australia/Perth,Walking,"{""calories"":49,""intensity"":30,""manual_distance"":0,""manual_calories"":0,""hr_average"":0,""hr_min"":0,""hr_max"":0,""hr_zone_0"":0,""hr_zone_1"":0,""hr_zone_2"":0,""hr_zone_3"":0,""pause_duration"":0,""steps"":918,""distance"":685,""elevation"":12,""metcumul"":12}",,2024-11-21T21:38:46+08:00
2024-11-02T14:27:13+08:00,2024-11-02T14:36:37+08:00,,,Australia/Perth,Walking,"{""calories"":38,""intensity"":30,""manual_distance"":0,""manual_calories"":0,""hr_average"":0,""hr_min"":0,""hr_max"":0,""hr_zone_0"":0,""hr_zone_1"":0,""hr_zone_2"":0,""hr_zone_3"":0,""pause_duration"":0,""steps"":902,""distance"":701,""elevation"":12,""metcumul"":12}",,2024-11-21T21:38:49+08:00
2024-11-02T18:36:31+08:00,2024-11-02T18:53:58+08:00,,,Australia/Perth,Walking,"{""calories"":71,""intensity"":30,""manual_distance"":0,""manual_calories"":0,""hr_average"":0,""hr_min"":0,""hr_max"":0,""hr_zone_0"":0,""hr_zone_1"":0,""hr_zone_2"":0,""hr_zone_3"":0,""pause_duration"":0,""steps"":1597,""distance"":1163,""elevation"":22,""metcumul"":22}",,2024-11-21T21:38:51+08:00
2024-11-04T10:53:56+08:00,2024-11-04T11:00:00+08:00,,,Australia/Perth,Walking,"{""calories"":24,""intensity"":30,""manual_distance"":0,""manual_calories"":0,""hr_average"":0,""hr_min"":0,""hr_max"":0,""hr_zone_0"":0,""hr_zone_1"":0,""hr_zone_2"":0,""hr_zone_3"":0,""pause_duration"":0,""steps"":631,""distance"":460,""elevation"":6,""metcumul"":6}",,2024-11-21T21:38:53+08:00
2024-11-04T11:03:21+08:00,2024-11-04T11:07:16+08:00,,,Australia/Perth,Walking,"{""calories"":16,""intensity"":30,""manual_distance"":0,""manual_calories"":0,""hr_average"":0,""hr_min"":0,""hr_max"":0,""hr_zone_0"":0,""hr_zone_1"":0,""hr_zone_2"":0,""hr_zone_3"":0,""pause_duration"":0,""steps"":430,""distance"":328,""elevation"":5,""metcumul"":5}",,2024-11-21T21:38:54+08:00
2024-11-04T11:54:41+08:00,2024-11-04T12:08:24+08:00,,,Australia/Perth,Walking,"{""calories"":56,""intensity"":30,""manual_distance"":0,""manual_calories"":0,""hr_average"":0,""hr_min"":0,""hr_max"":0,""hr_zone_0"":0,""hr_zone_1"":0,""hr_zone_2"":0,""hr_zone_3"":0,""pause_duration"":0,""steps"":1328,""distance"":999,""elevation"":12,""metcumul"":12}",,2024-11-21T21:38:57+08:00
2024-11-04T17:48:09+08:00,2024-11-04T18:15:58+08:00,,,Australia/Perth,Walking,"{""calories"":114,""intensity"":30,""manual_distance"":0,""manual_calories"":0,""hr_average"":0,""hr_min"":0,""hr_max"":0,""hr_zone_0"":0,""hr_zone_1"":0,""hr_zone_2"":0,""hr_zone_3"":0,""pause_duration"":0,""steps"":2839,""distance"":2187,""elevation"":29,""metcumul"":29}",,2024-11-21T21:38:59+08:00
2024-11-05T20:48:58+08:00,2024-11-05T21:04:15+08:00,,,Australia/Perth,Walking,"{""calories"":62,""intensity"":30,""manual_distance"":0,""manual_calories"":0,""hr_average"":0,""hr_min"":0,""hr_max"":0,""hr_zone_0"":0,""hr_zone_1"":0,""hr_zone_2"":0,""hr_zone_3"":0,""pause_duration"":0,""steps"":1599,""distance"":1172,""elevation"":16,""metcumul"":16}",,2024-12-02T19:11:41+08:00
2024-11-06T17:12:45+08:00,2024-11-06T17:20:42+08:00,,,Australia/Perth,Walking,"{""calories"":32,""intensity"":30,""manual_distance"":0,""manual_calories"":0,""hr_average"":0,""hr_min"":0,""hr_max"":0,""hr_zone_0"":0,""hr_zone_1"":0,""hr_zone_2"":0,""hr_zone_3"":0,""pause_duration"":0,""steps"":749,""distance"":594,""elevation"":9,""metcumul"":9}",,2024-12-02T19:11:44+08:00
2024-11-12T07:53:16+08:00,2024-11-12T07:59:04+08:00,,,Australia/Perth,Walking,"{""calories"":23,""intensity"":30,""manual_distance"":0,""manual_calories"":0,""hr_average"":0,""hr_min"":0,""hr_max"":0,""hr_zone_0"":0,""hr_zone_1"":0,""hr_zone_2"":0,""hr_zone_3"":0,""pause_duration"":0,""steps"":570,""distance"":449,""elevation"":6,""metcumul"":6}",,2024-12-02T19:11:46+08:00
2024-11-12T16:48:51+08:00,2024-11-12T16:57:53+08:00,,,Australia/Perth,Walking,"{""calories"":36,""intensity"":30,""manual_distance"":0,""manual_calories"":0,""hr_average"":0,""hr_min"":0,""hr_max"":0,""hr_zone_0"":0,""hr_zone_1"":0,""hr_zone_2"":0,""hr_zone_3"":0,""pause_duration"":0,""steps"":815,""distance"":621,""elevation"":9,""metcumul"":9}",,2024-12-02T19:11:48+08:00
2024-11-13T20:31:16+08:00,2024-11-13T20:36:51+08:00,,,Australia/Perth,Walking,"{""calories"":22,""intensity"":30,""manual_distance"":0,""manual_calories"":0,""hr_average"":0,""hr_min"":0,""hr_max"":0,""hr_zone_0"":0,""hr_zone_1"":0,""hr_zone_2"":0,""hr_zone_3"":0,""pause_duration"":0,""steps"":481,""distance"":356,""elevation"":6,""metcumul"":6}",,2024-12-02T19:11:50+08:00
2024-11-15T08:48:12+08:00,2024-11-15T08:58:08+08:00,,,Australia/Perth,Walking,"{""calories"":40,""intensity"":30,""manual_distance"":0,""manual_calories"":0,""hr_average"":0,""hr_min"":0,""hr_max"":0,""hr_zone_0"":0,""hr_zone_1"":0,""hr_zone_2"":0,""hr_zone_3"":0,""pause_duration"":0,""steps"":852,""distance"":648,""elevation"":13,""metcumul"":13}",,2024-12-02T19:11:52+08:00
2024-11-15T14:34:59+08:00,2024-11-15T14:41:59+08:00,,,Australia/Perth,Walking,"{""calories"":28,""intensity"":30,""manual_distance"":0,""manual_calories"":0,""hr_average"":0,""hr_min"":0,""hr_max"":0,""hr_zone_0"":0,""hr_zone_1"":0,""hr_zone_2"":0,""hr_zone_3"":0,""pause_duration"":0,""steps"":718,""distance"":577,""elevation"":7,""metcumul"":7}",,2024-12-02T19:11:54+08:00
2024-11-20T07:50:57+08:00,2024-11-20T07:55:58+08:00,,,Australia/Perth,Walking,"{""calories"":20,""intensity"":30,""manual_distance"":0,""manual_calories"":0,""hr_average"":0,""hr_min"":0,""hr_max"":0,""hr_zone_0"":0,""hr_zone_1"":0,""hr_zone_2"":0,""hr_zone_3"":0,""pause_duration"":0,""steps"":457,""distance"":359,""elevation"":5,""metcumul"":5}",,2024-12-02T19:11:56+08:00
2024-11-20T19:52:05+08:00,2024-11-20T20:03:31+08:00,,,Australia/Perth,Walking,"{""calories"":46,""intensity"":30,""manual_distance"":0,""manual_calories"":0,""hr_average"":0,""hr_min"":0,""hr_max"":0,""hr_zone_0"":0,""hr_zone_1"":0,""hr_zone_2"":0,""hr_zone_3"":0,""pause_duration"":0,""steps"":864,""distance"":675,""elevation"":12,""metcumul"":12}",,2024-12-02T19:11:58+08:00
2024-11-23T17:48:23+08:00,2024-11-23T17:54:01+08:00,,,Australia/Perth,Walking,"{""calories"":22,""intensity"":30,""manual_distance"":0,""manual_calories"":0,""hr_average"":0,""hr_min"":0,""hr_max"":0,""hr_zone_0"":0,""hr_zone_1"":0,""hr_zone_2"":0,""hr_zone_3"":0,""pause_duration"":0,""steps"":498,""distance"":349,""elevation"":5,""metcumul"":5}",,2024-12-02T19:12:00+08:00
2024-11-23T18:02:54+08:00,2024-11-23T18:17:43+08:00,,,Australia/Perth,Walking,"{""calories"":60,""intensity"":30,""manual_distance"":0,""manual_calories"":0,""hr_average"":0,""hr_min"":0,""hr_max"":0,""hr_zone_0"":0,""hr_zone_1"":0,""hr_zone_2"":0,""hr_zone_3"":0,""pause_duration"":0,""steps"":1298,""distance"":911,""elevation"":17,""metcumul"":17}",,2024-12-02T19:12:03+08:00
2024-11-25T08:11:43+08:00,2024-11-25T08:21:12+08:00,,,Australia/Perth,Walking,"{""calories"":38,""intensity"":30,""manual_distance"":0,""manual_calories"":0,""hr_average"":0,""hr_min"":0,""hr_max"":0,""hr_zone_0"":0,""hr_zone_1"":0,""hr_zone_2"":0,""hr_zone_3"":0,""pause_duration"":0,""steps"":854,""distance"":658,""elevation"":9,""metcumul"":9}",,2024-12-02T19:12:08+08:00
2024-11-27T17:19:52+08:00,2024-11-27T17:26:19+08:00,,,Australia/Perth,Walking,"{""calories"":26,""intensity"":30,""manual_distance"":0,""manual_calories"":0,""hr_average"":0,""hr_min"":0,""hr_max"":0,""hr_zone_0"":0,""hr_zone_1"":0,""hr_zone_2"":0,""hr_zone_3"":0,""pause_duration"":0,""steps"":557,""distance"":423,""elevation"":8,""metcumul"":8}",,2024-12-02T19:12:39+08:00
2024-11-23T19:43:35+08:00,2024-11-23T20:06:53+08:00,,,Australia/Perth,Walking,"{""calories"":95,""intensity"":30,""manual_distance"":0,""manual_calories"":0,""hr_average"":0,""hr_min"":0,""hr_max"":0,""hr_zone_0"":0,""hr_zone_1"":0,""hr_zone_2"":0,""hr_zone_3"":0,""pause_duration"":0,""steps"":2174,""distance"":1554,""elevation"":23,""metcumul"":23}",,2024-12-21T17:49:23+08:00
2024-11-26T16:54:29+08:00,2024-11-26T17:02:26+08:00,,,Australia/Perth,Walking,"{""calories"":32,""intensity"":30,""manual_distance"":0,""manual_calories"":0,""hr_average"":0,""hr_min"":0,""hr_max"":0,""hr_zone_0"":0,""hr_zone_1"":0,""hr_zone_2"":0,""hr_zone_3"":0,""pause_duration"":0,""steps"":567,""distance"":423,""elevation"":6,""metcumul"":6}",,2024-12-21T17:49:25+08:00
2024-11-30T12:54:48+08:00,2024-11-30T12:59:14+08:00,,,Australia/Perth,Walking,"{""calories"":17,""intensity"":30,""manual_distance"":0,""manual_calories"":0,""hr_average"":0,""hr_min"":0,""hr_max"":0,""hr_zone_0"":0,""hr_zone_1"":0,""hr_zone_2"":0,""hr_zone_3"":0,""pause_duration"":0,""steps"":367,""distance"":272,""elevation"":6,""metcumul"":6}",,2024-12-21T17:49:29+08:00
2024-12-05T08:24:11+08:00,2024-12-05T08:33:56+08:00,,,Australia/Perth,Walking,"{""calories"":39,""intensity"":30,""manual_distance"":0,""manual_calories"":0,""hr_average"":0,""hr_min"":0,""hr_max"":0,""hr_zone_0"":0,""hr_zone_1"":0,""hr_zone_2"":0,""hr_zone_3"":0,""pause_duration"":0,""steps"":1072,""distance"":855,""elevation"":12,""metcumul"":12}",,2024-12-21T17:49:31+08:00
2024-12-05T22:40:37+08:00,2024-12-05T22:45:30+08:00,,,Australia/Perth,Walking,"{""calories"":19,""intensity"":30,""manual_distance"":0,""manual_calories"":0,""hr_average"":0,""hr_min"":0,""hr_max"":0,""hr_zone_0"":0,""hr_zone_1"":0,""hr_zone_2"":0,""hr_zone_3"":0,""pause_duration"":0,""steps"":572,""distance"":462,""elevation"":5,""metcumul"":5}",,2024-12-21T17:49:33+08:00
2024-12-06T08:10:40+08:00,2024-12-06T08:44:15+08:00,,,Australia/Perth,Walking,"{""calories"":137,""intensity"":30,""manual_distance"":0,""manual_calories"":0,""hr_average"":0,""hr_min"":0,""hr_max"":0,""hr_zone_0"":0,""hr_zone_1"":0,""hr_zone_2"":0,""hr_zone_3"":0,""pause_duration"":0,""steps"":3597,""distance"":2758,""elevation"":33,""metcumul"":33}",,2024-12-21T17:49:35+08:00
2024-12-06T13:16:28+08:00,2024-12-06T13:27:23+08:00,,,Australia/Perth,Walking,"{""calories"":44,""intensity"":30,""manual_distance"":0,""manual_calories"":0,""hr_average"":0,""hr_min"":0,""hr_max"":0,""hr_zone_0"":0,""hr_zone_1"":0,""hr_zone_2"":0,""hr_zone_3"":0,""pause_duration"":0,""steps"":1040,""distance"":834,""elevation"":9,""metcumul"":9}",,2024-12-21T17:49:37+08:00
2024-12-10T07:53:27+08:00,2024-12-10T07:56:52+08:00,,,Australia/Perth,Walking,"{""calories"":13,""intensity"":30,""manual_distance"":0,""manual_calories"":0,""hr_average"":0,""hr_min"":0,""hr_max"":0,""hr_zone_0"":0,""hr_zone_1"":0,""hr_zone_2"":0,""hr_zone_3"":0,""pause_duration"":0,""steps"":332,""distance"":262,""elevation"":4,""metcumul"":4}",,2024-12-21T17:49:39+08:00
2024-12-14T12:49:47+08:00,2024-12-14T13:00:37+08:00,,,Australia/Perth,Walking,"{""calories"":44,""intensity"":30,""manual_distance"":0,""manual_calories"":0,""hr_average"":0,""hr_min"":0,""hr_max"":0,""hr_zone_0"":0,""hr_zone_1"":0,""hr_zone_2"":0,""hr_zone_3"":0,""pause_duration"":0,""steps"":803,""distance"":627,""elevation"":11,""metcumul"":11}",,2024-12-21T17:49:43+08:00
2024-12-14T21:31:35+08:00,2024-12-14T21:37:46+08:00,,,Australia/Perth,Walking,"{""calories"":25,""intensity"":30,""manual_distance"":0,""manual_calories"":0,""hr_average"":0,""hr_min"":0,""hr_max"":0,""hr_zone_0"":0,""hr_zone_1"":0,""hr_zone_2"":0,""hr_zone_3"":0,""pause_duration"":0,""steps"":607,""distance"":429,""elevation"":8,""metcumul"":8}",,2024-12-21T17:49:46+08:00
2024-12-16T17:37:42+08:00,2024-12-16T17:48:18+08:00,,,Australia/Perth,Walking,"{""calories"":43,""intensity"":30,""manual_distance"":0,""manual_calories"":0,""hr_average"":0,""hr_min"":0,""hr_max"":0,""hr_zone_0"":0,""hr_zone_1"":0,""hr_zone_2"":0,""hr_zone_3"":0,""pause_duration"":0,""steps"":842,""distance"":640,""elevation"":12,""metcumul"":12}",,2024-12-21T17:49:50+08:00
2024-12-17T17:00:40+08:00,2024-12-17T17:08:01+08:00,,,Australia/Perth,Walking,"{""calories"":30,""intensity"":30,""manual_distance"":0,""manual_calories"":0,""hr_average"":0,""hr_min"":0,""hr_max"":0,""hr_zone_0"":0,""hr_zone_1"":0,""hr_zone_2"":0,""hr_zone_3"":0,""pause_duration"":0,""steps"":762,""distance"":587,""elevation"":8,""metcumul"":8}",,2024-12-21T17:49:54+08:00
2024-12-19T07:59:44+08:00,2024-12-19T08:04:40+08:00,,,Australia/Perth,Walking,"{""calories"":20,""intensity"":30,""manual_distance"":0,""manual_calories"":0,""hr_average"":0,""hr_min"":0,""hr_max"":0,""hr_zone_0"":0,""hr_zone_1"":0,""hr_zone_2"":0,""hr_zone_3"":0,""pause_duration"":0,""steps"":546,""distance"":427,""elevation"":6,""metcumul"":6}",,2024-12-21T17:49:58+08:00
2024-12-20T15:00:34+08:00,2024-12-20T15:08:29+08:00,,,Australia/Perth,Walking,"{""calories"":32,""intensity"":30,""manual_distance"":0,""manual_calories"":0,""hr_average"":0,""hr_min"":0,""hr_max"":0,""hr_zone_0"":0,""hr_zone_1"":0,""hr_zone_2"":0,""hr_zone_3"":0,""pause_duration"":0,""steps"":841,""distance"":660,""elevation"":8,""metcumul"":8}",,2024-12-21T17:50:02+08:00
2024-12-21T21:07:06+08:00,2024-12-21T21:20:06+08:00,,,Australia/Perth,Walking,"{""calories"":53,""intensity"":30,""manual_distance"":0,""manual_calories"":0,""hr_average"":0,""hr_min"":0,""hr_max"":0,""hr_zone_0"":0,""hr_zone_1"":0,""hr_zone_2"":0,""hr_zone_3"":0,""pause_duration"":0,""steps"":1095,""distance"":827,""elevation"":11,""metcumul"":11}",,2025-01-04T17:40:00+08:00
2024-12-24T07:35:44+08:00,2024-12-24T07:43:43+08:00,,,Australia/Perth,Walking,"{""calories"":32,""intensity"":30,""manual_distance"":0,""manual_calories"":0,""hr_average"":0,""hr_min"":0,""hr_max"":0,""hr_zone_0"":0,""hr_zone_1"":0,""hr_zone_2"":0,""hr_zone_3"":0,""pause_duration"":0,""steps"":627,""distance"":474,""elevation"":7,""metcumul"":7}",,2025-01-04T17:40:02+08:00
2024-12-28T14:45:23+08:00,2024-12-28T14:56:30+08:00,,,Australia/Perth,Walking,"{""calories"":45,""intensity"":30,""manual_distance"":0,""manual_calories"":0,""hr_average"":0,""hr_min"":0,""hr_max"":0,""hr_zone_0"":0,""hr_zone_1"":0,""hr_zone_2"":0,""hr_zone_3"":0,""pause_duration"":0,""steps"":973,""distance"":734,""elevation"":10,""metcumul"":10}",,2025-01-04T17:40:04+08:00
2024-12-29T19:51:18+08:00,2024-12-29T20:40:07+08:00,,,Australia/Perth,Walking,"{""calories"":200,""intensity"":30,""manual_distance"":0,""manual_calories"":0,""hr_average"":0,""hr_min"":0,""hr_max"":0,""hr_zone_0"":0,""hr_zone_1"":0,""hr_zone_2"":0,""hr_zone_3"":0,""pause_duration"":0,""steps"":4467,""distance"":3317,""elevation"":61,""metcumul"":61}",,2025-01-04T17:40:06+08:00
2025-01-01T17:18:25+08:00,2025-01-01T17:24:11+08:00,,,Australia/Perth,Walking,"{""calories"":23,""intensity"":30,""manual_distance"":0,""manual_calories"":0,""hr_average"":0,""hr_min"":0,""hr_max"":0,""hr_zone_0"":0,""hr_zone_1"":0,""hr_zone_2"":0,""hr_zone_3"":0,""pause_duration"":0,""steps"":627,""distance"":475,""elevation"":6,""metcumul"":6}",,2025-01-04T17:40:07+08:00
2025-01-02T14:17:40+08:00,2025-01-02T14:21:36+08:00,,,Australia/Perth,Walking,"{""calories"":16,""intensity"":30,""manual_distance"":0,""manual_calories"":0,""hr_average"":0,""hr_min"":0,""hr_max"":0,""hr_zone_0"":0,""hr_zone_1"":0,""hr_zone_2"":0,""hr_zone_3"":0,""pause_duration"":0,""steps"":341,""distance"":239,""elevation"":3,""metcumul"":3}",,2025-01-04T17:40:10+08:00
2025-01-05T20:31:49+08:00,2025-01-05T20:43:31+08:00,,,Australia/Perth,Walking,"{""calories"":47,""intensity"":30,""manual_distance"":0,""manual_calories"":0,""hr_average"":0,""hr_min"":0,""hr_max"":0,""hr_zone_0"":0,""hr_zone_1"":0,""hr_zone_2"":0,""hr_zone_3"":0,""pause_duration"":0,""steps"":756,""distance"":583,""elevation"":9,""metcumul"":9}",,2025-01-06T07:54:30+08:00
2025-01-15T21:37:15+08:00,2025-01-15T22:21:03+08:00,,,Australia/Perth,Walking,"{""calories"":179,""intensity"":30,""manual_distance"":0,""manual_calories"":0,""hr_average"":0,""hr_min"":0,""hr_max"":0,""hr_zone_0"":0,""hr_zone_1"":0,""hr_zone_2"":0,""hr_zone_3"":0,""pause_duration"":0,""steps"":4396,""distance"":3196,""elevation"":48,""metcumul"":48}",,2025-01-17T11:42:09+08:00
2025-01-16T08:09:00+08:00,2025-01-16T08:16:35+08:00,,,Australia/Perth,Walking,"{""calories"":31,""intensity"":30,""manual_distance"":0,""manual_calories"":0,""hr_average"":0,""hr_min"":0,""hr_max"":0,""hr_zone_0"":0,""hr_zone_1"":0,""hr_zone_2"":0,""hr_zone_3"":0,""pause_duration"":0,""steps"":474,""distance"":355,""elevation"":9,""metcumul"":9}",,2025-01-17T11:42:11+08:00
2025-01-18T11:13:44+08:00,2025-01-18T11:22:44+08:00,,,Australia/Perth,Walking,"{""calories"":36,""intensity"":30,""manual_distance"":0,""manual_calories"":0,""hr_average"":0,""hr_min"":0,""hr_max"":0,""hr_zone_0"":0,""hr_zone_1"":0,""hr_zone_2"":0,""hr_zone_3"":0,""pause_duration"":0,""steps"":721,""distance"":506,""elevation"":9,""metcumul"":9}",,2025-01-25T14:44:19+08:00
2025-01-19T17:24:17+08:00,2025-01-19T17:33:10+08:00,,,Australia/Perth,Walking,"{""calories"":36,""intensity"":30,""manual_distance"":0,""manual_calories"":0,""hr_average"":0,""hr_min"":0,""hr_max"":0,""hr_zone_0"":0,""hr_zone_1"":0,""hr_zone_2"":0,""hr_zone_3"":0,""pause_duration"":0,""steps"":613,""distance"":430,""elevation"":10,""metcumul"":10}",,2025-01-25T14:44:21+08:00
2025-01-21T16:44:14+08:00,2025-01-21T16:49:01+08:00,,,Australia/Perth,Walking,"{""calories"":19,""intensity"":30,""manual_distance"":0,""manual_calories"":0,""hr_average"":0,""hr_min"":0,""hr_max"":0,""hr_zone_0"":0,""hr_zone_1"":0,""hr_zone_2"":0,""hr_zone_3"":0,""pause_duration"":0,""steps"":347,""distance"":256,""elevation"":5,""metcumul"":5}",,2025-01-25T14:44:23+08:00
2025-01-28T17:02:42+08:00,2025-01-28T17:12:40+08:00,,,Australia/Perth,Walking,"{""calories"":40,""intensity"":30,""manual_distance"":0,""manual_calories"":0,""hr_average"":0,""hr_min"":0,""hr_max"":0,""hr_zone_0"":0,""hr_zone_1"":0,""hr_zone_2"":0,""hr_zone_3"":0,""pause_duration"":0,""steps"":899,""distance"":697,""elevation"":12,""metcumul"":12}",,2025-01-29T08:21:04+08:00
2025-02-01T23:33:40+08:00,2025-02-01T23:46:13+08:00,,,Australia/Perth,Walking,"{""calories"":51,""intensity"":30,""manual_distance"":0,""manual_calories"":0,""hr_average"":0,""hr_min"":0,""hr_max"":0,""hr_zone_0"":0,""hr_zone_1"":0,""hr_zone_2"":0,""hr_zone_3"":0,""pause_duration"":0,""steps"":964,""distance"":680,""elevation"":13,""metcumul"":13}",,2025-02-14T14:30:38+08:00
2025-02-04T07:41:30+08:00,2025-02-04T07:50:11+08:00,,,Australia/Perth,Walking,"{""calories"":35,""intensity"":30,""manual_distance"":0,""manual_calories"":0,""hr_average"":0,""hr_min"":0,""hr_max"":0,""hr_zone_0"":0,""hr_zone_1"":0,""hr_zone_2"":0,""hr_zone_3"":0,""pause_duration"":0,""steps"":723,""distance"":552,""elevation"":6,""metcumul"":6}",,2025-02-14T14:30:41+08:00
2025-02-06T08:47:09+08:00,2025-02-06T08:54:09+08:00,,,Australia/Perth,Walking,"{""calories"":28,""intensity"":30,""manual_distance"":0,""manual_calories"":0,""hr_average"":0,""hr_min"":0,""hr_max"":0,""hr_zone_0"":0,""hr_zone_1"":0,""hr_zone_2"":0,""hr_zone_3"":0,""pause_duration"":0,""steps"":702,""distance"":560,""elevation"":8,""metcumul"":8}",,2025-02-14T14:30:43+08:00
2025-02-07T08:34:56+08:00,2025-02-07T08:37:54+08:00,,,Australia/Perth,Walking,"{""calories"":12,""intensity"":30,""manual_distance"":0,""manual_calories"":0,""hr_average"":0,""hr_min"":0,""hr_max"":0,""hr_zone_0"":0,""hr_zone_1"":0,""hr_zone_2"":0,""hr_zone_3"":0,""pause_duration"":0,""steps"":247,""distance"":192,""elevation"":4,""metcumul"":4}",,2025-02-14T14:30:45+08:00
2025-02-07T16:50:22+08:00,2025-02-07T16:57:37+08:00,,,Australia/Perth,Walking,"{""calories"":29,""intensity"":30,""manual_distance"":0,""manual_calories"":0,""hr_average"":0,""hr_min"":0,""hr_max"":0,""hr_zone_0"":0,""hr_zone_1"":0,""hr_zone_2"":0,""hr_zone_3"":0,""pause_duration"":0,""steps"":598,""distance"":449,""elevation"":7,""metcumul"":7}",,2025-02-14T14:30:47+08:00
2025-03-06T07:43:35+08:00,2025-03-06T07:46:59+08:00,,,Australia/Perth,Walking,"{""calories"":13,""intensity"":30,""manual_distance"":0,""manual_calories"":0,""hr_average"":0,""hr_min"":0,""hr_max"":0,""hr_zone_0"":0,""hr_zone_1"":0,""hr_zone_2"":0,""hr_zone_3"":0,""pause_duration"":0,""steps"":392,""distance"":312,""elevation"":4,""metcumul"":4}",,2025-03-06T22:24:29+08:00
2025-03-06T17:13:08+08:00,2025-03-06T17:24:35+08:00,,,Australia/Perth,Walking,"{""calories"":46,""intensity"":30,""manual_distance"":0,""manual_calories"":0,""hr_average"":0,""hr_min"":0,""hr_max"":0,""hr_zone_0"":0,""hr_zone_1"":0,""hr_zone_2"":0,""hr_zone_3"":0,""pause_duration"":0,""steps"":836,""distance"":637,""elevation"":12,""metcumul"":12}",,2025-03-06T22:24:31+08:00
2025-03-09T09:33:37+08:00,2025-03-09T09:45:49+08:00,,,Australia/Perth,Walking,"{""calories"":49,""intensity"":30,""manual_distance"":0,""manual_calories"":0,""hr_average"":0,""hr_min"":0,""hr_max"":0,""hr_zone_0"":0,""hr_zone_1"":0,""hr_zone_2"":0,""hr_zone_3"":0,""pause_duration"":0,""steps"":1300,""distance"":968,""elevation"":13,""metcumul"":13}",,2025-03-10T22:22:09+08:00
2025-03-10T17:41:41+08:00,2025-03-10T17:46:38+08:00,,,Australia/Perth,Walking,"{""calories"":20,""intensity"":30,""manual_distance"":0,""manual_calories"":0,""hr_average"":0,""hr_min"":0,""hr_max"":0,""hr_zone_0"":0,""hr_zone_1"":0,""hr_zone_2"":0,""hr_zone_3"":0,""pause_duration"":0,""steps"":326,""distance"":250,""elevation"":5,""metcumul"":5}",,2025-03-10T22:22:11+08:00
2025-03-12T20:58:52+08:00,2025-03-12T21:47:44+08:00,,,Australia/Perth,Walking,"{""calories"":200,""intensity"":30,""manual_distance"":0,""manual_calories"":0,""hr_average"":0,""hr_min"":0,""hr_max"":0,""hr_zone_0"":0,""hr_zone_1"":0,""hr_zone_2"":0,""hr_zone_3"":0,""pause_duration"":0,""steps"":5077,""distance"":3711,""elevation"":57,""metcumul"":57}",,2025-03-13T20:12:28+08:00
2025-03-16T13:24:25+08:00,2025-03-16T13:30:07+08:00,,,Australia/Perth,Walking,"{""calories"":23,""intensity"":30,""manual_distance"":0,""manual_calories"":0,""hr_average"":0,""hr_min"":0,""hr_max"":0,""hr_zone_0"":0,""hr_zone_1"":0,""hr_zone_2"":0,""hr_zone_3"":0,""pause_duration"":0,""steps"":479,""distance"":371,""elevation"":5,""metcumul"":5}",,2025-03-16T22:26:07+08:00
2025-03-16T13:49:24+08:00,2025-03-16T13:56:26+08:00,,,Australia/Perth,Walking,"{""calories"":28,""intensity"":30,""manual_distance"":0,""manual_calories"":0,""hr_average"":0,""hr_min"":0,""hr_max"":0,""hr_zone_0"":0,""hr_zone_1"":0,""hr_zone_2"":0,""hr_zone_3"":0,""pause_duration"":0,""steps"":677,""distance"":515,""elevation"":8,""metcumul"":8}",,2025-03-16T22:26:09+08:00
2025-03-16T16:01:28+08:00,2025-03-16T16:13:12+08:00,,,Australia/Perth,Walking,"{""calories"":48,""intensity"":30,""manual_distance"":0,""manual_calories"":0,""hr_average"":0,""hr_min"":0,""hr_max"":0,""hr_zone_0"":0,""hr_zone_1"":0,""hr_zone_2"":0,""hr_zone_3"":0,""pause_duration"":0,""steps"":896,""distance"":700,""elevation"":10,""metcumul"":10}",,2025-03-16T22:26:11+08:00
2025-03-17T17:16:58+08:00,2025-03-17T17:26:26+08:00,,,Australia/Perth,Walking,"{""calories"":38,""intensity"":30,""manual_distance"":0,""manual_calories"":0,""hr_average"":0,""hr_min"":0,""hr_max"":0,""hr_zone_0"":0,""hr_zone_1"":0,""hr_zone_2"":0,""hr_zone_3"":0,""pause_duration"":0,""steps"":799,""distance"":608,""elevation"":8,""metcumul"":8}",,2025-03-20T08:22:07+08:00
2025-03-18T17:02:43+08:00,2025-03-18T17:12:23+08:00,,,Australia/Perth,Walking,"{""calories"":39,""intensity"":30,""manual_distance"":0,""manual_calories"":0,""hr_average"":0,""hr_min"":0,""hr_max"":0,""hr_zone_0"":0,""hr_zone_1"":0,""hr_zone_2"":0,""hr_zone_3"":0,""pause_duration"":0,""steps"":846,""distance"":628,""elevation"":8,""metcumul"":8}",,2025-03-20T08:22:09+08:00
2025-03-19T21:27:12+08:00,2025-03-19T21:35:50+08:00,,,Australia/Perth,Walking,"{""calories"":35,""intensity"":30,""manual_distance"":0,""manual_calories"":0,""hr_average"":0,""hr_min"":0,""hr_max"":0,""hr_zone_0"":0,""hr_zone_1"":0,""hr_zone_2"":0,""hr_zone_3"":0,""pause_duration"":0,""steps"":829,""distance"":614,""elevation"":8,""metcumul"":8}",,2025-03-20T08:22:11+08:00
2025-03-22T20:34:48+08:00,2025-03-22T20:55:30+08:00,,,Australia/Perth,Walking,"{""calories"":84,""intensity"":30,""manual_distance"":0,""manual_calories"":0,""hr_average"":0,""hr_min"":0,""hr_max"":0,""hr_zone_0"":0,""hr_zone_1"":0,""hr_zone_2"":0,""hr_zone_3"":0,""pause_duration"":0,""steps"":2121,""distance"":1551,""elevation"":17,""metcumul"":17}",,2025-03-23T09:48:31+08:00
2025-03-24T08:54:01+08:00,2025-03-24T09:03:32+08:00,,,Australia/Perth,Walking,"{""calories"":38,""intensity"":30,""manual_distance"":0,""manual_calories"":0,""hr_average"":0,""hr_min"":0,""hr_max"":0,""hr_zone_0"":0,""hr_zone_1"":0,""hr_zone_2"":0,""hr_zone_3"":0,""pause_duration"":0,""steps"":794,""distance"":614,""elevation"":10,""metcumul"":10}",,2025-03-25T09:31:36+08:00
2025-03-25T07:48:31+08:00,2025-03-25T07:54:29+08:00,,,Australia/Perth,Walking,"{""calories"":24,""intensity"":30,""manual_distance"":0,""manual_calories"":0,""hr_average"":0,""hr_min"":0,""hr_max"":0,""hr_zone_0"":0,""hr_zone_1"":0,""hr_zone_2"":0,""hr_zone_3"":0,""pause_duration"":0,""steps"":518,""distance"":398,""elevation"":6,""metcumul"":6}",,2025-03-25T09:31:38+08:00
2025-03-25T08:10:48+08:00,2025-03-25T08:15:04+08:00,,,Australia/Perth,Walking,"{""calories"":17,""intensity"":30,""manual_distance"":0,""manual_calories"":0,""hr_average"":0,""hr_min"":0,""hr_max"":0,""hr_zone_0"":0,""hr_zone_1"":0,""hr_zone_2"":0,""hr_zone_3"":0,""pause_duration"":0,""steps"":442,""distance"":354,""elevation"":5,""metcumul"":5}",,2025-03-25T09:31:40+08:00
2025-03-27T08:08:27+08:00,2025-03-27T08:14:59+08:00,,,Australia/Perth,Walking,"{""calories"":26,""intensity"":30,""manual_distance"":0,""manual_calories"":0,""hr_average"":0,""hr_min"":0,""hr_max"":0,""hr_zone_0"":0,""hr_zone_1"":0,""hr_zone_2"":0,""hr_zone_3"":0,""pause_duration"":0,""steps"":517,""distance"":390,""elevation"":7,""metcumul"":7}",,2025-03-27T20:41:19+08:00
2025-03-27T11:08:09+08:00,2025-03-27T11:12:03+08:00,,,Australia/Perth,Walking,"{""calories"":15,""intensity"":30,""manual_distance"":0,""manual_calories"":0,""hr_average"":0,""hr_min"":0,""hr_max"":0,""hr_zone_0"":0,""hr_zone_1"":0,""hr_zone_2"":0,""hr_zone_3"":0,""pause_duration"":0,""steps"":296,""distance"":222,""elevation"":4,""metcumul"":4}",,2025-03-27T20:41:21+08:00
2025-03-27T16:25:25+08:00,2025-03-27T16:35:38+08:00,,,Australia/Perth,Walking,"{""calories"":41,""intensity"":30,""manual_distance"":0,""manual_calories"":0,""hr_average"":0,""hr_min"":0,""hr_max"":0,""hr_zone_0"":0,""hr_zone_1"":0,""hr_zone_2"":0,""hr_zone_3"":0,""pause_duration"":0,""steps"":656,""distance"":499,""elevation"":9,""metcumul"":9}",,2025-03-27T20:41:22+08:00
2025-03-31T08:35:50+08:00,2025-03-31T08:46:17+08:00,,,Australia/Perth,Walking,"{""calories"":42,""intensity"":30,""manual_distance"":0,""manual_calories"":0,""hr_average"":0,""hr_min"":0,""hr_max"":0,""hr_zone_0"":0,""hr_zone_1"":0,""hr_zone_2"":0,""hr_zone_3"":0,""pause_duration"":0,""steps"":802,""distance"":606,""elevation"":9,""metcumul"":9}",,2025-04-01T09:30:06+08:00
2025-03-31T17:04:06+08:00,2025-03-31T17:14:06+08:00,,,Australia/Perth,Walking,"{""calories"":40,""intensity"":30,""manual_distance"":0,""manual_calories"":0,""hr_average"":0,""hr_min"":0,""hr_max"":0,""hr_zone_0"":0,""hr_zone_1"":0,""hr_zone_2"":0,""hr_zone_3"":0,""pause_duration"":0,""steps"":886,""distance"":674,""elevation"":8,""metcumul"":8}",,2025-04-01T09:30:08+08:00
2025-03-31T22:09:21+08:00,2025-03-31T22:51:38+08:00,,,Australia/Perth,Walking,"{""calories"":171,""intensity"":30,""manual_distance"":0,""manual_calories"":0,""hr_average"":0,""hr_min"":0,""hr_max"":0,""hr_zone_0"":0,""hr_zone_1"":0,""hr_zone_2"":0,""hr_zone_3"":0,""pause_duration"":0,""steps"":4417,""distance"":3250,""elevation"":37,""metcumul"":37}",,2025-04-01T09:30:10+08:00
2025-04-01T07:58:39+08:00,2025-04-01T08:05:37+08:00,,,Australia/Perth,Walking,"{""calories"":28,""intensity"":30,""manual_distance"":0,""manual_calories"":0,""hr_average"":0,""hr_min"":0,""hr_max"":0,""hr_zone_0"":0,""hr_zone_1"":0,""hr_zone_2"":0,""hr_zone_3"":0,""pause_duration"":0,""steps"":474,""distance"":370,""elevation"":6,""metcumul"":6}",,2025-04-03T09:03:07+08:00
2025-04-01T08:20:07+08:00,2025-04-01T08:25:08+08:00,,,Australia/Perth,Walking,"{""calories"":20,""intensity"":30,""manual_distance"":0,""manual_calories"":0,""hr_average"":0,""hr_min"":0,""hr_max"":0,""hr_zone_0"":0,""hr_zone_1"":0,""hr_zone_2"":0,""hr_zone_3"":0,""pause_duration"":0,""steps"":435,""distance"":327,""elevation"":5,""metcumul"":5}",,2025-04-03T09:03:09+08:00
2025-04-01T17:33:20+08:00,2025-04-01T17:38:58+08:00,,,Australia/Perth,Walking,"{""calories"":22,""intensity"":30,""manual_distance"":0,""manual_calories"":0,""hr_average"":0,""hr_min"":0,""hr_max"":0,""hr_zone_0"":0,""hr_zone_1"":0,""hr_zone_2"":0,""hr_zone_3"":0,""pause_duration"":0,""steps"":553,""distance"":428,""elevation"":5,""metcumul"":5}",,2025-04-03T09:03:11+08:00
2025-04-03T07:55:15+08:00,2025-04-03T07:59:59+08:00,,,Australia/Perth,Walking,"{""calories"":19,""intensity"":30,""manual_distance"":0,""manual_calories"":0,""hr_average"":0,""hr_min"":0,""hr_max"":0,""hr_zone_0"":0,""hr_zone_1"":0,""hr_zone_2"":0,""hr_zone_3"":0,""pause_duration"":0,""steps"":448,""distance"":361,""elevation"":5,""metcumul"":5}",,2025-04-05T13:54:06+08:00
2025-04-03T16:51:07+08:00,2025-04-03T17:00:29+08:00,,,Australia/Perth,Walking,"{""calories"":38,""intensity"":30,""manual_distance"":0,""manual_calories"":0,""hr_average"":0,""hr_min"":0,""hr_max"":0,""hr_zone_0"":0,""hr_zone_1"":0,""hr_zone_2"":0,""hr_zone_3"":0,""pause_duration"":0,""steps"":840,""distance"":630,""elevation"":9,""metcumul"":9}",,2025-04-05T13:54:08+08:00
2025-04-07T06:31:26+08:00,2025-04-07T06:35:20+08:00,,,Australia/Perth,Walking,"{""calories"":15,""intensity"":30,""manual_distance"":0,""manual_calories"":0,""hr_average"":0,""hr_min"":0,""hr_max"":0,""hr_zone_0"":0,""hr_zone_1"":0,""hr_zone_2"":0,""hr_zone_3"":0,""pause_duration"":0,""steps"":426,""distance"":333,""elevation"":4,""metcumul"":4}",,2025-04-07T21:55:17+08:00
2025-04-08T16:28:02+08:00,2025-04-08T16:36:06+08:00,,,Australia/Perth,Walking,"{""calories"":32,""intensity"":30,""manual_distance"":0,""manual_calories"":0,""hr_average"":0,""hr_min"":0,""hr_max"":0,""hr_zone_0"":0,""hr_zone_1"":0,""hr_zone_2"":0,""hr_zone_3"":0,""pause_duration"":0,""steps"":694,""distance"":552,""elevation"":7,""metcumul"":7}",,2025-04-10T11:05:32+08:00
2025-04-08T16:44:37+08:00,2025-04-08T16:50:35+08:00,,,Australia/Perth,Walking,"{""calories"":24,""intensity"":30,""manual_distance"":0,""manual_calories"":0,""hr_average"":0,""hr_min"":0,""hr_max"":0,""hr_zone_0"":0,""hr_zone_1"":0,""hr_zone_2"":0,""hr_zone_3"":0,""pause_duration"":0,""steps"":469,""distance"":346,""elevation"":6,""metcumul"":6}",,2025-04-10T11:05:34+08:00
2025-04-08T18:06:19+08:00,2025-04-08T18:10:07+08:00,,,Australia/Perth,Walking,"{""calories"":15,""intensity"":30,""manual_distance"":0,""manual_calories"":0,""hr_average"":0,""hr_min"":0,""hr_max"":0,""hr_zone_0"":0,""hr_zone_1"":0,""hr_zone_2"":0,""hr_zone_3"":0,""pause_duration"":0,""steps"":327,""distance"":253,""elevation"":4,""metcumul"":4}",,2025-04-10T11:05:36+08:00
2025-04-09T19:52:50+08:00,2025-04-09T19:59:57+08:00,,,Australia/Perth,Walking,"{""calories"":29,""intensity"":30,""manual_distance"":0,""manual_calories"":0,""hr_average"":0,""hr_min"":0,""hr_max"":0,""hr_zone_0"":0,""hr_zone_1"":0,""hr_zone_2"":0,""hr_zone_3"":0,""pause_duration"":0,""steps"":822,""distance"":656,""elevation"":7,""metcumul"":7}",,2025-04-10T11:05:38+08:00
2025-04-10T08:39:08+08:00,2025-04-10T08:42:24+08:00,,,Australia/Perth,Walking,"{""calories"":13,""intensity"":30,""manual_distance"":0,""manual_calories"":0,""hr_average"":0,""hr_min"":0,""hr_max"":0,""hr_zone_0"":0,""hr_zone_1"":0,""hr_zone_2"":0,""hr_zone_3"":0,""pause_duration"":0,""steps"":286,""distance"":230,""elevation"":4,""metcumul"":4}",,2025-04-10T11:05:40+08:00
2025-04-11T08:38:16+08:00,2025-04-11T08:47:48+08:00,,,Australia/Perth,Walking,"{""calories"":38,""intensity"":30,""manual_distance"":0,""manual_calories"":0,""hr_average"":0,""hr_min"":0,""hr_max"":0,""hr_zone_0"":0,""hr_zone_1"":0,""hr_zone_2"":0,""hr_zone_3"":0,""pause_duration"":0,""steps"":793,""distance"":625,""elevation"":10,""metcumul"":10}",,2025-04-11T10:26:54+08:00
2025-04-11T14:05:32+08:00,2025-04-11T14:14:16+08:00,,,Australia/Perth,Walking,"{""calories"":35,""intensity"":30,""manual_distance"":0,""manual_calories"":0,""hr_average"":0,""hr_min"":0,""hr_max"":0,""hr_zone_0"":0,""hr_zone_1"":0,""hr_zone_2"":0,""hr_zone_3"":0,""pause_duration"":0,""steps"":812,""distance"":630,""elevation"":8,""metcumul"":8}",,2025-04-12T11:41:46+08:00
2025-04-11T14:23:35+08:00,2025-04-11T14:30:08+08:00,,,Australia/Perth,Walking,"{""calories"":26,""intensity"":30,""manual_distance"":0,""manual_calories"":0,""hr_average"":0,""hr_min"":0,""hr_max"":0,""hr_zone_0"":0,""hr_zone_1"":0,""hr_zone_2"":0,""hr_zone_3"":0,""pause_duration"":0,""steps"":545,""distance"":433,""elevation"":6,""metcumul"":6}",,2025-04-12T11:41:48+08:00
2025-04-13T09:13:30+08:00,2025-04-13T09:19:32+08:00,,,Australia/Perth,Walking,"{""calories"":24,""intensity"":30,""manual_distance"":0,""manual_calories"":0,""hr_average"":0,""hr_min"":0,""hr_max"":0,""hr_zone_0"":0,""hr_zone_1"":0,""hr_zone_2"":0,""hr_zone_3"":0,""pause_duration"":0,""steps"":667,""distance"":512,""elevation"":6,""metcumul"":6}",,2025-04-13T17:43:16+08:00
2025-04-14T17:40:20+08:00,2025-04-14T17:47:30+08:00,,,Australia/Perth,Walking,"{""calories"":29,""intensity"":30,""manual_distance"":0,""manual_calories"":0,""hr_average"":0,""hr_min"":0,""hr_max"":0,""hr_zone_0"":0,""hr_zone_1"":0,""hr_zone_2"":0,""hr_zone_3"":0,""pause_duration"":0,""steps"":549,""distance"":427,""elevation"":7,""metcumul"":7}",,2025-04-15T22:30:22+08:00
2025-04-16T16:56:25+08:00,2025-04-16T17:01:24+08:00,,,Australia/Perth,Walking,"{""calories"":20,""intensity"":30,""manual_distance"":0,""manual_calories"":0,""hr_average"":0,""hr_min"":0,""hr_max"":0,""hr_zone_0"":0,""hr_zone_1"":0,""hr_zone_2"":0,""hr_zone_3"":0,""pause_duration"":0,""steps"":531,""distance"":400,""elevation"":5,""metcumul"":5}",,2025-04-16T22:03:02+08:00
2025-04-29T08:30:20+08:00,2025-04-29T08:38:10+08:00,,,Australia/Perth,Walking,"{""calories"":32,""intensity"":30,""manual_distance"":0,""manual_calories"":0,""hr_average"":0,""hr_min"":0,""hr_max"":0,""hr_zone_0"":0,""hr_zone_1"":0,""hr_zone_2"":0,""hr_zone_3"":0,""pause_duration"":0,""steps"":904,""distance"":721,""elevation"":7,""metcumul"":7}",,2025-04-30T11:08:06+08:00
2025-04-30T13:12:28+08:00,2025-04-30T13:16:47+08:00,,,Australia/Perth,Walking,"{""calories"":17,""intensity"":30,""manual_distance"":0,""manual_calories"":0,""hr_average"":0,""hr_min"":0,""hr_max"":0,""hr_zone_0"":0,""hr_zone_1"":0,""hr_zone_2"":0,""hr_zone_3"":0,""pause_duration"":0,""steps"":456,""distance"":336,""elevation"":4,""metcumul"":4}",,2025-05-02T21:22:24+08:00
2025-05-02T18:09:56+08:00,2025-05-02T18:16:41+08:00,,,Australia/Perth,Walking,"{""calories"":27,""intensity"":30,""manual_distance"":0,""manual_calories"":0,""hr_average"":0,""hr_min"":0,""hr_max"":0,""hr_zone_0"":0,""hr_zone_1"":0,""hr_zone_2"":0,""hr_zone_3"":0,""pause_duration"":0,""steps"":561,""distance"":394,""elevation"":8,""metcumul"":8}",,2025-05-02T21:22:26+08:00
2025-05-05T10:36:47+08:00,2025-05-05T10:45:02+08:00,,,Australia/Perth,Walking,"{""calories"":33,""intensity"":30,""manual_distance"":0,""manual_calories"":0,""hr_average"":0,""hr_min"":0,""hr_max"":0,""hr_zone_0"":0,""hr_zone_1"":0,""hr_zone_2"":0,""hr_zone_3"":0,""pause_duration"":0,""steps"":553,""distance"":388,""elevation"":7,""metcumul"":7}",,2025-05-08T08:09:51+08:00
2025-05-05T16:46:34+08:00,2025-05-05T16:55:32+08:00,,,Australia/Perth,Walking,"{""calories"":36,""intensity"":30,""manual_distance"":0,""manual_calories"":0,""hr_average"":0,""hr_min"":0,""hr_max"":0,""hr_zone_0"":0,""hr_zone_1"":0,""hr_zone_2"":0,""hr_zone_3"":0,""pause_duration"":0,""steps"":815,""distance"":602,""elevation"":10,""metcumul"":10}",,2025-05-08T08:09:53+08:00
2025-05-07T19:24:16+08:00,2025-05-07T19:32:31+08:00,,,Australia/Perth,Walking,"{""calories"":33,""intensity"":30,""manual_distance"":0,""manual_calories"":0,""hr_average"":0,""hr_min"":0,""hr_max"":0,""hr_zone_0"":0,""hr_zone_1"":0,""hr_zone_2"":0,""hr_zone_3"":0,""pause_duration"":0,""steps"":648,""distance"":492,""elevation"":8,""metcumul"":8}",,2025-05-08T08:09:56+08:00
2025-05-08T09:37:45+08:00,2025-05-08T09:46:30+08:00,,,Australia/Perth,Walking,"{""calories"":35,""intensity"":30,""manual_distance"":0,""manual_calories"":0,""hr_average"":0,""hr_min"":0,""hr_max"":0,""hr_zone_0"":0,""hr_zone_1"":0,""hr_zone_2"":0,""hr_zone_3"":0,""pause_duration"":0,""steps"":762,""distance"":590,""elevation"":10,""metcumul"":10}",,2025-05-08T17:12:05+08:00
2025-05-08T15:36:10+08:00,2025-05-08T15:44:22+08:00,,,Australia/Perth,Walking,"{""calories"":33,""intensity"":30,""manual_distance"":0,""manual_calories"":0,""hr_average"":0,""hr_min"":0,""hr_max"":0,""hr_zone_0"":0,""hr_zone_1"":0,""hr_zone_2"":0,""hr_zone_3"":0,""pause_duration"":0,""steps"":671,""distance"":497,""elevation"":7,""metcumul"":7}",,2025-05-11T16:41:45+08:00
2025-05-10T12:23:54+08:00,2025-05-10T12:32:52+08:00,,,Australia/Perth,Walking,"{""calories"":36,""intensity"":30,""manual_distance"":0,""manual_calories"":0,""hr_average"":0,""hr_min"":0,""hr_max"":0,""hr_zone_0"":0,""hr_zone_1"":0,""hr_zone_2"":0,""hr_zone_3"":0,""pause_duration"":0,""steps"":730,""distance"":523,""elevation"":10,""metcumul"":10}",,2025-05-11T16:41:47+08:00
2025-05-11T10:46:02+08:00,2025-05-11T10:59:55+08:00,,,Australia/Perth,Walking,"{""calories"":56,""intensity"":30,""manual_distance"":0,""manual_calories"":0,""hr_average"":0,""hr_min"":0,""hr_max"":0,""hr_zone_0"":0,""hr_zone_1"":0,""hr_zone_2"":0,""hr_zone_3"":0,""pause_duration"":0,""steps"":1240,""distance"":945,""elevation"":14,""metcumul"":14}",,2025-05-11T16:41:48+08:00
2025-05-12T08:47:34+08:00,2025-05-12T08:54:37+08:00,,,Australia/Perth,Walking,"{""calories"":28,""intensity"":30,""manual_distance"":0,""manual_calories"":0,""hr_average"":0,""hr_min"":0,""hr_max"":0,""hr_zone_0"":0,""hr_zone_1"":0,""hr_zone_2"":0,""hr_zone_3"":0,""pause_duration"":0,""steps"":661,""distance"":507,""elevation"":8,""metcumul"":8}",,2025-05-12T22:52:44+08:00
2025-05-13T08:22:05+08:00,2025-05-13T08:29:05+08:00,,,Australia/Perth,Walking,"{""calories"":28,""intensity"":30,""manual_distance"":0,""manual_calories"":0,""hr_average"":0,""hr_min"":0,""hr_max"":0,""hr_zone_0"":0,""hr_zone_1"":0,""hr_zone_2"":0,""hr_zone_3"":0,""pause_duration"":0,""steps"":531,""distance"":401,""elevation"":6,""metcumul"":6}",,2025-05-14T07:56:20+08:00
2025-05-13T22:06:36+08:00,2025-05-13T22:42:02+08:00,,,Australia/Perth,Walking,"{""calories"":145,""intensity"":30,""manual_distance"":0,""manual_calories"":0,""hr_average"":0,""hr_min"":0,""hr_max"":0,""hr_zone_0"":0,""hr_zone_1"":0,""hr_zone_2"":0,""hr_zone_3"":0,""pause_duration"":0,""steps"":3532,""distance"":2641,""elevation"":36,""metcumul"":36}",,2025-05-14T07:56:22+08:00
2025-05-17T20:34:33+08:00,2025-05-17T21:05:51+08:00,,,Australia/Perth,Walking,"{""calories"":127,""intensity"":30,""manual_distance"":0,""manual_calories"":0,""hr_average"":0,""hr_min"":0,""hr_max"":0,""hr_zone_0"":0,""hr_zone_1"":0,""hr_zone_2"":0,""hr_zone_3"":0,""pause_duration"":0,""steps"":3268,""distance"":2421,""elevation"":30,""metcumul"":30}",,2025-05-18T12:13:41+08:00
2025-05-18T18:24:17+08:00,2025-05-18T18:34:50+08:00,,,Australia/Perth,Walking,"{""calories"":43,""intensity"":30,""manual_distance"":0,""manual_calories"":0,""hr_average"":0,""hr_min"":0,""hr_max"":0,""hr_zone_0"":0,""hr_zone_1"":0,""hr_zone_2"":0,""hr_zone_3"":0,""pause_duration"":0,""steps"":808,""distance"":613,""elevation"":9,""metcumul"":9}",,2025-05-18T22:18:02+08:00
2025-05-19T12:01:32+08:00,2025-05-19T12:04:53+08:00,,,Australia/Perth,Walking,"{""calories"":13,""intensity"":30,""manual_distance"":0,""manual_calories"":0,""hr_average"":0,""hr_min"":0,""hr_max"":0,""hr_zone_0"":0,""hr_zone_1"":0,""hr_zone_2"":0,""hr_zone_3"":0,""pause_duration"":0,""steps"":267,""distance"":190,""elevation"":4,""metcumul"":4}",,2025-05-20T16:29:35+08:00
2025-05-19T17:10:00+08:00,2025-05-19T17:20:01+08:00,,,Australia/Perth,Walking,"{""calories"":40,""intensity"":30,""manual_distance"":0,""manual_calories"":0,""hr_average"":0,""hr_min"":0,""hr_max"":0,""hr_zone_0"":0,""hr_zone_1"":0,""hr_zone_2"":0,""hr_zone_3"":0,""pause_duration"":0,""steps"":854,""distance"":633,""elevation"":9,""metcumul"":9}",,2025-05-20T16:29:37+08:00
2025-05-19T17:31:54+08:00,2025-05-19T17:36:44+08:00,,,Australia/Perth,Walking,"{""calories"":19,""intensity"":30,""manual_distance"":0,""manual_calories"":0,""hr_average"":0,""hr_min"":0,""hr_max"":0,""hr_zone_0"":0,""hr_zone_1"":0,""hr_zone_2"":0,""hr_zone_3"":0,""pause_duration"":0,""steps"":431,""distance"":334,""elevation"":5,""metcumul"":5}",,2025-05-20T16:29:40+08:00
2025-05-20T16:58:59+08:00,2025-05-20T17:08:21+08:00,,,Australia/Perth,Walking,"{""calories"":38,""intensity"":30,""manual_distance"":0,""manual_calories"":0,""hr_average"":0,""hr_min"":0,""hr_max"":0,""hr_zone_0"":0,""hr_zone_1"":0,""hr_zone_2"":0,""hr_zone_3"":0,""pause_duration"":0,""steps"":834,""distance"":615,""elevation"":10,""metcumul"":10}",,2025-05-21T23:04:39+08:00
2025-05-27T07:11:05+08:00,2025-05-27T07:17:44+08:00,,,Australia/Perth,Walking,"{""calories"":27,""intensity"":30,""manual_distance"":0,""manual_calories"":0,""hr_average"":0,""hr_min"":0,""hr_max"":0,""hr_zone_0"":0,""hr_zone_1"":0,""hr_zone_2"":0,""hr_zone_3"":0,""pause_duration"":0,""steps"":477,""distance"":359,""elevation"":6,""metcumul"":6}",,2025-05-27T22:20:56+08:00
2025-05-29T12:43:25+08:00,2025-05-29T12:48:23+08:00,,,Australia/Perth,Walking,"{""calories"":20,""intensity"":30,""manual_distance"":0,""manual_calories"":0,""hr_average"":0,""hr_min"":0,""hr_max"":0,""hr_zone_0"":0,""hr_zone_1"":0,""hr_zone_2"":0,""hr_zone_3"":0,""pause_duration"":0,""steps"":543,""distance"":426,""elevation"":6,""metcumul"":6}",,2025-05-29T13:03:24+08:00
2025-05-29T13:04:08+08:00,2025-05-29T13:14:36+08:00,,,Australia/Perth,Walking,"{""calories"":42,""intensity"":30,""manual_distance"":0,""manual_calories"":0,""hr_average"":0,""hr_min"":0,""hr_max"":0,""hr_zone_0"":0,""hr_zone_1"":0,""hr_zone_2"":0,""hr_zone_3"":0,""pause_duration"":0,""steps"":921,""distance"":715,""elevation"":12,""metcumul"":12}",,2025-05-29T13:47:37+08:00
2025-05-29T14:22:05+08:00,2025-05-29T14:25:19+08:00,,,Australia/Perth,Walking,"{""calories"":13,""intensity"":30,""manual_distance"":0,""manual_calories"":0,""hr_average"":0,""hr_min"":0,""hr_max"":0,""hr_zone_0"":0,""hr_zone_1"":0,""hr_zone_2"":0,""hr_zone_3"":0,""pause_duration"":0,""steps"":305,""distance"":245,""elevation"":4,""metcumul"":4}",,2025-05-29T15:30:48+08:00
2025-05-29T18:30:14+08:00,2025-05-29T18:33:30+08:00,,,Australia/Perth,Walking,"{""calories"":13,""intensity"":30,""manual_distance"":0,""manual_calories"":0,""hr_average"":0,""hr_min"":0,""hr_max"":0,""hr_zone_0"":0,""hr_zone_1"":0,""hr_zone_2"":0,""hr_zone_3"":0,""pause_duration"":0,""steps"":301,""distance"":220,""elevation"":4,""metcumul"":4}",,2025-05-30T09:05:25+08:00
2025-05-30T18:24:40+08:00,2025-05-30T18:29:05+08:00,,,Australia/Perth,Walking,"{""calories"":18,""intensity"":30,""manual_distance"":0,""manual_calories"":0,""hr_average"":0,""hr_min"":0,""hr_max"":0,""hr_zone_0"":0,""hr_zone_1"":0,""hr_zone_2"":0,""hr_zone_3"":0,""pause_duration"":0,""steps"":370,""distance"":272,""elevation"":5,""metcumul"":5}",,2025-05-30T21:53:00+08:00
2025-06-01T09:11:31+08:00,2025-06-01T09:43:24+08:00,,,Australia/Perth,Walking,"{""calories"":131,""intensity"":30,""manual_distance"":0,""manual_calories"":0,""hr_average"":0,""hr_min"":0,""hr_max"":0,""hr_zone_0"":0,""hr_zone_1"":0,""hr_zone_2"":0,""hr_zone_3"":0,""pause_duration"":0,""steps"":3341,""distance"":2544,""elevation"":32,""metcumul"":32}",,2025-06-01T10:32:49+08:00
2025-06-01T10:07:54+08:00,2025-06-01T10:12:15+08:00,,,Australia/Perth,Walking,"{""calories"":17,""intensity"":30,""manual_distance"":0,""manual_calories"":0,""hr_average"":0,""hr_min"":0,""hr_max"":0,""hr_zone_0"":0,""hr_zone_1"":0,""hr_zone_2"":0,""hr_zone_3"":0,""pause_duration"":0,""steps"":374,""distance"":276,""elevation"":4,""metcumul"":4}",,2025-06-01T10:32:50+08:00
2025-06-03T07:19:41+08:00,2025-06-03T07:27:05+08:00,,,Australia/Perth,Walking,"{""calories"":30,""intensity"":30,""manual_distance"":0,""manual_calories"":0,""hr_average"":0,""hr_min"":0,""hr_max"":0,""hr_zone_0"":0,""hr_zone_1"":0,""hr_zone_2"":0,""hr_zone_3"":0,""pause_duration"":0,""steps"":503,""distance"":404,""elevation"":6,""metcumul"":6}",,2025-06-03T22:40:20+08:00
2025-06-04T11:15:02+08:00,2025-06-04T11:19:08+08:00,,,Australia/Perth,Walking,"{""calories"":16,""intensity"":30,""manual_distance"":0,""manual_calories"":0,""hr_average"":0,""hr_min"":0,""hr_max"":0,""hr_zone_0"":0,""hr_zone_1"":0,""hr_zone_2"":0,""hr_zone_3"":0,""pause_duration"":0,""steps"":301,""distance"":223,""elevation"":3,""metcumul"":3}",,2025-06-05T06:21:31+08:00
2025-06-04T12:37:17+08:00,2025-06-04T12:42:20+08:00,,,Australia/Perth,Walking,"{""calories"":20,""intensity"":30,""manual_distance"":0,""manual_calories"":0,""hr_average"":0,""hr_min"":0,""hr_max"":0,""hr_zone_0"":0,""hr_zone_1"":0,""hr_zone_2"":0,""hr_zone_3"":0,""pause_duration"":0,""steps"":414,""distance"":322,""elevation"":4,""metcumul"":4}",,2025-06-05T06:21:33+08:00
2025-06-08T15:46:00+08:00,2025-06-08T15:53:39+08:00,,,Australia/Perth,Walking,"{""calories"":31,""intensity"":30,""manual_distance"":0,""manual_calories"":0,""hr_average"":0,""hr_min"":0,""hr_max"":0,""hr_zone_0"":0,""hr_zone_1"":0,""hr_zone_2"":0,""hr_zone_3"":0,""pause_duration"":0,""steps"":539,""distance"":384,""elevation"":8,""metcumul"":8}",,2025-06-09T14:23:36+08:00
2025-06-12T18:28:31+08:00,2025-06-12T18:34:39+08:00,,,Australia/Perth,Walking,"{""calories"":24,""intensity"":30,""manual_distance"":0,""manual_calories"":0,""hr_average"":0,""hr_min"":0,""hr_max"":0,""hr_zone_0"":0,""hr_zone_1"":0,""hr_zone_2"":0,""hr_zone_3"":0,""pause_duration"":0,""steps"":401,""distance"":285,""elevation"":6,""metcumul"":6}",,2025-06-13T10:01:20+08:00
2025-06-16T08:32:35+08:00,2025-06-16T08:37:37+08:00,,,Australia/Perth,Walking,"{""calories"":20,""intensity"":30,""manual_distance"":0,""manual_calories"":0,""hr_average"":0,""hr_min"":0,""hr_max"":0,""hr_zone_0"":0,""hr_zone_1"":0,""hr_zone_2"":0,""hr_zone_3"":0,""pause_duration"":0,""steps"":426,""distance"":332,""elevation"":5,""metcumul"":5}",,2025-06-17T08:54:04+08:00
2025-06-17T08:20:56+08:00,2025-06-17T08:32:25+08:00,,,Australia/Perth,Walking,"{""calories"":46,""intensity"":30,""manual_distance"":0,""manual_calories"":0,""hr_average"":0,""hr_min"":0,""hr_max"":0,""hr_zone_0"":0,""hr_zone_1"":0,""hr_zone_2"":0,""hr_zone_3"":0,""pause_duration"":0,""steps"":855,""distance"":647,""elevation"":11,""metcumul"":11}",,2025-06-17T15:33:36+08:00
2025-06-17T18:23:01+08:00,2025-06-17T18:27:26+08:00,,,Australia/Perth,Walking,"{""calories"":18,""intensity"":30,""manual_distance"":0,""manual_calories"":0,""hr_average"":0,""hr_min"":0,""hr_max"":0,""hr_zone_0"":0,""hr_zone_1"":0,""hr_zone_2"":0,""hr_zone_3"":0,""pause_duration"":0,""steps"":297,""distance"":220,""elevation"":5,""metcumul"":5}",,2025-06-18T15:25:41+08:00
2025-06-19T17:11:02+08:00,2025-06-19T17:17:06+08:00,,,Australia/Perth,Walking,"{""calories"":24,""intensity"":30,""manual_distance"":0,""manual_calories"":0,""hr_average"":0,""hr_min"":0,""hr_max"":0,""hr_zone_0"":0,""hr_zone_1"":0,""hr_zone_2"":0,""hr_zone_3"":0,""pause_duration"":0,""steps"":515,""distance"":375,""elevation"":6,""metcumul"":6}",,2025-06-20T08:53:20+08:00
2025-06-24T08:07:58+08:00,2025-06-24T08:14:40+08:00,,,Australia/Perth,Walking,"{""calories"":27,""intensity"":30,""manual_distance"":0,""manual_calories"":0,""hr_average"":0,""hr_min"":0,""hr_max"":0,""hr_zone_0"":0,""hr_zone_1"":0,""hr_zone_2"":0,""hr_zone_3"":0,""pause_duration"":0,""steps"":540,""distance"":404,""elevation"":6,""metcumul"":6}",,2025-06-25T17:19:32+08:00
2025-06-24T17:20:13+08:00,2025-06-24T17:29:25+08:00,,,Australia/Perth,Walking,"{""calories"":37,""intensity"":30,""manual_distance"":0,""manual_calories"":0,""hr_average"":0,""hr_min"":0,""hr_max"":0,""hr_zone_0"":0,""hr_zone_1"":0,""hr_zone_2"":0,""hr_zone_3"":0,""pause_duration"":0,""steps"":757,""distance"":566,""elevation"":8,""metcumul"":8}",,2025-06-25T17:19:35+08:00
2025-06-24T17:39:08+08:00,2025-06-24T17:42:44+08:00,,,Australia/Perth,Walking,"{""calories"":14,""intensity"":30,""manual_distance"":0,""manual_calories"":0,""hr_average"":0,""hr_min"":0,""hr_max"":0,""hr_zone_0"":0,""hr_zone_1"":0,""hr_zone_2"":0,""hr_zone_3"":0,""pause_duration"":0,""steps"":377,""distance"":304,""elevation"":4,""metcumul"":4}",,2025-06-25T17:19:37+08:00
2025-06-27T18:17:48+08:00,2025-06-27T18:22:53+08:00,,,Australia/Perth,Walking,"{""calories"":20,""intensity"":30,""manual_distance"":0,""manual_calories"":0,""hr_average"":0,""hr_min"":0,""hr_max"":0,""hr_zone_0"":0,""hr_zone_1"":0,""hr_zone_2"":0,""hr_zone_3"":0,""pause_duration"":0,""steps"":320,""distance"":224,""elevation"":5,""metcumul"":5}",,2025-06-28T11:42:21+08:00
2025-07-03T07:25:34+08:00,2025-07-03T07:29:32+08:00,,,Australia/Perth,Walking,"{""calories"":16,""intensity"":30,""manual_distance"":0,""manual_calories"":0,""hr_average"":0,""hr_min"":0,""hr_max"":0,""hr_zone_0"":0,""hr_zone_1"":0,""hr_zone_2"":0,""hr_zone_3"":0,""pause_duration"":0,""steps"":451,""distance"":355,""elevation"":3,""metcumul"":3}",,2025-07-04T09:27:34+08:00
2025-07-03T16:43:19+08:00,2025-07-03T16:51:55+08:00,,,Australia/Perth,Walking,"{""calories"":35,""intensity"":30,""manual_distance"":0,""manual_calories"":0,""hr_average"":0,""hr_min"":0,""hr_max"":0,""hr_zone_0"":0,""hr_zone_1"":0,""hr_zone_2"":0,""hr_zone_3"":0,""pause_duration"":0,""steps"":782,""distance"":597,""elevation"":9,""metcumul"":9}",,2025-07-04T09:27:36+08:00
2025-07-05T20:36:40+08:00,2025-07-05T20:52:42+08:00,,,Australia/Perth,Walking,"{""calories"":65,""intensity"":30,""manual_distance"":0,""manual_calories"":0,""hr_average"":0,""hr_min"":0,""hr_max"":0,""hr_zone_0"":0,""hr_zone_1"":0,""hr_zone_2"":0,""hr_zone_3"":0,""pause_duration"":0,""steps"":1623,""distance"":1214,""elevation"":18,""metcumul"":18}",,2025-07-05T22:32:45+08:00
2025-07-06T14:09:17+08:00,2025-07-06T14:23:37+08:00,,,Australia/Perth,Walking,"{""calories"":58,""intensity"":30,""manual_distance"":0,""manual_calories"":0,""hr_average"":0,""hr_min"":0,""hr_max"":0,""hr_zone_0"":0,""hr_zone_1"":0,""hr_zone_2"":0,""hr_zone_3"":0,""pause_duration"":0,""steps"":1404,""distance"":1086,""elevation"":14,""metcumul"":14}",,2025-07-09T16:57:26+08:00
2025-07-08T16:42:30+08:00,2025-07-08T16:47:29+08:00,,,Australia/Perth,Walking,"{""calories"":20,""intensity"":30,""manual_distance"":0,""manual_calories"":0,""hr_average"":0,""hr_min"":0,""hr_max"":0,""hr_zone_0"":0,""hr_zone_1"":0,""hr_zone_2"":0,""hr_zone_3"":0,""pause_duration"":0,""steps"":453,""distance"":350,""elevation"":4,""metcumul"":4}",,2025-07-09T16:57:29+08:00
2025-07-09T14:57:42+08:00,2025-07-09T15:06:41+08:00,,,Australia/Perth,Walking,"{""calories"":36,""intensity"":30,""manual_distance"":0,""manual_calories"":0,""hr_average"":0,""hr_min"":0,""hr_max"":0,""hr_zone_0"":0,""hr_zone_1"":0,""hr_zone_2"":0,""hr_zone_3"":0,""pause_duration"":0,""steps"":863,""distance"":673,""elevation"":8,""metcumul"":8}",,2025-07-09T16:57:32+08:00
2025-07-09T15:14:20+08:00,2025-07-09T15:19:27+08:00,,,Australia/Perth,Walking,"{""calories"":20,""intensity"":30,""manual_distance"":0,""manual_calories"":0,""hr_average"":0,""hr_min"":0,""hr_max"":0,""hr_zone_0"":0,""hr_zone_1"":0,""hr_zone_2"":0,""hr_zone_3"":0,""pause_duration"":0,""steps"":484,""distance"":374,""elevation"":4,""metcumul"":4}",,2025-07-09T16:57:34+08:00
2025-07-09T15:55:01+08:00,2025-07-09T16:01:14+08:00,,,Australia/Perth,Walking,"{""calories"":25,""intensity"":30,""manual_distance"":0,""manual_calories"":0,""hr_average"":0,""hr_min"":0,""hr_max"":0,""hr_zone_0"":0,""hr_zone_1"":0,""hr_zone_2"":0,""hr_zone_3"":0,""pause_duration"":0,""steps"":523,""distance"":405,""elevation"":5,""metcumul"":5}",,2025-07-09T19:03:05+08:00
2025-07-10T12:55:34+08:00,2025-07-10T13:03:31+08:00,,,Australia/Perth,Walking,"{""calories"":32,""intensity"":30,""manual_distance"":0,""manual_calories"":0,""hr_average"":0,""hr_min"":0,""hr_max"":0,""hr_zone_0"":0,""hr_zone_1"":0,""hr_zone_2"":0,""hr_zone_3"":0,""pause_duration"":0,""steps"":674,""distance"":507,""elevation"":6,""metcumul"":6}",,2025-07-10T15:22:20+08:00
2025-07-11T15:34:10+08:00,2025-07-11T15:40:42+08:00,,,Australia/Perth,Walking,"{""calories"":26,""intensity"":30,""manual_distance"":0,""manual_calories"":0,""hr_average"":0,""hr_min"":0,""hr_max"":0,""hr_zone_0"":0,""hr_zone_1"":0,""hr_zone_2"":0,""hr_zone_3"":0,""pause_duration"":0,""steps"":558,""distance"":415,""elevation"":6,""metcumul"":6}",,2025-07-14T10:42:29+08:00
2025-07-13T11:54:05+08:00,2025-07-13T11:59:14+08:00,,,Australia/Perth,Walking,"{""calories"":20,""intensity"":30,""manual_distance"":0,""manual_calories"":0,""hr_average"":0,""hr_min"":0,""hr_max"":0,""hr_zone_0"":0,""hr_zone_1"":0,""hr_zone_2"":0,""hr_zone_3"":0,""pause_duration"":0,""steps"":382,""distance"":280,""elevation"":5,""metcumul"":5}",,2025-07-14T10:42:32+08:00
2025-07-11T11:50:58+08:00,2025-07-11T11:58:10+08:00,,,Australia/Perth,Walking,"{""calories"":29,""intensity"":30,""manual_distance"":0,""manual_calories"":0,""hr_average"":0,""hr_min"":0,""hr_max"":0,""hr_zone_0"":0,""hr_zone_1"":0,""hr_zone_2"":0,""hr_zone_3"":0,""pause_duration"":0,""steps"":552,""distance"":428,""elevation"":9,""metcumul"":9}",,2025-07-14T22:20:29+08:00
2025-07-18T08:14:52+08:00,2025-07-18T08:19:55+08:00,,,Australia/Perth,Walking,"{""calories"":20,""intensity"":30,""manual_distance"":0,""manual_calories"":0,""hr_average"":0,""hr_min"":0,""hr_max"":0,""hr_zone_0"":0,""hr_zone_1"":0,""hr_zone_2"":0,""hr_zone_3"":0,""pause_duration"":0,""steps"":436,""distance"":336,""elevation"":5,""metcumul"":5}",,2025-07-20T09:23:28+08:00
2025-07-23T06:30:22+08:00,2025-07-23T06:44:04+08:00,,,Australia/Perth,Walking,"{""calories"":55,""intensity"":30,""manual_distance"":0,""manual_calories"":0,""hr_average"":0,""hr_min"":0,""hr_max"":0,""hr_zone_0"":0,""hr_zone_1"":0,""hr_zone_2"":0,""hr_zone_3"":0,""pause_duration"":0,""steps"":1218,""distance"":945,""elevation"":12,""metcumul"":12}",,2025-07-23T07:50:13+08:00
2025-07-25T14:26:25+08:00,2025-07-25T14:33:46+08:00,,,Australia/Perth,Walking,"{""calories"":30,""intensity"":30,""manual_distance"":0,""manual_calories"":0,""hr_average"":0,""hr_min"":0,""hr_max"":0,""hr_zone_0"":0,""hr_zone_1"":0,""hr_zone_2"":0,""hr_zone_3"":0,""pause_duration"":0,""steps"":685,""distance"":537,""elevation"":6,""metcumul"":6}",,2025-07-25T18:50:45+08:00
2025-07-26T15:43:24+08:00,2025-07-26T15:57:57+08:00,,,Australia/Perth,Walking,"{""calories"":59,""intensity"":30,""manual_distance"":0,""manual_calories"":0,""hr_average"":0,""hr_min"":0,""hr_max"":0,""hr_zone_0"":0,""hr_zone_1"":0,""hr_zone_2"":0,""hr_zone_3"":0,""pause_duration"":0,""steps"":1414,""distance"":1099,""elevation"":18,""metcumul"":18}",,2025-07-26T17:50:59+08:00
2025-07-31T07:28:08+08:00,2025-07-31T07:34:03+08:00,,,Australia/Perth,Walking,"{""calories"":24,""intensity"":30,""manual_distance"":0,""manual_calories"":0,""hr_average"":0,""hr_min"":0,""hr_max"":0,""hr_zone_0"":0,""hr_zone_1"":0,""hr_zone_2"":0,""hr_zone_3"":0,""pause_duration"":0,""steps"":503,""distance"":385,""elevation"":5,""metcumul"":5}",,2025-07-31T08:10:32+08:00
2025-07-31T16:54:08+08:00,2025-07-31T17:03:16+08:00,,,Australia/Perth,Walking,"{""calories"":37,""intensity"":30,""manual_distance"":0,""manual_calories"":0,""hr_average"":0,""hr_min"":0,""hr_max"":0,""hr_zone_0"":0,""hr_zone_1"":0,""hr_zone_2"":0,""hr_zone_3"":0,""pause_duration"":0,""steps"":787,""distance"":598,""elevation"":9,""metcumul"":9}",,2025-08-01T09:35:21+08:00
2025-08-01T11:59:03+08:00,2025-08-01T12:35:22+08:00,,,Australia/Perth,Walking,"{""calories"":148,""intensity"":30,""manual_distance"":0,""manual_calories"":0,""hr_average"":0,""hr_min"":0,""hr_max"":0,""hr_zone_0"":0,""hr_zone_1"":0,""hr_zone_2"":0,""hr_zone_3"":0,""pause_duration"":0,""steps"":3929,""distance"":3144,""elevation"":32,""metcumul"":32}",,2025-08-01T18:32:55+08:00
2025-08-04T07:49:25+08:00,2025-08-04T07:55:00+08:00,,,Australia/Perth,Walking,"{""calories"":22,""intensity"":30,""manual_distance"":0,""manual_calories"":0,""hr_average"":0,""hr_min"":0,""hr_max"":0,""hr_zone_0"":0,""hr_zone_1"":0,""hr_zone_2"":0,""hr_zone_3"":0,""pause_duration"":0,""steps"":451,""distance"":346,""elevation"":5,""metcumul"":5}",,2025-08-04T08:21:57+08:00
2025-08-04T16:24:56+08:00,2025-08-04T16:35:53+08:00,,,Australia/Perth,Walking,"{""calories"":44,""intensity"":30,""manual_distance"":0,""manual_calories"":0,""hr_average"":0,""hr_min"":0,""hr_max"":0,""hr_zone_0"":0,""hr_zone_1"":0,""hr_zone_2"":0,""hr_zone_3"":0,""pause_duration"":0,""steps"":833,""distance"":629,""elevation"":8,""metcumul"":8}",,2025-08-05T07:52:10+08:00
2025-08-05T17:07:20+08:00,2025-08-05T17:11:45+08:00,,,Australia/Perth,Walking,"{""calories"":18,""intensity"":30,""manual_distance"":0,""manual_calories"":0,""hr_average"":0,""hr_min"":0,""hr_max"":0,""hr_zone_0"":0,""hr_zone_1"":0,""hr_zone_2"":0,""hr_zone_3"":0,""pause_duration"":0,""steps"":516,""distance"":416,""elevation"":4,""metcumul"":4}",,2025-08-05T21:09:55+08:00
2025-08-05T17:16:02+08:00,2025-08-05T17:19:23+08:00,,,Australia/Perth,Walking,"{""calories"":13,""intensity"":30,""manual_distance"":0,""manual_calories"":0,""hr_average"":0,""hr_min"":0,""hr_max"":0,""hr_zone_0"":0,""hr_zone_1"":0,""hr_zone_2"":0,""hr_zone_3"":0,""pause_duration"":0,""steps"":396,""distance"":323,""elevation"":4,""metcumul"":4}",,2025-08-05T21:09:57+08:00
2025-08-06T11:52:48+08:00,2025-08-06T12:10:09+08:00,,,Australia/Perth,Walking,"{""calories"":70,""intensity"":30,""manual_distance"":0,""manual_calories"":0,""hr_average"":0,""hr_min"":0,""hr_max"":0,""hr_zone_0"":0,""hr_zone_1"":0,""hr_zone_2"":0,""hr_zone_3"":0,""pause_duration"":0,""steps"":1788,""distance"":1421,""elevation"":16,""metcumul"":16}",,2025-08-06T13:11:40+08:00
2025-08-06T19:41:23+08:00,2025-08-06T20:05:18+08:00,,,Australia/Perth,Walking,"{""calories"":97,""intensity"":30,""manual_distance"":0,""manual_calories"":0,""hr_average"":0,""hr_min"":0,""hr_max"":0,""hr_zone_0"":0,""hr_zone_1"":0,""hr_zone_2"":0,""hr_zone_3"":0,""pause_duration"":0,""steps"":2761,""distance"":2203,""elevation"":21,""metcumul"":21}",,2025-08-06T20:16:06+08:00
2024-03-16T13:20:21+08:00,2024-03-16T14:45:12+08:00,,,Australia/Perth,Weights,"{""calories"":0,""intensity"":30,""manual_distance"":0,""manual_calories"":306,""hr_average"":0,""hr_min"":0,""hr_max"":0,""hr_zone_0"":0,""hr_zone_1"":0,""hr_zone_2"":0,""hr_zone_3"":0,""pause_duration"":0,""steps"":0,""distance"":0,""elevation"":0,""metcumul"":0}",,2025-08-07T06:05:16+08:00
2024-03-18T18:45:26+08:00,2024-03-18T19:50:13+08:00,,,Australia/Perth,Weights,"{""calories"":0,""intensity"":30,""manual_distance"":0,""manual_calories"":234,""hr_average"":0,""hr_min"":0,""hr_max"":0,""hr_zone_0"":0,""hr_zone_1"":0,""hr_zone_2"":0,""hr_zone_3"":0,""pause_duration"":0,""steps"":0,""distance"":0,""elevation"":0,""metcumul"":0}",,2025-08-07T06:05:18+08:00
2024-03-21T19:50:48+08:00,2024-03-21T20:23:45+08:00,,,Australia/Perth,Weights,"{""calories"":0,""intensity"":30,""manual_distance"":0,""manual_calories"":119,""hr_average"":0,""hr_min"":0,""hr_max"":0,""hr_zone_0"":0,""hr_zone_1"":0,""hr_zone_2"":0,""hr_zone_3"":0,""pause_duration"":0,""steps"":0,""distance"":0,""elevation"":0,""metcumul"":0}",,2025-08-07T06:05:20+08:00
2024-03-23T07:50:09+08:00,2024-03-23T09:03:32+08:00,,,Australia/Perth,Weights,"{""calories"":0,""intensity"":30,""manual_distance"":0,""manual_calories"":266,""hr_average"":0,""hr_min"":0,""hr_max"":0,""hr_zone_0"":0,""hr_zone_1"":0,""hr_zone_2"":0,""hr_zone_3"":0,""pause_duration"":0,""steps"":0,""distance"":0,""elevation"":0,""metcumul"":0}",,2025-08-07T06:05:22+08:00
2024-03-25T19:52:02+08:00,2024-03-25T20:50:02+08:00,,,Australia/Perth,Weights,"{""calories"":0,""intensity"":30,""manual_distance"":0,""manual_calories"":210,""hr_average"":0,""hr_min"":0,""hr_max"":0,""hr_zone_0"":0,""hr_zone_1"":0,""hr_zone_2"":0,""hr_zone_3"":0,""pause_duration"":0,""steps"":0,""distance"":0,""elevation"":0,""metcumul"":0}",,2025-08-07T06:05:23+08:00
2024-03-27T20:56:41+08:00,2024-03-27T21:54:05+08:00,,,Australia/Perth,Weights,"{""calories"":0,""intensity"":30,""manual_distance"":0,""manual_calories"":208,""hr_average"":0,""hr_min"":0,""hr_max"":0,""hr_zone_0"":0,""hr_zone_1"":0,""hr_zone_2"":0,""hr_zone_3"":0,""pause_duration"":0,""steps"":0,""distance"":0,""elevation"":0,""metcumul"":0}",,2025-08-07T06:05:25+08:00
2024-04-01T16:41:58+08:00,2024-04-01T17:47:46+08:00,,,Australia/Perth,Weights,"{""calories"":0,""intensity"":30,""manual_distance"":0,""manual_calories"":237,""hr_average"":0,""hr_min"":0,""hr_max"":0,""hr_zone_0"":0,""hr_zone_1"":0,""hr_zone_2"":0,""hr_zone_3"":0,""pause_duration"":0,""steps"":0,""distance"":0,""elevation"":0,""metcumul"":0}",,2025-08-07T06:05:27+08:00
2024-03-29T09:13:42+08:00,2024-03-29T09:43:17+08:00,,,Australia/Perth,Weights,"{""calories"":0,""intensity"":30,""manual_distance"":0,""manual_calories"":106,""hr_average"":0,""hr_min"":0,""hr_max"":0,""hr_zone_0"":0,""hr_zone_1"":0,""hr_zone_2"":0,""hr_zone_3"":0,""pause_duration"":0,""steps"":0,""distance"":0,""elevation"":0,""metcumul"":0}",,2025-08-07T06:05:28+08:00
2024-04-05T06:27:48+08:00,2024-04-05T07:27:11+08:00,,,Australia/Perth,Weights,"{""calories"":0,""intensity"":30,""manual_distance"":0,""manual_calories"":214,""hr_average"":0,""hr_min"":0,""hr_max"":0,""hr_zone_0"":0,""hr_zone_1"":0,""hr_zone_2"":0,""hr_zone_3"":0,""pause_duration"":0,""steps"":0,""distance"":0,""elevation"":0,""metcumul"":0}",,2025-08-07T06:05:30+08:00
2024-04-03T20:23:08+08:00,2024-04-03T21:44:10+08:00,,,Australia/Perth,Weights,"{""calories"":0,""intensity"":30,""manual_distance"":0,""manual_calories"":292,""hr_average"":0,""hr_min"":0,""hr_max"":0,""hr_zone_0"":0,""hr_zone_1"":0,""hr_zone_2"":0,""hr_zone_3"":0,""pause_duration"":0,""steps"":0,""distance"":0,""elevation"":0,""metcumul"":0}",,2025-08-07T06:05:32+08:00
2024-04-08T18:05:15+08:00,2024-04-08T18:57:44+08:00,,,Australia/Perth,Weights,"{""calories"":0,""intensity"":30,""manual_distance"":0,""manual_calories"":190,""hr_average"":0,""hr_min"":0,""hr_max"":0,""hr_zone_0"":0,""hr_zone_1"":0,""hr_zone_2"":0,""hr_zone_3"":0,""pause_duration"":0,""steps"":0,""distance"":0,""elevation"":0,""metcumul"":0}",,2025-08-07T06:05:33+08:00
2024-04-12T06:51:20+08:00,2024-04-12T07:59:17+08:00,,,Australia/Perth,Weights,"{""calories"":0,""intensity"":30,""manual_distance"":0,""manual_calories"":246,""hr_average"":0,""hr_min"":0,""hr_max"":0,""hr_zone_0"":0,""hr_zone_1"":0,""hr_zone_2"":0,""hr_zone_3"":0,""pause_duration"":0,""steps"":0,""distance"":0,""elevation"":0,""metcumul"":0}",,2025-08-07T06:05:35+08:00
2024-04-15T20:29:32+08:00,2024-04-15T21:36:12+08:00,,,Australia/Perth,Weights,"{""calories"":0,""intensity"":30,""manual_distance"":0,""manual_calories"":243,""hr_average"":0,""hr_min"":0,""hr_max"":0,""hr_zone_0"":0,""hr_zone_1"":0,""hr_zone_2"":0,""hr_zone_3"":0,""pause_duration"":0,""steps"":0,""distance"":0,""elevation"":0,""metcumul"":0}",,2025-08-07T06:05:36+08:00
2024-04-17T20:24:10+08:00,2024-04-17T21:27:21+08:00,,,Australia/Perth,Weights,"{""calories"":0,""intensity"":30,""manual_distance"":0,""manual_calories"":228,""hr_average"":0,""hr_min"":0,""hr_max"":0,""hr_zone_0"":0,""hr_zone_1"":0,""hr_zone_2"":0,""hr_zone_3"":0,""pause_duration"":0,""steps"":0,""distance"":0,""elevation"":0,""metcumul"":0}",,2025-08-07T06:05:38+08:00
2024-04-21T08:11:13+08:00,2024-04-21T09:19:47+08:00,,,Australia/Perth,Weights,"{""calories"":0,""intensity"":30,""manual_distance"":0,""manual_calories"":248,""hr_average"":0,""hr_min"":0,""hr_max"":0,""hr_zone_0"":0,""hr_zone_1"":0,""hr_zone_2"":0,""hr_zone_3"":0,""pause_duration"":0,""steps"":0,""distance"":0,""elevation"":0,""metcumul"":0}",,2025-08-07T06:05:40+08:00
2024-04-22T20:46:42+08:00,2024-04-22T21:57:29+08:00,,,Australia/Perth,Weights,"{""calories"":0,""intensity"":30,""manual_distance"":0,""manual_calories"":256,""hr_average"":0,""hr_min"":0,""hr_max"":0,""hr_zone_0"":0,""hr_zone_1"":0,""hr_zone_2"":0,""hr_zone_3"":0,""pause_duration"":0,""steps"":0,""distance"":0,""elevation"":0,""metcumul"":0}",,2025-08-07T06:05:41+08:00
2024-04-25T15:53:21+08:00,2024-04-25T16:33:21+08:00,,,Australia/Perth,Weights,"{""calories"":0,""intensity"":30,""manual_distance"":0,""manual_calories"":145,""hr_average"":0,""hr_min"":0,""hr_max"":0,""hr_zone_0"":0,""hr_zone_1"":0,""hr_zone_2"":0,""hr_zone_3"":0,""pause_duration"":0,""steps"":0,""distance"":0,""elevation"":0,""metcumul"":0}",,2025-08-07T06:05:43+08:00
2024-05-01T20:00:14+08:00,2024-05-01T21:16:19+08:00,,,Australia/Perth,Weights,"{""calories"":0,""intensity"":30,""manual_distance"":0,""manual_calories"":276,""hr_average"":0,""hr_min"":0,""hr_max"":0,""hr_zone_0"":0,""hr_zone_1"":0,""hr_zone_2"":0,""hr_zone_3"":0,""pause_duration"":0,""steps"":0,""distance"":0,""elevation"":0,""metcumul"":0}",,2025-08-07T06:05:45+08:00
2024-04-27T16:39:03+08:00,2024-04-27T17:43:15+08:00,,,Australia/Perth,Weights,"{""calories"":0,""intensity"":30,""manual_distance"":0,""manual_calories"":233,""hr_average"":0,""hr_min"":0,""hr_max"":0,""hr_zone_0"":0,""hr_zone_1"":0,""hr_zone_2"":0,""hr_zone_3"":0,""pause_duration"":0,""steps"":0,""distance"":0,""elevation"":0,""metcumul"":0}",,2025-08-07T06:05:47+08:00
2024-04-29T20:26:26+08:00,2024-04-29T21:52:48+08:00,,,Australia/Perth,Weights,"{""calories"":0,""intensity"":30,""manual_distance"":0,""manual_calories"":313,""hr_average"":0,""hr_min"":0,""hr_max"":0,""hr_zone_0"":0,""hr_zone_1"":0,""hr_zone_2"":0,""hr_zone_3"":0,""pause_duration"":0,""steps"":0,""distance"":0,""elevation"":0,""metcumul"":0}",,2025-08-07T06:05:48+08:00
2024-05-04T20:20:11+08:00,2024-05-04T21:19:04+08:00,,,Australia/Perth,Weights,"{""calories"":0,""intensity"":30,""manual_distance"":0,""manual_calories"":214,""hr_average"":0,""hr_min"":0,""hr_max"":0,""hr_zone_0"":0,""hr_zone_1"":0,""hr_zone_2"":0,""hr_zone_3"":0,""pause_duration"":0,""steps"":0,""distance"":0,""elevation"":0,""metcumul"":0}",,2025-08-07T06:05:50+08:00
2024-05-06T17:11:24+08:00,2024-05-06T17:46:25+08:00,,,Australia/Perth,Weights,"{""calories"":127,""intensity"":30,""manual_distance"":0,""manual_calories"":127,""hr_average"":0,""hr_min"":0,""hr_max"":0,""hr_zone_0"":0,""hr_zone_1"":0,""hr_zone_2"":0,""hr_zone_3"":0,""pause_duration"":0,""steps"":188,""distance"":131,""elevation"":7,""metcumul"":7}",,2025-08-07T06:05:52+08:00
2024-05-11T18:51:17+08:00,2024-05-11T19:44:28+08:00,,,Australia/Perth,Weights,"{""calories"":0,""intensity"":30,""manual_distance"":0,""manual_calories"":193,""hr_average"":0,""hr_min"":0,""hr_max"":0,""hr_zone_0"":0,""hr_zone_1"":0,""hr_zone_2"":0,""hr_zone_3"":0,""pause_duration"":0,""steps"":0,""distance"":0,""elevation"":0,""metcumul"":0}",,2025-08-07T06:05:54+08:00
2024-05-08T20:28:16+08:00,2024-05-08T21:40:27+08:00,,,Australia/Perth,Weights,"{""calories"":0,""intensity"":30,""manual_distance"":0,""manual_calories"":262,""hr_average"":0,""hr_min"":0,""hr_max"":0,""hr_zone_0"":0,""hr_zone_1"":0,""hr_zone_2"":0,""hr_zone_3"":0,""pause_duration"":0,""steps"":0,""distance"":0,""elevation"":0,""metcumul"":0}",,2025-08-07T06:05:55+08:00
2024-05-19T15:26:21+08:00,2024-05-19T16:03:55+08:00,,,Australia/Perth,Weights,"{""calories"":136,""intensity"":30,""manual_distance"":0,""manual_calories"":136,""hr_average"":0,""hr_min"":0,""hr_max"":0,""hr_zone_0"":0,""hr_zone_1"":0,""hr_zone_2"":0,""hr_zone_3"":0,""pause_duration"":0,""steps"":15,""distance"":10,""elevation"":1,""metcumul"":1}",,2025-08-07T06:05:57+08:00
2024-05-26T18:53:53+08:00,2024-05-26T19:40:57+08:00,,,Australia/Perth,Weights,"{""calories"":0,""intensity"":30,""manual_distance"":0,""manual_calories"":171,""hr_average"":0,""hr_min"":0,""hr_max"":0,""hr_zone_0"":0,""hr_zone_1"":0,""hr_zone_2"":0,""hr_zone_3"":0,""pause_duration"":0,""steps"":0,""distance"":0,""elevation"":0,""metcumul"":0}",,2025-08-07T06:05:59+08:00
2024-06-03T17:21:12+08:00,2024-06-03T18:17:21+08:00,,,Australia/Perth,Weights,"{""calories"":203,""intensity"":30,""manual_distance"":0,""manual_calories"":203,""hr_average"":0,""hr_min"":0,""hr_max"":0,""hr_zone_0"":0,""hr_zone_1"":0,""hr_zone_2"":0,""hr_zone_3"":0,""pause_duration"":0,""steps"":86,""distance"":60,""elevation"":4,""metcumul"":4}",,2025-08-07T06:06:01+08:00
2024-06-01T09:34:42+08:00,2024-06-01T10:19:32+08:00,,,Australia/Perth,Weights,"{""calories"":162,""intensity"":30,""manual_distance"":0,""manual_calories"":162,""hr_average"":0,""hr_min"":0,""hr_max"":0,""hr_zone_0"":0,""hr_zone_1"":0,""hr_zone_2"":0,""hr_zone_3"":0,""pause_duration"":0,""steps"":187,""distance"":131,""elevation"":6,""metcumul"":6}",,2025-08-07T06:06:02+08:00
2024-06-12T20:10:23+08:00,2024-06-12T20:47:01+08:00,,,Australia/Perth,Weights,"{""calories"":0,""intensity"":30,""manual_distance"":0,""manual_calories"":133,""hr_average"":0,""hr_min"":0,""hr_max"":0,""hr_zone_0"":0,""hr_zone_1"":0,""hr_zone_2"":0,""hr_zone_3"":0,""pause_duration"":0,""steps"":0,""distance"":0,""elevation"":0,""metcumul"":0}",,2025-08-07T06:06:04+08:00
2024-06-30T14:50:33+08:00,2024-06-30T15:29:05+08:00,,,Australia/Perth,Weights,"{""calories"":0,""intensity"":30,""manual_distance"":0,""manual_calories"":140,""hr_average"":0,""hr_min"":0,""hr_max"":0,""hr_zone_0"":0,""hr_zone_1"":0,""hr_zone_2"":0,""hr_zone_3"":0,""pause_duration"":0,""steps"":0,""distance"":0,""elevation"":0,""metcumul"":0}",,2025-08-07T06:06:06+08:00
2024-07-01T19:59:41+08:00,2024-07-01T20:52:12+08:00,,,Australia/Perth,Weights,"{""calories"":191,""intensity"":30,""manual_distance"":0,""manual_calories"":191,""hr_average"":0,""hr_min"":0,""hr_max"":0,""hr_zone_0"":0,""hr_zone_1"":0,""hr_zone_2"":0,""hr_zone_3"":0,""pause_duration"":0,""steps"":112,""distance"":82,""elevation"":6,""metcumul"":6}",,2025-08-07T06:06:08+08:00
2024-07-06T10:46:42+08:00,2024-07-06T11:42:55+08:00,,,Australia/Perth,Weights,"{""calories"":0,""intensity"":30,""manual_distance"":0,""manual_calories"":205,""hr_average"":0,""hr_min"":0,""hr_max"":0,""hr_zone_0"":0,""hr_zone_1"":0,""hr_zone_2"":0,""hr_zone_3"":0,""pause_duration"":0,""steps"":0,""distance"":0,""elevation"":0,""metcumul"":0}",,2025-08-07T06:06:09+08:00
2024-07-04T20:14:38+08:00,2024-07-04T21:01:36+08:00,,,Australia/Perth,Other,"{""calories"":0,""intensity"":30,""manual_distance"":0,""manual_calories"":343,""hr_average"":0,""hr_min"":0,""hr_max"":0,""hr_zone_0"":0,""hr_zone_1"":0,""hr_zone_2"":0,""hr_zone_3"":0,""pause_duration"":0,""steps"":0,""distance"":0,""elevation"":0,""metcumul"":0}",,2025-08-07T06:06:11+08:00
2024-07-13T16:09:27+08:00,2024-07-13T16:46:55+08:00,,,Australia/Perth,Weights,"{""calories"":0,""intensity"":30,""manual_distance"":0,""manual_calories"":136,""hr_average"":0,""hr_min"":0,""hr_max"":0,""hr_zone_0"":0,""hr_zone_1"":0,""hr_zone_2"":0,""hr_zone_3"":0,""pause_duration"":0,""steps"":0,""distance"":0,""elevation"":0,""metcumul"":0}",,2025-08-07T06:06:12+08:00
2024-07-21T19:45:46+08:00,2024-07-21T20:42:49+08:00,,,Australia/Perth,Other,"{""calories"":0,""intensity"":30,""manual_distance"":0,""manual_calories"":418,""hr_average"":0,""hr_min"":0,""hr_max"":0,""hr_zone_0"":0,""hr_zone_1"":0,""hr_zone_2"":0,""hr_zone_3"":0,""pause_duration"":0,""steps"":0,""distance"":0,""elevation"":0,""metcumul"":0}",,2025-08-07T06:06:14+08:00
2024-07-19T20:35:44+08:00,2024-07-19T21:13:00+08:00,,,Australia/Perth,Weights,"{""calories"":136,""intensity"":30,""manual_distance"":0,""manual_calories"":136,""hr_average"":0,""hr_min"":0,""hr_max"":0,""hr_zone_0"":0,""hr_zone_1"":0,""hr_zone_2"":0,""hr_zone_3"":0,""pause_duration"":0,""steps"":237,""distance"":166,""elevation"":5,""metcumul"":5}",,2025-08-07T06:06:16+08:00
2024-07-28T08:13:31+08:00,2024-07-28T08:52:08+08:00,,,Australia/Perth,Other,"{""calories"":284,""intensity"":30,""manual_distance"":0,""manual_calories"":284,""hr_average"":0,""hr_min"":0,""hr_max"":0,""hr_zone_0"":0,""hr_zone_1"":0,""hr_zone_2"":0,""hr_zone_3"":0,""pause_duration"":0,""steps"":0,""distance"":0,""elevation"":0,""metcumul"":0}",,2025-08-07T06:06:18+08:00
2024-07-27T11:34:31+08:00,2024-07-27T12:12:06+08:00,,,Australia/Perth,Other,"{""calories"":276,""intensity"":30,""manual_distance"":0,""manual_calories"":276,""hr_average"":0,""hr_min"":0,""hr_max"":0,""hr_zone_0"":0,""hr_zone_1"":0,""hr_zone_2"":0,""hr_zone_3"":0,""pause_duration"":0,""steps"":95,""distance"":66,""elevation"":1,""metcumul"":1}",,2025-08-07T06:06:19+08:00
2024-08-10T16:31:14+08:00,2024-08-10T17:06:16+08:00,,,Australia/Perth,Weights,"{""calories"":129,""intensity"":30,""manual_distance"":0,""manual_calories"":129,""hr_average"":0,""hr_min"":0,""hr_max"":0,""hr_zone_0"":0,""hr_zone_1"":0,""hr_zone_2"":0,""hr_zone_3"":0,""pause_duration"":0,""steps"":17,""distance"":11,""elevation"":4,""metcumul"":4}",,2025-08-07T06:06:21+08:00
2024-08-26T19:57:58+08:00,2024-08-26T20:35:16+08:00,,,Australia/Perth,Other,"{""calories"":0,""intensity"":30,""manual_distance"":0,""manual_calories"":278,""hr_average"":0,""hr_min"":0,""hr_max"":0,""hr_zone_0"":0,""hr_zone_1"":0,""hr_zone_2"":0,""hr_zone_3"":0,""pause_duration"":0,""steps"":0,""distance"":0,""elevation"":0,""metcumul"":0}",,2025-08-07T06:06:22+08:00
2024-09-08T11:27:28+08:00,2024-09-08T12:06:28+08:00,,,Australia/Perth,Weights,"{""calories"":144,""intensity"":30,""manual_distance"":0,""manual_calories"":144,""hr_average"":0,""hr_min"":0,""hr_max"":0,""hr_zone_0"":0,""hr_zone_1"":0,""hr_zone_2"":0,""hr_zone_3"":0,""pause_duration"":0,""steps"":2,""distance"":1,""elevation"":1,""metcumul"":1}",,2025-08-07T06:06:24+08:00
2024-09-17T18:23:34+08:00,2024-09-17T19:00:44+08:00,,,Australia/Perth,Weights,"{""calories"":0,""intensity"":30,""manual_distance"":0,""manual_calories"":138,""hr_average"":0,""hr_min"":0,""hr_max"":0,""hr_zone_0"":0,""hr_zone_1"":0,""hr_zone_2"":0,""hr_zone_3"":0,""pause_duration"":0,""steps"":0,""distance"":0,""elevation"":0,""metcumul"":0}",,2025-08-07T06:06:25+08:00
2024-09-09T18:14:50+08:00,2024-09-09T18:46:37+08:00,,,Australia/Perth,Weights,"{""calories"":117,""intensity"":30,""manual_distance"":0,""manual_calories"":117,""hr_average"":0,""hr_min"":0,""hr_max"":0,""hr_zone_0"":0,""hr_zone_1"":0,""hr_zone_2"":0,""hr_zone_3"":0,""pause_duration"":0,""steps"":99,""distance"":69,""elevation"":4,""metcumul"":4}",,2025-08-07T06:06:27+08:00
2024-09-21T07:09:00+08:00,2024-09-21T07:54:30+08:00,,,Australia/Perth,Weights,"{""calories"":168,""intensity"":30,""manual_distance"":0,""manual_calories"":168,""hr_average"":0,""hr_min"":0,""hr_max"":0,""hr_zone_0"":0,""hr_zone_1"":0,""hr_zone_2"":0,""hr_zone_3"":0,""pause_duration"":0,""steps"":277,""distance"":194,""elevation"":9,""metcumul"":9}",,2025-08-07T06:06:29+08:00
2024-09-30T20:11:57+08:00,2024-09-30T21:09:01+08:00,,,Australia/Perth,Weights,"{""calories"":208,""intensity"":30,""manual_distance"":0,""manual_calories"":208,""hr_average"":0,""hr_min"":0,""hr_max"":0,""hr_zone_0"":0,""hr_zone_1"":0,""hr_zone_2"":0,""hr_zone_3"":0,""pause_duration"":0,""steps"":123,""distance"":86,""elevation"":5,""metcumul"":5}",,2025-08-07T06:06:30+08:00
2024-10-07T19:02:15+08:00,2024-10-07T19:39:36+08:00,,,Australia/Perth,Weights,"{""calories"":138,""intensity"":30,""manual_distance"":0,""manual_calories"":138,""hr_average"":0,""hr_min"":0,""hr_max"":0,""hr_zone_0"":0,""hr_zone_1"":0,""hr_zone_2"":0,""hr_zone_3"":0,""pause_duration"":0,""steps"":93,""distance"":65,""elevation"":3,""metcumul"":3}",,2025-08-07T06:06:32+08:00
2024-10-24T06:33:30+08:00,2024-10-24T07:19:13+08:00,,,Australia/Perth,Other,"{""calories"":339,""intensity"":30,""manual_distance"":0,""manual_calories"":339,""hr_average"":0,""hr_min"":0,""hr_max"":0,""hr_zone_0"":0,""hr_zone_1"":0,""hr_zone_2"":0,""hr_zone_3"":0,""pause_duration"":0,""steps"":174,""distance"":122,""elevation"":10,""metcumul"":10}",,2025-08-07T06:06:33+08:00
2024-10-21T17:41:05+08:00,2024-10-21T18:16:28+08:00,,,Australia/Perth,Other,"{""calories"":262,""intensity"":30,""manual_distance"":0,""manual_calories"":262,""hr_average"":0,""hr_min"":0,""hr_max"":0,""hr_zone_0"":0,""hr_zone_1"":0,""hr_zone_2"":0,""hr_zone_3"":0,""pause_duration"":0,""steps"":182,""distance"":127,""elevation"":3,""metcumul"":3}",,2025-08-07T06:06:35+08:00
2024-10-26T16:12:53+08:00,2024-10-26T16:50:32+08:00,,,Australia/Perth,Weights,"{""calories"":0,""intensity"":30,""manual_distance"":0,""manual_calories"":138,""hr_average"":0,""hr_min"":0,""hr_max"":0,""hr_zone_0"":0,""hr_zone_1"":0,""hr_zone_2"":0,""hr_zone_3"":0,""pause_duration"":0,""steps"":0,""distance"":0,""elevation"":0,""metcumul"":0}",,2025-08-07T06:06:37+08:00
2024-10-30T08:34:49+08:00,2024-10-30T09:20:31+08:00,,,Australia/Perth,Other,"{""calories"":0,""intensity"":30,""manual_distance"":0,""manual_calories"":340,""hr_average"":0,""hr_min"":0,""hr_max"":0,""hr_zone_0"":0,""hr_zone_1"":0,""hr_zone_2"":0,""hr_zone_3"":0,""pause_duration"":0,""steps"":0,""distance"":0,""elevation"":0,""metcumul"":0}",,2025-08-07T06:06:38+08:00
2024-11-21T06:42:54+08:00,2024-11-21T07:20:45+08:00,,,Australia/Perth,Other,"{""calories"":280,""intensity"":30,""manual_distance"":0,""manual_calories"":280,""hr_average"":0,""hr_min"":0,""hr_max"":0,""hr_zone_0"":0,""hr_zone_1"":0,""hr_zone_2"":0,""hr_zone_3"":0,""pause_duration"":0,""steps"":158,""distance"":112,""elevation"":4,""metcumul"":4}",,2025-08-07T06:06:40+08:00
2024-12-15T08:57:07+08:00,2024-12-15T09:37:17+08:00,,,Australia/Perth,Other,"{""calories"":297,""intensity"":30,""manual_distance"":0,""manual_calories"":297,""hr_average"":0,""hr_min"":0,""hr_max"":0,""hr_zone_0"":0,""hr_zone_1"":0,""hr_zone_2"":0,""hr_zone_3"":0,""pause_duration"":0,""steps"":104,""distance"":73,""elevation"":2,""metcumul"":2}",,2025-08-07T06:06:42+08:00
2024-12-09T17:57:20+08:00,2024-12-09T18:59:18+08:00,,,Australia/Perth,Other,"{""calories"":458,""intensity"":30,""manual_distance"":0,""manual_calories"":458,""hr_average"":0,""hr_min"":0,""hr_max"":0,""hr_zone_0"":0,""hr_zone_1"":0,""hr_zone_2"":0,""hr_zone_3"":0,""pause_duration"":0,""steps"":298,""distance"":209,""elevation"":10,""metcumul"":10}",,2025-08-07T06:06:43+08:00
2024-12-16T19:53:24+08:00,2024-12-16T20:39:36+08:00,,,Australia/Perth,Other,"{""calories"":341,""intensity"":30,""manual_distance"":0,""manual_calories"":341,""hr_average"":0,""hr_min"":0,""hr_max"":0,""hr_zone_0"":0,""hr_zone_1"":0,""hr_zone_2"":0,""hr_zone_3"":0,""pause_duration"":0,""steps"":105,""distance"":73,""elevation"":3,""metcumul"":3}",,2025-08-07T06:06:45+08:00
2024-12-12T07:05:37+08:00,2024-12-12T07:47:37+08:00,,,Australia/Perth,Other,"{""calories"":310,""intensity"":30,""manual_distance"":0,""manual_calories"":310,""hr_average"":0,""hr_min"":0,""hr_max"":0,""hr_zone_0"":0,""hr_zone_1"":0,""hr_zone_2"":0,""hr_zone_3"":0,""pause_duration"":0,""steps"":146,""distance"":102,""elevation"":4,""metcumul"":4}",,2025-08-07T06:06:47+08:00
2024-12-24T16:43:43+08:00,2024-12-24T17:19:41+08:00,,,Australia/Perth,Other,"{""calories"":266,""intensity"":30,""manual_distance"":0,""manual_calories"":266,""hr_average"":0,""hr_min"":0,""hr_max"":0,""hr_zone_0"":0,""hr_zone_1"":0,""hr_zone_2"":0,""hr_zone_3"":0,""pause_duration"":0,""steps"":74,""distance"":51,""elevation"":4,""metcumul"":4}",,2025-08-07T06:06:48+08:00
2025-01-25T09:50:42+08:00,2025-01-25T10:38:57+08:00,,,Australia/Perth,Other,"{""calories"":357,""intensity"":30,""manual_distance"":0,""manual_calories"":357,""hr_average"":0,""hr_min"":0,""hr_max"":0,""hr_zone_0"":0,""hr_zone_1"":0,""hr_zone_2"":0,""hr_zone_3"":0,""pause_duration"":0,""steps"":101,""distance"":70,""elevation"":2,""metcumul"":2}",,2025-08-07T06:06:50+08:00
2025-01-18T08:00:35+08:00,2025-01-18T09:02:56+08:00,,,Australia/Perth,Weights,"{""calories"":231,""intensity"":30,""manual_distance"":0,""manual_calories"":231,""hr_average"":0,""hr_min"":0,""hr_max"":0,""hr_zone_0"":0,""hr_zone_1"":0,""hr_zone_2"":0,""hr_zone_3"":0,""pause_duration"":0,""steps"":329,""distance"":232,""elevation"":10,""metcumul"":10}",,2025-08-07T06:06:52+08:00
2025-02-01T10:48:46+08:00,2025-02-01T11:35:26+08:00,,,Australia/Perth,Other,"{""calories"":346,""intensity"":30,""manual_distance"":0,""manual_calories"":346,""hr_average"":0,""hr_min"":0,""hr_max"":0,""hr_zone_0"":0,""hr_zone_1"":0,""hr_zone_2"":0,""hr_zone_3"":0,""pause_duration"":0,""steps"":31,""distance"":21,""elevation"":5,""metcumul"":5}",,2025-08-07T06:06:54+08:00
2025-03-03T07:54:07+08:00,2025-03-03T08:23:20+08:00,,,Australia/Perth,Other,"{""calories"":216,""intensity"":30,""manual_distance"":0,""manual_calories"":216,""hr_average"":0,""hr_min"":0,""hr_max"":0,""hr_zone_0"":0,""hr_zone_1"":0,""hr_zone_2"":0,""hr_zone_3"":0,""pause_duration"":0,""steps"":4,""distance"":2,""elevation"":1,""metcumul"":1}",,2025-08-07T06:06:55+08:00
2025-04-18T20:20:07+08:00,2025-04-18T21:03:26+08:00,,,Australia/Perth,Other,"{""calories"":320,""intensity"":30,""manual_distance"":0,""manual_calories"":320,""hr_average"":0,""hr_min"":0,""hr_max"":0,""hr_zone_0"":0,""hr_zone_1"":0,""hr_zone_2"":0,""hr_zone_3"":0,""pause_duration"":0,""steps"":150,""distance"":105,""elevation"":5,""metcumul"":5}",,2025-08-07T06:06:57+08:00
2025-04-21T16:46:18+08:00,2025-04-21T17:17:23+08:00,,,Australia/Perth,Other,"{""calories"":229,""intensity"":30,""manual_distance"":0,""manual_calories"":229,""hr_average"":0,""hr_min"":0,""hr_max"":0,""hr_zone_0"":0,""hr_zone_1"":0,""hr_zone_2"":0,""hr_zone_3"":0,""pause_duration"":0,""steps"":123,""distance"":86,""elevation"":3,""metcumul"":3}",,2025-08-07T06:06:59+08:00
2025-04-23T06:43:47+08:00,2025-04-23T07:18:19+08:00,,,Australia/Perth,Other,"{""calories"":0,""intensity"":30,""manual_distance"":0,""manual_calories"":253,""hr_average"":0,""hr_min"":0,""hr_max"":0,""hr_zone_0"":0,""hr_zone_1"":0,""hr_zone_2"":0,""hr_zone_3"":0,""pause_duration"":0,""steps"":0,""distance"":0,""elevation"":0,""metcumul"":0}",,2025-08-07T06:07:00+08:00
2025-04-25T10:38:12+08:00,2025-04-25T11:37:10+08:00,,,Australia/Perth,Other,"{""calories"":435,""intensity"":30,""manual_distance"":0,""manual_calories"":435,""hr_average"":0,""hr_min"":0,""hr_max"":0,""hr_zone_0"":0,""hr_zone_1"":0,""hr_zone_2"":0,""hr_zone_3"":0,""pause_duration"":0,""steps"":84,""distance"":58,""elevation"":4,""metcumul"":4}",,2025-08-07T06:07:02+08:00
2025-04-27T15:45:24+08:00,2025-04-27T16:23:03+08:00,,,Australia/Perth,Other,"{""calories"":277,""intensity"":30,""manual_distance"":0,""manual_calories"":277,""hr_average"":0,""hr_min"":0,""hr_max"":0,""hr_zone_0"":0,""hr_zone_1"":0,""hr_zone_2"":0,""hr_zone_3"":0,""pause_duration"":0,""steps"":69,""distance"":48,""elevation"":2,""metcumul"":2}",,2025-08-07T06:07:04+08:00
2025-05-01T19:43:00+08:00,2025-05-01T20:26:28+08:00,,,Australia/Perth,Other,"{""calories"":322,""intensity"":30,""manual_distance"":0,""manual_calories"":322,""hr_average"":0,""hr_min"":0,""hr_max"":0,""hr_zone_0"":0,""hr_zone_1"":0,""hr_zone_2"":0,""hr_zone_3"":0,""pause_duration"":0,""steps"":79,""distance"":55,""elevation"":5,""metcumul"":5}",,2025-08-07T06:07:05+08:00
2025-05-02T13:05:05+08:00,2025-05-02T13:42:06+08:00,,,Australia/Perth,Other,"{""calories"":274,""intensity"":30,""manual_distance"":0,""manual_calories"":274,""hr_average"":0,""hr_min"":0,""hr_max"":0,""hr_zone_0"":0,""hr_zone_1"":0,""hr_zone_2"":0,""hr_zone_3"":0,""pause_duration"":0,""steps"":76,""distance"":53,""elevation"":2,""metcumul"":2}",,2025-08-07T06:07:07+08:00
2025-05-11T17:49:45+08:00,2025-05-11T18:39:10+08:00,,,Australia/Perth,Other,"{""calories"":365,""intensity"":30,""manual_distance"":0,""manual_calories"":365,""hr_average"":0,""hr_min"":0,""hr_max"":0,""hr_zone_0"":0,""hr_zone_1"":0,""hr_zone_2"":0,""hr_zone_3"":0,""pause_duration"":0,""steps"":262,""distance"":187,""elevation"":8,""metcumul"":8}",,2025-08-07T06:07:09+08:00
2025-05-15T19:17:41+08:00,2025-05-15T19:59:12+08:00,,,Australia/Perth,Other,"{""calories"":308,""intensity"":30,""manual_distance"":0,""manual_calories"":308,""hr_average"":0,""hr_min"":0,""hr_max"":0,""hr_zone_0"":0,""hr_zone_1"":0,""hr_zone_2"":0,""hr_zone_3"":0,""pause_duration"":0,""steps"":69,""distance"":48,""elevation"":2,""metcumul"":2}",,2025-08-07T06:07:10+08:00
2025-05-18T14:14:31+08:00,2025-05-18T14:53:31+08:00,,,Australia/Perth,Other,"{""calories"":0,""intensity"":30,""manual_distance"":0,""manual_calories"":288,""hr_average"":0,""hr_min"":0,""hr_max"":0,""hr_zone_0"":0,""hr_zone_1"":0,""hr_zone_2"":0,""hr_zone_3"":0,""pause_duration"":0,""steps"":0,""distance"":0,""elevation"":0,""metcumul"":0}",,2025-08-07T06:07:12+08:00
2025-05-20T06:23:04+08:00,2025-05-20T07:06:52+08:00,,,Australia/Perth,Other,"{""calories"":323,""intensity"":30,""manual_distance"":0,""manual_calories"":323,""hr_average"":0,""hr_min"":0,""hr_max"":0,""hr_zone_0"":0,""hr_zone_1"":0,""hr_zone_2"":0,""hr_zone_3"":0,""pause_duration"":0,""steps"":94,""distance"":65,""elevation"":5,""metcumul"":5}",,2025-08-07T06:07:13+08:00
2025-05-23T06:42:43+08:00,2025-05-23T07:09:56+08:00,,,Australia/Perth,Other,"{""calories"":0,""intensity"":30,""manual_distance"":0,""manual_calories"":201,""hr_average"":0,""hr_min"":0,""hr_max"":0,""hr_zone_0"":0,""hr_zone_1"":0,""hr_zone_2"":0,""hr_zone_3"":0,""pause_duration"":0,""steps"":0,""distance"":0,""elevation"":0,""metcumul"":0}",,2025-08-07T06:07:15+08:00
2025-05-26T06:27:53+08:00,2025-05-26T07:20:39+08:00,,,Australia/Perth,Other,"{""calories"":393,""intensity"":30,""manual_distance"":0,""manual_calories"":393,""hr_average"":0,""hr_min"":0,""hr_max"":0,""hr_zone_0"":0,""hr_zone_1"":0,""hr_zone_2"":0,""hr_zone_3"":0,""pause_duration"":0,""steps"":147,""distance"":103,""elevation"":5,""metcumul"":5}",,2025-08-07T06:07:17+08:00
2025-05-28T18:16:36+08:00,2025-05-28T18:46:40+08:00,,,Australia/Perth,Other,"{""calories"":0,""intensity"":30,""manual_distance"":0,""manual_calories"":222,""hr_average"":0,""hr_min"":0,""hr_max"":0,""hr_zone_0"":0,""hr_zone_1"":0,""hr_zone_2"":0,""hr_zone_3"":0,""pause_duration"":0,""steps"":0,""distance"":0,""elevation"":0,""metcumul"":0}",,2025-08-07T06:07:18+08:00
2025-06-04T06:17:03+08:00,2025-06-04T06:58:14+08:00,,,Australia/Perth,Other,"{""calories"":305,""intensity"":30,""manual_distance"":0,""manual_calories"":305,""hr_average"":0,""hr_min"":0,""hr_max"":0,""hr_zone_0"":0,""hr_zone_1"":0,""hr_zone_2"":0,""hr_zone_3"":0,""pause_duration"":0,""steps"":108,""distance"":75,""elevation"":4,""metcumul"":4}",,2025-08-07T06:07:20+08:00
2025-06-11T18:22:26+08:00,2025-06-11T18:53:52+08:00,,,Australia/Perth,Other,"{""calories"":0,""intensity"":30,""manual_distance"":0,""manual_calories"":231,""hr_average"":0,""hr_min"":0,""hr_max"":0,""hr_zone_0"":0,""hr_zone_1"":0,""hr_zone_2"":0,""hr_zone_3"":0,""pause_duration"":0,""steps"":0,""distance"":0,""elevation"":0,""metcumul"":0}",,2025-08-07T06:07:21+08:00
2025-06-16T06:45:08+08:00,2025-06-16T07:29:27+08:00,,,Australia/Perth,Other,"{""calories"":0,""intensity"":30,""manual_distance"":0,""manual_calories"":328,""hr_average"":0,""hr_min"":0,""hr_max"":0,""hr_zone_0"":0,""hr_zone_1"":0,""hr_zone_2"":0,""hr_zone_3"":0,""pause_duration"":0,""steps"":0,""distance"":0,""elevation"":0,""metcumul"":0}",,2025-08-07T06:07:23+08:00
2025-06-18T19:42:26+08:00,2025-06-18T20:17:10+08:00,,,Australia/Perth,Other,"{""calories"":0,""intensity"":30,""manual_distance"":0,""manual_calories"":256,""hr_average"":0,""hr_min"":0,""hr_max"":0,""hr_zone_0"":0,""hr_zone_1"":0,""hr_zone_2"":0,""hr_zone_3"":0,""pause_duration"":0,""steps"":0,""distance"":0,""elevation"":0,""metcumul"":0}",,2025-08-07T06:07:25+08:00
2025-06-20T06:46:27+08:00,2025-06-20T07:23:31+08:00,,,Australia/Perth,Other,"{""calories"":0,""intensity"":30,""manual_distance"":0,""manual_calories"":273,""hr_average"":0,""hr_min"":0,""hr_max"":0,""hr_zone_0"":0,""hr_zone_1"":0,""hr_zone_2"":0,""hr_zone_3"":0,""pause_duration"":0,""steps"":0,""distance"":0,""elevation"":0,""metcumul"":0}",,2025-08-07T06:07:26+08:00
2025-06-22T19:18:08+08:00,2025-06-22T20:09:47+08:00,,,Australia/Perth,Other,"{""calories"":0,""intensity"":30,""manual_distance"":0,""manual_calories"":381,""hr_average"":0,""hr_min"":0,""hr_max"":0,""hr_zone_0"":0,""hr_zone_1"":0,""hr_zone_2"":0,""hr_zone_3"":0,""pause_duration"":0,""steps"":0,""distance"":0,""elevation"":0,""metcumul"":0}",,2025-08-07T06:07:28+08:00
2025-07-01T06:50:49+08:00,2025-07-01T07:22:06+08:00,,,Australia/Perth,Other,"{""calories"":232,""intensity"":30,""manual_distance"":0,""manual_calories"":232,""hr_average"":0,""hr_min"":0,""hr_max"":0,""hr_zone_0"":0,""hr_zone_1"":0,""hr_zone_2"":0,""hr_zone_3"":0,""pause_duration"":0,""steps"":85,""distance"":59,""elevation"":2,""metcumul"":2}",,2025-08-07T06:07:30+08:00
2025-07-04T06:45:48+08:00,2025-07-04T07:35:45+08:00,,,Australia/Perth,Other,"{""calories"":369,""intensity"":30,""manual_distance"":0,""manual_calories"":369,""hr_average"":0,""hr_min"":0,""hr_max"":0,""hr_zone_0"":0,""hr_zone_1"":0,""hr_zone_2"":0,""hr_zone_3"":0,""pause_duration"":0,""steps"":88,""distance"":61,""elevation"":5,""metcumul"":5}",,2025-08-07T06:07:31+08:00
2025-07-07T17:11:24+08:00,2025-07-07T17:52:05+08:00,,,Australia/Perth,Other,"{""calories"":301,""intensity"":30,""manual_distance"":0,""manual_calories"":301,""hr_average"":0,""hr_min"":0,""hr_max"":0,""hr_zone_0"":0,""hr_zone_1"":0,""hr_zone_2"":0,""hr_zone_3"":0,""pause_duration"":0,""steps"":91,""distance"":63,""elevation"":4,""metcumul"":4}",,2025-08-07T06:07:33+08:00
2025-07-10T07:01:52+08:00,2025-07-10T07:36:45+08:00,,,Australia/Perth,Other,"{""calories"":0,""intensity"":30,""manual_distance"":0,""manual_calories"":257,""hr_average"":0,""hr_min"":0,""hr_max"":0,""hr_zone_0"":0,""hr_zone_1"":0,""hr_zone_2"":0,""hr_zone_3"":0,""pause_duration"":0,""steps"":0,""distance"":0,""elevation"":0,""metcumul"":0}",,2025-08-07T06:07:34+08:00
2025-07-16T17:09:28+08:00,2025-07-16T17:41:32+08:00,,,Australia/Perth,Other,"{""calories"":0,""intensity"":30,""manual_distance"":0,""manual_calories"":236,""hr_average"":0,""hr_min"":0,""hr_max"":0,""hr_zone_0"":0,""hr_zone_1"":0,""hr_zone_2"":0,""hr_zone_3"":0,""pause_duration"":0,""steps"":0,""distance"":0,""elevation"":0,""metcumul"":0}",,2025-08-07T06:07:36+08:00
2025-07-20T10:50:17+08:00,2025-07-20T11:33:55+08:00,,,Australia/Perth,Other,"{""calories"":0,""intensity"":30,""manual_distance"":0,""manual_calories"":321,""hr_average"":0,""hr_min"":0,""hr_max"":0,""hr_zone_0"":0,""hr_zone_1"":0,""hr_zone_2"":0,""hr_zone_3"":0,""pause_duration"":0,""steps"":0,""distance"":0,""elevation"":0,""metcumul"":0}",,2025-08-07T06:07:38+08:00
2025-07-21T19:35:05+08:00,2025-07-21T20:28:48+08:00,,,Australia/Perth,Other,"{""calories"":396,""intensity"":30,""manual_distance"":0,""manual_calories"":396,""hr_average"":0,""hr_min"":0,""hr_max"":0,""hr_zone_0"":0,""hr_zone_1"":0,""hr_zone_2"":0,""hr_zone_3"":0,""pause_duration"":0,""steps"":292,""distance"":251,""elevation"":3,""metcumul"":3}",,2025-08-07T06:07:39+08:00
2025-07-23T05:58:32+08:00,2025-07-23T06:43:01+08:00,,,Australia/Perth,Other,"{""calories"":0,""intensity"":30,""manual_distance"":0,""manual_calories"":328,""hr_average"":0,""hr_min"":0,""hr_max"":0,""hr_zone_0"":0,""hr_zone_1"":0,""hr_zone_2"":0,""hr_zone_3"":0,""pause_duration"":0,""steps"":0,""distance"":0,""elevation"":0,""metcumul"":0}",,2025-08-07T06:07:41+08:00
2025-07-25T19:43:48+08:00,2025-07-25T20:43:56+08:00,,,Australia/Perth,Other,"{""calories"":446,""intensity"":30,""manual_distance"":0,""manual_calories"":446,""hr_average"":0,""hr_min"":0,""hr_max"":0,""hr_zone_0"":0,""hr_zone_1"":0,""hr_zone_2"":0,""hr_zone_3"":0,""pause_duration"":0,""steps"":68,""distance"":47,""elevation"":5,""metcumul"":5}",,2025-08-07T06:07:42+08:00
2025-08-04T06:31:13+08:00,2025-08-04T07:14:22+08:00,,,Australia/Perth,Other,"{""calories"":0,""intensity"":30,""manual_distance"":0,""manual_calories"":319,""hr_average"":0,""hr_min"":0,""hr_max"":0,""hr_zone_0"":0,""hr_zone_1"":0,""hr_zone_2"":0,""hr_zone_3"":0,""pause_duration"":0,""steps"":0,""distance"":0,""elevation"":0,""metcumul"":0}",,2025-08-07T06:07:44+08:00
2024-07-06T10:46:42+08:00,2024-07-06T11:42:55+08:00,,,Australia/Perth,Other,"{""calories"":0,""intensity"":30,""manual_distance"":0,""manual_calories"":413,""hr_average"":0,""hr_min"":0,""hr_max"":0,""hr_zone_0"":0,""hr_zone_1"":0,""hr_zone_2"":0,""hr_zone_3"":0,""pause_duration"":0,""steps"":0,""distance"":0,""elevation"":0,""metcumul"":0}",,2025-08-08T06:35:17+08:00
2024-07-13T16:09:27+08:00,2024-07-13T16:46:55+08:00,,,Australia/Perth,Other,"{""calories"":0,""intensity"":30,""manual_distance"":0,""manual_calories"":273,""hr_average"":0,""hr_min"":0,""hr_max"":0,""hr_zone_0"":0,""hr_zone_1"":0,""hr_zone_2"":0,""hr_zone_3"":0,""pause_duration"":0,""steps"":0,""distance"":0,""elevation"":0,""metcumul"":0}",,2025-08-08T06:35:19+08:00
2024-07-19T20:35:44+08:00,2024-07-19T21:13:00+08:00,,,Australia/Perth,Other,"{""calories"":0,""intensity"":30,""manual_distance"":0,""manual_calories"":273,""hr_average"":0,""hr_min"":0,""hr_max"":0,""hr_zone_0"":0,""hr_zone_1"":0,""hr_zone_2"":0,""hr_zone_3"":0,""pause_duration"":0,""steps"":0,""distance"":0,""elevation"":0,""metcumul"":0}",,2025-08-08T06:35:20+08:00
2024-08-10T16:31:14+08:00,2024-08-10T17:06:16+08:00,,,Australia/Perth,Other,"{""calories"":0,""intensity"":30,""manual_distance"":0,""manual_calories"":258,""hr_average"":0,""hr_min"":0,""hr_max"":0,""hr_zone_0"":0,""hr_zone_1"":0,""hr_zone_2"":0,""hr_zone_3"":0,""pause_duration"":0,""steps"":0,""distance"":0,""elevation"":0,""metcumul"":0}",,2025-08-08T06:35:22+08:00
2024-09-08T11:27:28+08:00,2024-09-08T12:06:28+08:00,,,Australia/Perth,Other,"{""calories"":0,""intensity"":30,""manual_distance"":0,""manual_calories"":288,""hr_average"":0,""hr_min"":0,""hr_max"":0,""hr_zone_0"":0,""hr_zone_1"":0,""hr_zone_2"":0,""hr_zone_3"":0,""pause_duration"":0,""steps"":0,""distance"":0,""elevation"":0,""metcumul"":0}",,2025-08-08T06:35:24+08:00
2024-09-09T18:14:50+08:00,2024-09-09T18:46:37+08:00,,,Australia/Perth,Other,"{""calories"":0,""intensity"":30,""manual_distance"":0,""manual_calories"":234,""hr_average"":0,""hr_min"":0,""hr_max"":0,""hr_zone_0"":0,""hr_zone_1"":0,""hr_zone_2"":0,""hr_zone_3"":0,""pause_duration"":0,""steps"":0,""distance"":0,""elevation"":0,""metcumul"":0}",,2025-08-08T06:35:25+08:00
2024-09-17T18:23:34+08:00,2024-09-17T19:00:44+08:00,,,Australia/Perth,Other,"{""calories"":0,""intensity"":30,""manual_distance"":0,""manual_calories"":276,""hr_average"":0,""hr_min"":0,""hr_max"":0,""hr_zone_0"":0,""hr_zone_1"":0,""hr_zone_2"":0,""hr_zone_3"":0,""pause_duration"":0,""steps"":0,""distance"":0,""elevation"":0,""metcumul"":0}",,2025-08-08T06:35:27+08:00
2024-09-21T07:09:00+08:00,2024-09-21T07:54:30+08:00,,,Australia/Perth,Other,"{""calories"":0,""intensity"":30,""manual_distance"":0,""manual_calories"":337,""hr_average"":0,""hr_min"":0,""hr_max"":0,""hr_zone_0"":0,""hr_zone_1"":0,""hr_zone_2"":0,""hr_zone_3"":0,""pause_duration"":0,""steps"":0,""distance"":0,""elevation"":0,""metcumul"":0}",,2025-08-08T06:35:29+08:00
2024-09-30T20:11:57+08:00,2024-09-30T21:09:01+08:00,,,Australia/Perth,Other,"{""calories"":0,""intensity"":30,""manual_distance"":0,""manual_calories"":417,""hr_average"":0,""hr_min"":0,""hr_max"":0,""hr_zone_0"":0,""hr_zone_1"":0,""hr_zone_2"":0,""hr_zone_3"":0,""pause_duration"":0,""steps"":0,""distance"":0,""elevation"":0,""metcumul"":0}",,2025-08-08T06:35:30+08:00
2024-10-26T16:12:53+08:00,2024-10-26T16:50:32+08:00,,,Australia/Perth,Other,"{""calories"":0,""intensity"":30,""manual_distance"":0,""manual_calories"":276,""hr_average"":0,""hr_min"":0,""hr_max"":0,""hr_zone_0"":0,""hr_zone_1"":0,""hr_zone_2"":0,""hr_zone_3"":0,""pause_duration"":0,""steps"":0,""distance"":0,""elevation"":0,""metcumul"":0}",,2025-08-08T06:35:32+08:00
2025-01-18T08:00:35+08:00,2025-01-18T09:02:56+08:00,,,Australia/Perth,Other,"{""calories"":0,""intensity"":30,""manual_distance"":0,""manual_calories"":462,""hr_average"":0,""hr_min"":0,""hr_max"":0,""hr_zone_0"":0,""hr_zone_1"":0,""hr_zone_2"":0,""hr_zone_3"":0,""pause_duration"":0,""steps"":0,""distance"":0,""elevation"":0,""metcumul"":0}",,2025-08-08T06:35:33+08:00
2025-08-04T06:31:13+08:00,2025-08-04T07:14:22+08:00,,,Australia/Perth,Other,"{""calories"":0,""intensity"":30,""manual_distance"":0,""manual_calories"":319,""hr_average"":0,""hr_min"":0,""hr_max"":0,""hr_zone_0"":0,""hr_zone_1"":0,""hr_zone_2"":0,""hr_zone_3"":0,""pause_duration"":0,""steps"":0,""distance"":0,""elevation"":0,""metcumul"":0}",,2025-08-08T06:35:35+08:00
2025-08-07T06:48:35+08:00,2025-08-07T07:30:48+08:00,,,Australia/Perth,Other,"{""calories"":0,""intensity"":30,""manual_distance"":0,""manual_calories"":312,""hr_average"":0,""hr_min"":0,""hr_max"":0,""hr_zone_0"":0,""hr_zone_1"":0,""hr_zone_2"":0,""hr_zone_3"":0,""pause_duration"":0,""steps"":0,""distance"":0,""elevation"":0,""metcumul"":0}",,2025-08-08T06:35:45+08:00
2025-08-09T09:35:24+08:00,2025-08-09T10:32:40+08:00,,,Australia/Perth,Other,"{""calories"":0,""intensity"":30,""manual_distance"":0,""manual_calories"":424,""hr_average"":0,""hr_min"":0,""hr_max"":0,""hr_zone_0"":0,""hr_zone_1"":0,""hr_zone_2"":0,""hr_zone_3"":0,""pause_duration"":0,""steps"":0,""distance"":0,""elevation"":0,""metcumul"":0}",,2025-08-13T09:34:52+08:00
2025-08-11T17:09:32+08:00,2025-08-11T17:49:08+08:00,,,Australia/Perth,Other,"{""calories"":0,""intensity"":30,""manual_distance"":0,""manual_calories"":293,""hr_average"":0,""hr_min"":0,""hr_max"":0,""hr_zone_0"":0,""hr_zone_1"":0,""hr_zone_2"":0,""hr_zone_3"":0,""pause_duration"":0,""steps"":0,""distance"":0,""elevation"":0,""metcumul"":0}",,2025-08-13T10:13:57+08:00
2025-08-13T19:57:15+08:00,2025-08-13T20:50:20+08:00,,,Australia/Perth,Other,"{""calories"":0,""intensity"":30,""manual_distance"":0,""manual_calories"":392,""hr_average"":0,""hr_min"":0,""hr_max"":0,""hr_zone_0"":0,""hr_zone_1"":0,""hr_zone_2"":0,""hr_zone_3"":0,""pause_duration"":0,""steps"":0,""distance"":0,""elevation"":0,""metcumul"":0}",,2025-08-14T18:48:51+08:00
2025-08-15T13:32:54+08:00,2025-08-15T13:46:04+08:00,,,Australia/Perth,Walking,"{""calories"":53,""intensity"":30,""manual_distance"":0,""manual_calories"":0,""hr_average"":0,""hr_min"":0,""hr_max"":0,""hr_zone_0"":0,""hr_zone_1"":0,""hr_zone_2"":0,""hr_zone_3"":0,""pause_duration"":0,""steps"":850,""distance"":648,""elevation"":13,""metcumul"":13}",,2025-10-09T08:34:27+08:00
2025-08-18T16:41:20+08:00,2025-08-18T16:47:16+08:00,,,Australia/Perth,Walking,"{""calories"":24,""intensity"":30,""manual_distance"":0,""manual_calories"":0,""hr_average"":0,""hr_min"":0,""hr_max"":0,""hr_zone_0"":0,""hr_zone_1"":0,""hr_zone_2"":0,""hr_zone_3"":0,""pause_duration"":0,""steps"":671,""distance"":526,""elevation"":6,""metcumul"":6}",,2025-10-09T08:34:28+08:00
2025-08-21T17:09:24+08:00,2025-08-21T17:18:50+08:00,,,Australia/Perth,Walking,"{""calories"":38,""intensity"":30,""manual_distance"":0,""manual_calories"":0,""hr_average"":0,""hr_min"":0,""hr_max"":0,""hr_zone_0"":0,""hr_zone_1"":0,""hr_zone_2"":0,""hr_zone_3"":0,""pause_duration"":0,""steps"":749,""distance"":547,""elevation"":10,""metcumul"":10}",,2025-10-09T08:34:30+08:00
2025-08-25T17:12:59+08:00,2025-08-25T17:44:45+08:00,,,Australia/Perth,Other,"{""calories"":0,""intensity"":30,""manual_distance"":0,""manual_calories"":233,""hr_average"":0,""hr_min"":0,""hr_max"":0,""hr_zone_0"":0,""hr_zone_1"":0,""hr_zone_2"":0,""hr_zone_3"":0,""pause_duration"":0,""steps"":0,""distance"":0,""elevation"":0,""metcumul"":0}",,2025-08-26T08:01:01+08:00
2025-08-27T06:49:31+08:00,2025-08-27T07:32:17+08:00,,,Australia/Perth,Other,"{""calories"":0,""intensity"":30,""manual_distance"":0,""manual_calories"":315,""hr_average"":0,""hr_min"":0,""hr_max"":0,""hr_zone_0"":0,""hr_zone_1"":0,""hr_zone_2"":0,""hr_zone_3"":0,""pause_duration"":0,""steps"":0,""distance"":0,""elevation"":0,""metcumul"":0}",,2025-08-27T08:43:47+08:00
2025-08-30T12:33:07+08:00,2025-08-30T13:16:25+08:00,,,Australia/Perth,Other,"{""calories"":0,""intensity"":30,""manual_distance"":0,""manual_calories"":320,""hr_average"":0,""hr_min"":0,""hr_max"":0,""hr_zone_0"":0,""hr_zone_1"":0,""hr_zone_2"":0,""hr_zone_3"":0,""pause_duration"":0,""steps"":0,""distance"":0,""elevation"":0,""metcumul"":0}",,2025-08-30T15:21:46+08:00
2025-09-01T06:17:23+08:00,2025-09-01T07:03:44+08:00,,,Australia/Perth,Other,"{""calories"":0,""intensity"":30,""manual_distance"":0,""manual_calories"":343,""hr_average"":0,""hr_min"":0,""hr_max"":0,""hr_zone_0"":0,""hr_zone_1"":0,""hr_zone_2"":0,""hr_zone_3"":0,""pause_duration"":0,""steps"":0,""distance"":0,""elevation"":0,""metcumul"":0}",,2025-09-02T17:34:33+08:00
2025-09-03T07:00:43+08:00,2025-09-03T07:53:51+08:00,,,Australia/Perth,Other,"{""calories"":0,""intensity"":30,""manual_distance"":0,""manual_calories"":392,""hr_average"":0,""hr_min"":0,""hr_max"":0,""hr_zone_0"":0,""hr_zone_1"":0,""hr_zone_2"":0,""hr_zone_3"":0,""pause_duration"":0,""steps"":0,""distance"":0,""elevation"":0,""metcumul"":0}",,2025-09-04T06:40:16+08:00
2025-09-05T18:44:51+08:00,2025-09-05T19:22:16+08:00,,,Australia/Perth,Other,"{""calories"":0,""intensity"":30,""manual_distance"":0,""manual_calories"":275,""hr_average"":0,""hr_min"":0,""hr_max"":0,""hr_zone_0"":0,""hr_zone_1"":0,""hr_zone_2"":0,""hr_zone_3"":0,""pause_duration"":0,""steps"":0,""distance"":0,""elevation"":0,""metcumul"":0}",,2025-09-07T10:57:41+08:00
2025-09-07T11:20:18+08:00,2025-09-07T12:17:39+08:00,,,Australia/Perth,Other,"{""calories"":0,""intensity"":30,""manual_distance"":0,""manual_calories"":423,""hr_average"":0,""hr_min"":0,""hr_max"":0,""hr_zone_0"":0,""hr_zone_1"":0,""hr_zone_2"":0,""hr_zone_3"":0,""pause_duration"":0,""steps"":0,""distance"":0,""elevation"":0,""metcumul"":0}",,2025-09-09T08:12:29+08:00
2025-09-08T17:02:42+08:00,2025-09-08T17:38:30+08:00,,,Australia/Perth,Other,"{""calories"":0,""intensity"":30,""manual_distance"":0,""manual_calories"":263,""hr_average"":0,""hr_min"":0,""hr_max"":0,""hr_zone_0"":0,""hr_zone_1"":0,""hr_zone_2"":0,""hr_zone_3"":0,""pause_duration"":0,""steps"":0,""distance"":0,""elevation"":0,""metcumul"":0}",,2025-09-10T06:37:16+08:00
2025-09-11T20:17:28+08:00,2025-09-11T21:10:00+08:00,,,Australia/Perth,Other,"{""calories"":0,""intensity"":30,""manual_distance"":0,""manual_calories"":389,""hr_average"":0,""hr_min"":0,""hr_max"":0,""hr_zone_0"":0,""hr_zone_1"":0,""hr_zone_2"":0,""hr_zone_3"":0,""pause_duration"":0,""steps"":0,""distance"":0,""elevation"":0,""metcumul"":0}",,2025-09-13T11:07:54+08:00
2025-09-15T17:10:35+08:00,2025-09-15T17:48:29+08:00,,,Australia/Perth,Other,"{""calories"":0,""intensity"":30,""manual_distance"":0,""manual_calories"":279,""hr_average"":0,""hr_min"":0,""hr_max"":0,""hr_zone_0"":0,""hr_zone_1"":0,""hr_zone_2"":0,""hr_zone_3"":0,""pause_duration"":0,""steps"":0,""distance"":0,""elevation"":0,""metcumul"":0}",,2025-09-16T17:09:38+08:00
2025-09-17T06:41:39+08:00,2025-09-17T07:29:57+08:00,,,Australia/Perth,Other,"{""calories"":0,""intensity"":30,""manual_distance"":0,""manual_calories"":359,""hr_average"":0,""hr_min"":0,""hr_max"":0,""hr_zone_0"":0,""hr_zone_1"":0,""hr_zone_2"":0,""hr_zone_3"":0,""pause_duration"":0,""steps"":0,""distance"":0,""elevation"":0,""metcumul"":0}",,2025-09-17T13:07:19+08:00
2025-09-21T10:57:23+08:00,2025-09-21T11:49:22+08:00,,,Australia/Perth,Other,"{""calories"":0,""intensity"":30,""manual_distance"":0,""manual_calories"":383,""hr_average"":0,""hr_min"":0,""hr_max"":0,""hr_zone_0"":0,""hr_zone_1"":0,""hr_zone_2"":0,""hr_zone_3"":0,""pause_duration"":0,""steps"":0,""distance"":0,""elevation"":0,""metcumul"":0}",,2025-09-23T02:03:15+08:00
2025-09-22T16:52:42+08:00,2025-09-22T17:35:56+08:00,,,Australia/Perth,Other,"{""calories"":0,""intensity"":30,""manual_distance"":0,""manual_calories"":319,""hr_average"":0,""hr_min"":0,""hr_max"":0,""hr_zone_0"":0,""hr_zone_1"":0,""hr_zone_2"":0,""hr_zone_3"":0,""pause_duration"":0,""steps"":0,""distance"":0,""elevation"":0,""metcumul"":0}",,2025-09-24T21:12:01+08:00
2025-09-25T06:24:32+08:00,2025-09-25T07:10:32+08:00,,,Australia/Perth,Other,"{""calories"":0,""intensity"":30,""manual_distance"":0,""manual_calories"":341,""hr_average"":0,""hr_min"":0,""hr_max"":0,""hr_zone_0"":0,""hr_zone_1"":0,""hr_zone_2"":0,""hr_zone_3"":0,""pause_duration"":0,""steps"":0,""distance"":0,""elevation"":0,""metcumul"":0}",,2025-09-26T20:41:50+08:00
2025-09-26T18:33:39+08:00,2025-09-26T19:20:17+08:00,,,Australia/Perth,Other,"{""calories"":0,""intensity"":30,""manual_distance"":0,""manual_calories"":346,""hr_average"":0,""hr_min"":0,""hr_max"":0,""hr_zone_0"":0,""hr_zone_1"":0,""hr_zone_2"":0,""hr_zone_3"":0,""pause_duration"":0,""steps"":0,""distance"":0,""elevation"":0,""metcumul"":0}",,2025-09-26T20:41:51+08:00
2025-09-28T20:04:40+08:00,2025-09-28T20:55:52+08:00,,,Australia/Perth,Other,"{""calories"":0,""intensity"":30,""manual_distance"":0,""manual_calories"":379,""hr_average"":0,""hr_min"":0,""hr_max"":0,""hr_zone_0"":0,""hr_zone_1"":0,""hr_zone_2"":0,""hr_zone_3"":0,""pause_duration"":0,""steps"":0,""distance"":0,""elevation"":0,""metcumul"":0}",,2025-10-02T22:32:56+08:00
2025-09-29T13:52:41+08:00,2025-09-29T14:52:17+08:00,,,Australia/Perth,Other,"{""calories"":0,""intensity"":30,""manual_distance"":0,""manual_calories"":440,""hr_average"":0,""hr_min"":0,""hr_max"":0,""hr_zone_0"":0,""hr_zone_1"":0,""hr_zone_2"":0,""hr_zone_3"":0,""pause_duration"":0,""steps"":0,""distance"":0,""elevation"":0,""metcumul"":0}",,2025-10-05T09:14:22+08:00
2025-10-03T06:59:25+08:00,2025-10-03T07:44:31+08:00,,,Australia/Perth,Other,"{""calories"":0,""intensity"":30,""manual_distance"":0,""manual_calories"":333,""hr_average"":0,""hr_min"":0,""hr_max"":0,""hr_zone_0"":0,""hr_zone_1"":0,""hr_zone_2"":0,""hr_zone_3"":0,""pause_duration"":0,""steps"":0,""distance"":0,""elevation"":0,""metcumul"":0}",,2025-10-05T19:58:08+08:00
2025-10-05T14:41:59+08:00,2025-10-05T15:41:07+08:00,,,Australia/Perth,Other,"{""calories"":0,""intensity"":30,""manual_distance"":0,""manual_calories"":438,""hr_average"":0,""hr_min"":0,""hr_max"":0,""hr_zone_0"":0,""hr_zone_1"":0,""hr_zone_2"":0,""hr_zone_3"":0,""pause_duration"":0,""steps"":0,""distance"":0,""elevation"":0,""metcumul"":0}",,2025-10-05T19:58:10+08:00
2025-10-06T17:02:03+08:00,2025-10-06T17:49:39+08:00,,,Australia/Perth,Other,"{""calories"":0,""intensity"":30,""manual_distance"":0,""manual_calories"":351,""hr_average"":0,""hr_min"":0,""hr_max"":0,""hr_zone_0"":0,""hr_zone_1"":0,""hr_zone_2"":0,""hr_zone_3"":0,""pause_duration"":0,""steps"":0,""distance"":0,""elevation"":0,""metcumul"":0}",,2025-10-07T07:55:55+08:00
2025-08-16T11:00:11+08:00,2025-08-16T11:51:04+08:00,,,Australia/Perth,Other,"{""calories"":0,""intensity"":30,""manual_distance"":0,""manual_calories"":375,""hr_average"":0,""hr_min"":0,""hr_max"":0,""hr_zone_0"":0,""hr_zone_1"":0,""hr_zone_2"":0,""hr_zone_3"":0,""pause_duration"":0,""steps"":0,""distance"":0,""elevation"":0,""metcumul"":0}",,2025-10-09T08:34:32+08:00
2025-08-18T06:17:13+08:00,2025-08-18T07:00:41+08:00,,,Australia/Perth,Other,"{""calories"":0,""intensity"":30,""manual_distance"":0,""manual_calories"":321,""hr_average"":0,""hr_min"":0,""hr_max"":0,""hr_zone_0"":0,""hr_zone_1"":0,""hr_zone_2"":0,""hr_zone_3"":0,""pause_duration"":0,""steps"":0,""distance"":0,""elevation"":0,""metcumul"":0}",,2025-10-10T05:43:25+08:00
2025-08-22T06:44:10+08:00,2025-08-22T07:27:36+08:00,,,Australia/Perth,Other,"{""calories"":0,""intensity"":30,""manual_distance"":0,""manual_calories"":320,""hr_average"":0,""hr_min"":0,""hr_max"":0,""hr_zone_0"":0,""hr_zone_1"":0,""hr_zone_2"":0,""hr_zone_3"":0,""pause_duration"":0,""steps"":0,""distance"":0,""elevation"":0,""metcumul"":0}",,2025-10-10T05:43:28+08:00
2025-10-12T17:31:47+08:00,2025-10-12T18:31:38+08:00,,,Australia/Perth,Other,"{""calories"":0,""intensity"":30,""manual_distance"":0,""manual_calories"":443,""hr_average"":0,""hr_min"":0,""hr_max"":0,""hr_zone_0"":0,""hr_zone_1"":0,""hr_zone_2"":0,""hr_zone_3"":0,""pause_duration"":0,""steps"":0,""distance"":0,""elevation"":0,""metcumul"":0}",,2025-10-12T21:34:06+08:00
2025-10-13T07:46:00+08:00,2025-10-13T07:52:36+08:00,,,Australia/Perth,Walking,"{""calories"":26,""intensity"":30,""manual_distance"":0,""manual_calories"":0,""hr_average"":0,""hr_min"":0,""hr_max"":0,""hr_zone_0"":0,""hr_zone_1"":0,""hr_zone_2"":0,""hr_zone_3"":0,""pause_duration"":0,""steps"":458,""distance"":347,""elevation"":6,""metcumul"":6}",,2025-10-15T12:31:23+08:00
2025-10-18T07:38:30+08:00,2025-10-18T07:48:02+08:00,,,Australia/Perth,Walking,"{""calories"":38,""intensity"":30,""manual_distance"":0,""manual_calories"":0,""hr_average"":0,""hr_min"":0,""hr_max"":0,""hr_zone_0"":0,""hr_zone_1"":0,""hr_zone_2"":0,""hr_zone_3"":0,""pause_duration"":0,""steps"":1105,""distance"":884,""elevation"":8,""metcumul"":8}",,2025-10-24T17:22:22+08:00
2025-10-21T06:56:34+08:00,2025-10-21T07:00:25+08:00,,,Australia/Perth,Walking,"{""calories"":15,""intensity"":30,""manual_distance"":0,""manual_calories"":0,""hr_average"":0,""hr_min"":0,""hr_max"":0,""hr_zone_0"":0,""hr_zone_1"":0,""hr_zone_2"":0,""hr_zone_3"":0,""pause_duration"":0,""steps"":347,""distance"":282,""elevation"":3,""metcumul"":3}",,2025-10-24T17:22:24+08:00
2025-10-21T07:10:13+08:00,2025-10-21T07:20:49+08:00,,,Australia/Perth,Walking,"{""calories"":43,""intensity"":30,""manual_distance"":0,""manual_calories"":0,""hr_average"":0,""hr_min"":0,""hr_max"":0,""hr_zone_0"":0,""hr_zone_1"":0,""hr_zone_2"":0,""hr_zone_3"":0,""pause_duration"":0,""steps"":866,""distance"":667,""elevation"":12,""metcumul"":12}",,2025-10-25T18:10:16+08:00
2025-10-30T16:37:05+08:00,2025-10-30T16:47:33+08:00,,,Australia/Perth,Walking,"{""calories"":42,""intensity"":30,""manual_distance"":0,""manual_calories"":0,""hr_average"":0,""hr_min"":0,""hr_max"":0,""hr_zone_0"":0,""hr_zone_1"":0,""hr_zone_2"":0,""hr_zone_3"":0,""pause_duration"":0,""steps"":853,""distance"":653,""elevation"":9,""metcumul"":9}",,2025-10-31T21:27:22+08:00
2025-11-01T15:00:30+08:00,2025-11-01T15:50:19+08:00,,,Australia/Perth,Other,"{""calories"":0,""intensity"":30,""manual_distance"":0,""manual_calories"":367,""hr_average"":0,""hr_min"":0,""hr_max"":0,""hr_zone_0"":0,""hr_zone_1"":0,""hr_zone_2"":0,""hr_zone_3"":0,""pause_duration"":0,""steps"":0,""distance"":0,""elevation"":0,""metcumul"":0}",,2025-11-01T16:18:18+08:00
2025-11-11T07:49:49+08:00,2025-11-11T07:58:05+08:00,,,Australia/Perth,Walking,"{""calories"":32,""intensity"":30,""manual_distance"":0,""manual_calories"":0,""hr_average"":0,""hr_min"":0,""hr_max"":0,""hr_zone_0"":0,""hr_zone_1"":0,""hr_zone_2"":0,""hr_zone_3"":0,""pause_duration"":0,""steps"":769,""distance"":582,""elevation"":7,""metcumul"":7}",,2025-11-11T12:14:50+08:00
2025-11-11T16:50:50+08:00,2025-11-11T17:00:02+08:00,,,Australia/Perth,Walking,"{""calories"":37,""intensity"":30,""manual_distance"":0,""manual_calories"":0,""hr_average"":0,""hr_min"":0,""hr_max"":0,""hr_zone_0"":0,""hr_zone_1"":0,""hr_zone_2"":0,""hr_zone_3"":0,""pause_duration"":0,""steps"":778,""distance"":583,""elevation"":7,""metcumul"":7}",,2025-11-12T09:13:43+08:00
2025-11-16T15:17:18+08:00,2025-11-16T15:21:22+08:00,,,Australia/Perth,Walking,"{""calories"":16,""intensity"":30,""manual_distance"":0,""manual_calories"":0,""hr_average"":0,""hr_min"":0,""hr_max"":0,""hr_zone_0"":0,""hr_zone_1"":0,""hr_zone_2"":0,""hr_zone_3"":0,""pause_duration"":0,""steps"":389,""distance"":278,""elevation"":6,""metcumul"":6}",,2025-11-17T05:51:08+08:00
2025-11-22T09:25:05+08:00,2025-11-22T09:53:26+08:00,,,Australia/Perth,Walking,"{""calories"":114,""intensity"":30,""manual_distance"":0,""manual_calories"":0,""hr_average"":0,""hr_min"":0,""hr_max"":0,""hr_zone_0"":0,""hr_zone_1"":0,""hr_zone_2"":0,""hr_zone_3"":0,""pause_duration"":0,""steps"":2445,""distance"":1881,""elevation"":25,""metcumul"":25}",,2025-11-24T09:05:26+08:00
2025-11-25T12:47:53+08:00,2025-11-25T13:01:41+08:00,,,Australia/Perth,Walking,"{""calories"":55,""intensity"":30,""manual_distance"":0,""manual_calories"":0,""hr_average"":0,""hr_min"":0,""hr_max"":0,""hr_zone_0"":0,""hr_zone_1"":0,""hr_zone_2"":0,""hr_zone_3"":0,""pause_duration"":0,""steps"":1322,""distance"":1028,""elevation"":16,""metcumul"":16}",,2025-11-27T07:56:24+08:00
2025-11-27T11:02:35+08:00,2025-11-27T11:10:50+08:00,,,Australia/Perth,Walking,"{""calories"":33,""intensity"":30,""manual_distance"":0,""manual_calories"":0,""hr_average"":0,""hr_min"":0,""hr_max"":0,""hr_zone_0"":0,""hr_zone_1"":0,""hr_zone_2"":0,""hr_zone_3"":0,""pause_duration"":0,""steps"":707,""distance"":533,""elevation"":6,""metcumul"":6}",,2025-11-28T11:17:29+08:00
2025-11-27T09:59:07+08:00,2025-11-27T10:45:33+08:00,,,Australia/Perth,Other,"{""calories"":0,""intensity"":30,""manual_distance"":0,""manual_calories"":340,""hr_average"":0,""hr_min"":0,""hr_max"":0,""hr_zone_0"":0,""hr_zone_1"":0,""hr_zone_2"":0,""hr_zone_3"":0,""pause_duration"":0,""steps"":0,""distance"":0,""elevation"":0,""metcumul"":0}",,2025-11-28T11:17:31+08:00
2025-12-01T08:42:34+08:00,2025-12-01T08:49:42+08:00,,,Australia/Perth,Walking,"{""calories"":28,""intensity"":30,""manual_distance"":0,""manual_calories"":0,""hr_average"":0,""hr_min"":0,""hr_max"":0,""hr_zone_0"":0,""hr_zone_1"":0,""hr_zone_2"":0,""hr_zone_3"":0,""pause_duration"":0,""steps"":699,""distance"":547,""elevation"":6,""metcumul"":6}",,2025-12-08T14:34:12+08:00
2025-12-02T06:46:43+08:00,2025-12-02T06:54:21+08:00,,,Australia/Perth,Walking,"{""calories"":30,""intensity"":30,""manual_distance"":0,""manual_calories"":0,""hr_average"":0,""hr_min"":0,""hr_max"":0,""hr_zone_0"":0,""hr_zone_1"":0,""hr_zone_2"":0,""hr_zone_3"":0,""pause_duration"":0,""steps"":766,""distance"":589,""elevation"":7,""metcumul"":7}",,2025-12-08T14:34:13+08:00
2025-12-03T06:40:39+08:00,2025-12-03T06:44:46+08:00,,,Australia/Perth,Walking,"{""calories"":16,""intensity"":30,""manual_distance"":0,""manual_calories"":0,""hr_average"":0,""hr_min"":0,""hr_max"":0,""hr_zone_0"":0,""hr_zone_1"":0,""hr_zone_2"":0,""hr_zone_3"":0,""pause_duration"":0,""steps"":469,""distance"":370,""elevation"":4,""metcumul"":4}",,2025-12-08T14:34:15+08:00
2025-12-08T12:16:27+08:00,2025-12-08T12:22:10+08:00,,,Australia/Perth,Walking,"{""calories"":22,""intensity"":30,""manual_distance"":0,""manual_calories"":0,""hr_average"":0,""hr_min"":0,""hr_max"":0,""hr_zone_0"":0,""hr_zone_1"":0,""hr_zone_2"":0,""hr_zone_3"":0,""pause_duration"":0,""steps"":552,""distance"":427,""elevation"":6,""metcumul"":6}",,2025-12-09T09:22:05+08:00
2025-12-09T16:07:29+08:00,2025-12-09T16:16:29+08:00,,,Australia/Perth,Walking,"{""calories"":35,""intensity"":30,""manual_distance"":0,""manual_calories"":0,""hr_average"":0,""hr_min"":0,""hr_max"":0,""hr_zone_0"":0,""hr_zone_1"":0,""hr_zone_2"":0,""hr_zone_3"":0,""pause_duration"":0,""steps"":856,""distance"":648,""elevation"":9,""metcumul"":9}",,2025-12-10T11:20:03+08:00
2025-12-14T19:08:27+08:00,2025-12-14T19:14:02+08:00,,,Australia/Perth,Walking,"{""calories"":22,""intensity"":30,""manual_distance"":0,""manual_calories"":0,""hr_average"":0,""hr_min"":0,""hr_max"":0,""hr_zone_0"":0,""hr_zone_1"":0,""hr_zone_2"":0,""hr_zone_3"":0,""pause_duration"":0,""steps"":591,""distance"":448,""elevation"":6,""metcumul"":6}",,2025-12-15T17:22:35+08:00
2025-12-15T22:35:44+08:00,2025-12-15T22:36:18+08:00,,,Australia/Perth,"Multi Sport",{},,2025-12-15T22:36:30+08:00
2025-12-16T08:06:34+08:00,2025-12-16T08:17:00+08:00,,,Australia/Perth,Walking,"{""calories"":41,""intensity"":30,""manual_distance"":0,""manual_calories"":0,""hr_average"":92,""hr_min"":92,""hr_max"":92,""hr_zone_0"":0,""hr_zone_1"":37,""hr_zone_2"":0,""hr_zone_3"":0,""pause_duration"":0,""core_body_temperature_avg"":37.44,""core_body_temperature_min"":37.44,""core_body_temperature_max"":37.44,""steps"":774,""distance"":591,""elevation"":33,""metcumul"":33}",,2025-12-21T20:20:25+08:00
2025-12-16T16:47:00+08:00,2025-12-16T16:58:00+08:00,,,Australia/Perth,Walking,"{""calories"":43,""intensity"":30,""manual_distance"":0,""manual_calories"":0,""hr_average"":0,""hr_min"":0,""hr_max"":0,""hr_zone_0"":0,""hr_zone_1"":0,""hr_zone_2"":0,""hr_zone_3"":0,""pause_duration"":0,""core_body_temperature_avg"":36.94,""core_body_temperature_min"":36.93,""core_body_temperature_max"":36.96,""steps"":851,""distance"":635,""elevation"":37,""metcumul"":37}",,2025-12-21T20:20:28+08:00
2025-12-16T17:08:00+08:00,2025-12-16T17:16:00+08:00,,,Australia/Perth,Walking,"{""calories"":31,""intensity"":30,""manual_distance"":0,""manual_calories"":0,""hr_average"":0,""hr_min"":0,""hr_max"":0,""hr_zone_0"":0,""hr_zone_1"":0,""hr_zone_2"":0,""hr_zone_3"":0,""pause_duration"":0,""core_body_temperature_avg"":37.02,""core_body_temperature_min"":37.02,""core_body_temperature_max"":37.02,""steps"":514,""distance"":391,""elevation"":24,""metcumul"":24}",,2025-12-21T20:20:30+08:00
2025-12-17T11:33:00+08:00,2025-12-17T11:50:00+08:00,,,Australia/Perth,Walking,"{""calories"":67,""intensity"":30,""manual_distance"":0,""manual_calories"":0,""hr_average"":0,""hr_min"":0,""hr_max"":0,""hr_zone_0"":0,""hr_zone_1"":0,""hr_zone_2"":0,""hr_zone_3"":0,""pause_duration"":0,""core_body_temperature_avg"":36.7,""core_body_temperature_min"":36.7,""core_body_temperature_max"":36.72,""steps"":1236,""distance"":959,""elevation"":54,""metcumul"":54}",,2025-12-21T20:20:32+08:00
2025-12-17T18:11:00+08:00,2025-12-17T18:15:00+08:00,,,Australia/Perth,Walking,"{""calories"":15,""intensity"":30,""manual_distance"":0,""manual_calories"":0,""hr_average"":0,""hr_min"":0,""hr_max"":0,""hr_zone_0"":0,""hr_zone_1"":0,""hr_zone_2"":0,""hr_zone_3"":0,""pause_duration"":0,""core_body_temperature_avg"":37.07,""core_body_temperature_min"":37.07,""core_body_temperature_max"":37.07,""steps"":169,""distance"":118,""elevation"":8,""metcumul"":8}",,2025-12-21T20:20:34+08:00
2025-12-17T19:32:00+08:00,2025-12-17T19:55:00+08:00,,,Australia/Perth,Walking,"{""calories"":91,""intensity"":30,""manual_distance"":0,""manual_calories"":0,""hr_average"":0,""hr_min"":0,""hr_max"":0,""hr_zone_0"":0,""hr_zone_1"":0,""hr_zone_2"":0,""hr_zone_3"":0,""pause_duration"":0,""core_body_temperature_avg"":36.89,""core_body_temperature_min"":36.88,""core_body_temperature_max"":36.91,""steps"":1443,""distance"":1079,""elevation"":67,""metcumul"":67}",,2025-12-21T20:20:35+08:00
2025-12-18T11:47:00+08:00,2025-12-18T11:58:00+08:00,,,Australia/Perth,Walking,"{""calories"":44,""intensity"":30,""manual_distance"":0,""manual_calories"":0,""hr_average"":0,""hr_min"":0,""hr_max"":0,""hr_zone_0"":0,""hr_zone_1"":0,""hr_zone_2"":0,""hr_zone_3"":0,""pause_duration"":0,""steps"":1117,""distance"":856,""elevation"":46,""metcumul"":46}",,2025-12-21T20:20:37+08:00
2025-12-18T17:55:00+08:00,2025-12-18T18:01:02+08:00,,,Australia/Perth,Walking,"{""calories"":24,""intensity"":30,""manual_distance"":0,""manual_calories"":0,""hr_average"":0,""hr_min"":0,""hr_max"":0,""hr_zone_0"":0,""hr_zone_1"":0,""hr_zone_2"":0,""hr_zone_3"":0,""pause_duration"":0,""core_body_temperature_avg"":36.86,""core_body_temperature_min"":36.86,""core_body_temperature_max"":36.86,""steps"":494,""distance"":372,""elevation"":21,""metcumul"":21}",,2025-12-21T20:20:39+08:00
2025-12-18T18:12:00+08:00,2025-12-18T18:20:00+08:00,,,Australia/Perth,Walking,"{""calories"":32,""intensity"":30,""manual_distance"":0,""manual_calories"":0,""hr_average"":0,""hr_min"":0,""hr_max"":0,""hr_zone_0"":0,""hr_zone_1"":0,""hr_zone_2"":0,""hr_zone_3"":0,""pause_duration"":0,""core_body_temperature_avg"":37,""core_body_temperature_min"":36.98,""core_body_temperature_max"":37,""steps"":866,""distance"":699,""elevation"":36,""metcumul"":36}",,2025-12-21T20:20:40+08:00
2025-12-18T20:42:00+08:00,2025-12-18T20:53:00+08:00,,,Australia/Perth,Walking,"{""calories"":44,""intensity"":30,""manual_distance"":0,""manual_calories"":0,""hr_average"":0,""hr_min"":0,""hr_max"":0,""hr_zone_0"":0,""hr_zone_1"":0,""hr_zone_2"":0,""hr_zone_3"":0,""pause_duration"":0,""core_body_temperature_avg"":37.93,""core_body_temperature_min"":37.93,""core_body_temperature_max"":37.95,""steps"":1051,""distance"":799,""elevation"":44,""metcumul"":44}",,2025-12-21T20:20:42+08:00
2025-12-20T11:02:00+08:00,2025-12-20T11:12:00+08:00,,,Australia/Perth,Walking,"{""calories"":40,""intensity"":30,""manual_distance"":0,""manual_calories"":0,""hr_average"":0,""hr_min"":0,""hr_max"":0,""hr_zone_0"":0,""hr_zone_1"":0,""hr_zone_2"":0,""hr_zone_3"":0,""pause_duration"":0,""core_body_temperature_avg"":37.16,""core_body_temperature_min"":37.15,""core_body_temperature_max"":37.18,""steps"":850,""distance"":678,""elevation"":36,""metcumul"":36}",,2025-12-21T20:20:44+08:00
2025-12-20T12:52:00+08:00,2025-12-20T13:03:00+08:00,,,Australia/Perth,Walking,"{""calories"":44,""intensity"":30,""manual_distance"":0,""manual_calories"":0,""hr_average"":0,""hr_min"":0,""hr_max"":0,""hr_zone_0"":0,""hr_zone_1"":0,""hr_zone_2"":0,""hr_zone_3"":0,""pause_duration"":0,""core_body_temperature_avg"":37.36,""core_body_temperature_min"":37.36,""core_body_temperature_max"":37.36,""steps"":979,""distance"":727,""elevation"":41,""metcumul"":41}",,2025-12-21T20:20:47+08:00
2025-12-20T13:49:00+08:00,2025-12-20T13:55:00+08:00,,,Australia/Perth,Walking,"{""calories"":24,""intensity"":30,""manual_distance"":0,""manual_calories"":0,""hr_average"":0,""hr_min"":0,""hr_max"":0,""hr_zone_0"":0,""hr_zone_1"":0,""hr_zone_2"":0,""hr_zone_3"":0,""pause_duration"":0,""core_body_temperature_avg"":37.37,""core_body_temperature_min"":37.37,""core_body_temperature_max"":37.38,""steps"":579,""distance"":423,""elevation"":23,""metcumul"":23}",,2025-12-21T20:20:51+08:00
2025-12-20T20:53:00+08:00,2025-12-20T20:58:00+08:00,,,Australia/Perth,Walking,"{""calories"":20,""intensity"":30,""manual_distance"":0,""manual_calories"":0,""hr_average"":0,""hr_min"":0,""hr_max"":0,""hr_zone_0"":0,""hr_zone_1"":0,""hr_zone_2"":0,""hr_zone_3"":0,""pause_duration"":0,""steps"":434,""distance"":308,""elevation"":18,""metcumul"":18}",,2025-12-21T20:20:55+08:00
2025-12-22T18:27:00+08:00,2025-12-22T18:35:00+08:00,,,Australia/Perth,Walking,"{""calories"":32,""intensity"":30,""manual_distance"":0,""manual_calories"":0,""hr_average"":0,""hr_min"":0,""hr_max"":0,""hr_zone_0"":0,""hr_zone_1"":0,""hr_zone_2"":0,""hr_zone_3"":0,""pause_duration"":0,""core_body_temperature_avg"":37.03,""core_body_temperature_min"":37.01,""core_body_temperature_max"":37.03,""steps"":645,""distance"":493,""elevation"":28,""metcumul"":28}",,2025-12-24T09:18:27+08:00
2025-12-23T19:25:00+08:00,2025-12-23T19:37:00+08:00,,,Australia/Perth,Other,"{""calories"":86,""intensity"":30,""manual_distance"":0,""manual_calories"":0,""hr_average"":0,""hr_min"":0,""hr_max"":0,""hr_zone_0"":0,""hr_zone_1"":0,""hr_zone_2"":0,""hr_zone_3"":0,""pause_duration"":0,""core_body_temperature_avg"":37.63,""core_body_temperature_min"":37.61,""core_body_temperature_max"":37.66,""steps"":215,""distance"":183,""elevation"":16,""metcumul"":16}",,2025-12-24T09:18:29+08:00
2025-12-27T16:09:00+08:00,2025-12-27T16:26:00+08:00,,,Australia/Perth,Cycling,"{""calories"":118,""intensity"":30,""manual_distance"":0,""manual_calories"":0,""hr_average"":0,""hr_min"":0,""hr_max"":0,""hr_zone_0"":0,""hr_zone_1"":0,""hr_zone_2"":0,""hr_zone_3"":0,""pause_duration"":0,""core_body_temperature_avg"":37.92,""core_body_temperature_min"":37.9,""core_body_temperature_max"":37.95,""steps"":164,""distance"":125,""elevation"":21,""metcumul"":21}",,2025-12-28T15:10:29+08:00
2025-12-28T09:37:00+08:00,2025-12-28T10:00:00+08:00,,,Australia/Perth,Other,"{""calories"":167,""intensity"":30,""manual_distance"":0,""manual_calories"":0,""hr_average"":0,""hr_min"":0,""hr_max"":0,""hr_zone_0"":0,""hr_zone_1"":0,""hr_zone_2"":0,""hr_zone_3"":0,""pause_duration"":0,""steps"":867,""distance"":665,""elevation"":48,""metcumul"":48}",,2025-12-28T15:10:30+08:00
2025-12-29T16:29:00+08:00,2025-12-29T17:00:00+08:00,,,Australia/Perth,Other,"{""calories"":226,""intensity"":30,""manual_distance"":0,""manual_calories"":0,""hr_average"":0,""hr_min"":0,""hr_max"":0,""hr_zone_0"":0,""hr_zone_1"":0,""hr_zone_2"":0,""hr_zone_3"":0,""pause_duration"":0,""core_body_temperature_avg"":37.02,""core_body_temperature_min"":36.93,""core_body_temperature_max"":37.16,""steps"":671,""distance"":508,""elevation"":47,""metcumul"":47}",,2025-12-30T05:59:04+08:00
2025-12-30T16:55:00+08:00,2025-12-30T17:34:00+08:00,,,Australia/Perth,Other,"{""calories"":284,""intensity"":30,""manual_distance"":0,""manual_calories"":0,""hr_average"":0,""hr_min"":0,""hr_max"":0,""hr_zone_0"":0,""hr_zone_1"":0,""hr_zone_2"":0,""hr_zone_3"":0,""pause_duration"":0,""core_body_temperature_avg"":37.2,""core_body_temperature_min"":37.16,""core_body_temperature_max"":37.28,""steps"":770,""distance"":591,""elevation"":58,""metcumul"":58}",,2025-12-31T06:48:14+08:00
2026-01-04T18:14:00+08:00,2026-01-04T18:28:00+08:00,,,Australia/Perth,Walking,"{""calories"":56,""intensity"":30,""manual_distance"":0,""manual_calories"":0,""hr_average"":0,""hr_min"":0,""hr_max"":0,""hr_zone_0"":0,""hr_zone_1"":0,""hr_zone_2"":0,""hr_zone_3"":0,""pause_duration"":0,""core_body_temperature_avg"":37.57,""core_body_temperature_min"":37.57,""core_body_temperature_max"":37.58,""steps"":1296,""distance"":985,""elevation"":55,""metcumul"":55}",,2026-01-07T16:34:21+08:00
2026-01-05T07:57:00+08:00,2026-01-05T08:02:10+08:00,,,Australia/Perth,Walking,"{""calories"":20,""intensity"":30,""manual_distance"":0,""manual_calories"":0,""hr_average"":104,""hr_min"":104,""hr_max"":104,""hr_zone_0"":0,""hr_zone_1"":37,""hr_zone_2"":0,""hr_zone_3"":0,""pause_duration"":0,""core_body_temperature_avg"":37.32,""core_body_temperature_min"":37.32,""core_body_temperature_max"":37.32,""steps"":435,""distance"":334,""elevation"":19,""metcumul"":19}",,2026-01-07T16:34:26+08:00
2026-01-05T08:11:43+08:00,2026-01-05T08:17:00+08:00,,,Australia/Perth,Walking,"{""calories"":21,""intensity"":30,""manual_distance"":0,""manual_calories"":0,""hr_average"":0,""hr_min"":0,""hr_max"":0,""hr_zone_0"":0,""hr_zone_1"":0,""hr_zone_2"":0,""hr_zone_3"":0,""pause_duration"":0,""core_body_temperature_avg"":37.38,""core_body_temperature_min"":37.37,""core_body_temperature_max"":37.38,""steps"":559,""distance"":436,""elevation"":23,""metcumul"":23}",,2026-01-07T16:34:27+08:00
2026-01-05T17:10:00+08:00,2026-01-05T17:22:11+08:00,,,Australia/Perth,Walking,"{""calories"":48,""intensity"":30,""manual_distance"":0,""manual_calories"":0,""hr_average"":0,""hr_min"":0,""hr_max"":0,""hr_zone_0"":0,""hr_zone_1"":0,""hr_zone_2"":0,""hr_zone_3"":0,""pause_duration"":0,""steps"":962,""distance"":758,""elevation"":43,""metcumul"":43}",,2026-01-07T16:34:29+08:00
2026-01-05T19:57:07+08:00,2026-01-05T20:48:03+08:00,,,Australia/Perth,"Multi Sport",{},,2026-01-05T20:49:15+08:00
2026-01-05T19:57:07+08:00,2026-01-05T20:48:03+08:00,,,Australia/Perth,Weights,"{""calories"":221,""intensity"":57,""manual_distance"":0,""manual_calories"":0,""hr_average"":103,""hr_min"":44,""hr_max"":170,""hr_zone_0"":1259,""hr_zone_1"":782,""hr_zone_2"":668,""hr_zone_3"":343,""device_startdate"":1767614227,""device_enddate"":1767617283,""pause_duration"":31,""core_body_temperature_avg"":37.36,""core_body_temperature_min"":36.78,""core_body_temperature_max"":38.04,""steps"":1437,""distance"":1388,""elevation"":98,""metcumul"":98}",,2026-01-07T16:34:17+08:00
2026-01-06T07:44:00+08:00,2026-01-06T07:49:00+08:00,,,Australia/Perth,Walking,"{""calories"":20,""intensity"":30,""manual_distance"":0,""manual_calories"":0,""hr_average"":0,""hr_min"":0,""hr_max"":0,""hr_zone_0"":0,""hr_zone_1"":0,""hr_zone_2"":0,""hr_zone_3"":0,""pause_duration"":0,""core_body_temperature_avg"":37.23,""core_body_temperature_min"":37.02,""core_body_temperature_max"":37.3,""steps"":443,""distance"":340,""elevation"":18,""metcumul"":18}",,2026-08-12T12:17:02+08:00
2026-01-06T07:58:00+08:00,2026-01-06T08:11:00+08:00,,,Australia/Perth,Walking,"{""calories"":52,""intensity"":30,""manual_distance"":0,""manual_calories"":0,""hr_average"":0,""hr_min"":0,""hr_max"":0,""hr_zone_0"":0,""hr_zone_1"":0,""hr_zone_2"":0,""hr_zone_3"":0,""pause_duration"":0,""core_body_temperature_avg"":37.21,""core_body_temperature_min"":37.2,""core_body_temperature_max"":37.22,""steps"":817,""distance"":621,""elevation"":37,""metcumul"":37}",,2026-08-12T12:17:05+08:00
2026-01-06T16:48:00+08:00,2026-01-06T16:56:00+08:00,,,Australia/Perth,Walking,"{""calories"":31,""intensity"":30,""manual_distance"":0,""manual_calories"":0,""hr_average"":0,""hr_min"":0,""hr_max"":0,""hr_zone_0"":0,""hr_zone_1"":0,""hr_zone_2"":0,""hr_zone_3"":0,""pause_duration"":0,""core_body_temperature_avg"":36.62,""core_body_temperature_min"":36.62,""core_body_temperature_max"":36.63,""steps"":712,""distance"":549,""elevation"":30,""metcumul"":30}",,2026-08-12T12:17:07+08:00
2026-01-06T17:04:00+08:00,2026-01-06T17:08:00+08:00,,,Australia/Perth,Walking,"{""calories"":15,""intensity"":30,""manual_distance"":0,""manual_calories"":0,""hr_average"":0,""hr_min"":0,""hr_max"":0,""hr_zone_0"":0,""hr_zone_1"":0,""hr_zone_2"":0,""hr_zone_3"":0,""pause_duration"":0,""core_body_temperature_avg"":36.66,""core_body_temperature_min"":36.66,""core_body_temperature_max"":36.67,""steps"":333,""distance"":267,""elevation"":15,""metcumul"":15}",,2026-08-12T12:17:10+08:00
2026-06-07T14:38:18+08:00,2026-06-07T14:38:43+08:00,,,Australia/Perth,Other,"{""calories"":0,""intensity"":0,""manual_distance"":0,""manual_calories"":0,""hr_average"":67,""hr_min"":67,""hr_max"":67,""hr_zone_0"":1,""hr_zone_1"":0,""hr_zone_2"":0,""hr_zone_3"":0,""device_startdate"":1780814298,""device_enddate"":1780814323,""pause_duration"":0,""steps"":0,""distance"":0,""elevation"":0,""metcumul"":0}",,2026-08-12T12:11:09+08:00
2026-06-07T14:38:18+08:00,2026-06-07T14:38:43+08:00,,,Australia/Perth,"Multi Sport",{},,2026-06-07T14:39:42+08:00
2026-01-13T21:11:19+08:00,2026-01-13T21:49:36+08:00,,,Australia/Perth,Walking,"{""calories"":0,""intensity"":30,""manual_distance"":0,""manual_calories"":153,""hr_average"":0,""hr_min"":0,""hr_max"":0,""hr_zone_0"":0,""hr_zone_1"":0,""hr_zone_2"":0,""hr_zone_3"":0,""pause_duration"":0,""steps"":0,""distance"":0,""elevation"":0,""metcumul"":0}",,2026-08-07T15:30:35+08:00
2026-01-14T06:52:26+08:00,2026-01-14T07:33:11+08:00,,,Australia/Perth,Other,"{""calories"":0,""intensity"":30,""manual_distance"":0,""manual_calories"":296,""hr_average"":0,""hr_min"":0,""hr_max"":0,""hr_zone_0"":0,""hr_zone_1"":0,""hr_zone_2"":0,""hr_zone_3"":0,""pause_duration"":0,""steps"":0,""distance"":0,""elevation"":0,""metcumul"":0}",,2026-08-12T10:37:44+08:00
2026-01-11T17:54:57+08:00,2026-01-11T18:03:29+08:00,,,Australia/Perth,Walking,"{""calories"":34,""intensity"":30,""manual_distance"":0,""manual_calories"":0,""hr_average"":0,""hr_min"":0,""hr_max"":0,""hr_zone_0"":0,""hr_zone_1"":0,""hr_zone_2"":0,""hr_zone_3"":0,""pause_duration"":0,""steps"":744,""distance"":565,""elevation"":8,""metcumul"":8}",,2026-08-12T12:18:28+08:00
2026-08-17T07:59:00+08:00,2026-08-17T08:05:00+08:00,,,Australia/Perth,Walking,"{""calories"":20,""intensity"":19,""manual_distance"":0,""manual_calories"":0,""hr_average"":91,""hr_min"":91,""hr_max"":91,""hr_zone_0"":0,""hr_zone_1"":37,""hr_zone_2"":0,""hr_zone_3"":0,""pause_duration"":0,""steps"":659,""distance"":508,""elevation"":26,""metcumul"":26}",,2026-08-17T09:13:59+08:00
2026-08-17T16:40:00+08:00,2026-08-17T16:50:00+08:00,,,Australia/Perth,Walking,"{""calories"":40,""intensity"":30,""manual_distance"":0,""manual_calories"":0,""hr_average"":0,""hr_min"":0,""hr_max"":0,""hr_zone_0"":0,""hr_zone_1"":0,""hr_zone_2"":0,""hr_zone_3"":0,""pause_duration"":0,""core_body_temperature_avg"":36.96,""core_body_temperature_min"":36.96,""core_body_temperature_max"":36.96,""steps"":839,""distance"":652,""elevation"":36,""metcumul"":36}",,2026-08-29T10:20:20+08:00
2026-08-18T07:25:00+08:00,2026-08-18T07:32:00+08:00,,,Australia/Perth,Walking,"{""calories"":28,""intensity"":30,""manual_distance"":0,""manual_calories"":0,""hr_average"":0,""hr_min"":0,""hr_max"":0,""hr_zone_0"":0,""hr_zone_1"":0,""hr_zone_2"":0,""hr_zone_3"":0,""pause_duration"":0,""steps"":638,""distance"":492,""elevation"":27,""metcumul"":27}",,2026-08-29T10:20:23+08:00
2026-01-07T17:44:25+08:00,2026-01-07T18:14:42+08:00,,,Australia/Perth,Walking,"{""calories"":0,""intensity"":30,""manual_distance"":0,""manual_calories"":120,""hr_average"":0,""hr_min"":0,""hr_max"":0,""hr_zone_0"":0,""hr_zone_1"":0,""hr_zone_2"":0,""hr_zone_3"":0,""pause_duration"":0,""steps"":0,""distance"":0,""elevation"":0,""metcumul"":0}",,2026-08-18T23:49:34+08:00
2026-08-14T12:08:00+08:00,2026-08-14T12:14:00+08:00,,,Australia/Perth,Running,"{""calories"":100,""intensity"":76,""manual_distance"":0,""manual_calories"":0,""hr_average"":149,""hr_min"":146,""hr_max"":157,""hr_zone_0"":0,""hr_zone_1"":0,""hr_zone_2"":90,""hr_zone_3"":20,""pause_duration"":0,""steps"":739,""distance"":808,""elevation"":51,""metcumul"":51}",,2026-08-29T10:19:39+08:00
2026-08-14T15:16:00+08:00,2026-08-14T15:38:00+08:00,,,Australia/Perth,Other,"{""calories"":160,""intensity"":30,""manual_distance"":0,""manual_calories"":0,""hr_average"":0,""hr_min"":0,""hr_max"":0,""hr_zone_0"":0,""hr_zone_1"":0,""hr_zone_2"":0,""hr_zone_3"":0,""pause_duration"":0,""steps"":1111,""distance"":853,""elevation"":54,""metcumul"":54}",,2026-08-29T10:19:54+08:00
2026-08-20T18:33:00+08:00,2026-08-20T18:49:00+08:00,,,Australia/Perth,Other,"{""calories"":117,""intensity"":30,""manual_distance"":0,""manual_calories"":0,""hr_average"":0,""hr_min"":0,""hr_max"":0,""hr_zone_0"":0,""hr_zone_1"":0,""hr_zone_2"":0,""hr_zone_3"":0,""pause_duration"":0,""core_body_temperature_avg"":37.05,""core_body_temperature_min"":37.04,""core_body_temperature_max"":37.09,""steps"":306,""distance"":231,""elevation"":23,""metcumul"":23}",,2026-08-29T10:20:25+08:00
2026-08-25T04:46:00+08:00,2026-08-25T04:54:07+08:00,,,Australia/Perth,Walking,"{""calories"":33,""intensity"":30,""manual_distance"":0,""manual_calories"":0,""hr_average"":0,""hr_min"":0,""hr_max"":0,""hr_zone_0"":0,""hr_zone_1"":0,""hr_zone_2"":0,""hr_zone_3"":0,""pause_duration"":0,""core_body_temperature_avg"":37.29,""core_body_temperature_min"":37.29,""core_body_temperature_max"":37.29,""steps"":646,""distance"":480,""elevation"":29,""metcumul"":29}",,2026-08-29T10:20:36+08:00
2026-08-24T19:08:00+08:00,2026-08-24T19:18:00+08:00,,,Australia/Perth,Walking,"{""calories"":30,""intensity"":13,""manual_distance"":0,""manual_calories"":0,""hr_average"":86,""hr_min"":86,""hr_max"":86,""hr_zone_0"":37,""hr_zone_1"":0,""hr_zone_2"":0,""hr_zone_3"":0,""pause_duration"":0,""steps"":693,""distance"":524,""elevation"":31,""metcumul"":31}",,2026-08-29T10:20:29+08:00
2026-08-21T16:14:48+08:00,2026-08-21T16:42:41+08:00,,,Australia/Perth,Walking,"{""calories"":112,""intensity"":30,""manual_distance"":0,""manual_calories"":0,""hr_average"":0,""hr_min"":0,""hr_max"":0,""hr_zone_0"":0,""hr_zone_1"":0,""hr_zone_2"":0,""hr_zone_3"":0,""pause_duration"":0,""steps"":4436,""distance"":3180,""elevation"":62,""metcumul"":62}",,2026-08-29T10:20:27+08:00
2026-08-25T18:49:00+08:00,2026-08-25T18:57:00+08:00,,,Australia/Perth,Walking,"{""calories"":32,""intensity"":30,""manual_distance"":0,""manual_calories"":0,""hr_average"":0,""hr_min"":0,""hr_max"":0,""hr_zone_0"":0,""hr_zone_1"":0,""hr_zone_2"":0,""hr_zone_3"":0,""pause_duration"":0,""core_body_temperature_avg"":37.47,""core_body_temperature_min"":37.46,""core_body_temperature_max"":37.48,""steps"":705,""distance"":522,""elevation"":29,""metcumul"":29}",,2026-08-29T10:20:38+08:00
2026-08-25T19:07:00+08:00,2026-08-25T19:32:00+08:00,,,Australia/Perth,Walking,"{""calories"":101,""intensity"":30,""manual_distance"":0,""manual_calories"":0,""hr_average"":0,""hr_min"":0,""hr_max"":0,""hr_zone_0"":0,""hr_zone_1"":0,""hr_zone_2"":0,""hr_zone_3"":0,""pause_duration"":0,""core_body_temperature_avg"":37.58,""core_body_temperature_min"":37.51,""core_body_temperature_max"":37.73,""steps"":2574,""distance"":1923,""elevation"":107,""metcumul"":107}",,2026-08-29T10:20:40+08:00
2026-08-26T04:33:00+08:00,2026-08-26T04:45:00+08:00,,,Australia/Perth,Walking,"{""calories"":48,""intensity"":30,""manual_distance"":0,""manual_calories"":0,""hr_average"":0,""hr_min"":0,""hr_max"":0,""hr_zone_0"":0,""hr_zone_1"":0,""hr_zone_2"":0,""hr_zone_3"":0,""pause_duration"":0,""core_body_temperature_avg"":37.36,""core_body_temperature_min"":37.36,""core_body_temperature_max"":37.37,""steps"":827,""distance"":622,""elevation"":39,""metcumul"":39}",,2026-08-29T10:20:42+08:00
2026-08-26T19:17:00+08:00,2026-08-26T19:54:00+08:00,,,Australia/Perth,Walking,"{""calories"":177,""intensity"":42,""manual_distance"":0,""manual_calories"":0,""hr_average"":115,""hr_min"":115,""hr_max"":115,""hr_zone_0"":0,""hr_zone_1"":37,""hr_zone_2"":0,""hr_zone_3"":0,""pause_duration"":0,""core_body_temperature_avg"":37.04,""core_body_temperature_min"":36.91,""core_body_temperature_max"":37.29,""steps"":3442,""distance"":2587,""elevation"":146,""metcumul"":146}",,2026-08-29T10:20:44+08:00
2026-08-27T11:22:00+08:00,2026-08-27T11:37:00+08:00,,,Australia/Perth,Walking,"{""calories"":61,""intensity"":30,""manual_distance"":0,""manual_calories"":0,""hr_average"":0,""hr_min"":0,""hr_max"":0,""hr_zone_0"":0,""hr_zone_1"":0,""hr_zone_2"":0,""hr_zone_3"":0,""pause_duration"":0,""core_body_temperature_avg"":37.36,""core_body_temperature_min"":37.36,""core_body_temperature_max"":37.36,""steps"":1476,""distance"":1119,""elevation"":61,""metcumul"":61}",,2026-08-29T10:20:48+08:00
2026-08-27T06:37:00+08:00,2026-08-27T06:47:00+08:00,,,Australia/Perth,Walking,"{""calories"":40,""intensity"":30,""manual_distance"":0,""manual_calories"":0,""hr_average"":0,""hr_min"":0,""hr_max"":0,""hr_zone_0"":0,""hr_zone_1"":0,""hr_zone_2"":0,""hr_zone_3"":0,""pause_duration"":0,""steps"":808,""distance"":617,""elevation"":36,""metcumul"":36}",,2026-08-29T10:20:46+08:00
2026-08-27T18:32:00+08:00,2026-08-27T18:36:00+08:00,,,Australia/Perth,Walking,"{""calories"":16,""intensity"":30,""manual_distance"":0,""manual_calories"":0,""hr_average"":0,""hr_min"":0,""hr_max"":0,""hr_zone_0"":0,""hr_zone_1"":0,""hr_zone_2"":0,""hr_zone_3"":0,""pause_duration"":0,""core_body_temperature_avg"":37.38,""core_body_temperature_min"":37.37,""core_body_temperature_max"":37.39,""steps"":256,""distance"":185,""elevation"":11,""metcumul"":11}",,2026-08-29T10:20:51+08:00
2026-01-28T10:12:00+08:00,2026-01-28T10:17:00+08:00,,,Australia/Perth,Walking,"{""calories"":20,""intensity"":30,""manual_distance"":0,""manual_calories"":0,""hr_average"":0,""hr_min"":0,""hr_max"":0,""hr_zone_0"":0,""hr_zone_1"":0,""hr_zone_2"":0,""hr_zone_3"":0,""pause_duration"":0,""steps"":419,""distance"":324,""elevation"":18,""metcumul"":18}",,2026-08-29T10:19:12+08:00
2026-03-03T07:00:00+08:00,2026-03-03T07:08:00+08:00,,,Australia/Perth,Walking,"{""calories"":31,""intensity"":30,""manual_distance"":0,""manual_calories"":0,""hr_average"":0,""hr_min"":0,""hr_max"":0,""hr_zone_0"":0,""hr_zone_1"":0,""hr_zone_2"":0,""hr_zone_3"":0,""pause_duration"":0,""steps"":552,""distance"":422,""elevation"":25,""metcumul"":25}",,2026-08-29T10:19:14+08:00
2026-03-03T07:19:00+08:00,2026-03-03T07:27:00+08:00,,,Australia/Perth,Walking,"{""calories"":31,""intensity"":30,""manual_distance"":0,""manual_calories"":0,""hr_average"":0,""hr_min"":0,""hr_max"":0,""hr_zone_0"":0,""hr_zone_1"":0,""hr_zone_2"":0,""hr_zone_3"":0,""pause_duration"":0,""steps"":750,""distance"":585,""elevation"":32,""metcumul"":32}",,2026-08-29T10:19:16+08:00
2026-03-03T16:54:55+08:00,2026-03-03T17:03:00+08:00,,,Australia/Perth,Walking,"{""calories"":32,""intensity"":30,""manual_distance"":0,""manual_calories"":0,""hr_average"":0,""hr_min"":0,""hr_max"":0,""hr_zone_0"":0,""hr_zone_1"":0,""hr_zone_2"":0,""hr_zone_3"":0,""pause_duration"":0,""steps"":1476,""distance"":1096,""elevation"":34,""metcumul"":34}",,2026-08-29T10:19:18+08:00
2026-03-03T17:16:09+08:00,2026-03-03T17:21:19+08:00,,,Australia/Perth,Walking,"{""calories"":20,""intensity"":30,""manual_distance"":0,""manual_calories"":0,""hr_average"":0,""hr_min"":0,""hr_max"":0,""hr_zone_0"":0,""hr_zone_1"":0,""hr_zone_2"":0,""hr_zone_3"":0,""pause_duration"":0,""steps"":890,""distance"":675,""elevation"":23,""metcumul"":23}",,2026-08-29T10:19:19+08:00
2026-03-08T17:41:00+08:00,2026-03-08T17:46:47+08:00,,,Australia/Perth,Walking,"{""calories"":22,""intensity"":30,""manual_distance"":0,""manual_calories"":0,""hr_average"":0,""hr_min"":0,""hr_max"":0,""hr_zone_0"":0,""hr_zone_1"":0,""hr_zone_2"":0,""hr_zone_3"":0,""pause_duration"":0,""steps"":605,""distance"":452,""elevation"":20,""metcumul"":20}",,2026-08-29T10:19:21+08:00
2026-03-09T07:53:31+08:00,2026-03-09T07:58:00+08:00,,,Australia/Perth,Walking,"{""calories"":17,""intensity"":30,""manual_distance"":0,""manual_calories"":0,""hr_average"":0,""hr_min"":0,""hr_max"":0,""hr_zone_0"":0,""hr_zone_1"":0,""hr_zone_2"":0,""hr_zone_3"":0,""pause_duration"":0,""steps"":822,""distance"":623,""elevation"":19,""metcumul"":19}",,2026-08-29T10:19:23+08:00
2026-03-09T08:12:00+08:00,2026-03-09T08:18:00+08:00,,,Australia/Perth,Walking,"{""calories"":26,""intensity"":30,""manual_distance"":0,""manual_calories"":0,""hr_average"":0,""hr_min"":0,""hr_max"":0,""hr_zone_0"":0,""hr_zone_1"":0,""hr_zone_2"":0,""hr_zone_3"":0,""pause_duration"":0,""steps"":1352,""distance"":1018,""elevation"":26,""metcumul"":26}",,2026-08-29T10:19:25+08:00
2026-03-09T17:12:09+08:00,2026-03-09T17:21:03+08:00,,,Australia/Perth,Walking,"{""calories"":35,""intensity"":30,""manual_distance"":0,""manual_calories"":0,""hr_average"":0,""hr_min"":0,""hr_max"":0,""hr_zone_0"":0,""hr_zone_1"":0,""hr_zone_2"":0,""hr_zone_3"":0,""pause_duration"":0,""steps"":1527,""distance"":1158,""elevation"":36,""metcumul"":36}",,2026-08-29T10:19:27+08:00
2026-04-26T18:19:00+08:00,2026-04-26T18:22:00+08:00,,,Australia/Perth,Walking,"{""calories"":11,""intensity"":30,""manual_distance"":0,""manual_calories"":0,""hr_average"":0,""hr_min"":0,""hr_max"":0,""hr_zone_0"":0,""hr_zone_1"":0,""hr_zone_2"":0,""hr_zone_3"":0,""pause_duration"":0,""steps"":478,""distance"":363,""elevation"":14,""metcumul"":14}",,2026-08-29T10:19:29+08:00
2026-05-23T10:37:00+08:00,2026-05-23T10:45:00+08:00,,,Australia/Perth,Running,"{""calories"":80,""intensity"":30,""manual_distance"":0,""manual_calories"":0,""hr_average"":0,""hr_min"":0,""hr_max"":0,""hr_zone_0"":0,""hr_zone_1"":0,""hr_zone_2"":0,""hr_zone_3"":0,""pause_duration"":0,""steps"":1972,""distance"":1893,""elevation"":67,""metcumul"":67}",,2026-08-29T10:19:30+08:00
2026-05-23T22:20:58+08:00,2026-05-23T22:24:00+08:00,,,Australia/Perth,Walking,"{""calories"":14,""intensity"":30,""manual_distance"":0,""manual_calories"":0,""hr_average"":0,""hr_min"":0,""hr_max"":0,""hr_zone_0"":0,""hr_zone_1"":0,""hr_zone_2"":0,""hr_zone_3"":0,""pause_duration"":0,""steps"":665,""distance"":481,""elevation"":13,""metcumul"":13}",,2026-08-29T10:19:32+08:00
2026-07-06T15:08:00+08:00,2026-07-06T15:16:00+08:00,,,Australia/Perth,Walking,"{""calories"":32,""intensity"":30,""manual_distance"":0,""manual_calories"":0,""hr_average"":0,""hr_min"":0,""hr_max"":0,""hr_zone_0"":0,""hr_zone_1"":0,""hr_zone_2"":0,""hr_zone_3"":0,""pause_duration"":0,""steps"":648,""distance"":515,""elevation"":28,""metcumul"":28}",,2026-08-29T10:19:34+08:00
2026-07-30T18:24:00+08:00,2026-07-30T18:28:00+08:00,,,Australia/Perth,Walking,"{""calories"":16,""intensity"":30,""manual_distance"":0,""manual_calories"":0,""hr_average"":0,""hr_min"":0,""hr_max"":0,""hr_zone_0"":0,""hr_zone_1"":0,""hr_zone_2"":0,""hr_zone_3"":0,""pause_duration"":0,""steps"":233,""distance"":166,""elevation"":11,""metcumul"":11}",,2026-08-29T10:19:36+08:00
2026-07-30T18:29:00+08:00,2026-07-30T18:43:00+08:00,,,Australia/Perth,Other,"{""calories"":102,""intensity"":30,""manual_distance"":0,""manual_calories"":0,""hr_average"":0,""hr_min"":0,""hr_max"":0,""hr_zone_0"":0,""hr_zone_1"":0,""hr_zone_2"":0,""hr_zone_3"":0,""pause_duration"":0,""steps"":725,""distance"":554,""elevation"":33,""metcumul"":33}",,2026-08-29T10:19:37+08:00
2026-02-21T18:00:00+08:00,2026-02-21T18:08:00+08:00,,,Australia/Perth,Running,"{""calories"":78,""intensity"":30,""manual_distance"":0,""manual_calories"":0,""hr_average"":0,""hr_min"":0,""hr_max"":0,""hr_zone_0"":0,""hr_zone_1"":0,""hr_zone_2"":0,""hr_zone_3"":0,""pause_duration"":0,""steps"":1163,""distance"":1300,""elevation"":80,""metcumul"":80}",,2026-08-29T10:21:59+08:00
2026-02-22T10:49:00+08:00,2026-02-22T10:54:00+08:00,,,Australia/Perth,Walking,"{""calories"":19,""intensity"":30,""manual_distance"":0,""manual_calories"":0,""hr_average"":0,""hr_min"":0,""hr_max"":0,""hr_zone_0"":0,""hr_zone_1"":0,""hr_zone_2"":0,""hr_zone_3"":0,""pause_duration"":0,""steps"":598,""distance"":442,""elevation"":28,""metcumul"":28}",,2026-08-29T10:22:01+08:00
2026-07-09T20:50:00+08:00,2026-07-09T20:54:00+08:00,,,Australia/Perth,Walking,"{""calories"":16,""intensity"":30,""manual_distance"":0,""manual_calories"":0,""hr_average"":0,""hr_min"":0,""hr_max"":0,""hr_zone_0"":0,""hr_zone_1"":0,""hr_zone_2"":0,""hr_zone_3"":0,""pause_duration"":0,""steps"":228,""distance"":165,""elevation"":10,""metcumul"":10}",,2026-08-29T10:22:03+08:00
2026-03-26T18:24:12+08:00,2026-03-26T18:26:00+08:00,,,Australia/Perth,Walking,"{""calories"":7,""intensity"":30,""manual_distance"":0,""manual_calories"":0,""hr_average"":0,""hr_min"":0,""hr_max"":0,""hr_zone_0"":0,""hr_zone_1"":0,""hr_zone_2"":0,""hr_zone_3"":0,""pause_duration"":0,""steps"":497,""distance"":360,""elevation"":6,""metcumul"":6}",,2026-08-29T10:22:05+08:00
2026-03-26T18:27:00+08:00,2026-03-26T18:38:00+08:00,,,Australia/Perth,Other,"{""calories"":78,""intensity"":30,""manual_distance"":0,""manual_calories"":0,""hr_average"":0,""hr_min"":0,""hr_max"":0,""hr_zone_0"":0,""hr_zone_1"":0,""hr_zone_2"":0,""hr_zone_3"":0,""pause_duration"":0,""steps"":927,""distance"":682,""elevation"":27,""metcumul"":27}",,2026-08-29T10:22:07+08:00
2026-03-24T08:26:22+08:00,2026-03-24T08:35:40+08:00,,,Australia/Perth,Walking,"{""calories"":36,""intensity"":30,""manual_distance"":0,""manual_calories"":0,""hr_average"":0,""hr_min"":0,""hr_max"":0,""hr_zone_0"":0,""hr_zone_1"":0,""hr_zone_2"":0,""hr_zone_3"":0,""pause_duration"":0,""steps"":1441,""distance"":1050,""elevation"":30,""metcumul"":30}",,2026-08-29T10:22:09+08:00
2026-03-24T16:43:26+08:00,2026-03-24T16:53:00+08:00,,,Australia/Perth,Walking,"{""calories"":37,""intensity"":30,""manual_distance"":0,""manual_calories"":0,""hr_average"":0,""hr_min"":0,""hr_max"":0,""hr_zone_0"":0,""hr_zone_1"":0,""hr_zone_2"":0,""hr_zone_3"":0,""pause_duration"":0,""steps"":1504,""distance"":1107,""elevation"":33,""metcumul"":33}",,2026-08-29T10:22:11+08:00
2026-03-24T18:41:00+08:00,2026-03-24T18:45:00+08:00,,,Australia/Perth,Walking,"{""calories"":26,""intensity"":30,""manual_distance"":0,""manual_calories"":0,""hr_average"":0,""hr_min"":0,""hr_max"":0,""hr_zone_0"":0,""hr_zone_1"":0,""hr_zone_2"":0,""hr_zone_3"":0,""pause_duration"":0,""steps"":420,""distance"":319,""elevation"":16,""metcumul"":16}",,2026-08-29T10:22:13+08:00
2026-06-26T15:24:00+08:00,2026-06-26T15:50:00+08:00,,,Australia/Perth,Other,"{""calories"":190,""intensity"":30,""manual_distance"":0,""manual_calories"":0,""hr_average"":0,""hr_min"":0,""hr_max"":0,""hr_zone_0"":0,""hr_zone_1"":0,""hr_zone_2"":0,""hr_zone_3"":0,""pause_duration"":0,""steps"":1142,""distance"":886,""elevation"":58,""metcumul"":58}",,2026-08-29T10:22:19+08:00
2026-06-26T16:09:00+08:00,2026-06-26T16:27:04+08:00,,,Australia/Perth,Other,"{""calories"":132,""intensity"":30,""manual_distance"":0,""manual_calories"":0,""hr_average"":0,""hr_min"":0,""hr_max"":0,""hr_zone_0"":0,""hr_zone_1"":0,""hr_zone_2"":0,""hr_zone_3"":0,""pause_duration"":0,""steps"":345,""distance"":266,""elevation"":27,""metcumul"":27}",,2026-08-29T10:22:21+08:00
2026-06-26T20:15:00+08:00,2026-06-26T20:20:00+08:00,,,Australia/Perth,Walking,"{""calories"":20,""intensity"":30,""manual_distance"":0,""manual_calories"":0,""hr_average"":0,""hr_min"":0,""hr_max"":0,""hr_zone_0"":0,""hr_zone_1"":0,""hr_zone_2"":0,""hr_zone_3"":0,""pause_duration"":0,""steps"":365,""distance"":258,""elevation"":16,""metcumul"":16}",,2026-08-29T10:22:22+08:00
2026-06-27T14:45:00+08:00,2026-06-27T14:52:00+08:00,,,Australia/Perth,Walking,"{""calories"":28,""intensity"":30,""manual_distance"":0,""manual_calories"":0,""hr_average"":0,""hr_min"":0,""hr_max"":0,""hr_zone_0"":0,""hr_zone_1"":0,""hr_zone_2"":0,""hr_zone_3"":0,""pause_duration"":0,""steps"":1070,""distance"":797,""elevation"":48,""metcumul"":48}",,2026-08-29T10:22:24+08:00
2026-06-27T18:41:00+08:00,2026-06-27T18:46:00+08:00,,,Australia/Perth,Swimming,"{""calories"":31,""hr_average"":0,""hr_min"":0,""hr_max"":0,""hr_zone_0"":0,""hr_zone_1"":0,""hr_zone_2"":0,""hr_zone_3"":0,""pause_duration"":0,""algo_pause_duration"":0,""laps"":0,""mvts"":0,""pool_length"":25,""type"":9}",,2026-08-29T10:22:27+08:00
2026-03-22T13:11:50+08:00,2026-03-22T13:20:05+08:00,,,Australia/Perth,Walking,"{""calories"":32,""intensity"":30,""manual_distance"":0,""manual_calories"":0,""hr_average"":0,""hr_min"":0,""hr_max"":0,""hr_zone_0"":0,""hr_zone_1"":0,""hr_zone_2"":0,""hr_zone_3"":0,""pause_duration"":0,""steps"":1074,""distance"":788,""elevation"":26,""metcumul"":26}",,2026-08-29T10:22:28+08:00
2026-02-18T16:55:00+08:00,2026-02-18T17:00:00+08:00,,,Australia/Perth,Walking,"{""calories"":20,""intensity"":30,""manual_distance"":0,""manual_calories"":0,""hr_average"":0,""hr_min"":0,""hr_max"":0,""hr_zone_0"":0,""hr_zone_1"":0,""hr_zone_2"":0,""hr_zone_3"":0,""pause_duration"":0,""steps"":552,""distance"":389,""elevation"":16,""metcumul"":16}",,2026-08-29T10:22:34+08:00
2026-02-19T18:31:00+08:00,2026-02-19T19:02:00+08:00,,,Australia/Perth,Other,"{""calories"":223,""intensity"":30,""manual_distance"":0,""manual_calories"":0,""hr_average"":0,""hr_min"":0,""hr_max"":0,""hr_zone_0"":0,""hr_zone_1"":0,""hr_zone_2"":0,""hr_zone_3"":0,""pause_duration"":0,""steps"":1216,""distance"":922,""elevation"":66,""metcumul"":66}",,2026-08-29T10:22:37+08:00
2026-03-19T18:28:00+08:00,2026-03-19T18:33:20+08:00,,,Australia/Perth,Walking,"{""calories"":21,""intensity"":30,""manual_distance"":0,""manual_calories"":0,""hr_average"":0,""hr_min"":0,""hr_max"":0,""hr_zone_0"":0,""hr_zone_1"":0,""hr_zone_2"":0,""hr_zone_3"":0,""pause_duration"":0,""steps"":748,""distance"":532,""elevation"":21,""metcumul"":21}",,2026-08-29T10:22:49+08:00
2026-01-29T11:38:00+08:00,2026-01-29T11:51:00+08:00,,,Australia/Perth,Cycling,"{""calories"":89,""intensity"":30,""manual_distance"":0,""manual_calories"":0,""hr_average"":0,""hr_min"":0,""hr_max"":0,""hr_zone_0"":0,""hr_zone_1"":0,""hr_zone_2"":0,""hr_zone_3"":0,""pause_duration"":0,""steps"":29,""distance"":22,""elevation"":10,""metcumul"":10}",,2026-08-29T10:23:05+08:00
2026-03-29T17:01:38+08:00,2026-03-29T17:10:37+08:00,,,Australia/Perth,Walking,"{""calories"":35,""intensity"":30,""manual_distance"":0,""manual_calories"":0,""hr_average"":0,""hr_min"":0,""hr_max"":0,""hr_zone_0"":0,""hr_zone_1"":0,""hr_zone_2"":0,""hr_zone_3"":0,""pause_duration"":0,""steps"":1322,""distance"":961,""elevation"":30,""metcumul"":30}",,2026-08-29T10:23:18+08:00
2026-06-06T13:50:00+08:00,2026-06-06T13:54:00+08:00,,,Australia/Perth,Walking,"{""calories"":16,""intensity"":30,""manual_distance"":0,""manual_calories"":0,""hr_average"":0,""hr_min"":0,""hr_max"":0,""hr_zone_0"":0,""hr_zone_1"":0,""hr_zone_2"":0,""hr_zone_3"":0,""pause_duration"":0,""steps"":754,""distance"":528,""elevation"":18,""metcumul"":18}",,2026-08-29T10:23:24+08:00
2026-06-07T16:47:00+08:00,2026-06-07T16:59:55+08:00,,,Australia/Perth,Walking,"{""calories"":52,""intensity"":30,""manual_distance"":0,""manual_calories"":0,""hr_average"":0,""hr_min"":0,""hr_max"":0,""hr_zone_0"":0,""hr_zone_1"":0,""hr_zone_2"":0,""hr_zone_3"":0,""pause_duration"":0,""steps"":1894,""distance"":1466,""elevation"":49,""metcumul"":49}",,2026-08-29T10:23:27+08:00
2026-06-07T17:19:00+08:00,2026-06-07T17:23:00+08:00,,,Australia/Perth,Walking,"{""calories"":17,""intensity"":30,""manual_distance"":0,""manual_calories"":0,""hr_average"":0,""hr_min"":0,""hr_max"":0,""hr_zone_0"":0,""hr_zone_1"":0,""hr_zone_2"":0,""hr_zone_3"":0,""pause_duration"":0,""steps"":506,""distance"":397,""elevation"":19,""metcumul"":19}",,2026-08-29T10:23:29+08:00
2026-04-12T19:56:40+08:00,2026-04-12T20:04:45+08:00,,,Australia/Perth,Walking,"{""calories"":31,""intensity"":30,""manual_distance"":0,""manual_calories"":0,""hr_average"":0,""hr_min"":0,""hr_max"":0,""hr_zone_0"":0,""hr_zone_1"":0,""hr_zone_2"":0,""hr_zone_3"":0,""pause_duration"":0,""steps"":1173,""distance"":860,""elevation"":26,""metcumul"":26}",,2026-08-29T10:23:31+08:00
2026-04-12T22:16:14+08:00,2026-04-12T22:21:00+08:00,,,Australia/Perth,Walking,"{""calories"":18,""intensity"":30,""manual_distance"":0,""manual_calories"":0,""hr_average"":0,""hr_min"":0,""hr_max"":0,""hr_zone_0"":0,""hr_zone_1"":0,""hr_zone_2"":0,""hr_zone_3"":0,""pause_duration"":0,""steps"":999,""distance"":774,""elevation"":20,""metcumul"":20}",,2026-08-29T10:23:33+08:00
2026-04-21T08:04:56+08:00,2026-04-21T08:08:00+08:00,,,Australia/Perth,Walking,"{""calories"":20,""intensity"":30,""manual_distance"":0,""manual_calories"":0,""hr_average"":0,""hr_min"":0,""hr_max"":0,""hr_zone_0"":0,""hr_zone_1"":0,""hr_zone_2"":0,""hr_zone_3"":0,""pause_duration"":0,""steps"":1526,""distance"":1176,""elevation"":33,""metcumul"":33}",,2026-08-29T10:24:22+08:00
2026-04-21T08:25:56+08:00,2026-04-21T08:34:55+08:00,,,Australia/Perth,Walking,"{""calories"":54,""intensity"":30,""manual_distance"":0,""manual_calories"":0,""hr_average"":0,""hr_min"":0,""hr_max"":0,""hr_zone_0"":0,""hr_zone_1"":0,""hr_zone_2"":0,""hr_zone_3"":0,""pause_duration"":0,""steps"":2996,""distance"":2361,""elevation"":78,""metcumul"":78}",,2026-08-29T10:24:23+08:00
2026-04-21T10:46:00+08:00,2026-04-21T10:51:24+08:00,,,Australia/Perth,Walking,"{""calories"":21,""intensity"":30,""manual_distance"":0,""manual_calories"":0,""hr_average"":0,""hr_min"":0,""hr_max"":0,""hr_zone_0"":0,""hr_zone_1"":0,""hr_zone_2"":0,""hr_zone_3"":0,""pause_duration"":0,""steps"":1150,""distance"":838,""elevation"":40,""metcumul"":40}",,2026-08-29T10:24:26+08:00
2026-04-21T15:45:43+08:00,2026-04-21T15:53:00+08:00,,,Australia/Perth,Walking,"{""calories"":58,""intensity"":30,""manual_distance"":0,""manual_calories"":0,""hr_average"":0,""hr_min"":0,""hr_max"":0,""hr_zone_0"":0,""hr_zone_1"":0,""hr_zone_2"":0,""hr_zone_3"":0,""pause_duration"":0,""steps"":2984,""distance"":2192,""elevation"":57,""metcumul"":57}",,2026-08-29T10:24:37+08:00
2026-04-21T16:03:00+08:00,2026-04-21T16:08:00+08:00,,,Australia/Perth,Walking,"{""calories"":34,""intensity"":30,""manual_distance"":0,""manual_calories"":0,""hr_average"":0,""hr_min"":0,""hr_max"":0,""hr_zone_0"":0,""hr_zone_1"":0,""hr_zone_2"":0,""hr_zone_3"":0,""pause_duration"":0,""steps"":1616,""distance"":1244,""elevation"":42,""metcumul"":42}",,2026-08-29T10:24:39+08:00
2026-04-21T21:53:09+08:00,2026-04-21T21:55:00+08:00,,,Australia/Perth,Walking,"{""calories"":12,""intensity"":30,""manual_distance"":0,""manual_calories"":0,""hr_average"":0,""hr_min"":0,""hr_max"":0,""hr_zone_0"":0,""hr_zone_1"":0,""hr_zone_2"":0,""hr_zone_3"":0,""pause_duration"":0,""steps"":770,""distance"":565,""elevation"":13,""metcumul"":13}",,2026-08-29T10:24:41+08:00
2026-01-23T06:48:00+08:00,2026-01-23T06:56:00+08:00,,,Australia/Perth,Running,"{""calories"":79,""intensity"":30,""manual_distance"":0,""manual_calories"":0,""hr_average"":0,""hr_min"":0,""hr_max"":0,""hr_zone_0"":0,""hr_zone_1"":0,""hr_zone_2"":0,""hr_zone_3"":0,""pause_duration"":0,""steps"":1053,""distance"":1061,""elevation"":62,""metcumul"":62}",,2026-08-29T10:25:50+08:00
2026-01-23T18:22:00+08:00,2026-01-23T18:36:00+08:00,,,Australia/Perth,Walking,"{""calories"":56,""intensity"":30,""manual_distance"":0,""manual_calories"":0,""hr_average"":0,""hr_min"":0,""hr_max"":0,""hr_zone_0"":0,""hr_zone_1"":0,""hr_zone_2"":0,""hr_zone_3"":0,""pause_duration"":0,""steps"":1211,""distance"":934,""elevation"":53,""metcumul"":53}",,2026-08-29T10:25:51+08:00
2026-07-27T08:23:22+08:00,2026-07-27T08:30:00+08:00,,,Australia/Perth,Walking,"{""calories"":26,""intensity"":30,""manual_distance"":0,""manual_calories"":0,""hr_average"":0,""hr_min"":0,""hr_max"":0,""hr_zone_0"":0,""hr_zone_1"":0,""hr_zone_2"":0,""hr_zone_3"":0,""pause_duration"":0,""steps"":664,""distance"":519,""elevation"":27,""metcumul"":27}",,2026-08-29T10:32:27+08:00
2026-07-27T17:29:00+08:00,2026-07-27T17:38:00+08:00,,,Australia/Perth,Walking,"{""calories"":36,""intensity"":30,""manual_distance"":0,""manual_calories"":0,""hr_average"":0,""hr_min"":0,""hr_max"":0,""hr_zone_0"":0,""hr_zone_1"":0,""hr_zone_2"":0,""hr_zone_3"":0,""pause_duration"":0,""steps"":789,""distance"":620,""elevation"":34,""metcumul"":34}",,2026-08-29T10:32:28+08:00
2026-07-27T17:49:00+08:00,2026-07-27T17:53:00+08:00,,,Australia/Perth,Walking,"{""calories"":16,""intensity"":30,""manual_distance"":0,""manual_calories"":0,""hr_average"":0,""hr_min"":0,""hr_max"":0,""hr_zone_0"":0,""hr_zone_1"":0,""hr_zone_2"":0,""hr_zone_3"":0,""pause_duration"":0,""steps"":412,""distance"":313,""elevation"":17,""metcumul"":17}",,2026-08-29T10:32:30+08:00
2026-08-31T21:41:00+08:00,2026-08-31T21:54:00+08:00,,,Australia/Perth,Walking,"{""calories"":41,""intensity"":16,""manual_distance"":0,""manual_calories"":0,""hr_average"":89,""hr_min"":89,""hr_max"":89,""hr_zone_0"":0,""hr_zone_1"":37,""hr_zone_2"":0,""hr_zone_3"":0,""pause_duration"":0,""core_body_temperature_avg"":37.2,""core_body_temperature_min"":37.19,""core_body_temperature_max"":37.22,""steps"":1312,""distance"":986,""elevation"":54,""metcumul"":54}",,2026-09-02T12:48:03+08:00
2026-08-31T21:41:22+08:00,2026-08-31T21:55:59+08:00,,,Australia/Perth,Walking,"{""calories"":0,""intensity"":30,""manual_distance"":0,""manual_calories"":58,""hr_average"":89,""hr_min"":89,""hr_max"":89,""hr_zone_0"":0,""hr_zone_1"":37,""hr_zone_2"":0,""hr_zone_3"":0,""pause_duration"":0,""steps"":0,""distance"":0,""elevation"":0,""metcumul"":0}",,2026-09-15T18:28:29+08:00
2026-08-31T19:29:04+08:00,2026-08-31T19:50:13+08:00,,,Australia/Perth,Walking,"{""calories"":0,""intensity"":30,""manual_distance"":0,""manual_calories"":85,""hr_average"":101,""hr_min"":101,""hr_max"":101,""hr_zone_0"":0,""hr_zone_1"":37,""hr_zone_2"":0,""hr_zone_3"":0,""pause_duration"":0,""steps"":0,""distance"":0,""elevation"":0,""metcumul"":0}",,2026-09-15T18:28:30+08:00
2026-09-04T09:15:00+08:00,2026-09-04T09:19:00+08:00,,,Australia/Perth,Walking,"{""calories"":16,""intensity"":30,""manual_distance"":0,""manual_calories"":0,""hr_average"":0,""hr_min"":0,""hr_max"":0,""hr_zone_0"":0,""hr_zone_1"":0,""hr_zone_2"":0,""hr_zone_3"":0,""pause_duration"":0,""core_body_temperature_avg"":37.16,""core_body_temperature_min"":37.16,""core_body_temperature_max"":37.16,""steps"":410,""distance"":303,""elevation"":16,""metcumul"":16}",,2026-09-07T10:29:23+08:00
2026-09-05T18:12:00+08:00,2026-09-05T18:19:00+08:00,,,Australia/Perth,Walking,"{""calories"":28,""intensity"":30,""manual_distance"":0,""manual_calories"":0,""hr_average"":0,""hr_min"":0,""hr_max"":0,""hr_zone_0"":0,""hr_zone_1"":0,""hr_zone_2"":0,""hr_zone_3"":0,""pause_duration"":0,""core_body_temperature_avg"":36.89,""core_body_temperature_min"":36.87,""core_body_temperature_max"":36.9,""steps"":561,""distance"":424,""elevation"":25,""metcumul"":25}",,2026-09-19T22:17:03+08:00
2026-09-07T07:11:00+08:00,2026-09-07T07:15:00+08:00,,,Australia/Perth,Walking,"{""calories"":16,""intensity"":30,""manual_distance"":0,""manual_calories"":0,""hr_average"":104,""hr_min"":104,""hr_max"":104,""hr_zone_0"":0,""hr_zone_1"":37,""hr_zone_2"":0,""hr_zone_3"":0,""pause_duration"":0,""core_body_temperature_avg"":37.23,""core_body_temperature_min"":37.23,""core_body_temperature_max"":37.23,""steps"":410,""distance"":317,""elevation"":17,""metcumul"":17}",,2026-09-19T22:17:03+08:00
2026-09-07T07:25:00+08:00,2026-09-07T07:31:00+08:00,,,Australia/Perth,Walking,"{""calories"":24,""intensity"":30,""manual_distance"":0,""manual_calories"":0,""hr_average"":0,""hr_min"":0,""hr_max"":0,""hr_zone_0"":0,""hr_zone_1"":0,""hr_zone_2"":0,""hr_zone_3"":0,""pause_duration"":0,""core_body_temperature_avg"":37.38,""core_body_temperature_min"":37.38,""core_body_temperature_max"":37.38,""steps"":567,""distance"":440,""elevation"":24,""metcumul"":24}",,2026-09-19T22:17:05+08:00
2026-09-08T07:46:00+08:00,2026-09-08T07:53:00+08:00,,,Australia/Perth,Walking,"{""calories"":28,""intensity"":30,""manual_distance"":0,""manual_calories"":0,""hr_average"":0,""hr_min"":0,""hr_max"":0,""hr_zone_0"":0,""hr_zone_1"":0,""hr_zone_2"":0,""hr_zone_3"":0,""pause_duration"":0,""core_body_temperature_avg"":37.32,""core_body_temperature_min"":37.3,""core_body_temperature_max"":37.34,""steps"":659,""distance"":508,""elevation"":28,""metcumul"":28}",,2026-09-19T22:17:06+08:00
2026-09-08T16:41:00+08:00,2026-09-08T16:52:00+08:00,,,Australia/Perth,Walking,"{""calories"":24,""intensity"":0,""manual_distance"":0,""manual_calories"":0,""hr_average"":71,""hr_min"":71,""hr_max"":71,""hr_zone_0"":37,""hr_zone_1"":0,""hr_zone_2"":0,""hr_zone_3"":0,""pause_duration"":0,""core_body_temperature_avg"":36.95,""core_body_temperature_min"":36.94,""core_body_temperature_max"":36.96,""steps"":841,""distance"":638,""elevation"":37,""metcumul"":37}",,2026-09-19T22:17:07+08:00
2026-09-08T17:06:43+08:00,2026-09-08T17:11:00+08:00,,,Australia/Perth,Walking,"{""calories"":17,""intensity"":30,""manual_distance"":0,""manual_calories"":0,""hr_average"":0,""hr_min"":0,""hr_max"":0,""hr_zone_0"":0,""hr_zone_1"":0,""hr_zone_2"":0,""hr_zone_3"":0,""pause_duration"":0,""core_body_temperature_avg"":36.93,""core_body_temperature_min"":36.93,""core_body_temperature_max"":36.93,""steps"":408,""distance"":316,""elevation"":17,""metcumul"":17}",,2026-09-19T22:17:07+08:00
2026-09-09T12:47:00+08:00,2026-09-09T13:08:00+08:00,,,Australia/Perth,Walking,"{""calories"":47,""intensity"":0,""manual_distance"":0,""manual_calories"":0,""hr_average"":58,""hr_min"":55,""hr_max"":70,""hr_zone_0"":75,""hr_zone_1"":0,""hr_zone_2"":0,""hr_zone_3"":0,""pause_duration"":0,""core_body_temperature_avg"":37.02,""core_body_temperature_min"":36.93,""core_body_temperature_max"":37.05,""steps"":1516,""distance"":1186,""elevation"":69,""metcumul"":69}",,2026-09-19T22:17:08+08:00
2026-09-10T13:03:00+08:00,2026-09-10T13:30:00+08:00,,,Australia/Perth,Walking,"{""calories"":72,""intensity"":7,""manual_distance"":0,""manual_calories"":0,""hr_average"":80,""hr_min"":80,""hr_max"":80,""hr_zone_0"":37,""hr_zone_1"":0,""hr_zone_2"":0,""hr_zone_3"":0,""pause_duration"":0,""core_body_temperature_avg"":36.97,""core_body_temperature_min"":36.85,""core_body_temperature_max"":37.02,""steps"":2954,""distance"":2256,""elevation"":121,""metcumul"":121}",,2026-09-19T22:17:09+08:00
2026-09-10T18:24:29+08:00,2026-09-10T18:40:00+08:00,,,Australia/Perth,Other,"{""calories"":56,""intensity"":8,""manual_distance"":0,""manual_calories"":0,""hr_average"":81,""hr_min"":81,""hr_max"":81,""hr_zone_0"":38,""hr_zone_1"":0,""hr_zone_2"":0,""hr_zone_3"":0,""pause_duration"":0,""core_body_temperature_avg"":37.08,""core_body_temperature_min"":37.05,""core_body_temperature_max"":37.12,""steps"":332,""distance"":252,""elevation"":24,""metcumul"":24}",,2026-09-19T22:17:09+08:00
2026-09-15T06:40:00+08:00,2026-09-15T06:50:00+08:00,,,Australia/Perth,Walking,"{""calories"":49,""intensity"":44,""manual_distance"":0,""manual_calories"":0,""hr_average"":117,""hr_min"":117,""hr_max"":117,""hr_zone_0"":0,""hr_zone_1"":37,""hr_zone_2"":0,""hr_zone_3"":0,""pause_duration"":0,""core_body_temperature_avg"":37.31,""core_body_temperature_min"":37.31,""core_body_temperature_max"":37.31,""steps"":850,""distance"":653,""elevation"":37,""metcumul"":37}",,2026-09-19T22:17:10+08:00
2026-09-15T16:17:00+08:00,2026-09-15T16:27:00+08:00,,,Australia/Perth,Walking,"{""calories"":48,""intensity"":42,""manual_distance"":0,""manual_calories"":0,""hr_average"":115,""hr_min"":115,""hr_max"":115,""hr_zone_0"":0,""hr_zone_1"":38,""hr_zone_2"":0,""hr_zone_3"":0,""pause_duration"":0,""core_body_temperature_avg"":36.82,""core_body_temperature_min"":36.81,""core_body_temperature_max"":36.82,""steps"":806,""distance"":619,""elevation"":35,""metcumul"":35}",,2026-09-19T22:17:10+08:00
2026-01-09T06:32:52+08:00,2026-01-09T07:18:08+08:00,,,Australia/Perth,Other,"{""calories"":0,""intensity"":30,""manual_distance"":0,""manual_calories"":331,""hr_average"":0,""hr_min"":0,""hr_max"":0,""hr_zone_0"":0,""hr_zone_1"":0,""hr_zone_2"":0,""hr_zone_3"":0,""pause_duration"":0,""steps"":0,""distance"":0,""elevation"":0,""metcumul"":0}",,2026-09-15T18:28:31+08:00
2026-01-12T18:54:18+08:00,2026-01-12T19:50:11+08:00,,,Australia/Perth,Other,"{""calories"":0,""intensity"":30,""manual_distance"":0,""manual_calories"":412,""hr_average"":0,""hr_min"":0,""hr_max"":0,""hr_zone_0"":0,""hr_zone_1"":0,""hr_zone_2"":0,""hr_zone_3"":0,""pause_duration"":0,""steps"":0,""distance"":0,""elevation"":0,""metcumul"":0}",,2026-09-15T18:28:31+08:00
2026-01-16T13:07:48+08:00,2026-01-16T13:19:31+08:00,,,Australia/Perth,Walking,"{""calories"":0,""intensity"":30,""manual_distance"":0,""manual_calories"":47,""hr_average"":0,""hr_min"":0,""hr_max"":0,""hr_zone_0"":0,""hr_zone_1"":0,""hr_zone_2"":0,""hr_zone_3"":0,""pause_duration"":0,""steps"":0,""distance"":0,""elevation"":0,""metcumul"":0}",,2026-09-15T18:28:33+08:00
2026-01-16T13:41:49+08:00,2026-01-16T14:15:44+08:00,,,Australia/Perth,Walking,"{""calories"":0,""intensity"":30,""manual_distance"":0,""manual_calories"":136,""hr_average"":0,""hr_min"":0,""hr_max"":0,""hr_zone_0"":0,""hr_zone_1"":0,""hr_zone_2"":0,""hr_zone_3"":0,""pause_duration"":0,""steps"":0,""distance"":0,""elevation"":0,""metcumul"":0}",,2026-09-15T18:28:33+08:00
2026-01-19T16:25:28+08:00,2026-01-19T17:14:59+08:00,,,Australia/Perth,Other,"{""calories"":0,""intensity"":30,""manual_distance"":0,""manual_calories"":360,""hr_average"":0,""hr_min"":0,""hr_max"":0,""hr_zone_0"":0,""hr_zone_1"":0,""hr_zone_2"":0,""hr_zone_3"":0,""pause_duration"":0,""steps"":0,""distance"":0,""elevation"":0,""metcumul"":0}",,2026-09-15T18:28:34+08:00
2026-01-23T06:48:49+08:00,2026-01-23T07:42:26+08:00,,,Australia/Perth,Other,"{""calories"":0,""intensity"":30,""manual_distance"":0,""manual_calories"":390,""hr_average"":0,""hr_min"":0,""hr_max"":0,""hr_zone_0"":0,""hr_zone_1"":0,""hr_zone_2"":0,""hr_zone_3"":0,""pause_duration"":0,""steps"":0,""distance"":0,""elevation"":0,""metcumul"":0}",,2026-09-15T18:28:35+08:00
2026-01-25T08:49:59+08:00,2026-01-25T09:41:44+08:00,,,Australia/Perth,Other,"{""calories"":0,""intensity"":30,""manual_distance"":0,""manual_calories"":376,""hr_average"":0,""hr_min"":0,""hr_max"":0,""hr_zone_0"":0,""hr_zone_1"":0,""hr_zone_2"":0,""hr_zone_3"":0,""pause_duration"":0,""steps"":0,""distance"":0,""elevation"":0,""metcumul"":0}",,2026-09-15T18:28:35+08:00
2026-01-26T15:27:55+08:00,2026-01-26T16:08:33+08:00,,,Australia/Perth,Other,"{""calories"":0,""intensity"":30,""manual_distance"":0,""manual_calories"":294,""hr_average"":0,""hr_min"":0,""hr_max"":0,""hr_zone_0"":0,""hr_zone_1"":0,""hr_zone_2"":0,""hr_zone_3"":0,""pause_duration"":0,""steps"":0,""distance"":0,""elevation"":0,""metcumul"":0}",,2026-09-15T18:28:36+08:00
2026-01-30T06:50:13+08:00,2026-01-30T07:43:21+08:00,,,Australia/Perth,Other,"{""calories"":0,""intensity"":30,""manual_distance"":0,""manual_calories"":384,""hr_average"":0,""hr_min"":0,""hr_max"":0,""hr_zone_0"":0,""hr_zone_1"":0,""hr_zone_2"":0,""hr_zone_3"":0,""pause_duration"":0,""steps"":0,""distance"":0,""elevation"":0,""metcumul"":0}",,2026-09-15T18:28:37+08:00
2026-02-01T18:53:08+08:00,2026-02-01T19:54:13+08:00,,,Australia/Perth,Other,"{""calories"":0,""intensity"":30,""manual_distance"":0,""manual_calories"":443,""hr_average"":0,""hr_min"":0,""hr_max"":0,""hr_zone_0"":0,""hr_zone_1"":0,""hr_zone_2"":0,""hr_zone_3"":0,""pause_duration"":0,""steps"":0,""distance"":0,""elevation"":0,""metcumul"":0}",,2026-09-15T18:28:38+08:00
2026-02-12T12:28:53+08:00,2026-02-12T13:11:22+08:00,,,Australia/Perth,Other,"{""calories"":0,""intensity"":30,""manual_distance"":0,""manual_calories"":305,""hr_average"":0,""hr_min"":0,""hr_max"":0,""hr_zone_0"":0,""hr_zone_1"":0,""hr_zone_2"":0,""hr_zone_3"":0,""pause_duration"":0,""steps"":0,""distance"":0,""elevation"":0,""metcumul"":0}",,2026-09-15T18:28:39+08:00
2026-02-14T10:46:06+08:00,2026-02-14T11:26:29+08:00,,,Australia/Perth,Other,"{""calories"":0,""intensity"":30,""manual_distance"":0,""manual_calories"":291,""hr_average"":0,""hr_min"":0,""hr_max"":0,""hr_zone_0"":0,""hr_zone_1"":0,""hr_zone_2"":0,""hr_zone_3"":0,""pause_duration"":0,""steps"":0,""distance"":0,""elevation"":0,""metcumul"":0}",,2026-09-15T18:28:40+08:00
2026-02-15T16:10:37+08:00,2026-02-15T17:00:04+08:00,,,Australia/Perth,Other,"{""calories"":0,""intensity"":30,""manual_distance"":0,""manual_calories"":357,""hr_average"":0,""hr_min"":0,""hr_max"":0,""hr_zone_0"":0,""hr_zone_1"":0,""hr_zone_2"":0,""hr_zone_3"":0,""pause_duration"":0,""steps"":0,""distance"":0,""elevation"":0,""metcumul"":0}",,2026-09-15T18:28:40+08:00
2026-02-21T17:58:40+08:00,2026-02-21T18:50:53+08:00,,,Australia/Perth,Other,"{""calories"":0,""intensity"":30,""manual_distance"":0,""manual_calories"":376,""hr_average"":0,""hr_min"":0,""hr_max"":0,""hr_zone_0"":0,""hr_zone_1"":0,""hr_zone_2"":0,""hr_zone_3"":0,""pause_duration"":0,""steps"":0,""distance"":0,""elevation"":0,""metcumul"":0}",,2026-09-15T18:28:41+08:00
2026-02-26T06:36:11+08:00,2026-02-26T07:15:19+08:00,,,Australia/Perth,Other,"{""calories"":0,""intensity"":30,""manual_distance"":0,""manual_calories"":279,""hr_average"":0,""hr_min"":0,""hr_max"":0,""hr_zone_0"":0,""hr_zone_1"":0,""hr_zone_2"":0,""hr_zone_3"":0,""pause_duration"":0,""steps"":0,""distance"":0,""elevation"":0,""metcumul"":0}",,2026-09-15T18:28:42+08:00
2026-04-06T17:05:29+08:00,2026-04-06T17:48:40+08:00,,,Australia/Perth,Other,"{""calories"":0,""intensity"":30,""manual_distance"":0,""manual_calories"":309,""hr_average"":0,""hr_min"":0,""hr_max"":0,""hr_zone_0"":0,""hr_zone_1"":0,""hr_zone_2"":0,""hr_zone_3"":0,""pause_duration"":0,""steps"":0,""distance"":0,""elevation"":0,""metcumul"":0}",,2026-09-15T18:28:43+08:00
2026-04-15T20:12:26+08:00,2026-04-15T20:56:18+08:00,,,Australia/Perth,Other,"{""calories"":0,""intensity"":30,""manual_distance"":0,""manual_calories"":316,""hr_average"":0,""hr_min"":0,""hr_max"":0,""hr_zone_0"":0,""hr_zone_1"":0,""hr_zone_2"":0,""hr_zone_3"":0,""pause_duration"":0,""steps"":0,""distance"":0,""elevation"":0,""metcumul"":0}",,2026-09-15T18:28:44+08:00
2026-04-18T18:17:22+08:00,2026-04-18T19:10:30+08:00,,,Australia/Perth,Other,"{""calories"":0,""intensity"":30,""manual_distance"":0,""manual_calories"":383,""hr_average"":0,""hr_min"":0,""hr_max"":0,""hr_zone_0"":0,""hr_zone_1"":0,""hr_zone_2"":0,""hr_zone_3"":0,""pause_duration"":0,""steps"":0,""distance"":0,""elevation"":0,""metcumul"":0}",,2026-09-15T18:28:45+08:00
2026-04-27T14:08:28+08:00,2026-04-27T14:53:38+08:00,,,Australia/Perth,Other,"{""calories"":0,""intensity"":30,""manual_distance"":0,""manual_calories"":326,""hr_average"":0,""hr_min"":0,""hr_max"":0,""hr_zone_0"":0,""hr_zone_1"":0,""hr_zone_2"":0,""hr_zone_3"":0,""pause_duration"":0,""steps"":0,""distance"":0,""elevation"":0,""metcumul"":0}",,2026-09-15T18:28:46+08:00
2026-05-10T16:39:18+08:00,2026-05-10T17:26:34+08:00,,,Australia/Perth,Other,"{""calories"":0,""intensity"":30,""manual_distance"":0,""manual_calories"":344,""hr_average"":0,""hr_min"":0,""hr_max"":0,""hr_zone_0"":0,""hr_zone_1"":0,""hr_zone_2"":0,""hr_zone_3"":0,""pause_duration"":0,""steps"":0,""distance"":0,""elevation"":0,""metcumul"":0}",,2026-09-15T18:28:47+08:00
2026-05-13T17:49:30+08:00,2026-05-13T18:35:13+08:00,,,Australia/Perth,Other,"{""calories"":0,""intensity"":30,""manual_distance"":0,""manual_calories"":332,""hr_average"":0,""hr_min"":0,""hr_max"":0,""hr_zone_0"":0,""hr_zone_1"":0,""hr_zone_2"":0,""hr_zone_3"":0,""pause_duration"":0,""steps"":0,""distance"":0,""elevation"":0,""metcumul"":0}",,2026-09-15T18:28:47+08:00
2026-05-17T15:56:45+08:00,2026-05-17T16:50:03+08:00,,,Australia/Perth,Other,"{""calories"":0,""intensity"":30,""manual_distance"":0,""manual_calories"":387,""hr_average"":0,""hr_min"":0,""hr_max"":0,""hr_zone_0"":0,""hr_zone_1"":0,""hr_zone_2"":0,""hr_zone_3"":0,""pause_duration"":0,""steps"":0,""distance"":0,""elevation"":0,""metcumul"":0}",,2026-09-15T18:28:48+08:00
2026-05-20T19:24:27+08:00,2026-05-20T20:17:34+08:00,,,Australia/Perth,Other,"{""calories"":0,""intensity"":30,""manual_distance"":0,""manual_calories"":384,""hr_average"":0,""hr_min"":0,""hr_max"":0,""hr_zone_0"":0,""hr_zone_1"":0,""hr_zone_2"":0,""hr_zone_3"":0,""pause_duration"":0,""steps"":0,""distance"":0,""elevation"":0,""metcumul"":0}",,2026-09-15T18:28:49+08:00
2026-05-23T10:47:08+08:00,2026-05-23T11:14:04+08:00,,,Australia/Perth,Other,"{""calories"":0,""intensity"":30,""manual_distance"":0,""manual_calories"":197,""hr_average"":0,""hr_min"":0,""hr_max"":0,""hr_zone_0"":0,""hr_zone_1"":0,""hr_zone_2"":0,""hr_zone_3"":0,""pause_duration"":0,""steps"":0,""distance"":0,""elevation"":0,""metcumul"":0}",,2026-09-15T18:28:50+08:00
2026-05-28T19:18:39+08:00,2026-05-28T20:13:58+08:00,,,Australia/Perth,Other,"{""calories"":0,""intensity"":30,""manual_distance"":0,""manual_calories"":400,""hr_average"":0,""hr_min"":0,""hr_max"":0,""hr_zone_0"":0,""hr_zone_1"":0,""hr_zone_2"":0,""hr_zone_3"":0,""pause_duration"":0,""steps"":0,""distance"":0,""elevation"":0,""metcumul"":0}",,2026-09-15T18:28:50+08:00
2026-06-03T19:06:56+08:00,2026-06-03T20:02:12+08:00,,,Australia/Perth,Other,"{""calories"":0,""intensity"":30,""manual_distance"":0,""manual_calories"":401,""hr_average"":0,""hr_min"":0,""hr_max"":0,""hr_zone_0"":0,""hr_zone_1"":0,""hr_zone_2"":0,""hr_zone_3"":0,""pause_duration"":0,""steps"":0,""distance"":0,""elevation"":0,""metcumul"":0}",,2026-09-15T18:28:51+08:00
2026-06-07T14:01:55+08:00,2026-06-07T14:43:48+08:00,,,Australia/Perth,Other,"{""calories"":0,""intensity"":30,""manual_distance"":0,""manual_calories"":306,""hr_average"":0,""hr_min"":0,""hr_max"":0,""hr_zone_0"":0,""hr_zone_1"":0,""hr_zone_2"":0,""hr_zone_3"":0,""pause_duration"":0,""steps"":0,""distance"":0,""elevation"":0,""metcumul"":0}",,2026-09-15T18:28:52+08:00
2026-06-08T19:55:10+08:00,2026-06-08T20:33:48+08:00,,,Australia/Perth,Other,"{""calories"":0,""intensity"":30,""manual_distance"":0,""manual_calories"":282,""hr_average"":0,""hr_min"":0,""hr_max"":0,""hr_zone_0"":0,""hr_zone_1"":0,""hr_zone_2"":0,""hr_zone_3"":0,""pause_duration"":0,""steps"":0,""distance"":0,""elevation"":0,""metcumul"":0}",,2026-09-15T18:28:53+08:00
2026-06-11T19:49:51+08:00,2026-06-11T20:27:29+08:00,,,Australia/Perth,Other,"{""calories"":0,""intensity"":30,""manual_distance"":0,""manual_calories"":275,""hr_average"":0,""hr_min"":0,""hr_max"":0,""hr_zone_0"":0,""hr_zone_1"":0,""hr_zone_2"":0,""hr_zone_3"":0,""pause_duration"":0,""steps"":0,""distance"":0,""elevation"":0,""metcumul"":0}",,2026-09-15T18:28:54+08:00
2026-06-14T20:22:40+08:00,2026-06-14T21:16:46+08:00,,,Australia/Perth,Other,"{""calories"":0,""intensity"":30,""manual_distance"":0,""manual_calories"":395,""hr_average"":0,""hr_min"":0,""hr_max"":0,""hr_zone_0"":0,""hr_zone_1"":0,""hr_zone_2"":0,""hr_zone_3"":0,""pause_duration"":0,""steps"":0,""distance"":0,""elevation"":0,""metcumul"":0}",,2026-09-15T18:28:54+08:00
2026-06-20T13:16:03+08:00,2026-06-20T13:59:30+08:00,,,Australia/Perth,Other,"{""calories"":0,""intensity"":30,""manual_distance"":0,""manual_calories"":317,""hr_average"":0,""hr_min"":0,""hr_max"":0,""hr_zone_0"":0,""hr_zone_1"":0,""hr_zone_2"":0,""hr_zone_3"":0,""pause_duration"":0,""steps"":0,""distance"":0,""elevation"":0,""metcumul"":0}",,2026-09-15T18:28:55+08:00
2026-06-21T13:59:46+08:00,2026-06-21T14:40:08+08:00,,,Australia/Perth,Other,"{""calories"":0,""intensity"":30,""manual_distance"":0,""manual_calories"":294,""hr_average"":0,""hr_min"":0,""hr_max"":0,""hr_zone_0"":0,""hr_zone_1"":0,""hr_zone_2"":0,""hr_zone_3"":0,""pause_duration"":0,""steps"":0,""distance"":0,""elevation"":0,""metcumul"":0}",,2026-09-15T18:28:56+08:00
2026-06-27T09:20:04+08:00,2026-06-27T09:58:34+08:00,,,Australia/Perth,Other,"{""calories"":0,""intensity"":30,""manual_distance"":0,""manual_calories"":281,""hr_average"":0,""hr_min"":0,""hr_max"":0,""hr_zone_0"":0,""hr_zone_1"":0,""hr_zone_2"":0,""hr_zone_3"":0,""pause_duration"":0,""steps"":0,""distance"":0,""elevation"":0,""metcumul"":0}",,2026-09-15T18:28:57+08:00
2026-07-05T14:27:10+08:00,2026-07-05T15:16:13+08:00,,,Australia/Perth,Other,"{""calories"":0,""intensity"":30,""manual_distance"":0,""manual_calories"":355,""hr_average"":0,""hr_min"":0,""hr_max"":0,""hr_zone_0"":0,""hr_zone_1"":0,""hr_zone_2"":0,""hr_zone_3"":0,""pause_duration"":0,""steps"":0,""distance"":0,""elevation"":0,""metcumul"":0}",,2026-09-15T18:28:57+08:00
2026-07-19T15:24:25+08:00,2026-07-19T16:07:56+08:00,,,Australia/Perth,Other,"{""calories"":0,""intensity"":30,""manual_distance"":0,""manual_calories"":318,""hr_average"":0,""hr_min"":0,""hr_max"":0,""hr_zone_0"":0,""hr_zone_1"":0,""hr_zone_2"":0,""hr_zone_3"":0,""pause_duration"":0,""steps"":0,""distance"":0,""elevation"":0,""metcumul"":0}",,2026-09-15T18:28:58+08:00
2026-07-26T14:21:40+08:00,2026-07-26T15:03:32+08:00,,,Australia/Perth,Other,"{""calories"":0,""intensity"":30,""manual_distance"":0,""manual_calories"":306,""hr_average"":0,""hr_min"":0,""hr_max"":0,""hr_zone_0"":0,""hr_zone_1"":0,""hr_zone_2"":0,""hr_zone_3"":0,""pause_duration"":0,""steps"":0,""distance"":0,""elevation"":0,""metcumul"":0}",,2026-09-15T18:28:59+08:00
2026-07-27T19:35:47+08:00,2026-07-27T20:17:33+08:00,,,Australia/Perth,Other,"{""calories"":0,""intensity"":30,""manual_distance"":0,""manual_calories"":304,""hr_average"":0,""hr_min"":0,""hr_max"":0,""hr_zone_0"":0,""hr_zone_1"":0,""hr_zone_2"":0,""hr_zone_3"":0,""pause_duration"":0,""steps"":0,""distance"":0,""elevation"":0,""metcumul"":0}",,2026-09-15T18:28:59+08:00
2026-07-29T19:57:27+08:00,2026-07-29T20:57:03+08:00,,,Australia/Perth,Other,"{""calories"":0,""intensity"":30,""manual_distance"":0,""manual_calories"":434,""hr_average"":0,""hr_min"":0,""hr_max"":0,""hr_zone_0"":0,""hr_zone_1"":0,""hr_zone_2"":0,""hr_zone_3"":0,""pause_duration"":0,""steps"":0,""distance"":0,""elevation"":0,""metcumul"":0}",,2026-09-15T18:29:00+08:00
2026-07-31T12:02:58+08:00,2026-07-31T12:46:50+08:00,,,Australia/Perth,Other,"{""calories"":0,""intensity"":30,""manual_distance"":0,""manual_calories"":321,""hr_average"":0,""hr_min"":0,""hr_max"":0,""hr_zone_0"":0,""hr_zone_1"":0,""hr_zone_2"":0,""hr_zone_3"":0,""pause_duration"":0,""steps"":0,""distance"":0,""elevation"":0,""metcumul"":0}",,2026-09-15T18:29:01+08:00
2026-08-02T10:52:15+08:00,2026-08-02T11:39:12+08:00,,,Australia/Perth,Other,"{""calories"":0,""intensity"":30,""manual_distance"":0,""manual_calories"":345,""hr_average"":0,""hr_min"":0,""hr_max"":0,""hr_zone_0"":0,""hr_zone_1"":0,""hr_zone_2"":0,""hr_zone_3"":0,""pause_duration"":0,""steps"":0,""distance"":0,""elevation"":0,""metcumul"":0}",,2026-09-15T18:29:02+08:00
2026-08-07T11:52:43+08:00,2026-08-07T12:36:07+08:00,,,Australia/Perth,Other,"{""calories"":0,""intensity"":30,""manual_distance"":0,""manual_calories"":320,""hr_average"":0,""hr_min"":0,""hr_max"":0,""hr_zone_0"":0,""hr_zone_1"":0,""hr_zone_2"":0,""hr_zone_3"":0,""pause_duration"":0,""steps"":0,""distance"":0,""elevation"":0,""metcumul"":0}",,2026-09-15T18:29:02+08:00
2026-08-09T12:37:33+08:00,2026-08-09T13:34:20+08:00,,,Australia/Perth,Other,"{""calories"":0,""intensity"":30,""manual_distance"":0,""manual_calories"":416,""hr_average"":0,""hr_min"":0,""hr_max"":0,""hr_zone_0"":0,""hr_zone_1"":0,""hr_zone_2"":0,""hr_zone_3"":0,""pause_duration"":0,""steps"":0,""distance"":0,""elevation"":0,""metcumul"":0}",,2026-09-15T18:29:03+08:00
2026-08-10T11:59:35+08:00,2026-08-10T12:41:10+08:00,,,Australia/Perth,Other,"{""calories"":0,""intensity"":30,""manual_distance"":0,""manual_calories"":304,""hr_average"":0,""hr_min"":0,""hr_max"":0,""hr_zone_0"":0,""hr_zone_1"":0,""hr_zone_2"":0,""hr_zone_3"":0,""pause_duration"":0,""steps"":0,""distance"":0,""elevation"":0,""metcumul"":0}",,2026-09-15T18:29:04+08:00
2026-08-14T12:07:49+08:00,2026-08-14T12:45:58+08:00,,,Australia/Perth,Other,"{""calories"":0,""intensity"":30,""manual_distance"":0,""manual_calories"":279,""hr_average"":0,""hr_min"":0,""hr_max"":0,""hr_zone_0"":0,""hr_zone_1"":0,""hr_zone_2"":0,""hr_zone_3"":0,""pause_duration"":0,""steps"":0,""distance"":0,""elevation"":0,""metcumul"":0}",,2026-09-15T18:29:05+08:00
2026-08-20T11:57:03+08:00,2026-08-20T12:37:10+08:00,,,Australia/Perth,Other,"{""calories"":0,""intensity"":30,""manual_distance"":0,""manual_calories"":293,""hr_average"":0,""hr_min"":0,""hr_max"":0,""hr_zone_0"":0,""hr_zone_1"":0,""hr_zone_2"":0,""hr_zone_3"":0,""pause_duration"":0,""steps"":0,""distance"":0,""elevation"":0,""metcumul"":0}",,2026-09-15T18:29:06+08:00
2026-08-21T11:53:45+08:00,2026-08-21T12:38:52+08:00,,,Australia/Perth,Other,"{""calories"":0,""intensity"":30,""manual_distance"":0,""manual_calories"":331,""hr_average"":0,""hr_min"":0,""hr_max"":0,""hr_zone_0"":0,""hr_zone_1"":0,""hr_zone_2"":0,""hr_zone_3"":0,""pause_duration"":0,""steps"":0,""distance"":0,""elevation"":0,""metcumul"":0}",,2026-09-15T18:29:06+08:00
2026-08-21T17:06:10+08:00,2026-08-21T17:41:55+08:00,,,Australia/Perth,Walking,"{""calories"":0,""intensity"":30,""manual_distance"":0,""manual_calories"":144,""hr_average"":0,""hr_min"":0,""hr_max"":0,""hr_zone_0"":0,""hr_zone_1"":0,""hr_zone_2"":0,""hr_zone_3"":0,""pause_duration"":0,""steps"":0,""distance"":0,""elevation"":0,""metcumul"":0}",,2026-09-15T18:29:07+08:00
2026-08-26T04:45:23+08:00,2026-08-26T05:09:08+08:00,,,Australia/Perth,Walking,"{""calories"":0,""intensity"":30,""manual_distance"":0,""manual_calories"":96,""hr_average"":0,""hr_min"":0,""hr_max"":0,""hr_zone_0"":0,""hr_zone_1"":0,""hr_zone_2"":0,""hr_zone_3"":0,""pause_duration"":0,""steps"":0,""distance"":0,""elevation"":0,""metcumul"":0}",,2026-09-15T18:29:08+08:00
2026-08-27T18:32:48+08:00,2026-08-27T18:44:26+08:00,,,Australia/Perth,Walking,"{""calories"":0,""intensity"":30,""manual_distance"":0,""manual_calories"":47,""hr_average"":0,""hr_min"":0,""hr_max"":0,""hr_zone_0"":0,""hr_zone_1"":0,""hr_zone_2"":0,""hr_zone_3"":0,""pause_duration"":0,""steps"":0,""distance"":0,""elevation"":0,""metcumul"":0}",,2026-09-15T18:29:09+08:00
2026-09-04T10:47:12+08:00,2026-09-04T11:11:26+08:00,,,Australia/Perth,Walking,"{""calories"":0,""intensity"":30,""manual_distance"":0,""manual_calories"":98,""hr_average"":81,""hr_min"":81,""hr_max"":83,""hr_zone_0"":74,""hr_zone_1"":0,""hr_zone_2"":0,""hr_zone_3"":0,""pause_duration"":0,""steps"":0,""distance"":0,""elevation"":0,""metcumul"":0}",,2026-09-15T18:29:11+08:00
2026-09-04T15:18:03+08:00,2026-09-04T17:06:10+08:00,,,Australia/Perth,Walking,"{""calories"":0,""intensity"":30,""manual_distance"":0,""manual_calories"":438,""hr_average"":87,""hr_min"":69,""hr_max"":114,""hr_zone_0"":187,""hr_zone_1"":113,""hr_zone_2"":0,""hr_zone_3"":0,""pause_duration"":0,""steps"":0,""distance"":0,""elevation"":0,""metcumul"":0}",,2026-09-15T18:29:12+08:00
2026-09-07T16:59:00+08:00,2026-09-07T17:04:00+08:00,,,Australia/Perth,Running,"{""calories"":50,""intensity"":30,""manual_distance"":0,""manual_calories"":0,""hr_average"":104,""hr_min"":78,""hr_max"":148,""hr_zone_0"":99,""hr_zone_1"":22,""hr_zone_2"":68,""hr_zone_3"":0,""pause_duration"":0,""steps"":709,""distance"":800,""elevation"":53,""metcumul"":53}",,2026-09-19T22:17:06+08:00
2026-09-16T21:05:00+08:00,2026-09-16T21:10:00+08:00,,,Australia/Perth,Walking,"{""calories"":20,""intensity"":30,""manual_distance"":0,""manual_calories"":0,""hr_average"":0,""hr_min"":0,""hr_max"":0,""hr_zone_0"":0,""hr_zone_1"":0,""hr_zone_2"":0,""hr_zone_3"":0,""pause_duration"":0,""core_body_temperature_avg"":36.94,""core_body_temperature_min"":36.93,""core_body_temperature_max"":36.94,""steps"":351,""distance"":265,""elevation"":16,""metcumul"":16}",,2026-09-19T22:17:11+08:00
2026-09-18T19:52:26+08:00,2026-09-18T19:57:00+08:00,,,Australia/Perth,Walking,"{""calories"":18,""intensity"":30,""manual_distance"":0,""manual_calories"":0,""hr_average"":0,""hr_min"":0,""hr_max"":0,""hr_zone_0"":0,""hr_zone_1"":0,""hr_zone_2"":0,""hr_zone_3"":0,""pause_duration"":0,""steps"":307,""distance"":235,""elevation"":14,""metcumul"":14}",,2026-09-19T22:17:11+08:00
2026-08-27T06:47:00+08:00,2026-08-27T07:26:26+08:00,,,Australia/Perth,Walking,"{""calories"":0,""intensity"":30,""manual_distance"":0,""manual_calories"":160,""hr_average"":0,""hr_min"":0,""hr_max"":0,""hr_zone_0"":0,""hr_zone_1"":0,""hr_zone_2"":0,""hr_zone_3"":0,""pause_duration"":0,""steps"":0,""distance"":0,""elevation"":0,""metcumul"":0}",,2026-09-19T17:21:34+08:00
2026-09-21T06:50:00+08:00,2026-09-21T06:57:00+08:00,,,Australia/Perth,Walking,"{""calories"":28,""intensity"":30,""manual_distance"":0,""manual_calories"":0,""hr_average"":0,""hr_min"":0,""hr_max"":0,""hr_zone_0"":0,""hr_zone_1"":0,""hr_zone_2"":0,""hr_zone_3"":0,""pause_duration"":0,""core_body_temperature_avg"":37.36,""core_body_temperature_min"":37.36,""core_body_temperature_max"":37.36,""steps"":704,""distance"":539,""elevation"":29,""metcumul"":29}",,2026-09-24T14:19:51+08:00
2026-09-21T12:28:00+08:00,2026-09-21T12:41:00+08:00,,,Australia/Perth,Walking,"{""calories"":52,""intensity"":30,""manual_distance"":0,""manual_calories"":0,""hr_average"":0,""hr_min"":0,""hr_max"":0,""hr_zone_0"":0,""hr_zone_1"":0,""hr_zone_2"":0,""hr_zone_3"":0,""pause_duration"":0,""core_body_temperature_avg"":37.04,""core_body_temperature_min"":37.03,""core_body_temperature_max"":37.06,""steps"":620,""distance"":438,""elevation"":30,""metcumul"":30}",,2026-09-24T14:19:51+08:00
2026-09-21T16:19:00+08:00,2026-09-21T16:28:00+08:00,,,Australia/Perth,Walking,"{""calories"":36,""intensity"":30,""manual_distance"":0,""manual_calories"":0,""hr_average"":0,""hr_min"":0,""hr_max"":0,""hr_zone_0"":0,""hr_zone_1"":0,""hr_zone_2"":0,""hr_zone_3"":0,""pause_duration"":0,""core_body_temperature_avg"":36.67,""core_body_temperature_min"":36.66,""core_body_temperature_max"":36.68,""steps"":778,""distance"":598,""elevation"":33,""metcumul"":33}",,2026-09-24T14:19:52+08:00
2026-09-23T19:32:00+08:00,2026-09-23T19:41:00+08:00,,,Australia/Perth,Cycling,"{""calories"":63,""intensity"":30,""manual_distance"":0,""manual_calories"":0,""hr_average"":0,""hr_min"":0,""hr_max"":0,""hr_zone_0"":0,""hr_zone_1"":0,""hr_zone_2"":0,""hr_zone_3"":0,""pause_duration"":0,""core_body_temperature_avg"":37.34,""core_body_temperature_min"":37.34,""core_body_temperature_max"":37.34,""steps"":599,""distance"":484,""elevation"":28,""metcumul"":28}",,2026-09-24T14:19:53+08:00
2026-09-23T20:13:00+08:00,2026-09-23T20:23:00+08:00,,,Australia/Perth,Cycling,"{""calories"":60,""intensity"":23,""manual_distance"":0,""manual_calories"":0,""hr_average"":97,""hr_min"":97,""hr_max"":97,""hr_zone_0"":0,""hr_zone_1"":37,""hr_zone_2"":0,""hr_zone_3"":0,""pause_duration"":0,""core_body_temperature_avg"":37.49,""core_body_temperature_min"":37.48,""core_body_temperature_max"":37.5,""steps"":0,""distance"":0,""elevation"":9,""metcumul"":9}",,2026-09-24T14:19:53+08:00
2026-09-19T14:07:52+08:00,2026-09-19T14:29:31+08:00,,,Australia/Perth,Walking,"{""calories"":0,""intensity"":30,""manual_distance"":0,""manual_calories"":88,""hr_average"":93,""hr_min"":79,""hr_max"":97,""hr_zone_0"":37,""hr_zone_1"":74,""hr_zone_2"":0,""hr_zone_3"":0,""pause_duration"":0,""steps"":0,""distance"":0,""elevation"":0,""metcumul"":0}",,2026-09-24T14:19:28+08:00
2026-09-21T16:37:00+08:00,2026-09-21T16:41:00+08:00,,,Australia/Perth,Walking,"{""calories"":12,""intensity"":15,""manual_distance"":0,""manual_calories"":0,""hr_average"":89,""hr_min"":89,""hr_max"":89,""hr_zone_0"":0,""hr_zone_1"":38,""hr_zone_2"":0,""hr_zone_3"":0,""pause_duration"":0,""steps"":388,""distance"":302,""elevation"":16,""metcumul"":16}",,2026-09-24T14:19:52+08:00
2026-09-23T13:13:29+08:00,2026-09-23T13:51:48+08:00,,,Australia/Perth,Walking,"{""calories"":0,""intensity"":30,""manual_distance"":0,""manual_calories"":156,""hr_average"":0,""hr_min"":0,""hr_max"":0,""hr_zone_0"":0,""hr_zone_1"":0,""hr_zone_2"":0,""hr_zone_3"":0,""pause_duration"":0,""steps"":0,""distance"":0,""elevation"":0,""metcumul"":0}",,2026-09-24T14:19:32+08:00
2026-09-21T06:51:33+08:00,2026-09-21T07:08:25+08:00,,,Australia/Perth,Walking,"{""calories"":0,""intensity"":30,""manual_distance"":0,""manual_calories"":68,""hr_average"":76,""hr_min"":68,""hr_max"":80,""hr_zone_0"":75,""hr_zone_1"":0,""hr_zone_2"":0,""hr_zone_3"":0,""pause_duration"":0,""steps"":0,""distance"":0,""elevation"":0,""metcumul"":0}",,2026-09-24T14:19:34+08:00
2026-09-23T16:55:43+08:00,2026-09-23T17:20:24+08:00,,,Australia/Perth,Walking,"{""calories"":0,""intensity"":30,""manual_distance"":0,""manual_calories"":100,""hr_average"":94,""hr_min"":81,""hr_max"":99,""hr_zone_0"":37,""hr_zone_1"":37,""hr_zone_2"":0,""hr_zone_3"":0,""pause_duration"":0,""steps"":0,""distance"":0,""elevation"":0,""metcumul"":0}",,2026-09-24T14:19:33+08:00
2026-09-22T18:18:59+08:00,2026-09-22T19:02:45+08:00,,,Australia/Perth,Walking,"{""calories"":0,""intensity"":30,""manual_distance"":0,""manual_calories"":180,""hr_average"":100,""hr_min"":62,""hr_max"":120,""hr_zone_0"":37,""hr_zone_1"":112,""hr_zone_2"":0,""hr_zone_3"":0,""pause_duration"":0,""steps"":0,""distance"":0,""elevation"":0,""metcumul"":0}",,2026-09-24T14:19:35+08:00
2026-09-20T20:20:50+08:00,2026-09-20T21:04:05+08:00,,,Australia/Perth,Other,"{""calories"":0,""intensity"":30,""manual_distance"":0,""manual_calories"":319,""hr_average"":58,""hr_min"":51,""hr_max"":84,""hr_zone_0"":111,""hr_zone_1"":0,""hr_zone_2"":0,""hr_zone_3"":0,""pause_duration"":0,""steps"":0,""distance"":0,""elevation"":0,""metcumul"":0}",,2026-09-24T14:19:36+08:00
2026-09-22T22:04:47+08:00,2026-09-22T22:42:21+08:00,,,Australia/Perth,Walking,"{""calories"":0,""intensity"":30,""manual_distance"":0,""manual_calories"":154,""hr_average"":95,""hr_min"":71,""hr_max"":114,""hr_zone_0"":37,""hr_zone_1"":111,""hr_zone_2"":0,""hr_zone_3"":0,""pause_duration"":0,""steps"":0,""distance"":0,""elevation"":0,""metcumul"":0}",,2026-09-24T14:19:36+08:00
2026-09-27T12:13:00+08:00,2026-09-27T12:29:00+08:00,,,Australia/Perth,Walking,"{""calories"":60,""intensity"":25,""manual_distance"":0,""manual_calories"":0,""hr_average"":92,""hr_min"":90,""hr_max"":98,""hr_zone_0"":0,""hr_zone_1"":74,""hr_zone_2"":0,""hr_zone_3"":0,""pause_duration"":0,""core_body_temperature_avg"":37.36,""core_body_temperature_min"":37.36,""core_body_temperature_max"":37.37,""steps"":1243,""distance"":937,""elevation"":53,""metcumul"":53}",,2026-09-27T13:37:15+08:00
