type,date,value,unit,position
FAT_PERCENT,"2026-09-26 07:16:13",27,
FAT_FREE_MASS,"2026-09-26 07:16:13",58,
"Fat Free Percent","2026-09-26 07:16:13",73,
MUSCLE_PERCENT,"2026-09-26 07:16:13",69,
BONE_PERCENT,"2026-09-26 07:16:13",4,
WATER_PERCENT,"2026-09-26 07:16:13",51,
"Atrial fibrillation result from PPG","2026-09-25 14:17:06",1,
FAT_PERCENT,"2026-09-25 07:36:27",27,
FAT_FREE_MASS,"2026-09-25 07:36:27",58,
"Fat Free Percent","2026-09-25 07:36:27",73,
MUSCLE_PERCENT,"2026-09-25 07:36:27",69,
BONE_PERCENT,"2026-09-25 07:36:27",4,
WATER_PERCENT,"2026-09-25 07:36:27",51,
FAT_PERCENT,"2026-09-23 07:03:01",27,
FAT_FREE_MASS,"2026-09-23 07:03:01",58,
"Fat Free Percent","2026-09-23 07:03:01",73,
MUSCLE_PERCENT,"2026-09-23 07:03:01",70,
BONE_PERCENT,"2026-09-23 07:03:01",4,
WATER_PERCENT,"2026-09-23 07:03:01",51,
FAT_PERCENT,"2026-09-22 06:42:08",27,
FAT_FREE_MASS,"2026-09-22 06:42:08",58,
"Fat Free Percent","2026-09-22 06:42:08",73,
MUSCLE_PERCENT,"2026-09-22 06:42:08",70,
BONE_PERCENT,"2026-09-22 06:42:08",4,
WATER_PERCENT,"2026-09-22 06:42:08",51,
FAT_PERCENT,"2026-09-20 08:48:55",26,
FAT_FREE_MASS,"2026-09-20 08:48:55",58,
"Fat Free Percent","2026-09-20 08:48:55",74,
MUSCLE_PERCENT,"2026-09-20 08:48:55",70,
BONE_PERCENT,"2026-09-20 08:48:55",4,
WATER_PERCENT,"2026-09-20 08:48:55",52,
FAT_PERCENT,"2026-09-19 07:20:37",28,
FAT_FREE_MASS,"2026-09-19 07:20:37",58,
"Fat Free Percent","2026-09-19 07:20:37",72,
MUSCLE_PERCENT,"2026-09-19 07:20:37",69,
BONE_PERCENT,"2026-09-19 07:20:37",4,
WATER_PERCENT,"2026-09-19 07:20:37",51,
"Atrial fibrillation result from PPG","2026-09-18 23:27:05",1,
"Atrial fibrillation result from PPG","2026-09-18 17:07:17",1,
FAT_PERCENT,"2026-09-18 07:19:13",27,
FAT_FREE_MASS,"2026-09-18 07:19:13",58,
"Fat Free Percent","2026-09-18 07:19:13",73,
MUSCLE_PERCENT,"2026-09-18 07:19:13",69,
BONE_PERCENT,"2026-09-18 07:19:13",4,
WATER_PERCENT,"2026-09-18 07:19:13",51,
FAT_PERCENT,"2026-09-17 07:28:05",27,
FAT_FREE_MASS,"2026-09-17 07:28:05",58,
"Fat Free Percent","2026-09-17 07:28:05",73,
MUSCLE_PERCENT,"2026-09-17 07:28:05",69,
BONE_PERCENT,"2026-09-17 07:28:05",4,
WATER_PERCENT,"2026-09-17 07:28:05",51,
"Atrial fibrillation result from PPG","2026-09-16 20:47:17",1,
"Atrial fibrillation result from PPG","2026-09-14 21:17:20",1,
"Basal Metabolic Rate (BMR)","2026-09-13 07:21:45","1,648",
FAT_PERCENT,"2026-09-13 07:21:45",27,
FAT_FREE_MASS,"2026-09-13 07:21:45",58,
"Fat Free Percent","2026-09-13 07:21:45",73,
MUSCLE_PERCENT,"2026-09-13 07:21:45",69,
BONE_PERCENT,"2026-09-13 07:21:45",4,
WATER_PERCENT,"2026-09-13 07:21:45",51,
"Basal Metabolic Rate (BMR)","2026-09-09 07:15:18","1,640",
FAT_PERCENT,"2026-09-09 07:15:18",27,
FAT_FREE_MASS,"2026-09-09 07:15:18",58,
"Fat Free Percent","2026-09-09 07:15:18",73,
MUSCLE_PERCENT,"2026-09-09 07:15:18",70,
BONE_PERCENT,"2026-09-09 07:15:18",4,
WATER_PERCENT,"2026-09-09 07:15:18",52,
"Atrial fibrillation result from PPG","2026-09-07 13:00:20",1,
"Basal Metabolic Rate (BMR)","2026-09-07 06:35:23","1,640",
FAT_PERCENT,"2026-09-07 06:35:23",26,
FAT_FREE_MASS,"2026-09-07 06:35:23",58,
"Fat Free Percent","2026-09-07 06:35:23",74,
MUSCLE_PERCENT,"2026-09-07 06:35:23",70,
BONE_PERCENT,"2026-09-07 06:35:23",4,
WATER_PERCENT,"2026-09-07 06:35:23",52,
"Basal Metabolic Rate (BMR)","2026-09-05 07:08:12","1,645",
FAT_PERCENT,"2026-09-05 07:08:12",26,
FAT_FREE_MASS,"2026-09-05 07:08:12",59,
"Fat Free Percent","2026-09-05 07:08:12",74,
MUSCLE_PERCENT,"2026-09-05 07:08:12",70,
BONE_PERCENT,"2026-09-05 07:08:12",4,
WATER_PERCENT,"2026-09-05 07:08:12",52,
"Basal Metabolic Rate (BMR)","2026-09-01 06:38:55","1,638",
FAT_PERCENT,"2026-09-01 06:38:55",27,
FAT_FREE_MASS,"2026-09-01 06:38:55",57,
"Fat Free Percent","2026-09-01 06:38:55",73,
MUSCLE_PERCENT,"2026-09-01 06:38:55",69,
BONE_PERCENT,"2026-09-01 06:38:55",4,
WATER_PERCENT,"2026-09-01 06:38:55",51,
"Basal Metabolic Rate (BMR)","2026-08-31 06:18:15","1,628",
FAT_PERCENT,"2026-08-31 06:18:15",28,
FAT_FREE_MASS,"2026-08-31 06:18:15",56,
"Fat Free Percent","2026-08-31 06:18:15",72,
MUSCLE_PERCENT,"2026-08-31 06:18:15",69,
BONE_PERCENT,"2026-08-31 06:18:15",4,
WATER_PERCENT,"2026-08-31 06:18:15",51,
"Atrial fibrillation result from PPG","2026-08-31 00:28:00",1,
"Atrial fibrillation result from PPG","2026-08-31 00:08:00",1,
"Atrial fibrillation result from PPG","2026-08-30 23:38:00",1,
"Basal Metabolic Rate (BMR)","2026-08-30 07:19:55","1,628",
FAT_PERCENT,"2026-08-30 07:19:55",27,
FAT_FREE_MASS,"2026-08-30 07:19:55",57,
"Fat Free Percent","2026-08-30 07:19:55",73,
MUSCLE_PERCENT,"2026-08-30 07:19:55",70,
BONE_PERCENT,"2026-08-30 07:19:55",4,
WATER_PERCENT,"2026-08-30 07:19:55",51,
"Atrial fibrillation result from PPG","2026-08-25 16:18:06",1,
"Basal Metabolic Rate (BMR)","2026-08-24 04:12:23","1,637",
FAT_PERCENT,"2026-08-24 04:12:23",26,
FAT_FREE_MASS,"2026-08-24 04:12:23",58,
"Fat Free Percent","2026-08-24 04:12:23",74,
MUSCLE_PERCENT,"2026-08-24 04:12:23",70,
BONE_PERCENT,"2026-08-24 04:12:23",4,
WATER_PERCENT,"2026-08-24 04:12:23",52,
"Basal Metabolic Rate (BMR)","2026-08-23 07:12:03","1,640",
FAT_PERCENT,"2026-08-23 07:12:03",25,
FAT_FREE_MASS,"2026-08-23 07:12:03",59,
"Fat Free Percent","2026-08-23 07:12:03",75,
MUSCLE_PERCENT,"2026-08-23 07:12:03",71,
BONE_PERCENT,"2026-08-23 07:12:03",4,
WATER_PERCENT,"2026-08-23 07:12:03",52,
"Basal Metabolic Rate (BMR)","2026-08-22 07:37:21","1,633",
FAT_PERCENT,"2026-08-22 07:37:21",26,
FAT_FREE_MASS,"2026-08-22 07:37:21",58,
"Fat Free Percent","2026-08-22 07:37:21",74,
MUSCLE_PERCENT,"2026-08-22 07:37:21",70,
BONE_PERCENT,"2026-08-22 07:37:21",4,
WATER_PERCENT,"2026-08-22 07:37:21",52,
"Atrial fibrillation result from PPG","2026-08-21 20:08:09",1,
"Basal Metabolic Rate (BMR)","2026-08-21 06:35:23","1,631",
FAT_PERCENT,"2026-08-21 06:35:23",26,
FAT_FREE_MASS,"2026-08-21 06:35:23",58,
"Fat Free Percent","2026-08-21 06:35:23",74,
MUSCLE_PERCENT,"2026-08-21 06:35:23",70,
BONE_PERCENT,"2026-08-21 06:35:23",4,
WATER_PERCENT,"2026-08-21 06:35:23",52,
"Basal Metabolic Rate (BMR)","2026-08-19 07:48:50","1,628",
FAT_PERCENT,"2026-08-19 07:48:50",26,
FAT_FREE_MASS,"2026-08-19 07:48:50",57,
"Fat Free Percent","2026-08-19 07:48:50",74,
MUSCLE_PERCENT,"2026-08-19 07:48:50",70,
BONE_PERCENT,"2026-08-19 07:48:50",4,
WATER_PERCENT,"2026-08-19 07:48:50",52,
"Atrial fibrillation result from PPG","2026-08-17 19:08:15",1,
"Basal Metabolic Rate (BMR)","2026-08-16 07:50:44","1,637",
FAT_PERCENT,"2026-08-16 07:50:44",26,
FAT_FREE_MASS,"2026-08-16 07:50:44",58,
"Fat Free Percent","2026-08-16 07:50:44",74,
MUSCLE_PERCENT,"2026-08-16 07:50:44",71,
BONE_PERCENT,"2026-08-16 07:50:44",4,
WATER_PERCENT,"2026-08-16 07:50:44",52,
"Basal Metabolic Rate (BMR)","2026-08-15 07:08:11","1,639",
FAT_PERCENT,"2026-08-15 07:08:11",27,
FAT_FREE_MASS,"2026-08-15 07:08:11",58,
"Fat Free Percent","2026-08-15 07:08:11",73,
MUSCLE_PERCENT,"2026-08-15 07:08:11",70,
BONE_PERCENT,"2026-08-15 07:08:11",4,
WATER_PERCENT,"2026-08-15 07:08:11",51,
"Basal Metabolic Rate (BMR)","2026-08-15 06:13:16","1,642",
FAT_PERCENT,"2026-08-15 06:13:16",26,
FAT_FREE_MASS,"2026-08-15 06:13:16",58,
"Fat Free Percent","2026-08-15 06:13:16",74,
MUSCLE_PERCENT,"2026-08-15 06:13:16",70,
BONE_PERCENT,"2026-08-15 06:13:16",4,
WATER_PERCENT,"2026-08-15 06:13:16",52,
"Basal Metabolic Rate (BMR)","2026-08-13 07:14:54","1,631",
FAT_PERCENT,"2026-08-13 07:14:54",26,
FAT_FREE_MASS,"2026-08-13 07:14:54",57,
"Fat Free Percent","2026-08-13 07:14:54",74,
MUSCLE_PERCENT,"2026-08-13 07:14:54",70,
BONE_PERCENT,"2026-08-13 07:14:54",4,
WATER_PERCENT,"2026-08-13 07:14:54",52,
"Basal Metabolic Rate (BMR)","2026-08-12 07:26:34","1,634",
FAT_PERCENT,"2026-08-12 07:26:34",26,
FAT_FREE_MASS,"2026-08-12 07:26:34",58,
"Fat Free Percent","2026-08-12 07:26:34",74,
MUSCLE_PERCENT,"2026-08-12 07:26:34",71,
BONE_PERCENT,"2026-08-12 07:26:34",4,
WATER_PERCENT,"2026-08-12 07:26:34",52,
"Basal Metabolic Rate (BMR)","2026-08-09 07:00:50","1,628",
FAT_PERCENT,"2026-08-09 07:00:50",26,
FAT_FREE_MASS,"2026-08-09 07:00:50",57,
"Fat Free Percent","2026-08-09 07:00:50",74,
MUSCLE_PERCENT,"2026-08-09 07:00:50",70,
BONE_PERCENT,"2026-08-09 07:00:50",4,
WATER_PERCENT,"2026-08-09 07:00:50",52,
"Basal Metabolic Rate (BMR)","2026-08-08 07:59:59","1,628",
FAT_PERCENT,"2026-08-08 07:59:59",26,
FAT_FREE_MASS,"2026-08-08 07:59:59",57,
"Fat Free Percent","2026-08-08 07:59:59",74,
MUSCLE_PERCENT,"2026-08-08 07:59:59",70,
BONE_PERCENT,"2026-08-08 07:59:59",4,
WATER_PERCENT,"2026-08-08 07:59:59",52,
"Atrial fibrillation result from PPG","2026-08-03 19:15:44",1,
"Atrial fibrillation result from PPG","2026-08-03 19:05:44",1,
"Atrial fibrillation result from PPG","2026-08-03 17:25:44",1,
"Basal Metabolic Rate (BMR)","2026-08-03 06:11:33","1,634",
FAT_PERCENT,"2026-08-03 06:11:33",27,
FAT_FREE_MASS,"2026-08-03 06:11:33",57,
"Fat Free Percent","2026-08-03 06:11:33",73,
MUSCLE_PERCENT,"2026-08-03 06:11:33",70,
BONE_PERCENT,"2026-08-03 06:11:33",4,
WATER_PERCENT,"2026-08-03 06:11:33",51,
"Basal Metabolic Rate (BMR)","2026-08-02 08:32:18","1,636",
FAT_PERCENT,"2026-08-02 08:32:18",26,
FAT_FREE_MASS,"2026-08-02 08:32:18",58,
"Fat Free Percent","2026-08-02 08:32:18",74,
MUSCLE_PERCENT,"2026-08-02 08:32:18",70,
BONE_PERCENT,"2026-08-02 08:32:18",4,
WATER_PERCENT,"2026-08-02 08:32:18",52,
"Basal Metabolic Rate (BMR)","2026-07-31 07:22:04","1,629",
FAT_PERCENT,"2026-07-31 07:22:04",26,
FAT_FREE_MASS,"2026-07-31 07:22:04",58,
"Fat Free Percent","2026-07-31 07:22:04",74,
MUSCLE_PERCENT,"2026-07-31 07:22:04",71,
BONE_PERCENT,"2026-07-31 07:22:04",4,
WATER_PERCENT,"2026-07-31 07:22:04",52,
"Basal Metabolic Rate (BMR)","2026-07-30 07:35:36","1,631",
FAT_PERCENT,"2026-07-30 07:35:36",26,
FAT_FREE_MASS,"2026-07-30 07:35:36",58,
"Fat Free Percent","2026-07-30 07:35:36",74,
MUSCLE_PERCENT,"2026-07-30 07:35:36",71,
BONE_PERCENT,"2026-07-30 07:35:36",4,
WATER_PERCENT,"2026-07-30 07:35:36",52,
"Atrial fibrillation result from PPG","2026-07-27 14:56:59",1,
"Atrial fibrillation result from PPG","2026-07-26 12:36:59",1,
"Basal Metabolic Rate (BMR)","2026-07-26 09:27:55","1,624",
FAT_PERCENT,"2026-07-26 09:27:55",25,
FAT_FREE_MASS,"2026-07-26 09:27:55",57,
"Fat Free Percent","2026-07-26 09:27:55",75,
MUSCLE_PERCENT,"2026-07-26 09:27:55",71,
BONE_PERCENT,"2026-07-26 09:27:55",4,
WATER_PERCENT,"2026-07-26 09:27:55",52,
"Basal Metabolic Rate (BMR)","2026-07-24 07:36:08","1,625",
FAT_PERCENT,"2026-07-24 07:36:08",26,
FAT_FREE_MASS,"2026-07-24 07:36:08",57,
"Fat Free Percent","2026-07-24 07:36:08",74,
MUSCLE_PERCENT,"2026-07-24 07:36:08",70,
BONE_PERCENT,"2026-07-24 07:36:08",4,
WATER_PERCENT,"2026-07-24 07:36:08",52,
"Basal Metabolic Rate (BMR)","2026-07-23 07:26:42","1,623",
FAT_PERCENT,"2026-07-23 07:26:42",26,
FAT_FREE_MASS,"2026-07-23 07:26:42",57,
"Fat Free Percent","2026-07-23 07:26:42",74,
MUSCLE_PERCENT,"2026-07-23 07:26:42",70,
BONE_PERCENT,"2026-07-23 07:26:42",4,
WATER_PERCENT,"2026-07-23 07:26:42",52,
"Basal Metabolic Rate (BMR)","2026-07-20 06:16:48","1,629",
FAT_PERCENT,"2026-07-20 06:16:48",26,
FAT_FREE_MASS,"2026-07-20 06:16:48",57,
"Fat Free Percent","2026-07-20 06:16:48",74,
MUSCLE_PERCENT,"2026-07-20 06:16:48",70,
BONE_PERCENT,"2026-07-20 06:16:48",4,
WATER_PERCENT,"2026-07-20 06:16:48",52,
"Atrial fibrillation result from PPG","2026-07-12 12:47:15",1,
"Basal Metabolic Rate (BMR)","2026-07-11 07:56:17","1,628",
"Atrial fibrillation result from PPG","2026-07-09 20:07:19",1,
"Atrial fibrillation result from PPG","2026-07-08 11:57:18",1,
"Basal Metabolic Rate (BMR)","2026-07-08 07:35:01","1,626",
FAT_PERCENT,"2026-07-08 07:35:01",25,
FAT_FREE_MASS,"2026-07-08 07:35:01",58,
"Fat Free Percent","2026-07-08 07:35:01",75,
MUSCLE_PERCENT,"2026-07-08 07:35:01",71,
BONE_PERCENT,"2026-07-08 07:35:01",4,
WATER_PERCENT,"2026-07-08 07:35:01",52,
"SPO2 Quality score","2026-07-06 14:18:36",-4,
"Atrial fibrillation result","2026-07-06 14:17:00",9,
"Basal Metabolic Rate (BMR)","2026-07-06 07:31:30","1,626",
FAT_PERCENT,"2026-07-06 07:31:30",25,
FAT_FREE_MASS,"2026-07-06 07:31:30",58,
"Fat Free Percent","2026-07-06 07:31:30",75,
MUSCLE_PERCENT,"2026-07-06 07:31:30",71,
BONE_PERCENT,"2026-07-06 07:31:30",4,
WATER_PERCENT,"2026-07-06 07:31:30",52,
"Atrial fibrillation result from PPG","2026-07-03 16:07:24",1,
"Atrial fibrillation result from PPG","2026-07-01 11:37:27",1,
"Basal Metabolic Rate (BMR)","2026-07-01 06:37:55","1,617",
FAT_PERCENT,"2026-07-01 06:37:55",25,
FAT_FREE_MASS,"2026-07-01 06:37:55",57,
"Fat Free Percent","2026-07-01 06:37:55",75,
MUSCLE_PERCENT,"2026-07-01 06:37:55",71,
BONE_PERCENT,"2026-07-01 06:37:55",4,
WATER_PERCENT,"2026-07-01 06:37:55",52,
"Basal Metabolic Rate (BMR)","2026-06-29 06:27:59","1,617",
FAT_PERCENT,"2026-06-29 06:27:59",26,
FAT_FREE_MASS,"2026-06-29 06:27:59",57,
"Fat Free Percent","2026-06-29 06:27:59",74,
MUSCLE_PERCENT,"2026-06-29 06:27:59",71,
BONE_PERCENT,"2026-06-29 06:27:59",4,
WATER_PERCENT,"2026-06-29 06:27:59",52,
"Atrial fibrillation result from PPG","2026-06-28 13:07:30",1,
"Basal Metabolic Rate (BMR)","2026-06-26 07:38:39","1,624",
FAT_PERCENT,"2026-06-26 07:38:39",25,
FAT_FREE_MASS,"2026-06-26 07:38:39",58,
"Fat Free Percent","2026-06-26 07:38:39",75,
MUSCLE_PERCENT,"2026-06-26 07:38:39",71,
BONE_PERCENT,"2026-06-26 07:38:39",4,
WATER_PERCENT,"2026-06-26 07:38:39",52,
"Basal Metabolic Rate (BMR)","2026-06-25 17:54:07","1,623",
"Atrial fibrillation result from PPG","2026-06-23 11:57:36",1,
"Basal Metabolic Rate (BMR)","2026-06-22 06:05:11","1,624",
FAT_PERCENT,"2026-06-22 06:05:11",25,
FAT_FREE_MASS,"2026-06-22 06:05:11",58,
"Fat Free Percent","2026-06-22 06:05:11",75,
MUSCLE_PERCENT,"2026-06-22 06:05:11",71,
BONE_PERCENT,"2026-06-22 06:05:11",4,
WATER_PERCENT,"2026-06-22 06:05:11",52,
"Basal Metabolic Rate (BMR)","2026-06-20 07:13:43","1,622",
FAT_PERCENT,"2026-06-20 07:13:43",26,
FAT_FREE_MASS,"2026-06-20 07:13:43",57,
"Fat Free Percent","2026-06-20 07:13:43",74,
MUSCLE_PERCENT,"2026-06-20 07:13:43",71,
BONE_PERCENT,"2026-06-20 07:13:43",4,
WATER_PERCENT,"2026-06-20 07:13:43",52,
"Atrial fibrillation result from PPG","2026-06-18 14:52:52",1,
"Atrial fibrillation result from PPG","2026-06-17 13:12:52",1,
"Basal Metabolic Rate (BMR)","2026-06-16 06:29:46","1,628",
FAT_PERCENT,"2026-06-16 06:29:46",25,
FAT_FREE_MASS,"2026-06-16 06:29:46",58,
"Fat Free Percent","2026-06-16 06:29:46",75,
MUSCLE_PERCENT,"2026-06-16 06:29:46",71,
BONE_PERCENT,"2026-06-16 06:29:46",4,
WATER_PERCENT,"2026-06-16 06:29:46",52,
"Atrial fibrillation result from PPG","2026-06-15 11:02:55",1,
"Atrial fibrillation result from PPG","2026-06-12 20:52:58",1,
"Basal Metabolic Rate (BMR)","2026-06-11 07:44:48","1,625",
FAT_PERCENT,"2026-06-11 07:44:48",24,
FAT_FREE_MASS,"2026-06-11 07:44:48",58,
"Fat Free Percent","2026-06-11 07:44:48",76,
MUSCLE_PERCENT,"2026-06-11 07:44:48",72,
BONE_PERCENT,"2026-06-11 07:44:48",4,
WATER_PERCENT,"2026-06-11 07:44:48",53,
"Basal Metabolic Rate (BMR)","2026-06-09 06:59:11","1,624",
FAT_PERCENT,"2026-06-09 06:59:11",26,
FAT_FREE_MASS,"2026-06-09 06:59:11",57,
"Fat Free Percent","2026-06-09 06:59:11",74,
MUSCLE_PERCENT,"2026-06-09 06:59:11",71,
BONE_PERCENT,"2026-06-09 06:59:11",4,
WATER_PERCENT,"2026-06-09 06:59:11",52,
"Basal Metabolic Rate (BMR)","2026-06-08 06:58:36","1,623",
FAT_PERCENT,"2026-06-08 06:58:36",26,
FAT_FREE_MASS,"2026-06-08 06:58:36",57,
"Fat Free Percent","2026-06-08 06:58:36",74,
MUSCLE_PERCENT,"2026-06-08 06:58:36",70,
BONE_PERCENT,"2026-06-08 06:58:36",4,
WATER_PERCENT,"2026-06-08 06:58:36",52,
"Basal Metabolic Rate (BMR)","2026-06-04 07:05:46","1,624",
FAT_PERCENT,"2026-06-04 07:05:46",26,
FAT_FREE_MASS,"2026-06-04 07:05:46",57,
"Fat Free Percent","2026-06-04 07:05:46",74,
MUSCLE_PERCENT,"2026-06-04 07:05:46",70,
BONE_PERCENT,"2026-06-04 07:05:46",4,
WATER_PERCENT,"2026-06-04 07:05:46",52,
"Atrial fibrillation result from PPG","2026-05-30 12:23:11",1,
"Basal Metabolic Rate (BMR)","2026-05-30 07:42:08","1,619",
FAT_PERCENT,"2026-05-30 07:42:08",26,
FAT_FREE_MASS,"2026-05-30 07:42:08",57,
"Fat Free Percent","2026-05-30 07:42:08",74,
MUSCLE_PERCENT,"2026-05-30 07:42:08",70,
BONE_PERCENT,"2026-05-30 07:42:08",4,
WATER_PERCENT,"2026-05-30 07:42:08",52,
"Basal Metabolic Rate (BMR)","2026-05-25 07:22:00","1,612",
FAT_PERCENT,"2026-05-25 07:22:00",25,
FAT_FREE_MASS,"2026-05-25 07:22:00",57,
"Fat Free Percent","2026-05-25 07:22:00",75,
MUSCLE_PERCENT,"2026-05-25 07:22:00",71,
BONE_PERCENT,"2026-05-25 07:22:00",4,
WATER_PERCENT,"2026-05-25 07:22:00",52,
"Atrial fibrillation result from PPG","2026-05-23 00:03:17",1,
"Atrial fibrillation result from PPG","2026-05-22 11:43:20",1,
"Atrial fibrillation result from PPG","2026-05-21 14:53:20",1,
"Basal Metabolic Rate (BMR)","2026-05-21 07:24:49","1,624",
FAT_PERCENT,"2026-05-21 07:24:49",26,
FAT_FREE_MASS,"2026-05-21 07:24:49",57,
"Fat Free Percent","2026-05-21 07:24:49",74,
MUSCLE_PERCENT,"2026-05-21 07:24:49",71,
BONE_PERCENT,"2026-05-21 07:24:49",4,
WATER_PERCENT,"2026-05-21 07:24:49",52,
"Atrial fibrillation result from PPG","2026-05-20 16:53:20",1,
"Atrial fibrillation result from PPG","2026-05-19 09:03:23",1,
"Atrial fibrillation result from PPG","2026-05-18 19:03:23",1,
"Basal Metabolic Rate (BMR)","2026-05-17 09:18:03","1,615",
FAT_PERCENT,"2026-05-17 09:18:03",26,
FAT_FREE_MASS,"2026-05-17 09:18:03",56,
"Fat Free Percent","2026-05-17 09:18:03",74,
MUSCLE_PERCENT,"2026-05-17 09:18:03",70,
BONE_PERCENT,"2026-05-17 09:18:03",4,
WATER_PERCENT,"2026-05-17 09:18:03",51,
"Atrial fibrillation result from PPG","2026-05-15 07:33:27",1,
"Atrial fibrillation result from PPG","2026-05-15 07:23:27",1,
"Atrial fibrillation result from PPG","2026-05-15 02:33:32",1,
"Atrial fibrillation result from PPG","2026-05-15 01:53:28",1,
"Atrial fibrillation result from PPG","2026-05-15 01:23:30",1,
"Atrial fibrillation result from PPG","2026-05-15 00:53:39",1,
"Atrial fibrillation result from PPG","2026-05-15 00:13:48",1,
"Atrial fibrillation result from PPG","2026-05-14 23:53:27",1,
"Basal Metabolic Rate (BMR)","2026-05-14 07:09:57","1,621",
FAT_PERCENT,"2026-05-14 07:09:57",26,
FAT_FREE_MASS,"2026-05-14 07:09:57",57,
"Fat Free Percent","2026-05-14 07:09:57",74,
MUSCLE_PERCENT,"2026-05-14 07:09:57",70,
BONE_PERCENT,"2026-05-14 07:09:57",4,
WATER_PERCENT,"2026-05-14 07:09:57",52,
Temperature,"2026-05-08 07:12:15",10,
"skin temperature","2026-05-08 07:12:15",32,
"Basal Metabolic Rate (BMR)","2026-05-08 06:48:00","1,618",
FAT_PERCENT,"2026-05-08 06:48:00",26,
FAT_FREE_MASS,"2026-05-08 06:48:00",57,
"Fat Free Percent","2026-05-08 06:48:00",74,
MUSCLE_PERCENT,"2026-05-08 06:48:00",70,
BONE_PERCENT,"2026-05-08 06:48:00",4,
WATER_PERCENT,"2026-05-08 06:48:00",52,
"Atrial fibrillation result from PPG","2026-05-06 10:03:36",1,
"Atrial fibrillation result from PPG","2026-05-03 17:53:41",1,
Temperature,"2026-05-02 14:13:58",20,
"skin temperature","2026-05-02 14:13:58",33,
Temperature,"2026-05-01 10:17:21",20,
"skin temperature","2026-05-01 10:17:21",32,
Temperature,"2026-05-01 10:17:06",19,
"skin temperature","2026-05-01 10:17:06",31,
"Basal Metabolic Rate (BMR)","2026-05-01 06:43:27","1,616",
FAT_PERCENT,"2026-05-01 06:43:27",25,
FAT_FREE_MASS,"2026-05-01 06:43:27",57,
"Fat Free Percent","2026-05-01 06:43:27",75,
MUSCLE_PERCENT,"2026-05-01 06:43:27",71,
BONE_PERCENT,"2026-05-01 06:43:27",4,
WATER_PERCENT,"2026-05-01 06:43:27",52,
"Atrial fibrillation result from PPG","2026-04-28 15:38:18",1,
"Basal Metabolic Rate (BMR)","2026-04-27 07:07:29","1,606",
FAT_PERCENT,"2026-04-27 07:07:29",25,
FAT_FREE_MASS,"2026-04-27 07:07:29",56,
"Fat Free Percent","2026-04-27 07:07:29",75,
MUSCLE_PERCENT,"2026-04-27 07:07:29",71,
BONE_PERCENT,"2026-04-27 07:07:29",4,
WATER_PERCENT,"2026-04-27 07:07:29",52,
"Atrial fibrillation result from PPG","2026-04-21 12:18:27",1,
"Atrial fibrillation result from PPG","2026-04-21 11:08:27",1,
"Basal Metabolic Rate (BMR)","2026-04-20 06:47:53","1,604",
FAT_PERCENT,"2026-04-20 06:47:53",25,
FAT_FREE_MASS,"2026-04-20 06:47:53",56,
"Fat Free Percent","2026-04-20 06:47:53",75,
MUSCLE_PERCENT,"2026-04-20 06:47:53",71,
BONE_PERCENT,"2026-04-20 06:47:53",4,
WATER_PERCENT,"2026-04-20 06:47:53",52,
"Basal Metabolic Rate (BMR)","2026-04-15 06:38:09","1,604",
FAT_PERCENT,"2026-04-15 06:38:09",24,
FAT_FREE_MASS,"2026-04-15 06:38:09",57,
"Fat Free Percent","2026-04-15 06:38:09",76,
MUSCLE_PERCENT,"2026-04-15 06:38:09",72,
BONE_PERCENT,"2026-04-15 06:38:09",4,
WATER_PERCENT,"2026-04-15 06:38:09",53,
"Atrial fibrillation result from PPG","2026-04-14 22:48:34",1,
"Atrial fibrillation result from PPG","2026-04-12 08:18:37",1,
"Atrial fibrillation result from PPG","2026-04-11 23:58:45",1,
"Atrial fibrillation result from PPG","2026-04-05 18:58:44",1,
"Basal Metabolic Rate (BMR)","2026-04-05 07:04:12","1,593",
FAT_PERCENT,"2026-04-05 07:04:12",25,
FAT_FREE_MASS,"2026-04-05 07:04:12",56,
"Fat Free Percent","2026-04-05 07:04:12",75,
MUSCLE_PERCENT,"2026-04-05 07:04:12",72,
BONE_PERCENT,"2026-04-05 07:04:12",4,
WATER_PERCENT,"2026-04-05 07:04:12",52,
"Atrial fibrillation result from PPG","2026-04-01 17:08:47",1,
"Atrial fibrillation result from PPG","2026-03-25 08:28:56",1,
"Atrial fibrillation result from PPG","2026-03-23 19:38:56",1,
"Basal Metabolic Rate (BMR)","2026-03-22 07:24:24","1,591",
FAT_PERCENT,"2026-03-22 07:24:24",24,
FAT_FREE_MASS,"2026-03-22 07:24:24",56,
"Fat Free Percent","2026-03-22 07:24:24",76,
MUSCLE_PERCENT,"2026-03-22 07:24:24",72,
BONE_PERCENT,"2026-03-22 07:24:24",4,
WATER_PERCENT,"2026-03-22 07:24:24",53,
"Atrial fibrillation result from PPG","2026-03-21 13:38:59",1,
"Atrial fibrillation result from PPG","2026-03-21 01:49:43",1,
"Atrial fibrillation result from PPG","2026-03-21 00:39:09",1,
"Basal Metabolic Rate (BMR)","2026-03-19 07:11:36","1,594",
FAT_PERCENT,"2026-03-19 07:11:36",25,
FAT_FREE_MASS,"2026-03-19 07:11:36",56,
"Fat Free Percent","2026-03-19 07:11:36",75,
MUSCLE_PERCENT,"2026-03-19 07:11:36",71,
BONE_PERCENT,"2026-03-19 07:11:36",4,
WATER_PERCENT,"2026-03-19 07:11:36",52,
"Basal Metabolic Rate (BMR)","2026-03-15 07:11:38","1,599",
FAT_PERCENT,"2026-03-15 07:11:38",24,
FAT_FREE_MASS,"2026-03-15 07:11:38",57,
"Fat Free Percent","2026-03-15 07:11:38",76,
MUSCLE_PERCENT,"2026-03-15 07:11:38",72,
BONE_PERCENT,"2026-03-15 07:11:38",4,
WATER_PERCENT,"2026-03-15 07:11:38",53,
"Atrial fibrillation result from PPG","2026-03-14 09:59:05",1,
"Atrial fibrillation result from PPG","2026-03-14 07:39:05",1,
"Atrial fibrillation result from PPG","2026-03-14 07:29:05",1,
"Basal Metabolic Rate (BMR)","2026-03-14 06:56:36","1,594",
FAT_PERCENT,"2026-03-14 06:56:36",24,
FAT_FREE_MASS,"2026-03-14 06:56:36",56,
"Fat Free Percent","2026-03-14 06:56:36",76,
MUSCLE_PERCENT,"2026-03-14 06:56:36",72,
BONE_PERCENT,"2026-03-14 06:56:36",4,
WATER_PERCENT,"2026-03-14 06:56:36",52,
"Atrial fibrillation result from PPG","2026-03-11 01:44:18",1,
"Atrial fibrillation result from PPG","2026-03-11 01:34:23",1,
"Atrial fibrillation result from PPG","2026-03-11 01:14:18",1,
"Atrial fibrillation result from PPG","2026-03-11 01:04:18",1,
"Atrial fibrillation result from PPG","2026-03-11 00:34:19",1,
"Atrial fibrillation result from PPG","2026-03-11 00:14:21",1,
"Atrial fibrillation result from PPG","2026-03-10 12:44:26",1,
"Atrial fibrillation result from PPG","2026-03-09 12:34:26",1,
"Atrial fibrillation result from PPG","2026-03-08 18:44:26",1,
"Basal Metabolic Rate (BMR)","2026-03-07 08:13:48","1,596",
FAT_PERCENT,"2026-03-07 08:13:48",25,
FAT_FREE_MASS,"2026-03-07 08:13:48",56,
"Fat Free Percent","2026-03-07 08:13:48",75,
MUSCLE_PERCENT,"2026-03-07 08:13:48",71,
BONE_PERCENT,"2026-03-07 08:13:48",4,
WATER_PERCENT,"2026-03-07 08:13:48",52,
"Basal Metabolic Rate (BMR)","2026-03-06 07:47:50","1,593",
FAT_PERCENT,"2026-03-06 07:47:50",24,
FAT_FREE_MASS,"2026-03-06 07:47:50",56,
"Fat Free Percent","2026-03-06 07:47:50",76,
MUSCLE_PERCENT,"2026-03-06 07:47:50",72,
BONE_PERCENT,"2026-03-06 07:47:50",4,
WATER_PERCENT,"2026-03-06 07:47:50",53,
"Atrial fibrillation result from PPG","2026-03-05 07:54:29",1,
"Atrial fibrillation result from PPG","2026-03-04 20:14:32",1,
"Atrial fibrillation result from PPG","2026-03-03 15:04:33",1,
"Basal Metabolic Rate (BMR)","2026-03-02 07:24:03","1,592",
FAT_PERCENT,"2026-03-02 07:24:03",23,
FAT_FREE_MASS,"2026-03-02 07:24:03",57,
"Fat Free Percent","2026-03-02 07:24:03",77,
MUSCLE_PERCENT,"2026-03-02 07:24:03",73,
BONE_PERCENT,"2026-03-02 07:24:03",4,
WATER_PERCENT,"2026-03-02 07:24:03",53,
"Basal Metabolic Rate (BMR)","2026-03-01 07:55:45","1,590",
FAT_PERCENT,"2026-03-01 07:55:45",23,
FAT_FREE_MASS,"2026-03-01 07:55:45",57,
"Fat Free Percent","2026-03-01 07:55:45",77,
MUSCLE_PERCENT,"2026-03-01 07:55:45",73,
BONE_PERCENT,"2026-03-01 07:55:45",4,
WATER_PERCENT,"2026-03-01 07:55:45",53,
"Basal Metabolic Rate (BMR)","2026-02-26 05:52:18","1,586",
FAT_PERCENT,"2026-02-26 05:52:18",24,
FAT_FREE_MASS,"2026-02-26 05:52:18",55,
"Fat Free Percent","2026-02-26 05:52:18",76,
MUSCLE_PERCENT,"2026-02-26 05:52:18",72,
BONE_PERCENT,"2026-02-26 05:52:18",4,
WATER_PERCENT,"2026-02-26 05:52:18",52,
"SPO2 Quality score","2026-02-23 09:54:10",45,
"SPO2 Quality score","2026-02-23 09:53:39",-4,
"Atrial fibrillation result","2026-02-23 09:52:17",9,
"Basal Metabolic Rate (BMR)","2026-02-23 06:40:29","1,595",
FAT_PERCENT,"2026-02-23 06:40:29",24,
FAT_FREE_MASS,"2026-02-23 06:40:29",56,
"Fat Free Percent","2026-02-23 06:40:29",76,
MUSCLE_PERCENT,"2026-02-23 06:40:29",72,
BONE_PERCENT,"2026-02-23 06:40:29",4,
WATER_PERCENT,"2026-02-23 06:40:29",53,
"Atrial fibrillation result from PPG","2026-02-22 16:54:33",1,
"Atrial fibrillation result from PPG","2026-02-22 16:14:33",1,
"Basal Metabolic Rate (BMR)","2026-02-22 06:37:47","1,599",
FAT_PERCENT,"2026-02-22 06:37:47",24,
FAT_FREE_MASS,"2026-02-22 06:37:47",57,
"Fat Free Percent","2026-02-22 06:37:47",76,
MUSCLE_PERCENT,"2026-02-22 06:37:47",72,
BONE_PERCENT,"2026-02-22 06:37:47",4,
WATER_PERCENT,"2026-02-22 06:37:47",53,
"Basal Metabolic Rate (BMR)","2026-02-20 05:41:47","1,599",
FAT_PERCENT,"2026-02-20 05:41:47",24,
FAT_FREE_MASS,"2026-02-20 05:41:47",56,
"Fat Free Percent","2026-02-20 05:41:47",76,
MUSCLE_PERCENT,"2026-02-20 05:41:47",72,
BONE_PERCENT,"2026-02-20 05:41:47",4,
WATER_PERCENT,"2026-02-20 05:41:47",52,
"Basal Metabolic Rate (BMR)","2026-02-19 06:54:27","1,601",
FAT_PERCENT,"2026-02-19 06:54:27",24,
FAT_FREE_MASS,"2026-02-19 06:54:27",57,
"Fat Free Percent","2026-02-19 06:54:27",76,
MUSCLE_PERCENT,"2026-02-19 06:54:27",72,
BONE_PERCENT,"2026-02-19 06:54:27",4,
WATER_PERCENT,"2026-02-19 06:54:27",53,
"Basal Metabolic Rate (BMR)","2026-02-17 05:27:03","1,606",
FAT_PERCENT,"2026-02-17 05:27:03",24,
FAT_FREE_MASS,"2026-02-17 05:27:03",57,
"Fat Free Percent","2026-02-17 05:27:03",76,
MUSCLE_PERCENT,"2026-02-17 05:27:03",72,
BONE_PERCENT,"2026-02-17 05:27:03",4,
WATER_PERCENT,"2026-02-17 05:27:03",53,
"Basal Metabolic Rate (BMR)","2026-02-15 07:14:08","1,603",
FAT_PERCENT,"2026-02-15 07:14:08",25,
FAT_FREE_MASS,"2026-02-15 07:14:08",56,
"Fat Free Percent","2026-02-15 07:14:08",75,
MUSCLE_PERCENT,"2026-02-15 07:14:08",72,
BONE_PERCENT,"2026-02-15 07:14:08",4,
WATER_PERCENT,"2026-02-15 07:14:08",52,
"Basal Metabolic Rate (BMR)","2026-02-14 07:37:47","1,602",
FAT_PERCENT,"2026-02-14 07:37:47",25,
FAT_FREE_MASS,"2026-02-14 07:37:47",56,
"Fat Free Percent","2026-02-14 07:37:47",75,
MUSCLE_PERCENT,"2026-02-14 07:37:47",71,
BONE_PERCENT,"2026-02-14 07:37:47",4,
WATER_PERCENT,"2026-02-14 07:37:47",52,
"Basal Metabolic Rate (BMR)","2026-02-13 07:38:37","1,600",
FAT_PERCENT,"2026-02-13 07:38:37",25,
FAT_FREE_MASS,"2026-02-13 07:38:37",56,
"Fat Free Percent","2026-02-13 07:38:37",75,
MUSCLE_PERCENT,"2026-02-13 07:38:37",71,
BONE_PERCENT,"2026-02-13 07:38:37",4,
WATER_PERCENT,"2026-02-13 07:38:37",52,
"Basal Metabolic Rate (BMR)","2026-02-12 07:02:25","1,596",
FAT_PERCENT,"2026-02-12 07:02:25",25,
FAT_FREE_MASS,"2026-02-12 07:02:25",56,
"Fat Free Percent","2026-02-12 07:02:25",75,
MUSCLE_PERCENT,"2026-02-12 07:02:25",71,
BONE_PERCENT,"2026-02-12 07:02:25",4,
WATER_PERCENT,"2026-02-12 07:02:25",52,
"Atrial fibrillation result from PPG","2026-02-11 18:14:53",1,
"Basal Metabolic Rate (BMR)","2026-02-11 07:43:15","1,605",
FAT_PERCENT,"2026-02-11 07:43:15",24,
FAT_FREE_MASS,"2026-02-11 07:43:15",57,
"Fat Free Percent","2026-02-11 07:43:15",76,
MUSCLE_PERCENT,"2026-02-11 07:43:15",72,
BONE_PERCENT,"2026-02-11 07:43:15",4,
WATER_PERCENT,"2026-02-11 07:43:15",53,
"Atrial fibrillation result from PPG","2026-02-10 22:44:53",1,
"Basal Metabolic Rate (BMR)","2026-02-09 06:20:48","1,603",
FAT_PERCENT,"2026-02-09 06:20:48",24,
FAT_FREE_MASS,"2026-02-09 06:20:48",57,
"Fat Free Percent","2026-02-09 06:20:48",76,
MUSCLE_PERCENT,"2026-02-09 06:20:48",72,
BONE_PERCENT,"2026-02-09 06:20:48",4,
WATER_PERCENT,"2026-02-09 06:20:48",53,
"Atrial fibrillation result from PPG","2026-02-08 00:34:56",1,
"Atrial fibrillation result from PPG","2026-02-06 22:44:56",1,
"Basal Metabolic Rate (BMR)","2026-02-06 07:05:14","1,602",
FAT_PERCENT,"2026-02-06 07:05:14",24,
FAT_FREE_MASS,"2026-02-06 07:05:14",57,
"Fat Free Percent","2026-02-06 07:05:14",76,
MUSCLE_PERCENT,"2026-02-06 07:05:14",72,
BONE_PERCENT,"2026-02-06 07:05:14",4,
WATER_PERCENT,"2026-02-06 07:05:14",53,
"Atrial fibrillation result from PPG","2026-02-05 18:54:59",1,
"Basal Metabolic Rate (BMR)","2026-02-05 07:27:02","1,602",
FAT_PERCENT,"2026-02-05 07:27:02",25,
FAT_FREE_MASS,"2026-02-05 07:27:02",56,
"Fat Free Percent","2026-02-05 07:27:02",75,
MUSCLE_PERCENT,"2026-02-05 07:27:02",71,
BONE_PERCENT,"2026-02-05 07:27:02",4,
WATER_PERCENT,"2026-02-05 07:27:02",52,
FAT_PERCENT,"2026-02-03 08:25:54",25,
FAT_FREE_MASS,"2026-02-03 08:25:54",57,
"Fat Free Percent","2026-02-03 08:25:54",75,
MUSCLE_PERCENT,"2026-02-03 08:25:54",71,
BONE_PERCENT,"2026-02-03 08:25:54",4,
WATER_PERCENT,"2026-02-03 08:25:54",52,
"Atrial fibrillation result from PPG","2026-02-02 16:25:03",1,
"Atrial fibrillation result from PPG","2026-02-02 08:55:03",1,
FAT_PERCENT,"2026-02-02 06:16:43",26,
FAT_FREE_MASS,"2026-02-02 06:16:43",56,
"Fat Free Percent","2026-02-02 06:16:43",74,
MUSCLE_PERCENT,"2026-02-02 06:16:43",70,
BONE_PERCENT,"2026-02-02 06:16:43",4,
WATER_PERCENT,"2026-02-02 06:16:43",52,
"Basal Metabolic Rate (BMR)","2026-02-01 07:59:01","1,609",
FAT_PERCENT,"2026-02-01 07:59:01",25,
FAT_FREE_MASS,"2026-02-01 07:59:01",57,
"Fat Free Percent","2026-02-01 07:59:01",75,
MUSCLE_PERCENT,"2026-02-01 07:59:01",72,
BONE_PERCENT,"2026-02-01 07:59:01",4,
WATER_PERCENT,"2026-02-01 07:59:01",52,
"Atrial fibrillation result from PPG","2026-01-31 14:55:04",1,
"Atrial fibrillation result from PPG","2026-01-31 09:45:03",1,
"Basal Metabolic Rate (BMR)","2026-01-31 06:47:26","1,611",
FAT_PERCENT,"2026-01-31 06:47:26",25,
FAT_FREE_MASS,"2026-01-31 06:47:26",57,
"Fat Free Percent","2026-01-31 06:47:26",75,
MUSCLE_PERCENT,"2026-01-31 06:47:26",71,
BONE_PERCENT,"2026-01-31 06:47:26",4,
WATER_PERCENT,"2026-01-31 06:47:26",52,
"Basal Metabolic Rate (BMR)","2026-01-29 07:00:01","1,608",
FAT_PERCENT,"2026-01-29 07:00:01",26,
FAT_FREE_MASS,"2026-01-29 07:00:01",56,
"Fat Free Percent","2026-01-29 07:00:01",74,
MUSCLE_PERCENT,"2026-01-29 07:00:01",71,
BONE_PERCENT,"2026-01-29 07:00:01",4,
WATER_PERCENT,"2026-01-29 07:00:01",52,
"Basal Metabolic Rate (BMR)","2026-01-27 06:38:35","1,610",
FAT_PERCENT,"2026-01-27 06:38:35",26,
FAT_FREE_MASS,"2026-01-27 06:38:35",56,
"Fat Free Percent","2026-01-27 06:38:35",74,
MUSCLE_PERCENT,"2026-01-27 06:38:35",71,
BONE_PERCENT,"2026-01-27 06:38:35",4,
WATER_PERCENT,"2026-01-27 06:38:35",52,
"Basal Metabolic Rate (BMR)","2026-01-26 07:19:18","1,607",
FAT_PERCENT,"2026-01-26 07:19:18",26,
FAT_FREE_MASS,"2026-01-26 07:19:18",56,
"Fat Free Percent","2026-01-26 07:19:18",74,
MUSCLE_PERCENT,"2026-01-26 07:19:18",70,
BONE_PERCENT,"2026-01-26 07:19:18",4,
WATER_PERCENT,"2026-01-26 07:19:18",52,
"Basal Metabolic Rate (BMR)","2026-01-25 06:54:27","1,615",
FAT_PERCENT,"2026-01-25 06:54:27",26,
FAT_FREE_MASS,"2026-01-25 06:54:27",56,
"Fat Free Percent","2026-01-25 06:54:27",74,
MUSCLE_PERCENT,"2026-01-25 06:54:27",70,
BONE_PERCENT,"2026-01-25 06:54:27",4,
WATER_PERCENT,"2026-01-25 06:54:27",52,
"Atrial fibrillation result from PPG","2026-01-24 20:05:10",1,
"Basal Metabolic Rate (BMR)","2026-01-24 06:06:24","1,620",
FAT_PERCENT,"2026-01-24 06:06:24",25,
FAT_FREE_MASS,"2026-01-24 06:06:24",57,
"Fat Free Percent","2026-01-24 06:06:24",75,
MUSCLE_PERCENT,"2026-01-24 06:06:24",71,
BONE_PERCENT,"2026-01-24 06:06:24",4,
WATER_PERCENT,"2026-01-24 06:06:24",52,
"Basal Metabolic Rate (BMR)","2026-01-23 06:34:59","1,617",
FAT_PERCENT,"2026-01-23 06:34:59",25,
FAT_FREE_MASS,"2026-01-23 06:34:59",57,
"Fat Free Percent","2026-01-23 06:34:59",75,
MUSCLE_PERCENT,"2026-01-23 06:34:59",71,
BONE_PERCENT,"2026-01-23 06:34:59",4,
WATER_PERCENT,"2026-01-23 06:34:59",52,
"Atrial fibrillation result","2026-01-22 08:27:28",9,
"Basal Metabolic Rate (BMR)","2026-01-21 06:11:38","1,619",
FAT_PERCENT,"2026-01-21 06:11:38",25,
FAT_FREE_MASS,"2026-01-21 06:11:38",58,
"Fat Free Percent","2026-01-21 06:11:38",75,
MUSCLE_PERCENT,"2026-01-21 06:11:38",71,
BONE_PERCENT,"2026-01-21 06:11:38",4,
WATER_PERCENT,"2026-01-21 06:11:38",52,
"Atrial fibrillation result from PPG","2026-01-20 22:26:54",1,
"Atrial fibrillation result from PPG","2026-01-20 12:36:54",1,
"Basal Metabolic Rate (BMR)","2026-01-20 06:30:41","1,616",
FAT_PERCENT,"2026-01-20 06:30:41",25,
FAT_FREE_MASS,"2026-01-20 06:30:41",57,
"Fat Free Percent","2026-01-20 06:30:41",75,
MUSCLE_PERCENT,"2026-01-20 06:30:41",71,
BONE_PERCENT,"2026-01-20 06:30:41",4,
WATER_PERCENT,"2026-01-20 06:30:41",52,
"Atrial fibrillation result","2026-01-19 20:42:40",10,
"Atrial fibrillation result from PPG","2026-01-17 12:46:55",1,
"Basal Metabolic Rate (BMR)","2026-01-16 06:13:31","1,615",
FAT_PERCENT,"2026-01-16 06:13:31",25,
FAT_FREE_MASS,"2026-01-16 06:13:31",57,
"Fat Free Percent","2026-01-16 06:13:31",75,
MUSCLE_PERCENT,"2026-01-16 06:13:31",71,
BONE_PERCENT,"2026-01-16 06:13:31",4,
WATER_PERCENT,"2026-01-16 06:13:31",52,
"Basal Metabolic Rate (BMR)","2026-01-15 06:47:41","1,610",
FAT_PERCENT,"2026-01-15 06:47:41",26,
FAT_FREE_MASS,"2026-01-15 06:47:41",56,
"Fat Free Percent","2026-01-15 06:47:41",74,
MUSCLE_PERCENT,"2026-01-15 06:47:41",71,
BONE_PERCENT,"2026-01-15 06:47:41",4,
WATER_PERCENT,"2026-01-15 06:47:41",52,
"Basal Metabolic Rate (BMR)","2026-01-14 05:28:16","1,612",
FAT_PERCENT,"2026-01-14 05:28:16",25,
FAT_FREE_MASS,"2026-01-14 05:28:16",57,
"Fat Free Percent","2026-01-14 05:28:16",75,
MUSCLE_PERCENT,"2026-01-14 05:28:16",71,
BONE_PERCENT,"2026-01-14 05:28:16",4,
WATER_PERCENT,"2026-01-14 05:28:16",52,
"Basal Metabolic Rate (BMR)","2026-01-13 06:58:46","1,609",
FAT_PERCENT,"2026-01-13 06:58:46",26,
FAT_FREE_MASS,"2026-01-13 06:58:46",56,
"Fat Free Percent","2026-01-13 06:58:46",74,
MUSCLE_PERCENT,"2026-01-13 06:58:46",70,
BONE_PERCENT,"2026-01-13 06:58:46",4,
WATER_PERCENT,"2026-01-13 06:58:46",52,
"Basal Metabolic Rate (BMR)","2026-01-09 06:22:06","1,625",
FAT_PERCENT,"2026-01-09 06:22:06",26,
FAT_FREE_MASS,"2026-01-09 06:22:06",57,
"Fat Free Percent","2026-01-09 06:22:06",74,
MUSCLE_PERCENT,"2026-01-09 06:22:06",71,
BONE_PERCENT,"2026-01-09 06:22:06",4,
WATER_PERCENT,"2026-01-09 06:22:06",52,
"Atrial fibrillation result from PPG","2026-01-08 09:57:06",1,
"Basal Metabolic Rate (BMR)","2026-01-08 06:59:14","1,618",
FAT_PERCENT,"2026-01-08 06:59:14",25,
FAT_FREE_MASS,"2026-01-08 06:59:14",57,
"Fat Free Percent","2026-01-08 06:59:14",75,
MUSCLE_PERCENT,"2026-01-08 06:59:14",71,
BONE_PERCENT,"2026-01-08 06:59:14",4,
WATER_PERCENT,"2026-01-08 06:59:14",52,
"Atrial fibrillation result from PPG","2026-01-06 12:07:09",1,
"Atrial fibrillation result from PPG","2026-01-06 08:17:09",1,
"Atrial fibrillation result from PPG","2026-01-05 14:17:09",1,
"Basal Metabolic Rate (BMR)","2026-01-04 07:01:01","1,610",
FAT_PERCENT,"2026-01-04 07:01:01",24,
FAT_FREE_MASS,"2026-01-04 07:01:01",57,
"Fat Free Percent","2026-01-04 07:01:01",76,
MUSCLE_PERCENT,"2026-01-04 07:01:01",72,
BONE_PERCENT,"2026-01-04 07:01:01",4,
WATER_PERCENT,"2026-01-04 07:01:01",53,
"SPO2 Quality score","2026-01-01 17:31:58",52,
"Atrial fibrillation result","2026-01-01 17:30:50",9,
"Basal Metabolic Rate (BMR)","2025-12-25 08:07:10","1,617",
"Basal Metabolic Rate (BMR)","2025-12-21 06:48:59","1,607",
FAT_PERCENT,"2025-12-21 06:48:59",24,
FAT_FREE_MASS,"2025-12-21 06:48:59",57,
"Fat Free Percent","2025-12-21 06:48:59",76,
MUSCLE_PERCENT,"2025-12-21 06:48:59",72,
BONE_PERCENT,"2025-12-21 06:48:59",4,
WATER_PERCENT,"2025-12-21 06:48:59",53,
"Basal Metabolic Rate (BMR)","2025-12-19 08:02:09","1,613",
FAT_PERCENT,"2025-12-19 08:02:09",24,
FAT_FREE_MASS,"2025-12-19 08:02:09",58,
"Fat Free Percent","2025-12-19 08:02:09",76,
MUSCLE_PERCENT,"2025-12-19 08:02:09",72,
BONE_PERCENT,"2025-12-19 08:02:09",4,
WATER_PERCENT,"2025-12-19 08:02:09",53,
"Basal Metabolic Rate (BMR)","2025-12-18 06:36:33","1,609",
FAT_PERCENT,"2025-12-18 06:36:33",24,
FAT_FREE_MASS,"2025-12-18 06:36:33",57,
"Fat Free Percent","2025-12-18 06:36:33",76,
MUSCLE_PERCENT,"2025-12-18 06:36:33",72,
BONE_PERCENT,"2025-12-18 06:36:33",4,
WATER_PERCENT,"2025-12-18 06:36:33",53,
"Atrial fibrillation result from PPG","2025-12-17 12:37:29",1,
"Atrial fibrillation result from PPG","2025-12-17 12:17:29",1,
"Basal Metabolic Rate (BMR)","2025-12-16 07:08:58","1,604",
FAT_PERCENT,"2025-12-16 07:08:58",24,
FAT_FREE_MASS,"2025-12-16 07:08:58",57,
"Fat Free Percent","2025-12-16 07:08:58",76,
MUSCLE_PERCENT,"2025-12-16 07:08:58",72,
BONE_PERCENT,"2025-12-16 07:08:58",4,
WATER_PERCENT,"2025-12-16 07:08:58",53,
"Atrial fibrillation result from PPG","2025-12-16 00:47:21",1,
"Atrial fibrillation result from PPG","2025-12-16 00:07:21",1,
"Atrial fibrillation result from PPG","2025-12-15 23:57:22",1,
"Atrial fibrillation result from PPG","2025-12-15 23:27:21",1,
"Activity class","2025-12-15 22:31:53",50,
"SPO2 Quality score","2025-12-15 22:26:51",51,
"Atrial fibrillation result","2025-12-15 22:23:28",9,
"Activity class","2025-12-15 17:41:27",30,
"Basal Metabolic Rate (BMR)","2025-12-13 07:13:11","1,603",
FAT_PERCENT,"2025-12-13 07:13:11",26,
FAT_FREE_MASS,"2025-12-13 07:13:11",56,
"Fat Free Percent","2025-12-13 07:13:11",74,
MUSCLE_PERCENT,"2025-12-13 07:13:11",70,
BONE_PERCENT,"2025-12-13 07:13:11",4,
WATER_PERCENT,"2025-12-13 07:13:11",52,
"Basal Metabolic Rate (BMR)","2025-12-12 07:00:14","1,611",
FAT_PERCENT,"2025-12-12 07:00:14",25,
FAT_FREE_MASS,"2025-12-12 07:00:14",57,
"Fat Free Percent","2025-12-12 07:00:14",75,
MUSCLE_PERCENT,"2025-12-12 07:00:14",71,
BONE_PERCENT,"2025-12-12 07:00:14",4,
WATER_PERCENT,"2025-12-12 07:00:14",52,
"Basal Metabolic Rate (BMR)","2025-12-10 05:36:21","1,611",
FAT_PERCENT,"2025-12-10 05:36:21",25,
FAT_FREE_MASS,"2025-12-10 05:36:21",57,
"Fat Free Percent","2025-12-10 05:36:21",75,
MUSCLE_PERCENT,"2025-12-10 05:36:21",71,
BONE_PERCENT,"2025-12-10 05:36:21",4,
WATER_PERCENT,"2025-12-10 05:36:21",52,
"Basal Metabolic Rate (BMR)","2025-12-04 07:05:25","1,608",
FAT_PERCENT,"2025-12-04 07:05:25",26,
FAT_FREE_MASS,"2025-12-04 07:05:25",56,
"Fat Free Percent","2025-12-04 07:05:25",74,
MUSCLE_PERCENT,"2025-12-04 07:05:25",71,
BONE_PERCENT,"2025-12-04 07:05:25",4,
WATER_PERCENT,"2025-12-04 07:05:25",52,
"Basal Metabolic Rate (BMR)","2025-12-02 05:30:39","1,616",
FAT_PERCENT,"2025-12-02 05:30:39",25,
FAT_FREE_MASS,"2025-12-02 05:30:39",57,
"Fat Free Percent","2025-12-02 05:30:39",75,
MUSCLE_PERCENT,"2025-12-02 05:30:39",71,
BONE_PERCENT,"2025-12-02 05:30:39",4,
WATER_PERCENT,"2025-12-02 05:30:39",52,
"Basal Metabolic Rate (BMR)","2025-12-01 06:09:27","1,610",
FAT_PERCENT,"2025-12-01 06:09:27",25,
FAT_FREE_MASS,"2025-12-01 06:09:27",56,
"Fat Free Percent","2025-12-01 06:09:27",75,
MUSCLE_PERCENT,"2025-12-01 06:09:27",71,
BONE_PERCENT,"2025-12-01 06:09:27",4,
WATER_PERCENT,"2025-12-01 06:09:27",52,
"Basal Metabolic Rate (BMR)","2025-11-30 06:36:18","1,618",
FAT_PERCENT,"2025-11-30 06:36:18",24,
FAT_FREE_MASS,"2025-11-30 06:36:18",58,
"Fat Free Percent","2025-11-30 06:36:18",76,
MUSCLE_PERCENT,"2025-11-30 06:36:18",72,
BONE_PERCENT,"2025-11-30 06:36:18",4,
WATER_PERCENT,"2025-11-30 06:36:18",53,
"Basal Metabolic Rate (BMR)","2025-11-28 06:13:35","1,607",
FAT_PERCENT,"2025-11-28 06:13:35",25,
FAT_FREE_MASS,"2025-11-28 06:13:35",56,
"Fat Free Percent","2025-11-28 06:13:35",75,
MUSCLE_PERCENT,"2025-11-28 06:13:35",71,
BONE_PERCENT,"2025-11-28 06:13:35",4,
WATER_PERCENT,"2025-11-28 06:13:35",52,
"Basal Metabolic Rate (BMR)","2025-11-23 06:12:56","1,616",
FAT_PERCENT,"2025-11-23 06:12:56",24,
FAT_FREE_MASS,"2025-11-23 06:12:56",58,
"Fat Free Percent","2025-11-23 06:12:56",76,
MUSCLE_PERCENT,"2025-11-23 06:12:56",72,
BONE_PERCENT,"2025-11-23 06:12:56",4,
WATER_PERCENT,"2025-11-23 06:12:56",53,
"Basal Metabolic Rate (BMR)","2025-11-21 05:36:23","1,620",
FAT_PERCENT,"2025-11-21 05:36:23",24,
FAT_FREE_MASS,"2025-11-21 05:36:23",58,
"Fat Free Percent","2025-11-21 05:36:23",76,
MUSCLE_PERCENT,"2025-11-21 05:36:23",72,
BONE_PERCENT,"2025-11-21 05:36:23",4,
WATER_PERCENT,"2025-11-21 05:36:23",53,
"Basal Metabolic Rate (BMR)","2025-11-20 06:02:58","1,622",
FAT_PERCENT,"2025-11-20 06:02:58",25,
FAT_FREE_MASS,"2025-11-20 06:02:58",57,
"Fat Free Percent","2025-11-20 06:02:58",75,
MUSCLE_PERCENT,"2025-11-20 06:02:58",71,
BONE_PERCENT,"2025-11-20 06:02:58",4,
WATER_PERCENT,"2025-11-20 06:02:58",52,
"Basal Metabolic Rate (BMR)","2025-11-19 05:58:25","1,614",
FAT_PERCENT,"2025-11-19 05:58:25",25,
FAT_FREE_MASS,"2025-11-19 05:58:25",57,
"Fat Free Percent","2025-11-19 05:58:25",75,
MUSCLE_PERCENT,"2025-11-19 05:58:25",71,
BONE_PERCENT,"2025-11-19 05:58:25",4,
WATER_PERCENT,"2025-11-19 05:58:25",52,
"Basal Metabolic Rate (BMR)","2025-11-16 07:13:26","1,616",
FAT_PERCENT,"2025-11-16 07:13:26",26,
FAT_FREE_MASS,"2025-11-16 07:13:26",57,
"Fat Free Percent","2025-11-16 07:13:26",74,
MUSCLE_PERCENT,"2025-11-16 07:13:26",71,
BONE_PERCENT,"2025-11-16 07:13:26",4,
WATER_PERCENT,"2025-11-16 07:13:26",52,
"Basal Metabolic Rate (BMR)","2025-11-15 07:21:59","1,614",
"Basal Metabolic Rate (BMR)","2025-11-14 06:26:04","1,616",
FAT_PERCENT,"2025-11-14 06:26:04",25,
FAT_FREE_MASS,"2025-11-14 06:26:04",57,
"Fat Free Percent","2025-11-14 06:26:04",75,
MUSCLE_PERCENT,"2025-11-14 06:26:04",71,
BONE_PERCENT,"2025-11-14 06:26:04",4,
WATER_PERCENT,"2025-11-14 06:26:04",52,
"Basal Metabolic Rate (BMR)","2025-11-13 05:23:58","1,616",
FAT_PERCENT,"2025-11-13 05:23:58",25,
FAT_FREE_MASS,"2025-11-13 05:23:58",57,
"Fat Free Percent","2025-11-13 05:23:58",75,
MUSCLE_PERCENT,"2025-11-13 05:23:58",71,
BONE_PERCENT,"2025-11-13 05:23:58",4,
WATER_PERCENT,"2025-11-13 05:23:58",52,
"Basal Metabolic Rate (BMR)","2025-11-12 06:30:31","1,618",
FAT_PERCENT,"2025-11-12 06:30:31",25,
FAT_FREE_MASS,"2025-11-12 06:30:31",57,
"Fat Free Percent","2025-11-12 06:30:31",75,
MUSCLE_PERCENT,"2025-11-12 06:30:31",71,
BONE_PERCENT,"2025-11-12 06:30:31",4,
WATER_PERCENT,"2025-11-12 06:30:31",52,
"Basal Metabolic Rate (BMR)","2025-11-11 06:20:58","1,619",
FAT_PERCENT,"2025-11-11 06:20:58",25,
FAT_FREE_MASS,"2025-11-11 06:20:58",57,
"Fat Free Percent","2025-11-11 06:20:58",75,
MUSCLE_PERCENT,"2025-11-11 06:20:58",71,
BONE_PERCENT,"2025-11-11 06:20:58",4,
WATER_PERCENT,"2025-11-11 06:20:58",52,
"Basal Metabolic Rate (BMR)","2025-11-08 07:16:53","1,600",
FAT_PERCENT,"2025-11-08 07:16:53",27,
FAT_FREE_MASS,"2025-11-08 07:16:53",55,
"Fat Free Percent","2025-11-08 07:16:53",73,
MUSCLE_PERCENT,"2025-11-08 07:16:53",69,
BONE_PERCENT,"2025-11-08 07:16:53",4,
WATER_PERCENT,"2025-11-08 07:16:53",51,
"Basal Metabolic Rate (BMR)","2025-11-07 07:06:15","1,602",
FAT_PERCENT,"2025-11-07 07:06:15",26,
FAT_FREE_MASS,"2025-11-07 07:06:15",56,
"Fat Free Percent","2025-11-07 07:06:15",74,
MUSCLE_PERCENT,"2025-11-07 07:06:15",71,
BONE_PERCENT,"2025-11-07 07:06:15",4,
WATER_PERCENT,"2025-11-07 07:06:15",52,
"Basal Metabolic Rate (BMR)","2025-11-06 07:12:57","1,610",
FAT_PERCENT,"2025-11-06 07:12:57",26,
FAT_FREE_MASS,"2025-11-06 07:12:57",56,
"Fat Free Percent","2025-11-06 07:12:57",74,
MUSCLE_PERCENT,"2025-11-06 07:12:57",70,
BONE_PERCENT,"2025-11-06 07:12:57",4,
WATER_PERCENT,"2025-11-06 07:12:57",52,
Temperature,"2025-11-05 08:00:08",21,
"skin temperature","2025-11-05 08:00:08",33,
Temperature,"2025-11-04 10:23:45",22,
"skin temperature","2025-11-04 10:23:45",34,
Temperature,"2025-11-03 15:03:43",22,
"skin temperature","2025-11-03 15:03:43",35,
Temperature,"2025-11-03 12:27:43",23,
"skin temperature","2025-11-03 12:27:43",35,
Temperature,"2025-11-03 12:02:26",22,
"skin temperature","2025-11-03 12:02:26",36,
Temperature,"2025-11-03 10:28:57",22,
"skin temperature","2025-11-03 10:28:57",36,
Temperature,"2025-11-03 09:48:52",22,
"skin temperature","2025-11-03 09:48:52",35,
"Basal Metabolic Rate (BMR)","2025-11-02 07:08:40","1,636",
FAT_PERCENT,"2025-11-02 07:08:40",27,
FAT_FREE_MASS,"2025-11-02 07:08:40",57,
"Fat Free Percent","2025-11-02 07:08:40",73,
MUSCLE_PERCENT,"2025-11-02 07:08:40",69,
BONE_PERCENT,"2025-11-02 07:08:40",4,
WATER_PERCENT,"2025-11-02 07:08:40",51,
"Basal Metabolic Rate (BMR)","2025-11-01 07:33:16","1,633",
FAT_PERCENT,"2025-11-01 07:33:16",26,
FAT_FREE_MASS,"2025-11-01 07:33:16",57,
"Fat Free Percent","2025-11-01 07:33:16",74,
MUSCLE_PERCENT,"2025-11-01 07:33:16",70,
BONE_PERCENT,"2025-11-01 07:33:16",4,
WATER_PERCENT,"2025-11-01 07:33:16",52,
"Basal Metabolic Rate (BMR)","2025-10-31 06:13:13","1,634",
FAT_PERCENT,"2025-10-31 06:13:13",26,
FAT_FREE_MASS,"2025-10-31 06:13:13",58,
"Fat Free Percent","2025-10-31 06:13:13",74,
MUSCLE_PERCENT,"2025-10-31 06:13:13",70,
BONE_PERCENT,"2025-10-31 06:13:13",4,
WATER_PERCENT,"2025-10-31 06:13:13",52,
"Basal Metabolic Rate (BMR)","2025-10-29 06:40:57","1,634",
"Basal Metabolic Rate (BMR)","2025-10-27 05:54:18","1,644",
FAT_PERCENT,"2025-10-27 05:54:18",27,
FAT_FREE_MASS,"2025-10-27 05:54:18",58,
"Fat Free Percent","2025-10-27 05:54:18",73,
MUSCLE_PERCENT,"2025-10-27 05:54:18",70,
BONE_PERCENT,"2025-10-27 05:54:18",4,
WATER_PERCENT,"2025-10-27 05:54:18",52,
"Basal Metabolic Rate (BMR)","2025-10-26 06:37:22","1,637",
FAT_PERCENT,"2025-10-26 06:37:22",26,
FAT_FREE_MASS,"2025-10-26 06:37:22",58,
"Fat Free Percent","2025-10-26 06:37:22",74,
MUSCLE_PERCENT,"2025-10-26 06:37:22",70,
BONE_PERCENT,"2025-10-26 06:37:22",4,
WATER_PERCENT,"2025-10-26 06:37:22",52,
"Basal Metabolic Rate (BMR)","2025-10-24 06:08:55","1,633",
FAT_PERCENT,"2025-10-24 06:08:55",26,
FAT_FREE_MASS,"2025-10-24 06:08:55",58,
"Fat Free Percent","2025-10-24 06:08:55",74,
MUSCLE_PERCENT,"2025-10-24 06:08:55",70,
BONE_PERCENT,"2025-10-24 06:08:55",4,
WATER_PERCENT,"2025-10-24 06:08:55",52,
"Basal Metabolic Rate (BMR)","2025-10-21 05:47:56","1,639",
FAT_PERCENT,"2025-10-21 05:47:56",27,
FAT_FREE_MASS,"2025-10-21 05:47:56",57,
"Fat Free Percent","2025-10-21 05:47:56",73,
MUSCLE_PERCENT,"2025-10-21 05:47:56",69,
BONE_PERCENT,"2025-10-21 05:47:56",4,
WATER_PERCENT,"2025-10-21 05:47:56",51,
"Basal Metabolic Rate (BMR)","2025-10-20 06:29:32","1,634",
FAT_PERCENT,"2025-10-20 06:29:32",27,
FAT_FREE_MASS,"2025-10-20 06:29:32",57,
"Fat Free Percent","2025-10-20 06:29:32",73,
MUSCLE_PERCENT,"2025-10-20 06:29:32",70,
BONE_PERCENT,"2025-10-20 06:29:32",4,
WATER_PERCENT,"2025-10-20 06:29:32",51,
"Basal Metabolic Rate (BMR)","2025-10-19 06:36:42","1,640",
FAT_PERCENT,"2025-10-19 06:36:42",26,
FAT_FREE_MASS,"2025-10-19 06:36:42",58,
"Fat Free Percent","2025-10-19 06:36:42",74,
MUSCLE_PERCENT,"2025-10-19 06:36:42",70,
BONE_PERCENT,"2025-10-19 06:36:42",4,
WATER_PERCENT,"2025-10-19 06:36:42",52,
"Basal Metabolic Rate (BMR)","2025-10-18 05:42:15","1,640",
FAT_PERCENT,"2025-10-18 05:42:15",26,
FAT_FREE_MASS,"2025-10-18 05:42:15",58,
"Fat Free Percent","2025-10-18 05:42:15",74,
MUSCLE_PERCENT,"2025-10-18 05:42:15",70,
BONE_PERCENT,"2025-10-18 05:42:15",4,
WATER_PERCENT,"2025-10-18 05:42:15",52,
"Basal Metabolic Rate (BMR)","2025-10-16 06:27:54","1,643",
FAT_PERCENT,"2025-10-16 06:27:54",26,
FAT_FREE_MASS,"2025-10-16 06:27:54",58,
"Fat Free Percent","2025-10-16 06:27:54",74,
MUSCLE_PERCENT,"2025-10-16 06:27:54",70,
BONE_PERCENT,"2025-10-16 06:27:54",4,
WATER_PERCENT,"2025-10-16 06:27:54",52,
"Basal Metabolic Rate (BMR)","2025-10-15 07:34:13","1,639",
FAT_PERCENT,"2025-10-15 07:34:13",26,
FAT_FREE_MASS,"2025-10-15 07:34:13",58,
"Fat Free Percent","2025-10-15 07:34:13",74,
MUSCLE_PERCENT,"2025-10-15 07:34:13",70,
BONE_PERCENT,"2025-10-15 07:34:13",4,
WATER_PERCENT,"2025-10-15 07:34:13",52,
"Basal Metabolic Rate (BMR)","2025-10-14 06:38:46","1,642",
FAT_PERCENT,"2025-10-14 06:38:46",27,
FAT_FREE_MASS,"2025-10-14 06:38:46",58,
"Fat Free Percent","2025-10-14 06:38:46",73,
MUSCLE_PERCENT,"2025-10-14 06:38:46",69,
BONE_PERCENT,"2025-10-14 06:38:46",4,
WATER_PERCENT,"2025-10-14 06:38:46",51,
"Basal Metabolic Rate (BMR)","2025-10-12 06:40:20","1,642",
FAT_PERCENT,"2025-10-12 06:40:20",28,
FAT_FREE_MASS,"2025-10-12 06:40:20",57,
"Fat Free Percent","2025-10-12 06:40:20",72,
MUSCLE_PERCENT,"2025-10-12 06:40:20",68,
BONE_PERCENT,"2025-10-12 06:40:20",4,
WATER_PERCENT,"2025-10-12 06:40:20",51,
"Basal Metabolic Rate (BMR)","2025-10-11 07:21:28","1,640",
FAT_PERCENT,"2025-10-11 07:21:28",28,
FAT_FREE_MASS,"2025-10-11 07:21:28",57,
"Fat Free Percent","2025-10-11 07:21:28",72,
MUSCLE_PERCENT,"2025-10-11 07:21:28",68,
BONE_PERCENT,"2025-10-11 07:21:28",4,
WATER_PERCENT,"2025-10-11 07:21:28",51,
"Basal Metabolic Rate (BMR)","2025-10-10 07:10:22","1,641",
FAT_PERCENT,"2025-10-10 07:10:22",27,
FAT_FREE_MASS,"2025-10-10 07:10:22",58,
"Fat Free Percent","2025-10-10 07:10:22",73,
MUSCLE_PERCENT,"2025-10-10 07:10:22",69,
BONE_PERCENT,"2025-10-10 07:10:22",4,
WATER_PERCENT,"2025-10-10 07:10:22",51,
"Basal Metabolic Rate (BMR)","2025-10-07 05:24:15","1,644",
FAT_PERCENT,"2025-10-07 05:24:15",26,
FAT_FREE_MASS,"2025-10-07 05:24:15",58,
"Fat Free Percent","2025-10-07 05:24:15",74,
MUSCLE_PERCENT,"2025-10-07 05:24:15",70,
BONE_PERCENT,"2025-10-07 05:24:15",4,
WATER_PERCENT,"2025-10-07 05:24:15",52,
"Basal Metabolic Rate (BMR)","2025-10-06 05:13:23","1,639",
FAT_PERCENT,"2025-10-06 05:13:23",27,
FAT_FREE_MASS,"2025-10-06 05:13:23",58,
"Fat Free Percent","2025-10-06 05:13:23",73,
MUSCLE_PERCENT,"2025-10-06 05:13:23",70,
BONE_PERCENT,"2025-10-06 05:13:23",4,
WATER_PERCENT,"2025-10-06 05:13:23",52,
"Basal Metabolic Rate (BMR)","2025-10-05 07:16:11","1,643",
FAT_PERCENT,"2025-10-05 07:16:11",27,
FAT_FREE_MASS,"2025-10-05 07:16:11",58,
"Fat Free Percent","2025-10-05 07:16:11",73,
MUSCLE_PERCENT,"2025-10-05 07:16:11",69,
BONE_PERCENT,"2025-10-05 07:16:11",4,
WATER_PERCENT,"2025-10-05 07:16:11",51,
"Basal Metabolic Rate (BMR)","2025-10-04 06:07:37","1,639",
FAT_PERCENT,"2025-10-04 06:07:37",27,
FAT_FREE_MASS,"2025-10-04 06:07:37",57,
"Fat Free Percent","2025-10-04 06:07:37",73,
MUSCLE_PERCENT,"2025-10-04 06:07:37",69,
BONE_PERCENT,"2025-10-04 06:07:37",4,
WATER_PERCENT,"2025-10-04 06:07:37",51,
"Basal Metabolic Rate (BMR)","2025-10-03 06:49:55","1,641",
FAT_PERCENT,"2025-10-03 06:49:55",28,
FAT_FREE_MASS,"2025-10-03 06:49:55",57,
"Fat Free Percent","2025-10-03 06:49:55",72,
MUSCLE_PERCENT,"2025-10-03 06:49:55",69,
BONE_PERCENT,"2025-10-03 06:49:55",4,
WATER_PERCENT,"2025-10-03 06:49:55",51,
"Basal Metabolic Rate (BMR)","2025-10-02 07:29:49","1,641",
FAT_PERCENT,"2025-10-02 07:29:49",27,
FAT_FREE_MASS,"2025-10-02 07:29:49",58,
"Fat Free Percent","2025-10-02 07:29:49",73,
MUSCLE_PERCENT,"2025-10-02 07:29:49",69,
BONE_PERCENT,"2025-10-02 07:29:49",4,
WATER_PERCENT,"2025-10-02 07:29:49",51,
"Basal Metabolic Rate (BMR)","2025-09-30 06:31:32","1,640",
FAT_PERCENT,"2025-09-30 06:31:32",27,
FAT_FREE_MASS,"2025-09-30 06:31:32",57,
"Fat Free Percent","2025-09-30 06:31:32",73,
MUSCLE_PERCENT,"2025-09-30 06:31:32",69,
BONE_PERCENT,"2025-09-30 06:31:32",4,
WATER_PERCENT,"2025-09-30 06:31:32",51,
"Basal Metabolic Rate (BMR)","2025-09-29 08:54:19","1,638",
FAT_PERCENT,"2025-09-29 08:54:19",27,
FAT_FREE_MASS,"2025-09-29 08:54:19",57,
"Fat Free Percent","2025-09-29 08:54:19",73,
MUSCLE_PERCENT,"2025-09-29 08:54:19",69,
BONE_PERCENT,"2025-09-29 08:54:19",4,
WATER_PERCENT,"2025-09-29 08:54:19",51,
"Basal Metabolic Rate (BMR)","2025-09-28 09:33:58","1,640",
FAT_PERCENT,"2025-09-28 09:33:58",26,
FAT_FREE_MASS,"2025-09-28 09:33:58",58,
"Fat Free Percent","2025-09-28 09:33:58",74,
MUSCLE_PERCENT,"2025-09-28 09:33:58",70,
BONE_PERCENT,"2025-09-28 09:33:58",4,
WATER_PERCENT,"2025-09-28 09:33:58",52,
"Basal Metabolic Rate (BMR)","2025-09-27 06:05:20","1,642",
FAT_PERCENT,"2025-09-27 06:05:20",26,
FAT_FREE_MASS,"2025-09-27 06:05:20",58,
"Fat Free Percent","2025-09-27 06:05:20",74,
MUSCLE_PERCENT,"2025-09-27 06:05:20",70,
BONE_PERCENT,"2025-09-27 06:05:20",4,
WATER_PERCENT,"2025-09-27 06:05:20",52,
"Basal Metabolic Rate (BMR)","2025-09-26 06:40:42","1,640",
FAT_PERCENT,"2025-09-26 06:40:42",26,
FAT_FREE_MASS,"2025-09-26 06:40:42",58,
"Fat Free Percent","2025-09-26 06:40:42",74,
MUSCLE_PERCENT,"2025-09-26 06:40:42",70,
BONE_PERCENT,"2025-09-26 06:40:42",4,
WATER_PERCENT,"2025-09-26 06:40:42",52,
"Basal Metabolic Rate (BMR)","2025-09-25 06:15:17","1,645",
FAT_PERCENT,"2025-09-25 06:15:17",27,
FAT_FREE_MASS,"2025-09-25 06:15:17",58,
"Fat Free Percent","2025-09-25 06:15:17",73,
MUSCLE_PERCENT,"2025-09-25 06:15:17",70,
BONE_PERCENT,"2025-09-25 06:15:17",4,
WATER_PERCENT,"2025-09-25 06:15:17",52,
"Basal Metabolic Rate (BMR)","2025-09-24 06:36:06","1,643",
FAT_PERCENT,"2025-09-24 06:36:06",26,
FAT_FREE_MASS,"2025-09-24 06:36:06",58,
"Fat Free Percent","2025-09-24 06:36:06",74,
MUSCLE_PERCENT,"2025-09-24 06:36:06",70,
BONE_PERCENT,"2025-09-24 06:36:06",4,
WATER_PERCENT,"2025-09-24 06:36:06",52,
"Basal Metabolic Rate (BMR)","2025-09-21 07:22:59","1,635",
FAT_PERCENT,"2025-09-21 07:22:59",28,
FAT_FREE_MASS,"2025-09-21 07:22:59",57,
"Fat Free Percent","2025-09-21 07:22:59",72,
MUSCLE_PERCENT,"2025-09-21 07:22:59",69,
BONE_PERCENT,"2025-09-21 07:22:59",4,
WATER_PERCENT,"2025-09-21 07:22:59",51,
"Basal Metabolic Rate (BMR)","2025-09-18 06:21:54","1,644",
FAT_PERCENT,"2025-09-18 06:21:54",26,
FAT_FREE_MASS,"2025-09-18 06:21:54",58,
"Fat Free Percent","2025-09-18 06:21:54",74,
MUSCLE_PERCENT,"2025-09-18 06:21:54",70,
BONE_PERCENT,"2025-09-18 06:21:54",4,
WATER_PERCENT,"2025-09-18 06:21:54",52,
"Basal Metabolic Rate (BMR)","2025-09-17 06:30:29","1,648",
FAT_PERCENT,"2025-09-17 06:30:29",26,
FAT_FREE_MASS,"2025-09-17 06:30:29",59,
"Fat Free Percent","2025-09-17 06:30:29",74,
MUSCLE_PERCENT,"2025-09-17 06:30:29",70,
BONE_PERCENT,"2025-09-17 06:30:29",4,
WATER_PERCENT,"2025-09-17 06:30:29",52,
"Basal Metabolic Rate (BMR)","2025-09-15 06:08:33","1,635",
FAT_PERCENT,"2025-09-15 06:08:33",27,
FAT_FREE_MASS,"2025-09-15 06:08:33",57,
"Fat Free Percent","2025-09-15 06:08:33",73,
MUSCLE_PERCENT,"2025-09-15 06:08:33",70,
BONE_PERCENT,"2025-09-15 06:08:33",4,
WATER_PERCENT,"2025-09-15 06:08:33",52,
"Basal Metabolic Rate (BMR)","2025-09-12 07:21:41","1,635",
FAT_PERCENT,"2025-09-12 07:21:41",26,
FAT_FREE_MASS,"2025-09-12 07:21:41",58,
"Fat Free Percent","2025-09-12 07:21:41",74,
MUSCLE_PERCENT,"2025-09-12 07:21:41",70,
BONE_PERCENT,"2025-09-12 07:21:41",4,
WATER_PERCENT,"2025-09-12 07:21:41",52,
"Basal Metabolic Rate (BMR)","2025-09-11 06:37:33","1,639",
FAT_PERCENT,"2025-09-11 06:37:33",27,
FAT_FREE_MASS,"2025-09-11 06:37:33",57,
"Fat Free Percent","2025-09-11 06:37:33",73,
MUSCLE_PERCENT,"2025-09-11 06:37:33",69,
BONE_PERCENT,"2025-09-11 06:37:33",4,
WATER_PERCENT,"2025-09-11 06:37:33",51,
"Basal Metabolic Rate (BMR)","2025-09-10 05:27:48","1,638",
FAT_PERCENT,"2025-09-10 05:27:48",27,
FAT_FREE_MASS,"2025-09-10 05:27:48",58,
"Fat Free Percent","2025-09-10 05:27:48",73,
MUSCLE_PERCENT,"2025-09-10 05:27:48",70,
BONE_PERCENT,"2025-09-10 05:27:48",4,
WATER_PERCENT,"2025-09-10 05:27:48",52,
"Basal Metabolic Rate (BMR)","2025-09-09 06:11:17","1,643",
FAT_PERCENT,"2025-09-09 06:11:17",27,
FAT_FREE_MASS,"2025-09-09 06:11:17",57,
"Fat Free Percent","2025-09-09 06:11:17",73,
MUSCLE_PERCENT,"2025-09-09 06:11:17",69,
BONE_PERCENT,"2025-09-09 06:11:17",4,
WATER_PERCENT,"2025-09-09 06:11:17",51,
"Basal Metabolic Rate (BMR)","2025-09-07 08:05:42","1,637",
FAT_PERCENT,"2025-09-07 08:05:42",27,
FAT_FREE_MASS,"2025-09-07 08:05:42",57,
"Fat Free Percent","2025-09-07 08:05:42",73,
MUSCLE_PERCENT,"2025-09-07 08:05:42",69,
BONE_PERCENT,"2025-09-07 08:05:42",4,
WATER_PERCENT,"2025-09-07 08:05:42",51,
"Basal Metabolic Rate (BMR)","2025-09-06 07:04:30","1,641",
FAT_PERCENT,"2025-09-06 07:04:30",26,
FAT_FREE_MASS,"2025-09-06 07:04:30",58,
"Fat Free Percent","2025-09-06 07:04:30",74,
MUSCLE_PERCENT,"2025-09-06 07:04:30",70,
BONE_PERCENT,"2025-09-06 07:04:30",4,
WATER_PERCENT,"2025-09-06 07:04:30",52,
"Basal Metabolic Rate (BMR)","2025-09-05 07:38:37","1,634",
FAT_PERCENT,"2025-09-05 07:38:37",26,
FAT_FREE_MASS,"2025-09-05 07:38:37",58,
"Fat Free Percent","2025-09-05 07:38:37",74,
MUSCLE_PERCENT,"2025-09-05 07:38:37",70,
BONE_PERCENT,"2025-09-05 07:38:37",4,
WATER_PERCENT,"2025-09-05 07:38:37",52,
"Basal Metabolic Rate (BMR)","2025-09-02 06:44:29","1,636",
FAT_PERCENT,"2025-09-02 06:44:29",26,
FAT_FREE_MASS,"2025-09-02 06:44:29",58,
"Fat Free Percent","2025-09-02 06:44:29",74,
MUSCLE_PERCENT,"2025-09-02 06:44:29",70,
BONE_PERCENT,"2025-09-02 06:44:29",4,
WATER_PERCENT,"2025-09-02 06:44:29",52,
"Basal Metabolic Rate (BMR)","2025-09-01 06:07:29","1,640",
FAT_PERCENT,"2025-09-01 06:07:29",27,
FAT_FREE_MASS,"2025-09-01 06:07:29",57,
"Fat Free Percent","2025-09-01 06:07:29",73,
MUSCLE_PERCENT,"2025-09-01 06:07:29",69,
BONE_PERCENT,"2025-09-01 06:07:29",4,
WATER_PERCENT,"2025-09-01 06:07:29",51,
"Basal Metabolic Rate (BMR)","2025-08-31 08:02:25","1,638",
FAT_PERCENT,"2025-08-31 08:02:25",27,
FAT_FREE_MASS,"2025-08-31 08:02:25",57,
"Fat Free Percent","2025-08-31 08:02:25",73,
MUSCLE_PERCENT,"2025-08-31 08:02:25",69,
BONE_PERCENT,"2025-08-31 08:02:25",4,
WATER_PERCENT,"2025-08-31 08:02:25",51,
"Basal Metabolic Rate (BMR)","2025-08-29 06:35:15","1,642",
FAT_PERCENT,"2025-08-29 06:35:15",27,
FAT_FREE_MASS,"2025-08-29 06:35:15",58,
"Fat Free Percent","2025-08-29 06:35:15",73,
MUSCLE_PERCENT,"2025-08-29 06:35:15",69,
BONE_PERCENT,"2025-08-29 06:35:15",4,
WATER_PERCENT,"2025-08-29 06:35:15",51,
"Basal Metabolic Rate (BMR)","2025-08-28 05:56:21","1,637",
FAT_PERCENT,"2025-08-28 05:56:21",27,
FAT_FREE_MASS,"2025-08-28 05:56:21",57,
"Fat Free Percent","2025-08-28 05:56:21",73,
MUSCLE_PERCENT,"2025-08-28 05:56:21",69,
BONE_PERCENT,"2025-08-28 05:56:21",4,
WATER_PERCENT,"2025-08-28 05:56:21",51,
"Basal Metabolic Rate (BMR)","2025-08-27 06:40:21","1,634",
FAT_PERCENT,"2025-08-27 06:40:21",26,
FAT_FREE_MASS,"2025-08-27 06:40:21",58,
"Fat Free Percent","2025-08-27 06:40:21",74,
MUSCLE_PERCENT,"2025-08-27 06:40:21",70,
BONE_PERCENT,"2025-08-27 06:40:21",4,
WATER_PERCENT,"2025-08-27 06:40:21",52,
"Basal Metabolic Rate (BMR)","2025-08-27 06:38:13","1,638",
"Basal Metabolic Rate (BMR)","2025-08-25 06:55:10","1,631",
FAT_PERCENT,"2025-08-25 06:55:10",27,
FAT_FREE_MASS,"2025-08-25 06:55:10",57,
"Fat Free Percent","2025-08-25 06:55:10",73,
MUSCLE_PERCENT,"2025-08-25 06:55:10",69,
BONE_PERCENT,"2025-08-25 06:55:10",4,
WATER_PERCENT,"2025-08-25 06:55:10",51,
"Basal Metabolic Rate (BMR)","2025-08-24 07:57:34","1,632",
FAT_PERCENT,"2025-08-24 07:57:34",27,
FAT_FREE_MASS,"2025-08-24 07:57:34",57,
"Fat Free Percent","2025-08-24 07:57:34",73,
MUSCLE_PERCENT,"2025-08-24 07:57:34",69,
BONE_PERCENT,"2025-08-24 07:57:34",4,
WATER_PERCENT,"2025-08-24 07:57:34",51,
"Basal Metabolic Rate (BMR)","2025-08-23 07:37:59","1,630",
FAT_PERCENT,"2025-08-23 07:37:59",28,
FAT_FREE_MASS,"2025-08-23 07:37:59",56,
"Fat Free Percent","2025-08-23 07:37:59",72,
MUSCLE_PERCENT,"2025-08-23 07:37:59",69,
BONE_PERCENT,"2025-08-23 07:37:59",4,
WATER_PERCENT,"2025-08-23 07:37:59",51,
"Basal Metabolic Rate (BMR)","2025-08-22 06:33:26","1,635",
FAT_PERCENT,"2025-08-22 06:33:26",27,
FAT_FREE_MASS,"2025-08-22 06:33:26",57,
"Fat Free Percent","2025-08-22 06:33:26",73,
MUSCLE_PERCENT,"2025-08-22 06:33:26",70,
BONE_PERCENT,"2025-08-22 06:33:26",4,
WATER_PERCENT,"2025-08-22 06:33:26",51,
"Basal Metabolic Rate (BMR)","2025-08-21 06:17:40","1,635",
FAT_PERCENT,"2025-08-21 06:17:40",27,
FAT_FREE_MASS,"2025-08-21 06:17:40",57,
"Fat Free Percent","2025-08-21 06:17:40",73,
MUSCLE_PERCENT,"2025-08-21 06:17:40",70,
BONE_PERCENT,"2025-08-21 06:17:40",4,
WATER_PERCENT,"2025-08-21 06:17:40",52,
"Basal Metabolic Rate (BMR)","2025-08-20 06:41:39","1,641",
FAT_PERCENT,"2025-08-20 06:41:39",25,
FAT_FREE_MASS,"2025-08-20 06:41:39",59,
"Fat Free Percent","2025-08-20 06:41:39",75,
MUSCLE_PERCENT,"2025-08-20 06:41:39",71,
BONE_PERCENT,"2025-08-20 06:41:39",4,
WATER_PERCENT,"2025-08-20 06:41:39",53,
"Basal Metabolic Rate (BMR)","2025-08-19 06:05:31","1,642",
FAT_PERCENT,"2025-08-19 06:05:31",26,
FAT_FREE_MASS,"2025-08-19 06:05:31",58,
"Fat Free Percent","2025-08-19 06:05:31",74,
MUSCLE_PERCENT,"2025-08-19 06:05:31",70,
BONE_PERCENT,"2025-08-19 06:05:31",4,
WATER_PERCENT,"2025-08-19 06:05:31",52,
"Basal Metabolic Rate (BMR)","2025-08-18 06:07:40","1,638",
FAT_PERCENT,"2025-08-18 06:07:40",27,
FAT_FREE_MASS,"2025-08-18 06:07:40",58,
"Fat Free Percent","2025-08-18 06:07:40",73,
MUSCLE_PERCENT,"2025-08-18 06:07:40",70,
BONE_PERCENT,"2025-08-18 06:07:40",4,
WATER_PERCENT,"2025-08-18 06:07:40",51,
"Basal Metabolic Rate (BMR)","2025-08-17 08:04:32","1,644",
FAT_PERCENT,"2025-08-17 08:04:32",26,
FAT_FREE_MASS,"2025-08-17 08:04:32",58,
"Fat Free Percent","2025-08-17 08:04:32",74,
MUSCLE_PERCENT,"2025-08-17 08:04:32",70,
BONE_PERCENT,"2025-08-17 08:04:32",4,
WATER_PERCENT,"2025-08-17 08:04:32",52,
"Basal Metabolic Rate (BMR)","2025-08-15 06:35:16","1,638",
FAT_PERCENT,"2025-08-15 06:35:16",27,
FAT_FREE_MASS,"2025-08-15 06:35:16",58,
"Fat Free Percent","2025-08-15 06:35:16",73,
MUSCLE_PERCENT,"2025-08-15 06:35:16",70,
BONE_PERCENT,"2025-08-15 06:35:16",4,
WATER_PERCENT,"2025-08-15 06:35:16",52,
"Basal Metabolic Rate (BMR)","2025-08-14 06:02:45","1,635",
FAT_PERCENT,"2025-08-14 06:02:45",27,
FAT_FREE_MASS,"2025-08-14 06:02:45",57,
"Fat Free Percent","2025-08-14 06:02:45",73,
MUSCLE_PERCENT,"2025-08-14 06:02:45",69,
BONE_PERCENT,"2025-08-14 06:02:45",4,
WATER_PERCENT,"2025-08-14 06:02:45",51,
FAT_PERCENT,"2025-08-13 06:57:01",26,
FAT_FREE_MASS,"2025-08-13 06:57:01",58,
"Fat Free Percent","2025-08-13 06:57:01",74,
MUSCLE_PERCENT,"2025-08-13 06:57:01",70,
BONE_PERCENT,"2025-08-13 06:57:01",4,
WATER_PERCENT,"2025-08-13 06:57:01",52,
FAT_PERCENT,"2025-08-12 06:13:37",26,
FAT_FREE_MASS,"2025-08-12 06:13:37",58,
"Fat Free Percent","2025-08-12 06:13:37",74,
MUSCLE_PERCENT,"2025-08-12 06:13:37",70,
BONE_PERCENT,"2025-08-12 06:13:37",4,
WATER_PERCENT,"2025-08-12 06:13:37",52,
FAT_PERCENT,"2025-08-11 07:43:56",27,
FAT_FREE_MASS,"2025-08-11 07:43:56",58,
"Fat Free Percent","2025-08-11 07:43:56",73,
MUSCLE_PERCENT,"2025-08-11 07:43:56",70,
BONE_PERCENT,"2025-08-11 07:43:56",4,
WATER_PERCENT,"2025-08-11 07:43:56",52,
FAT_PERCENT,"2025-08-10 06:59:18",26,
FAT_FREE_MASS,"2025-08-10 06:59:18",58,
"Fat Free Percent","2025-08-10 06:59:18",74,
MUSCLE_PERCENT,"2025-08-10 06:59:18",70,
BONE_PERCENT,"2025-08-10 06:59:18",4,
WATER_PERCENT,"2025-08-10 06:59:18",52,
FAT_PERCENT,"2025-08-09 07:43:53",26,
FAT_FREE_MASS,"2025-08-09 07:43:53",58,
"Fat Free Percent","2025-08-09 07:43:53",74,
MUSCLE_PERCENT,"2025-08-09 07:43:53",70,
BONE_PERCENT,"2025-08-09 07:43:53",4,
WATER_PERCENT,"2025-08-09 07:43:53",52,
FAT_PERCENT,"2025-08-08 07:17:32",26,
FAT_FREE_MASS,"2025-08-08 07:17:32",58,
"Fat Free Percent","2025-08-08 07:17:32",74,
MUSCLE_PERCENT,"2025-08-08 07:17:32",70,
BONE_PERCENT,"2025-08-08 07:17:32",4,
WATER_PERCENT,"2025-08-08 07:17:32",52,
FAT_PERCENT,"2025-08-07 06:40:24",27,
FAT_FREE_MASS,"2025-08-07 06:40:24",58,
"Fat Free Percent","2025-08-07 06:40:24",74,
MUSCLE_PERCENT,"2025-08-07 06:40:24",70,
BONE_PERCENT,"2025-08-07 06:40:24",4,
WATER_PERCENT,"2025-08-07 06:40:24",52,
FAT_PERCENT,"2025-08-05 06:35:35",27,
FAT_FREE_MASS,"2025-08-05 06:35:35",57,
"Fat Free Percent","2025-08-05 06:35:35",73,
MUSCLE_PERCENT,"2025-08-05 06:35:35",69,
BONE_PERCENT,"2025-08-05 06:35:35",4,
WATER_PERCENT,"2025-08-05 06:35:35",51,
FAT_PERCENT,"2025-08-02 08:13:16",27,
FAT_FREE_MASS,"2025-08-02 08:13:16",58,
"Fat Free Percent","2025-08-02 08:13:16",73,
MUSCLE_PERCENT,"2025-08-02 08:13:16",70,
BONE_PERCENT,"2025-08-02 08:13:16",4,
WATER_PERCENT,"2025-08-02 08:13:16",52,
FAT_PERCENT,"2025-07-27 08:20:29",27,
FAT_FREE_MASS,"2025-07-27 08:20:29",57,
"Fat Free Percent","2025-07-27 08:20:29",73,
MUSCLE_PERCENT,"2025-07-27 08:20:29",69,
BONE_PERCENT,"2025-07-27 08:20:29",4,
WATER_PERCENT,"2025-07-27 08:20:29",51,
"Basal Metabolic Rate (BMR)","2025-07-26 08:08:20","1,635",
FAT_PERCENT,"2025-07-26 08:08:20",28,
FAT_FREE_MASS,"2025-07-26 08:08:20",56,
"Fat Free Percent","2025-07-26 08:08:20",72,
MUSCLE_PERCENT,"2025-07-26 08:08:20",69,
BONE_PERCENT,"2025-07-26 08:08:20",4,
WATER_PERCENT,"2025-07-26 08:08:20",51,
"Basal Metabolic Rate (BMR)","2025-07-25 06:33:48","1,643",
FAT_PERCENT,"2025-07-25 06:33:48",27,
FAT_FREE_MASS,"2025-07-25 06:33:48",57,
"Fat Free Percent","2025-07-25 06:33:48",73,
MUSCLE_PERCENT,"2025-07-25 06:33:48",69,
BONE_PERCENT,"2025-07-25 06:33:48",4,
WATER_PERCENT,"2025-07-25 06:33:48",51,
"Basal Metabolic Rate (BMR)","2025-07-24 07:27:26","1,635",
FAT_PERCENT,"2025-07-24 07:27:26",27,
FAT_FREE_MASS,"2025-07-24 07:27:26",57,
"Fat Free Percent","2025-07-24 07:27:26",73,
MUSCLE_PERCENT,"2025-07-24 07:27:26",69,
BONE_PERCENT,"2025-07-24 07:27:26",4,
WATER_PERCENT,"2025-07-24 07:27:26",51,
"Basal Metabolic Rate (BMR)","2025-07-23 05:19:55","1,641",
FAT_PERCENT,"2025-07-23 05:19:55",27,
FAT_FREE_MASS,"2025-07-23 05:19:55",58,
"Fat Free Percent","2025-07-23 05:19:55",73,
MUSCLE_PERCENT,"2025-07-23 05:19:55",69,
BONE_PERCENT,"2025-07-23 05:19:55",4,
WATER_PERCENT,"2025-07-23 05:19:55",51,
"Basal Metabolic Rate (BMR)","2025-07-20 06:24:37","1,633",
FAT_PERCENT,"2025-07-20 06:24:37",27,
FAT_FREE_MASS,"2025-07-20 06:24:37",57,
"Fat Free Percent","2025-07-20 06:24:37",73,
MUSCLE_PERCENT,"2025-07-20 06:24:37",69,
BONE_PERCENT,"2025-07-20 06:24:37",4,
WATER_PERCENT,"2025-07-20 06:24:37",51,
"Basal Metabolic Rate (BMR)","2025-07-19 09:15:28","1,650",
FAT_PERCENT,"2025-07-19 09:15:28",27,
FAT_FREE_MASS,"2025-07-19 09:15:28",58,
"Fat Free Percent","2025-07-19 09:15:28",73,
MUSCLE_PERCENT,"2025-07-19 09:15:28",70,
BONE_PERCENT,"2025-07-19 09:15:28",4,
WATER_PERCENT,"2025-07-19 09:15:28",52,
"Basal Metabolic Rate (BMR)","2025-07-17 07:25:02","1,638",
FAT_PERCENT,"2025-07-17 07:25:02",27,
FAT_FREE_MASS,"2025-07-17 07:25:02",57,
"Fat Free Percent","2025-07-17 07:25:02",73,
MUSCLE_PERCENT,"2025-07-17 07:25:02",69,
BONE_PERCENT,"2025-07-17 07:25:02",4,
WATER_PERCENT,"2025-07-17 07:25:02",51,
"Basal Metabolic Rate (BMR)","2025-07-15 07:13:49","1,633",
FAT_PERCENT,"2025-07-15 07:13:49",28,
FAT_FREE_MASS,"2025-07-15 07:13:49",56,
"Fat Free Percent","2025-07-15 07:13:49",72,
MUSCLE_PERCENT,"2025-07-15 07:13:49",68,
BONE_PERCENT,"2025-07-15 07:13:49",4,
WATER_PERCENT,"2025-07-15 07:13:49",51,
"Basal Metabolic Rate (BMR)","2025-07-14 07:29:01","1,636",
FAT_PERCENT,"2025-07-14 07:29:01",27,
FAT_FREE_MASS,"2025-07-14 07:29:01",57,
"Fat Free Percent","2025-07-14 07:29:01",73,
MUSCLE_PERCENT,"2025-07-14 07:29:01",69,
BONE_PERCENT,"2025-07-14 07:29:01",4,
WATER_PERCENT,"2025-07-14 07:29:01",51,
"Basal Metabolic Rate (BMR)","2025-07-10 06:41:26","1,632",
FAT_PERCENT,"2025-07-10 06:41:26",27,
FAT_FREE_MASS,"2025-07-10 06:41:26",57,
"Fat Free Percent","2025-07-10 06:41:26",73,
MUSCLE_PERCENT,"2025-07-10 06:41:26",69,
BONE_PERCENT,"2025-07-10 06:41:26",4,
WATER_PERCENT,"2025-07-10 06:41:26",51,
"Basal Metabolic Rate (BMR)","2025-07-08 06:22:00","1,636",
FAT_PERCENT,"2025-07-08 06:22:00",27,
FAT_FREE_MASS,"2025-07-08 06:22:00",57,
"Fat Free Percent","2025-07-08 06:22:00",73,
MUSCLE_PERCENT,"2025-07-08 06:22:00",70,
BONE_PERCENT,"2025-07-08 06:22:00",4,
WATER_PERCENT,"2025-07-08 06:22:00",52,
"Basal Metabolic Rate (BMR)","2025-07-05 08:06:51","1,640",
FAT_PERCENT,"2025-07-05 08:06:51",27,
FAT_FREE_MASS,"2025-07-05 08:06:51",57,
"Fat Free Percent","2025-07-05 08:06:51",73,
MUSCLE_PERCENT,"2025-07-05 08:06:51",69,
BONE_PERCENT,"2025-07-05 08:06:51",4,
WATER_PERCENT,"2025-07-05 08:06:51",51,
"Basal Metabolic Rate (BMR)","2025-07-04 06:36:22","1,638",
FAT_PERCENT,"2025-07-04 06:36:22",27,
FAT_FREE_MASS,"2025-07-04 06:36:22",57,
"Fat Free Percent","2025-07-04 06:36:22",73,
MUSCLE_PERCENT,"2025-07-04 06:36:22",69,
BONE_PERCENT,"2025-07-04 06:36:22",4,
WATER_PERCENT,"2025-07-04 06:36:22",51,
"Basal Metabolic Rate (BMR)","2025-07-03 06:07:48","1,639",
FAT_PERCENT,"2025-07-03 06:07:48",26,
FAT_FREE_MASS,"2025-07-03 06:07:48",58,
"Fat Free Percent","2025-07-03 06:07:48",74,
MUSCLE_PERCENT,"2025-07-03 06:07:48",70,
BONE_PERCENT,"2025-07-03 06:07:48",4,
WATER_PERCENT,"2025-07-03 06:07:48",52,
"Basal Metabolic Rate (BMR)","2025-07-01 06:38:03","1,634",
FAT_PERCENT,"2025-07-01 06:38:03",26,
FAT_FREE_MASS,"2025-07-01 06:38:03",57,
"Fat Free Percent","2025-07-01 06:38:03",74,
MUSCLE_PERCENT,"2025-07-01 06:38:03",70,
BONE_PERCENT,"2025-07-01 06:38:03",4,
WATER_PERCENT,"2025-07-01 06:38:03",52,
"Basal Metabolic Rate (BMR)","2025-06-30 07:21:16","1,624",
FAT_PERCENT,"2025-06-30 07:21:16",28,
FAT_FREE_MASS,"2025-06-30 07:21:16",56,
"Fat Free Percent","2025-06-30 07:21:16",72,
MUSCLE_PERCENT,"2025-06-30 07:21:16",68,
BONE_PERCENT,"2025-06-30 07:21:16",4,
WATER_PERCENT,"2025-06-30 07:21:16",51,
"Basal Metabolic Rate (BMR)","2025-06-27 06:56:20","1,644",
FAT_PERCENT,"2025-06-27 06:56:20",27,
FAT_FREE_MASS,"2025-06-27 06:56:20",57,
"Fat Free Percent","2025-06-27 06:56:20",73,
MUSCLE_PERCENT,"2025-06-27 06:56:20",69,
BONE_PERCENT,"2025-06-27 06:56:20",4,
WATER_PERCENT,"2025-06-27 06:56:20",51,
"Basal Metabolic Rate (BMR)","2025-06-25 07:49:58","1,643",
FAT_PERCENT,"2025-06-25 07:49:58",27,
FAT_FREE_MASS,"2025-06-25 07:49:58",58,
"Fat Free Percent","2025-06-25 07:49:58",73,
MUSCLE_PERCENT,"2025-06-25 07:49:58",69,
BONE_PERCENT,"2025-06-25 07:49:58",4,
WATER_PERCENT,"2025-06-25 07:49:58",51,
"Basal Metabolic Rate (BMR)","2025-06-23 08:13:34","1,639",
FAT_PERCENT,"2025-06-23 08:13:34",26,
FAT_FREE_MASS,"2025-06-23 08:13:34",58,
"Fat Free Percent","2025-06-23 08:13:34",74,
MUSCLE_PERCENT,"2025-06-23 08:13:34",70,
BONE_PERCENT,"2025-06-23 08:13:34",4,
WATER_PERCENT,"2025-06-23 08:13:34",52,
"Basal Metabolic Rate (BMR)","2025-06-19 06:43:28","1,636",
FAT_PERCENT,"2025-06-19 06:43:28",27,
FAT_FREE_MASS,"2025-06-19 06:43:28",57,
"Fat Free Percent","2025-06-19 06:43:28",73,
MUSCLE_PERCENT,"2025-06-19 06:43:28",70,
BONE_PERCENT,"2025-06-19 06:43:28",4,
WATER_PERCENT,"2025-06-19 06:43:28",52,
"Basal Metabolic Rate (BMR)","2025-06-17 07:42:07","1,638",
FAT_PERCENT,"2025-06-17 07:42:07",26,
FAT_FREE_MASS,"2025-06-17 07:42:07",58,
"Fat Free Percent","2025-06-17 07:42:07",74,
MUSCLE_PERCENT,"2025-06-17 07:42:07",70,
BONE_PERCENT,"2025-06-17 07:42:07",4,
WATER_PERCENT,"2025-06-17 07:42:07",52,
"Basal Metabolic Rate (BMR)","2025-06-16 06:36:58","1,635",
FAT_PERCENT,"2025-06-16 06:36:58",27,
FAT_FREE_MASS,"2025-06-16 06:36:58",57,
"Fat Free Percent","2025-06-16 06:36:58",73,
MUSCLE_PERCENT,"2025-06-16 06:36:58",69,
BONE_PERCENT,"2025-06-16 06:36:58",4,
WATER_PERCENT,"2025-06-16 06:36:58",51,
"Basal Metabolic Rate (BMR)","2025-06-14 09:03:14","1,640",
FAT_PERCENT,"2025-06-14 09:03:14",27,
FAT_FREE_MASS,"2025-06-14 09:03:14",57,
"Fat Free Percent","2025-06-14 09:03:14",73,
MUSCLE_PERCENT,"2025-06-14 09:03:14",69,
BONE_PERCENT,"2025-06-14 09:03:14",4,
WATER_PERCENT,"2025-06-14 09:03:14",51,
"Basal Metabolic Rate (BMR)","2025-06-13 07:48:41","1,629",
FAT_PERCENT,"2025-06-13 07:48:41",27,
FAT_FREE_MASS,"2025-06-13 07:48:41",56,
"Fat Free Percent","2025-06-13 07:48:41",73,
MUSCLE_PERCENT,"2025-06-13 07:48:41",69,
BONE_PERCENT,"2025-06-13 07:48:41",4,
WATER_PERCENT,"2025-06-13 07:48:41",51,
"Basal Metabolic Rate (BMR)","2025-06-12 07:47:08","1,630",
FAT_PERCENT,"2025-06-12 07:47:08",28,
FAT_FREE_MASS,"2025-06-12 07:47:08",56,
"Fat Free Percent","2025-06-12 07:47:08",72,
MUSCLE_PERCENT,"2025-06-12 07:47:08",68,
BONE_PERCENT,"2025-06-12 07:47:08",4,
WATER_PERCENT,"2025-06-12 07:47:08",51,
"Basal Metabolic Rate (BMR)","2025-06-11 08:10:43","1,627",
FAT_PERCENT,"2025-06-11 08:10:43",28,
FAT_FREE_MASS,"2025-06-11 08:10:43",55,
"Fat Free Percent","2025-06-11 08:10:43",72,
MUSCLE_PERCENT,"2025-06-11 08:10:43",68,
BONE_PERCENT,"2025-06-11 08:10:43",4,
WATER_PERCENT,"2025-06-11 08:10:43",51,
"Basal Metabolic Rate (BMR)","2025-06-10 07:39:45","1,635",
FAT_PERCENT,"2025-06-10 07:39:45",27,
FAT_FREE_MASS,"2025-06-10 07:39:45",57,
"Fat Free Percent","2025-06-10 07:39:45",73,
MUSCLE_PERCENT,"2025-06-10 07:39:45",69,
BONE_PERCENT,"2025-06-10 07:39:45",4,
WATER_PERCENT,"2025-06-10 07:39:45",51,
"Basal Metabolic Rate (BMR)","2025-06-09 06:53:58","1,634",
FAT_PERCENT,"2025-06-09 06:53:58",27,
FAT_FREE_MASS,"2025-06-09 06:53:58",57,
"Fat Free Percent","2025-06-09 06:53:58",73,
MUSCLE_PERCENT,"2025-06-09 06:53:58",69,
BONE_PERCENT,"2025-06-09 06:53:58",4,
WATER_PERCENT,"2025-06-09 06:53:58",51,
"Basal Metabolic Rate (BMR)","2025-06-08 08:30:45","1,635",
FAT_PERCENT,"2025-06-08 08:30:45",27,
FAT_FREE_MASS,"2025-06-08 08:30:45",57,
"Fat Free Percent","2025-06-08 08:30:45",73,
MUSCLE_PERCENT,"2025-06-08 08:30:45",69,
BONE_PERCENT,"2025-06-08 08:30:45",4,
WATER_PERCENT,"2025-06-08 08:30:45",51,
"Basal Metabolic Rate (BMR)","2025-06-07 07:53:54","1,638",
FAT_PERCENT,"2025-06-07 07:53:54",26,
FAT_FREE_MASS,"2025-06-07 07:53:54",58,
"Fat Free Percent","2025-06-07 07:53:54",74,
MUSCLE_PERCENT,"2025-06-07 07:53:54",70,
BONE_PERCENT,"2025-06-07 07:53:54",4,
WATER_PERCENT,"2025-06-07 07:53:54",52,
"Basal Metabolic Rate (BMR)","2025-06-06 07:04:27","1,643",
FAT_PERCENT,"2025-06-06 07:04:27",26,
FAT_FREE_MASS,"2025-06-06 07:04:27",58,
"Fat Free Percent","2025-06-06 07:04:27",74,
MUSCLE_PERCENT,"2025-06-06 07:04:27",70,
BONE_PERCENT,"2025-06-06 07:04:27",4,
WATER_PERCENT,"2025-06-06 07:04:27",52,
"Basal Metabolic Rate (BMR)","2025-06-05 06:45:58","1,638",
FAT_PERCENT,"2025-06-05 06:45:58",27,
FAT_FREE_MASS,"2025-06-05 06:45:58",58,
"Fat Free Percent","2025-06-05 06:45:58",73,
MUSCLE_PERCENT,"2025-06-05 06:45:58",70,
BONE_PERCENT,"2025-06-05 06:45:58",4,
WATER_PERCENT,"2025-06-05 06:45:58",52,
"Basal Metabolic Rate (BMR)","2025-06-04 06:06:20","1,637",
FAT_PERCENT,"2025-06-04 06:06:20",27,
FAT_FREE_MASS,"2025-06-04 06:06:20",57,
"Fat Free Percent","2025-06-04 06:06:20",73,
MUSCLE_PERCENT,"2025-06-04 06:06:20",69,
BONE_PERCENT,"2025-06-04 06:06:20",4,
WATER_PERCENT,"2025-06-04 06:06:20",51,
"Basal Metabolic Rate (BMR)","2025-06-01 08:55:29","1,642",
FAT_PERCENT,"2025-06-01 08:55:29",27,
FAT_FREE_MASS,"2025-06-01 08:55:29",58,
"Fat Free Percent","2025-06-01 08:55:29",73,
MUSCLE_PERCENT,"2025-06-01 08:55:29",69,
BONE_PERCENT,"2025-06-01 08:55:29",4,
WATER_PERCENT,"2025-06-01 08:55:29",51,
"Basal Metabolic Rate (BMR)","2025-05-31 08:55:24","1,649",
FAT_PERCENT,"2025-05-31 08:55:24",26,
FAT_FREE_MASS,"2025-05-31 08:55:24",59,
"Fat Free Percent","2025-05-31 08:55:24",74,
MUSCLE_PERCENT,"2025-05-31 08:55:24",70,
BONE_PERCENT,"2025-05-31 08:55:24",4,
WATER_PERCENT,"2025-05-31 08:55:24",52,
"Basal Metabolic Rate (BMR)","2025-05-27 06:36:44","1,641",
FAT_PERCENT,"2025-05-27 06:36:44",28,
FAT_FREE_MASS,"2025-05-27 06:36:44",57,
"Fat Free Percent","2025-05-27 06:36:44",72,
MUSCLE_PERCENT,"2025-05-27 06:36:44",68,
BONE_PERCENT,"2025-05-27 06:36:44",4,
WATER_PERCENT,"2025-05-27 06:36:44",51,
"Basal Metabolic Rate (BMR)","2025-05-26 06:19:11","1,649",
"Basal Metabolic Rate (BMR)","2025-05-23 06:19:42","1,639",
"Basal Metabolic Rate (BMR)","2025-05-22 05:04:33","1,637",
FAT_PERCENT,"2025-05-22 05:04:33",26,
FAT_FREE_MASS,"2025-05-22 05:04:33",58,
"Fat Free Percent","2025-05-22 05:04:33",74,
MUSCLE_PERCENT,"2025-05-22 05:04:33",71,
BONE_PERCENT,"2025-05-22 05:04:33",4,
WATER_PERCENT,"2025-05-22 05:04:33",52,
"Basal Metabolic Rate (BMR)","2025-05-21 06:54:11","1,638",
FAT_PERCENT,"2025-05-21 06:54:11",26,
FAT_FREE_MASS,"2025-05-21 06:54:11",58,
"Fat Free Percent","2025-05-21 06:54:11",74,
MUSCLE_PERCENT,"2025-05-21 06:54:11",70,
BONE_PERCENT,"2025-05-21 06:54:11",4,
WATER_PERCENT,"2025-05-21 06:54:11",52,
"Basal Metabolic Rate (BMR)","2025-05-19 06:27:49","1,639",
FAT_PERCENT,"2025-05-19 06:27:49",27,
FAT_FREE_MASS,"2025-05-19 06:27:49",57,
"Fat Free Percent","2025-05-19 06:27:49",73,
MUSCLE_PERCENT,"2025-05-19 06:27:49",69,
BONE_PERCENT,"2025-05-19 06:27:49",4,
WATER_PERCENT,"2025-05-19 06:27:49",51,
"Basal Metabolic Rate (BMR)","2025-05-16 07:25:52","1,635",
FAT_PERCENT,"2025-05-16 07:25:52",28,
FAT_FREE_MASS,"2025-05-16 07:25:52",56,
"Fat Free Percent","2025-05-16 07:25:52",72,
MUSCLE_PERCENT,"2025-05-16 07:25:52",68,
BONE_PERCENT,"2025-05-16 07:25:52",4,
WATER_PERCENT,"2025-05-16 07:25:52",51,
"Basal Metabolic Rate (BMR)","2025-05-15 07:37:20","1,637",
"Basal Metabolic Rate (BMR)","2025-05-13 07:35:45","1,643",
FAT_PERCENT,"2025-05-13 07:35:45",26,
FAT_FREE_MASS,"2025-05-13 07:35:45",58,
"Fat Free Percent","2025-05-13 07:35:45",74,
MUSCLE_PERCENT,"2025-05-13 07:35:45",70,
BONE_PERCENT,"2025-05-13 07:35:45",4,
WATER_PERCENT,"2025-05-13 07:35:45",52,
"Basal Metabolic Rate (BMR)","2025-05-11 07:13:06","1,639",
"Basal Metabolic Rate (BMR)","2025-05-05 07:40:22","1,635",
FAT_PERCENT,"2025-05-05 07:40:22",28,
FAT_FREE_MASS,"2025-05-05 07:40:22",56,
"Fat Free Percent","2025-05-05 07:40:22",72,
MUSCLE_PERCENT,"2025-05-05 07:40:22",68,
BONE_PERCENT,"2025-05-05 07:40:22",4,
WATER_PERCENT,"2025-05-05 07:40:22",51,
"Basal Metabolic Rate (BMR)","2025-05-03 08:58:53","1,643",
FAT_PERCENT,"2025-05-03 08:58:53",27,
FAT_FREE_MASS,"2025-05-03 08:58:53",57,
"Fat Free Percent","2025-05-03 08:58:53",73,
MUSCLE_PERCENT,"2025-05-03 08:58:53",69,
BONE_PERCENT,"2025-05-03 08:58:53",4,
WATER_PERCENT,"2025-05-03 08:58:53",51,
"Basal Metabolic Rate (BMR)","2025-04-30 07:02:24","1,642",
"Basal Metabolic Rate (BMR)","2025-04-29 07:00:26","1,642",
FAT_PERCENT,"2025-04-29 07:00:26",27,
FAT_FREE_MASS,"2025-04-29 07:00:26",58,
"Fat Free Percent","2025-04-29 07:00:26",73,
MUSCLE_PERCENT,"2025-04-29 07:00:26",70,
BONE_PERCENT,"2025-04-29 07:00:26",4,
WATER_PERCENT,"2025-04-29 07:00:26",52,
"Basal Metabolic Rate (BMR)","2025-04-28 06:02:54","1,639",
FAT_PERCENT,"2025-04-28 06:02:54",27,
FAT_FREE_MASS,"2025-04-28 06:02:54",57,
"Fat Free Percent","2025-04-28 06:02:54",73,
MUSCLE_PERCENT,"2025-04-28 06:02:54",69,
BONE_PERCENT,"2025-04-28 06:02:54",4,
WATER_PERCENT,"2025-04-28 06:02:54",51,
"Basal Metabolic Rate (BMR)","2025-04-27 06:44:38","1,643",
FAT_PERCENT,"2025-04-27 06:44:38",27,
FAT_FREE_MASS,"2025-04-27 06:44:38",58,
"Fat Free Percent","2025-04-27 06:44:38",73,
MUSCLE_PERCENT,"2025-04-27 06:44:38",70,
BONE_PERCENT,"2025-04-27 06:44:38",4,
WATER_PERCENT,"2025-04-27 06:44:38",52,
"Basal Metabolic Rate (BMR)","2025-04-24 07:05:58","1,634",
FAT_PERCENT,"2025-04-24 07:05:58",26,
FAT_FREE_MASS,"2025-04-24 07:05:58",57,
"Fat Free Percent","2025-04-24 07:05:58",74,
MUSCLE_PERCENT,"2025-04-24 07:05:58",70,
BONE_PERCENT,"2025-04-24 07:05:58",4,
WATER_PERCENT,"2025-04-24 07:05:58",52,
"Basal Metabolic Rate (BMR)","2025-04-22 07:29:57","1,626",
FAT_PERCENT,"2025-04-22 07:29:57",27,
FAT_FREE_MASS,"2025-04-22 07:29:57",56,
"Fat Free Percent","2025-04-22 07:29:57",73,
MUSCLE_PERCENT,"2025-04-22 07:29:57",69,
BONE_PERCENT,"2025-04-22 07:29:57",4,
WATER_PERCENT,"2025-04-22 07:29:57",51,
"Basal Metabolic Rate (BMR)","2025-04-20 08:52:58","1,637",
FAT_PERCENT,"2025-04-20 08:52:58",27,
FAT_FREE_MASS,"2025-04-20 08:52:58",57,
"Fat Free Percent","2025-04-20 08:52:58",73,
MUSCLE_PERCENT,"2025-04-20 08:52:58",69,
BONE_PERCENT,"2025-04-20 08:52:58",4,
WATER_PERCENT,"2025-04-20 08:52:58",51,
"Basal Metabolic Rate (BMR)","2025-04-19 08:23:20","1,628",
FAT_PERCENT,"2025-04-19 08:23:20",27,
FAT_FREE_MASS,"2025-04-19 08:23:20",56,
"Fat Free Percent","2025-04-19 08:23:20",73,
MUSCLE_PERCENT,"2025-04-19 08:23:20",69,
BONE_PERCENT,"2025-04-19 08:23:20",4,
WATER_PERCENT,"2025-04-19 08:23:20",51,
"Basal Metabolic Rate (BMR)","2025-04-17 07:24:01","1,635",
FAT_PERCENT,"2025-04-17 07:24:01",27,
FAT_FREE_MASS,"2025-04-17 07:24:01",57,
"Fat Free Percent","2025-04-17 07:24:01",73,
MUSCLE_PERCENT,"2025-04-17 07:24:01",69,
BONE_PERCENT,"2025-04-17 07:24:01",4,
WATER_PERCENT,"2025-04-17 07:24:01",51,
"Basal Metabolic Rate (BMR)","2025-04-16 05:52:25","1,630",
FAT_PERCENT,"2025-04-16 05:52:25",27,
FAT_FREE_MASS,"2025-04-16 05:52:25",57,
"Fat Free Percent","2025-04-16 05:52:25",73,
MUSCLE_PERCENT,"2025-04-16 05:52:25",69,
BONE_PERCENT,"2025-04-16 05:52:25",4,
WATER_PERCENT,"2025-04-16 05:52:25",51,
"Basal Metabolic Rate (BMR)","2025-04-15 07:33:37","1,634",
FAT_PERCENT,"2025-04-15 07:33:37",26,
FAT_FREE_MASS,"2025-04-15 07:33:37",58,
"Fat Free Percent","2025-04-15 07:33:37",74,
MUSCLE_PERCENT,"2025-04-15 07:33:37",70,
BONE_PERCENT,"2025-04-15 07:33:37",4,
WATER_PERCENT,"2025-04-15 07:33:37",52,
"Basal Metabolic Rate (BMR)","2025-04-14 07:32:12","1,629",
FAT_PERCENT,"2025-04-14 07:32:12",26,
FAT_FREE_MASS,"2025-04-14 07:32:12",57,
"Fat Free Percent","2025-04-14 07:32:12",74,
MUSCLE_PERCENT,"2025-04-14 07:32:12",70,
BONE_PERCENT,"2025-04-14 07:32:12",4,
WATER_PERCENT,"2025-04-14 07:32:12",52,
"Basal Metabolic Rate (BMR)","2025-04-11 07:17:38","1,627",
"Basal Metabolic Rate (BMR)","2025-04-05 06:39:57","1,633",
FAT_PERCENT,"2025-04-05 06:39:57",27,
FAT_FREE_MASS,"2025-04-05 06:39:57",57,
"Fat Free Percent","2025-04-05 06:39:57",73,
MUSCLE_PERCENT,"2025-04-05 06:39:57",70,
BONE_PERCENT,"2025-04-05 06:39:57",4,
WATER_PERCENT,"2025-04-05 06:39:57",52,
"Basal Metabolic Rate (BMR)","2025-04-02 06:57:34","1,634",
FAT_PERCENT,"2025-04-02 06:57:34",27,
FAT_FREE_MASS,"2025-04-02 06:57:34",57,
"Fat Free Percent","2025-04-02 06:57:34",73,
MUSCLE_PERCENT,"2025-04-02 06:57:34",70,
BONE_PERCENT,"2025-04-02 06:57:34",4,
WATER_PERCENT,"2025-04-02 06:57:34",52,
"Basal Metabolic Rate (BMR)","2025-03-30 07:51:14","1,629",
"Basal Metabolic Rate (BMR)","2025-03-28 07:15:57","1,631",
"Basal Metabolic Rate (BMR)","2025-03-27 07:30:01","1,633",
FAT_PERCENT,"2025-03-27 07:30:01",27,
FAT_FREE_MASS,"2025-03-27 07:30:01",57,
"Fat Free Percent","2025-03-27 07:30:01",73,
MUSCLE_PERCENT,"2025-03-27 07:30:01",69,
BONE_PERCENT,"2025-03-27 07:30:01",4,
WATER_PERCENT,"2025-03-27 07:30:01",51,
"Basal Metabolic Rate (BMR)","2025-03-25 07:13:36","1,638",
FAT_PERCENT,"2025-03-25 07:13:36",27,
FAT_FREE_MASS,"2025-03-25 07:13:36",58,
"Fat Free Percent","2025-03-25 07:13:36",73,
MUSCLE_PERCENT,"2025-03-25 07:13:36",70,
BONE_PERCENT,"2025-03-25 07:13:36",4,
WATER_PERCENT,"2025-03-25 07:13:36",52,
"Basal Metabolic Rate (BMR)","2025-03-24 07:25:39","1,634",
FAT_PERCENT,"2025-03-24 07:25:39",27,
FAT_FREE_MASS,"2025-03-24 07:25:39",57,
"Fat Free Percent","2025-03-24 07:25:39",73,
MUSCLE_PERCENT,"2025-03-24 07:25:39",69,
BONE_PERCENT,"2025-03-24 07:25:39",4,
WATER_PERCENT,"2025-03-24 07:25:39",51,
"Basal Metabolic Rate (BMR)","2025-03-22 07:47:23","1,633",
FAT_PERCENT,"2025-03-22 07:47:23",27,
FAT_FREE_MASS,"2025-03-22 07:47:23",57,
"Fat Free Percent","2025-03-22 07:47:23",73,
MUSCLE_PERCENT,"2025-03-22 07:47:23",70,
BONE_PERCENT,"2025-03-22 07:47:23",4,
WATER_PERCENT,"2025-03-22 07:47:23",52,
"Basal Metabolic Rate (BMR)","2025-03-21 06:32:52","1,627",
FAT_PERCENT,"2025-03-21 06:32:52",27,
FAT_FREE_MASS,"2025-03-21 06:32:52",56,
"Fat Free Percent","2025-03-21 06:32:52",73,
MUSCLE_PERCENT,"2025-03-21 06:32:52",69,
BONE_PERCENT,"2025-03-21 06:32:52",4,
WATER_PERCENT,"2025-03-21 06:32:52",51,
"Basal Metabolic Rate (BMR)","2025-03-20 06:58:50","1,632",
FAT_PERCENT,"2025-03-20 06:58:50",27,
FAT_FREE_MASS,"2025-03-20 06:58:50",56,
"Fat Free Percent","2025-03-20 06:58:50",73,
MUSCLE_PERCENT,"2025-03-20 06:58:50",69,
BONE_PERCENT,"2025-03-20 06:58:50",4,
WATER_PERCENT,"2025-03-20 06:58:50",51,
"Basal Metabolic Rate (BMR)","2025-03-18 07:02:37","1,639",
FAT_PERCENT,"2025-03-18 07:02:37",26,
FAT_FREE_MASS,"2025-03-18 07:02:37",58,
"Fat Free Percent","2025-03-18 07:02:37",74,
MUSCLE_PERCENT,"2025-03-18 07:02:37",70,
BONE_PERCENT,"2025-03-18 07:02:37",4,
WATER_PERCENT,"2025-03-18 07:02:37",52,
"Basal Metabolic Rate (BMR)","2025-03-17 07:12:44","1,631",
FAT_PERCENT,"2025-03-17 07:12:44",27,
FAT_FREE_MASS,"2025-03-17 07:12:44",57,
"Fat Free Percent","2025-03-17 07:12:44",73,
MUSCLE_PERCENT,"2025-03-17 07:12:44",69,
BONE_PERCENT,"2025-03-17 07:12:44",4,
WATER_PERCENT,"2025-03-17 07:12:44",51,
"Basal Metabolic Rate (BMR)","2025-03-12 07:33:50","1,639",
FAT_PERCENT,"2025-03-12 07:33:50",26,
FAT_FREE_MASS,"2025-03-12 07:33:50",58,
"Fat Free Percent","2025-03-12 07:33:50",74,
MUSCLE_PERCENT,"2025-03-12 07:33:50",70,
BONE_PERCENT,"2025-03-12 07:33:50",4,
WATER_PERCENT,"2025-03-12 07:33:50",52,
"Basal Metabolic Rate (BMR)","2025-03-11 07:20:01","1,643",
FAT_PERCENT,"2025-03-11 07:20:01",26,
FAT_FREE_MASS,"2025-03-11 07:20:01",59,
"Fat Free Percent","2025-03-11 07:20:01",74,
MUSCLE_PERCENT,"2025-03-11 07:20:01",70,
BONE_PERCENT,"2025-03-11 07:20:01",4,
WATER_PERCENT,"2025-03-11 07:20:01",52,
"Basal Metabolic Rate (BMR)","2025-03-08 08:02:32","1,640",
"Basal Metabolic Rate (BMR)","2025-03-07 07:17:53","1,637",
FAT_PERCENT,"2025-03-07 07:17:53",27,
FAT_FREE_MASS,"2025-03-07 07:17:53",57,
"Fat Free Percent","2025-03-07 07:17:53",73,
MUSCLE_PERCENT,"2025-03-07 07:17:53",69,
BONE_PERCENT,"2025-03-07 07:17:53",4,
WATER_PERCENT,"2025-03-07 07:17:53",51,
"Basal Metabolic Rate (BMR)","2025-03-04 07:16:30","1,640",
FAT_PERCENT,"2025-03-04 07:16:30",27,
FAT_FREE_MASS,"2025-03-04 07:16:30",57,
"Fat Free Percent","2025-03-04 07:16:30",73,
MUSCLE_PERCENT,"2025-03-04 07:16:30",69,
BONE_PERCENT,"2025-03-04 07:16:30",4,
WATER_PERCENT,"2025-03-04 07:16:30",51,
"Basal Metabolic Rate (BMR)","2025-03-03 07:31:41","1,635",
FAT_PERCENT,"2025-03-03 07:31:41",27,
FAT_FREE_MASS,"2025-03-03 07:31:41",57,
"Fat Free Percent","2025-03-03 07:31:41",73,
MUSCLE_PERCENT,"2025-03-03 07:31:41",69,
BONE_PERCENT,"2025-03-03 07:31:41",4,
WATER_PERCENT,"2025-03-03 07:31:41",51,
"Basal Metabolic Rate (BMR)","2025-03-02 07:48:29","1,636",
FAT_PERCENT,"2025-03-02 07:48:29",27,
FAT_FREE_MASS,"2025-03-02 07:48:29",57,
"Fat Free Percent","2025-03-02 07:48:29",73,
MUSCLE_PERCENT,"2025-03-02 07:48:29",69,
BONE_PERCENT,"2025-03-02 07:48:29",4,
WATER_PERCENT,"2025-03-02 07:48:29",51,
"Basal Metabolic Rate (BMR)","2025-02-25 06:57:59","1,642",
FAT_PERCENT,"2025-02-25 06:57:59",28,
FAT_FREE_MASS,"2025-02-25 06:57:59",57,
"Fat Free Percent","2025-02-25 06:57:59",72,
MUSCLE_PERCENT,"2025-02-25 06:57:59",68,
BONE_PERCENT,"2025-02-25 06:57:59",4,
WATER_PERCENT,"2025-02-25 06:57:59",51,
Temperature,"2025-02-24 08:40:21",27,
"skin temperature","2025-02-24 08:40:21",35,
Temperature,"2025-02-22 18:07:16",25,
"skin temperature","2025-02-22 18:07:16",36,
Temperature,"2025-02-22 16:17:43",25,
"skin temperature","2025-02-22 16:17:43",35,
Temperature,"2025-02-20 19:19:24",27,
"skin temperature","2025-02-20 19:19:24",36,
"Basal Metabolic Rate (BMR)","2025-02-20 07:39:35","1,633",
FAT_PERCENT,"2025-02-20 07:39:35",27,
FAT_FREE_MASS,"2025-02-20 07:39:35",57,
"Fat Free Percent","2025-02-20 07:39:35",73,
MUSCLE_PERCENT,"2025-02-20 07:39:35",69,
BONE_PERCENT,"2025-02-20 07:39:35",4,
WATER_PERCENT,"2025-02-20 07:39:35",51,
"Basal Metabolic Rate (BMR)","2025-02-17 07:01:04","1,637",
FAT_PERCENT,"2025-02-17 07:01:04",27,
FAT_FREE_MASS,"2025-02-17 07:01:04",57,
"Fat Free Percent","2025-02-17 07:01:04",73,
MUSCLE_PERCENT,"2025-02-17 07:01:04",69,
BONE_PERCENT,"2025-02-17 07:01:04",4,
WATER_PERCENT,"2025-02-17 07:01:04",51,
"Basal Metabolic Rate (BMR)","2025-02-14 07:32:14","1,638",
FAT_PERCENT,"2025-02-14 07:32:14",27,
FAT_FREE_MASS,"2025-02-14 07:32:14",57,
"Fat Free Percent","2025-02-14 07:32:14",73,
MUSCLE_PERCENT,"2025-02-14 07:32:14",69,
BONE_PERCENT,"2025-02-14 07:32:14",4,
WATER_PERCENT,"2025-02-14 07:32:14",51,
"Basal Metabolic Rate (BMR)","2025-02-08 09:46:29","1,640",
FAT_PERCENT,"2025-02-08 09:46:29",27,
FAT_FREE_MASS,"2025-02-08 09:46:29",57,
"Fat Free Percent","2025-02-08 09:46:29",73,
MUSCLE_PERCENT,"2025-02-08 09:46:29",69,
BONE_PERCENT,"2025-02-08 09:46:29",4,
WATER_PERCENT,"2025-02-08 09:46:29",51,
"Basal Metabolic Rate (BMR)","2025-02-06 07:21:10","1,642",
"Basal Metabolic Rate (BMR)","2025-01-31 07:51:25","1,640",
"Basal Metabolic Rate (BMR)","2025-01-27 08:24:57","1,640",
"Basal Metabolic Rate (BMR)","2025-01-26 09:08:23","1,646",
FAT_PERCENT,"2025-01-26 09:08:23",27,
FAT_FREE_MASS,"2025-01-26 09:08:23",58,
"Fat Free Percent","2025-01-26 09:08:23",73,
MUSCLE_PERCENT,"2025-01-26 09:08:23",69,
BONE_PERCENT,"2025-01-26 09:08:23",4,
WATER_PERCENT,"2025-01-26 09:08:23",51,
"Basal Metabolic Rate (BMR)","2025-01-22 07:41:04","1,641",
FAT_PERCENT,"2025-01-22 07:41:04",26,
FAT_FREE_MASS,"2025-01-22 07:41:04",58,
"Fat Free Percent","2025-01-22 07:41:04",74,
MUSCLE_PERCENT,"2025-01-22 07:41:04",70,
BONE_PERCENT,"2025-01-22 07:41:04",4,
WATER_PERCENT,"2025-01-22 07:41:04",52,
"Basal Metabolic Rate (BMR)","2025-01-21 05:58:57","1,642",
FAT_PERCENT,"2025-01-21 05:58:57",27,
FAT_FREE_MASS,"2025-01-21 05:58:57",58,
"Fat Free Percent","2025-01-21 05:58:57",73,
MUSCLE_PERCENT,"2025-01-21 05:58:57",70,
BONE_PERCENT,"2025-01-21 05:58:57",4,
WATER_PERCENT,"2025-01-21 05:58:57",52,
"Basal Metabolic Rate (BMR)","2025-01-18 07:27:12","1,639",
FAT_PERCENT,"2025-01-18 07:27:12",27,
FAT_FREE_MASS,"2025-01-18 07:27:12",57,
"Fat Free Percent","2025-01-18 07:27:12",73,
MUSCLE_PERCENT,"2025-01-18 07:27:12",69,
BONE_PERCENT,"2025-01-18 07:27:12",4,
WATER_PERCENT,"2025-01-18 07:27:12",51,
"Basal Metabolic Rate (BMR)","2025-01-17 07:49:00","1,638",
FAT_PERCENT,"2025-01-17 07:49:00",27,
FAT_FREE_MASS,"2025-01-17 07:49:00",57,
"Fat Free Percent","2025-01-17 07:49:00",73,
MUSCLE_PERCENT,"2025-01-17 07:49:00",69,
BONE_PERCENT,"2025-01-17 07:49:00",4,
WATER_PERCENT,"2025-01-17 07:49:00",51,
"Basal Metabolic Rate (BMR)","2025-01-15 07:10:25","1,634",
"Basal Metabolic Rate (BMR)","2025-01-13 07:14:31","1,636",
FAT_PERCENT,"2025-01-13 07:14:31",27,
FAT_FREE_MASS,"2025-01-13 07:14:31",57,
"Fat Free Percent","2025-01-13 07:14:31",73,
MUSCLE_PERCENT,"2025-01-13 07:14:31",69,
BONE_PERCENT,"2025-01-13 07:14:31",4,
WATER_PERCENT,"2025-01-13 07:14:31",51,
"Basal Metabolic Rate (BMR)","2025-01-11 08:58:16","1,640",
FAT_PERCENT,"2025-01-11 08:58:16",27,
FAT_FREE_MASS,"2025-01-11 08:58:16",58,
"Fat Free Percent","2025-01-11 08:58:16",73,
MUSCLE_PERCENT,"2025-01-11 08:58:16",69,
BONE_PERCENT,"2025-01-11 08:58:16",4,
WATER_PERCENT,"2025-01-11 08:58:16",51,
"Basal Metabolic Rate (BMR)","2025-01-08 07:41:56","1,636",
FAT_PERCENT,"2025-01-08 07:41:56",26,
FAT_FREE_MASS,"2025-01-08 07:41:56",58,
"Fat Free Percent","2025-01-08 07:41:56",74,
MUSCLE_PERCENT,"2025-01-08 07:41:56",70,
BONE_PERCENT,"2025-01-08 07:41:56",4,
WATER_PERCENT,"2025-01-08 07:41:56",52,
"Basal Metabolic Rate (BMR)","2025-01-07 06:47:09","1,632",
FAT_PERCENT,"2025-01-07 06:47:09",26,
FAT_FREE_MASS,"2025-01-07 06:47:09",58,
"Fat Free Percent","2025-01-07 06:47:09",74,
MUSCLE_PERCENT,"2025-01-07 06:47:09",70,
BONE_PERCENT,"2025-01-07 06:47:09",4,
WATER_PERCENT,"2025-01-07 06:47:09",52,
"Basal Metabolic Rate (BMR)","2025-01-05 09:03:41","1,633",
"Basal Metabolic Rate (BMR)","2024-12-24 07:00:15","1,638",
"Basal Metabolic Rate (BMR)","2024-12-21 06:59:05","1,640",
FAT_PERCENT,"2024-12-21 06:59:05",27,
FAT_FREE_MASS,"2024-12-21 06:59:05",57,
"Fat Free Percent","2024-12-21 06:59:05",73,
MUSCLE_PERCENT,"2024-12-21 06:59:05",69,
BONE_PERCENT,"2024-12-21 06:59:05",4,
WATER_PERCENT,"2024-12-21 06:59:05",51,
"Basal Metabolic Rate (BMR)","2024-12-19 06:56:34","1,639",
FAT_PERCENT,"2024-12-19 06:56:34",27,
FAT_FREE_MASS,"2024-12-19 06:56:34",57,
"Fat Free Percent","2024-12-19 06:56:34",73,
MUSCLE_PERCENT,"2024-12-19 06:56:34",69,
BONE_PERCENT,"2024-12-19 06:56:34",4,
WATER_PERCENT,"2024-12-19 06:56:34",51,
"Basal Metabolic Rate (BMR)","2024-12-18 07:19:38","1,643",
FAT_PERCENT,"2024-12-18 07:19:38",27,
FAT_FREE_MASS,"2024-12-18 07:19:38",58,
"Fat Free Percent","2024-12-18 07:19:38",73,
MUSCLE_PERCENT,"2024-12-18 07:19:38",70,
BONE_PERCENT,"2024-12-18 07:19:38",4,
WATER_PERCENT,"2024-12-18 07:19:38",52,
"Basal Metabolic Rate (BMR)","2024-12-16 06:58:04","1,635",
FAT_PERCENT,"2024-12-16 06:58:04",27,
FAT_FREE_MASS,"2024-12-16 06:58:04",57,
"Fat Free Percent","2024-12-16 06:58:04",73,
MUSCLE_PERCENT,"2024-12-16 06:58:04",70,
BONE_PERCENT,"2024-12-16 06:58:04",4,
WATER_PERCENT,"2024-12-16 06:58:04",51,
"Basal Metabolic Rate (BMR)","2024-12-13 07:54:52","1,636",
FAT_PERCENT,"2024-12-13 07:54:52",27,
FAT_FREE_MASS,"2024-12-13 07:54:52",57,
"Fat Free Percent","2024-12-13 07:54:52",73,
MUSCLE_PERCENT,"2024-12-13 07:54:52",70,
BONE_PERCENT,"2024-12-13 07:54:52",4,
WATER_PERCENT,"2024-12-13 07:54:52",52,
"Basal Metabolic Rate (BMR)","2024-12-11 06:32:33","1,645",
FAT_PERCENT,"2024-12-11 06:32:33",24,
FAT_FREE_MASS,"2024-12-11 06:32:33",60,
"Fat Free Percent","2024-12-11 06:32:33",76,
MUSCLE_PERCENT,"2024-12-11 06:32:33",72,
BONE_PERCENT,"2024-12-11 06:32:33",4,
WATER_PERCENT,"2024-12-11 06:32:33",53,
"Basal Metabolic Rate (BMR)","2024-12-10 06:24:21","1,642",
FAT_PERCENT,"2024-12-10 06:24:21",27,
FAT_FREE_MASS,"2024-12-10 06:24:21",58,
"Fat Free Percent","2024-12-10 06:24:21",73,
MUSCLE_PERCENT,"2024-12-10 06:24:21",70,
BONE_PERCENT,"2024-12-10 06:24:21",4,
WATER_PERCENT,"2024-12-10 06:24:21",52,
"Basal Metabolic Rate (BMR)","2024-12-09 06:55:17","1,625",
FAT_PERCENT,"2024-12-09 06:55:17",26,
FAT_FREE_MASS,"2024-12-09 06:55:17",57,
"Fat Free Percent","2024-12-09 06:55:17",74,
MUSCLE_PERCENT,"2024-12-09 06:55:17",70,
BONE_PERCENT,"2024-12-09 06:55:17",4,
WATER_PERCENT,"2024-12-09 06:55:17",52,
Temperature,"2024-12-06 08:52:26",25,
"skin temperature","2024-12-06 08:52:26",33,
Temperature,"2024-12-06 07:44:18",25,
"skin temperature","2024-12-06 07:44:18",35,
Temperature,"2024-12-05 19:44:22",25,
"skin temperature","2024-12-05 19:44:22",35,
Temperature,"2024-12-05 13:46:35",24,
"skin temperature","2024-12-05 13:46:35",35,
"Basal Metabolic Rate (BMR)","2024-12-04 07:28:37","1,633",
FAT_PERCENT,"2024-12-04 07:28:37",27,
FAT_FREE_MASS,"2024-12-04 07:28:37",57,
"Fat Free Percent","2024-12-04 07:28:37",73,
MUSCLE_PERCENT,"2024-12-04 07:28:37",69,
BONE_PERCENT,"2024-12-04 07:28:37",4,
WATER_PERCENT,"2024-12-04 07:28:37",51,
"Basal Metabolic Rate (BMR)","2024-12-03 07:10:06","1,638",
FAT_PERCENT,"2024-12-03 07:10:06",27,
FAT_FREE_MASS,"2024-12-03 07:10:06",57,
"Fat Free Percent","2024-12-03 07:10:06",73,
MUSCLE_PERCENT,"2024-12-03 07:10:06",70,
BONE_PERCENT,"2024-12-03 07:10:06",4,
WATER_PERCENT,"2024-12-03 07:10:06",52,
"Basal Metabolic Rate (BMR)","2024-12-02 07:09:36","1,635",
FAT_PERCENT,"2024-12-02 07:09:36",26,
FAT_FREE_MASS,"2024-12-02 07:09:36",57,
"Fat Free Percent","2024-12-02 07:09:36",74,
MUSCLE_PERCENT,"2024-12-02 07:09:36",70,
BONE_PERCENT,"2024-12-02 07:09:36",4,
WATER_PERCENT,"2024-12-02 07:09:36",52,
"Basal Metabolic Rate (BMR)","2024-12-01 08:28:39","1,634",
"Basal Metabolic Rate (BMR)","2024-11-29 07:10:56","1,638",
FAT_PERCENT,"2024-11-29 07:10:56",27,
FAT_FREE_MASS,"2024-11-29 07:10:56",57,
"Fat Free Percent","2024-11-29 07:10:56",73,
MUSCLE_PERCENT,"2024-11-29 07:10:56",69,
BONE_PERCENT,"2024-11-29 07:10:56",4,
WATER_PERCENT,"2024-11-29 07:10:56",51,
"Basal Metabolic Rate (BMR)","2024-11-28 06:45:54","1,637",
FAT_PERCENT,"2024-11-28 06:45:54",26,
FAT_FREE_MASS,"2024-11-28 06:45:54",58,
"Fat Free Percent","2024-11-28 06:45:54",74,
MUSCLE_PERCENT,"2024-11-28 06:45:54",70,
BONE_PERCENT,"2024-11-28 06:45:54",4,
WATER_PERCENT,"2024-11-28 06:45:54",52,
"Basal Metabolic Rate (BMR)","2024-11-27 06:38:29","1,639",
FAT_PERCENT,"2024-11-27 06:38:29",26,
FAT_FREE_MASS,"2024-11-27 06:38:29",58,
"Fat Free Percent","2024-11-27 06:38:29",74,
MUSCLE_PERCENT,"2024-11-27 06:38:29",70,
BONE_PERCENT,"2024-11-27 06:38:29",4,
WATER_PERCENT,"2024-11-27 06:38:29",52,
"Basal Metabolic Rate (BMR)","2024-11-25 06:22:38","1,625",
FAT_PERCENT,"2024-11-25 06:22:38",27,
FAT_FREE_MASS,"2024-11-25 06:22:38",56,
"Fat Free Percent","2024-11-25 06:22:38",73,
MUSCLE_PERCENT,"2024-11-25 06:22:38",69,
BONE_PERCENT,"2024-11-25 06:22:38",4,
WATER_PERCENT,"2024-11-25 06:22:38",51,
"Basal Metabolic Rate (BMR)","2024-11-24 07:17:33","1,628",
FAT_PERCENT,"2024-11-24 07:17:33",26,
FAT_FREE_MASS,"2024-11-24 07:17:33",57,
"Fat Free Percent","2024-11-24 07:17:33",74,
MUSCLE_PERCENT,"2024-11-24 07:17:33",70,
BONE_PERCENT,"2024-11-24 07:17:33",4,
WATER_PERCENT,"2024-11-24 07:17:33",52,
"Basal Metabolic Rate (BMR)","2024-11-21 06:33:50","1,632",
FAT_PERCENT,"2024-11-21 06:33:50",27,
FAT_FREE_MASS,"2024-11-21 06:33:50",57,
"Fat Free Percent","2024-11-21 06:33:50",73,
MUSCLE_PERCENT,"2024-11-21 06:33:50",69,
BONE_PERCENT,"2024-11-21 06:33:50",4,
WATER_PERCENT,"2024-11-21 06:33:50",51,
"Basal Metabolic Rate (BMR)","2024-11-20 06:52:15","1,637",
FAT_PERCENT,"2024-11-20 06:52:15",26,
FAT_FREE_MASS,"2024-11-20 06:52:15",58,
"Fat Free Percent","2024-11-20 06:52:15",74,
MUSCLE_PERCENT,"2024-11-20 06:52:15",70,
BONE_PERCENT,"2024-11-20 06:52:15",4,
WATER_PERCENT,"2024-11-20 06:52:15",52,
"Basal Metabolic Rate (BMR)","2024-11-19 06:40:40","1,638",
"Basal Metabolic Rate (BMR)","2024-11-18 07:29:04","1,632",
FAT_PERCENT,"2024-11-18 07:29:04",27,
FAT_FREE_MASS,"2024-11-18 07:29:04",57,
"Fat Free Percent","2024-11-18 07:29:04",73,
MUSCLE_PERCENT,"2024-11-18 07:29:04",69,
BONE_PERCENT,"2024-11-18 07:29:04",4,
WATER_PERCENT,"2024-11-18 07:29:04",51,
"Basal Metabolic Rate (BMR)","2024-11-15 07:03:31","1,638",
FAT_PERCENT,"2024-11-15 07:03:31",27,
FAT_FREE_MASS,"2024-11-15 07:03:31",58,
"Fat Free Percent","2024-11-15 07:03:31",73,
MUSCLE_PERCENT,"2024-11-15 07:03:31",70,
BONE_PERCENT,"2024-11-15 07:03:31",4,
WATER_PERCENT,"2024-11-15 07:03:31",52,
"Basal Metabolic Rate (BMR)","2024-11-12 06:56:08","1,632",
FAT_PERCENT,"2024-11-12 06:56:08",26,
FAT_FREE_MASS,"2024-11-12 06:56:08",57,
"Fat Free Percent","2024-11-12 06:56:08",74,
MUSCLE_PERCENT,"2024-11-12 06:56:08",70,
BONE_PERCENT,"2024-11-12 06:56:08",4,
WATER_PERCENT,"2024-11-12 06:56:08",52,
"Basal Metabolic Rate (BMR)","2024-11-11 06:47:20","1,633",
FAT_PERCENT,"2024-11-11 06:47:20",27,
FAT_FREE_MASS,"2024-11-11 06:47:20",57,
"Fat Free Percent","2024-11-11 06:47:20",73,
MUSCLE_PERCENT,"2024-11-11 06:47:20",70,
BONE_PERCENT,"2024-11-11 06:47:20",4,
WATER_PERCENT,"2024-11-11 06:47:20",52,
"Basal Metabolic Rate (BMR)","2024-11-08 07:41:29","1,635",
FAT_PERCENT,"2024-11-08 07:41:29",26,
FAT_FREE_MASS,"2024-11-08 07:41:29",58,
"Fat Free Percent","2024-11-08 07:41:29",74,
MUSCLE_PERCENT,"2024-11-08 07:41:29",70,
BONE_PERCENT,"2024-11-08 07:41:29",4,
WATER_PERCENT,"2024-11-08 07:41:29",52,
"Basal Metabolic Rate (BMR)","2024-11-07 07:56:57","1,638",
FAT_PERCENT,"2024-11-07 07:56:57",25,
FAT_FREE_MASS,"2024-11-07 07:56:57",59,
"Fat Free Percent","2024-11-07 07:56:57",75,
MUSCLE_PERCENT,"2024-11-07 07:56:57",72,
BONE_PERCENT,"2024-11-07 07:56:57",4,
WATER_PERCENT,"2024-11-07 07:56:57",53,
"Basal Metabolic Rate (BMR)","2024-11-06 07:25:39","1,638",
FAT_PERCENT,"2024-11-06 07:25:39",25,
FAT_FREE_MASS,"2024-11-06 07:25:39",59,
"Fat Free Percent","2024-11-06 07:25:39",75,
MUSCLE_PERCENT,"2024-11-06 07:25:39",71,
BONE_PERCENT,"2024-11-06 07:25:39",4,
WATER_PERCENT,"2024-11-06 07:25:39",52,
"Basal Metabolic Rate (BMR)","2024-11-05 08:47:22","1,636",
"Basal Metabolic Rate (BMR)","2024-10-30 06:51:15","1,640",
FAT_PERCENT,"2024-10-30 06:51:15",26,
FAT_FREE_MASS,"2024-10-30 06:51:15",58,
"Fat Free Percent","2024-10-30 06:51:15",74,
MUSCLE_PERCENT,"2024-10-30 06:51:15",70,
BONE_PERCENT,"2024-10-30 06:51:15",4,
WATER_PERCENT,"2024-10-30 06:51:15",52,
"Basal Metabolic Rate (BMR)","2024-10-29 06:13:22","1,645",
FAT_PERCENT,"2024-10-29 06:13:22",26,
FAT_FREE_MASS,"2024-10-29 06:13:22",58,
"Fat Free Percent","2024-10-29 06:13:22",74,
MUSCLE_PERCENT,"2024-10-29 06:13:22",70,
BONE_PERCENT,"2024-10-29 06:13:22",4,
WATER_PERCENT,"2024-10-29 06:13:22",52,
"Basal Metabolic Rate (BMR)","2024-10-28 06:10:36","1,647",
FAT_PERCENT,"2024-10-28 06:10:36",26,
FAT_FREE_MASS,"2024-10-28 06:10:36",59,
"Fat Free Percent","2024-10-28 06:10:36",74,
MUSCLE_PERCENT,"2024-10-28 06:10:36",70,
BONE_PERCENT,"2024-10-28 06:10:36",4,
WATER_PERCENT,"2024-10-28 06:10:36",52,
"Basal Metabolic Rate (BMR)","2024-10-27 07:06:16","1,639",
FAT_PERCENT,"2024-10-27 07:06:16",27,
FAT_FREE_MASS,"2024-10-27 07:06:16",57,
"Fat Free Percent","2024-10-27 07:06:16",73,
MUSCLE_PERCENT,"2024-10-27 07:06:16",69,
BONE_PERCENT,"2024-10-27 07:06:16",4,
WATER_PERCENT,"2024-10-27 07:06:16",51,
"Basal Metabolic Rate (BMR)","2024-10-26 07:23:10","1,626",
FAT_PERCENT,"2024-10-26 07:23:10",27,
FAT_FREE_MASS,"2024-10-26 07:23:10",56,
"Fat Free Percent","2024-10-26 07:23:10",73,
MUSCLE_PERCENT,"2024-10-26 07:23:10",69,
BONE_PERCENT,"2024-10-26 07:23:10",4,
WATER_PERCENT,"2024-10-26 07:23:10",51,
"Basal Metabolic Rate (BMR)","2024-10-22 06:41:17","1,637",
FAT_PERCENT,"2024-10-22 06:41:17",27,
FAT_FREE_MASS,"2024-10-22 06:41:17",57,
"Fat Free Percent","2024-10-22 06:41:17",73,
MUSCLE_PERCENT,"2024-10-22 06:41:17",70,
BONE_PERCENT,"2024-10-22 06:41:17",4,
WATER_PERCENT,"2024-10-22 06:41:17",52,
"Basal Metabolic Rate (BMR)","2024-10-20 08:19:21","1,635",
FAT_PERCENT,"2024-10-20 08:19:21",26,
FAT_FREE_MASS,"2024-10-20 08:19:21",58,
"Fat Free Percent","2024-10-20 08:19:21",74,
MUSCLE_PERCENT,"2024-10-20 08:19:21",70,
BONE_PERCENT,"2024-10-20 08:19:21",4,
WATER_PERCENT,"2024-10-20 08:19:21",52,
"Basal Metabolic Rate (BMR)","2024-10-16 07:24:17","1,639",
FAT_PERCENT,"2024-10-16 07:24:17",26,
FAT_FREE_MASS,"2024-10-16 07:24:17",58,
"Fat Free Percent","2024-10-16 07:24:17",74,
MUSCLE_PERCENT,"2024-10-16 07:24:17",70,
BONE_PERCENT,"2024-10-16 07:24:17",4,
WATER_PERCENT,"2024-10-16 07:24:17",52,
"Basal Metabolic Rate (BMR)","2024-10-15 06:49:26","1,638",
"Basal Metabolic Rate (BMR)","2024-10-14 06:47:22","1,640",
FAT_PERCENT,"2024-10-14 06:47:22",27,
FAT_FREE_MASS,"2024-10-14 06:47:22",57,
"Fat Free Percent","2024-10-14 06:47:22",73,
MUSCLE_PERCENT,"2024-10-14 06:47:22",69,
BONE_PERCENT,"2024-10-14 06:47:22",4,
WATER_PERCENT,"2024-10-14 06:47:22",51,
"Basal Metabolic Rate (BMR)","2024-10-13 08:16:09","1,641",
FAT_PERCENT,"2024-10-13 08:16:09",27,
FAT_FREE_MASS,"2024-10-13 08:16:09",58,
"Fat Free Percent","2024-10-13 08:16:09",73,
MUSCLE_PERCENT,"2024-10-13 08:16:09",70,
BONE_PERCENT,"2024-10-13 08:16:09",4,
WATER_PERCENT,"2024-10-13 08:16:09",52,
"Basal Metabolic Rate (BMR)","2024-10-10 06:58:55","1,634",
FAT_PERCENT,"2024-10-10 06:58:55",26,
FAT_FREE_MASS,"2024-10-10 06:58:55",58,
"Fat Free Percent","2024-10-10 06:58:55",74,
MUSCLE_PERCENT,"2024-10-10 06:58:55",70,
BONE_PERCENT,"2024-10-10 06:58:55",4,
WATER_PERCENT,"2024-10-10 06:58:55",52,
"Basal Metabolic Rate (BMR)","2024-10-09 07:25:04","1,639",
FAT_PERCENT,"2024-10-09 07:25:04",26,
FAT_FREE_MASS,"2024-10-09 07:25:04",58,
"Fat Free Percent","2024-10-09 07:25:04",74,
MUSCLE_PERCENT,"2024-10-09 07:25:04",70,
BONE_PERCENT,"2024-10-09 07:25:04",4,
WATER_PERCENT,"2024-10-09 07:25:04",52,
"Basal Metabolic Rate (BMR)","2024-10-08 06:30:52","1,642",
FAT_PERCENT,"2024-10-08 06:30:52",26,
FAT_FREE_MASS,"2024-10-08 06:30:52",58,
"Fat Free Percent","2024-10-08 06:30:52",74,
MUSCLE_PERCENT,"2024-10-08 06:30:52",70,
BONE_PERCENT,"2024-10-08 06:30:52",4,
WATER_PERCENT,"2024-10-08 06:30:52",52,
"Basal Metabolic Rate (BMR)","2024-10-07 07:22:01","1,638",
FAT_PERCENT,"2024-10-07 07:22:01",27,
FAT_FREE_MASS,"2024-10-07 07:22:01",57,
"Fat Free Percent","2024-10-07 07:22:01",73,
MUSCLE_PERCENT,"2024-10-07 07:22:01",69,
BONE_PERCENT,"2024-10-07 07:22:01",4,
WATER_PERCENT,"2024-10-07 07:22:01",51,
"Basal Metabolic Rate (BMR)","2024-10-03 07:35:48","1,629",
FAT_PERCENT,"2024-10-03 07:35:48",26,
FAT_FREE_MASS,"2024-10-03 07:35:48",58,
"Fat Free Percent","2024-10-03 07:35:48",74,
MUSCLE_PERCENT,"2024-10-03 07:35:48",71,
BONE_PERCENT,"2024-10-03 07:35:48",4,
WATER_PERCENT,"2024-10-03 07:35:48",52,
"Basal Metabolic Rate (BMR)","2024-10-02 06:21:24","1,634",
FAT_PERCENT,"2024-10-02 06:21:24",26,
FAT_FREE_MASS,"2024-10-02 06:21:24",58,
"Fat Free Percent","2024-10-02 06:21:24",74,
MUSCLE_PERCENT,"2024-10-02 06:21:24",71,
BONE_PERCENT,"2024-10-02 06:21:24",4,
WATER_PERCENT,"2024-10-02 06:21:24",52,
"Basal Metabolic Rate (BMR)","2024-10-01 05:55:48","1,632",
FAT_PERCENT,"2024-10-01 05:55:48",27,
FAT_FREE_MASS,"2024-10-01 05:55:48",57,
"Fat Free Percent","2024-10-01 05:55:48",73,
MUSCLE_PERCENT,"2024-10-01 05:55:48",69,
BONE_PERCENT,"2024-10-01 05:55:48",4,
WATER_PERCENT,"2024-10-01 05:55:48",51,
"Basal Metabolic Rate (BMR)","2024-09-29 08:35:01","1,624",
FAT_PERCENT,"2024-09-29 08:35:01",27,
FAT_FREE_MASS,"2024-09-29 08:35:01",57,
"Fat Free Percent","2024-09-29 08:35:01",73,
MUSCLE_PERCENT,"2024-09-29 08:35:01",70,
BONE_PERCENT,"2024-09-29 08:35:01",4,
WATER_PERCENT,"2024-09-29 08:35:01",52,
"Basal Metabolic Rate (BMR)","2024-09-27 07:35:20","1,629",
FAT_PERCENT,"2024-09-27 07:35:20",27,
FAT_FREE_MASS,"2024-09-27 07:35:20",57,
"Fat Free Percent","2024-09-27 07:35:20",73,
MUSCLE_PERCENT,"2024-09-27 07:35:20",70,
BONE_PERCENT,"2024-09-27 07:35:20",4,
WATER_PERCENT,"2024-09-27 07:35:20",52,
"Basal Metabolic Rate (BMR)","2024-09-26 07:18:59","1,636",
FAT_PERCENT,"2024-09-26 07:18:59",26,
FAT_FREE_MASS,"2024-09-26 07:18:59",58,
"Fat Free Percent","2024-09-26 07:18:59",74,
MUSCLE_PERCENT,"2024-09-26 07:18:59",70,
BONE_PERCENT,"2024-09-26 07:18:59",4,
WATER_PERCENT,"2024-09-26 07:18:59",52,
"Basal Metabolic Rate (BMR)","2024-09-23 07:40:43","1,640",
FAT_PERCENT,"2024-09-23 07:40:43",26,
FAT_FREE_MASS,"2024-09-23 07:40:43",58,
"Fat Free Percent","2024-09-23 07:40:43",74,
MUSCLE_PERCENT,"2024-09-23 07:40:43",70,
BONE_PERCENT,"2024-09-23 07:40:43",4,
WATER_PERCENT,"2024-09-23 07:40:43",52,
"Basal Metabolic Rate (BMR)","2024-09-21 06:58:17","1,637",
FAT_PERCENT,"2024-09-21 06:58:17",26,
FAT_FREE_MASS,"2024-09-21 06:58:17",58,
"Fat Free Percent","2024-09-21 06:58:17",74,
MUSCLE_PERCENT,"2024-09-21 06:58:17",70,
BONE_PERCENT,"2024-09-21 06:58:17",4,
WATER_PERCENT,"2024-09-21 06:58:17",52,
"Basal Metabolic Rate (BMR)","2024-09-20 07:27:40","1,635",
FAT_PERCENT,"2024-09-20 07:27:40",26,
FAT_FREE_MASS,"2024-09-20 07:27:40",58,
"Fat Free Percent","2024-09-20 07:27:40",74,
MUSCLE_PERCENT,"2024-09-20 07:27:40",70,
BONE_PERCENT,"2024-09-20 07:27:40",4,
WATER_PERCENT,"2024-09-20 07:27:40",52,
"Basal Metabolic Rate (BMR)","2024-09-18 07:21:33","1,629",
FAT_PERCENT,"2024-09-18 07:21:33",26,
FAT_FREE_MASS,"2024-09-18 07:21:33",57,
"Fat Free Percent","2024-09-18 07:21:33",74,
MUSCLE_PERCENT,"2024-09-18 07:21:33",70,
BONE_PERCENT,"2024-09-18 07:21:33",4,
WATER_PERCENT,"2024-09-18 07:21:33",52,
"Basal Metabolic Rate (BMR)","2024-09-17 06:37:31","1,638",
FAT_PERCENT,"2024-09-17 06:37:31",27,
FAT_FREE_MASS,"2024-09-17 06:37:31",58,
"Fat Free Percent","2024-09-17 06:37:31",73,
MUSCLE_PERCENT,"2024-09-17 06:37:31",70,
BONE_PERCENT,"2024-09-17 06:37:31",4,
WATER_PERCENT,"2024-09-17 06:37:31",52,
"Basal Metabolic Rate (BMR)","2024-09-16 06:50:33","1,633",
FAT_PERCENT,"2024-09-16 06:50:33",26,
FAT_FREE_MASS,"2024-09-16 06:50:33",57,
"Fat Free Percent","2024-09-16 06:50:33",74,
MUSCLE_PERCENT,"2024-09-16 06:50:33",70,
BONE_PERCENT,"2024-09-16 06:50:33",4,
WATER_PERCENT,"2024-09-16 06:50:33",52,
"Basal Metabolic Rate (BMR)","2024-09-14 07:15:02","1,634",
FAT_PERCENT,"2024-09-14 07:15:02",26,
FAT_FREE_MASS,"2024-09-14 07:15:02",57,
"Fat Free Percent","2024-09-14 07:15:02",74,
MUSCLE_PERCENT,"2024-09-14 07:15:02",70,
BONE_PERCENT,"2024-09-14 07:15:02",4,
WATER_PERCENT,"2024-09-14 07:15:02",52,
"Basal Metabolic Rate (BMR)","2024-09-11 06:41:20","1,640",
FAT_PERCENT,"2024-09-11 06:41:20",26,
FAT_FREE_MASS,"2024-09-11 06:41:20",58,
"Fat Free Percent","2024-09-11 06:41:20",74,
MUSCLE_PERCENT,"2024-09-11 06:41:20",71,
BONE_PERCENT,"2024-09-11 06:41:20",4,
WATER_PERCENT,"2024-09-11 06:41:20",52,
"Basal Metabolic Rate (BMR)","2024-09-10 07:11:10","1,638",
FAT_PERCENT,"2024-09-10 07:11:10",26,
FAT_FREE_MASS,"2024-09-10 07:11:10",58,
"Fat Free Percent","2024-09-10 07:11:10",74,
MUSCLE_PERCENT,"2024-09-10 07:11:10",70,
BONE_PERCENT,"2024-09-10 07:11:10",4,
WATER_PERCENT,"2024-09-10 07:11:10",52,
"Basal Metabolic Rate (BMR)","2024-09-10 07:09:41","1,640",
FAT_PERCENT,"2024-09-10 07:09:41",26,
FAT_FREE_MASS,"2024-09-10 07:09:41",58,
"Fat Free Percent","2024-09-10 07:09:41",74,
MUSCLE_PERCENT,"2024-09-10 07:09:41",70,
BONE_PERCENT,"2024-09-10 07:09:41",4,
WATER_PERCENT,"2024-09-10 07:09:41",52,
"Basal Metabolic Rate (BMR)","2024-09-05 07:28:39","1,635",
FAT_PERCENT,"2024-09-05 07:28:39",26,
FAT_FREE_MASS,"2024-09-05 07:28:39",58,
"Fat Free Percent","2024-09-05 07:28:39",74,
MUSCLE_PERCENT,"2024-09-05 07:28:39",70,
BONE_PERCENT,"2024-09-05 07:28:39",4,
WATER_PERCENT,"2024-09-05 07:28:39",52,
"Basal Metabolic Rate (BMR)","2024-09-02 07:38:14","1,627",
FAT_PERCENT,"2024-09-02 07:38:14",26,
FAT_FREE_MASS,"2024-09-02 07:38:14",58,
"Fat Free Percent","2024-09-02 07:38:14",74,
MUSCLE_PERCENT,"2024-09-02 07:38:14",71,
BONE_PERCENT,"2024-09-02 07:38:14",4,
WATER_PERCENT,"2024-09-02 07:38:14",52,
"Basal Metabolic Rate (BMR)","2024-08-29 07:17:29","1,626",
FAT_PERCENT,"2024-08-29 07:17:29",26,
FAT_FREE_MASS,"2024-08-29 07:17:29",57,
"Fat Free Percent","2024-08-29 07:17:29",74,
MUSCLE_PERCENT,"2024-08-29 07:17:29",70,
BONE_PERCENT,"2024-08-29 07:17:29",4,
WATER_PERCENT,"2024-08-29 07:17:29",52,
"Basal Metabolic Rate (BMR)","2024-08-28 06:01:49","1,622",
FAT_PERCENT,"2024-08-28 06:01:49",26,
FAT_FREE_MASS,"2024-08-28 06:01:49",57,
"Fat Free Percent","2024-08-28 06:01:49",74,
MUSCLE_PERCENT,"2024-08-28 06:01:49",71,
BONE_PERCENT,"2024-08-28 06:01:49",4,
WATER_PERCENT,"2024-08-28 06:01:49",52,
"Basal Metabolic Rate (BMR)","2024-08-24 07:25:52","1,639",
FAT_PERCENT,"2024-08-24 07:25:52",25,
FAT_FREE_MASS,"2024-08-24 07:25:52",59,
"Fat Free Percent","2024-08-24 07:25:52",75,
MUSCLE_PERCENT,"2024-08-24 07:25:52",71,
BONE_PERCENT,"2024-08-24 07:25:52",4,
WATER_PERCENT,"2024-08-24 07:25:52",52,
"Basal Metabolic Rate (BMR)","2024-08-21 07:23:43","1,623",
FAT_PERCENT,"2024-08-21 07:23:43",25,
FAT_FREE_MASS,"2024-08-21 07:23:43",58,
"Fat Free Percent","2024-08-21 07:23:43",75,
MUSCLE_PERCENT,"2024-08-21 07:23:43",71,
BONE_PERCENT,"2024-08-21 07:23:43",4,
WATER_PERCENT,"2024-08-21 07:23:43",52,
"Basal Metabolic Rate (BMR)","2024-08-12 06:44:10","1,627",
FAT_PERCENT,"2024-08-12 06:44:10",26,
FAT_FREE_MASS,"2024-08-12 06:44:10",57,
"Fat Free Percent","2024-08-12 06:44:10",74,
MUSCLE_PERCENT,"2024-08-12 06:44:10",70,
BONE_PERCENT,"2024-08-12 06:44:10",4,
WATER_PERCENT,"2024-08-12 06:44:10",52,
"Basal Metabolic Rate (BMR)","2024-08-09 07:37:13","1,628",
FAT_PERCENT,"2024-08-09 07:37:13",25,
FAT_FREE_MASS,"2024-08-09 07:37:13",58,
"Fat Free Percent","2024-08-09 07:37:13",75,
MUSCLE_PERCENT,"2024-08-09 07:37:13",71,
BONE_PERCENT,"2024-08-09 07:37:13",4,
WATER_PERCENT,"2024-08-09 07:37:13",52,
"Basal Metabolic Rate (BMR)","2024-08-06 05:54:48","1,624",
FAT_PERCENT,"2024-08-06 05:54:48",26,
FAT_FREE_MASS,"2024-08-06 05:54:48",57,
"Fat Free Percent","2024-08-06 05:54:48",74,
MUSCLE_PERCENT,"2024-08-06 05:54:48",70,
BONE_PERCENT,"2024-08-06 05:54:48",4,
WATER_PERCENT,"2024-08-06 05:54:48",52,
"Basal Metabolic Rate (BMR)","2024-08-05 06:39:13","1,623",
FAT_PERCENT,"2024-08-05 06:39:13",26,
FAT_FREE_MASS,"2024-08-05 06:39:13",57,
"Fat Free Percent","2024-08-05 06:39:13",74,
MUSCLE_PERCENT,"2024-08-05 06:39:13",70,
BONE_PERCENT,"2024-08-05 06:39:13",4,
WATER_PERCENT,"2024-08-05 06:39:13",52,
"Basal Metabolic Rate (BMR)","2024-08-03 08:18:25","1,629",
FAT_PERCENT,"2024-08-03 08:18:25",26,
FAT_FREE_MASS,"2024-08-03 08:18:25",58,
"Fat Free Percent","2024-08-03 08:18:25",74,
MUSCLE_PERCENT,"2024-08-03 08:18:25",70,
BONE_PERCENT,"2024-08-03 08:18:25",4,
WATER_PERCENT,"2024-08-03 08:18:25",52,
Temperature,"2024-08-02 14:58:44",19,
"skin temperature","2024-08-02 14:58:44",33,
"Basal Metabolic Rate (BMR)","2024-07-30 06:27:49","1,633",
FAT_PERCENT,"2024-07-30 06:27:49",24,
FAT_FREE_MASS,"2024-07-30 06:27:49",60,
"Fat Free Percent","2024-07-30 06:27:49",76,
MUSCLE_PERCENT,"2024-07-30 06:27:49",73,
BONE_PERCENT,"2024-07-30 06:27:49",4,
WATER_PERCENT,"2024-07-30 06:27:49",53,
"Basal Metabolic Rate (BMR)","2024-07-28 07:49:30","1,627",
FAT_PERCENT,"2024-07-28 07:49:30",26,
FAT_FREE_MASS,"2024-07-28 07:49:30",58,
"Fat Free Percent","2024-07-28 07:49:30",74,
MUSCLE_PERCENT,"2024-07-28 07:49:30",71,
BONE_PERCENT,"2024-07-28 07:49:30",4,
WATER_PERCENT,"2024-07-28 07:49:30",52,
"Basal Metabolic Rate (BMR)","2024-07-27 07:52:46","1,623",
FAT_PERCENT,"2024-07-27 07:52:46",26,
FAT_FREE_MASS,"2024-07-27 07:52:46",57,
"Fat Free Percent","2024-07-27 07:52:46",74,
MUSCLE_PERCENT,"2024-07-27 07:52:46",70,
BONE_PERCENT,"2024-07-27 07:52:46",4,
WATER_PERCENT,"2024-07-27 07:52:46",52,
"Basal Metabolic Rate (BMR)","2024-07-23 06:41:15","1,627",
FAT_PERCENT,"2024-07-23 06:41:15",25,
FAT_FREE_MASS,"2024-07-23 06:41:15",58,
"Fat Free Percent","2024-07-23 06:41:15",75,
MUSCLE_PERCENT,"2024-07-23 06:41:15",72,
BONE_PERCENT,"2024-07-23 06:41:15",4,
WATER_PERCENT,"2024-07-23 06:41:15",53,
"Basal Metabolic Rate (BMR)","2024-07-22 06:43:07","1,627",
FAT_PERCENT,"2024-07-22 06:43:07",25,
FAT_FREE_MASS,"2024-07-22 06:43:07",58,
"Fat Free Percent","2024-07-22 06:43:07",75,
MUSCLE_PERCENT,"2024-07-22 06:43:07",71,
BONE_PERCENT,"2024-07-22 06:43:07",4,
WATER_PERCENT,"2024-07-22 06:43:07",52,
"Basal Metabolic Rate (BMR)","2024-07-19 07:14:11","1,620",
FAT_PERCENT,"2024-07-19 07:14:11",25,
FAT_FREE_MASS,"2024-07-19 07:14:11",57,
"Fat Free Percent","2024-07-19 07:14:11",75,
MUSCLE_PERCENT,"2024-07-19 07:14:11",71,
BONE_PERCENT,"2024-07-19 07:14:11",4,
WATER_PERCENT,"2024-07-19 07:14:11",52,
"Basal Metabolic Rate (BMR)","2024-07-15 07:19:39","1,620",
FAT_PERCENT,"2024-07-15 07:19:39",25,
FAT_FREE_MASS,"2024-07-15 07:19:39",57,
"Fat Free Percent","2024-07-15 07:19:39",75,
MUSCLE_PERCENT,"2024-07-15 07:19:39",71,
BONE_PERCENT,"2024-07-15 07:19:39",4,
WATER_PERCENT,"2024-07-15 07:19:39",52,
"Basal Metabolic Rate (BMR)","2024-07-10 07:41:18","1,614",
FAT_PERCENT,"2024-07-10 07:41:18",24,
FAT_FREE_MASS,"2024-07-10 07:41:18",58,
"Fat Free Percent","2024-07-10 07:41:18",76,
MUSCLE_PERCENT,"2024-07-10 07:41:18",72,
BONE_PERCENT,"2024-07-10 07:41:18",4,
WATER_PERCENT,"2024-07-10 07:41:18",53,
"Basal Metabolic Rate (BMR)","2024-07-06 08:43:40","1,623",
FAT_PERCENT,"2024-07-06 08:43:40",25,
FAT_FREE_MASS,"2024-07-06 08:43:40",58,
"Fat Free Percent","2024-07-06 08:43:40",75,
MUSCLE_PERCENT,"2024-07-06 08:43:40",71,
BONE_PERCENT,"2024-07-06 08:43:40",4,
WATER_PERCENT,"2024-07-06 08:43:40",53,
"Basal Metabolic Rate (BMR)","2024-07-05 07:02:46","1,616",
FAT_PERCENT,"2024-07-05 07:02:46",25,
FAT_FREE_MASS,"2024-07-05 07:02:46",57,
"Fat Free Percent","2024-07-05 07:02:46",75,
MUSCLE_PERCENT,"2024-07-05 07:02:46",71,
BONE_PERCENT,"2024-07-05 07:02:46",4,
WATER_PERCENT,"2024-07-05 07:02:46",52,
"Basal Metabolic Rate (BMR)","2024-07-03 07:32:17","1,613",
FAT_PERCENT,"2024-07-03 07:32:17",24,
FAT_FREE_MASS,"2024-07-03 07:32:17",57,
"Fat Free Percent","2024-07-03 07:32:17",76,
MUSCLE_PERCENT,"2024-07-03 07:32:17",72,
BONE_PERCENT,"2024-07-03 07:32:17",4,
WATER_PERCENT,"2024-07-03 07:32:17",53,
"Basal Metabolic Rate (BMR)","2024-06-29 07:57:32","1,612",
FAT_PERCENT,"2024-06-29 07:57:32",25,
FAT_FREE_MASS,"2024-06-29 07:57:32",57,
"Fat Free Percent","2024-06-29 07:57:32",75,
MUSCLE_PERCENT,"2024-06-29 07:57:32",71,
BONE_PERCENT,"2024-06-29 07:57:32",4,
WATER_PERCENT,"2024-06-29 07:57:32",52,
Temperature,"2024-06-28 23:38:32",18,
"skin temperature","2024-06-28 23:38:32",34,
"Basal Metabolic Rate (BMR)","2024-06-27 07:26:04","1,607",
FAT_PERCENT,"2024-06-27 07:26:04",25,
FAT_FREE_MASS,"2024-06-27 07:26:04",56,
"Fat Free Percent","2024-06-27 07:26:04",75,
MUSCLE_PERCENT,"2024-06-27 07:26:04",71,
BONE_PERCENT,"2024-06-27 07:26:04",4,
WATER_PERCENT,"2024-06-27 07:26:04",52,
"Basal Metabolic Rate (BMR)","2024-06-26 07:58:20","1,606",
FAT_PERCENT,"2024-06-26 07:58:20",26,
FAT_FREE_MASS,"2024-06-26 07:58:20",56,
"Fat Free Percent","2024-06-26 07:58:20",74,
MUSCLE_PERCENT,"2024-06-26 07:58:20",70,
BONE_PERCENT,"2024-06-26 07:58:20",4,
WATER_PERCENT,"2024-06-26 07:58:20",52,
"Basal Metabolic Rate (BMR)","2024-06-24 07:53:37","1,602",
FAT_PERCENT,"2024-06-24 07:53:37",26,
FAT_FREE_MASS,"2024-06-24 07:53:37",56,
"Fat Free Percent","2024-06-24 07:53:37",74,
MUSCLE_PERCENT,"2024-06-24 07:53:37",70,
BONE_PERCENT,"2024-06-24 07:53:37",4,
WATER_PERCENT,"2024-06-24 07:53:37",52,
Temperature,"2024-06-23 12:10:02",18,
"skin temperature","2024-06-23 12:10:02",34,
Temperature,"2024-06-22 16:40:03",18,
"skin temperature","2024-06-22 16:40:03",36,
Temperature,"2024-06-22 12:29:11",19,
"skin temperature","2024-06-22 12:29:11",35,
Temperature,"2024-06-21 20:35:18",18,
"skin temperature","2024-06-21 20:35:18",35,
Temperature,"2024-06-21 15:30:07",18,
"skin temperature","2024-06-21 15:30:07",34,
Temperature,"2024-06-21 10:53:54",18,
"skin temperature","2024-06-21 10:53:54",33,
"Basal Metabolic Rate (BMR)","2024-06-20 07:08:34","1,615",
FAT_PERCENT,"2024-06-20 07:08:34",25,
FAT_FREE_MASS,"2024-06-20 07:08:34",57,
"Fat Free Percent","2024-06-20 07:08:34",75,
MUSCLE_PERCENT,"2024-06-20 07:08:34",71,
BONE_PERCENT,"2024-06-20 07:08:34",4,
WATER_PERCENT,"2024-06-20 07:08:34",52,
"Basal Metabolic Rate (BMR)","2024-06-17 06:42:16","1,612",
FAT_PERCENT,"2024-06-17 06:42:16",26,
FAT_FREE_MASS,"2024-06-17 06:42:16",56,
"Fat Free Percent","2024-06-17 06:42:16",74,
MUSCLE_PERCENT,"2024-06-17 06:42:16",70,
BONE_PERCENT,"2024-06-17 06:42:16",4,
WATER_PERCENT,"2024-06-17 06:42:16",52,
"Basal Metabolic Rate (BMR)","2024-06-11 07:36:46","1,610",
FAT_PERCENT,"2024-06-11 07:36:46",25,
FAT_FREE_MASS,"2024-06-11 07:36:46",57,
"Fat Free Percent","2024-06-11 07:36:46",75,
MUSCLE_PERCENT,"2024-06-11 07:36:46",71,
BONE_PERCENT,"2024-06-11 07:36:46",4,
WATER_PERCENT,"2024-06-11 07:36:46",52,
"Basal Metabolic Rate (BMR)","2024-06-08 09:34:41","1,614",
FAT_PERCENT,"2024-06-08 09:34:41",25,
FAT_FREE_MASS,"2024-06-08 09:34:41",57,
"Fat Free Percent","2024-06-08 09:34:41",75,
MUSCLE_PERCENT,"2024-06-08 09:34:41",71,
BONE_PERCENT,"2024-06-08 09:34:41",4,
WATER_PERCENT,"2024-06-08 09:34:41",52,
"Basal Metabolic Rate (BMR)","2024-06-06 07:23:37","1,613",
FAT_PERCENT,"2024-06-06 07:23:37",25,
FAT_FREE_MASS,"2024-06-06 07:23:37",57,
"Fat Free Percent","2024-06-06 07:23:37",75,
MUSCLE_PERCENT,"2024-06-06 07:23:37",71,
BONE_PERCENT,"2024-06-06 07:23:37",4,
WATER_PERCENT,"2024-06-06 07:23:37",52,
"Basal Metabolic Rate (BMR)","2024-06-05 07:06:43","1,612",
FAT_PERCENT,"2024-06-05 07:06:43",25,
FAT_FREE_MASS,"2024-06-05 07:06:43",57,
"Fat Free Percent","2024-06-05 07:06:43",75,
MUSCLE_PERCENT,"2024-06-05 07:06:43",72,
BONE_PERCENT,"2024-06-05 07:06:43",4,
WATER_PERCENT,"2024-06-05 07:06:43",53,
"Basal Metabolic Rate (BMR)","2024-06-04 06:30:58","1,612",
FAT_PERCENT,"2024-06-04 06:30:58",25,
FAT_FREE_MASS,"2024-06-04 06:30:58",57,
"Fat Free Percent","2024-06-04 06:30:58",75,
MUSCLE_PERCENT,"2024-06-04 06:30:58",71,
BONE_PERCENT,"2024-06-04 06:30:58",4,
WATER_PERCENT,"2024-06-04 06:30:58",52,
"Basal Metabolic Rate (BMR)","2024-05-31 07:08:45","1,602",
FAT_PERCENT,"2024-05-31 07:08:45",25,
FAT_FREE_MASS,"2024-05-31 07:08:45",56,
"Fat Free Percent","2024-05-31 07:08:45",75,
MUSCLE_PERCENT,"2024-05-31 07:08:45",71,
BONE_PERCENT,"2024-05-31 07:08:45",4,
WATER_PERCENT,"2024-05-31 07:08:45",52,
"Basal Metabolic Rate (BMR)","2024-05-28 06:40:50","1,609",
FAT_PERCENT,"2024-05-28 06:40:50",24,
FAT_FREE_MASS,"2024-05-28 06:40:50",57,
"Fat Free Percent","2024-05-28 06:40:50",76,
MUSCLE_PERCENT,"2024-05-28 06:40:50",72,
BONE_PERCENT,"2024-05-28 06:40:50",4,
WATER_PERCENT,"2024-05-28 06:40:50",53,
"Basal Metabolic Rate (BMR)","2024-05-27 06:41:42","1,602",
FAT_PERCENT,"2024-05-27 06:41:42",24,
FAT_FREE_MASS,"2024-05-27 06:41:42",57,
"Fat Free Percent","2024-05-27 06:41:42",76,
MUSCLE_PERCENT,"2024-05-27 06:41:42",72,
BONE_PERCENT,"2024-05-27 06:41:42",4,
WATER_PERCENT,"2024-05-27 06:41:42",53,
"Basal Metabolic Rate (BMR)","2024-05-22 07:43:52","1,609",
FAT_PERCENT,"2024-05-22 07:43:52",25,
FAT_FREE_MASS,"2024-05-22 07:43:52",57,
"Fat Free Percent","2024-05-22 07:43:52",75,
MUSCLE_PERCENT,"2024-05-22 07:43:52",71,
BONE_PERCENT,"2024-05-22 07:43:52",4,
WATER_PERCENT,"2024-05-22 07:43:52",52,
"Basal Metabolic Rate (BMR)","2024-05-18 08:27:33","1,598",
FAT_PERCENT,"2024-05-18 08:27:33",24,
FAT_FREE_MASS,"2024-05-18 08:27:33",56,
"Fat Free Percent","2024-05-18 08:27:33",76,
MUSCLE_PERCENT,"2024-05-18 08:27:33",72,
BONE_PERCENT,"2024-05-18 08:27:33",4,
WATER_PERCENT,"2024-05-18 08:27:33",53,
"Basal Metabolic Rate (BMR)","2024-05-16 06:38:29","1,600",
FAT_PERCENT,"2024-05-16 06:38:29",24,
FAT_FREE_MASS,"2024-05-16 06:38:29",57,
"Fat Free Percent","2024-05-16 06:38:29",76,
MUSCLE_PERCENT,"2024-05-16 06:38:29",72,
BONE_PERCENT,"2024-05-16 06:38:29",4,
WATER_PERCENT,"2024-05-16 06:38:29",53,
"Basal Metabolic Rate (BMR)","2024-05-15 06:48:09","1,598",
FAT_PERCENT,"2024-05-15 06:48:09",24,
FAT_FREE_MASS,"2024-05-15 06:48:09",57,
"Fat Free Percent","2024-05-15 06:48:09",76,
MUSCLE_PERCENT,"2024-05-15 06:48:09",73,
BONE_PERCENT,"2024-05-15 06:48:09",4,
WATER_PERCENT,"2024-05-15 06:48:09",53,
"Basal Metabolic Rate (BMR)","2024-05-11 07:32:53","1,606",
FAT_PERCENT,"2024-05-11 07:32:53",24,
FAT_FREE_MASS,"2024-05-11 07:32:53",57,
"Fat Free Percent","2024-05-11 07:32:53",76,
MUSCLE_PERCENT,"2024-05-11 07:32:53",72,
BONE_PERCENT,"2024-05-11 07:32:53",4,
WATER_PERCENT,"2024-05-11 07:32:53",53,
"Basal Metabolic Rate (BMR)","2024-05-10 07:26:14","1,604",
FAT_PERCENT,"2024-05-10 07:26:14",25,
FAT_FREE_MASS,"2024-05-10 07:26:14",56,
"Fat Free Percent","2024-05-10 07:26:14",75,
MUSCLE_PERCENT,"2024-05-10 07:26:14",71,
BONE_PERCENT,"2024-05-10 07:26:14",4,
WATER_PERCENT,"2024-05-10 07:26:14",52,
"Basal Metabolic Rate (BMR)","2024-05-08 06:51:19","1,603",
FAT_PERCENT,"2024-05-08 06:51:19",25,
FAT_FREE_MASS,"2024-05-08 06:51:19",57,
"Fat Free Percent","2024-05-08 06:51:19",75,
MUSCLE_PERCENT,"2024-05-08 06:51:19",72,
BONE_PERCENT,"2024-05-08 06:51:19",4,
WATER_PERCENT,"2024-05-08 06:51:19",53,
"Basal Metabolic Rate (BMR)","2024-05-05 07:56:26","1,610",
FAT_PERCENT,"2024-05-05 07:56:26",25,
FAT_FREE_MASS,"2024-05-05 07:56:26",57,
"Fat Free Percent","2024-05-05 07:56:26",75,
MUSCLE_PERCENT,"2024-05-05 07:56:26",71,
BONE_PERCENT,"2024-05-05 07:56:26",4,
WATER_PERCENT,"2024-05-05 07:56:26",52,
"Basal Metabolic Rate (BMR)","2024-05-02 07:21:07","1,604",
FAT_PERCENT,"2024-05-02 07:21:07",25,
FAT_FREE_MASS,"2024-05-02 07:21:07",56,
"Fat Free Percent","2024-05-02 07:21:07",75,
MUSCLE_PERCENT,"2024-05-02 07:21:07",71,
BONE_PERCENT,"2024-05-02 07:21:07",4,
WATER_PERCENT,"2024-05-02 07:21:07",52,
"Basal Metabolic Rate (BMR)","2024-04-30 06:37:03","1,601",
FAT_PERCENT,"2024-04-30 06:37:03",25,
FAT_FREE_MASS,"2024-04-30 06:37:03",56,
"Fat Free Percent","2024-04-30 06:37:03",75,
MUSCLE_PERCENT,"2024-04-30 06:37:03",71,
BONE_PERCENT,"2024-04-30 06:37:03",4,
WATER_PERCENT,"2024-04-30 06:37:03",52,
"Basal Metabolic Rate (BMR)","2024-04-27 08:02:39","1,602",
FAT_PERCENT,"2024-04-27 08:02:39",25,
FAT_FREE_MASS,"2024-04-27 08:02:39",56,
"Fat Free Percent","2024-04-27 08:02:39",75,
MUSCLE_PERCENT,"2024-04-27 08:02:39",71,
BONE_PERCENT,"2024-04-27 08:02:39",4,
WATER_PERCENT,"2024-04-27 08:02:39",52,
"Basal Metabolic Rate (BMR)","2024-04-26 07:30:12","1,601",
FAT_PERCENT,"2024-04-26 07:30:12",25,
FAT_FREE_MASS,"2024-04-26 07:30:12",56,
"Fat Free Percent","2024-04-26 07:30:12",75,
MUSCLE_PERCENT,"2024-04-26 07:30:12",71,
BONE_PERCENT,"2024-04-26 07:30:12",4,
WATER_PERCENT,"2024-04-26 07:30:12",52,
"Basal Metabolic Rate (BMR)","2024-04-22 06:44:31","1,603",
FAT_PERCENT,"2024-04-22 06:44:31",25,
FAT_FREE_MASS,"2024-04-22 06:44:31",56,
"Fat Free Percent","2024-04-22 06:44:31",75,
MUSCLE_PERCENT,"2024-04-22 06:44:31",71,
BONE_PERCENT,"2024-04-22 06:44:31",4,
WATER_PERCENT,"2024-04-22 06:44:31",52,
"Basal Metabolic Rate (BMR)","2024-04-21 08:01:42","1,597",
FAT_PERCENT,"2024-04-21 08:01:42",25,
FAT_FREE_MASS,"2024-04-21 08:01:42",56,
"Fat Free Percent","2024-04-21 08:01:42",75,
MUSCLE_PERCENT,"2024-04-21 08:01:42",71,
BONE_PERCENT,"2024-04-21 08:01:42",4,
WATER_PERCENT,"2024-04-21 08:01:42",52,
"Basal Metabolic Rate (BMR)","2024-04-20 09:04:40","1,597",
FAT_PERCENT,"2024-04-20 09:04:40",25,
FAT_FREE_MASS,"2024-04-20 09:04:40",56,
"Fat Free Percent","2024-04-20 09:04:40",75,
MUSCLE_PERCENT,"2024-04-20 09:04:40",71,
BONE_PERCENT,"2024-04-20 09:04:40",4,
WATER_PERCENT,"2024-04-20 09:04:40",52,
"Basal Metabolic Rate (BMR)","2024-04-19 07:20:30","1,606",
FAT_PERCENT,"2024-04-19 07:20:30",24,
FAT_FREE_MASS,"2024-04-19 07:20:30",57,
"Fat Free Percent","2024-04-19 07:20:30",76,
MUSCLE_PERCENT,"2024-04-19 07:20:30",72,
BONE_PERCENT,"2024-04-19 07:20:30",4,
WATER_PERCENT,"2024-04-19 07:20:30",53,
"Basal Metabolic Rate (BMR)","2024-04-18 06:51:44","1,605",
FAT_PERCENT,"2024-04-18 06:51:44",25,
FAT_FREE_MASS,"2024-04-18 06:51:44",57,
"Fat Free Percent","2024-04-18 06:51:44",75,
MUSCLE_PERCENT,"2024-04-18 06:51:44",72,
BONE_PERCENT,"2024-04-18 06:51:44",4,
WATER_PERCENT,"2024-04-18 06:51:44",53,
"Basal Metabolic Rate (BMR)","2024-04-16 06:18:55","1,598",
FAT_PERCENT,"2024-04-16 06:18:55",25,
FAT_FREE_MASS,"2024-04-16 06:18:55",56,
"Fat Free Percent","2024-04-16 06:18:55",75,
MUSCLE_PERCENT,"2024-04-16 06:18:55",71,
BONE_PERCENT,"2024-04-16 06:18:55",4,
WATER_PERCENT,"2024-04-16 06:18:55",52,
"Basal Metabolic Rate (BMR)","2024-04-13 09:57:58","1,607",
FAT_PERCENT,"2024-04-13 09:57:58",25,
FAT_FREE_MASS,"2024-04-13 09:57:58",57,
"Fat Free Percent","2024-04-13 09:57:58",75,
MUSCLE_PERCENT,"2024-04-13 09:57:58",71,
BONE_PERCENT,"2024-04-13 09:57:58",4,
WATER_PERCENT,"2024-04-13 09:57:58",52,
"Basal Metabolic Rate (BMR)","2024-04-13 09:49:30","1,609",
FAT_PERCENT,"2024-04-13 09:49:30",25,
FAT_FREE_MASS,"2024-04-13 09:49:30",56,
"Fat Free Percent","2024-04-13 09:49:30",75,
MUSCLE_PERCENT,"2024-04-13 09:49:30",71,
BONE_PERCENT,"2024-04-13 09:49:30",4,
WATER_PERCENT,"2024-04-13 09:49:30",52,
"Basal Metabolic Rate (BMR)","2024-04-12 06:40:58","1,600",
FAT_PERCENT,"2024-04-12 06:40:58",25,
FAT_FREE_MASS,"2024-04-12 06:40:58",56,
"Fat Free Percent","2024-04-12 06:40:58",75,
MUSCLE_PERCENT,"2024-04-12 06:40:58",71,
BONE_PERCENT,"2024-04-12 06:40:58",4,
WATER_PERCENT,"2024-04-12 06:40:58",52,
"Basal Metabolic Rate (BMR)","2024-04-11 06:38:46","1,601",
FAT_PERCENT,"2024-04-11 06:38:46",25,
FAT_FREE_MASS,"2024-04-11 06:38:46",56,
"Fat Free Percent","2024-04-11 06:38:46",75,
MUSCLE_PERCENT,"2024-04-11 06:38:46",71,
BONE_PERCENT,"2024-04-11 06:38:46",4,
WATER_PERCENT,"2024-04-11 06:38:46",52,
"Basal Metabolic Rate (BMR)","2024-04-09 06:17:34","1,604",
FAT_PERCENT,"2024-04-09 06:17:34",25,
FAT_FREE_MASS,"2024-04-09 06:17:34",56,
"Fat Free Percent","2024-04-09 06:17:34",75,
MUSCLE_PERCENT,"2024-04-09 06:17:34",71,
BONE_PERCENT,"2024-04-09 06:17:34",4,
WATER_PERCENT,"2024-04-09 06:17:34",52,
FAT_PERCENT,"2024-04-08 06:39:35",25,
FAT_FREE_MASS,"2024-04-08 06:39:35",56,
"Fat Free Percent","2024-04-08 06:39:35",75,
MUSCLE_PERCENT,"2024-04-08 06:39:35",71,
BONE_PERCENT,"2024-04-08 06:39:35",4,
WATER_PERCENT,"2024-04-08 06:39:35",52,
FAT_PERCENT,"2024-04-06 09:56:16",24,
FAT_FREE_MASS,"2024-04-06 09:56:16",57,
"Fat Free Percent","2024-04-06 09:56:16",76,
MUSCLE_PERCENT,"2024-04-06 09:56:16",72,
BONE_PERCENT,"2024-04-06 09:56:16",4,
WATER_PERCENT,"2024-04-06 09:56:16",53,
"Basal Metabolic Rate (BMR)","2024-04-05 07:36:07","1,600",
FAT_PERCENT,"2024-04-05 07:36:07",24,
FAT_FREE_MASS,"2024-04-05 07:36:07",57,
"Fat Free Percent","2024-04-05 07:36:07",76,
MUSCLE_PERCENT,"2024-04-05 07:36:07",72,
BONE_PERCENT,"2024-04-05 07:36:07",4,
WATER_PERCENT,"2024-04-05 07:36:07",53,
"Basal Metabolic Rate (BMR)","2024-04-04 06:38:02","1,594",
FAT_PERCENT,"2024-04-04 06:38:02",25,
FAT_FREE_MASS,"2024-04-04 06:38:02",55,
"Fat Free Percent","2024-04-04 06:38:02",75,
MUSCLE_PERCENT,"2024-04-04 06:38:02",71,
BONE_PERCENT,"2024-04-04 06:38:02",4,
WATER_PERCENT,"2024-04-04 06:38:02",52,
"Basal Metabolic Rate (BMR)","2024-04-03 06:38:15","1,594",
FAT_PERCENT,"2024-04-03 06:38:15",25,
FAT_FREE_MASS,"2024-04-03 06:38:15",56,
"Fat Free Percent","2024-04-03 06:38:15",75,
MUSCLE_PERCENT,"2024-04-03 06:38:15",71,
BONE_PERCENT,"2024-04-03 06:38:15",4,
WATER_PERCENT,"2024-04-03 06:38:15",52,
"Basal Metabolic Rate (BMR)","2024-03-29 08:42:02","1,594",
FAT_PERCENT,"2024-03-29 08:42:02",24,
FAT_FREE_MASS,"2024-03-29 08:42:02",56,
"Fat Free Percent","2024-03-29 08:42:02",76,
MUSCLE_PERCENT,"2024-03-29 08:42:02",72,
BONE_PERCENT,"2024-03-29 08:42:02",4,
WATER_PERCENT,"2024-03-29 08:42:02",53,
"Basal Metabolic Rate (BMR)","2024-03-28 07:28:19","1,596",
FAT_PERCENT,"2024-03-28 07:28:19",24,
FAT_FREE_MASS,"2024-03-28 07:28:19",57,
"Fat Free Percent","2024-03-28 07:28:19",76,
MUSCLE_PERCENT,"2024-03-28 07:28:19",73,
BONE_PERCENT,"2024-03-28 07:28:19",4,
WATER_PERCENT,"2024-03-28 07:28:19",53,
"Basal Metabolic Rate (BMR)","2024-03-25 06:49:44","1,601",
FAT_PERCENT,"2024-03-25 06:49:44",25,
FAT_FREE_MASS,"2024-03-25 06:49:44",56,
"Fat Free Percent","2024-03-25 06:49:44",75,
MUSCLE_PERCENT,"2024-03-25 06:49:44",71,
BONE_PERCENT,"2024-03-25 06:49:44",4,
WATER_PERCENT,"2024-03-25 06:49:44",52,
"Basal Metabolic Rate (BMR)","2024-03-23 07:33:00","1,598",
FAT_PERCENT,"2024-03-23 07:33:00",25,
FAT_FREE_MASS,"2024-03-23 07:33:00",56,
"Fat Free Percent","2024-03-23 07:33:00",75,
MUSCLE_PERCENT,"2024-03-23 07:33:00",72,
BONE_PERCENT,"2024-03-23 07:33:00",4,
WATER_PERCENT,"2024-03-23 07:33:00",53,
"Basal Metabolic Rate (BMR)","2024-03-20 06:56:01","1,599",
FAT_PERCENT,"2024-03-20 06:56:01",23,
FAT_FREE_MASS,"2024-03-20 06:56:01",57,
"Fat Free Percent","2024-03-20 06:56:01",77,
MUSCLE_PERCENT,"2024-03-20 06:56:01",73,
BONE_PERCENT,"2024-03-20 06:56:01",4,
WATER_PERCENT,"2024-03-20 06:56:01",53,
"Basal Metabolic Rate (BMR)","2024-03-19 06:45:01","1,601",
FAT_PERCENT,"2024-03-19 06:45:01",23,
FAT_FREE_MASS,"2024-03-19 06:45:01",57,
"Fat Free Percent","2024-03-19 06:45:01",77,
MUSCLE_PERCENT,"2024-03-19 06:45:01",73,
BONE_PERCENT,"2024-03-19 06:45:01",4,
WATER_PERCENT,"2024-03-19 06:45:01",53,
"Basal Metabolic Rate (BMR)","2024-03-17 07:40:33","1,594",
FAT_PERCENT,"2024-03-17 07:40:33",24,
FAT_FREE_MASS,"2024-03-17 07:40:33",57,
"Fat Free Percent","2024-03-17 07:40:33",76,
MUSCLE_PERCENT,"2024-03-17 07:40:33",72,
BONE_PERCENT,"2024-03-17 07:40:33",4,
WATER_PERCENT,"2024-03-17 07:40:33",53,
FAT_PERCENT,"2024-03-14 07:00:45",23,
FAT_FREE_MASS,"2024-03-14 07:00:45",57,
"Fat Free Percent","2024-03-14 07:00:45",77,
MUSCLE_PERCENT,"2024-03-14 07:00:45",73,
BONE_PERCENT,"2024-03-14 07:00:45",4,
WATER_PERCENT,"2024-03-14 07:00:45",53,
FAT_PERCENT,"2024-03-12 07:13:19",24,
FAT_FREE_MASS,"2024-03-12 07:13:19",56,
"Fat Free Percent","2024-03-12 07:13:19",76,
MUSCLE_PERCENT,"2024-03-12 07:13:19",72,
BONE_PERCENT,"2024-03-12 07:13:19",4,
WATER_PERCENT,"2024-03-12 07:13:19",53,
FAT_PERCENT,"2024-03-10 08:01:46",25,
FAT_FREE_MASS,"2024-03-10 08:01:46",56,
"Fat Free Percent","2024-03-10 08:01:46",75,
MUSCLE_PERCENT,"2024-03-10 08:01:46",72,
BONE_PERCENT,"2024-03-10 08:01:46",4,
WATER_PERCENT,"2024-03-10 08:01:46",52,
FAT_PERCENT,"2024-03-08 06:46:36",24,
FAT_FREE_MASS,"2024-03-08 06:46:36",56,
"Fat Free Percent","2024-03-08 06:46:36",76,
MUSCLE_PERCENT,"2024-03-08 06:46:36",72,
BONE_PERCENT,"2024-03-08 06:46:36",4,
WATER_PERCENT,"2024-03-08 06:46:36",53,
FAT_PERCENT,"2024-03-06 06:14:11",24,
FAT_FREE_MASS,"2024-03-06 06:14:11",56,
"Fat Free Percent","2024-03-06 06:14:11",76,
MUSCLE_PERCENT,"2024-03-06 06:14:11",72,
BONE_PERCENT,"2024-03-06 06:14:11",4,
WATER_PERCENT,"2024-03-06 06:14:11",53,
FAT_PERCENT,"2024-03-05 06:47:10",24,
FAT_FREE_MASS,"2024-03-05 06:47:10",55,
"Fat Free Percent","2024-03-05 06:47:10",76,
MUSCLE_PERCENT,"2024-03-05 06:47:10",72,
BONE_PERCENT,"2024-03-05 06:47:10",4,
WATER_PERCENT,"2024-03-05 06:47:10",53,
FAT_PERCENT,"2024-03-03 08:01:25",24,
FAT_FREE_MASS,"2024-03-03 08:01:25",56,
"Fat Free Percent","2024-03-03 08:01:25",76,
MUSCLE_PERCENT,"2024-03-03 08:01:25",73,
BONE_PERCENT,"2024-03-03 08:01:25",4,
WATER_PERCENT,"2024-03-03 08:01:25",53,
FAT_PERCENT,"2024-03-02 08:55:43",25,
FAT_FREE_MASS,"2024-03-02 08:55:43",55,
"Fat Free Percent","2024-03-02 08:55:43",75,
MUSCLE_PERCENT,"2024-03-02 08:55:43",71,
BONE_PERCENT,"2024-03-02 08:55:43",4,
WATER_PERCENT,"2024-03-02 08:55:43",52,
Temperature,"2024-02-28 14:19:40",25,
"skin temperature","2024-02-28 14:19:40",35,
FAT_PERCENT,"2024-02-27 07:22:31",24,
FAT_FREE_MASS,"2024-02-27 07:22:31",56,
"Fat Free Percent","2024-02-27 07:22:31",76,
MUSCLE_PERCENT,"2024-02-27 07:22:31",73,
BONE_PERCENT,"2024-02-27 07:22:31",4,
WATER_PERCENT,"2024-02-27 07:22:31",53,
FAT_PERCENT,"2024-02-26 06:57:00",24,
FAT_FREE_MASS,"2024-02-26 06:57:00",56,
"Fat Free Percent","2024-02-26 06:57:00",76,
MUSCLE_PERCENT,"2024-02-26 06:57:00",72,
BONE_PERCENT,"2024-02-26 06:57:00",4,
WATER_PERCENT,"2024-02-26 06:57:00",53,
FAT_PERCENT,"2024-02-24 08:06:10",24,
FAT_FREE_MASS,"2024-02-24 08:06:10",56,
"Fat Free Percent","2024-02-24 08:06:10",76,
MUSCLE_PERCENT,"2024-02-24 08:06:10",72,
BONE_PERCENT,"2024-02-24 08:06:10",4,
WATER_PERCENT,"2024-02-24 08:06:10",53,
FAT_PERCENT,"2024-02-23 06:10:18",23,
FAT_FREE_MASS,"2024-02-23 06:10:18",56,
"Fat Free Percent","2024-02-23 06:10:18",77,
MUSCLE_PERCENT,"2024-02-23 06:10:18",73,
BONE_PERCENT,"2024-02-23 06:10:18",4,
WATER_PERCENT,"2024-02-23 06:10:18",53,
FAT_PERCENT,"2024-02-20 06:40:39",23,
FAT_FREE_MASS,"2024-02-20 06:40:39",57,
"Fat Free Percent","2024-02-20 06:40:39",77,
MUSCLE_PERCENT,"2024-02-20 06:40:39",73,
BONE_PERCENT,"2024-02-20 06:40:39",4,
WATER_PERCENT,"2024-02-20 06:40:39",53,
FAT_PERCENT,"2024-02-18 08:39:30",23,
FAT_FREE_MASS,"2024-02-18 08:39:30",56,
"Fat Free Percent","2024-02-18 08:39:30",77,
MUSCLE_PERCENT,"2024-02-18 08:39:30",73,
BONE_PERCENT,"2024-02-18 08:39:30",4,
WATER_PERCENT,"2024-02-18 08:39:30",53,
FAT_PERCENT,"2024-02-16 06:13:40",24,
FAT_FREE_MASS,"2024-02-16 06:13:40",55,
"Fat Free Percent","2024-02-16 06:13:40",76,
MUSCLE_PERCENT,"2024-02-16 06:13:40",72,
BONE_PERCENT,"2024-02-16 06:13:40",4,
WATER_PERCENT,"2024-02-16 06:13:40",53,
FAT_PERCENT,"2024-02-14 06:41:17",23,
FAT_FREE_MASS,"2024-02-14 06:41:17",56,
"Fat Free Percent","2024-02-14 06:41:17",77,
MUSCLE_PERCENT,"2024-02-14 06:41:17",73,
BONE_PERCENT,"2024-02-14 06:41:17",4,
WATER_PERCENT,"2024-02-14 06:41:17",53,
FAT_PERCENT,"2024-02-10 07:42:11",24,
FAT_FREE_MASS,"2024-02-10 07:42:11",56,
"Fat Free Percent","2024-02-10 07:42:11",76,
MUSCLE_PERCENT,"2024-02-10 07:42:11",72,
BONE_PERCENT,"2024-02-10 07:42:11",4,
WATER_PERCENT,"2024-02-10 07:42:11",53,
FAT_PERCENT,"2024-02-09 06:46:53",23,
FAT_FREE_MASS,"2024-02-09 06:46:53",57,
"Fat Free Percent","2024-02-09 06:46:53",77,
MUSCLE_PERCENT,"2024-02-09 06:46:53",73,
BONE_PERCENT,"2024-02-09 06:46:53",4,
WATER_PERCENT,"2024-02-09 06:46:53",53,
FAT_PERCENT,"2024-02-07 07:05:26",24,
FAT_FREE_MASS,"2024-02-07 07:05:26",56,
"Fat Free Percent","2024-02-07 07:05:26",76,
MUSCLE_PERCENT,"2024-02-07 07:05:26",73,
BONE_PERCENT,"2024-02-07 07:05:26",4,
WATER_PERCENT,"2024-02-07 07:05:26",53,
FAT_PERCENT,"2024-02-06 08:02:05",23,
FAT_FREE_MASS,"2024-02-06 08:02:05",57,
"Fat Free Percent","2024-02-06 08:02:05",77,
MUSCLE_PERCENT,"2024-02-06 08:02:05",73,
BONE_PERCENT,"2024-02-06 08:02:05",4,
WATER_PERCENT,"2024-02-06 08:02:05",53,
FAT_PERCENT,"2024-02-04 07:52:55",24,
FAT_FREE_MASS,"2024-02-04 07:52:55",56,
"Fat Free Percent","2024-02-04 07:52:55",76,
MUSCLE_PERCENT,"2024-02-04 07:52:55",72,
BONE_PERCENT,"2024-02-04 07:52:55",4,
WATER_PERCENT,"2024-02-04 07:52:55",53,
FAT_PERCENT,"2024-02-03 08:56:13",24,
FAT_FREE_MASS,"2024-02-03 08:56:13",57,
"Fat Free Percent","2024-02-03 08:56:13",76,
MUSCLE_PERCENT,"2024-02-03 08:56:13",72,
BONE_PERCENT,"2024-02-03 08:56:13",4,
WATER_PERCENT,"2024-02-03 08:56:13",53,
FAT_PERCENT,"2024-02-02 06:49:13",24,
FAT_FREE_MASS,"2024-02-02 06:49:13",57,
"Fat Free Percent","2024-02-02 06:49:13",76,
MUSCLE_PERCENT,"2024-02-02 06:49:13",72,
BONE_PERCENT,"2024-02-02 06:49:13",4,
WATER_PERCENT,"2024-02-02 06:49:13",53,
FAT_PERCENT,"2024-01-31 06:54:34",24,
FAT_FREE_MASS,"2024-01-31 06:54:34",57,
"Fat Free Percent","2024-01-31 06:54:34",76,
MUSCLE_PERCENT,"2024-01-31 06:54:34",73,
BONE_PERCENT,"2024-01-31 06:54:34",4,
WATER_PERCENT,"2024-01-31 06:54:34",53,
FAT_PERCENT,"2024-01-30 07:26:24",23,
FAT_FREE_MASS,"2024-01-30 07:26:24",58,
"Fat Free Percent","2024-01-30 07:26:24",77,
MUSCLE_PERCENT,"2024-01-30 07:26:24",73,
BONE_PERCENT,"2024-01-30 07:26:24",4,
WATER_PERCENT,"2024-01-30 07:26:24",53,
FAT_PERCENT,"2024-01-29 07:22:01",24,
FAT_FREE_MASS,"2024-01-29 07:22:01",56,
"Fat Free Percent","2024-01-29 07:22:01",76,
MUSCLE_PERCENT,"2024-01-29 07:22:01",72,
BONE_PERCENT,"2024-01-29 07:22:01",4,
WATER_PERCENT,"2024-01-29 07:22:01",53,
FAT_PERCENT,"2024-01-24 06:58:36",24,
FAT_FREE_MASS,"2024-01-24 06:58:36",56,
"Fat Free Percent","2024-01-24 06:58:36",76,
MUSCLE_PERCENT,"2024-01-24 06:58:36",72,
BONE_PERCENT,"2024-01-24 06:58:36",4,
WATER_PERCENT,"2024-01-24 06:58:36",53,
FAT_PERCENT,"2024-01-23 07:14:21",23,
FAT_FREE_MASS,"2024-01-23 07:14:21",57,
"Fat Free Percent","2024-01-23 07:14:21",77,
MUSCLE_PERCENT,"2024-01-23 07:14:21",73,
BONE_PERCENT,"2024-01-23 07:14:21",4,
WATER_PERCENT,"2024-01-23 07:14:21",53,
FAT_PERCENT,"2024-01-21 09:17:15",24,
FAT_FREE_MASS,"2024-01-21 09:17:15",56,
"Fat Free Percent","2024-01-21 09:17:15",76,
MUSCLE_PERCENT,"2024-01-21 09:17:15",72,
BONE_PERCENT,"2024-01-21 09:17:15",4,
WATER_PERCENT,"2024-01-21 09:17:15",53,
FAT_PERCENT,"2024-01-20 07:49:39",24,
FAT_FREE_MASS,"2024-01-20 07:49:39",56,
"Fat Free Percent","2024-01-20 07:49:39",76,
MUSCLE_PERCENT,"2024-01-20 07:49:39",72,
BONE_PERCENT,"2024-01-20 07:49:39",4,
WATER_PERCENT,"2024-01-20 07:49:39",53,
FAT_PERCENT,"2024-01-19 07:05:00",25,
FAT_FREE_MASS,"2024-01-19 07:05:00",56,
"Fat Free Percent","2024-01-19 07:05:00",75,
MUSCLE_PERCENT,"2024-01-19 07:05:00",72,
BONE_PERCENT,"2024-01-19 07:05:00",4,
WATER_PERCENT,"2024-01-19 07:05:00",52,
FAT_PERCENT,"2024-01-18 05:36:59",24,
FAT_FREE_MASS,"2024-01-18 05:36:59",56,
"Fat Free Percent","2024-01-18 05:36:59",76,
MUSCLE_PERCENT,"2024-01-18 05:36:59",72,
BONE_PERCENT,"2024-01-18 05:36:59",4,
WATER_PERCENT,"2024-01-18 05:36:59",53,
FAT_PERCENT,"2024-01-17 07:41:07",24,
FAT_FREE_MASS,"2024-01-17 07:41:07",56,
"Fat Free Percent","2024-01-17 07:41:07",76,
MUSCLE_PERCENT,"2024-01-17 07:41:07",72,
BONE_PERCENT,"2024-01-17 07:41:07",4,
WATER_PERCENT,"2024-01-17 07:41:07",53,
FAT_PERCENT,"2024-01-15 06:47:52",24,
FAT_FREE_MASS,"2024-01-15 06:47:52",56,
"Fat Free Percent","2024-01-15 06:47:52",76,
MUSCLE_PERCENT,"2024-01-15 06:47:52",72,
BONE_PERCENT,"2024-01-15 06:47:52",4,
WATER_PERCENT,"2024-01-15 06:47:52",53,
FAT_PERCENT,"2024-01-13 08:13:40",24,
FAT_FREE_MASS,"2024-01-13 08:13:40",56,
"Fat Free Percent","2024-01-13 08:13:40",76,
MUSCLE_PERCENT,"2024-01-13 08:13:40",72,
BONE_PERCENT,"2024-01-13 08:13:40",4,
WATER_PERCENT,"2024-01-13 08:13:40",53,
FAT_PERCENT,"2024-01-12 06:47:15",24,
FAT_FREE_MASS,"2024-01-12 06:47:15",57,
"Fat Free Percent","2024-01-12 06:47:15",76,
MUSCLE_PERCENT,"2024-01-12 06:47:15",72,
BONE_PERCENT,"2024-01-12 06:47:15",4,
WATER_PERCENT,"2024-01-12 06:47:15",53,
FAT_PERCENT,"2024-01-10 06:48:49",24,
FAT_FREE_MASS,"2024-01-10 06:48:49",57,
"Fat Free Percent","2024-01-10 06:48:49",76,
MUSCLE_PERCENT,"2024-01-10 06:48:49",72,
BONE_PERCENT,"2024-01-10 06:48:49",4,
WATER_PERCENT,"2024-01-10 06:48:49",53,
FAT_PERCENT,"2024-01-08 06:25:24",24,
FAT_FREE_MASS,"2024-01-08 06:25:24",56,
"Fat Free Percent","2024-01-08 06:25:24",76,
MUSCLE_PERCENT,"2024-01-08 06:25:24",72,
BONE_PERCENT,"2024-01-08 06:25:24",4,
WATER_PERCENT,"2024-01-08 06:25:24",53,
FAT_PERCENT,"2024-01-07 10:19:59",22,
FAT_FREE_MASS,"2024-01-07 10:19:59",57,
"Fat Free Percent","2024-01-07 10:19:59",78,
MUSCLE_PERCENT,"2024-01-07 10:19:59",74,
BONE_PERCENT,"2024-01-07 10:19:59",4,
WATER_PERCENT,"2024-01-07 10:19:59",54,
FAT_PERCENT,"2024-01-05 07:58:50",24,
FAT_FREE_MASS,"2024-01-05 07:58:50",56,
"Fat Free Percent","2024-01-05 07:58:50",76,
MUSCLE_PERCENT,"2024-01-05 07:58:50",72,
BONE_PERCENT,"2024-01-05 07:58:50",4,
WATER_PERCENT,"2024-01-05 07:58:50",53,
FAT_PERCENT,"2024-01-03 08:07:43",24,
FAT_FREE_MASS,"2024-01-03 08:07:43",55,
"Fat Free Percent","2024-01-03 08:07:43",76,
MUSCLE_PERCENT,"2024-01-03 08:07:43",72,
BONE_PERCENT,"2024-01-03 08:07:43",4,
WATER_PERCENT,"2024-01-03 08:07:43",53,
FAT_PERCENT,"2024-01-02 07:27:26",23,
FAT_FREE_MASS,"2024-01-02 07:27:26",57,
"Fat Free Percent","2024-01-02 07:27:26",77,
MUSCLE_PERCENT,"2024-01-02 07:27:26",73,
BONE_PERCENT,"2024-01-02 07:27:26",4,
WATER_PERCENT,"2024-01-02 07:27:26",53,
FAT_PERCENT,"2024-01-01 09:13:54",24,
FAT_FREE_MASS,"2024-01-01 09:13:54",56,
"Fat Free Percent","2024-01-01 09:13:54",76,
MUSCLE_PERCENT,"2024-01-01 09:13:54",73,
BONE_PERCENT,"2024-01-01 09:13:54",4,
WATER_PERCENT,"2024-01-01 09:13:54",53,
FAT_PERCENT,"2023-12-31 08:12:57",23,
FAT_FREE_MASS,"2023-12-31 08:12:57",57,
"Fat Free Percent","2023-12-31 08:12:57",77,
MUSCLE_PERCENT,"2023-12-31 08:12:57",73,
BONE_PERCENT,"2023-12-31 08:12:57",4,
WATER_PERCENT,"2023-12-31 08:12:57",53,
FAT_PERCENT,"2023-12-30 08:43:06",23,
FAT_FREE_MASS,"2023-12-30 08:43:06",56,
"Fat Free Percent","2023-12-30 08:43:06",77,
MUSCLE_PERCENT,"2023-12-30 08:43:06",73,
BONE_PERCENT,"2023-12-30 08:43:06",4,
WATER_PERCENT,"2023-12-30 08:43:06",53,
FAT_PERCENT,"2023-12-29 08:16:33",23,
FAT_FREE_MASS,"2023-12-29 08:16:33",56,
"Fat Free Percent","2023-12-29 08:16:33",77,
MUSCLE_PERCENT,"2023-12-29 08:16:33",73,
BONE_PERCENT,"2023-12-29 08:16:33",4,
WATER_PERCENT,"2023-12-29 08:16:33",53,
FAT_PERCENT,"2023-12-27 06:46:47",23,
FAT_FREE_MASS,"2023-12-27 06:46:47",56,
"Fat Free Percent","2023-12-27 06:46:47",77,
MUSCLE_PERCENT,"2023-12-27 06:46:47",73,
BONE_PERCENT,"2023-12-27 06:46:47",4,
WATER_PERCENT,"2023-12-27 06:46:47",53,
FAT_PERCENT,"2023-12-26 07:26:39",23,
FAT_FREE_MASS,"2023-12-26 07:26:39",56,
"Fat Free Percent","2023-12-26 07:26:39",77,
MUSCLE_PERCENT,"2023-12-26 07:26:39",73,
BONE_PERCENT,"2023-12-26 07:26:39",4,
WATER_PERCENT,"2023-12-26 07:26:39",53,
FAT_PERCENT,"2023-12-23 06:17:23",24,
FAT_FREE_MASS,"2023-12-23 06:17:23",56,
"Fat Free Percent","2023-12-23 06:17:23",76,
MUSCLE_PERCENT,"2023-12-23 06:17:23",72,
BONE_PERCENT,"2023-12-23 06:17:23",4,
WATER_PERCENT,"2023-12-23 06:17:23",53,
FAT_PERCENT,"2023-12-22 05:41:47",24,
FAT_FREE_MASS,"2023-12-22 05:41:47",56,
"Fat Free Percent","2023-12-22 05:41:47",76,
MUSCLE_PERCENT,"2023-12-22 05:41:47",72,
BONE_PERCENT,"2023-12-22 05:41:47",4,
WATER_PERCENT,"2023-12-22 05:41:47",53,
FAT_PERCENT,"2023-12-21 05:38:41",23,
FAT_FREE_MASS,"2023-12-21 05:38:41",57,
"Fat Free Percent","2023-12-21 05:38:41",77,
MUSCLE_PERCENT,"2023-12-21 05:38:41",73,
BONE_PERCENT,"2023-12-21 05:38:41",4,
WATER_PERCENT,"2023-12-21 05:38:41",53,
FAT_PERCENT,"2023-12-19 06:19:25",23,
FAT_FREE_MASS,"2023-12-19 06:19:25",57,
"Fat Free Percent","2023-12-19 06:19:25",77,
MUSCLE_PERCENT,"2023-12-19 06:19:25",73,
BONE_PERCENT,"2023-12-19 06:19:25",4,
WATER_PERCENT,"2023-12-19 06:19:25",53,
FAT_PERCENT,"2023-12-18 06:05:53",23,
FAT_FREE_MASS,"2023-12-18 06:05:53",56,
"Fat Free Percent","2023-12-18 06:05:53",77,
MUSCLE_PERCENT,"2023-12-18 06:05:53",73,
BONE_PERCENT,"2023-12-18 06:05:53",4,
WATER_PERCENT,"2023-12-18 06:05:53",53,
FAT_PERCENT,"2023-12-16 06:40:44",23,
FAT_FREE_MASS,"2023-12-16 06:40:44",57,
"Fat Free Percent","2023-12-16 06:40:44",77,
MUSCLE_PERCENT,"2023-12-16 06:40:44",73,
BONE_PERCENT,"2023-12-16 06:40:44",4,
WATER_PERCENT,"2023-12-16 06:40:44",54,
FAT_PERCENT,"2023-12-15 06:21:46",23,
FAT_FREE_MASS,"2023-12-15 06:21:46",56,
"Fat Free Percent","2023-12-15 06:21:46",77,
MUSCLE_PERCENT,"2023-12-15 06:21:46",73,
BONE_PERCENT,"2023-12-15 06:21:46",4,
WATER_PERCENT,"2023-12-15 06:21:46",53,
FAT_PERCENT,"2023-12-12 06:12:53",23,
FAT_FREE_MASS,"2023-12-12 06:12:53",56,
"Fat Free Percent","2023-12-12 06:12:53",77,
MUSCLE_PERCENT,"2023-12-12 06:12:53",73,
BONE_PERCENT,"2023-12-12 06:12:53",4,
WATER_PERCENT,"2023-12-12 06:12:53",53,
FAT_PERCENT,"2023-12-11 05:31:48",24,
FAT_FREE_MASS,"2023-12-11 05:31:48",56,
"Fat Free Percent","2023-12-11 05:31:48",76,
MUSCLE_PERCENT,"2023-12-11 05:31:48",72,
BONE_PERCENT,"2023-12-11 05:31:48",4,
WATER_PERCENT,"2023-12-11 05:31:48",53,
FAT_PERCENT,"2023-12-10 07:35:28",22,
FAT_FREE_MASS,"2023-12-10 07:35:28",57,
"Fat Free Percent","2023-12-10 07:35:28",78,
MUSCLE_PERCENT,"2023-12-10 07:35:28",74,
BONE_PERCENT,"2023-12-10 07:35:28",4,
WATER_PERCENT,"2023-12-10 07:35:28",54,
FAT_PERCENT,"2023-12-08 06:03:38",23,
FAT_FREE_MASS,"2023-12-08 06:03:38",56,
"Fat Free Percent","2023-12-08 06:03:38",77,
MUSCLE_PERCENT,"2023-12-08 06:03:38",73,
BONE_PERCENT,"2023-12-08 06:03:38",4,
WATER_PERCENT,"2023-12-08 06:03:38",53,
FAT_PERCENT,"2023-12-06 06:05:34",22,
FAT_FREE_MASS,"2023-12-06 06:05:34",56,
"Fat Free Percent","2023-12-06 06:05:34",78,
MUSCLE_PERCENT,"2023-12-06 06:05:34",74,
BONE_PERCENT,"2023-12-06 06:05:34",4,
WATER_PERCENT,"2023-12-06 06:05:34",54,
FAT_PERCENT,"2023-12-05 05:17:52",22,
FAT_FREE_MASS,"2023-12-05 05:17:52",57,
"Fat Free Percent","2023-12-05 05:17:52",78,
MUSCLE_PERCENT,"2023-12-05 05:17:52",74,
BONE_PERCENT,"2023-12-05 05:17:52",4,
WATER_PERCENT,"2023-12-05 05:17:52",54,
FAT_PERCENT,"2023-11-30 07:39:57",22,
FAT_FREE_MASS,"2023-11-30 07:39:57",56,
"Fat Free Percent","2023-11-30 07:39:57",78,
MUSCLE_PERCENT,"2023-11-30 07:39:57",74,
BONE_PERCENT,"2023-11-30 07:39:57",4,
WATER_PERCENT,"2023-11-30 07:39:57",54,
FAT_PERCENT,"2023-11-28 06:55:35",22,
FAT_FREE_MASS,"2023-11-28 06:55:35",57,
"Fat Free Percent","2023-11-28 06:55:35",78,
MUSCLE_PERCENT,"2023-11-28 06:55:35",74,
BONE_PERCENT,"2023-11-28 06:55:35",4,
WATER_PERCENT,"2023-11-28 06:55:35",54,
FAT_PERCENT,"2023-11-28 06:54:17",22,
FAT_FREE_MASS,"2023-11-28 06:54:17",57,
"Fat Free Percent","2023-11-28 06:54:17",78,
MUSCLE_PERCENT,"2023-11-28 06:54:17",74,
BONE_PERCENT,"2023-11-28 06:54:17",4,
WATER_PERCENT,"2023-11-28 06:54:17",54,
FAT_PERCENT,"2023-11-27 06:51:41",22,
FAT_FREE_MASS,"2023-11-27 06:51:41",56,
"Fat Free Percent","2023-11-27 06:51:41",78,
MUSCLE_PERCENT,"2023-11-27 06:51:41",74,
BONE_PERCENT,"2023-11-27 06:51:41",4,
WATER_PERCENT,"2023-11-27 06:51:41",54,
FAT_PERCENT,"2023-11-25 06:46:17",23,
FAT_FREE_MASS,"2023-11-25 06:46:17",56,
"Fat Free Percent","2023-11-25 06:46:17",77,
MUSCLE_PERCENT,"2023-11-25 06:46:17",73,
BONE_PERCENT,"2023-11-25 06:46:17",4,
WATER_PERCENT,"2023-11-25 06:46:17",54,
FAT_PERCENT,"2023-11-23 06:03:20",22,
FAT_FREE_MASS,"2023-11-23 06:03:20",56,
"Fat Free Percent","2023-11-23 06:03:20",78,
MUSCLE_PERCENT,"2023-11-23 06:03:20",74,
BONE_PERCENT,"2023-11-23 06:03:20",4,
WATER_PERCENT,"2023-11-23 06:03:20",54,
Temperature,"2023-11-22 06:21:17",27,
"skin temperature","2023-11-22 06:21:17",35,
FAT_PERCENT,"2023-11-22 06:18:01",22,
FAT_FREE_MASS,"2023-11-22 06:18:01",56,
"Fat Free Percent","2023-11-22 06:18:01",78,
MUSCLE_PERCENT,"2023-11-22 06:18:01",74,
BONE_PERCENT,"2023-11-22 06:18:01",4,
WATER_PERCENT,"2023-11-22 06:18:01",54,
FAT_PERCENT,"2023-11-20 07:01:35",23,
FAT_FREE_MASS,"2023-11-20 07:01:35",55,
"Fat Free Percent","2023-11-20 07:01:35",77,
MUSCLE_PERCENT,"2023-11-20 07:01:35",73,
BONE_PERCENT,"2023-11-20 07:01:35",4,
WATER_PERCENT,"2023-11-20 07:01:35",53,
FAT_PERCENT,"2023-11-18 07:42:25",23,
FAT_FREE_MASS,"2023-11-18 07:42:25",55,
"Fat Free Percent","2023-11-18 07:42:25",77,
MUSCLE_PERCENT,"2023-11-18 07:42:25",73,
BONE_PERCENT,"2023-11-18 07:42:25",4,
WATER_PERCENT,"2023-11-18 07:42:25",53,
FAT_PERCENT,"2023-11-17 07:22:44",22,
FAT_FREE_MASS,"2023-11-17 07:22:44",57,
"Fat Free Percent","2023-11-17 07:22:44",78,
MUSCLE_PERCENT,"2023-11-17 07:22:44",74,
BONE_PERCENT,"2023-11-17 07:22:44",4,
WATER_PERCENT,"2023-11-17 07:22:44",54,
FAT_PERCENT,"2023-11-16 06:43:42",23,
FAT_FREE_MASS,"2023-11-16 06:43:42",56,
"Fat Free Percent","2023-11-16 06:43:42",77,
MUSCLE_PERCENT,"2023-11-16 06:43:42",73,
BONE_PERCENT,"2023-11-16 06:43:42",4,
WATER_PERCENT,"2023-11-16 06:43:42",54,
FAT_PERCENT,"2023-11-15 06:51:24",22,
FAT_FREE_MASS,"2023-11-15 06:51:24",57,
"Fat Free Percent","2023-11-15 06:51:24",78,
MUSCLE_PERCENT,"2023-11-15 06:51:24",74,
BONE_PERCENT,"2023-11-15 06:51:24",4,
WATER_PERCENT,"2023-11-15 06:51:24",54,
FAT_PERCENT,"2023-11-15 06:48:29",22,
FAT_FREE_MASS,"2023-11-15 06:48:29",57,
"Fat Free Percent","2023-11-15 06:48:29",78,
MUSCLE_PERCENT,"2023-11-15 06:48:29",74,
BONE_PERCENT,"2023-11-15 06:48:29",4,
WATER_PERCENT,"2023-11-15 06:48:29",54,
FAT_PERCENT,"2023-11-14 07:03:57",22,
FAT_FREE_MASS,"2023-11-14 07:03:57",56,
"Fat Free Percent","2023-11-14 07:03:57",78,
MUSCLE_PERCENT,"2023-11-14 07:03:57",74,
BONE_PERCENT,"2023-11-14 07:03:57",4,
WATER_PERCENT,"2023-11-14 07:03:57",54,
FAT_PERCENT,"2023-11-12 07:12:43",23,
FAT_FREE_MASS,"2023-11-12 07:12:43",56,
"Fat Free Percent","2023-11-12 07:12:43",77,
MUSCLE_PERCENT,"2023-11-12 07:12:43",73,
BONE_PERCENT,"2023-11-12 07:12:43",4,
WATER_PERCENT,"2023-11-12 07:12:43",53,
FAT_PERCENT,"2023-11-10 06:47:15",24,
FAT_FREE_MASS,"2023-11-10 06:47:15",55,
"Fat Free Percent","2023-11-10 06:47:15",76,
MUSCLE_PERCENT,"2023-11-10 06:47:15",72,
BONE_PERCENT,"2023-11-10 06:47:15",4,
WATER_PERCENT,"2023-11-10 06:47:15",53,
FAT_PERCENT,"2023-11-09 06:24:31",23,
FAT_FREE_MASS,"2023-11-09 06:24:31",56,
"Fat Free Percent","2023-11-09 06:24:31",77,
MUSCLE_PERCENT,"2023-11-09 06:24:31",73,
BONE_PERCENT,"2023-11-09 06:24:31",4,
WATER_PERCENT,"2023-11-09 06:24:31",53,
FAT_PERCENT,"2023-11-07 06:30:43",23,
FAT_FREE_MASS,"2023-11-07 06:30:43",56,
"Fat Free Percent","2023-11-07 06:30:43",77,
MUSCLE_PERCENT,"2023-11-07 06:30:43",73,
BONE_PERCENT,"2023-11-07 06:30:43",4,
WATER_PERCENT,"2023-11-07 06:30:43",53,
FAT_PERCENT,"2023-11-03 07:02:42",23,
FAT_FREE_MASS,"2023-11-03 07:02:42",56,
"Fat Free Percent","2023-11-03 07:02:42",77,
MUSCLE_PERCENT,"2023-11-03 07:02:42",73,
BONE_PERCENT,"2023-11-03 07:02:42",4,
WATER_PERCENT,"2023-11-03 07:02:42",53,
FAT_PERCENT,"2023-11-01 06:01:38",23,
FAT_FREE_MASS,"2023-11-01 06:01:38",56,
"Fat Free Percent","2023-11-01 06:01:38",77,
MUSCLE_PERCENT,"2023-11-01 06:01:38",73,
BONE_PERCENT,"2023-11-01 06:01:38",4,
WATER_PERCENT,"2023-11-01 06:01:38",53,
FAT_PERCENT,"2023-10-29 07:36:20",23,
FAT_FREE_MASS,"2023-10-29 07:36:20",56,
"Fat Free Percent","2023-10-29 07:36:20",77,
MUSCLE_PERCENT,"2023-10-29 07:36:20",73,
BONE_PERCENT,"2023-10-29 07:36:20",4,
WATER_PERCENT,"2023-10-29 07:36:20",53,
FAT_PERCENT,"2023-10-27 07:06:57",23,
FAT_FREE_MASS,"2023-10-27 07:06:57",56,
"Fat Free Percent","2023-10-27 07:06:57",77,
MUSCLE_PERCENT,"2023-10-27 07:06:57",73,
BONE_PERCENT,"2023-10-27 07:06:57",4,
WATER_PERCENT,"2023-10-27 07:06:57",53,
FAT_PERCENT,"2023-10-26 06:58:18",22,
FAT_FREE_MASS,"2023-10-26 06:58:18",56,
"Fat Free Percent","2023-10-26 06:58:18",78,
MUSCLE_PERCENT,"2023-10-26 06:58:18",74,
BONE_PERCENT,"2023-10-26 06:58:18",4,
WATER_PERCENT,"2023-10-26 06:58:18",54,
FAT_PERCENT,"2023-10-23 06:56:19",22,
FAT_FREE_MASS,"2023-10-23 06:56:19",57,
"Fat Free Percent","2023-10-23 06:56:19",78,
MUSCLE_PERCENT,"2023-10-23 06:56:19",74,
BONE_PERCENT,"2023-10-23 06:56:19",4,
WATER_PERCENT,"2023-10-23 06:56:19",54,
FAT_PERCENT,"2023-10-20 06:40:29",23,
FAT_FREE_MASS,"2023-10-20 06:40:29",56,
"Fat Free Percent","2023-10-20 06:40:29",77,
MUSCLE_PERCENT,"2023-10-20 06:40:29",73,
BONE_PERCENT,"2023-10-20 06:40:29",4,
WATER_PERCENT,"2023-10-20 06:40:29",53,
FAT_PERCENT,"2023-10-18 07:00:44",23,
FAT_FREE_MASS,"2023-10-18 07:00:44",56,
"Fat Free Percent","2023-10-18 07:00:44",77,
MUSCLE_PERCENT,"2023-10-18 07:00:44",73,
BONE_PERCENT,"2023-10-18 07:00:44",4,
WATER_PERCENT,"2023-10-18 07:00:44",53,
FAT_PERCENT,"2023-10-16 06:57:43",23,
FAT_FREE_MASS,"2023-10-16 06:57:43",56,
"Fat Free Percent","2023-10-16 06:57:43",77,
MUSCLE_PERCENT,"2023-10-16 06:57:43",73,
BONE_PERCENT,"2023-10-16 06:57:43",4,
WATER_PERCENT,"2023-10-16 06:57:43",54,
FAT_PERCENT,"2023-10-14 07:51:07",23,
FAT_FREE_MASS,"2023-10-14 07:51:07",55,
"Fat Free Percent","2023-10-14 07:51:07",77,
MUSCLE_PERCENT,"2023-10-14 07:51:07",73,
BONE_PERCENT,"2023-10-14 07:51:07",4,
WATER_PERCENT,"2023-10-14 07:51:07",53,
FAT_PERCENT,"2023-10-11 07:34:39",23,
FAT_FREE_MASS,"2023-10-11 07:34:39",55,
"Fat Free Percent","2023-10-11 07:34:39",77,
MUSCLE_PERCENT,"2023-10-11 07:34:39",73,
BONE_PERCENT,"2023-10-11 07:34:39",4,
WATER_PERCENT,"2023-10-11 07:34:39",53,
FAT_PERCENT,"2023-10-10 07:47:15",23,
FAT_FREE_MASS,"2023-10-10 07:47:15",55,
"Fat Free Percent","2023-10-10 07:47:15",77,
MUSCLE_PERCENT,"2023-10-10 07:47:15",73,
BONE_PERCENT,"2023-10-10 07:47:15",4,
WATER_PERCENT,"2023-10-10 07:47:15",53,
FAT_PERCENT,"2023-10-09 06:57:30",23,
FAT_FREE_MASS,"2023-10-09 06:57:30",56,
"Fat Free Percent","2023-10-09 06:57:30",77,
MUSCLE_PERCENT,"2023-10-09 06:57:30",73,
BONE_PERCENT,"2023-10-09 06:57:30",4,
WATER_PERCENT,"2023-10-09 06:57:30",53,
FAT_PERCENT,"2023-10-07 08:32:24",23,
FAT_FREE_MASS,"2023-10-07 08:32:24",56,
"Fat Free Percent","2023-10-07 08:32:24",77,
MUSCLE_PERCENT,"2023-10-07 08:32:24",73,
BONE_PERCENT,"2023-10-07 08:32:24",4,
WATER_PERCENT,"2023-10-07 08:32:24",54,
FAT_PERCENT,"2023-09-27 06:27:53",23,
FAT_FREE_MASS,"2023-09-27 06:27:53",56,
"Fat Free Percent","2023-09-27 06:27:53",77,
MUSCLE_PERCENT,"2023-09-27 06:27:53",73,
BONE_PERCENT,"2023-09-27 06:27:53",4,
WATER_PERCENT,"2023-09-27 06:27:53",53,
FAT_PERCENT,"2023-09-26 07:49:53",23,
FAT_FREE_MASS,"2023-09-26 07:49:53",56,
"Fat Free Percent","2023-09-26 07:49:53",77,
MUSCLE_PERCENT,"2023-09-26 07:49:53",74,
BONE_PERCENT,"2023-09-26 07:49:53",4,
WATER_PERCENT,"2023-09-26 07:49:53",54,
FAT_PERCENT,"2023-09-23 06:40:04",23,
FAT_FREE_MASS,"2023-09-23 06:40:04",57,
"Fat Free Percent","2023-09-23 06:40:04",77,
MUSCLE_PERCENT,"2023-09-23 06:40:04",73,
BONE_PERCENT,"2023-09-23 06:40:04",4,
WATER_PERCENT,"2023-09-23 06:40:04",53,
FAT_PERCENT,"2023-09-22 06:30:43",22,
FAT_FREE_MASS,"2023-09-22 06:30:43",57,
"Fat Free Percent","2023-09-22 06:30:43",78,
MUSCLE_PERCENT,"2023-09-22 06:30:43",74,
BONE_PERCENT,"2023-09-22 06:30:43",4,
WATER_PERCENT,"2023-09-22 06:30:43",54,
FAT_PERCENT,"2023-09-19 06:38:46",23,
FAT_FREE_MASS,"2023-09-19 06:38:46",56,
"Fat Free Percent","2023-09-19 06:38:46",77,
MUSCLE_PERCENT,"2023-09-19 06:38:46",73,
BONE_PERCENT,"2023-09-19 06:38:46",4,
WATER_PERCENT,"2023-09-19 06:38:46",53,
FAT_PERCENT,"2023-09-17 09:11:27",22,
FAT_FREE_MASS,"2023-09-17 09:11:27",57,
"Fat Free Percent","2023-09-17 09:11:27",78,
MUSCLE_PERCENT,"2023-09-17 09:11:27",74,
BONE_PERCENT,"2023-09-17 09:11:27",4,
WATER_PERCENT,"2023-09-17 09:11:27",54,
FAT_PERCENT,"2023-09-15 06:30:28",23,
FAT_FREE_MASS,"2023-09-15 06:30:28",56,
"Fat Free Percent","2023-09-15 06:30:28",77,
MUSCLE_PERCENT,"2023-09-15 06:30:28",73,
BONE_PERCENT,"2023-09-15 06:30:28",4,
WATER_PERCENT,"2023-09-15 06:30:28",53,
FAT_PERCENT,"2023-09-14 06:05:38",22,
FAT_FREE_MASS,"2023-09-14 06:05:38",56,
"Fat Free Percent","2023-09-14 06:05:38",78,
MUSCLE_PERCENT,"2023-09-14 06:05:38",74,
BONE_PERCENT,"2023-09-14 06:05:38",4,
WATER_PERCENT,"2023-09-14 06:05:38",54,
FAT_PERCENT,"2023-09-13 06:13:13",23,
FAT_FREE_MASS,"2023-09-13 06:13:13",56,
"Fat Free Percent","2023-09-13 06:13:13",77,
MUSCLE_PERCENT,"2023-09-13 06:13:13",73,
BONE_PERCENT,"2023-09-13 06:13:13",4,
WATER_PERCENT,"2023-09-13 06:13:13",53,
FAT_PERCENT,"2023-09-12 07:31:19",23,
FAT_FREE_MASS,"2023-09-12 07:31:19",56,
"Fat Free Percent","2023-09-12 07:31:19",77,
MUSCLE_PERCENT,"2023-09-12 07:31:19",73,
BONE_PERCENT,"2023-09-12 07:31:19",4,
WATER_PERCENT,"2023-09-12 07:31:19",53,
FAT_PERCENT,"2023-09-08 07:06:07",22,
FAT_FREE_MASS,"2023-09-08 07:06:07",56,
"Fat Free Percent","2023-09-08 07:06:07",78,
MUSCLE_PERCENT,"2023-09-08 07:06:07",74,
BONE_PERCENT,"2023-09-08 07:06:07",4,
WATER_PERCENT,"2023-09-08 07:06:07",54,
FAT_PERCENT,"2023-09-07 06:47:06",23,
FAT_FREE_MASS,"2023-09-07 06:47:06",55,
"Fat Free Percent","2023-09-07 06:47:06",77,
MUSCLE_PERCENT,"2023-09-07 06:47:06",73,
BONE_PERCENT,"2023-09-07 06:47:06",4,
WATER_PERCENT,"2023-09-07 06:47:06",53,
FAT_PERCENT,"2023-09-05 06:47:40",22,
FAT_FREE_MASS,"2023-09-05 06:47:40",56,
"Fat Free Percent","2023-09-05 06:47:40",78,
MUSCLE_PERCENT,"2023-09-05 06:47:40",74,
BONE_PERCENT,"2023-09-05 06:47:40",4,
WATER_PERCENT,"2023-09-05 06:47:40",54,
FAT_PERCENT,"2023-09-04 06:41:51",23,
FAT_FREE_MASS,"2023-09-04 06:41:51",56,
"Fat Free Percent","2023-09-04 06:41:51",77,
MUSCLE_PERCENT,"2023-09-04 06:41:51",73,
BONE_PERCENT,"2023-09-04 06:41:51",4,
WATER_PERCENT,"2023-09-04 06:41:51",53,
FAT_PERCENT,"2023-08-30 06:33:04",23,
FAT_FREE_MASS,"2023-08-30 06:33:04",56,
"Fat Free Percent","2023-08-30 06:33:04",77,
MUSCLE_PERCENT,"2023-08-30 06:33:04",73,
BONE_PERCENT,"2023-08-30 06:33:04",4,
WATER_PERCENT,"2023-08-30 06:33:04",53,
Temperature,"2023-08-27 11:25:56",19,
"skin temperature","2023-08-27 11:25:56",34,
FAT_PERCENT,"2023-08-26 07:16:51",23,
FAT_FREE_MASS,"2023-08-26 07:16:51",56,
"Fat Free Percent","2023-08-26 07:16:51",77,
MUSCLE_PERCENT,"2023-08-26 07:16:51",73,
BONE_PERCENT,"2023-08-26 07:16:51",4,
WATER_PERCENT,"2023-08-26 07:16:51",53,
FAT_PERCENT,"2023-08-24 06:29:30",23,
FAT_FREE_MASS,"2023-08-24 06:29:30",57,
"Fat Free Percent","2023-08-24 06:29:30",77,
MUSCLE_PERCENT,"2023-08-24 06:29:30",73,
BONE_PERCENT,"2023-08-24 06:29:30",4,
WATER_PERCENT,"2023-08-24 06:29:30",54,
FAT_PERCENT,"2023-08-23 06:03:19",23,
FAT_FREE_MASS,"2023-08-23 06:03:19",57,
"Fat Free Percent","2023-08-23 06:03:19",77,
MUSCLE_PERCENT,"2023-08-23 06:03:19",73,
BONE_PERCENT,"2023-08-23 06:03:19",4,
WATER_PERCENT,"2023-08-23 06:03:19",53,
FAT_PERCENT,"2023-08-20 07:26:28",23,
FAT_FREE_MASS,"2023-08-20 07:26:28",57,
"Fat Free Percent","2023-08-20 07:26:28",77,
MUSCLE_PERCENT,"2023-08-20 07:26:28",73,
BONE_PERCENT,"2023-08-20 07:26:28",4,
WATER_PERCENT,"2023-08-20 07:26:28",53,
FAT_PERCENT,"2023-08-19 08:59:47",23,
FAT_FREE_MASS,"2023-08-19 08:59:47",56,
"Fat Free Percent","2023-08-19 08:59:47",77,
MUSCLE_PERCENT,"2023-08-19 08:59:47",73,
BONE_PERCENT,"2023-08-19 08:59:47",4,
WATER_PERCENT,"2023-08-19 08:59:47",53,
FAT_PERCENT,"2023-08-18 06:51:40",23,
FAT_FREE_MASS,"2023-08-18 06:51:40",57,
"Fat Free Percent","2023-08-18 06:51:40",77,
MUSCLE_PERCENT,"2023-08-18 06:51:40",73,
BONE_PERCENT,"2023-08-18 06:51:40",4,
WATER_PERCENT,"2023-08-18 06:51:40",54,
FAT_PERCENT,"2023-08-17 07:07:05",22,
FAT_FREE_MASS,"2023-08-17 07:07:05",57,
"Fat Free Percent","2023-08-17 07:07:05",78,
MUSCLE_PERCENT,"2023-08-17 07:07:05",74,
BONE_PERCENT,"2023-08-17 07:07:05",4,
WATER_PERCENT,"2023-08-17 07:07:05",54,
FAT_PERCENT,"2023-08-16 07:03:24",23,
FAT_FREE_MASS,"2023-08-16 07:03:24",57,
"Fat Free Percent","2023-08-16 07:03:24",77,
MUSCLE_PERCENT,"2023-08-16 07:03:24",73,
BONE_PERCENT,"2023-08-16 07:03:24",4,
WATER_PERCENT,"2023-08-16 07:03:24",54,
FAT_PERCENT,"2023-08-14 06:01:02",23,
FAT_FREE_MASS,"2023-08-14 06:01:02",56,
"Fat Free Percent","2023-08-14 06:01:02",77,
MUSCLE_PERCENT,"2023-08-14 06:01:02",73,
BONE_PERCENT,"2023-08-14 06:01:02",4,
WATER_PERCENT,"2023-08-14 06:01:02",53,
FAT_PERCENT,"2023-08-13 08:02:03",23,
FAT_FREE_MASS,"2023-08-13 08:02:03",56,
"Fat Free Percent","2023-08-13 08:02:03",77,
MUSCLE_PERCENT,"2023-08-13 08:02:03",73,
BONE_PERCENT,"2023-08-13 08:02:03",4,
WATER_PERCENT,"2023-08-13 08:02:03",53,
FAT_PERCENT,"2023-08-12 08:25:38",23,
FAT_FREE_MASS,"2023-08-12 08:25:38",57,
"Fat Free Percent","2023-08-12 08:25:38",77,
MUSCLE_PERCENT,"2023-08-12 08:25:38",73,
BONE_PERCENT,"2023-08-12 08:25:38",4,
WATER_PERCENT,"2023-08-12 08:25:38",54,
FAT_PERCENT,"2023-08-10 06:52:01",22,
FAT_FREE_MASS,"2023-08-10 06:52:01",56,
"Fat Free Percent","2023-08-10 06:52:01",78,
MUSCLE_PERCENT,"2023-08-10 06:52:01",74,
BONE_PERCENT,"2023-08-10 06:52:01",4,
WATER_PERCENT,"2023-08-10 06:52:01",54,
FAT_PERCENT,"2023-08-09 06:26:31",23,
FAT_FREE_MASS,"2023-08-09 06:26:31",56,
"Fat Free Percent","2023-08-09 06:26:31",77,
MUSCLE_PERCENT,"2023-08-09 06:26:31",73,
BONE_PERCENT,"2023-08-09 06:26:31",4,
WATER_PERCENT,"2023-08-09 06:26:31",53,
FAT_PERCENT,"2023-08-06 07:49:15",23,
FAT_FREE_MASS,"2023-08-06 07:49:15",56,
"Fat Free Percent","2023-08-06 07:49:15",77,
MUSCLE_PERCENT,"2023-08-06 07:49:15",73,
BONE_PERCENT,"2023-08-06 07:49:15",4,
WATER_PERCENT,"2023-08-06 07:49:15",53,
FAT_PERCENT,"2023-08-04 07:32:26",23,
FAT_FREE_MASS,"2023-08-04 07:32:26",56,
"Fat Free Percent","2023-08-04 07:32:26",77,
MUSCLE_PERCENT,"2023-08-04 07:32:26",73,
BONE_PERCENT,"2023-08-04 07:32:26",4,
WATER_PERCENT,"2023-08-04 07:32:26",53,
FAT_PERCENT,"2023-08-01 06:38:33",23,
FAT_FREE_MASS,"2023-08-01 06:38:33",56,
"Fat Free Percent","2023-08-01 06:38:33",77,
MUSCLE_PERCENT,"2023-08-01 06:38:33",73,
BONE_PERCENT,"2023-08-01 06:38:33",4,
WATER_PERCENT,"2023-08-01 06:38:33",53,
FAT_PERCENT,"2023-07-28 06:40:51",22,
FAT_FREE_MASS,"2023-07-28 06:40:51",57,
"Fat Free Percent","2023-07-28 06:40:51",78,
MUSCLE_PERCENT,"2023-07-28 06:40:51",74,
BONE_PERCENT,"2023-07-28 06:40:51",4,
WATER_PERCENT,"2023-07-28 06:40:51",54,
FAT_PERCENT,"2023-07-26 06:50:55",23,
FAT_FREE_MASS,"2023-07-26 06:50:55",56,
"Fat Free Percent","2023-07-26 06:50:55",77,
MUSCLE_PERCENT,"2023-07-26 06:50:55",73,
BONE_PERCENT,"2023-07-26 06:50:55",4,
WATER_PERCENT,"2023-07-26 06:50:55",53,
FAT_PERCENT,"2023-07-24 06:58:17",23,
FAT_FREE_MASS,"2023-07-24 06:58:17",57,
"Fat Free Percent","2023-07-24 06:58:17",77,
MUSCLE_PERCENT,"2023-07-24 06:58:17",73,
BONE_PERCENT,"2023-07-24 06:58:17",4,
WATER_PERCENT,"2023-07-24 06:58:17",54,
FAT_PERCENT,"2023-07-23 07:33:56",23,
FAT_FREE_MASS,"2023-07-23 07:33:56",56,
"Fat Free Percent","2023-07-23 07:33:56",77,
MUSCLE_PERCENT,"2023-07-23 07:33:56",73,
BONE_PERCENT,"2023-07-23 07:33:56",4,
WATER_PERCENT,"2023-07-23 07:33:56",53,
FAT_PERCENT,"2023-07-21 07:24:17",23,
FAT_FREE_MASS,"2023-07-21 07:24:17",57,
"Fat Free Percent","2023-07-21 07:24:17",77,
MUSCLE_PERCENT,"2023-07-21 07:24:17",73,
BONE_PERCENT,"2023-07-21 07:24:17",4,
WATER_PERCENT,"2023-07-21 07:24:17",53,
FAT_PERCENT,"2023-07-19 07:06:48",23,
FAT_FREE_MASS,"2023-07-19 07:06:48",57,
"Fat Free Percent","2023-07-19 07:06:48",77,
MUSCLE_PERCENT,"2023-07-19 07:06:48",73,
BONE_PERCENT,"2023-07-19 07:06:48",4,
WATER_PERCENT,"2023-07-19 07:06:48",54,
FAT_PERCENT,"2023-07-17 07:13:57",24,
FAT_FREE_MASS,"2023-07-17 07:13:57",56,
"Fat Free Percent","2023-07-17 07:13:57",76,
MUSCLE_PERCENT,"2023-07-17 07:13:57",72,
BONE_PERCENT,"2023-07-17 07:13:57",4,
WATER_PERCENT,"2023-07-17 07:13:57",53,
FAT_PERCENT,"2023-07-15 08:43:10",23,
FAT_FREE_MASS,"2023-07-15 08:43:10",57,
"Fat Free Percent","2023-07-15 08:43:10",77,
MUSCLE_PERCENT,"2023-07-15 08:43:10",73,
BONE_PERCENT,"2023-07-15 08:43:10",4,
WATER_PERCENT,"2023-07-15 08:43:10",54,
FAT_PERCENT,"2023-07-12 06:51:00",23,
FAT_FREE_MASS,"2023-07-12 06:51:00",57,
"Fat Free Percent","2023-07-12 06:51:00",77,
MUSCLE_PERCENT,"2023-07-12 06:51:00",73,
BONE_PERCENT,"2023-07-12 06:51:00",4,
WATER_PERCENT,"2023-07-12 06:51:00",54,
Temperature,"2023-07-04 16:59:27",18,
"skin temperature","2023-07-04 16:59:27",33,
Temperature,"2023-07-04 16:49:34",19,
"skin temperature","2023-07-04 16:49:34",32,
Temperature,"2023-07-04 16:48:41",19,
"skin temperature","2023-07-04 16:48:41",32,
FAT_PERCENT,"2023-07-03 07:26:10",23,
FAT_FREE_MASS,"2023-07-03 07:26:10",56,
"Fat Free Percent","2023-07-03 07:26:10",77,
MUSCLE_PERCENT,"2023-07-03 07:26:10",73,
BONE_PERCENT,"2023-07-03 07:26:10",4,
WATER_PERCENT,"2023-07-03 07:26:10",53,
FAT_PERCENT,"2023-06-26 07:32:14",23,
FAT_FREE_MASS,"2023-06-26 07:32:14",56,
"Fat Free Percent","2023-06-26 07:32:14",77,
MUSCLE_PERCENT,"2023-06-26 07:32:14",73,
BONE_PERCENT,"2023-06-26 07:32:14",4,
WATER_PERCENT,"2023-06-26 07:32:14",54,
FAT_PERCENT,"2023-06-24 07:47:47",24,
FAT_FREE_MASS,"2023-06-24 07:47:47",56,
"Fat Free Percent","2023-06-24 07:47:47",76,
MUSCLE_PERCENT,"2023-06-24 07:47:47",72,
BONE_PERCENT,"2023-06-24 07:47:47",4,
WATER_PERCENT,"2023-06-24 07:47:47",53,
FAT_PERCENT,"2023-06-22 07:31:34",24,
FAT_FREE_MASS,"2023-06-22 07:31:34",55,
"Fat Free Percent","2023-06-22 07:31:34",76,
MUSCLE_PERCENT,"2023-06-22 07:31:34",73,
BONE_PERCENT,"2023-06-22 07:31:34",4,
WATER_PERCENT,"2023-06-22 07:31:34",53,
FAT_PERCENT,"2023-06-21 08:12:02",22,
FAT_FREE_MASS,"2023-06-21 08:12:02",57,
"Fat Free Percent","2023-06-21 08:12:02",78,
MUSCLE_PERCENT,"2023-06-21 08:12:02",74,
BONE_PERCENT,"2023-06-21 08:12:02",4,
WATER_PERCENT,"2023-06-21 08:12:02",54,
FAT_PERCENT,"2023-06-20 07:51:04",22,
FAT_FREE_MASS,"2023-06-20 07:51:04",56,
"Fat Free Percent","2023-06-20 07:51:04",78,
MUSCLE_PERCENT,"2023-06-20 07:51:04",74,
BONE_PERCENT,"2023-06-20 07:51:04",4,
WATER_PERCENT,"2023-06-20 07:51:04",54,
FAT_PERCENT,"2023-06-18 09:37:53",24,
FAT_FREE_MASS,"2023-06-18 09:37:53",55,
"Fat Free Percent","2023-06-18 09:37:53",76,
MUSCLE_PERCENT,"2023-06-18 09:37:53",72,
BONE_PERCENT,"2023-06-18 09:37:53",4,
WATER_PERCENT,"2023-06-18 09:37:53",53,
FAT_PERCENT,"2023-06-16 08:36:45",24,
FAT_FREE_MASS,"2023-06-16 08:36:45",55,
"Fat Free Percent","2023-06-16 08:36:45",76,
MUSCLE_PERCENT,"2023-06-16 08:36:45",73,
BONE_PERCENT,"2023-06-16 08:36:45",4,
WATER_PERCENT,"2023-06-16 08:36:45",53,
FAT_PERCENT,"2023-06-12 07:20:50",23,
FAT_FREE_MASS,"2023-06-12 07:20:50",56,
"Fat Free Percent","2023-06-12 07:20:50",77,
MUSCLE_PERCENT,"2023-06-12 07:20:50",73,
BONE_PERCENT,"2023-06-12 07:20:50",4,
WATER_PERCENT,"2023-06-12 07:20:50",53,
FAT_PERCENT,"2023-06-10 09:55:37",23,
FAT_FREE_MASS,"2023-06-10 09:55:37",57,
"Fat Free Percent","2023-06-10 09:55:37",77,
MUSCLE_PERCENT,"2023-06-10 09:55:37",73,
BONE_PERCENT,"2023-06-10 09:55:37",4,
WATER_PERCENT,"2023-06-10 09:55:37",53,
FAT_PERCENT,"2023-06-09 07:33:54",24,
FAT_FREE_MASS,"2023-06-09 07:33:54",56,
"Fat Free Percent","2023-06-09 07:33:54",76,
MUSCLE_PERCENT,"2023-06-09 07:33:54",72,
BONE_PERCENT,"2023-06-09 07:33:54",4,
WATER_PERCENT,"2023-06-09 07:33:54",53,
FAT_PERCENT,"2023-06-08 07:31:30",23,
FAT_FREE_MASS,"2023-06-08 07:31:30",57,
"Fat Free Percent","2023-06-08 07:31:30",77,
MUSCLE_PERCENT,"2023-06-08 07:31:30",73,
BONE_PERCENT,"2023-06-08 07:31:30",4,
WATER_PERCENT,"2023-06-08 07:31:30",53,
FAT_PERCENT,"2023-06-07 08:15:22",24,
FAT_FREE_MASS,"2023-06-07 08:15:22",57,
"Fat Free Percent","2023-06-07 08:15:22",76,
MUSCLE_PERCENT,"2023-06-07 08:15:22",72,
BONE_PERCENT,"2023-06-07 08:15:22",4,
WATER_PERCENT,"2023-06-07 08:15:22",53,
FAT_PERCENT,"2023-06-06 07:09:46",25,
FAT_FREE_MASS,"2023-06-06 07:09:46",56,
"Fat Free Percent","2023-06-06 07:09:46",75,
MUSCLE_PERCENT,"2023-06-06 07:09:46",71,
BONE_PERCENT,"2023-06-06 07:09:46",4,
WATER_PERCENT,"2023-06-06 07:09:46",52,
FAT_PERCENT,"2023-06-05 09:05:12",24,
FAT_FREE_MASS,"2023-06-05 09:05:12",56,
"Fat Free Percent","2023-06-05 09:05:12",76,
MUSCLE_PERCENT,"2023-06-05 09:05:12",72,
BONE_PERCENT,"2023-06-05 09:05:12",4,
WATER_PERCENT,"2023-06-05 09:05:12",53,
FAT_PERCENT,"2023-06-03 08:51:49",25,
FAT_FREE_MASS,"2023-06-03 08:51:49",55,
"Fat Free Percent","2023-06-03 08:51:49",75,
MUSCLE_PERCENT,"2023-06-03 08:51:49",71,
BONE_PERCENT,"2023-06-03 08:51:49",4,
WATER_PERCENT,"2023-06-03 08:51:49",52,
FAT_PERCENT,"2023-05-31 07:25:47",23,
FAT_FREE_MASS,"2023-05-31 07:25:47",56,
"Fat Free Percent","2023-05-31 07:25:47",77,
MUSCLE_PERCENT,"2023-05-31 07:25:47",73,
BONE_PERCENT,"2023-05-31 07:25:47",4,
WATER_PERCENT,"2023-05-31 07:25:47",53,
FAT_PERCENT,"2023-05-30 07:37:13",23,
FAT_FREE_MASS,"2023-05-30 07:37:13",56,
"Fat Free Percent","2023-05-30 07:37:13",77,
MUSCLE_PERCENT,"2023-05-30 07:37:13",73,
BONE_PERCENT,"2023-05-30 07:37:13",4,
WATER_PERCENT,"2023-05-30 07:37:13",53,
FAT_PERCENT,"2023-05-25 07:19:31",24,
FAT_FREE_MASS,"2023-05-25 07:19:31",56,
"Fat Free Percent","2023-05-25 07:19:31",76,
MUSCLE_PERCENT,"2023-05-25 07:19:31",72,
BONE_PERCENT,"2023-05-25 07:19:31",4,
WATER_PERCENT,"2023-05-25 07:19:31",53,
FAT_PERCENT,"2023-05-24 06:46:57",24,
FAT_FREE_MASS,"2023-05-24 06:46:57",56,
"Fat Free Percent","2023-05-24 06:46:57",76,
MUSCLE_PERCENT,"2023-05-24 06:46:57",72,
BONE_PERCENT,"2023-05-24 06:46:57",4,
WATER_PERCENT,"2023-05-24 06:46:57",53,
FAT_PERCENT,"2023-05-22 07:03:14",24,
FAT_FREE_MASS,"2023-05-22 07:03:14",56,
"Fat Free Percent","2023-05-22 07:03:14",76,
MUSCLE_PERCENT,"2023-05-22 07:03:14",72,
BONE_PERCENT,"2023-05-22 07:03:14",4,
WATER_PERCENT,"2023-05-22 07:03:14",53,
FAT_PERCENT,"2023-05-21 10:11:50",25,
FAT_FREE_MASS,"2023-05-21 10:11:50",55,
"Fat Free Percent","2023-05-21 10:11:50",75,
MUSCLE_PERCENT,"2023-05-21 10:11:50",71,
BONE_PERCENT,"2023-05-21 10:11:50",4,
WATER_PERCENT,"2023-05-21 10:11:50",52,
FAT_PERCENT,"2023-05-19 07:17:41",23,
FAT_FREE_MASS,"2023-05-19 07:17:41",57,
"Fat Free Percent","2023-05-19 07:17:41",77,
MUSCLE_PERCENT,"2023-05-19 07:17:41",73,
BONE_PERCENT,"2023-05-19 07:17:41",4,
WATER_PERCENT,"2023-05-19 07:17:41",53,
FAT_PERCENT,"2023-05-18 07:09:14",23,
FAT_FREE_MASS,"2023-05-18 07:09:14",58,
"Fat Free Percent","2023-05-18 07:09:14",77,
MUSCLE_PERCENT,"2023-05-18 07:09:14",73,
BONE_PERCENT,"2023-05-18 07:09:14",4,
WATER_PERCENT,"2023-05-18 07:09:14",54,
FAT_PERCENT,"2023-05-15 07:32:52",23,
FAT_FREE_MASS,"2023-05-15 07:32:52",57,
"Fat Free Percent","2023-05-15 07:32:52",77,
MUSCLE_PERCENT,"2023-05-15 07:32:52",73,
BONE_PERCENT,"2023-05-15 07:32:52",4,
WATER_PERCENT,"2023-05-15 07:32:52",53,
FAT_PERCENT,"2023-05-14 09:47:47",24,
FAT_FREE_MASS,"2023-05-14 09:47:47",56,
"Fat Free Percent","2023-05-14 09:47:47",76,
MUSCLE_PERCENT,"2023-05-14 09:47:47",72,
BONE_PERCENT,"2023-05-14 09:47:47",4,
WATER_PERCENT,"2023-05-14 09:47:47",53,
FAT_PERCENT,"2023-05-10 06:48:01",23,
FAT_FREE_MASS,"2023-05-10 06:48:01",57,
"Fat Free Percent","2023-05-10 06:48:01",77,
MUSCLE_PERCENT,"2023-05-10 06:48:01",73,
BONE_PERCENT,"2023-05-10 06:48:01",4,
WATER_PERCENT,"2023-05-10 06:48:01",54,
FAT_PERCENT,"2023-05-09 07:47:50",23,
FAT_FREE_MASS,"2023-05-09 07:47:50",57,
"Fat Free Percent","2023-05-09 07:47:50",77,
MUSCLE_PERCENT,"2023-05-09 07:47:50",73,
BONE_PERCENT,"2023-05-09 07:47:50",4,
WATER_PERCENT,"2023-05-09 07:47:50",53,
FAT_PERCENT,"2023-05-07 08:26:07",24,
FAT_FREE_MASS,"2023-05-07 08:26:07",56,
"Fat Free Percent","2023-05-07 08:26:07",76,
MUSCLE_PERCENT,"2023-05-07 08:26:07",72,
BONE_PERCENT,"2023-05-07 08:26:07",4,
WATER_PERCENT,"2023-05-07 08:26:07",53,
FAT_PERCENT,"2023-05-06 07:57:58",24,
FAT_FREE_MASS,"2023-05-06 07:57:58",56,
"Fat Free Percent","2023-05-06 07:57:58",76,
MUSCLE_PERCENT,"2023-05-06 07:57:58",72,
BONE_PERCENT,"2023-05-06 07:57:58",4,
WATER_PERCENT,"2023-05-06 07:57:58",53,
FAT_PERCENT,"2023-05-04 07:18:38",24,
FAT_FREE_MASS,"2023-05-04 07:18:38",56,
"Fat Free Percent","2023-05-04 07:18:38",76,
MUSCLE_PERCENT,"2023-05-04 07:18:38",72,
BONE_PERCENT,"2023-05-04 07:18:38",4,
WATER_PERCENT,"2023-05-04 07:18:38",53,
FAT_PERCENT,"2023-04-30 08:46:30",24,
FAT_FREE_MASS,"2023-04-30 08:46:30",56,
"Fat Free Percent","2023-04-30 08:46:30",76,
MUSCLE_PERCENT,"2023-04-30 08:46:30",72,
BONE_PERCENT,"2023-04-30 08:46:30",4,
WATER_PERCENT,"2023-04-30 08:46:30",53,
FAT_PERCENT,"2023-04-28 07:11:15",23,
FAT_FREE_MASS,"2023-04-28 07:11:15",56,
"Fat Free Percent","2023-04-28 07:11:15",77,
MUSCLE_PERCENT,"2023-04-28 07:11:15",73,
BONE_PERCENT,"2023-04-28 07:11:15",4,
WATER_PERCENT,"2023-04-28 07:11:15",53,
FAT_PERCENT,"2023-04-26 07:59:50",23,
FAT_FREE_MASS,"2023-04-26 07:59:50",57,
"Fat Free Percent","2023-04-26 07:59:50",77,
MUSCLE_PERCENT,"2023-04-26 07:59:50",73,
BONE_PERCENT,"2023-04-26 07:59:50",4,
WATER_PERCENT,"2023-04-26 07:59:50",54,
FAT_PERCENT,"2023-04-23 08:41:18",25,
FAT_FREE_MASS,"2023-04-23 08:41:18",56,
"Fat Free Percent","2023-04-23 08:41:18",75,
MUSCLE_PERCENT,"2023-04-23 08:41:18",71,
BONE_PERCENT,"2023-04-23 08:41:18",4,
WATER_PERCENT,"2023-04-23 08:41:18",52,
FAT_PERCENT,"2023-04-21 07:14:42",25,
FAT_FREE_MASS,"2023-04-21 07:14:42",55,
"Fat Free Percent","2023-04-21 07:14:42",75,
MUSCLE_PERCENT,"2023-04-21 07:14:42",71,
BONE_PERCENT,"2023-04-21 07:14:42",4,
WATER_PERCENT,"2023-04-21 07:14:42",52,
FAT_PERCENT,"2023-04-18 06:58:37",25,
FAT_FREE_MASS,"2023-04-18 06:58:37",56,
"Fat Free Percent","2023-04-18 06:58:37",75,
MUSCLE_PERCENT,"2023-04-18 06:58:37",72,
BONE_PERCENT,"2023-04-18 06:58:37",4,
WATER_PERCENT,"2023-04-18 06:58:37",53,
FAT_PERCENT,"2023-04-17 07:59:20",24,
FAT_FREE_MASS,"2023-04-17 07:59:20",57,
"Fat Free Percent","2023-04-17 07:59:20",76,
MUSCLE_PERCENT,"2023-04-17 07:59:20",72,
BONE_PERCENT,"2023-04-17 07:59:20",4,
WATER_PERCENT,"2023-04-17 07:59:20",53,
FAT_PERCENT,"2023-04-12 07:17:12",23,
FAT_FREE_MASS,"2023-04-12 07:17:12",56,
"Fat Free Percent","2023-04-12 07:17:12",77,
MUSCLE_PERCENT,"2023-04-12 07:17:12",73,
BONE_PERCENT,"2023-04-12 07:17:12",4,
WATER_PERCENT,"2023-04-12 07:17:12",53,
FAT_PERCENT,"2023-04-11 06:50:40",23,
FAT_FREE_MASS,"2023-04-11 06:50:40",56,
"Fat Free Percent","2023-04-11 06:50:40",77,
MUSCLE_PERCENT,"2023-04-11 06:50:40",73,
BONE_PERCENT,"2023-04-11 06:50:40",4,
WATER_PERCENT,"2023-04-11 06:50:40",53,
FAT_PERCENT,"2023-04-09 08:20:19",24,
FAT_FREE_MASS,"2023-04-09 08:20:19",56,
"Fat Free Percent","2023-04-09 08:20:19",76,
MUSCLE_PERCENT,"2023-04-09 08:20:19",73,
BONE_PERCENT,"2023-04-09 08:20:19",4,
WATER_PERCENT,"2023-04-09 08:20:19",53,
FAT_PERCENT,"2023-04-06 07:24:57",24,
FAT_FREE_MASS,"2023-04-06 07:24:57",56,
"Fat Free Percent","2023-04-06 07:24:57",76,
MUSCLE_PERCENT,"2023-04-06 07:24:57",72,
BONE_PERCENT,"2023-04-06 07:24:57",4,
WATER_PERCENT,"2023-04-06 07:24:57",53,
FAT_PERCENT,"2023-04-03 07:25:28",23,
FAT_FREE_MASS,"2023-04-03 07:25:28",56,
"Fat Free Percent","2023-04-03 07:25:28",77,
MUSCLE_PERCENT,"2023-04-03 07:25:28",73,
BONE_PERCENT,"2023-04-03 07:25:28",4,
WATER_PERCENT,"2023-04-03 07:25:28",53,
FAT_PERCENT,"2023-03-30 07:12:53",23,
FAT_FREE_MASS,"2023-03-30 07:12:53",56,
"Fat Free Percent","2023-03-30 07:12:53",77,
MUSCLE_PERCENT,"2023-03-30 07:12:53",73,
BONE_PERCENT,"2023-03-30 07:12:53",4,
WATER_PERCENT,"2023-03-30 07:12:53",53,
FAT_PERCENT,"2023-03-29 07:04:13",23,
FAT_FREE_MASS,"2023-03-29 07:04:13",56,
"Fat Free Percent","2023-03-29 07:04:13",77,
MUSCLE_PERCENT,"2023-03-29 07:04:13",73,
BONE_PERCENT,"2023-03-29 07:04:13",4,
WATER_PERCENT,"2023-03-29 07:04:13",53,
FAT_PERCENT,"2023-03-25 06:42:40",23,
FAT_FREE_MASS,"2023-03-25 06:42:40",56,
"Fat Free Percent","2023-03-25 06:42:40",77,
MUSCLE_PERCENT,"2023-03-25 06:42:40",73,
BONE_PERCENT,"2023-03-25 06:42:40",4,
WATER_PERCENT,"2023-03-25 06:42:40",53,
FAT_PERCENT,"2023-03-22 06:26:06",23,
FAT_FREE_MASS,"2023-03-22 06:26:06",56,
"Fat Free Percent","2023-03-22 06:26:06",77,
MUSCLE_PERCENT,"2023-03-22 06:26:06",73,
BONE_PERCENT,"2023-03-22 06:26:06",4,
WATER_PERCENT,"2023-03-22 06:26:06",53,
FAT_PERCENT,"2023-03-20 07:14:26",23,
FAT_FREE_MASS,"2023-03-20 07:14:26",56,
"Fat Free Percent","2023-03-20 07:14:26",77,
MUSCLE_PERCENT,"2023-03-20 07:14:26",73,
BONE_PERCENT,"2023-03-20 07:14:26",4,
WATER_PERCENT,"2023-03-20 07:14:26",53,
FAT_PERCENT,"2023-03-18 07:27:08",23,
FAT_FREE_MASS,"2023-03-18 07:27:08",56,
"Fat Free Percent","2023-03-18 07:27:08",77,
MUSCLE_PERCENT,"2023-03-18 07:27:08",73,
BONE_PERCENT,"2023-03-18 07:27:08",4,
WATER_PERCENT,"2023-03-18 07:27:08",53,
FAT_PERCENT,"2023-03-17 07:05:21",24,
FAT_FREE_MASS,"2023-03-17 07:05:21",56,
"Fat Free Percent","2023-03-17 07:05:21",76,
MUSCLE_PERCENT,"2023-03-17 07:05:21",72,
BONE_PERCENT,"2023-03-17 07:05:21",4,
WATER_PERCENT,"2023-03-17 07:05:21",53,
FAT_PERCENT,"2023-03-15 07:22:55",23,
FAT_FREE_MASS,"2023-03-15 07:22:55",56,
"Fat Free Percent","2023-03-15 07:22:55",77,
MUSCLE_PERCENT,"2023-03-15 07:22:55",73,
BONE_PERCENT,"2023-03-15 07:22:55",4,
WATER_PERCENT,"2023-03-15 07:22:55",53,
FAT_PERCENT,"2023-03-14 06:26:02",23,
FAT_FREE_MASS,"2023-03-14 06:26:02",57,
"Fat Free Percent","2023-03-14 06:26:02",77,
MUSCLE_PERCENT,"2023-03-14 06:26:02",73,
BONE_PERCENT,"2023-03-14 06:26:02",4,
WATER_PERCENT,"2023-03-14 06:26:02",53,
FAT_PERCENT,"2023-03-13 08:06:22",23,
FAT_FREE_MASS,"2023-03-13 08:06:22",56,
"Fat Free Percent","2023-03-13 08:06:22",77,
MUSCLE_PERCENT,"2023-03-13 08:06:22",73,
BONE_PERCENT,"2023-03-13 08:06:22",4,
WATER_PERCENT,"2023-03-13 08:06:22",53,
FAT_PERCENT,"2023-03-10 07:05:43",24,
FAT_FREE_MASS,"2023-03-10 07:05:43",56,
"Fat Free Percent","2023-03-10 07:05:43",76,
MUSCLE_PERCENT,"2023-03-10 07:05:43",72,
BONE_PERCENT,"2023-03-10 07:05:43",4,
WATER_PERCENT,"2023-03-10 07:05:43",53,
FAT_PERCENT,"2023-03-09 07:08:08",23,
FAT_FREE_MASS,"2023-03-09 07:08:08",57,
"Fat Free Percent","2023-03-09 07:08:08",77,
MUSCLE_PERCENT,"2023-03-09 07:08:08",73,
BONE_PERCENT,"2023-03-09 07:08:08",4,
WATER_PERCENT,"2023-03-09 07:08:08",53,
FAT_PERCENT,"2023-03-07 07:15:26",24,
FAT_FREE_MASS,"2023-03-07 07:15:26",56,
"Fat Free Percent","2023-03-07 07:15:26",76,
MUSCLE_PERCENT,"2023-03-07 07:15:26",72,
BONE_PERCENT,"2023-03-07 07:15:26",4,
WATER_PERCENT,"2023-03-07 07:15:26",53,
FAT_PERCENT,"2023-03-05 07:30:06",24,
FAT_FREE_MASS,"2023-03-05 07:30:06",56,
"Fat Free Percent","2023-03-05 07:30:06",76,
MUSCLE_PERCENT,"2023-03-05 07:30:06",72,
BONE_PERCENT,"2023-03-05 07:30:06",4,
WATER_PERCENT,"2023-03-05 07:30:06",53,
FAT_PERCENT,"2023-03-03 06:47:29",24,
FAT_FREE_MASS,"2023-03-03 06:47:29",56,
"Fat Free Percent","2023-03-03 06:47:29",76,
MUSCLE_PERCENT,"2023-03-03 06:47:29",72,
BONE_PERCENT,"2023-03-03 06:47:29",4,
WATER_PERCENT,"2023-03-03 06:47:29",53,
FAT_PERCENT,"2023-03-02 07:17:10",23,
FAT_FREE_MASS,"2023-03-02 07:17:10",57,
"Fat Free Percent","2023-03-02 07:17:10",77,
MUSCLE_PERCENT,"2023-03-02 07:17:10",73,
BONE_PERCENT,"2023-03-02 07:17:10",4,
WATER_PERCENT,"2023-03-02 07:17:10",54,
FAT_PERCENT,"2023-03-01 06:59:12",24,
FAT_FREE_MASS,"2023-03-01 06:59:12",56,
"Fat Free Percent","2023-03-01 06:59:12",76,
MUSCLE_PERCENT,"2023-03-01 06:59:12",72,
BONE_PERCENT,"2023-03-01 06:59:12",4,
WATER_PERCENT,"2023-03-01 06:59:12",53,
FAT_PERCENT,"2023-02-26 09:01:15",24,
FAT_FREE_MASS,"2023-02-26 09:01:15",56,
"Fat Free Percent","2023-02-26 09:01:15",76,
MUSCLE_PERCENT,"2023-02-26 09:01:15",72,
BONE_PERCENT,"2023-02-26 09:01:15",4,
WATER_PERCENT,"2023-02-26 09:01:15",53,
FAT_PERCENT,"2023-02-25 09:04:25",24,
FAT_FREE_MASS,"2023-02-25 09:04:25",55,
"Fat Free Percent","2023-02-25 09:04:25",76,
MUSCLE_PERCENT,"2023-02-25 09:04:25",72,
BONE_PERCENT,"2023-02-25 09:04:25",4,
WATER_PERCENT,"2023-02-25 09:04:25",53,
FAT_PERCENT,"2023-02-19 07:23:19",24,
FAT_FREE_MASS,"2023-02-19 07:23:19",55,
"Fat Free Percent","2023-02-19 07:23:19",76,
MUSCLE_PERCENT,"2023-02-19 07:23:19",72,
BONE_PERCENT,"2023-02-19 07:23:19",4,
WATER_PERCENT,"2023-02-19 07:23:19",53,
FAT_PERCENT,"2023-02-18 08:29:08",25,
FAT_FREE_MASS,"2023-02-18 08:29:08",56,
"Fat Free Percent","2023-02-18 08:29:08",75,
MUSCLE_PERCENT,"2023-02-18 08:29:08",72,
BONE_PERCENT,"2023-02-18 08:29:08",4,
WATER_PERCENT,"2023-02-18 08:29:08",53,
FAT_PERCENT,"2023-02-17 07:38:58",24,
FAT_FREE_MASS,"2023-02-17 07:38:58",56,
"Fat Free Percent","2023-02-17 07:38:58",76,
MUSCLE_PERCENT,"2023-02-17 07:38:58",72,
BONE_PERCENT,"2023-02-17 07:38:58",4,
WATER_PERCENT,"2023-02-17 07:38:58",53,
FAT_PERCENT,"2023-02-16 06:19:27",24,
FAT_FREE_MASS,"2023-02-16 06:19:27",56,
"Fat Free Percent","2023-02-16 06:19:27",76,
MUSCLE_PERCENT,"2023-02-16 06:19:27",72,
BONE_PERCENT,"2023-02-16 06:19:27",4,
WATER_PERCENT,"2023-02-16 06:19:27",53,
FAT_PERCENT,"2023-02-15 05:52:25",24,
FAT_FREE_MASS,"2023-02-15 05:52:25",57,
"Fat Free Percent","2023-02-15 05:52:25",76,
MUSCLE_PERCENT,"2023-02-15 05:52:25",72,
BONE_PERCENT,"2023-02-15 05:52:25",4,
WATER_PERCENT,"2023-02-15 05:52:25",53,
FAT_PERCENT,"2023-02-13 06:46:41",24,
FAT_FREE_MASS,"2023-02-13 06:46:41",57,
"Fat Free Percent","2023-02-13 06:46:41",76,
MUSCLE_PERCENT,"2023-02-13 06:46:41",72,
BONE_PERCENT,"2023-02-13 06:46:41",4,
WATER_PERCENT,"2023-02-13 06:46:41",53,
FAT_PERCENT,"2023-02-10 07:13:08",26,
FAT_FREE_MASS,"2023-02-10 07:13:08",55,
"Fat Free Percent","2023-02-10 07:13:08",74,
MUSCLE_PERCENT,"2023-02-10 07:13:08",71,
BONE_PERCENT,"2023-02-10 07:13:08",4,
WATER_PERCENT,"2023-02-10 07:13:08",52,
FAT_PERCENT,"2023-02-08 07:14:46",24,
FAT_FREE_MASS,"2023-02-08 07:14:46",57,
"Fat Free Percent","2023-02-08 07:14:46",76,
MUSCLE_PERCENT,"2023-02-08 07:14:46",72,
BONE_PERCENT,"2023-02-08 07:14:46",4,
WATER_PERCENT,"2023-02-08 07:14:46",53,
FAT_PERCENT,"2023-02-03 06:35:24",26,
FAT_FREE_MASS,"2023-02-03 06:35:24",56,
"Fat Free Percent","2023-02-03 06:35:24",74,
MUSCLE_PERCENT,"2023-02-03 06:35:24",71,
BONE_PERCENT,"2023-02-03 06:35:24",4,
WATER_PERCENT,"2023-02-03 06:35:24",52,
FAT_PERCENT,"2023-02-02 07:24:34",25,
FAT_FREE_MASS,"2023-02-02 07:24:34",56,
"Fat Free Percent","2023-02-02 07:24:34",75,
MUSCLE_PERCENT,"2023-02-02 07:24:34",71,
BONE_PERCENT,"2023-02-02 07:24:34",4,
WATER_PERCENT,"2023-02-02 07:24:34",52,
FAT_PERCENT,"2023-02-01 06:53:31",24,
FAT_FREE_MASS,"2023-02-01 06:53:31",58,
"Fat Free Percent","2023-02-01 06:53:31",76,
MUSCLE_PERCENT,"2023-02-01 06:53:31",72,
BONE_PERCENT,"2023-02-01 06:53:31",4,
WATER_PERCENT,"2023-02-01 06:53:31",53,
FAT_PERCENT,"2023-01-29 07:30:26",25,
FAT_FREE_MASS,"2023-01-29 07:30:26",57,
"Fat Free Percent","2023-01-29 07:30:26",75,
MUSCLE_PERCENT,"2023-01-29 07:30:26",71,
BONE_PERCENT,"2023-01-29 07:30:26",4,
WATER_PERCENT,"2023-01-29 07:30:26",52,
FAT_PERCENT,"2023-01-27 07:14:06",26,
FAT_FREE_MASS,"2023-01-27 07:14:06",57,
"Fat Free Percent","2023-01-27 07:14:06",74,
MUSCLE_PERCENT,"2023-01-27 07:14:06",71,
BONE_PERCENT,"2023-01-27 07:14:06",4,
WATER_PERCENT,"2023-01-27 07:14:06",52,
FAT_PERCENT,"2023-01-25 07:39:51",25,
FAT_FREE_MASS,"2023-01-25 07:39:51",57,
"Fat Free Percent","2023-01-25 07:39:51",75,
MUSCLE_PERCENT,"2023-01-25 07:39:51",71,
BONE_PERCENT,"2023-01-25 07:39:51",4,
WATER_PERCENT,"2023-01-25 07:39:51",52,
FAT_PERCENT,"2023-01-24 07:22:00",25,
FAT_FREE_MASS,"2023-01-24 07:22:00",57,
"Fat Free Percent","2023-01-24 07:22:00",75,
MUSCLE_PERCENT,"2023-01-24 07:22:00",71,
BONE_PERCENT,"2023-01-24 07:22:00",4,
WATER_PERCENT,"2023-01-24 07:22:00",52,
FAT_PERCENT,"2023-01-23 07:34:29",25,
FAT_FREE_MASS,"2023-01-23 07:34:29",56,
"Fat Free Percent","2023-01-23 07:34:29",75,
MUSCLE_PERCENT,"2023-01-23 07:34:29",71,
BONE_PERCENT,"2023-01-23 07:34:29",4,
WATER_PERCENT,"2023-01-23 07:34:29",52,
FAT_PERCENT,"2023-01-21 07:01:06",25,
FAT_FREE_MASS,"2023-01-21 07:01:06",57,
"Fat Free Percent","2023-01-21 07:01:06",75,
MUSCLE_PERCENT,"2023-01-21 07:01:06",71,
BONE_PERCENT,"2023-01-21 07:01:06",4,
WATER_PERCENT,"2023-01-21 07:01:06",53,
FAT_PERCENT,"2023-01-20 07:25:56",25,
FAT_FREE_MASS,"2023-01-20 07:25:56",57,
"Fat Free Percent","2023-01-20 07:25:56",75,
MUSCLE_PERCENT,"2023-01-20 07:25:56",71,
BONE_PERCENT,"2023-01-20 07:25:56",4,
WATER_PERCENT,"2023-01-20 07:25:56",52,
FAT_PERCENT,"2023-01-19 07:29:10",25,
FAT_FREE_MASS,"2023-01-19 07:29:10",57,
"Fat Free Percent","2023-01-19 07:29:10",75,
MUSCLE_PERCENT,"2023-01-19 07:29:10",71,
BONE_PERCENT,"2023-01-19 07:29:10",4,
WATER_PERCENT,"2023-01-19 07:29:10",52,
FAT_PERCENT,"2023-01-18 06:16:12",25,
FAT_FREE_MASS,"2023-01-18 06:16:12",57,
"Fat Free Percent","2023-01-18 06:16:12",75,
MUSCLE_PERCENT,"2023-01-18 06:16:12",71,
BONE_PERCENT,"2023-01-18 06:16:12",4,
WATER_PERCENT,"2023-01-18 06:16:12",52,
FAT_PERCENT,"2023-01-17 08:02:13",25,
FAT_FREE_MASS,"2023-01-17 08:02:13",57,
"Fat Free Percent","2023-01-17 08:02:13",75,
MUSCLE_PERCENT,"2023-01-17 08:02:13",71,
BONE_PERCENT,"2023-01-17 08:02:13",4,
WATER_PERCENT,"2023-01-17 08:02:13",52,
FAT_PERCENT,"2023-01-15 08:00:50",26,
FAT_FREE_MASS,"2023-01-15 08:00:50",56,
"Fat Free Percent","2023-01-15 08:00:50",74,
MUSCLE_PERCENT,"2023-01-15 08:00:50",70,
BONE_PERCENT,"2023-01-15 08:00:50",4,
WATER_PERCENT,"2023-01-15 08:00:50",52,
FAT_PERCENT,"2023-01-14 07:46:11",26,
FAT_FREE_MASS,"2023-01-14 07:46:11",56,
"Fat Free Percent","2023-01-14 07:46:11",74,
MUSCLE_PERCENT,"2023-01-14 07:46:11",70,
BONE_PERCENT,"2023-01-14 07:46:11",4,
WATER_PERCENT,"2023-01-14 07:46:11",52,
FAT_PERCENT,"2023-01-11 07:21:26",26,
FAT_FREE_MASS,"2023-01-11 07:21:26",57,
"Fat Free Percent","2023-01-11 07:21:26",74,
MUSCLE_PERCENT,"2023-01-11 07:21:26",70,
BONE_PERCENT,"2023-01-11 07:21:26",4,
WATER_PERCENT,"2023-01-11 07:21:26",52,
FAT_PERCENT,"2023-01-06 10:08:18",24,
FAT_FREE_MASS,"2023-01-06 10:08:18",58,
"Fat Free Percent","2023-01-06 10:08:18",76,
MUSCLE_PERCENT,"2023-01-06 10:08:18",72,
BONE_PERCENT,"2023-01-06 10:08:18",4,
WATER_PERCENT,"2023-01-06 10:08:18",53,
FAT_PERCENT,"2023-01-04 09:10:31",26,
FAT_FREE_MASS,"2023-01-04 09:10:31",57,
"Fat Free Percent","2023-01-04 09:10:31",74,
MUSCLE_PERCENT,"2023-01-04 09:10:31",71,
BONE_PERCENT,"2023-01-04 09:10:31",4,
WATER_PERCENT,"2023-01-04 09:10:31",52,
FAT_PERCENT,"2023-01-03 09:13:47",26,
FAT_FREE_MASS,"2023-01-03 09:13:47",56,
"Fat Free Percent","2023-01-03 09:13:47",74,
MUSCLE_PERCENT,"2023-01-03 09:13:47",70,
BONE_PERCENT,"2023-01-03 09:13:47",4,
WATER_PERCENT,"2023-01-03 09:13:47",52,
FAT_PERCENT,"2022-12-30 10:08:32",25,
FAT_FREE_MASS,"2022-12-30 10:08:32",57,
"Fat Free Percent","2022-12-30 10:08:32",75,
MUSCLE_PERCENT,"2022-12-30 10:08:32",71,
BONE_PERCENT,"2022-12-30 10:08:32",4,
WATER_PERCENT,"2022-12-30 10:08:32",52,
FAT_PERCENT,"2022-12-25 07:33:59",26,
FAT_FREE_MASS,"2022-12-25 07:33:59",57,
"Fat Free Percent","2022-12-25 07:33:59",74,
MUSCLE_PERCENT,"2022-12-25 07:33:59",71,
BONE_PERCENT,"2022-12-25 07:33:59",4,
WATER_PERCENT,"2022-12-25 07:33:59",52,
FAT_PERCENT,"2022-12-14 06:03:09",26,
FAT_FREE_MASS,"2022-12-14 06:03:09",57,
"Fat Free Percent","2022-12-14 06:03:09",74,
MUSCLE_PERCENT,"2022-12-14 06:03:09",70,
BONE_PERCENT,"2022-12-14 06:03:09",4,
WATER_PERCENT,"2022-12-14 06:03:09",52,
FAT_PERCENT,"2022-12-09 07:03:43",25,
FAT_FREE_MASS,"2022-12-09 07:03:43",58,
"Fat Free Percent","2022-12-09 07:03:43",75,
MUSCLE_PERCENT,"2022-12-09 07:03:43",71,
BONE_PERCENT,"2022-12-09 07:03:43",4,
WATER_PERCENT,"2022-12-09 07:03:43",52,
FAT_PERCENT,"2022-12-07 07:03:51",27,
FAT_FREE_MASS,"2022-12-07 07:03:51",57,
"Fat Free Percent","2022-12-07 07:03:51",73,
MUSCLE_PERCENT,"2022-12-07 07:03:51",70,
BONE_PERCENT,"2022-12-07 07:03:51",4,
WATER_PERCENT,"2022-12-07 07:03:51",52,
FAT_PERCENT,"2022-12-05 07:32:10",25,
FAT_FREE_MASS,"2022-12-05 07:32:10",59,
"Fat Free Percent","2022-12-05 07:32:10",75,
MUSCLE_PERCENT,"2022-12-05 07:32:10",71,
BONE_PERCENT,"2022-12-05 07:32:10",4,
WATER_PERCENT,"2022-12-05 07:32:10",52,
FAT_PERCENT,"2022-11-30 07:55:17",26,
FAT_FREE_MASS,"2022-11-30 07:55:17",58,
"Fat Free Percent","2022-11-30 07:55:17",74,
MUSCLE_PERCENT,"2022-11-30 07:55:17",71,
BONE_PERCENT,"2022-11-30 07:55:17",4,
WATER_PERCENT,"2022-11-30 07:55:17",52,
FAT_PERCENT,"2022-11-29 06:38:32",28,
FAT_FREE_MASS,"2022-11-29 06:38:32",56,
"Fat Free Percent","2022-11-29 06:38:32",72,
MUSCLE_PERCENT,"2022-11-29 06:38:32",68,
BONE_PERCENT,"2022-11-29 06:38:32",4,
WATER_PERCENT,"2022-11-29 06:38:32",51,
FAT_PERCENT,"2022-11-25 09:09:00",26,
FAT_FREE_MASS,"2022-11-25 09:09:00",57,
"Fat Free Percent","2022-11-25 09:09:00",74,
MUSCLE_PERCENT,"2022-11-25 09:09:00",70,
BONE_PERCENT,"2022-11-25 09:09:00",4,
WATER_PERCENT,"2022-11-25 09:09:00",52,
FAT_PERCENT,"2022-10-19 07:38:08",30,
FAT_FREE_MASS,"2022-10-19 07:38:08",58,
"Fat Free Percent","2022-10-19 07:38:08",70,
MUSCLE_PERCENT,"2022-10-19 07:38:08",67,
BONE_PERCENT,"2022-10-19 07:38:08",4,
WATER_PERCENT,"2022-10-19 07:38:08",50,
FAT_PERCENT,"2022-04-04 08:11:56",30,
FAT_FREE_MASS,"2022-04-04 08:11:56",58,
"Fat Free Percent","2022-04-04 08:11:56",70,
MUSCLE_PERCENT,"2022-04-04 08:11:56",66,
BONE_PERCENT,"2022-04-04 08:11:56",4,
WATER_PERCENT,"2022-04-04 08:11:56",50,
FAT_PERCENT,"2022-03-25 07:37:53",30,
FAT_FREE_MASS,"2022-03-25 07:37:53",58,
"Fat Free Percent","2022-03-25 07:37:53",70,
MUSCLE_PERCENT,"2022-03-25 07:37:53",66,
BONE_PERCENT,"2022-03-25 07:37:53",4,
WATER_PERCENT,"2022-03-25 07:37:53",50,
FAT_PERCENT,"2022-03-23 07:48:13",30,
FAT_FREE_MASS,"2022-03-23 07:48:13",58,
"Fat Free Percent","2022-03-23 07:48:13",70,
MUSCLE_PERCENT,"2022-03-23 07:48:13",66,
BONE_PERCENT,"2022-03-23 07:48:13",4,
WATER_PERCENT,"2022-03-23 07:48:13",50,
FAT_PERCENT,"2022-03-16 07:35:35",31,
FAT_FREE_MASS,"2022-03-16 07:35:35",58,
"Fat Free Percent","2022-03-16 07:35:35",69,
MUSCLE_PERCENT,"2022-03-16 07:35:35",66,
BONE_PERCENT,"2022-03-16 07:35:35",4,
WATER_PERCENT,"2022-03-16 07:35:35",50,
FAT_PERCENT,"2022-03-13 08:29:23",30,
FAT_FREE_MASS,"2022-03-13 08:29:23",58,
"Fat Free Percent","2022-03-13 08:29:23",70,
MUSCLE_PERCENT,"2022-03-13 08:29:23",66,
BONE_PERCENT,"2022-03-13 08:29:23",4,
WATER_PERCENT,"2022-03-13 08:29:23",50,
FAT_PERCENT,"2022-03-06 09:19:03",30,
FAT_FREE_MASS,"2022-03-06 09:19:03",59,
"Fat Free Percent","2022-03-06 09:19:03",70,
MUSCLE_PERCENT,"2022-03-06 09:19:03",67,
BONE_PERCENT,"2022-03-06 09:19:03",4,
WATER_PERCENT,"2022-03-06 09:19:03",50,
FAT_PERCENT,"2022-03-02 07:40:08",31,
FAT_FREE_MASS,"2022-03-02 07:40:08",58,
"Fat Free Percent","2022-03-02 07:40:08",69,
MUSCLE_PERCENT,"2022-03-02 07:40:08",66,
BONE_PERCENT,"2022-03-02 07:40:08",4,
WATER_PERCENT,"2022-03-02 07:40:08",50,
FAT_PERCENT,"2022-02-23 07:29:44",29,
FAT_FREE_MASS,"2022-02-23 07:29:44",58,
"Fat Free Percent","2022-02-23 07:29:44",71,
MUSCLE_PERCENT,"2022-02-23 07:29:44",67,
BONE_PERCENT,"2022-02-23 07:29:44",4,
WATER_PERCENT,"2022-02-23 07:29:44",50,
FAT_PERCENT,"2022-02-23 07:22:07",30,
FAT_FREE_MASS,"2022-02-23 07:22:07",58,
"Fat Free Percent","2022-02-23 07:22:07",70,
MUSCLE_PERCENT,"2022-02-23 07:22:07",67,
BONE_PERCENT,"2022-02-23 07:22:07",4,
WATER_PERCENT,"2022-02-23 07:22:07",50,
FAT_PERCENT,"2022-02-23 07:21:37",30,
FAT_FREE_MASS,"2022-02-23 07:21:37",58,
"Fat Free Percent","2022-02-23 07:21:37",70,
MUSCLE_PERCENT,"2022-02-23 07:21:37",67,
BONE_PERCENT,"2022-02-23 07:21:37",4,
WATER_PERCENT,"2022-02-23 07:21:37",50,
FAT_PERCENT,"2022-02-19 08:48:11",31,
FAT_FREE_MASS,"2022-02-19 08:48:11",58,
"Fat Free Percent","2022-02-19 08:48:11",69,
MUSCLE_PERCENT,"2022-02-19 08:48:11",66,
BONE_PERCENT,"2022-02-19 08:48:11",4,
WATER_PERCENT,"2022-02-19 08:48:11",50,
FAT_PERCENT,"2022-02-16 07:13:29",29,
FAT_FREE_MASS,"2022-02-16 07:13:29",59,
"Fat Free Percent","2022-02-16 07:13:29",71,
MUSCLE_PERCENT,"2022-02-16 07:13:29",67,
BONE_PERCENT,"2022-02-16 07:13:29",4,
WATER_PERCENT,"2022-02-16 07:13:29",50,
FAT_PERCENT,"2022-02-12 07:37:35",32,
FAT_FREE_MASS,"2022-02-12 07:37:35",57,
"Fat Free Percent","2022-02-12 07:37:35",68,
MUSCLE_PERCENT,"2022-02-12 07:37:35",64,
BONE_PERCENT,"2022-02-12 07:37:35",4,
WATER_PERCENT,"2022-02-12 07:37:35",49,
FAT_PERCENT,"2022-02-10 07:07:37",30,
FAT_FREE_MASS,"2022-02-10 07:07:37",58,
"Fat Free Percent","2022-02-10 07:07:37",70,
MUSCLE_PERCENT,"2022-02-10 07:07:37",66,
BONE_PERCENT,"2022-02-10 07:07:37",4,
WATER_PERCENT,"2022-02-10 07:07:37",50,
FAT_PERCENT,"2022-02-10 07:07:00",30,
FAT_FREE_MASS,"2022-02-10 07:07:00",58,
"Fat Free Percent","2022-02-10 07:07:00",70,
MUSCLE_PERCENT,"2022-02-10 07:07:00",66,
BONE_PERCENT,"2022-02-10 07:07:00",4,
WATER_PERCENT,"2022-02-10 07:07:00",50,
FAT_PERCENT,"2022-02-05 07:00:37",29,
FAT_FREE_MASS,"2022-02-05 07:00:37",60,
"Fat Free Percent","2022-02-05 07:00:37",71,
MUSCLE_PERCENT,"2022-02-05 07:00:37",67,
BONE_PERCENT,"2022-02-05 07:00:37",4,
WATER_PERCENT,"2022-02-05 07:00:37",50,
FAT_PERCENT,"2022-02-02 07:36:10",31,
FAT_FREE_MASS,"2022-02-02 07:36:10",58,
"Fat Free Percent","2022-02-02 07:36:10",69,
MUSCLE_PERCENT,"2022-02-02 07:36:10",65,
BONE_PERCENT,"2022-02-02 07:36:10",4,
WATER_PERCENT,"2022-02-02 07:36:10",50,
FAT_PERCENT,"2022-01-30 08:11:04",32,
FAT_FREE_MASS,"2022-01-30 08:11:04",58,
"Fat Free Percent","2022-01-30 08:11:04",68,
MUSCLE_PERCENT,"2022-01-30 08:11:04",65,
BONE_PERCENT,"2022-01-30 08:11:04",4,
WATER_PERCENT,"2022-01-30 08:11:04",49,
FAT_PERCENT,"2022-01-26 08:51:46",30,
FAT_FREE_MASS,"2022-01-26 08:51:46",59,
"Fat Free Percent","2022-01-26 08:51:46",70,
MUSCLE_PERCENT,"2022-01-26 08:51:46",67,
BONE_PERCENT,"2022-01-26 08:51:46",4,
WATER_PERCENT,"2022-01-26 08:51:46",50,
FAT_PERCENT,"2022-01-22 07:33:16",31,
FAT_FREE_MASS,"2022-01-22 07:33:16",58,
"Fat Free Percent","2022-01-22 07:33:16",69,
MUSCLE_PERCENT,"2022-01-22 07:33:16",65,
BONE_PERCENT,"2022-01-22 07:33:16",4,
WATER_PERCENT,"2022-01-22 07:33:16",50,
FAT_PERCENT,"2022-01-19 07:49:42",32,
FAT_FREE_MASS,"2022-01-19 07:49:42",58,
"Fat Free Percent","2022-01-19 07:49:42",68,
MUSCLE_PERCENT,"2022-01-19 07:49:42",65,
BONE_PERCENT,"2022-01-19 07:49:42",4,
WATER_PERCENT,"2022-01-19 07:49:42",50,
FAT_PERCENT,"2022-01-15 08:21:00",32,
FAT_FREE_MASS,"2022-01-15 08:21:00",58,
"Fat Free Percent","2022-01-15 08:21:00",68,
MUSCLE_PERCENT,"2022-01-15 08:21:00",65,
BONE_PERCENT,"2022-01-15 08:21:00",4,
WATER_PERCENT,"2022-01-15 08:21:00",49,
FAT_PERCENT,"2022-01-14 07:58:01",30,
FAT_FREE_MASS,"2022-01-14 07:58:01",59,
"Fat Free Percent","2022-01-14 07:58:01",70,
MUSCLE_PERCENT,"2022-01-14 07:58:01",67,
BONE_PERCENT,"2022-01-14 07:58:01",4,
WATER_PERCENT,"2022-01-14 07:58:01",50,
FAT_PERCENT,"2022-01-13 07:21:51",30,
FAT_FREE_MASS,"2022-01-13 07:21:51",59,
"Fat Free Percent","2022-01-13 07:21:51",70,
MUSCLE_PERCENT,"2022-01-13 07:21:51",66,
BONE_PERCENT,"2022-01-13 07:21:51",4,
WATER_PERCENT,"2022-01-13 07:21:51",50,
FAT_PERCENT,"2022-01-12 21:17:06",24,
FAT_FREE_MASS,"2022-01-12 21:17:06",66,
"Fat Free Percent","2022-01-12 21:17:06",76,
MUSCLE_PERCENT,"2022-01-12 21:17:06",72,
BONE_PERCENT,"2022-01-12 21:17:06",4,
WATER_PERCENT,"2022-01-12 21:17:06",53,
FAT_PERCENT,"2022-01-11 23:28:48",30,
FAT_FREE_MASS,"2022-01-11 23:28:48",60,
"Fat Free Percent","2022-01-11 23:28:48",70,
MUSCLE_PERCENT,"2022-01-11 23:28:48",67,
BONE_PERCENT,"2022-01-11 23:28:48",4,
WATER_PERCENT,"2022-01-11 23:28:48",50,
