start,duration,value
2026-09-27T07:35:00+02:00,[60],[0.75]
2026-09-27T06:22:00+02:00,"[60,60]","[2.99,3.41]"
2026-09-27T06:18:00+02:00,[60],[3.4]
2026-09-27T06:14:00+02:00,"[60,60]","[2.08,5.47]"
2026-09-26T13:41:00+02:00,[60],[1.49]
2026-09-26T12:30:00+02:00,[60],[0.91]
2026-09-26T04:28:00+02:00,[60],[4.7]
2026-09-26T03:39:00+02:00,[60],[1.07]
2026-09-26T03:17:00+02:00,[60],[1.4]
2026-09-25T17:06:00+02:00,[60],[1.73]
2026-09-25T14:05:00+02:00,[60],[1.16]
2026-09-25T13:28:00+02:00,[60],[0.58]
2026-09-25T13:15:00+02:00,[60],[3.46]
2026-09-25T13:03:00+02:00,[60],[0.41]
2026-09-25T12:58:00+02:00,[60],[1.32]
2026-09-25T12:55:00+02:00,[60],[0.41]
2026-09-25T09:15:00+02:00,[60],[0.08]
2026-09-25T09:01:00+02:00,"[60,60]","[1.99,2.31]"
2026-09-25T06:34:00+02:00,[60],[0.75]
2026-09-25T06:22:00+02:00,[60],[1.65]
2026-09-25T04:23:00+02:00,[60],[1.74]
2026-09-24T13:11:00+02:00,[60],[0.33]
2026-09-24T11:43:00+02:00,[60],[1.32]
2026-09-24T11:08:00+02:00,[60],[0.42]
2026-09-24T08:24:00+02:00,"[60,60]","[1.16,0.83]"
2026-09-24T07:52:00+02:00,[60],[1.32]
2026-09-23T13:49:00+02:00,[60],[1.08]
2026-09-23T13:38:00+02:00,"[60,60,60,60]","[7.92,3.88,3.88,2.31]"
2026-09-23T13:36:00+02:00,"[60,60]","[7.76,6.44]"
2026-09-23T13:32:00+02:00,"[60,60,60]","[2.88,7.5,5.11]"
2026-09-23T13:18:00+02:00,"[60,60,60,60,60,60,60,60]","[9.9,4.3,3.8,2.88,5.37,10.39,2.15,5.19]"
2026-09-23T12:55:00+02:00,[60],[2.24]
2026-09-23T11:19:00+02:00,[60],[0.33]
2026-09-23T11:13:00+02:00,"[60,60]","[7.12,5.7]"
2026-09-23T10:57:00+02:00,"[60,60,60,60]","[1.08,5.21,6.45,0.99]"
2026-09-23T10:11:00+02:00,[60],[2.65]
2026-09-23T07:45:00+02:00,"[60,60]","[8.27,3.81]"
2026-09-23T07:34:00+02:00,[60],[6.3]
2026-09-23T07:31:00+02:00,[60],[2.15]
2026-09-23T07:29:00+02:00,[60],[4.39]
2026-09-23T07:21:00+02:00,"[60,60,60,60,60,60]","[1.65,1.82,1.74,2.15,2.56,4.55]"
2026-09-23T07:19:00+02:00,[60],[3.64]
2026-09-23T07:15:00+02:00,[60],[0.41]
2026-09-23T02:05:00+02:00,[60],[0.41]
2026-09-23T02:00:00+02:00,[60],[0.49]
2026-09-22T16:30:00+02:00,[60],[0.08]
2026-09-22T15:57:00+02:00,[60],[1.4]
2026-09-22T15:55:00+02:00,"[60,60]","[0.5,3.72]"
2026-09-22T12:38:00+02:00,"[60,60]","[1.65,3.47]"
2026-09-22T12:23:00+02:00,"[60,60]","[3.31,0.66]"
2026-09-22T05:56:00+02:00,[60],[1.91]
2026-09-22T05:43:00+02:00,[60],[1.99]
2026-09-22T04:24:00+02:00,[60],[1.41]
2026-09-22T04:22:00+02:00,[60],[2.48]
2026-09-21T16:02:00+02:00,[60],[0.5]
2026-09-21T15:25:00+02:00,[60],[1]
2026-09-21T12:35:00+02:00,[60],[3.22]
2026-09-21T12:25:00+02:00,[60],[3.22]
2026-09-21T12:23:00+02:00,[60],[1.08]
2026-09-21T11:29:00+02:00,[60],[0.33]
2026-09-21T10:38:00+02:00,"[60,60]","[2.32,1.66]"
2026-09-21T10:26:00+02:00,"[60,60,60]","[0.4,2.31,6.61]"
2026-09-21T10:23:00+02:00,[60],[0.91]
2026-09-21T06:34:00+02:00,[60],[1.9]
2026-09-21T00:54:00+02:00,[60],[11.38]
2026-09-21T00:51:00+02:00,[60],[0.91]
2026-09-21T00:39:00+02:00,"[60,60]","[3.54,1.16]"
2026-09-20T14:19:00+02:00,[60],[0.25]
2026-09-20T14:09:00+02:00,[60],[1.07]
2026-09-20T11:36:00+02:00,[60],[1.31]
2026-09-20T11:26:00+02:00,"[60,60]","[4.45,2.56]"
2026-09-20T07:53:00+02:00,"[60,60]","[2.39,0.33]"
2026-09-19T16:01:00+02:00,[60],[2.64]
2026-09-19T08:32:00+02:00,[60],[1.41]
2026-09-19T08:09:00+02:00,[60],[1.74]
2026-09-19T07:33:00+02:00,[60],[1.41]
2026-09-19T06:34:00+02:00,[60],[7.36]
2026-09-19T03:57:00+02:00,[60],[1.25]
2026-09-19T03:10:00+02:00,[60],[2.15]
2026-09-19T02:38:00+02:00,[60],[4.73]
2026-09-18T13:57:00+02:00,[60],[1.91]
2026-09-18T06:46:00+02:00,[60],[4.65]
2026-09-18T06:33:00+02:00,[60],[0.74]
2026-09-18T02:53:00+02:00,[60],[1.08]
2026-09-18T02:25:00+02:00,[60],[0.5]
2026-09-17T13:46:00+02:00,[60],[0.33]
2026-09-17T12:54:00+02:00,[60],[3.23]
2026-09-17T10:52:00+02:00,[60],[1.17]
2026-09-16T15:08:00+02:00,"[60,60]","[4.55,1.74]"
2026-09-16T12:21:00+02:00,[60],[3.81]
2026-09-16T09:28:00+02:00,[60],[1.33]
2026-09-16T09:26:00+02:00,[60],[0.17]
2026-09-16T05:15:00+02:00,[60],[1.24]
2026-09-16T05:06:00+02:00,[60],[0.99]
2026-09-16T03:21:00+02:00,[60],[1.07]
2026-09-15T16:56:00+02:00,[60],[0.41]
2026-09-15T16:47:00+02:00,[60],[0.83]
2026-09-15T16:42:00+02:00,"[60,60]","[5.19,0.33]"
2026-09-15T13:34:00+02:00,[60],[4.45]
2026-09-15T12:09:00+02:00,[60],[4.71]
2026-09-15T10:39:00+02:00,"[60,60]","[4.05,0.41]"
2026-09-15T10:26:00+02:00,"[60,60]","[2.31,5.78]"
2026-09-15T10:24:00+02:00,[60],[0.24]
2026-09-15T08:30:00+02:00,[60],[0.99]
2026-09-15T05:43:00+02:00,[60],[1.48]
2026-09-15T00:47:00+02:00,"[60,60]","[0.25,0.41]"
2026-09-15T00:43:00+02:00,"[60,60]","[7.66,3.54]"
2026-09-15T00:40:00+02:00,"[60,60]","[0.66,0.24]"
2026-09-15T00:27:00+02:00,[60],[5.2]
2026-09-15T00:24:00+02:00,[60],[0.33]
2026-09-14T16:16:00+02:00,[60],[0.49]
2026-09-14T13:02:00+02:00,"[60,60]","[0.99,1.56]"
2026-09-14T12:09:00+02:00,[60],[0.16]
2026-09-14T06:11:00+02:00,[60],[1.24]
2026-09-14T02:08:00+02:00,[60],[0.91]
2026-09-13T11:57:00+02:00,[60],[1.32]
2026-09-13T06:03:00+02:00,[60],[1.41]
2026-09-13T05:14:00+02:00,[60],[1.16]
2026-09-13T02:54:00+02:00,[60],[1.58]
2026-09-12T10:56:00+02:00,[60],[1.07]
2026-09-12T08:14:00+02:00,[60],[2.24]
2026-09-12T07:53:00+02:00,[60],[3.39]
2026-09-12T06:13:00+02:00,[60],[1.16]
2026-09-11T11:40:00+02:00,[60],[1.5]
2026-09-11T06:44:00+02:00,[60],[0.25]
2026-09-11T06:03:00+02:00,[60],[0.33]
2026-09-11T02:25:00+02:00,[60],[0.49]
2026-09-10T15:00:00+02:00,[60],[1.32]
2026-09-10T14:14:00+02:00,[60],[0.16]
2026-09-10T14:07:00+02:00,[60],[0.41]
2026-09-10T13:28:00+02:00,[60],[0.91]
2026-09-10T12:56:00+02:00,[60],[3.47]
2026-09-10T12:45:00+02:00,[60],[3.15]
2026-09-10T12:35:00+02:00,[60],[1.16]
2026-09-10T09:02:00+02:00,[60],[0.25]
2026-09-10T07:25:00+02:00,"[60,60]","[6.2,6.86]"
2026-09-10T07:20:00+02:00,[60],[1.24]
2026-09-10T07:18:00+02:00,[60],[0.66]
2026-09-10T07:15:00+02:00,[60],[4.71]
2026-09-10T07:04:00+02:00,"[60,60,60]","[4.05,6.28,2.73]"
2026-09-10T03:28:00+02:00,"[60,60]","[1.73,2.88]"
2026-09-09T12:55:00+02:00,[60],[1.47]
2026-09-09T09:17:00+02:00,[60],[1.15]
2026-09-09T09:05:00+02:00,[60],[0.09]
2026-09-09T07:03:00+02:00,"[60,60]","[1.97,0.08]"
2026-09-09T07:00:00+02:00,"[60,60]","[0.41,2.97]"
2026-09-09T06:55:00+02:00,[60],[4.019]
2026-09-08T16:02:00+02:00,[60],[5.07]
2026-09-08T15:56:00+02:00,[60],[0.41]
2026-09-08T12:03:00+02:00,"[60,60]","[0.41,4.34]"
2026-09-08T11:11:00+02:00,[60],[2.38]
2026-09-08T11:08:00+02:00,[60],[4.43]
2026-09-08T10:51:00+02:00,[60],[5.49]
2026-09-08T05:00:00+02:00,[60],[5.25]
2026-09-08T01:54:00+02:00,[60],[0.17]
2026-09-08T01:49:00+02:00,"[60,60,60]","[3.27,8.28,1.23]"
2026-09-08T01:47:00+02:00,[60],[0.32]
2026-09-08T01:35:00+02:00,[60],[4.75]
2026-09-07T14:11:00+02:00,[60],[0.82]
2026-09-07T12:33:00+02:00,[60],[2.79]
2026-09-07T10:44:00+02:00,[60],[4.86]
2026-09-07T10:27:00+02:00,"[60,60,60,60]","[0.33,0.33,2.05,6.58]"
2026-09-07T10:24:00+02:00,[60],[0.74]
2026-09-07T01:29:00+02:00,[60],[10.82]
2026-09-07T01:14:00+02:00,[60],[5.18]
2026-09-06T14:18:00+02:00,[60],[0.24]
2026-09-06T13:05:00+02:00,[60],[2.14]
2026-09-06T11:50:00+02:00,[60],[1.65]
2026-09-06T10:07:00+02:00,[60],[0.25]
2026-09-06T09:51:00+02:00,[60],[0.17]
2026-09-06T07:00:00+02:00,[60],[3.06]
2026-09-06T06:53:00+02:00,"[60,60,60]","[2.47,0.34,1.24]"
2026-09-06T04:29:00+02:00,[60],[1.24]
2026-09-06T03:39:00+02:00,[60],[0.33]
2026-09-05T13:47:00+02:00,[60],[2.32]
2026-09-05T12:17:00+02:00,[60],[1.82]
2026-09-05T12:13:00+02:00,"[60,60,60]","[1.66,2.74,2.16]"
2026-09-05T06:30:00+02:00,[60],[0.42]
2026-09-04T13:01:00+02:00,[60],[4.21]
2026-09-04T10:55:00+02:00,[60],[1.16]
2026-09-04T09:45:00+02:00,[60],[1.16]
2026-09-04T09:02:00+02:00,[60],[0.08]
2026-09-04T08:54:00+02:00,[60],[1.16]
2026-09-04T06:19:00+02:00,[60],[1.65]
2026-09-04T05:17:00+02:00,[60],[1.5]
2026-09-04T05:15:00+02:00,[60],[1.16]
2026-09-04T05:13:00+02:00,[60],[1.41]
2026-09-04T05:06:00+02:00,[60],[1.57]
2026-09-04T04:54:00+02:00,[60],[3.22]
2026-09-04T04:48:00+02:00,[60],[0.41]
2026-09-04T02:11:00+02:00,[60],[0.24]
2026-09-03T14:37:00+02:00,[60],[1.25]
2026-09-03T12:24:00+02:00,"[60,60,60]","[0.08,3.98,0.08]"
2026-09-03T12:00:00+02:00,[60],[1.33]
2026-09-03T06:56:00+02:00,[60],[0.92]
2026-09-03T02:50:00+02:00,[60],[0.25]
2026-09-03T02:17:00+02:00,[60],[1.91]
2026-09-02T09:15:00+02:00,[60],[1]
2026-09-02T09:12:00+02:00,[60],[0.83]
2026-09-02T02:06:00+02:00,[60],[0.58]
2026-09-01T09:42:00+02:00,[60],[1.82]
2026-09-01T05:53:00+02:00,[60],[0.25]
2026-08-31T15:50:00+02:00,"[60,60]","[5.2,1.07]"
2026-08-31T15:47:00+02:00,[60],[1.57]
2026-08-31T15:45:00+02:00,[60],[3.96]
2026-08-31T13:46:00+02:00,"[60,60]","[1.65,1.65]"
2026-08-31T13:44:00+02:00,[60],[3.8]
2026-08-31T13:41:00+02:00,[60],[1.07]
2026-08-31T12:21:00+02:00,[60],[0.5]
2026-08-31T11:29:00+02:00,[60],[0.99]
2026-08-31T04:07:00+02:00,[60],[1.9]
2026-08-31T03:26:00+02:00,[60],[3.47]
2026-08-30T12:35:00+02:00,[60],[1.66]
2026-08-30T12:22:00+02:00,[60],[4.13]
2026-08-29T09:09:00+02:00,[60],[1.65]
2026-08-29T09:03:00+02:00,[60],[0.42]
2026-08-29T06:35:00+02:00,[60],[1.57]
2026-08-29T06:32:00+02:00,[60],[1.24]
2026-08-29T06:30:00+02:00,[60],[1.89]
2026-08-29T04:52:00+02:00,"[60,60]","[0.25,4.03]"
2026-08-29T04:33:00+02:00,[60],[1.07]
2026-08-28T11:26:00+02:00,[60],[0.9]
2026-08-28T09:28:00+02:00,[60],[0.25]
2026-08-28T09:25:00+02:00,"[60,60]","[2.06,0.91]"
2026-08-28T09:03:00+02:00,[60],[0.25]
2026-08-28T02:52:00+02:00,[60],[0.17]
2026-08-27T12:50:00+02:00,[60],[1.48]
2026-08-27T12:35:00+02:00,"[60,60]","[0.17,4.36]"
2026-08-27T11:28:00+02:00,[60],[1.07]
2026-08-27T11:22:00+02:00,"[60,60]","[1.81,2.06]"
2026-08-27T10:28:00+02:00,[60],[1.32]
2026-08-27T08:18:00+02:00,[60],[1.08]
2026-08-27T06:40:00+02:00,[60],[1.32]
2026-08-27T06:36:00+02:00,"[60,60]","[1.57,1.99]"
2026-08-27T06:06:00+02:00,[60],[0.83]
2026-08-27T06:02:00+02:00,[60],[4.13]
2026-08-27T05:59:00+02:00,[60],[3.14]
2026-08-27T05:37:00+02:00,[60],[1.49]
2026-08-27T05:33:00+02:00,[60],[5.53]
2026-08-27T05:22:00+02:00,"[60,60]","[0.17,1.07]"
2026-08-27T03:11:00+02:00,[60],[2.38]
2026-08-27T01:22:00+02:00,[60],[1.86]
2026-08-27T01:11:00+02:00,[60],[2.3]
2026-08-27T01:06:00+02:00,[60],[1.32]
2026-08-27T00:40:00+02:00,"[60,60,60,60]","[4.94,3.18,2.56,1.68]"
2026-08-27T00:37:00+02:00,"[60,60]","[3.26,1.86]"
2026-08-26T13:42:00+02:00,"[60,60,60,60,60]","[2.04,2.93,3.45,3.28,2.3]"
2026-08-26T13:32:00+02:00,"[60,60,60]","[5.31,2.74,1.59]"
2026-08-26T13:30:00+02:00,[60],[3.36]
2026-08-26T12:23:00+02:00,"[60,60,60]","[2.029,2.04,3.01]"
2026-08-26T03:32:00+02:00,[60],[2.64]
2026-08-25T22:37:00+02:00,"[60,60,60,60,60,60,60]","[3.18,2.57,2.38,4.16,0.53,4.24,0.71]"
2026-08-25T13:22:00+02:00,"[60,60,60,60,60]","[2.38,3.89,2.38,3.63,1.68]"
2026-08-25T13:08:00+02:00,"[60,60,60,60,60]","[3.8,1.76,4.6,3.09,1.95]"
2026-08-25T12:23:00+02:00,"[60,60]","[3.36,0.97]"
2026-08-25T12:04:00+02:00,[60],[4.16]
2026-08-24T22:46:00+02:00,"[60,60,60,60,60,60]","[4.68,2.73,3.45,3.53,3.45,2.029]"
2026-08-24T12:29:00+02:00,[60],[2.12]
2026-08-24T12:23:00+02:00,[60],[2.57]
2026-08-24T07:56:00+02:00,[60],[0.27]
2026-08-24T00:02:00+02:00,[60],[1.24]
2026-08-23T13:21:00+02:00,[60],[2.82]
2026-08-23T12:25:00+02:00,"[60,60,60]","[0.41,2.48,0.75]"
2026-08-23T11:02:00+02:00,[60],[0.83]
2026-08-23T09:45:00+02:00,[60],[3.88]
2026-08-23T09:32:00+02:00,"[60,60]","[0.41,1.82]"
2026-08-22T13:52:00+02:00,[60],[1.58]
2026-08-22T12:35:00+02:00,[60],[0.33]
2026-08-22T12:15:00+02:00,"[60,60,60]","[0.24,1.99,1.83]"
2026-08-22T09:52:00+02:00,[60],[3.98]
2026-08-22T09:49:00+02:00,[60],[1.99]
2026-08-22T09:47:00+02:00,[60],[1.24]
2026-08-22T09:40:00+02:00,[60],[0.83]
2026-08-22T08:28:00+02:00,[60],[0.67]
2026-08-22T08:20:00+02:00,[60],[0.25]
2026-08-22T06:59:00+02:00,[60],[0.25]
2026-08-22T06:30:00+02:00,[60],[0.92]
2026-08-22T06:12:00+02:00,"[60,60,60]","[2.07,7.72,0.58]"
2026-08-21T09:18:00+02:00,[60],[0.83]
2026-08-21T06:41:00+02:00,[60],[0.08]
2026-08-20T12:49:00+02:00,"[60,60]","[1.65,0.16]"
2026-08-20T12:31:00+02:00,"[60,60]","[0.17,4.12]"
2026-08-20T09:14:00+02:00,"[60,60]","[0.08,0.66]"
2026-08-20T05:56:00+02:00,[60],[0.24]
2026-08-19T09:13:00+02:00,[60],[0.25]
2026-08-19T02:21:00+02:00,[60],[0.42]
2026-08-18T15:53:00+02:00,"[60,60]","[3.15,1.4]"
2026-08-18T12:09:00+02:00,[60],[4.14]
2026-08-18T05:52:00+02:00,[60],[1.32]
2026-08-18T01:35:00+02:00,"[60,60]","[4.79,2.15]"
2026-08-18T01:26:00+02:00,[60],[1.57]
2026-08-18T01:16:00+02:00,"[60,60]","[4.3,0.08]"
2026-08-18T01:09:00+02:00,[60],[1.41]
2026-08-17T15:50:00+02:00,[60],[0.34]
2026-08-17T15:29:00+02:00,[60],[1.33]
2026-08-17T13:59:00+02:00,[60],[1.25]
2026-08-17T12:22:00+02:00,[60],[3.32]
2026-08-17T11:46:00+02:00,[60],[1.91]
2026-08-17T11:11:00+02:00,"[60,60]","[2.99,1.25]"
2026-08-17T11:08:00+02:00,"[60,60]","[1.9,4.49]"
2026-08-17T10:48:00+02:00,"[60,60,60]","[2.16,5.32,0.25]"
2026-08-17T10:45:00+02:00,[60],[2.74]
2026-08-17T09:38:00+02:00,[60],[3.08]
2026-08-17T07:56:00+02:00,[60],[1.92]
2026-08-17T06:29:00+02:00,[60],[0.66]
2026-08-17T02:02:00+02:00,[60],[10.8]
2026-08-17T01:45:00+02:00,[60],[4.67]
2026-08-16T11:28:00+02:00,"[60,60]","[4.72,1.99]"
2026-08-16T09:19:00+02:00,[60],[1.25]
2026-08-16T02:57:00+02:00,[60],[1]
2026-08-15T14:58:00+02:00,[60],[1.49]
2026-08-15T12:29:00+02:00,"[60,60]","[3.05,0.25]"
2026-08-15T11:00:00+02:00,[60],[7.85]
2026-08-15T10:53:00+02:00,[60],[0.33]
2026-08-15T09:29:00+02:00,[60],[1.41]
2026-08-15T09:05:00+02:00,[60],[0.08]
2026-08-15T08:02:00+02:00,[60],[0.83]
2026-08-15T08:00:00+02:00,[60],[0.17]
2026-08-15T06:44:00+02:00,[60],[1.73]
2026-08-15T03:51:00+02:00,[60],[0.91]
2026-08-15T02:07:00+02:00,[60],[0.17]
2026-08-14T14:27:00+02:00,[60],[0.33]
2026-08-14T09:02:00+02:00,[60],[0.33]
2026-08-14T06:08:00+02:00,"[60,60]","[1.81,0.33]"
2026-08-14T02:37:00+02:00,[60],[1.07]
2026-08-13T15:01:00+02:00,[60],[2.22]
2026-08-13T12:49:00+02:00,[60],[1.97]
2026-08-13T11:54:00+02:00,[60],[1.48]
2026-08-13T09:16:00+02:00,[60],[1.07]
2026-08-13T06:17:00+02:00,[60],[0.41]
2026-08-13T02:28:00+02:00,[60],[0.49]
2026-08-12T06:21:00+02:00,"[60,60]","[0.33,2.94]"
2026-08-12T06:16:00+02:00,[60],[3.61]
2026-08-11T16:11:00+02:00,[60],[8.38]
2026-08-11T15:46:00+02:00,[60],[4.35]
2026-08-11T12:38:00+02:00,"[60,60]","[0.25,4.11]"
2026-08-11T10:34:00+02:00,[60],[1.73]
2026-08-11T10:27:00+02:00,[60],[1.15]
2026-08-11T08:21:00+02:00,[60],[1.57]
2026-08-11T08:16:00+02:00,"[60,60]","[1.4,2.3]"
2026-08-11T08:02:00+02:00,[60],[0.17]
2026-08-11T08:00:00+02:00,[60],[2.06]
2026-08-11T05:49:00+02:00,[60],[0.25]
2026-08-11T02:47:00+02:00,"[60,60]","[7.16,0.83]"
2026-08-11T02:33:00+02:00,"[60,60]","[0.99,0.25]"
2026-08-11T02:28:00+02:00,"[60,60]","[6.09,5.43]"
2026-08-11T02:09:00+02:00,"[60,60]","[3.38,1.65]"
2026-08-11T02:06:00+02:00,[60],[0.24]
2026-08-10T09:49:00+02:00,[60],[2.58]
2026-08-10T08:37:00+02:00,[60],[3.5]
2026-08-10T07:18:00+02:00,[60],[1.34]
2026-08-10T06:43:00+02:00,"[60,60]","[1.25,2.16]"
2026-08-10T06:41:00+02:00,[60],[1]
2026-08-10T05:53:00+02:00,[60],[1.08]
2026-08-09T13:25:00+02:00,[60],[0.75]
2026-08-09T11:26:00+02:00,[60],[0.25]
2026-08-09T10:30:00+02:00,[60],[1.15]
2026-08-09T10:20:00+02:00,[60],[2.31]
2026-08-09T09:45:00+02:00,"[60,60]","[1.89,0.83]"
2026-08-09T08:53:00+02:00,[60],[1.9]
2026-08-09T06:40:00+02:00,[60],[2.15]
2026-08-08T15:18:00+02:00,[60],[1.32]
2026-08-08T15:16:00+02:00,[60],[4.29]
2026-08-08T12:52:00+02:00,[60],[6.36]
2026-08-08T07:52:00+02:00,[60],[1]
2026-08-08T06:53:00+02:00,"[60,60]","[2.82,0.33]"
2026-08-08T06:44:00+02:00,[60],[0.74]
2026-08-08T06:23:00+02:00,[60],[10.69]
2026-08-08T04:18:00+02:00,[60],[2.08]
2026-08-08T04:07:00+02:00,[60],[1]
2026-08-08T03:53:00+02:00,[60],[0.99]
2026-08-07T14:21:00+02:00,[60],[1]
2026-08-07T11:41:00+02:00,[60],[1.75]
2026-08-07T09:25:00+02:00,[60],[0.25]
2026-08-07T09:21:00+02:00,[60],[0.67]
2026-08-07T09:04:00+02:00,[60],[1.41]
2026-08-07T05:52:00+02:00,[60],[1.24]
2026-08-07T05:47:00+02:00,[60],[1.92]
2026-08-07T04:12:00+02:00,[60],[1.49]
2026-08-06T13:12:00+02:00,[60],[1.74]
2026-08-06T12:31:00+02:00,"[60,60]","[0.25,1.99]"
2026-08-06T10:00:00+02:00,[60],[0.83]
2026-08-05T16:06:00+02:00,[60],[0.08]
2026-08-05T16:02:00+02:00,[60],[9.75]
2026-08-05T15:43:00+02:00,"[60,60]","[5.04,0.49]"
2026-08-05T15:27:00+02:00,[60],[3.06]
2026-08-05T12:15:00+02:00,[60],[6.29]
2026-08-05T10:34:00+02:00,[60],[1.4]
2026-08-05T10:32:00+02:00,[60],[1.82]
2026-08-05T08:10:00+02:00,[60],[0.83]
2026-08-05T02:03:00+02:00,"[60,60]","[0.34,0.41]"
2026-08-04T16:47:00+02:00,"[60,60]","[1.98,5.29]"
2026-08-04T12:51:00+02:00,[60],[1.07]
2026-08-04T12:04:00+02:00,"[60,60,60]","[0.17,4.059,0.91]"
2026-08-04T10:56:00+02:00,"[60,60]","[2.32,0.83]"
2026-08-04T10:45:00+02:00,"[60,60]","[2.81,6.13]"
2026-08-04T10:43:00+02:00,[60],[0.75]
2026-08-04T10:40:00+02:00,[60],[1.25]
2026-08-04T06:51:00+02:00,[60],[1.24]
2026-08-04T05:02:00+02:00,[60],[0.74]
2026-08-04T03:27:00+02:00,"[60,60]","[3.65,0.83]"
2026-08-04T01:26:00+02:00,[60],[11.59]
2026-08-04T01:23:00+02:00,[60],[0.25]
2026-08-04T01:12:00+02:00,"[60,60]","[4.31,0.41]"
2026-08-04T01:09:00+02:00,[60],[0.58]
2026-08-03T14:23:00+02:00,[60],[0.91]
2026-08-03T10:20:00+02:00,[60],[0.83]
2026-08-03T09:19:00+02:00,[60],[0.08]
2026-08-03T09:14:00+02:00,"[60,60]","[0.92,1.99]"
2026-08-03T09:01:00+02:00,"[60,60,60]","[2.58,0.24,1.74]"
2026-08-03T06:53:00+02:00,[60],[1.33]
2026-08-03T02:01:00+02:00,[60],[1.82]
2026-08-03T01:58:00+02:00,[60],[10.44]
2026-08-03T01:44:00+02:00,[60],[5.3]
2026-08-02T11:28:00+02:00,"[60,60]","[4.63,1.81]"
2026-08-02T06:43:00+02:00,"[60,60]","[1.16,1.4]"
2026-08-02T06:22:00+02:00,[60],[4.46]
2026-08-02T06:20:00+02:00,[60],[3.39]
2026-08-02T06:16:00+02:00,[60],[2.72]
2026-08-02T06:06:00+02:00,[60],[2.81]
2026-08-02T06:01:00+02:00,[60],[0.99]
2026-08-02T05:50:00+02:00,[60],[0.16]
2026-08-02T05:41:00+02:00,[60],[0.67]
2026-08-02T04:58:00+02:00,[60],[1.31]
2026-08-01T15:12:00+02:00,[60],[1.56]
2026-08-01T06:04:00+02:00,[60],[2.31]
2026-08-01T05:23:00+02:00,"[60,60]","[0.82,0.09]"
2026-08-01T05:11:00+02:00,[60],[1.41]
2026-08-01T04:58:00+02:00,[60],[2.23]
2026-08-01T04:04:00+02:00,[60],[0.75]
2026-07-31T11:13:00+02:00,[60],[0.66]
2026-07-31T11:08:00+02:00,[60],[0.08]
2026-07-31T10:03:00+02:00,[60],[1]
2026-07-31T09:34:00+02:00,"[60,60]","[0.99,1.82]"
2026-07-31T09:18:00+02:00,[60],[0.17]
2026-07-31T06:48:00+02:00,[60],[0.08]
2026-07-31T01:59:00+02:00,[60],[4.97]
2026-07-30T14:02:00+02:00,[60],[0.17]
2026-07-30T12:41:00+02:00,"[60,60]","[1.81,2.15]"
2026-07-30T09:00:00+02:00,[60],[1.33]
2026-07-30T02:36:00+02:00,[60],[0.49]
2026-07-29T15:00:00+02:00,[60],[1.07]
2026-07-29T13:58:00+02:00,[60],[1.32]
2026-07-29T13:56:00+02:00,[60],[1.24]
2026-07-29T13:50:00+02:00,[60],[1.56]
2026-07-29T09:25:00+02:00,[60],[1.65]
2026-07-29T09:01:00+02:00,[60],[4.04]
2026-07-29T03:05:00+02:00,[60],[1.4]
2026-07-28T16:20:00+02:00,"[60,60]","[1.97,8.29]"
2026-07-28T15:31:00+02:00,[60],[5.34]
2026-07-28T12:10:00+02:00,[60],[4.51]
2026-07-28T12:07:00+02:00,[60],[4.44]
2026-07-28T10:57:00+02:00,[60],[1.4]
2026-07-28T10:54:00+02:00,"[60,60]","[0.82,3.78]"
2026-07-28T10:40:00+02:00,"[60,60,60,60]","[0.08,2.46,5.33,0.5]"
2026-07-28T02:24:00+02:00,[60],[12.61]
2026-07-28T02:20:00+02:00,[60],[0.16]
2026-07-28T02:08:00+02:00,[60],[3.11]
2026-07-27T14:19:00+02:00,[60],[0.24]
2026-07-27T13:35:00+02:00,[60],[0.08]
2026-07-27T11:54:00+02:00,[60],[2.14]
2026-07-27T11:50:00+02:00,"[60,60]","[4.85,0.58]"
2026-07-27T11:35:00+02:00,"[60,60,60,60]","[0.09,2.88,6.82,0.24]"
2026-07-27T11:31:00+02:00,"[60,60]","[0.08,0.5]"
2026-07-27T04:45:00+02:00,[60],[1.15]
2026-07-27T02:32:00+02:00,[60],[0.24]
2026-07-27T02:27:00+02:00,"[60,60]","[10.76,0.9]"
2026-07-27T02:10:00+02:00,[60],[4.94]
2026-07-26T12:06:00+02:00,[60],[1.07]
2026-07-26T11:35:00+02:00,"[60,60]","[4.86,3.55]"
2026-07-26T10:14:00+02:00,[60],[0.5]
2026-07-26T08:20:00+02:00,[60],[0.17]
2026-07-26T08:15:00+02:00,[60],[1.24]
2026-07-25T07:16:00+02:00,[60],[0.16]
2026-07-25T06:08:00+02:00,[60],[1.23]
2026-07-25T05:28:00+02:00,[60],[0.09]
2026-07-25T04:57:00+02:00,"[60,60]","[1.39,0.17]"
2026-07-25T01:59:00+02:00,"[60,60]","[2.79,0.32]"
2026-07-25T01:57:00+02:00,[60],[2.38]
2026-07-24T13:47:00+02:00,[60],[0.82]
2026-07-24T06:22:00+02:00,[60],[1.39]
2026-07-24T04:19:00+02:00,[60],[1.06]
2026-07-24T02:16:00+02:00,[60],[0.49]
2026-07-23T15:01:00+02:00,"[60,60]","[1.64,0.16]"
2026-07-23T14:53:00+02:00,[60],[5]
2026-07-23T13:51:00+02:00,[60],[0.49]
2026-07-23T12:34:00+02:00,"[60,60,60]","[0.33,4.17,0.08]"
2026-07-23T10:46:00+02:00,[60],[0.41]
2026-07-23T10:00:00+02:00,[60],[0.33]
2026-07-23T09:54:00+02:00,"[60,60]","[1.23,0.17]"
2026-07-23T09:14:00+02:00,[60],[7.94]
2026-07-22T11:37:00+02:00,[60],[0.98]
2026-07-21T16:03:00+02:00,"[60,60,60]","[0.57,3.68,3.12]"
2026-07-21T15:46:00+02:00,[60],[0.41]
2026-07-21T13:38:00+02:00,[60],[0.98]
2026-07-21T12:09:00+02:00,"[60,60]","[4.51,0.5]"
2026-07-21T11:16:00+02:00,[60],[0.99]
2026-07-21T10:45:00+02:00,[60],[1.23]
2026-07-21T10:42:00+02:00,"[60,60]","[0.57,3.94]"
2026-07-21T10:30:00+02:00,"[60,60,60]","[1.07,2.05,6.31]"
2026-07-21T10:24:00+02:00,[60],[0.25]
2026-07-21T01:56:00+02:00,"[60,60]","[5.08,7.38]"
2026-07-21T01:54:00+02:00,[60],[0.41]
2026-07-21T01:36:01+02:00,"[59,60]","[3.12,1.72]"
2026-07-20T12:37:00+02:00,[60],[1.98]
2026-07-20T12:13:00+02:00,[60],[3.29]
2026-07-20T12:10:00+02:00,[60],[0.82]
2026-07-20T08:50:00+02:00,[60],[3.46]
2026-07-20T08:41:00+02:00,[60],[4.12]
2026-07-20T08:28:00+02:00,"[60,60]","[2.88,5.93]"
2026-07-20T08:26:00+02:00,[60],[1.07]
2026-07-20T08:24:00+02:00,[60],[1.23]
2026-07-20T03:31:00+02:00,[60],[1.49]
2026-07-20T01:29:00+02:00,[60],[12.75]
2026-07-20T01:14:00+02:00,"[60,60]","[2.06,2.87]"
2026-07-20T01:10:00+02:00,[60],[0.33]
2026-07-19T14:43:00+02:00,[60],[1.32]
2026-07-19T14:35:00+02:00,[60],[0.49]
2026-07-19T13:46:00+02:00,"[60,60]","[0.09,0.58]"
2026-07-19T13:09:00+02:00,[60],[0.25]
2026-07-19T10:53:00+02:00,"[60,60]","[1.16,1.15]"
2026-07-19T04:38:00+02:00,[60],[1.4]
2026-07-18T13:04:00+02:00,[60],[1]
2026-07-18T09:21:00+02:00,[60],[1.57]
2026-07-18T08:25:00+02:00,[60],[1.16]
2026-07-18T07:12:00+02:00,"[60,60]","[2.24,1.66]"
2026-07-18T02:49:00+02:00,[60],[3.07]
2026-07-18T01:29:00+02:00,[60],[0.58]
2026-07-18T00:57:00+02:00,[60],[0.5]
2026-07-18T00:53:00+02:00,[60],[2.57]
2026-07-17T17:17:00+02:00,[60],[1.32]
2026-07-17T14:51:00+02:00,"[60,60]","[4.65,0.17]"
2026-07-17T13:40:00+02:00,[60],[4.32]
2026-07-17T12:58:00+02:00,[60],[0.17]
2026-07-17T11:01:00+02:00,[60],[2.99]
2026-07-17T10:58:00+02:00,"[60,60]","[3.4,4.16]"
2026-07-17T10:41:01+02:00,[59],[1]
2026-07-16T15:12:00+02:00,"[60,60]","[2.9,0.33]"
2026-07-16T15:10:00+02:00,[60],[4.81]
2026-07-16T14:04:00+02:00,[60],[1.83]
2026-07-16T13:39:00+02:00,"[60,60]","[5.55,1.66]"
2026-07-16T10:38:00+02:00,[60],[2.5]
2026-07-16T09:08:00+02:00,[60],[2.26]
2026-07-16T09:01:00+02:00,[60],[1.43]
2026-07-16T08:36:00+02:00,"[60,60]","[1.09,2.009]"
2026-07-16T08:31:00+02:00,"[60,60,60]","[2.09,2.59,2.93]"
2026-07-16T08:21:00+02:00,"[60,60]","[2.52,1.08]"
2026-07-16T08:19:00+02:00,[60],[8.53]
2026-07-16T08:08:00+02:00,[60],[2.009]
2026-07-16T07:54:00+02:00,[60],[2.09]
2026-07-16T07:51:00+02:00,[60],[1.26]
2026-07-16T07:42:00+02:00,[60],[1.84]
2026-07-16T07:39:00+02:00,"[60,60]","[3.28,0.58]"
2026-07-16T07:37:00+02:00,[60],[1.59]
2026-07-16T07:35:00+02:00,[60],[1.93]
2026-07-16T07:27:00+02:00,"[60,60,60]","[6.2,7.54,0.34]"
2026-07-16T06:57:00+02:00,[60],[3.18]
2026-07-16T05:17:00+02:00,[60],[3.23]
2026-07-16T05:04:00+02:00,"[60,60,60,60,60,60,60,60,60,60]","[4.98,11.06,8.37,8.46,0.76,9.24,3.39,3.73,6.19,4.42]"
2026-07-16T04:59:00+02:00,"[60,60]","[2.28,1.01]"
2026-07-16T04:57:00+02:00,[60],[1.43]
2026-07-16T04:47:00+02:00,[60],[1.69]
2026-07-16T04:40:00+02:00,[60],[0.75]
2026-07-16T04:38:00+02:00,[60],[1.52]
2026-07-16T04:34:00+02:00,[60],[1.94]
2026-07-16T04:29:00+02:00,[60],[1.94]
2026-07-16T04:24:00+02:00,"[60,60]","[2.45,1.19]"
2026-07-16T00:05:00+02:00,[60],[1]
2026-07-15T23:19:00+02:00,[60],[2.74]
2026-07-15T15:41:00+02:00,[60],[2.91]
2026-07-15T14:17:00+02:00,[60],[3.92]
2026-07-15T14:14:00+02:00,[60],[0.25]
2026-07-15T14:11:00+02:00,[60],[3.83]
2026-07-15T12:24:00+02:00,[60],[1.17]
2026-07-15T12:17:01+02:00,[59],[1.92]
2026-07-15T11:58:00+02:00,[60],[1.34]
2026-07-15T11:48:00+02:00,[60],[2.34]
2026-07-15T11:04:00+02:00,"[60,60,60]","[0.59,5.84,1.34]"
2026-07-15T10:43:00+02:00,[60],[0.92]
2026-07-15T10:11:00+02:00,[60],[2.92]
2026-07-15T09:43:00+02:00,[60],[1.1]
2026-07-15T05:12:00+02:00,[60],[2.91]
2026-07-15T04:40:00+02:00,"[60,60]","[1.41,1.82]"
2026-07-15T04:32:00+02:00,[60],[0.17]
2026-07-14T15:01:00+02:00,[60],[0.25]
2026-07-14T14:21:00+02:00,[60],[3.41]
2026-07-14T14:18:00+02:00,"[60,60]","[2.9,3.66]"
2026-07-14T13:10:00+02:00,"[60,60]","[5.07,1.5]"
2026-07-14T09:10:00+02:00,[60],[1.75]
2026-07-14T09:06:00+02:00,[60],[1]
2026-07-14T09:03:00+02:00,"[60,60]","[1.58,1.83]"
2026-07-14T08:34:00+02:00,[60],[1.08]
2026-07-14T08:16:00+02:00,"[60,60]","[2.16,1.83]"
2026-07-14T07:46:00+02:00,[60],[1.99]
2026-07-14T07:09:00+02:00,[60],[1.82]
2026-07-14T06:38:00+02:00,[60],[0.08]
2026-07-14T06:23:00+02:00,[60],[1.25]
2026-07-14T03:26:00+02:00,[60],[1]
2026-07-14T03:16:00+02:00,[60],[1.17]
2026-07-13T04:57:00+02:00,[60],[0.83]
2026-07-13T04:54:00+02:00,[60],[0.91]
2026-07-13T03:31:00+02:00,"[60,60]","[0.5,1.08]"
2026-07-12T16:16:00+02:00,[60],[6.15]
2026-07-12T16:12:00+02:00,"[60,60]","[2.24,6.98]"
2026-07-12T14:45:00+02:00,[60],[2.83]
2026-07-12T14:43:00+02:00,[60],[0.25]
2026-07-12T14:13:00+02:00,"[60,60,60]","[3.82,1.42,3.16]"
2026-07-12T13:16:00+02:00,"[60,60]","[4.83,1.42]"
2026-07-12T10:10:00+02:00,[60],[2.5]
2026-07-12T10:08:00+02:00,[60],[5.42]
2026-07-12T09:01:00+02:00,[60],[1]
2026-07-12T07:26:00+02:00,[60],[1]
2026-07-12T06:54:00+02:00,[60],[1]
2026-07-12T06:26:00+02:00,[60],[3.91]
2026-07-12T05:02:00+02:00,[60],[2.08]
2026-07-12T04:57:00+02:00,[60],[1.83]
2026-07-12T04:50:00+02:00,[60],[0.5]
2026-07-12T04:48:00+02:00,[60],[5.57]
2026-07-12T04:46:00+02:00,[60],[5.48]
2026-07-12T04:43:00+02:00,[60],[1.25]
2026-07-12T04:41:00+02:00,[60],[2.24]
2026-07-12T04:20:00+02:00,[60],[2.16]
2026-07-12T04:17:00+02:00,[60],[2.07]
2026-07-12T04:14:00+02:00,[60],[1.74]
2026-07-12T04:08:00+02:00,"[60,60]","[1.66,2.99]"
2026-07-12T04:05:00+02:00,"[60,60]","[4.65,0.5]"
2026-07-12T03:07:00+02:00,[60],[0.58]
2026-07-12T02:45:00+02:00,[60],[3.57]
2026-07-12T02:08:00+02:00,[60],[0.25]
2026-07-12T01:49:00+02:00,"[60,60]","[1.66,1.65]"
2026-07-12T01:03:00+02:00,"[60,60]","[1.58,1.08]"
2026-07-11T15:32:00+02:00,"[60,60]","[4.57,2.08]"
2026-07-11T15:05:00+02:00,[60],[4.07]
2026-07-11T10:03:00+02:00,[60],[5.82]
2026-07-11T03:44:00+02:00,[60],[0.24]
2026-07-10T02:30:00+02:00,[60],[0.17]
2026-07-10T02:12:00+02:00,[60],[1.57]
2026-07-09T13:58:00+02:00,[60],[0.83]
2026-07-09T04:27:00+02:00,"[60,60]","[3.56,0.08]"
2026-07-08T12:34:00+02:00,[60],[0.9]
2026-07-08T11:42:00+02:00,[60],[0.25]
2026-07-08T05:35:00+02:00,[60],[0.41]
2026-07-07T17:20:00+02:00,[60],[1.16]
2026-07-07T16:45:00+02:00,"[60,60]","[5.1,3.13]"
2026-07-07T11:59:00+02:00,"[60,60]","[0.33,4.87]"
2026-07-07T11:56:00+02:00,[60],[0.9]
2026-07-07T07:40:00+02:00,"[60,60]","[0.74,2.81]"
2026-07-07T07:27:00+02:00,[60],[0.91]
2026-07-07T07:24:00+02:00,"[60,60]","[0.17,2.47]"
2026-07-07T06:24:00+02:00,[60],[0.57]
2026-07-07T02:41:00+02:00,[60],[1.07]
2026-07-07T02:37:00+02:00,"[60,60,60]","[6.33,3.95,2.88]"
2026-07-07T02:35:00+02:00,[60],[0.24]
2026-07-07T02:21:00+02:00,[60],[5.19]
2026-07-06T15:16:00+02:00,[60],[0.82]
2026-07-06T13:46:00+02:00,[60],[2.06]
2026-07-06T10:03:00+02:00,[60],[0.9]
2026-07-06T09:10:00+02:00,[60],[3.95]
2026-07-06T08:58:00+02:00,[60],[3.55]
2026-07-05T14:26:00+02:00,[60],[0.66]
2026-07-05T10:10:00+02:00,"[60,60]","[4.96,2.4]"
2026-07-05T10:08:00+02:00,[60],[1.98]
2026-07-04T09:37:00+02:00,[60],[0.16]
2026-07-04T08:32:00+02:00,[60],[4.61]
2026-07-04T04:29:00+02:00,[60],[3.37]
2026-07-03T11:14:00+02:00,[60],[3.04]
2026-07-03T11:09:00+02:00,[60],[0.99]
2026-07-03T11:00:00+02:00,[60],[1.73]
2026-07-03T08:05:00+02:00,"[60,60]","[1.56,4.52]"
2026-07-03T07:51:00+02:00,"[60,60,60]","[0.17,2.14,6.41]"
2026-07-03T07:46:00+02:00,[60],[0.33]
2026-07-03T05:50:00+02:00,[60],[0.65]
2026-07-03T02:40:00+02:00,"[60,60]","[6.4,0.25]"
2026-07-03T02:23:00+02:00,[60],[5.25]
2026-07-03T02:08:00+02:00,[60],[4.019]
2026-07-02T14:56:00+02:00,[60],[2.06]
2026-07-02T12:47:00+02:00,[60],[1.65]
2026-07-02T12:39:00+02:00,[60],[0.49]
2026-07-02T12:35:00+02:00,[60],[0.99]
2026-07-02T12:30:00+02:00,"[60,60,60]","[0.41,4.2,0.25]"
2026-07-02T10:38:00+02:00,[60],[3.88]
2026-07-02T10:06:00+02:00,[60],[4.2]
2026-07-02T09:54:00+02:00,"[60,60]","[2.8,1.9]"
2026-07-02T09:24:00+02:00,[60],[1.15]
2026-07-02T02:25:00+02:00,[60],[1.9]
2026-07-01T14:25:00+02:00,"[60,60]","[2.49,2.15]"
2026-07-01T09:24:00+02:00,"[60,60]","[1.58,0.83]"
2026-07-01T09:15:00+02:00,[60],[0.67]
2026-07-01T08:44:00+02:00,"[60,60]","[0.33,1.42]"
2026-07-01T08:40:00+02:00,[60],[1.33]
2026-07-01T08:38:00+02:00,[60],[1]
2026-07-01T08:03:00+02:00,[60],[1.83]
2026-07-01T07:29:00+02:00,[60],[1.5]
2026-07-01T01:27:00+02:00,[60],[3.08]
2026-07-01T01:07:00+02:00,[60],[0.08]
2026-06-30T16:45:00+02:00,[60],[8.3]
2026-06-30T13:58:00+02:00,[60],[1.25]
2026-06-30T12:12:00+02:00,"[60,60]","[0.67,4.48]"
2026-06-30T11:54:00+02:00,[60],[0.99]
2026-06-30T10:19:00+02:00,[60],[2.66]
2026-06-30T09:44:00+02:00,[60],[3.6]
2026-06-30T08:42:00+02:00,[60],[1.17]
2026-06-30T08:39:00+02:00,[60],[2.09]
2026-06-30T08:09:00+02:00,[60],[1.92]
2026-06-30T08:06:00+02:00,"[60,60]","[0.75,4.6]"
2026-06-30T08:01:00+02:00,"[60,60]","[1.25,0.75]"
2026-06-30T07:49:00+02:00,"[60,60]","[1.92,1.5]"
2026-06-30T04:27:00+02:00,[60],[1.09]
2026-06-30T03:39:00+02:00,[60],[1.01]
2026-06-30T02:34:00+02:00,[60],[1.76]
2026-06-29T12:33:00+02:00,[60],[1.08]
2026-06-29T11:15:00+02:00,[60],[1.41]
2026-06-29T11:12:00+02:00,"[60,60]","[4.16,0.58]"
2026-06-29T11:02:00+02:00,"[60,60]","[4.16,4.74]"
2026-06-29T11:00:00+02:00,[60],[0.74]
2026-06-29T05:44:00+02:00,[60],[2.16]
2026-06-29T01:40:00+02:00,[60],[10.55]
2026-06-29T01:23:00+02:00,[60],[4.66]
2026-06-28T13:20:00+02:00,[60],[1.09]
2026-06-28T13:17:00+02:00,[60],[1.57]
2026-06-28T10:54:00+02:00,[60],[3.32]
2026-06-28T10:51:00+02:00,[60],[5.41]
2026-06-28T09:25:00+02:00,[60],[1.16]
2026-06-28T09:21:00+02:00,"[60,60]","[4.58,0.34]"
2026-06-28T06:31:00+02:00,"[60,60]","[0.75,2.75]"
2026-06-28T06:26:00+02:00,[60],[0.25]
2026-06-28T05:48:00+02:00,[60],[1.25]
2026-06-28T05:45:00+02:00,[60],[1.42]
2026-06-28T04:49:00+02:00,"[60,60]","[1.83,2]"
2026-06-27T16:48:00+02:00,[60],[0.16]
2026-06-27T16:26:00+02:00,[60],[0.16]
2026-06-27T16:07:00+02:00,[60],[1.34]
2026-06-27T14:36:00+02:00,[60],[1.16]
2026-06-27T10:49:00+02:00,"[60,60]","[1.34,2.26]"
2026-06-27T09:45:00+02:00,[60],[1.5]
2026-06-27T08:51:00+02:00,"[60,60,60]","[3.93,5.61,0.75]"
2026-06-27T08:49:00+02:00,[60],[1.68]
2026-06-27T08:45:00+02:00,[60],[3.59]
2026-06-27T07:15:00+02:00,[60],[0.42]
2026-06-27T07:12:00+02:00,[60],[1.01]
2026-06-27T06:00:00+02:00,[60],[1.76]
2026-06-27T05:36:00+02:00,[60],[1.34]
2026-06-27T05:13:00+02:00,[60],[1.17]
2026-06-26T14:20:00+02:00,[60],[0.08]
2026-06-26T14:16:00+02:00,[60],[5]
2026-06-26T13:38:00+02:00,[60],[1.42]
2026-06-26T12:59:00+02:00,"[60,60]","[1.08,1.09]"
2026-06-26T11:13:00+02:00,[60],[0.41]
2026-06-26T09:33:00+02:00,[60],[1.08]
2026-06-26T09:27:00+02:00,[60],[1.76]
2026-06-25T14:56:00+02:00,[60],[1.24]
2026-06-25T14:05:00+02:00,[60],[0.25]
2026-06-25T12:42:00+02:00,[60],[1.58]
2026-06-25T12:33:00+02:00,[60],[2.24]
2026-06-25T12:29:00+02:00,"[60,60]","[2,2.16]"
2026-06-25T11:08:00+02:00,[60],[1.09]
2026-06-25T09:18:00+02:00,[60],[1.66]
2026-06-25T06:17:00+02:00,[60],[2.32]
2026-06-25T06:15:00+02:00,[60],[0.5]
2026-06-25T02:31:00+02:00,[60],[0.99]
2026-06-24T12:33:00+02:00,[60],[1.07]
2026-06-24T12:30:00+02:00,"[60,60]","[3.04,1.07]"
2026-06-24T12:25:00+02:00,[60],[4.28]
2026-06-24T09:20:00+02:00,[60],[0.16]
2026-06-24T03:30:00+02:00,[60],[1.4]
2026-06-24T03:14:00+02:00,[60],[1.56]
2026-06-23T17:46:00+02:00,"[60,60,60]","[1.06,8.13,0.25]"
2026-06-23T16:35:00+02:00,[60],[4.85]
2026-06-23T16:08:00+02:00,[60],[3.29]
2026-06-23T13:45:00+02:00,[60],[2.63]
2026-06-23T12:02:00+02:00,[60],[4.12]
2026-06-23T10:54:00+02:00,[60],[3.87]
2026-06-23T10:40:00+02:00,"[60,60]","[2.55,6.34]"
2026-06-23T10:38:00+02:00,[60],[0.33]
2026-06-23T07:07:00+02:00,[60],[2.39]
2026-06-23T05:57:00+02:00,[60],[5.18]
2026-06-23T01:31:00+02:00,[60],[0.16]
2026-06-23T01:27:00+02:00,"[60,60]","[10.84,1.23]"
2026-06-23T01:25:00+02:00,[60],[0.25]
2026-06-23T01:11:00+02:00,[60],[4.77]
2026-06-22T12:03:00+02:00,[60],[0.09]
2026-06-22T11:07:00+02:00,[60],[3.06]
2026-06-22T10:55:00+02:00,"[60,60,60]","[0.33,2.31,5.03]"
2026-06-22T07:55:00+02:00,"[60,60,60]","[4.29,17.2,1.98]"
2026-06-22T05:02:00+02:00,[60],[1.66]
2026-06-22T01:17:00+02:00,"[60,60]","[0.82,0.16]"
2026-06-22T01:04:00+02:00,[60],[5.44]
2026-06-21T14:10:00+02:00,"[60,60]","[1.41,0.08]"
2026-06-21T13:57:00+02:00,"[60,60]","[1.48,5.44]"
2026-06-21T13:49:00+02:00,[60],[1.16]
2026-06-21T13:10:00+02:00,[60],[1.73]
2026-06-21T12:39:00+02:00,[60],[2.56]
2026-06-21T12:10:00+02:00,[60],[1.07]
2026-06-21T10:58:00+02:00,[60],[4.3]
2026-06-21T09:20:00+02:00,"[60,60]","[2.31,2.07]"
2026-06-21T07:55:00+02:00,[60],[0.42]
2026-06-20T12:07:00+02:00,[60],[0.08]
2026-06-20T11:38:00+02:00,[60],[1.16]
2026-06-20T09:52:00+02:00,"[60,60,60,60]","[7.32,4.29,2.88,1.49]"
2026-06-20T08:51:00+02:00,[60],[0.16]
2026-06-20T08:01:00+02:00,[60],[0.17]
2026-06-20T06:10:00+02:00,[60],[1.32]
2026-06-20T05:48:00+02:00,"[60,60,60]","[1.64,7.42,3.64]"
2026-06-20T05:37:00+02:00,"[60,60]","[1.07,1.73]"
2026-06-20T05:31:00+02:00,"[60,60,60]","[6.17,6.01,4.03]"
2026-06-20T02:55:00+02:00,[60],[4.44]
2026-06-20T02:46:00+02:00,[60],[2.8]
2026-06-20T02:26:00+02:00,[60],[1.32]
2026-06-19T12:40:00+02:00,[60],[3.78]
2026-06-19T10:26:00+02:00,[60],[0.33]
2026-06-19T09:24:00+02:00,[60],[1.23]
2026-06-19T08:45:00+02:00,[60],[1.15]
2026-06-19T02:28:00+02:00,"[60,60]","[0.66,1.81]"
2026-06-19T02:06:00+02:00,[60],[1.65]
2026-06-18T15:29:00+02:00,[60],[3.12]
2026-06-18T14:38:00+02:00,[60],[1.39]
2026-06-18T12:44:00+02:00,"[60,60]","[0.33,3.54]"
2026-06-18T12:23:00+02:00,"[60,60]","[1.97,1.32]"
2026-06-18T11:36:00+02:00,[60],[0.25]
2026-06-18T02:29:00+02:00,[60],[0.9]
2026-06-17T14:13:00+02:00,[60],[2.31]
2026-06-17T09:17:00+02:00,[60],[0.24]
2026-06-17T09:11:00+02:00,[60],[1.89]
2026-06-16T16:32:00+02:00,"[60,60,60]","[0.16,6.67,3.13]"
2026-06-16T15:51:00+02:00,[60],[5.1]
2026-06-16T15:49:00+02:00,[60],[4.7]
2026-06-16T15:47:00+02:00,[60],[0.41]
2026-06-16T12:04:00+02:00,[60],[0.09]
2026-06-16T12:00:00+02:00,[60],[2.46]
2026-06-16T11:54:00+02:00,"[60,60]","[0.16,2.47]"
2026-06-16T11:52:00+02:00,[60],[3.46]
2026-06-16T10:59:00+02:00,[60],[1.48]
2026-06-16T10:56:00+02:00,"[60,60]","[1.73,1.81]"
2026-06-16T10:43:00+02:00,"[60,60,60,60]","[1.23,2.55,5.76,0.91]"
2026-06-16T10:39:00+02:00,[60],[0.58]
2026-06-16T04:01:00+02:00,[60],[1.24]
2026-06-16T02:20:00+02:00,"[60,60]","[10.53,0.82]"
2026-06-16T02:05:00+02:00,"[60,60]","[0.91,5.34]"
2026-06-15T12:37:00+02:00,[60],[1.82]
2026-06-15T11:57:00+02:00,"[60,60,60]","[1,0.16,0.42]"
2026-06-15T11:55:00+02:00,[60],[4.38]
2026-06-15T10:23:00+02:00,[60],[1.16]
2026-06-15T02:33:00+02:00,[60],[0.91]
2026-06-15T02:29:00+02:00,[60],[10.01]
2026-06-15T02:15:00+02:00,[60],[4.8]
2026-06-14T15:18:00+02:00,[60],[0.25]
2026-06-14T15:05:00+02:00,[60],[0.91]
2026-06-14T14:01:00+02:00,[60],[1.25]
2026-06-14T12:18:00+02:00,[60],[3.74]
2026-06-14T12:16:00+02:00,[60],[1.98]
2026-06-14T09:41:00+02:00,[60],[0.92]
2026-06-14T08:36:00+02:00,[60],[1.16]
2026-06-14T08:14:00+02:00,[60],[3.82]
2026-06-13T12:12:00+02:00,[60],[1.66]
2026-06-13T08:15:00+02:00,[60],[0.08]
2026-06-12T15:04:00+02:00,[60],[1.4]
2026-06-12T11:48:00+02:00,[60],[1.65]
2026-06-12T11:09:00+02:00,"[60,60]","[2.89,1.57]"
2026-06-12T09:21:00+02:00,[60],[1.24]
2026-06-12T02:38:00+02:00,[60],[1.66]
2026-06-12T02:29:00+02:00,[60],[0.17]
2026-06-12T02:09:00+02:00,[60],[2.98]
2026-06-11T11:50:00+02:00,[60],[1.34]
2026-06-11T11:42:00+02:00,[60],[3.25]
2026-06-10T09:25:00+02:00,[60],[1.08]
2026-06-10T07:53:00+02:00,[60],[1]
2026-06-10T06:26:00+02:00,[60],[1.58]
2026-06-09T17:08:00+02:00,[60],[1.5]
2026-06-09T17:04:00+02:00,"[60,60]","[1,0.99]"
2026-06-09T16:57:00+02:00,[60],[1.91]
2026-06-09T16:29:00+02:00,[60],[6.88]
2026-06-09T16:26:00+02:00,[60],[0.25]
2026-06-09T16:24:00+02:00,[60],[1.33]
2026-06-09T12:20:00+02:00,"[60,60,60,60]","[1.41,6.57,2.91,2.16]"
2026-06-09T12:05:00+02:00,[60],[0.08]
2026-06-09T11:48:00+02:00,[60],[1.33]
2026-06-09T11:45:00+02:00,"[60,60]","[3.41,0.25]"
2026-06-09T11:30:00+02:00,"[60,60]","[2.16,4.99]"
2026-06-09T11:28:00+02:00,[60],[0.83]
2026-06-09T05:45:00+02:00,[60],[4.6]
2026-06-09T02:04:00+02:00,[60],[11.33]
2026-06-09T02:01:00+02:00,[60],[0.24]
2026-06-09T01:50:00+02:00,[60],[5.75]
2026-06-08T12:16:00+02:00,[60],[0.34]
2026-06-08T11:45:00+02:00,[60],[1.09]
2026-06-08T11:33:00+02:00,[60],[3.33]
2026-06-08T11:20:00+02:00,"[60,60]","[2.51,5.78]"
2026-06-08T11:15:00+02:00,"[60,60]","[1.43,0.16]"
2026-06-08T07:58:00+02:00,"[60,60]","[11.74,12.84]"
2026-06-08T05:49:00+02:00,[60],[1.17]
2026-06-08T05:07:00+02:00,[60],[1.59]
2026-06-08T02:19:00+02:00,"[60,60]","[1.33,11.01]"
2026-06-08T02:00:00+02:00,"[60,60]","[5.25,0.16]"
2026-06-08T01:57:00+02:00,[60],[0.25]
2026-06-07T10:49:00+02:00,"[60,60]","[1.16,3.07]"
2026-06-07T10:41:00+02:00,[60],[1.41]
2026-06-07T09:30:00+02:00,"[60,60]","[2.82,1.33]"
2026-06-07T08:45:00+02:00,[60],[0.08]
2026-06-06T15:44:00+02:00,[60],[0.25]
2026-06-06T13:34:00+02:00,[60],[1.98]
2026-06-06T13:14:00+02:00,[60],[1.49]
2026-06-06T12:44:00+02:00,[60],[2.07]
2026-06-06T11:51:00+02:00,[60],[3.06]
2026-06-06T11:38:00+02:00,[60],[1.24]
2026-06-06T11:26:00+02:00,[60],[0.83]
2026-06-06T10:04:00+02:00,[60],[2.73]
2026-06-06T08:49:00+02:00,[60],[1.08]
2026-06-06T07:46:00+02:00,[60],[0.99]
2026-06-06T07:31:00+02:00,[60],[1.25]
2026-06-06T07:19:00+02:00,[60],[1.49]
2026-06-06T06:55:00+02:00,[60],[0.99]
2026-06-06T06:29:00+02:00,[60],[0.25]
2026-06-06T03:51:00+02:00,"[60,60]","[1.82,2.73]"
2026-06-05T16:05:00+02:00,[60],[1.33]
2026-06-05T11:34:00+02:00,[60],[0.99]
2026-06-05T11:08:00+02:00,[60],[0.33]
2026-06-05T11:01:00+02:00,[60],[2.49]
2026-06-05T05:40:00+02:00,[60],[1.41]
2026-06-04T09:15:00+02:00,[60],[0.08]
2026-06-04T07:56:00+02:00,[60],[0.33]
2026-06-04T07:54:00+02:00,[60],[0.99]
2026-06-04T07:47:00+02:00,[60],[1.16]
2026-06-04T06:58:00+02:00,"[60,60]","[1.66,2.32]"
2026-06-04T05:45:00+02:00,[60],[1.24]
2026-06-03T09:17:00+02:00,[60],[1.65]
2026-06-03T05:34:00+02:00,"[60,60]","[2.23,1.82]"
2026-06-02T06:34:00+02:00,[60],[1.33]
2026-06-02T06:29:00+02:00,"[60,60]","[0.91,1.82]"
2026-06-02T04:57:00+02:00,[60],[2.56]
2026-06-02T04:55:00+02:00,[60],[1.32]
2026-06-01T08:05:00+02:00,[60],[1.15]
2026-06-01T07:43:00+02:00,[60],[0.17]
2026-06-01T07:02:00+02:00,[60],[1.49]
2026-06-01T07:00:00+02:00,[60],[2.33]
2026-06-01T05:10:00+02:00,[60],[2.07]
2026-06-01T04:29:00+02:00,[60],[1.5]
2026-05-31T08:39:00+02:00,[60],[0.25]
2026-05-31T07:52:00+02:00,[60],[1.43]
2026-05-31T06:52:00+02:00,[60],[1.85]
2026-05-31T06:29:00+02:00,[60],[0.85]
2026-05-31T06:21:00+02:00,"[60,60]","[1.94,0.68]"
2026-05-31T06:16:00+02:00,"[60,60,60,60]","[1.52,3.19,3.61,1.34]"
2026-05-31T06:09:00+02:00,[60],[1.85]
2026-05-31T06:06:00+02:00,"[60,60]","[1.18,2.1]"
2026-05-31T04:16:00+02:00,[60],[3.02]
2026-05-31T03:58:00+02:00,[60],[2.1]
2026-05-31T03:01:00+02:00,[60],[1.01]
2026-05-31T02:44:00+02:00,[60],[4.13]
2026-05-31T01:58:00+02:00,"[60,60]","[1.77,1.77]"
2026-05-31T01:24:00+02:00,[60],[1.93]
2026-05-30T10:29:00+02:00,[60],[1.17]
2026-05-30T09:35:00+02:00,[60],[1.33]
2026-05-30T09:23:00+02:00,[60],[1.42]
2026-05-30T09:16:00+02:00,"[60,60]","[0.34,3.85]"
2026-05-30T09:03:00+02:00,[60],[0.42]
2026-05-30T06:10:00+02:00,[60],[1.34]
2026-05-30T04:08:00+02:00,[60],[1.25]
2026-05-30T03:25:00+02:00,[60],[2.83]
2026-05-30T02:42:00+02:00,[60],[1.25]
2026-05-29T10:44:00+02:00,[60],[1.25]
2026-05-29T10:42:00+02:00,[60],[2.49]
2026-05-29T10:24:00+02:00,[60],[1.24]
2026-05-29T09:57:00+02:00,[60],[1.32]
2026-05-29T09:23:00+02:00,"[60,60]","[1.16,0.17]"
2026-05-29T02:49:00+02:00,"[60,60,60]","[1.41,1.16,0.17]"
2026-05-29T02:08:00+02:00,[60],[0.42]
2026-05-28T13:17:00+02:00,[60],[0.08]
2026-05-28T12:39:00+02:00,"[60,60]","[0.08,3.41]"
2026-05-28T12:25:00+02:00,[60],[1.16]
2026-05-28T09:34:00+02:00,[60],[1]
2026-05-28T09:02:00+02:00,[60],[0.58]
2026-05-28T08:05:00+02:00,[60],[0.34]
2026-05-28T06:07:00+02:00,[60],[0.17]
2026-05-28T02:25:00+02:00,[60],[1.09]
2026-05-28T02:11:00+02:00,[60],[0.5]
2026-05-27T11:45:00+02:00,[60],[0.42]
2026-05-27T11:43:00+02:00,[60],[0.99]
2026-05-27T09:25:00+02:00,[60],[0.91]
2026-05-27T09:16:00+02:00,[60],[0.16]
2026-05-27T03:10:00+02:00,[60],[1.25]
2026-05-26T16:13:00+02:00,[60],[8.28]
2026-05-26T16:11:00+02:00,[60],[0.17]
2026-05-26T15:52:00+02:00,"[60,60]","[3.97,0.83]"
2026-05-26T13:37:00+02:00,[60],[5.46]
2026-05-26T12:09:00+02:00,"[60,60,60,60]","[4.8,1.49,0.17,4.22]"
2026-05-26T11:17:00+02:00,"[60,60]","[2.4,1.32]"
2026-05-26T11:04:00+02:00,"[60,60,60]","[0.33,2.57,5.37]"
2026-05-26T05:47:00+02:00,[60],[0.41]
2026-05-26T03:49:00+02:00,[60],[0.33]
2026-05-26T03:43:00+02:00,[60],[4.55]
2026-05-26T02:22:00+02:00,[60],[1.82]
2026-05-26T02:19:00+02:00,[60],[11.96]
2026-05-26T02:17:00+02:00,[60],[0.17]
2026-05-26T02:03:00+02:00,[60],[4.96]
2026-05-26T01:59:00+02:00,[60],[0.66]
2026-05-25T16:08:00+02:00,[60],[1.74]
2026-05-25T12:39:00+02:00,[60],[2.72]
2026-05-25T12:36:00+02:00,"[60,60]","[1.73,2.07]"
2026-05-25T11:26:00+02:00,"[60,60]","[1.98,3.96]"
2026-05-25T11:15:00+02:00,"[60,60]","[2.39,5.12]"
2026-05-25T11:13:00+02:00,[60],[0.08]
2026-05-25T11:05:00+02:00,[60],[1.32]
2026-05-25T07:57:00+02:00,"[60,60]","[6.94,16.219]"
2026-05-25T04:16:00+02:00,[60],[0.25]
2026-05-25T02:30:00+02:00,"[60,60]","[4.35,7.41]"
2026-05-25T02:28:00+02:00,[60],[0.33]
2026-05-25T02:15:00+02:00,[60],[4.86]
2026-05-24T09:14:00+02:00,[60],[5.11]
2026-05-24T09:06:00+02:00,[60],[0.82]
2026-05-24T08:49:00+02:00,[60],[1.24]
2026-05-24T06:22:00+02:00,[60],[1.15]
2026-05-24T05:08:00+02:00,"[60,60]","[1.89,1.73]"
2026-05-24T04:55:00+02:00,[60],[1.72]
2026-05-23T16:23:00+02:00,[60],[1.81]
2026-05-23T14:14:00+02:00,[60],[3.87]
2026-05-23T14:11:00+02:00,"[60,60]","[1.31,4.44]"
2026-05-23T09:33:00+02:00,[60],[1.15]
2026-05-23T08:56:00+02:00,[60],[2.97]
2026-05-23T06:36:00+02:00,[60],[1.07]
2026-05-23T06:04:00+02:00,[60],[1.48]
2026-05-23T04:58:00+02:00,[60],[0.98]
2026-05-22T14:08:00+02:00,[60],[0.9]
2026-05-22T14:07:00+02:00,[60],[0.08]
2026-05-22T11:37:00+02:00,[60],[0.25]
2026-05-22T10:58:00+02:00,[60],[1.74]
2026-05-22T09:29:00+02:00,[60],[2.72]
2026-05-22T09:21:00+02:00,[60],[1.07]
2026-05-22T09:04:00+02:00,[60],[1.32]
2026-05-22T06:21:00+02:00,[60],[0.91]
2026-05-22T02:36:00+02:00,[60],[1.48]
2026-05-22T02:15:00+02:00,[60],[0.17]
2026-05-21T15:48:00+02:00,[60],[1.4]
2026-05-21T15:31:00+02:00,[60],[0.25]
2026-05-21T13:32:00+02:00,"[60,60]","[1.49,1.58]"
2026-05-21T13:27:00+02:00,[60],[2.81]
2026-05-21T12:13:00+02:00,[60],[1.08]
2026-05-21T12:05:00+02:00,[60],[4.48]
2026-05-21T11:53:00+02:00,[60],[1.82]
2026-05-21T11:43:00+02:00,[60],[1.24]
2026-05-21T11:00:00+02:00,"[60,60]","[0.91,1.58]"
2026-05-21T09:05:00+02:00,[60],[1.33]
2026-05-21T06:27:00+02:00,[60],[1.08]
2026-05-21T05:33:00+02:00,[60],[1.16]
2026-05-21T03:16:00+02:00,[60],[1.32]
2026-05-20T07:20:00+02:00,[60],[0.83]
2026-05-19T16:56:00+02:00,"[60,60]","[2.9,2.82]"
2026-05-19T16:53:00+02:00,[60],[0.17]
2026-05-19T16:41:00+02:00,[60],[9.44]
2026-05-19T13:50:00+02:00,[60],[0.83]
2026-05-19T12:16:00+02:00,"[60,60]","[1.25,1.08]"
2026-05-19T12:11:00+02:00,"[60,60]","[0.25,5.55]"
2026-05-19T11:17:00+02:00,"[60,60]","[4.23,1.07]"
2026-05-19T11:05:00+02:00,"[60,60]","[2.48,5.54]"
2026-05-19T11:03:00+02:00,[60],[0.17]
2026-05-19T08:23:00+02:00,[60],[1.24]
2026-05-19T05:25:00+02:00,[60],[0.66]
2026-05-19T02:28:00+02:00,[60],[10.71]
2026-05-19T02:26:00+02:00,[60],[0.16]
2026-05-19T02:14:00+02:00,[60],[4.95]
2026-05-18T11:17:00+02:00,"[60,60]","[1.73,1.49]"
2026-05-18T11:07:00+02:00,[60],[4.86]
2026-05-18T11:05:00+02:00,[60],[0.58]
2026-05-18T11:01:00+02:00,[60],[0.58]
2026-05-18T02:36:00+02:00,"[60,60]","[9.06,1.56]"
2026-05-18T02:34:00+02:00,[60],[0.41]
2026-05-18T02:17:00+02:00,"[60,60]","[3.21,1.32]"
2026-05-17T14:28:00+02:00,[60],[1.33]
2026-05-17T14:22:00+02:00,[60],[2.31]
2026-05-17T14:17:00+02:00,[60],[2.89]
2026-05-17T13:54:00+02:00,[60],[1.24]
2026-05-17T13:48:00+02:00,"[60,60]","[3.22,2.4]"
2026-05-17T13:24:00+02:00,[60],[1.57]
2026-05-17T13:02:00+02:00,[60],[4.04]
2026-05-17T11:58:00+02:00,[60],[1.65]
2026-05-16T12:16:00+02:00,[60],[0.67]
2026-05-16T10:48:00+02:00,[60],[2.49]
2026-05-16T08:45:00+02:00,[60],[3.48]
2026-05-16T07:11:00+02:00,[60],[2.48]
2026-05-15T13:49:00+02:00,[60],[0.82]
2026-05-15T12:14:00+02:00,[60],[1.24]
2026-05-15T09:02:00+02:00,[60],[0.08]
2026-05-15T08:36:00+02:00,[60],[0.08]
2026-05-15T07:54:00+02:00,[60],[1.58]
2026-05-15T02:44:00+02:00,"[60,60]","[1.66,0.75]"
2026-05-14T15:29:00+02:00,[60],[0.75]
2026-05-14T15:20:00+02:00,[60],[5.05]
2026-05-14T14:59:00+02:00,[60],[1.16]
2026-05-14T14:39:00+02:00,[60],[0.42]
2026-05-14T14:35:00+02:00,"[60,60]","[4.56,0.17]"
2026-05-14T14:07:00+02:00,[60],[0.17]
2026-05-14T13:46:00+02:00,"[60,60]","[1.24,0.66]"
2026-05-14T12:30:00+02:00,"[60,60]","[0.25,1.41]"
2026-05-14T12:28:00+02:00,[60],[1]
2026-05-14T09:13:00+02:00,[60],[1.25]
2026-05-13T12:38:00+02:00,[60],[1.24]
2026-05-13T09:23:00+02:00,[60],[0.75]
2026-05-13T09:11:00+02:00,[60],[1.25]
2026-05-13T09:01:00+02:00,[60],[3.32]
2026-05-13T04:51:00+02:00,[60],[2.07]
2026-05-13T04:46:00+02:00,"[60,60]","[2.98,0.99]"
2026-05-13T04:40:00+02:00,[60],[4.38]
2026-05-12T16:31:00+02:00,[60],[9.6]
2026-05-12T15:58:00+02:00,[60],[0.25]
2026-05-12T12:20:00+02:00,[60],[0.34]
2026-05-12T12:19:00+02:00,[60],[3.97]
2026-05-12T12:07:00+02:00,[60],[5.05]
2026-05-12T12:04:00+02:00,[60],[3.8]
2026-05-12T11:51:00+02:00,[60],[0.58]
2026-05-12T07:57:00+02:00,[60],[0.41]
2026-05-12T06:41:00+02:00,[60],[0.33]
2026-05-12T06:35:00+02:00,[60],[3.64]
2026-05-12T06:19:00+02:00,"[60,60,60,60]","[0.41,2.56,5.53,0.58]"
2026-05-12T06:14:00+02:00,"[60,60]","[1.48,0.25]"
2026-05-12T06:05:00+02:00,[60],[1.24]
2026-05-12T04:27:00+02:00,[60],[0.25]
2026-05-12T02:34:00+02:00,[60],[0.4]
2026-05-12T01:21:00+02:00,[60],[10.8]
2026-05-12T01:18:00+02:00,[60],[0.08]
2026-05-12T01:06:00+02:00,[60],[4.05]
2026-05-12T01:02:00+02:00,"[60,60]","[0.33,0.66]"
2026-05-11T11:15:00+02:00,"[60,60,60]","[1.65,2.32,0.74]"
2026-05-11T11:03:00+02:00,"[60,60]","[2.65,6.12]"
2026-05-11T11:01:00+02:00,[60],[0.58]
2026-05-11T10:58:00+02:00,[60],[1.07]
2026-05-11T07:57:00+02:00,"[60,60]","[15.32,7.3]"
2026-05-11T05:49:00+02:00,[60],[1.16]
2026-05-11T01:57:00+02:00,"[60,60]","[5.28,5.52]"
2026-05-11T01:55:00+02:00,[60],[0.41]
2026-05-11T01:40:00+02:00,"[60,60]","[1.32,3.62]"
2026-05-11T01:37:00+02:00,[60],[0.42]
2026-05-10T11:26:00+02:00,[60],[0.99]
2026-05-10T08:09:00+02:00,"[60,60]","[2.49,2.48]"
2026-05-09T12:50:00+02:00,[60],[6.68]
2026-05-09T11:51:00+02:00,[60],[0.91]
2026-05-09T10:41:00+02:00,[60],[3.13]
2026-05-09T10:19:00+02:00,[60],[0.99]
2026-05-09T07:24:00+02:00,[60],[1.73]
2026-05-09T05:53:00+02:00,[60],[1.57]
2026-05-09T05:26:00+02:00,[60],[1.65]
2026-05-09T05:22:00+02:00,[60],[1.89]
2026-05-09T04:20:00+02:00,[60],[0.16]
2026-05-07T14:55:00+02:00,[60],[1.56]
2026-05-07T14:00:00+02:00,[60],[0.58]
2026-05-07T13:02:00+02:00,[60],[0.9]
2026-05-07T12:33:00+02:00,[60],[4.2]
2026-05-07T10:17:00+02:00,[60],[0.08]
2026-05-07T07:08:00+02:00,"[60,60]","[0.09,0.41]"
2026-05-07T06:26:00+02:00,[60],[0.98]
2026-05-06T10:25:00+02:00,[60],[1.07]
2026-05-06T08:42:00+02:00,[60],[1.4]
2026-05-06T08:24:00+02:00,"[60,60]","[4.7,0.49]"
2026-05-06T06:14:00+02:00,"[60,60,60]","[1.39,7.9,3.21]"
2026-05-06T05:58:00+02:00,"[60,60,60,60,60]","[1.32,0.25,2.55,5.5,4.53]"
2026-05-06T04:57:00+02:00,[60],[0.99]
2026-05-06T04:55:00+02:00,[60],[0.66]
2026-05-05T16:36:00+02:00,"[60,60,60,60]","[0.25,1.9,8.07,0.33]"
2026-05-05T12:09:00+02:00,[60],[4.28]
2026-05-05T12:07:00+02:00,[60],[2.47]
2026-05-05T11:52:00+02:00,[60],[0.16]
2026-05-05T10:31:00+02:00,"[60,60]","[4.45,0.58]"
2026-05-05T10:18:00+02:00,"[60,60]","[2.22,5.43]"
2026-05-05T10:16:00+02:00,[60],[0.09]
2026-05-05T10:12:00+02:00,[60],[1.07]
2026-05-05T06:08:00+02:00,[60],[0.99]
2026-05-05T01:52:00+02:00,"[60,60,60,60]","[0.33,1.39,1.97,9.21]"
2026-05-05T01:38:00+02:00,[60],[0.33]
2026-05-05T01:37:00+02:00,[60],[4.61]
2026-05-04T14:40:00+02:00,[60],[1.32]
2026-05-04T09:25:00+02:00,[60],[1.4]
2026-05-04T07:18:00+02:00,[60],[1.07]
2026-05-04T06:48:00+02:00,"[60,60]","[0.33,3.62]"
2026-05-04T06:35:00+02:00,"[60,60]","[2.39,2.55]"
2026-05-04T02:33:00+02:00,"[60,60]","[10.1,1.15]"
2026-05-04T02:31:00+02:00,[60],[0.08]
2026-05-04T02:15:00+02:00,"[60,60]","[2.8,1.89]"
2026-05-04T02:12:00+02:00,[60],[0.25]
2026-05-03T14:19:00+02:00,[60],[1.81]
2026-05-03T13:45:00+02:00,"[60,60]","[1.23,3.96]"
2026-05-03T13:31:00+02:00,[60],[1.98]
2026-05-03T12:51:00+02:00,[60],[1.31]
2026-05-03T12:48:00+02:00,[60],[1.89]
2026-05-03T12:45:00+02:00,[60],[0.25]
2026-05-03T12:41:00+02:00,[60],[1.81]
2026-05-03T11:53:00+02:00,[60],[1.81]
2026-05-03T11:49:00+02:00,"[60,60]","[1.9,1.07]"
2026-05-03T10:24:00+02:00,[60],[1.24]
2026-05-03T08:52:00+02:00,"[60,60]","[1.48,1.81]"
2026-05-03T08:41:00+02:00,[60],[0.57]
2026-05-03T08:37:00+02:00,[60],[0.58]
2026-05-03T05:34:00+02:00,[60],[0.91]
2026-05-03T03:39:00+02:00,"[60,60]","[4.93,0.66]"
2026-05-03T03:37:00+02:00,[60],[1.64]
2026-05-03T03:35:00+02:00,[60],[3.45]
2026-05-02T13:45:00+02:00,"[60,60]","[3.13,0.08]"
2026-05-02T13:28:00+02:00,[60],[0.66]
2026-05-02T10:27:00+02:00,[60],[0.33]
2026-05-02T08:06:00+02:00,[60],[0.24]
2026-05-02T07:01:00+02:00,"[60,60]","[3.54,0.41]"
2026-05-02T06:48:00+02:00,[60],[3.05]
2026-05-02T06:28:00+02:00,[60],[0.91]
2026-05-02T05:26:00+02:00,"[60,60,60]","[1.98,1.15,2.38]"
2026-05-02T05:03:00+02:00,[60],[1.4]
2026-05-02T03:04:00+02:00,[60],[1.32]
2026-05-02T03:02:00+02:00,[60],[3.7]
2026-05-02T02:52:00+02:00,[60],[3.46]
2026-05-01T16:28:00+02:00,[60],[0.33]
2026-05-01T12:26:00+02:00,[60],[2.07]
2026-05-01T11:14:00+02:00,[60],[1.9]
2026-05-01T10:15:00+02:00,[60],[1.49]
2026-05-01T09:46:00+02:00,[60],[1.57]
2026-05-01T09:41:00+02:00,[60],[1.32]
2026-05-01T09:37:00+02:00,[60],[1.74]
2026-05-01T09:31:00+02:00,[60],[1.24]
2026-05-01T09:21:00+02:00,[60],[2.23]
2026-05-01T09:18:00+02:00,[60],[2.23]
2026-05-01T09:14:00+02:00,"[60,60]","[0.33,1.24]"
2026-05-01T09:09:00+02:00,[60],[1.98]
2026-05-01T08:02:00+02:00,[60],[1.99]
2026-05-01T07:36:00+02:00,[60],[0.34]
2026-05-01T06:22:00+02:00,[60],[1.24]
2026-05-01T06:17:00+02:00,[60],[1.98]
2026-05-01T06:04:00+02:00,"[60,60]","[2.15,0.09]"
2026-05-01T06:01:00+02:00,[60],[2.89]
2026-05-01T05:59:00+02:00,[60],[3.22]
2026-05-01T05:55:00+02:00,[60],[2.48]
2026-05-01T05:52:00+02:00,[60],[1.07]
2026-05-01T04:00:00+02:00,[60],[1.74]
2026-05-01T03:57:00+02:00,[60],[1.9]
2026-05-01T03:55:00+02:00,[60],[1.66]
2026-04-30T15:36:00+02:00,[60],[0.91]
2026-04-30T15:05:00+02:00,[60],[0.99]
2026-04-30T14:41:00+02:00,[60],[1.57]
2026-04-30T14:04:00+02:00,[60],[0.33]
2026-04-30T11:43:00+02:00,"[60,60]","[2.98,0.09]"
2026-04-30T11:24:00+02:00,[60],[2.66]
2026-04-30T11:19:00+02:00,"[60,60]","[2.41,0.41]"
2026-04-30T10:39:00+02:00,[60],[1.42]
2026-04-30T06:13:00+02:00,[60],[3.98]
2026-04-30T06:06:00+02:00,[60],[4.15]
2026-04-30T05:59:00+02:00,[60],[1.25]
2026-04-29T15:36:00+02:00,[60],[1]
2026-04-29T12:20:00+02:00,[60],[2.66]
2026-04-29T09:21:00+02:00,[60],[1]
2026-04-29T06:08:00+02:00,"[60,60]","[2.5,0.75]"
2026-04-29T05:55:00+02:00,[60],[3.4]
2026-04-29T02:53:00+02:00,"[60,60]","[4.16,1.92]"
2026-04-29T01:31:00+02:00,[60],[2.83]
2026-04-28T16:34:00+02:00,"[60,60]","[4.32,4.15]"
2026-04-28T16:32:00+02:00,[60],[0.16]
2026-04-28T14:14:00+02:00,[60],[0.83]
2026-04-28T11:04:00+02:00,"[60,60]","[2.65,1.5]"
2026-04-28T10:46:00+02:00,"[60,60,60,60]","[0.25,0.58,1.99,5.81]"
2026-04-28T05:31:00+02:00,[60],[0.67]
2026-04-28T01:17:00+02:00,[60],[0.25]
2026-04-28T01:13:00+02:00,[60],[10.85]
2026-04-28T00:57:00+02:00,[60],[5.31]
2026-04-27T15:23:00+02:00,[60],[1.58]
2026-04-27T15:11:00+02:00,[60],[0.66]
2026-04-27T12:38:00+02:00,[60],[1.99]
2026-04-27T08:15:00+02:00,[60],[1.16]
2026-04-27T06:25:00+02:00,[60],[0.83]
2026-04-27T05:42:00+02:00,[60],[0.41]
2026-04-27T05:12:00+02:00,[60],[1]
2026-04-27T05:00:00+02:00,[60],[1.33]
2026-04-26T14:07:00+02:00,"[60,60,60]","[2.31,2.4,2.82]"
2026-04-26T13:23:00+02:00,[60],[3.9]
2026-04-26T13:05:00+02:00,[60],[0.17]
2026-04-26T13:04:00+02:00,[60],[0.5]
2026-04-26T13:03:00+02:00,[60],[3.48]
2026-04-26T12:37:00+02:00,[60],[2.98]
2026-04-26T12:20:00+02:00,"[60,60]","[2.07,1.57]"
2026-04-26T11:57:00+02:00,[60],[0.75]
2026-04-26T11:50:00+02:00,[60],[0.08]
2026-04-26T07:18:00+02:00,[60],[0.91]
2026-04-25T11:14:00+02:00,"[60,60]","[3.56,1.9]"
2026-04-25T10:52:00+02:00,[60],[1.24]
2026-04-25T10:29:00+02:00,"[60,60]","[5.54,2.23]"
2026-04-25T10:12:00+02:00,"[60,60]","[1.65,0.74]"
2026-04-25T06:51:00+02:00,[60],[0.09]
2026-04-25T06:37:00+02:00,"[60,60]","[1.15,3.3]"
2026-04-25T06:27:00+02:00,[60],[0.33]
2026-04-25T05:46:00+02:00,[60],[1.23]
2026-04-25T05:39:00+02:00,"[60,60]","[1.81,2.56]"
2026-04-25T02:33:00+02:00,"[60,60]","[3.62,2.47]"
2026-04-24T15:29:00+02:00,[60],[4.71]
2026-04-24T12:45:00+02:00,[60],[5.21]
2026-04-24T09:32:00+02:00,[60],[1.41]
2026-04-24T09:25:00+02:00,[60],[2.07]
2026-04-24T06:23:00+02:00,[60],[0.58]
2026-04-23T09:04:00+02:00,[60],[0.09]
2026-04-23T06:19:00+02:00,[60],[2.48]
2026-04-23T02:15:00+02:00,"[60,60,60]","[0.25,3.42,0.17]"
2026-04-23T01:51:00+02:00,"[60,60]","[1.66,2.76]"
2026-04-23T01:41:00+02:00,[60],[0.75]
2026-04-22T17:29:00+02:00,[60],[1]
2026-04-22T16:15:00+02:00,[60],[0.92]
2026-04-22T13:53:00+02:00,"[60,60]","[1.91,1]"
2026-04-22T13:20:00+02:00,"[60,60]","[3.41,0.17]"
2026-04-22T09:14:00+02:00,[60],[0.25]
2026-04-22T08:58:00+02:00,[60],[0.33]
2026-04-22T06:47:00+02:00,[60],[4.07]
2026-04-22T04:53:00+02:00,[60],[0.34]
2026-04-22T04:01:00+02:00,[60],[5.14]
2026-04-22T03:53:00+02:00,[60],[0.09]
2026-04-21T15:56:00+02:00,[60],[7.69]
2026-04-21T15:54:00+02:00,[60],[0.08]
2026-04-21T15:33:00+02:00,"[60,60]","[3.23,2.48]"
2026-04-21T12:14:00+02:00,[60],[4.46]
2026-04-21T11:58:00+02:00,"[60,60]","[1.49,0.58]"
2026-04-21T10:04:00+02:00,"[60,60]","[0.67,3.23]"
2026-04-21T09:51:00+02:00,"[60,60,60]","[0.24,2.24,5.37]"
2026-04-21T08:58:00+02:00,[60],[4.47]
2026-04-21T04:58:00+02:00,[60],[4.72]
2026-04-21T02:28:00+02:00,"[60,60]","[10.42,0.58]"
2026-04-21T02:08:00+02:00,"[60,60]","[3.32,1.9]"
2026-04-21T02:05:00+02:00,[60],[0.16]
2026-04-20T13:34:00+02:00,[60],[1.09]
2026-04-20T06:33:00+02:00,[60],[1.25]
2026-04-20T03:38:00+02:00,"[60,60]","[3.16,0.34]"
2026-04-19T13:08:00+02:00,"[60,60]","[2,0.16]"
2026-04-19T13:04:00+02:00,[60],[1.25]
2026-04-19T12:29:00+02:00,"[60,60,60]","[5.64,2.07,0.58]"
2026-04-19T12:09:00+02:00,[60],[3.48]
2026-04-19T11:56:00+02:00,[60],[1.99]
2026-04-19T11:43:00+02:00,[60],[2.65]
2026-04-19T10:41:00+02:00,[60],[0.42]
2026-04-19T10:37:00+02:00,[60],[1.49]
2026-04-19T10:13:00+02:00,"[60,60,60]","[7.29,5.65,1.91]"
2026-04-19T09:58:00+02:00,[60],[1.33]
2026-04-19T09:00:00+02:00,"[60,60]","[2.98,1.5]"
2026-04-19T05:45:00+02:00,[60],[0.83]
2026-04-19T05:05:00+02:00,[60],[1.33]
2026-04-18T13:14:00+02:00,[60],[1.41]
2026-04-18T11:03:00+02:00,[60],[1.08]
2026-04-18T08:02:01+02:00,"[59,60]","[2.9,0.09]"
2026-04-18T07:03:00+02:00,[60],[0.42]
2026-04-18T05:46:00+02:00,[60],[0.24]
2026-04-18T05:39:00+02:00,[60],[1.82]
2026-04-18T05:34:00+02:00,"[60,60]","[0.41,1.41]"
2026-04-17T14:49:00+02:00,[60],[2.33]
2026-04-17T12:40:00+02:00,"[60,60]","[1.57,2.67]"
2026-04-17T12:29:00+02:00,[60],[6.48]
2026-04-17T12:08:00+02:00,[60],[2.25]
2026-04-17T06:57:00+02:00,[60],[5.01]
2026-04-17T06:30:00+02:00,[60],[0.83]
2026-04-17T01:16:00+02:00,[60],[11.06]
2026-04-17T00:56:00+02:00,"[60,60]","[0.5,4.08]"
2026-04-16T06:40:00+02:00,[60],[1.74]
2026-04-16T06:37:00+02:00,[60],[2.75]
2026-04-15T14:36:00+02:00,[60],[1.25]
2026-04-15T02:35:00+02:00,"[60,60]","[0.91,1.33]"
2026-04-15T02:01:00+02:00,"[60,60]","[2.66,0.83]"
2026-04-15T01:40:00+02:00,[60],[1.33]
2026-04-14T17:06:00+02:00,"[60,60]","[1.82,0.25]"
2026-04-14T16:55:00+02:00,[60],[5.05]
2026-04-14T12:20:00+02:00,[60],[4.23]
2026-04-14T12:13:00+02:00,[60],[0.33]
2026-04-14T11:56:00+02:00,"[60,60]","[0.08,0.17]"
2026-04-14T11:52:00+02:00,[60],[1.16]
2026-04-14T10:47:00+02:00,[60],[0.42]
2026-04-14T10:45:00+02:00,[60],[1.08]
2026-04-14T10:42:00+02:00,[60],[2.81]
2026-04-14T10:29:00+02:00,"[60,60]","[2.4,6.63]"
2026-04-14T07:05:00+02:00,[60],[1.32]
2026-04-14T01:21:00+02:00,[60],[10.24]
2026-04-14T01:08:00+02:00,[60],[2.98]
2026-04-13T15:11:00+02:00,[60],[0.83]
2026-04-13T13:29:00+02:00,[60],[0.91]
2026-04-13T12:28:00+02:00,[60],[2.73]
2026-04-13T12:25:00+02:00,"[60,60]","[2.4,2.81]"
2026-04-13T10:42:00+02:00,[60],[1.07]
2026-04-13T10:39:00+02:00,[60],[3.98]
2026-04-13T10:26:00+02:00,"[60,60]","[1.99,5.62]"
2026-04-13T10:24:00+02:00,[60],[0.17]
2026-04-13T08:13:00+02:00,"[60,60]","[12.7,9.3]"
2026-04-13T03:25:00+02:00,[60],[0.99]
2026-04-13T01:50:00+02:00,"[60,60]","[2.89,8.6]"
2026-04-13T01:38:00+02:00,[60],[4.22]
2026-04-12T23:20:00+02:00,[60],[1.25]
2026-04-12T16:22:00+02:00,[60],[1.65]
2026-04-12T14:03:00+02:00,[60],[1.66]
2026-04-12T12:33:00+02:00,[60],[0.25]
2026-04-12T12:09:00+02:00,[60],[0.99]
2026-04-12T02:49:00+02:00,[60],[1.33]
2026-04-12T02:34:00+02:00,[60],[1.99]
2026-04-12T02:29:00+02:00,[60],[0.99]
2026-04-11T08:17:00+02:00,[60],[1.24]
2026-04-11T07:56:00+02:00,[60],[0.5]
2026-04-11T07:48:00+02:00,"[60,60]","[0.34,0.33]"
2026-04-11T06:11:00+02:00,[60],[1.15]
2026-04-11T05:37:00+02:00,[60],[3.56]
2026-04-11T05:25:00+02:00,[60],[1.99]
2026-04-10T04:33:00+02:00,[60],[1.24]
2026-04-09T13:43:00+02:00,[60],[1.08]
2026-04-09T11:44:00+02:00,[60],[1.49]
2026-04-09T04:33:00+02:00,[60],[0.91]
2026-04-08T11:23:00+02:00,[60],[1.75]
2026-04-08T10:39:00+02:00,[60],[1]
2026-04-08T10:35:00+02:00,[60],[0.92]
2026-04-08T09:40:00+02:00,"[60,60]","[4.83,0.58]"
2026-04-08T08:24:00+02:00,[60],[1.5]
2026-04-08T08:22:00+02:00,[60],[0.75]
2026-04-08T07:56:00+02:00,[60],[2.41]
2026-04-08T04:21:00+02:00,[60],[0.17]
2026-04-08T02:27:00+02:00,[60],[1.08]
2026-04-07T17:15:00+02:00,[60],[2.08]
2026-04-07T17:01:00+02:00,"[60,60]","[5.14,3.57]"
2026-04-07T12:51:00+02:00,[60],[0.99]
2026-04-07T12:10:00+02:00,[60],[5.4]
2026-04-07T11:56:00+02:00,[60],[2.08]
2026-04-07T11:32:00+02:00,[60],[0.83]
2026-04-07T11:02:00+02:00,"[60,60]","[0.66,3.16]"
2026-04-07T10:47:00+02:00,"[60,60]","[2.49,5.32]"
2026-04-07T10:45:00+02:00,[60],[0.83]
2026-04-07T02:16:00+02:00,[60],[10.6]
2026-04-07T02:01:00+02:00,"[60,60]","[4.73,0.33]"
2026-04-06T15:40:00+02:00,[60],[2.32]
2026-04-06T13:43:00+02:00,[60],[1.08]
2026-04-06T10:43:00+02:00,[60],[0.42]
2026-04-06T10:36:00+02:00,"[60,60]","[5.81,5.14]"
2026-04-06T10:20:00+02:00,"[60,60,60,60]","[0.17,3.73,6.98,4.97]"
2026-04-06T10:16:00+02:00,[60],[1.5]
2026-04-06T08:47:00+02:00,[60],[1.66]
2026-04-06T06:11:00+02:00,"[60,60]","[0.91,0.99]"
2026-04-05T14:34:00+02:00,[60],[1.25]
2026-04-05T14:02:00+02:00,"[60,60]","[2.57,3.32]"
2026-04-05T14:00:00+02:00,[60],[1.24]
2026-04-05T13:41:00+02:00,[60],[1.16]
2026-04-05T12:23:00+02:00,"[60,60,60]","[4.059,1.74,2.48]"
2026-04-05T09:20:00+02:00,[60],[1.33]
2026-04-05T09:15:00+02:00,[60],[1.99]
2026-04-05T09:11:00+02:00,[60],[1.57]
2026-04-05T09:06:00+02:00,[60],[1.33]
2026-04-04T05:39:00+02:00,[60],[1.41]
2026-04-03T14:17:00+02:00,[60],[0.51]
2026-04-03T08:33:00+02:00,[60],[2.25]
2026-04-03T08:12:00+02:00,[60],[1.09]
2026-04-02T13:03:00+02:00,"[60,60]","[1.91,0.74]"
2026-04-02T12:51:00+02:00,[60],[4.56]
2026-04-02T12:16:00+02:00,[60],[0.91]
2026-04-02T09:23:00+02:00,[60],[0.83]
2026-04-02T02:36:00+02:00,[60],[1.57]
2026-04-01T12:37:00+02:00,[60],[1.66]
2026-04-01T12:21:00+02:00,[60],[1.82]
2026-04-01T11:13:00+02:00,[60],[1.57]
2026-04-01T08:46:00+02:00,[60],[1.66]
2026-04-01T07:56:00+02:00,[60],[1.08]
2026-04-01T06:32:00+02:00,[60],[1.07]
2026-04-01T06:28:00+02:00,[60],[4.8]
2026-04-01T03:33:00+02:00,[60],[1.82]
2026-03-31T16:36:00+02:00,[60],[1.98]
2026-03-31T16:24:00+02:00,"[60,60]","[8.36,0.34]"
2026-03-31T15:56:00+02:00,[60],[1]
2026-03-31T15:41:00+02:00,[60],[1.08]
2026-03-31T14:13:00+02:00,"[60,60]","[0.58,4.47]"
2026-03-31T14:03:00+02:00,[60],[2.81]
2026-03-31T12:12:00+02:00,[60],[2.49]
2026-03-31T12:10:00+02:00,[60],[2.82]
2026-03-31T12:06:00+02:00,[60],[0.16]
2026-03-31T11:37:00+02:00,[60],[2.98]
2026-03-31T11:19:00+02:00,[60],[5.22]
2026-03-31T11:17:00+02:00,[60],[1.99]
2026-03-31T11:08:00+02:00,[60],[0.25]
2026-03-31T10:56:00+02:00,[60],[1.17]
2026-03-31T10:42:00+02:00,[60],[1.49]
2026-03-31T10:37:00+02:00,[60],[3.39]
2026-03-31T10:24:00+02:00,"[60,60]","[1.91,6.54]"
2026-03-31T10:22:00+02:00,[60],[0.33]
2026-03-31T01:19:00+02:00,[60],[11.2]
2026-03-31T01:05:00+02:00,[60],[2.9]
2026-03-30T16:21:00+02:00,[60],[1.16]
2026-03-30T16:11:00+02:00,[60],[1.33]
2026-03-30T15:32:00+02:00,[60],[1.16]
2026-03-30T11:30:00+02:00,"[60,60]","[2.83,0.33]"
2026-03-30T11:16:00+02:00,"[60,60,60,60]","[0.67,2.07,4.9,0.42]"
2026-03-30T11:12:00+02:00,[60],[0.08]
2026-03-30T02:45:00+02:00,[60],[0.25]
2026-03-30T02:41:00+02:00,[60],[0.91]
2026-03-30T02:20:00+02:00,[60],[5.16]
2026-03-29T12:42:00+02:00,[60],[0.25]
2026-03-29T11:48:00+02:00,[60],[2]
2026-03-29T11:44:00+02:00,[60],[0.99]
2026-03-29T10:56:00+02:00,[60],[0.42]
2026-03-29T07:59:00+02:00,[61],[1]
2026-03-29T06:37:00+02:00,[60],[1.17]
2026-03-29T06:13:00+02:00,[60],[0.58]
2026-03-29T01:06:00+01:00,[60],[2.17]
2026-03-28T11:49:00+01:00,[60],[0.92]
2026-03-28T04:05:00+01:00,[60],[1.18]
2026-03-28T02:21:00+01:00,[60],[1.43]
2026-03-28T01:55:00+01:00,[60],[2.1]
2026-03-28T01:40:00+01:00,"[60,60]","[1.43,1.68]"
2026-03-27T09:52:00+01:00,[60],[1.5]
2026-03-27T09:43:00+01:00,[60],[1.08]
2026-03-27T09:15:00+01:00,[60],[1]
2026-03-27T08:56:00+01:00,[60],[1]
2026-03-27T08:22:00+01:00,[60],[2.33]
2026-03-27T08:03:00+01:00,[60],[0.5]
2026-03-27T01:55:00+01:00,[60],[0.17]
2026-03-26T13:30:00+01:00,[60],[3.57]
2026-03-26T12:26:00+01:00,"[60,60]","[0.17,1.33]"
2026-03-26T11:26:00+01:00,[60],[4.73]
2026-03-26T11:08:00+01:00,[60],[0.83]
2026-03-26T06:14:00+01:00,[60],[1.25]
2026-03-26T05:46:00+01:00,[60],[1.49]
2026-03-26T05:39:00+01:00,"[60,60]","[1.16,2.58]"
2026-03-25T09:29:00+01:00,[60],[2.66]
2026-03-25T04:46:00+01:00,"[60,60,60,60]","[0.66,4.65,2.25,1.41]"
2026-03-25T04:30:00+01:00,[60],[0.08]
2026-03-24T23:51:00+01:00,[60],[2.24]
2026-03-24T23:44:00+01:00,[60],[1.66]
2026-03-24T23:40:00+01:00,[60],[1.82]
2026-03-24T23:38:00+01:00,[60],[1.24]
2026-03-24T23:31:00+01:00,[60],[4.65]
2026-03-24T23:26:00+01:00,[60],[0.58]
2026-03-24T23:24:00+01:00,[60],[2]
2026-03-24T14:50:00+01:00,"[60,60]","[3.33,5.15]"
2026-03-24T11:08:00+01:00,[60],[4.91]
2026-03-24T11:06:00+01:00,[60],[5.83]
2026-03-24T10:50:00+01:00,[60],[1.33]
2026-03-24T10:07:00+01:00,[60],[1.42]
2026-03-24T10:04:00+01:00,[60],[2.65]
2026-03-24T09:52:00+01:00,[60],[1.91]
2026-03-24T01:30:00+01:00,[60],[1.58]
2026-03-24T01:27:00+01:00,[60],[0.25]
2026-03-24T01:13:00+01:00,[60],[5.15]
2026-03-23T15:41:00+01:00,[60],[0.25]
2026-03-23T15:38:00+01:00,"[60,60]","[4.57,2.08]"
2026-03-23T14:56:00+01:00,[60],[0.83]
2026-03-23T12:31:00+01:00,[60],[1.58]
2026-03-23T12:29:00+01:00,[60],[0.91]
2026-03-23T11:01:00+01:00,[60],[1.33]
2026-03-23T10:46:00+01:00,"[60,60,60]","[0.75,2.16,0.41]"
2026-03-23T10:24:00+01:00,[60],[1.42]
2026-03-23T10:20:00+01:00,"[60,60]","[7.98,2.91]"
2026-03-23T10:16:00+01:00,[60],[0.17]
2026-03-23T10:08:00+01:00,"[60,60]","[8.73,1.33]"
2026-03-23T07:58:00+01:00,[60],[0.33]
2026-03-23T05:37:00+01:00,[60],[1.16]
2026-03-23T05:35:00+01:00,[60],[2.49]
2026-03-23T05:24:00+01:00,"[60,60]","[0.17,2.33]"
2026-03-23T05:17:00+01:00,[60],[2.33]
2026-03-23T05:02:00+01:00,[60],[2.48]
2026-03-23T04:36:00+01:00,[60],[2.65]
2026-03-23T03:10:00+01:00,[60],[0.16]
2026-03-23T02:13:00+01:00,"[60,60]","[2.73,6.31]"
2026-03-23T02:11:00+01:00,[60],[1.24]
2026-03-22T13:48:00+01:00,[60],[2.8]
2026-03-22T12:59:00+01:00,"[60,60,60]","[3.66,2.58,3.58]"
2026-03-22T10:51:00+01:00,[60],[4.74]
2026-03-22T10:28:00+01:00,"[60,60]","[0.42,1.66]"
2026-03-22T10:26:00+01:00,[60],[2.49]
2026-03-22T09:50:00+01:00,[60],[1]
2026-03-22T09:46:00+01:00,[60],[0.16]
2026-03-22T08:18:00+01:00,[60],[10.93]
2026-03-22T06:17:00+01:00,[60],[3.08]
2026-03-22T06:13:00+01:00,[60],[1.32]
2026-03-21T17:04:00+01:00,[60],[5.25]
2026-03-21T16:35:00+01:00,[60],[2.41]
2026-03-21T14:36:00+01:00,"[60,60]","[8.08,0.34]"
2026-03-21T14:32:00+01:00,[60],[0.59]
2026-03-21T13:15:00+01:00,"[60,60]","[5.17,2.92]"
2026-03-21T11:18:00+01:00,[60],[0.59]
2026-03-21T09:57:00+01:00,[60],[2.09]
2026-03-21T08:05:00+01:00,[60],[0.92]
2026-03-21T07:44:00+01:00,[60],[0.25]
2026-03-21T06:01:00+01:00,"[60,60]","[7.18,3.25]"
2026-03-21T03:05:00+01:00,[60],[1.08]
2026-03-21T03:04:00+01:00,[60],[12.9]
2026-03-21T03:02:00+01:00,[60],[3.17]
2026-03-21T02:41:00+01:00,[60],[2.07]
2026-03-21T01:56:00+01:00,[60],[2.33]
2026-03-20T11:45:00+01:00,[60],[3.66]
2026-03-20T08:17:00+01:00,[60],[1.08]
2026-03-19T14:26:00+01:00,[60],[1.67]
2026-03-19T11:32:00+01:00,"[60,60]","[3.41,0.83]"
2026-03-19T02:04:00+01:00,[60],[0.25]
2026-03-18T09:29:00+01:00,[60],[1.09]
2026-03-18T09:09:00+01:00,[60],[0.42]
2026-03-17T16:03:00+01:00,[60],[5.74]
2026-03-17T11:08:00+01:00,[60],[4.98]
2026-03-17T11:05:00+01:00,[60],[3.83]
2026-03-17T10:58:00+01:00,[60],[0.75]
2026-03-17T05:29:00+01:00,[60],[1.5]
2026-03-17T05:26:00+01:00,"[60,60]","[3.49,1.09]"
2026-03-17T05:14:00+01:00,"[60,60]","[1.58,6.64]"
2026-03-17T05:12:00+01:00,[60],[0.25]
2026-03-17T05:10:00+01:00,[60],[2.24]
2026-03-17T01:28:00+01:00,[60],[2.91]
2026-03-17T01:18:00+01:00,[60],[0.08]
2026-03-17T01:02:00+01:00,[60],[5.4]
2026-03-16T14:44:00+01:00,[60],[1.49]
2026-03-16T11:51:00+01:00,[60],[1.08]
2026-03-16T10:16:00+01:00,"[60,60]","[3.41,0.25]"
2026-03-16T10:04:00+01:00,"[60,60]","[1.99,5.07]"
2026-03-16T09:59:00+01:00,[60],[1]
2026-03-16T09:58:00+01:00,[60],[0.16]
2026-03-16T07:13:00+01:00,"[60,60]","[9,13.77]"
2026-03-16T03:57:00+01:00,[60],[4.75]
2026-03-16T00:02:00+01:00,[60],[10.21]
2026-03-15T23:48:00+01:00,[60],[4.98]
2026-03-15T09:03:00+01:00,[60],[1.58]
2026-03-15T08:33:00+01:00,[60],[1.24]
2026-03-15T08:10:00+01:00,[60],[0.25]
2026-03-15T07:01:00+01:00,[60],[1.33]
2026-03-15T05:58:00+01:00,[60],[0.33]
2026-03-15T05:10:00+01:00,[60],[0.08]
2026-03-15T02:42:00+01:00,[60],[0.92]
2026-03-14T13:32:00+01:00,[60],[0.91]
2026-03-14T08:11:00+01:00,[60],[1.08]
2026-03-14T08:08:00+01:00,[60],[1.91]
2026-03-14T06:20:00+01:00,[60],[0.58]
2026-03-14T06:12:00+01:00,[60],[0.83]
2026-03-14T05:16:00+01:00,[60],[1.17]
2026-03-14T05:02:00+01:00,[60],[1.82]
2026-03-14T04:23:00+01:00,[60],[1.16]
2026-03-14T03:38:00+01:00,[60],[0.58]
2026-03-14T03:28:00+01:00,[60],[1.33]
2026-03-13T12:45:00+01:00,[60],[1.99]
2026-03-13T10:07:00+01:00,[60],[0.83]
2026-03-13T08:56:00+01:00,[60],[1.33]
2026-03-13T08:49:00+01:00,[60],[1.41]
2026-03-13T08:42:00+01:00,[60],[0.41]
2026-03-13T08:21:00+01:00,"[60,60]","[2.16,2.82]"
2026-03-13T06:50:00+01:00,[60],[0.83]
2026-03-13T05:25:00+01:00,[60],[0.83]
2026-03-13T05:13:00+01:00,"[60,60]","[0.09,0.25]"
2026-03-13T01:57:00+01:00,[60],[0.41]
2026-03-12T15:33:00+01:00,[60],[2.41]
2026-03-12T13:56:00+01:00,[60],[1]
2026-03-12T11:37:00+01:00,[60],[0.67]
2026-03-12T11:35:00+01:00,[60],[4.56]
2026-03-12T11:16:00+01:00,[60],[1.25]
2026-03-12T11:08:00+01:00,[60],[0.74]
2026-03-12T10:50:00+01:00,[60],[0.83]
2026-03-12T06:25:00+01:00,"[60,60,60,60]","[2.99,0.99,2.07,1.5]"
2026-03-12T06:11:00+01:00,[60],[3.23]
2026-03-12T06:09:00+01:00,[60],[1.41]
2026-03-12T05:29:00+01:00,[60],[2.07]
2026-03-12T05:26:00+01:00,"[60,60]","[1.24,5.39]"
2026-03-12T05:10:00+01:00,"[60,60]","[2.4,4.4]"
2026-03-12T03:06:00+01:00,[60],[0.5]
2026-03-12T01:43:00+01:00,[60],[1.32]
2026-03-11T14:43:00+01:00,[60],[6.38]
2026-03-11T10:53:00+01:00,[60],[0.08]
2026-03-11T10:42:00+01:00,"[60,60]","[1.57,0.83]"
2026-03-11T10:35:00+01:00,[60],[2.49]
2026-03-11T09:30:00+01:00,[60],[1.57]
2026-03-11T09:23:00+01:00,[60],[1.41]
2026-03-11T05:45:00+01:00,[60],[1.16]
2026-03-11T05:37:00+01:00,[60],[2.65]
2026-03-11T04:14:00+01:00,"[60,60,60]","[1.16,2.73,0.42]"
2026-03-11T03:38:00+01:00,[60],[1.58]
2026-03-11T03:27:00+01:00,[60],[0.17]
2026-03-11T03:22:00+01:00,"[60,60]","[1.09,3.96]"
2026-03-11T03:05:00+01:00,"[60,60,60]","[1.41,1.24,0.58]"
2026-03-11T00:29:00+01:00,[60],[5.04]
2026-03-11T00:27:00+01:00,[60],[0.58]
2026-03-11T00:09:00+01:00,[60],[3.14]
2026-03-10T15:44:00+01:00,[60],[1.74]
2026-03-10T15:25:00+01:00,"[60,60,60]","[8.029,0.74,1.15]"
2026-03-10T11:08:00+01:00,"[60,60]","[0.42,4.57]"
2026-03-10T10:52:00+01:00,[60],[1.16]
2026-03-10T09:59:00+01:00,"[60,60]","[0.99,2.99]"
2026-03-10T09:46:00+01:00,"[60,60]","[1.57,5.82]"
2026-03-10T09:45:00+01:00,[60],[1.5]
2026-03-10T09:38:00+01:00,[60],[0.25]
2026-03-10T00:27:00+01:00,"[60,60]","[9.46,1.49]"
2026-03-10T00:12:00+01:00,[60],[4.57]
2026-03-09T13:58:00+01:00,[60],[1.17]
2026-03-09T12:38:00+01:00,[60],[1.66]
2026-03-09T12:08:00+01:00,[60],[0.84]
2026-03-09T11:54:00+01:00,[60],[2.33]
2026-03-09T11:06:00+01:00,[60],[1.51]
2026-03-09T10:55:00+01:00,[60],[1.01]
2026-03-09T10:39:00+01:00,[60],[0.25]
2026-03-09T10:31:00+01:00,[60],[0.25]
2026-03-09T10:18:00+01:00,"[60,60]","[3.17,6.34]"
2026-03-09T10:16:00+01:00,[60],[0.08]
2026-03-09T10:13:00+01:00,[60],[1.5]
2026-03-09T01:20:00+01:00,[60],[0.25]
2026-03-09T01:16:00+01:00,[60],[11.43]
2026-03-09T01:13:00+01:00,[60],[0.16]
2026-03-09T00:58:00+01:00,"[60,60]","[1.58,3.18]"
2026-03-08T13:26:00+01:00,[60],[1.01]
2026-03-08T13:24:00+01:00,[60],[0.09]
2026-03-08T12:47:00+01:00,"[60,60]","[2.51,3.08]"
2026-03-08T12:26:00+01:00,[60],[0.58]
2026-03-08T11:48:00+01:00,[60],[2.09]
2026-03-08T10:44:00+01:00,[60],[2.67]
2026-03-08T10:13:00+01:00,[60],[0.33]
2026-03-08T09:45:00+01:00,[60],[2.009]
2026-03-08T09:25:00+01:00,[60],[1.09]
2026-03-07T09:29:00+01:00,[60],[1.25]
2026-03-07T09:06:00+01:00,"[60,60]","[6.44,1.42]"
2026-03-07T08:36:00+01:00,"[60,60,60]","[5.27,0.33,1.25]"
2026-03-07T07:22:00+01:00,[60],[0.33]
2026-03-07T07:06:00+01:00,[60],[0.84]
2026-03-07T07:03:00+01:00,[60],[1.26]
2026-03-07T06:56:00+01:00,[60],[0.41]
2026-03-07T06:42:00+01:00,"[60,60,60,60,60]","[1.84,0.58,3.17,1.67,0.09]"
2026-03-07T06:13:00+01:00,[60],[1.17]
2026-03-07T06:10:00+01:00,[60],[2.26]
2026-03-07T02:39:00+01:00,[60],[1.17]
2026-03-06T11:25:00+01:00,[60],[3.59]
2026-03-06T11:21:00+01:00,[60],[1.59]
2026-03-06T11:19:00+01:00,[60],[1.68]
2026-03-06T10:53:00+01:00,"[60,60]","[0.92,4.43]"
2026-03-06T10:50:00+01:00,[60],[0.67]
2026-03-06T09:55:00+01:00,[60],[1.43]
2026-03-06T08:59:00+01:00,[60],[1.51]
2026-03-06T08:57:00+01:00,[60],[1.17]
2026-03-06T02:01:00+01:00,[60],[0.25]
2026-03-06T01:58:00+01:00,[60],[0.17]
2026-03-05T14:07:00+01:00,[60],[1.5]
2026-03-05T12:38:00+01:00,[60],[6.84]
2026-03-05T11:32:00+01:00,"[60,60]","[4,0.34]"
2026-03-05T04:54:00+01:00,[60],[1.25]
2026-03-04T11:35:00+01:00,"[60,60]","[3.75,1.75]"
2026-03-03T15:23:00+01:00,[60],[1.08]
2026-03-03T15:10:00+01:00,[60],[7.06]
2026-03-03T14:37:00+01:00,[60],[1.17]
2026-03-03T11:14:00+01:00,"[60,60,60]","[3.08,0.91,5.16]"
2026-03-03T10:23:00+01:00,[60],[1.42]
2026-03-03T10:18:00+01:00,"[60,60]","[2.83,0.25]"
2026-03-03T10:00:00+01:00,"[60,60,60,60]","[0.08,0.91,2.59,4.67]"
2026-03-03T08:26:00+01:00,[60],[1.16]
2026-03-03T00:26:00+01:00,[60],[0.42]
2026-03-03T00:22:00+01:00,"[60,60]","[10.72,163.76]"
2026-03-03T00:20:00+01:00,[60],[0.33]
2026-03-03T00:07:00+01:00,[60],[4.9]
2026-03-03T00:04:00+01:00,[60],[0.5]
2026-03-02T11:13:00+01:00,[60],[1.25]
2026-03-02T10:09:00+01:00,[60],[0.34]
2026-03-02T10:07:00+01:00,[60],[0.33]
2026-03-02T06:28:00+01:00,[60],[1.66]
2026-03-02T03:57:00+01:00,[60],[3.07]
2026-03-02T02:08:00+01:00,[60],[3.15]
2026-03-02T02:02:00+01:00,[60],[0.59]
2026-03-02T01:42:00+01:00,[60],[1.83]
2026-03-01T14:12:00+01:00,[60],[1.09]
2026-03-01T10:40:00+01:00,[60],[1.01]
2026-03-01T10:20:00+01:00,[60],[1.33]
2026-03-01T09:59:00+01:00,[60],[1]
2026-03-01T09:57:00+01:00,[60],[3.5]
2026-03-01T09:18:00+01:00,[60],[1.17]
2026-03-01T09:16:00+01:00,[60],[1.83]
2026-03-01T09:13:00+01:00,[60],[1.08]
2026-03-01T09:01:00+01:00,[60],[1.58]
2026-03-01T08:23:00+01:00,[60],[2.58]
2026-03-01T08:11:00+01:00,"[60,60]","[1.33,0.34]"
2026-03-01T08:01:00+01:00,[60],[0.83]
2026-03-01T07:50:00+01:00,[60],[2.25]
2026-03-01T07:43:00+01:00,[60],[2.75]
2026-03-01T06:36:00+01:00,[60],[1.08]
2026-03-01T05:58:00+01:00,"[60,60,60,60,60]","[2.91,0.91,2.24,0.25,3.25]"
2026-03-01T02:53:00+01:00,[60],[1.17]
2026-02-28T17:11:00+01:00,[60],[1]
2026-02-28T13:39:00+01:00,[60],[1.5]
2026-02-28T13:30:00+01:00,[60],[2.009]
2026-02-28T13:27:00+01:00,[60],[1.41]
2026-02-28T12:41:00+01:00,[60],[2.34]
2026-02-28T12:29:00+01:00,[60],[2.42]
2026-02-28T11:40:00+01:00,"[60,60]","[4.92,0.92]"
2026-02-28T11:34:00+01:00,"[60,60]","[0.67,2.34]"
2026-02-28T11:27:00+01:00,[60],[2.59]
2026-02-28T11:19:00+01:00,[60],[1.84]
2026-02-28T11:05:00+01:00,"[60,60]","[2.25,0.92]"
2026-02-28T11:03:00+01:00,[60],[1.17]
2026-02-28T10:55:00+01:00,[60],[2.009]
2026-02-28T10:49:00+01:00,"[60,60,60,60]","[3.92,4.5,3.34,1.09]"
2026-02-28T10:41:00+01:00,"[60,60]","[2.75,1.59]"
2026-02-28T10:35:00+01:00,[60],[1.34]
2026-02-28T10:22:00+01:00,[60],[0.08]
2026-02-28T09:59:00+01:00,[60],[1.08]
2026-02-28T09:56:00+01:00,"[60,60]","[2.09,1.75]"
2026-02-28T09:53:00+01:00,[60],[2.92]
2026-02-28T09:48:00+01:00,[60],[2.42]
2026-02-28T09:44:00+01:00,[60],[1.5]
2026-02-28T09:42:00+01:00,[60],[0.33]
2026-02-28T07:46:00+01:00,"[60,60]","[3.01,0.84]"
2026-02-28T07:39:00+01:00,[60],[1.25]
2026-02-28T07:19:00+01:00,[60],[2.34]
2026-02-28T07:15:00+01:00,[60],[3.34]
2026-02-28T06:57:00+01:00,"[60,60]","[2,1.5]"
2026-02-28T06:20:00+01:00,[60],[1.08]
2026-02-28T06:18:00+01:00,[60],[1.01]
2026-02-28T05:25:00+01:00,[60],[1.25]
2026-02-28T04:36:00+01:00,[60],[1.75]
2026-02-28T04:18:00+01:00,[60],[1.67]
2026-02-28T03:36:00+01:00,[60],[3.09]
2026-02-28T03:30:00+01:00,[60],[3.25]
2026-02-28T03:14:00+01:00,[60],[3.42]
2026-02-27T15:46:00+01:00,[60],[3.68]
2026-02-27T15:37:00+01:00,[60],[0.84]
2026-02-27T15:33:00+01:00,[60],[1]
2026-02-27T15:27:00+01:00,"[60,60]","[2.51,1.92]"
2026-02-27T14:59:00+01:00,[60],[1.51]
2026-02-27T14:38:01+01:00,[59],[0.83]
2026-02-27T14:11:00+01:00,"[60,60,60,60,60]","[2.26,3.68,2.85,2.17,0.59]"
2026-02-27T13:57:00+01:00,[60],[1.76]
2026-02-27T13:55:00+01:00,[60],[1.42]
2026-02-27T13:46:00+01:00,[60],[1.84]
2026-02-27T13:37:00+01:00,[60],[1.26]
2026-02-27T13:33:00+01:00,[60],[1.84]
2026-02-27T13:20:00+01:00,"[60,60]","[2.68,2.77]"
2026-02-27T13:06:00+01:00,"[60,60]","[1.76,6.19]"
2026-02-27T12:56:00+01:00,[60],[2.68]
2026-02-27T12:54:00+01:00,[60],[1.76]
2026-02-27T12:35:00+01:00,[60],[2.68]
2026-02-27T12:34:00+01:00,[60],[1.34]
2026-02-27T11:41:00+01:00,[60],[2.009]
2026-02-27T08:04:00+01:00,[60],[0.25]
2026-02-27T01:41:00+01:00,[60],[1.84]
2026-02-27T01:29:00+01:00,[60],[0.76]
2026-02-27T01:19:00+01:00,[61],[0.25]
2026-02-26T12:50:00+01:00,[60],[0.75]
2026-02-26T11:47:00+01:00,[60],[2.08]
2026-02-26T10:05:00+01:00,[60],[1.59]
2026-02-26T08:17:00+01:00,[60],[1.25]
2026-02-26T08:09:00+01:00,[60],[0.83]
2026-02-26T06:00:00+01:00,"[60,60]","[0.91,1.67]"
2026-02-25T14:24:00+01:00,[60],[0.25]
2026-02-25T14:06:00+01:00,[60],[2.33]
2026-02-25T11:00:00+01:00,[60],[0.34]
2026-02-25T08:26:00+01:00,[60],[0.51]
2026-02-25T07:05:00+01:00,"[60,60,60]","[0.83,2.17,12.79]"
2026-02-25T06:44:00+01:00,[60],[5.68]
2026-02-24T15:49:00+01:00,[60],[1]
2026-02-24T15:33:00+01:00,[60],[0.08]
2026-02-24T13:34:00+01:00,[60],[2.08]
2026-02-24T11:11:00+01:00,"[60,60]","[2.84,0.16]"
2026-02-24T10:42:00+01:00,[60],[0.17]
2026-02-23T14:10:00+01:00,[60],[2.5]
2026-02-23T13:51:00+01:00,[60],[0.17]
2026-02-23T11:48:00+01:00,[60],[2.92]
2026-02-23T11:19:00+01:00,[60],[1.51]
2026-02-23T10:03:00+01:00,[60],[1.18]
2026-02-23T03:56:00+01:00,[60],[0.25]
2026-02-22T10:58:00+01:00,[60],[0.5]
2026-02-22T10:09:00+01:00,[60],[2.84]
2026-02-22T07:33:00+01:00,[60],[1.92]
2026-02-22T04:40:00+01:00,[60],[0.84]
2026-02-22T03:31:00+01:00,[60],[1.58]
2026-02-22T03:29:00+01:00,[60],[1.83]
2026-02-22T02:24:00+01:00,"[60,60]","[1,1.25]"
2026-02-22T02:10:00+01:00,"[60,60]","[1.41,0.33]"
2026-02-22T01:59:00+01:00,[60],[1.92]
2026-02-22T01:27:00+01:00,[60],[1.66]
2026-02-21T13:25:00+01:00,"[60,60]","[2.42,0.35]"
2026-02-21T12:42:00+01:00,[60],[1.51]
2026-02-21T12:35:00+01:00,"[60,60,60]","[1.68,0.58,2.43]"
2026-02-21T12:30:00+01:00,[60],[3.1]
2026-02-21T12:21:00+01:00,[60],[3.85]
2026-02-21T12:15:00+01:00,[60],[4.67]
2026-02-21T12:10:00+01:00,[60],[3.77]
2026-02-21T12:01:00+01:00,"[60,60,60]","[2.009,3.26,4.1]"
2026-02-21T11:57:00+01:00,[60],[1.26]
2026-02-21T11:50:00+01:00,[60],[0.83]
2026-02-21T11:30:00+01:00,[60],[2]
2026-02-21T11:07:00+01:00,[60],[1.92]
2026-02-21T11:00:00+01:00,[60],[1.67]
2026-02-21T10:56:00+01:00,[61],[2.34]
2026-02-21T10:54:00+01:00,[60],[1.67]
2026-02-21T10:52:00+01:00,[60],[1.76]
2026-02-21T09:10:00+01:00,[60],[2.51]
2026-02-21T09:03:00+01:00,"[60,60,60]","[1.26,5.18,1.34]"
2026-02-21T08:25:00+01:00,[60],[2.34]
2026-02-21T07:26:00+01:00,[60],[1.26]
2026-02-21T07:23:00+01:00,[60],[3.51]
2026-02-21T05:13:00+01:00,[60],[1.67]
2026-02-21T04:32:00+01:00,[60],[0.42]
2026-02-21T04:06:00+01:00,[60],[1]
2026-02-21T04:01:00+01:00,"[60,60]","[1.26,0.84]"
2026-02-21T03:32:00+01:00,[60],[3.09]
2026-02-21T03:28:00+01:00,[60],[1.5]
2026-02-21T03:19:00+01:00,"[60,60,60,60]","[2.18,1.75,2,0.59]"
2026-02-21T03:16:00+01:00,[60],[2]
2026-02-20T14:11:00+01:00,[60],[0.76]
2026-02-20T13:45:00+01:00,[60],[1.33]
2026-02-20T13:17:00+01:00,[60],[0.84]
2026-02-20T13:04:00+01:00,[60],[0.34]
2026-02-20T12:50:00+01:00,[60],[0.92]
2026-02-20T09:08:00+01:00,[60],[1.59]
2026-02-20T07:54:00+01:00,[60],[1.42]
2026-02-20T01:19:00+01:00,[60],[1.17]
2026-02-20T01:03:00+01:00,[60],[0.25]
2026-02-19T13:58:00+01:00,[60],[1.42]
2026-02-19T11:34:00+01:00,"[60,60]","[1.67,2.18]"
2026-02-19T01:32:00+01:00,[60],[2.42]
2026-02-18T10:00:00+01:00,[60],[0.42]
2026-02-18T09:23:00+01:00,[60],[0.34]
2026-02-18T09:01:00+01:00,[60],[1.34]
2026-02-18T02:10:00+01:00,[60],[1.08]
2026-02-18T01:56:00+01:00,[60],[1]
2026-02-18T01:32:00+01:00,[60],[0.34]
2026-02-18T00:25:00+01:00,[60],[2.92]
2026-02-18T00:20:00+01:00,[60],[1.17]
2026-02-17T23:59:00+01:00,[60],[0.17]
2026-02-17T15:41:00+01:00,[60],[1.5]
2026-02-17T15:30:00+01:00,[60],[9.15]
2026-02-17T14:17:00+01:00,"[60,60]","[0.42,0.33]"
2026-02-17T11:21:00+01:00,"[60,60]","[0.08,3.23]"
2026-02-17T11:17:00+01:00,[60],[3.08]
2026-02-17T11:15:00+01:00,[60],[1.09]
2026-02-17T10:28:00+01:00,"[60,60]","[0.5,2.99]"
2026-02-17T10:12:00+01:00,"[60,60,60,60]","[0.67,0.41,1.91,5.24]"
2026-02-17T10:09:00+01:00,"[60,60]","[0.16,0.17]"
2026-02-17T00:17:00+01:00,[60],[12.27]
2026-02-17T00:14:00+01:00,[60],[0.41]
2026-02-17T00:01:00+01:00,[60],[4.81]
2026-02-16T23:57:00+01:00,"[60,60]","[1.08,2.57]"
2026-02-16T23:51:00+01:00,"[60,60]","[4.57,1]"
2026-02-16T14:43:00+01:00,[60],[1.33]
2026-02-16T14:36:00+01:00,[60],[3.08]
2026-02-16T13:45:00+01:00,[60],[1.99]
2026-02-16T11:36:00+01:00,[60],[1.09]
2026-02-16T11:07:00+01:00,[60],[4.51]
2026-02-16T10:57:00+01:00,[60],[1.92]
2026-02-16T10:29:00+01:00,[60],[0.66]
2026-02-16T10:23:00+01:00,"[60,60]","[0.83,1.83]"
2026-02-16T10:12:00+01:00,[60],[4.99]
2026-02-16T10:09:00+01:00,"[60,60,60]","[0.09,0.25,1.58]"
2026-02-16T08:01:00+01:00,[60],[2.1]
2026-02-16T07:12:00+01:00,"[60,60]","[12.69,11.12]"
2026-02-16T01:30:00+01:00,[60],[0.25]
2026-02-16T01:26:00+01:00,[60],[4.4]
2026-02-16T01:10:00+01:00,[60],[3.67]
2026-02-15T13:28:00+01:00,"[60,60,60,60]","[2.009,0.26,2.18,3.01]"
2026-02-15T12:53:00+01:00,"[60,60,60]","[7.1,1.25,0.33]"
2026-02-15T12:30:00+01:00,[60],[1.75]
2026-02-15T12:28:00+01:00,[60],[1.75]
2026-02-15T12:20:00+01:00,"[60,60,60,60]","[1.76,2,1.59,2.92]"
2026-02-15T12:08:00+01:00,[60],[3.17]
2026-02-15T12:02:00+01:00,[60],[5.6]
2026-02-15T11:59:00+01:00,[60],[1.42]
2026-02-15T11:49:00+01:00,"[60,60]","[2.42,3.92]"
2026-02-15T11:43:00+01:00,[60],[2.33]
2026-02-15T11:12:00+01:00,[60],[2.43]
2026-02-15T10:37:00+01:00,[60],[3.86]
2026-02-15T10:30:00+01:00,[60],[2.93]
2026-02-15T09:58:00+01:00,[60],[1.26]
2026-02-15T09:09:00+01:00,[60],[0.42]
2026-02-15T08:59:00+01:00,[60],[1.59]
2026-02-15T08:56:00+01:00,"[60,60]","[2.85,1.92]"
2026-02-15T07:09:00+01:00,[60],[2.85]
2026-02-15T06:58:00+01:00,[60],[1.93]
2026-02-15T06:55:00+01:00,"[60,60]","[0.42,0.34]"
2026-02-15T06:52:00+01:00,"[60,60]","[1.76,1.76]"
2026-02-15T06:50:00+01:00,[60],[1.17]
2026-02-15T06:48:00+01:00,[60],[1.84]
2026-02-15T06:45:00+01:00,"[60,60]","[1.84,1.92]"
2026-02-15T06:43:00+01:00,[60],[2.43]
2026-02-15T06:25:00+01:00,[60],[1.01]
2026-02-15T05:40:00+01:00,"[60,60]","[1.01,1.59]"
2026-02-15T05:38:00+01:00,[60],[1.85]
2026-02-15T05:36:00+01:00,[60],[0.42]
2026-02-15T04:44:00+01:00,[60],[1.51]
2026-02-15T03:53:00+01:00,"[60,60]","[2.35,1.42]"
2026-02-15T03:50:00+01:00,[60],[3.51]
2026-02-15T03:48:01+01:00,[59],[0.84]
2026-02-14T14:16:00+01:00,[60],[0.84]
2026-02-14T14:08:00+01:00,[60],[1.25]
2026-02-14T14:06:00+01:00,[60],[1.76]
2026-02-14T10:40:00+01:00,[60],[0.67]
2026-02-14T09:46:00+01:00,"[60,60]","[1,3.28]"
2026-02-14T08:47:00+01:00,[60],[0.25]
2026-02-14T07:34:00+01:00,[60],[0.59]
2026-02-14T07:01:00+01:00,[60],[4.77]
2026-02-14T06:50:00+01:00,[60],[0.84]
2026-02-14T06:33:00+01:00,[60],[1.5]
2026-02-14T05:40:00+01:00,[60],[0.5]
2026-02-14T05:39:00+01:00,[60],[3.69]
2026-02-14T05:35:00+01:00,"[60,60]","[5.27,1.43]"
2026-02-14T05:06:00+01:00,"[60,60]","[0.58,3.52]"
2026-02-14T04:44:00+01:00,"[60,60]","[0.92,3.36]"
2026-02-14T04:36:00+01:00,[60],[2.43]
2026-02-14T04:26:00+01:00,[60],[0.17]
2026-02-14T03:37:00+01:00,[60],[1]
2026-02-14T03:32:00+01:00,[60],[1.42]
2026-02-13T09:53:00+01:00,[60],[0.09]
2026-02-13T08:57:00+01:00,[60],[1.08]
2026-02-13T01:35:00+01:00,[60],[0.25]
2026-02-12T11:55:00+01:00,[60],[1.49]
2026-02-12T11:43:00+01:00,[60],[0.25]
2026-02-12T11:32:00+01:00,[60],[4.08]
2026-02-12T11:26:00+01:00,"[60,60]","[0.25,3.91]"
2026-02-12T08:28:00+01:00,[60],[1.33]
2026-02-12T07:07:00+01:00,[60],[0.08]
2026-02-12T07:03:00+01:00,[60],[0.5]
2026-02-12T05:49:00+01:00,[60],[0.5]
2026-02-12T05:36:00+01:00,[60],[0.66]
2026-02-12T01:20:00+01:00,[60],[2.98]
2026-02-12T01:13:00+01:00,[60],[2.4]
2026-02-11T14:59:00+01:00,[60],[1.49]
2026-02-11T12:39:00+01:00,[60],[2.41]
2026-02-11T12:24:00+01:00,[60],[1.99]
2026-02-11T12:01:00+01:00,"[60,60,60]","[0.09,1.33,0.17]"
2026-02-11T11:18:00+01:00,[60],[1.08]
2026-02-11T10:59:00+01:00,"[60,60,60]","[1.41,0.25,0.33]"
2026-02-11T09:29:00+01:00,[60],[0.58]
2026-02-11T09:22:00+01:00,[60],[1.08]
2026-02-11T07:06:00+01:00,[60],[1.91]
2026-02-11T03:41:00+01:00,[60],[1.74]
2026-02-11T01:50:00+01:00,[60],[1.16]
2026-02-10T16:21:00+01:00,[60],[0.25]
2026-02-10T16:07:00+01:00,"[60,60,60]","[4.74,2.99,0.5]"
2026-02-10T13:06:00+01:00,[60],[1.5]
2026-02-10T12:58:00+01:00,[60],[1.08]
2026-02-10T11:05:00+01:00,[60],[1.17]
2026-02-10T10:58:00+01:00,"[60,60]","[0.34,5]"
2026-02-10T10:42:00+01:00,[60],[0.25]
2026-02-10T10:41:00+01:00,[60],[0.92]
2026-02-10T10:10:00+01:00,"[60,60]","[1.58,0.08]"
2026-02-10T10:06:00+01:00,"[60,60]","[1.08,2.93]"
2026-02-10T09:54:00+01:00,"[60,60,60]","[1.59,0.58,6.01]"
2026-02-10T04:28:00+01:00,[60],[1.17]
2026-02-10T03:27:00+01:00,[60],[12.3]
2026-02-10T00:10:00+01:00,[60],[10.69]
2026-02-10T00:07:00+01:00,"[60,60]","[1.75,0.58]"
2026-02-09T23:53:00+01:00,[60],[4.44]
2026-02-09T10:38:00+01:00,[60],[0.25]
2026-02-09T10:31:00+01:00,"[60,60]","[0.75,1.84]"
2026-02-09T10:12:00+01:00,"[60,60]","[3.1,5.52]"
2026-02-09T10:10:00+01:00,[60],[0.59]
2026-02-09T00:40:00+01:00,"[60,60]","[5.27,6.52]"
2026-02-09T00:37:00+01:00,"[60,60]","[0.09,0.5]"
2026-02-09T00:24:00+01:00,"[60,60]","[3.26,1.84]"
2026-02-09T00:21:00+01:00,[60],[0.25]
2026-02-08T14:56:00+01:00,[60],[3.76]
2026-02-08T14:37:00+01:00,"[60,60]","[2.43,2.6]"
2026-02-08T14:29:00+01:00,"[60,60]","[3.1,2.009]"
2026-02-08T14:24:00+01:00,"[60,60]","[3.85,1.26]"
2026-02-08T14:22:00+01:00,[60],[2.51]
2026-02-08T14:12:00+01:00,"[60,60,60,60]","[1.75,5.87,5.86,2.17]"
2026-02-08T14:02:00+01:00,"[60,60,60,60,60]","[3.18,2.43,0.75,2.6,4.78]"
2026-02-08T14:00:00+01:00,[60],[2.43]
2026-02-08T13:34:00+01:00,"[60,60,60]","[5.61,3.59,3.18]"
2026-02-08T10:51:00+01:00,[60],[1.18]
2026-02-08T10:36:00+01:00,[60],[1.76]
2026-02-08T09:50:00+01:00,[60],[2.85]
2026-02-08T09:40:00+01:00,[60],[0.92]
2026-02-07T19:16:00+01:00,"[60,60]","[1.75,0.42]"
2026-02-07T15:15:00+01:00,[60],[1.58]
2026-02-07T15:05:00+01:00,[60],[1.75]
2026-02-07T14:52:00+01:00,[60],[1.25]
2026-02-07T12:46:00+01:00,"[60,60]","[2.009,4.59]"
2026-02-07T12:11:00+01:00,[60],[1.17]
2026-02-07T11:41:00+01:00,[60],[1.09]
2026-02-07T10:40:00+01:00,[60],[1.75]
2026-02-07T10:36:00+01:00,"[60,60]","[1.08,1.42]"
2026-02-07T09:38:00+01:00,[60],[1]
2026-02-07T09:01:00+01:00,"[60,60,60]","[2,1.59,1.42]"
2026-02-07T08:20:00+01:00,[60],[1.75]
2026-02-07T04:50:00+01:00,[60],[0.91]
2026-02-07T04:22:00+01:00,[60],[0.58]
2026-02-07T02:49:00+01:00,[60],[3]
2026-02-06T12:47:00+01:00,[60],[0.25]
2026-02-06T12:09:00+01:00,"[60,60]","[0.33,3.25]"
2026-02-06T10:23:00+01:00,[60],[3.75]
2026-02-06T10:21:00+01:00,[60],[1.25]
2026-02-06T09:50:00+01:00,[60],[2]
2026-02-06T09:45:00+01:00,[60],[0.92]
2026-02-06T09:34:00+01:00,[60],[2.33]
2026-02-06T08:41:00+01:00,[60],[1.16]
2026-02-06T08:01:00+01:00,"[60,60]","[0.42,0.33]"
2026-02-06T07:47:00+01:00,[60],[2.09]
2026-02-06T07:26:00+01:00,"[60,60,60,60]","[0.42,3.08,5.48,0.25]"
2026-02-06T06:57:00+01:00,[60],[0.33]
2026-02-06T02:02:00+01:00,[60],[1.17]
2026-02-06T01:50:00+01:00,[60],[11.86]
2026-02-06T01:47:00+01:00,[60],[0.58]
2026-02-06T01:35:00+01:00,[60],[5.06]
2026-02-06T01:32:00+01:00,[60],[0.58]
2026-02-06T01:15:00+01:00,[60],[0.83]
2026-02-06T01:02:00+01:00,[60],[0.17]
2026-02-06T00:55:00+01:00,[60],[1.74]
2026-02-05T14:34:00+01:00,[60],[1.57]
2026-02-05T12:06:00+01:00,[60],[2.98]
2026-02-05T11:44:00+01:00,"[60,60]","[1.5,0.17]"
2026-02-05T10:33:00+01:00,[60],[1.16]
2026-02-05T10:21:00+01:00,[60],[0.16]
2026-02-05T10:06:00+01:00,[60],[0.83]
2026-02-05T08:02:00+01:00,[60],[0.67]
2026-02-05T07:32:00+01:00,[60],[0.17]
2026-02-05T07:27:00+01:00,[60],[1]
2026-02-05T05:17:00+01:00,[60],[2.24]
2026-02-04T14:54:00+01:00,[60],[1.16]
2026-02-04T12:18:00+01:00,[60],[0.99]
2026-02-04T11:14:00+01:00,[60],[2.9]
2026-02-04T08:02:00+01:00,[60],[2.24]
2026-02-04T07:53:00+01:00,[60],[1.66]
2026-02-04T04:15:00+01:00,"[60,60]","[1.24,0.25]"
2026-02-03T15:12:00+01:00,[60],[7.06]
2026-02-03T13:22:00+01:00,[60],[1.08]
2026-02-03T11:08:00+01:00,"[60,60]","[1.08,5.08]"
2026-02-03T11:05:00+01:00,"[60,60]","[2.08,3]"
2026-02-03T10:50:00+01:00,[60],[0.25]
2026-02-03T10:14:00+01:00,[60],[1.83]
2026-02-03T10:09:00+01:00,[60],[1.25]
2026-02-03T09:21:00+01:00,[60],[1.42]
2026-02-03T08:18:00+01:00,[60],[1.24]
2026-02-03T08:16:00+01:00,[60],[2.25]
2026-02-03T05:15:00+01:00,[60],[1.34]
2026-02-03T04:59:00+01:00,[60],[0.17]
2026-02-02T10:50:00+01:00,[60],[0.75]
2026-02-02T10:45:00+01:00,[60],[1.17]
2026-02-02T10:21:00+01:00,"[60,60]","[1.92,1.84]"
2026-02-02T10:06:00+01:00,"[60,60,60,60]","[0.66,2.17,1.41,4.019]"
2026-02-02T07:14:00+01:00,"[60,60]","[13.72,8.3]"
2026-02-02T04:44:00+01:00,"[60,60]","[1.34,0.16]"
2026-02-02T02:13:00+01:00,[60],[0.25]
2026-02-02T00:42:00+01:00,"[60,60]","[0.08,0.25]"
2026-02-02T00:39:00+01:00,[60],[1.16]
2026-02-02T00:26:00+01:00,[60],[4.66]
2026-02-02T00:23:00+01:00,[60],[0.33]
2026-02-01T12:50:00+01:00,[60],[1.5]
2026-02-01T12:47:00+01:00,[60],[1.59]
2026-02-01T11:52:00+01:00,[60],[0.83]
2026-02-01T08:56:00+01:00,[60],[0.33]
2026-02-01T08:49:00+01:00,[60],[1.25]
2026-02-01T08:11:00+01:00,[60],[0.83]
2026-02-01T07:24:00+01:00,[60],[0.41]
2026-02-01T04:53:00+01:00,[60],[1.25]
2026-02-01T04:49:00+01:00,"[60,60]","[1.83,0.5]"
2026-02-01T03:13:00+01:00,[60],[1.16]
2026-02-01T02:56:00+01:00,[60],[1]
2026-01-31T15:58:00+01:00,[60],[2.5]
2026-01-31T14:07:00+01:00,"[60,60]","[1.32,1.41]"
2026-01-31T13:46:00+01:00,[60],[2.82]
2026-01-31T12:32:00+01:00,[60],[2]
2026-01-31T12:30:00+01:00,[60],[0.09]
2026-01-31T12:00:00+01:00,[60],[0.74]
2026-01-31T09:57:00+01:00,[60],[1.17]
2026-01-31T09:44:00+01:00,[60],[0.83]
2026-01-31T08:23:00+01:00,[60],[0.75]
2026-01-31T08:16:00+01:00,[60],[1.09]
2026-01-31T08:23:00+01:00,[60],[0.75]
2026-01-31T08:16:00+01:00,[60],[1.09]
2026-01-31T07:24:00+01:00,[60],[1.25]
2026-01-31T06:22:00+01:00,[60],[1.5]
2026-01-31T05:32:00+01:00,[60],[0.58]
2026-01-31T05:27:00+01:00,[60],[0.92]
2026-01-31T04:47:00+01:00,[60],[0.25]
2026-01-31T04:37:00+01:00,[60],[3.82]
2026-01-31T03:34:00+01:00,[60],[2.16]
2026-01-31T01:27:00+01:00,[60],[1.25]
2026-01-31T00:45:00+01:00,[60],[2.16]
2026-01-30T10:36:00+01:00,[60],[0.17]
2026-01-29T23:48:00+01:00,[60],[0.5]
2026-01-29T10:49:00+01:00,[60],[0.42]
2026-01-29T05:12:00+01:00,[60],[0.67]
2026-01-28T10:01:00+01:00,[60],[1.25]
2026-01-28T09:15:00+01:00,[60],[0.83]
2026-01-28T05:07:00+01:00,[60],[1.08]
2026-01-28T05:04:00+01:00,[60],[1.74]
2026-01-28T03:45:00+01:00,"[60,60]","[1.75,2.24]"
2026-01-28T03:15:00+01:00,[60],[4.15]
2026-01-28T03:12:00+01:00,[60],[3.23]
2026-01-28T02:18:00+01:00,[60],[1.33]
2026-01-28T02:01:00+01:00,[60],[1.58]
2026-01-28T01:23:00+01:00,[60],[0.92]
2026-01-27T15:37:00+01:00,[60],[1.66]
2026-01-27T15:29:00+01:00,"[60,60]","[1.49,4.74]"
2026-01-27T14:49:00+01:00,[60],[0.67]
2026-01-27T11:08:00+01:00,[60],[1.25]
2026-01-27T11:00:00+01:00,[60],[2.33]
2026-01-27T10:43:00+01:00,[60],[1.75]
2026-01-27T10:05:00+01:00,[60],[0.33]
2026-01-27T10:02:00+01:00,[60],[3.5]
2026-01-27T09:58:00+01:00,[60],[2.99]
2026-01-27T09:54:00+01:00,"[60,60]","[2.66,0.58]"
2026-01-27T09:41:00+01:00,"[60,60]","[2.17,4.99]"
2026-01-27T09:39:00+01:00,[60],[0.58]
2026-01-27T09:37:00+01:00,[60],[0.91]
2026-01-27T09:35:00+01:00,[60],[0.74]
2026-01-27T08:51:00+01:00,[60],[1.42]
2026-01-27T06:00:00+01:00,"[60,60]","[1.17,6.74]"
2026-01-27T01:32:00+01:00,[60],[1.08]
2026-01-27T00:29:00+01:00,[60],[4.15]
2026-01-27T00:27:00+01:00,[60],[0.33]
2026-01-27T00:14:00+01:00,[60],[4.82]
2026-01-27T00:11:00+01:00,[60],[0.41]
2026-01-26T14:40:00+01:00,[60],[2.32]
2026-01-26T11:32:00+01:00,[60],[2]
2026-01-26T10:37:00+01:00,[60],[2.09]
2026-01-26T09:10:00+01:00,[60],[1.58]
2026-01-26T08:36:00+01:00,[60],[1.42]
2026-01-26T08:17:00+01:00,[60],[0.83]
2026-01-26T08:10:00+01:00,[60],[1.51]
2026-01-26T07:59:00+01:00,[60],[4.51]
2026-01-26T07:52:00+01:00,"[60,60]","[1.67,1.25]"
2026-01-26T07:48:00+01:00,[60],[2.67]
2026-01-26T07:15:00+01:00,[60],[2.93]
2026-01-26T07:12:00+01:00,[60],[1.51]
2026-01-26T07:04:00+01:00,[60],[0.67]
2026-01-26T07:00:00+01:00,[60],[2.67]
2026-01-26T06:54:00+01:00,[60],[1.26]
2026-01-26T06:48:00+01:00,[60],[1.25]
2026-01-26T06:46:00+01:00,[60],[1.59]
2026-01-25T12:51:00+01:00,"[60,60]","[4.27,1.59]"
2026-01-25T11:32:00+01:00,[60],[1.76]
2026-01-25T11:29:00+01:00,[60],[3.01]
2026-01-25T11:27:00+01:00,[60],[1.67]
2026-01-25T10:12:00+01:00,[60],[3.95]
2026-01-25T10:08:00+01:00,"[60,60]","[2.43,1.17]"
2026-01-25T09:41:00+01:00,[60],[1.18]
2026-01-24T14:24:00+01:00,[60],[2.43]
2026-01-24T14:18:00+01:00,[60],[0.83]
2026-01-24T14:02:00+01:00,[60],[2.59]
2026-01-24T13:58:00+01:00,"[60,60,60]","[1.67,5.19,3.76]"
2026-01-24T11:48:00+01:00,[60],[2.6]
2026-01-24T10:32:00+01:00,[60],[1.25]
2026-01-24T11:12:00+01:00,"[60,60]","[1.51,0.16]"
2026-01-24T11:04:00+01:00,[60],[1.59]
2026-01-24T10:31:00+01:00,"[60,60]","[1.76,1.25]"
2026-01-24T10:27:00+01:00,[60],[1.17]
2026-01-24T08:50:00+01:00,[60],[3.18]
2026-01-24T08:42:00+01:00,"[60,60]","[1.92,0.93]"
2026-01-24T08:40:00+01:00,[60],[1.25]
2026-01-24T08:23:00+01:00,[60],[4.77]
2026-01-24T07:49:00+01:00,[60],[1.09]
2026-01-24T07:14:00+01:00,[60],[0.59]
2026-01-24T07:07:00+01:00,[60],[2.09]
2026-01-24T07:49:00+01:00,[60],[1.09]
2026-01-24T07:14:00+01:00,[60],[0.59]
2026-01-24T07:07:00+01:00,[60],[2.09]
2026-01-24T06:32:00+01:00,[60],[0.25]
2026-01-24T06:16:00+01:00,[60],[1.18]
2026-01-24T06:12:00+01:00,[60],[1.67]
2026-01-24T06:03:00+01:00,[60],[1.67]
2026-01-24T05:51:00+01:00,"[60,60]","[1,1.26]"
2026-01-24T05:35:00+01:00,[60],[1.76]
2026-01-24T05:11:00+01:00,[60],[0.34]
2026-01-24T03:37:00+01:00,[60],[5.18]
2026-01-23T15:10:00+01:00,[60],[1.25]
2026-01-23T14:07:00+01:00,[60],[1.17]
2026-01-23T11:33:00+01:00,"[60,60]","[3.68,1.76]"
2026-01-23T11:25:00+01:00,[60],[0.66]
2026-01-23T11:23:00+01:00,[60],[1.75]
2026-01-23T10:43:00+01:00,"[60,60]","[2.17,1.93]"
2026-01-23T10:27:00+01:00,[60],[2.34]
2026-01-23T09:35:00+01:00,[60],[1.76]
2026-01-23T09:32:00+01:00,[60],[1.93]
2026-01-23T09:30:00+01:00,[60],[2.85]
2026-01-23T07:03:00+01:00,[60],[1.68]
2026-01-23T04:17:00+01:00,[60],[1.68]
2026-01-22T23:51:00+01:00,[60],[5.03]
2026-01-22T13:14:00+01:00,"[60,60]","[3.69,1.59]"
2026-01-22T12:32:00+01:00,[60],[1.51]
2026-01-22T11:05:00+01:00,[60],[2.6]
2026-01-22T09:25:00+01:00,[60],[1.76]
2026-01-22T04:56:00+01:00,[60],[1.01]
2026-01-21T12:25:00+01:00,"[60,60]","[1.67,2.1]"
2026-01-21T10:55:00+01:00,"[60,60]","[1.17,1.43]"
2026-01-21T10:23:00+01:00,[60],[0.34]
2026-01-21T08:52:00+01:00,"[60,60]","[2.09,3.51]"
2026-01-21T08:41:00+01:00,[60],[1.26]
2026-01-21T08:39:00+01:00,[60],[0.59]
2026-01-21T04:52:00+01:00,[60],[2.51]
2026-01-21T00:30:00+01:00,[60],[2.83]
2026-01-21T00:26:00+01:00,"[60,60]","[7.57,3.41]"
2026-01-21T00:24:00+01:00,[60],[0.33]
2026-01-21T00:09:00+01:00,"[60,60]","[4.15,0.5]"
2026-01-20T12:48:00+01:00,[60],[0.25]
2026-01-20T12:44:00+01:00,[60],[1]
2026-01-20T12:22:00+01:00,[60],[1.83]
2026-01-20T11:47:00+01:00,[60],[1.17]
2026-01-20T10:51:00+01:00,[60],[1.58]
2026-01-20T05:44:00+01:00,"[60,60,60]","[0.17,1.75,1.66]"
2026-01-20T05:31:00+01:00,[60],[5.42]
2026-01-20T05:27:00+01:00,"[60,60]","[0.33,0.33]"
2026-01-20T03:04:00+01:00,[60],[0.17]
2026-01-20T00:48:00+01:00,[60],[11.38]
2026-01-20T00:33:00+01:00,[60],[4.82]
2026-01-20T00:30:00+01:00,[60],[0.67]
2026-01-19T14:28:00+01:00,[60],[0.16]
2026-01-19T14:23:00+01:00,"[60,60]","[2.59,3.16]"
2026-01-19T11:05:00+01:00,[60],[2.59]
2026-01-19T11:02:00+01:00,[60],[4.58]
2026-01-19T10:32:00+01:00,[60],[0.83]
2026-01-19T10:18:00+01:00,[60],[5.84]
2026-01-19T09:23:00+01:00,"[60,60]","[1.33,0.5]"
2026-01-19T09:09:00+01:00,[60],[0.42]
2026-01-19T02:00:00+01:00,[60],[1.87]
2026-01-19T01:55:00+01:00,[60],[1.36]
2026-01-19T00:55:00+01:00,"[60,60]","[1.7,1.02]"
2026-01-18T15:03:00+01:00,[60],[0.42]
2026-01-18T14:37:00+01:00,"[60,60]","[2.13,1.1]"
2026-01-18T14:35:00+01:00,[60],[0.42]
2026-01-18T14:30:00+01:00,[60],[4.25]
2026-01-18T14:26:00+01:00,"[60,60]","[3.07,1.87]"
2026-01-18T13:42:00+01:00,"[60,60]","[1.36,1.36]"
2026-01-18T13:34:00+01:00,"[60,60,60,60]","[5.27,4.86,3.92,0.17]"
2026-01-18T12:24:00+01:00,[60],[0.08]
2026-01-18T12:19:00+01:00,"[60,60]","[4.34,1.79]"
2026-01-18T12:11:00+01:00,"[60,60]","[2.9,0.42]"
2026-01-18T12:02:00+01:00,"[60,60,60]","[5.02,5.36,6.64]"
2026-01-18T11:18:00+01:00,[60],[2.47]
2026-01-18T11:12:00+01:00,"[60,60]","[3.15,0.77]"
2026-01-18T10:47:00+01:00,[60],[0.43]
2026-01-18T10:29:00+01:00,[60],[1.37]
2026-01-18T07:04:00+01:00,[60],[2.17]
2026-01-18T05:03:00+01:00,[60],[1.11]
2026-01-18T02:35:00+01:00,[60],[3.23]
2026-01-18T01:53:00+01:00,[60],[5.53]
2026-01-18T01:25:00+01:00,[60],[2.89]
2026-01-17T14:29:00+01:00,[60],[3.41]
2026-01-17T14:21:00+01:00,"[60,60]","[2.31,0.17]"
2026-01-17T14:13:00+01:00,"[60,60]","[2.9,0.94]"
2026-01-17T12:44:00+01:00,[60],[1.79]
2026-01-17T12:32:00+01:00,[60],[2.73]
2026-01-17T11:12:00+01:00,"[60,60]","[1.45,3.24]"
2026-01-17T10:54:00+01:00,[60],[0.17]
2026-01-17T08:33:00+01:00,[60],[3.07]
2026-01-17T07:10:00+01:00,[60],[2.09]
2026-01-17T07:06:00+01:00,[60],[3.77]
2026-01-17T05:03:00+01:00,[60],[1.76]
2026-01-17T03:52:00+01:00,[60],[0.43]
2026-01-17T03:15:00+01:00,[60],[3.24]
2026-01-17T02:40:00+01:00,[60],[1.71]
2026-01-17T02:27:00+01:00,[60],[1.88]
2026-01-17T02:04:00+01:00,[60],[1.45]
2026-01-17T01:25:00+01:00,[60],[3.08]
2026-01-17T00:51:00+01:00,[60],[1.62]
2026-01-17T00:26:00+01:00,[60],[1.97]
2026-01-16T14:52:00+01:00,"[60,60]","[1.71,1.97]"
2026-01-16T14:45:00+01:00,[60],[2.74]
2026-01-16T14:40:00+01:00,"[60,60,60]","[7.78,5.14,3.85]"
2026-01-16T14:37:00+01:00,"[60,60]","[2.74,2.65]"
2026-01-16T14:34:00+01:00,[60],[4.28]
2026-01-16T12:56:00+01:00,[60],[1.2]
2026-01-16T12:14:00+01:00,"[60,60,60]","[1.37,1.71,1.63]"
2026-01-16T11:59:00+01:00,[60],[6.9]
2026-01-16T11:56:00+01:00,[60],[2.27]
2026-01-16T10:47:00+01:00,"[60,60]","[4.19,0.6]"
2026-01-16T07:39:00+01:00,[60],[1.54]
2026-01-16T07:00:00+01:00,[60],[3.85]
2026-01-16T06:58:00+01:00,[60],[2.57]
2026-01-16T06:43:00+01:00,[60],[1.8]
2026-01-16T06:36:00+01:00,[60],[1.89]
2026-01-16T06:20:00+01:00,[60],[1.46]
2026-01-16T02:58:00+01:00,[60],[0.17]
2026-01-15T14:34:00+01:00,"[60,60]","[1.84,0.92]"
2026-01-15T13:23:00+01:00,[60],[6.27]
2026-01-15T12:19:00+01:00,[60],[0.75]
2026-01-15T11:03:00+01:00,[60],[0.25]
2026-01-15T09:48:00+01:00,[60],[3.27]
2026-01-15T08:07:00+01:00,[60],[3.51]
2026-01-15T08:02:00+01:00,[60],[1.09]
2026-01-14T11:43:00+01:00,[60],[0.92]
2026-01-14T11:39:00+01:00,[60],[0.92]
2026-01-14T10:18:00+01:00,"[60,60]","[0.25,0.25]"
2026-01-14T06:41:00+01:00,[60],[0.17]
2026-01-14T06:37:00+01:00,"[60,60]","[3.08,1.32]"
2026-01-14T06:27:00+01:00,"[60,60]","[2.08,1.42]"
2026-01-14T05:13:00+01:00,[60],[1.58]
2026-01-14T02:48:00+01:00,[60],[1.58]
2026-01-14T02:45:00+01:00,[60],[2.24]
2026-01-14T01:27:00+01:00,[60],[2.91]
2026-01-14T01:10:00+01:00,[60],[1.5]
2026-01-13T23:44:00+01:00,[60],[0.83]
2026-01-13T22:39:00+01:00,[60],[2.16]
2026-01-13T15:28:00+01:00,[60],[2]
2026-01-13T15:11:00+01:00,[60],[8.57]
2026-01-13T15:09:00+01:00,[60],[0.25]
2026-01-13T11:16:00+01:00,[60],[1.67]
2026-01-13T11:05:00+01:00,[60],[1.83]
2026-01-13T10:13:00+01:00,[60],[2]
2026-01-13T10:11:00+01:00,[60],[3.58]
2026-01-13T09:57:00+01:00,"[60,60]","[2.08,6.84]"
2026-01-13T09:55:00+01:00,[60],[0.66]
2026-01-13T04:56:00+01:00,[60],[1]
2026-01-13T02:06:00+01:00,[60],[0.25]
2026-01-13T01:59:00+01:00,[60],[4.33]
2026-01-13T00:54:00+01:00,"[60,60]","[8.39,4.23]"
2026-01-13T00:38:00+01:00,"[60,60]","[3.66,0.17]"
2026-01-12T13:00:00+01:00,[60],[1.17]
2026-01-12T12:52:00+01:00,[60],[0.17]
2026-01-12T11:50:00+01:00,[60],[1.67]
2026-01-12T11:46:00+01:00,[60],[1.26]
2026-01-12T10:42:00+01:00,[60],[0.84]
2026-01-12T10:33:00+01:00,"[60,60]","[1.17,1.51]"
2026-01-12T10:19:00+01:00,"[60,60]","[2.25,5.09]"
2026-01-12T10:17:00+01:00,[60],[0.59]
2026-01-12T10:12:00+01:00,"[60,60]","[1.17,0.41]"
2026-01-12T01:10:00+01:00,[60],[11.12]
2026-01-12T01:07:00+01:00,[60],[0.34]
2026-01-12T00:57:00+01:00,[60],[5.02]
2026-01-11T12:51:00+01:00,[60],[2.75]
2026-01-11T12:06:00+01:00,[60],[3.17]
2026-01-11T11:01:00+01:00,[60],[0.92]
2026-01-11T10:21:00+01:00,[60],[2.59]
2026-01-11T08:57:00+01:00,[60],[1.43]
2026-01-11T07:49:00+01:00,[60],[0.42]
2026-01-11T07:47:00+01:00,[60],[3.34]
2026-01-11T06:07:00+01:00,[60],[1.08]
2026-01-11T05:19:00+01:00,[60],[0.42]
2026-01-10T17:33:00+01:00,[60],[0.99]
2026-01-10T11:54:00+01:00,[60],[0.99]
2026-01-10T11:37:00+01:00,[60],[1.5]
2026-01-10T10:52:00+01:00,[60],[5.15]
2026-01-10T10:39:00+01:00,[60],[1]
2026-01-10T09:47:00+01:00,[60],[1.82]
2026-01-10T08:48:00+01:00,"[60,60]","[2.07,2.41]"
2026-01-10T07:31:00+01:00,"[60,60]","[0.25,1.25]"
2026-01-10T06:48:00+01:00,[60],[0.91]
2026-01-10T05:44:00+01:00,[60],[1.66]
2026-01-10T05:38:00+01:00,[60],[3.58]
2026-01-10T05:36:00+01:00,[60],[2.17]
2026-01-10T05:34:00+01:00,[60],[2.66]
2026-01-10T05:30:00+01:00,[60],[2.41]
2026-01-10T04:31:00+01:00,[60],[1.58]
2026-01-10T03:44:00+01:00,[60],[2.16]
2026-01-10T03:31:00+01:00,[60],[1.17]
2026-01-10T03:24:00+01:00,[60],[1.83]
2026-01-10T03:14:00+01:00,[60],[2.4]
2026-01-10T03:12:00+01:00,[60],[1.91]
2026-01-10T03:10:00+01:00,[60],[0.74]
2026-01-10T03:00:00+01:00,[60],[1.74]
2026-01-10T02:54:00+01:00,"[60,60,60]","[1,1.58,0.25]"
2026-01-10T02:35:00+01:00,[60],[1.23]
2026-01-10T01:42:00+01:00,[60],[5.81]
2026-01-10T01:36:00+01:00,[60],[3.31]
2026-01-10T00:37:00+01:00,[60],[2.4]
2026-01-09T01:03:00+01:00,[60],[1.49]
2026-01-08T12:29:00+01:00,[60],[3.41]
2026-01-08T12:01:00+01:00,[60],[3.33]
2026-01-08T11:57:00+01:00,"[60,60]","[1.67,1.16]"
2026-01-08T11:28:00+01:00,[60],[1.92]
2026-01-08T10:25:00+01:00,[60],[1.25]
2026-01-08T09:56:00+01:00,[60],[1.09]
2026-01-08T09:54:00+01:00,[60],[1.09]
2026-01-08T09:50:00+01:00,[60],[0.75]
2026-01-08T05:36:00+01:00,[60],[1.67]
2026-01-08T05:30:00+01:00,[60],[2.42]
2026-01-08T05:25:00+01:00,[60],[1.91]
2026-01-07T13:45:00+01:00,"[60,60]","[0.33,1.59]"
2026-01-07T13:38:00+01:00,[60],[1.92]
2026-01-07T11:25:00+01:00,[60],[1]
2026-01-07T11:17:00+01:00,[60],[2.25]
2026-01-07T11:08:00+01:00,[60],[2.25]
2026-01-07T11:05:00+01:00,[60],[2.58]
2026-01-07T11:02:00+01:00,[60],[0.42]
2026-01-07T10:10:00+01:00,[60],[1]
2026-01-07T03:29:00+01:00,[60],[0.42]
2026-01-06T15:45:00+01:00,"[60,60]","[7.07,3.91]"
2026-01-06T14:59:00+01:00,"[60,60]","[0.25,4.49]"
2026-01-06T12:10:00+01:00,[60],[0.25]
2026-01-06T11:30:00+01:00,[60],[5]
2026-01-06T11:28:00+01:00,[60],[1.17]
2026-01-06T10:30:00+01:00,[60],[1.09]
2026-01-06T10:10:00+01:00,[60],[0.41]
2026-01-06T10:05:00+01:00,"[60,60]","[0.16,1.67]"
2026-01-06T09:55:00+01:00,"[60,60]","[2.25,5.17]"
2026-01-06T09:53:00+01:00,[60],[0.42]
2026-01-06T09:51:00+01:00,[60],[1.17]
2026-01-06T01:02:00+01:00,"[60,60]","[4.41,7.4]"
2026-01-06T01:00:00+01:00,[60],[0.42]
2026-01-06T00:49:00+01:00,[60],[4.33]
2026-01-05T10:33:00+01:00,[60],[4.84]
2026-01-05T10:20:00+01:00,"[60,60]","[2.92,5.33]"
2026-01-05T10:18:00+01:00,[60],[0.09]
2026-01-05T05:02:00+01:00,[60],[1.16]
2026-01-05T01:14:00+01:00,"[60,60]","[5.82,5.15]"
2026-01-05T01:00:00+01:00,"[60,60]","[3.25,1.33]"
2026-01-05T00:55:00+01:00,[60],[1.25]
2026-01-04T13:05:00+01:00,"[60,60,60]","[2.24,0.17,2.41]"
2026-01-04T11:27:00+01:00,"[60,60]","[1.16,1.59]"
2026-01-04T11:23:00+01:00,[60],[4.58]
2026-01-04T11:20:00+01:00,"[60,60]","[5.97,2.16]"
2026-01-04T11:16:00+01:00,[60],[3.25]
2026-01-04T10:32:00+01:00,"[60,60]","[0.33,3.08]"
2026-01-04T10:17:00+01:00,[60],[1.25]
2026-01-04T10:00:00+01:00,[60],[1.67]
2026-01-04T09:54:00+01:00,[60],[1.25]
2026-01-04T07:31:00+01:00,[60],[0.16]
2026-01-04T07:21:00+01:00,"[60,60]","[1.51,1.25]"
2026-01-04T07:19:00+01:00,[60],[2.09]
2026-01-04T07:17:00+01:00,[60],[1.67]
2026-01-04T07:09:00+01:00,[60],[1.17]
2026-01-04T06:45:00+01:00,[60],[1]
2026-01-04T04:58:00+01:00,[60],[1.75]
2026-01-04T04:46:00+01:00,[60],[2.42]
2026-01-04T04:27:00+01:00,[60],[0.91]
2026-01-03T12:48:00+01:00,[60],[3.34]
2026-01-03T12:16:00+01:00,"[60,60]","[5.01,4.44]"
2026-01-03T12:12:00+01:00,[60],[2.93]
2026-01-03T12:03:00+01:00,[60],[3.67]
2026-01-03T10:55:00+01:00,[60],[4.85]
2026-01-03T10:50:00+01:00,[60],[1.76]
2026-01-03T10:41:00+01:00,[60],[2.34]
2026-01-03T09:28:00+01:00,"[60,60,60]","[2.6,1.93,1.17]"
2026-01-03T09:22:00+01:00,[60],[1.67]
2026-01-03T09:10:00+01:00,[60],[0.17]
2026-01-03T08:46:00+01:00,"[60,60]","[0.42,2.52]"
2026-01-03T06:39:00+01:00,"[60,60]","[1.33,1.68]"
2026-01-03T06:14:00+01:00,[60],[1.59]
2026-01-03T05:49:00+01:00,[60],[1.34]
2026-01-03T05:40:00+01:00,[60],[1.08]
2026-01-03T05:23:00+01:00,[60],[2.009]
2026-01-03T03:18:00+01:00,[60],[1.58]
2026-01-03T02:00:00+01:00,[60],[1.91]
2026-01-02T13:29:00+01:00,[60],[1.42]
2026-01-02T09:18:00+01:00,[60],[1.08]
2026-01-02T07:34:00+01:00,[60],[1.51]
2026-01-02T07:10:00+01:00,"[60,60,60,60]","[6.11,2.52,8.039,5.78]"
2026-01-02T07:08:00+01:00,[60],[1]
2026-01-02T06:48:00+01:00,[60],[1.34]
2026-01-02T06:45:00+01:00,[60],[3.02]
2026-01-02T06:36:00+01:00,"[60,60]","[1.42,2.009]"
2026-01-02T06:29:00+01:00,[60],[5.7]
2026-01-01T10:10:00+01:00,"[60,60,60,60,60]","[1,4.34,0.58,2.33,2.75]"
2025-12-31T07:29:00+01:00,[60],[2.43]
2025-12-31T07:22:00+01:00,[60],[1.26]
2025-12-31T07:13:00+01:00,[60],[2.35]
2025-12-31T07:08:00+01:00,[60],[2.51]
2025-12-31T07:04:00+01:00,[60],[1.59]
2025-12-31T06:57:00+01:00,[60],[1.51]
2025-12-31T06:51:00+01:00,[60],[2.52]
2025-12-31T06:47:00+01:00,"[60,60,60]","[0.5,2.18,0.09]"
2025-12-31T05:42:00+01:00,[60],[1.17]
2025-12-30T09:56:00+01:00,[60],[0.91]
2025-12-30T03:28:00+01:00,[60],[1.07]
2025-12-29T09:47:00+01:00,[60],[1.49]
2025-12-29T08:54:00+01:00,"[60,60]","[2.81,2.98]"
2025-12-29T05:55:00+01:00,[60],[1.32]
2025-12-29T04:23:00+01:00,[60],[1.65]
2025-12-29T03:47:00+01:00,[60],[1.48]
2025-12-27T13:34:00+01:00,[60],[0.99]
2025-12-27T12:35:00+01:00,[60],[1.16]
2025-12-27T11:53:00+01:00,[60],[2.32]
2025-12-27T10:32:00+01:00,[60],[0.16]
2025-12-27T09:00:00+01:00,[60],[0.41]
2025-12-27T08:49:00+01:00,[60],[0.99]
2025-12-27T07:57:00+01:00,[60],[2.15]
2025-12-27T04:20:00+01:00,[60],[2.5]
2025-12-27T04:15:00+01:00,"[60,60]","[0.92,0.41]"
2025-12-27T03:49:00+01:00,[60],[2.24]
2025-12-27T02:47:00+01:00,[60],[0.58]
2025-12-27T02:41:00+01:00,[60],[1.08]
2025-12-27T02:38:00+01:00,"[60,60]","[1.42,0.16]"
2025-12-27T02:29:00+01:00,[60],[0.33]
2025-12-27T02:24:00+01:00,[60],[0.16]
2025-12-27T02:20:00+01:00,[60],[2.49]
2025-12-26T13:07:00+01:00,"[60,60]","[0.59,2.67]"
2025-12-26T12:49:00+01:00,[60],[2.33]
2025-12-26T12:21:00+01:00,[60],[3.51]
2025-12-26T11:31:00+01:00,[60],[1.09]
2025-12-26T11:28:00+01:00,[60],[2.59]
2025-12-26T10:17:00+01:00,[60],[0.42]
2025-12-26T10:14:00+01:00,[60],[3.58]
2025-12-26T10:11:00+01:00,"[60,60]","[1.67,0.83]"
2025-12-26T10:07:00+01:00,[60],[1.75]
2025-12-26T10:03:00+01:00,[60],[1.67]
2025-12-26T10:00:00+01:00,"[60,60]","[0.17,4.1]"
2025-12-26T09:57:00+01:00,[60],[1.25]
2025-12-26T09:55:00+01:00,[60],[1.58]
2025-12-26T09:53:00+01:00,[60],[1.75]
2025-12-26T09:43:00+01:00,[60],[1.09]
2025-12-26T09:32:00+01:00,[60],[2.33]
2025-12-26T06:38:00+01:00,[60],[2.51]
2025-12-26T04:44:00+01:00,"[60,60]","[3.09,1.42]"
2025-12-25T09:02:00+01:00,[60],[0.51]
2025-12-25T06:52:00+01:00,"[60,60]","[1.18,0.17]"
2025-12-25T05:10:00+01:00,[60],[1.35]
2025-12-25T03:06:00+01:00,[60],[0.17]
2025-12-25T03:01:00+01:00,[60],[0.42]
2025-12-25T02:47:00+01:00,[60],[1.34]
2025-12-24T12:08:00+01:00,[60],[0.92]
2025-12-24T12:01:00+01:00,"[60,60]","[2.85,3.17]"
2025-12-24T11:52:00+01:00,[60],[1.25]
2025-12-24T11:48:00+01:00,"[60,60]","[2.76,2.51]"
2025-12-24T11:35:00+01:00,[60],[1.17]
2025-12-24T09:17:00+01:00,[60],[1.08]
2025-12-24T03:24:00+01:00,[60],[4.33]
2025-12-24T03:13:00+01:00,"[60,60]","[2.17,1.66]"
2025-12-24T03:11:00+01:00,[60],[1]
2025-12-24T02:13:00+01:00,[60],[0.41]
2025-12-23T12:44:00+01:00,[60],[1.17]
2025-12-23T12:39:00+01:00,[60],[1.09]
2025-12-23T12:37:00+01:00,[60],[1.66]
2025-12-23T12:33:00+01:00,[60],[1.92]
2025-12-23T12:30:00+01:00,[60],[1.33]
2025-12-23T12:28:00+01:00,[60],[0.92]
2025-12-23T10:50:00+01:00,"[60,60]","[3,1.66]"
2025-12-23T08:15:00+01:00,"[60,60]","[2.5,0.58]"
2025-12-23T04:26:00+01:00,[60],[1.83]
2025-12-23T01:45:00+01:00,[60],[0.42]
2025-12-22T11:30:00+01:00,[60],[1.67]
2025-12-22T08:19:00+01:00,[60],[1.58]
2025-12-22T07:13:00+01:00,[60],[1.42]
2025-12-22T06:30:00+01:00,[60],[0.92]
2025-12-22T06:28:00+01:00,[60],[1.49]
2025-12-21T12:53:00+01:00,[60],[2.24]
2025-12-21T11:52:00+01:00,[60],[0.83]
2025-12-21T11:43:00+01:00,[60],[1.08]
2025-12-21T11:40:00+01:00,[60],[0.16]
2025-12-21T11:01:00+01:00,[60],[0.5]
2025-12-21T10:32:00+01:00,[60],[2]
2025-12-21T09:35:00+01:00,"[60,60]","[0.82,0.66]"
2025-12-21T09:00:00+01:00,[60],[1.66]
2025-12-21T08:52:00+01:00,[60],[1]
2025-12-21T08:27:00+01:00,"[60,60]","[1.66,0.5]"
2025-12-21T08:19:00+01:00,[60],[1.16]
2025-12-21T07:59:00+01:00,[60],[2.91]
2025-12-21T07:50:00+01:00,[60],[0.92]
2025-12-21T07:37:00+01:00,"[60,60,60]","[0.75,1.66,0.25]"
2025-12-21T07:16:00+01:00,[60],[2.25]
2025-12-21T07:09:00+01:00,[60],[2.5]
2025-12-21T07:01:00+01:00,[60],[2.24]
2025-12-21T06:56:00+01:00,[60],[1.75]
2025-12-21T06:30:00+01:00,[60],[1.83]
2025-12-21T05:53:00+01:00,[60],[2]
2025-12-21T05:42:00+01:00,"[60,60]","[2.91,0.41]"
2025-12-21T05:03:00+01:00,[60],[1.25]
2025-12-21T04:54:00+01:00,[60],[1.08]
2025-12-21T02:25:00+01:00,"[60,60]","[1.83,4.07]"
2025-12-21T02:17:00+01:00,[60],[0.5]
2025-12-21T02:01:00+01:00,[60],[0.41]
2025-12-21T01:11:00+01:00,[60],[0.25]
2025-12-21T01:09:00+01:00,[60],[3.32]
2025-12-20T14:03:00+01:00,"[60,60]","[7.48,1.49]"
2025-12-20T14:01:00+01:00,[60],[0.16]
2025-12-20T13:58:00+01:00,[60],[9.3]
2025-12-20T13:52:00+01:00,[60],[1.25]
2025-12-20T12:24:00+01:00,"[60,60]","[7.4,0.17]"
2025-12-20T11:32:00+01:00,[60],[1.08]
2025-12-20T11:27:00+01:00,[60],[0.33]
2025-12-20T11:14:00+01:00,[60],[1.83]
2025-12-20T10:49:00+01:00,[60],[0.91]
2025-12-20T10:32:00+01:00,"[60,60,60]","[0.25,3.17,0.84]"
2025-12-20T09:52:00+01:00,[60],[0.92]
2025-12-20T08:18:00+01:00,[60],[1.58]
2025-12-20T08:12:00+01:00,[60],[1.75]
2025-12-20T08:02:00+01:00,[60],[2.42]
2025-12-20T07:23:00+01:00,[60],[4.17]
2025-12-20T05:52:00+01:00,[60],[0.5]
2025-12-20T05:50:00+01:00,[60],[0.91]
2025-12-20T05:08:00+01:00,[60],[1.16]
2025-12-20T04:38:00+01:00,[60],[6.14]
2025-12-20T04:12:00+01:00,[60],[5.73]
2025-12-20T04:08:00+01:00,[60],[0.33]
2025-12-20T01:57:00+01:00,"[60,60]","[1.49,2.08]"
2025-12-20T01:55:00+01:00,[60],[2.08]
2025-12-20T01:50:00+01:00,[60],[1.33]
2025-12-20T00:57:00+01:00,"[60,60]","[2.49,0.83]"
2025-12-19T13:06:00+01:00,[60],[1.58]
2025-12-19T12:51:00+01:00,[60],[1]
2025-12-19T12:36:00+01:00,[60],[0.84]
2025-12-19T12:03:00+01:00,[60],[1.42]
2025-12-19T12:00:00+01:00,[60],[0.67]
2025-12-19T11:58:00+01:00,[60],[1.25]
2025-12-19T08:27:00+01:00,[60],[2]
2025-12-19T06:08:00+01:00,[60],[3.42]
2025-12-19T04:57:00+01:00,"[60,60]","[1.58,0.59]"
2025-12-19T03:34:00+01:00,[60],[1]
2025-12-19T02:54:00+01:00,[60],[1.66]
2025-12-19T02:52:00+01:00,[60],[1.75]
2025-12-19T02:27:00+01:00,[60],[0.58]
2025-12-18T14:10:00+01:00,[60],[1.5]
2025-12-18T14:05:00+01:00,[60],[3.67]
2025-12-18T13:54:00+01:00,[60],[1.09]
2025-12-18T13:50:00+01:00,"[60,60,60]","[0.09,2.16,4.66]"
2025-12-18T13:45:00+01:00,[60],[1.41]
2025-12-18T12:36:00+01:00,[60],[12]
2025-12-18T11:24:00+01:00,[60],[1.5]
2025-12-18T11:22:00+01:00,[60],[6.4]
2025-12-18T11:16:00+01:00,"[60,60,60]","[6.65,0.33,2.99]"
2025-12-18T11:13:00+01:00,[60],[6.49]
2025-12-18T11:00:00+01:00,[60],[3.82]
2025-12-18T10:49:00+01:00,[60],[1]
2025-12-18T09:51:00+01:00,[60],[1.83]
2025-12-18T04:56:00+01:00,[60],[3.57]
2025-12-18T04:50:00+01:00,[60],[4.059]
2025-12-18T04:46:00+01:00,"[60,60]","[0.16,0.5]"
2025-12-18T04:39:00+01:00,[60],[1.92]
2025-12-18T00:19:00+01:00,[60],[1.57]
2025-12-17T14:41:00+01:00,[60],[2.83]
2025-12-17T12:54:00+01:00,[60],[1.17]
2025-12-17T12:49:00+01:00,"[60,60]","[2.5,4.15]"
2025-12-17T12:44:00+01:00,[60],[1.66]
2025-12-17T12:40:00+01:00,"[60,60]","[2.16,4.58]"
2025-12-17T11:10:00+01:00,[60],[2.91]
2025-12-17T09:17:00+01:00,[60],[1.41]
2025-12-17T08:18:00+01:00,"[60,60,60]","[0.83,1.66,0.17]"
2025-12-17T06:27:00+01:00,[60],[0.17]
2025-12-17T06:20:00+01:00,"[60,60]","[1.25,2.33]"
2025-12-17T06:04:00+01:00,[60],[6]
2025-12-17T06:02:00+01:00,[60],[1.17]
2025-12-17T05:05:00+01:00,[60],[1]
2025-12-17T04:59:00+01:00,[60],[1.17]
2025-12-17T04:52:00+01:00,[60],[0.25]
2025-12-17T04:50:00+01:00,[60],[0.99]
2025-12-17T04:47:00+01:00,"[60,60]","[3.07,1.5]"
2025-12-17T04:40:00+01:00,[60],[3.33]
2025-12-17T01:52:00+01:00,[60],[1.25]
2025-12-17T01:48:00+01:00,[60],[1.67]
2025-12-17T01:46:00+01:00,[60],[1.58]
2025-12-17T01:33:00+01:00,[60],[1.83]
2025-12-16T14:22:00+01:00,[60],[4.5]
2025-12-16T11:18:00+01:00,[60],[4.6]
2025-12-16T11:15:00+01:00,[60],[0.17]
2025-12-16T11:03:00+01:00,[60],[4.51]
2025-12-16T10:59:00+01:00,[60],[4.68]
2025-12-16T10:10:00+01:00,[60],[2.51]
2025-12-16T09:57:00+01:00,"[60,60]","[2.18,5.01]"
2025-12-16T09:55:00+01:00,[60],[1.25]
2025-12-16T09:51:00+01:00,[60],[0.92]
2025-12-16T04:00:00+01:00,[60],[3.85]
2025-12-16T01:34:00+01:00,[60],[1.09]
2025-12-16T01:12:00+01:00,[60],[0.84]
2025-12-16T01:09:00+01:00,[60],[0.33]
2025-12-16T00:53:00+01:00,"[60,60]","[1.67,2.92]"
2025-12-15T12:52:00+01:00,[60],[1.59]
2025-12-15T12:43:00+01:00,[60],[0.83]
