start,duration,value
2026-09-26T07:47:51+02:00,[37],[0]
2026-09-26T07:57:51+02:00,[37],[0]
2026-09-26T08:07:51+02:00,[37],[0]
2026-09-26T08:17:51+02:00,[37],[0]
2026-09-26T08:27:51+02:00,[37],[0]
2026-09-26T08:37:51+02:00,[37],[0]
2026-09-26T08:47:52+02:00,[38],[0]
2026-09-26T08:57:51+02:00,[37],[0]
2026-09-26T09:07:52+02:00,[38],[0]
2026-09-26T09:17:51+02:00,[37],[0]
2026-09-26T09:24:34+02:00,[37],[0]
2026-09-26T09:27:52+02:00,[38],[0]
2026-09-26T09:37:52+02:00,[38],[0]
2026-09-26T09:47:51+02:00,[37],[0]
2026-09-26T09:57:52+02:00,[37],[0]
2026-09-26T10:07:51+02:00,[37],[0]
2026-09-26T10:17:51+02:00,[37],[0]
2026-09-26T10:27:52+02:00,[38],[0]
2026-09-26T10:37:51+02:00,[37],[0]
2026-09-26T10:57:52+02:00,[37],[0]
2026-09-26T11:07:52+02:00,[37],[0]
2026-09-26T11:17:51+02:00,[37],[0]
2026-09-26T11:27:51+02:00,[37],[0]
2026-09-26T11:37:51+02:00,[37],[0]
2026-09-26T11:47:51+02:00,[37],[0]
2026-09-26T11:57:52+02:00,[38],[0]
2026-09-26T12:07:52+02:00,[37],[0]
2026-09-26T12:17:51+02:00,[37],[0]
2026-09-26T12:37:51+02:00,[37],[0]
2026-09-26T12:47:52+02:00,[37],[0]
2026-09-26T12:57:51+02:00,[37],[0]
2026-09-26T13:07:52+02:00,[38],[0]
2026-09-26T13:17:51+02:00,[37],[0]
2026-09-26T13:27:52+02:00,[38],[0]
2026-09-26T13:57:52+02:00,[38],[0]
2026-09-26T14:07:52+02:00,[37],[0]
2026-09-26T14:17:52+02:00,[38],[0]
2026-09-26T14:27:51+02:00,[37],[0]
2026-09-27T04:17:51+02:00,[37],[0]
2026-09-27T04:27:51+02:00,[37],[0]
2026-09-27T04:37:52+02:00,[38],[0]
2026-09-27T04:47:51+02:00,[37],[0]
2026-09-27T04:57:51+02:00,[37],[0]
2026-09-27T05:07:51+02:00,[37],[0]
2026-09-27T05:17:51+02:00,[37],[0]
2026-09-27T05:27:51+02:00,[37],[0]
2026-09-27T05:37:51+02:00,[37],[0]
2026-09-27T05:47:50+02:00,[37],[0]
2026-09-27T05:57:52+02:00,[38],[0]
2026-09-27T06:07:51+02:00,[37],[0]
2026-09-27T06:17:50+02:00,[37],[0]
2026-09-27T06:27:50+02:00,[37],[0]
2026-09-27T06:37:52+02:00,[38],[0]
2026-09-27T06:47:52+02:00,[38],[0]
2026-09-27T06:57:51+02:00,[37],[0]
2026-09-27T07:07:51+02:00,[37],[0]
2026-09-27T07:17:51+02:00,[37],[0]
2026-09-27T07:27:51+02:00,[37],[0]
2026-09-25T07:47:51+02:00,[37],[0]
2026-09-25T07:57:51+02:00,[37],[0]
2026-09-25T08:07:51+02:00,[37],[0]
2026-09-25T08:17:51+02:00,[38],[0]
2026-09-25T08:27:51+02:00,[37],[0]
2026-09-25T08:37:51+02:00,[37],[0]
2026-09-25T08:47:52+02:00,[37],[0]
2026-09-25T09:07:52+02:00,[38],[0]
2026-09-25T09:17:51+02:00,[38],[0]
2026-09-25T09:27:52+02:00,[38],[0]
2026-09-25T09:37:52+02:00,[38],[0]
2026-09-25T09:47:51+02:00,[37],[0]
2026-09-25T09:57:52+02:00,[38],[0]
2026-09-25T10:07:52+02:00,[38],[0]
2026-09-25T10:17:52+02:00,[38],[0]
2026-09-25T10:27:51+02:00,[37],[0]
2026-09-25T10:37:52+02:00,[38],[0]
2026-09-25T10:47:51+02:00,[37],[0]
2026-09-25T10:57:52+02:00,[38],[0]
2026-09-25T11:07:51+02:00,[37],[0]
2026-09-25T11:17:51+02:00,[37],[0]
2026-09-25T11:27:51+02:00,[37],[0]
2026-09-25T11:37:52+02:00,[38],[0]
2026-09-25T11:47:52+02:00,[2],[0]
2026-09-25T11:57:51+02:00,[37],[0]
2026-09-25T12:07:52+02:00,[38],[0]
2026-09-25T12:17:51+02:00,[37],[0]
2026-09-25T12:27:50+02:00,[37],[0]
2026-09-25T12:37:51+02:00,[37],[0]
2026-09-25T12:47:51+02:00,[37],[0]
2026-09-25T13:07:51+02:00,[37],[0]
2026-09-25T13:17:52+02:00,[37],[0]
2026-09-25T13:37:51+02:00,[37],[0]
2026-09-25T13:47:51+02:00,[37],[0]
2026-09-25T14:07:52+02:00,[38],[0]
2026-09-25T14:17:52+02:00,[37],[0]
2026-09-25T14:27:52+02:00,[38],[0]
2026-09-25T14:37:52+02:00,[38],[0]
2026-09-25T14:47:52+02:00,[38],[0]
2026-09-25T14:57:51+02:00,[37],[0]
2026-09-25T15:07:51+02:00,[37],[0]
2026-09-25T15:17:51+02:00,[37],[0]
2026-09-25T15:27:52+02:00,[38],[0]
2026-09-25T15:37:51+02:00,[37],[0]
2026-09-25T15:47:51+02:00,[37],[0]
2026-09-25T15:57:51+02:00,[37],[0]
2026-09-25T16:07:52+02:00,[37],[0]
2026-09-25T16:17:51+02:00,[37],[0]
2026-09-25T16:27:51+02:00,[37],[0]
2026-09-25T16:37:51+02:00,[37],[0]
2026-09-25T16:47:52+02:00,[38],[0]
2026-09-25T16:57:51+02:00,[37],[0]
2026-09-25T17:07:52+02:00,[38],[0]
2026-09-25T17:17:51+02:00,[37],[0]
2026-09-25T17:27:51+02:00,[37],[0]
2026-09-25T17:37:51+02:00,[37],[0]
2026-09-26T01:17:58+02:00,[38],[0]
2026-09-26T01:27:52+02:00,[38],[0]
2026-09-26T01:37:51+02:00,[37],[0]
2026-09-26T01:47:51+02:00,[38],[0]
2026-09-26T01:57:51+02:00,[37],[0]
2026-09-26T02:07:51+02:00,[37],[0]
2026-09-26T02:17:52+02:00,[38],[0]
2026-09-26T02:27:51+02:00,[37],[0]
2026-09-26T02:37:51+02:00,[37],[0]
2026-09-26T02:47:51+02:00,[37],[0]
2026-09-26T02:57:52+02:00,[38],[0]
2026-09-26T03:07:52+02:00,[38],[0]
2026-09-26T03:27:52+02:00,[38],[0]
2026-09-26T03:37:51+02:00,[37],[0]
2026-09-26T03:47:52+02:00,[38],[0]
2026-09-26T03:57:51+02:00,[37],[0]
2026-09-26T04:07:52+02:00,[38],[0]
2026-09-26T04:17:52+02:00,[37],[0]
2026-09-26T04:27:51+02:00,[37],[0]
2026-09-26T04:37:51+02:00,[37],[0]
2026-09-26T04:47:52+02:00,[38],[0]
2026-09-26T04:57:51+02:00,[37],[0]
2026-09-26T05:07:51+02:00,[37],[0]
2026-09-26T05:17:52+02:00,[37],[0]
2026-09-26T05:27:52+02:00,[38],[0]
2026-09-26T05:37:52+02:00,[38],[0]
2026-09-26T05:47:52+02:00,[37],[0]
2026-09-26T05:57:51+02:00,[37],[0]
2026-09-26T06:07:51+02:00,[37],[0]
2026-09-26T06:17:51+02:00,[37],[0]
2026-09-26T06:37:51+02:00,[37],[0]
2026-09-26T06:47:52+02:00,[38],[0]
2026-09-26T06:57:52+02:00,[37],[0]
2026-09-26T07:17:51+02:00,[37],[0]
2026-09-26T07:27:51+02:00,[37],[0]
2026-09-26T07:37:52+02:00,[37],[0]
2026-09-24T08:17:56+02:00,[38],[0]
2026-09-24T08:27:56+02:00,[38],[0]
2026-09-24T08:37:55+02:00,[37],[0]
2026-09-24T08:47:55+02:00,[37],[0]
2026-09-24T09:07:55+02:00,[37],[0]
2026-09-24T09:17:55+02:00,[37],[0]
2026-09-24T09:27:56+02:00,[38],[0]
2026-09-24T09:37:55+02:00,[37],[0]
2026-09-24T09:47:56+02:00,[37],[0]
2026-09-24T09:57:55+02:00,[37],[0]
2026-09-24T10:07:56+02:00,[38],[0]
2026-09-24T10:17:55+02:00,[37],[0]
2026-09-24T10:27:55+02:00,[37],[0]
2026-09-24T10:37:56+02:00,[38],[0]
2026-09-24T10:47:55+02:00,[37],[0]
2026-09-24T10:57:55+02:00,[37],[0]
2026-09-24T11:07:56+02:00,[38],[0]
2026-09-24T11:27:55+02:00,[37],[0]
2026-09-24T11:37:56+02:00,[38],[0]
2026-09-24T11:47:55+02:00,[37],[0]
2026-09-24T11:57:56+02:00,[38],[0]
2026-09-24T12:07:56+02:00,[38],[0]
2026-09-24T12:17:55+02:00,[37],[0]
2026-09-24T12:27:55+02:00,[37],[0]
2026-09-24T12:37:55+02:00,[37],[0]
2026-09-24T12:47:55+02:00,[37],[0]
2026-09-24T12:57:55+02:00,[37],[0]
2026-09-24T13:07:55+02:00,[37],[0]
2026-09-24T13:27:55+02:00,[37],[0]
2026-09-24T13:37:55+02:00,[37],[0]
2026-09-24T13:47:55+02:00,[37],[0]
2026-09-24T13:57:56+02:00,[38],[0]
2026-09-24T14:07:55+02:00,[37],[0]
2026-09-24T14:17:55+02:00,[37],[0]
2026-09-24T14:27:55+02:00,[37],[0]
2026-09-24T14:37:55+02:00,[37],[0]
2026-09-24T14:47:55+02:00,[37],[0]
2026-09-24T14:57:54+02:00,[37],[0]
2026-09-24T15:07:55+02:00,[37],[0]
2026-09-24T15:17:55+02:00,[37],[0]
2026-09-24T15:27:55+02:00,[37],[0]
2026-09-25T01:57:52+02:00,[37],[0]
2026-09-25T02:07:51+02:00,[37],[0]
2026-09-25T02:17:52+02:00,[38],[0]
2026-09-25T02:27:51+02:00,[37],[0]
2026-09-25T02:47:51+02:00,[37],[0]
2026-09-25T02:57:51+02:00,[37],[0]
2026-09-25T03:07:51+02:00,[37],[0]
2026-09-25T03:17:51+02:00,[37],[0]
2026-09-25T03:27:51+02:00,[37],[0]
2026-09-25T03:37:51+02:00,[37],[0]
2026-09-25T03:47:51+02:00,[37],[0]
2026-09-25T03:57:51+02:00,[37],[0]
2026-09-25T04:07:51+02:00,[37],[0]
2026-09-25T04:17:51+02:00,[37],[0]
2026-09-25T04:27:52+02:00,[38],[0]
2026-09-25T04:37:52+02:00,[37],[0]
2026-09-25T04:47:51+02:00,[37],[0]
2026-09-25T04:57:52+02:00,[38],[0]
2026-09-25T05:07:51+02:00,[37],[0]
2026-09-25T05:17:51+02:00,[37],[0]
2026-09-25T05:27:51+02:00,[37],[0]
2026-09-25T05:37:52+02:00,[38],[0]
2026-09-25T05:47:51+02:00,[37],[0]
2026-09-25T05:57:51+02:00,[38],[0]
2026-09-25T06:07:51+02:00,[26],[0]
2026-09-25T06:17:52+02:00,[37],[0]
2026-09-25T06:27:51+02:00,[37],[0]
2026-09-25T06:37:51+02:00,[37],[0]
2026-09-25T06:47:51+02:00,[37],[0]
2026-09-25T06:57:51+02:00,[37],[0]
2026-09-25T07:07:52+02:00,[37],[0]
2026-09-25T07:17:52+02:00,[38],[0]
2026-09-25T07:27:52+02:00,[37],[0]
2026-09-25T07:37:51+02:00,[37],[0]
2026-09-23T07:57:56+02:00,[38],[0]
2026-09-23T08:07:56+02:00,[38],[0]
2026-09-23T08:17:55+02:00,[37],[0]
2026-09-23T08:27:55+02:00,[37],[0]
2026-09-23T08:37:55+02:00,[37],[0]
2026-09-23T08:47:55+02:00,[38],[0]
2026-09-23T08:57:55+02:00,[37],[0]
2026-09-23T09:07:55+02:00,[37],[0]
2026-09-23T09:17:56+02:00,[37],[0]
2026-09-23T09:27:54+02:00,[37],[0]
2026-09-23T09:37:56+02:00,[38],[0]
2026-09-23T09:47:55+02:00,[37],[0]
2026-09-23T09:57:55+02:00,[37],[0]
2026-09-23T10:07:56+02:00,[37],[0]
2026-09-23T10:17:55+02:00,[37],[0]
2026-09-23T10:27:55+02:00,[37],[0]
2026-09-23T10:37:55+02:00,[37],[0]
2026-09-23T10:47:55+02:00,[37],[0]
2026-09-23T11:07:54+02:00,[37],[0]
2026-09-23T11:17:56+02:00,[37],[0]
2026-09-23T11:27:56+02:00,[37],[0]
2026-09-23T11:37:55+02:00,[37],[0]
2026-09-23T11:47:55+02:00,[37],[0]
2026-09-23T11:57:56+02:00,[38],[0]
2026-09-23T12:07:55+02:00,[37],[0]
2026-09-23T12:17:55+02:00,[37],[0]
2026-09-23T12:27:55+02:00,[37],[0]
2026-09-23T12:37:55+02:00,[37],[0]
2026-09-23T12:47:55+02:00,[37],[0]
2026-09-23T12:57:55+02:00,[37],[0]
2026-09-23T13:07:55+02:00,[37],[0]
2026-09-23T13:27:56+02:00,[37],[0]
2026-09-23T13:47:55+02:00,[37],[0]
2026-09-23T13:57:55+02:00,[38],[0]
2026-09-23T14:07:55+02:00,[37],[0]
2026-09-23T14:17:55+02:00,[37],[0]
2026-09-23T14:27:55+02:00,[37],[0]
2026-09-23T14:37:55+02:00,[37],[0]
2026-09-23T14:47:55+02:00,[37],[0]
2026-09-23T14:57:56+02:00,[38],[0]
2026-09-23T15:07:55+02:00,[37],[0]
2026-09-23T15:17:55+02:00,[37],[0]
2026-09-23T15:27:55+02:00,[37],[0]
2026-09-23T15:37:56+02:00,[38],[0]
2026-09-23T15:47:55+02:00,[37],[0]
2026-09-23T15:57:55+02:00,[37],[0]
2026-09-23T16:07:55+02:00,[37],[0]
2026-09-24T01:47:55+02:00,[37],[0]
2026-09-24T01:57:55+02:00,[37],[0]
2026-09-24T02:07:55+02:00,[37],[0]
2026-09-24T02:17:55+02:00,[37],[0]
2026-09-24T02:27:55+02:00,[37],[0]
2026-09-24T02:37:56+02:00,[37],[0]
2026-09-24T02:47:55+02:00,[37],[0]
2026-09-24T02:57:55+02:00,[37],[0]
2026-09-24T03:07:55+02:00,[37],[0]
2026-09-24T03:17:55+02:00,[37],[0]
2026-09-24T03:27:55+02:00,[37],[0]
2026-09-24T03:37:55+02:00,[37],[0]
2026-09-24T03:47:55+02:00,[37],[0]
2026-09-24T03:57:55+02:00,[37],[0]
2026-09-24T04:07:55+02:00,[37],[0]
2026-09-24T04:17:55+02:00,[37],[0]
2026-09-24T04:27:55+02:00,[37],[0]
2026-09-24T04:37:55+02:00,[37],[0]
2026-09-24T04:47:55+02:00,[37],[0]
2026-09-24T04:57:56+02:00,[38],[0]
2026-09-24T05:07:55+02:00,[37],[0]
2026-09-24T05:17:55+02:00,[37],[0]
2026-09-24T05:27:56+02:00,[37],[0]
2026-09-24T05:37:55+02:00,[37],[0]
2026-09-24T05:47:56+02:00,[38],[0]
2026-09-24T05:57:55+02:00,[37],[0]
2026-09-24T06:07:56+02:00,[38],[0]
2026-09-24T06:17:56+02:00,[38],[0]
2026-09-24T06:27:55+02:00,[37],[0]
2026-09-24T06:37:55+02:00,[37],[0]
2026-09-24T06:47:56+02:00,[38],[0]
2026-09-24T06:57:56+02:00,[38],[0]
2026-09-24T07:07:55+02:00,[37],[0]
2026-09-24T07:17:56+02:00,[38],[0]
2026-09-24T07:27:55+02:00,[38],[0]
2026-09-24T07:37:55+02:00,[37],[0]
2026-09-24T07:47:55+02:00,[37],[0]
2026-09-24T07:57:55+02:00,[38],[0]
2026-09-24T08:07:55+02:00,[37],[0]
2026-09-22T08:17:58+02:00,[37],[0]
2026-09-22T08:27:58+02:00,[37],[0]
2026-09-22T08:37:58+02:00,[37],[0]
2026-09-22T08:47:58+02:00,[37],[0]
2026-09-22T08:57:59+02:00,[38],[0]
2026-09-22T09:07:58+02:00,[38],[0]
2026-09-22T09:27:59+02:00,[37],[0]
2026-09-22T09:37:58+02:00,[37],[0]
2026-09-22T09:47:59+02:00,[38],[0]
2026-09-22T09:57:58+02:00,[38],[0]
2026-09-22T10:07:58+02:00,[37],[0]
2026-09-22T10:17:58+02:00,[37],[0]
2026-09-22T10:37:58+02:00,[37],[0]
2026-09-22T10:47:59+02:00,[37],[0]
2026-09-22T10:57:59+02:00,[37],[0]
2026-09-22T11:07:59+02:00,[38],[0]
2026-09-22T11:17:55+02:00,[37],[0]
2026-09-22T11:27:55+02:00,[37],[0]
2026-09-22T11:37:55+02:00,[37],[0]
2026-09-22T11:47:55+02:00,[37],[0]
2026-09-22T11:57:55+02:00,[37],[0]
2026-09-22T12:07:55+02:00,[37],[0]
2026-09-22T12:17:55+02:00,[37],[0]
2026-09-22T12:27:55+02:00,[37],[0]
2026-09-22T12:37:58+02:00,[37],[0]
2026-09-22T12:47:55+02:00,[38],[0]
2026-09-22T12:57:56+02:00,[37],[0]
2026-09-22T13:07:55+02:00,[37],[0]
2026-09-22T13:17:55+02:00,[37],[0]
2026-09-22T13:27:55+02:00,[37],[0]
2026-09-22T13:37:54+02:00,[37],[0]
2026-09-22T13:47:55+02:00,[37],[0]
2026-09-22T13:57:56+02:00,[37],[0]
2026-09-22T14:07:55+02:00,[37],[0]
2026-09-22T14:17:55+02:00,[37],[0]
2026-09-22T14:27:55+02:00,[37],[0]
2026-09-22T14:37:55+02:00,[37],[0]
2026-09-22T14:47:56+02:00,[37],[0]
2026-09-22T14:57:56+02:00,[38],[0]
2026-09-22T15:07:56+02:00,[38],[0]
2026-09-22T15:17:56+02:00,[38],[0]
2026-09-22T15:27:56+02:00,[38],[0]
2026-09-22T15:47:56+02:00,[38],[0]
2026-09-22T15:57:55+02:00,[37],[0]
2026-09-22T16:07:55+02:00,[37],[0]
2026-09-22T16:17:55+02:00,[37],[0]
2026-09-22T16:27:55+02:00,[37],[0]
2026-09-22T16:37:55+02:00,[37],[0]
2026-09-23T01:07:55+02:00,[37],[0]
2026-09-23T01:17:54+02:00,[37],[0]
2026-09-23T01:27:55+02:00,[38],[0]
2026-09-23T01:47:54+02:00,[37],[0]
2026-09-23T01:57:54+02:00,[37],[0]
2026-09-23T02:07:55+02:00,[38],[0]
2026-09-23T02:17:55+02:00,[37],[0]
2026-09-23T02:27:55+02:00,[37],[0]
2026-09-23T02:37:55+02:00,[37],[0]
2026-09-23T02:47:56+02:00,[38],[0]
2026-09-23T02:57:56+02:00,[38],[0]
2026-09-23T03:07:55+02:00,[37],[0]
2026-09-23T03:17:55+02:00,[37],[0]
2026-09-23T03:27:55+02:00,[37],[0]
2026-09-23T03:37:55+02:00,[37],[0]
2026-09-23T03:47:56+02:00,[37],[0]
2026-09-23T03:57:55+02:00,[37],[0]
2026-09-23T04:07:56+02:00,[37],[0]
2026-09-23T04:17:55+02:00,[37],[0]
2026-09-23T04:27:55+02:00,[37],[0]
2026-09-23T04:37:56+02:00,[38],[0]
2026-09-23T04:47:55+02:00,[37],[0]
2026-09-23T04:57:55+02:00,[37],[0]
2026-09-23T05:07:55+02:00,[37],[0]
2026-09-23T05:17:55+02:00,[37],[0]
2026-09-23T05:27:55+02:00,[37],[0]
2026-09-23T05:37:55+02:00,[37],[0]
2026-09-23T05:47:56+02:00,[38],[0]
2026-09-23T05:57:54+02:00,[37],[0]
2026-09-23T06:07:55+02:00,[38],[0]
2026-09-23T06:17:55+02:00,[38],[0]
2026-09-23T06:27:55+02:00,[37],[0]
2026-09-23T06:37:55+02:00,[37],[0]
2026-09-23T06:47:55+02:00,[37],[0]
2026-09-23T06:57:55+02:00,[38],[0]
2026-09-23T07:07:55+02:00,[37],[0]
2026-09-21T07:57:58+02:00,[37],[0]
2026-09-21T08:07:58+02:00,[37],[0]
2026-09-21T08:17:58+02:00,[37],[0]
2026-09-21T08:27:58+02:00,[37],[0]
2026-09-21T08:37:58+02:00,[37],[0]
2026-09-21T08:47:58+02:00,[37],[0]
2026-09-21T08:57:58+02:00,[37],[0]
2026-09-21T09:07:59+02:00,[37],[0]
2026-09-21T09:17:58+02:00,[37],[0]
2026-09-21T09:27:58+02:00,[37],[0]
2026-09-21T09:37:57+02:00,[37],[0]
2026-09-21T09:47:59+02:00,[38],[0]
2026-09-21T09:57:58+02:00,[37],[0]
2026-09-21T10:07:59+02:00,[37],[0]
2026-09-21T10:17:58+02:00,[37],[0]
2026-09-21T10:37:59+02:00,[38],[0]
2026-09-21T10:57:59+02:00,[37],[0]
2026-09-21T11:07:57+02:00,[37],[0]
2026-09-21T11:17:57+02:00,[37],[0]
2026-09-21T11:27:58+02:00,[38],[0]
2026-09-21T11:47:58+02:00,[37],[0]
2026-09-21T11:57:58+02:00,[37],[0]
2026-09-21T12:07:58+02:00,[38],[0]
2026-09-21T12:17:59+02:00,[37],[0]
2026-09-21T12:27:59+02:00,[38],[0]
2026-09-21T12:37:58+02:00,[37],[0]
2026-09-21T12:47:58+02:00,[37],[0]
2026-09-21T12:57:59+02:00,[37],[0]
2026-09-21T13:07:58+02:00,[37],[0]
2026-09-21T13:17:57+02:00,[37],[0]
2026-09-21T13:27:58+02:00,[37],[0]
2026-09-21T13:47:59+02:00,[37],[0]
2026-09-21T13:57:59+02:00,[38],[0]
2026-09-21T14:07:58+02:00,[37],[0]
2026-09-21T14:17:58+02:00,[37],[0]
2026-09-21T14:27:59+02:00,[38],[0]
2026-09-21T14:37:58+02:00,[37],[0]
2026-09-21T14:47:59+02:00,[38],[0]
2026-09-21T14:57:59+02:00,[38],[0]
2026-09-21T15:07:58+02:00,[37],[0]
2026-09-21T15:17:57+02:00,[37],[0]
2026-09-21T15:27:59+02:00,[37],[0]
2026-09-21T15:37:58+02:00,[37],[0]
2026-09-21T15:47:59+02:00,[38],[0]
2026-09-21T15:57:58+02:00,[37],[0]
2026-09-21T16:07:58+02:00,[37],[0]
2026-09-21T16:17:59+02:00,[38],[0]
2026-09-21T16:27:58+02:00,[37],[0]
2026-09-21T16:37:58+02:00,[37],[0]
2026-09-22T02:17:58+02:00,[37],[0]
2026-09-22T02:27:58+02:00,[37],[0]
2026-09-22T02:37:59+02:00,[38],[0]
2026-09-22T02:47:58+02:00,[37],[0]
2026-09-22T02:57:58+02:00,[37],[0]
2026-09-22T03:07:58+02:00,[37],[0]
2026-09-22T03:17:59+02:00,[38],[0]
2026-09-22T03:27:58+02:00,[37],[0]
2026-09-22T03:37:58+02:00,[37],[0]
2026-09-22T03:47:58+02:00,[37],[0]
2026-09-22T03:57:58+02:00,[37],[0]
2026-09-22T04:07:58+02:00,[38],[0]
2026-09-22T04:17:58+02:00,[37],[0]
2026-09-22T04:27:59+02:00,[38],[0]
2026-09-22T04:37:58+02:00,[37],[0]
2026-09-22T04:47:58+02:00,[37],[0]
2026-09-22T04:57:59+02:00,[37],[0]
2026-09-22T05:07:58+02:00,[37],[0]
2026-09-22T05:17:59+02:00,[38],[0]
2026-09-22T05:47:58+02:00,[37],[0]
2026-09-22T05:57:58+02:00,[37],[0]
2026-09-22T06:07:58+02:00,[37],[0]
2026-09-22T06:17:58+02:00,[37],[0]
2026-09-22T06:27:58+02:00,[37],[0]
2026-09-22T06:37:59+02:00,[38],[0]
2026-09-22T06:47:58+02:00,[37],[0]
2026-09-22T06:57:58+02:00,[37],[0]
2026-09-22T07:07:58+02:00,[37],[0]
2026-09-22T07:17:58+02:00,[37],[0]
2026-09-22T07:27:58+02:00,[37],[0]
2026-09-22T07:37:58+02:00,[37],[0]
2026-09-22T07:47:58+02:00,[37],[0]
2026-09-22T07:57:58+02:00,[37],[0]
2026-09-22T08:07:58+02:00,[37],[0]
2026-09-20T07:57:58+02:00,[37],[0]
2026-09-20T08:08:42+02:00,[37],[0]
2026-09-20T08:17:59+02:00,[37],[0]
2026-09-20T08:27:58+02:00,[37],[0]
2026-09-20T08:37:58+02:00,[37],[0]
2026-09-20T08:47:58+02:00,[37],[0]
2026-09-20T08:57:59+02:00,[37],[0]
2026-09-20T09:17:57+02:00,[37],[0]
2026-09-20T09:27:59+02:00,[38],[0]
2026-09-20T09:47:58+02:00,[37],[0]
2026-09-20T09:57:58+02:00,[37],[0]
2026-09-20T10:17:58+02:00,[37],[0]
2026-09-20T10:27:59+02:00,[37],[0]
2026-09-20T10:37:58+02:00,[37],[0]
2026-09-20T10:47:58+02:00,[37],[0]
2026-09-20T10:57:59+02:00,[38],[0]
2026-09-20T11:07:58+02:00,[37],[0]
2026-09-20T11:17:59+02:00,[37],[0]
2026-09-20T11:27:57+02:00,[37],[0]
2026-09-20T11:37:58+02:00,[37],[0]
2026-09-20T11:47:58+02:00,[37],[0]
2026-09-20T11:57:58+02:00,[37],[0]
2026-09-20T12:07:57+02:00,[37],[0]
2026-09-20T12:27:58+02:00,[37],[0]
2026-09-20T12:57:58+02:00,[37],[0]
2026-09-20T13:07:59+02:00,[38],[0]
2026-09-20T13:17:58+02:00,[37],[0]
2026-09-20T13:27:58+02:00,[37],[0]
2026-09-20T13:37:58+02:00,[37],[0]
2026-09-20T13:47:59+02:00,[38],[0]
2026-09-20T13:57:58+02:00,[37],[0]
2026-09-20T14:07:58+02:00,[37],[0]
2026-09-20T14:17:58+02:00,[37],[0]
2026-09-20T14:27:58+02:00,[37],[0]
2026-09-20T14:37:58+02:00,[37],[0]
2026-09-20T14:57:58+02:00,[37],[0]
2026-09-21T00:47:58+02:00,[37],[0]
2026-09-21T00:57:58+02:00,[38],[0]
2026-09-21T01:07:59+02:00,[37],[0]
2026-09-21T01:17:58+02:00,[37],[0]
2026-09-21T01:27:57+02:00,[37],[0]
2026-09-21T01:37:59+02:00,[38],[0]
2026-09-21T01:47:58+02:00,[37],[0]
2026-09-21T01:57:59+02:00,[38],[0]
2026-09-21T02:07:59+02:00,[37],[0]
2026-09-21T02:17:58+02:00,[37],[0]
2026-09-21T02:27:58+02:00,[37],[0]
2026-09-21T02:37:58+02:00,[37],[0]
2026-09-21T02:47:58+02:00,[37],[0]
2026-09-21T02:57:59+02:00,[38],[0]
2026-09-21T03:07:59+02:00,[38],[0]
2026-09-21T03:17:58+02:00,[37],[0]
2026-09-21T03:27:59+02:00,[38],[0]
2026-09-21T03:37:59+02:00,[38],[0]
2026-09-21T03:47:58+02:00,[37],[0]
2026-09-21T03:57:58+02:00,[37],[0]
2026-09-21T04:07:58+02:00,[37],[0]
2026-09-21T04:17:59+02:00,[37],[0]
2026-09-21T04:27:59+02:00,[38],[0]
2026-09-21T04:37:58+02:00,[37],[0]
2026-09-21T04:47:59+02:00,[38],[0]
2026-09-21T04:57:58+02:00,[37],[0]
2026-09-21T05:07:59+02:00,[38],[0]
2026-09-21T05:17:58+02:00,[37],[0]
2026-09-21T05:27:58+02:00,[37],[0]
2026-09-21T05:37:58+02:00,[37],[0]
2026-09-21T05:47:59+02:00,[38],[0]
2026-09-21T05:57:59+02:00,[38],[0]
2026-09-21T06:07:59+02:00,[37],[0]
2026-09-21T06:17:58+02:00,[37],[0]
2026-09-21T06:27:58+02:00,[37],[0]
2026-09-21T06:47:58+02:00,[37],[0]
2026-09-21T06:57:58+02:00,[37],[0]
2026-09-21T07:07:59+02:00,[37],[0]
2026-09-21T07:17:59+02:00,[37],[0]
2026-09-21T07:27:58+02:00,[37],[0]
2026-09-21T07:37:58+02:00,[37],[0]
2026-09-21T07:47:57+02:00,[37],[0]
2026-09-19T08:37:57+02:00,[37],[0]
2026-09-19T08:47:58+02:00,[37],[0]
2026-09-19T08:57:57+02:00,[37],[0]
2026-09-19T09:07:58+02:00,[37],[0]
2026-09-19T09:17:58+02:00,[37],[0]
2026-09-19T09:27:58+02:00,[37],[0]
2026-09-19T09:37:59+02:00,[38],[0]
2026-09-19T09:47:59+02:00,[37],[0]
2026-09-19T09:57:58+02:00,[37],[0]
2026-09-19T10:07:58+02:00,[37],[0]
2026-09-19T10:17:58+02:00,[37],[0]
2026-09-19T10:27:58+02:00,[37],[0]
2026-09-19T10:37:58+02:00,[37],[0]
2026-09-19T10:47:58+02:00,[37],[0]
2026-09-19T10:57:58+02:00,[37],[0]
2026-09-19T11:07:58+02:00,[37],[0]
2026-09-19T11:17:59+02:00,[38],[0]
2026-09-19T11:27:59+02:00,[38],[0]
2026-09-19T11:37:59+02:00,[37],[0]
2026-09-19T11:57:58+02:00,[37],[0]
2026-09-19T12:07:59+02:00,[37],[0]
2026-09-19T12:17:57+02:00,[37],[0]
2026-09-19T12:27:57+02:00,[37],[0]
2026-09-19T12:37:59+02:00,[38],[0]
2026-09-19T12:47:58+02:00,[37],[0]
2026-09-19T12:57:58+02:00,[37],[0]
2026-09-19T13:07:58+02:00,[37],[0]
2026-09-19T13:17:59+02:00,[38],[0]
2026-09-19T13:27:58+02:00,[37],[0]
2026-09-19T13:37:58+02:00,[37],[0]
2026-09-19T13:47:58+02:00,[37],[0]
2026-09-19T13:57:59+02:00,[38],[0]
2026-09-19T14:07:59+02:00,[38],[0]
2026-09-19T14:17:58+02:00,[37],[0]
2026-09-19T14:27:58+02:00,[37],[0]
2026-09-19T14:37:58+02:00,[37],[0]
2026-09-19T14:47:58+02:00,[37],[0]
2026-09-19T14:57:59+02:00,[37],[0]
2026-09-19T15:07:58+02:00,[37],[0]
2026-09-19T15:17:58+02:00,[37],[0]
2026-09-19T15:27:58+02:00,[37],[0]
2026-09-19T15:37:58+02:00,[37],[0]
2026-09-19T15:47:59+02:00,[38],[0]
2026-09-19T15:57:58+02:00,[37],[0]
2026-09-19T16:07:58+02:00,[38],[0]
2026-09-19T16:17:58+02:00,[37],[0]
2026-09-19T16:27:58+02:00,[37],[0]
2026-09-19T16:37:58+02:00,[37],[0]
2026-09-19T16:47:58+02:00,[37],[0]
2026-09-19T16:57:58+02:00,[37],[0]
2026-09-19T17:07:58+02:00,[37],[0]
2026-09-19T17:17:58+02:00,[37],[0]
2026-09-18T09:58:02+02:00,[38],[0]
2026-09-18T10:08:02+02:00,[37],[0]
2026-09-18T10:18:03+02:00,[37],[0]
2026-09-18T10:28:01+02:00,[37],[0]
2026-09-18T10:48:02+02:00,[37],[0]
2026-09-18T10:58:02+02:00,[37],[0]
2026-09-18T11:08:02+02:00,[37],[0]
2026-09-18T11:17:58+02:00,[37],[0]
2026-09-18T11:27:58+02:00,[37],[0]
2026-09-18T11:37:58+02:00,[37],[0]
2026-09-18T11:47:59+02:00,[38],[0]
2026-09-18T11:57:58+02:00,[37],[0]
2026-09-18T12:07:59+02:00,[38],[0]
2026-09-18T12:17:59+02:00,[38],[0]
2026-09-18T12:27:58+02:00,[37],[0]
2026-09-18T12:37:58+02:00,[37],[0]
2026-09-18T12:47:59+02:00,[38],[0]
2026-09-18T12:57:58+02:00,[37],[0]
2026-09-18T13:07:58+02:00,[37],[0]
2026-09-18T13:17:58+02:00,[37],[0]
2026-09-18T13:27:58+02:00,[37],[0]
2026-09-18T13:37:58+02:00,[37],[0]
2026-09-18T13:47:58+02:00,[37],[0]
2026-09-18T13:57:59+02:00,[38],[0]
2026-09-18T14:07:58+02:00,[37],[0]
2026-09-18T14:17:59+02:00,[38],[0]
2026-09-18T14:27:59+02:00,[37],[0]
2026-09-18T14:37:58+02:00,[37],[0]
2026-09-18T14:47:59+02:00,[38],[0]
2026-09-18T14:57:58+02:00,[37],[0]
2026-09-18T15:07:58+02:00,[37],[0]
2026-09-18T15:17:58+02:00,[37],[0]
2026-09-18T15:27:58+02:00,[37],[0]
2026-09-18T15:37:59+02:00,[37],[0]
2026-09-18T15:47:59+02:00,[38],[0]
2026-09-18T15:57:58+02:00,[37],[0]
2026-09-18T16:07:58+02:00,[37],[0]
2026-09-18T16:17:58+02:00,[37],[0]
2026-09-18T16:27:58+02:00,[38],[0]
2026-09-18T16:37:58+02:00,[37],[0]
2026-09-18T16:47:59+02:00,[37],[0]
2026-09-18T16:57:58+02:00,[37],[0]
2026-09-18T17:14:25+02:00,[1],[0]
2026-09-18T17:14:39+02:00,"[30,30,21,30,30,2,30,30,30]","[0,0,0,0,0,0,0,0,0]"
2026-09-18T17:19:02+02:00,"[27,30,30,13,14,30,26,30,30,30,30,27,29,30,30,30,23,30,30]","[0,0,0,0,0,0,0,0,0,0,0,0,0,0,0,0,0,0,0]"
2026-09-18T17:28:11+02:00,"[30,28,12,30,30,30]","[0,0,0,0,0,0]"
2026-09-18T17:30:21+02:00,[30],[0]
2026-09-19T02:17:59+02:00,[38],[0]
2026-09-19T02:27:59+02:00,[38],[0]
2026-09-19T02:47:58+02:00,[37],[0]
2026-09-19T02:57:58+02:00,[37],[0]
2026-09-19T03:07:58+02:00,[37],[0]
2026-09-19T03:17:59+02:00,[38],[0]
2026-09-19T03:27:58+02:00,[37],[0]
2026-09-19T03:37:58+02:00,[37],[0]
2026-09-19T03:47:58+02:00,[37],[0]
2026-09-19T03:57:58+02:00,[38],[0]
2026-09-19T04:08:11+02:00,[37],[0]
2026-09-19T04:17:59+02:00,[38],[0]
2026-09-19T04:27:58+02:00,[37],[0]
2026-09-19T04:37:57+02:00,[37],[0]
2026-09-19T04:47:58+02:00,[37],[0]
2026-09-19T04:57:58+02:00,[38],[0]
2026-09-19T05:07:58+02:00,[37],[0]
2026-09-19T05:17:58+02:00,[37],[0]
2026-09-19T05:27:58+02:00,[37],[0]
2026-09-19T05:37:58+02:00,[37],[0]
2026-09-19T05:47:58+02:00,[37],[0]
2026-09-19T05:57:58+02:00,[37],[0]
2026-09-19T06:07:58+02:00,[37],[0]
2026-09-19T06:17:58+02:00,[37],[0]
2026-09-19T06:27:58+02:00,[37],[0]
2026-09-19T06:37:58+02:00,[37],[0]
2026-09-19T06:47:57+02:00,[37],[0]
2026-09-19T06:57:58+02:00,[37],[0]
2026-09-19T07:07:58+02:00,[37],[0]
2026-09-19T07:17:58+02:00,[37],[0]
2026-09-19T07:27:58+02:00,[37],[0]
2026-09-19T07:37:59+02:00,[37],[0]
2026-09-19T07:47:58+02:00,[37],[0]
2026-09-19T07:57:59+02:00,[38],[0]
2026-09-19T08:07:58+02:00,[37],[0]
2026-09-19T08:17:58+02:00,[37],[0]
2026-09-19T08:27:57+02:00,[37],[0]
2026-09-17T09:58:02+02:00,[37],[0]
2026-09-17T10:08:02+02:00,[37],[0]
2026-09-17T10:18:02+02:00,[37],[0]
2026-09-17T10:28:03+02:00,[38],[0]
2026-09-17T10:38:03+02:00,[38],[0]
2026-09-17T10:48:03+02:00,[38],[0]
2026-09-17T10:58:02+02:00,[37],[0]
2026-09-17T11:08:02+02:00,[37],[0]
2026-09-17T11:18:02+02:00,[37],[0]
2026-09-17T11:28:02+02:00,[37],[0]
2026-09-17T11:38:02+02:00,[37],[0]
2026-09-17T11:48:02+02:00,[37],[0]
2026-09-17T11:58:02+02:00,[37],[0]
2026-09-17T12:08:02+02:00,[37],[0]
2026-09-17T12:18:02+02:00,[37],[0]
2026-09-17T12:28:03+02:00,[37],[0]
2026-09-17T12:38:02+02:00,[37],[0]
2026-09-17T12:48:03+02:00,[38],[0]
2026-09-17T12:58:02+02:00,[37],[0]
2026-09-17T13:08:03+02:00,[37],[0]
2026-09-17T13:18:03+02:00,[38],[0]
2026-09-17T13:28:02+02:00,[37],[0]
2026-09-17T13:38:03+02:00,[38],[0]
2026-09-17T13:48:01+02:00,[37],[0]
2026-09-17T13:58:03+02:00,[38],[0]
2026-09-17T14:08:02+02:00,[37],[0]
2026-09-17T14:18:02+02:00,[37],[0]
2026-09-17T14:28:02+02:00,[37],[0]
2026-09-17T14:38:02+02:00,[37],[0]
2026-09-17T14:48:02+02:00,[37],[0]
2026-09-17T15:08:03+02:00,[38],[0]
2026-09-17T15:18:02+02:00,[38],[0]
2026-09-17T15:28:03+02:00,[37],[0]
2026-09-17T15:38:03+02:00,[38],[0]
2026-09-17T15:48:02+02:00,[37],[0]
2026-09-17T15:58:02+02:00,[37],[0]
2026-09-17T16:08:02+02:00,[38],[0]
2026-09-17T16:18:02+02:00,[37],[0]
2026-09-18T01:28:02+02:00,[38],[0]
2026-09-18T01:38:02+02:00,[37],[0]
2026-09-18T01:48:03+02:00,[37],[0]
2026-09-18T01:58:02+02:00,[37],[0]
2026-09-18T02:08:02+02:00,[37],[0]
2026-09-18T02:18:02+02:00,[37],[0]
2026-09-18T02:28:02+02:00,[37],[0]
2026-09-18T02:38:02+02:00,[37],[0]
2026-09-18T02:48:02+02:00,[37],[0]
2026-09-18T02:58:02+02:00,[37],[0]
2026-09-18T03:08:03+02:00,[38],[0]
2026-09-18T03:18:02+02:00,[37],[0]
2026-09-18T03:28:02+02:00,[37],[0]
2026-09-18T03:38:03+02:00,[37],[0]
2026-09-18T03:48:02+02:00,[37],[0]
2026-09-18T03:58:02+02:00,[37],[0]
2026-09-18T04:08:03+02:00,[37],[0]
2026-09-18T04:18:02+02:00,[37],[0]
2026-09-18T04:28:03+02:00,[38],[0]
2026-09-18T04:38:02+02:00,[37],[0]
2026-09-18T04:48:02+02:00,[37],[0]
2026-09-18T04:58:03+02:00,[38],[0]
2026-09-18T05:08:02+02:00,[37],[0]
2026-09-18T05:18:02+02:00,[37],[0]
2026-09-18T05:28:02+02:00,[37],[0]
2026-09-18T05:38:03+02:00,[38],[0]
2026-09-18T05:48:02+02:00,[37],[0]
2026-09-18T05:58:02+02:00,[37],[0]
2026-09-18T06:08:02+02:00,[37],[0]
2026-09-18T06:18:03+02:00,[38],[0]
2026-09-18T06:38:02+02:00,[37],[0]
2026-09-18T06:48:03+02:00,[38],[0]
2026-09-18T06:58:02+02:00,[37],[0]
2026-09-18T07:08:01+02:00,[37],[0]
2026-09-18T07:18:02+02:00,[37],[0]
2026-09-18T07:28:02+02:00,[37],[0]
2026-09-18T07:48:03+02:00,[37],[0]
2026-09-18T07:58:03+02:00,[38],[0]
2026-09-18T08:08:03+02:00,[38],[0]
2026-09-18T08:18:03+02:00,[37],[0]
2026-09-18T08:28:02+02:00,[37],[0]
2026-09-18T08:38:03+02:00,[38],[0]
2026-09-18T08:48:02+02:00,[37],[0]
2026-09-18T08:58:03+02:00,[37],[0]
2026-09-18T09:08:03+02:00,[38],[0]
2026-09-18T09:18:03+02:00,[37],[0]
2026-09-18T09:28:03+02:00,[37],[0]
2026-09-18T09:38:02+02:00,[37],[0]
2026-09-18T09:48:02+02:00,[37],[0]
2026-09-16T09:58:02+02:00,[37],[0]
2026-09-16T10:08:02+02:00,[38],[0]
2026-09-16T10:18:02+02:00,[38],[0]
2026-09-16T10:28:02+02:00,[37],[0]
2026-09-16T10:38:02+02:00,[37],[0]
2026-09-16T10:48:03+02:00,[37],[0]
2026-09-16T10:58:02+02:00,[37],[0]
2026-09-16T11:08:03+02:00,[38],[0]
2026-09-16T11:18:03+02:00,[38],[0]
2026-09-16T11:38:02+02:00,[37],[0]
2026-09-16T11:48:02+02:00,[37],[0]
2026-09-16T11:58:03+02:00,[38],[0]
2026-09-16T12:08:02+02:00,[37],[0]
2026-09-16T12:28:02+02:00,[38],[0]
2026-09-16T12:38:02+02:00,[37],[0]
2026-09-16T12:48:02+02:00,[37],[0]
2026-09-16T12:58:02+02:00,[37],[0]
2026-09-16T13:08:02+02:00,[37],[0]
2026-09-16T13:18:02+02:00,[37],[0]
2026-09-16T13:28:03+02:00,[37],[0]
2026-09-16T13:38:03+02:00,[38],[0]
2026-09-16T13:48:02+02:00,[37],[0]
2026-09-16T13:58:02+02:00,[37],[0]
2026-09-16T14:08:02+02:00,[37],[0]
2026-09-16T14:18:02+02:00,[37],[0]
2026-09-16T14:28:02+02:00,[37],[0]
2026-09-16T14:38:03+02:00,[37],[0]
2026-09-16T14:48:02+02:00,[37],[0]
2026-09-16T14:58:02+02:00,[37],[0]
2026-09-16T15:18:02+02:00,[38],[0]
2026-09-16T15:28:02+02:00,[37],[0]
2026-09-16T15:38:01+02:00,[37],[0]
2026-09-17T02:08:02+02:00,[37],[0]
2026-09-17T02:18:01+02:00,[37],[0]
2026-09-17T02:28:02+02:00,[38],[0]
2026-09-17T02:38:02+02:00,[37],[0]
2026-09-17T02:48:03+02:00,[38],[0]
2026-09-17T02:58:02+02:00,[37],[0]
2026-09-17T03:08:03+02:00,[38],[0]
2026-09-17T03:18:02+02:00,[37],[0]
2026-09-17T03:28:02+02:00,[37],[0]
2026-09-17T03:38:02+02:00,[37],[0]
2026-09-17T03:48:02+02:00,[37],[0]
2026-09-17T03:58:02+02:00,[37],[0]
2026-09-17T04:08:02+02:00,[37],[0]
2026-09-17T04:18:02+02:00,[37],[0]
2026-09-17T04:28:03+02:00,[38],[0]
2026-09-17T04:38:02+02:00,[37],[0]
2026-09-17T04:48:02+02:00,[37],[0]
2026-09-17T04:58:02+02:00,[37],[0]
2026-09-17T05:08:03+02:00,[38],[0]
2026-09-17T05:18:02+02:00,[37],[0]
2026-09-17T05:28:02+02:00,[37],[0]
2026-09-17T05:38:02+02:00,[37],[0]
2026-09-17T05:48:03+02:00,[38],[0]
2026-09-17T05:58:02+02:00,[37],[0]
2026-09-17T06:08:02+02:00,[37],[0]
2026-09-17T06:18:02+02:00,[37],[0]
2026-09-17T06:28:02+02:00,[37],[0]
2026-09-17T06:38:03+02:00,[37],[0]
2026-09-17T06:48:02+02:00,[37],[0]
2026-09-17T06:58:02+02:00,[37],[0]
2026-09-17T07:08:02+02:00,[37],[0]
2026-09-17T07:18:02+02:00,[37],[0]
2026-09-17T07:28:02+02:00,[37],[0]
2026-09-17T07:38:03+02:00,[37],[0]
2026-09-17T07:48:02+02:00,[37],[0]
2026-09-17T07:58:02+02:00,[37],[0]
2026-09-17T08:08:03+02:00,[38],[0]
2026-09-17T08:18:03+02:00,[37],[0]
2026-09-17T08:28:02+02:00,[37],[0]
2026-09-17T08:38:02+02:00,[37],[0]
2026-09-17T08:48:02+02:00,[37],[0]
2026-09-17T08:58:02+02:00,[38],[0]
2026-09-17T09:08:02+02:00,[37],[0]
2026-09-17T09:18:02+02:00,[37],[0]
2026-09-17T09:28:02+02:00,[37],[0]
2026-09-17T09:38:02+02:00,[37],[0]
2026-09-17T09:48:02+02:00,[37],[0]
2026-09-15T09:58:05+02:00,[37],[0]
2026-09-15T10:08:05+02:00,[37],[0]
2026-09-15T10:18:05+02:00,[38],[0]
2026-09-15T10:28:04+02:00,[37],[0]
2026-09-15T10:38:05+02:00,[37],[0]
2026-09-15T10:48:05+02:00,[37],[0]
2026-09-15T10:58:05+02:00,[37],[0]
2026-09-15T11:08:04+02:00,[37],[0]
2026-09-15T11:18:05+02:00,[37],[0]
2026-09-15T11:28:05+02:00,[37],[0]
2026-09-15T11:58:05+02:00,[37],[0]
2026-09-15T12:08:05+02:00,[37],[0]
2026-09-15T12:18:06+02:00,[38],[0]
2026-09-15T12:28:05+02:00,[37],[0]
2026-09-15T12:38:05+02:00,[37],[0]
2026-09-15T12:48:04+02:00,[37],[0]
2026-09-15T12:58:05+02:00,[37],[0]
2026-09-15T13:08:05+02:00,[37],[0]
2026-09-15T13:18:04+02:00,[37],[0]
2026-09-15T13:28:05+02:00,[37],[0]
2026-09-15T13:38:06+02:00,[38],[0]
2026-09-15T13:48:06+02:00,[38],[0]
2026-09-15T13:58:05+02:00,[37],[0]
2026-09-15T14:08:06+02:00,[38],[0]
2026-09-15T14:18:05+02:00,[37],[0]
2026-09-15T14:28:04+02:00,[37],[0]
2026-09-15T14:38:06+02:00,[38],[0]
2026-09-15T14:48:05+02:00,[37],[0]
2026-09-15T14:58:06+02:00,[37],[0]
2026-09-15T15:08:05+02:00,[38],[0]
2026-09-15T15:18:04+02:00,[37],[0]
2026-09-15T15:28:05+02:00,[37],[0]
2026-09-15T15:38:04+02:00,[37],[0]
2026-09-15T15:48:03+02:00,[37],[0]
2026-09-15T15:58:03+02:00,[37],[0]
2026-09-15T16:08:02+02:00,[37],[0]
2026-09-15T16:18:02+02:00,[37],[0]
2026-09-15T16:28:02+02:00,[37],[0]
2026-09-15T16:38:02+02:00,[37],[0]
2026-09-15T16:48:02+02:00,[37],[0]
2026-09-16T02:48:02+02:00,[37],[0]
2026-09-16T02:58:02+02:00,[37],[0]
2026-09-16T03:08:03+02:00,[37],[0]
2026-09-16T03:18:02+02:00,[37],[0]
2026-09-16T03:25:16+02:00,[37],[0]
2026-09-16T03:28:02+02:00,[38],[0]
2026-09-16T03:48:03+02:00,[38],[0]
2026-09-16T03:58:02+02:00,[37],[0]
2026-09-16T04:08:03+02:00,[37],[0]
2026-09-16T04:18:02+02:00,[37],[0]
2026-09-16T04:28:02+02:00,[37],[0]
2026-09-16T04:38:02+02:00,[37],[0]
2026-09-16T04:48:02+02:00,[37],[0]
2026-09-16T04:58:02+02:00,[37],[0]
2026-09-16T05:18:02+02:00,[37],[0]
2026-09-16T05:38:03+02:00,[38],[0]
2026-09-16T05:48:03+02:00,[38],[0]
2026-09-16T05:58:02+02:00,[37],[0]
2026-09-16T06:08:03+02:00,[37],[0]
2026-09-16T06:18:02+02:00,[37],[0]
2026-09-16T06:28:02+02:00,[37],[0]
2026-09-16T06:38:02+02:00,[37],[0]
2026-09-16T06:48:02+02:00,[37],[0]
2026-09-16T06:58:02+02:00,[37],[0]
2026-09-16T07:08:03+02:00,[38],[0]
2026-09-16T07:18:03+02:00,[38],[0]
2026-09-16T07:28:02+02:00,[37],[0]
2026-09-16T07:38:02+02:00,[37],[0]
2026-09-16T07:48:02+02:00,[37],[0]
2026-09-16T07:58:02+02:00,[37],[0]
2026-09-16T08:08:02+02:00,[37],[0]
2026-09-16T08:18:02+02:00,[37],[0]
2026-09-16T08:28:02+02:00,[37],[0]
2026-09-16T08:38:02+02:00,[37],[0]
2026-09-16T08:48:03+02:00,[38],[0]
2026-09-16T08:58:02+02:00,[37],[0]
2026-09-16T09:08:03+02:00,[38],[0]
2026-09-16T09:18:03+02:00,[37],[0]
2026-09-16T09:28:03+02:00,[37],[0]
2026-09-16T09:38:02+02:00,[37],[0]
2026-09-14T09:58:06+02:00,[38],[0]
2026-09-14T10:08:05+02:00,[37],[0]
2026-09-14T10:18:05+02:00,[37],[0]
2026-09-14T10:28:05+02:00,[37],[0]
2026-09-14T10:38:05+02:00,[38],[0]
2026-09-14T10:48:05+02:00,[38],[0]
2026-09-14T11:08:06+02:00,[38],[0]
2026-09-14T11:18:06+02:00,[38],[0]
2026-09-14T11:28:06+02:00,[38],[0]
2026-09-14T11:38:04+02:00,[37],[0]
2026-09-14T11:58:05+02:00,[37],[0]
2026-09-14T12:08:06+02:00,[38],[0]
2026-09-14T12:28:06+02:00,[38],[0]
2026-09-14T12:38:06+02:00,[38],[0]
2026-09-14T12:48:05+02:00,[37],[0]
2026-09-14T12:58:06+02:00,[38],[0]
2026-09-14T13:08:05+02:00,[38],[0]
2026-09-14T13:18:05+02:00,[37],[0]
2026-09-14T13:28:06+02:00,[38],[0]
2026-09-14T13:38:05+02:00,[37],[0]
2026-09-14T13:48:05+02:00,[37],[0]
2026-09-14T13:58:05+02:00,[37],[0]
2026-09-14T14:08:06+02:00,[38],[0]
2026-09-14T14:18:05+02:00,[37],[0]
2026-09-14T14:28:05+02:00,[37],[0]
2026-09-14T14:38:06+02:00,[37],[0]
2026-09-14T14:48:05+02:00,[37],[0]
2026-09-14T14:58:06+02:00,[38],[0]
2026-09-14T15:08:05+02:00,[37],[0]
2026-09-14T15:18:05+02:00,[37],[0]
2026-09-14T15:28:05+02:00,[38],[0]
2026-09-14T15:38:06+02:00,[38],[0]
2026-09-14T15:48:05+02:00,[37],[0]
2026-09-14T15:58:05+02:00,[37],[0]
2026-09-14T16:08:05+02:00,[37],[0]
2026-09-14T16:18:06+02:00,[38],[0]
2026-09-14T16:28:06+02:00,[38],[0]
2026-09-14T16:38:05+02:00,[37],[0]
2026-09-14T16:48:06+02:00,[38],[0]
2026-09-14T18:00:00+02:00,[60],[0]
2026-09-15T00:28:04+02:00,[37],[0]
2026-09-15T00:38:05+02:00,[38],[0]
2026-09-15T00:48:04+02:00,[37],[0]
2026-09-15T00:58:05+02:00,[37],[0]
2026-09-15T01:08:05+02:00,[37],[0]
2026-09-15T01:18:06+02:00,[38],[0]
2026-09-15T01:28:05+02:00,[37],[0]
2026-09-15T01:38:05+02:00,[37],[0]
2026-09-15T01:48:05+02:00,[37],[0]
2026-09-15T01:58:06+02:00,[38],[0]
2026-09-15T02:08:05+02:00,[37],[0]
2026-09-15T02:18:05+02:00,[37],[0]
2026-09-15T02:28:06+02:00,[38],[0]
2026-09-15T02:38:05+02:00,[37],[0]
2026-09-15T02:48:06+02:00,[37],[0]
2026-09-15T02:58:06+02:00,[37],[0]
2026-09-15T03:08:05+02:00,[37],[0]
2026-09-15T03:18:05+02:00,[37],[0]
2026-09-15T03:28:05+02:00,[37],[0]
2026-09-15T03:38:05+02:00,[37],[0]
2026-09-15T03:48:05+02:00,[37],[0]
2026-09-15T03:58:06+02:00,[37],[0]
2026-09-15T04:08:05+02:00,[38],[0]
2026-09-15T04:18:06+02:00,[38],[0]
2026-09-15T04:28:05+02:00,[37],[0]
2026-09-15T04:38:05+02:00,[37],[0]
2026-09-15T04:48:05+02:00,[37],[0]
2026-09-15T04:58:05+02:00,[37],[0]
2026-09-15T05:08:06+02:00,[38],[0]
2026-09-15T05:18:05+02:00,[37],[0]
2026-09-15T05:28:05+02:00,[37],[0]
2026-09-15T05:38:05+02:00,[37],[0]
2026-09-15T05:48:06+02:00,[38],[0]
2026-09-15T05:58:05+02:00,[37],[0]
2026-09-15T06:08:05+02:00,[37],[0]
2026-09-15T06:18:06+02:00,[38],[0]
2026-09-15T06:28:06+02:00,[38],[0]
2026-09-15T06:38:05+02:00,[37],[0]
2026-09-15T06:48:05+02:00,[37],[0]
2026-09-15T06:58:05+02:00,[37],[0]
2026-09-15T07:08:05+02:00,[37],[0]
2026-09-15T07:18:05+02:00,[38],[0]
2026-09-15T07:28:05+02:00,[37],[0]
2026-09-15T07:38:05+02:00,[37],[0]
2026-09-15T07:48:05+02:00,[37],[0]
2026-09-15T07:58:05+02:00,[37],[0]
2026-09-15T08:08:05+02:00,[38],[0]
2026-09-15T08:18:05+02:00,[37],[0]
2026-09-15T08:28:05+02:00,[37],[0]
2026-09-15T08:38:06+02:00,[38],[0]
2026-09-15T08:48:05+02:00,[37],[0]
2026-09-15T08:58:05+02:00,[37],[0]
2026-09-15T09:08:06+02:00,[38],[0]
2026-09-15T09:18:05+02:00,[37],[0]
2026-09-15T09:28:05+02:00,[37],[0]
2026-09-15T09:38:05+02:00,[37],[0]
2026-09-15T09:48:05+02:00,[37],[0]
2026-09-13T09:58:05+02:00,[37],[0]
2026-09-13T10:18:04+02:00,[37],[0]
2026-09-13T10:28:05+02:00,[37],[0]
2026-09-13T10:38:05+02:00,[37],[0]
2026-09-13T10:48:05+02:00,[37],[0]
2026-09-13T10:58:06+02:00,[38],[0]
2026-09-13T11:08:05+02:00,[37],[0]
2026-09-13T11:18:06+02:00,[38],[0]
2026-09-13T11:28:05+02:00,[37],[0]
2026-09-13T11:38:05+02:00,[37],[0]
2026-09-13T11:48:05+02:00,[37],[0]
2026-09-13T11:58:05+02:00,[37],[0]
2026-09-13T12:08:05+02:00,[37],[0]
2026-09-13T12:18:06+02:00,[38],[0]
2026-09-13T12:28:06+02:00,[38],[0]
2026-09-13T12:38:05+02:00,[37],[0]
2026-09-13T12:48:05+02:00,[37],[0]
2026-09-13T12:58:05+02:00,[37],[0]
2026-09-13T13:08:05+02:00,[37],[0]
2026-09-13T13:18:05+02:00,[37],[0]
2026-09-13T13:28:05+02:00,[37],[0]
2026-09-13T13:38:05+02:00,[37],[0]
2026-09-13T13:48:05+02:00,[37],[0]
2026-09-13T13:58:05+02:00,[37],[0]
2026-09-13T14:08:06+02:00,[38],[0]
2026-09-13T14:18:06+02:00,[37],[0]
2026-09-13T14:28:05+02:00,[37],[0]
2026-09-13T14:38:05+02:00,[37],[0]
2026-09-13T14:48:05+02:00,[37],[0]
2026-09-13T14:58:04+02:00,[37],[0]
2026-09-13T15:08:05+02:00,[37],[0]
2026-09-13T15:18:05+02:00,[37],[0]
2026-09-13T15:28:06+02:00,[38],[0]
2026-09-13T15:38:05+02:00,[38],[0]
2026-09-13T15:48:05+02:00,[37],[0]
2026-09-13T18:00:00+02:00,[60],[0]
2026-09-14T01:28:06+02:00,[38],[0]
2026-09-14T01:38:05+02:00,[37],[0]
2026-09-14T01:48:05+02:00,[37],[0]
2026-09-14T01:58:05+02:00,[37],[0]
2026-09-14T02:08:06+02:00,[38],[0]
2026-09-14T02:18:05+02:00,[37],[0]
2026-09-14T02:28:06+02:00,[38],[0]
2026-09-14T02:38:06+02:00,[38],[0]
2026-09-14T02:48:06+02:00,[38],[0]
2026-09-14T02:58:06+02:00,[38],[0]
2026-09-14T03:08:06+02:00,[37],[0]
2026-09-14T03:18:05+02:00,[37],[0]
2026-09-14T03:28:05+02:00,[37],[0]
2026-09-14T03:38:05+02:00,[37],[0]
2026-09-14T03:48:05+02:00,[38],[0]
2026-09-14T03:58:05+02:00,[37],[0]
2026-09-14T04:08:05+02:00,[37],[0]
2026-09-14T04:18:05+02:00,[37],[0]
2026-09-14T04:28:05+02:00,[37],[0]
2026-09-14T04:38:05+02:00,[37],[0]
2026-09-14T04:48:06+02:00,[38],[0]
2026-09-14T04:58:05+02:00,[37],[0]
2026-09-14T05:08:05+02:00,[37],[0]
2026-09-14T05:18:06+02:00,[38],[0]
2026-09-14T05:28:06+02:00,[38],[0]
2026-09-14T05:38:05+02:00,[37],[0]
2026-09-14T05:48:05+02:00,[37],[0]
2026-09-14T05:58:06+02:00,[38],[0]
2026-09-14T06:08:05+02:00,[37],[0]
2026-09-14T06:18:05+02:00,[37],[0]
2026-09-14T06:28:05+02:00,[37],[0]
2026-09-14T06:38:04+02:00,[37],[0]
2026-09-14T06:48:05+02:00,[37],[0]
2026-09-14T06:58:05+02:00,[37],[0]
2026-09-14T07:08:05+02:00,[38],[0]
2026-09-14T07:18:05+02:00,[37],[0]
2026-09-14T07:28:05+02:00,[37],[0]
2026-09-14T07:38:06+02:00,[38],[0]
2026-09-14T07:48:06+02:00,[38],[0]
2026-09-14T07:58:05+02:00,[37],[0]
2026-09-14T08:08:05+02:00,[38],[0]
2026-09-14T08:18:05+02:00,[37],[0]
2026-09-14T08:28:06+02:00,[37],[0]
2026-09-14T08:38:05+02:00,[37],[0]
2026-09-14T08:48:05+02:00,[37],[0]
2026-09-14T08:58:05+02:00,[37],[0]
2026-09-14T09:08:05+02:00,[37],[0]
2026-09-14T09:18:06+02:00,[38],[0]
2026-09-14T09:28:05+02:00,[37],[0]
2026-09-14T09:38:05+02:00,[37],[0]
2026-09-14T09:48:05+02:00,[37],[0]
2026-09-12T07:58:08+02:00,[37],[0]
2026-09-12T08:08:08+02:00,[37],[0]
2026-09-12T08:18:07+02:00,[37],[0]
2026-09-12T08:38:07+02:00,[37],[0]
2026-09-12T08:49:23+02:00,[37],[0]
2026-09-12T08:58:09+02:00,[38],[0]
2026-09-12T09:08:09+02:00,[38],[0]
2026-09-12T09:18:08+02:00,[37],[0]
2026-09-12T09:28:08+02:00,[38],[0]
2026-09-12T09:38:08+02:00,[37],[0]
2026-09-12T09:48:09+02:00,[38],[0]
2026-09-12T09:58:08+02:00,[37],[0]
2026-09-12T10:08:08+02:00,[37],[0]
2026-09-12T10:18:08+02:00,[37],[0]
2026-09-12T10:28:08+02:00,[37],[0]
2026-09-12T10:38:09+02:00,[38],[0]
2026-09-12T10:48:08+02:00,[37],[0]
2026-09-12T11:08:07+02:00,[37],[0]
2026-09-12T11:18:08+02:00,[37],[0]
2026-09-12T11:38:09+02:00,[37],[0]
2026-09-12T11:48:07+02:00,[37],[0]
2026-09-12T11:58:08+02:00,[38],[0]
2026-09-12T18:00:00+02:00,[60],[0]
2026-09-13T01:28:04+02:00,[37],[0]
2026-09-13T01:48:06+02:00,[37],[0]
2026-09-13T01:58:06+02:00,[38],[0]
2026-09-13T02:08:05+02:00,[37],[0]
2026-09-13T02:28:06+02:00,[38],[0]
2026-09-13T02:38:05+02:00,[37],[0]
2026-09-13T02:48:06+02:00,[38],[0]
2026-09-13T02:58:05+02:00,[37],[0]
2026-09-13T03:08:06+02:00,[38],[0]
2026-09-13T03:18:05+02:00,[37],[0]
2026-09-13T03:48:05+02:00,[37],[0]
2026-09-13T03:58:06+02:00,[38],[0]
2026-09-13T04:08:05+02:00,[37],[0]
2026-09-13T04:18:04+02:00,[37],[0]
2026-09-13T04:38:04+02:00,[37],[0]
2026-09-13T04:48:04+02:00,[37],[0]
2026-09-13T04:58:04+02:00,[37],[0]
2026-09-13T05:08:05+02:00,[38],[0]
2026-09-13T05:18:04+02:00,[37],[0]
2026-09-13T05:28:05+02:00,[37],[0]
2026-09-13T05:38:05+02:00,[37],[0]
2026-09-13T05:48:04+02:00,[37],[0]
2026-09-13T05:58:04+02:00,[37],[0]
2026-09-13T06:08:05+02:00,[38],[0]
2026-09-13T06:18:04+02:00,[37],[0]
2026-09-13T06:28:05+02:00,[37],[0]
2026-09-13T06:38:17+02:00,[37],[0]
2026-09-13T06:48:05+02:00,[37],[0]
2026-09-13T06:58:06+02:00,[38],[0]
2026-09-13T07:08:05+02:00,[37],[0]
2026-09-13T07:18:05+02:00,[37],[0]
2026-09-13T07:28:06+02:00,[37],[0]
2026-09-13T07:38:05+02:00,[37],[0]
2026-09-13T07:48:05+02:00,[37],[0]
2026-09-13T07:58:05+02:00,[37],[0]
2026-09-13T08:08:05+02:00,[37],[0]
2026-09-13T08:18:05+02:00,[37],[0]
2026-09-13T08:28:04+02:00,[37],[0]
2026-09-13T08:38:05+02:00,[37],[0]
2026-09-13T08:48:06+02:00,[38],[0]
2026-09-13T08:58:06+02:00,[38],[0]
2026-09-13T09:08:05+02:00,[37],[0]
2026-09-13T09:18:05+02:00,[37],[0]
2026-09-13T09:28:05+02:00,[37],[0]
2026-09-13T09:38:05+02:00,[37],[0]
2026-09-13T09:48:05+02:00,[37],[0]
2026-09-11T09:58:08+02:00,[37],[0]
2026-09-11T10:08:08+02:00,[37],[0]
2026-09-11T10:18:08+02:00,[37],[0]
2026-09-11T10:28:09+02:00,[38],[0]
2026-09-11T10:38:08+02:00,[37],[0]
2026-09-11T10:48:09+02:00,[38],[0]
2026-09-11T10:58:08+02:00,[37],[0]
2026-09-11T11:08:09+02:00,[38],[0]
2026-09-11T11:18:08+02:00,[37],[0]
2026-09-11T11:28:08+02:00,[37],[0]
2026-09-11T11:38:07+02:00,[37],[0]
2026-09-11T11:48:08+02:00,[37],[0]
2026-09-11T11:58:08+02:00,[37],[0]
2026-09-11T12:08:08+02:00,[37],[0]
2026-09-11T12:18:09+02:00,[38],[0]
2026-09-11T12:38:08+02:00,[37],[0]
2026-09-11T12:48:08+02:00,[37],[0]
2026-09-11T12:58:07+02:00,[37],[0]
2026-09-11T13:08:09+02:00,[38],[0]
2026-09-11T13:18:08+02:00,[37],[0]
2026-09-11T13:28:08+02:00,[37],[0]
2026-09-11T13:38:08+02:00,[37],[0]
2026-09-11T13:48:08+02:00,[37],[0]
2026-09-11T13:58:08+02:00,[37],[0]
2026-09-11T14:08:09+02:00,[38],[0]
2026-09-11T14:18:08+02:00,[37],[0]
2026-09-11T14:28:08+02:00,[37],[0]
2026-09-11T14:38:08+02:00,[37],[0]
2026-09-11T14:48:09+02:00,[38],[0]
2026-09-11T14:58:08+02:00,[37],[0]
2026-09-11T18:00:00+02:00,[60],[0]
2026-09-12T02:08:09+02:00,[38],[0]
2026-09-12T02:18:09+02:00,[37],[0]
2026-09-12T02:28:07+02:00,[37],[0]
2026-09-12T02:38:08+02:00,[37],[0]
2026-09-12T02:48:08+02:00,[37],[0]
2026-09-12T02:58:08+02:00,[37],[0]
2026-09-12T03:08:08+02:00,[37],[0]
2026-09-12T03:18:08+02:00,[37],[0]
2026-09-12T03:28:08+02:00,[37],[0]
2026-09-12T03:38:09+02:00,[37],[0]
2026-09-12T03:48:09+02:00,[38],[0]
2026-09-12T03:58:08+02:00,[37],[0]
2026-09-12T04:08:09+02:00,[38],[0]
2026-09-12T04:18:08+02:00,[37],[0]
2026-09-12T04:28:08+02:00,[37],[0]
2026-09-12T04:38:08+02:00,[37],[0]
2026-09-12T04:48:08+02:00,[37],[0]
2026-09-12T04:58:08+02:00,[37],[0]
2026-09-12T05:08:08+02:00,[37],[0]
2026-09-12T05:18:08+02:00,[37],[0]
2026-09-12T05:28:09+02:00,[38],[0]
2026-09-12T05:38:09+02:00,[38],[0]
2026-09-12T05:48:08+02:00,[37],[0]
2026-09-12T05:58:08+02:00,[37],[0]
2026-09-12T06:08:09+02:00,[38],[0]
2026-09-12T06:18:08+02:00,[37],[0]
2026-09-12T06:28:08+02:00,[38],[0]
2026-09-12T06:38:08+02:00,[37],[0]
2026-09-12T06:48:08+02:00,[37],[0]
2026-09-12T06:58:08+02:00,[37],[0]
2026-09-12T07:08:08+02:00,[37],[0]
2026-09-12T07:18:09+02:00,[38],[0]
2026-09-12T07:28:08+02:00,[37],[0]
2026-09-12T07:38:08+02:00,[37],[0]
2026-09-10T07:58:08+02:00,[37],[0]
2026-09-10T08:08:08+02:00,[37],[0]
2026-09-10T08:18:08+02:00,[37],[0]
2026-09-10T08:28:08+02:00,[37],[0]
2026-09-10T08:38:09+02:00,[38],[0]
2026-09-10T08:48:08+02:00,[37],[0]
2026-09-10T08:58:09+02:00,[38],[0]
2026-09-10T09:08:08+02:00,[37],[0]
2026-09-10T09:18:09+02:00,[38],[0]
2026-09-10T09:28:08+02:00,[38],[0]
2026-09-10T09:38:08+02:00,[37],[0]
2026-09-10T09:48:08+02:00,[37],[0]
2026-09-10T09:58:08+02:00,[37],[0]
2026-09-10T10:08:08+02:00,[37],[0]
2026-09-10T10:18:08+02:00,[37],[0]
2026-09-10T10:28:08+02:00,[38],[0]
2026-09-10T10:38:08+02:00,[37],[0]
2026-09-10T10:48:08+02:00,[37],[0]
2026-09-10T10:58:09+02:00,[38],[0]
2026-09-10T11:08:09+02:00,[37],[0]
2026-09-10T11:18:09+02:00,[37],[0]
2026-09-10T11:28:08+02:00,[37],[0]
2026-09-10T11:38:08+02:00,[37],[0]
2026-09-10T11:48:08+02:00,[38],[0]
2026-09-10T11:58:08+02:00,[37],[0]
2026-09-10T12:08:08+02:00,[37],[0]
2026-09-10T12:18:09+02:00,[38],[0]
2026-09-10T12:38:09+02:00,[38],[0]
2026-09-10T12:48:08+02:00,[37],[0]
2026-09-10T12:58:09+02:00,[38],[0]
2026-09-10T13:08:08+02:00,[37],[0]
2026-09-10T13:18:08+02:00,[37],[0]
2026-09-10T13:28:09+02:00,[38],[0]
2026-09-10T13:38:08+02:00,[37],[0]
2026-09-10T13:48:07+02:00,[37],[0]
2026-09-10T13:58:09+02:00,[38],[0]
2026-09-10T14:18:09+02:00,[37],[0]
2026-09-10T14:28:08+02:00,[37],[0]
2026-09-10T14:38:08+02:00,[37],[0]
2026-09-10T14:48:08+02:00,[37],[0]
2026-09-10T14:58:09+02:00,[38],[0]
2026-09-10T15:08:09+02:00,[38],[0]
2026-09-10T15:18:08+02:00,[37],[0]
2026-09-10T15:28:07+02:00,[37],[0]
2026-09-10T15:38:08+02:00,[37],[0]
2026-09-10T15:48:08+02:00,[37],[0]
2026-09-10T15:58:09+02:00,[37],[0]
2026-09-10T16:08:08+02:00,[38],[0]
2026-09-10T16:17:11+02:00,[1],[0]
2026-09-10T16:17:41+02:00,"[30,30,30,30,30,22,30,30,30,30,23,30,30,30,30,22,30,30,30,30,22,30,30,30,30,22,30,30,30,30,25,30]","[0,0,0,0,0,0,0,0,0,0,0,0,0,0,0,0,0,0,0,0,0,0,0,0,0,0,0,0,0,0,0,0]"
2026-09-10T16:32:27+02:00,[30],[0]
2026-09-10T16:33:46+02:00,[37],[0]
2026-09-10T18:00:00+02:00,[60],[0]
2026-09-11T01:08:08+02:00,[37],[0]
2026-09-11T01:18:08+02:00,[37],[0]
2026-09-11T01:28:08+02:00,[37],[0]
2026-09-11T01:38:09+02:00,[38],[0]
2026-09-11T01:48:07+02:00,[37],[0]
2026-09-11T01:58:09+02:00,[38],[0]
2026-09-11T02:08:09+02:00,[37],[0]
2026-09-11T02:18:08+02:00,[37],[0]
2026-09-11T02:28:08+02:00,[37],[0]
2026-09-11T02:38:08+02:00,[37],[0]
2026-09-11T02:48:09+02:00,[38],[0]
2026-09-11T02:58:08+02:00,[37],[0]
2026-09-11T03:08:08+02:00,[37],[0]
2026-09-11T03:18:09+02:00,[38],[0]
2026-09-11T03:28:08+02:00,[37],[0]
2026-09-11T03:38:08+02:00,[37],[0]
2026-09-11T03:48:09+02:00,[37],[0]
2026-09-11T03:58:08+02:00,[37],[0]
2026-09-11T04:08:08+02:00,[37],[0]
2026-09-11T04:18:08+02:00,[37],[0]
2026-09-11T04:28:08+02:00,[37],[0]
2026-09-11T04:38:08+02:00,[37],[0]
2026-09-11T04:48:08+02:00,[37],[0]
2026-09-11T04:58:08+02:00,[38],[0]
2026-09-11T05:08:08+02:00,[38],[0]
2026-09-11T05:18:09+02:00,[37],[0]
2026-09-11T05:28:08+02:00,[38],[0]
2026-09-11T05:38:08+02:00,[37],[0]
2026-09-11T05:48:08+02:00,[37],[0]
2026-09-11T05:58:08+02:00,[37],[0]
2026-09-11T06:08:07+02:00,[37],[0]
2026-09-11T06:18:49+02:00,[37],[0]
2026-09-11T06:28:08+02:00,[37],[0]
2026-09-11T06:38:08+02:00,[38],[0]
2026-09-11T06:58:07+02:00,[37],[0]
2026-09-11T07:08:08+02:00,[37],[0]
2026-09-11T07:18:08+02:00,[37],[0]
2026-09-11T07:28:09+02:00,[37],[0]
2026-09-11T07:38:09+02:00,[37],[0]
2026-09-11T07:48:08+02:00,[37],[0]
2026-09-11T07:58:09+02:00,[38],[0]
2026-09-11T08:08:08+02:00,[37],[0]
2026-09-11T08:18:08+02:00,[37],[0]
2026-09-11T08:28:08+02:00,[37],[0]
2026-09-11T08:38:08+02:00,[37],[0]
2026-09-11T08:48:08+02:00,[37],[0]
2026-09-11T08:58:09+02:00,[37],[0]
2026-09-11T09:08:07+02:00,[36],[0]
2026-09-11T09:18:08+02:00,[38],[0]
2026-09-11T09:28:08+02:00,[37],[0]
2026-09-11T09:38:08+02:00,[37],[0]
2026-09-11T09:48:09+02:00,[37],[0]
2026-09-09T08:08:11+02:00,[37],[0]
2026-09-09T08:18:11+02:00,[37],[0]
2026-09-09T08:28:12+02:00,[38],[0]
2026-09-09T08:38:11+02:00,[37],[0]
2026-09-09T08:48:11+02:00,[37],[0]
2026-09-09T08:58:12+02:00,[37],[0]
2026-09-09T09:18:11+02:00,[38],[0]
2026-09-09T09:28:12+02:00,[37],[0]
2026-09-09T09:38:11+02:00,[37],[0]
2026-09-09T09:48:11+02:00,[37],[0]
2026-09-09T09:58:11+02:00,[37],[0]
2026-09-09T10:08:11+02:00,[38],[0]
2026-09-09T10:18:11+02:00,[37],[0]
2026-09-09T10:28:12+02:00,[38],[0]
2026-09-09T10:38:11+02:00,[37],[0]
2026-09-09T10:48:11+02:00,[37],[0]
2026-09-09T10:58:11+02:00,[37],[0]
2026-09-09T11:08:11+02:00,[37],[0]
2026-09-09T11:18:11+02:00,[37],[0]
2026-09-09T11:28:10+02:00,[37],[0]
2026-09-09T11:38:11+02:00,[37],[0]
2026-09-09T11:48:11+02:00,[37],[0]
2026-09-09T11:58:11+02:00,[37],[0]
2026-09-09T12:08:11+02:00,[37],[0]
2026-09-09T12:18:11+02:00,[37],[0]
2026-09-09T12:28:11+02:00,[38],[0]
2026-09-09T12:38:12+02:00,[37],[0]
2026-09-09T12:48:11+02:00,[37],[0]
2026-09-09T12:58:12+02:00,[37],[0]
2026-09-09T13:08:12+02:00,[38],[0]
2026-09-09T13:18:11+02:00,[37],[0]
2026-09-09T13:28:11+02:00,[37],[0]
2026-09-09T13:48:10+02:00,[37],[0]
2026-09-09T14:18:10+02:00,[37],[0]
2026-09-09T14:28:11+02:00,[37],[0]
2026-09-09T14:38:11+02:00,[37],[0]
2026-09-09T14:48:11+02:00,[37],[0]
2026-09-09T14:58:11+02:00,[37],[0]
2026-09-09T15:08:11+02:00,[37],[0]
2026-09-09T15:18:11+02:00,[37],[0]
2026-09-09T15:28:12+02:00,[38],[0]
2026-09-09T15:38:12+02:00,[37],[0]
2026-09-09T15:48:11+02:00,[38],[0]
2026-09-09T15:58:08+02:00,[37],[0]
2026-09-09T16:08:08+02:00,[37],[0]
2026-09-09T16:28:08+02:00,[38],[0]
2026-09-09T16:38:08+02:00,[37],[0]
2026-09-09T16:48:08+02:00,[38],[0]
2026-09-09T16:58:08+02:00,[37],[0]
2026-09-09T17:08:08+02:00,[38],[0]
2026-09-09T17:18:53+02:00,[37],[0]
2026-09-09T17:28:08+02:00,[37],[0]
2026-09-09T17:38:08+02:00,[37],[0]
2026-09-09T18:00:00+02:00,[60],[0]
2026-09-10T02:18:08+02:00,[37],[0]
2026-09-10T02:28:08+02:00,[37],[0]
2026-09-10T02:38:08+02:00,[37],[0]
2026-09-10T02:48:08+02:00,[38],[0]
2026-09-10T02:58:09+02:00,[38],[0]
2026-09-10T03:08:08+02:00,[37],[0]
2026-09-10T03:18:08+02:00,[38],[0]
2026-09-10T03:28:08+02:00,[37],[0]
2026-09-10T03:38:08+02:00,[37],[0]
2026-09-10T03:48:08+02:00,[37],[0]
2026-09-10T03:58:08+02:00,[37],[0]
2026-09-10T04:08:08+02:00,[37],[0]
2026-09-10T04:18:09+02:00,[38],[0]
2026-09-10T04:28:09+02:00,[38],[0]
2026-09-10T04:38:08+02:00,[38],[0]
2026-09-10T04:48:09+02:00,[38],[0]
2026-09-10T04:58:08+02:00,[37],[0]
2026-09-10T05:08:08+02:00,[38],[0]
2026-09-10T05:18:08+02:00,[37],[0]
2026-09-10T05:28:09+02:00,[38],[0]
2026-09-10T05:38:08+02:00,[37],[0]
2026-09-10T05:48:09+02:00,[37],[0]
2026-09-10T05:58:08+02:00,[37],[0]
2026-09-10T06:08:08+02:00,[37],[0]
2026-09-10T06:18:08+02:00,[37],[0]
2026-09-10T06:28:08+02:00,[37],[0]
2026-09-10T06:38:08+02:00,[37],[0]
2026-09-10T06:48:08+02:00,[37],[0]
2026-09-10T07:18:07+02:00,[37],[0]
2026-09-10T07:38:08+02:00,[37],[0]
2026-09-10T07:48:08+02:00,[37],[0]
2026-09-08T09:31:02+02:00,[37],[0]
2026-09-08T09:41:02+02:00,[37],[0]
2026-09-08T09:51:02+02:00,[37],[0]
2026-09-08T10:01:03+02:00,[37],[0]
2026-09-08T10:11:02+02:00,[37],[0]
2026-09-08T10:21:02+02:00,[37],[0]
2026-09-08T10:31:01+02:00,[37],[0]
2026-09-08T10:41:02+02:00,[37],[0]
2026-09-08T11:47:54+02:00,[37],[0]
2026-09-08T11:57:53+02:00,[37],[0]
2026-09-08T12:07:53+02:00,[38],[0]
2026-09-08T12:17:53+02:00,[37],[0]
2026-09-08T12:27:53+02:00,[37],[0]
2026-09-08T12:37:52+02:00,[37],[0]
2026-09-08T12:47:52+02:00,[37],[0]
2026-09-08T12:57:53+02:00,[37],[0]
2026-09-08T13:07:53+02:00,[37],[0]
2026-09-08T13:17:54+02:00,[38],[0]
2026-09-08T13:27:54+02:00,[37],[0]
2026-09-08T13:47:53+02:00,[37],[0]
2026-09-08T13:57:53+02:00,[37],[0]
2026-09-08T14:17:53+02:00,[37],[0]
2026-09-08T14:27:54+02:00,[37],[0]
2026-09-08T14:37:52+02:00,[37],[0]
2026-09-08T14:47:53+02:00,[37],[0]
2026-09-08T14:57:53+02:00,[37],[0]
2026-09-08T15:07:54+02:00,[38],[0]
2026-09-08T15:17:53+02:00,[37],[0]
2026-09-08T15:28:11+02:00,[37],[0]
2026-09-08T15:38:11+02:00,[38],[0]
2026-09-08T15:48:10+02:00,[37],[0]
2026-09-08T15:58:11+02:00,[37],[0]
2026-09-08T16:18:11+02:00,[37],[0]
2026-09-08T16:28:11+02:00,[37],[0]
2026-09-08T16:38:11+02:00,[37],[0]
2026-09-08T16:48:11+02:00,[37],[0]
2026-09-08T16:58:11+02:00,[37],[0]
2026-09-08T17:08:12+02:00,[38],[0]
2026-09-08T18:00:00+02:00,[60],[0]
2026-09-09T01:18:11+02:00,[37],[0]
2026-09-09T01:28:10+02:00,[37],[0]
2026-09-09T01:38:12+02:00,[38],[0]
2026-09-09T01:48:12+02:00,[37],[0]
2026-09-09T01:58:12+02:00,[38],[0]
2026-09-09T02:08:11+02:00,[37],[0]
2026-09-09T02:18:11+02:00,[37],[0]
2026-09-09T02:48:12+02:00,[37],[0]
2026-09-09T02:58:11+02:00,[38],[0]
2026-09-09T03:08:11+02:00,[38],[0]
2026-09-09T03:18:11+02:00,[37],[0]
2026-09-09T03:28:11+02:00,[37],[0]
2026-09-09T03:38:11+02:00,[37],[0]
2026-09-09T03:48:11+02:00,[6],[0]
2026-09-09T03:58:11+02:00,[37],[0]
2026-09-09T04:08:11+02:00,[37],[0]
2026-09-09T04:18:11+02:00,[37],[0]
2026-09-09T04:28:11+02:00,[37],[0]
2026-09-09T04:38:12+02:00,[38],[0]
2026-09-09T04:48:12+02:00,[38],[0]
2026-09-09T04:58:11+02:00,[37],[0]
2026-09-09T05:08:11+02:00,[37],[0]
2026-09-09T05:18:11+02:00,[37],[0]
2026-09-09T05:28:11+02:00,[38],[0]
2026-09-09T05:38:11+02:00,[37],[0]
2026-09-09T05:48:11+02:00,[37],[0]
2026-09-09T05:58:11+02:00,[38],[0]
2026-09-09T06:08:11+02:00,[37],[0]
2026-09-09T06:18:11+02:00,[37],[0]
2026-09-09T06:28:12+02:00,[38],[0]
2026-09-09T06:38:12+02:00,[38],[0]
2026-09-09T06:48:11+02:00,[37],[0]
2026-09-09T06:58:12+02:00,[38],[0]
2026-09-09T07:18:11+02:00,[37],[0]
2026-09-09T07:28:12+02:00,[38],[0]
2026-09-09T07:38:11+02:00,[37],[0]
2026-09-09T07:48:11+02:00,[37],[0]
2026-09-07T09:51:05+02:00,[37],[0]
2026-09-07T10:01:05+02:00,[37],[0]
2026-09-07T10:11:05+02:00,[37],[0]
2026-09-07T10:21:05+02:00,[37],[0]
2026-09-07T10:31:04+02:00,[37],[0]
2026-09-07T10:41:05+02:00,[37],[0]
2026-09-07T11:01:00+02:00,[1],[0]
2026-09-07T11:01:03+02:00,[60],[0]
2026-09-07T11:01:05+02:00,[60],[0]
2026-09-07T11:01:07+02:00,[60],[0]
2026-09-07T11:01:12+02:00,"[30,30,30,30,11,60]","[0,0,0,0,0,0]"
2026-09-07T11:03:25+02:00,[60],[0]
2026-09-07T11:03:27+02:00,[60],[0]
2026-09-07T11:03:29+02:00,[60],[0]
2026-09-07T11:03:31+02:00,[60],[0]
2026-09-07T11:03:33+02:00,[60],[0]
2026-09-07T11:03:35+02:00,[60],[0]
2026-09-07T11:03:37+02:00,[60],[0]
2026-09-07T11:03:39+02:00,"[30,30,30,25,60]","[0,0,0,0,0]"
2026-09-07T11:05:39+02:00,[60],[0]
2026-09-07T11:05:41+02:00,[60],[0]
2026-09-07T11:05:44+02:00,[60],[0]
2026-09-07T11:05:46+02:00,[60],[0]
2026-09-07T11:05:51+02:00,[60],[0]
2026-09-07T11:05:54+02:00,[60],[0]
2026-09-07T11:05:56+02:00,[60],[0]
2026-09-07T11:05:58+02:00,"[1,2,30,30,30,30,4,60]","[0,0,0,0,0,0,0,0]"
2026-09-07T11:08:12+02:00,[60],[0]
2026-09-07T11:08:14+02:00,[60],[0]
2026-09-07T11:08:16+02:00,[60],[0]
2026-09-07T11:08:18+02:00,[60],[0]
2026-09-07T11:08:21+02:00,[60],[0]
2026-09-07T11:08:23+02:00,"[30,30,30,30]","[0,0,0,0]"
2026-09-07T11:10:24+02:00,[60],[0]
2026-09-07T11:10:26+02:00,[60],[0]
2026-09-07T11:10:28+02:00,[60],[0]
2026-09-07T11:10:33+02:00,[60],[0]
2026-09-07T11:10:35+02:00,[60],[0]
2026-09-07T11:10:37+02:00,[60],[0]
2026-09-07T11:10:39+02:00,[60],[0]
2026-09-07T11:10:41+02:00,[60],[0]
2026-09-07T11:10:43+02:00,[60],[0]
2026-09-07T11:10:45+02:00,[60],[0]
2026-09-07T11:10:47+02:00,"[30,30,30,30,2,60]","[0,0,0,0,0,0]"
2026-09-07T11:12:54+02:00,[60],[0]
2026-09-07T11:12:56+02:00,[60],[0]
2026-09-07T11:12:59+02:00,[60],[0]
2026-09-07T11:13:01+02:00,[60],[0]
2026-09-07T11:13:04+02:00,[60],[0]
2026-09-07T11:13:06+02:00,[60],[0]
2026-09-07T11:13:08+02:00,"[30,30,30,26,60]","[0,0,0,0,0]"
2026-09-07T11:15:09+02:00,[60],[0]
2026-09-07T11:15:14+02:00,[60],[0]
2026-09-07T11:15:16+02:00,[60],[0]
2026-09-07T11:15:19+02:00,[60],[0]
2026-09-07T11:15:21+02:00,[60],[0]
2026-09-07T11:15:24+02:00,[60],[0]
2026-09-07T11:15:27+02:00,[60],[0]
2026-09-07T11:15:30+02:00,"[30,30,30,30]","[0,0,0,0]"
2026-09-07T11:17:31+02:00,[60],[0]
2026-09-07T11:17:36+02:00,[60],[0]
2026-09-07T11:17:42+02:00,[60],[0]
2026-09-07T11:17:44+02:00,"[1,2,60]","[0,0,0]"
2026-09-07T11:17:50+02:00,"[60,2]","[0,0]"
2026-09-07T11:18:46+02:00,[37],[0]
2026-09-07T11:21:05+02:00,[37],[0]
2026-09-07T11:31:06+02:00,[38],[0]
2026-09-07T12:11:05+02:00,[37],[0]
2026-09-07T12:21:05+02:00,[37],[0]
2026-09-07T12:31:05+02:00,[37],[0]
2026-09-07T12:41:05+02:00,[37],[0]
2026-09-07T12:51:05+02:00,[38],[0]
2026-09-07T13:01:05+02:00,[37],[0]
2026-09-07T13:11:05+02:00,[38],[0]
2026-09-07T13:21:05+02:00,[37],[0]
2026-09-07T13:31:05+02:00,[37],[0]
2026-09-07T13:41:04+02:00,[37],[0]
2026-09-07T13:51:05+02:00,[37],[0]
2026-09-07T14:11:05+02:00,[37],[0]
2026-09-07T14:21:05+02:00,[37],[0]
2026-09-07T14:31:06+02:00,[37],[0]
2026-09-07T14:41:06+02:00,[38],[0]
2026-09-07T14:51:04+02:00,[37],[0]
2026-09-07T15:01:04+02:00,[37],[0]
2026-09-07T15:11:06+02:00,[38],[0]
2026-09-07T15:21:05+02:00,[37],[0]
2026-09-07T15:31:06+02:00,[37],[0]
2026-09-07T15:41:05+02:00,[37],[0]
2026-09-07T16:01:20+02:00,[37],[0]
2026-09-07T16:11:05+02:00,[37],[0]
2026-09-07T16:21:05+02:00,[38],[0]
2026-09-07T16:31:05+02:00,[37],[0]
2026-09-07T16:41:06+02:00,[38],[0]
2026-09-07T18:00:00+02:00,[60],[0]
2026-09-08T01:31:04+02:00,[37],[0]
2026-09-08T01:41:06+02:00,[37],[0]
2026-09-08T02:01:05+02:00,[37],[0]
2026-09-08T02:11:05+02:00,[37],[0]
2026-09-08T02:21:05+02:00,[37],[0]
2026-09-08T02:31:05+02:00,[37],[0]
2026-09-08T02:41:05+02:00,[37],[0]
2026-09-08T02:51:05+02:00,[37],[0]
2026-09-08T03:01:06+02:00,[38],[0]
2026-09-08T03:11:06+02:00,[37],[0]
2026-09-08T03:21:06+02:00,[38],[0]
2026-09-08T03:31:04+02:00,[37],[0]
2026-09-08T03:41:05+02:00,[37],[0]
2026-09-08T03:51:02+02:00,[37],[0]
2026-09-08T04:01:03+02:00,[38],[0]
2026-09-08T04:11:02+02:00,[37],[0]
2026-09-08T04:21:02+02:00,[37],[0]
2026-09-08T04:31:02+02:00,[37],[0]
2026-09-08T04:41:03+02:00,[38],[0]
2026-09-08T04:51:02+02:00,[37],[0]
2026-09-08T05:11:02+02:00,[37],[0]
2026-09-08T05:21:03+02:00,[38],[0]
2026-09-08T05:31:03+02:00,[38],[0]
2026-09-08T05:41:02+02:00,[37],[0]
2026-09-08T05:51:03+02:00,[37],[0]
2026-09-08T06:01:02+02:00,[37],[0]
2026-09-08T06:11:02+02:00,[37],[0]
2026-09-08T06:21:02+02:00,[37],[0]
2026-09-08T06:31:02+02:00,[37],[0]
2026-09-08T06:41:02+02:00,[37],[0]
2026-09-08T06:51:02+02:00,[37],[0]
2026-09-08T07:01:01+02:00,[37],[0]
2026-09-08T07:11:02+02:00,[37],[0]
2026-09-08T07:21:02+02:00,[37],[0]
2026-09-08T07:31:03+02:00,[38],[0]
2026-09-08T07:41:02+02:00,[38],[0]
2026-09-08T07:51:02+02:00,[37],[0]
2026-09-08T08:01:03+02:00,[38],[0]
2026-09-08T08:11:02+02:00,[37],[0]
2026-09-08T08:21:02+02:00,[37],[0]
2026-09-08T08:31:02+02:00,[37],[0]
2026-09-08T08:41:02+02:00,[37],[0]
2026-09-08T08:51:03+02:00,[38],[0]
2026-09-08T09:01:03+02:00,[37],[0]
2026-09-08T09:11:02+02:00,[38],[0]
2026-09-06T08:01:05+02:00,[37],[0]
2026-09-06T08:11:05+02:00,[38],[0]
2026-09-06T08:21:05+02:00,[38],[0]
2026-09-06T08:31:06+02:00,[38],[0]
2026-09-06T08:41:05+02:00,[37],[0]
2026-09-06T08:51:05+02:00,[37],[0]
2026-09-06T09:01:05+02:00,[37],[0]
2026-09-06T09:11:05+02:00,[37],[0]
2026-09-06T09:21:05+02:00,[37],[0]
2026-09-06T09:31:06+02:00,[37],[0]
2026-09-06T09:41:05+02:00,[37],[0]
2026-09-06T10:01:06+02:00,[38],[0]
2026-09-06T10:11:06+02:00,[37],[0]
2026-09-06T10:21:05+02:00,[37],[0]
2026-09-06T10:31:05+02:00,[37],[0]
2026-09-06T10:41:05+02:00,[37],[0]
2026-09-06T10:51:05+02:00,[37],[0]
2026-09-06T11:01:05+02:00,[37],[0]
2026-09-06T11:21:05+02:00,[37],[0]
2026-09-06T11:31:05+02:00,[38],[0]
2026-09-06T11:41:06+02:00,[38],[0]
2026-09-06T11:51:06+02:00,[38],[0]
2026-09-06T12:01:06+02:00,[38],[0]
2026-09-06T12:11:05+02:00,[37],[0]
2026-09-06T12:21:05+02:00,[37],[0]
2026-09-06T12:31:05+02:00,[38],[0]
2026-09-06T12:41:06+02:00,[38],[0]
2026-09-06T12:51:06+02:00,[37],[0]
2026-09-06T13:01:05+02:00,[37],[0]
2026-09-06T13:11:05+02:00,[37],[0]
2026-09-06T13:21:06+02:00,[37],[0]
2026-09-06T13:31:05+02:00,[37],[0]
2026-09-06T13:41:05+02:00,[37],[0]
2026-09-06T13:51:05+02:00,[37],[0]
2026-09-06T14:01:05+02:00,[37],[0]
2026-09-06T14:11:05+02:00,[37],[0]
2026-09-06T14:21:05+02:00,[37],[0]
2026-09-06T14:31:05+02:00,[37],[0]
2026-09-06T14:41:05+02:00,[37],[0]
2026-09-06T14:51:06+02:00,[38],[0]
2026-09-06T15:01:05+02:00,[37],[0]
2026-09-06T15:11:06+02:00,[38],[0]
2026-09-06T15:21:05+02:00,[37],[0]
2026-09-06T15:31:05+02:00,[37],[0]
2026-09-06T15:41:05+02:00,[37],[0]
2026-09-06T15:51:05+02:00,[37],[0]
2026-09-06T16:01:05+02:00,[37],[0]
2026-09-06T18:00:00+02:00,[60],[0]
2026-09-07T01:11:04+02:00,[37],[0]
2026-09-07T01:21:06+02:00,[38],[0]
2026-09-07T01:41:05+02:00,[37],[0]
2026-09-07T01:51:05+02:00,[37],[0]
2026-09-07T02:01:05+02:00,[37],[0]
2026-09-07T02:11:05+02:00,[37],[0]
2026-09-07T02:21:05+02:00,[37],[0]
2026-09-07T02:31:05+02:00,[37],[0]
2026-09-07T02:41:06+02:00,[38],[0]
2026-09-07T02:51:06+02:00,[37],[0]
2026-09-07T03:01:05+02:00,[37],[0]
2026-09-07T03:11:05+02:00,[37],[0]
2026-09-07T03:21:06+02:00,[38],[0]
2026-09-07T03:31:06+02:00,[37],[0]
2026-09-07T03:41:05+02:00,[38],[0]
2026-09-07T03:51:05+02:00,[37],[0]
2026-09-07T04:01:06+02:00,[38],[0]
2026-09-07T04:11:06+02:00,[38],[0]
2026-09-07T04:21:05+02:00,[37],[0]
2026-09-07T04:31:06+02:00,[38],[0]
2026-09-07T04:41:06+02:00,[38],[0]
2026-09-07T04:51:05+02:00,[37],[0]
2026-09-07T05:01:06+02:00,[38],[0]
2026-09-07T05:11:05+02:00,[37],[0]
2026-09-07T05:21:05+02:00,[37],[0]
2026-09-07T05:31:05+02:00,[37],[0]
2026-09-07T05:41:06+02:00,[38],[0]
2026-09-07T05:51:06+02:00,[38],[0]
2026-09-07T06:01:05+02:00,[37],[0]
2026-09-07T06:11:05+02:00,[37],[0]
2026-09-07T06:21:05+02:00,[37],[0]
2026-09-07T06:31:05+02:00,[37],[0]
2026-09-07T06:41:05+02:00,[37],[0]
2026-09-07T06:51:07+02:00,[37],[0]
2026-09-07T07:01:06+02:00,[38],[0]
2026-09-07T07:11:06+02:00,[38],[0]
2026-09-07T07:21:06+02:00,[38],[0]
2026-09-07T07:31:05+02:00,[37],[0]
2026-09-07T07:41:06+02:00,[37],[0]
2026-09-07T07:51:06+02:00,[38],[0]
2026-09-07T08:01:06+02:00,[38],[0]
2026-09-07T08:11:05+02:00,[37],[0]
2026-09-07T08:21:06+02:00,[37],[0]
2026-09-07T08:31:05+02:00,[37],[0]
2026-09-07T08:41:05+02:00,[37],[0]
2026-09-07T08:51:05+02:00,[37],[0]
2026-09-07T09:01:05+02:00,[37],[0]
2026-09-07T09:11:06+02:00,[38],[0]
2026-09-07T09:21:05+02:00,[37],[0]
2026-09-07T09:31:06+02:00,[38],[0]
2026-09-07T09:41:06+02:00,[38],[0]
2026-09-05T08:11:06+02:00,[38],[0]
2026-09-05T08:21:05+02:00,[37],[0]
2026-09-05T08:31:05+02:00,[37],[0]
2026-09-05T08:41:05+02:00,[37],[0]
2026-09-05T08:51:05+02:00,[37],[0]
2026-09-05T09:01:05+02:00,[37],[0]
2026-09-05T09:11:05+02:00,[37],[0]
2026-09-05T09:21:05+02:00,[37],[0]
2026-09-05T09:31:05+02:00,[37],[0]
2026-09-05T09:41:05+02:00,[37],[0]
2026-09-05T09:51:06+02:00,[38],[0]
2026-09-05T10:01:05+02:00,[37],[0]
2026-09-05T10:11:06+02:00,[37],[0]
2026-09-05T10:21:05+02:00,[37],[0]
2026-09-05T10:31:05+02:00,[37],[0]
2026-09-05T10:41:06+02:00,[37],[0]
2026-09-05T10:51:06+02:00,[38],[0]
2026-09-05T11:01:05+02:00,[37],[0]
2026-09-05T11:11:05+02:00,[37],[0]
2026-09-05T11:21:06+02:00,[38],[0]
2026-09-05T11:41:05+02:00,[37],[0]
2026-09-05T11:51:06+02:00,[38],[0]
2026-09-05T12:01:05+02:00,[37],[0]
2026-09-05T12:11:06+02:00,[38],[0]
2026-09-05T12:21:04+02:00,[37],[0]
2026-09-05T12:31:06+02:00,[38],[0]
2026-09-05T12:41:05+02:00,[37],[0]
2026-09-05T12:51:05+02:00,[37],[0]
2026-09-05T13:01:06+02:00,[37],[0]
2026-09-05T13:11:05+02:00,[37],[0]
2026-09-05T13:21:05+02:00,[37],[0]
2026-09-05T13:31:06+02:00,[38],[0]
2026-09-05T13:41:04+02:00,[37],[0]
2026-09-05T14:01:05+02:00,[37],[0]
2026-09-05T14:11:06+02:00,[38],[0]
2026-09-05T14:21:06+02:00,[38],[0]
2026-09-05T18:00:00+02:00,[60],[0]
2026-09-06T03:41:05+02:00,[37],[0]
2026-09-06T04:01:05+02:00,[37],[0]
2026-09-06T04:11:05+02:00,[37],[0]
2026-09-06T04:21:04+02:00,[37],[0]
2026-09-06T06:21:05+02:00,[37],[0]
2026-09-06T06:31:05+02:00,[37],[0]
2026-09-06T07:01:06+02:00,[38],[0]
2026-09-06T07:11:05+02:00,[37],[0]
2026-09-06T07:21:05+02:00,[37],[0]
2026-09-06T07:31:05+02:00,[37],[0]
2026-09-06T07:41:05+02:00,[37],[0]
2026-09-06T07:51:05+02:00,[37],[0]
2026-09-04T08:21:09+02:00,[37],[0]
2026-09-04T08:31:09+02:00,[37],[0]
2026-09-04T08:41:09+02:00,[37],[0]
2026-09-04T08:51:09+02:00,[37],[0]
2026-09-04T09:01:10+02:00,[38],[0]
2026-09-04T09:11:09+02:00,[37],[0]
2026-09-04T09:31:10+02:00,[38],[0]
2026-09-04T09:51:10+02:00,[38],[0]
2026-09-04T10:11:10+02:00,[38],[0]
2026-09-04T10:21:09+02:00,[37],[0]
2026-09-04T10:31:10+02:00,[38],[0]
2026-09-04T10:41:09+02:00,[37],[0]
2026-09-04T10:51:08+02:00,[37],[0]
2026-09-04T11:01:09+02:00,[37],[0]
2026-09-04T11:11:09+02:00,[37],[0]
2026-09-04T11:21:09+02:00,[38],[0]
2026-09-04T11:31:09+02:00,[37],[0]
2026-09-04T11:41:09+02:00,[37],[0]
2026-09-04T11:51:09+02:00,[37],[0]
2026-09-04T12:01:09+02:00,[37],[0]
2026-09-04T12:11:08+02:00,[37],[0]
2026-09-04T12:21:08+02:00,[37],[0]
2026-09-04T12:31:09+02:00,[37],[0]
2026-09-04T12:41:09+02:00,[37],[0]
2026-09-04T12:51:09+02:00,[37],[0]
2026-09-04T13:11:09+02:00,[37],[0]
2026-09-04T13:21:09+02:00,[37],[0]
2026-09-04T13:31:09+02:00,[37],[0]
2026-09-04T13:41:09+02:00,[37],[0]
2026-09-04T13:51:09+02:00,[37],[0]
2026-09-04T14:01:10+02:00,[38],[0]
2026-09-04T14:11:09+02:00,[37],[0]
2026-09-04T14:21:10+02:00,[38],[0]
2026-09-04T14:31:08+02:00,[37],[0]
2026-09-04T14:41:09+02:00,[37],[0]
2026-09-04T14:51:10+02:00,[38],[0]
2026-09-04T15:01:09+02:00,[37],[0]
2026-09-04T15:11:09+02:00,[37],[0]
2026-09-04T15:21:09+02:00,[37],[0]
2026-09-04T15:31:09+02:00,[37],[0]
2026-09-04T15:41:10+02:00,[38],[0]
2026-09-04T15:51:09+02:00,[38],[0]
2026-09-04T16:01:09+02:00,[37],[0]
2026-09-04T16:11:09+02:00,[37],[0]
2026-09-04T16:21:09+02:00,[37],[0]
2026-09-04T16:31:08+02:00,[37],[0]
2026-09-04T16:41:09+02:00,[37],[0]
2026-09-04T16:51:09+02:00,[37],[0]
2026-09-04T17:01:10+02:00,[38],[0]
2026-09-04T17:11:09+02:00,[37],[0]
2026-09-04T17:21:09+02:00,[37],[0]
2026-09-04T17:31:09+02:00,[37],[0]
2026-09-04T17:41:09+02:00,[37],[0]
2026-09-04T17:51:09+02:00,[37],[0]
2026-09-04T18:01:09+02:00,[37],[0]
2026-09-04T18:11:09+02:00,[37],[0]
2026-09-04T18:21:09+02:00,[37],[0]
2026-09-05T01:51:08+02:00,[37],[0]
2026-09-05T02:01:05+02:00,[37],[0]
2026-09-05T02:11:06+02:00,[38],[0]
2026-09-05T02:21:09+02:00,[38],[0]
2026-09-05T02:31:05+02:00,[37],[0]
2026-09-05T02:41:06+02:00,[37],[0]
2026-09-05T02:51:04+02:00,[37],[0]
2026-09-05T03:01:04+02:00,[37],[0]
2026-09-05T03:11:05+02:00,[37],[0]
2026-09-05T03:21:05+02:00,[37],[0]
2026-09-05T03:31:06+02:00,[38],[0]
2026-09-05T03:41:05+02:00,[37],[0]
2026-09-05T03:51:04+02:00,[37],[0]
2026-09-05T04:01:05+02:00,[37],[0]
2026-09-05T04:11:05+02:00,[37],[0]
2026-09-05T04:21:06+02:00,[38],[0]
2026-09-05T04:31:06+02:00,[37],[0]
2026-09-05T04:41:05+02:00,[37],[0]
2026-09-05T04:51:06+02:00,[37],[0]
2026-09-05T05:01:06+02:00,[37],[0]
2026-09-05T05:11:05+02:00,[37],[0]
2026-09-05T05:21:05+02:00,[37],[0]
2026-09-05T05:31:05+02:00,[37],[0]
2026-09-05T05:41:05+02:00,[37],[0]
2026-09-05T05:51:05+02:00,[37],[0]
2026-09-05T06:01:05+02:00,[37],[0]
2026-09-05T06:11:06+02:00,[38],[0]
2026-09-05T06:21:06+02:00,[38],[0]
2026-09-05T06:31:06+02:00,[37],[0]
2026-09-05T06:41:05+02:00,[37],[0]
2026-09-05T06:51:05+02:00,[37],[0]
2026-09-05T07:01:06+02:00,[38],[0]
2026-09-05T07:11:05+02:00,[37],[0]
2026-09-05T07:21:05+02:00,[37],[0]
2026-09-05T07:31:05+02:00,[37],[0]
2026-09-05T07:41:05+02:00,[38],[0]
2026-09-05T07:51:06+02:00,[38],[0]
2026-09-05T08:01:05+02:00,[37],[0]
2026-09-03T08:21:09+02:00,[37],[0]
2026-09-03T08:31:09+02:00,[37],[0]
2026-09-03T08:41:09+02:00,[37],[0]
2026-09-03T08:51:09+02:00,[37],[0]
2026-09-03T09:01:09+02:00,[37],[0]
2026-09-03T09:11:09+02:00,[37],[0]
2026-09-03T09:31:09+02:00,[37],[0]
2026-09-03T09:41:10+02:00,[38],[0]
2026-09-03T09:51:10+02:00,[38],[0]
2026-09-03T10:01:10+02:00,[38],[0]
2026-09-03T10:11:09+02:00,[37],[0]
2026-09-03T10:21:10+02:00,[38],[0]
2026-09-03T10:31:09+02:00,[37],[0]
2026-09-03T10:41:10+02:00,[38],[0]
2026-09-03T10:51:09+02:00,[38],[0]
2026-09-03T11:01:09+02:00,[37],[0]
2026-09-03T11:11:10+02:00,[38],[0]
2026-09-03T11:21:10+02:00,[38],[0]
2026-09-03T11:31:09+02:00,[37],[0]
2026-09-03T11:41:09+02:00,[37],[0]
2026-09-03T11:51:09+02:00,[37],[0]
2026-09-03T12:01:08+02:00,[37],[0]
2026-09-03T12:11:09+02:00,[37],[0]
2026-09-03T12:21:09+02:00,[38],[0]
2026-09-03T12:31:10+02:00,[38],[0]
2026-09-03T12:41:09+02:00,[37],[0]
2026-09-03T12:51:08+02:00,[37],[0]
2026-09-03T13:01:09+02:00,[37],[0]
2026-09-03T13:11:09+02:00,[37],[0]
2026-09-03T13:21:08+02:00,[37],[0]
2026-09-03T13:41:09+02:00,[37],[0]
2026-09-03T13:51:09+02:00,[37],[0]
2026-09-03T14:01:09+02:00,[37],[0]
2026-09-03T14:11:09+02:00,[37],[0]
2026-09-03T14:21:09+02:00,[37],[0]
2026-09-03T14:31:09+02:00,[37],[0]
2026-09-03T14:41:09+02:00,[37],[0]
2026-09-03T14:51:09+02:00,[37],[0]
2026-09-03T15:11:10+02:00,[38],[0]
2026-09-03T15:21:09+02:00,[37],[0]
2026-09-03T15:31:09+02:00,[37],[0]
2026-09-03T15:41:09+02:00,[37],[0]
2026-09-03T15:51:09+02:00,[37],[0]
2026-09-03T16:01:09+02:00,[37],[0]
2026-09-03T16:11:09+02:00,[37],[0]
2026-09-03T16:21:09+02:00,[37],[0]
2026-09-03T16:31:09+02:00,[37],[0]
2026-09-03T16:41:09+02:00,[37],[0]
2026-09-04T02:21:09+02:00,[37],[0]
2026-09-04T02:31:09+02:00,[37],[0]
2026-09-04T02:41:09+02:00,[37],[0]
2026-09-04T02:51:10+02:00,[38],[0]
2026-09-04T03:01:09+02:00,[37],[0]
2026-09-04T03:11:09+02:00,[37],[0]
2026-09-04T03:21:09+02:00,[37],[0]
2026-09-04T03:31:09+02:00,[37],[0]
2026-09-04T03:41:09+02:00,[37],[0]
2026-09-04T03:51:09+02:00,[37],[0]
2026-09-04T04:01:09+02:00,[37],[0]
2026-09-04T04:11:09+02:00,[37],[0]
2026-09-04T04:21:09+02:00,[37],[0]
2026-09-04T04:31:09+02:00,[37],[0]
2026-09-04T05:01:09+02:00,[37],[0]
2026-09-04T05:11:08+02:00,[37],[0]
2026-09-04T05:21:09+02:00,[37],[0]
2026-09-04T05:31:09+02:00,[37],[0]
2026-09-04T05:41:09+02:00,[37],[0]
2026-09-04T05:51:09+02:00,[37],[0]
2026-09-04T06:11:08+02:00,[37],[0]
2026-09-04T06:21:09+02:00,[37],[0]
2026-09-04T06:31:09+02:00,[37],[0]
2026-09-04T06:41:09+02:00,[37],[0]
2026-09-04T06:51:09+02:00,[37],[0]
2026-09-04T07:01:09+02:00,[37],[0]
2026-09-04T07:11:09+02:00,[38],[0]
2026-09-04T07:21:09+02:00,[37],[0]
2026-09-04T07:31:09+02:00,[37],[0]
2026-09-04T07:41:09+02:00,[37],[0]
2026-09-04T07:51:09+02:00,[37],[0]
2026-09-04T08:01:09+02:00,[37],[0]
2026-09-04T08:11:09+02:00,[37],[0]
2026-09-02T09:48:43+02:00,[37],[0]
2026-09-02T09:58:42+02:00,[37],[0]
2026-09-02T10:08:42+02:00,[37],[0]
2026-09-02T10:18:42+02:00,[37],[0]
2026-09-02T10:28:42+02:00,[37],[0]
2026-09-02T10:38:43+02:00,[37],[0]
2026-09-02T10:48:42+02:00,[37],[0]
2026-09-02T10:58:42+02:00,[38],[0]
2026-09-02T11:08:42+02:00,[37],[0]
2026-09-02T11:18:43+02:00,[38],[0]
2026-09-02T11:28:42+02:00,[37],[0]
2026-09-02T11:38:42+02:00,[37],[0]
2026-09-02T11:48:42+02:00,[37],[0]
2026-09-02T11:58:42+02:00,[37],[0]
2026-09-02T12:08:42+02:00,[37],[0]
2026-09-02T12:18:42+02:00,[37],[0]
2026-09-02T12:28:42+02:00,[37],[0]
2026-09-02T12:38:42+02:00,[37],[0]
2026-09-02T12:48:42+02:00,[38],[0]
2026-09-02T12:58:42+02:00,[37],[0]
2026-09-02T13:08:43+02:00,[38],[0]
2026-09-02T13:18:43+02:00,[37],[0]
2026-09-02T13:21:15+02:00,[37],[0]
2026-09-02T13:30:59+02:00,[37],[0]
2026-09-02T13:40:58+02:00,[37],[0]
2026-09-02T13:50:58+02:00,[38],[0]
2026-09-02T14:10:58+02:00,[37],[0]
2026-09-02T14:20:58+02:00,[37],[0]
2026-09-02T14:30:58+02:00,[37],[0]
2026-09-02T14:40:58+02:00,[37],[0]
2026-09-02T14:50:58+02:00,[37],[0]
2026-09-02T15:00:59+02:00,[37],[0]
2026-09-02T15:10:58+02:00,[37],[0]
2026-09-02T15:20:58+02:00,[37],[0]
2026-09-02T15:30:59+02:00,[38],[0]
2026-09-02T15:40:58+02:00,[37],[0]
2026-09-02T15:50:59+02:00,[37],[0]
2026-09-02T16:00:59+02:00,[37],[0]
2026-09-02T16:10:58+02:00,[37],[0]
2026-09-02T16:17:11+02:00,[1],[0]
2026-09-02T16:17:41+02:00,"[30,30]","[0,0]"
2026-09-02T16:18:42+02:00,"[30,30,30,30,23,30,30,34,30,23,27]","[0,0,0,0,0,0,0,0,0,0,0]"
2026-09-02T16:23:32+02:00,[27],[0]
2026-09-02T19:10:15+02:00,[1],[0]
2026-09-02T19:10:45+02:00,"[30,22,30,30,30,30,22,30,30,30,30,22,30,30,30,30,22,30,30,23,2,30,28,30,30,30,30,22,30,30,30,30,22,30,30,30,30,23,30,30,30,30,22]","[0,0,0,0,0,0,0,0,0,0,0,0,0,0,0,0,0,0,0,0,0,0,0,0,0,0,0,0,0,0,0,0,0,0,0,0,0,0,0,0,0,0,0]"
2026-09-02T19:30:13+02:00,[22],[0]
2026-09-03T01:21:09+02:00,[38],[0]
2026-09-03T01:31:10+02:00,[38],[0]
2026-09-03T01:41:09+02:00,[37],[0]
2026-09-03T01:51:09+02:00,[37],[0]
2026-09-03T02:01:09+02:00,[37],[0]
2026-09-03T02:11:09+02:00,[37],[0]
2026-09-03T02:21:09+02:00,[37],[0]
2026-09-03T02:41:09+02:00,[37],[0]
2026-09-03T03:01:09+02:00,[37],[0]
2026-09-03T03:11:10+02:00,[38],[0]
2026-09-03T03:21:10+02:00,[38],[0]
2026-09-03T03:31:09+02:00,[37],[0]
2026-09-03T03:41:10+02:00,[38],[0]
2026-09-03T03:51:10+02:00,[38],[0]
2026-09-03T04:01:09+02:00,[37],[0]
2026-09-03T04:11:08+02:00,[37],[0]
2026-09-03T04:21:09+02:00,[38],[0]
2026-09-03T04:31:09+02:00,[37],[0]
2026-09-03T04:41:09+02:00,[37],[0]
2026-09-03T04:51:09+02:00,[37],[0]
2026-09-03T05:01:09+02:00,[37],[0]
2026-09-03T05:11:10+02:00,[38],[0]
2026-09-03T05:21:09+02:00,[38],[0]
2026-09-03T05:31:09+02:00,[37],[0]
2026-09-03T05:41:09+02:00,[38],[0]
2026-09-03T05:51:10+02:00,[38],[0]
2026-09-03T06:01:09+02:00,[37],[0]
2026-09-03T06:11:09+02:00,[37],[0]
2026-09-03T06:21:09+02:00,[37],[0]
2026-09-03T06:31:09+02:00,[37],[0]
2026-09-03T06:41:09+02:00,[37],[0]
2026-09-03T06:51:09+02:00,[37],[0]
2026-09-03T07:01:09+02:00,[37],[0]
2026-09-03T07:11:47+02:00,[37],[0]
2026-09-03T07:21:09+02:00,[37],[0]
2026-09-03T07:31:09+02:00,[37],[0]
2026-09-03T07:41:09+02:00,[37],[0]
2026-09-03T07:51:10+02:00,[38],[0]
2026-09-03T08:01:09+02:00,[37],[0]
2026-09-03T08:11:09+02:00,[37],[0]
2026-09-01T08:18:42+02:00,[37],[0]
2026-09-01T08:28:42+02:00,[37],[0]
2026-09-01T08:38:43+02:00,[38],[0]
2026-09-01T08:48:42+02:00,[37],[0]
2026-09-01T08:58:42+02:00,[37],[0]
2026-09-01T09:08:42+02:00,[37],[0]
2026-09-01T09:18:42+02:00,[37],[0]
2026-09-01T09:28:42+02:00,[37],[0]
2026-09-01T09:38:43+02:00,[37],[0]
2026-09-01T09:48:42+02:00,[37],[0]
2026-09-01T09:58:42+02:00,[38],[0]
2026-09-01T10:08:42+02:00,[38],[0]
2026-09-01T10:18:43+02:00,[37],[0]
2026-09-01T10:28:42+02:00,[37],[0]
2026-09-01T10:38:42+02:00,[37],[0]
2026-09-01T10:48:42+02:00,[37],[0]
2026-09-01T10:58:42+02:00,[37],[0]
2026-09-01T11:08:42+02:00,[37],[0]
2026-09-01T11:18:42+02:00,[37],[0]
2026-09-01T11:28:43+02:00,[38],[0]
2026-09-01T11:48:43+02:00,[38],[0]
2026-09-01T11:58:42+02:00,[37],[0]
2026-09-01T12:08:43+02:00,[38],[0]
2026-09-01T12:18:42+02:00,[37],[0]
2026-09-01T12:28:43+02:00,[38],[0]
2026-09-01T12:38:42+02:00,[38],[0]
2026-09-01T12:48:42+02:00,[37],[0]
2026-09-01T12:58:42+02:00,[37],[0]
2026-09-01T13:08:42+02:00,[37],[0]
2026-09-01T13:18:42+02:00,[37],[0]
2026-09-01T13:28:42+02:00,[37],[0]
2026-09-01T13:38:42+02:00,[37],[0]
2026-09-01T13:48:42+02:00,[37],[0]
2026-09-01T13:58:42+02:00,[37],[0]
2026-09-01T14:08:42+02:00,[37],[0]
2026-09-01T14:18:43+02:00,[38],[0]
2026-09-01T14:28:42+02:00,[37],[0]
2026-09-02T02:08:42+02:00,[37],[0]
2026-09-02T02:18:43+02:00,[38],[0]
2026-09-02T02:28:42+02:00,[37],[0]
2026-09-02T02:38:43+02:00,[38],[0]
2026-09-02T02:48:43+02:00,[38],[0]
2026-09-02T02:58:43+02:00,[37],[0]
2026-09-02T03:08:42+02:00,[37],[0]
2026-09-02T03:18:42+02:00,[37],[0]
2026-09-02T03:38:42+02:00,[37],[0]
2026-09-02T03:48:42+02:00,[37],[0]
2026-09-02T03:58:42+02:00,[37],[0]
2026-09-02T04:08:42+02:00,[37],[0]
2026-09-02T04:18:43+02:00,[38],[0]
2026-09-02T04:28:42+02:00,[37],[0]
2026-09-02T04:38:43+02:00,[37],[0]
2026-09-02T04:48:42+02:00,[37],[0]
2026-09-02T04:58:42+02:00,[37],[0]
2026-09-02T05:08:42+02:00,[37],[0]
2026-09-02T05:18:42+02:00,[37],[0]
2026-09-02T05:28:43+02:00,[37],[0]
2026-09-02T05:38:41+02:00,[37],[0]
2026-09-02T05:48:42+02:00,[37],[0]
2026-09-02T05:58:42+02:00,[37],[0]
2026-09-02T06:08:42+02:00,[37],[0]
2026-09-02T06:18:42+02:00,[37],[0]
2026-09-02T06:28:42+02:00,[37],[0]
2026-09-02T06:38:42+02:00,[37],[0]
2026-09-02T06:48:42+02:00,[37],[0]
2026-09-02T06:58:42+02:00,[37],[0]
2026-09-02T07:08:43+02:00,[38],[0]
2026-09-02T07:18:42+02:00,[37],[0]
2026-09-02T07:28:43+02:00,[38],[0]
2026-09-02T07:38:42+02:00,[37],[0]
2026-09-02T07:48:42+02:00,[37],[0]
2026-09-02T07:58:43+02:00,[38],[0]
2026-09-02T08:08:42+02:00,[37],[0]
2026-09-02T08:18:42+02:00,[37],[0]
2026-09-02T08:28:42+02:00,[37],[0]
2026-09-02T08:38:42+02:00,[37],[0]
2026-09-02T08:48:42+02:00,[37],[0]
2026-09-02T08:58:42+02:00,[37],[0]
2026-09-02T09:08:42+02:00,[37],[0]
2026-09-02T09:18:43+02:00,[38],[0]
2026-09-02T09:28:43+02:00,[38],[0]
2026-09-02T09:38:43+02:00,[37],[0]
2026-08-31T09:38:46+02:00,[37],[0]
2026-08-31T09:48:46+02:00,[38],[0]
2026-08-31T09:58:45+02:00,[37],[0]
2026-08-31T10:08:45+02:00,[37],[0]
2026-08-31T10:18:45+02:00,[37],[0]
2026-08-31T10:28:45+02:00,[37],[0]
2026-08-31T10:38:45+02:00,[37],[0]
2026-08-31T10:48:46+02:00,[38],[0]
2026-08-31T10:58:45+02:00,[37],[0]
2026-08-31T11:08:45+02:00,[37],[0]
2026-08-31T11:18:46+02:00,[38],[0]
2026-08-31T11:38:45+02:00,[37],[0]
2026-08-31T11:48:45+02:00,[37],[0]
2026-08-31T11:58:46+02:00,[37],[0]
2026-08-31T12:08:45+02:00,[38],[0]
2026-08-31T12:18:45+02:00,[38],[0]
2026-08-31T12:28:45+02:00,[37],[0]
2026-08-31T12:38:45+02:00,[37],[0]
2026-08-31T12:48:46+02:00,[38],[0]
2026-08-31T12:58:46+02:00,[37],[0]
2026-08-31T13:08:46+02:00,[37],[0]
2026-08-31T13:18:45+02:00,[37],[0]
2026-08-31T13:48:44+02:00,[37],[0]
2026-08-31T13:58:45+02:00,[37],[0]
2026-08-31T14:08:45+02:00,[37],[0]
2026-08-31T14:18:45+02:00,[37],[0]
2026-08-31T14:28:46+02:00,[38],[0]
2026-08-31T14:38:45+02:00,[37],[0]
2026-08-31T14:48:45+02:00,[37],[0]
2026-08-31T14:58:46+02:00,[38],[0]
2026-08-31T15:08:45+02:00,[37],[0]
2026-08-31T15:18:45+02:00,[37],[0]
2026-08-31T15:28:45+02:00,[37],[0]
2026-08-31T15:38:45+02:00,[37],[0]
2026-08-31T15:48:44+02:00,[37],[0]
2026-08-31T15:58:46+02:00,[37],[0]
2026-08-31T16:08:46+02:00,[38],[0]
2026-08-31T16:18:45+02:00,[37],[0]
2026-08-31T16:28:45+02:00,[37],[0]
2026-08-31T16:38:45+02:00,[37],[0]
2026-08-31T16:48:46+02:00,[38],[0]
2026-09-01T02:38:42+02:00,[37],[0]
2026-09-01T02:58:43+02:00,[38],[0]
2026-09-01T03:08:43+02:00,[38],[0]
2026-09-01T03:18:43+02:00,[38],[0]
2026-09-01T03:28:42+02:00,[37],[0]
2026-09-01T03:38:43+02:00,[38],[0]
2026-09-01T03:48:42+02:00,[37],[0]
2026-09-01T03:58:43+02:00,[38],[0]
2026-09-01T04:08:42+02:00,[37],[0]
2026-09-01T04:18:43+02:00,[38],[0]
2026-09-01T04:28:42+02:00,[37],[0]
2026-09-01T04:38:42+02:00,[37],[0]
2026-09-01T04:48:43+02:00,[38],[0]
2026-09-01T04:58:42+02:00,[37],[0]
2026-09-01T05:08:41+02:00,[37],[0]
2026-09-01T05:18:43+02:00,[37],[0]
2026-09-01T05:28:41+02:00,[37],[0]
2026-09-01T05:48:42+02:00,[37],[0]
2026-09-01T05:58:42+02:00,[37],[0]
2026-09-01T06:08:42+02:00,[37],[0]
2026-09-01T06:18:42+02:00,[37],[0]
2026-09-01T06:28:42+02:00,[37],[0]
2026-09-01T06:38:43+02:00,[38],[0]
2026-09-01T06:48:41+02:00,[37],[0]
2026-09-01T06:58:43+02:00,[38],[0]
2026-09-01T07:08:42+02:00,[37],[0]
2026-09-01T07:18:42+02:00,[38],[0]
2026-09-01T07:28:42+02:00,[37],[0]
2026-09-01T07:38:42+02:00,[38],[0]
2026-09-01T07:48:42+02:00,[37],[0]
2026-09-01T07:58:42+02:00,[37],[0]
2026-09-01T08:08:42+02:00,[37],[0]
2026-08-30T08:18:45+02:00,[37],[0]
2026-08-30T08:28:45+02:00,[37],[0]
2026-08-30T08:38:45+02:00,[37],[0]
2026-08-30T08:48:45+02:00,[37],[0]
2026-08-30T08:58:45+02:00,[37],[0]
2026-08-30T09:08:44+02:00,[37],[0]
2026-08-30T09:18:45+02:00,[37],[0]
2026-08-30T09:28:45+02:00,[37],[0]
2026-08-30T09:38:45+02:00,[37],[0]
2026-08-30T09:48:45+02:00,[37],[0]
2026-08-30T09:58:45+02:00,[37],[0]
2026-08-30T10:08:45+02:00,[37],[0]
2026-08-30T10:18:45+02:00,[37],[0]
2026-08-30T10:48:45+02:00,[38],[0]
2026-08-30T10:58:46+02:00,[38],[0]
2026-08-30T11:08:45+02:00,[37],[0]
2026-08-30T11:28:46+02:00,[38],[0]
2026-08-30T11:38:45+02:00,[37],[0]
2026-08-30T11:48:44+02:00,[37],[0]
2026-08-30T11:58:46+02:00,[38],[0]
2026-08-30T12:08:46+02:00,[37],[0]
2026-08-30T12:18:45+02:00,[37],[0]
2026-08-30T12:28:46+02:00,[38],[0]
2026-08-30T12:38:45+02:00,[37],[0]
2026-08-30T12:48:46+02:00,[37],[0]
2026-08-30T13:08:45+02:00,[37],[0]
2026-08-30T13:28:45+02:00,[37],[0]
2026-08-30T13:38:46+02:00,[38],[0]
2026-08-30T13:48:46+02:00,[38],[0]
2026-08-30T13:58:45+02:00,[37],[0]
2026-08-30T14:08:46+02:00,[38],[0]
2026-08-30T14:18:46+02:00,[38],[0]
2026-08-30T14:28:46+02:00,[38],[0]
2026-08-30T14:38:45+02:00,[37],[0]
2026-08-30T14:48:46+02:00,[38],[0]
2026-08-30T14:58:45+02:00,[37],[0]
2026-08-30T15:08:46+02:00,[37],[0]
2026-08-30T15:18:46+02:00,[38],[0]
2026-08-30T15:28:45+02:00,[37],[0]
2026-08-30T15:38:46+02:00,[37],[0]
2026-08-30T15:48:46+02:00,[37],[0]
2026-08-30T15:58:46+02:00,[37],[0]
2026-08-30T16:08:45+02:00,[37],[0]
2026-08-30T16:28:45+02:00,[37],[0]
2026-08-30T16:38:46+02:00,[38],[0]
2026-08-30T16:48:45+02:00,[37],[0]
2026-08-30T16:58:47+02:00,[37],[0]
2026-08-30T17:08:45+02:00,[37],[0]
2026-08-30T17:18:48+02:00,[38],[0]
2026-08-30T17:28:45+02:00,[37],[0]
2026-08-30T17:38:46+02:00,[37],[0]
2026-08-30T17:48:45+02:00,[37],[0]
2026-08-30T17:58:46+02:00,[37],[0]
2026-08-30T18:08:45+02:00,[37],[0]
2026-08-30T18:18:45+02:00,[37],[0]
2026-08-30T18:28:46+02:00,[37],[0]
2026-08-30T18:38:45+02:00,[37],[0]
2026-08-30T18:48:46+02:00,[37],[0]
2026-08-31T01:28:45+02:00,[37],[0]
2026-08-31T01:38:45+02:00,[37],[0]
2026-08-31T01:48:45+02:00,[37],[0]
2026-08-31T01:58:45+02:00,[37],[0]
2026-08-31T02:08:45+02:00,[38],[0]
2026-08-31T02:18:45+02:00,[37],[0]
2026-08-31T02:28:45+02:00,[37],[0]
2026-08-31T02:38:46+02:00,[38],[0]
2026-08-31T02:48:45+02:00,[37],[0]
2026-08-31T02:58:45+02:00,[37],[0]
2026-08-31T03:08:46+02:00,[38],[0]
2026-08-31T03:18:45+02:00,[37],[0]
2026-08-31T03:28:45+02:00,[37],[0]
2026-08-31T03:38:45+02:00,[37],[0]
2026-08-31T03:48:45+02:00,[37],[0]
2026-08-31T03:58:46+02:00,[38],[0]
2026-08-31T04:08:46+02:00,[38],[0]
2026-08-31T04:18:45+02:00,[37],[0]
2026-08-31T04:28:46+02:00,[37],[0]
2026-08-31T04:38:45+02:00,[38],[0]
2026-08-31T05:01:24+02:00,[37],[0]
2026-08-31T05:08:45+02:00,[38],[0]
2026-08-31T05:18:46+02:00,[38],[0]
2026-08-31T05:48:46+02:00,[38],[0]
2026-08-31T05:58:44+02:00,[37],[0]
2026-08-31T06:09:38+02:00,[36],[0]
2026-08-31T06:18:44+02:00,[37],[0]
2026-08-31T06:38:45+02:00,[37],[0]
2026-08-31T06:48:45+02:00,[37],[0]
2026-08-31T06:58:45+02:00,[37],[0]
2026-08-31T07:08:45+02:00,[37],[0]
2026-08-31T07:28:46+02:00,[37],[0]
2026-08-31T07:38:46+02:00,[37],[0]
2026-08-31T07:48:45+02:00,[37],[0]
2026-08-31T07:58:45+02:00,[37],[0]
2026-08-31T08:08:46+02:00,[38],[0]
2026-08-31T08:18:45+02:00,[37],[0]
2026-08-31T08:28:46+02:00,[37],[0]
2026-08-31T08:38:45+02:00,[37],[0]
2026-08-31T08:48:45+02:00,[37],[0]
2026-08-31T08:58:46+02:00,[38],[0]
2026-08-31T09:08:46+02:00,[38],[0]
2026-08-31T09:18:45+02:00,[37],[0]
2026-08-31T09:28:45+02:00,[37],[0]
2026-08-29T08:18:45+02:00,[37],[0]
2026-08-29T08:28:46+02:00,[38],[0]
2026-08-29T08:38:45+02:00,[38],[0]
2026-08-29T08:48:45+02:00,[37],[0]
2026-08-29T08:58:46+02:00,[38],[0]
2026-08-29T09:18:47+02:00,[37],[0]
2026-08-29T09:28:46+02:00,[38],[0]
2026-08-29T09:38:45+02:00,[37],[0]
2026-08-29T09:48:45+02:00,[37],[0]
2026-08-29T09:58:45+02:00,[37],[0]
2026-08-29T10:08:46+02:00,[37],[0]
2026-08-29T10:18:46+02:00,[37],[0]
2026-08-29T10:28:45+02:00,[37],[0]
2026-08-29T10:38:46+02:00,[38],[0]
2026-08-29T10:48:46+02:00,[37],[0]
2026-08-29T10:58:45+02:00,[37],[0]
2026-08-29T11:08:45+02:00,[37],[0]
2026-08-29T11:18:45+02:00,[37],[0]
2026-08-29T11:28:45+02:00,[37],[0]
2026-08-29T11:38:45+02:00,[38],[0]
2026-08-29T11:48:45+02:00,[37],[0]
2026-08-29T11:58:45+02:00,[37],[0]
2026-08-29T12:08:45+02:00,[37],[0]
2026-08-29T12:18:46+02:00,[38],[0]
2026-08-29T12:28:45+02:00,[37],[0]
2026-08-29T12:38:46+02:00,[38],[0]
2026-08-29T12:48:46+02:00,[38],[0]
2026-08-29T12:58:45+02:00,[37],[0]
2026-08-29T13:18:46+02:00,[38],[0]
2026-08-29T13:28:46+02:00,[38],[0]
2026-08-29T13:38:46+02:00,[38],[0]
2026-08-29T13:58:45+02:00,[37],[0]
2026-08-29T14:08:45+02:00,[37],[0]
2026-08-29T14:18:46+02:00,[38],[0]
2026-08-29T14:28:45+02:00,[37],[0]
2026-08-29T14:38:45+02:00,[37],[0]
2026-08-29T14:48:45+02:00,[37],[0]
2026-08-29T14:58:46+02:00,[38],[0]
2026-08-30T04:18:46+02:00,[38],[0]
2026-08-30T04:28:44+02:00,[37],[0]
2026-08-30T04:38:46+02:00,[38],[0]
2026-08-30T04:48:45+02:00,[38],[0]
2026-08-30T04:58:45+02:00,[37],[0]
2026-08-30T05:08:46+02:00,[38],[0]
2026-08-30T05:18:45+02:00,[37],[0]
2026-08-30T05:28:45+02:00,[38],[0]
2026-08-30T05:38:45+02:00,[37],[0]
2026-08-30T05:48:46+02:00,[38],[0]
2026-08-30T05:58:46+02:00,[38],[0]
2026-08-30T06:08:45+02:00,[37],[0]
2026-08-30T06:18:45+02:00,[38],[0]
2026-08-30T06:28:51+02:00,[37],[0]
2026-08-30T06:38:45+02:00,[37],[0]
2026-08-30T06:48:45+02:00,[37],[0]
2026-08-30T06:58:45+02:00,[37],[0]
2026-08-30T07:08:45+02:00,[38],[0]
2026-08-30T07:18:46+02:00,[38],[0]
2026-08-30T07:28:45+02:00,[37],[0]
2026-08-30T07:38:46+02:00,[38],[0]
2026-08-30T07:48:44+02:00,[37],[0]
2026-08-30T07:58:46+02:00,[38],[0]
2026-08-30T08:08:46+02:00,[38],[0]
2026-08-28T08:18:49+02:00,[38],[0]
2026-08-28T08:28:48+02:00,[37],[0]
2026-08-28T08:38:48+02:00,[37],[0]
2026-08-28T08:48:48+02:00,[38],[0]
2026-08-28T08:58:48+02:00,[37],[0]
2026-08-28T09:08:48+02:00,[38],[0]
2026-08-28T09:28:50+02:00,[38],[0]
2026-08-28T09:38:48+02:00,[37],[0]
2026-08-28T09:48:49+02:00,[38],[0]
2026-08-28T09:58:48+02:00,[37],[0]
2026-08-28T10:08:48+02:00,[38],[0]
2026-08-28T10:18:49+02:00,[37],[0]
2026-08-28T10:28:48+02:00,[37],[0]
2026-08-28T10:38:49+02:00,[38],[0]
2026-08-28T10:48:48+02:00,[37],[0]
2026-08-28T10:58:49+02:00,[37],[0]
2026-08-28T11:18:48+02:00,[37],[0]
2026-08-28T11:28:48+02:00,[37],[0]
2026-08-28T11:38:49+02:00,[38],[0]
2026-08-28T11:48:48+02:00,[38],[0]
2026-08-28T11:58:49+02:00,[38],[0]
2026-08-28T12:08:48+02:00,[37],[0]
2026-08-28T12:18:48+02:00,[37],[0]
2026-08-28T12:28:49+02:00,[38],[0]
2026-08-28T12:38:49+02:00,[38],[0]
2026-08-28T12:48:49+02:00,[37],[0]
2026-08-28T12:58:49+02:00,[37],[0]
2026-08-28T13:08:48+02:00,[37],[0]
2026-08-28T13:18:48+02:00,[37],[0]
2026-08-28T13:28:48+02:00,[37],[0]
2026-08-28T13:38:48+02:00,[37],[0]
2026-08-28T13:48:49+02:00,[38],[0]
2026-08-28T13:58:48+02:00,[37],[0]
2026-08-28T14:08:48+02:00,[37],[0]
2026-08-28T14:18:49+02:00,[38],[0]
2026-08-28T14:28:49+02:00,[38],[0]
2026-08-28T14:38:49+02:00,[38],[0]
2026-08-28T14:48:48+02:00,[37],[0]
2026-08-29T04:38:45+02:00,[37],[0]
2026-08-29T04:48:45+02:00,[37],[0]
2026-08-29T04:58:45+02:00,[37],[0]
2026-08-29T05:08:45+02:00,[37],[0]
2026-08-29T05:18:45+02:00,[37],[0]
2026-08-29T05:28:44+02:00,[37],[0]
2026-08-29T05:38:46+02:00,[38],[0]
2026-08-29T05:48:46+02:00,[38],[0]
2026-08-29T05:58:45+02:00,[37],[0]
2026-08-29T06:08:45+02:00,[37],[0]
2026-08-29T06:18:45+02:00,[37],[0]
2026-08-29T06:28:46+02:00,[37],[0]
2026-08-29T06:48:50+02:00,[37],[0]
2026-08-29T06:58:46+02:00,[38],[0]
2026-08-29T07:08:45+02:00,[37],[0]
2026-08-29T07:18:46+02:00,[37],[0]
2026-08-29T07:28:45+02:00,[37],[0]
2026-08-29T07:38:44+02:00,[37],[0]
2026-08-29T07:48:45+02:00,[37],[0]
2026-08-29T07:58:45+02:00,[37],[0]
2026-08-29T08:08:45+02:00,[37],[0]
2026-08-27T09:18:48+02:00,[37],[0]
2026-08-27T09:28:48+02:00,[38],[0]
2026-08-27T09:38:48+02:00,[37],[0]
2026-08-27T09:48:48+02:00,[37],[0]
2026-08-27T09:58:48+02:00,[37],[0]
2026-08-27T10:08:47+02:00,[37],[0]
2026-08-27T10:18:48+02:00,[37],[0]
2026-08-27T10:28:49+02:00,[38],[0]
2026-08-27T10:38:47+02:00,[37],[0]
2026-08-27T10:48:48+02:00,[37],[0]
2026-08-27T10:58:48+02:00,[37],[0]
2026-08-27T11:08:48+02:00,[37],[0]
2026-08-27T11:18:49+02:00,[38],[0]
2026-08-27T11:38:47+02:00,[37],[0]
2026-08-27T11:48:48+02:00,[37],[0]
2026-08-27T11:58:49+02:00,[38],[0]
2026-08-27T12:08:48+02:00,[37],[0]
2026-08-27T12:18:49+02:00,[38],[0]
2026-08-27T12:28:49+02:00,[38],[0]
2026-08-27T12:48:47+02:00,[37],[0]
2026-08-27T12:58:48+02:00,[37],[0]
2026-08-27T13:08:48+02:00,[37],[0]
2026-08-27T13:18:48+02:00,[37],[0]
2026-08-27T13:28:47+02:00,[37],[0]
2026-08-27T13:38:48+02:00,[37],[0]
2026-08-27T13:48:49+02:00,[38],[0]
2026-08-27T13:58:48+02:00,[37],[0]
2026-08-27T14:08:47+02:00,[37],[0]
2026-08-27T14:18:48+02:00,[37],[0]
2026-08-27T14:28:48+02:00,[37],[0]
2026-08-27T14:38:49+02:00,[38],[0]
2026-08-27T14:48:48+02:00,[37],[0]
2026-08-27T15:08:49+02:00,[38],[0]
2026-08-27T15:18:48+02:00,[37],[0]
2026-08-27T15:28:48+02:00,[37],[0]
2026-08-28T02:18:47+02:00,[37],[0]
2026-08-28T02:28:49+02:00,[38],[0]
2026-08-28T02:38:48+02:00,[37],[0]
2026-08-28T02:48:48+02:00,[37],[0]
2026-08-28T02:58:48+02:00,[37],[0]
2026-08-28T03:08:48+02:00,[37],[0]
2026-08-28T03:18:48+02:00,[37],[0]
2026-08-28T03:28:48+02:00,[37],[0]
2026-08-28T03:38:48+02:00,[37],[0]
2026-08-28T03:48:49+02:00,[37],[0]
2026-08-28T03:58:48+02:00,[37],[0]
2026-08-28T04:08:48+02:00,[37],[0]
2026-08-28T04:18:48+02:00,[37],[0]
2026-08-28T04:28:47+02:00,[37],[0]
2026-08-28T04:38:49+02:00,[38],[0]
2026-08-28T04:48:48+02:00,[37],[0]
2026-08-28T04:58:48+02:00,[37],[0]
2026-08-28T05:08:48+02:00,[37],[0]
2026-08-28T05:18:48+02:00,[37],[0]
2026-08-28T05:28:49+02:00,[38],[0]
2026-08-28T05:38:49+02:00,[37],[0]
2026-08-28T05:48:49+02:00,[38],[0]
2026-08-28T05:58:49+02:00,[38],[0]
2026-08-28T06:08:48+02:00,[37],[0]
2026-08-28T06:18:48+02:00,[37],[0]
2026-08-28T06:28:48+02:00,[37],[0]
2026-08-28T06:38:48+02:00,[37],[0]
2026-08-28T06:48:48+02:00,[37],[0]
2026-08-28T06:58:48+02:00,[38],[0]
2026-08-28T07:08:48+02:00,[37],[0]
2026-08-28T07:18:48+02:00,[37],[0]
2026-08-28T07:28:49+02:00,[38],[0]
2026-08-28T07:38:48+02:00,[37],[0]
2026-08-28T07:48:48+02:00,[37],[0]
2026-08-28T07:58:49+02:00,[38],[0]
2026-08-28T08:08:48+02:00,[37],[0]
2026-08-26T07:58:48+02:00,[37],[0]
2026-08-26T08:08:48+02:00,[37],[0]
2026-08-26T08:18:48+02:00,[37],[0]
2026-08-26T08:28:48+02:00,[37],[0]
2026-08-26T08:38:48+02:00,[37],[0]
2026-08-26T08:48:48+02:00,[37],[0]
2026-08-26T08:58:48+02:00,[37],[0]
2026-08-26T09:08:48+02:00,[37],[0]
2026-08-26T09:18:48+02:00,[37],[0]
2026-08-26T09:28:49+02:00,[38],[0]
2026-08-26T09:38:48+02:00,[37],[0]
2026-08-26T09:48:49+02:00,[37],[0]
2026-08-26T09:58:48+02:00,[37],[0]
2026-08-26T10:08:49+02:00,[38],[0]
2026-08-26T10:18:49+02:00,[38],[0]
2026-08-26T10:28:48+02:00,[37],[0]
2026-08-26T10:38:49+02:00,[38],[0]
2026-08-26T10:48:48+02:00,[37],[0]
2026-08-26T10:58:48+02:00,[37],[0]
2026-08-26T11:08:49+02:00,[37],[0]
2026-08-26T11:18:49+02:00,[38],[0]
2026-08-26T11:28:48+02:00,[37],[0]
2026-08-26T11:38:48+02:00,[37],[0]
2026-08-26T11:48:48+02:00,[37],[0]
2026-08-26T11:58:48+02:00,[37],[0]
2026-08-26T12:09:12+02:00,[37],[0]
2026-08-26T12:18:48+02:00,[37],[0]
2026-08-26T12:28:48+02:00,[37],[0]
2026-08-26T12:38:49+02:00,[37],[0]
2026-08-26T12:48:48+02:00,[37],[0]
2026-08-26T12:58:48+02:00,[37],[0]
2026-08-26T13:08:48+02:00,[37],[0]
2026-08-26T13:38:47+02:00,[37],[0]
2026-08-26T18:00:00+02:00,[60],[0]
2026-08-27T00:48:47+02:00,[37],[0]
2026-08-27T00:58:48+02:00,[38],[0]
2026-08-27T01:08:49+02:00,[38],[0]
2026-08-27T01:18:49+02:00,[38],[0]
2026-08-27T01:28:49+02:00,[38],[0]
2026-08-27T01:38:48+02:00,[37],[0]
2026-08-27T01:48:48+02:00,[37],[0]
2026-08-27T01:58:48+02:00,[38],[0]
2026-08-27T02:08:49+02:00,[38],[0]
2026-08-27T02:18:48+02:00,[37],[0]
2026-08-27T02:28:48+02:00,[37],[0]
2026-08-27T02:38:49+02:00,[37],[0]
2026-08-27T02:48:48+02:00,[37],[0]
2026-08-27T02:58:49+02:00,[38],[0]
2026-08-27T03:18:48+02:00,[37],[0]
2026-08-27T03:38:49+02:00,[38],[0]
2026-08-27T03:48:49+02:00,[38],[0]
2026-08-27T03:58:49+02:00,[38],[0]
2026-08-27T04:08:49+02:00,[37],[0]
2026-08-27T04:18:48+02:00,[37],[0]
2026-08-27T04:28:49+02:00,[37],[0]
2026-08-27T04:38:48+02:00,[37],[0]
2026-08-27T04:48:49+02:00,[38],[0]
2026-08-27T04:58:48+02:00,[37],[0]
2026-08-27T05:18:48+02:00,[37],[0]
2026-08-27T05:38:48+02:00,[38],[0]
2026-08-27T05:48:48+02:00,[37],[0]
2026-08-27T05:58:48+02:00,[37],[0]
2026-08-27T06:09:46+02:00,[38],[0]
2026-08-27T06:18:48+02:00,[37],[0]
2026-08-27T06:28:47+02:00,[37],[0]
2026-08-27T06:38:49+02:00,[38],[0]
2026-08-27T06:48:48+02:00,[37],[0]
2026-08-27T06:58:48+02:00,[37],[0]
2026-08-27T07:08:48+02:00,[37],[0]
2026-08-27T07:18:49+02:00,[37],[0]
2026-08-27T07:28:48+02:00,[37],[0]
2026-08-27T07:38:48+02:00,[38],[0]
2026-08-27T07:58:49+02:00,[38],[0]
2026-08-27T08:08:48+02:00,[37],[0]
2026-08-27T08:18:49+02:00,[38],[0]
2026-08-27T08:38:47+02:00,[37],[0]
2026-08-27T08:48:48+02:00,[37],[0]
2026-08-27T08:58:48+02:00,[37],[0]
2026-08-27T09:08:49+02:00,[38],[0]
2026-08-25T09:28:51+02:00,[37],[0]
2026-08-25T09:38:51+02:00,[37],[0]
2026-08-25T09:48:51+02:00,[37],[0]
2026-08-25T09:58:52+02:00,[38],[0]
2026-08-25T10:08:51+02:00,[37],[0]
2026-08-25T10:18:52+02:00,[38],[0]
2026-08-25T10:28:51+02:00,[37],[0]
2026-08-25T10:38:51+02:00,[37],[0]
2026-08-25T10:48:51+02:00,[37],[0]
2026-08-25T10:58:50+02:00,[37],[0]
2026-08-25T11:08:51+02:00,[37],[0]
2026-08-25T11:18:51+02:00,[37],[0]
2026-08-25T11:28:51+02:00,[37],[0]
2026-08-25T11:38:51+02:00,[37],[0]
2026-08-25T11:48:52+02:00,[38],[0]
2026-08-25T11:58:51+02:00,[38],[0]
2026-08-25T12:08:51+02:00,[37],[0]
2026-08-25T12:18:51+02:00,[37],[0]
2026-08-25T12:28:51+02:00,[37],[0]
2026-08-25T12:38:51+02:00,[37],[0]
2026-08-25T12:48:51+02:00,[37],[0]
2026-08-25T12:58:50+02:00,[37],[0]
2026-08-25T18:00:00+02:00,[60],[0]
2026-08-25T22:48:51+02:00,[37],[0]
2026-08-25T22:58:52+02:00,[37],[0]
2026-08-25T23:09:13+02:00,[37],[0]
2026-08-25T23:18:52+02:00,[38],[0]
2026-08-25T23:28:51+02:00,[37],[0]
2026-08-25T23:38:52+02:00,[37],[0]
2026-08-25T23:48:51+02:00,[37],[0]
2026-08-25T23:58:52+02:00,[38],[0]
2026-08-26T00:08:51+02:00,[37],[0]
2026-08-26T00:18:51+02:00,[37],[0]
2026-08-26T00:28:52+02:00,[37],[0]
2026-08-26T00:38:51+02:00,[37],[0]
2026-08-26T00:48:48+02:00,[37],[0]
2026-08-26T00:58:48+02:00,[37],[0]
2026-08-26T01:08:49+02:00,[38],[0]
2026-08-26T01:18:48+02:00,[37],[0]
2026-08-26T01:28:48+02:00,[37],[0]
2026-08-26T01:38:48+02:00,[37],[0]
2026-08-26T01:48:48+02:00,[37],[0]
2026-08-26T01:58:48+02:00,[37],[0]
2026-08-26T02:08:48+02:00,[37],[0]
2026-08-26T02:18:48+02:00,[38],[0]
2026-08-26T02:28:49+02:00,[38],[0]
2026-08-26T02:38:48+02:00,[37],[0]
2026-08-26T02:48:48+02:00,[37],[0]
2026-08-26T02:58:48+02:00,[37],[0]
2026-08-26T03:08:48+02:00,[37],[0]
2026-08-26T03:18:47+02:00,[37],[0]
2026-08-26T03:28:48+02:00,[37],[0]
2026-08-26T03:38:49+02:00,[38],[0]
2026-08-26T03:48:47+02:00,[37],[0]
2026-08-26T03:58:48+02:00,[37],[0]
2026-08-26T04:18:48+02:00,[38],[0]
2026-08-26T04:38:48+02:00,[38],[0]
2026-08-26T04:48:48+02:00,[37],[0]
2026-08-26T04:58:48+02:00,[37],[0]
2026-08-26T05:08:48+02:00,[37],[0]
2026-08-26T05:18:48+02:00,[37],[0]
2026-08-26T05:28:48+02:00,[37],[0]
2026-08-26T05:38:48+02:00,[37],[0]
2026-08-26T05:48:48+02:00,[37],[0]
2026-08-26T05:58:48+02:00,[37],[0]
2026-08-26T06:08:48+02:00,[38],[0]
2026-08-26T06:18:48+02:00,[38],[0]
2026-08-26T06:28:49+02:00,[37],[0]
2026-08-26T06:38:48+02:00,[37],[0]
2026-08-26T06:48:48+02:00,[38],[0]
2026-08-26T06:58:48+02:00,[37],[0]
2026-08-26T07:08:48+02:00,[37],[0]
2026-08-26T07:18:48+02:00,[37],[0]
2026-08-26T07:28:49+02:00,[37],[0]
2026-08-26T07:38:49+02:00,[37],[0]
2026-08-26T07:48:48+02:00,[37],[0]
2026-08-24T09:18:51+02:00,[37],[0]
2026-08-24T09:28:52+02:00,[38],[0]
2026-08-24T09:38:51+02:00,[37],[0]
2026-08-24T09:48:52+02:00,[38],[0]
2026-08-24T09:58:51+02:00,[38],[0]
2026-08-24T10:08:51+02:00,[37],[0]
2026-08-24T10:18:52+02:00,[37],[0]
2026-08-24T10:28:52+02:00,[38],[0]
2026-08-24T10:38:51+02:00,[37],[0]
2026-08-24T10:48:52+02:00,[38],[0]
2026-08-24T10:58:51+02:00,[37],[0]
2026-08-24T11:08:51+02:00,[37],[0]
2026-08-24T11:18:51+02:00,[37],[0]
2026-08-24T11:28:51+02:00,[37],[0]
2026-08-24T11:38:51+02:00,[37],[0]
2026-08-24T11:48:51+02:00,[37],[0]
2026-08-24T11:58:50+02:00,[37],[0]
2026-08-24T12:08:51+02:00,[37],[0]
2026-08-24T12:18:52+02:00,[38],[0]
2026-08-24T12:30:06+02:00,[37],[0]
2026-08-24T12:38:51+02:00,[37],[0]
2026-08-24T12:48:51+02:00,[37],[0]
2026-08-24T12:58:52+02:00,[38],[0]
2026-08-24T13:08:51+02:00,[37],[0]
2026-08-24T13:18:51+02:00,[37],[0]
2026-08-24T18:00:00+02:00,[60],[0]
2026-08-24T22:38:51+02:00,[38],[0]
2026-08-24T22:58:51+02:00,[37],[0]
2026-08-24T23:08:51+02:00,[37],[0]
2026-08-24T23:18:51+02:00,[37],[0]
2026-08-24T23:28:52+02:00,[38],[0]
2026-08-24T23:38:51+02:00,[37],[0]
2026-08-24T23:48:51+02:00,[37],[0]
2026-08-24T23:58:51+02:00,[37],[0]
2026-08-25T00:08:51+02:00,[37],[0]
2026-08-25T00:18:52+02:00,[38],[0]
2026-08-25T00:28:51+02:00,[37],[0]
2026-08-25T00:38:51+02:00,[37],[0]
2026-08-25T00:48:52+02:00,[38],[0]
2026-08-25T00:58:52+02:00,[38],[0]
2026-08-25T01:08:52+02:00,[38],[0]
2026-08-25T01:18:51+02:00,[37],[0]
2026-08-25T01:28:51+02:00,[37],[0]
2026-08-25T01:38:52+02:00,[38],[0]
2026-08-25T01:48:51+02:00,[37],[0]
2026-08-25T01:58:51+02:00,[37],[0]
2026-08-25T02:08:52+02:00,[38],[0]
2026-08-25T02:18:51+02:00,[37],[0]
2026-08-25T02:28:52+02:00,[37],[0]
2026-08-25T02:38:52+02:00,[38],[0]
2026-08-25T02:48:51+02:00,[37],[0]
2026-08-25T02:58:52+02:00,[37],[0]
2026-08-25T03:08:52+02:00,[38],[0]
2026-08-25T03:18:51+02:00,[38],[0]
2026-08-25T03:28:50+02:00,[37],[0]
2026-08-25T03:38:51+02:00,[37],[0]
2026-08-25T03:48:52+02:00,[37],[0]
2026-08-25T03:58:51+02:00,[37],[0]
2026-08-25T04:08:51+02:00,[37],[0]
2026-08-25T04:18:52+02:00,[37],[0]
2026-08-25T04:28:51+02:00,[37],[0]
2026-08-25T04:38:51+02:00,[37],[0]
2026-08-25T04:48:52+02:00,[38],[0]
2026-08-25T04:58:52+02:00,[38],[0]
2026-08-25T05:08:52+02:00,[38],[0]
2026-08-25T05:18:51+02:00,[37],[0]
2026-08-25T05:28:52+02:00,[38],[0]
2026-08-25T05:38:51+02:00,[37],[0]
2026-08-25T05:48:52+02:00,[37],[0]
2026-08-25T05:58:51+02:00,[38],[0]
2026-08-25T06:08:52+02:00,[37],[0]
2026-08-25T06:18:51+02:00,[37],[0]
2026-08-25T06:28:52+02:00,[38],[0]
2026-08-25T06:38:52+02:00,[38],[0]
2026-08-25T06:48:52+02:00,[38],[0]
2026-08-25T06:58:51+02:00,[37],[0]
2026-08-25T07:08:52+02:00,[38],[0]
2026-08-25T07:18:51+02:00,[37],[0]
2026-08-25T07:28:52+02:00,[38],[0]
2026-08-25T07:38:51+02:00,[37],[0]
2026-08-25T07:48:52+02:00,[37],[0]
2026-08-25T07:58:51+02:00,[37],[0]
2026-08-25T08:08:52+02:00,[38],[0]
2026-08-25T08:18:51+02:00,[37],[0]
2026-08-25T08:28:52+02:00,[38],[0]
2026-08-25T08:38:51+02:00,[37],[0]
2026-08-25T08:48:51+02:00,[37],[0]
2026-08-25T08:58:51+02:00,[37],[0]
2026-08-25T09:08:51+02:00,[37],[0]
2026-08-25T09:18:51+02:00,[37],[0]
2026-08-23T09:28:51+02:00,[37],[0]
2026-08-23T09:38:52+02:00,[38],[0]
2026-08-23T09:48:51+02:00,[37],[0]
2026-08-23T09:58:51+02:00,[37],[0]
2026-08-23T10:08:51+02:00,[37],[0]
2026-08-23T10:18:51+02:00,[37],[0]
2026-08-23T10:28:50+02:00,[37],[0]
2026-08-23T10:38:52+02:00,[38],[0]
2026-08-23T10:48:51+02:00,[37],[0]
2026-08-23T10:58:51+02:00,[37],[0]
2026-08-23T11:08:52+02:00,[37],[0]
2026-08-23T11:18:51+02:00,[37],[0]
2026-08-23T11:28:52+02:00,[38],[0]
2026-08-23T11:38:51+02:00,[37],[0]
2026-08-23T11:48:51+02:00,[37],[0]
2026-08-23T11:58:51+02:00,[37],[0]
2026-08-23T12:08:50+02:00,[37],[0]
2026-08-23T12:28:52+02:00,[37],[0]
2026-08-23T12:38:52+02:00,[37],[0]
2026-08-23T12:48:52+02:00,[38],[0]
2026-08-23T12:58:51+02:00,[37],[0]
2026-08-23T13:08:51+02:00,[37],[0]
2026-08-23T13:18:52+02:00,[38],[0]
2026-08-23T13:28:52+02:00,[37],[0]
2026-08-23T13:38:50+02:00,[37],[0]
2026-08-23T13:48:51+02:00,[37],[0]
2026-08-23T13:58:51+02:00,[37],[0]
2026-08-23T14:08:51+02:00,[37],[0]
2026-08-23T14:18:51+02:00,[37],[0]
2026-08-23T14:38:52+02:00,[38],[0]
2026-08-23T14:48:51+02:00,[37],[0]
2026-08-23T14:58:51+02:00,[37],[0]
2026-08-23T15:08:50+02:00,[37],[0]
2026-08-23T15:18:51+02:00,[37],[0]
2026-08-23T15:28:51+02:00,[37],[0]
2026-08-23T15:38:52+02:00,[37],[0]
2026-08-23T15:48:52+02:00,[38],[0]
2026-08-23T18:00:00+02:00,[60],[0]
2026-08-23T22:38:52+02:00,[37],[0]
2026-08-23T22:48:50+02:00,[37],[0]
2026-08-23T22:58:51+02:00,[37],[0]
2026-08-23T23:08:52+02:00,[38],[0]
2026-08-23T23:28:52+02:00,[37],[0]
2026-08-23T23:38:51+02:00,[37],[0]
2026-08-23T23:48:52+02:00,[38],[0]
2026-08-23T23:58:51+02:00,[37],[0]
2026-08-24T00:08:51+02:00,[37],[0]
2026-08-24T00:18:51+02:00,[37],[0]
2026-08-24T00:28:51+02:00,[37],[0]
2026-08-24T00:38:51+02:00,[37],[0]
2026-08-24T00:48:51+02:00,[37],[0]
2026-08-24T01:08:51+02:00,[37],[0]
2026-08-24T01:18:51+02:00,[37],[0]
2026-08-24T01:28:51+02:00,[37],[0]
2026-08-24T01:38:51+02:00,[38],[0]
2026-08-24T01:48:51+02:00,[37],[0]
2026-08-24T01:58:51+02:00,[37],[0]
2026-08-24T02:08:51+02:00,[37],[0]
2026-08-24T02:18:52+02:00,[37],[0]
2026-08-24T02:28:51+02:00,[37],[0]
2026-08-24T02:38:51+02:00,[37],[0]
2026-08-24T02:48:51+02:00,[37],[0]
2026-08-24T02:58:52+02:00,[38],[0]
2026-08-24T03:08:52+02:00,[38],[0]
2026-08-24T03:18:52+02:00,[38],[0]
2026-08-24T03:28:51+02:00,[37],[0]
2026-08-24T03:38:52+02:00,[38],[0]
2026-08-24T03:48:52+02:00,[38],[0]
2026-08-24T03:58:52+02:00,[37],[0]
2026-08-24T04:08:51+02:00,[37],[0]
2026-08-24T04:18:51+02:00,[37],[0]
2026-08-24T04:28:51+02:00,[38],[0]
2026-08-24T04:38:51+02:00,[37],[0]
2026-08-24T04:48:52+02:00,[38],[0]
2026-08-24T04:58:52+02:00,[38],[0]
2026-08-24T05:08:52+02:00,[37],[0]
2026-08-24T05:18:51+02:00,[37],[0]
2026-08-24T05:28:51+02:00,[37],[0]
2026-08-24T05:38:52+02:00,[38],[0]
2026-08-24T05:48:51+02:00,[37],[0]
2026-08-24T05:58:52+02:00,[38],[0]
2026-08-24T06:08:51+02:00,[37],[0]
2026-08-24T06:18:51+02:00,[37],[0]
2026-08-24T06:28:51+02:00,[37],[0]
2026-08-24T06:38:51+02:00,[37],[0]
2026-08-24T06:48:51+02:00,[37],[0]
2026-08-24T06:58:51+02:00,[37],[0]
2026-08-24T07:08:51+02:00,[38],[0]
2026-08-24T07:18:51+02:00,[37],[0]
2026-08-24T07:28:52+02:00,[38],[0]
2026-08-24T07:38:52+02:00,[38],[0]
2026-08-24T07:48:51+02:00,[37],[0]
2026-08-24T07:58:51+02:00,[37],[0]
2026-08-24T08:08:51+02:00,[38],[0]
2026-08-24T08:18:51+02:00,[37],[0]
2026-08-24T08:28:52+02:00,[37],[0]
2026-08-24T08:38:52+02:00,[37],[0]
2026-08-24T08:48:51+02:00,[37],[0]
2026-08-24T08:58:51+02:00,[37],[0]
2026-08-24T09:08:52+02:00,[37],[0]
2026-08-22T08:28:55+02:00,[38],[0]
2026-08-22T08:38:54+02:00,[37],[0]
2026-08-22T08:48:55+02:00,[38],[0]
2026-08-22T08:58:54+02:00,[37],[0]
2026-08-22T09:08:54+02:00,[37],[0]
2026-08-22T09:38:55+02:00,[38],[0]
2026-08-22T09:58:53+02:00,[37],[0]
2026-08-22T10:08:54+02:00,[37],[0]
2026-08-22T10:18:54+02:00,[37],[0]
2026-08-22T10:28:55+02:00,[38],[0]
2026-08-22T10:38:55+02:00,[38],[0]
2026-08-22T10:48:54+02:00,[37],[0]
2026-08-22T10:58:54+02:00,[37],[0]
2026-08-22T11:08:55+02:00,[38],[0]
2026-08-22T11:18:55+02:00,[38],[0]
2026-08-22T11:28:54+02:00,[37],[0]
2026-08-22T11:38:53+02:00,[37],[0]
2026-08-22T11:48:54+02:00,[38],[0]
2026-08-22T11:58:55+02:00,[38],[0]
2026-08-22T12:08:54+02:00,[37],[0]
2026-08-22T12:18:53+02:00,[37],[0]
2026-08-22T12:28:54+02:00,[37],[0]
2026-08-22T12:48:54+02:00,[37],[0]
2026-08-22T12:58:54+02:00,[37],[0]
2026-08-22T13:08:54+02:00,[37],[0]
2026-08-22T13:18:54+02:00,[37],[0]
2026-08-22T13:28:54+02:00,[37],[0]
2026-08-22T13:38:54+02:00,[37],[0]
2026-08-22T13:48:54+02:00,[37],[0]
2026-08-22T13:58:54+02:00,[37],[0]
2026-08-22T14:08:54+02:00,[37],[0]
2026-08-22T14:18:54+02:00,[37],[0]
2026-08-22T14:28:54+02:00,[37],[0]
2026-08-22T14:38:54+02:00,[37],[0]
2026-08-22T14:48:54+02:00,[37],[0]
2026-08-22T14:58:54+02:00,[37],[0]
2026-08-22T15:08:54+02:00,[37],[0]
2026-08-22T15:18:54+02:00,[38],[0]
2026-08-22T15:28:54+02:00,[37],[0]
2026-08-22T15:38:54+02:00,[37],[0]
2026-08-22T15:48:54+02:00,[37],[0]
2026-08-22T15:58:55+02:00,[38],[0]
2026-08-22T16:08:54+02:00,[37],[0]
2026-08-22T16:18:54+02:00,[37],[0]
2026-08-22T18:00:00+02:00,[60],[0]
2026-08-21T09:18:54+02:00,[37],[0]
2026-08-21T10:48:55+02:00,[37],[0]
2026-08-21T10:58:54+02:00,[37],[0]
2026-08-21T11:18:54+02:00,[37],[0]
2026-08-21T11:28:55+02:00,[38],[0]
2026-08-21T11:38:55+02:00,[37],[0]
2026-08-21T11:48:54+02:00,[37],[0]
2026-08-21T11:58:55+02:00,[38],[0]
2026-08-21T12:08:55+02:00,[37],[0]
2026-08-21T12:18:53+02:00,[37],[0]
2026-08-21T12:28:55+02:00,[38],[0]
2026-08-21T12:48:53+02:00,[37],[0]
2026-08-21T12:58:54+02:00,[37],[0]
2026-08-21T13:08:54+02:00,[37],[0]
2026-08-21T13:18:54+02:00,[37],[0]
2026-08-21T13:38:55+02:00,[38],[0]
2026-08-21T13:48:54+02:00,[37],[0]
2026-08-21T13:58:54+02:00,[37],[0]
2026-08-21T14:08:54+02:00,[37],[0]
2026-08-21T14:18:55+02:00,[38],[0]
2026-08-21T14:28:55+02:00,[38],[0]
2026-08-21T14:38:53+02:00,[37],[0]
2026-08-21T14:48:54+02:00,[37],[0]
2026-08-21T14:58:54+02:00,[37],[0]
2026-08-21T15:08:54+02:00,[37],[0]
2026-08-21T15:18:54+02:00,[37],[0]
2026-08-21T15:28:54+02:00,[37],[0]
2026-08-21T15:38:54+02:00,[37],[0]
2026-08-21T15:48:54+02:00,[37],[0]
2026-08-21T15:58:54+02:00,[37],[0]
2026-08-21T16:08:54+02:00,[37],[0]
2026-08-21T16:18:54+02:00,[37],[0]
2026-08-21T16:28:54+02:00,[38],[0]
2026-08-21T16:38:53+02:00,[37],[0]
2026-08-21T18:00:00+02:00,[60],[0]
2026-08-22T03:59:50+02:00,[38],[0]
2026-08-22T04:09:21+02:00,[38],[0]
2026-08-22T04:18:54+02:00,[37],[0]
2026-08-22T04:28:55+02:00,[38],[0]
2026-08-22T04:38:54+02:00,[37],[0]
2026-08-22T04:48:54+02:00,[37],[0]
2026-08-22T04:58:55+02:00,[38],[0]
2026-08-22T05:08:54+02:00,[37],[0]
2026-08-22T05:18:54+02:00,[37],[0]
2026-08-22T05:28:54+02:00,[37],[0]
2026-08-22T05:38:53+02:00,[37],[0]
2026-08-22T05:48:53+02:00,[37],[0]
2026-08-22T05:58:53+02:00,[37],[0]
2026-08-22T06:08:55+02:00,[37],[0]
2026-08-22T06:18:55+02:00,[38],[0]
2026-08-22T06:28:55+02:00,[38],[0]
2026-08-22T06:38:54+02:00,[37],[0]
2026-08-22T06:48:54+02:00,[37],[0]
2026-08-22T07:08:55+02:00,[38],[0]
2026-08-22T07:18:55+02:00,[38],[0]
2026-08-22T07:28:54+02:00,[37],[0]
2026-08-22T07:38:54+02:00,[37],[0]
2026-08-22T07:48:54+02:00,[37],[0]
2026-08-22T07:58:53+02:00,[37],[0]
2026-08-22T08:08:54+02:00,[37],[0]
2026-08-22T08:18:55+02:00,[38],[0]
2026-08-20T07:48:55+02:00,[37],[0]
2026-08-20T07:58:54+02:00,[38],[0]
2026-08-20T08:08:55+02:00,[38],[0]
2026-08-20T08:18:54+02:00,[37],[0]
2026-08-20T08:28:54+02:00,[37],[0]
2026-08-20T08:38:54+02:00,[37],[0]
2026-08-20T08:48:54+02:00,[37],[0]
2026-08-20T08:58:54+02:00,[37],[0]
2026-08-20T09:08:54+02:00,[37],[0]
2026-08-20T09:18:55+02:00,[38],[0]
2026-08-20T09:28:54+02:00,[37],[0]
2026-08-20T09:38:54+02:00,[38],[0]
2026-08-20T09:48:54+02:00,[37],[0]
2026-08-20T09:58:54+02:00,[37],[0]
2026-08-20T10:08:54+02:00,[37],[0]
2026-08-20T10:18:54+02:00,[37],[0]
2026-08-20T10:28:54+02:00,[37],[0]
2026-08-20T10:38:54+02:00,[37],[0]
2026-08-20T10:48:54+02:00,[37],[0]
2026-08-20T10:58:54+02:00,[37],[0]
2026-08-20T11:08:54+02:00,[37],[0]
2026-08-20T11:18:54+02:00,[37],[0]
2026-08-20T11:28:54+02:00,[37],[0]
2026-08-20T11:38:54+02:00,[37],[0]
2026-08-20T11:49:07+02:00,[38],[0]
2026-08-20T11:58:55+02:00,[38],[0]
2026-08-20T12:08:55+02:00,[38],[0]
2026-08-20T12:18:54+02:00,[37],[0]
2026-08-20T12:28:54+02:00,[37],[0]
2026-08-20T12:58:54+02:00,[37],[0]
2026-08-20T13:08:54+02:00,[37],[0]
2026-08-20T13:18:53+02:00,[37],[0]
2026-08-20T13:28:55+02:00,[38],[0]
2026-08-20T13:38:55+02:00,[38],[0]
2026-08-20T13:48:54+02:00,[37],[0]
2026-08-20T13:58:55+02:00,[38],[0]
2026-08-20T14:08:55+02:00,[38],[0]
2026-08-20T14:18:54+02:00,[37],[0]
2026-08-20T14:28:54+02:00,[37],[0]
2026-08-20T14:38:54+02:00,[37],[0]
2026-08-20T14:48:54+02:00,[38],[0]
2026-08-20T14:58:54+02:00,[37],[0]
2026-08-20T15:08:54+02:00,[37],[0]
2026-08-20T15:18:54+02:00,[37],[0]
2026-08-20T15:28:55+02:00,[38],[0]
2026-08-20T15:38:54+02:00,[37],[0]
2026-08-20T18:00:00+02:00,[60],[0]
2026-08-21T02:18:54+02:00,[37],[0]
2026-08-21T02:28:55+02:00,[38],[0]
2026-08-21T02:38:54+02:00,[38],[0]
2026-08-21T02:48:54+02:00,[37],[0]
2026-08-21T02:58:54+02:00,[37],[0]
2026-08-21T03:08:54+02:00,[37],[0]
2026-08-21T03:18:54+02:00,[37],[0]
2026-08-21T03:28:54+02:00,[37],[0]
2026-08-21T03:38:55+02:00,[38],[0]
2026-08-21T03:48:54+02:00,[37],[0]
2026-08-21T03:58:54+02:00,[37],[0]
2026-08-21T04:08:54+02:00,[37],[0]
2026-08-21T04:18:55+02:00,[38],[0]
2026-08-21T04:28:54+02:00,[37],[0]
2026-08-21T04:38:54+02:00,[37],[0]
2026-08-21T04:48:54+02:00,[37],[0]
2026-08-21T04:58:54+02:00,[37],[0]
2026-08-21T05:08:54+02:00,[37],[0]
2026-08-21T05:18:54+02:00,[37],[0]
2026-08-21T05:28:54+02:00,[38],[0]
2026-08-21T05:38:54+02:00,[37],[0]
2026-08-21T05:48:53+02:00,[37],[0]
2026-08-21T06:08:54+02:00,[37],[0]
2026-08-21T06:18:55+02:00,[38],[0]
2026-08-21T06:28:54+02:00,[37],[0]
2026-08-21T06:38:54+02:00,[37],[0]
2026-08-21T06:58:54+02:00,[37],[0]
2026-08-21T07:08:54+02:00,[37],[0]
2026-08-21T07:18:54+02:00,[37],[0]
2026-08-21T07:28:54+02:00,[37],[0]
2026-08-21T07:38:55+02:00,[38],[0]
2026-08-21T07:48:54+02:00,[37],[0]
2026-08-21T07:58:54+02:00,[37],[0]
2026-08-21T08:08:54+02:00,[37],[0]
2026-08-21T08:18:54+02:00,[37],[0]
2026-08-21T08:28:54+02:00,[37],[0]
2026-08-21T08:38:55+02:00,[38],[0]
2026-08-21T08:48:55+02:00,[37],[0]
2026-08-21T08:58:54+02:00,[37],[0]
2026-08-21T09:08:54+02:00,[37],[0]
2026-08-19T09:08:57+02:00,[37],[0]
2026-08-19T09:18:57+02:00,[37],[0]
2026-08-19T09:28:56+02:00,[37],[0]
2026-08-19T09:38:57+02:00,[37],[0]
2026-08-19T09:48:58+02:00,[38],[0]
2026-08-19T09:58:57+02:00,[37],[0]
2026-08-19T10:08:57+02:00,[37],[0]
2026-08-19T10:18:57+02:00,[37],[0]
2026-08-19T10:28:58+02:00,[38],[0]
2026-08-19T10:38:58+02:00,[38],[0]
2026-08-19T10:48:57+02:00,[37],[0]
2026-08-19T10:58:58+02:00,[38],[0]
2026-08-19T11:08:57+02:00,[37],[0]
2026-08-19T11:18:57+02:00,[37],[0]
2026-08-19T11:28:57+02:00,[38],[0]
2026-08-19T11:38:57+02:00,[37],[0]
2026-08-19T11:48:56+02:00,[37],[0]
2026-08-19T11:59:18+02:00,[37],[0]
2026-08-19T12:08:57+02:00,[37],[0]
2026-08-19T12:18:57+02:00,[37],[0]
2026-08-19T12:28:57+02:00,[37],[0]
2026-08-19T12:38:57+02:00,[37],[0]
2026-08-19T12:48:58+02:00,[37],[0]
2026-08-19T12:58:57+02:00,[37],[0]
2026-08-19T13:08:57+02:00,[37],[0]
2026-08-19T13:18:57+02:00,[37],[0]
2026-08-19T13:28:57+02:00,[37],[0]
2026-08-19T13:38:57+02:00,[37],[0]
2026-08-19T13:58:57+02:00,[37],[0]
2026-08-19T14:08:58+02:00,[38],[0]
2026-08-19T14:18:57+02:00,[37],[0]
2026-08-19T14:28:57+02:00,[38],[0]
2026-08-19T14:38:57+02:00,[37],[0]
2026-08-19T14:48:58+02:00,[37],[0]
2026-08-19T15:08:58+02:00,[38],[0]
2026-08-19T15:18:57+02:00,[37],[0]
2026-08-19T15:28:57+02:00,[37],[0]
2026-08-19T15:38:57+02:00,[37],[0]
2026-08-19T15:48:57+02:00,[37],[0]
2026-08-19T15:58:57+02:00,[37],[0]
2026-08-19T16:08:58+02:00,[38],[0]
2026-08-19T18:00:00+02:00,[60],[0]
2026-08-20T02:08:54+02:00,[37],[0]
2026-08-20T02:18:54+02:00,[37],[0]
2026-08-20T02:28:54+02:00,[37],[0]
2026-08-20T02:38:54+02:00,[37],[0]
2026-08-20T02:58:55+02:00,[38],[0]
2026-08-20T03:08:54+02:00,[37],[0]
2026-08-20T03:18:55+02:00,[38],[0]
2026-08-20T03:28:54+02:00,[37],[0]
2026-08-20T03:48:54+02:00,[38],[0]
2026-08-20T03:58:54+02:00,[37],[0]
2026-08-20T04:08:54+02:00,[37],[0]
2026-08-20T04:18:54+02:00,[37],[0]
2026-08-20T04:28:54+02:00,[37],[0]
2026-08-20T04:38:55+02:00,[38],[0]
2026-08-20T04:48:54+02:00,[37],[0]
2026-08-20T04:58:54+02:00,[37],[0]
2026-08-20T05:08:54+02:00,[37],[0]
2026-08-20T05:18:54+02:00,[37],[0]
2026-08-20T05:38:54+02:00,[37],[0]
2026-08-20T05:48:54+02:00,[37],[0]
2026-08-20T05:58:55+02:00,[38],[0]
2026-08-20T06:28:54+02:00,[37],[0]
2026-08-20T06:38:53+02:00,[37],[0]
2026-08-18T09:08:57+02:00,[37],[0]
2026-08-18T09:18:57+02:00,[37],[0]
2026-08-18T09:28:57+02:00,[37],[0]
2026-08-18T09:38:57+02:00,[37],[0]
2026-08-18T09:48:57+02:00,[37],[0]
2026-08-18T10:08:57+02:00,[37],[0]
2026-08-18T10:18:57+02:00,[37],[0]
2026-08-18T10:28:57+02:00,[37],[0]
2026-08-18T10:38:57+02:00,[37],[0]
2026-08-18T10:48:57+02:00,[37],[0]
2026-08-18T10:58:57+02:00,[37],[0]
2026-08-18T11:08:58+02:00,[37],[0]
2026-08-18T11:18:57+02:00,[37],[0]
2026-08-18T11:28:57+02:00,[37],[0]
2026-08-18T11:48:57+02:00,[37],[0]
2026-08-18T11:58:57+02:00,[37],[0]
2026-08-18T12:08:56+02:00,[37],[0]
2026-08-18T12:18:57+02:00,[37],[0]
2026-08-18T12:28:57+02:00,[37],[0]
2026-08-18T12:38:56+02:00,[37],[0]
2026-08-18T12:48:57+02:00,[37],[0]
2026-08-18T12:58:57+02:00,[37],[0]
2026-08-18T13:08:57+02:00,[37],[0]
2026-08-18T13:18:57+02:00,[37],[0]
2026-08-18T13:28:58+02:00,[37],[0]
2026-08-18T13:48:58+02:00,[38],[0]
2026-08-18T13:58:58+02:00,[38],[0]
2026-08-18T14:08:57+02:00,[38],[0]
2026-08-18T14:18:57+02:00,[37],[0]
2026-08-18T14:28:57+02:00,[38],[0]
2026-08-18T14:38:56+02:00,[37],[0]
2026-08-18T14:48:57+02:00,[37],[0]
2026-08-18T14:58:57+02:00,[37],[0]
2026-08-18T15:08:57+02:00,[37],[0]
2026-08-18T15:18:58+02:00,[38],[0]
2026-08-18T15:28:57+02:00,[37],[0]
2026-08-18T15:38:58+02:00,[37],[0]
2026-08-18T15:48:56+02:00,[37],[0]
2026-08-18T16:08:58+02:00,[38],[0]
2026-08-18T16:18:57+02:00,[37],[0]
2026-08-18T16:28:58+02:00,[37],[0]
2026-08-18T16:38:58+02:00,[38],[0]
2026-08-18T16:48:58+02:00,[37],[0]
2026-08-18T16:58:57+02:00,[37],[0]
2026-08-18T18:00:00+02:00,[60],[0]
2026-08-19T01:58:56+02:00,[37],[0]
2026-08-19T02:08:57+02:00,[37],[0]
2026-08-19T02:18:57+02:00,[37],[0]
2026-08-19T02:38:57+02:00,[37],[0]
2026-08-19T02:48:57+02:00,[37],[0]
2026-08-19T02:58:57+02:00,[37],[0]
2026-08-19T03:08:57+02:00,[37],[0]
2026-08-19T03:18:57+02:00,[37],[0]
2026-08-19T03:28:57+02:00,[37],[0]
2026-08-19T03:38:57+02:00,[37],[0]
2026-08-19T03:48:58+02:00,[38],[0]
2026-08-19T03:58:57+02:00,[37],[0]
2026-08-19T04:08:57+02:00,[37],[0]
2026-08-19T04:18:57+02:00,[37],[0]
2026-08-19T04:28:58+02:00,[38],[0]
2026-08-19T04:38:57+02:00,[37],[0]
2026-08-19T04:48:57+02:00,[37],[0]
2026-08-19T04:58:57+02:00,[37],[0]
2026-08-19T05:08:57+02:00,[37],[0]
2026-08-19T05:18:57+02:00,[37],[0]
2026-08-19T05:28:58+02:00,[38],[0]
2026-08-19T05:38:57+02:00,[37],[0]
2026-08-19T05:48:57+02:00,[37],[0]
2026-08-19T06:08:58+02:00,[38],[0]
2026-08-19T06:18:57+02:00,[37],[0]
2026-08-19T06:28:57+02:00,[37],[0]
2026-08-19T06:38:57+02:00,[37],[0]
2026-08-19T06:48:58+02:00,[38],[0]
2026-08-19T06:58:57+02:00,[37],[0]
2026-08-19T07:08:58+02:00,[37],[0]
2026-08-19T07:18:58+02:00,[38],[0]
2026-08-19T07:28:58+02:00,[38],[0]
2026-08-19T07:38:57+02:00,[37],[0]
2026-08-19T07:48:57+02:00,[37],[0]
2026-08-19T07:58:57+02:00,[37],[0]
2026-08-19T08:08:57+02:00,[37],[0]
2026-08-19T08:18:57+02:00,[37],[0]
2026-08-19T08:28:57+02:00,[37],[0]
2026-08-19T08:38:58+02:00,[37],[0]
2026-08-19T08:48:58+02:00,[38],[0]
2026-08-19T08:58:57+02:00,[37],[0]
2026-08-17T09:29:00+02:00,[38],[0]
2026-08-17T09:39:01+02:00,[37],[0]
2026-08-17T09:49:00+02:00,[37],[0]
2026-08-17T09:59:00+02:00,[37],[0]
2026-08-17T10:09:01+02:00,[38],[0]
2026-08-17T10:19:00+02:00,[37],[0]
2026-08-17T10:29:00+02:00,[37],[0]
2026-08-17T10:39:00+02:00,[37],[0]
2026-08-17T11:19:01+02:00,[37],[0]
2026-08-17T11:29:00+02:00,[37],[0]
2026-08-17T11:49:01+02:00,[38],[0]
2026-08-17T11:59:00+02:00,[37],[0]
2026-08-17T12:09:01+02:00,[38],[0]
2026-08-17T12:19:00+02:00,[37],[0]
2026-08-17T12:29:00+02:00,[37],[0]
2026-08-17T12:39:00+02:00,[37],[0]
2026-08-17T12:49:00+02:00,[37],[0]
2026-08-17T12:59:01+02:00,[38],[0]
2026-08-17T13:09:00+02:00,[37],[0]
2026-08-17T13:19:00+02:00,[37],[0]
2026-08-17T13:29:00+02:00,[37],[0]
2026-08-17T13:39:00+02:00,[37],[0]
2026-08-17T13:49:00+02:00,[37],[0]
2026-08-17T13:59:00+02:00,[37],[0]
2026-08-17T14:09:00+02:00,[37],[0]
2026-08-17T14:19:00+02:00,[37],[0]
2026-08-17T14:39:00+02:00,[37],[0]
2026-08-17T14:48:59+02:00,[37],[0]
2026-08-17T14:59:00+02:00,[37],[0]
2026-08-17T15:09:01+02:00,[38],[0]
2026-08-17T15:19:00+02:00,[37],[0]
2026-08-17T15:28:59+02:00,[37],[0]
2026-08-17T15:39:00+02:00,[37],[0]
2026-08-17T15:49:01+02:00,[37],[0]
2026-08-17T15:59:01+02:00,[37],[0]
2026-08-17T18:00:00+02:00,[60],[0]
2026-08-18T01:18:57+02:00,[37],[0]
2026-08-18T01:38:57+02:00,[37],[0]
2026-08-18T01:48:58+02:00,[38],[0]
2026-08-18T01:58:57+02:00,[37],[0]
2026-08-18T02:08:57+02:00,[37],[0]
2026-08-18T02:18:58+02:00,[38],[0]
2026-08-18T02:28:57+02:00,[37],[0]
2026-08-18T02:38:57+02:00,[38],[0]
2026-08-18T02:48:57+02:00,[37],[0]
2026-08-18T02:58:57+02:00,[37],[0]
2026-08-18T03:08:59+02:00,[38],[0]
2026-08-18T03:18:57+02:00,[37],[0]
2026-08-18T03:28:57+02:00,[37],[0]
2026-08-18T03:38:57+02:00,[37],[0]
2026-08-18T03:48:57+02:00,[37],[0]
2026-08-18T03:58:57+02:00,[37],[0]
2026-08-18T04:08:57+02:00,[37],[0]
2026-08-18T04:18:57+02:00,[37],[0]
2026-08-18T04:28:58+02:00,[38],[0]
2026-08-18T04:38:57+02:00,[37],[0]
2026-08-18T04:48:57+02:00,[38],[0]
2026-08-18T04:58:57+02:00,[37],[0]
2026-08-18T05:08:57+02:00,[38],[0]
2026-08-18T05:18:58+02:00,[37],[0]
2026-08-18T05:28:57+02:00,[37],[0]
2026-08-18T05:38:57+02:00,[37],[0]
2026-08-18T05:48:58+02:00,[37],[0]
2026-08-18T05:58:58+02:00,[38],[0]
2026-08-18T06:08:57+02:00,[37],[0]
2026-08-18T06:18:57+02:00,[37],[0]
2026-08-18T06:28:57+02:00,[37],[0]
2026-08-18T06:38:57+02:00,[37],[0]
2026-08-18T06:48:57+02:00,[37],[0]
2026-08-18T06:58:58+02:00,[38],[0]
2026-08-18T07:08:58+02:00,[37],[0]
2026-08-18T07:18:57+02:00,[37],[0]
2026-08-18T07:28:57+02:00,[37],[0]
2026-08-18T07:38:58+02:00,[38],[0]
2026-08-18T07:48:58+02:00,[38],[0]
2026-08-18T07:58:57+02:00,[37],[0]
2026-08-18T08:08:57+02:00,[37],[0]
2026-08-18T08:18:57+02:00,[37],[0]
2026-08-18T08:28:57+02:00,[37],[0]
2026-08-18T08:38:57+02:00,[37],[0]
2026-08-18T08:48:57+02:00,[37],[0]
2026-08-18T08:58:57+02:00,[38],[0]
2026-08-16T09:19:00+02:00,[37],[0]
2026-08-16T09:28:59+02:00,[37],[0]
2026-08-16T09:49:01+02:00,[38],[0]
2026-08-16T09:59:00+02:00,[37],[0]
2026-08-16T10:09:00+02:00,[37],[0]
2026-08-16T10:19:00+02:00,[37],[0]
2026-08-16T10:29:00+02:00,[37],[0]
2026-08-16T10:39:00+02:00,[37],[0]
2026-08-16T10:49:00+02:00,[37],[0]
2026-08-16T10:59:00+02:00,[38],[0]
2026-08-16T11:09:00+02:00,[37],[0]
2026-08-16T11:29:01+02:00,[38],[0]
2026-08-16T11:39:00+02:00,[37],[0]
2026-08-16T11:49:00+02:00,[37],[0]
2026-08-16T11:59:01+02:00,[38],[0]
2026-08-16T12:09:01+02:00,[38],[0]
2026-08-16T12:18:59+02:00,[37],[0]
2026-08-16T12:29:00+02:00,[37],[0]
2026-08-16T12:39:00+02:00,[37],[0]
2026-08-16T12:49:01+02:00,[38],[0]
2026-08-16T12:59:00+02:00,[37],[0]
2026-08-16T13:09:00+02:00,[37],[0]
2026-08-16T13:19:00+02:00,[37],[0]
2026-08-16T13:29:00+02:00,[37],[0]
2026-08-16T13:39:00+02:00,[37],[0]
2026-08-16T13:49:00+02:00,[38],[0]
2026-08-16T13:59:01+02:00,[38],[0]
2026-08-16T14:09:00+02:00,[37],[0]
2026-08-16T14:19:00+02:00,[37],[0]
2026-08-16T14:29:00+02:00,[37],[0]
2026-08-16T14:39:00+02:00,[37],[0]
2026-08-16T14:49:00+02:00,[37],[0]
2026-08-16T14:59:00+02:00,[38],[0]
2026-08-16T15:09:01+02:00,[37],[0]
2026-08-16T15:19:01+02:00,[37],[0]
2026-08-16T15:29:00+02:00,[37],[0]
2026-08-16T15:39:00+02:00,[37],[0]
2026-08-16T15:49:00+02:00,[37],[0]
2026-08-16T15:59:01+02:00,[37],[0]
2026-08-16T16:09:00+02:00,[37],[0]
2026-08-16T18:00:00+02:00,[60],[0]
2026-08-17T01:39:01+02:00,[38],[0]
2026-08-17T01:49:00+02:00,[37],[0]
2026-08-17T01:59:00+02:00,[37],[0]
2026-08-17T02:09:01+02:00,[37],[0]
2026-08-17T02:19:00+02:00,[37],[0]
2026-08-17T02:29:00+02:00,[37],[0]
2026-08-17T02:39:00+02:00,[37],[0]
2026-08-17T02:49:00+02:00,[37],[0]
2026-08-17T02:59:00+02:00,[37],[0]
2026-08-17T03:09:00+02:00,[37],[0]
2026-08-17T03:19:01+02:00,[38],[0]
2026-08-17T03:29:00+02:00,[37],[0]
2026-08-17T03:39:00+02:00,[37],[0]
2026-08-17T03:49:00+02:00,[37],[0]
2026-08-17T03:59:00+02:00,[37],[0]
2026-08-17T04:09:01+02:00,[38],[0]
2026-08-17T04:19:00+02:00,[37],[0]
2026-08-17T04:29:01+02:00,[38],[0]
2026-08-17T04:39:00+02:00,[37],[0]
2026-08-17T04:49:00+02:00,[38],[0]
2026-08-17T05:09:01+02:00,[38],[0]
2026-08-17T05:19:00+02:00,[37],[0]
2026-08-17T05:29:01+02:00,[38],[0]
2026-08-17T05:39:00+02:00,[37],[0]
2026-08-17T05:49:01+02:00,[38],[0]
2026-08-17T05:59:00+02:00,[37],[0]
2026-08-17T06:09:00+02:00,[37],[0]
2026-08-17T06:19:01+02:00,[38],[0]
2026-08-17T06:29:01+02:00,[38],[0]
2026-08-17T06:39:00+02:00,[37],[0]
2026-08-17T06:49:00+02:00,[37],[0]
2026-08-17T06:59:00+02:00,[37],[0]
2026-08-17T07:09:00+02:00,[37],[0]
2026-08-17T07:19:00+02:00,[37],[0]
2026-08-17T07:29:00+02:00,[37],[0]
2026-08-17T07:39:00+02:00,[37],[0]
2026-08-17T07:49:00+02:00,[37],[0]
2026-08-17T07:59:00+02:00,[37],[0]
2026-08-17T08:09:00+02:00,[37],[0]
2026-08-17T08:19:00+02:00,[37],[0]
2026-08-17T08:29:00+02:00,[37],[0]
2026-08-17T08:39:00+02:00,[37],[0]
2026-08-17T08:49:01+02:00,[38],[0]
2026-08-17T08:59:00+02:00,[37],[0]
2026-08-17T09:09:01+02:00,[38],[0]
2026-08-17T09:19:01+02:00,[38],[0]
2026-08-15T09:19:00+02:00,[37],[0]
2026-08-15T09:29:00+02:00,[37],[0]
2026-08-15T09:39:01+02:00,[38],[0]
2026-08-15T09:49:01+02:00,[37],[0]
2026-08-15T09:59:00+02:00,[37],[0]
2026-08-15T10:09:00+02:00,[37],[0]
2026-08-15T10:19:00+02:00,[37],[0]
2026-08-15T10:29:00+02:00,[38],[0]
2026-08-15T10:39:01+02:00,[37],[0]
2026-08-15T10:49:00+02:00,[37],[0]
2026-08-15T11:09:00+02:00,[37],[0]
2026-08-15T11:19:00+02:00,[37],[0]
2026-08-15T11:29:00+02:00,[37],[0]
2026-08-15T11:39:00+02:00,[37],[0]
2026-08-15T11:49:00+02:00,[37],[0]
2026-08-15T11:59:01+02:00,[37],[0]
2026-08-15T12:09:01+02:00,[38],[0]
2026-08-15T12:19:00+02:00,[37],[0]
2026-08-15T12:29:00+02:00,[37],[0]
2026-08-15T12:39:00+02:00,[37],[0]
2026-08-15T12:49:00+02:00,[37],[0]
2026-08-15T13:09:00+02:00,[37],[0]
2026-08-15T13:19:01+02:00,[37],[0]
2026-08-15T13:29:00+02:00,[37],[0]
2026-08-15T13:38:59+02:00,[37],[0]
2026-08-15T13:49:01+02:00,[37],[0]
2026-08-15T13:59:12+02:00,[37],[0]
2026-08-15T14:09:01+02:00,[38],[0]
2026-08-15T14:19:00+02:00,[37],[0]
2026-08-15T14:29:00+02:00,[37],[0]
2026-08-15T14:39:01+02:00,[38],[0]
2026-08-15T14:49:00+02:00,[37],[0]
2026-08-15T15:09:00+02:00,[37],[0]
2026-08-15T15:19:00+02:00,[37],[0]
2026-08-15T15:29:00+02:00,[37],[0]
2026-08-15T15:39:01+02:00,[38],[0]
2026-08-15T18:00:00+02:00,[60],[0]
2026-08-16T01:59:01+02:00,[38],[0]
2026-08-16T02:09:00+02:00,[38],[0]
2026-08-16T02:19:01+02:00,[38],[0]
2026-08-16T02:28:59+02:00,[37],[0]
2026-08-16T02:39:00+02:00,[37],[0]
2026-08-16T02:59:00+02:00,[37],[0]
2026-08-16T03:09:00+02:00,[37],[0]
2026-08-16T03:19:00+02:00,[37],[0]
2026-08-16T03:29:00+02:00,[37],[0]
2026-08-16T03:39:00+02:00,[37],[0]
2026-08-16T03:49:00+02:00,[37],[0]
2026-08-16T03:59:00+02:00,[37],[0]
2026-08-16T04:09:00+02:00,[37],[0]
2026-08-16T04:18:59+02:00,[37],[0]
2026-08-16T04:29:01+02:00,[38],[0]
2026-08-16T04:39:00+02:00,[37],[0]
2026-08-16T04:49:00+02:00,[37],[0]
2026-08-16T04:59:00+02:00,[37],[0]
2026-08-16T05:09:00+02:00,[37],[0]
2026-08-16T05:19:00+02:00,[37],[0]
2026-08-16T05:29:01+02:00,[38],[0]
2026-08-16T05:39:00+02:00,[37],[0]
2026-08-16T05:49:00+02:00,[37],[0]
2026-08-16T05:59:00+02:00,[37],[0]
2026-08-16T06:09:00+02:00,[38],[0]
2026-08-16T06:18:59+02:00,[37],[0]
2026-08-16T06:28:59+02:00,[37],[0]
2026-08-16T06:39:01+02:00,[38],[0]
2026-08-16T06:49:00+02:00,[37],[0]
2026-08-16T06:59:00+02:00,[37],[0]
2026-08-16T07:09:00+02:00,[38],[0]
2026-08-16T07:19:00+02:00,[37],[0]
2026-08-16T07:29:01+02:00,[38],[0]
2026-08-16T07:39:01+02:00,[38],[0]
2026-08-16T07:48:59+02:00,[37],[0]
2026-08-16T07:58:59+02:00,[37],[0]
2026-08-16T08:09:00+02:00,[37],[0]
2026-08-16T08:29:00+02:00,[37],[0]
2026-08-16T08:39:00+02:00,[37],[0]
2026-08-16T08:49:00+02:00,[37],[0]
2026-08-16T08:59:01+02:00,[37],[0]
2026-08-16T09:09:00+02:00,[37],[0]
2026-08-14T08:59:00+02:00,[37],[0]
2026-08-14T09:09:00+02:00,[37],[0]
2026-08-14T09:38:59+02:00,[37],[0]
2026-08-14T09:49:01+02:00,[38],[0]
2026-08-14T09:58:59+02:00,[37],[0]
2026-08-14T10:19:01+02:00,[38],[0]
2026-08-14T10:39:01+02:00,[38],[0]
2026-08-14T10:48:59+02:00,[37],[0]
2026-08-14T10:59:00+02:00,[37],[0]
2026-08-14T11:08:59+02:00,[37],[0]
2026-08-14T11:19:01+02:00,[37],[0]
2026-08-14T11:39:00+02:00,[38],[0]
2026-08-14T11:49:01+02:00,[38],[0]
2026-08-14T11:59:01+02:00,[37],[0]
2026-08-14T12:09:01+02:00,[38],[0]
2026-08-14T12:19:00+02:00,[37],[0]
2026-08-14T12:29:00+02:00,[37],[0]
2026-08-14T12:49:00+02:00,[37],[0]
2026-08-14T12:59:01+02:00,[38],[0]
2026-08-14T13:09:00+02:00,[37],[0]
2026-08-14T13:19:00+02:00,[37],[0]
2026-08-14T13:29:00+02:00,[37],[0]
2026-08-14T13:39:01+02:00,[38],[0]
2026-08-14T13:49:00+02:00,[37],[0]
2026-08-14T13:59:00+02:00,[37],[0]
2026-08-14T14:08:59+02:00,[37],[0]
2026-08-14T14:19:00+02:00,[37],[0]
2026-08-14T14:29:01+02:00,[38],[0]
2026-08-14T14:39:01+02:00,[38],[0]
2026-08-14T14:49:00+02:00,[37],[0]
2026-08-14T14:59:00+02:00,[37],[0]
2026-08-14T15:09:00+02:00,[38],[0]
2026-08-14T15:19:00+02:00,[37],[0]
2026-08-14T15:29:00+02:00,[37],[0]
2026-08-14T15:39:00+02:00,[37],[0]
2026-08-14T15:49:00+02:00,[37],[0]
2026-08-14T15:59:00+02:00,[37],[0]
2026-08-14T16:09:01+02:00,[38],[0]
2026-08-14T16:19:00+02:00,[37],[0]
2026-08-14T16:29:00+02:00,[37],[0]
2026-08-14T16:39:01+02:00,[38],[0]
2026-08-14T16:49:00+02:00,[37],[0]
2026-08-14T16:59:00+02:00,[37],[0]
2026-08-14T17:09:00+02:00,[37],[0]
2026-08-14T17:19:00+02:00,[38],[0]
2026-08-14T17:29:00+02:00,[37],[0]
2026-08-14T17:39:00+02:00,[37],[0]
2026-08-14T17:49:00+02:00,[37],[0]
2026-08-14T17:59:01+02:00,[38],[0]
2026-08-14T18:00:00+02:00,[60],[0]
2026-08-14T18:09:00+02:00,[37],[0]
2026-08-14T18:18:59+02:00,[37],[0]
2026-08-15T01:48:59+02:00,[37],[0]
2026-08-15T01:59:01+02:00,[38],[0]
2026-08-15T02:09:00+02:00,[37],[0]
2026-08-15T02:19:00+02:00,[37],[0]
2026-08-15T02:29:00+02:00,[37],[0]
2026-08-15T02:39:01+02:00,[37],[0]
2026-08-15T02:49:00+02:00,[37],[0]
2026-08-15T02:59:01+02:00,[37],[0]
2026-08-15T03:09:00+02:00,[37],[0]
2026-08-15T03:19:00+02:00,[37],[0]
2026-08-15T03:29:00+02:00,[37],[0]
2026-08-15T03:39:01+02:00,[38],[0]
2026-08-15T03:49:00+02:00,[37],[0]
2026-08-15T03:59:00+02:00,[60],[0]
2026-08-15T04:09:00+02:00,[37],[0]
2026-08-15T04:19:00+02:00,[37],[0]
2026-08-15T04:29:01+02:00,[38],[0]
2026-08-15T04:49:01+02:00,[37],[0]
2026-08-15T04:59:01+02:00,[38],[0]
2026-08-15T05:19:01+02:00,[38],[0]
2026-08-15T05:29:00+02:00,[37],[0]
2026-08-15T05:39:01+02:00,[38],[0]
2026-08-15T05:59:00+02:00,[37],[0]
2026-08-15T06:09:00+02:00,[37],[0]
2026-08-15T06:19:00+02:00,[37],[0]
2026-08-15T06:39:00+02:00,[37],[0]
2026-08-15T06:48:59+02:00,[37],[0]
2026-08-15T06:59:00+02:00,[37],[0]
2026-08-15T07:09:01+02:00,[38],[0]
2026-08-15T07:19:00+02:00,[37],[0]
2026-08-15T07:29:00+02:00,[38],[0]
2026-08-15T07:39:00+02:00,[37],[0]
2026-08-15T07:49:01+02:00,[37],[0]
2026-08-15T07:59:00+02:00,[37],[0]
2026-08-15T08:09:00+02:00,[37],[0]
2026-08-15T08:19:00+02:00,[37],[0]
2026-08-15T08:29:00+02:00,[37],[0]
2026-08-15T08:39:00+02:00,[37],[0]
2026-08-15T08:49:01+02:00,[37],[0]
2026-08-15T08:59:01+02:00,[37],[0]
2026-08-15T09:08:59+02:00,[37],[0]
2026-08-13T09:09:04+02:00,[38],[0]
2026-08-13T09:19:03+02:00,[37],[0]
2026-08-13T09:29:04+02:00,[37],[0]
2026-08-13T09:39:03+02:00,[37],[0]
2026-08-13T09:49:03+02:00,[37],[0]
2026-08-13T09:59:03+02:00,[37],[0]
2026-08-13T10:09:03+02:00,[37],[0]
2026-08-13T10:19:04+02:00,[38],[0]
2026-08-13T10:29:03+02:00,[37],[0]
2026-08-13T10:39:02+02:00,[37],[0]
2026-08-13T10:49:03+02:00,[37],[0]
2026-08-13T10:59:03+02:00,[37],[0]
2026-08-13T11:19:04+02:00,[38],[0]
2026-08-13T11:29:03+02:00,[38],[0]
2026-08-13T11:39:03+02:00,[37],[0]
2026-08-13T11:49:03+02:00,[37],[0]
2026-08-13T11:59:03+02:00,[37],[0]
2026-08-13T12:09:03+02:00,[37],[0]
2026-08-13T12:19:03+02:00,[37],[0]
2026-08-13T12:29:03+02:00,[37],[0]
2026-08-13T12:39:03+02:00,[37],[0]
2026-08-13T12:59:03+02:00,[37],[0]
2026-08-13T13:09:03+02:00,[37],[0]
2026-08-13T13:19:04+02:00,[38],[0]
2026-08-13T13:29:03+02:00,[37],[0]
2026-08-13T13:39:04+02:00,[38],[0]
2026-08-13T13:49:04+02:00,[38],[0]
2026-08-13T13:59:04+02:00,[38],[0]
2026-08-13T14:09:04+02:00,[38],[0]
2026-08-13T14:19:04+02:00,[38],[0]
2026-08-13T14:29:03+02:00,[37],[0]
2026-08-13T14:39:03+02:00,[37],[0]
2026-08-13T14:49:03+02:00,[37],[0]
2026-08-13T14:59:03+02:00,[37],[0]
2026-08-13T15:09:03+02:00,[37],[0]
2026-08-13T15:19:03+02:00,[37],[0]
2026-08-13T15:29:04+02:00,[38],[0]
2026-08-13T15:39:03+02:00,[37],[0]
2026-08-13T18:00:00+02:00,[60],[0]
2026-08-14T01:59:04+02:00,[38],[0]
2026-08-14T02:09:03+02:00,[37],[0]
2026-08-14T02:19:03+02:00,[37],[0]
2026-08-14T02:29:02+02:00,[37],[0]
2026-08-14T02:39:02+02:00,[37],[0]
2026-08-14T02:49:04+02:00,[38],[0]
2026-08-14T02:59:03+02:00,[37],[0]
2026-08-14T03:09:04+02:00,[38],[0]
2026-08-14T03:19:03+02:00,[38],[0]
2026-08-14T03:29:03+02:00,[37],[0]
2026-08-14T03:39:04+02:00,[37],[0]
2026-08-14T03:49:03+02:00,[37],[0]
2026-08-14T03:59:03+02:00,[37],[0]
2026-08-14T04:09:04+02:00,[37],[0]
2026-08-14T04:19:04+02:00,[37],[0]
2026-08-14T04:29:03+02:00,[37],[0]
2026-08-14T04:39:04+02:00,[38],[0]
2026-08-14T04:49:03+02:00,[37],[0]
2026-08-14T04:59:03+02:00,[37],[0]
2026-08-14T05:19:03+02:00,[37],[0]
2026-08-14T05:29:03+02:00,[37],[0]
2026-08-14T05:49:04+02:00,[38],[0]
2026-08-14T05:59:03+02:00,[38],[0]
2026-08-14T06:12:28+02:00,[1],[0]
2026-08-14T06:12:58+02:00,"[25,55,30,30,19,9,5,14,30,30,30,30,8,44,24,30,30,14,78,30,24,24,30,30,23,30,16,41,29,30,28,6]","[0,0,0,0,0,0,0,0,0,0,0,0,0,0,0,0,0,0,0,0,0,0,0,0,0,0,0,0,0,0,0,0]"
2026-08-14T06:27:28+02:00,[6],[0]
2026-08-14T06:28:45+02:00,[37],[0]
2026-08-14T06:59:03+02:00,[38],[0]
2026-08-14T07:09:04+02:00,[38],[0]
2026-08-14T07:19:03+02:00,[37],[0]
2026-08-14T07:29:03+02:00,[37],[0]
2026-08-14T07:39:04+02:00,[38],[0]
2026-08-14T07:49:03+02:00,[37],[0]
2026-08-14T07:59:03+02:00,[37],[0]
2026-08-14T08:09:03+02:00,[37],[0]
2026-08-14T08:19:03+02:00,[37],[0]
2026-08-14T08:29:03+02:00,[37],[0]
2026-08-14T08:39:03+02:00,[37],[0]
2026-08-12T10:09:03+02:00,[37],[0]
2026-08-12T10:19:03+02:00,[37],[0]
2026-08-12T10:29:03+02:00,[37],[0]
2026-08-12T10:39:04+02:00,[38],[0]
2026-08-12T10:49:04+02:00,[37],[0]
2026-08-12T10:59:03+02:00,[37],[0]
2026-08-12T11:09:03+02:00,[37],[0]
2026-08-12T11:19:03+02:00,[37],[0]
2026-08-12T11:29:03+02:00,[37],[0]
2026-08-12T11:39:03+02:00,[37],[0]
2026-08-12T11:49:03+02:00,[37],[0]
2026-08-12T11:59:03+02:00,[37],[0]
2026-08-12T12:09:03+02:00,[37],[0]
2026-08-12T12:19:03+02:00,[37],[0]
2026-08-12T12:29:04+02:00,[38],[0]
2026-08-12T12:39:03+02:00,[37],[0]
2026-08-12T12:49:03+02:00,[37],[0]
2026-08-12T12:59:04+02:00,[38],[0]
2026-08-12T13:09:03+02:00,[37],[0]
2026-08-12T13:19:03+02:00,[37],[0]
2026-08-12T13:29:04+02:00,[37],[0]
2026-08-12T13:39:03+02:00,[38],[0]
2026-08-12T13:49:03+02:00,[37],[0]
2026-08-12T13:59:03+02:00,[37],[0]
2026-08-12T14:09:04+02:00,[37],[0]
2026-08-12T18:00:00+02:00,[60],[0]
2026-08-13T02:09:04+02:00,[38],[0]
2026-08-13T02:19:03+02:00,[37],[0]
2026-08-13T02:29:45+02:00,[37],[0]
2026-08-13T02:39:03+02:00,[37],[0]
2026-08-13T02:49:03+02:00,[37],[0]
2026-08-13T02:59:03+02:00,[38],[0]
2026-08-13T03:09:03+02:00,[38],[0]
2026-08-13T03:19:03+02:00,[38],[0]
2026-08-13T03:29:03+02:00,[37],[0]
2026-08-13T03:39:04+02:00,[38],[0]
2026-08-13T03:49:03+02:00,[37],[0]
2026-08-13T03:59:03+02:00,[37],[0]
2026-08-13T04:09:04+02:00,[38],[0]
2026-08-13T04:19:03+02:00,[37],[0]
2026-08-13T04:29:03+02:00,[37],[0]
2026-08-13T04:39:03+02:00,[37],[0]
2026-08-13T04:49:04+02:00,[38],[0]
2026-08-13T04:59:03+02:00,[38],[0]
2026-08-13T05:09:03+02:00,[37],[0]
2026-08-13T05:19:03+02:00,[37],[0]
2026-08-13T05:39:03+02:00,[37],[0]
2026-08-13T05:49:03+02:00,[37],[0]
2026-08-13T05:59:04+02:00,[38],[0]
2026-08-13T06:09:04+02:00,[38],[0]
2026-08-13T06:19:03+02:00,[37],[0]
2026-08-13T06:29:04+02:00,[38],[0]
2026-08-13T06:39:03+02:00,[37],[0]
2026-08-13T06:49:04+02:00,[38],[0]
2026-08-13T06:59:03+02:00,[37],[0]
2026-08-13T07:09:03+02:00,[37],[0]
2026-08-13T07:19:04+02:00,[38],[0]
2026-08-13T07:29:03+02:00,[37],[0]
2026-08-13T07:39:03+02:00,[37],[0]
2026-08-13T07:49:03+02:00,[37],[0]
2026-08-13T07:59:03+02:00,[37],[0]
2026-08-13T08:09:03+02:00,[38],[0]
2026-08-13T08:19:03+02:00,[37],[0]
2026-08-13T08:29:03+02:00,[37],[0]
2026-08-13T08:39:03+02:00,[37],[0]
2026-08-13T08:49:04+02:00,[38],[0]
2026-08-13T08:59:04+02:00,[38],[0]
2026-08-11T08:29:03+02:00,[37],[0]
2026-08-11T08:39:03+02:00,[37],[0]
2026-08-11T08:49:04+02:00,[38],[0]
2026-08-11T09:09:03+02:00,[37],[0]
2026-08-11T09:19:04+02:00,[37],[0]
2026-08-11T09:29:04+02:00,[38],[0]
2026-08-11T09:39:03+02:00,[37],[0]
2026-08-11T09:49:04+02:00,[38],[0]
2026-08-11T09:59:03+02:00,[37],[0]
2026-08-11T10:09:02+02:00,[37],[0]
2026-08-11T10:19:06+02:00,[38],[0]
2026-08-11T10:29:03+02:00,[37],[0]
2026-08-11T10:39:03+02:00,[37],[0]
2026-08-11T10:49:03+02:00,[37],[0]
2026-08-11T10:59:03+02:00,[37],[0]
2026-08-11T11:09:04+02:00,[37],[0]
2026-08-11T11:19:03+02:00,[37],[0]
2026-08-11T11:29:03+02:00,[37],[0]
2026-08-11T11:39:03+02:00,[37],[0]
2026-08-11T11:59:03+02:00,[37],[0]
2026-08-11T12:09:03+02:00,[37],[0]
2026-08-11T12:29:04+02:00,[37],[0]
2026-08-11T12:59:03+02:00,[37],[0]
2026-08-11T13:09:03+02:00,[37],[0]
2026-08-11T13:19:03+02:00,[37],[0]
2026-08-11T13:29:03+02:00,[37],[0]
2026-08-11T13:49:03+02:00,[37],[0]
2026-08-11T13:59:03+02:00,[37],[0]
2026-08-11T14:09:03+02:00,[37],[0]
2026-08-11T14:19:03+02:00,[37],[0]
2026-08-11T14:29:04+02:00,[38],[0]
2026-08-11T14:39:03+02:00,[37],[0]
2026-08-11T14:49:03+02:00,[38],[0]
2026-08-11T14:59:03+02:00,[37],[0]
2026-08-11T15:09:03+02:00,[37],[0]
2026-08-11T15:19:03+02:00,[37],[0]
2026-08-11T15:29:04+02:00,[38],[0]
2026-08-11T15:39:02+02:00,[37],[0]
2026-08-11T15:49:03+02:00,[38],[0]
2026-08-11T15:59:02+02:00,[37],[0]
2026-08-11T16:09:02+02:00,[37],[0]
2026-08-11T16:19:04+02:00,[38],[0]
2026-08-11T16:29:03+02:00,[37],[0]
2026-08-11T18:00:00+02:00,[60],[0]
2026-08-12T02:29:03+02:00,[37],[0]
2026-08-12T02:39:03+02:00,[37],[0]
2026-08-12T02:49:04+02:00,[37],[0]
2026-08-12T02:59:04+02:00,[38],[0]
2026-08-12T03:09:03+02:00,[37],[0]
2026-08-12T03:19:03+02:00,[37],[0]
2026-08-12T03:29:03+02:00,[37],[0]
2026-08-12T03:39:04+02:00,[38],[0]
2026-08-12T03:59:04+02:00,[38],[0]
2026-08-12T04:09:03+02:00,[37],[0]
2026-08-12T04:19:04+02:00,[38],[0]
2026-08-12T04:29:03+02:00,[37],[0]
2026-08-12T04:39:04+02:00,[38],[0]
2026-08-12T04:49:04+02:00,[37],[0]
2026-08-12T04:59:03+02:00,[37],[0]
2026-08-12T05:09:03+02:00,[37],[0]
2026-08-12T05:19:03+02:00,[37],[0]
2026-08-12T05:29:04+02:00,[37],[0]
2026-08-12T05:39:03+02:00,[37],[0]
2026-08-12T05:49:03+02:00,[37],[0]
2026-08-12T05:59:04+02:00,[38],[0]
2026-08-12T06:09:04+02:00,[37],[0]
2026-08-12T06:19:03+02:00,[37],[0]
2026-08-12T06:29:04+02:00,[38],[0]
2026-08-12T06:39:03+02:00,[37],[0]
2026-08-12T06:49:03+02:00,[37],[0]
2026-08-12T06:59:03+02:00,[37],[0]
2026-08-12T07:09:03+02:00,[37],[0]
2026-08-12T07:19:03+02:00,[37],[0]
2026-08-12T07:29:03+02:00,[37],[0]
2026-08-12T07:39:03+02:00,[37],[0]
2026-08-12T07:49:03+02:00,[37],[0]
2026-08-12T07:59:03+02:00,[37],[0]
2026-08-12T08:09:04+02:00,[37],[0]
2026-08-12T08:19:03+02:00,[37],[0]
2026-08-12T08:29:03+02:00,[38],[0]
2026-08-12T08:39:03+02:00,[37],[0]
2026-08-12T08:49:03+02:00,[37],[0]
2026-08-12T08:59:03+02:00,[37],[0]
2026-08-12T09:09:03+02:00,[37],[0]
2026-08-12T09:19:03+02:00,[37],[0]
2026-08-12T09:29:04+02:00,[38],[0]
2026-08-12T09:39:04+02:00,[38],[0]
2026-08-12T09:49:03+02:00,[37],[0]
2026-08-12T09:59:03+02:00,[37],[0]
2026-08-10T09:09:07+02:00,[37],[0]
2026-08-10T09:19:07+02:00,[38],[0]
2026-08-10T09:29:06+02:00,[37],[0]
2026-08-10T09:39:06+02:00,[37],[0]
2026-08-10T09:49:07+02:00,[38],[0]
2026-08-10T09:59:06+02:00,[37],[0]
2026-08-10T10:19:07+02:00,[37],[0]
2026-08-10T10:29:06+02:00,[37],[0]
2026-08-10T10:39:06+02:00,[37],[0]
2026-08-10T10:49:07+02:00,[38],[0]
2026-08-10T10:59:06+02:00,[37],[0]
2026-08-10T11:09:06+02:00,[37],[0]
2026-08-10T11:19:07+02:00,[37],[0]
2026-08-10T11:39:07+02:00,[38],[0]
2026-08-10T11:49:06+02:00,[37],[0]
2026-08-10T11:59:07+02:00,[37],[0]
2026-08-10T12:09:07+02:00,[38],[0]
2026-08-10T12:19:06+02:00,[37],[0]
2026-08-10T12:29:06+02:00,[37],[0]
2026-08-10T12:39:06+02:00,[37],[0]
2026-08-10T12:49:06+02:00,[37],[0]
2026-08-10T12:59:07+02:00,[37],[0]
2026-08-10T13:09:06+02:00,[37],[0]
2026-08-10T13:19:06+02:00,[37],[0]
2026-08-10T13:29:06+02:00,[37],[0]
2026-08-10T13:39:06+02:00,[37],[0]
2026-08-10T13:49:05+02:00,[37],[0]
2026-08-10T13:59:05+02:00,[37],[0]
2026-08-10T14:09:06+02:00,[37],[0]
2026-08-10T14:19:05+02:00,[37],[0]
2026-08-10T14:29:07+02:00,[38],[0]
2026-08-10T14:39:05+02:00,[37],[0]
2026-08-10T14:49:06+02:00,[37],[0]
2026-08-10T14:59:05+02:00,[37],[0]
2026-08-10T15:09:06+02:00,[37],[0]
2026-08-10T15:19:06+02:00,[37],[0]
2026-08-10T15:29:06+02:00,[37],[0]
2026-08-10T15:39:07+02:00,[38],[0]
2026-08-10T15:49:06+02:00,[37],[0]
2026-08-10T15:59:06+02:00,[37],[0]
2026-08-10T18:00:00+02:00,[60],[0]
2026-08-11T02:09:06+02:00,[37],[0]
2026-08-11T02:19:07+02:00,[37],[0]
2026-08-11T02:29:05+02:00,[37],[0]
2026-08-11T02:39:07+02:00,[37],[0]
2026-08-11T02:49:15+02:00,[37],[0]
2026-08-11T02:59:07+02:00,[38],[0]
2026-08-11T03:09:06+02:00,[37],[0]
2026-08-11T03:19:06+02:00,[37],[0]
2026-08-11T03:29:06+02:00,[37],[0]
2026-08-11T03:39:07+02:00,[38],[0]
2026-08-11T03:49:07+02:00,[37],[0]
2026-08-11T03:59:06+02:00,[37],[0]
2026-08-11T04:19:06+02:00,[37],[0]
2026-08-11T04:29:05+02:00,[37],[0]
2026-08-11T04:39:07+02:00,[38],[0]
2026-08-11T04:49:06+02:00,[37],[0]
2026-08-11T04:59:06+02:00,[37],[0]
2026-08-11T05:09:06+02:00,[37],[0]
2026-08-11T05:19:06+02:00,[38],[0]
2026-08-11T05:29:06+02:00,[37],[0]
2026-08-11T05:39:06+02:00,[37],[0]
2026-08-11T05:49:06+02:00,[37],[0]
2026-08-11T05:59:06+02:00,[37],[0]
2026-08-11T06:09:06+02:00,[37],[0]
2026-08-11T06:19:05+02:00,[37],[0]
2026-08-11T06:29:06+02:00,[37],[0]
2026-08-11T06:39:06+02:00,[37],[0]
2026-08-11T06:49:06+02:00,[37],[0]
2026-08-11T06:59:06+02:00,[37],[0]
2026-08-11T07:09:05+02:00,[37],[0]
2026-08-11T07:19:07+02:00,[37],[0]
2026-08-11T07:29:06+02:00,[37],[0]
2026-08-11T07:39:06+02:00,[37],[0]
2026-08-11T07:49:06+02:00,[37],[0]
2026-08-11T08:09:06+02:00,[37],[0]
2026-08-09T09:39:06+02:00,[37],[0]
2026-08-09T09:49:07+02:00,[38],[0]
2026-08-09T09:59:06+02:00,[37],[0]
2026-08-09T10:09:06+02:00,[37],[0]
2026-08-09T10:19:06+02:00,[37],[0]
2026-08-09T10:29:07+02:00,[38],[0]
2026-08-09T10:39:07+02:00,[38],[0]
2026-08-09T10:49:06+02:00,[37],[0]
2026-08-09T10:59:07+02:00,[38],[0]
2026-08-09T11:09:06+02:00,[37],[0]
2026-08-09T11:19:05+02:00,[37],[0]
2026-08-09T11:29:06+02:00,[37],[0]
2026-08-09T11:39:06+02:00,[37],[0]
2026-08-09T11:49:06+02:00,[37],[0]
2026-08-09T11:59:06+02:00,[37],[0]
2026-08-09T12:09:07+02:00,[38],[0]
2026-08-09T13:39:07+02:00,[37],[0]
2026-08-09T13:49:05+02:00,[37],[0]
2026-08-09T13:59:06+02:00,[37],[0]
2026-08-09T14:09:06+02:00,[37],[0]
2026-08-09T14:19:05+02:00,[37],[0]
2026-08-09T14:29:06+02:00,[37],[0]
2026-08-09T14:39:07+02:00,[38],[0]
2026-08-09T14:49:06+02:00,[37],[0]
2026-08-09T14:59:07+02:00,[38],[0]
2026-08-09T15:09:07+02:00,[38],[0]
2026-08-09T15:19:07+02:00,[38],[0]
2026-08-09T15:29:06+02:00,[37],[0]
2026-08-09T15:37:11+02:00,[1],[0]
2026-08-09T15:37:41+02:00,"[30,30,30,16,17]","[0,0,0,0,0]"
2026-08-09T15:39:27+02:00,[17],[0]
2026-08-09T15:40:45+02:00,[45],[0]
2026-08-09T18:00:00+02:00,[60],[0]
2026-08-10T01:49:06+02:00,[37],[0]
2026-08-10T01:59:06+02:00,[37],[0]
2026-08-10T02:09:07+02:00,[37],[0]
2026-08-10T02:19:06+02:00,[37],[0]
2026-08-10T02:29:07+02:00,[38],[0]
2026-08-10T02:39:06+02:00,[38],[0]
2026-08-10T02:49:06+02:00,[38],[0]
2026-08-10T02:59:06+02:00,[37],[0]
2026-08-10T03:09:06+02:00,[37],[0]
2026-08-10T03:19:06+02:00,[37],[0]
2026-08-10T03:29:06+02:00,[37],[0]
2026-08-10T03:39:06+02:00,[37],[0]
2026-08-10T03:49:07+02:00,[37],[0]
2026-08-10T03:59:07+02:00,[37],[0]
2026-08-10T04:09:06+02:00,[37],[0]
2026-08-10T04:19:06+02:00,[37],[0]
2026-08-10T04:29:06+02:00,[38],[0]
2026-08-10T04:39:06+02:00,[37],[0]
2026-08-10T04:49:07+02:00,[38],[0]
2026-08-10T04:59:07+02:00,[38],[0]
2026-08-10T05:09:07+02:00,[38],[0]
2026-08-10T05:19:06+02:00,[37],[0]
2026-08-10T05:39:06+02:00,[37],[0]
2026-08-10T05:49:07+02:00,[37],[0]
2026-08-10T05:52:48+02:00,[38],[0]
2026-08-10T06:09:06+02:00,[37],[0]
2026-08-10T06:19:07+02:00,[38],[0]
2026-08-10T06:29:06+02:00,[37],[0]
2026-08-10T06:39:06+02:00,[37],[0]
2026-08-10T06:59:07+02:00,[38],[0]
2026-08-10T07:09:06+02:00,[37],[0]
2026-08-10T07:19:12+02:00,[38],[0]
2026-08-10T07:29:07+02:00,[37],[0]
2026-08-10T07:39:06+02:00,[38],[0]
2026-08-10T07:49:06+02:00,[37],[0]
2026-08-10T07:59:07+02:00,[38],[0]
2026-08-10T08:09:06+02:00,[37],[0]
2026-08-10T08:19:07+02:00,[38],[0]
2026-08-10T08:29:06+02:00,[37],[0]
2026-08-10T08:49:06+02:00,[37],[0]
2026-08-10T08:59:06+02:00,[37],[0]
2026-08-08T09:09:06+02:00,[37],[0]
2026-08-08T09:19:07+02:00,[38],[0]
2026-08-08T09:29:06+02:00,[37],[0]
2026-08-08T09:39:07+02:00,[37],[0]
2026-08-08T09:49:06+02:00,[37],[0]
2026-08-08T09:59:06+02:00,[37],[0]
2026-08-08T10:39:05+02:00,[26],[0]
2026-08-08T10:49:06+02:00,[38],[0]
2026-08-08T11:09:06+02:00,[37],[0]
2026-08-08T11:19:05+02:00,[37],[0]
2026-08-08T11:29:05+02:00,[37],[0]
2026-08-08T11:39:06+02:00,[37],[0]
2026-08-08T11:49:07+02:00,[38],[0]
2026-08-08T12:09:06+02:00,[37],[0]
2026-08-08T12:19:06+02:00,[37],[0]
2026-08-08T12:29:06+02:00,[38],[0]
2026-08-08T12:59:05+02:00,[37],[0]
2026-08-08T13:09:06+02:00,[38],[0]
2026-08-08T13:29:06+02:00,[37],[0]
2026-08-08T13:39:14+02:00,[37],[0]
2026-08-08T13:59:06+02:00,[37],[0]
2026-08-08T14:09:06+02:00,[38],[0]
2026-08-08T14:19:07+02:00,[38],[0]
2026-08-08T14:29:06+02:00,[37],[0]
2026-08-08T14:49:07+02:00,[37],[0]
2026-08-08T15:19:07+02:00,[37],[0]
2026-08-08T15:29:06+02:00,[38],[0]
2026-08-08T15:39:06+02:00,[37],[0]
2026-08-08T15:49:06+02:00,[37],[0]
2026-08-08T15:59:06+02:00,[37],[0]
2026-08-08T16:09:06+02:00,[37],[0]
2026-08-08T16:19:06+02:00,[37],[0]
2026-08-08T16:29:06+02:00,[38],[0]
2026-08-08T16:39:06+02:00,[37],[0]
2026-08-08T16:59:06+02:00,[37],[0]
2026-08-08T18:00:00+02:00,[60],[0]
2026-08-09T06:39:06+02:00,[37],[0]
2026-08-09T06:59:06+02:00,[37],[0]
2026-08-09T07:09:07+02:00,[38],[0]
2026-08-09T07:19:07+02:00,[37],[0]
2026-08-09T07:29:07+02:00,[38],[0]
2026-08-09T08:19:07+02:00,[38],[0]
2026-08-09T08:29:06+02:00,[37],[0]
2026-08-09T08:39:07+02:00,[38],[0]
2026-08-09T08:49:06+02:00,[37],[0]
2026-08-09T08:59:06+02:00,[37],[0]
2026-08-09T09:09:07+02:00,[38],[0]
2026-08-09T09:19:07+02:00,[37],[0]
2026-08-09T09:29:06+02:00,[37],[0]
2026-08-07T09:09:10+02:00,[38],[0]
2026-08-07T09:19:09+02:00,[37],[0]
2026-08-07T09:29:22+02:00,[37],[0]
2026-08-07T09:39:09+02:00,[37],[0]
2026-08-07T09:49:09+02:00,[37],[0]
2026-08-07T09:59:10+02:00,[38],[0]
2026-08-07T10:09:10+02:00,[38],[0]
2026-08-07T10:19:09+02:00,[37],[0]
2026-08-07T10:29:09+02:00,[37],[0]
2026-08-07T10:39:09+02:00,[37],[0]
2026-08-07T10:49:09+02:00,[37],[0]
2026-08-07T10:59:09+02:00,[37],[0]
2026-08-07T11:09:09+02:00,[37],[0]
2026-08-07T11:19:10+02:00,[38],[0]
2026-08-07T11:29:10+02:00,[38],[0]
2026-08-07T11:39:08+02:00,[37],[0]
2026-08-07T11:49:10+02:00,[38],[0]
2026-08-07T11:59:09+02:00,[37],[0]
2026-08-07T12:09:08+02:00,[37],[0]
2026-08-07T12:19:09+02:00,[37],[0]
2026-08-07T12:39:09+02:00,[37],[0]
2026-08-07T12:49:09+02:00,[37],[0]
2026-08-07T12:59:09+02:00,[37],[0]
2026-08-07T13:09:09+02:00,[37],[0]
2026-08-07T13:19:09+02:00,[37],[0]
2026-08-07T13:29:09+02:00,[37],[0]
2026-08-07T13:39:09+02:00,[38],[0]
2026-08-07T13:59:10+02:00,[38],[0]
2026-08-07T14:09:09+02:00,[37],[0]
2026-08-07T14:19:08+02:00,[37],[0]
2026-08-07T14:29:09+02:00,[37],[0]
2026-08-07T14:39:10+02:00,[38],[0]
2026-08-07T18:00:00+02:00,[60],[0]
2026-08-08T03:09:09+02:00,[37],[0]
2026-08-08T03:19:09+02:00,[37],[0]
2026-08-08T03:29:09+02:00,[37],[0]
2026-08-08T03:39:09+02:00,[38],[0]
2026-08-08T03:49:10+02:00,[38],[0]
2026-08-08T03:59:09+02:00,[37],[0]
2026-08-08T04:09:09+02:00,[38],[0]
2026-08-08T04:19:10+02:00,[38],[0]
2026-08-08T04:39:09+02:00,[37],[0]
2026-08-08T04:49:09+02:00,[37],[0]
2026-08-08T04:59:09+02:00,[37],[0]
2026-08-08T05:09:09+02:00,[37],[0]
2026-08-08T05:29:09+02:00,[37],[0]
2026-08-08T05:39:09+02:00,[37],[0]
2026-08-08T05:59:09+02:00,[37],[0]
2026-08-08T06:09:09+02:00,[37],[0]
2026-08-08T06:19:10+02:00,[38],[0]
2026-08-08T06:29:09+02:00,[37],[0]
2026-08-08T06:39:09+02:00,[37],[0]
2026-08-08T06:49:09+02:00,[37],[0]
2026-08-08T07:09:10+02:00,[38],[0]
2026-08-08T07:19:10+02:00,[38],[0]
2026-08-08T07:29:09+02:00,[37],[0]
2026-08-08T07:39:09+02:00,[37],[0]
2026-08-08T07:49:09+02:00,[37],[0]
2026-08-08T07:59:34+02:00,[38],[0]
2026-08-08T08:09:06+02:00,[37],[0]
2026-08-08T08:19:05+02:00,[37],[0]
2026-08-08T08:29:06+02:00,[37],[0]
2026-08-08T08:39:06+02:00,[37],[0]
2026-08-08T08:49:06+02:00,[37],[0]
2026-08-08T08:59:05+02:00,[37],[0]
2026-08-06T09:09:09+02:00,[37],[0]
2026-08-06T09:19:09+02:00,[37],[0]
2026-08-06T09:29:08+02:00,[37],[0]
2026-08-06T09:49:09+02:00,[38],[0]
2026-08-06T10:19:08+02:00,[37],[0]
2026-08-06T10:29:08+02:00,[37],[0]
2026-08-06T10:39:09+02:00,[37],[0]
2026-08-06T10:49:09+02:00,[37],[0]
2026-08-06T10:59:08+02:00,[37],[0]
2026-08-06T11:09:10+02:00,[37],[0]
2026-08-06T11:19:10+02:00,[38],[0]
2026-08-06T11:29:09+02:00,[37],[0]
2026-08-06T11:39:09+02:00,[37],[0]
2026-08-06T11:49:09+02:00,[37],[0]
2026-08-06T11:59:09+02:00,[37],[0]
2026-08-06T12:09:09+02:00,[37],[0]
2026-08-06T12:19:09+02:00,[37],[0]
2026-08-06T12:29:09+02:00,[37],[0]
2026-08-06T12:39:10+02:00,[38],[0]
2026-08-06T12:49:09+02:00,[37],[0]
2026-08-06T12:59:09+02:00,[37],[0]
2026-08-06T13:09:09+02:00,[37],[0]
2026-08-06T13:19:09+02:00,[37],[0]
2026-08-06T13:29:10+02:00,[38],[0]
2026-08-06T13:49:09+02:00,[37],[0]
2026-08-06T14:09:09+02:00,[37],[0]
2026-08-06T14:19:09+02:00,[37],[0]
2026-08-06T14:29:08+02:00,[37],[0]
2026-08-06T14:39:09+02:00,[37],[0]
2026-08-06T14:49:09+02:00,[38],[0]
2026-08-06T14:59:09+02:00,[37],[0]
2026-08-06T15:09:10+02:00,[38],[0]
2026-08-06T15:19:09+02:00,[37],[0]
2026-08-06T15:29:09+02:00,[37],[0]
2026-08-06T15:39:09+02:00,[37],[0]
2026-08-06T15:49:09+02:00,[37],[0]
2026-08-06T15:59:09+02:00,[37],[0]
2026-08-06T16:09:09+02:00,[38],[0]
2026-08-06T16:19:09+02:00,[37],[0]
2026-08-06T16:29:09+02:00,[37],[0]
2026-08-06T16:39:09+02:00,[37],[0]
2026-08-06T16:49:10+02:00,[38],[0]
2026-08-06T18:00:00+02:00,[60],[0]
2026-08-07T02:29:09+02:00,[36],[0]
2026-08-07T02:59:10+02:00,[38],[0]
2026-08-07T03:09:09+02:00,[37],[0]
2026-08-07T03:19:09+02:00,[37],[0]
2026-08-07T03:29:09+02:00,[38],[0]
2026-08-07T03:39:09+02:00,[37],[0]
2026-08-07T03:49:09+02:00,[37],[0]
2026-08-07T03:59:09+02:00,[37],[0]
2026-08-07T04:19:09+02:00,[37],[0]
2026-08-07T04:39:10+02:00,[38],[0]
2026-08-07T04:49:09+02:00,[37],[0]
2026-08-07T04:59:09+02:00,[37],[0]
2026-08-07T05:09:08+02:00,[36],[0]
2026-08-07T05:19:09+02:00,[37],[0]
2026-08-07T05:29:10+02:00,[38],[0]
2026-08-07T05:39:09+02:00,[37],[0]
2026-08-07T06:09:08+02:00,[37],[0]
2026-08-07T06:12:34+02:00,[37],[0]
2026-08-07T06:19:09+02:00,[37],[0]
2026-08-07T06:29:09+02:00,[37],[0]
2026-08-07T06:39:09+02:00,[37],[0]
2026-08-07T06:49:08+02:00,[37],[0]
2026-08-07T07:09:10+02:00,[38],[0]
2026-08-07T07:19:09+02:00,[37],[0]
2026-08-07T07:29:09+02:00,[37],[0]
2026-08-07T07:39:09+02:00,[37],[0]
2026-08-07T07:59:09+02:00,[37],[0]
2026-08-07T08:09:09+02:00,[37],[0]
2026-08-07T08:19:10+02:00,[38],[0]
2026-08-07T08:29:10+02:00,[38],[0]
2026-08-07T08:39:09+02:00,[37],[0]
2026-08-07T08:49:09+02:00,[37],[0]
2026-08-07T08:59:10+02:00,[38],[0]
2026-08-05T09:09:12+02:00,[37],[0]
2026-08-05T09:19:12+02:00,[37],[0]
2026-08-05T09:29:12+02:00,[37],[0]
2026-08-05T09:39:12+02:00,[37],[0]
2026-08-05T09:49:13+02:00,[37],[0]
2026-08-05T09:59:12+02:00,[37],[0]
2026-08-05T10:09:12+02:00,[37],[0]
2026-08-05T10:19:13+02:00,[38],[0]
2026-08-05T10:29:13+02:00,[37],[0]
2026-08-05T10:39:12+02:00,[37],[0]
2026-08-05T10:49:13+02:00,[38],[0]
2026-08-05T10:59:12+02:00,[37],[0]
2026-08-05T11:09:12+02:00,[37],[0]
2026-08-05T11:19:13+02:00,[38],[0]
2026-08-05T11:29:12+02:00,[38],[0]
2026-08-05T11:39:12+02:00,[37],[0]
2026-08-05T11:49:12+02:00,[37],[0]
2026-08-05T12:09:12+02:00,[38],[0]
2026-08-05T12:19:13+02:00,[37],[0]
2026-08-05T12:29:13+02:00,[37],[0]
2026-08-05T12:39:12+02:00,[37],[0]
2026-08-05T12:49:13+02:00,[38],[0]
2026-08-05T12:59:12+02:00,[37],[0]
2026-08-05T13:19:13+02:00,[37],[0]
2026-08-05T13:29:13+02:00,[38],[0]
2026-08-05T13:39:09+02:00,[37],[0]
2026-08-05T13:49:09+02:00,[37],[0]
2026-08-05T14:09:09+02:00,[37],[0]
2026-08-05T14:19:09+02:00,[37],[0]
2026-08-05T14:29:09+02:00,[37],[0]
2026-08-05T14:39:09+02:00,[37],[0]
2026-08-05T14:49:09+02:00,[37],[0]
2026-08-05T14:59:09+02:00,[38],[0]
2026-08-05T15:09:09+02:00,[37],[0]
2026-08-05T15:29:08+02:00,[37],[0]
2026-08-05T15:39:08+02:00,[37],[0]
2026-08-05T15:49:10+02:00,[38],[0]
2026-08-05T16:09:09+02:00,[37],[0]
2026-08-05T16:19:09+02:00,[37],[0]
2026-08-05T16:29:08+02:00,[37],[0]
2026-08-05T18:00:00+02:00,[60],[0]
2026-08-06T01:39:09+02:00,[37],[0]
2026-08-06T01:49:09+02:00,[37],[0]
2026-08-06T01:59:10+02:00,[38],[0]
2026-08-06T02:09:09+02:00,[37],[0]
2026-08-06T02:19:10+02:00,[38],[0]
2026-08-06T02:29:09+02:00,[37],[0]
2026-08-06T02:39:09+02:00,[37],[0]
2026-08-06T02:49:10+02:00,[38],[0]
2026-08-06T02:59:09+02:00,[37],[0]
2026-08-06T03:09:09+02:00,[37],[0]
2026-08-06T03:19:09+02:00,[37],[0]
2026-08-06T03:29:10+02:00,[38],[0]
2026-08-06T03:49:09+02:00,[37],[0]
2026-08-06T03:59:09+02:00,[37],[0]
2026-08-06T04:09:09+02:00,[37],[0]
2026-08-06T04:19:09+02:00,[37],[0]
2026-08-06T04:29:09+02:00,[37],[0]
2026-08-06T04:39:09+02:00,[37],[0]
2026-08-06T04:49:10+02:00,[38],[0]
2026-08-06T04:59:09+02:00,[37],[0]
2026-08-06T05:09:09+02:00,[37],[0]
2026-08-06T05:19:10+02:00,[38],[0]
2026-08-06T05:29:09+02:00,[37],[0]
2026-08-06T05:39:09+02:00,[37],[0]
2026-08-06T05:49:09+02:00,[38],[0]
2026-08-06T05:59:10+02:00,[38],[0]
2026-08-06T06:09:09+02:00,[38],[0]
2026-08-06T06:19:10+02:00,[38],[0]
2026-08-06T06:29:09+02:00,[37],[0]
2026-08-06T06:39:09+02:00,[37],[0]
2026-08-06T06:49:10+02:00,[38],[0]
2026-08-06T06:59:09+02:00,[37],[0]
2026-08-06T07:09:10+02:00,[38],[0]
2026-08-06T07:19:09+02:00,[37],[0]
2026-08-06T07:29:09+02:00,[37],[0]
2026-08-06T07:39:09+02:00,[38],[0]
2026-08-06T07:49:09+02:00,[38],[0]
2026-08-06T07:59:09+02:00,[37],[0]
2026-08-06T08:09:09+02:00,[37],[0]
2026-08-06T08:19:10+02:00,[38],[0]
2026-08-06T08:29:09+02:00,[37],[0]
2026-08-06T08:39:09+02:00,[37],[0]
2026-08-06T08:49:09+02:00,[37],[0]
2026-08-06T08:59:09+02:00,[37],[0]
2026-08-04T09:06:26+02:00,[37],[0]
2026-08-04T09:16:26+02:00,[37],[0]
2026-08-04T09:26:26+02:00,[37],[0]
2026-08-04T09:36:26+02:00,[37],[0]
2026-08-04T09:46:26+02:00,[37],[0]
2026-08-04T09:56:26+02:00,[37],[0]
2026-08-04T10:06:26+02:00,[37],[0]
2026-08-04T10:16:26+02:00,[37],[0]
2026-08-04T10:26:26+02:00,[37],[0]
2026-08-04T10:36:26+02:00,[37],[0]
2026-08-04T10:56:26+02:00,[38],[0]
2026-08-04T11:06:25+02:00,[37],[0]
2026-08-04T11:16:26+02:00,[37],[0]
2026-08-04T11:26:26+02:00,[37],[0]
2026-08-04T11:56:26+02:00,[37],[0]
2026-08-04T12:16:26+02:00,[37],[0]
2026-08-04T12:26:26+02:00,[37],[0]
2026-08-04T12:36:27+02:00,[38],[0]
2026-08-04T12:46:27+02:00,[38],[0]
2026-08-04T12:56:26+02:00,[37],[0]
2026-08-04T13:08:59+02:00,[37],[0]
2026-08-04T13:19:00+02:00,[38],[0]
2026-08-04T13:29:00+02:00,[38],[0]
2026-08-04T13:39:00+02:00,[37],[0]
2026-08-04T13:48:59+02:00,[37],[0]
2026-08-04T13:58:59+02:00,[37],[0]
2026-08-04T14:08:58+02:00,[37],[0]
2026-08-04T14:18:59+02:00,[37],[0]
2026-08-04T14:29:11+02:00,[37],[0]
2026-08-04T14:39:11+02:00,[37],[0]
2026-08-04T14:49:13+02:00,[37],[0]
2026-08-04T14:59:13+02:00,[38],[0]
2026-08-04T15:09:12+02:00,[37],[0]
2026-08-04T15:19:12+02:00,[37],[0]
2026-08-04T15:59:12+02:00,[37],[0]
2026-08-04T16:09:11+02:00,[37],[0]
2026-08-04T16:29:12+02:00,[37],[0]
2026-08-04T16:39:13+02:00,[38],[0]
2026-08-04T16:49:13+02:00,[38],[0]
2026-08-04T16:59:12+02:00,[37],[0]
2026-08-04T18:00:00+02:00,[60],[0]
2026-08-05T01:29:11+02:00,[37],[0]
2026-08-05T01:39:13+02:00,[38],[0]
2026-08-05T01:49:12+02:00,[37],[0]
2026-08-05T02:09:13+02:00,[38],[0]
2026-08-05T02:19:12+02:00,[37],[0]
2026-08-05T02:39:12+02:00,[37],[0]
2026-08-05T02:49:12+02:00,[37],[0]
2026-08-05T02:59:12+02:00,[37],[0]
2026-08-05T03:09:13+02:00,[37],[0]
2026-08-05T03:19:12+02:00,[37],[0]
2026-08-05T03:29:12+02:00,[37],[0]
2026-08-05T03:39:12+02:00,[37],[0]
2026-08-05T03:49:12+02:00,[37],[0]
2026-08-05T03:59:12+02:00,[37],[0]
2026-08-05T04:09:13+02:00,[38],[0]
2026-08-05T04:19:13+02:00,[37],[0]
2026-08-05T04:29:13+02:00,[38],[0]
2026-08-05T04:39:12+02:00,[37],[0]
2026-08-05T04:49:12+02:00,[37],[0]
2026-08-05T04:59:11+02:00,[37],[0]
2026-08-05T05:09:12+02:00,[37],[0]
2026-08-05T05:19:12+02:00,[37],[0]
2026-08-05T05:29:13+02:00,[38],[0]
2026-08-05T05:39:12+02:00,[37],[0]
2026-08-05T05:49:12+02:00,[37],[0]
2026-08-05T05:59:12+02:00,[37],[0]
2026-08-05T06:09:12+02:00,[37],[0]
2026-08-05T06:19:12+02:00,[37],[0]
2026-08-05T06:39:12+02:00,[37],[0]
2026-08-05T06:49:12+02:00,[37],[0]
2026-08-05T06:59:12+02:00,[37],[0]
2026-08-05T07:09:12+02:00,[37],[0]
2026-08-05T07:19:13+02:00,[37],[0]
2026-08-05T07:29:13+02:00,[38],[0]
2026-08-05T07:39:12+02:00,[37],[0]
2026-08-05T07:49:13+02:00,[38],[0]
2026-08-05T07:59:13+02:00,[37],[0]
2026-08-05T08:09:12+02:00,[37],[0]
2026-08-05T08:19:12+02:00,[37],[0]
2026-08-05T08:29:12+02:00,[37],[0]
2026-08-05T08:39:12+02:00,[37],[0]
2026-08-05T08:49:12+02:00,[37],[0]
2026-08-03T09:06:29+02:00,[37],[0]
2026-08-03T09:16:30+02:00,[38],[0]
2026-08-03T09:36:29+02:00,[37],[0]
2026-08-03T09:56:29+02:00,[37],[0]
2026-08-03T10:06:29+02:00,[37],[0]
2026-08-03T10:26:29+02:00,[37],[0]
2026-08-03T10:46:29+02:00,[37],[0]
2026-08-03T10:56:29+02:00,[37],[0]
2026-08-03T11:06:29+02:00,[37],[0]
2026-08-03T11:16:29+02:00,[37],[0]
2026-08-03T11:26:30+02:00,[38],[0]
2026-08-03T11:36:29+02:00,[37],[0]
2026-08-03T11:46:29+02:00,[37],[0]
2026-08-03T11:56:29+02:00,[37],[0]
2026-08-03T12:06:30+02:00,[38],[0]
2026-08-03T12:16:29+02:00,[37],[0]
2026-08-03T12:26:29+02:00,[37],[0]
2026-08-03T12:46:29+02:00,[37],[0]
2026-08-03T12:56:29+02:00,[37],[0]
2026-08-03T13:06:29+02:00,[37],[0]
2026-08-03T13:16:29+02:00,[37],[0]
2026-08-03T13:26:29+02:00,[37],[0]
2026-08-03T13:36:29+02:00,[37],[0]
2026-08-03T13:46:29+02:00,[37],[0]
2026-08-03T13:56:28+02:00,[37],[0]
2026-08-03T14:06:29+02:00,[37],[0]
2026-08-03T14:16:29+02:00,[37],[0]
2026-08-03T14:26:29+02:00,[37],[0]
2026-08-03T14:36:29+02:00,[37],[0]
2026-08-03T14:46:29+02:00,[37],[0]
2026-08-03T14:56:29+02:00,[37],[0]
2026-08-03T15:06:30+02:00,[38],[0]
2026-08-03T15:16:30+02:00,[38],[0]
2026-08-03T15:26:29+02:00,[37],[0]
2026-08-03T15:36:29+02:00,[38],[0]
2026-08-03T15:46:29+02:00,[37],[0]
2026-08-03T15:56:29+02:00,[37],[0]
2026-08-03T16:06:29+02:00,[37],[0]
2026-08-03T16:16:28+02:00,[37],[0]
2026-08-03T16:36:28+02:00,[37],[0]
2026-08-03T16:46:28+02:00,[37],[0]
2026-08-04T01:16:29+02:00,[37],[0]
2026-08-04T01:36:26+02:00,[37],[0]
2026-08-04T01:46:26+02:00,[37],[0]
2026-08-04T01:56:27+02:00,[38],[0]
2026-08-04T02:06:26+02:00,[37],[0]
2026-08-04T02:16:26+02:00,[37],[0]
2026-08-04T02:26:27+02:00,[38],[0]
2026-08-04T02:36:26+02:00,[37],[0]
2026-08-04T02:46:26+02:00,[37],[0]
2026-08-04T02:56:26+02:00,[37],[0]
2026-08-04T03:06:26+02:00,[37],[0]
2026-08-04T03:16:26+02:00,[38],[0]
2026-08-04T03:26:26+02:00,[37],[0]
2026-08-04T03:36:26+02:00,[37],[0]
2026-08-04T03:46:27+02:00,[37],[0]
2026-08-04T03:56:27+02:00,[38],[0]
2026-08-04T04:06:26+02:00,[37],[0]
2026-08-04T04:16:26+02:00,[37],[0]
2026-08-04T04:26:27+02:00,[38],[0]
2026-08-04T04:36:27+02:00,[38],[0]
2026-08-04T04:46:27+02:00,[38],[0]
2026-08-04T04:56:27+02:00,[38],[0]
2026-08-04T05:06:26+02:00,[37],[0]
2026-08-04T05:16:27+02:00,[37],[0]
2026-08-04T05:26:26+02:00,[37],[0]
2026-08-04T05:36:26+02:00,[37],[0]
2026-08-04T05:46:26+02:00,[37],[0]
2026-08-04T05:56:27+02:00,[38],[0]
2026-08-04T06:06:27+02:00,[37],[0]
2026-08-04T06:16:26+02:00,[37],[0]
2026-08-04T06:26:26+02:00,[37],[0]
2026-08-04T06:36:26+02:00,[37],[0]
2026-08-04T06:46:26+02:00,[38],[0]
2026-08-04T06:56:26+02:00,[37],[0]
2026-08-04T07:06:27+02:00,[37],[0]
2026-08-04T07:16:26+02:00,[37],[0]
2026-08-04T07:26:26+02:00,[37],[0]
2026-08-04T07:36:26+02:00,[37],[0]
2026-08-04T07:46:26+02:00,[37],[0]
2026-08-04T07:56:27+02:00,[38],[0]
2026-08-04T08:06:27+02:00,[37],[0]
2026-08-04T08:16:26+02:00,[37],[0]
2026-08-04T08:26:26+02:00,[37],[0]
2026-08-04T08:36:26+02:00,[37],[0]
2026-08-04T08:46:26+02:00,[37],[0]
2026-08-04T08:56:26+02:00,[37],[0]
2026-08-02T09:06:29+02:00,[37],[0]
2026-08-02T09:16:29+02:00,[38],[0]
2026-08-02T09:26:29+02:00,[37],[0]
2026-08-02T09:36:29+02:00,[37],[0]
2026-08-02T09:46:29+02:00,[38],[0]
2026-08-02T09:56:30+02:00,[38],[0]
2026-08-02T10:06:29+02:00,[37],[0]
2026-08-02T10:16:29+02:00,[37],[0]
2026-08-02T10:26:30+02:00,[39],[0]
2026-08-02T10:36:29+02:00,[38],[0]
2026-08-02T10:46:29+02:00,[37],[0]
2026-08-02T10:56:29+02:00,[37],[0]
2026-08-02T11:16:29+02:00,[37],[0]
2026-08-02T11:26:29+02:00,[37],[0]
2026-08-02T11:36:29+02:00,[37],[0]
2026-08-02T11:46:29+02:00,[37],[0]
2026-08-02T11:56:29+02:00,[37],[0]
2026-08-02T12:06:29+02:00,[38],[0]
2026-08-02T12:16:29+02:00,[37],[0]
2026-08-02T12:26:29+02:00,[37],[0]
2026-08-02T12:36:29+02:00,[37],[0]
2026-08-02T12:46:28+02:00,[37],[0]
2026-08-02T12:56:29+02:00,[37],[0]
2026-08-02T13:06:30+02:00,[38],[0]
2026-08-02T13:16:29+02:00,[38],[0]
2026-08-02T13:26:29+02:00,[37],[0]
2026-08-02T13:36:29+02:00,[37],[0]
2026-08-02T13:46:29+02:00,[37],[0]
2026-08-02T13:56:29+02:00,[37],[0]
2026-08-02T14:06:29+02:00,[37],[0]
2026-08-02T14:16:32+02:00,[37],[0]
2026-08-02T14:26:30+02:00,[38],[0]
2026-08-02T14:36:30+02:00,[38],[0]
2026-08-02T14:46:29+02:00,[37],[0]
2026-08-02T14:56:30+02:00,[38],[0]
2026-08-02T15:06:29+02:00,[37],[0]
2026-08-02T15:16:29+02:00,[37],[0]
2026-08-02T15:26:41+02:00,[38],[0]
2026-08-02T15:36:29+02:00,[37],[0]
2026-08-02T15:46:29+02:00,[37],[0]
2026-08-02T15:56:29+02:00,[37],[0]
2026-08-03T01:36:30+02:00,[38],[0]
2026-08-03T01:46:29+02:00,[37],[0]
2026-08-03T01:56:28+02:00,[37],[0]
2026-08-03T02:06:29+02:00,[37],[0]
2026-08-03T02:16:29+02:00,[37],[0]
2026-08-03T02:26:30+02:00,[38],[0]
2026-08-03T02:36:29+02:00,[37],[0]
2026-08-03T02:46:29+02:00,[37],[0]
2026-08-03T02:56:29+02:00,[37],[0]
2026-08-03T03:06:29+02:00,[37],[0]
2026-08-03T03:16:29+02:00,[37],[0]
2026-08-03T03:26:29+02:00,[37],[0]
2026-08-03T03:36:28+02:00,[37],[0]
2026-08-03T03:46:29+02:00,[37],[0]
2026-08-03T03:56:29+02:00,[37],[0]
2026-08-03T04:06:30+02:00,[38],[0]
2026-08-03T04:16:30+02:00,[38],[0]
2026-08-03T04:26:29+02:00,[37],[0]
2026-08-03T04:36:29+02:00,[37],[0]
2026-08-03T04:46:29+02:00,[37],[0]
2026-08-03T04:56:29+02:00,[37],[0]
2026-08-03T05:06:28+02:00,[37],[0]
2026-08-03T05:16:30+02:00,[38],[0]
2026-08-03T05:26:29+02:00,[37],[0]
2026-08-03T05:36:29+02:00,[37],[0]
2026-08-03T05:46:30+02:00,[38],[0]
2026-08-03T05:56:29+02:00,[37],[0]
2026-08-03T06:06:29+02:00,[37],[0]
2026-08-03T06:16:30+02:00,[38],[0]
2026-08-03T06:26:30+02:00,[38],[0]
2026-08-03T06:36:29+02:00,[37],[0]
2026-08-03T06:46:29+02:00,[37],[0]
2026-08-03T06:56:28+02:00,[37],[0]
2026-08-03T07:06:29+02:00,[37],[0]
2026-08-03T07:16:30+02:00,[38],[0]
2026-08-03T07:26:29+02:00,[37],[0]
2026-08-03T07:36:29+02:00,[37],[0]
2026-08-03T07:46:29+02:00,[37],[0]
2026-08-03T07:56:29+02:00,[37],[0]
2026-08-03T08:06:28+02:00,[37],[0]
2026-08-03T08:16:30+02:00,[38],[0]
2026-08-03T08:26:29+02:00,[37],[0]
2026-08-03T08:36:30+02:00,[38],[0]
2026-08-03T08:46:30+02:00,[38],[0]
2026-08-01T09:06:29+02:00,[37],[0]
2026-08-01T09:16:29+02:00,[37],[0]
2026-08-01T09:26:29+02:00,[37],[0]
2026-08-01T09:36:29+02:00,[37],[0]
2026-08-01T09:46:29+02:00,[37],[0]
2026-08-01T09:56:29+02:00,[37],[0]
2026-08-01T09:58:11+02:00,[1],[0]
2026-08-01T09:58:41+02:00,"[5,30,30,30,30,22,30,30,19,30]","[0,0,0,0,0,0,0,0,0,0]"
2026-08-01T10:02:27+02:00,[30],[0]
2026-08-01T10:06:29+02:00,[37],[0]
2026-08-01T10:16:29+02:00,[37],[0]
2026-08-01T10:26:29+02:00,[37],[0]
2026-08-01T10:36:29+02:00,[38],[0]
2026-08-01T10:46:29+02:00,[37],[0]
2026-08-01T10:56:29+02:00,[37],[0]
2026-08-01T11:06:30+02:00,[38],[0]
2026-08-01T11:16:30+02:00,[38],[0]
2026-08-01T11:36:29+02:00,[37],[0]
2026-08-01T11:46:29+02:00,[37],[0]
2026-08-01T11:56:30+02:00,[38],[0]
2026-08-01T12:06:29+02:00,[37],[0]
2026-08-01T12:16:29+02:00,[37],[0]
2026-08-01T12:26:29+02:00,[37],[0]
2026-08-01T12:36:29+02:00,[37],[0]
2026-08-01T12:46:29+02:00,[37],[0]
2026-08-01T12:56:29+02:00,[37],[0]
2026-08-01T13:06:29+02:00,[37],[0]
2026-08-01T13:16:29+02:00,[37],[0]
2026-08-01T13:26:29+02:00,[37],[0]
2026-08-01T13:36:29+02:00,[37],[0]
2026-08-01T13:46:29+02:00,[37],[0]
2026-08-01T13:56:29+02:00,[37],[0]
2026-08-01T14:06:29+02:00,[37],[0]
2026-08-01T14:16:30+02:00,[38],[0]
2026-08-01T14:26:29+02:00,[37],[0]
2026-08-01T14:36:29+02:00,[37],[0]
2026-08-01T14:46:30+02:00,[38],[0]
2026-08-01T14:56:29+02:00,[37],[0]
2026-08-01T15:06:29+02:00,[37],[0]
2026-08-01T15:16:30+02:00,[38],[0]
2026-08-01T15:26:29+02:00,[38],[0]
2026-08-01T15:36:29+02:00,[37],[0]
2026-08-01T15:46:30+02:00,[38],[0]
2026-08-01T15:56:30+02:00,[38],[0]
2026-08-01T16:06:28+02:00,[37],[0]
2026-08-01T16:16:29+02:00,[37],[0]
2026-08-01T16:26:29+02:00,[37],[0]
2026-08-01T16:36:30+02:00,[38],[0]
2026-08-01T16:46:29+02:00,[37],[0]
2026-08-01T16:56:29+02:00,[38],[0]
2026-08-01T17:06:29+02:00,[37],[0]
2026-08-02T04:57:22+02:00,[1],[0]
2026-08-02T04:57:52+02:00,"[29,29,30,30,30,23,30,38,30,14,2,29,30,30,30,30,22,7,30,30,30,6,28,11,30,26,30,30,33,30,36,30]","[0,0,0,0,0,0,0,0,0,0,0,0,0,0,0,0,0,0,0,0,0,0,0,0,0,0,0,0,0,0,0,0]"
2026-08-02T05:11:25+02:00,[30],[0]
2026-08-02T05:12:46+02:00,[38],[0]
2026-08-02T05:16:28+02:00,[37],[0]
2026-08-02T05:56:29+02:00,[37],[0]
2026-08-02T06:06:28+02:00,[37],[0]
2026-08-02T06:16:30+02:00,[38],[0]
2026-08-02T06:26:29+02:00,[37],[0]
2026-08-02T06:36:28+02:00,[37],[0]
2026-08-02T06:46:29+02:00,[37],[0]
2026-08-02T06:56:29+02:00,[37],[0]
2026-08-02T07:06:29+02:00,[37],[0]
2026-08-02T07:16:29+02:00,[37],[0]
2026-08-02T07:36:29+02:00,[37],[0]
2026-08-02T07:46:29+02:00,[37],[0]
2026-08-02T08:06:29+02:00,[37],[0]
2026-08-02T08:16:30+02:00,[38],[0]
2026-08-02T08:26:29+02:00,[37],[0]
2026-08-02T08:36:30+02:00,[38],[0]
2026-08-02T08:46:29+02:00,[37],[0]
2026-08-02T08:56:29+02:00,[37],[0]
2026-07-31T07:45:51+02:00,[38],[0]
2026-07-31T07:55:52+02:00,[37],[0]
2026-07-31T08:05:52+02:00,[38],[0]
2026-07-31T08:15:50+02:00,[37],[0]
2026-07-31T08:25:52+02:00,[38],[0]
2026-07-31T08:35:52+02:00,[38],[0]
2026-07-31T08:45:52+02:00,[38],[0]
2026-07-31T08:55:51+02:00,[38],[0]
2026-07-31T09:05:51+02:00,[37],[0]
2026-07-31T09:15:52+02:00,[38],[0]
2026-07-31T09:25:51+02:00,[37],[0]
2026-07-31T09:35:50+02:00,[37],[0]
2026-07-31T09:45:51+02:00,[37],[0]
2026-07-31T10:05:51+02:00,[37],[0]
2026-07-31T10:15:52+02:00,[37],[0]
2026-07-31T10:25:51+02:00,[38],[0]
2026-07-31T10:35:51+02:00,[38],[0]
2026-07-31T10:55:51+02:00,[37],[0]
2026-07-31T11:15:51+02:00,[38],[0]
2026-07-31T11:25:51+02:00,[37],[0]
2026-07-31T11:35:52+02:00,[38],[0]
2026-07-31T11:55:52+02:00,[38],[0]
2026-07-31T12:05:52+02:00,[38],[0]
2026-07-31T12:15:52+02:00,[38],[0]
2026-07-31T12:25:51+02:00,[37],[0]
2026-07-31T12:35:51+02:00,[37],[0]
2026-07-31T12:45:51+02:00,[37],[0]
2026-07-31T12:55:51+02:00,[38],[0]
2026-07-31T13:05:51+02:00,[37],[0]
2026-07-31T13:25:51+02:00,[38],[0]
2026-07-31T13:36:14+02:00,[37],[0]
2026-07-31T13:46:32+02:00,[37],[0]
2026-07-31T13:56:32+02:00,[37],[0]
2026-07-31T14:06:31+02:00,[37],[0]
2026-07-31T14:16:32+02:00,[37],[0]
2026-07-31T14:26:32+02:00,[37],[0]
2026-07-31T14:36:32+02:00,[37],[0]
2026-07-31T14:46:32+02:00,[37],[0]
2026-07-31T14:56:33+02:00,[38],[0]
2026-07-31T15:06:32+02:00,[37],[0]
2026-07-31T15:16:32+02:00,[37],[0]
2026-07-31T15:26:33+02:00,[37],[0]
2026-07-31T15:36:32+02:00,[37],[0]
2026-07-31T15:46:33+02:00,[38],[0]
2026-07-31T15:56:32+02:00,[37],[0]
2026-07-31T16:06:32+02:00,[37],[0]
2026-08-01T03:26:29+02:00,[37],[0]
2026-08-01T03:36:29+02:00,[37],[0]
2026-08-01T03:56:30+02:00,[38],[0]
2026-08-01T04:06:30+02:00,[38],[0]
2026-08-01T04:16:29+02:00,[37],[0]
2026-08-01T04:26:29+02:00,[37],[0]
2026-08-01T04:36:29+02:00,[37],[0]
2026-08-01T04:46:30+02:00,[38],[0]
2026-08-01T04:56:29+02:00,[37],[0]
2026-08-01T05:06:30+02:00,[38],[0]
2026-08-01T05:26:51+02:00,[38],[0]
2026-08-01T05:36:28+02:00,[37],[0]
2026-08-01T05:46:29+02:00,[37],[0]
2026-08-01T05:56:29+02:00,[37],[0]
2026-08-01T06:06:28+02:00,[37],[0]
2026-08-01T06:16:29+02:00,[37],[0]
2026-08-01T06:26:30+02:00,[38],[0]
2026-08-01T06:36:30+02:00,[38],[0]
2026-08-01T06:46:29+02:00,[37],[0]
2026-08-01T06:56:30+02:00,[38],[0]
2026-08-01T07:06:29+02:00,[37],[0]
2026-08-01T07:16:29+02:00,[37],[0]
2026-08-01T07:36:29+02:00,[37],[0]
2026-08-01T07:46:30+02:00,[38],[0]
2026-08-01T07:56:29+02:00,[37],[0]
2026-08-01T08:06:29+02:00,[37],[0]
2026-08-01T08:16:29+02:00,[37],[0]
2026-08-01T08:26:29+02:00,[37],[0]
2026-08-01T08:36:29+02:00,[37],[0]
2026-08-01T08:46:29+02:00,[38],[0]
2026-07-30T07:45:51+02:00,[38],[0]
2026-07-30T07:55:51+02:00,[37],[0]
2026-07-30T08:05:51+02:00,[37],[0]
2026-07-30T08:15:52+02:00,[37],[0]
2026-07-30T08:25:51+02:00,[37],[0]
2026-07-30T08:35:52+02:00,[37],[0]
2026-07-30T08:45:51+02:00,[37],[0]
2026-07-30T08:55:51+02:00,[38],[0]
2026-07-30T09:05:51+02:00,[37],[0]
2026-07-30T09:15:51+02:00,[38],[0]
2026-07-30T09:35:51+02:00,[37],[0]
2026-07-30T09:45:52+02:00,[37],[0]
2026-07-30T09:55:52+02:00,[38],[0]
2026-07-30T10:05:52+02:00,[38],[0]
2026-07-30T10:15:51+02:00,[37],[0]
2026-07-30T10:25:51+02:00,[37],[0]
2026-07-30T10:35:51+02:00,[37],[0]
2026-07-30T10:45:52+02:00,[37],[0]
2026-07-30T10:55:51+02:00,[37],[0]
2026-07-30T11:05:51+02:00,[37],[0]
2026-07-30T11:15:51+02:00,[37],[0]
2026-07-30T11:25:51+02:00,[37],[0]
2026-07-30T11:35:51+02:00,[37],[0]
2026-07-30T11:55:51+02:00,[37],[0]
2026-07-30T12:05:51+02:00,[37],[0]
2026-07-30T12:15:51+02:00,[37],[0]
2026-07-30T12:25:51+02:00,[37],[0]
2026-07-30T12:45:52+02:00,[37],[0]
2026-07-30T12:55:52+02:00,[38],[0]
2026-07-30T13:05:51+02:00,[37],[0]
2026-07-30T13:15:51+02:00,[37],[0]
2026-07-30T13:25:51+02:00,[38],[0]
2026-07-30T13:35:51+02:00,[37],[0]
2026-07-30T13:45:50+02:00,[37],[0]
2026-07-30T13:55:50+02:00,[37],[0]
2026-07-30T14:05:51+02:00,[37],[0]
2026-07-30T14:15:51+02:00,[37],[0]
2026-07-30T14:25:51+02:00,[37],[0]
2026-07-30T14:35:52+02:00,[37],[0]
2026-07-30T14:45:51+02:00,[37],[0]
2026-07-30T14:55:51+02:00,[37],[0]
2026-07-30T15:05:52+02:00,[37],[0]
2026-07-30T15:15:51+02:00,[37],[0]
2026-07-30T15:25:51+02:00,[37],[0]
2026-07-30T15:45:52+02:00,[38],[0]
2026-07-30T15:55:52+02:00,[38],[0]
2026-07-30T16:05:51+02:00,[37],[0]
2026-07-30T16:15:51+02:00,[37],[0]
2026-07-30T18:00:00+02:00,[60],[0]
2026-07-31T01:35:51+02:00,[37],[0]
2026-07-31T01:45:51+02:00,[37],[0]
2026-07-31T01:55:51+02:00,[37],[0]
2026-07-31T02:05:51+02:00,[37],[0]
2026-07-31T02:15:52+02:00,[38],[0]
2026-07-31T02:25:51+02:00,[37],[0]
2026-07-31T02:35:52+02:00,[38],[0]
2026-07-31T02:45:52+02:00,[38],[0]
2026-07-31T02:55:51+02:00,[37],[0]
2026-07-31T03:05:52+02:00,[38],[0]
2026-07-31T03:15:52+02:00,[38],[0]
2026-07-31T03:25:51+02:00,[37],[0]
2026-07-31T03:35:52+02:00,[37],[0]
2026-07-31T03:45:52+02:00,[37],[0]
2026-07-31T03:55:51+02:00,[37],[0]
2026-07-31T04:05:51+02:00,[37],[0]
2026-07-31T04:15:51+02:00,[37],[0]
2026-07-31T04:25:52+02:00,[38],[0]
2026-07-31T04:35:51+02:00,[37],[0]
2026-07-31T04:45:52+02:00,[38],[0]
2026-07-31T04:55:52+02:00,[38],[0]
2026-07-31T05:05:51+02:00,[37],[0]
2026-07-31T05:15:51+02:00,[37],[0]
2026-07-31T05:25:51+02:00,[37],[0]
2026-07-31T05:35:51+02:00,[37],[0]
2026-07-31T05:45:51+02:00,[37],[0]
2026-07-31T05:55:51+02:00,[37],[0]
2026-07-31T06:25:51+02:00,[37],[0]
2026-07-31T06:35:51+02:00,[37],[0]
2026-07-31T07:05:51+02:00,[38],[0]
2026-07-31T07:15:51+02:00,[37],[0]
2026-07-31T07:25:51+02:00,[37],[0]
2026-07-31T07:35:53+02:00,[38],[0]
2026-07-29T07:45:53+02:00,[37],[0]
2026-07-29T08:05:54+02:00,[37],[0]
2026-07-29T08:15:54+02:00,[37],[0]
2026-07-29T08:25:54+02:00,[37],[0]
2026-07-29T08:35:54+02:00,[37],[0]
2026-07-29T08:45:54+02:00,[37],[0]
2026-07-29T08:55:54+02:00,[37],[0]
2026-07-29T09:05:54+02:00,[37],[0]
2026-07-29T09:15:54+02:00,[37],[0]
2026-07-29T09:25:53+02:00,[37],[0]
2026-07-29T09:35:54+02:00,[37],[0]
2026-07-29T09:45:54+02:00,[37],[0]
2026-07-29T09:55:54+02:00,[37],[0]
2026-07-29T10:05:54+02:00,[37],[0]
2026-07-29T10:15:54+02:00,[37],[0]
2026-07-29T10:25:54+02:00,[37],[0]
2026-07-29T10:35:54+02:00,[37],[0]
2026-07-29T10:45:54+02:00,[37],[0]
2026-07-29T10:55:54+02:00,[37],[0]
2026-07-29T11:05:54+02:00,[37],[0]
2026-07-29T11:15:54+02:00,[37],[0]
2026-07-29T11:25:54+02:00,[37],[0]
2026-07-29T11:45:55+02:00,[38],[0]
2026-07-29T11:55:54+02:00,[37],[0]
2026-07-29T12:05:54+02:00,[37],[0]
2026-07-29T12:15:54+02:00,[37],[0]
2026-07-29T12:25:55+02:00,[38],[0]
2026-07-29T12:35:54+02:00,[37],[0]
2026-07-29T12:46:48+02:00,[37],[0]
2026-07-29T12:55:55+02:00,[38],[0]
2026-07-29T13:05:54+02:00,[37],[0]
2026-07-29T13:15:54+02:00,[37],[0]
2026-07-29T13:25:54+02:00,[37],[0]
2026-07-29T13:35:54+02:00,[37],[0]
2026-07-29T13:45:54+02:00,[37],[0]
2026-07-29T13:55:53+02:00,[37],[0]
2026-07-29T14:05:55+02:00,[38],[0]
2026-07-29T14:15:54+02:00,[37],[0]
2026-07-29T14:25:54+02:00,[37],[0]
2026-07-29T14:35:54+02:00,[37],[0]
2026-07-29T14:45:54+02:00,[37],[0]
2026-07-29T14:55:54+02:00,[38],[0]
2026-07-29T18:00:00+02:00,[60],[0]
2026-07-30T01:55:53+02:00,[37],[0]
2026-07-30T02:05:54+02:00,[37],[0]
2026-07-30T02:15:54+02:00,[37],[0]
2026-07-30T02:25:54+02:00,[38],[0]
2026-07-30T02:35:54+02:00,[37],[0]
2026-07-30T02:45:54+02:00,[37],[0]
2026-07-30T02:55:54+02:00,[37],[0]
2026-07-30T03:05:54+02:00,[37],[0]
2026-07-30T03:15:54+02:00,[37],[0]
2026-07-30T03:25:54+02:00,[37],[0]
2026-07-30T03:35:54+02:00,[37],[0]
2026-07-30T03:45:54+02:00,[37],[0]
2026-07-30T03:55:55+02:00,[38],[0]
2026-07-30T04:05:54+02:00,[37],[0]
2026-07-30T04:15:54+02:00,[37],[0]
2026-07-30T04:25:54+02:00,[37],[0]
2026-07-30T04:35:54+02:00,[37],[0]
2026-07-30T04:45:54+02:00,[37],[0]
2026-07-30T04:55:54+02:00,[37],[0]
2026-07-30T05:05:54+02:00,[37],[0]
2026-07-30T05:15:54+02:00,[37],[0]
2026-07-30T05:25:54+02:00,[37],[0]
2026-07-30T05:35:54+02:00,[37],[0]
2026-07-30T05:45:54+02:00,[37],[0]
2026-07-30T05:55:54+02:00,[37],[0]
2026-07-30T06:05:54+02:00,[37],[0]
2026-07-30T06:15:54+02:00,[37],[0]
2026-07-30T06:25:54+02:00,[37],[0]
2026-07-30T06:35:55+02:00,[38],[0]
2026-07-30T06:45:54+02:00,[37],[0]
2026-07-30T06:55:54+02:00,[37],[0]
2026-07-30T07:05:54+02:00,[37],[0]
2026-07-30T07:15:54+02:00,[37],[0]
2026-07-30T07:25:55+02:00,[38],[0]
2026-07-30T07:35:54+02:00,[37],[0]
2026-07-28T08:45:54+02:00,[37],[0]
2026-07-28T08:55:54+02:00,[37],[0]
2026-07-28T09:05:55+02:00,[38],[0]
2026-07-28T09:15:54+02:00,[37],[0]
2026-07-28T09:35:54+02:00,[37],[0]
2026-07-28T09:45:55+02:00,[37],[0]
2026-07-28T09:55:54+02:00,[37],[0]
2026-07-28T10:05:54+02:00,[37],[0]
2026-07-28T10:25:54+02:00,[37],[0]
2026-07-28T10:35:55+02:00,[38],[0]
2026-07-28T10:45:54+02:00,[37],[0]
2026-07-28T11:05:54+02:00,[37],[0]
2026-07-28T11:15:55+02:00,[38],[0]
2026-07-28T11:25:55+02:00,[38],[0]
2026-07-28T11:35:54+02:00,[37],[0]
2026-07-28T11:55:54+02:00,[38],[0]
2026-07-28T12:05:55+02:00,[38],[0]
2026-07-28T12:15:54+02:00,[37],[0]
2026-07-28T12:25:54+02:00,[37],[0]
2026-07-28T12:35:53+02:00,[37],[0]
2026-07-28T12:45:54+02:00,[37],[0]
2026-07-28T12:55:54+02:00,[37],[0]
2026-07-28T13:15:54+02:00,[37],[0]
2026-07-28T13:25:54+02:00,[37],[0]
2026-07-28T13:35:54+02:00,[37],[0]
2026-07-28T13:45:56+02:00,[38],[0]
2026-07-28T13:55:54+02:00,[37],[0]
2026-07-28T14:05:54+02:00,[37],[0]
2026-07-28T14:15:55+02:00,[38],[0]
2026-07-28T14:25:54+02:00,[37],[0]
2026-07-28T14:35:54+02:00,[37],[0]
2026-07-28T14:45:54+02:00,[37],[0]
2026-07-28T14:55:55+02:00,[38],[0]
2026-07-28T15:05:54+02:00,[37],[0]
2026-07-28T15:15:55+02:00,[38],[0]
2026-07-28T15:25:54+02:00,[37],[0]
2026-07-28T15:35:55+02:00,[38],[0]
2026-07-28T15:45:54+02:00,[38],[0]
2026-07-28T16:15:54+02:00,[37],[0]
2026-07-28T16:25:54+02:00,[37],[0]
2026-07-28T16:36:26+02:00,[37],[0]
2026-07-28T16:45:54+02:00,[37],[0]
2026-07-28T16:55:54+02:00,[38],[0]
2026-07-28T17:05:54+02:00,[37],[0]
2026-07-28T17:15:54+02:00,[37],[0]
2026-07-28T17:25:54+02:00,[37],[0]
2026-07-28T18:00:00+02:00,[60],[0]
2026-07-29T02:25:54+02:00,[37],[0]
2026-07-29T02:35:54+02:00,[38],[0]
2026-07-29T02:45:54+02:00,[37],[0]
2026-07-29T02:55:54+02:00,[37],[0]
2026-07-29T03:15:54+02:00,[37],[0]
2026-07-29T03:25:54+02:00,[37],[0]
2026-07-29T03:35:55+02:00,[38],[0]
2026-07-29T03:45:54+02:00,[37],[0]
2026-07-29T03:55:54+02:00,[37],[0]
2026-07-29T04:05:54+02:00,[37],[0]
2026-07-29T04:15:54+02:00,[37],[0]
2026-07-29T04:25:55+02:00,[38],[0]
2026-07-29T04:35:54+02:00,[37],[0]
2026-07-29T04:45:54+02:00,[37],[0]
2026-07-29T04:55:54+02:00,[37],[0]
2026-07-29T05:05:54+02:00,[37],[0]
2026-07-29T05:15:54+02:00,[37],[0]
2026-07-29T05:25:54+02:00,[37],[0]
2026-07-29T05:35:54+02:00,[37],[0]
2026-07-29T05:45:54+02:00,[37],[0]
2026-07-29T05:55:55+02:00,[38],[0]
2026-07-29T06:05:55+02:00,[38],[0]
2026-07-29T06:15:55+02:00,[38],[0]
2026-07-29T06:35:54+02:00,[37],[0]
2026-07-29T06:45:54+02:00,[37],[0]
2026-07-29T06:55:54+02:00,[37],[0]
2026-07-29T07:05:54+02:00,[37],[0]
2026-07-29T07:15:54+02:00,[37],[0]
2026-07-29T07:25:54+02:00,[37],[0]
2026-07-29T07:35:54+02:00,[37],[0]
2026-07-27T08:27:45+02:00,[38],[0]
2026-07-27T08:37:44+02:00,[37],[0]
2026-07-27T08:47:44+02:00,[37],[0]
2026-07-27T08:57:45+02:00,[38],[0]
2026-07-27T09:04:55+02:00,[37],[0]
2026-07-27T09:14:53+02:00,[37],[0]
2026-07-27T09:24:53+02:00,[37],[0]
2026-07-27T09:34:53+02:00,[37],[0]
2026-07-27T09:44:53+02:00,[37],[0]
2026-07-27T09:54:54+02:00,[38],[0]
2026-07-27T10:04:53+02:00,[37],[0]
2026-07-27T10:14:54+02:00,[38],[0]
2026-07-27T10:24:53+02:00,[37],[0]
2026-07-27T10:34:53+02:00,[37],[0]
2026-07-27T10:44:53+02:00,[37],[0]
2026-07-27T10:54:53+02:00,[37],[0]
2026-07-27T11:04:53+02:00,[37],[0]
2026-07-27T11:14:53+02:00,[37],[0]
2026-07-27T11:25:57+02:00,[37],[0]
2026-07-27T11:45:57+02:00,[37],[0]
2026-07-27T11:55:58+02:00,[38],[0]
2026-07-27T12:05:57+02:00,[37],[0]
2026-07-27T12:15:57+02:00,[37],[0]
2026-07-27T12:25:54+02:00,[37],[0]
2026-07-27T12:35:54+02:00,[37],[0]
2026-07-27T12:45:55+02:00,[38],[0]
2026-07-27T12:55:54+02:00,[37],[0]
2026-07-27T13:05:54+02:00,[37],[0]
2026-07-27T13:15:54+02:00,[37],[0]
2026-07-27T13:25:55+02:00,[38],[0]
2026-07-27T13:35:53+02:00,[37],[0]
2026-07-27T13:45:55+02:00,[38],[0]
2026-07-27T13:50:39+02:00,[37],[0]
2026-07-27T13:55:55+02:00,[37],[0]
2026-07-27T14:15:53+02:00,[37],[0]
2026-07-27T18:00:00+02:00,[60],[0]
2026-07-28T02:15:54+02:00,[37],[0]
2026-07-28T02:35:55+02:00,[38],[0]
2026-07-28T02:45:54+02:00,[37],[0]
2026-07-28T02:55:54+02:00,[37],[0]
2026-07-28T03:05:54+02:00,[37],[0]
2026-07-28T03:15:54+02:00,[37],[0]
2026-07-28T03:25:54+02:00,[37],[0]
2026-07-28T03:35:54+02:00,[37],[0]
2026-07-28T03:45:54+02:00,[37],[0]
2026-07-28T03:55:54+02:00,[37],[0]
2026-07-28T04:05:55+02:00,[38],[0]
2026-07-28T04:15:54+02:00,[37],[0]
2026-07-28T04:25:54+02:00,[37],[0]
2026-07-28T04:35:55+02:00,[38],[0]
2026-07-28T04:45:53+02:00,[37],[0]
2026-07-28T04:55:55+02:00,[38],[0]
2026-07-28T05:05:54+02:00,[37],[0]
2026-07-28T05:15:55+02:00,[38],[0]
2026-07-28T05:25:53+02:00,[36],[0]
2026-07-28T05:35:54+02:00,[37],[0]
2026-07-28T05:45:54+02:00,[37],[0]
2026-07-28T05:55:54+02:00,[37],[0]
2026-07-28T06:05:54+02:00,[37],[0]
2026-07-28T06:15:54+02:00,[37],[0]
2026-07-28T06:25:54+02:00,[37],[0]
2026-07-28T06:35:54+02:00,[37],[0]
2026-07-28T06:45:55+02:00,[38],[0]
2026-07-28T06:55:54+02:00,[38],[0]
2026-07-28T07:05:54+02:00,[37],[0]
2026-07-28T07:15:55+02:00,[38],[0]
2026-07-28T07:25:54+02:00,[37],[0]
2026-07-28T07:35:54+02:00,[37],[0]
2026-07-28T07:45:54+02:00,[37],[0]
2026-07-28T07:55:54+02:00,[37],[0]
2026-07-28T08:05:54+02:00,[37],[0]
2026-07-28T08:15:54+02:00,[37],[0]
2026-07-28T08:25:54+02:00,[37],[0]
2026-07-28T08:35:55+02:00,[38],[0]
2026-07-26T09:07:45+02:00,[37],[0]
2026-07-26T09:17:44+02:00,[37],[0]
2026-07-26T09:27:45+02:00,[38],[0]
2026-07-26T09:37:45+02:00,[38],[0]
2026-07-26T10:07:44+02:00,[37],[0]
2026-07-26T10:27:45+02:00,[38],[0]
2026-07-26T10:37:44+02:00,[37],[0]
2026-07-26T10:47:44+02:00,[37],[0]
2026-07-26T10:57:44+02:00,[37],[0]
2026-07-26T11:07:44+02:00,[37],[0]
2026-07-26T11:17:44+02:00,[38],[0]
2026-07-26T11:27:43+02:00,[37],[0]
2026-07-26T11:37:43+02:00,[37],[0]
2026-07-26T11:47:44+02:00,[37],[0]
2026-07-26T11:57:44+02:00,[37],[0]
2026-07-26T12:07:44+02:00,[3],[0]
2026-07-26T12:17:43+02:00,[37],[0]
2026-07-26T12:27:44+02:00,[37],[0]
2026-07-26T12:37:43+02:00,[37],[0]
2026-07-26T12:47:44+02:00,[37],[0]
2026-07-26T12:57:44+02:00,[38],[0]
2026-07-26T13:07:44+02:00,[37],[0]
2026-07-26T13:17:45+02:00,[38],[0]
2026-07-26T13:27:44+02:00,[37],[0]
2026-07-26T13:37:44+02:00,[37],[0]
2026-07-26T13:47:44+02:00,[37],[0]
2026-07-26T14:07:44+02:00,[37],[0]
2026-07-26T14:17:44+02:00,[37],[0]
2026-07-26T14:27:44+02:00,[38],[0]
2026-07-26T14:37:44+02:00,[37],[0]
2026-07-26T14:47:44+02:00,[37],[0]
2026-07-26T14:57:44+02:00,[37],[0]
2026-07-26T15:07:44+02:00,[37],[0]
2026-07-26T15:17:45+02:00,[38],[0]
2026-07-26T15:27:44+02:00,[37],[0]
2026-07-26T15:37:44+02:00,[37],[0]
2026-07-26T15:47:44+02:00,[37],[0]
2026-07-26T15:57:45+02:00,[38],[0]
2026-07-26T16:07:44+02:00,[38],[0]
2026-07-26T18:00:00+02:00,[60],[0]
2026-07-27T02:17:44+02:00,[37],[0]
2026-07-27T02:37:43+02:00,[37],[0]
2026-07-27T02:47:44+02:00,[37],[0]
2026-07-27T02:57:44+02:00,[37],[0]
2026-07-27T03:07:44+02:00,[37],[0]
2026-07-27T03:17:44+02:00,[37],[0]
2026-07-27T03:27:44+02:00,[37],[0]
2026-07-27T03:37:44+02:00,[37],[0]
2026-07-27T03:47:44+02:00,[37],[0]
2026-07-27T03:57:44+02:00,[37],[0]
2026-07-27T04:07:44+02:00,[37],[0]
2026-07-27T04:17:44+02:00,[37],[0]
2026-07-27T04:27:44+02:00,[37],[0]
2026-07-27T04:37:44+02:00,[37],[0]
2026-07-27T04:47:43+02:00,[37],[0]
2026-07-27T04:57:44+02:00,[37],[0]
2026-07-27T05:07:44+02:00,[37],[0]
2026-07-27T05:17:44+02:00,[37],[0]
2026-07-27T05:27:44+02:00,[37],[0]
2026-07-27T05:37:44+02:00,[37],[0]
2026-07-27T05:47:44+02:00,[37],[0]
2026-07-27T06:07:43+02:00,[37],[0]
2026-07-27T06:17:44+02:00,[37],[0]
2026-07-27T06:27:44+02:00,[37],[0]
2026-07-27T06:37:44+02:00,[37],[0]
2026-07-27T06:47:44+02:00,[37],[0]
2026-07-27T06:57:45+02:00,[38],[0]
2026-07-27T07:07:44+02:00,[37],[0]
2026-07-27T07:17:44+02:00,[37],[0]
2026-07-27T07:27:44+02:00,[37],[0]
2026-07-27T07:37:44+02:00,[37],[0]
2026-07-27T07:47:44+02:00,[37],[0]
2026-07-27T07:57:44+02:00,[37],[0]
2026-07-27T08:07:44+02:00,[37],[0]
2026-07-27T08:17:43+02:00,[37],[0]
2026-07-25T09:27:48+02:00,[37],[0]
2026-07-25T09:37:48+02:00,[37],[0]
2026-07-25T09:47:49+02:00,[38],[0]
2026-07-25T09:57:48+02:00,[37],[0]
2026-07-25T10:07:49+02:00,[38],[0]
2026-07-25T10:17:48+02:00,[37],[0]
2026-07-25T10:27:49+02:00,[38],[0]
2026-07-25T10:37:49+02:00,[38],[0]
2026-07-25T10:47:48+02:00,[37],[0]
2026-07-25T10:57:48+02:00,[37],[0]
2026-07-25T11:07:49+02:00,[38],[0]
2026-07-25T11:17:48+02:00,[37],[0]
2026-07-25T11:27:48+02:00,[37],[0]
2026-07-25T11:37:48+02:00,[37],[0]
2026-07-25T11:47:48+02:00,[37],[0]
2026-07-25T11:57:48+02:00,[37],[0]
2026-07-25T12:07:49+02:00,[38],[0]
2026-07-25T12:17:48+02:00,[37],[0]
2026-07-25T12:27:49+02:00,[37],[0]
2026-07-25T12:37:48+02:00,[37],[0]
2026-07-25T12:57:48+02:00,[37],[0]
2026-07-25T13:07:49+02:00,[38],[0]
2026-07-25T13:17:48+02:00,[37],[0]
2026-07-25T13:27:48+02:00,[37],[0]
2026-07-25T13:37:48+02:00,[37],[0]
2026-07-25T13:47:48+02:00,[37],[0]
2026-07-25T13:57:48+02:00,[37],[0]
2026-07-25T14:07:48+02:00,[37],[0]
2026-07-25T14:17:49+02:00,[38],[0]
2026-07-25T18:00:00+02:00,[60],[0]
2026-07-26T03:27:48+02:00,[37],[0]
2026-07-26T03:37:48+02:00,[37],[0]
2026-07-26T03:47:48+02:00,[37],[0]
2026-07-26T03:57:48+02:00,[37],[0]
2026-07-26T04:07:48+02:00,[37],[0]
2026-07-26T04:17:49+02:00,[38],[0]
2026-07-26T04:27:49+02:00,[38],[0]
2026-07-26T04:37:48+02:00,[37],[0]
2026-07-26T04:47:48+02:00,[38],[0]
2026-07-26T04:57:48+02:00,[37],[0]
2026-07-26T05:07:49+02:00,[38],[0]
2026-07-26T05:17:48+02:00,[37],[0]
2026-07-26T05:27:48+02:00,[37],[0]
2026-07-26T05:37:45+02:00,[38],[0]
2026-07-26T05:47:44+02:00,[37],[0]
2026-07-26T05:57:44+02:00,[37],[0]
2026-07-26T06:07:44+02:00,[37],[0]
2026-07-26T06:17:44+02:00,[37],[0]
2026-07-26T06:27:44+02:00,[37],[0]
2026-07-26T06:37:44+02:00,[37],[0]
2026-07-26T06:47:44+02:00,[37],[0]
2026-07-26T06:57:44+02:00,[37],[0]
2026-07-26T07:07:44+02:00,[37],[0]
2026-07-26T07:17:44+02:00,[37],[0]
2026-07-26T07:27:44+02:00,[38],[0]
2026-07-26T07:37:45+02:00,[38],[0]
2026-07-26T07:47:44+02:00,[37],[0]
2026-07-26T07:57:44+02:00,[37],[0]
2026-07-26T08:07:45+02:00,[38],[0]
2026-07-26T08:37:45+02:00,[38],[0]
2026-07-26T08:57:44+02:00,[37],[0]
2026-07-24T08:27:49+02:00,[38],[0]
2026-07-24T08:37:48+02:00,[37],[0]
2026-07-24T08:47:49+02:00,[38],[0]
2026-07-24T08:57:48+02:00,[37],[0]
2026-07-24T09:07:49+02:00,[38],[0]
2026-07-24T09:17:48+02:00,[37],[0]
2026-07-24T09:27:48+02:00,[37],[0]
2026-07-24T09:37:48+02:00,[37],[0]
2026-07-24T09:47:49+02:00,[37],[0]
2026-07-24T09:57:48+02:00,[37],[0]
2026-07-24T10:07:49+02:00,[37],[0]
2026-07-24T10:17:48+02:00,[37],[0]
2026-07-24T10:27:48+02:00,[37],[0]
2026-07-24T10:37:48+02:00,[37],[0]
2026-07-24T10:47:48+02:00,[37],[0]
2026-07-24T10:57:48+02:00,[37],[0]
2026-07-24T11:07:48+02:00,[37],[0]
2026-07-24T11:17:48+02:00,[37],[0]
2026-07-24T11:27:48+02:00,[37],[0]
2026-07-24T11:37:49+02:00,[37],[0]
2026-07-24T11:48:03+02:00,[37],[0]
2026-07-24T11:57:48+02:00,[37],[0]
2026-07-24T12:07:48+02:00,[37],[0]
2026-07-24T12:17:48+02:00,[38],[0]
2026-07-24T12:27:48+02:00,[37],[0]
2026-07-24T12:37:48+02:00,[37],[0]
2026-07-24T12:47:48+02:00,[37],[0]
2026-07-24T12:57:49+02:00,[38],[0]
2026-07-24T13:07:49+02:00,[37],[0]
2026-07-24T13:17:48+02:00,[37],[0]
2026-07-24T13:27:49+02:00,[38],[0]
2026-07-24T13:37:48+02:00,[37],[0]
2026-07-24T13:47:48+02:00,[37],[0]
2026-07-24T13:57:49+02:00,[38],[0]
2026-07-24T14:07:49+02:00,[38],[0]
2026-07-24T14:27:48+02:00,[37],[0]
2026-07-24T14:37:48+02:00,[38],[0]
2026-07-24T14:47:48+02:00,[37],[0]
2026-07-24T14:57:48+02:00,[37],[0]
2026-07-24T15:07:48+02:00,[37],[0]
2026-07-24T15:17:48+02:00,[37],[0]
2026-07-24T15:27:48+02:00,[37],[0]
2026-07-24T15:37:48+02:00,[37],[0]
2026-07-24T15:47:48+02:00,[37],[0]
2026-07-24T15:57:48+02:00,[38],[0]
2026-07-24T16:07:48+02:00,[37],[0]
2026-07-24T18:00:00+02:00,[60],[0]
2026-07-25T01:57:49+02:00,[37],[0]
2026-07-25T02:18:29+02:00,[37],[0]
2026-07-25T02:27:48+02:00,[37],[0]
2026-07-25T02:37:48+02:00,[37],[0]
2026-07-25T02:47:48+02:00,[37],[0]
2026-07-25T02:57:48+02:00,[37],[0]
2026-07-25T03:07:48+02:00,[38],[0]
2026-07-25T03:17:47+02:00,[37],[0]
2026-07-25T03:27:49+02:00,[38],[0]
2026-07-25T03:37:48+02:00,[37],[0]
2026-07-25T03:47:48+02:00,[37],[0]
2026-07-25T03:57:48+02:00,[37],[0]
2026-07-25T04:07:48+02:00,[37],[0]
2026-07-25T04:17:49+02:00,[38],[0]
2026-07-25T04:27:48+02:00,[37],[0]
2026-07-25T04:47:48+02:00,[37],[0]
2026-07-25T04:57:49+02:00,[38],[0]
2026-07-25T05:07:48+02:00,[37],[0]
2026-07-25T05:17:47+02:00,[37],[0]
2026-07-25T05:47:49+02:00,[38],[0]
2026-07-25T06:07:48+02:00,[38],[0]
2026-07-25T06:17:48+02:00,[37],[0]
2026-07-25T06:27:48+02:00,[37],[0]
2026-07-25T06:37:48+02:00,[37],[0]
2026-07-25T06:47:48+02:00,[37],[0]
2026-07-25T06:57:49+02:00,[38],[0]
2026-07-25T07:17:47+02:00,[37],[0]
2026-07-25T07:27:47+02:00,[37],[0]
2026-07-25T07:37:48+02:00,[37],[0]
2026-07-25T07:47:47+02:00,[37],[0]
2026-07-25T07:57:49+02:00,[38],[0]
2026-07-25T08:07:48+02:00,[37],[0]
2026-07-25T08:17:49+02:00,[38],[0]
2026-07-25T08:27:48+02:00,[37],[0]
2026-07-25T08:37:48+02:00,[37],[0]
2026-07-25T08:47:49+02:00,[37],[0]
2026-07-25T08:57:49+02:00,[38],[0]
2026-07-25T09:07:48+02:00,[37],[0]
2026-07-25T09:17:49+02:00,[37],[0]
2026-07-23T08:27:48+02:00,[37],[0]
2026-07-23T08:37:48+02:00,[37],[0]
2026-07-23T08:47:48+02:00,[37],[0]
2026-07-23T08:57:48+02:00,[37],[0]
2026-07-23T09:07:48+02:00,[37],[0]
2026-07-23T09:17:48+02:00,[37],[0]
2026-07-23T09:27:48+02:00,[37],[0]
2026-07-23T09:37:47+02:00,[37],[0]
2026-07-23T09:47:48+02:00,[37],[0]
2026-07-23T10:07:47+02:00,[37],[0]
2026-07-23T10:17:48+02:00,[37],[0]
2026-07-23T10:27:49+02:00,[38],[0]
2026-07-23T10:37:48+02:00,[37],[0]
2026-07-23T10:47:49+02:00,[38],[0]
2026-07-23T10:57:48+02:00,[37],[0]
2026-07-23T11:07:47+02:00,[37],[0]
2026-07-23T11:17:48+02:00,[37],[0]
2026-07-23T11:27:48+02:00,[37],[0]
2026-07-23T11:37:48+02:00,[37],[0]
2026-07-23T11:47:48+02:00,[37],[0]
2026-07-23T11:57:48+02:00,[37],[0]
2026-07-23T12:07:47+02:00,[37],[0]
2026-07-23T12:17:49+02:00,[38],[0]
2026-07-23T12:27:48+02:00,[37],[0]
2026-07-23T12:37:49+02:00,[37],[0]
2026-07-23T12:47:48+02:00,[37],[0]
2026-07-23T12:57:48+02:00,[37],[0]
2026-07-23T13:07:48+02:00,[37],[0]
2026-07-23T13:17:49+02:00,[37],[0]
2026-07-23T13:27:49+02:00,[38],[0]
2026-07-23T13:37:48+02:00,[38],[0]
2026-07-23T13:47:48+02:00,[38],[0]
2026-07-23T13:57:49+02:00,[38],[0]
2026-07-23T14:07:49+02:00,[38],[0]
2026-07-23T14:17:49+02:00,[38],[0]
2026-07-23T14:27:48+02:00,[37],[0]
2026-07-23T14:37:48+02:00,[37],[0]
2026-07-23T14:47:49+02:00,[37],[0]
2026-07-23T14:57:49+02:00,[38],[0]
2026-07-23T15:07:48+02:00,[37],[0]
2026-07-23T15:17:48+02:00,[37],[0]
2026-07-23T15:27:49+02:00,[38],[0]
2026-07-23T15:37:49+02:00,[37],[0]
2026-07-23T18:00:00+02:00,[60],[0]
2026-07-24T02:17:49+02:00,[38],[0]
2026-07-24T02:27:49+02:00,[37],[0]
2026-07-24T02:37:48+02:00,[37],[0]
2026-07-24T02:47:48+02:00,[37],[0]
2026-07-24T02:57:48+02:00,[37],[0]
2026-07-24T03:07:48+02:00,[37],[0]
2026-07-24T03:17:48+02:00,[37],[0]
2026-07-24T03:27:48+02:00,[37],[0]
2026-07-24T03:37:48+02:00,[37],[0]
2026-07-24T03:47:48+02:00,[37],[0]
2026-07-24T03:57:48+02:00,[37],[0]
2026-07-24T04:07:48+02:00,[37],[0]
2026-07-24T04:27:48+02:00,[37],[0]
2026-07-24T04:37:48+02:00,[37],[0]
2026-07-24T04:47:48+02:00,[37],[0]
2026-07-24T04:57:49+02:00,[37],[0]
2026-07-24T05:07:48+02:00,[37],[0]
2026-07-24T05:27:48+02:00,[37],[0]
2026-07-24T05:37:48+02:00,[37],[0]
2026-07-24T05:47:48+02:00,[37],[0]
2026-07-24T05:57:47+02:00,[37],[0]
2026-07-24T06:07:48+02:00,[37],[0]
2026-07-24T06:27:48+02:00,[37],[0]
2026-07-24T06:37:48+02:00,[37],[0]
2026-07-24T06:47:49+02:00,[38],[0]
2026-07-24T06:57:48+02:00,[37],[0]
2026-07-24T07:07:49+02:00,[38],[0]
2026-07-24T07:17:48+02:00,[37],[0]
2026-07-24T07:27:48+02:00,[37],[0]
2026-07-24T07:37:48+02:00,[37],[0]
2026-07-24T07:47:48+02:00,[37],[0]
2026-07-24T07:57:48+02:00,[37],[0]
2026-07-24T08:07:48+02:00,[37],[0]
2026-07-24T08:17:48+02:00,[37],[0]
2026-07-22T08:27:48+02:00,[37],[0]
2026-07-22T08:37:48+02:00,[37],[0]
2026-07-22T08:47:48+02:00,[37],[0]
2026-07-22T08:57:48+02:00,[37],[0]
2026-07-22T09:07:48+02:00,[37],[0]
2026-07-22T09:17:48+02:00,[37],[0]
2026-07-22T09:27:48+02:00,[37],[0]
2026-07-22T09:37:48+02:00,[37],[0]
2026-07-22T09:47:48+02:00,[37],[0]
2026-07-22T10:07:48+02:00,[37],[0]
2026-07-22T10:17:48+02:00,[37],[0]
2026-07-22T10:27:49+02:00,[38],[0]
2026-07-22T10:37:48+02:00,[37],[0]
2026-07-22T10:47:48+02:00,[37],[0]
2026-07-22T10:57:48+02:00,[38],[0]
2026-07-22T11:07:48+02:00,[37],[0]
2026-07-22T11:17:48+02:00,[37],[0]
2026-07-22T11:27:48+02:00,[37],[0]
2026-07-22T11:37:48+02:00,[38],[0]
2026-07-22T11:47:48+02:00,[37],[0]
2026-07-22T11:57:49+02:00,[38],[0]
2026-07-22T12:07:48+02:00,[37],[0]
2026-07-22T12:17:48+02:00,[37],[0]
2026-07-22T12:27:48+02:00,[37],[0]
2026-07-22T12:37:48+02:00,[37],[0]
2026-07-22T12:47:49+02:00,[38],[0]
2026-07-22T12:57:48+02:00,[37],[0]
2026-07-22T13:07:48+02:00,[37],[0]
2026-07-22T13:17:49+02:00,[37],[0]
2026-07-22T13:27:48+02:00,[37],[0]
2026-07-22T13:37:48+02:00,[37],[0]
2026-07-22T13:47:49+02:00,[38],[0]
2026-07-22T13:57:48+02:00,[37],[0]
2026-07-22T14:07:48+02:00,[37],[0]
2026-07-22T14:17:49+02:00,[38],[0]
2026-07-22T14:27:48+02:00,[38],[0]
2026-07-22T14:37:48+02:00,[38],[0]
2026-07-22T14:47:48+02:00,[37],[0]
2026-07-22T14:57:48+02:00,[37],[0]
2026-07-22T15:07:48+02:00,[37],[0]
2026-07-22T15:17:48+02:00,[37],[0]
2026-07-22T18:00:00+02:00,[60],[0]
2026-07-23T01:57:48+02:00,[37],[0]
2026-07-23T02:07:48+02:00,[37],[0]
2026-07-23T02:17:47+02:00,[37],[0]
2026-07-23T02:27:48+02:00,[37],[0]
2026-07-23T02:37:48+02:00,[37],[0]
2026-07-23T02:47:49+02:00,[38],[0]
2026-07-23T02:57:48+02:00,[37],[0]
2026-07-23T03:07:49+02:00,[38],[0]
2026-07-23T03:17:48+02:00,[37],[0]
2026-07-23T03:37:48+02:00,[37],[0]
2026-07-23T03:47:48+02:00,[37],[0]
2026-07-23T03:57:48+02:00,[37],[0]
2026-07-23T04:07:48+02:00,[37],[0]
2026-07-23T04:17:48+02:00,[37],[0]
2026-07-23T04:27:49+02:00,[38],[0]
2026-07-23T04:37:49+02:00,[38],[0]
2026-07-23T04:47:48+02:00,[37],[0]
2026-07-23T04:57:48+02:00,[37],[0]
2026-07-23T05:07:48+02:00,[37],[0]
2026-07-23T05:17:49+02:00,[38],[0]
2026-07-23T05:27:48+02:00,[37],[0]
2026-07-23T05:37:49+02:00,[38],[0]
2026-07-23T05:47:48+02:00,[37],[0]
2026-07-23T05:57:48+02:00,[37],[0]
2026-07-23T06:07:48+02:00,[38],[0]
2026-07-23T06:17:48+02:00,[37],[0]
2026-07-23T06:27:48+02:00,[37],[0]
2026-07-23T06:37:48+02:00,[37],[0]
2026-07-23T06:47:48+02:00,[37],[0]
2026-07-23T06:57:49+02:00,[38],[0]
2026-07-23T07:07:48+02:00,[37],[0]
2026-07-23T07:17:49+02:00,[38],[0]
2026-07-23T07:27:49+02:00,[37],[0]
2026-07-23T07:37:49+02:00,[38],[0]
2026-07-23T07:47:48+02:00,[37],[0]
2026-07-23T07:57:48+02:00,[37],[0]
2026-07-23T08:07:48+02:00,[37],[0]
2026-07-23T08:17:48+02:00,[37],[0]
2026-07-21T08:57:52+02:00,[38],[0]
2026-07-21T09:07:51+02:00,[37],[0]
2026-07-21T09:27:51+02:00,[37],[0]
2026-07-21T09:37:51+02:00,[37],[0]
2026-07-21T09:47:52+02:00,[37],[0]
2026-07-21T09:57:51+02:00,[37],[0]
2026-07-21T10:07:51+02:00,[37],[0]
2026-07-21T10:17:51+02:00,[37],[0]
2026-07-21T10:37:51+02:00,[37],[0]
2026-07-21T11:07:51+02:00,[37],[0]
2026-07-21T11:17:52+02:00,[38],[0]
2026-07-21T11:27:51+02:00,[37],[0]
2026-07-21T11:37:51+02:00,[37],[0]
2026-07-21T11:57:48+02:00,[37],[0]
2026-07-21T12:07:49+02:00,[37],[0]
2026-07-21T12:17:48+02:00,[37],[0]
2026-07-21T12:27:49+02:00,[38],[0]
2026-07-21T12:37:49+02:00,[38],[0]
2026-07-21T12:57:48+02:00,[37],[0]
2026-07-21T13:07:47+02:00,[37],[0]
2026-07-21T13:17:48+02:00,[38],[0]
2026-07-21T13:27:49+02:00,[38],[0]
2026-07-21T13:37:47+02:00,[37],[0]
2026-07-21T13:47:48+02:00,[37],[0]
2026-07-21T13:57:48+02:00,[37],[0]
2026-07-21T14:17:48+02:00,[37],[0]
2026-07-21T14:27:47+02:00,[37],[0]
2026-07-21T14:37:47+02:00,[37],[0]
2026-07-21T14:47:47+02:00,[37],[0]
2026-07-21T14:57:49+02:00,[37],[0]
2026-07-21T15:07:48+02:00,[37],[0]
2026-07-21T15:17:48+02:00,[37],[0]
2026-07-21T15:27:47+02:00,[37],[0]
2026-07-21T15:37:47+02:00,[37],[0]
2026-07-21T15:47:49+02:00,[38],[0]
2026-07-21T15:57:48+02:00,[37],[0]
2026-07-21T16:07:49+02:00,[38],[0]
2026-07-21T16:17:48+02:00,[37],[0]
2026-07-21T16:27:48+02:00,[38],[0]
2026-07-21T16:37:48+02:00,[37],[0]
2026-07-21T16:47:48+02:00,[37],[0]
2026-07-21T16:57:48+02:00,[37],[0]
2026-07-21T17:07:49+02:00,[38],[0]
2026-07-21T17:17:49+02:00,[37],[0]
2026-07-21T17:27:49+02:00,[38],[0]
2026-07-21T17:37:48+02:00,[37],[0]
2026-07-21T18:00:00+02:00,[60],[0]
2026-07-22T02:07:48+02:00,[37],[0]
2026-07-22T02:17:48+02:00,[37],[0]
2026-07-22T02:27:48+02:00,[37],[0]
2026-07-22T02:37:48+02:00,[37],[0]
2026-07-22T02:47:49+02:00,[37],[0]
2026-07-22T03:07:48+02:00,[37],[0]
2026-07-22T03:17:48+02:00,[37],[0]
2026-07-22T03:27:48+02:00,[37],[0]
2026-07-22T03:37:48+02:00,[37],[0]
2026-07-22T03:47:48+02:00,[37],[0]
2026-07-22T03:57:48+02:00,[37],[0]
2026-07-22T04:07:48+02:00,[37],[0]
2026-07-22T04:17:48+02:00,[37],[0]
2026-07-22T04:27:49+02:00,[37],[0]
2026-07-22T04:37:48+02:00,[37],[0]
2026-07-22T04:47:48+02:00,[38],[0]
2026-07-22T04:57:48+02:00,[38],[0]
2026-07-22T05:07:48+02:00,[37],[0]
2026-07-22T05:17:48+02:00,[37],[0]
2026-07-22T05:27:49+02:00,[38],[0]
2026-07-22T05:37:48+02:00,[37],[0]
2026-07-22T05:47:48+02:00,[37],[0]
2026-07-22T05:57:48+02:00,[37],[0]
2026-07-22T06:07:49+02:00,[38],[0]
2026-07-22T06:17:48+02:00,[37],[0]
2026-07-22T06:27:49+02:00,[37],[0]
2026-07-22T06:37:48+02:00,[37],[0]
2026-07-22T06:47:48+02:00,[37],[0]
2026-07-22T06:57:49+02:00,[38],[0]
2026-07-22T07:17:48+02:00,[37],[0]
2026-07-22T07:27:48+02:00,[37],[0]
2026-07-22T07:37:48+02:00,[37],[0]
2026-07-22T07:47:48+02:00,[37],[0]
2026-07-22T07:57:49+02:00,[37],[0]
2026-07-22T08:07:48+02:00,[37],[0]
2026-07-22T08:17:48+02:00,[37],[0]
2026-07-20T08:37:51+02:00,[37],[0]
2026-07-20T08:47:51+02:00,[37],[0]
2026-07-20T08:57:52+02:00,[38],[0]
2026-07-20T09:07:51+02:00,[37],[0]
2026-07-20T09:17:52+02:00,[38],[0]
2026-07-20T09:27:51+02:00,[37],[0]
2026-07-20T09:37:51+02:00,[37],[0]
2026-07-20T09:47:52+02:00,[38],[0]
2026-07-20T09:57:51+02:00,[37],[0]
2026-07-20T10:07:52+02:00,[38],[0]
2026-07-20T10:17:51+02:00,[37],[0]
2026-07-20T10:27:52+02:00,[38],[0]
2026-07-20T10:37:51+02:00,[37],[0]
2026-07-20T11:17:51+02:00,[37],[0]
2026-07-20T11:27:52+02:00,[38],[0]
2026-07-20T11:37:51+02:00,[37],[0]
2026-07-20T11:47:51+02:00,[37],[0]
2026-07-20T11:57:51+02:00,[37],[0]
2026-07-20T12:17:51+02:00,[37],[0]
2026-07-20T12:27:51+02:00,[37],[0]
2026-07-20T12:37:51+02:00,[37],[0]
2026-07-20T12:47:51+02:00,[37],[0]
2026-07-20T12:57:51+02:00,[37],[0]
2026-07-20T13:07:52+02:00,[37],[0]
2026-07-20T13:17:51+02:00,[37],[0]
2026-07-20T13:27:51+02:00,[37],[0]
2026-07-20T13:37:51+02:00,[37],[0]
2026-07-20T13:47:51+02:00,[37],[0]
2026-07-20T13:57:51+02:00,[37],[0]
2026-07-20T14:07:51+02:00,[37],[0]
2026-07-20T14:17:51+02:00,[37],[0]
2026-07-20T14:27:50+02:00,[37],[0]
2026-07-20T14:37:51+02:00,[37],[0]
2026-07-20T14:47:52+02:00,[37],[0]
2026-07-20T14:57:51+02:00,[37],[0]
2026-07-20T15:07:51+02:00,[37],[0]
2026-07-20T15:17:51+02:00,[37],[0]
2026-07-20T15:27:51+02:00,[37],[0]
2026-07-20T15:37:52+02:00,[38],[0]
2026-07-20T15:47:51+02:00,[37],[0]
2026-07-20T15:57:50+02:00,[37],[0]
2026-07-20T18:00:00+02:00,[60],[0]
2026-07-21T01:37:50+02:00,[37],[0]
2026-07-21T01:47:52+02:00,[38],[0]
2026-07-21T02:07:52+02:00,[38],[0]
2026-07-21T02:17:51+02:00,[37],[0]
2026-07-21T02:27:51+02:00,[37],[0]
2026-07-21T02:37:52+02:00,[37],[0]
2026-07-21T02:47:51+02:00,[37],[0]
2026-07-21T02:57:52+02:00,[38],[0]
2026-07-21T03:17:51+02:00,[37],[0]
2026-07-21T03:27:51+02:00,[37],[0]
2026-07-21T03:37:51+02:00,[37],[0]
2026-07-21T03:47:52+02:00,[37],[0]
2026-07-21T03:57:52+02:00,[37],[0]
2026-07-21T04:07:52+02:00,[38],[0]
2026-07-21T04:17:51+02:00,[37],[0]
2026-07-21T04:27:52+02:00,[38],[0]
2026-07-21T04:37:51+02:00,[37],[0]
2026-07-21T04:47:51+02:00,[37],[0]
2026-07-21T04:57:51+02:00,[37],[0]
2026-07-21T05:07:52+02:00,[38],[0]
2026-07-21T05:17:52+02:00,[37],[0]
2026-07-21T05:27:51+02:00,[37],[0]
2026-07-21T05:37:51+02:00,[37],[0]
2026-07-21T05:47:51+02:00,[37],[0]
2026-07-21T05:57:51+02:00,[37],[0]
2026-07-21T06:07:51+02:00,[37],[0]
2026-07-21T06:17:51+02:00,[37],[0]
2026-07-21T06:27:51+02:00,[37],[0]
2026-07-21T06:37:51+02:00,[37],[0]
2026-07-21T06:47:51+02:00,[37],[0]
2026-07-21T06:57:51+02:00,[37],[0]
2026-07-21T07:07:52+02:00,[38],[0]
2026-07-21T07:17:52+02:00,[38],[0]
2026-07-21T07:27:51+02:00,[37],[0]
2026-07-21T07:37:52+02:00,[38],[0]
2026-07-21T07:47:51+02:00,[37],[0]
2026-07-21T07:57:50+02:00,[37],[0]
2026-07-21T08:07:51+02:00,[37],[0]
2026-07-21T08:17:51+02:00,[37],[0]
2026-07-21T08:27:51+02:00,[37],[0]
2026-07-21T08:37:52+02:00,[38],[0]
2026-07-21T08:47:51+02:00,[37],[0]
2026-07-19T10:27:52+02:00,[38],[0]
2026-07-19T10:37:51+02:00,[37],[0]
2026-07-19T10:47:51+02:00,[37],[0]
2026-07-19T10:57:52+02:00,[37],[0]
2026-07-19T11:17:52+02:00,[38],[0]
2026-07-19T11:27:51+02:00,[37],[0]
2026-07-19T11:37:51+02:00,[37],[0]
2026-07-19T11:47:51+02:00,[37],[0]
2026-07-19T11:57:51+02:00,[37],[0]
2026-07-19T12:07:51+02:00,[37],[0]
2026-07-19T12:27:51+02:00,[37],[0]
2026-07-19T12:37:52+02:00,[37],[0]
2026-07-19T12:47:50+02:00,[37],[0]
2026-07-19T12:57:50+02:00,[37],[0]
2026-07-19T13:17:50+02:00,[37],[0]
2026-07-19T13:27:51+02:00,[37],[0]
2026-07-19T13:37:52+02:00,[38],[0]
2026-07-19T13:57:51+02:00,[37],[0]
2026-07-19T14:17:51+02:00,[37],[0]
2026-07-19T14:27:51+02:00,[37],[0]
2026-07-19T14:37:50+02:00,[37],[0]
2026-07-19T14:57:52+02:00,[38],[0]
2026-07-19T15:07:51+02:00,[37],[0]
2026-07-19T15:17:51+02:00,[37],[0]
2026-07-19T15:27:51+02:00,[37],[0]
2026-07-19T15:37:51+02:00,[37],[0]
2026-07-19T15:47:51+02:00,[37],[0]
2026-07-19T15:57:52+02:00,[38],[0]
2026-07-19T16:07:52+02:00,[38],[0]
2026-07-19T16:17:52+02:00,[37],[0]
2026-07-19T16:27:51+02:00,[37],[0]
2026-07-19T16:37:51+02:00,[37],[0]
2026-07-19T16:47:51+02:00,[37],[0]
2026-07-19T18:00:00+02:00,[60],[0]
2026-07-20T01:17:52+02:00,[38],[0]
2026-07-20T01:37:51+02:00,[37],[0]
2026-07-20T01:47:51+02:00,[37],[0]
2026-07-20T01:57:51+02:00,[37],[0]
2026-07-20T02:07:52+02:00,[38],[0]
2026-07-20T02:27:51+02:00,[37],[0]
2026-07-20T02:37:51+02:00,[37],[0]
2026-07-20T02:47:52+02:00,[38],[0]
2026-07-20T02:57:51+02:00,[37],[0]
2026-07-20T03:07:51+02:00,[37],[0]
2026-07-20T03:17:52+02:00,[37],[0]
2026-07-20T03:27:51+02:00,[37],[0]
2026-07-20T03:37:51+02:00,[37],[0]
2026-07-20T03:47:51+02:00,[38],[0]
2026-07-20T03:57:51+02:00,[37],[0]
2026-07-20T04:07:51+02:00,[37],[0]
2026-07-20T04:21:51+02:00,[37],[0]
2026-07-20T04:27:51+02:00,[37],[0]
2026-07-20T04:37:51+02:00,[37],[0]
2026-07-20T04:47:51+02:00,[37],[0]
2026-07-20T04:57:52+02:00,[37],[0]
2026-07-20T05:07:51+02:00,[37],[0]
2026-07-20T05:17:51+02:00,[37],[0]
2026-07-20T05:27:51+02:00,[37],[0]
2026-07-20T05:37:51+02:00,[37],[0]
2026-07-20T05:47:51+02:00,[37],[0]
2026-07-20T05:57:51+02:00,[37],[0]
2026-07-20T06:07:52+02:00,[37],[0]
2026-07-20T06:17:51+02:00,[37],[0]
2026-07-20T06:27:51+02:00,[37],[0]
2026-07-20T06:37:51+02:00,[37],[0]
2026-07-20T06:47:52+02:00,[38],[0]
2026-07-20T06:57:52+02:00,[38],[0]
2026-07-20T07:07:52+02:00,[38],[0]
2026-07-20T07:17:51+02:00,[37],[0]
2026-07-20T07:27:51+02:00,[37],[0]
2026-07-20T07:37:51+02:00,[37],[0]
2026-07-20T07:47:51+02:00,[37],[0]
2026-07-20T07:57:52+02:00,[37],[0]
2026-07-20T08:07:51+02:00,[37],[0]
2026-07-20T08:17:51+02:00,[37],[0]
2026-07-18T09:37:55+02:00,[38],[0]
2026-07-18T09:47:54+02:00,[37],[0]
2026-07-18T09:57:54+02:00,[37],[0]
2026-07-18T10:07:54+02:00,[37],[0]
2026-07-18T10:17:55+02:00,[38],[0]
2026-07-18T10:27:54+02:00,[37],[0]
2026-07-18T10:37:54+02:00,[37],[0]
2026-07-18T10:47:54+02:00,[37],[0]
2026-07-18T10:57:54+02:00,[37],[0]
2026-07-18T11:07:54+02:00,[37],[0]
2026-07-18T11:17:54+02:00,[37],[0]
2026-07-18T11:27:54+02:00,[37],[0]
2026-07-18T11:37:55+02:00,[38],[0]
2026-07-18T11:47:54+02:00,[37],[0]
2026-07-18T11:57:55+02:00,[38],[0]
2026-07-18T12:07:54+02:00,[37],[0]
2026-07-18T12:17:54+02:00,[37],[0]
2026-07-18T12:27:52+02:00,[38],[0]
2026-07-18T12:37:52+02:00,[38],[0]
2026-07-18T12:47:51+02:00,[37],[0]
2026-07-18T12:57:51+02:00,[38],[0]
2026-07-18T13:07:51+02:00,[37],[0]
2026-07-18T13:17:52+02:00,[38],[0]
2026-07-18T13:27:52+02:00,[38],[0]
2026-07-18T13:37:51+02:00,[37],[0]
2026-07-18T13:47:51+02:00,[37],[0]
2026-07-18T13:57:51+02:00,[37],[0]
2026-07-18T14:07:51+02:00,[37],[0]
2026-07-18T14:17:51+02:00,[37],[0]
2026-07-18T14:27:51+02:00,[38],[0]
2026-07-18T14:37:51+02:00,[37],[0]
2026-07-18T14:47:51+02:00,[37],[0]
2026-07-18T14:57:51+02:00,[37],[0]
2026-07-18T15:07:51+02:00,[37],[0]
2026-07-18T15:17:51+02:00,[37],[0]
2026-07-18T15:27:52+02:00,[38],[0]
2026-07-18T18:00:00+02:00,[60],[0]
2026-07-19T04:17:52+02:00,[38],[0]
2026-07-19T04:47:52+02:00,[38],[0]
2026-07-19T04:57:52+02:00,[37],[0]
2026-07-19T05:17:51+02:00,[38],[0]
2026-07-19T05:27:51+02:00,[37],[0]
2026-07-19T05:37:51+02:00,[38],[0]
2026-07-19T05:47:50+02:00,[37],[0]
2026-07-19T05:57:51+02:00,[38],[0]
2026-07-19T06:17:51+02:00,[37],[0]
2026-07-19T06:27:52+02:00,[38],[0]
2026-07-19T06:37:52+02:00,[38],[0]
2026-07-19T06:47:51+02:00,[37],[0]
2026-07-19T06:57:51+02:00,[38],[0]
2026-07-19T07:07:51+02:00,[37],[0]
2026-07-19T07:17:52+02:00,[38],[0]
2026-07-19T07:27:52+02:00,[38],[0]
2026-07-19T07:37:51+02:00,[37],[0]
2026-07-19T07:47:52+02:00,[37],[0]
2026-07-19T07:57:52+02:00,[37],[0]
2026-07-19T08:07:52+02:00,[37],[0]
2026-07-19T08:17:51+02:00,[37],[0]
2026-07-19T08:27:51+02:00,[37],[0]
2026-07-19T08:37:51+02:00,[37],[0]
2026-07-19T08:47:52+02:00,[38],[0]
2026-07-19T08:57:51+02:00,[37],[0]
2026-07-19T09:07:52+02:00,[37],[0]
2026-07-19T09:17:50+02:00,[37],[0]
2026-07-19T09:27:51+02:00,[37],[0]
2026-07-19T09:37:50+02:00,[37],[0]
2026-07-19T09:47:51+02:00,[38],[0]
2026-07-19T09:57:52+02:00,[38],[0]
2026-07-17T09:17:53+02:00,[37],[0]
2026-07-17T09:27:55+02:00,[38],[0]
2026-07-17T09:37:54+02:00,[37],[0]
2026-07-17T09:47:54+02:00,[37],[0]
2026-07-17T09:57:54+02:00,[37],[0]
2026-07-17T10:07:54+02:00,[37],[0]
2026-07-17T10:17:54+02:00,[37],[0]
2026-07-17T10:27:54+02:00,[37],[0]
2026-07-17T10:37:53+02:00,[37],[0]
2026-07-17T10:47:55+02:00,[38],[0]
2026-07-17T10:57:54+02:00,[37],[0]
2026-07-17T11:07:53+02:00,[37],[0]
2026-07-17T11:17:53+02:00,[37],[0]
2026-07-17T11:27:55+02:00,[38],[0]
2026-07-17T11:37:54+02:00,[37],[0]
2026-07-17T11:47:54+02:00,[37],[0]
2026-07-17T11:57:55+02:00,[38],[0]
2026-07-17T12:07:55+02:00,[38],[0]
2026-07-17T12:17:54+02:00,[37],[0]
2026-07-17T12:27:54+02:00,[37],[0]
2026-07-17T12:37:54+02:00,[38],[0]
2026-07-17T12:47:53+02:00,[37],[0]
2026-07-17T12:57:55+02:00,[38],[0]
2026-07-17T13:07:53+02:00,[37],[0]
2026-07-17T13:17:54+02:00,[37],[0]
2026-07-17T13:27:54+02:00,[38],[0]
2026-07-17T13:37:53+02:00,[37],[0]
2026-07-17T13:47:54+02:00,[37],[0]
2026-07-17T13:57:54+02:00,[37],[0]
2026-07-17T14:07:54+02:00,[37],[0]
2026-07-17T14:17:54+02:00,[37],[0]
2026-07-17T14:27:54+02:00,[37],[0]
2026-07-17T14:37:54+02:00,[37],[0]
2026-07-17T14:47:53+02:00,[37],[0]
2026-07-17T14:57:53+02:00,[37],[0]
2026-07-17T15:07:54+02:00,[37],[0]
2026-07-17T15:17:54+02:00,[38],[0]
2026-07-17T15:27:54+02:00,[37],[0]
2026-07-17T15:37:54+02:00,[37],[0]
2026-07-17T15:47:54+02:00,[37],[0]
2026-07-17T15:57:54+02:00,[37],[0]
2026-07-17T16:07:54+02:00,[37],[0]
2026-07-17T16:17:54+02:00,[37],[0]
2026-07-17T16:27:54+02:00,[37],[0]
2026-07-17T16:37:54+02:00,[37],[0]
2026-07-17T16:47:53+02:00,[37],[0]
2026-07-17T17:07:53+02:00,[37],[0]
2026-07-17T17:17:53+02:00,[37],[0]
2026-07-17T18:00:00+02:00,[60],[0]
2026-07-18T00:17:54+02:00,[38],[0]
2026-07-18T00:27:53+02:00,[37],[0]
2026-07-18T00:37:54+02:00,[37],[0]
2026-07-18T00:47:54+02:00,[37],[0]
2026-07-18T00:57:55+02:00,[38],[0]
2026-07-18T01:07:54+02:00,[37],[0]
2026-07-18T01:17:54+02:00,[37],[0]
2026-07-18T01:27:54+02:00,[37],[0]
2026-07-18T01:37:58+02:00,[38],[0]
2026-07-18T02:07:54+02:00,[37],[0]
2026-07-18T02:17:54+02:00,[37],[0]
2026-07-18T02:27:54+02:00,[37],[0]
2026-07-18T02:37:55+02:00,[38],[0]
2026-07-18T02:47:54+02:00,[38],[0]
2026-07-18T02:57:54+02:00,[38],[0]
2026-07-18T03:07:54+02:00,[37],[0]
2026-07-18T03:17:54+02:00,[37],[0]
2026-07-18T03:27:54+02:00,[37],[0]
2026-07-18T03:47:54+02:00,[37],[0]
2026-07-18T03:57:54+02:00,[37],[0]
2026-07-18T04:07:55+02:00,[38],[0]
2026-07-18T04:17:54+02:00,[37],[0]
2026-07-18T04:27:54+02:00,[37],[0]
2026-07-18T04:37:55+02:00,[38],[0]
2026-07-18T04:47:54+02:00,[37],[0]
2026-07-18T04:57:54+02:00,[37],[0]
2026-07-18T05:17:54+02:00,[37],[0]
2026-07-18T05:27:54+02:00,[37],[0]
2026-07-18T05:37:54+02:00,[37],[0]
2026-07-18T05:47:54+02:00,[37],[0]
2026-07-18T05:57:54+02:00,[37],[0]
2026-07-18T06:07:54+02:00,[37],[0]
2026-07-18T06:27:54+02:00,[37],[0]
2026-07-18T06:37:54+02:00,[37],[0]
2026-07-18T06:47:54+02:00,[37],[0]
2026-07-18T06:57:54+02:00,[37],[0]
2026-07-18T07:07:55+02:00,[38],[0]
2026-07-18T07:27:55+02:00,[38],[0]
2026-07-18T07:47:54+02:00,[37],[0]
2026-07-18T07:57:54+02:00,[37],[0]
2026-07-18T08:07:54+02:00,[37],[0]
2026-07-18T08:17:53+02:00,[37],[0]
2026-07-18T08:27:54+02:00,[37],[0]
2026-07-18T08:37:54+02:00,[37],[0]
2026-07-18T08:47:54+02:00,[37],[0]
2026-07-18T08:57:54+02:00,[37],[0]
2026-07-18T09:07:55+02:00,[38],[0]
2026-07-18T09:17:53+02:00,[37],[0]
2026-07-16T09:17:54+02:00,[37],[0]
2026-07-16T09:27:54+02:00,[37],[0]
2026-07-16T09:37:54+02:00,[38],[0]
2026-07-16T09:47:54+02:00,[37],[0]
2026-07-16T09:57:54+02:00,[37],[0]
2026-07-16T10:07:54+02:00,[37],[0]
2026-07-16T10:17:54+02:00,[37],[0]
2026-07-16T10:27:54+02:00,[37],[0]
2026-07-16T10:37:54+02:00,[37],[0]
2026-07-16T12:37:54+02:00,[37],[0]
2026-07-16T12:47:54+02:00,[37],[0]
2026-07-16T12:57:55+02:00,[38],[0]
2026-07-16T13:07:54+02:00,[37],[0]
2026-07-16T13:17:53+02:00,[37],[0]
2026-07-16T13:27:54+02:00,[37],[0]
2026-07-16T13:37:54+02:00,[37],[0]
2026-07-16T15:07:54+02:00,[37],[0]
2026-07-16T15:17:54+02:00,[37],[0]
2026-07-16T15:27:54+02:00,[37],[0]
2026-07-16T15:37:54+02:00,[37],[0]
2026-07-16T15:47:54+02:00,[37],[0]
2026-07-16T15:57:54+02:00,[37],[0]
2026-07-16T16:07:54+02:00,[37],[0]
2026-07-16T16:17:54+02:00,[37],[0]
2026-07-16T18:00:00+02:00,[60],[0]
2026-07-17T01:37:54+02:00,[37],[0]
2026-07-17T01:47:54+02:00,[37],[0]
2026-07-17T01:57:55+02:00,[38],[0]
2026-07-17T02:07:55+02:00,[38],[0]
2026-07-15T08:47:57+02:00,[37],[0]
2026-07-15T08:57:58+02:00,[38],[0]
2026-07-15T09:07:57+02:00,[37],[0]
2026-07-15T09:17:57+02:00,[37],[0]
2026-07-15T09:27:57+02:00,[37],[0]
2026-07-15T09:37:57+02:00,[37],[0]
2026-07-15T09:47:57+02:00,[37],[0]
2026-07-15T09:57:57+02:00,[37],[0]
2026-07-15T10:27:57+02:00,[37],[0]
2026-07-15T10:37:57+02:00,[37],[0]
2026-07-15T10:47:57+02:00,[37],[0]
2026-07-15T10:57:58+02:00,[38],[0]
2026-07-15T11:07:58+02:00,[38],[0]
2026-07-15T11:17:57+02:00,[38],[0]
2026-07-15T11:27:58+02:00,[38],[0]
2026-07-15T11:37:58+02:00,[37],[0]
2026-07-15T11:57:56+02:00,[37],[0]
2026-07-15T12:07:57+02:00,[37],[0]
2026-07-15T12:17:56+02:00,[37],[0]
2026-07-15T12:27:57+02:00,[37],[0]
2026-07-15T12:37:57+02:00,[37],[0]
2026-07-15T12:47:57+02:00,[38],[0]
2026-07-15T12:57:57+02:00,[37],[0]
2026-07-15T13:07:57+02:00,[37],[0]
2026-07-15T13:17:57+02:00,[38],[0]
2026-07-15T13:27:57+02:00,[37],[0]
2026-07-15T13:37:57+02:00,[37],[0]
2026-07-15T13:47:57+02:00,[37],[0]
2026-07-15T13:57:58+02:00,[37],[0]
2026-07-15T14:08:36+02:00,[37],[0]
2026-07-15T14:17:56+02:00,[37],[0]
2026-07-15T14:27:57+02:00,[37],[0]
2026-07-15T14:37:57+02:00,[37],[0]
2026-07-15T14:47:58+02:00,[38],[0]
2026-07-15T15:07:57+02:00,[37],[0]
2026-07-15T15:17:58+02:00,[37],[0]
2026-07-15T15:27:58+02:00,[38],[0]
2026-07-15T15:37:57+02:00,[37],[0]
2026-07-15T15:47:57+02:00,[37],[0]
2026-07-15T15:57:53+02:00,[37],[0]
2026-07-15T16:07:54+02:00,[37],[0]
2026-07-15T18:00:00+02:00,[60],[0]
2026-07-15T20:57:55+02:00,[37],[0]
2026-07-15T21:07:54+02:00,[37],[0]
2026-07-15T21:17:54+02:00,[37],[0]
2026-07-15T21:27:54+02:00,[37],[0]
2026-07-15T21:37:55+02:00,[38],[0]
2026-07-15T21:47:54+02:00,[37],[0]
2026-07-15T21:57:55+02:00,[38],[0]
2026-07-15T22:07:54+02:00,[37],[0]
2026-07-15T22:17:54+02:00,[37],[0]
2026-07-15T22:27:54+02:00,[37],[0]
2026-07-15T22:37:54+02:00,[37],[0]
2026-07-15T22:47:54+02:00,[37],[0]
2026-07-15T22:57:55+02:00,[38],[0]
2026-07-15T23:07:54+02:00,[37],[0]
2026-07-15T23:17:54+02:00,[37],[0]
2026-07-15T23:27:54+02:00,[37],[0]
2026-07-15T23:37:54+02:00,[37],[0]
2026-07-15T23:47:55+02:00,[38],[0]
2026-07-15T23:57:54+02:00,[37],[0]
2026-07-16T00:07:54+02:00,[37],[0]
2026-07-16T00:17:54+02:00,[38],[0]
2026-07-16T00:27:55+02:00,[38],[0]
2026-07-16T00:37:54+02:00,[37],[0]
2026-07-16T00:47:54+02:00,[37],[0]
2026-07-16T00:57:54+02:00,[37],[0]
2026-07-16T01:07:55+02:00,[38],[0]
2026-07-16T01:17:54+02:00,[37],[0]
2026-07-16T01:27:54+02:00,[37],[0]
2026-07-16T01:37:55+02:00,[38],[0]
2026-07-16T01:47:54+02:00,[37],[0]
2026-07-16T01:57:54+02:00,[37],[0]
2026-07-16T02:07:54+02:00,[37],[0]
2026-07-16T02:17:54+02:00,[37],[0]
2026-07-16T02:28:15+02:00,[37],[0]
2026-07-16T02:38:04+02:00,[37],[0]
2026-07-16T02:47:53+02:00,[37],[0]
2026-07-16T02:57:54+02:00,[37],[0]
2026-07-16T03:07:55+02:00,[38],[0]
2026-07-16T03:17:55+02:00,[38],[0]
2026-07-16T03:27:54+02:00,[37],[0]
2026-07-16T03:37:55+02:00,[38],[0]
2026-07-16T03:47:54+02:00,[37],[0]
2026-07-16T03:57:53+02:00,[37],[0]
2026-07-16T04:07:54+02:00,[37],[0]
2026-07-16T04:17:54+02:00,[37],[0]
2026-07-16T04:27:53+02:00,[37],[0]
2026-07-16T04:37:54+02:00,[37],[0]
2026-07-16T04:47:54+02:00,[37],[0]
2026-07-16T05:17:54+02:00,[38],[0]
2026-07-16T05:27:54+02:00,[37],[0]
2026-07-16T05:37:54+02:00,[37],[0]
2026-07-16T05:47:54+02:00,[37],[0]
2026-07-16T05:57:54+02:00,[38],[0]
2026-07-16T06:17:54+02:00,[37],[0]
2026-07-16T06:27:54+02:00,[37],[0]
2026-07-16T06:37:54+02:00,[37],[0]
2026-07-16T06:47:54+02:00,[37],[0]
2026-07-16T07:17:53+02:00,[37],[0]
2026-07-16T07:27:53+02:00,[37],[0]
2026-07-16T07:37:55+02:00,[38],[0]
2026-07-16T07:47:53+02:00,[37],[0]
2026-07-16T07:57:54+02:00,[37],[0]
2026-07-16T08:07:55+02:00,[38],[0]
2026-07-16T08:17:55+02:00,[38],[0]
2026-07-16T08:37:53+02:00,[37],[0]
2026-07-16T08:47:54+02:00,[37],[0]
2026-07-16T08:57:54+02:00,[37],[0]
2026-07-16T09:07:55+02:00,[38],[0]
2026-07-14T09:07:58+02:00,[38],[0]
2026-07-14T09:17:57+02:00,[37],[0]
2026-07-14T09:27:57+02:00,[37],[0]
2026-07-14T09:37:58+02:00,[38],[0]
2026-07-14T09:57:58+02:00,[37],[0]
2026-07-14T10:07:57+02:00,[37],[0]
2026-07-14T10:17:57+02:00,[37],[0]
2026-07-14T10:27:58+02:00,[38],[0]
2026-07-14T10:37:57+02:00,[37],[0]
2026-07-14T10:47:57+02:00,[37],[0]
2026-07-14T11:07:58+02:00,[37],[0]
2026-07-14T11:17:57+02:00,[37],[0]
2026-07-14T11:27:58+02:00,[38],[0]
2026-07-14T11:37:58+02:00,[38],[0]
2026-07-14T11:47:57+02:00,[37],[0]
2026-07-14T11:58:26+02:00,[37],[0]
2026-07-14T12:07:57+02:00,[38],[0]
2026-07-14T12:27:57+02:00,[37],[0]
2026-07-14T12:37:56+02:00,[37],[0]
2026-07-14T12:47:57+02:00,[38],[0]
2026-07-14T12:57:56+02:00,[37],[0]
2026-07-14T13:07:58+02:00,[38],[0]
2026-07-14T13:17:57+02:00,[37],[0]
2026-07-14T13:27:57+02:00,[37],[0]
2026-07-14T13:37:57+02:00,[37],[0]
2026-07-14T13:47:57+02:00,[37],[0]
2026-07-14T13:57:57+02:00,[37],[0]
2026-07-14T14:07:56+02:00,[37],[0]
2026-07-14T14:27:57+02:00,[37],[0]
2026-07-14T14:37:58+02:00,[38],[0]
2026-07-14T14:47:58+02:00,[38],[0]
2026-07-14T15:07:57+02:00,[37],[0]
2026-07-14T15:17:57+02:00,[37],[0]
2026-07-14T15:27:57+02:00,[37],[0]
2026-07-14T15:37:58+02:00,[38],[0]
2026-07-14T15:47:57+02:00,[37],[0]
2026-07-14T15:57:57+02:00,[37],[0]
2026-07-14T16:07:57+02:00,[38],[0]
2026-07-14T18:00:00+02:00,[60],[0]
2026-07-15T02:47:57+02:00,[37],[0]
2026-07-15T02:57:58+02:00,[38],[0]
2026-07-15T03:27:56+02:00,[37],[0]
2026-07-15T03:37:58+02:00,[37],[0]
2026-07-15T03:47:58+02:00,[38],[0]
2026-07-15T03:57:57+02:00,[37],[0]
2026-07-15T04:07:57+02:00,[37],[0]
2026-07-15T04:17:58+02:00,[38],[0]
2026-07-15T04:27:56+02:00,[37],[0]
2026-07-15T04:37:58+02:00,[38],[0]
2026-07-15T04:47:57+02:00,[37],[0]
2026-07-15T04:57:57+02:00,[37],[0]
2026-07-15T05:07:57+02:00,[37],[0]
2026-07-15T05:17:58+02:00,[38],[0]
2026-07-15T05:27:58+02:00,[38],[0]
2026-07-15T05:37:57+02:00,[37],[0]
2026-07-15T05:47:57+02:00,[37],[0]
2026-07-15T05:57:57+02:00,[37],[0]
2026-07-15T06:07:57+02:00,[37],[0]
2026-07-15T06:17:57+02:00,[37],[0]
2026-07-15T06:27:57+02:00,[37],[0]
2026-07-15T06:37:57+02:00,[37],[0]
2026-07-15T06:47:57+02:00,[37],[0]
2026-07-15T06:57:57+02:00,[37],[0]
2026-07-15T07:07:58+02:00,[37],[0]
2026-07-15T07:27:57+02:00,[37],[0]
2026-07-15T07:37:57+02:00,[37],[0]
2026-07-15T07:47:58+02:00,[38],[0]
2026-07-15T07:57:57+02:00,[37],[0]
2026-07-15T08:07:58+02:00,[37],[0]
2026-07-15T08:17:57+02:00,[37],[0]
2026-07-15T08:27:57+02:00,[37],[0]
2026-07-15T08:37:57+02:00,[37],[0]
2026-07-13T10:07:57+02:00,[37],[0]
2026-07-13T10:17:57+02:00,[37],[0]
2026-07-13T10:27:57+02:00,[37],[0]
2026-07-13T10:37:57+02:00,[37],[0]
2026-07-13T10:47:58+02:00,[38],[0]
2026-07-13T10:57:57+02:00,[38],[0]
2026-07-13T11:07:57+02:00,[37],[0]
2026-07-13T11:17:56+02:00,[37],[0]
2026-07-13T11:27:56+02:00,[37],[0]
2026-07-13T11:37:57+02:00,[37],[0]
2026-07-13T11:47:57+02:00,[38],[0]
2026-07-13T11:57:57+02:00,[37],[0]
2026-07-13T12:07:58+02:00,[38],[0]
2026-07-13T12:17:56+02:00,[37],[0]
2026-07-13T12:27:57+02:00,[37],[0]
2026-07-13T12:37:58+02:00,[38],[0]
2026-07-13T12:47:57+02:00,[37],[0]
2026-07-13T12:57:57+02:00,[37],[0]
2026-07-13T13:07:57+02:00,[37],[0]
2026-07-13T13:17:57+02:00,[38],[0]
2026-07-13T13:37:57+02:00,[37],[0]
2026-07-13T13:47:57+02:00,[37],[0]
2026-07-13T13:57:57+02:00,[37],[0]
2026-07-13T14:07:57+02:00,[38],[0]
2026-07-13T14:17:57+02:00,[37],[0]
2026-07-13T14:27:58+02:00,[38],[0]
2026-07-13T14:37:57+02:00,[38],[0]
2026-07-13T14:47:58+02:00,[37],[0]
2026-07-13T14:57:57+02:00,[37],[0]
2026-07-13T15:07:57+02:00,[37],[0]
2026-07-13T15:17:57+02:00,[37],[0]
2026-07-13T15:27:57+02:00,[37],[0]
2026-07-13T15:37:57+02:00,[37],[0]
2026-07-13T15:47:57+02:00,[37],[0]
2026-07-13T15:57:57+02:00,[37],[0]
2026-07-13T16:07:57+02:00,[37],[0]
2026-07-13T16:17:57+02:00,[37],[0]
2026-07-13T16:27:58+02:00,[38],[0]
2026-07-13T16:37:57+02:00,[37],[0]
2026-07-13T16:47:58+02:00,[38],[0]
2026-07-13T18:00:00+02:00,[60],[0]
2026-07-14T02:57:58+02:00,[38],[0]
2026-07-14T03:07:57+02:00,[37],[0]
2026-07-14T03:17:56+02:00,[37],[0]
2026-07-14T03:27:58+02:00,[37],[0]
2026-07-14T03:37:57+02:00,[37],[0]
2026-07-14T03:47:57+02:00,[37],[0]
2026-07-14T03:57:57+02:00,[37],[0]
2026-07-14T04:07:57+02:00,[37],[0]
2026-07-14T04:17:57+02:00,[37],[0]
2026-07-14T04:37:58+02:00,[38],[0]
2026-07-14T04:47:58+02:00,[38],[0]
2026-07-14T04:57:57+02:00,[37],[0]
2026-07-14T05:07:57+02:00,[37],[0]
2026-07-14T05:17:56+02:00,[37],[0]
2026-07-14T05:27:58+02:00,[38],[0]
2026-07-14T05:37:57+02:00,[37],[0]
2026-07-14T05:47:57+02:00,[37],[0]
2026-07-14T05:57:57+02:00,[37],[0]
2026-07-14T06:07:57+02:00,[37],[0]
2026-07-14T06:27:58+02:00,[38],[0]
2026-07-14T06:37:58+02:00,[38],[0]
2026-07-14T06:47:57+02:00,[37],[0]
2026-07-14T06:57:58+02:00,[38],[0]
2026-07-14T07:07:57+02:00,[37],[0]
2026-07-14T07:11:40+02:00,[38],[0]
2026-07-14T07:17:57+02:00,[37],[0]
2026-07-14T07:27:57+02:00,[37],[0]
2026-07-14T07:37:57+02:00,[38],[0]
2026-07-14T07:47:57+02:00,[37],[0]
2026-07-14T07:57:57+02:00,[37],[0]
2026-07-14T08:07:57+02:00,[37],[0]
2026-07-14T08:17:56+02:00,[37],[0]
2026-07-14T08:27:58+02:00,[38],[0]
2026-07-14T08:37:57+02:00,[37],[0]
2026-07-14T08:47:57+02:00,[37],[0]
2026-07-12T10:18:01+02:00,[37],[0]
2026-07-12T10:28:00+02:00,[37],[0]
2026-07-12T10:38:00+02:00,[37],[0]
2026-07-12T10:48:00+02:00,[37],[0]
2026-07-12T10:58:01+02:00,[37],[0]
2026-07-12T11:28:01+02:00,[38],[0]
2026-07-12T11:38:00+02:00,[37],[0]
2026-07-12T11:48:04+02:00,[37],[0]
2026-07-12T11:58:00+02:00,[37],[0]
2026-07-12T12:08:00+02:00,[37],[0]
2026-07-12T12:18:00+02:00,[37],[0]
2026-07-12T12:28:00+02:00,[38],[0]
2026-07-12T12:38:01+02:00,[37],[0]
2026-07-12T12:48:00+02:00,[37],[0]
2026-07-12T12:58:00+02:00,[37],[0]
2026-07-12T13:07:59+02:00,[37],[0]
2026-07-12T13:18:01+02:00,[38],[0]
2026-07-12T13:28:35+02:00,[37],[0]
2026-07-12T13:38:00+02:00,[37],[0]
2026-07-12T13:48:00+02:00,[37],[0]
2026-07-12T13:58:00+02:00,[37],[0]
2026-07-12T14:08:00+02:00,[37],[0]
2026-07-12T14:18:00+02:00,[38],[0]
2026-07-12T14:28:01+02:00,[37],[0]
2026-07-12T14:38:01+02:00,[38],[0]
2026-07-12T14:48:00+02:00,[37],[0]
2026-07-12T15:08:14+02:00,[37],[0]
2026-07-12T18:00:00+02:00,[60],[0]
2026-07-13T03:28:00+02:00,[37],[0]
2026-07-13T03:38:01+02:00,[38],[0]
2026-07-13T03:48:00+02:00,[37],[0]
2026-07-13T03:57:59+02:00,[37],[0]
2026-07-13T04:08:00+02:00,[37],[0]
2026-07-13T04:28:00+02:00,[37],[0]
2026-07-13T04:38:00+02:00,[37],[0]
2026-07-13T04:48:01+02:00,[37],[0]
2026-07-13T04:57:59+02:00,[37],[0]
2026-07-13T05:08:01+02:00,[37],[0]
2026-07-13T05:18:01+02:00,[38],[0]
2026-07-13T05:28:00+02:00,[37],[0]
2026-07-13T05:38:00+02:00,[37],[0]
2026-07-13T05:48:01+02:00,[38],[0]
2026-07-13T05:58:00+02:00,[37],[0]
2026-07-13T06:08:01+02:00,[38],[0]
2026-07-13T06:18:00+02:00,[37],[0]
2026-07-13T06:28:00+02:00,[37],[0]
2026-07-13T06:38:00+02:00,[37],[0]
2026-07-13T06:48:00+02:00,[37],[0]
2026-07-13T06:58:00+02:00,[37],[0]
2026-07-13T07:07:57+02:00,[37],[0]
2026-07-13T07:17:57+02:00,[37],[0]
2026-07-13T07:27:57+02:00,[37],[0]
2026-07-13T07:37:57+02:00,[37],[0]
2026-07-13T07:47:57+02:00,[37],[0]
2026-07-13T07:57:57+02:00,[38],[0]
2026-07-13T08:07:58+02:00,[37],[0]
2026-07-13T08:17:57+02:00,[37],[0]
2026-07-13T08:27:57+02:00,[37],[0]
2026-07-13T08:37:58+02:00,[37],[0]
2026-07-13T08:47:58+02:00,[38],[0]
2026-07-13T08:57:58+02:00,[37],[0]
2026-07-13T09:07:57+02:00,[37],[0]
2026-07-13T09:27:57+02:00,[37],[0]
2026-07-13T09:37:57+02:00,[37],[0]
2026-07-13T09:47:57+02:00,[37],[0]
2026-07-13T09:57:58+02:00,[38],[0]
2026-07-11T09:18:01+02:00,[38],[0]
2026-07-11T09:28:00+02:00,[37],[0]
2026-07-11T09:38:00+02:00,[37],[0]
2026-07-11T09:48:00+02:00,[37],[0]
2026-07-11T09:58:01+02:00,[38],[0]
2026-07-11T10:08:01+02:00,[38],[0]
2026-07-11T10:28:51+02:00,[37],[0]
2026-07-11T10:38:00+02:00,[37],[0]
2026-07-11T10:48:00+02:00,[37],[0]
2026-07-11T10:58:01+02:00,[38],[0]
2026-07-11T11:08:00+02:00,[37],[0]
2026-07-11T11:18:00+02:00,[37],[0]
2026-07-11T11:28:31+02:00,[38],[0]
2026-07-11T11:38:00+02:00,[37],[0]
2026-07-11T11:48:00+02:00,[37],[0]
2026-07-11T11:58:00+02:00,[37],[0]
2026-07-11T12:08:01+02:00,[38],[0]
2026-07-11T12:18:00+02:00,[37],[0]
2026-07-11T12:28:00+02:00,[37],[0]
2026-07-11T12:37:59+02:00,[37],[0]
2026-07-11T12:48:01+02:00,[38],[0]
2026-07-11T12:58:01+02:00,[37],[0]
2026-07-11T13:08:00+02:00,[37],[0]
2026-07-11T13:18:00+02:00,[37],[0]
2026-07-11T13:28:00+02:00,[37],[0]
2026-07-11T13:37:59+02:00,[37],[0]
2026-07-11T13:48:00+02:00,[37],[0]
2026-07-11T13:57:59+02:00,[37],[0]
2026-07-11T14:08:00+02:00,[37],[0]
2026-07-11T14:18:01+02:00,[38],[0]
2026-07-11T14:28:00+02:00,[37],[0]
2026-07-11T14:38:01+02:00,[38],[0]
2026-07-11T14:48:00+02:00,[37],[0]
2026-07-11T14:58:00+02:00,[37],[0]
2026-07-11T15:18:00+02:00,[37],[0]
2026-07-11T15:27:59+02:00,[37],[0]
2026-07-11T15:37:59+02:00,[37],[0]
2026-07-11T18:00:00+02:00,[60],[0]
2026-07-11T23:18:00+02:00,[37],[0]
2026-07-11T23:28:01+02:00,[37],[0]
2026-07-11T23:48:01+02:00,[38],[0]
2026-07-11T23:58:01+02:00,[38],[0]
2026-07-12T00:08:00+02:00,[37],[0]
2026-07-12T00:18:01+02:00,[38],[0]
2026-07-12T00:28:00+02:00,[37],[0]
2026-07-12T00:38:01+02:00,[37],[0]
2026-07-12T00:48:01+02:00,[38],[0]
2026-07-12T00:58:01+02:00,[37],[0]
2026-07-12T01:08:01+02:00,[38],[0]
2026-07-12T01:18:00+02:00,[37],[0]
2026-07-12T01:28:01+02:00,[38],[0]
2026-07-12T01:38:01+02:00,[37],[0]
2026-07-12T01:48:00+02:00,[37],[0]
2026-07-12T02:07:59+02:00,[37],[0]
2026-07-12T02:18:01+02:00,[38],[0]
2026-07-12T02:28:00+02:00,[37],[0]
2026-07-12T02:37:59+02:00,[37],[0]
2026-07-12T02:48:01+02:00,[38],[0]
2026-07-12T03:07:59+02:00,[37],[0]
2026-07-12T03:18:01+02:00,[38],[0]
2026-07-12T03:28:00+02:00,[37],[0]
2026-07-12T03:38:00+02:00,[37],[0]
2026-07-12T03:48:00+02:00,[37],[0]
2026-07-12T03:58:01+02:00,[37],[0]
2026-07-12T04:08:01+02:00,[38],[0]
2026-07-12T04:18:00+02:00,[38],[0]
2026-07-12T04:28:00+02:00,[37],[0]
2026-07-12T04:38:00+02:00,[37],[0]
2026-07-12T04:58:00+02:00,[38],[0]
2026-07-12T05:08:01+02:00,[38],[0]
2026-07-12T05:18:00+02:00,[37],[0]
2026-07-12T05:28:01+02:00,[38],[0]
2026-07-12T05:38:00+02:00,[37],[0]
2026-07-12T05:48:00+02:00,[37],[0]
2026-07-12T05:58:00+02:00,[37],[0]
2026-07-12T06:17:59+02:00,[37],[0]
2026-07-12T06:28:00+02:00,[37],[0]
2026-07-12T06:38:01+02:00,[38],[0]
2026-07-12T06:48:00+02:00,[37],[0]
2026-07-12T07:08:00+02:00,[37],[0]
2026-07-12T07:09:41+02:00,[37],[0]
2026-07-12T07:17:59+02:00,[37],[0]
2026-07-12T07:38:01+02:00,[38],[0]
2026-07-12T07:47:59+02:00,[37],[0]
2026-07-12T07:58:00+02:00,[37],[0]
2026-07-12T08:08:01+02:00,[38],[0]
2026-07-12T08:18:00+02:00,[37],[0]
2026-07-12T08:28:00+02:00,[37],[0]
2026-07-12T08:38:00+02:00,[37],[0]
2026-07-12T08:48:01+02:00,[37],[0]
2026-07-12T08:58:00+02:00,[37],[0]
2026-07-12T09:07:59+02:00,[37],[0]
2026-07-12T09:18:01+02:00,[38],[0]
2026-07-12T09:28:00+02:00,[37],[0]
2026-07-12T09:38:00+02:00,[37],[0]
2026-07-10T07:58:03+02:00,[37],[0]
2026-07-10T08:08:04+02:00,[38],[0]
2026-07-10T08:18:03+02:00,[37],[0]
2026-07-10T08:28:04+02:00,[37],[0]
2026-07-10T08:38:03+02:00,[37],[0]
2026-07-10T08:48:03+02:00,[37],[0]
2026-07-10T08:58:03+02:00,[37],[0]
2026-07-10T09:08:04+02:00,[38],[0]
2026-07-10T09:18:03+02:00,[37],[0]
2026-07-10T09:28:03+02:00,[37],[0]
2026-07-10T09:38:03+02:00,[37],[0]
2026-07-10T09:48:03+02:00,[37],[0]
2026-07-10T09:58:03+02:00,[37],[0]
2026-07-10T10:08:04+02:00,[38],[0]
2026-07-10T10:18:03+02:00,[37],[0]
2026-07-10T10:28:03+02:00,[37],[0]
2026-07-10T10:48:03+02:00,[37],[0]
2026-07-10T10:58:03+02:00,[37],[0]
2026-07-10T11:08:03+02:00,[37],[0]
2026-07-10T11:18:04+02:00,[38],[0]
2026-07-10T11:28:03+02:00,[38],[0]
2026-07-10T11:38:04+02:00,[38],[0]
2026-07-10T11:48:03+02:00,[37],[0]
2026-07-10T11:58:04+02:00,[38],[0]
2026-07-10T12:08:02+02:00,[37],[0]
2026-07-10T12:18:02+02:00,[37],[0]
2026-07-10T12:28:04+02:00,[38],[0]
2026-07-10T12:38:04+02:00,[38],[0]
2026-07-10T12:48:02+02:00,[37],[0]
2026-07-10T12:58:04+02:00,[37],[0]
2026-07-10T13:08:03+02:00,[37],[0]
2026-07-10T13:18:03+02:00,[37],[0]
2026-07-10T13:28:04+02:00,[38],[0]
2026-07-10T13:38:03+02:00,[37],[0]
2026-07-10T13:48:03+02:00,[37],[0]
2026-07-10T13:58:03+02:00,[37],[0]
2026-07-10T14:08:04+02:00,[37],[0]
2026-07-10T14:18:03+02:00,[37],[0]
2026-07-10T14:28:03+02:00,[37],[0]
2026-07-10T14:38:03+02:00,[37],[0]
2026-07-10T14:48:04+02:00,[38],[0]
2026-07-10T14:58:03+02:00,[37],[0]
2026-07-10T15:08:03+02:00,[37],[0]
2026-07-10T15:18:03+02:00,[38],[0]
2026-07-10T15:38:03+02:00,[37],[0]
2026-07-10T18:00:00+02:00,[60],[0]
2026-07-11T03:17:59+02:00,[37],[0]
2026-07-11T03:28:01+02:00,[38],[0]
2026-07-11T03:37:59+02:00,[37],[0]
2026-07-11T03:47:59+02:00,[37],[0]
2026-07-11T04:17:59+02:00,[37],[0]
2026-07-11T04:28:18+02:00,[38],[0]
2026-07-11T04:38:00+02:00,[37],[0]
2026-07-11T04:48:00+02:00,[37],[0]
2026-07-11T04:58:00+02:00,[37],[0]
2026-07-11T05:08:01+02:00,[38],[0]
2026-07-11T05:18:00+02:00,[37],[0]
2026-07-11T05:28:00+02:00,[37],[0]
2026-07-11T05:37:59+02:00,[37],[0]
2026-07-11T05:48:00+02:00,[37],[0]
2026-07-11T05:58:00+02:00,[37],[0]
2026-07-11T06:08:01+02:00,[38],[0]
2026-07-11T06:17:59+02:00,[37],[0]
2026-07-11T06:27:53+02:00,[37],[0]
2026-07-11T06:38:07+02:00,[37],[0]
2026-07-11T06:48:00+02:00,[37],[0]
2026-07-11T06:58:00+02:00,[37],[0]
2026-07-11T07:08:00+02:00,[37],[0]
2026-07-11T07:18:01+02:00,[38],[0]
2026-07-11T07:28:00+02:00,[38],[0]
2026-07-11T07:38:01+02:00,[38],[0]
2026-07-11T07:48:01+02:00,[38],[0]
2026-07-11T07:58:00+02:00,[37],[0]
2026-07-11T08:08:01+02:00,[37],[0]
2026-07-11T08:18:01+02:00,[37],[0]
2026-07-11T08:28:00+02:00,[37],[0]
2026-07-11T08:38:00+02:00,[37],[0]
2026-07-11T08:48:01+02:00,[38],[0]
2026-07-11T08:58:00+02:00,[37],[0]
2026-07-11T09:08:01+02:00,[37],[0]
2026-07-09T07:48:03+02:00,[37],[0]
2026-07-09T07:58:03+02:00,[37],[0]
2026-07-09T08:08:03+02:00,[37],[0]
2026-07-09T08:18:03+02:00,[37],[0]
2026-07-09T08:28:03+02:00,[37],[0]
2026-07-09T08:38:04+02:00,[37],[0]
2026-07-09T08:48:03+02:00,[37],[0]
2026-07-09T08:58:04+02:00,[38],[0]
2026-07-09T09:08:04+02:00,[38],[0]
2026-07-09T09:18:03+02:00,[38],[0]
2026-07-09T09:28:03+02:00,[38],[0]
2026-07-09T09:38:04+02:00,[37],[0]
2026-07-09T09:48:03+02:00,[38],[0]
2026-07-09T09:58:03+02:00,[37],[0]
2026-07-09T10:08:03+02:00,[37],[0]
2026-07-09T10:18:03+02:00,[37],[0]
2026-07-09T10:28:03+02:00,[37],[0]
2026-07-09T10:38:03+02:00,[37],[0]
2026-07-09T10:48:03+02:00,[37],[0]
2026-07-09T10:58:03+02:00,[37],[0]
2026-07-09T11:08:03+02:00,[37],[0]
2026-07-09T11:18:03+02:00,[37],[0]
2026-07-09T11:28:03+02:00,[37],[0]
2026-07-09T11:38:03+02:00,[37],[0]
2026-07-09T11:48:03+02:00,[37],[0]
2026-07-09T11:58:04+02:00,[38],[0]
2026-07-09T12:18:03+02:00,[37],[0]
2026-07-09T12:28:03+02:00,[37],[0]
2026-07-09T12:38:03+02:00,[37],[0]
2026-07-09T12:48:03+02:00,[37],[0]
2026-07-09T12:58:03+02:00,[37],[0]
2026-07-09T13:08:03+02:00,[37],[0]
2026-07-09T13:18:03+02:00,[37],[0]
2026-07-09T13:28:03+02:00,[37],[0]
2026-07-09T13:38:03+02:00,[37],[0]
2026-07-09T13:58:03+02:00,[37],[0]
2026-07-09T14:08:04+02:00,[37],[0]
2026-07-09T14:18:03+02:00,[37],[0]
2026-07-09T14:28:03+02:00,[37],[0]
2026-07-09T14:38:03+02:00,[37],[0]
2026-07-09T14:48:03+02:00,[37],[0]
2026-07-09T14:58:03+02:00,[37],[0]
2026-07-09T15:08:03+02:00,[37],[0]
2026-07-09T15:18:04+02:00,[38],[0]
2026-07-09T15:28:03+02:00,[37],[0]
2026-07-09T15:38:03+02:00,[37],[0]
2026-07-09T15:48:03+02:00,[37],[0]
2026-07-09T15:58:03+02:00,[37],[0]
2026-07-09T16:08:04+02:00,[38],[0]
2026-07-09T16:18:03+02:00,[37],[0]
2026-07-09T16:28:03+02:00,[37],[0]
2026-07-09T16:38:03+02:00,[38],[0]
2026-07-09T18:00:00+02:00,[60],[0]
2026-07-10T01:48:08+02:00,[38],[0]
2026-07-10T02:08:03+02:00,[37],[0]
2026-07-10T02:16:41+02:00,[37],[0]
2026-07-10T02:18:02+02:00,[37],[0]
2026-07-10T02:28:03+02:00,[38],[0]
2026-07-10T02:38:04+02:00,[38],[0]
2026-07-10T02:48:03+02:00,[37],[0]
2026-07-10T02:58:03+02:00,[38],[0]
2026-07-10T03:08:03+02:00,[37],[0]
2026-07-10T03:18:03+02:00,[38],[0]
2026-07-10T03:28:03+02:00,[37],[0]
2026-07-10T03:38:03+02:00,[37],[0]
2026-07-10T03:48:02+02:00,[36],[0]
2026-07-10T03:58:04+02:00,[38],[0]
2026-07-10T04:08:03+02:00,[37],[0]
2026-07-10T04:18:04+02:00,[38],[0]
2026-07-10T04:28:03+02:00,[37],[0]
2026-07-10T04:38:04+02:00,[38],[0]
2026-07-10T04:48:04+02:00,[38],[0]
2026-07-10T05:08:03+02:00,[37],[0]
2026-07-10T05:18:03+02:00,[37],[0]
2026-07-10T05:28:03+02:00,[37],[0]
2026-07-10T05:38:03+02:00,[37],[0]
2026-07-10T05:48:03+02:00,[37],[0]
2026-07-10T05:58:04+02:00,[38],[0]
2026-07-10T06:08:03+02:00,[37],[0]
2026-07-10T06:18:03+02:00,[37],[0]
2026-07-10T06:28:04+02:00,[38],[0]
2026-07-10T06:38:03+02:00,[37],[0]
2026-07-10T06:48:04+02:00,[38],[0]
2026-07-10T06:58:03+02:00,[37],[0]
2026-07-10T07:08:03+02:00,[37],[0]
2026-07-10T07:18:03+02:00,[37],[0]
2026-07-10T07:28:03+02:00,[37],[0]
2026-07-10T07:38:03+02:00,[37],[0]
2026-07-10T07:48:03+02:00,[37],[0]
2026-07-08T07:58:03+02:00,[37],[0]
2026-07-08T08:08:03+02:00,[37],[0]
2026-07-08T08:18:03+02:00,[37],[0]
2026-07-08T08:28:04+02:00,[37],[0]
2026-07-08T08:38:03+02:00,[37],[0]
2026-07-08T08:48:03+02:00,[37],[0]
2026-07-08T08:58:03+02:00,[37],[0]
2026-07-08T09:08:03+02:00,[37],[0]
2026-07-08T09:18:03+02:00,[38],[0]
2026-07-08T09:28:03+02:00,[37],[0]
2026-07-08T09:38:03+02:00,[37],[0]
2026-07-08T09:48:03+02:00,[37],[0]
2026-07-08T09:58:04+02:00,[38],[0]
2026-07-08T10:08:04+02:00,[38],[0]
2026-07-08T10:18:03+02:00,[37],[0]
2026-07-08T10:28:03+02:00,[37],[0]
2026-07-08T10:38:04+02:00,[38],[0]
2026-07-08T10:48:03+02:00,[38],[0]
2026-07-08T10:58:03+02:00,[37],[0]
2026-07-08T11:18:04+02:00,[38],[0]
2026-07-08T11:28:04+02:00,[38],[0]
2026-07-08T11:38:02+02:00,[37],[0]
2026-07-08T11:48:03+02:00,[38],[0]
2026-07-08T11:58:04+02:00,[37],[0]
2026-07-08T12:08:03+02:00,[37],[0]
2026-07-08T12:18:04+02:00,[37],[0]
2026-07-08T12:28:04+02:00,[38],[0]
2026-07-08T12:38:03+02:00,[37],[0]
2026-07-08T12:48:04+02:00,[37],[0]
2026-07-08T12:58:06+02:00,[38],[0]
2026-07-08T13:08:04+02:00,[38],[0]
2026-07-08T13:18:04+02:00,[38],[0]
2026-07-08T13:28:03+02:00,[38],[0]
2026-07-08T13:48:02+02:00,[37],[0]
2026-07-08T13:58:03+02:00,[37],[0]
2026-07-08T14:08:03+02:00,[37],[0]
2026-07-08T14:18:04+02:00,[38],[0]
2026-07-08T18:00:00+02:00,[60],[0]
2026-07-09T02:48:03+02:00,[37],[0]
2026-07-09T02:58:04+02:00,[37],[0]
2026-07-09T03:08:04+02:00,[37],[0]
2026-07-09T03:18:03+02:00,[37],[0]
2026-07-09T03:28:03+02:00,[37],[0]
2026-07-09T03:48:03+02:00,[37],[0]
2026-07-09T03:58:03+02:00,[37],[0]
2026-07-09T04:08:03+02:00,[37],[0]
2026-07-09T04:18:03+02:00,[37],[0]
2026-07-09T04:28:04+02:00,[37],[0]
2026-07-09T04:38:03+02:00,[37],[0]
2026-07-09T04:48:03+02:00,[37],[0]
2026-07-09T04:58:03+02:00,[37],[0]
2026-07-09T05:08:03+02:00,[37],[0]
2026-07-09T05:28:04+02:00,[38],[0]
2026-07-09T05:48:03+02:00,[37],[0]
2026-07-09T05:58:03+02:00,[37],[0]
2026-07-09T06:08:03+02:00,[37],[0]
2026-07-09T06:18:03+02:00,[37],[0]
2026-07-09T06:28:03+02:00,[37],[0]
2026-07-09T06:38:04+02:00,[38],[0]
2026-07-09T06:48:03+02:00,[37],[0]
2026-07-09T06:58:04+02:00,[38],[0]
2026-07-09T07:08:03+02:00,[37],[0]
2026-07-09T07:18:03+02:00,[37],[0]
2026-07-09T07:28:04+02:00,[38],[0]
2026-07-09T07:38:03+02:00,[37],[0]
2026-07-07T07:48:21+02:00,[37],[0]
2026-07-07T07:58:07+02:00,[37],[0]
2026-07-07T08:08:06+02:00,[37],[0]
2026-07-07T08:18:06+02:00,[37],[0]
2026-07-07T08:28:06+02:00,[37],[0]
2026-07-07T08:38:07+02:00,[38],[0]
2026-07-07T08:48:06+02:00,[37],[0]
2026-07-07T08:58:06+02:00,[37],[0]
2026-07-07T09:08:06+02:00,[37],[0]
2026-07-07T09:18:06+02:00,[37],[0]
2026-07-07T09:28:06+02:00,[37],[0]
2026-07-07T09:38:06+02:00,[37],[0]
2026-07-07T09:48:06+02:00,[37],[0]
2026-07-07T09:58:06+02:00,[37],[0]
2026-07-07T10:08:06+02:00,[37],[0]
2026-07-07T10:18:07+02:00,[38],[0]
2026-07-07T10:28:06+02:00,[37],[0]
2026-07-07T10:38:07+02:00,[38],[0]
2026-07-07T10:48:06+02:00,[37],[0]
2026-07-07T10:58:07+02:00,[38],[0]
2026-07-07T11:18:06+02:00,[37],[0]
2026-07-07T11:48:06+02:00,[37],[0]
2026-07-07T11:58:06+02:00,[37],[0]
2026-07-07T12:08:07+02:00,[38],[0]
2026-07-07T12:18:06+02:00,[37],[0]
2026-07-07T12:28:06+02:00,[37],[0]
2026-07-07T12:38:07+02:00,[38],[0]
2026-07-07T12:48:06+02:00,[38],[0]
2026-07-07T12:58:06+02:00,[37],[0]
2026-07-07T13:08:06+02:00,[37],[0]
2026-07-07T13:18:06+02:00,[37],[0]
2026-07-07T13:28:05+02:00,[37],[0]
2026-07-07T13:38:06+02:00,[38],[0]
2026-07-07T13:48:05+02:00,[37],[0]
2026-07-07T14:08:05+02:00,[37],[0]
2026-07-07T14:18:06+02:00,[37],[0]
2026-07-07T14:28:05+02:00,[37],[0]
2026-07-07T14:38:05+02:00,[37],[0]
2026-07-07T14:48:06+02:00,[38],[0]
2026-07-07T14:58:07+02:00,[38],[0]
2026-07-07T15:08:07+02:00,[37],[0]
2026-07-07T15:18:05+02:00,[37],[0]
2026-07-07T15:58:06+02:00,[38],[0]
2026-07-07T16:08:05+02:00,[37],[0]
2026-07-07T16:18:05+02:00,[37],[0]
2026-07-07T16:28:06+02:00,[37],[0]
2026-07-07T16:38:06+02:00,[37],[0]
2026-07-07T16:48:06+02:00,[37],[0]
2026-07-07T16:58:06+02:00,[37],[0]
2026-07-07T17:08:06+02:00,[37],[0]
2026-07-07T17:18:06+02:00,[37],[0]
2026-07-07T17:28:06+02:00,[37],[0]
2026-07-07T17:38:06+02:00,[37],[0]
2026-07-07T17:48:07+02:00,[38],[0]
2026-07-07T17:58:06+02:00,[37],[0]
2026-07-07T18:00:00+02:00,[60],[0]
2026-07-08T02:28:03+02:00,[37],[0]
2026-07-08T02:38:03+02:00,[37],[0]
2026-07-08T02:48:03+02:00,[37],[0]
2026-07-08T02:58:04+02:00,[38],[0]
2026-07-08T03:08:03+02:00,[37],[0]
2026-07-08T03:18:04+02:00,[38],[0]
2026-07-08T03:28:03+02:00,[37],[0]
2026-07-08T03:38:03+02:00,[37],[0]
2026-07-08T03:48:04+02:00,[38],[0]
2026-07-08T03:58:03+02:00,[37],[0]
2026-07-08T04:08:03+02:00,[37],[0]
2026-07-08T04:18:04+02:00,[38],[0]
2026-07-08T04:28:03+02:00,[37],[0]
2026-07-08T04:38:03+02:00,[6],[0]
2026-07-08T04:48:03+02:00,[37],[0]
2026-07-08T04:58:04+02:00,[38],[0]
2026-07-08T05:08:04+02:00,[38],[0]
2026-07-08T05:18:03+02:00,[37],[0]
2026-07-08T05:28:03+02:00,[37],[0]
2026-07-08T05:38:03+02:00,[37],[0]
2026-07-08T05:48:03+02:00,[37],[0]
2026-07-08T05:58:03+02:00,[37],[0]
2026-07-08T06:08:03+02:00,[37],[0]
2026-07-08T06:18:03+02:00,[37],[0]
2026-07-08T06:28:03+02:00,[37],[0]
2026-07-08T06:38:03+02:00,[37],[0]
2026-07-08T06:48:03+02:00,[37],[0]
2026-07-08T06:58:03+02:00,[37],[0]
2026-07-08T07:08:04+02:00,[37],[0]
2026-07-08T07:18:03+02:00,[37],[0]
2026-07-08T07:28:03+02:00,[37],[0]
2026-07-08T07:38:03+02:00,[37],[0]
2026-07-08T07:48:03+02:00,[37],[0]
2026-07-06T07:48:06+02:00,[37],[0]
2026-07-06T07:58:06+02:00,[37],[0]
2026-07-06T08:08:06+02:00,[37],[0]
2026-07-06T08:18:43+02:00,[37],[0]
2026-07-06T08:28:06+02:00,[37],[0]
2026-07-06T08:38:06+02:00,[37],[0]
2026-07-06T08:48:06+02:00,[37],[0]
2026-07-06T08:58:06+02:00,[38],[0]
2026-07-06T09:08:06+02:00,[37],[0]
2026-07-06T09:18:06+02:00,[37],[0]
2026-07-06T09:28:07+02:00,[38],[0]
2026-07-06T09:38:06+02:00,[38],[0]
2026-07-06T09:48:06+02:00,[37],[0]
2026-07-06T09:58:06+02:00,[37],[0]
2026-07-06T10:08:07+02:00,[37],[0]
2026-07-06T10:18:06+02:00,[37],[0]
2026-07-06T10:28:07+02:00,[38],[0]
2026-07-06T10:38:07+02:00,[38],[0]
2026-07-06T10:48:06+02:00,[37],[0]
2026-07-06T10:58:06+02:00,[37],[0]
2026-07-06T11:18:07+02:00,[37],[0]
2026-07-06T11:28:06+02:00,[37],[0]
2026-07-06T11:38:06+02:00,[37],[0]
2026-07-06T11:48:07+02:00,[37],[0]
2026-07-06T12:18:06+02:00,[37],[0]
2026-07-06T12:28:06+02:00,[37],[0]
2026-07-06T12:38:06+02:00,[37],[0]
2026-07-06T12:48:06+02:00,[37],[0]
2026-07-06T12:58:06+02:00,[37],[0]
2026-07-06T13:08:07+02:00,[38],[0]
2026-07-06T13:18:07+02:00,[38],[0]
2026-07-06T13:28:07+02:00,[38],[0]
2026-07-06T13:38:07+02:00,[38],[0]
2026-07-06T13:48:07+02:00,[38],[0]
2026-07-06T13:58:06+02:00,[37],[0]
2026-07-06T14:18:06+02:00,[37],[0]
2026-07-06T14:28:06+02:00,[37],[0]
2026-07-06T14:38:05+02:00,[37],[0]
2026-07-06T14:58:06+02:00,[37],[0]
2026-07-06T15:08:06+02:00,[37],[0]
2026-07-06T15:18:07+02:00,[38],[0]
2026-07-06T15:28:06+02:00,[37],[0]
2026-07-06T15:38:07+02:00,[37],[0]
2026-07-06T18:00:00+02:00,[60],[0]
2026-07-07T02:28:07+02:00,[37],[0]
2026-07-07T02:48:06+02:00,[37],[0]
2026-07-07T02:58:06+02:00,[38],[0]
2026-07-07T03:08:07+02:00,[38],[0]
2026-07-07T03:18:06+02:00,[37],[0]
2026-07-07T03:25:46+02:00,[37],[0]
2026-07-07T03:28:06+02:00,[37],[0]
2026-07-07T03:38:07+02:00,[37],[0]
2026-07-07T03:48:06+02:00,[37],[0]
2026-07-07T03:58:06+02:00,[37],[0]
2026-07-07T04:08:06+02:00,[37],[0]
2026-07-07T04:18:07+02:00,[37],[0]
2026-07-07T04:28:06+02:00,[37],[0]
2026-07-07T04:38:06+02:00,[37],[0]
2026-07-07T04:48:07+02:00,[37],[0]
2026-07-07T04:58:06+02:00,[37],[0]
2026-07-07T05:08:07+02:00,[37],[0]
2026-07-07T05:18:06+02:00,[37],[0]
2026-07-07T05:28:07+02:00,[37],[0]
2026-07-07T05:48:06+02:00,[37],[0]
2026-07-07T05:58:07+02:00,[38],[0]
2026-07-07T06:08:06+02:00,[37],[0]
2026-07-07T06:18:06+02:00,[37],[0]
2026-07-07T06:38:06+02:00,[37],[0]
2026-07-07T06:48:06+02:00,[37],[0]
2026-07-07T06:58:06+02:00,[37],[0]
2026-07-07T07:08:06+02:00,[37],[0]
2026-07-07T07:18:06+02:00,[37],[0]
2026-07-07T07:28:05+02:00,[37],[0]
2026-07-07T07:38:07+02:00,[38],[0]
2026-07-05T08:28:06+02:00,[37],[0]
2026-07-05T08:58:05+02:00,[37],[0]
2026-07-05T09:18:07+02:00,[38],[0]
2026-07-05T09:38:05+02:00,[37],[0]
2026-07-05T09:48:06+02:00,[37],[0]
2026-07-05T09:58:05+02:00,[37],[0]
2026-07-05T10:18:06+02:00,[37],[0]
2026-07-05T10:28:06+02:00,[37],[0]
2026-07-05T10:38:06+02:00,[37],[0]
2026-07-05T10:48:07+02:00,[37],[0]
2026-07-05T10:58:07+02:00,[37],[0]
2026-07-05T11:08:06+02:00,[37],[0]
2026-07-05T11:18:07+02:00,[38],[0]
2026-07-05T11:28:06+02:00,[37],[0]
2026-07-05T11:38:06+02:00,[37],[0]
2026-07-05T11:48:06+02:00,[38],[0]
2026-07-05T11:58:06+02:00,[37],[0]
2026-07-05T12:08:07+02:00,[37],[0]
2026-07-05T12:18:05+02:00,[37],[0]
2026-07-05T12:28:06+02:00,[37],[0]
2026-07-05T12:38:06+02:00,[37],[0]
2026-07-05T12:48:07+02:00,[38],[0]
2026-07-05T12:58:06+02:00,[37],[0]
2026-07-05T13:08:06+02:00,[38],[0]
2026-07-05T13:48:06+02:00,[37],[0]
2026-07-05T13:58:06+02:00,[38],[0]
2026-07-05T14:08:06+02:00,[37],[0]
2026-07-05T14:18:06+02:00,[37],[0]
2026-07-05T14:28:06+02:00,[38],[0]
2026-07-05T14:38:07+02:00,[38],[0]
2026-07-05T14:48:06+02:00,[38],[0]
2026-07-05T14:58:06+02:00,[37],[0]
2026-07-05T15:08:06+02:00,[37],[0]
2026-07-05T15:18:06+02:00,[37],[0]
2026-07-05T15:28:06+02:00,[37],[0]
2026-07-05T15:38:06+02:00,[37],[0]
2026-07-05T15:48:06+02:00,[37],[0]
2026-07-05T15:58:06+02:00,[37],[0]
2026-07-05T16:08:07+02:00,[38],[0]
2026-07-05T16:18:06+02:00,[37],[0]
2026-07-05T16:28:06+02:00,[37],[0]
2026-07-05T16:38:06+02:00,[37],[0]
2026-07-05T18:00:00+02:00,[60],[0]
2026-07-06T01:48:07+02:00,[38],[0]
2026-07-06T01:58:05+02:00,[25],[0]
2026-07-06T02:08:06+02:00,[37],[0]
2026-07-06T02:18:07+02:00,[38],[0]
2026-07-06T02:28:07+02:00,[37],[0]
2026-07-06T02:38:06+02:00,[37],[0]
2026-07-06T02:48:07+02:00,[38],[0]
2026-07-06T02:58:07+02:00,[38],[0]
2026-07-06T03:08:06+02:00,[37],[0]
2026-07-06T03:18:07+02:00,[38],[0]
2026-07-06T03:28:06+02:00,[37],[0]
2026-07-06T03:38:06+02:00,[37],[0]
2026-07-06T03:48:06+02:00,[37],[0]
2026-07-06T03:58:06+02:00,[37],[0]
2026-07-06T04:08:06+02:00,[38],[0]
2026-07-06T04:18:07+02:00,[38],[0]
2026-07-06T04:28:06+02:00,[38],[0]
2026-07-06T04:48:07+02:00,[38],[0]
2026-07-06T04:58:06+02:00,[37],[0]
2026-07-06T05:08:06+02:00,[37],[0]
2026-07-06T05:18:07+02:00,[37],[0]
2026-07-06T05:28:06+02:00,[37],[0]
2026-07-06T05:38:07+02:00,[38],[0]
2026-07-06T05:48:07+02:00,[37],[0]
2026-07-06T05:58:06+02:00,[37],[0]
2026-07-06T06:08:06+02:00,[37],[0]
2026-07-06T06:28:05+02:00,[37],[0]
2026-07-06T06:38:06+02:00,[37],[0]
2026-07-06T06:58:06+02:00,[37],[0]
2026-07-06T07:08:06+02:00,[37],[0]
2026-07-06T07:18:06+02:00,[37],[0]
2026-07-06T07:28:06+02:00,[37],[0]
2026-07-04T07:48:09+02:00,[37],[0]
2026-07-04T07:58:08+02:00,[37],[0]
2026-07-04T08:08:09+02:00,[37],[0]
2026-07-04T08:18:09+02:00,[37],[0]
2026-07-04T08:28:10+02:00,[38],[0]
2026-07-04T08:38:09+02:00,[37],[0]
2026-07-04T08:48:09+02:00,[37],[0]
2026-07-04T08:58:09+02:00,[37],[0]
2026-07-04T09:08:09+02:00,[37],[0]
2026-07-04T09:18:09+02:00,[37],[0]
2026-07-04T09:28:10+02:00,[38],[0]
2026-07-04T09:38:08+02:00,[37],[0]
2026-07-04T09:48:09+02:00,[37],[0]
2026-07-04T09:58:09+02:00,[37],[0]
2026-07-04T10:08:08+02:00,[37],[0]
2026-07-04T10:18:10+02:00,[38],[0]
2026-07-04T10:28:09+02:00,[37],[0]
2026-07-04T10:48:09+02:00,[38],[0]
2026-07-04T10:58:09+02:00,[37],[0]
2026-07-04T11:18:09+02:00,[37],[0]
2026-07-04T11:28:09+02:00,[37],[0]
2026-07-04T11:38:09+02:00,[37],[0]
2026-07-04T11:48:09+02:00,[37],[0]
2026-07-04T11:58:09+02:00,[37],[0]
2026-07-04T12:18:09+02:00,[38],[0]
2026-07-04T18:00:00+02:00,[60],[0]
2026-07-03T07:38:19+02:00,[38],[0]
2026-07-03T07:58:09+02:00,[37],[0]
2026-07-03T08:18:03+02:00,[38],[0]
2026-07-03T08:28:09+02:00,[37],[0]
2026-07-03T08:38:10+02:00,[38],[0]
2026-07-03T08:48:09+02:00,[38],[0]
2026-07-03T08:58:09+02:00,[37],[0]
2026-07-03T09:08:10+02:00,[38],[0]
2026-07-03T09:38:09+02:00,[37],[0]
2026-07-03T09:48:09+02:00,[37],[0]
2026-07-03T09:58:09+02:00,[37],[0]
2026-07-03T10:08:10+02:00,[38],[0]
2026-07-03T10:18:09+02:00,[37],[0]
2026-07-03T10:28:10+02:00,[38],[0]
2026-07-03T10:38:10+02:00,[38],[0]
2026-07-03T10:48:09+02:00,[37],[0]
2026-07-03T10:58:09+02:00,[37],[0]
2026-07-03T11:18:09+02:00,[37],[0]
2026-07-03T11:28:10+02:00,[38],[0]
2026-07-03T11:38:09+02:00,[38],[0]
2026-07-03T12:08:09+02:00,[37],[0]
2026-07-03T12:18:10+02:00,[38],[0]
2026-07-03T12:28:09+02:00,[37],[0]
2026-07-03T12:38:09+02:00,[37],[0]
2026-07-03T12:48:09+02:00,[37],[0]
2026-07-03T12:58:08+02:00,[37],[0]
2026-07-03T13:08:09+02:00,[37],[0]
2026-07-03T13:28:09+02:00,[37],[0]
2026-07-03T13:38:09+02:00,[37],[0]
2026-07-03T13:48:09+02:00,[37],[0]
2026-07-03T13:58:10+02:00,[38],[0]
2026-07-03T14:08:09+02:00,[37],[0]
2026-07-03T14:18:10+02:00,[38],[0]
2026-07-03T14:28:10+02:00,[38],[0]
2026-07-03T14:38:09+02:00,[37],[0]
2026-07-03T14:48:09+02:00,[37],[0]
2026-07-03T14:58:09+02:00,[37],[0]
2026-07-03T15:08:09+02:00,[37],[0]
2026-07-03T15:18:09+02:00,[37],[0]
2026-07-03T15:28:09+02:00,[37],[0]
2026-07-03T15:38:09+02:00,[38],[0]
2026-07-03T15:48:10+02:00,[38],[0]
2026-07-03T15:58:09+02:00,[37],[0]
2026-07-03T16:08:09+02:00,[37],[0]
2026-07-03T16:18:09+02:00,[37],[0]
2026-07-03T16:28:09+02:00,[37],[0]
2026-07-03T16:38:09+02:00,[37],[0]
2026-07-03T16:58:10+02:00,[38],[0]
2026-07-03T17:08:09+02:00,[37],[0]
2026-07-03T17:18:10+02:00,[38],[0]
2026-07-03T17:28:09+02:00,[37],[0]
2026-07-03T17:38:09+02:00,[37],[0]
2026-07-03T17:48:09+02:00,[37],[0]
2026-07-03T17:58:09+02:00,[37],[0]
2026-07-03T18:08:09+02:00,[37],[0]
2026-07-03T18:18:09+02:00,[37],[0]
2026-07-03T18:28:09+02:00,[37],[0]
2026-07-03T18:38:09+02:00,[37],[0]
2026-07-03T18:48:09+02:00,[37],[0]
2026-07-03T18:58:09+02:00,[37],[0]
2026-07-03T18:00:00+02:00,[60],[0]
2026-07-04T03:38:09+02:00,[37],[0]
2026-07-04T03:48:09+02:00,[37],[0]
2026-07-04T03:58:09+02:00,[37],[0]
2026-07-04T04:08:09+02:00,[37],[0]
2026-07-04T04:18:09+02:00,[37],[0]
2026-07-04T04:28:09+02:00,[37],[0]
2026-07-04T04:38:09+02:00,[37],[0]
2026-07-04T04:48:09+02:00,[37],[0]
2026-07-04T04:58:09+02:00,[37],[0]
2026-07-04T05:08:09+02:00,[37],[0]
2026-07-04T05:18:09+02:00,[37],[0]
2026-07-04T05:28:08+02:00,[37],[0]
2026-07-04T05:38:08+02:00,[37],[0]
2026-07-04T05:48:09+02:00,[37],[0]
2026-07-04T05:58:09+02:00,[37],[0]
2026-07-04T06:08:09+02:00,[37],[0]
2026-07-04T06:18:10+02:00,[38],[0]
2026-07-04T06:28:09+02:00,[37],[0]
2026-07-04T06:38:09+02:00,[37],[0]
2026-07-04T06:48:10+02:00,[38],[0]
2026-07-04T06:58:09+02:00,[37],[0]
2026-07-04T07:08:09+02:00,[37],[0]
2026-07-04T07:28:09+02:00,[37],[0]
2026-07-04T07:38:09+02:00,[37],[0]
2026-07-02T07:38:12+02:00,[37],[0]
2026-07-02T07:48:12+02:00,[37],[0]
2026-07-02T07:58:12+02:00,[38],[0]
2026-07-02T08:08:12+02:00,[37],[0]
2026-07-02T08:18:12+02:00,[37],[0]
2026-07-02T08:28:12+02:00,[37],[0]
2026-07-02T08:38:13+02:00,[38],[0]
2026-07-02T08:48:12+02:00,[37],[0]
2026-07-02T08:58:12+02:00,[37],[0]
2026-07-02T09:08:12+02:00,[37],[0]
2026-07-02T09:18:13+02:00,[38],[0]
2026-07-02T09:28:13+02:00,[38],[0]
2026-07-02T09:38:12+02:00,[37],[0]
2026-07-02T09:48:13+02:00,[38],[0]
2026-07-02T09:58:11+02:00,[37],[0]
2026-07-02T10:08:10+02:00,[38],[0]
2026-07-02T10:18:09+02:00,[37],[0]
2026-07-02T10:28:10+02:00,[38],[0]
2026-07-02T10:38:09+02:00,[37],[0]
2026-07-02T10:48:09+02:00,[37],[0]
2026-07-02T10:58:09+02:00,[37],[0]
2026-07-02T11:08:09+02:00,[37],[0]
2026-07-02T11:18:09+02:00,[37],[0]
2026-07-02T11:28:09+02:00,[37],[0]
2026-07-02T11:38:09+02:00,[37],[0]
2026-07-02T11:48:09+02:00,[37],[0]
2026-07-02T11:58:10+02:00,[38],[0]
2026-07-02T12:08:10+02:00,[38],[0]
2026-07-02T12:18:09+02:00,[37],[0]
2026-07-02T12:28:09+02:00,[37],[0]
2026-07-02T12:38:10+02:00,[38],[0]
2026-07-02T12:48:10+02:00,[38],[0]
2026-07-02T12:58:10+02:00,[38],[0]
2026-07-02T13:08:09+02:00,[37],[0]
2026-07-02T13:18:09+02:00,[37],[0]
2026-07-02T13:28:09+02:00,[37],[0]
2026-07-02T13:38:08+02:00,[37],[0]
2026-07-02T13:48:09+02:00,[37],[0]
2026-07-02T13:58:10+02:00,[38],[0]
2026-07-02T14:08:08+02:00,[37],[0]
2026-07-02T14:18:09+02:00,[37],[0]
2026-07-02T14:28:09+02:00,[37],[0]
2026-07-02T14:38:09+02:00,[37],[0]
2026-07-02T14:48:09+02:00,[37],[0]
2026-07-02T14:58:09+02:00,[37],[0]
2026-07-02T15:08:09+02:00,[37],[0]
2026-07-02T15:18:09+02:00,[37],[0]
2026-07-02T15:28:09+02:00,[37],[0]
2026-07-02T15:38:09+02:00,[37],[0]
2026-07-02T15:48:10+02:00,[38],[0]
2026-07-02T15:58:08+02:00,[37],[0]
2026-07-02T18:00:00+02:00,[60],[0]
2026-07-03T01:58:09+02:00,[37],[0]
2026-07-03T02:08:08+02:00,[37],[0]
2026-07-03T02:18:10+02:00,[38],[0]
2026-07-03T02:28:09+02:00,[37],[0]
2026-07-03T02:48:09+02:00,[37],[0]
2026-07-03T02:58:09+02:00,[37],[0]
2026-07-03T03:08:09+02:00,[37],[0]
2026-07-03T03:18:10+02:00,[38],[0]
2026-07-03T03:28:09+02:00,[37],[0]
2026-07-03T03:38:09+02:00,[37],[0]
2026-07-03T03:48:09+02:00,[37],[0]
2026-07-03T03:58:09+02:00,[37],[0]
2026-07-03T04:08:09+02:00,[37],[0]
2026-07-03T04:18:10+02:00,[38],[0]
2026-07-03T04:28:09+02:00,[37],[0]
2026-07-03T04:38:09+02:00,[37],[0]
2026-07-03T04:48:10+02:00,[38],[0]
2026-07-03T04:58:09+02:00,[37],[0]
2026-07-03T05:08:09+02:00,[37],[0]
2026-07-03T05:28:09+02:00,[37],[0]
2026-07-03T05:38:09+02:00,[37],[0]
2026-07-03T05:48:08+02:00,[37],[0]
2026-07-03T05:58:10+02:00,[38],[0]
2026-07-03T06:08:09+02:00,[37],[0]
2026-07-03T06:18:10+02:00,[38],[0]
2026-07-03T06:28:09+02:00,[37],[0]
2026-07-03T06:38:09+02:00,[37],[0]
2026-07-03T06:48:09+02:00,[38],[0]
2026-07-03T06:58:09+02:00,[37],[0]
2026-07-03T07:08:09+02:00,[37],[0]
2026-07-03T07:18:09+02:00,[37],[0]
2026-07-03T07:28:10+02:00,[38],[0]
2026-07-01T07:38:13+02:00,[38],[0]
2026-07-01T07:48:12+02:00,[37],[0]
2026-07-01T07:58:12+02:00,[37],[0]
2026-07-01T08:08:12+02:00,[37],[0]
2026-07-01T08:18:12+02:00,[37],[0]
2026-07-01T08:28:12+02:00,[37],[0]
2026-07-01T08:58:13+02:00,[37],[0]
2026-07-01T09:08:13+02:00,[37],[0]
2026-07-01T09:18:13+02:00,[37],[0]
2026-07-01T09:29:40+02:00,[38],[0]
2026-07-01T09:38:12+02:00,[37],[0]
2026-07-01T09:48:12+02:00,[37],[0]
2026-07-01T09:58:13+02:00,[38],[0]
2026-07-01T10:08:12+02:00,[37],[0]
2026-07-01T10:18:13+02:00,[38],[0]
2026-07-01T10:28:12+02:00,[37],[0]
2026-07-01T10:38:12+02:00,[37],[0]
2026-07-01T10:48:22+02:00,[37],[0]
2026-07-01T10:58:12+02:00,[38],[0]
2026-07-01T11:08:12+02:00,[37],[0]
2026-07-01T11:18:12+02:00,[37],[0]
2026-07-01T11:28:12+02:00,[37],[0]
2026-07-01T11:38:19+02:00,[37],[0]
2026-07-01T11:48:12+02:00,[37],[0]
2026-07-01T11:58:12+02:00,[37],[0]
2026-07-01T12:08:11+02:00,[37],[0]
2026-07-01T12:18:12+02:00,[37],[0]
2026-07-01T12:28:13+02:00,[38],[0]
2026-07-01T12:38:13+02:00,[37],[0]
2026-07-01T12:48:12+02:00,[37],[0]
2026-07-01T12:58:13+02:00,[38],[0]
2026-07-01T13:08:13+02:00,[37],[0]
2026-07-01T13:18:12+02:00,[37],[0]
2026-07-01T13:28:12+02:00,[37],[0]
2026-07-01T13:38:13+02:00,[10],[0]
2026-07-01T14:18:13+02:00,[38],[0]
2026-07-01T14:28:13+02:00,[38],[0]
2026-07-01T14:38:12+02:00,[37],[0]
2026-07-01T14:48:11+02:00,[37],[0]
2026-07-01T14:58:12+02:00,[37],[0]
2026-07-01T15:08:12+02:00,[37],[0]
2026-07-01T15:18:12+02:00,[37],[0]
2026-07-01T15:28:13+02:00,[38],[0]
2026-07-01T15:38:12+02:00,[37],[0]
2026-07-01T15:48:12+02:00,[37],[0]
2026-07-01T15:58:12+02:00,[37],[0]
2026-07-01T16:08:13+02:00,[37],[0]
2026-07-01T18:00:00+02:00,[60],[0]
2026-07-02T02:18:12+02:00,[37],[0]
2026-07-02T02:38:12+02:00,[37],[0]
2026-07-02T02:48:13+02:00,[37],[0]
2026-07-02T02:58:12+02:00,[37],[0]
2026-07-02T03:08:12+02:00,[37],[0]
2026-07-02T03:28:13+02:00,[38],[0]
2026-07-02T03:38:12+02:00,[37],[0]
2026-07-02T03:48:12+02:00,[37],[0]
2026-07-02T03:58:12+02:00,[37],[0]
2026-07-02T04:08:12+02:00,[37],[0]
2026-07-02T04:28:12+02:00,[37],[0]
2026-07-02T04:38:12+02:00,[37],[0]
2026-07-02T04:48:12+02:00,[38],[0]
2026-07-02T04:58:13+02:00,[37],[0]
2026-07-02T05:08:12+02:00,[37],[0]
2026-07-02T05:18:13+02:00,[38],[0]
2026-07-02T05:28:12+02:00,[37],[0]
2026-07-02T05:38:12+02:00,[37],[0]
2026-07-02T05:48:12+02:00,[37],[0]
2026-07-02T06:08:13+02:00,[38],[0]
2026-07-02T06:18:11+02:00,[37],[0]
2026-07-02T06:28:12+02:00,[37],[0]
2026-07-02T06:38:12+02:00,[37],[0]
2026-07-02T06:48:12+02:00,[37],[0]
2026-07-02T06:58:12+02:00,[37],[0]
2026-07-02T07:08:12+02:00,[37],[0]
2026-07-02T07:18:13+02:00,[38],[0]
2026-07-02T07:28:12+02:00,[37],[0]
2026-06-30T07:38:13+02:00,[38],[0]
2026-06-30T07:48:11+02:00,[37],[0]
2026-06-30T07:58:12+02:00,[37],[0]
2026-06-30T08:18:12+02:00,[37],[0]
2026-06-30T08:28:12+02:00,[37],[0]
2026-06-30T08:38:12+02:00,[37],[0]
2026-06-30T08:48:12+02:00,[37],[0]
2026-06-30T08:58:13+02:00,[38],[0]
2026-06-30T09:08:12+02:00,[37],[0]
2026-06-30T09:18:12+02:00,[37],[0]
2026-06-30T09:28:13+02:00,[38],[0]
2026-06-30T09:38:12+02:00,[37],[0]
2026-06-30T09:48:12+02:00,[37],[0]
2026-06-30T09:58:12+02:00,[37],[0]
2026-06-30T10:08:12+02:00,[37],[0]
2026-06-30T10:18:11+02:00,[37],[0]
2026-06-30T10:28:13+02:00,[37],[0]
2026-06-30T10:38:13+02:00,[38],[0]
2026-06-30T10:48:13+02:00,[38],[0]
2026-06-30T10:58:12+02:00,[37],[0]
2026-06-30T11:08:12+02:00,[37],[0]
2026-06-30T11:18:12+02:00,[37],[0]
2026-06-30T11:28:12+02:00,[38],[0]
2026-06-30T11:38:12+02:00,[37],[0]
2026-06-30T11:58:13+02:00,[37],[0]
2026-06-30T12:08:12+02:00,[37],[0]
2026-06-30T12:18:12+02:00,[37],[0]
2026-06-30T12:28:11+02:00,[37],[0]
2026-06-30T12:48:12+02:00,[37],[0]
2026-06-30T12:58:11+02:00,[37],[0]
2026-06-30T13:08:12+02:00,[37],[0]
2026-06-30T13:28:13+02:00,[37],[0]
2026-06-30T13:48:13+02:00,[37],[0]
2026-06-30T13:58:11+02:00,[37],[0]
2026-06-30T14:08:13+02:00,[38],[0]
2026-06-30T14:18:12+02:00,[37],[0]
2026-06-30T14:28:12+02:00,[37],[0]
2026-06-30T14:38:12+02:00,[38],[0]
2026-06-30T14:48:13+02:00,[38],[0]
2026-06-30T14:58:13+02:00,[38],[0]
2026-06-30T15:08:13+02:00,[37],[0]
2026-06-30T15:18:13+02:00,[38],[0]
2026-06-30T15:28:12+02:00,[37],[0]
2026-06-30T15:38:12+02:00,[37],[0]
2026-06-30T15:58:12+02:00,[38],[0]
2026-06-30T16:08:13+02:00,[37],[0]
2026-06-30T16:18:13+02:00,[38],[0]
2026-06-30T16:28:13+02:00,[38],[0]
2026-06-30T16:38:12+02:00,[37],[0]
2026-06-30T16:48:12+02:00,[37],[0]
2026-06-30T16:58:12+02:00,[37],[0]
2026-06-30T18:00:00+02:00,[60],[0]
2026-07-01T01:08:11+02:00,[37],[0]
2026-07-01T01:18:12+02:00,[37],[0]
2026-07-01T01:28:32+02:00,[33],[0]
2026-07-01T01:38:12+02:00,[37],[0]
2026-07-01T01:48:12+02:00,[37],[0]
2026-07-01T01:58:13+02:00,[38],[0]
2026-07-01T02:08:12+02:00,[37],[0]
2026-07-01T02:18:12+02:00,[37],[0]
2026-07-01T02:28:13+02:00,[38],[0]
2026-07-01T02:38:12+02:00,[37],[0]
2026-07-01T02:48:13+02:00,[38],[0]
2026-07-01T02:58:12+02:00,[37],[0]
2026-07-01T03:08:13+02:00,[38],[0]
2026-07-01T03:18:12+02:00,[37],[0]
2026-07-01T03:28:13+02:00,[38],[0]
2026-07-01T03:38:12+02:00,[37],[0]
2026-07-01T03:48:12+02:00,[37],[0]
2026-07-01T03:58:13+02:00,[38],[0]
2026-07-01T04:08:12+02:00,[37],[0]
2026-07-01T04:18:12+02:00,[37],[0]
2026-07-01T04:28:13+02:00,[38],[0]
2026-07-01T04:38:12+02:00,[37],[0]
2026-07-01T04:48:12+02:00,[37],[0]
2026-07-01T04:58:50+02:00,[37],[0]
2026-07-01T05:08:12+02:00,[37],[0]
2026-07-01T05:18:12+02:00,[37],[0]
2026-07-01T05:28:12+02:00,[37],[0]
2026-07-01T05:38:12+02:00,[37],[0]
2026-07-01T05:48:12+02:00,[37],[0]
2026-07-01T05:58:12+02:00,[37],[0]
2026-07-01T06:08:12+02:00,[38],[0]
2026-07-01T06:18:13+02:00,[37],[0]
2026-07-01T06:28:13+02:00,[38],[0]
2026-07-01T06:38:13+02:00,[38],[0]
2026-07-01T06:48:13+02:00,[38],[0]
2026-07-01T06:58:13+02:00,[38],[0]
2026-07-01T07:08:12+02:00,[37],[0]
2026-07-01T07:18:23+02:00,[37],[0]
2026-06-29T09:08:13+02:00,[38],[0]
2026-06-29T09:18:12+02:00,[37],[0]
2026-06-29T09:28:12+02:00,[37],[0]
2026-06-29T09:38:12+02:00,[37],[0]
2026-06-29T09:48:12+02:00,[37],[0]
2026-06-29T09:58:12+02:00,[37],[0]
2026-06-29T10:08:12+02:00,[37],[0]
2026-06-29T10:18:12+02:00,[37],[0]
2026-06-29T10:28:12+02:00,[37],[0]
2026-06-29T10:38:12+02:00,[37],[0]
2026-06-29T10:48:12+02:00,[38],[0]
2026-06-29T11:08:13+02:00,[37],[0]
2026-06-29T11:18:13+02:00,[38],[0]
2026-06-29T11:28:13+02:00,[38],[0]
2026-06-29T11:38:13+02:00,[37],[0]
2026-06-29T11:48:13+02:00,[37],[0]
2026-06-29T12:08:11+02:00,[37],[0]
2026-06-29T12:18:12+02:00,[37],[0]
2026-06-29T12:28:13+02:00,[37],[0]
2026-06-29T12:38:13+02:00,[38],[0]
2026-06-29T12:48:12+02:00,[37],[0]
2026-06-29T12:58:12+02:00,[37],[0]
2026-06-29T13:08:12+02:00,[37],[0]
2026-06-29T13:18:13+02:00,[38],[0]
2026-06-29T13:28:12+02:00,[37],[0]
2026-06-29T13:38:12+02:00,[37],[0]
2026-06-29T13:48:12+02:00,[37],[0]
2026-06-29T14:08:13+02:00,[38],[0]
2026-06-29T14:18:12+02:00,[37],[0]
2026-06-29T14:28:12+02:00,[37],[0]
2026-06-29T14:38:11+02:00,[37],[0]
2026-06-29T14:48:12+02:00,[37],[0]
2026-06-29T14:58:12+02:00,[37],[0]
2026-06-29T15:08:12+02:00,[38],[0]
2026-06-29T15:18:12+02:00,[37],[0]
2026-06-29T15:28:13+02:00,[38],[0]
2026-06-29T15:38:13+02:00,[38],[0]
2026-06-29T15:48:12+02:00,[37],[0]
2026-06-29T18:00:00+02:00,[60],[0]
2026-06-30T02:08:12+02:00,[37],[0]
2026-06-30T02:18:12+02:00,[37],[0]
2026-06-30T02:28:12+02:00,[37],[0]
2026-06-30T02:38:13+02:00,[38],[0]
2026-06-30T02:48:11+02:00,[37],[0]
2026-06-30T02:58:12+02:00,[37],[0]
2026-06-30T03:08:12+02:00,[37],[0]
2026-06-30T03:18:12+02:00,[37],[0]
2026-06-30T03:28:12+02:00,[37],[0]
2026-06-30T03:38:12+02:00,[37],[0]
2026-06-30T03:48:13+02:00,[38],[0]
2026-06-30T03:58:12+02:00,[37],[0]
2026-06-30T04:08:13+02:00,[38],[0]
2026-06-30T04:18:12+02:00,[37],[0]
2026-06-30T04:28:11+02:00,[37],[0]
2026-06-30T04:38:13+02:00,[37],[0]
2026-06-30T04:48:12+02:00,[37],[0]
2026-06-30T04:58:13+02:00,[38],[0]
2026-06-30T05:08:12+02:00,[37],[0]
2026-06-30T05:18:13+02:00,[38],[0]
2026-06-30T05:28:13+02:00,[38],[0]
2026-06-30T05:38:13+02:00,[38],[0]
2026-06-30T05:48:20+02:00,[37],[0]
2026-06-30T05:58:12+02:00,[37],[0]
2026-06-30T06:08:13+02:00,[38],[0]
2026-06-30T06:18:11+02:00,[37],[0]
2026-06-30T06:28:13+02:00,[38],[0]
2026-06-30T06:38:12+02:00,[37],[0]
2026-06-30T06:48:12+02:00,[38],[0]
2026-06-30T06:58:12+02:00,[37],[0]
2026-06-30T07:08:12+02:00,[37],[0]
2026-06-30T07:18:12+02:00,[37],[0]
2026-06-30T07:28:12+02:00,[37],[0]
2026-06-28T08:08:15+02:00,[37],[0]
2026-06-28T08:18:15+02:00,[37],[0]
2026-06-28T08:28:15+02:00,[37],[0]
2026-06-28T08:38:15+02:00,[37],[0]
2026-06-28T08:48:15+02:00,[37],[0]
2026-06-28T08:58:16+02:00,[37],[0]
2026-06-28T09:08:15+02:00,[37],[0]
2026-06-28T09:18:15+02:00,[37],[0]
2026-06-28T09:28:14+02:00,[37],[0]
2026-06-28T09:38:15+02:00,[37],[0]
2026-06-28T09:48:15+02:00,[37],[0]
2026-06-28T09:58:16+02:00,[37],[0]
2026-06-28T10:08:16+02:00,[38],[0]
2026-06-28T10:18:15+02:00,[37],[0]
2026-06-28T10:28:15+02:00,[37],[0]
2026-06-28T10:38:15+02:00,[37],[0]
2026-06-28T10:48:15+02:00,[37],[0]
2026-06-28T10:58:15+02:00,[37],[0]
2026-06-28T11:08:15+02:00,[37],[0]
2026-06-28T11:18:15+02:00,[37],[0]
2026-06-28T11:28:15+02:00,[37],[0]
2026-06-28T11:38:15+02:00,[37],[0]
2026-06-28T11:48:14+02:00,[37],[0]
2026-06-28T11:58:16+02:00,[38],[0]
2026-06-28T13:18:15+02:00,[37],[0]
2026-06-28T13:28:15+02:00,[38],[0]
2026-06-28T13:38:15+02:00,[37],[0]
2026-06-28T13:48:15+02:00,[37],[0]
2026-06-28T13:58:15+02:00,[37],[0]
2026-06-28T14:08:15+02:00,[37],[0]
2026-06-28T14:18:15+02:00,[37],[0]
2026-06-28T14:28:16+02:00,[38],[0]
2026-06-28T14:38:16+02:00,[38],[0]
2026-06-28T14:48:15+02:00,[37],[0]
2026-06-28T14:58:15+02:00,[37],[0]
2026-06-28T15:08:15+02:00,[37],[0]
2026-06-28T15:18:16+02:00,[37],[0]
2026-06-28T18:00:00+02:00,[60],[0]
2026-06-29T01:18:14+02:00,[37],[0]
2026-06-29T01:28:16+02:00,[37],[0]
2026-06-29T01:48:15+02:00,[37],[0]
2026-06-29T01:58:15+02:00,[37],[0]
2026-06-29T02:08:15+02:00,[37],[0]
2026-06-29T02:18:16+02:00,[37],[0]
2026-06-29T02:28:15+02:00,[37],[0]
2026-06-29T02:38:15+02:00,[37],[0]
2026-06-29T02:48:14+02:00,[37],[0]
2026-06-29T02:58:15+02:00,[37],[0]
2026-06-29T03:08:16+02:00,[38],[0]
2026-06-29T03:18:15+02:00,[37],[0]
2026-06-29T03:28:15+02:00,[37],[0]
2026-06-29T03:38:15+02:00,[37],[0]
2026-06-29T03:48:15+02:00,[37],[0]
2026-06-29T03:58:15+02:00,[37],[0]
2026-06-29T04:08:16+02:00,[38],[0]
2026-06-29T04:18:15+02:00,[37],[0]
2026-06-29T04:28:15+02:00,[37],[0]
2026-06-29T04:38:16+02:00,[38],[0]
2026-06-29T04:48:15+02:00,[37],[0]
2026-06-29T04:58:15+02:00,[37],[0]
2026-06-29T05:08:14+02:00,[37],[0]
2026-06-29T05:18:15+02:00,[37],[0]
2026-06-29T05:28:15+02:00,[37],[0]
2026-06-29T05:48:16+02:00,[38],[0]
2026-06-29T05:58:15+02:00,[37],[0]
2026-06-29T06:08:16+02:00,[38],[0]
2026-06-29T06:18:14+02:00,[37],[0]
2026-06-29T06:28:16+02:00,[37],[0]
2026-06-29T06:38:15+02:00,[38],[0]
2026-06-29T06:48:16+02:00,[37],[0]
2026-06-29T06:58:15+02:00,[37],[0]
2026-06-29T07:08:15+02:00,[37],[0]
2026-06-29T07:18:15+02:00,[37],[0]
2026-06-29T07:28:15+02:00,[37],[0]
2026-06-29T07:38:16+02:00,[37],[0]
2026-06-29T07:48:15+02:00,[37],[0]
2026-06-29T07:58:12+02:00,[37],[0]
2026-06-29T08:08:12+02:00,[37],[0]
2026-06-29T08:18:12+02:00,[37],[0]
2026-06-29T08:28:13+02:00,[38],[0]
2026-06-29T08:38:13+02:00,[38],[0]
2026-06-29T08:48:12+02:00,[37],[0]
2026-06-29T08:58:12+02:00,[37],[0]
2026-06-27T07:58:15+02:00,[37],[0]
2026-06-27T08:08:15+02:00,[37],[0]
2026-06-27T08:28:15+02:00,[37],[0]
2026-06-27T08:38:16+02:00,[37],[0]
2026-06-27T08:48:15+02:00,[37],[0]
2026-06-27T08:58:16+02:00,[38],[0]
2026-06-27T09:08:15+02:00,[37],[0]
2026-06-27T09:18:15+02:00,[37],[0]
2026-06-27T09:28:15+02:00,[37],[0]
2026-06-27T09:38:16+02:00,[37],[0]
2026-06-27T09:48:15+02:00,[37],[0]
2026-06-27T09:58:16+02:00,[38],[0]
2026-06-27T10:08:15+02:00,[37],[0]
2026-06-27T10:18:15+02:00,[37],[0]
2026-06-27T10:28:15+02:00,[37],[0]
2026-06-27T10:38:15+02:00,[37],[0]
2026-06-27T10:58:15+02:00,[37],[0]
2026-06-27T11:08:15+02:00,[37],[0]
2026-06-27T11:18:15+02:00,[37],[0]
2026-06-27T11:28:15+02:00,[37],[0]
2026-06-27T11:38:16+02:00,[38],[0]
2026-06-27T11:48:15+02:00,[37],[0]
2026-06-27T11:58:15+02:00,[37],[0]
2026-06-27T12:08:14+02:00,[37],[0]
2026-06-27T12:18:15+02:00,[37],[0]
2026-06-27T12:28:15+02:00,[37],[0]
2026-06-27T12:48:16+02:00,[38],[0]
2026-06-27T12:58:15+02:00,[37],[0]
2026-06-27T13:18:14+02:00,[37],[0]
2026-06-27T13:28:16+02:00,[38],[0]
2026-06-27T13:38:16+02:00,[38],[0]
2026-06-27T13:48:15+02:00,[37],[0]
2026-06-27T13:58:15+02:00,[37],[0]
2026-06-27T14:08:15+02:00,[37],[0]
2026-06-27T14:18:16+02:00,[38],[0]
2026-06-27T14:28:15+02:00,[37],[0]
2026-06-27T14:38:15+02:00,[37],[0]
2026-06-27T14:48:16+02:00,[38],[0]
2026-06-27T14:58:15+02:00,[37],[0]
2026-06-27T15:08:15+02:00,[37],[0]
2026-06-27T15:18:16+02:00,[38],[0]
2026-06-27T15:28:15+02:00,[37],[0]
2026-06-27T15:38:15+02:00,[37],[0]
2026-06-27T15:48:15+02:00,[37],[0]
2026-06-27T15:58:16+02:00,[38],[0]
2026-06-27T16:08:15+02:00,[37],[0]
2026-06-27T16:18:15+02:00,[37],[0]
2026-06-27T16:28:16+02:00,[38],[0]
2026-06-27T16:38:16+02:00,[38],[0]
2026-06-27T16:48:14+02:00,[37],[0]
2026-06-27T18:00:00+02:00,[60],[0]
2026-06-28T02:58:16+02:00,[38],[0]
2026-06-28T03:08:16+02:00,[37],[0]
2026-06-28T03:18:15+02:00,[37],[0]
2026-06-28T03:28:15+02:00,[37],[0]
2026-06-28T03:38:15+02:00,[37],[0]
2026-06-28T03:48:16+02:00,[38],[0]
2026-06-28T03:58:15+02:00,[37],[0]
2026-06-28T04:08:16+02:00,[38],[0]
2026-06-28T04:18:15+02:00,[37],[0]
2026-06-28T04:28:15+02:00,[37],[0]
2026-06-28T04:38:15+02:00,[37],[0]
2026-06-28T04:48:14+02:00,[37],[0]
2026-06-28T04:58:15+02:00,[37],[0]
2026-06-28T05:08:16+02:00,[38],[0]
2026-06-28T05:18:15+02:00,[37],[0]
2026-06-28T05:28:15+02:00,[37],[0]
2026-06-28T05:38:15+02:00,[38],[0]
2026-06-28T05:58:15+02:00,[37],[0]
2026-06-28T06:08:16+02:00,[38],[0]
2026-06-28T06:18:16+02:00,[38],[0]
2026-06-28T06:38:16+02:00,[38],[0]
2026-06-28T06:48:15+02:00,[37],[0]
2026-06-28T06:58:15+02:00,[37],[0]
2026-06-28T07:08:15+02:00,[38],[0]
2026-06-28T07:28:15+02:00,[37],[0]
2026-06-28T07:38:15+02:00,[37],[0]
2026-06-28T07:48:15+02:00,[37],[0]
2026-06-28T07:58:15+02:00,[37],[0]
2026-06-26T07:38:15+02:00,[37],[0]
2026-06-26T07:48:15+02:00,[37],[0]
2026-06-26T07:58:15+02:00,[37],[0]
2026-06-26T08:08:15+02:00,[37],[0]
2026-06-26T08:18:16+02:00,[38],[0]
2026-06-26T08:28:15+02:00,[37],[0]
2026-06-26T08:38:16+02:00,[38],[0]
2026-06-26T08:48:15+02:00,[37],[0]
2026-06-26T08:58:16+02:00,[38],[0]
2026-06-26T09:08:15+02:00,[37],[0]
2026-06-26T09:18:15+02:00,[37],[0]
2026-06-26T09:28:15+02:00,[37],[0]
2026-06-26T09:58:14+02:00,[37],[0]
2026-06-26T10:08:16+02:00,[38],[0]
2026-06-26T10:28:14+02:00,[37],[0]
2026-06-26T10:38:14+02:00,[37],[0]
2026-06-26T10:48:15+02:00,[37],[0]
2026-06-26T10:58:15+02:00,[37],[0]
2026-06-26T11:08:15+02:00,[38],[0]
2026-06-26T11:18:19+02:00,[37],[0]
2026-06-26T11:28:16+02:00,[38],[0]
2026-06-26T11:38:16+02:00,[38],[0]
2026-06-26T11:48:15+02:00,[37],[0]
2026-06-26T11:58:16+02:00,[37],[0]
2026-06-26T12:08:15+02:00,[37],[0]
2026-06-26T12:18:15+02:00,[37],[0]
2026-06-26T12:28:16+02:00,[38],[0]
2026-06-26T12:38:15+02:00,[37],[0]
2026-06-26T12:48:15+02:00,[37],[0]
2026-06-26T12:58:15+02:00,[37],[0]
2026-06-26T13:08:15+02:00,[37],[0]
2026-06-26T13:18:15+02:00,[37],[0]
2026-06-26T13:28:15+02:00,[37],[0]
2026-06-26T13:38:14+02:00,[37],[0]
2026-06-26T13:48:15+02:00,[37],[0]
2026-06-26T13:58:15+02:00,[37],[0]
2026-06-26T14:08:15+02:00,[37],[0]
2026-06-26T14:18:15+02:00,[37],[0]
2026-06-26T14:28:15+02:00,[37],[0]
2026-06-26T14:38:16+02:00,[37],[0]
2026-06-26T14:48:16+02:00,[37],[0]
2026-06-26T14:58:14+02:00,[37],[0]
2026-06-26T15:08:15+02:00,[37],[0]
2026-06-26T15:18:15+02:00,[37],[0]
2026-06-26T15:38:15+02:00,[37],[0]
2026-06-26T15:48:15+02:00,[37],[0]
2026-06-26T15:58:15+02:00,[37],[0]
2026-06-26T16:08:15+02:00,[37],[0]
2026-06-26T16:18:16+02:00,[38],[0]
2026-06-26T16:28:16+02:00,[38],[0]
2026-06-26T16:38:15+02:00,[37],[0]
2026-06-26T18:00:00+02:00,[60],[0]
2026-06-27T03:28:44+02:00,[37],[0]
2026-06-27T03:38:16+02:00,[38],[0]
2026-06-27T03:48:15+02:00,[37],[0]
2026-06-27T03:58:16+02:00,[38],[0]
2026-06-27T04:18:15+02:00,[37],[0]
2026-06-27T04:28:14+02:00,[37],[0]
2026-06-27T04:38:15+02:00,[37],[0]
2026-06-27T04:48:15+02:00,[37],[0]
2026-06-27T04:58:15+02:00,[37],[0]
2026-06-27T05:08:16+02:00,[38],[0]
2026-06-27T05:18:15+02:00,[37],[0]
2026-06-27T05:28:14+02:00,[37],[0]
2026-06-27T05:38:14+02:00,[37],[0]
2026-06-27T05:48:16+02:00,[38],[0]
2026-06-27T05:58:15+02:00,[37],[0]
2026-06-27T06:08:15+02:00,[37],[0]
2026-06-27T06:18:15+02:00,[38],[0]
2026-06-27T06:28:15+02:00,[37],[0]
2026-06-27T06:38:15+02:00,[37],[0]
2026-06-27T06:48:15+02:00,[37],[0]
2026-06-27T06:58:15+02:00,[37],[0]
2026-06-27T07:08:14+02:00,[37],[0]
2026-06-27T07:18:16+02:00,[37],[0]
2026-06-27T07:28:14+02:00,[37],[0]
2026-06-27T07:38:15+02:00,[37],[0]
2026-06-27T07:48:16+02:00,[38],[0]
2026-06-25T07:58:18+02:00,[37],[0]
2026-06-25T08:08:19+02:00,[38],[0]
2026-06-25T08:18:18+02:00,[37],[0]
2026-06-25T08:28:18+02:00,[37],[0]
2026-06-25T08:38:18+02:00,[37],[0]
2026-06-25T08:48:18+02:00,[37],[0]
2026-06-25T08:58:18+02:00,[37],[0]
2026-06-25T09:08:18+02:00,[37],[0]
2026-06-25T09:18:19+02:00,[38],[0]
2026-06-25T09:28:19+02:00,[38],[0]
2026-06-25T09:48:19+02:00,[38],[0]
2026-06-25T09:58:18+02:00,[37],[0]
2026-06-25T10:08:18+02:00,[37],[0]
2026-06-25T10:18:19+02:00,[38],[0]
2026-06-25T10:28:19+02:00,[38],[0]
2026-06-25T10:38:18+02:00,[37],[0]
2026-06-25T10:48:19+02:00,[37],[0]
2026-06-25T11:08:19+02:00,[38],[0]
2026-06-25T11:18:18+02:00,[37],[0]
2026-06-25T11:28:18+02:00,[37],[0]
2026-06-25T11:38:18+02:00,[37],[0]
2026-06-25T11:48:18+02:00,[37],[0]
2026-06-25T11:58:18+02:00,[37],[0]
2026-06-25T12:08:18+02:00,[37],[0]
2026-06-25T12:18:19+02:00,[37],[0]
2026-06-25T12:28:18+02:00,[37],[0]
2026-06-25T12:38:19+02:00,[37],[0]
2026-06-25T12:48:18+02:00,[37],[0]
2026-06-25T12:58:18+02:00,[37],[0]
2026-06-25T13:08:18+02:00,[37],[0]
2026-06-25T13:28:18+02:00,[37],[0]
2026-06-25T13:38:18+02:00,[37],[0]
2026-06-25T13:48:18+02:00,[37],[0]
2026-06-25T13:58:19+02:00,[38],[0]
2026-06-25T14:08:17+02:00,[37],[0]
2026-06-25T14:18:19+02:00,[38],[0]
2026-06-25T14:38:18+02:00,[37],[0]
2026-06-25T14:48:18+02:00,[37],[0]
2026-06-25T14:58:18+02:00,[37],[0]
2026-06-25T15:08:18+02:00,[37],[0]
2026-06-25T15:18:18+02:00,[37],[0]
2026-06-25T15:28:19+02:00,[38],[0]
2026-06-25T15:38:18+02:00,[37],[0]
2026-06-25T15:48:18+02:00,[37],[0]
2026-06-25T15:58:18+02:00,[37],[0]
2026-06-25T16:08:19+02:00,[37],[0]
2026-06-25T16:18:18+02:00,[37],[0]
2026-06-25T16:28:18+02:00,[37],[0]
2026-06-25T16:38:18+02:00,[37],[0]
2026-06-25T18:00:00+02:00,[60],[0]
2026-06-26T02:15:28+02:00,[37],[0]
2026-06-26T02:28:19+02:00,[38],[0]
2026-06-26T02:38:18+02:00,[37],[0]
2026-06-26T02:48:18+02:00,[37],[0]
2026-06-26T02:58:18+02:00,[37],[0]
2026-06-26T03:08:18+02:00,[37],[0]
2026-06-26T03:18:18+02:00,[37],[0]
2026-06-26T03:28:18+02:00,[37],[0]
2026-06-26T03:38:19+02:00,[38],[0]
2026-06-26T03:48:19+02:00,[38],[0]
2026-06-26T03:58:19+02:00,[38],[0]
2026-06-26T04:08:19+02:00,[38],[0]
2026-06-26T04:18:18+02:00,[37],[0]
2026-06-26T04:28:18+02:00,[37],[0]
2026-06-26T04:38:19+02:00,[37],[0]
2026-06-26T04:48:18+02:00,[37],[0]
2026-06-26T05:08:17+02:00,[37],[0]
2026-06-26T05:18:18+02:00,[37],[0]
2026-06-26T05:28:18+02:00,[38],[0]
2026-06-26T05:38:17+02:00,[37],[0]
2026-06-26T05:48:19+02:00,[38],[0]
2026-06-26T05:58:19+02:00,[38],[0]
2026-06-26T06:08:18+02:00,[37],[0]
2026-06-26T06:18:18+02:00,[37],[0]
2026-06-26T06:28:18+02:00,[37],[0]
2026-06-26T06:38:19+02:00,[38],[0]
2026-06-26T06:48:18+02:00,[37],[0]
2026-06-26T06:58:17+02:00,[37],[0]
2026-06-26T07:08:18+02:00,[37],[0]
2026-06-26T07:18:19+02:00,[38],[0]
2026-06-26T07:28:18+02:00,[37],[0]
2026-06-24T07:38:18+02:00,[37],[0]
2026-06-24T07:48:19+02:00,[38],[0]
2026-06-24T07:58:18+02:00,[37],[0]
2026-06-24T08:08:19+02:00,[37],[0]
2026-06-24T08:18:19+02:00,[38],[0]
2026-06-24T08:28:18+02:00,[37],[0]
2026-06-24T08:38:19+02:00,[37],[0]
2026-06-24T08:48:19+02:00,[38],[0]
2026-06-24T08:58:19+02:00,[38],[0]
2026-06-24T09:08:19+02:00,[38],[0]
2026-06-24T09:18:18+02:00,[37],[0]
2026-06-24T09:28:19+02:00,[37],[0]
2026-06-24T09:38:18+02:00,[37],[0]
2026-06-24T09:48:18+02:00,[37],[0]
2026-06-24T09:58:18+02:00,[37],[0]
2026-06-24T10:08:18+02:00,[37],[0]
2026-06-24T10:18:18+02:00,[37],[0]
2026-06-24T10:28:18+02:00,[37],[0]
2026-06-24T10:38:18+02:00,[37],[0]
2026-06-24T10:48:18+02:00,[37],[0]
2026-06-24T10:58:18+02:00,[37],[0]
2026-06-24T11:08:18+02:00,[37],[0]
2026-06-24T11:18:18+02:00,[37],[0]
2026-06-24T11:28:18+02:00,[37],[0]
2026-06-24T11:48:18+02:00,[37],[0]
2026-06-24T11:58:18+02:00,[37],[0]
2026-06-24T12:18:18+02:00,[35],[0]
2026-06-24T12:28:19+02:00,[38],[0]
2026-06-24T12:38:19+02:00,[37],[0]
2026-06-24T12:48:19+02:00,[38],[0]
2026-06-24T12:58:19+02:00,[38],[0]
2026-06-24T13:18:18+02:00,[37],[0]
2026-06-24T13:28:18+02:00,[37],[0]
2026-06-24T13:38:18+02:00,[37],[0]
2026-06-24T13:48:18+02:00,[37],[0]
2026-06-24T13:58:18+02:00,[37],[0]
2026-06-24T14:08:18+02:00,[37],[0]
2026-06-24T14:18:18+02:00,[37],[0]
2026-06-24T14:28:18+02:00,[37],[0]
2026-06-24T14:38:18+02:00,[37],[0]
2026-06-24T14:48:18+02:00,[37],[0]
2026-06-24T14:58:18+02:00,[37],[0]
2026-06-24T15:08:18+02:00,[37],[0]
2026-06-24T15:18:19+02:00,[38],[0]
2026-06-24T15:28:18+02:00,[37],[0]
2026-06-24T15:38:18+02:00,[37],[0]
2026-06-24T15:48:18+02:00,[37],[0]
2026-06-24T18:00:00+02:00,[60],[0]
2026-06-25T02:28:18+02:00,[37],[0]
2026-06-25T02:38:19+02:00,[38],[0]
2026-06-25T02:48:19+02:00,[37],[0]
2026-06-25T02:58:18+02:00,[38],[0]
2026-06-25T03:08:19+02:00,[37],[0]
2026-06-25T03:18:18+02:00,[37],[0]
2026-06-25T03:28:19+02:00,[37],[0]
2026-06-25T03:38:19+02:00,[38],[0]
2026-06-25T03:48:19+02:00,[38],[0]
2026-06-25T03:58:18+02:00,[37],[0]
2026-06-25T04:08:18+02:00,[37],[0]
2026-06-25T04:18:18+02:00,[37],[0]
2026-06-25T04:28:18+02:00,[37],[0]
2026-06-25T04:38:18+02:00,[37],[0]
2026-06-25T04:48:18+02:00,[37],[0]
2026-06-25T05:08:18+02:00,[37],[0]
2026-06-25T05:18:19+02:00,[38],[0]
2026-06-25T05:28:18+02:00,[37],[0]
2026-06-25T05:38:19+02:00,[38],[0]
2026-06-25T05:48:18+02:00,[37],[0]
2026-06-25T05:58:18+02:00,[37],[0]
2026-06-25T06:08:19+02:00,[38],[0]
2026-06-25T06:28:18+02:00,[38],[0]
2026-06-25T06:38:18+02:00,[37],[0]
2026-06-25T06:48:18+02:00,[37],[0]
2026-06-25T06:58:19+02:00,[38],[0]
2026-06-25T07:08:19+02:00,[38],[0]
2026-06-25T07:18:18+02:00,[37],[0]
2026-06-25T07:28:18+02:00,[37],[0]
2026-06-25T07:38:18+02:00,[37],[0]
2026-06-23T08:58:22+02:00,[38],[0]
2026-06-23T09:08:21+02:00,[37],[0]
2026-06-23T09:18:21+02:00,[37],[0]
2026-06-23T09:28:21+02:00,[37],[0]
2026-06-23T09:38:21+02:00,[37],[0]
2026-06-23T09:48:21+02:00,[37],[0]
2026-06-23T09:58:21+02:00,[38],[0]
2026-06-23T10:08:22+02:00,[38],[0]
2026-06-23T10:18:21+02:00,[38],[0]
2026-06-23T10:28:22+02:00,[38],[0]
2026-06-23T10:48:22+02:00,[37],[0]
2026-06-23T10:58:22+02:00,[38],[0]
2026-06-23T11:08:21+02:00,[37],[0]
2026-06-23T11:18:22+02:00,[38],[0]
2026-06-23T11:38:32+02:00,[37],[0]
2026-06-23T11:48:21+02:00,[37],[0]
2026-06-23T11:58:21+02:00,[37],[0]
2026-06-23T12:08:21+02:00,[38],[0]
2026-06-23T12:18:22+02:00,[38],[0]
2026-06-23T12:28:22+02:00,[38],[0]
2026-06-23T12:38:21+02:00,[37],[0]
2026-06-23T12:48:20+02:00,[37],[0]
2026-06-23T12:58:21+02:00,[37],[0]
2026-06-23T13:08:22+02:00,[37],[0]
2026-06-23T13:18:20+02:00,[37],[0]
2026-06-23T13:28:22+02:00,[38],[0]
2026-06-23T13:38:21+02:00,[38],[0]
2026-06-23T13:48:21+02:00,[37],[0]
2026-06-23T14:08:21+02:00,[38],[0]
2026-06-23T14:18:21+02:00,[37],[0]
2026-06-23T14:38:20+02:00,[37],[0]
2026-06-23T14:48:21+02:00,[37],[0]
2026-06-23T14:58:20+02:00,[37],[0]
2026-06-23T15:08:20+02:00,[37],[0]
2026-06-23T15:18:20+02:00,[37],[0]
2026-06-23T15:28:21+02:00,[37],[0]
2026-06-23T15:38:21+02:00,[37],[0]
2026-06-23T15:48:20+02:00,[37],[0]
2026-06-23T15:58:21+02:00,[37],[0]
2026-06-23T16:18:18+02:00,[37],[0]
2026-06-23T16:28:19+02:00,[38],[0]
2026-06-23T16:38:17+02:00,[37],[0]
2026-06-23T16:48:19+02:00,[38],[0]
2026-06-23T16:58:18+02:00,[37],[0]
2026-06-23T17:08:19+02:00,[38],[0]
2026-06-23T17:18:18+02:00,[37],[0]
2026-06-23T17:28:19+02:00,[38],[0]
2026-06-23T17:38:18+02:00,[37],[0]
2026-06-23T17:48:17+02:00,[37],[0]
2026-06-23T17:58:18+02:00,[37],[0]
2026-06-23T18:00:00+02:00,[60],[0]
2026-06-24T02:38:19+02:00,[38],[0]
2026-06-24T02:48:19+02:00,[38],[0]
2026-06-24T02:58:19+02:00,[38],[0]
2026-06-24T03:08:18+02:00,[37],[0]
2026-06-24T03:18:18+02:00,[38],[0]
2026-06-24T03:38:19+02:00,[38],[0]
2026-06-24T03:48:18+02:00,[37],[0]
2026-06-24T03:58:18+02:00,[37],[0]
2026-06-24T04:08:18+02:00,[37],[0]
2026-06-24T04:18:19+02:00,[38],[0]
2026-06-24T04:28:18+02:00,[37],[0]
2026-06-24T04:38:19+02:00,[38],[0]
2026-06-24T04:48:17+02:00,[37],[0]
2026-06-24T04:58:18+02:00,[37],[0]
2026-06-24T05:08:18+02:00,[37],[0]
2026-06-24T05:18:18+02:00,[37],[0]
2026-06-24T05:28:19+02:00,[38],[0]
2026-06-24T05:38:18+02:00,[37],[0]
2026-06-24T05:48:19+02:00,[38],[0]
2026-06-24T05:58:18+02:00,[37],[0]
2026-06-24T06:08:18+02:00,[37],[0]
2026-06-24T06:18:18+02:00,[38],[0]
2026-06-24T06:28:18+02:00,[37],[0]
2026-06-24T06:48:15+02:00,[37],[0]
2026-06-24T06:58:18+02:00,[37],[0]
2026-06-24T07:08:18+02:00,[37],[0]
2026-06-24T07:18:19+02:00,[38],[0]
2026-06-24T07:28:18+02:00,[37],[0]
2026-06-22T07:58:21+02:00,[37],[0]
2026-06-22T08:08:21+02:00,[37],[0]
2026-06-22T08:18:21+02:00,[38],[0]
2026-06-22T08:28:21+02:00,[37],[0]
2026-06-22T08:38:21+02:00,[37],[0]
2026-06-22T08:48:21+02:00,[37],[0]
2026-06-22T08:58:20+02:00,[37],[0]
2026-06-22T09:08:21+02:00,[37],[0]
2026-06-22T09:18:21+02:00,[37],[0]
2026-06-22T09:28:21+02:00,[37],[0]
2026-06-22T09:38:21+02:00,[37],[0]
2026-06-22T09:48:22+02:00,[37],[0]
2026-06-22T09:58:21+02:00,[37],[0]
2026-06-22T10:08:21+02:00,[37],[0]
2026-06-22T10:18:21+02:00,[37],[0]
2026-06-22T10:28:21+02:00,[37],[0]
2026-06-22T10:38:21+02:00,[37],[0]
2026-06-22T10:48:21+02:00,[36],[0]
2026-06-22T10:58:22+02:00,[37],[0]
2026-06-22T11:28:20+02:00,[37],[0]
2026-06-22T11:48:22+02:00,[37],[0]
2026-06-22T11:58:21+02:00,[37],[0]
2026-06-22T12:08:21+02:00,[37],[0]
2026-06-22T12:18:21+02:00,[37],[0]
2026-06-22T12:28:21+02:00,[37],[0]
2026-06-22T12:38:21+02:00,[37],[0]
2026-06-22T12:48:21+02:00,[37],[0]
2026-06-22T12:58:21+02:00,[37],[0]
2026-06-22T13:08:22+02:00,[37],[0]
2026-06-22T13:18:22+02:00,[38],[0]
2026-06-22T13:28:22+02:00,[38],[0]
2026-06-22T13:38:21+02:00,[37],[0]
2026-06-22T13:48:21+02:00,[37],[0]
2026-06-22T13:58:22+02:00,[38],[0]
2026-06-22T14:08:21+02:00,[38],[0]
2026-06-22T14:18:22+02:00,[37],[0]
2026-06-22T14:28:21+02:00,[37],[0]
2026-06-22T14:38:21+02:00,[37],[0]
2026-06-22T14:48:21+02:00,[37],[0]
2026-06-22T14:58:21+02:00,[37],[0]
2026-06-22T15:08:21+02:00,[37],[0]
2026-06-22T15:18:21+02:00,[37],[0]
2026-06-22T15:28:22+02:00,[38],[0]
2026-06-22T15:38:22+02:00,[38],[0]
2026-06-22T15:48:20+02:00,[37],[0]
2026-06-22T15:58:21+02:00,[37],[0]
2026-06-22T16:08:21+02:00,[37],[0]
2026-06-22T16:18:21+02:00,[37],[0]
2026-06-22T18:00:00+02:00,[60],[0]
2026-06-23T01:18:21+02:00,[37],[0]
2026-06-23T01:38:22+02:00,[38],[0]
2026-06-23T01:48:21+02:00,[38],[0]
2026-06-23T01:58:21+02:00,[37],[0]
2026-06-23T02:08:21+02:00,[37],[0]
2026-06-23T02:18:21+02:00,[38],[0]
2026-06-23T02:28:21+02:00,[37],[0]
2026-06-23T02:38:21+02:00,[37],[0]
2026-06-23T02:48:20+02:00,[37],[0]
2026-06-23T02:58:21+02:00,[37],[0]
2026-06-23T03:08:21+02:00,[37],[0]
2026-06-23T03:18:21+02:00,[37],[0]
2026-06-23T03:28:21+02:00,[37],[0]
2026-06-23T03:38:21+02:00,[37],[0]
2026-06-23T03:48:21+02:00,[37],[0]
2026-06-23T03:58:21+02:00,[37],[0]
2026-06-23T04:08:22+02:00,[38],[0]
2026-06-23T04:18:21+02:00,[37],[0]
2026-06-23T04:28:22+02:00,[37],[0]
2026-06-23T04:38:21+02:00,[37],[0]
2026-06-23T04:48:21+02:00,[37],[0]
2026-06-23T04:58:47+02:00,[37],[0]
2026-06-23T05:08:21+02:00,[37],[0]
2026-06-23T05:18:21+02:00,[37],[0]
2026-06-23T05:28:21+02:00,[37],[0]
2026-06-23T05:38:21+02:00,[37],[0]
2026-06-23T05:48:21+02:00,[37],[0]
2026-06-23T05:58:21+02:00,[37],[0]
2026-06-23T06:08:21+02:00,[37],[0]
2026-06-23T06:18:21+02:00,[37],[0]
2026-06-23T06:28:21+02:00,[37],[0]
2026-06-23T06:38:22+02:00,[38],[0]
2026-06-23T06:48:21+02:00,[37],[0]
2026-06-23T06:58:21+02:00,[37],[0]
2026-06-23T07:08:20+02:00,[37],[0]
2026-06-23T07:28:21+02:00,[37],[0]
2026-06-23T07:38:21+02:00,[37],[0]
2026-06-23T07:48:21+02:00,[37],[0]
2026-06-23T07:58:21+02:00,[37],[0]
2026-06-23T08:08:22+02:00,[38],[0]
2026-06-23T08:18:21+02:00,[37],[0]
2026-06-23T08:28:21+02:00,[37],[0]
2026-06-23T08:38:21+02:00,[37],[0]
2026-06-23T08:48:21+02:00,[37],[0]
2026-06-21T08:08:21+02:00,[37],[0]
2026-06-21T08:18:21+02:00,[38],[0]
2026-06-21T08:28:21+02:00,[37],[0]
2026-06-21T08:38:21+02:00,[37],[0]
2026-06-21T08:58:20+02:00,[37],[0]
2026-06-21T09:08:21+02:00,[37],[0]
2026-06-21T09:18:21+02:00,[37],[0]
2026-06-21T09:28:21+02:00,[37],[0]
2026-06-21T09:38:21+02:00,[37],[0]
2026-06-21T09:48:22+02:00,[38],[0]
2026-06-21T09:58:21+02:00,[38],[0]
2026-06-21T10:08:21+02:00,[37],[0]
2026-06-21T10:18:21+02:00,[37],[0]
2026-06-21T10:28:21+02:00,[38],[0]
2026-06-21T10:38:22+02:00,[38],[0]
2026-06-21T10:48:21+02:00,[37],[0]
2026-06-21T11:08:21+02:00,[38],[0]
2026-06-21T11:18:22+02:00,[38],[0]
2026-06-21T11:28:20+02:00,[37],[0]
2026-06-21T11:48:21+02:00,[37],[0]
2026-06-21T11:58:21+02:00,[37],[0]
2026-06-21T12:08:21+02:00,[38],[0]
2026-06-21T12:18:21+02:00,[37],[0]
2026-06-21T12:28:21+02:00,[38],[0]
2026-06-21T12:38:21+02:00,[37],[0]
2026-06-21T12:48:21+02:00,[37],[0]
2026-06-21T12:58:22+02:00,[38],[0]
2026-06-21T13:08:22+02:00,[38],[0]
2026-06-21T13:18:22+02:00,[37],[0]
2026-06-21T13:28:21+02:00,[37],[0]
2026-06-21T13:38:22+02:00,[38],[0]
2026-06-21T13:48:21+02:00,[38],[0]
2026-06-21T13:58:21+02:00,[37],[0]
2026-06-21T14:08:22+02:00,[38],[0]
2026-06-21T14:18:21+02:00,[37],[0]
2026-06-21T14:28:22+02:00,[38],[0]
2026-06-21T14:38:21+02:00,[37],[0]
2026-06-21T14:48:22+02:00,[38],[0]
2026-06-21T18:00:00+02:00,[60],[0]
2026-06-22T01:08:22+02:00,[38],[0]
2026-06-22T01:28:21+02:00,[38],[0]
2026-06-22T01:38:21+02:00,[37],[0]
2026-06-22T01:48:21+02:00,[37],[0]
2026-06-22T01:58:21+02:00,[37],[0]
2026-06-22T02:08:21+02:00,[37],[0]
2026-06-22T02:18:21+02:00,[37],[0]
2026-06-22T02:28:21+02:00,[37],[0]
2026-06-22T02:38:21+02:00,[37],[0]
2026-06-22T02:48:21+02:00,[37],[0]
2026-06-22T02:58:21+02:00,[37],[0]
2026-06-22T03:08:21+02:00,[37],[0]
2026-06-22T03:18:21+02:00,[38],[0]
2026-06-22T03:28:21+02:00,[37],[0]
2026-06-22T03:38:21+02:00,[38],[0]
2026-06-22T03:48:22+02:00,[37],[0]
2026-06-22T03:58:21+02:00,[37],[0]
2026-06-22T04:08:20+02:00,[37],[0]
2026-06-22T04:18:21+02:00,[37],[0]
2026-06-22T04:28:22+02:00,[38],[0]
2026-06-22T04:38:21+02:00,[38],[0]
2026-06-22T04:48:21+02:00,[37],[0]
2026-06-22T04:58:20+02:00,[37],[0]
2026-06-22T05:18:21+02:00,[37],[0]
2026-06-22T05:28:21+02:00,[37],[0]
2026-06-22T05:38:22+02:00,[38],[0]
2026-06-22T05:48:21+02:00,[37],[0]
2026-06-22T05:58:21+02:00,[38],[0]
2026-06-22T06:08:21+02:00,[37],[0]
2026-06-22T06:18:21+02:00,[37],[0]
2026-06-22T06:28:21+02:00,[38],[0]
2026-06-22T06:38:21+02:00,[37],[0]
2026-06-22T06:48:21+02:00,[37],[0]
2026-06-22T06:58:22+02:00,[38],[0]
2026-06-22T07:08:21+02:00,[37],[0]
2026-06-22T07:18:22+02:00,[38],[0]
2026-06-22T07:28:21+02:00,[37],[0]
2026-06-22T07:38:21+02:00,[37],[0]
2026-06-22T07:48:21+02:00,[37],[0]
2026-06-20T08:33:33+02:00,[37],[0]
2026-06-20T08:53:34+02:00,[37],[0]
2026-06-20T09:03:34+02:00,[37],[0]
2026-06-20T09:13:34+02:00,[37],[0]
2026-06-20T09:23:34+02:00,[37],[0]
2026-06-20T09:33:35+02:00,[38],[0]
2026-06-20T09:43:34+02:00,[37],[0]
2026-06-20T10:03:35+02:00,[38],[0]
2026-06-20T10:13:34+02:00,[37],[0]
2026-06-20T10:23:39+02:00,[37],[0]
2026-06-20T10:33:34+02:00,[37],[0]
2026-06-20T10:43:35+02:00,[38],[0]
2026-06-20T10:53:34+02:00,[37],[0]
2026-06-20T11:03:34+02:00,[37],[0]
2026-06-20T11:13:34+02:00,[37],[0]
2026-06-20T11:23:34+02:00,[37],[0]
2026-06-20T11:33:35+02:00,[38],[0]
2026-06-20T11:43:35+02:00,[38],[0]
2026-06-20T11:53:34+02:00,[38],[0]
2026-06-20T12:03:34+02:00,[37],[0]
2026-06-20T12:13:34+02:00,[37],[0]
2026-06-20T12:23:34+02:00,[38],[0]
2026-06-20T12:43:34+02:00,[37],[0]
2026-06-20T12:53:34+02:00,[37],[0]
2026-06-20T13:03:35+02:00,[38],[0]
2026-06-20T13:13:34+02:00,[37],[0]
2026-06-20T13:23:34+02:00,[37],[0]
2026-06-20T13:33:34+02:00,[37],[0]
2026-06-20T13:43:35+02:00,[38],[0]
2026-06-20T13:53:34+02:00,[37],[0]
2026-06-20T14:03:35+02:00,[38],[0]
2026-06-20T14:23:34+02:00,[37],[0]
2026-06-20T14:33:33+02:00,[37],[0]
2026-06-20T14:43:34+02:00,[37],[0]
2026-06-20T14:53:34+02:00,[38],[0]
2026-06-20T15:03:34+02:00,[37],[0]
2026-06-20T18:00:00+02:00,[60],[0]
2026-06-21T05:53:32+02:00,[38],[0]
2026-06-21T06:04:13+02:00,[38],[0]
2026-06-21T06:13:31+02:00,[37],[0]
2026-06-21T06:23:30+02:00,[37],[0]
2026-06-21T06:33:30+02:00,[37],[0]
2026-06-21T06:43:31+02:00,[37],[0]
2026-06-21T06:53:32+02:00,[38],[0]
2026-06-21T06:57:55+02:00,[37],[0]
2026-06-21T07:07:53+02:00,[37],[0]
2026-06-21T07:17:53+02:00,[37],[0]
2026-06-21T07:27:54+02:00,[37],[0]
2026-06-21T07:37:53+02:00,[37],[0]
2026-06-21T07:47:53+02:00,[37],[0]
2026-06-21T07:57:52+02:00,[37],[0]
2026-06-19T09:13:35+02:00,[38],[0]
2026-06-19T09:23:33+02:00,[37],[0]
2026-06-19T09:33:33+02:00,[37],[0]
2026-06-19T09:53:34+02:00,[37],[0]
2026-06-19T10:23:34+02:00,[37],[0]
2026-06-19T10:33:34+02:00,[37],[0]
2026-06-19T10:43:34+02:00,[37],[0]
2026-06-19T10:53:34+02:00,[37],[0]
2026-06-19T11:03:34+02:00,[37],[0]
2026-06-19T11:13:33+02:00,[37],[0]
2026-06-19T11:23:34+02:00,[37],[0]
2026-06-19T11:33:34+02:00,[37],[0]
2026-06-19T11:43:34+02:00,[37],[0]
2026-06-19T11:53:34+02:00,[37],[0]
2026-06-19T12:03:34+02:00,[37],[0]
2026-06-19T12:13:35+02:00,[38],[0]
2026-06-19T12:23:34+02:00,[37],[0]
2026-06-19T12:33:35+02:00,[38],[0]
2026-06-19T12:43:33+02:00,[37],[0]
2026-06-19T12:53:34+02:00,[37],[0]
2026-06-19T13:13:34+02:00,[37],[0]
2026-06-19T13:23:34+02:00,[37],[0]
2026-06-19T13:33:34+02:00,[37],[0]
2026-06-19T13:43:34+02:00,[37],[0]
2026-06-19T13:53:34+02:00,[37],[0]
2026-06-19T14:03:34+02:00,[37],[0]
2026-06-19T14:13:34+02:00,[37],[0]
2026-06-19T14:23:34+02:00,[37],[0]
2026-06-19T14:33:35+02:00,[38],[0]
2026-06-19T14:43:33+02:00,[37],[0]
2026-06-19T14:53:34+02:00,[37],[0]
2026-06-19T15:03:34+02:00,[37],[0]
2026-06-19T15:23:34+02:00,[38],[0]
2026-06-19T15:33:34+02:00,[37],[0]
2026-06-19T15:43:34+02:00,[37],[0]
2026-06-19T18:00:00+02:00,[60],[0]
2026-06-20T02:03:35+02:00,[37],[0]
2026-06-20T02:13:34+02:00,[37],[0]
2026-06-20T02:23:34+02:00,[37],[0]
2026-06-20T02:33:34+02:00,[37],[0]
2026-06-20T02:43:33+02:00,[37],[0]
2026-06-20T02:53:34+02:00,[37],[0]
2026-06-20T03:03:34+02:00,[37],[0]
2026-06-20T03:13:34+02:00,[37],[0]
2026-06-20T03:23:34+02:00,[37],[0]
2026-06-20T03:33:33+02:00,[37],[0]
2026-06-20T03:43:34+02:00,[37],[0]
2026-06-20T03:53:34+02:00,[37],[0]
2026-06-20T04:03:34+02:00,[37],[0]
2026-06-20T04:13:34+02:00,[37],[0]
2026-06-20T04:23:34+02:00,[37],[0]
2026-06-20T04:33:34+02:00,[37],[0]
2026-06-20T04:43:34+02:00,[37],[0]
2026-06-20T04:53:34+02:00,[37],[0]
2026-06-20T05:03:34+02:00,[37],[0]
2026-06-20T05:13:34+02:00,[37],[0]
2026-06-20T05:23:34+02:00,[37],[0]
2026-06-20T06:03:34+02:00,[37],[0]
2026-06-20T06:13:33+02:00,[37],[0]
2026-06-20T06:25:10+02:00,[37],[0]
2026-06-20T06:33:52+02:00,[37],[0]
2026-06-20T06:43:34+02:00,[37],[0]
2026-06-20T06:53:34+02:00,[37],[0]
2026-06-20T07:03:33+02:00,[37],[0]
2026-06-20T07:13:33+02:00,[37],[0]
2026-06-20T07:23:35+02:00,[38],[0]
2026-06-20T07:33:35+02:00,[38],[0]
2026-06-20T07:53:34+02:00,[37],[0]
2026-06-20T08:23:33+02:00,[29],[0]
2026-06-18T08:53:37+02:00,[37],[0]
2026-06-18T09:03:36+02:00,[37],[0]
2026-06-18T09:13:37+02:00,[37],[0]
2026-06-18T09:23:38+02:00,[38],[0]
2026-06-18T09:33:38+02:00,[38],[0]
2026-06-18T09:43:38+02:00,[38],[0]
2026-06-18T09:53:37+02:00,[37],[0]
2026-06-18T10:03:38+02:00,[37],[0]
2026-06-18T10:13:38+02:00,[38],[0]
2026-06-18T10:23:38+02:00,[38],[0]
2026-06-18T10:33:38+02:00,[37],[0]
2026-06-18T10:43:37+02:00,[37],[0]
2026-06-18T10:53:37+02:00,[37],[0]
2026-06-18T11:03:37+02:00,[38],[0]
2026-06-18T11:13:38+02:00,[38],[0]
2026-06-18T11:23:37+02:00,[37],[0]
2026-06-18T11:33:37+02:00,[37],[0]
2026-06-18T11:43:37+02:00,[37],[0]
2026-06-18T11:53:37+02:00,[37],[0]
2026-06-18T12:03:37+02:00,[38],[0]
2026-06-18T12:13:37+02:00,[38],[0]
2026-06-18T12:23:38+02:00,[38],[0]
2026-06-18T12:33:37+02:00,[37],[0]
2026-06-18T12:43:37+02:00,[37],[0]
2026-06-18T13:03:37+02:00,[37],[0]
2026-06-18T13:13:37+02:00,[37],[0]
2026-06-18T13:23:37+02:00,[37],[0]
2026-06-18T13:33:37+02:00,[37],[0]
2026-06-18T13:53:37+02:00,[37],[0]
2026-06-18T14:03:37+02:00,[38],[0]
2026-06-18T14:13:37+02:00,[37],[0]
2026-06-18T14:23:37+02:00,[37],[0]
2026-06-18T14:33:36+02:00,[37],[0]
2026-06-18T14:43:37+02:00,[37],[0]
2026-06-18T14:53:38+02:00,[38],[0]
2026-06-18T15:03:38+02:00,[37],[0]
2026-06-18T15:13:38+02:00,[38],[0]
2026-06-18T15:23:38+02:00,[38],[0]
2026-06-18T15:33:37+02:00,[37],[0]
2026-06-18T15:43:37+02:00,[38],[0]
2026-06-18T15:53:37+02:00,[37],[0]
2026-06-18T16:03:37+02:00,[37],[0]
2026-06-18T16:13:37+02:00,[37],[0]
2026-06-18T16:23:37+02:00,[37],[0]
2026-06-18T18:00:00+02:00,[60],[0]
2026-06-19T02:03:38+02:00,[37],[0]
2026-06-19T02:13:37+02:00,[37],[0]
2026-06-19T02:23:38+02:00,[38],[0]
2026-06-19T02:33:37+02:00,[38],[0]
2026-06-19T02:43:38+02:00,[37],[0]
2026-06-19T02:53:38+02:00,[37],[0]
2026-06-19T03:03:37+02:00,[38],[0]
2026-06-19T03:13:37+02:00,[37],[0]
2026-06-19T03:23:38+02:00,[38],[0]
2026-06-19T03:33:37+02:00,[37],[0]
2026-06-19T03:43:37+02:00,[37],[0]
2026-06-19T03:53:37+02:00,[37],[0]
2026-06-19T04:03:37+02:00,[37],[0]
2026-06-19T04:13:37+02:00,[37],[0]
2026-06-19T04:23:37+02:00,[37],[0]
2026-06-19T04:33:37+02:00,[37],[0]
2026-06-19T04:43:37+02:00,[37],[0]
2026-06-19T04:53:37+02:00,[37],[0]
2026-06-19T05:03:37+02:00,[37],[0]
2026-06-19T05:13:38+02:00,[38],[0]
2026-06-19T05:23:38+02:00,[38],[0]
2026-06-19T05:33:37+02:00,[37],[0]
2026-06-19T05:43:37+02:00,[37],[0]
2026-06-19T05:53:34+02:00,[37],[0]
2026-06-19T06:03:35+02:00,[38],[0]
2026-06-19T06:13:34+02:00,[37],[0]
2026-06-19T06:23:34+02:00,[37],[0]
2026-06-19T06:33:34+02:00,[37],[0]
2026-06-19T06:53:34+02:00,[37],[0]
2026-06-19T07:03:34+02:00,[37],[0]
2026-06-19T07:13:34+02:00,[37],[0]
2026-06-19T07:23:34+02:00,[37],[0]
2026-06-19T07:33:34+02:00,[37],[0]
2026-06-19T07:43:34+02:00,[37],[0]
2026-06-19T07:53:34+02:00,[37],[0]
2026-06-19T08:03:34+02:00,[37],[0]
2026-06-19T08:13:34+02:00,[37],[0]
2026-06-19T08:23:34+02:00,[37],[0]
2026-06-19T08:33:34+02:00,[37],[0]
2026-06-19T08:43:34+02:00,[37],[0]
2026-06-19T08:53:34+02:00,[37],[0]
2026-06-17T10:13:38+02:00,[38],[0]
2026-06-17T10:23:36+02:00,[37],[0]
2026-06-17T10:33:38+02:00,[38],[0]
2026-06-17T10:43:38+02:00,[38],[0]
2026-06-17T10:53:37+02:00,[37],[0]
2026-06-17T11:03:37+02:00,[37],[0]
2026-06-17T11:13:36+02:00,[37],[0]
2026-06-17T11:23:37+02:00,[37],[0]
2026-06-17T11:33:37+02:00,[37],[0]
2026-06-17T11:43:38+02:00,[38],[0]
2026-06-17T11:53:37+02:00,[37],[0]
2026-06-17T12:03:37+02:00,[38],[0]
2026-06-17T12:13:37+02:00,[38],[0]
2026-06-17T12:23:37+02:00,[37],[0]
2026-06-17T12:33:37+02:00,[37],[0]
2026-06-17T12:43:37+02:00,[37],[0]
2026-06-17T12:53:37+02:00,[37],[0]
2026-06-17T13:03:37+02:00,[37],[0]
2026-06-17T13:13:37+02:00,[37],[0]
2026-06-17T13:23:37+02:00,[37],[0]
2026-06-17T13:33:38+02:00,[38],[0]
2026-06-17T13:43:38+02:00,[38],[0]
2026-06-17T13:53:37+02:00,[37],[0]
2026-06-17T14:03:37+02:00,[38],[0]
2026-06-17T14:13:37+02:00,[37],[0]
2026-06-17T14:23:38+02:00,[38],[0]
2026-06-17T14:33:37+02:00,[37],[0]
2026-06-17T14:43:38+02:00,[38],[0]
2026-06-17T14:53:37+02:00,[37],[0]
2026-06-17T15:03:37+02:00,[37],[0]
2026-06-17T15:13:37+02:00,[37],[0]
2026-06-17T15:23:38+02:00,[38],[0]
2026-06-17T15:33:37+02:00,[37],[0]
2026-06-17T15:43:37+02:00,[37],[0]
2026-06-17T15:53:37+02:00,[37],[0]
2026-06-17T16:03:37+02:00,[38],[0]
2026-06-17T16:13:37+02:00,[37],[0]
2026-06-17T18:00:00+02:00,[60],[0]
2026-06-18T02:23:37+02:00,[37],[0]
2026-06-18T02:33:38+02:00,[38],[0]
2026-06-18T02:43:38+02:00,[37],[0]
2026-06-18T02:53:37+02:00,[37],[0]
2026-06-18T03:03:38+02:00,[38],[0]
2026-06-18T03:13:37+02:00,[37],[0]
2026-06-18T03:23:37+02:00,[37],[0]
2026-06-18T03:33:38+02:00,[38],[0]
2026-06-18T03:43:38+02:00,[37],[0]
2026-06-18T03:53:38+02:00,[37],[0]
2026-06-18T04:03:37+02:00,[37],[0]
2026-06-18T04:13:38+02:00,[38],[0]
2026-06-18T04:23:37+02:00,[37],[0]
2026-06-18T04:33:37+02:00,[37],[0]
2026-06-18T04:43:38+02:00,[38],[0]
2026-06-18T04:53:38+02:00,[37],[0]
2026-06-18T05:03:37+02:00,[37],[0]
2026-06-18T05:13:37+02:00,[37],[0]
2026-06-18T05:23:37+02:00,[37],[0]
2026-06-18T05:33:37+02:00,[37],[0]
2026-06-18T05:43:38+02:00,[38],[0]
2026-06-18T05:53:37+02:00,[37],[0]
2026-06-18T06:03:38+02:00,[38],[0]
2026-06-18T06:13:37+02:00,[37],[0]
2026-06-18T06:23:38+02:00,[37],[0]
2026-06-18T06:33:37+02:00,[37],[0]
2026-06-18T06:43:37+02:00,[37],[0]
2026-06-18T06:53:37+02:00,[37],[0]
2026-06-18T07:03:37+02:00,[37],[0]
2026-06-18T07:13:37+02:00,[37],[0]
2026-06-18T07:23:37+02:00,[37],[0]
2026-06-18T07:33:37+02:00,[37],[0]
2026-06-18T07:43:37+02:00,[37],[0]
2026-06-18T07:53:37+02:00,[37],[0]
2026-06-18T08:03:37+02:00,[38],[0]
2026-06-18T08:13:37+02:00,[38],[0]
2026-06-18T08:23:37+02:00,[37],[0]
2026-06-18T08:33:37+02:00,[37],[0]
2026-06-18T08:43:37+02:00,[37],[0]
2026-06-16T08:53:37+02:00,[38],[0]
2026-06-16T09:03:37+02:00,[37],[0]
2026-06-16T09:13:38+02:00,[37],[0]
2026-06-16T09:23:38+02:00,[37],[0]
2026-06-16T09:33:38+02:00,[37],[0]
2026-06-16T09:43:37+02:00,[37],[0]
2026-06-16T09:53:37+02:00,[38],[0]
2026-06-16T10:03:37+02:00,[38],[0]
2026-06-16T10:13:37+02:00,[37],[0]
2026-06-16T10:23:37+02:00,[37],[0]
2026-06-16T10:33:37+02:00,[37],[0]
2026-06-16T10:53:38+02:00,[38],[0]
2026-06-16T11:13:37+02:00,[37],[0]
2026-06-16T11:43:37+02:00,[37],[0]
2026-06-16T11:53:37+02:00,[37],[0]
2026-06-16T12:13:36+02:00,[37],[0]
2026-06-16T12:23:37+02:00,[37],[0]
2026-06-16T12:33:37+02:00,[37],[0]
2026-06-16T12:43:37+02:00,[37],[0]
2026-06-16T12:53:38+02:00,[38],[0]
2026-06-16T13:03:38+02:00,[37],[0]
2026-06-16T13:13:38+02:00,[37],[0]
2026-06-16T13:23:38+02:00,[37],[0]
2026-06-16T13:33:37+02:00,[37],[0]
2026-06-16T13:43:36+02:00,[37],[0]
2026-06-16T13:53:37+02:00,[37],[0]
2026-06-16T14:03:37+02:00,[37],[0]
2026-06-16T14:13:36+02:00,[37],[0]
2026-06-16T14:23:37+02:00,[37],[0]
2026-06-16T14:33:37+02:00,[38],[0]
2026-06-16T14:43:38+02:00,[38],[0]
2026-06-16T14:53:38+02:00,[37],[0]
2026-06-16T15:03:38+02:00,[38],[0]
2026-06-16T15:13:38+02:00,[38],[0]
2026-06-16T15:23:37+02:00,[37],[0]
2026-06-16T15:33:38+02:00,[37],[0]
2026-06-16T15:43:36+02:00,[37],[0]
2026-06-16T16:23:38+02:00,[37],[0]
2026-06-16T16:43:38+02:00,[37],[0]
2026-06-16T18:00:00+02:00,[60],[0]
2026-06-17T02:53:38+02:00,[38],[0]
2026-06-17T03:03:38+02:00,[38],[0]
2026-06-17T03:13:37+02:00,[37],[0]
2026-06-17T03:23:38+02:00,[38],[0]
2026-06-17T03:33:37+02:00,[37],[0]
2026-06-17T03:43:38+02:00,[38],[0]
2026-06-17T03:53:38+02:00,[38],[0]
2026-06-17T04:03:37+02:00,[37],[0]
2026-06-17T04:13:37+02:00,[38],[0]
2026-06-17T04:23:37+02:00,[37],[0]
2026-06-17T04:33:38+02:00,[38],[0]
2026-06-17T04:43:38+02:00,[38],[0]
2026-06-17T04:53:37+02:00,[37],[0]
2026-06-17T05:03:37+02:00,[37],[0]
2026-06-17T05:13:37+02:00,[37],[0]
2026-06-17T05:23:36+02:00,[37],[0]
2026-06-17T05:43:38+02:00,[38],[0]
2026-06-17T05:53:37+02:00,[37],[0]
2026-06-17T06:03:37+02:00,[37],[0]
2026-06-17T06:23:38+02:00,[38],[0]
2026-06-17T06:33:37+02:00,[37],[0]
2026-06-17T06:43:38+02:00,[38],[0]
2026-06-17T06:53:37+02:00,[37],[0]
2026-06-17T07:03:38+02:00,[37],[0]
2026-06-17T07:13:37+02:00,[38],[0]
2026-06-17T07:23:37+02:00,[37],[0]
2026-06-17T07:33:37+02:00,[37],[0]
2026-06-17T07:43:37+02:00,[37],[0]
2026-06-17T07:53:38+02:00,[38],[0]
2026-06-17T08:03:37+02:00,[37],[0]
2026-06-17T08:13:37+02:00,[37],[0]
2026-06-17T08:23:37+02:00,[37],[0]
2026-06-17T08:33:38+02:00,[38],[0]
2026-06-17T08:43:38+02:00,[38],[0]
2026-06-17T08:53:38+02:00,[38],[0]
2026-06-17T09:03:38+02:00,[38],[0]
2026-06-17T09:13:38+02:00,[38],[0]
2026-06-17T09:23:37+02:00,[37],[0]
2026-06-17T09:33:37+02:00,[37],[0]
2026-06-17T09:43:37+02:00,[37],[0]
2026-06-17T09:53:38+02:00,[37],[0]
2026-06-17T10:03:38+02:00,[38],[0]
2026-06-15T08:53:40+02:00,[37],[0]
2026-06-15T09:03:40+02:00,[37],[0]
2026-06-15T09:13:40+02:00,[37],[0]
2026-06-15T09:23:40+02:00,[37],[0]
2026-06-15T09:33:40+02:00,[37],[0]
2026-06-15T09:53:41+02:00,[38],[0]
2026-06-15T10:03:40+02:00,[37],[0]
2026-06-15T10:13:40+02:00,[38],[0]
2026-06-15T10:33:40+02:00,[37],[0]
2026-06-15T10:43:41+02:00,[38],[0]
2026-06-15T10:53:41+02:00,[38],[0]
2026-06-15T11:03:40+02:00,[37],[0]
2026-06-15T11:23:40+02:00,[37],[0]
2026-06-15T11:33:40+02:00,[37],[0]
2026-06-15T11:53:40+02:00,[37],[0]
2026-06-15T12:13:41+02:00,[37],[0]
2026-06-15T12:23:40+02:00,[37],[0]
2026-06-15T12:33:40+02:00,[37],[0]
2026-06-15T12:43:41+02:00,[38],[0]
2026-06-15T12:53:40+02:00,[37],[0]
2026-06-15T13:03:40+02:00,[37],[0]
2026-06-15T13:13:41+02:00,[38],[0]
2026-06-15T13:23:40+02:00,[37],[0]
2026-06-15T13:33:40+02:00,[37],[0]
2026-06-15T13:43:40+02:00,[37],[0]
2026-06-15T13:53:40+02:00,[37],[0]
2026-06-15T14:03:41+02:00,[38],[0]
2026-06-15T14:13:40+02:00,[37],[0]
2026-06-15T14:23:40+02:00,[37],[0]
2026-06-15T14:33:39+02:00,[37],[0]
2026-06-15T14:43:40+02:00,[38],[0]
2026-06-15T15:03:40+02:00,[37],[0]
2026-06-15T15:13:40+02:00,[38],[0]
2026-06-15T15:23:40+02:00,[37],[0]
2026-06-15T18:00:00+02:00,[60],[0]
2026-06-16T02:13:37+02:00,[37],[0]
2026-06-16T02:33:38+02:00,[38],[0]
2026-06-16T02:43:37+02:00,[37],[0]
2026-06-16T02:53:37+02:00,[37],[0]
2026-06-16T03:03:38+02:00,[37],[0]
2026-06-16T03:23:38+02:00,[38],[0]
2026-06-16T03:33:38+02:00,[38],[0]
2026-06-16T03:43:36+02:00,[37],[0]
2026-06-16T03:53:37+02:00,[37],[0]
2026-06-16T04:03:37+02:00,[37],[0]
2026-06-16T04:13:37+02:00,[37],[0]
2026-06-16T04:23:37+02:00,[37],[0]
2026-06-16T04:33:37+02:00,[38],[0]
2026-06-16T04:43:37+02:00,[37],[0]
2026-06-16T04:53:37+02:00,[37],[0]
2026-06-16T05:03:37+02:00,[37],[0]
2026-06-16T05:13:37+02:00,[37],[0]
2026-06-16T05:23:37+02:00,[37],[0]
2026-06-16T05:33:37+02:00,[37],[0]
2026-06-16T05:43:37+02:00,[37],[0]
2026-06-16T05:53:37+02:00,[38],[0]
2026-06-16T06:03:37+02:00,[37],[0]
2026-06-16T06:13:38+02:00,[38],[0]
2026-06-16T06:23:37+02:00,[37],[0]
2026-06-16T06:33:38+02:00,[37],[0]
2026-06-16T06:43:37+02:00,[37],[0]
2026-06-16T06:53:38+02:00,[38],[0]
2026-06-16T07:03:37+02:00,[37],[0]
2026-06-16T07:13:37+02:00,[37],[0]
2026-06-16T07:23:37+02:00,[37],[0]
2026-06-16T07:33:38+02:00,[37],[0]
2026-06-16T07:43:37+02:00,[37],[0]
2026-06-16T07:53:38+02:00,[38],[0]
2026-06-16T08:03:37+02:00,[37],[0]
2026-06-16T08:13:37+02:00,[37],[0]
2026-06-16T08:23:37+02:00,[37],[0]
2026-06-16T08:33:38+02:00,[38],[0]
2026-06-16T08:43:37+02:00,[37],[0]
2026-06-14T09:53:40+02:00,[37],[0]
2026-06-14T10:03:39+02:00,[37],[0]
2026-06-14T10:13:46+02:00,[38],[0]
2026-06-14T10:54:30+02:00,[37],[0]
2026-06-14T11:03:40+02:00,[38],[0]
2026-06-14T11:13:40+02:00,[37],[0]
2026-06-14T11:23:40+02:00,[38],[0]
2026-06-14T11:53:40+02:00,[37],[0]
2026-06-14T12:03:40+02:00,[38],[0]
2026-06-14T12:13:41+02:00,[38],[0]
2026-06-14T12:43:40+02:00,[37],[0]
2026-06-14T13:03:39+02:00,[37],[0]
2026-06-14T13:13:39+02:00,[37],[0]
2026-06-14T13:23:41+02:00,[38],[0]
2026-06-14T13:33:41+02:00,[37],[0]
2026-06-14T13:43:40+02:00,[37],[0]
2026-06-14T13:53:40+02:00,[37],[0]
2026-06-14T14:03:40+02:00,[37],[0]
2026-06-14T14:33:40+02:00,[37],[0]
2026-06-14T14:43:40+02:00,[37],[0]
2026-06-14T14:53:40+02:00,[37],[0]
2026-06-14T15:03:40+02:00,[37],[0]
2026-06-14T15:13:58+02:00,[38],[0]
2026-06-14T18:00:00+02:00,[60],[0]
2026-06-15T02:23:41+02:00,[37],[0]
2026-06-15T02:33:39+02:00,[37],[0]
2026-06-15T02:43:41+02:00,[37],[0]
2026-06-15T02:53:40+02:00,[37],[0]
2026-06-15T03:03:40+02:00,[37],[0]
2026-06-15T03:13:40+02:00,[37],[0]
2026-06-15T03:23:41+02:00,[37],[0]
2026-06-15T03:33:40+02:00,[37],[0]
2026-06-15T03:43:40+02:00,[37],[0]
2026-06-15T03:53:40+02:00,[37],[0]
2026-06-15T04:03:40+02:00,[37],[0]
2026-06-15T04:13:40+02:00,[37],[0]
2026-06-15T04:33:40+02:00,[37],[0]
2026-06-15T04:43:40+02:00,[37],[0]
2026-06-15T04:53:40+02:00,[37],[0]
2026-06-15T05:03:41+02:00,[38],[0]
2026-06-15T05:13:40+02:00,[37],[0]
2026-06-15T05:23:40+02:00,[37],[0]
2026-06-15T05:33:40+02:00,[37],[0]
2026-06-15T05:43:40+02:00,[37],[0]
2026-06-15T05:53:40+02:00,[37],[0]
2026-06-15T06:03:41+02:00,[38],[0]
2026-06-15T06:13:40+02:00,[37],[0]
2026-06-15T06:23:40+02:00,[37],[0]
2026-06-15T06:33:41+02:00,[38],[0]
2026-06-15T06:43:40+02:00,[37],[0]
2026-06-15T06:53:40+02:00,[37],[0]
2026-06-15T07:03:40+02:00,[37],[0]
2026-06-15T07:13:40+02:00,[37],[0]
2026-06-15T07:23:40+02:00,[37],[0]
2026-06-15T07:33:40+02:00,[37],[0]
2026-06-15T07:43:40+02:00,[37],[0]
2026-06-15T07:53:40+02:00,[37],[0]
2026-06-15T08:03:41+02:00,[38],[0]
2026-06-15T08:13:41+02:00,[38],[0]
2026-06-15T08:23:40+02:00,[37],[0]
2026-06-15T08:33:40+02:00,[37],[0]
2026-06-13T09:03:41+02:00,[38],[0]
2026-06-13T09:13:39+02:00,[37],[0]
2026-06-13T09:23:40+02:00,[37],[0]
2026-06-13T09:33:40+02:00,[37],[0]
2026-06-13T09:43:40+02:00,[37],[0]
2026-06-13T09:53:40+02:00,[37],[0]
2026-06-13T10:03:40+02:00,[37],[0]
2026-06-13T10:13:40+02:00,[37],[0]
2026-06-13T10:23:40+02:00,[37],[0]
2026-06-13T10:33:40+02:00,[37],[0]
2026-06-13T10:43:40+02:00,[37],[0]
2026-06-13T10:53:40+02:00,[37],[0]
2026-06-13T11:03:41+02:00,[38],[0]
2026-06-13T11:13:40+02:00,[37],[0]
2026-06-13T11:23:40+02:00,[37],[0]
2026-06-13T11:33:40+02:00,[37],[0]
2026-06-13T11:43:40+02:00,[37],[0]
2026-06-13T11:53:40+02:00,[38],[0]
2026-06-13T12:03:39+02:00,[37],[0]
2026-06-13T12:23:40+02:00,[37],[0]
2026-06-13T12:33:40+02:00,[37],[0]
2026-06-13T12:43:40+02:00,[37],[0]
2026-06-13T12:53:41+02:00,[38],[0]
2026-06-13T13:03:40+02:00,[37],[0]
2026-06-13T13:13:41+02:00,[38],[0]
2026-06-13T13:23:40+02:00,[37],[0]
2026-06-13T13:33:40+02:00,[37],[0]
2026-06-13T13:43:41+02:00,[38],[0]
2026-06-13T13:53:40+02:00,[37],[0]
2026-06-13T14:03:40+02:00,[37],[0]
2026-06-13T14:13:40+02:00,[37],[0]
2026-06-13T14:23:40+02:00,[37],[0]
2026-06-13T14:33:41+02:00,[38],[0]
2026-06-13T14:43:40+02:00,[37],[0]
2026-06-13T14:53:40+02:00,[37],[0]
2026-06-13T15:03:40+02:00,[37],[0]
2026-06-13T15:13:40+02:00,[37],[0]
2026-06-13T15:23:41+02:00,[37],[0]
2026-06-13T15:33:40+02:00,[37],[0]
2026-06-13T15:43:40+02:00,[37],[0]
2026-06-13T18:00:00+02:00,[60],[0]
2026-06-14T05:33:40+02:00,[37],[0]
2026-06-14T05:53:40+02:00,[38],[0]
2026-06-14T06:03:41+02:00,[38],[0]
2026-06-14T06:13:40+02:00,[37],[0]
2026-06-14T06:23:40+02:00,[37],[0]
2026-06-14T06:33:41+02:00,[38],[0]
2026-06-14T06:43:40+02:00,[38],[0]
2026-06-14T06:53:40+02:00,[37],[0]
2026-06-14T07:03:40+02:00,[37],[0]
2026-06-14T07:13:40+02:00,[37],[0]
2026-06-14T07:23:40+02:00,[37],[0]
2026-06-14T07:33:40+02:00,[37],[0]
2026-06-14T07:43:41+02:00,[37],[0]
2026-06-14T07:53:40+02:00,[37],[0]
2026-06-14T08:03:40+02:00,[37],[0]
2026-06-14T08:23:40+02:00,[38],[0]
2026-06-14T08:43:41+02:00,[38],[0]
2026-06-14T09:03:39+02:00,[37],[0]
2026-06-14T09:13:53+02:00,[37],[0]
2026-06-14T09:23:39+02:00,[37],[0]
2026-06-14T09:33:41+02:00,[38],[0]
2026-06-12T09:03:44+02:00,[38],[0]
2026-06-12T09:13:43+02:00,[37],[0]
2026-06-12T09:23:44+02:00,[38],[0]
2026-06-12T10:53:43+02:00,[37],[0]
2026-06-12T11:03:43+02:00,[37],[0]
2026-06-12T11:13:44+02:00,[38],[0]
2026-06-12T11:23:43+02:00,[37],[0]
2026-06-12T11:33:44+02:00,[38],[0]
2026-06-12T11:43:43+02:00,[37],[0]
2026-06-12T12:03:43+02:00,[37],[0]
2026-06-12T12:23:42+02:00,[37],[0]
2026-06-12T12:33:44+02:00,[38],[0]
2026-06-12T12:53:44+02:00,[37],[0]
2026-06-12T12:54:29+02:00,[37],[0]
2026-06-12T13:03:43+02:00,[37],[0]
2026-06-12T13:13:43+02:00,[38],[0]
2026-06-12T13:23:44+02:00,[38],[0]
2026-06-12T13:33:43+02:00,[37],[0]
2026-06-12T13:43:44+02:00,[37],[0]
2026-06-12T13:53:44+02:00,[38],[0]
2026-06-12T14:03:43+02:00,[37],[0]
2026-06-12T14:13:44+02:00,[38],[0]
2026-06-12T14:23:45+02:00,[38],[0]
2026-06-12T14:33:42+02:00,[37],[0]
2026-06-12T14:43:43+02:00,[38],[0]
2026-06-12T14:53:43+02:00,[37],[0]
2026-06-12T15:03:43+02:00,[37],[0]
2026-06-12T15:13:43+02:00,[37],[0]
2026-06-12T15:23:44+02:00,[38],[0]
2026-06-12T15:33:44+02:00,[38],[0]
2026-06-12T15:43:44+02:00,[38],[0]
2026-06-12T15:53:44+02:00,[38],[0]
2026-06-12T16:03:43+02:00,[37],[0]
2026-06-12T16:13:43+02:00,[37],[0]
2026-06-12T16:23:43+02:00,[37],[0]
2026-06-12T16:33:44+02:00,[37],[0]
2026-06-12T16:43:43+02:00,[37],[0]
2026-06-12T16:53:43+02:00,[37],[0]
2026-06-12T17:03:43+02:00,[37],[0]
2026-06-12T17:13:43+02:00,[37],[0]
2026-06-12T17:23:43+02:00,[37],[0]
2026-06-12T17:33:43+02:00,[37],[0]
2026-06-12T17:43:43+02:00,[37],[0]
2026-06-12T17:53:43+02:00,[37],[0]
2026-06-12T18:03:44+02:00,[38],[0]
2026-06-12T18:00:00+02:00,[60],[0]
2026-06-12T18:13:43+02:00,[37],[0]
2026-06-13T03:03:41+02:00,[37],[0]
2026-06-13T03:13:40+02:00,[37],[0]
2026-06-13T03:23:41+02:00,[38],[0]
2026-06-13T03:33:40+02:00,[37],[0]
2026-06-13T03:43:41+02:00,[38],[0]
2026-06-13T03:53:41+02:00,[38],[0]
2026-06-13T04:03:40+02:00,[37],[0]
2026-06-13T04:13:40+02:00,[37],[0]
2026-06-13T04:23:40+02:00,[37],[0]
2026-06-13T04:33:39+02:00,[37],[0]
2026-06-13T04:43:40+02:00,[37],[0]
2026-06-13T04:53:40+02:00,[37],[0]
2026-06-13T05:03:40+02:00,[38],[0]
2026-06-13T05:23:40+02:00,[37],[0]
2026-06-13T05:43:39+02:00,[37],[0]
2026-06-13T05:53:40+02:00,[37],[0]
2026-06-13T06:03:41+02:00,[37],[0]
2026-06-13T06:23:40+02:00,[37],[0]
2026-06-13T06:33:40+02:00,[37],[0]
2026-06-13T06:43:39+02:00,[37],[0]
2026-06-13T06:53:40+02:00,[37],[0]
2026-06-13T07:03:40+02:00,[37],[0]
2026-06-13T07:08:06+02:00,[38],[0]
2026-06-13T07:13:41+02:00,[38],[0]
2026-06-13T07:23:40+02:00,[37],[0]
2026-06-13T07:33:40+02:00,[37],[0]
2026-06-13T07:43:40+02:00,[37],[0]
2026-06-13T07:53:40+02:00,[38],[0]
2026-06-13T08:23:41+02:00,[37],[0]
2026-06-13T08:33:40+02:00,[37],[0]
2026-06-13T08:43:39+02:00,[37],[0]
2026-06-11T08:53:43+02:00,[37],[0]
2026-06-11T09:03:44+02:00,[37],[0]
2026-06-11T09:13:44+02:00,[38],[0]
2026-06-11T09:33:43+02:00,[37],[0]
2026-06-11T09:43:43+02:00,[37],[0]
2026-06-11T09:53:43+02:00,[37],[0]
2026-06-11T10:03:44+02:00,[38],[0]
2026-06-11T10:13:43+02:00,[37],[0]
2026-06-11T10:23:43+02:00,[37],[0]
2026-06-11T10:33:44+02:00,[38],[0]
2026-06-11T10:43:44+02:00,[37],[0]
2026-06-11T10:53:43+02:00,[37],[0]
2026-06-11T11:03:43+02:00,[37],[0]
2026-06-11T11:13:43+02:00,[37],[0]
2026-06-11T11:33:44+02:00,[37],[0]
2026-06-11T11:43:42+02:00,[37],[0]
2026-06-11T11:53:43+02:00,[37],[0]
2026-06-11T12:13:43+02:00,[37],[0]
2026-06-11T12:23:44+02:00,[38],[0]
2026-06-11T12:33:44+02:00,[37],[0]
2026-06-11T12:43:42+02:00,[37],[0]
2026-06-11T12:53:44+02:00,[38],[0]
2026-06-11T13:03:44+02:00,[38],[0]
2026-06-11T13:13:44+02:00,[38],[0]
2026-06-11T13:23:43+02:00,[37],[0]
2026-06-11T13:33:44+02:00,[38],[0]
2026-06-11T13:43:42+02:00,[37],[0]
2026-06-11T13:56:16+02:00,[38],[0]
2026-06-11T14:03:42+02:00,[37],[0]
2026-06-11T18:00:00+02:00,[60],[0]
2026-06-12T02:03:43+02:00,[37],[0]
2026-06-12T02:13:43+02:00,[37],[0]
2026-06-12T02:23:43+02:00,[37],[0]
2026-06-12T02:33:44+02:00,[38],[0]
2026-06-12T02:43:43+02:00,[37],[0]
2026-06-12T02:53:43+02:00,[37],[0]
2026-06-12T03:03:43+02:00,[37],[0]
2026-06-12T03:13:44+02:00,[37],[0]
2026-06-12T03:23:43+02:00,[37],[0]
2026-06-12T03:33:43+02:00,[37],[0]
2026-06-12T03:43:43+02:00,[37],[0]
2026-06-12T04:03:43+02:00,[37],[0]
2026-06-12T04:13:43+02:00,[37],[0]
2026-06-12T04:23:43+02:00,[37],[0]
2026-06-12T04:33:43+02:00,[37],[0]
2026-06-12T04:43:44+02:00,[37],[0]
2026-06-12T04:53:43+02:00,[37],[0]
2026-06-12T05:03:43+02:00,[37],[0]
2026-06-12T05:13:43+02:00,[37],[0]
2026-06-12T05:23:43+02:00,[37],[0]
2026-06-12T05:33:43+02:00,[37],[0]
2026-06-12T05:43:43+02:00,[37],[0]
2026-06-12T05:53:43+02:00,[37],[0]
2026-06-12T06:03:43+02:00,[37],[0]
2026-06-12T06:13:44+02:00,[38],[0]
2026-06-12T06:23:43+02:00,[37],[0]
2026-06-12T06:33:43+02:00,[37],[0]
2026-06-12T06:43:44+02:00,[37],[0]
2026-06-12T06:53:43+02:00,[37],[0]
2026-06-12T07:03:43+02:00,[37],[0]
2026-06-12T07:13:44+02:00,[38],[0]
2026-06-12T07:23:43+02:00,[37],[0]
2026-06-12T07:33:44+02:00,[38],[0]
2026-06-12T07:43:43+02:00,[37],[0]
2026-06-12T07:53:44+02:00,[38],[0]
2026-06-12T08:03:44+02:00,[37],[0]
2026-06-12T08:13:43+02:00,[37],[0]
2026-06-12T08:23:43+02:00,[37],[0]
2026-06-12T08:33:43+02:00,[37],[0]
2026-06-12T08:43:43+02:00,[37],[0]
2026-06-12T08:53:43+02:00,[37],[0]
2026-06-10T07:53:43+02:00,[37],[0]
2026-06-10T08:03:43+02:00,[37],[0]
2026-06-10T08:13:43+02:00,[37],[0]
2026-06-10T08:23:43+02:00,[37],[0]
2026-06-10T08:33:43+02:00,[37],[0]
2026-06-10T08:43:44+02:00,[38],[0]
2026-06-10T08:53:44+02:00,[37],[0]
2026-06-10T09:13:43+02:00,[37],[0]
2026-06-10T09:33:43+02:00,[24],[0]
2026-06-10T09:43:44+02:00,[38],[0]
2026-06-10T09:53:43+02:00,[37],[0]
2026-06-10T10:03:43+02:00,[37],[0]
2026-06-10T10:13:44+02:00,[37],[0]
2026-06-10T10:23:43+02:00,[37],[0]
2026-06-10T10:33:44+02:00,[37],[0]
2026-06-10T10:43:44+02:00,[38],[0]
2026-06-10T10:53:44+02:00,[37],[0]
2026-06-10T11:03:43+02:00,[37],[0]
2026-06-10T11:13:44+02:00,[38],[0]
2026-06-10T11:23:43+02:00,[37],[0]
2026-06-10T11:33:44+02:00,[38],[0]
2026-06-10T11:43:44+02:00,[38],[0]
2026-06-10T11:53:43+02:00,[37],[0]
2026-06-10T12:03:42+02:00,[37],[0]
2026-06-10T12:13:43+02:00,[37],[0]
2026-06-10T12:23:43+02:00,[37],[0]
2026-06-10T12:33:43+02:00,[38],[0]
2026-06-10T12:43:43+02:00,[37],[0]
2026-06-10T12:53:43+02:00,[37],[0]
2026-06-10T13:03:43+02:00,[37],[0]
2026-06-10T13:13:44+02:00,[38],[0]
2026-06-10T13:23:43+02:00,[37],[0]
2026-06-10T13:54:11+02:00,[38],[0]
2026-06-10T14:03:43+02:00,[37],[0]
2026-06-10T14:13:43+02:00,[37],[0]
2026-06-10T14:23:43+02:00,[37],[0]
2026-06-10T14:33:43+02:00,[38],[0]
2026-06-10T14:43:43+02:00,[37],[0]
2026-06-10T14:53:43+02:00,[37],[0]
2026-06-10T15:03:43+02:00,[37],[0]
2026-06-10T15:13:43+02:00,[37],[0]
2026-06-10T15:23:43+02:00,[38],[0]
2026-06-10T15:33:44+02:00,[38],[0]
2026-06-10T15:43:44+02:00,[38],[0]
2026-06-10T15:53:43+02:00,[38],[0]
2026-06-10T16:03:44+02:00,[38],[0]
2026-06-10T16:13:44+02:00,[38],[0]
2026-06-10T16:23:44+02:00,[38],[0]
2026-06-10T16:33:43+02:00,[38],[0]
2026-06-10T16:43:43+02:00,[37],[0]
2026-06-10T16:53:43+02:00,[37],[0]
2026-06-10T17:03:43+02:00,[37],[0]
2026-06-10T17:13:43+02:00,[38],[0]
2026-06-10T18:00:00+02:00,[60],[0]
2026-06-11T02:23:43+02:00,[37],[0]
2026-06-11T02:33:43+02:00,[37],[0]
2026-06-11T02:43:44+02:00,[38],[0]
2026-06-11T02:53:43+02:00,[37],[0]
2026-06-11T03:03:43+02:00,[37],[0]
2026-06-11T03:13:44+02:00,[37],[0]
2026-06-11T03:23:43+02:00,[38],[0]
2026-06-11T03:33:43+02:00,[37],[0]
2026-06-11T03:53:43+02:00,[37],[0]
2026-06-11T04:03:43+02:00,[37],[0]
2026-06-11T04:13:44+02:00,[37],[0]
2026-06-11T04:23:43+02:00,[37],[0]
2026-06-11T04:33:43+02:00,[37],[0]
2026-06-11T04:43:44+02:00,[38],[0]
2026-06-11T04:53:44+02:00,[38],[0]
2026-06-11T05:03:44+02:00,[38],[0]
2026-06-11T05:13:44+02:00,[38],[0]
2026-06-11T05:23:44+02:00,[38],[0]
2026-06-11T05:33:44+02:00,[38],[0]
2026-06-11T05:43:43+02:00,[37],[0]
2026-06-11T05:53:44+02:00,[37],[0]
2026-06-11T06:03:44+02:00,[38],[0]
2026-06-11T06:13:43+02:00,[37],[0]
2026-06-11T06:23:43+02:00,[37],[0]
2026-06-11T06:33:44+02:00,[37],[0]
2026-06-11T06:53:43+02:00,[37],[0]
2026-06-11T07:13:43+02:00,[37],[0]
2026-06-11T07:23:43+02:00,[37],[0]
2026-06-11T07:33:43+02:00,[37],[0]
2026-06-11T07:43:43+02:00,[37],[0]
2026-06-11T07:53:43+02:00,[37],[0]
2026-06-11T08:03:43+02:00,[37],[0]
2026-06-11T08:13:43+02:00,[37],[0]
2026-06-11T08:23:44+02:00,[37],[0]
2026-06-11T08:33:43+02:00,[37],[0]
2026-06-11T08:43:44+02:00,[38],[0]
2026-06-09T08:53:48+02:00,[38],[0]
2026-06-09T09:03:45+02:00,[37],[0]
2026-06-09T09:13:46+02:00,[37],[0]
2026-06-09T09:23:46+02:00,[37],[0]
2026-06-09T09:33:47+02:00,[38],[0]
2026-06-09T09:43:46+02:00,[37],[0]
2026-06-09T09:53:46+02:00,[37],[0]
2026-06-09T10:03:46+02:00,[38],[0]
2026-06-09T10:13:46+02:00,[37],[0]
2026-06-09T10:23:47+02:00,[37],[0]
2026-06-09T10:33:46+02:00,[37],[0]
2026-06-09T10:43:46+02:00,[37],[0]
2026-06-09T10:53:46+02:00,[37],[0]
2026-06-09T11:03:46+02:00,[37],[0]
2026-06-09T11:13:46+02:00,[37],[0]
2026-06-09T11:23:47+02:00,[38],[0]
2026-06-09T11:43:46+02:00,[37],[0]
2026-06-09T12:13:47+02:00,[37],[0]
2026-06-09T12:33:46+02:00,[37],[0]
2026-06-09T12:43:46+02:00,[37],[0]
2026-06-09T12:53:47+02:00,[38],[0]
2026-06-09T13:03:47+02:00,[37],[0]
2026-06-09T13:13:47+02:00,[37],[0]
2026-06-09T13:23:46+02:00,[37],[0]
2026-06-09T13:33:43+02:00,[37],[0]
2026-06-09T13:43:43+02:00,[37],[0]
2026-06-09T13:53:44+02:00,[37],[0]
2026-06-09T14:03:43+02:00,[37],[0]
2026-06-09T14:13:43+02:00,[37],[0]
2026-06-09T14:23:43+02:00,[37],[0]
2026-06-09T14:33:42+02:00,[37],[0]
2026-06-09T14:43:44+02:00,[38],[0]
2026-06-09T14:53:43+02:00,[37],[0]
2026-06-09T15:03:44+02:00,[37],[0]
2026-06-09T15:13:42+02:00,[37],[0]
2026-06-09T15:23:43+02:00,[37],[0]
2026-06-09T15:33:44+02:00,[37],[0]
2026-06-09T15:43:42+02:00,[37],[0]
2026-06-09T15:53:44+02:00,[38],[0]
2026-06-09T16:03:44+02:00,[37],[0]
2026-06-09T16:13:44+02:00,[38],[0]
2026-06-09T16:23:42+02:00,[37],[0]
2026-06-09T16:33:43+02:00,[37],[0]
2026-06-09T16:43:44+02:00,[38],[0]
2026-06-09T16:53:43+02:00,[38],[0]
2026-06-09T17:03:43+02:00,[37],[0]
2026-06-09T17:13:44+02:00,[37],[0]
2026-06-09T17:23:43+02:00,[37],[0]
2026-06-09T17:33:44+02:00,[38],[0]
2026-06-09T17:43:44+02:00,[37],[0]
2026-06-09T17:53:44+02:00,[38],[0]
2026-06-09T18:00:00+02:00,[60],[0]
2026-06-09T18:03:43+02:00,[37],[0]
2026-06-09T18:13:43+02:00,[37],[0]
2026-06-10T02:43:44+02:00,[38],[0]
2026-06-10T02:53:43+02:00,[37],[0]
2026-06-10T03:03:44+02:00,[38],[0]
2026-06-10T03:13:43+02:00,[37],[0]
2026-06-10T03:23:44+02:00,[38],[0]
2026-06-10T03:33:43+02:00,[38],[0]
2026-06-10T03:43:43+02:00,[37],[0]
2026-06-10T03:53:44+02:00,[38],[0]
2026-06-10T04:03:44+02:00,[38],[0]
2026-06-10T04:13:43+02:00,[37],[0]
2026-06-10T04:23:43+02:00,[37],[0]
2026-06-10T04:33:43+02:00,[37],[0]
2026-06-10T04:43:43+02:00,[37],[0]
2026-06-10T04:53:43+02:00,[37],[0]
2026-06-10T05:03:43+02:00,[37],[0]
2026-06-10T05:13:43+02:00,[37],[0]
2026-06-10T05:33:44+02:00,[38],[0]
2026-06-10T05:43:44+02:00,[38],[0]
2026-06-10T05:53:44+02:00,[38],[0]
2026-06-10T06:03:43+02:00,[37],[0]
2026-06-10T06:43:43+02:00,[37],[0]
2026-06-10T06:53:42+02:00,[37],[0]
2026-06-10T07:03:43+02:00,[37],[0]
2026-06-10T07:13:44+02:00,[38],[0]
2026-06-10T07:23:43+02:00,[37],[0]
2026-06-10T07:33:43+02:00,[37],[0]
2026-06-10T07:43:43+02:00,[37],[0]
2026-06-08T08:53:46+02:00,[37],[0]
2026-06-08T09:03:47+02:00,[38],[0]
2026-06-08T09:13:46+02:00,[37],[0]
2026-06-08T09:23:46+02:00,[37],[0]
2026-06-08T09:33:46+02:00,[37],[0]
2026-06-08T09:43:46+02:00,[37],[0]
2026-06-08T09:53:46+02:00,[37],[0]
2026-06-08T10:03:46+02:00,[37],[0]
2026-06-08T10:13:46+02:00,[37],[0]
2026-06-08T10:23:47+02:00,[38],[0]
2026-06-08T10:33:46+02:00,[37],[0]
2026-06-08T10:43:46+02:00,[37],[0]
2026-06-08T10:53:46+02:00,[37],[0]
2026-06-08T11:03:46+02:00,[37],[0]
2026-06-08T11:13:47+02:00,[37],[0]
2026-06-08T11:23:46+02:00,[37],[0]
2026-06-08T11:43:46+02:00,[37],[0]
2026-06-08T11:53:46+02:00,[38],[0]
2026-06-08T12:33:46+02:00,[37],[0]
2026-06-08T12:43:46+02:00,[37],[0]
2026-06-08T12:53:46+02:00,[37],[0]
2026-06-08T13:03:46+02:00,[37],[0]
2026-06-08T13:13:46+02:00,[37],[0]
2026-06-08T13:23:46+02:00,[37],[0]
2026-06-08T13:33:46+02:00,[37],[0]
2026-06-08T13:43:47+02:00,[37],[0]
2026-06-08T13:53:47+02:00,[37],[0]
2026-06-08T14:03:46+02:00,[37],[0]
2026-06-08T14:13:46+02:00,[38],[0]
2026-06-08T14:23:46+02:00,[37],[0]
2026-06-08T14:33:47+02:00,[37],[0]
2026-06-08T18:00:00+02:00,[60],[0]
2026-06-09T01:43:46+02:00,[37],[0]
2026-06-09T01:53:46+02:00,[37],[0]
2026-06-09T02:13:46+02:00,[37],[0]
2026-06-09T02:23:47+02:00,[37],[0]
2026-06-09T02:33:46+02:00,[37],[0]
2026-06-09T02:43:46+02:00,[37],[0]
2026-06-09T02:53:46+02:00,[37],[0]
2026-06-09T03:03:46+02:00,[38],[0]
2026-06-09T03:13:46+02:00,[37],[0]
2026-06-09T03:23:46+02:00,[37],[0]
2026-06-09T03:33:46+02:00,[37],[0]
2026-06-09T03:43:46+02:00,[37],[0]
2026-06-09T03:53:46+02:00,[37],[0]
2026-06-09T04:03:47+02:00,[37],[0]
2026-06-09T04:13:46+02:00,[37],[0]
2026-06-09T04:23:47+02:00,[38],[0]
2026-06-09T04:33:46+02:00,[37],[0]
2026-06-09T04:43:46+02:00,[37],[0]
2026-06-09T04:53:46+02:00,[37],[0]
2026-06-09T05:03:46+02:00,[38],[0]
2026-06-09T05:13:47+02:00,[38],[0]
2026-06-09T05:23:45+02:00,[37],[0]
2026-06-09T05:33:47+02:00,[38],[0]
2026-06-09T05:43:46+02:00,[37],[0]
2026-06-09T05:53:47+02:00,[38],[0]
2026-06-09T06:03:47+02:00,[38],[0]
2026-06-09T06:13:46+02:00,[37],[0]
2026-06-09T06:23:48+02:00,[38],[0]
2026-06-09T06:33:47+02:00,[38],[0]
2026-06-09T06:43:47+02:00,[37],[0]
2026-06-09T06:53:46+02:00,[38],[0]
2026-06-09T07:13:46+02:00,[37],[0]
2026-06-09T07:23:46+02:00,[37],[0]
2026-06-09T07:33:46+02:00,[37],[0]
2026-06-09T07:43:46+02:00,[37],[0]
2026-06-09T07:53:46+02:00,[37],[0]
2026-06-09T08:03:47+02:00,[38],[0]
2026-06-09T08:13:46+02:00,[37],[0]
2026-06-09T08:23:46+02:00,[38],[0]
2026-06-09T08:33:46+02:00,[37],[0]
2026-06-07T09:13:46+02:00,[37],[0]
2026-06-07T09:23:46+02:00,[37],[0]
2026-06-07T09:33:45+02:00,[37],[0]
2026-06-07T09:43:46+02:00,[37],[0]
2026-06-07T09:53:46+02:00,[37],[0]
2026-06-07T10:03:47+02:00,[37],[0]
2026-06-07T10:13:46+02:00,[38],[0]
2026-06-07T10:23:45+02:00,[37],[0]
2026-06-07T10:43:46+02:00,[37],[0]
2026-06-07T10:53:46+02:00,[37],[0]
2026-06-07T11:03:46+02:00,[38],[0]
2026-06-07T11:23:45+02:00,[37],[0]
2026-06-07T11:33:47+02:00,[37],[0]
2026-06-07T11:43:46+02:00,[37],[0]
2026-06-07T11:53:45+02:00,[37],[0]
2026-06-07T12:03:45+02:00,[37],[0]
2026-06-07T12:13:47+02:00,[38],[0]
2026-06-07T12:23:45+02:00,[37],[0]
2026-06-07T12:33:46+02:00,[37],[0]
2026-06-07T12:43:47+02:00,[37],[0]
2026-06-07T12:53:47+02:00,[37],[0]
2026-06-07T13:03:46+02:00,[37],[0]
2026-06-07T13:13:47+02:00,[38],[0]
2026-06-07T13:23:47+02:00,[38],[0]
2026-06-07T13:33:45+02:00,[37],[0]
2026-06-07T13:43:46+02:00,[37],[0]
2026-06-07T13:53:46+02:00,[37],[0]
2026-06-07T14:03:47+02:00,[38],[0]
2026-06-07T14:13:47+02:00,[38],[0]
2026-06-07T18:00:00+02:00,[60],[0]
2026-06-08T02:03:46+02:00,[37],[0]
2026-06-08T02:13:46+02:00,[37],[0]
2026-06-08T02:23:45+02:00,[37],[0]
2026-06-08T02:33:47+02:00,[38],[0]
2026-06-08T02:43:47+02:00,[38],[0]
2026-06-08T03:03:47+02:00,[38],[0]
2026-06-08T03:13:46+02:00,[37],[0]
2026-06-08T03:33:46+02:00,[37],[0]
2026-06-08T03:43:46+02:00,[37],[0]
2026-06-08T03:53:47+02:00,[38],[0]
2026-06-08T04:03:46+02:00,[37],[0]
2026-06-08T04:13:46+02:00,[37],[0]
2026-06-08T04:23:46+02:00,[37],[0]
2026-06-08T04:33:46+02:00,[37],[0]
2026-06-08T04:43:47+02:00,[38],[0]
2026-06-08T04:53:46+02:00,[37],[0]
2026-06-08T05:03:46+02:00,[37],[0]
2026-06-08T05:13:46+02:00,[37],[0]
2026-06-08T05:24:35+02:00,[37],[0]
2026-06-08T05:33:46+02:00,[37],[0]
2026-06-08T05:43:46+02:00,[37],[0]
2026-06-08T05:53:47+02:00,[37],[0]
2026-06-08T06:03:47+02:00,[38],[0]
2026-06-08T06:13:47+02:00,[38],[0]
2026-06-08T06:23:47+02:00,[38],[0]
2026-06-08T06:33:45+02:00,[37],[0]
2026-06-08T06:43:47+02:00,[37],[0]
2026-06-08T06:53:46+02:00,[37],[0]
2026-06-08T07:03:46+02:00,[37],[0]
2026-06-08T07:13:46+02:00,[37],[0]
2026-06-08T07:23:47+02:00,[37],[0]
2026-06-08T07:33:47+02:00,[38],[0]
2026-06-08T07:43:46+02:00,[37],[0]
2026-06-08T07:53:46+02:00,[37],[0]
2026-06-08T08:03:46+02:00,[37],[0]
2026-06-08T08:13:47+02:00,[38],[0]
2026-06-08T08:23:46+02:00,[37],[0]
2026-06-08T08:33:46+02:00,[37],[0]
2026-06-08T08:43:46+02:00,[37],[0]
2026-06-06T08:03:49+02:00,[37],[0]
2026-06-06T08:43:50+02:00,[37],[0]
2026-06-06T08:53:48+02:00,[37],[0]
2026-06-06T09:03:49+02:00,[37],[0]
2026-06-06T09:13:48+02:00,[37],[0]
2026-06-06T09:23:48+02:00,[37],[0]
2026-06-06T09:33:49+02:00,[37],[0]
2026-06-06T09:43:49+02:00,[38],[0]
2026-06-06T09:53:49+02:00,[38],[0]
2026-06-06T10:03:49+02:00,[37],[0]
2026-06-06T10:23:48+02:00,[37],[0]
2026-06-06T10:33:49+02:00,[37],[0]
2026-06-06T10:43:49+02:00,[37],[0]
2026-06-06T10:53:50+02:00,[38],[0]
2026-06-06T11:03:49+02:00,[37],[0]
2026-06-06T11:13:50+02:00,[38],[0]
2026-06-06T11:23:49+02:00,[37],[0]
2026-06-06T11:33:49+02:00,[37],[0]
2026-06-06T11:43:49+02:00,[37],[0]
2026-06-06T11:53:49+02:00,[37],[0]
2026-06-06T12:03:48+02:00,[37],[0]
2026-06-06T12:13:50+02:00,[38],[0]
2026-06-06T12:33:50+02:00,[38],[0]
2026-06-06T12:43:49+02:00,[37],[0]
2026-06-06T12:53:49+02:00,[37],[0]
2026-06-06T13:03:49+02:00,[37],[0]
2026-06-06T13:13:50+02:00,[38],[0]
2026-06-06T13:23:49+02:00,[37],[0]
2026-06-06T13:33:49+02:00,[37],[0]
2026-06-06T13:43:49+02:00,[37],[0]
2026-06-06T13:53:49+02:00,[37],[0]
2026-06-06T14:03:49+02:00,[37],[0]
2026-06-06T14:13:50+02:00,[38],[0]
2026-06-06T14:23:49+02:00,[37],[0]
2026-06-06T14:33:49+02:00,[37],[0]
2026-06-06T14:43:49+02:00,[37],[0]
2026-06-06T14:53:49+02:00,[37],[0]
2026-06-06T15:03:50+02:00,[38],[0]
2026-06-06T15:13:49+02:00,[37],[0]
2026-06-06T15:23:49+02:00,[37],[0]
2026-06-06T15:33:50+02:00,[38],[0]
2026-06-06T15:43:46+02:00,[37],[0]
2026-06-06T18:00:00+02:00,[60],[0]
2026-06-07T04:43:47+02:00,[38],[0]
2026-06-07T04:53:47+02:00,[38],[0]
2026-06-07T05:03:47+02:00,[37],[0]
2026-06-07T05:23:46+02:00,[38],[0]
2026-06-07T05:33:46+02:00,[37],[0]
2026-06-07T05:43:45+02:00,[37],[0]
2026-06-07T05:53:46+02:00,[38],[0]
2026-06-07T06:03:47+02:00,[38],[0]
2026-06-07T06:13:46+02:00,[37],[0]
2026-06-07T06:23:47+02:00,[37],[0]
2026-06-07T06:43:46+02:00,[37],[0]
2026-06-07T06:53:46+02:00,[37],[0]
2026-06-07T07:03:46+02:00,[37],[0]
2026-06-07T07:13:46+02:00,[37],[0]
2026-06-07T07:23:46+02:00,[37],[0]
2026-06-07T07:43:47+02:00,[38],[0]
2026-06-07T07:53:45+02:00,[37],[0]
2026-06-07T08:08:04+02:00,[37],[0]
2026-06-07T08:13:47+02:00,[38],[0]
2026-06-07T08:23:45+02:00,[37],[0]
2026-06-07T08:26:57+02:00,[38],[0]
2026-06-07T08:33:46+02:00,[37],[0]
2026-06-07T08:38:35+02:00,"[1,60]","[0,0]"
2026-06-05T09:03:48+02:00,[37],[0]
2026-06-05T09:13:49+02:00,[37],[0]
2026-06-05T09:23:50+02:00,[38],[0]
2026-06-05T09:33:49+02:00,[37],[0]
2026-06-05T09:43:49+02:00,[37],[0]
2026-06-05T09:53:49+02:00,[37],[0]
2026-06-05T10:03:50+02:00,[38],[0]
2026-06-05T10:13:49+02:00,[37],[0]
2026-06-05T10:23:49+02:00,[37],[0]
2026-06-05T10:33:49+02:00,[37],[0]
2026-06-05T10:43:49+02:00,[37],[0]
2026-06-05T10:53:49+02:00,[37],[0]
2026-06-05T11:03:48+02:00,[37],[0]
2026-06-05T11:13:50+02:00,[38],[0]
2026-06-05T11:43:50+02:00,[38],[0]
2026-06-05T11:53:48+02:00,[37],[0]
2026-06-05T12:13:49+02:00,[37],[0]
2026-06-05T12:23:49+02:00,[37],[0]
2026-06-05T12:33:49+02:00,[37],[0]
2026-06-05T12:43:50+02:00,[38],[0]
2026-06-05T12:53:49+02:00,[37],[0]
2026-06-05T13:03:49+02:00,[38],[0]
2026-06-05T13:13:49+02:00,[37],[0]
2026-06-05T13:23:49+02:00,[37],[0]
2026-06-05T13:33:49+02:00,[37],[0]
2026-06-05T13:43:49+02:00,[37],[0]
2026-06-05T13:53:49+02:00,[37],[0]
2026-06-05T14:03:50+02:00,[38],[0]
2026-06-05T14:13:49+02:00,[37],[0]
2026-06-05T14:23:50+02:00,[38],[0]
2026-06-05T14:33:50+02:00,[38],[0]
2026-06-05T14:43:49+02:00,[37],[0]
2026-06-05T14:53:49+02:00,[37],[0]
2026-06-05T15:03:49+02:00,[37],[0]
2026-06-05T15:13:49+02:00,[37],[0]
2026-06-05T15:23:49+02:00,[37],[0]
2026-06-05T15:33:50+02:00,[38],[0]
2026-06-05T15:43:49+02:00,[37],[0]
2026-06-05T15:53:49+02:00,[37],[0]
2026-06-05T16:03:50+02:00,[38],[0]
2026-06-05T16:13:49+02:00,[37],[0]
2026-06-05T16:23:49+02:00,[37],[0]
2026-06-05T16:33:49+02:00,[37],[0]
2026-06-05T16:43:49+02:00,[37],[0]
2026-06-05T18:00:00+02:00,[60],[0]
2026-06-06T03:33:49+02:00,[38],[0]
2026-06-06T03:43:48+02:00,[37],[0]
2026-06-06T03:53:50+02:00,[38],[0]
2026-06-06T04:03:49+02:00,[37],[0]
2026-06-06T04:13:50+02:00,[38],[0]
2026-06-06T04:23:49+02:00,[37],[0]
2026-06-06T04:33:49+02:00,[37],[0]
2026-06-06T04:43:49+02:00,[37],[0]
2026-06-06T04:53:49+02:00,[37],[0]
2026-06-06T05:03:49+02:00,[37],[0]
2026-06-06T05:13:50+02:00,[38],[0]
2026-06-06T05:23:49+02:00,[37],[0]
2026-06-06T05:33:49+02:00,[37],[0]
2026-06-06T05:43:50+02:00,[38],[0]
2026-06-06T05:53:48+02:00,[37],[0]
2026-06-06T06:03:49+02:00,[37],[0]
2026-06-06T06:13:49+02:00,[37],[0]
2026-06-06T06:23:49+02:00,[37],[0]
2026-06-06T06:33:49+02:00,[37],[0]
2026-06-06T06:43:50+02:00,[38],[0]
2026-06-06T06:53:50+02:00,[38],[0]
2026-06-06T07:03:49+02:00,[37],[0]
2026-06-06T07:13:49+02:00,[37],[0]
2026-06-06T07:23:50+02:00,[38],[0]
2026-06-06T07:33:49+02:00,[37],[0]
2026-06-06T07:43:50+02:00,[38],[0]
2026-06-06T07:53:48+02:00,[37],[0]
2026-06-04T08:53:49+02:00,[37],[0]
2026-06-04T09:13:48+02:00,[37],[0]
2026-06-04T09:23:49+02:00,[37],[0]
2026-06-04T09:34:21+02:00,[37],[0]
2026-06-04T09:43:49+02:00,[37],[0]
2026-06-04T09:53:49+02:00,[37],[0]
2026-06-04T10:03:49+02:00,[38],[0]
2026-06-04T10:13:49+02:00,[37],[0]
2026-06-04T10:23:49+02:00,[37],[0]
2026-06-04T10:33:49+02:00,[37],[0]
2026-06-04T10:43:50+02:00,[38],[0]
2026-06-04T10:53:49+02:00,[37],[0]
2026-06-04T11:03:50+02:00,[38],[0]
2026-06-04T11:13:49+02:00,[37],[0]
2026-06-04T11:23:49+02:00,[37],[0]
2026-06-04T11:33:50+02:00,[38],[0]
2026-06-04T11:43:49+02:00,[37],[0]
2026-06-04T12:03:48+02:00,[36],[0]
2026-06-04T12:13:49+02:00,[37],[0]
2026-06-04T12:23:49+02:00,[37],[0]
2026-06-04T12:33:49+02:00,[37],[0]
2026-06-04T12:43:49+02:00,[37],[0]
2026-06-04T12:53:49+02:00,[37],[0]
2026-06-04T13:03:49+02:00,[37],[0]
2026-06-04T13:13:49+02:00,[37],[0]
2026-06-04T13:23:49+02:00,[37],[0]
2026-06-04T13:33:50+02:00,[38],[0]
2026-06-04T13:43:49+02:00,[37],[0]
2026-06-04T13:53:50+02:00,[38],[0]
2026-06-04T14:03:49+02:00,[37],[0]
2026-06-04T14:23:49+02:00,[37],[0]
2026-06-04T14:33:49+02:00,[37],[0]
2026-06-04T14:43:49+02:00,[37],[0]
2026-06-04T14:53:49+02:00,[37],[0]
2026-06-04T15:03:50+02:00,[38],[0]
2026-06-04T15:13:49+02:00,[37],[0]
2026-06-04T15:23:49+02:00,[37],[0]
2026-06-04T15:33:49+02:00,[37],[0]
2026-06-04T15:43:49+02:00,[37],[0]
2026-06-04T15:53:49+02:00,[37],[0]
2026-06-04T16:03:49+02:00,[38],[0]
2026-06-04T16:13:49+02:00,[37],[0]
2026-06-04T16:23:49+02:00,[37],[0]
2026-06-04T18:00:00+02:00,[60],[0]
2026-06-05T02:23:49+02:00,[37],[0]
2026-06-05T02:33:49+02:00,[37],[0]
2026-06-05T02:43:49+02:00,[37],[0]
2026-06-05T02:53:49+02:00,[37],[0]
2026-06-05T03:03:49+02:00,[37],[0]
2026-06-05T03:13:49+02:00,[37],[0]
2026-06-05T03:23:49+02:00,[37],[0]
2026-06-05T03:33:49+02:00,[37],[0]
2026-06-05T03:43:49+02:00,[37],[0]
2026-06-05T04:03:49+02:00,[37],[0]
2026-06-05T04:13:49+02:00,[37],[0]
2026-06-05T04:23:50+02:00,[38],[0]
2026-06-05T04:33:49+02:00,[37],[0]
2026-06-05T04:43:50+02:00,[38],[0]
2026-06-05T04:53:49+02:00,[37],[0]
2026-06-05T05:03:49+02:00,[37],[0]
2026-06-05T05:13:48+02:00,[37],[0]
2026-06-05T05:33:49+02:00,[37],[0]
2026-06-05T05:43:49+02:00,[37],[0]
2026-06-05T05:53:49+02:00,[37],[0]
2026-06-05T06:03:49+02:00,[37],[0]
2026-06-05T06:13:50+02:00,[38],[0]
2026-06-05T06:23:49+02:00,[37],[0]
2026-06-05T06:33:49+02:00,[37],[0]
2026-06-05T06:43:49+02:00,[37],[0]
2026-06-05T06:53:49+02:00,[37],[0]
2026-06-05T07:03:50+02:00,[38],[0]
2026-06-05T07:13:49+02:00,[37],[0]
2026-06-05T07:23:49+02:00,[37],[0]
2026-06-05T07:33:49+02:00,[37],[0]
2026-06-05T07:43:49+02:00,[37],[0]
2026-06-05T07:53:49+02:00,[37],[0]
2026-06-05T08:03:49+02:00,[37],[0]
2026-06-05T08:13:49+02:00,[37],[0]
2026-06-05T08:23:49+02:00,[37],[0]
2026-06-05T08:33:49+02:00,[37],[0]
2026-06-05T08:43:50+02:00,[38],[0]
2026-06-05T08:53:49+02:00,[37],[0]
2026-06-03T08:53:52+02:00,[37],[0]
2026-06-03T09:03:52+02:00,[37],[0]
2026-06-03T09:23:52+02:00,[37],[0]
2026-06-03T09:33:53+02:00,[38],[0]
2026-06-03T09:43:53+02:00,[38],[0]
2026-06-03T09:53:53+02:00,[38],[0]
2026-06-03T10:03:52+02:00,[37],[0]
2026-06-03T10:13:52+02:00,[37],[0]
2026-06-03T10:23:53+02:00,[38],[0]
2026-06-03T10:33:53+02:00,[38],[0]
2026-06-03T10:43:53+02:00,[38],[0]
2026-06-03T10:53:52+02:00,[37],[0]
2026-06-03T11:03:52+02:00,[37],[0]
2026-06-03T11:13:52+02:00,[37],[0]
2026-06-03T11:23:52+02:00,[37],[0]
2026-06-03T11:33:52+02:00,[38],[0]
2026-06-03T11:43:53+02:00,[38],[0]
2026-06-03T11:53:52+02:00,[37],[0]
2026-06-03T12:03:53+02:00,[38],[0]
2026-06-03T12:13:49+02:00,[37],[0]
2026-06-03T12:23:50+02:00,[38],[0]
2026-06-03T12:33:49+02:00,[37],[0]
2026-06-03T12:43:49+02:00,[37],[0]
2026-06-03T12:53:49+02:00,[37],[0]
2026-06-03T13:03:49+02:00,[37],[0]
2026-06-03T13:13:49+02:00,[37],[0]
2026-06-03T13:23:49+02:00,[37],[0]
2026-06-03T13:33:49+02:00,[37],[0]
2026-06-03T13:43:49+02:00,[37],[0]
2026-06-03T13:53:49+02:00,[37],[0]
2026-06-03T14:03:49+02:00,[38],[0]
2026-06-03T18:00:00+02:00,[60],[0]
2026-06-04T02:13:50+02:00,[37],[0]
2026-06-04T02:23:49+02:00,[37],[0]
2026-06-04T02:33:49+02:00,[37],[0]
2026-06-04T02:43:50+02:00,[38],[0]
2026-06-04T02:53:49+02:00,[37],[0]
2026-06-04T03:03:49+02:00,[37],[0]
2026-06-04T03:13:50+02:00,[38],[0]
2026-06-04T03:23:49+02:00,[37],[0]
2026-06-04T03:33:50+02:00,[38],[0]
2026-06-04T03:43:49+02:00,[37],[0]
2026-06-04T03:53:49+02:00,[37],[0]
2026-06-04T04:03:49+02:00,[37],[0]
2026-06-04T04:13:49+02:00,[37],[0]
2026-06-04T04:23:49+02:00,[37],[0]
2026-06-04T04:33:50+02:00,[38],[0]
2026-06-04T04:43:49+02:00,[37],[0]
2026-06-04T04:53:49+02:00,[37],[0]
2026-06-04T05:03:49+02:00,[37],[0]
2026-06-04T05:13:49+02:00,[37],[0]
2026-06-04T05:23:49+02:00,[37],[0]
2026-06-04T05:33:49+02:00,[37],[0]
2026-06-04T05:43:48+02:00,[37],[0]
2026-06-04T05:53:49+02:00,[37],[0]
2026-06-04T06:03:49+02:00,[37],[0]
2026-06-04T06:13:49+02:00,[37],[0]
2026-06-04T06:23:49+02:00,[37],[0]
2026-06-04T06:33:49+02:00,[37],[0]
2026-06-04T06:43:49+02:00,[37],[0]
2026-06-04T06:53:49+02:00,[37],[0]
2026-06-04T07:03:49+02:00,[37],[0]
2026-06-04T07:13:49+02:00,[37],[0]
2026-06-04T07:23:49+02:00,[37],[0]
2026-06-04T07:33:50+02:00,[38],[0]
2026-06-04T07:43:49+02:00,[37],[0]
2026-06-04T07:53:49+02:00,[37],[0]
2026-06-04T08:03:49+02:00,[37],[0]
2026-06-04T08:13:49+02:00,[37],[0]
2026-06-04T08:23:49+02:00,[37],[0]
2026-06-04T08:33:50+02:00,[38],[0]
2026-06-04T08:43:49+02:00,[37],[0]
2026-06-02T09:03:52+02:00,[37],[0]
2026-06-02T09:23:52+02:00,[37],[0]
2026-06-02T09:43:52+02:00,[37],[0]
2026-06-02T09:53:52+02:00,[37],[0]
2026-06-02T10:03:52+02:00,[37],[0]
2026-06-02T10:13:52+02:00,[37],[0]
2026-06-02T10:23:52+02:00,[37],[0]
2026-06-02T10:33:52+02:00,[37],[0]
2026-06-02T10:43:53+02:00,[38],[0]
2026-06-02T10:53:52+02:00,[37],[0]
2026-06-02T11:03:52+02:00,[37],[0]
2026-06-02T11:13:52+02:00,[37],[0]
2026-06-02T11:23:53+02:00,[38],[0]
2026-06-02T11:33:52+02:00,[37],[0]
2026-06-02T11:43:52+02:00,[37],[0]
2026-06-02T11:53:52+02:00,[37],[0]
2026-06-02T12:03:52+02:00,[37],[0]
2026-06-02T12:13:52+02:00,[37],[0]
2026-06-02T12:23:52+02:00,[37],[0]
2026-06-02T12:33:52+02:00,[37],[0]
2026-06-02T12:43:52+02:00,[37],[0]
2026-06-02T12:53:52+02:00,[37],[0]
2026-06-02T13:03:52+02:00,[37],[0]
2026-06-02T13:13:52+02:00,[38],[0]
2026-06-02T13:23:52+02:00,[37],[0]
2026-06-02T13:33:52+02:00,[37],[0]
2026-06-02T13:43:52+02:00,[37],[0]
2026-06-02T13:53:52+02:00,[37],[0]
2026-06-02T14:03:53+02:00,[38],[0]
2026-06-02T14:13:53+02:00,[38],[0]
2026-06-02T14:23:53+02:00,[38],[0]
2026-06-02T14:33:52+02:00,[37],[0]
2026-06-02T14:43:52+02:00,[37],[0]
2026-06-02T18:00:00+02:00,[60],[0]
2026-06-03T02:53:53+02:00,[38],[0]
2026-06-03T03:03:52+02:00,[38],[0]
2026-06-03T03:13:52+02:00,[37],[0]
2026-06-03T03:23:53+02:00,[38],[0]
2026-06-03T03:33:52+02:00,[37],[0]
2026-06-03T03:43:53+02:00,[38],[0]
2026-06-03T03:53:52+02:00,[38],[0]
2026-06-03T04:03:52+02:00,[37],[0]
2026-06-03T04:13:52+02:00,[37],[0]
2026-06-03T04:23:52+02:00,[38],[0]
2026-06-03T04:33:53+02:00,[37],[0]
2026-06-03T04:43:52+02:00,[37],[0]
2026-06-03T04:53:52+02:00,[37],[0]
2026-06-03T05:03:52+02:00,[37],[0]
2026-06-03T05:13:52+02:00,[37],[0]
2026-06-03T05:33:52+02:00,[37],[0]
2026-06-03T05:43:53+02:00,[38],[0]
2026-06-03T05:53:53+02:00,[38],[0]
2026-06-03T06:03:52+02:00,[37],[0]
2026-06-03T06:13:52+02:00,[37],[0]
2026-06-03T06:23:52+02:00,[37],[0]
2026-06-03T06:33:53+02:00,[38],[0]
2026-06-03T06:43:52+02:00,[37],[0]
2026-06-03T06:53:53+02:00,[38],[0]
2026-06-03T07:03:53+02:00,[37],[0]
2026-06-03T07:13:52+02:00,[37],[0]
2026-06-03T07:23:53+02:00,[38],[0]
2026-06-03T07:33:52+02:00,[37],[0]
2026-06-03T07:43:52+02:00,[38],[0]
2026-06-03T07:53:53+02:00,[38],[0]
2026-06-03T08:03:52+02:00,[37],[0]
2026-06-03T08:13:53+02:00,[38],[0]
2026-06-03T08:23:53+02:00,[38],[0]
2026-06-03T08:33:52+02:00,[37],[0]
2026-06-01T10:03:52+02:00,[37],[0]
2026-06-01T10:13:53+02:00,[38],[0]
2026-06-01T10:23:53+02:00,[38],[0]
2026-06-01T10:33:53+02:00,[38],[0]
2026-06-01T10:43:51+02:00,[37],[0]
2026-06-01T10:53:52+02:00,[37],[0]
2026-06-01T11:03:52+02:00,[37],[0]
2026-06-01T11:13:52+02:00,[37],[0]
2026-06-01T11:23:52+02:00,[37],[0]
2026-06-01T11:33:52+02:00,[37],[0]
2026-06-01T11:43:51+02:00,[37],[0]
2026-06-01T11:53:52+02:00,[37],[0]
2026-06-01T12:03:52+02:00,[37],[0]
2026-06-01T12:23:53+02:00,[38],[0]
2026-06-01T12:33:53+02:00,[38],[0]
2026-06-01T12:43:52+02:00,[37],[0]
2026-06-01T12:53:53+02:00,[38],[0]
2026-06-01T13:03:53+02:00,[37],[0]
2026-06-01T13:13:52+02:00,[37],[0]
2026-06-01T13:23:52+02:00,[37],[0]
2026-06-01T13:33:53+02:00,[37],[0]
2026-06-01T13:43:52+02:00,[38],[0]
2026-06-01T13:53:52+02:00,[37],[0]
2026-06-01T14:03:52+02:00,[37],[0]
2026-06-01T14:13:52+02:00,[37],[0]
2026-06-01T14:23:52+02:00,[37],[0]
2026-06-01T14:33:52+02:00,[37],[0]
2026-06-01T14:43:52+02:00,[37],[0]
2026-06-01T14:53:52+02:00,[38],[0]
2026-06-01T15:03:52+02:00,[37],[0]
2026-06-01T15:13:52+02:00,[37],[0]
2026-06-01T15:23:52+02:00,[37],[0]
2026-06-01T15:33:52+02:00,[37],[0]
2026-06-01T15:43:52+02:00,[37],[0]
2026-06-01T15:53:52+02:00,[37],[0]
2026-06-01T16:03:52+02:00,[37],[0]
2026-06-01T16:13:52+02:00,[37],[0]
2026-06-01T18:00:00+02:00,[60],[0]
2026-06-02T01:43:56+02:00,[38],[0]
2026-06-02T01:53:56+02:00,[38],[0]
2026-06-02T02:03:55+02:00,[38],[0]
2026-06-02T02:13:55+02:00,[37],[0]
2026-06-02T02:23:56+02:00,[37],[0]
2026-06-02T02:33:55+02:00,[38],[0]
2026-06-02T02:43:56+02:00,[38],[0]
2026-06-02T03:03:56+02:00,[38],[0]
2026-06-02T03:13:55+02:00,[37],[0]
2026-06-02T03:23:55+02:00,[38],[0]
2026-06-02T03:33:55+02:00,[37],[0]
2026-06-02T03:43:55+02:00,[37],[0]
2026-06-02T03:53:55+02:00,[37],[0]
2026-06-02T04:03:55+02:00,[37],[0]
2026-06-02T04:13:55+02:00,[38],[0]
2026-06-02T04:23:55+02:00,[37],[0]
2026-06-02T04:33:55+02:00,[37],[0]
2026-06-02T04:43:55+02:00,[37],[0]
2026-06-02T04:53:56+02:00,[37],[0]
2026-06-02T05:03:55+02:00,[37],[0]
2026-06-02T05:13:55+02:00,[37],[0]
2026-06-02T05:23:55+02:00,[37],[0]
2026-06-02T05:33:55+02:00,[37],[0]
2026-06-02T05:43:55+02:00,[37],[0]
2026-06-02T05:53:52+02:00,[37],[0]
2026-06-02T06:03:52+02:00,[37],[0]
2026-06-02T06:13:52+02:00,[37],[0]
2026-06-02T06:33:52+02:00,[37],[0]
2026-06-02T06:43:52+02:00,[37],[0]
2026-06-02T06:53:52+02:00,[37],[0]
2026-06-02T07:03:52+02:00,[37],[0]
2026-06-02T07:13:52+02:00,[37],[0]
2026-06-02T07:23:52+02:00,[37],[0]
2026-06-02T07:33:53+02:00,[38],[0]
2026-06-02T07:43:53+02:00,[38],[0]
2026-06-02T07:53:52+02:00,[37],[0]
2026-06-02T08:03:52+02:00,[37],[0]
2026-06-02T08:13:53+02:00,[38],[0]
2026-06-02T08:23:52+02:00,[38],[0]
2026-06-02T08:33:52+02:00,[37],[0]
2026-06-02T08:43:52+02:00,[38],[0]
2026-06-02T08:53:52+02:00,[37],[0]
2026-05-31T09:43:56+02:00,[37],[0]
2026-05-31T09:53:56+02:00,[37],[0]
2026-05-31T10:03:56+02:00,[37],[0]
2026-05-31T10:13:56+02:00,[37],[0]
2026-05-31T10:23:56+02:00,[37],[0]
2026-05-31T10:33:56+02:00,[37],[0]
2026-05-31T10:43:56+02:00,[37],[0]
2026-05-31T10:53:56+02:00,[37],[0]
2026-05-31T18:00:00+02:00,[60],[0]
2026-06-01T04:33:53+02:00,[38],[0]
2026-06-01T04:43:52+02:00,[37],[0]
2026-06-01T04:53:53+02:00,[38],[0]
2026-06-01T05:03:53+02:00,[38],[0]
2026-06-01T07:03:52+02:00,[37],[0]
2026-06-01T07:13:52+02:00,[38],[0]
2026-06-01T07:23:52+02:00,[37],[0]
2026-06-01T07:33:52+02:00,[37],[0]
2026-06-01T07:43:51+02:00,[37],[0]
2026-06-01T07:53:51+02:00,[37],[0]
2026-06-01T08:03:52+02:00,[37],[0]
2026-06-01T08:13:52+02:00,[37],[0]
2026-06-01T08:23:53+02:00,[37],[0]
2026-06-01T08:33:53+02:00,[38],[0]
2026-06-01T08:43:52+02:00,[38],[0]
2026-06-01T08:54:30+02:00,[37],[0]
2026-06-01T09:03:52+02:00,[37],[0]
2026-06-01T09:13:52+02:00,[37],[0]
2026-06-01T09:23:53+02:00,[38],[0]
2026-06-01T09:33:52+02:00,[37],[0]
2026-06-01T09:43:52+02:00,[37],[0]
2026-06-01T09:53:52+02:00,[37],[0]
2026-05-30T09:43:56+02:00,[37],[0]
2026-05-30T09:53:56+02:00,[37],[0]
2026-05-30T10:03:57+02:00,[37],[0]
2026-05-30T10:13:56+02:00,[37],[0]
2026-05-30T10:33:56+02:00,[37],[0]
2026-05-30T10:43:56+02:00,[38],[0]
2026-05-30T10:53:56+02:00,[37],[0]
2026-05-30T11:03:56+02:00,[37],[0]
2026-05-30T11:13:56+02:00,[37],[0]
2026-05-30T11:23:56+02:00,[37],[0]
2026-05-30T11:33:55+02:00,[37],[0]
2026-05-30T11:43:57+02:00,[38],[0]
2026-05-30T11:53:57+02:00,[38],[0]
2026-05-30T12:03:56+02:00,[38],[0]
2026-05-30T12:13:56+02:00,[38],[0]
2026-05-30T12:23:57+02:00,[38],[0]
2026-05-30T12:33:56+02:00,[38],[0]
2026-05-30T12:43:57+02:00,[38],[0]
2026-05-30T12:53:56+02:00,[37],[0]
2026-05-30T13:03:56+02:00,[37],[0]
2026-05-30T13:13:56+02:00,[37],[0]
2026-05-30T13:23:56+02:00,[37],[0]
2026-05-30T13:33:55+02:00,[37],[0]
2026-05-30T13:43:56+02:00,[37],[0]
2026-05-30T13:53:56+02:00,[38],[0]
2026-05-30T14:03:56+02:00,[37],[0]
2026-05-30T14:13:57+02:00,[38],[0]
2026-05-30T14:23:56+02:00,[37],[0]
2026-05-30T14:33:56+02:00,[37],[0]
2026-05-30T14:53:57+02:00,[38],[0]
2026-05-30T15:03:56+02:00,[37],[0]
2026-05-30T15:13:57+02:00,[38],[0]
2026-05-30T15:23:56+02:00,[37],[0]
2026-05-30T15:33:56+02:00,[37],[0]
2026-05-30T15:43:56+02:00,[37],[0]
2026-05-30T15:53:56+02:00,[37],[0]
2026-05-30T16:03:57+02:00,[37],[0]
2026-05-30T16:13:57+02:00,[38],[0]
2026-05-30T16:23:56+02:00,[37],[0]
2026-05-30T16:33:56+02:00,[37],[0]
2026-05-30T18:00:00+02:00,[60],[0]
2026-05-31T01:23:55+02:00,[37],[0]
2026-05-31T01:33:57+02:00,[37],[0]
2026-05-31T01:53:57+02:00,[38],[0]
2026-05-31T02:03:56+02:00,[37],[0]
2026-05-31T02:13:56+02:00,[37],[0]
2026-05-31T02:23:56+02:00,[37],[0]
2026-05-31T02:33:57+02:00,[37],[0]
2026-05-31T02:43:55+02:00,[37],[0]
2026-05-31T02:53:57+02:00,[37],[0]
2026-05-31T03:03:57+02:00,[38],[0]
2026-05-31T03:13:56+02:00,[37],[0]
2026-05-31T03:23:57+02:00,[38],[0]
2026-05-31T03:33:57+02:00,[38],[0]
2026-05-31T03:43:56+02:00,[37],[0]
2026-05-31T03:53:56+02:00,[37],[0]
2026-05-31T03:59:11+02:00,[37],[0]
2026-05-31T04:03:56+02:00,[38],[0]
2026-05-31T04:13:56+02:00,[38],[0]
2026-05-31T04:23:56+02:00,[37],[0]
2026-05-31T04:33:57+02:00,[37],[0]
2026-05-31T04:43:56+02:00,[37],[0]
2026-05-31T04:53:57+02:00,[37],[0]
2026-05-31T05:03:56+02:00,[37],[0]
2026-05-31T05:13:57+02:00,[37],[0]
2026-05-31T05:23:56+02:00,[37],[0]
2026-05-31T05:33:56+02:00,[37],[0]
2026-05-31T05:43:57+02:00,[37],[0]
2026-05-31T05:53:57+02:00,[38],[0]
2026-05-31T06:03:56+02:00,[38],[0]
2026-05-31T06:13:55+02:00,[37],[0]
2026-05-31T06:23:57+02:00,[38],[0]
2026-05-31T06:33:56+02:00,[37],[0]
2026-05-31T06:43:57+02:00,[37],[0]
2026-05-31T06:53:56+02:00,[37],[0]
2026-05-31T07:03:55+02:00,[37],[0]
2026-05-31T07:13:56+02:00,[37],[0]
2026-05-31T07:23:57+02:00,[37],[0]
2026-05-31T07:33:56+02:00,[37],[0]
2026-05-31T07:43:56+02:00,[37],[0]
2026-05-31T07:53:57+02:00,[37],[0]
2026-05-31T08:03:56+02:00,[38],[0]
2026-05-31T08:13:57+02:00,[37],[0]
2026-05-31T08:23:56+02:00,[37],[0]
2026-05-31T08:33:58+02:00,[37],[0]
2026-05-31T08:43:56+02:00,[37],[0]
2026-05-31T08:53:56+02:00,[37],[0]
2026-05-31T09:03:56+02:00,[37],[0]
2026-05-31T09:13:57+02:00,[38],[0]
2026-05-31T09:23:57+02:00,[38],[0]
2026-05-31T09:33:56+02:00,[37],[0]
2026-05-29T08:53:56+02:00,[37],[0]
2026-05-29T09:13:57+02:00,[38],[0]
2026-05-29T09:43:57+02:00,[37],[0]
2026-05-29T09:53:57+02:00,[38],[0]
2026-05-29T10:13:55+02:00,[37],[0]
2026-05-29T10:23:55+02:00,[37],[0]
2026-05-29T10:33:57+02:00,[38],[0]
2026-05-29T10:43:57+02:00,[38],[0]
2026-05-29T11:03:57+02:00,[38],[0]
2026-05-29T11:23:56+02:00,[37],[0]
2026-05-29T11:33:57+02:00,[37],[0]
2026-05-29T11:43:57+02:00,[37],[0]
2026-05-29T11:53:56+02:00,[38],[0]
2026-05-29T12:03:55+02:00,[37],[0]
2026-05-29T12:13:56+02:00,[37],[0]
2026-05-29T12:23:55+02:00,[37],[0]
2026-05-29T12:33:56+02:00,[37],[0]
2026-05-29T12:43:56+02:00,[37],[0]
2026-05-29T12:53:56+02:00,[37],[0]
2026-05-29T13:03:56+02:00,[37],[0]
2026-05-29T13:13:56+02:00,[37],[0]
2026-05-29T13:23:56+02:00,[37],[0]
2026-05-29T13:33:56+02:00,[38],[0]
2026-05-29T13:43:56+02:00,[37],[0]
2026-05-29T13:53:56+02:00,[37],[0]
2026-05-29T14:03:56+02:00,[37],[0]
2026-05-29T14:13:57+02:00,[37],[0]
2026-05-29T14:22:10+02:00,[1],[0]
2026-05-29T14:22:40+02:00,"[30,26,30,30,30,30,22,30,30,30,30,28,30,30,30,30,22,30,30,30,30,23,60]","[0,0,0,0,0,0,0,0,0,0,0,0,0,0,0,0,0,0,0,0,0,0,0]"
2026-05-29T14:33:13+02:00,"[30,30,30,30,25,30,30,30,30,22,30,30,30,30,22,30,30,30,30,22,30,30,30,30,23,11,20,20,29,62,30,50,30,30,30,30,30,22,30,30,30,30,22,30,30,30,30,22,30,30,30,30,23,30,30,30,30,27,30,30,30,30,21,30,30,30,30,24,30,30,30,30,22,30,30,30,30,22,30,30,30,30,22,30]","[0,0,0,0,0,0,0,0,0,0,0,0,0,0,0,0,0,0,0,0,0,0,0,0,0,0,0,0,0,0,0,0,0,0,0,0,0,0,0,0,0,0,0,0,0,0,0,0,0,0,0,0,0,0,0,0,0,0,0,0,0,0,0,0,0,0,0,0,0,0,0,0,0,0,0,0,0,0,0,0,0,0,0,0]"
2026-05-29T15:13:36+02:00,"[30,30,30,28,30,30,30,30,28,11,29,9,30,16,11,30]","[0,0,0,0,0,0,0,0,0,0,0,0,0,0,0,0]"
2026-05-29T15:20:19+02:00,"[30,30,30,30,22,30,30,30,30,27,14,22,30,30,30,16,30,30,30,30,22,30,30,30,30,29,30,30,30]","[0,0,0,0,0,0,0,0,0,0,0,0,0,0,0,0,0,0,0,0,0,0,0,0,0,0,0,0,0]"
2026-05-29T15:33:21+02:00,[30],[0]
2026-05-29T15:34:46+02:00,[38],[0]
2026-05-29T15:43:56+02:00,[37],[0]
2026-05-29T15:53:56+02:00,[38],[0]
2026-05-29T16:03:57+02:00,[38],[0]
2026-05-29T16:13:56+02:00,[37],[0]
2026-05-29T16:23:56+02:00,[37],[0]
2026-05-29T16:33:57+02:00,[38],[0]
2026-05-29T16:43:56+02:00,[37],[0]
2026-05-29T16:51:12+02:00,[1],[0]
2026-05-29T16:51:37+02:00,"[30,30,30,30,22,30,30,30,30,22,30,30,30,30,22,30,30,30,30,23,30,30,30,30,22,30,30,30,30,27]","[0,0,0,0,0,0,0,0,0,0,0,0,0,0,0,0,0,0,0,0,0,0,0,0,0,0,0,0,0,0]"
2026-05-29T17:05:28+02:00,[27],[0]
2026-05-29T17:06:46+02:00,[37],[0]
2026-05-29T18:00:00+02:00,[60],[0]
2026-05-30T01:43:55+02:00,[37],[0]
2026-05-30T01:53:57+02:00,[38],[0]
2026-05-30T02:03:56+02:00,[37],[0]
2026-05-30T02:13:56+02:00,[37],[0]
2026-05-30T02:23:57+02:00,[38],[0]
2026-05-30T02:33:56+02:00,[37],[0]
2026-05-30T02:43:57+02:00,[37],[0]
2026-05-30T02:53:56+02:00,[37],[0]
2026-05-30T03:03:57+02:00,[37],[0]
2026-05-30T03:23:55+02:00,[37],[0]
2026-05-30T03:33:57+02:00,[38],[0]
2026-05-30T03:43:56+02:00,[37],[0]
2026-05-30T03:53:57+02:00,[38],[0]
2026-05-30T04:23:56+02:00,[38],[0]
2026-05-30T04:33:57+02:00,[37],[0]
2026-05-30T04:43:57+02:00,[38],[0]
2026-05-30T04:53:56+02:00,[37],[0]
2026-05-30T05:03:56+02:00,[37],[0]
2026-05-30T05:13:56+02:00,[38],[0]
2026-05-30T05:23:56+02:00,[37],[0]
2026-05-30T05:33:56+02:00,[37],[0]
2026-05-30T05:43:56+02:00,[37],[0]
2026-05-30T06:03:56+02:00,[37],[0]
2026-05-30T06:13:57+02:00,[37],[0]
2026-05-30T06:23:57+02:00,[38],[0]
2026-05-30T06:33:56+02:00,[37],[0]
2026-05-30T06:43:56+02:00,[37],[0]
2026-05-30T06:53:57+02:00,[38],[0]
2026-05-30T07:13:56+02:00,[37],[0]
2026-05-30T07:23:56+02:00,[37],[0]
2026-05-30T07:34:05+02:00,[37],[0]
2026-05-30T07:43:57+02:00,[38],[0]
2026-05-30T07:53:56+02:00,[37],[0]
2026-05-30T08:03:56+02:00,[37],[0]
2026-05-30T08:13:56+02:00,[37],[0]
2026-05-30T08:24:11+02:00,[37],[0]
2026-05-30T08:33:56+02:00,[37],[0]
2026-05-30T08:43:57+02:00,[38],[0]
2026-05-30T08:53:55+02:00,[37],[0]
2026-05-30T09:03:56+02:00,[37],[0]
2026-05-30T09:13:55+02:00,[37],[0]
2026-05-30T09:33:55+02:00,[37],[0]
2026-05-28T08:54:00+02:00,[38],[0]
2026-05-28T09:03:59+02:00,[37],[0]
2026-05-28T09:14:00+02:00,[38],[0]
2026-05-28T09:23:59+02:00,[37],[0]
2026-05-28T09:34:00+02:00,[37],[0]
2026-05-28T09:44:00+02:00,[38],[0]
2026-05-28T09:53:59+02:00,[37],[0]
2026-05-28T10:03:59+02:00,[37],[0]
2026-05-28T10:14:00+02:00,[38],[0]
2026-05-28T10:23:59+02:00,[38],[0]
2026-05-28T10:33:59+02:00,[37],[0]
2026-05-28T10:43:59+02:00,[37],[0]
2026-05-28T10:53:59+02:00,[37],[0]
2026-05-28T11:03:59+02:00,[37],[0]
2026-05-28T11:13:59+02:00,[37],[0]
2026-05-28T11:24:00+02:00,[38],[0]
2026-05-28T11:33:59+02:00,[37],[0]
2026-05-28T11:44:31+02:00,[38],[0]
2026-05-28T11:53:59+02:00,[37],[0]
2026-05-28T12:03:56+02:00,[37],[0]
2026-05-28T12:13:56+02:00,[37],[0]
2026-05-28T12:43:57+02:00,[38],[0]
2026-05-28T12:53:56+02:00,[37],[0]
2026-05-28T13:04:47+02:00,[38],[0]
2026-05-28T13:13:58+02:00,[38],[0]
2026-05-28T13:53:57+02:00,[38],[0]
2026-05-28T14:03:56+02:00,[37],[0]
2026-05-28T14:13:57+02:00,[38],[0]
2026-05-28T18:00:00+02:00,[60],[0]
2026-05-29T02:13:56+02:00,[37],[0]
2026-05-29T02:23:56+02:00,[37],[0]
2026-05-29T02:33:56+02:00,[37],[0]
2026-05-29T02:43:55+02:00,[37],[0]
2026-05-29T02:53:56+02:00,[38],[0]
2026-05-29T03:03:56+02:00,[37],[0]
2026-05-29T03:13:56+02:00,[37],[0]
2026-05-29T03:23:57+02:00,[37],[0]
2026-05-29T03:33:56+02:00,[37],[0]
2026-05-29T03:43:56+02:00,[37],[0]
2026-05-29T03:53:57+02:00,[37],[0]
2026-05-29T04:03:56+02:00,[37],[0]
2026-05-29T04:13:56+02:00,[37],[0]
2026-05-29T04:23:57+02:00,[38],[0]
2026-05-29T04:33:56+02:00,[37],[0]
2026-05-29T04:43:56+02:00,[37],[0]
2026-05-29T04:53:56+02:00,[37],[0]
2026-05-29T05:03:56+02:00,[37],[0]
2026-05-29T05:13:57+02:00,[38],[0]
2026-05-29T05:23:56+02:00,[37],[0]
2026-05-29T05:33:56+02:00,[37],[0]
2026-05-29T05:43:56+02:00,[38],[0]
2026-05-29T05:53:56+02:00,[37],[0]
2026-05-29T06:03:56+02:00,[38],[0]
2026-05-29T06:13:56+02:00,[37],[0]
2026-05-29T06:23:56+02:00,[38],[0]
2026-05-29T06:33:56+02:00,[37],[0]
2026-05-29T06:43:56+02:00,[37],[0]
2026-05-29T06:53:56+02:00,[37],[0]
2026-05-29T07:03:56+02:00,[37],[0]
2026-05-29T07:13:56+02:00,[37],[0]
2026-05-29T07:23:56+02:00,[37],[0]
2026-05-29T07:33:57+02:00,[38],[0]
2026-05-29T07:43:56+02:00,[37],[0]
2026-05-29T07:53:56+02:00,[37],[0]
2026-05-29T08:03:56+02:00,[37],[0]
2026-05-29T08:13:56+02:00,[37],[0]
2026-05-29T08:23:56+02:00,[37],[0]
2026-05-29T08:33:56+02:00,[37],[0]
2026-05-29T08:43:57+02:00,[37],[0]
2026-05-27T09:03:59+02:00,[37],[0]
2026-05-27T09:13:59+02:00,[37],[0]
2026-05-27T09:23:59+02:00,[37],[0]
2026-05-27T09:33:58+02:00,[37],[0]
2026-05-27T09:43:59+02:00,[37],[0]
2026-05-27T09:53:59+02:00,[37],[0]
2026-05-27T10:03:59+02:00,[38],[0]
2026-05-27T10:14:00+02:00,[38],[0]
2026-05-27T10:23:59+02:00,[37],[0]
2026-05-27T10:34:00+02:00,[38],[0]
2026-05-27T10:43:59+02:00,[37],[0]
2026-05-27T10:53:59+02:00,[37],[0]
2026-05-27T11:03:59+02:00,[37],[0]
2026-05-27T11:13:59+02:00,[38],[0]
2026-05-27T11:23:59+02:00,[37],[0]
2026-05-27T11:33:59+02:00,[37],[0]
2026-05-27T11:43:58+02:00,[37],[0]
2026-05-27T12:03:59+02:00,[37],[0]
2026-05-27T12:13:59+02:00,[37],[0]
2026-05-27T12:23:59+02:00,[37],[0]
2026-05-27T12:33:59+02:00,[37],[0]
2026-05-27T12:44:00+02:00,[38],[0]
2026-05-27T12:53:59+02:00,[37],[0]
2026-05-27T13:04:00+02:00,[38],[0]
2026-05-27T13:14:00+02:00,[38],[0]
2026-05-27T13:24:00+02:00,[38],[0]
2026-05-27T13:33:59+02:00,[37],[0]
2026-05-27T13:43:59+02:00,[37],[0]
2026-05-27T13:54:00+02:00,[38],[0]
2026-05-27T14:04:00+02:00,[38],[0]
2026-05-27T14:13:59+02:00,[37],[0]
2026-05-27T14:24:00+02:00,[38],[0]
2026-05-27T14:33:59+02:00,[37],[0]
2026-05-27T14:43:59+02:00,[37],[0]
2026-05-27T14:53:59+02:00,[37],[0]
2026-05-27T15:04:00+02:00,[38],[0]
2026-05-27T15:13:58+02:00,[37],[0]
2026-05-27T15:24:00+02:00,[38],[0]
2026-05-27T15:33:59+02:00,[37],[0]
2026-05-27T15:43:59+02:00,[37],[0]
2026-05-27T15:53:59+02:00,[37],[0]
2026-05-27T16:03:59+02:00,[37],[0]
2026-05-27T16:13:59+02:00,[37],[0]
2026-05-27T16:23:59+02:00,[37],[0]
2026-05-27T16:34:00+02:00,[38],[0]
2026-05-27T18:00:00+02:00,[60],[0]
2026-05-28T02:14:00+02:00,[38],[0]
2026-05-28T02:23:59+02:00,[38],[0]
2026-05-28T02:34:00+02:00,[38],[0]
2026-05-28T02:43:59+02:00,[37],[0]
2026-05-28T02:53:59+02:00,[37],[0]
2026-05-28T03:04:00+02:00,[38],[0]
2026-05-28T03:13:59+02:00,[37],[0]
2026-05-28T03:23:59+02:00,[37],[0]
2026-05-28T03:33:59+02:00,[37],[0]
2026-05-28T03:43:59+02:00,[38],[0]
2026-05-28T03:54:00+02:00,[38],[0]
2026-05-28T04:03:59+02:00,[37],[0]
2026-05-28T04:13:59+02:00,[37],[0]
2026-05-28T04:23:59+02:00,[37],[0]
2026-05-28T04:33:59+02:00,[38],[0]
2026-05-28T04:43:59+02:00,[37],[0]
2026-05-28T04:53:59+02:00,[37],[0]
2026-05-28T05:03:59+02:00,[37],[0]
2026-05-28T05:13:59+02:00,[37],[0]
2026-05-28T05:24:00+02:00,[38],[0]
2026-05-28T05:33:59+02:00,[37],[0]
2026-05-28T05:44:00+02:00,[38],[0]
2026-05-28T05:54:00+02:00,[38],[0]
2026-05-28T06:13:59+02:00,[37],[0]
2026-05-28T06:24:00+02:00,[37],[0]
2026-05-28T06:33:59+02:00,[37],[0]
2026-05-28T06:43:59+02:00,[38],[0]
2026-05-28T06:54:00+02:00,[38],[0]
2026-05-28T07:03:59+02:00,[37],[0]
2026-05-28T07:13:59+02:00,[37],[0]
2026-05-28T07:23:59+02:00,[37],[0]
2026-05-28T07:33:59+02:00,[37],[0]
2026-05-28T07:43:59+02:00,[37],[0]
2026-05-28T07:54:00+02:00,[38],[0]
2026-05-28T08:03:59+02:00,[37],[0]
2026-05-28T08:13:59+02:00,[37],[0]
2026-05-28T08:23:59+02:00,[37],[0]
2026-05-28T08:33:59+02:00,[37],[0]
2026-05-28T08:43:59+02:00,[37],[0]
2026-05-26T08:53:59+02:00,[37],[0]
2026-05-26T09:03:59+02:00,[37],[0]
2026-05-26T09:13:59+02:00,[37],[0]
2026-05-26T09:23:59+02:00,[37],[0]
2026-05-26T09:33:59+02:00,[37],[0]
2026-05-26T09:43:59+02:00,[37],[0]
2026-05-26T09:53:59+02:00,[38],[0]
2026-05-26T10:03:59+02:00,[37],[0]
2026-05-26T10:13:59+02:00,[37],[0]
2026-05-26T10:23:59+02:00,[37],[0]
2026-05-26T10:33:59+02:00,[37],[0]
2026-05-26T10:43:59+02:00,[37],[0]
2026-05-26T10:53:59+02:00,[37],[0]
2026-05-26T11:13:59+02:00,[37],[0]
2026-05-26T11:24:39+02:00,[37],[0]
2026-05-26T11:33:59+02:00,[37],[0]
2026-05-26T11:53:58+02:00,[37],[0]
2026-05-26T12:03:59+02:00,[37],[0]
2026-05-26T12:13:59+02:00,[37],[0]
2026-05-26T12:23:58+02:00,[37],[0]
2026-05-26T12:33:59+02:00,[37],[0]
2026-05-26T12:43:59+02:00,[37],[0]
2026-05-26T12:53:58+02:00,[37],[0]
2026-05-26T13:03:59+02:00,[37],[0]
2026-05-26T13:13:58+02:00,[37],[0]
2026-05-26T13:23:59+02:00,[37],[0]
2026-05-26T13:43:59+02:00,[37],[0]
2026-05-26T13:53:58+02:00,[37],[0]
2026-05-26T14:03:59+02:00,[37],[0]
2026-05-26T14:13:59+02:00,[37],[0]
2026-05-26T14:23:59+02:00,[37],[0]
2026-05-26T14:43:59+02:00,[37],[0]
2026-05-26T14:53:59+02:00,[38],[0]
2026-05-26T15:03:59+02:00,[37],[0]
2026-05-26T15:14:00+02:00,[38],[0]
2026-05-26T15:23:59+02:00,[37],[0]
2026-05-26T15:33:59+02:00,[37],[0]
2026-05-26T15:43:58+02:00,[37],[0]
2026-05-26T15:53:59+02:00,[37],[0]
2026-05-26T16:23:59+02:00,[38],[0]
2026-05-26T18:00:00+02:00,[60],[0]
2026-05-27T02:33:59+02:00,[37],[0]
2026-05-27T02:43:59+02:00,[38],[0]
2026-05-27T02:53:59+02:00,[37],[0]
2026-05-27T03:04:00+02:00,[38],[0]
2026-05-27T03:23:59+02:00,[37],[0]
2026-05-27T03:34:00+02:00,[38],[0]
2026-05-27T03:43:59+02:00,[37],[0]
2026-05-27T03:53:59+02:00,[37],[0]
2026-05-27T04:03:59+02:00,[37],[0]
2026-05-27T04:13:59+02:00,[37],[0]
2026-05-27T04:24:00+02:00,[38],[0]
2026-05-27T04:33:59+02:00,[37],[0]
2026-05-27T04:43:59+02:00,[37],[0]
2026-05-27T04:53:59+02:00,[37],[0]
2026-05-27T05:03:58+02:00,[37],[0]
2026-05-27T05:14:00+02:00,[38],[0]
2026-05-27T05:23:59+02:00,[37],[0]
2026-05-27T05:33:59+02:00,[37],[0]
2026-05-27T05:44:00+02:00,[38],[0]
2026-05-27T05:53:59+02:00,[37],[0]
2026-05-27T06:03:59+02:00,[37],[0]
2026-05-27T06:14:00+02:00,[38],[0]
2026-05-27T06:23:59+02:00,[37],[0]
2026-05-27T06:33:59+02:00,[37],[0]
2026-05-27T06:43:59+02:00,[37],[0]
2026-05-27T06:53:59+02:00,[37],[0]
2026-05-27T07:03:59+02:00,[37],[0]
2026-05-27T07:13:59+02:00,[37],[0]
2026-05-27T07:23:59+02:00,[37],[0]
2026-05-27T07:34:00+02:00,[38],[0]
2026-05-27T07:43:59+02:00,[37],[0]
2026-05-27T07:53:59+02:00,[37],[0]
2026-05-27T08:03:59+02:00,[37],[0]
2026-05-27T08:13:59+02:00,[37],[0]
2026-05-27T08:24:00+02:00,[38],[0]
2026-05-27T08:33:59+02:00,[37],[0]
2026-05-27T08:43:59+02:00,[37],[0]
2026-05-27T08:53:59+02:00,[37],[0]
2026-05-25T09:04:02+02:00,[37],[0]
2026-05-25T09:14:02+02:00,[37],[0]
2026-05-25T09:24:02+02:00,[37],[0]
2026-05-25T09:34:02+02:00,[37],[0]
2026-05-25T09:44:02+02:00,[37],[0]
2026-05-25T09:54:02+02:00,[37],[0]
2026-05-25T10:04:03+02:00,[38],[0]
2026-05-25T10:14:02+02:00,[38],[0]
2026-05-25T10:24:02+02:00,[37],[0]
2026-05-25T10:34:03+02:00,[38],[0]
2026-05-25T10:44:02+02:00,[37],[0]
2026-05-25T10:54:02+02:00,[37],[0]
2026-05-25T11:04:02+02:00,[38],[0]
2026-05-25T11:14:01+02:00,[37],[0]
2026-05-25T11:24:02+02:00,[37],[0]
2026-05-25T11:34:01+02:00,[37],[0]
2026-05-25T11:44:02+02:00,[37],[0]
2026-05-25T12:14:00+02:00,[37],[0]
2026-05-25T12:24:00+02:00,[38],[0]
2026-05-25T12:33:59+02:00,[37],[0]
2026-05-25T12:43:59+02:00,[37],[0]
2026-05-25T12:53:59+02:00,[37],[0]
2026-05-25T13:03:59+02:00,[37],[0]
2026-05-25T13:13:59+02:00,[37],[0]
2026-05-25T13:23:59+02:00,[38],[0]
2026-05-25T13:44:00+02:00,[38],[0]
2026-05-25T13:53:59+02:00,[38],[0]
2026-05-25T14:03:59+02:00,[38],[0]
2026-05-25T14:14:00+02:00,[38],[0]
2026-05-25T14:23:59+02:00,[37],[0]
2026-05-25T14:33:59+02:00,[37],[0]
2026-05-25T14:43:59+02:00,[37],[0]
2026-05-25T14:53:59+02:00,[37],[0]
2026-05-25T15:03:59+02:00,[37],[0]
2026-05-25T15:13:59+02:00,[38],[0]
2026-05-25T15:23:58+02:00,[37],[0]
2026-05-25T15:33:59+02:00,[37],[0]
2026-05-25T15:43:59+02:00,[37],[0]
2026-05-25T15:54:00+02:00,[38],[0]
2026-05-25T16:03:59+02:00,[37],[0]
2026-05-25T16:13:59+02:00,[37],[0]
2026-05-25T16:23:59+02:00,[37],[0]
2026-05-25T16:33:59+02:00,[37],[0]
2026-05-25T16:43:59+02:00,[37],[0]
2026-05-25T16:53:59+02:00,[37],[0]
2026-05-25T18:00:00+02:00,[60],[0]
2026-05-26T02:03:59+02:00,[38],[0]
2026-05-26T02:14:00+02:00,[38],[0]
2026-05-26T02:23:59+02:00,[37],[0]
2026-05-26T02:33:59+02:00,[37],[0]
2026-05-26T02:43:59+02:00,[37],[0]
2026-05-26T02:53:59+02:00,[37],[0]
2026-05-26T03:03:59+02:00,[37],[0]
2026-05-26T03:13:59+02:00,[37],[0]
2026-05-26T03:23:59+02:00,[37],[0]
2026-05-26T03:33:59+02:00,[37],[0]
2026-05-26T03:54:00+02:00,[38],[0]
2026-05-26T04:03:59+02:00,[37],[0]
2026-05-26T04:13:59+02:00,[37],[0]
2026-05-26T04:23:59+02:00,[37],[0]
2026-05-26T04:43:59+02:00,[37],[0]
2026-05-26T04:53:59+02:00,[37],[0]
2026-05-26T05:03:59+02:00,[37],[0]
2026-05-26T05:13:59+02:00,[37],[0]
2026-05-26T05:23:59+02:00,[37],[0]
2026-05-26T05:34:00+02:00,[38],[0]
2026-05-26T05:43:59+02:00,[37],[0]
2026-05-26T05:53:59+02:00,[37],[0]
2026-05-26T06:03:59+02:00,[37],[0]
2026-05-26T06:13:59+02:00,[37],[0]
2026-05-26T06:23:59+02:00,[38],[0]
2026-05-26T06:33:59+02:00,[37],[0]
2026-05-26T06:43:59+02:00,[37],[0]
2026-05-26T06:53:59+02:00,[37],[0]
2026-05-26T07:03:59+02:00,[37],[0]
2026-05-26T07:13:59+02:00,[38],[0]
2026-05-26T07:23:59+02:00,[37],[0]
2026-05-26T07:34:00+02:00,[38],[0]
2026-05-26T07:43:59+02:00,[37],[0]
2026-05-26T07:54:00+02:00,[38],[0]
2026-05-26T08:03:59+02:00,[37],[0]
2026-05-26T08:13:59+02:00,[37],[0]
2026-05-26T08:23:59+02:00,[37],[0]
2026-05-26T08:33:59+02:00,[37],[0]
2026-05-26T08:43:59+02:00,[37],[0]
2026-05-24T09:24:02+02:00,[37],[0]
2026-05-24T09:34:02+02:00,[37],[0]
2026-05-24T09:44:03+02:00,[38],[0]
2026-05-24T09:54:03+02:00,[38],[0]
2026-05-24T10:04:02+02:00,[37],[0]
2026-05-24T10:14:03+02:00,[37],[0]
2026-05-24T10:24:02+02:00,[37],[0]
2026-05-24T10:34:03+02:00,[37],[0]
2026-05-24T10:44:02+02:00,[37],[0]
2026-05-24T10:54:02+02:00,[37],[0]
2026-05-24T11:04:02+02:00,[37],[0]
2026-05-24T11:14:02+02:00,[37],[0]
2026-05-24T18:00:00+02:00,[60],[0]
2026-05-25T02:14:03+02:00,[37],[0]
2026-05-25T02:24:02+02:00,[37],[0]
2026-05-25T02:44:02+02:00,[37],[0]
2026-05-25T02:54:02+02:00,[37],[0]
2026-05-25T03:04:02+02:00,[37],[0]
2026-05-25T03:14:02+02:00,[37],[0]
2026-05-25T03:24:02+02:00,[38],[0]
2026-05-25T03:34:03+02:00,[37],[0]
2026-05-25T03:44:02+02:00,[37],[0]
2026-05-25T03:54:02+02:00,[37],[0]
2026-05-25T04:04:02+02:00,[37],[0]
2026-05-25T04:14:04+02:00,[37],[0]
2026-05-25T04:34:02+02:00,[37],[0]
2026-05-25T04:44:03+02:00,[37],[0]
2026-05-25T04:54:02+02:00,[37],[0]
2026-05-25T05:04:03+02:00,[37],[0]
2026-05-25T05:14:02+02:00,[37],[0]
2026-05-25T05:24:02+02:00,[37],[0]
2026-05-25T05:34:03+02:00,[38],[0]
2026-05-25T05:44:02+02:00,[37],[0]
2026-05-25T05:54:02+02:00,[37],[0]
2026-05-25T06:04:02+02:00,[37],[0]
2026-05-25T06:14:02+02:00,[37],[0]
2026-05-25T06:24:02+02:00,[37],[0]
2026-05-25T06:34:03+02:00,[38],[0]
2026-05-25T06:44:03+02:00,[38],[0]
2026-05-25T06:54:03+02:00,[37],[0]
2026-05-25T07:04:02+02:00,[38],[0]
2026-05-25T07:14:02+02:00,[37],[0]
2026-05-25T07:24:03+02:00,[38],[0]
2026-05-25T07:34:02+02:00,[37],[0]
2026-05-25T07:44:03+02:00,[38],[0]
2026-05-25T07:54:03+02:00,[37],[0]
2026-05-25T08:01:41+02:00,[38],[0]
2026-05-25T08:04:02+02:00,[37],[0]
2026-05-25T08:14:02+02:00,[37],[0]
2026-05-25T08:24:03+02:00,[38],[0]
2026-05-25T08:34:02+02:00,[37],[0]
2026-05-25T08:44:03+02:00,[38],[0]
2026-05-23T08:44:02+02:00,[37],[0]
2026-05-23T08:54:02+02:00,[37],[0]
2026-05-23T09:04:03+02:00,[38],[0]
2026-05-23T09:14:02+02:00,[37],[0]
2026-05-23T09:24:02+02:00,[37],[0]
2026-05-23T09:34:02+02:00,[37],[0]
2026-05-23T09:44:02+02:00,[37],[0]
2026-05-23T09:54:02+02:00,[37],[0]
2026-05-23T10:04:01+02:00,[37],[0]
2026-05-23T10:14:02+02:00,[37],[0]
2026-05-23T10:34:02+02:00,[37],[0]
2026-05-23T10:44:02+02:00,[37],[0]
2026-05-23T10:54:03+02:00,[38],[0]
2026-05-23T11:04:02+02:00,[37],[0]
2026-05-23T11:14:02+02:00,[37],[0]
2026-05-23T11:24:02+02:00,[37],[0]
2026-05-23T11:34:02+02:00,[37],[0]
2026-05-23T11:44:03+02:00,[38],[0]
2026-05-23T11:54:03+02:00,[38],[0]
2026-05-23T12:14:03+02:00,[38],[0]
2026-05-23T12:24:02+02:00,[37],[0]
2026-05-23T12:34:01+02:00,[37],[0]
2026-05-23T12:54:02+02:00,[37],[0]
2026-05-23T13:24:02+02:00,[37],[0]
2026-05-23T13:34:02+02:00,[37],[0]
2026-05-23T13:54:02+02:00,[37],[0]
2026-05-23T14:04:02+02:00,[37],[0]
2026-05-23T14:24:02+02:00,[37],[0]
2026-05-23T14:44:02+02:00,[38],[0]
2026-05-23T15:04:02+02:00,[37],[0]
2026-05-23T15:14:01+02:00,[37],[0]
2026-05-23T15:24:02+02:00,[37],[0]
2026-05-23T15:34:03+02:00,[38],[0]
2026-05-23T15:44:01+02:00,[37],[0]
2026-05-23T15:54:01+02:00,[37],[0]
2026-05-23T16:04:02+02:00,[37],[0]
2026-05-23T16:14:02+02:00,[37],[0]
2026-05-23T16:34:02+02:00,[37],[0]
2026-05-23T16:54:02+02:00,[37],[0]
2026-05-23T17:14:02+02:00,[37],[0]
2026-05-23T17:24:02+02:00,[37],[0]
2026-05-23T18:00:00+02:00,[60],[0]
2026-05-24T04:54:02+02:00,[37],[0]
2026-05-24T05:04:02+02:00,[37],[0]
2026-05-24T05:14:02+02:00,[37],[0]
2026-05-24T05:24:02+02:00,[37],[0]
2026-05-24T05:34:01+02:00,[37],[0]
2026-05-24T06:14:02+02:00,[37],[0]
2026-05-24T06:24:03+02:00,[37],[0]
2026-05-24T06:34:02+02:00,[37],[0]
2026-05-24T06:44:03+02:00,[37],[0]
2026-05-24T06:54:03+02:00,[38],[0]
2026-05-24T07:14:03+02:00,[38],[0]
2026-05-24T07:24:02+02:00,[37],[0]
2026-05-24T07:34:03+02:00,[38],[0]
2026-05-24T07:44:03+02:00,[37],[0]
2026-05-24T07:54:02+02:00,[37],[0]
2026-05-24T08:04:03+02:00,[38],[0]
2026-05-24T08:14:02+02:00,[37],[0]
2026-05-24T08:24:02+02:00,[37],[0]
2026-05-24T08:34:03+02:00,[38],[0]
2026-05-24T08:44:03+02:00,[38],[0]
2026-05-24T08:54:02+02:00,[37],[0]
2026-05-24T09:04:02+02:00,[37],[0]
2026-05-24T09:14:02+02:00,[37],[0]
2026-05-22T08:54:05+02:00,[37],[0]
2026-05-22T09:04:04+02:00,[37],[0]
2026-05-22T09:14:06+02:00,[38],[0]
2026-05-22T10:14:05+02:00,[38],[0]
2026-05-22T10:34:06+02:00,[38],[0]
2026-05-22T10:44:04+02:00,[37],[0]
2026-05-22T10:54:05+02:00,[38],[0]
2026-05-22T11:04:05+02:00,[37],[0]
2026-05-22T11:14:04+02:00,[37],[0]
2026-05-22T11:24:05+02:00,[37],[0]
2026-05-22T11:34:05+02:00,[37],[0]
2026-05-22T11:44:04+02:00,[37],[0]
2026-05-22T11:54:05+02:00,[37],[0]
2026-05-22T12:04:05+02:00,[37],[0]
2026-05-22T12:14:05+02:00,[37],[0]
2026-05-22T12:24:02+02:00,[37],[0]
2026-05-22T12:34:03+02:00,[38],[0]
2026-05-22T12:44:03+02:00,[38],[0]
2026-05-22T12:54:02+02:00,[37],[0]
2026-05-22T13:04:03+02:00,[38],[0]
2026-05-22T13:44:03+02:00,[38],[0]
2026-05-22T14:14:02+02:00,[37],[0]
2026-05-22T14:24:02+02:00,[37],[0]
2026-05-22T14:34:03+02:00,[37],[0]
2026-05-22T14:44:02+02:00,[38],[0]
2026-05-22T14:54:02+02:00,[37],[0]
2026-05-22T15:04:02+02:00,[37],[0]
2026-05-22T15:14:02+02:00,[37],[0]
2026-05-22T15:24:02+02:00,[37],[0]
2026-05-22T15:34:02+02:00,[37],[0]
2026-05-22T15:44:02+02:00,[38],[0]
2026-05-22T15:54:02+02:00,[37],[0]
2026-05-22T16:04:02+02:00,[37],[0]
2026-05-22T16:14:02+02:00,[37],[0]
2026-05-22T16:24:03+02:00,[38],[0]
2026-05-22T16:34:03+02:00,[38],[0]
2026-05-22T16:44:02+02:00,[38],[0]
2026-05-22T16:54:02+02:00,[37],[0]
2026-05-22T17:04:02+02:00,[37],[0]
2026-05-22T17:14:02+02:00,[37],[0]
2026-05-22T17:24:02+02:00,[37],[0]
2026-05-22T17:34:02+02:00,[37],[0]
2026-05-22T17:44:02+02:00,[38],[0]
2026-05-22T17:54:02+02:00,[37],[0]
2026-05-22T18:00:00+02:00,[60],[0]
2026-05-22T18:04:02+02:00,[37],[0]
2026-05-23T04:40:28+02:00,[1],[0]
2026-05-23T04:40:40+02:00,"[30,30,30,30,23,30,30]","[0,0,0,0,0,0,0]"
2026-05-23T04:44:33+02:00,"[30,27,30,30,30,30,23,52,10,30,30,7,19,21,19,30,30,34,2,27,30,30,30,25,30,30,30,30,17,20,30,30]","[0,0,0,0,0,0,0,0,0,0,0,0,0,0,0,0,0,0,0,0,0,0,0,0,0,0,0,0,0,0,0,0]"
2026-05-23T04:58:06+02:00,[30],[0]
2026-05-23T04:59:46+02:00,[38],[0]
2026-05-23T05:04:02+02:00,[37],[0]
2026-05-23T05:14:03+02:00,[38],[0]
2026-05-23T05:34:03+02:00,[37],[0]
2026-05-23T05:44:03+02:00,[38],[0]
2026-05-23T05:54:02+02:00,[37],[0]
2026-05-23T06:14:03+02:00,[38],[0]
2026-05-23T06:24:02+02:00,[37],[0]
2026-05-23T06:34:02+02:00,[37],[0]
2026-05-23T06:44:02+02:00,[37],[0]
2026-05-23T06:54:03+02:00,[37],[0]
2026-05-23T07:04:03+02:00,[38],[0]
2026-05-23T07:14:03+02:00,[38],[0]
2026-05-23T07:24:02+02:00,[38],[0]
2026-05-23T07:34:02+02:00,[37],[0]
2026-05-23T07:44:02+02:00,[37],[0]
2026-05-23T07:54:02+02:00,[37],[0]
2026-05-23T08:14:03+02:00,[37],[0]
2026-05-21T09:04:05+02:00,[37],[0]
2026-05-21T09:14:06+02:00,[38],[0]
2026-05-21T09:24:05+02:00,[37],[0]
2026-05-21T09:34:05+02:00,[37],[0]
2026-05-21T09:44:06+02:00,[38],[0]
2026-05-21T09:54:06+02:00,[38],[0]
2026-05-21T10:04:05+02:00,[37],[0]
2026-05-21T10:14:05+02:00,[37],[0]
2026-05-21T10:24:05+02:00,[38],[0]
2026-05-21T10:34:06+02:00,[38],[0]
2026-05-21T10:44:05+02:00,[37],[0]
2026-05-21T10:54:04+02:00,[37],[0]
2026-05-21T11:24:04+02:00,[37],[0]
2026-05-21T11:34:06+02:00,[38],[0]
2026-05-21T11:44:06+02:00,[37],[0]
2026-05-21T11:54:04+02:00,[37],[0]
2026-05-21T12:04:05+02:00,[37],[0]
2026-05-21T13:34:07+02:00,[37],[0]
2026-05-21T13:44:05+02:00,[38],[0]
2026-05-21T13:54:05+02:00,[37],[0]
2026-05-21T14:04:05+02:00,[37],[0]
2026-05-21T14:14:05+02:00,[37],[0]
2026-05-21T14:24:05+02:00,[37],[0]
2026-05-21T14:34:04+02:00,[37],[0]
2026-05-21T14:44:05+02:00,[37],[0]
2026-05-21T14:54:05+02:00,[38],[0]
2026-05-21T15:14:06+02:00,[37],[0]
2026-05-21T15:24:05+02:00,[37],[0]
2026-05-21T15:54:06+02:00,[38],[0]
2026-05-21T16:04:05+02:00,[37],[0]
2026-05-21T16:14:05+02:00,[37],[0]
2026-05-21T16:24:05+02:00,[37],[0]
2026-05-21T16:34:05+02:00,[37],[0]
2026-05-21T16:44:05+02:00,[37],[0]
2026-05-21T16:54:05+02:00,[38],[0]
2026-05-21T17:04:05+02:00,[37],[0]
2026-05-21T18:00:00+02:00,[60],[0]
2026-05-22T02:24:05+02:00,[37],[0]
2026-05-22T02:34:05+02:00,[37],[0]
2026-05-22T02:44:05+02:00,[37],[0]
2026-05-22T02:54:05+02:00,[37],[0]
2026-05-22T03:14:05+02:00,[37],[0]
2026-05-22T03:24:06+02:00,[38],[0]
2026-05-22T03:34:05+02:00,[37],[0]
2026-05-22T03:44:05+02:00,[37],[0]
2026-05-22T03:54:06+02:00,[38],[0]
2026-05-22T04:04:05+02:00,[37],[0]
2026-05-22T04:14:05+02:00,[37],[0]
2026-05-22T04:24:05+02:00,[37],[0]
2026-05-22T04:34:05+02:00,[37],[0]
2026-05-22T04:44:05+02:00,[37],[0]
2026-05-22T04:54:05+02:00,[37],[0]
2026-05-22T05:04:05+02:00,[37],[0]
2026-05-22T05:14:05+02:00,[37],[0]
2026-05-22T05:24:05+02:00,[37],[0]
2026-05-22T05:34:05+02:00,[37],[0]
2026-05-22T05:44:05+02:00,[37],[0]
2026-05-22T05:54:05+02:00,[37],[0]
2026-05-22T06:04:05+02:00,[37],[0]
2026-05-22T06:14:05+02:00,[37],[0]
2026-05-22T06:34:05+02:00,[37],[0]
2026-05-22T06:44:05+02:00,[38],[0]
2026-05-22T06:54:05+02:00,[38],[0]
2026-05-22T07:04:05+02:00,[37],[0]
2026-05-22T07:14:05+02:00,[38],[0]
2026-05-22T07:24:05+02:00,[37],[0]
2026-05-22T07:34:05+02:00,[37],[0]
2026-05-22T07:44:05+02:00,[37],[0]
2026-05-22T07:54:05+02:00,[38],[0]
2026-05-22T08:04:05+02:00,[37],[0]
2026-05-22T08:14:06+02:00,[37],[0]
2026-05-22T08:24:04+02:00,[37],[0]
2026-05-22T08:34:05+02:00,[37],[0]
2026-05-22T08:44:05+02:00,[37],[0]
2026-05-20T08:54:05+02:00,[4],[0]
2026-05-20T09:04:06+02:00,[38],[0]
2026-05-20T09:14:05+02:00,[37],[0]
2026-05-20T09:24:06+02:00,[38],[0]
2026-05-20T09:34:06+02:00,[38],[0]
2026-05-20T09:44:05+02:00,[37],[0]
2026-05-20T09:54:05+02:00,[37],[0]
2026-05-20T10:04:05+02:00,[37],[0]
2026-05-20T10:14:05+02:00,[37],[0]
2026-05-20T10:24:05+02:00,[37],[0]
2026-05-20T10:34:06+02:00,[37],[0]
2026-05-20T10:44:05+02:00,[37],[0]
2026-05-20T10:54:06+02:00,[38],[0]
2026-05-20T11:04:05+02:00,[37],[0]
2026-05-20T11:14:05+02:00,[37],[0]
2026-05-20T11:24:05+02:00,[38],[0]
2026-05-20T11:34:05+02:00,[37],[0]
2026-05-20T11:44:05+02:00,[37],[0]
2026-05-20T11:54:05+02:00,[37],[0]
2026-05-20T12:04:05+02:00,[37],[0]
2026-05-20T12:14:05+02:00,[37],[0]
2026-05-20T12:24:05+02:00,[37],[0]
2026-05-20T12:34:04+02:00,[37],[0]
2026-05-20T12:44:05+02:00,[37],[0]
2026-05-20T12:54:05+02:00,[37],[0]
2026-05-20T13:14:04+02:00,[37],[0]
2026-05-20T13:44:06+02:00,[38],[0]
2026-05-20T13:54:05+02:00,[37],[0]
2026-05-20T14:04:06+02:00,[38],[0]
2026-05-20T14:14:05+02:00,[37],[0]
2026-05-20T18:00:00+02:00,[60],[0]
2026-05-21T02:24:05+02:00,[37],[0]
2026-05-21T02:34:05+02:00,[38],[0]
2026-05-21T02:44:04+02:00,[37],[0]
2026-05-21T02:54:05+02:00,[37],[0]
2026-05-21T03:04:05+02:00,[37],[0]
2026-05-21T03:14:05+02:00,[37],[0]
2026-05-21T03:24:05+02:00,[37],[0]
2026-05-21T03:34:05+02:00,[37],[0]
2026-05-21T03:44:05+02:00,[37],[0]
2026-05-21T03:54:05+02:00,[37],[0]
2026-05-21T04:04:05+02:00,[37],[0]
2026-05-21T04:14:05+02:00,[37],[0]
2026-05-21T04:24:06+02:00,[38],[0]
2026-05-21T04:34:05+02:00,[37],[0]
2026-05-21T04:44:05+02:00,[37],[0]
2026-05-21T05:04:05+02:00,[37],[0]
2026-05-21T05:14:06+02:00,[37],[0]
2026-05-21T05:24:05+02:00,[37],[0]
2026-05-21T05:34:06+02:00,[38],[0]
2026-05-21T05:44:05+02:00,[37],[0]
2026-05-21T05:54:05+02:00,[37],[0]
2026-05-21T06:04:06+02:00,[38],[0]
2026-05-21T06:14:06+02:00,[38],[0]
2026-05-21T06:24:05+02:00,[37],[0]
2026-05-21T06:34:06+02:00,[38],[0]
2026-05-21T06:44:05+02:00,[37],[0]
2026-05-21T06:54:06+02:00,[38],[0]
2026-05-21T07:04:05+02:00,[37],[0]
2026-05-21T07:14:06+02:00,[37],[0]
2026-05-21T07:24:06+02:00,[37],[0]
2026-05-21T07:34:06+02:00,[37],[0]
2026-05-21T07:44:05+02:00,[37],[0]
2026-05-21T07:54:05+02:00,[37],[0]
2026-05-21T08:04:05+02:00,[37],[0]
2026-05-21T08:14:05+02:00,[37],[0]
2026-05-21T08:24:05+02:00,[37],[0]
2026-05-21T08:34:06+02:00,[37],[0]
2026-05-21T08:44:05+02:00,[37],[0]
2026-05-21T08:54:05+02:00,[37],[0]
2026-05-19T08:54:09+02:00,[38],[0]
2026-05-19T09:04:08+02:00,[37],[0]
2026-05-19T09:14:08+02:00,[37],[0]
2026-05-19T09:24:08+02:00,[37],[0]
2026-05-19T09:34:09+02:00,[38],[0]
2026-05-19T09:44:08+02:00,[37],[0]
2026-05-19T09:54:08+02:00,[37],[0]
2026-05-19T10:04:08+02:00,[37],[0]
2026-05-19T10:14:08+02:00,[37],[0]
2026-05-19T10:24:09+02:00,[38],[0]
2026-05-19T10:34:08+02:00,[37],[0]
2026-05-19T10:44:08+02:00,[37],[0]
2026-05-19T10:54:08+02:00,[37],[0]
2026-05-19T11:14:08+02:00,[37],[0]
2026-05-19T11:44:08+02:00,[37],[0]
2026-05-19T11:54:05+02:00,[37],[0]
2026-05-19T12:04:05+02:00,[37],[0]
2026-05-19T12:24:05+02:00,[37],[0]
2026-05-19T12:34:05+02:00,[37],[0]
2026-05-19T12:44:06+02:00,[38],[0]
2026-05-19T13:04:05+02:00,[37],[0]
2026-05-19T13:14:06+02:00,[38],[0]
2026-05-19T13:24:04+02:00,[37],[0]
2026-05-19T13:44:04+02:00,[37],[0]
2026-05-19T13:54:06+02:00,[37],[0]
2026-05-19T14:04:05+02:00,[37],[0]
2026-05-19T14:14:04+02:00,[37],[0]
2026-05-19T14:24:04+02:00,[37],[0]
2026-05-19T14:34:06+02:00,[38],[0]
2026-05-19T14:44:06+02:00,[37],[0]
2026-05-19T14:54:04+02:00,[37],[0]
2026-05-19T15:04:05+02:00,[37],[0]
2026-05-19T15:14:05+02:00,[37],[0]
2026-05-19T15:24:06+02:00,[38],[0]
2026-05-19T15:34:04+02:00,[37],[0]
2026-05-19T15:54:06+02:00,[37],[0]
2026-05-19T16:14:05+02:00,[37],[0]
2026-05-19T16:24:06+02:00,[38],[0]
2026-05-19T16:34:05+02:00,[37],[0]
2026-05-19T16:44:06+02:00,[38],[0]
2026-05-19T16:54:06+02:00,[38],[0]
2026-05-19T17:04:05+02:00,[37],[0]
2026-05-19T17:14:05+02:00,[37],[0]
2026-05-19T17:24:05+02:00,[38],[0]
2026-05-19T17:34:05+02:00,[37],[0]
2026-05-19T18:00:00+02:00,[60],[0]
2026-05-20T02:34:05+02:00,[37],[0]
2026-05-20T02:44:06+02:00,[38],[0]
2026-05-20T02:54:06+02:00,[37],[0]
2026-05-20T03:04:06+02:00,[38],[0]
2026-05-20T03:14:05+02:00,[37],[0]
2026-05-20T03:24:05+02:00,[37],[0]
2026-05-20T03:34:05+02:00,[37],[0]
2026-05-20T03:44:06+02:00,[38],[0]
2026-05-20T04:04:06+02:00,[38],[0]
2026-05-20T04:14:05+02:00,[37],[0]
2026-05-20T04:24:05+02:00,[37],[0]
2026-05-20T04:34:05+02:00,[37],[0]
2026-05-20T04:44:06+02:00,[37],[0]
2026-05-20T04:54:05+02:00,[37],[0]
2026-05-20T05:04:06+02:00,[38],[0]
2026-05-20T05:14:05+02:00,[37],[0]
2026-05-20T05:24:05+02:00,[37],[0]
2026-05-20T05:34:06+02:00,[37],[0]
2026-05-20T05:44:05+02:00,[37],[0]
2026-05-20T05:54:05+02:00,[37],[0]
2026-05-20T06:04:05+02:00,[37],[0]
2026-05-20T06:14:05+02:00,[37],[0]
2026-05-20T06:24:06+02:00,[37],[0]
2026-05-20T06:34:05+02:00,[37],[0]
2026-05-20T06:44:05+02:00,[37],[0]
2026-05-20T06:54:05+02:00,[37],[0]
2026-05-20T07:04:05+02:00,[37],[0]
2026-05-20T07:14:06+02:00,[38],[0]
2026-05-20T07:24:05+02:00,[37],[0]
2026-05-20T07:34:05+02:00,[37],[0]
2026-05-20T07:44:05+02:00,[37],[0]
2026-05-20T07:54:06+02:00,[38],[0]
2026-05-20T08:04:05+02:00,[37],[0]
2026-05-20T08:14:06+02:00,[37],[0]
2026-05-20T08:24:06+02:00,[38],[0]
2026-05-20T08:34:05+02:00,[37],[0]
2026-05-20T08:44:06+02:00,[37],[0]
2026-05-18T08:54:09+02:00,[37],[0]
2026-05-18T09:04:08+02:00,[37],[0]
2026-05-18T09:14:08+02:00,[37],[0]
2026-05-18T09:24:07+02:00,[36],[0]
2026-05-18T09:34:09+02:00,[38],[0]
2026-05-18T09:44:08+02:00,[37],[0]
2026-05-18T09:54:08+02:00,[37],[0]
2026-05-18T10:04:09+02:00,[38],[0]
2026-05-18T10:14:07+02:00,[37],[0]
2026-05-18T10:24:09+02:00,[37],[0]
2026-05-18T10:34:09+02:00,[38],[0]
2026-05-18T10:44:08+02:00,[37],[0]
2026-05-18T10:54:08+02:00,[37],[0]
2026-05-18T11:14:08+02:00,[37],[0]
2026-05-18T11:24:07+02:00,[37],[0]
2026-05-18T11:34:08+02:00,[37],[0]
2026-05-18T11:44:09+02:00,[38],[0]
2026-05-18T11:54:07+02:00,[37],[0]
2026-05-18T12:04:07+02:00,[37],[0]
2026-05-18T12:14:08+02:00,[37],[0]
2026-05-18T12:24:08+02:00,[38],[0]
2026-05-18T12:34:08+02:00,[37],[0]
2026-05-18T12:44:08+02:00,[37],[0]
2026-05-18T12:54:09+02:00,[37],[0]
2026-05-18T13:04:09+02:00,[38],[0]
2026-05-18T13:14:08+02:00,[37],[0]
2026-05-18T13:24:08+02:00,[37],[0]
2026-05-18T13:34:09+02:00,[37],[0]
2026-05-18T13:44:09+02:00,[37],[0]
2026-05-18T13:54:08+02:00,[37],[0]
2026-05-18T14:04:08+02:00,[37],[0]
2026-05-18T14:14:09+02:00,[38],[0]
2026-05-18T14:24:08+02:00,[37],[0]
2026-05-18T14:34:09+02:00,[38],[0]
2026-05-18T14:44:08+02:00,[37],[0]
2026-05-18T14:54:09+02:00,[37],[0]
2026-05-18T15:04:08+02:00,[37],[0]
2026-05-18T15:14:08+02:00,[37],[0]
2026-05-18T15:24:08+02:00,[37],[0]
2026-05-18T15:34:08+02:00,[37],[0]
2026-05-18T15:44:08+02:00,[37],[0]
2026-05-18T15:54:08+02:00,[37],[0]
2026-05-18T16:04:08+02:00,[37],[0]
2026-05-18T16:14:08+02:00,[37],[0]
2026-05-18T18:00:00+02:00,[60],[0]
2026-05-19T02:23:33+02:00,[37],[0]
2026-05-19T02:34:07+02:00,[37],[0]
2026-05-19T02:44:08+02:00,[37],[0]
2026-05-19T02:54:08+02:00,[37],[0]
2026-05-19T03:04:08+02:00,[37],[0]
2026-05-19T03:14:08+02:00,[37],[0]
2026-05-19T03:24:08+02:00,[38],[0]
2026-05-19T03:34:08+02:00,[37],[0]
2026-05-19T03:44:08+02:00,[37],[0]
2026-05-19T03:54:08+02:00,[37],[0]
2026-05-19T04:04:08+02:00,[37],[0]
2026-05-19T04:14:08+02:00,[37],[0]
2026-05-19T04:24:08+02:00,[37],[0]
2026-05-19T04:34:09+02:00,[38],[0]
2026-05-19T04:44:08+02:00,[37],[0]
2026-05-19T05:04:08+02:00,[37],[0]
2026-05-19T05:14:08+02:00,[37],[0]
2026-05-19T05:24:08+02:00,[37],[0]
2026-05-19T05:34:09+02:00,[39],[0]
2026-05-19T05:44:08+02:00,[37],[0]
2026-05-19T05:54:08+02:00,[37],[0]
2026-05-19T06:04:08+02:00,[38],[0]
2026-05-19T06:14:08+02:00,[37],[0]
2026-05-19T06:24:08+02:00,[37],[0]
2026-05-19T06:34:08+02:00,[37],[0]
2026-05-19T06:44:08+02:00,[37],[0]
2026-05-19T06:54:08+02:00,[37],[0]
2026-05-19T07:04:08+02:00,[37],[0]
2026-05-19T07:14:08+02:00,[37],[0]
2026-05-19T07:24:08+02:00,[37],[0]
2026-05-19T07:34:08+02:00,[37],[0]
2026-05-19T07:44:08+02:00,[37],[0]
2026-05-19T07:54:09+02:00,[38],[0]
2026-05-19T08:04:09+02:00,[37],[0]
2026-05-19T08:14:08+02:00,[37],[0]
2026-05-19T08:24:09+02:00,[38],[0]
2026-05-19T08:34:08+02:00,[37],[0]
2026-05-19T08:44:08+02:00,[37],[0]
2026-05-17T09:24:08+02:00,[37],[0]
2026-05-17T09:34:08+02:00,[37],[0]
2026-05-17T09:44:08+02:00,[37],[0]
2026-05-17T10:04:09+02:00,[38],[0]
2026-05-17T10:14:08+02:00,[37],[0]
2026-05-17T10:24:08+02:00,[37],[0]
2026-05-17T10:34:07+02:00,[37],[0]
2026-05-17T10:44:08+02:00,[37],[0]
2026-05-17T11:04:08+02:00,[37],[0]
2026-05-17T11:14:09+02:00,[38],[0]
2026-05-17T11:24:08+02:00,[37],[0]
2026-05-17T11:34:08+02:00,[37],[0]
2026-05-17T11:44:33+02:00,[37],[0]
2026-05-17T11:54:09+02:00,[38],[0]
2026-05-17T12:14:09+02:00,[37],[0]
2026-05-17T12:54:08+02:00,[37],[0]
2026-05-17T13:04:08+02:00,[37],[0]
2026-05-17T13:14:08+02:00,[37],[0]
2026-05-17T13:24:07+02:00,[37],[0]
2026-05-17T13:34:08+02:00,[38],[0]
2026-05-17T13:44:08+02:00,[37],[0]
2026-05-17T13:54:08+02:00,[37],[0]
2026-05-17T14:04:09+02:00,[38],[0]
2026-05-17T14:14:08+02:00,[37],[0]
2026-05-17T14:24:07+02:00,[37],[0]
2026-05-17T14:34:09+02:00,[38],[0]
2026-05-17T14:44:08+02:00,[37],[0]
2026-05-17T14:54:08+02:00,[37],[0]
2026-05-17T15:04:08+02:00,[37],[0]
2026-05-17T15:14:09+02:00,[38],[0]
2026-05-17T15:24:09+02:00,[38],[0]
2026-05-17T15:34:09+02:00,[38],[0]
2026-05-17T15:44:07+02:00,[37],[0]
2026-05-17T15:54:08+02:00,[37],[0]
2026-05-17T16:04:08+02:00,[37],[0]
2026-05-17T16:14:08+02:00,[37],[0]
2026-05-17T16:24:08+02:00,[37],[0]
2026-05-17T16:34:08+02:00,[37],[0]
2026-05-17T18:00:00+02:00,[60],[0]
2026-05-18T02:14:08+02:00,[38],[0]
2026-05-18T02:24:13+02:00,[37],[0]
2026-05-18T02:34:07+02:00,[37],[0]
2026-05-18T02:44:07+02:00,[37],[0]
2026-05-18T02:54:08+02:00,[37],[0]
2026-05-18T03:04:08+02:00,[37],[0]
2026-05-18T03:14:09+02:00,[37],[0]
2026-05-18T03:24:09+02:00,[38],[0]
2026-05-18T03:34:09+02:00,[38],[0]
2026-05-18T03:44:08+02:00,[37],[0]
2026-05-18T03:54:09+02:00,[37],[0]
2026-05-18T04:04:08+02:00,[37],[0]
2026-05-18T04:14:08+02:00,[37],[0]
2026-05-18T04:24:08+02:00,[37],[0]
2026-05-18T04:34:08+02:00,[37],[0]
2026-05-18T04:44:08+02:00,[37],[0]
2026-05-18T04:54:09+02:00,[38],[0]
2026-05-18T05:04:08+02:00,[37],[0]
2026-05-18T05:14:08+02:00,[37],[0]
2026-05-18T05:24:08+02:00,[37],[0]
2026-05-18T05:34:09+02:00,[38],[0]
2026-05-18T05:54:09+02:00,[38],[0]
2026-05-18T06:04:08+02:00,[37],[0]
2026-05-18T06:14:08+02:00,[37],[0]
2026-05-18T06:24:08+02:00,[37],[0]
2026-05-18T06:34:08+02:00,[37],[0]
2026-05-18T06:44:08+02:00,[37],[0]
2026-05-18T06:54:08+02:00,[37],[0]
2026-05-18T07:04:08+02:00,[37],[0]
2026-05-18T07:14:07+02:00,[37],[0]
2026-05-18T07:24:08+02:00,[37],[0]
2026-05-18T07:34:08+02:00,[37],[0]
2026-05-18T07:44:09+02:00,[38],[0]
2026-05-18T07:54:08+02:00,[37],[0]
2026-05-18T08:14:08+02:00,[38],[0]
2026-05-18T08:24:09+02:00,[38],[0]
2026-05-18T08:34:09+02:00,[38],[0]
2026-05-18T08:44:08+02:00,[37],[0]
2026-05-16T08:54:12+02:00,[37],[0]
2026-05-16T09:04:12+02:00,[38],[0]
2026-05-16T09:14:12+02:00,[37],[0]
2026-05-16T09:24:12+02:00,[37],[0]
2026-05-16T09:34:12+02:00,[37],[0]
2026-05-16T09:44:12+02:00,[37],[0]
2026-05-16T09:54:12+02:00,[37],[0]
2026-05-16T10:04:12+02:00,[37],[0]
2026-05-16T10:14:12+02:00,[37],[0]
2026-05-16T10:24:13+02:00,[38],[0]
2026-05-16T10:34:12+02:00,[37],[0]
2026-05-16T10:44:12+02:00,[37],[0]
2026-05-16T11:04:12+02:00,[37],[0]
2026-05-16T11:14:12+02:00,[37],[0]
2026-05-16T11:34:13+02:00,[38],[0]
2026-05-16T11:44:12+02:00,[37],[0]
2026-05-16T11:54:12+02:00,[37],[0]
2026-05-16T12:04:12+02:00,[37],[0]
2026-05-16T12:14:09+02:00,[37],[0]
2026-05-16T12:24:08+02:00,[37],[0]
2026-05-16T12:34:08+02:00,[37],[0]
2026-05-16T12:44:08+02:00,[37],[0]
2026-05-16T12:54:08+02:00,[37],[0]
2026-05-16T13:04:08+02:00,[37],[0]
2026-05-16T13:14:08+02:00,[37],[0]
2026-05-16T13:24:08+02:00,[37],[0]
2026-05-16T13:34:08+02:00,[37],[0]
2026-05-16T13:44:09+02:00,[38],[0]
2026-05-16T13:54:08+02:00,[37],[0]
2026-05-16T14:04:08+02:00,[37],[0]
2026-05-16T14:14:08+02:00,[37],[0]
2026-05-16T14:24:08+02:00,[37],[0]
2026-05-16T14:34:08+02:00,[37],[0]
2026-05-16T14:44:08+02:00,[37],[0]
2026-05-16T14:54:08+02:00,[37],[0]
2026-05-16T15:04:08+02:00,[37],[0]
2026-05-16T15:14:08+02:00,[37],[0]
2026-05-16T15:24:08+02:00,[37],[0]
2026-05-16T15:34:08+02:00,[38],[0]
2026-05-16T15:44:09+02:00,[38],[0]
2026-05-16T15:54:08+02:00,[37],[0]
2026-05-16T16:04:08+02:00,[37],[0]
2026-05-16T16:14:08+02:00,[38],[0]
2026-05-16T16:24:08+02:00,[37],[0]
2026-05-16T16:34:09+02:00,[38],[0]
2026-05-16T16:44:09+02:00,[38],[0]
2026-05-16T16:54:08+02:00,[37],[0]
2026-05-16T17:04:08+02:00,[37],[0]
2026-05-16T17:14:08+02:00,[37],[0]
2026-05-16T17:24:09+02:00,[38],[0]
2026-05-16T17:34:08+02:00,[37],[0]
2026-05-16T17:44:08+02:00,[37],[0]
2026-05-16T17:54:08+02:00,[37],[0]
2026-05-16T18:04:08+02:00,[37],[0]
2026-05-16T18:00:00+02:00,[60],[0]
2026-05-16T18:14:08+02:00,[37],[0]
2026-05-16T18:24:09+02:00,[38],[0]
2026-05-16T18:34:08+02:00,[37],[0]
2026-05-17T03:24:08+02:00,[37],[0]
2026-05-17T03:34:09+02:00,[38],[0]
2026-05-17T03:44:08+02:00,[37],[0]
2026-05-17T03:54:08+02:00,[37],[0]
2026-05-17T04:04:08+02:00,[37],[0]
2026-05-17T04:14:07+02:00,[37],[0]
2026-05-17T04:24:07+02:00,[37],[0]
2026-05-17T04:34:09+02:00,[38],[0]
2026-05-17T04:44:09+02:00,[37],[0]
2026-05-17T04:54:08+02:00,[37],[0]
2026-05-17T05:04:09+02:00,[37],[0]
2026-05-17T05:14:09+02:00,[38],[0]
2026-05-17T05:24:08+02:00,[37],[0]
2026-05-17T05:34:08+02:00,[37],[0]
2026-05-17T05:44:08+02:00,[37],[0]
2026-05-17T05:54:08+02:00,[37],[0]
2026-05-17T06:04:09+02:00,[38],[0]
2026-05-17T06:14:08+02:00,[37],[0]
2026-05-17T06:24:09+02:00,[38],[0]
2026-05-17T06:34:08+02:00,[37],[0]
2026-05-17T06:44:09+02:00,[38],[0]
2026-05-17T06:54:08+02:00,[37],[0]
2026-05-17T07:04:08+02:00,[37],[0]
2026-05-17T07:14:08+02:00,[37],[0]
2026-05-17T07:24:08+02:00,[37],[0]
2026-05-17T07:34:09+02:00,[38],[0]
2026-05-17T07:44:08+02:00,[37],[0]
2026-05-17T07:54:08+02:00,[37],[0]
2026-05-17T08:04:09+02:00,[37],[0]
2026-05-17T08:14:08+02:00,[37],[0]
2026-05-17T08:24:09+02:00,[38],[0]
2026-05-17T08:34:08+02:00,[37],[0]
2026-05-17T08:44:08+02:00,[37],[0]
2026-05-17T08:54:08+02:00,[37],[0]
2026-05-17T09:04:08+02:00,[38],[0]
2026-05-17T09:14:09+02:00,[38],[0]
2026-05-15T08:04:12+02:00,[37],[0]
2026-05-15T08:14:12+02:00,[37],[0]
2026-05-15T08:24:13+02:00,[38],[0]
2026-05-15T08:34:13+02:00,[37],[0]
2026-05-15T08:44:12+02:00,[37],[0]
2026-05-15T08:54:12+02:00,[37],[0]
2026-05-15T09:04:13+02:00,[38],[0]
2026-05-15T09:14:13+02:00,[38],[0]
2026-05-15T09:24:12+02:00,[37],[0]
2026-05-15T10:54:12+02:00,[37],[0]
2026-05-15T11:04:12+02:00,[37],[0]
2026-05-15T11:14:13+02:00,[38],[0]
2026-05-15T11:24:12+02:00,[37],[0]
2026-05-15T11:34:12+02:00,[38],[0]
2026-05-15T11:44:13+02:00,[38],[0]
2026-05-15T11:54:13+02:00,[38],[0]
2026-05-15T12:04:12+02:00,[37],[0]
2026-05-15T12:14:11+02:00,[37],[0]
2026-05-15T12:24:11+02:00,[37],[0]
2026-05-15T12:34:12+02:00,[37],[0]
2026-05-15T13:04:12+02:00,[38],[0]
2026-05-15T13:14:13+02:00,[37],[0]
2026-05-15T13:24:12+02:00,[37],[0]
2026-05-15T13:34:13+02:00,[37],[0]
2026-05-15T13:44:12+02:00,[37],[0]
2026-05-15T13:54:11+02:00,[37],[0]
2026-05-15T14:24:13+02:00,[38],[0]
2026-05-15T14:54:12+02:00,[38],[0]
2026-05-15T15:04:13+02:00,[38],[0]
2026-05-15T18:00:00+02:00,[60],[0]
2026-05-16T06:44:12+02:00,[38],[0]
2026-05-16T06:54:12+02:00,[38],[0]
2026-05-16T07:04:12+02:00,[37],[0]
2026-05-16T07:14:13+02:00,[37],[0]
2026-05-16T07:24:12+02:00,[37],[0]
2026-05-16T07:34:12+02:00,[37],[0]
2026-05-16T07:44:11+02:00,[37],[0]
2026-05-16T07:54:12+02:00,[37],[0]
2026-05-16T08:04:13+02:00,[37],[0]
2026-05-16T08:14:13+02:00,[37],[0]
2026-05-16T08:24:12+02:00,[37],[0]
2026-05-16T08:44:13+02:00,[38],[0]
2026-05-14T08:14:12+02:00,[37],[0]
2026-05-14T08:24:12+02:00,[37],[0]
2026-05-14T08:34:12+02:00,[37],[0]
2026-05-14T08:44:13+02:00,[38],[0]
2026-05-14T08:54:12+02:00,[37],[0]
2026-05-14T09:04:12+02:00,[37],[0]
2026-05-14T09:24:12+02:00,[38],[0]
2026-05-14T09:34:13+02:00,[37],[0]
2026-05-14T09:44:12+02:00,[38],[0]
2026-05-14T09:54:12+02:00,[37],[0]
2026-05-14T10:04:11+02:00,[37],[0]
2026-05-14T10:14:13+02:00,[38],[0]
2026-05-14T10:24:12+02:00,[38],[0]
2026-05-14T10:34:12+02:00,[37],[0]
2026-05-14T10:44:13+02:00,[38],[0]
2026-05-14T10:54:12+02:00,[37],[0]
2026-05-14T11:04:12+02:00,[37],[0]
2026-05-14T11:14:13+02:00,[37],[0]
2026-05-14T11:24:12+02:00,[37],[0]
2026-05-14T11:44:12+02:00,[37],[0]
2026-05-14T11:54:12+02:00,[38],[0]
2026-05-14T12:04:12+02:00,[37],[0]
2026-05-14T12:14:12+02:00,[37],[0]
2026-05-14T12:24:12+02:00,[37],[0]
2026-05-14T12:54:12+02:00,[37],[0]
2026-05-14T13:04:12+02:00,[37],[0]
2026-05-14T13:14:12+02:00,[37],[0]
2026-05-14T13:24:12+02:00,[38],[0]
2026-05-14T13:34:12+02:00,[37],[0]
2026-05-14T13:54:11+02:00,[37],[0]
2026-05-14T14:04:12+02:00,[37],[0]
2026-05-14T14:14:13+02:00,[38],[0]
2026-05-14T14:24:13+02:00,[38],[0]
2026-05-14T14:34:12+02:00,[37],[0]
2026-05-14T14:44:12+02:00,[37],[0]
2026-05-14T14:54:12+02:00,[37],[0]
2026-05-14T15:04:12+02:00,[37],[0]
2026-05-14T15:14:12+02:00,[37],[0]
2026-05-14T15:24:11+02:00,[37],[0]
2026-05-14T15:44:13+02:00,[38],[0]
2026-05-14T15:54:12+02:00,[37],[0]
2026-05-14T16:04:12+02:00,[37],[0]
2026-05-14T16:14:12+02:00,[37],[0]
2026-05-14T16:24:12+02:00,[37],[0]
2026-05-14T16:34:12+02:00,[37],[0]
2026-05-14T16:44:13+02:00,[38],[0]
2026-05-14T16:54:12+02:00,[37],[0]
2026-05-14T17:04:12+02:00,[37],[0]
2026-05-14T17:34:13+02:00,[38],[0]
2026-05-14T17:44:27+02:00,[38],[0]
2026-05-14T17:54:12+02:00,[37],[0]
2026-05-14T18:04:14+02:00,[37],[0]
2026-05-14T18:00:00+02:00,[60],[0]
2026-05-14T18:14:33+02:00,[37],[0]
2026-05-14T18:24:28+02:00,[37],[0]
2026-05-14T18:34:16+02:00,[38],[0]
2026-05-14T18:44:18+02:00,[38],[0]
2026-05-14T18:54:24+02:00,[37],[0]
2026-05-14T19:04:23+02:00,[37],[0]
2026-05-14T19:14:13+02:00,[37],[0]
2026-05-14T19:44:38+02:00,[38],[0]
2026-05-14T19:54:13+02:00,[37],[0]
2026-05-14T20:04:13+02:00,[37],[0]
2026-05-14T20:14:21+02:00,[37],[0]
2026-05-14T20:24:12+02:00,[37],[0]
2026-05-14T20:34:17+02:00,[37],[0]
2026-05-14T20:44:22+02:00,[38],[0]
2026-05-15T01:14:12+02:00,[37],[0]
2026-05-15T01:24:12+02:00,[37],[0]
2026-05-15T01:34:12+02:00,[37],[0]
2026-05-15T01:44:12+02:00,[37],[0]
2026-05-15T01:54:12+02:00,[37],[0]
2026-05-15T02:04:13+02:00,[38],[0]
2026-05-15T02:14:13+02:00,[37],[0]
2026-05-15T02:24:13+02:00,[38],[0]
2026-05-15T02:44:11+02:00,[37],[0]
2026-05-15T02:54:12+02:00,[37],[0]
2026-05-15T03:04:13+02:00,[38],[0]
2026-05-15T03:14:13+02:00,[38],[0]
2026-05-15T03:24:12+02:00,[37],[0]
2026-05-15T03:34:12+02:00,[37],[0]
2026-05-15T03:44:12+02:00,[37],[0]
2026-05-15T03:54:12+02:00,[37],[0]
2026-05-15T04:04:12+02:00,[37],[0]
2026-05-15T04:14:13+02:00,[38],[0]
2026-05-15T04:24:12+02:00,[37],[0]
2026-05-15T04:34:12+02:00,[37],[0]
2026-05-15T04:44:12+02:00,[37],[0]
2026-05-15T04:54:11+02:00,[37],[0]
2026-05-15T05:04:12+02:00,[37],[0]
2026-05-15T05:14:13+02:00,[37],[0]
2026-05-15T05:24:11+02:00,[37],[0]
2026-05-15T05:34:12+02:00,[37],[0]
2026-05-15T05:44:12+02:00,[37],[0]
2026-05-15T05:54:13+02:00,[37],[0]
2026-05-15T06:04:12+02:00,[37],[0]
2026-05-15T06:14:12+02:00,[37],[0]
2026-05-15T06:24:11+02:00,[37],[0]
2026-05-15T06:34:12+02:00,[37],[0]
2026-05-15T06:54:13+02:00,[37],[0]
2026-05-15T07:04:12+02:00,[38],[0]
2026-05-15T07:14:12+02:00,[37],[0]
2026-05-15T07:24:12+02:00,[37],[0]
2026-05-15T07:34:12+02:00,[37],[0]
2026-05-15T07:44:12+02:00,[38],[0]
2026-05-13T07:54:15+02:00,[37],[0]
2026-05-13T08:04:16+02:00,[38],[0]
2026-05-13T08:14:15+02:00,[37],[0]
2026-05-13T08:24:16+02:00,[38],[0]
2026-05-13T08:34:15+02:00,[37],[0]
2026-05-13T08:44:16+02:00,[38],[0]
2026-05-13T08:54:15+02:00,[37],[0]
2026-05-13T09:04:14+02:00,[37],[0]
2026-05-13T09:24:16+02:00,[38],[0]
2026-05-13T09:34:16+02:00,[38],[0]
2026-05-13T09:44:16+02:00,[38],[0]
2026-05-13T09:54:16+02:00,[38],[0]
2026-05-13T10:04:16+02:00,[37],[0]
2026-05-13T10:14:15+02:00,[37],[0]
2026-05-13T10:24:15+02:00,[37],[0]
2026-05-13T10:34:16+02:00,[38],[0]
2026-05-13T10:44:15+02:00,[37],[0]
2026-05-13T10:54:16+02:00,[38],[0]
2026-05-13T11:04:16+02:00,[38],[0]
2026-05-13T11:14:15+02:00,[37],[0]
2026-05-13T11:24:15+02:00,[37],[0]
2026-05-13T11:34:15+02:00,[37],[0]
2026-05-13T11:53:28+02:00,[1],[0]
2026-05-13T11:53:58+02:00,[30],[0]
2026-05-13T11:54:32+02:00,"[11,30,30,5,30,30,30,30,23,30,30,30,30,28,30,30,30,30,30,3,30,30,30,30,28,30,30,30,30,22,30,21,4,30,30,28,32,6,30,30,59,30]","[0,0,0,0,0,0,0,0,0,0,0,0,0,0,0,0,0,0,0,0,0,0,0,0,0,0,0,0,0,0,0,0,0,0,0,0,0,0,0,0,0,0]"
2026-05-13T12:13:02+02:00,[30],[0]
2026-05-13T12:24:12+02:00,[37],[0]
2026-05-13T12:34:12+02:00,[37],[0]
2026-05-13T18:00:00+02:00,[60],[0]
2026-05-14T02:14:13+02:00,[38],[0]
2026-05-14T02:24:13+02:00,[38],[0]
2026-05-14T02:34:12+02:00,[38],[0]
2026-05-14T02:44:13+02:00,[38],[0]
2026-05-14T02:54:12+02:00,[37],[0]
2026-05-14T03:04:12+02:00,[37],[0]
2026-05-14T03:14:13+02:00,[37],[0]
2026-05-14T03:24:13+02:00,[37],[0]
2026-05-14T03:44:12+02:00,[37],[0]
2026-05-14T03:54:13+02:00,[38],[0]
2026-05-14T04:04:13+02:00,[37],[0]
2026-05-14T04:14:13+02:00,[38],[0]
2026-05-14T04:24:12+02:00,[37],[0]
2026-05-14T04:34:13+02:00,[38],[0]
2026-05-14T04:44:12+02:00,[37],[0]
2026-05-14T04:54:12+02:00,[37],[0]
2026-05-14T05:04:12+02:00,[37],[0]
2026-05-14T05:14:12+02:00,[37],[0]
2026-05-14T05:24:12+02:00,[37],[0]
2026-05-14T05:34:12+02:00,[37],[0]
2026-05-14T05:44:11+02:00,[37],[0]
2026-05-14T05:54:12+02:00,[37],[0]
2026-05-14T06:04:12+02:00,[37],[0]
2026-05-14T06:14:12+02:00,[37],[0]
2026-05-14T06:24:12+02:00,[37],[0]
2026-05-14T06:34:12+02:00,[37],[0]
2026-05-14T06:44:13+02:00,[37],[0]
2026-05-14T06:54:13+02:00,[38],[0]
2026-05-14T07:04:12+02:00,[37],[0]
2026-05-14T07:14:12+02:00,[37],[0]
2026-05-14T07:24:13+02:00,[38],[0]
2026-05-14T07:44:12+02:00,[37],[0]
2026-05-14T07:54:12+02:00,[38],[0]
2026-05-14T08:04:13+02:00,[38],[0]
2026-05-12T08:24:15+02:00,[37],[0]
2026-05-12T08:34:16+02:00,[37],[0]
2026-05-12T08:44:15+02:00,[37],[0]
2026-05-12T08:54:15+02:00,[37],[0]
2026-05-12T09:04:15+02:00,[37],[0]
2026-05-12T09:14:15+02:00,[37],[0]
2026-05-12T09:24:15+02:00,[37],[0]
2026-05-12T09:34:15+02:00,[37],[0]
2026-05-12T09:44:16+02:00,[37],[0]
2026-05-12T09:54:15+02:00,[37],[0]
2026-05-12T10:04:15+02:00,[37],[0]
2026-05-12T10:14:15+02:00,[37],[0]
2026-05-12T10:24:15+02:00,[37],[0]
2026-05-12T10:34:15+02:00,[37],[0]
2026-05-12T10:44:15+02:00,[38],[0]
2026-05-12T10:54:16+02:00,[38],[0]
2026-05-12T11:04:16+02:00,[38],[0]
2026-05-12T11:44:16+02:00,[38],[0]
2026-05-12T11:54:16+02:00,[37],[0]
2026-05-12T12:04:15+02:00,[37],[0]
2026-05-12T12:14:15+02:00,[37],[0]
2026-05-12T12:34:15+02:00,[37],[0]
2026-05-12T12:54:16+02:00,[37],[0]
2026-05-12T13:04:15+02:00,[38],[0]
2026-05-12T13:14:15+02:00,[37],[0]
2026-05-12T13:24:15+02:00,[38],[0]
2026-05-12T13:34:15+02:00,[37],[0]
2026-05-12T13:44:15+02:00,[37],[0]
2026-05-12T13:54:16+02:00,[38],[0]
2026-05-12T14:04:14+02:00,[37],[0]
2026-05-12T14:14:15+02:00,[37],[0]
2026-05-12T14:34:15+02:00,[37],[0]
2026-05-12T14:44:15+02:00,[38],[0]
2026-05-12T14:54:15+02:00,[38],[0]
2026-05-12T15:04:14+02:00,[37],[0]
2026-05-12T15:14:16+02:00,[38],[0]
2026-05-12T15:24:15+02:00,[37],[0]
2026-05-12T15:34:15+02:00,[37],[0]
2026-05-12T15:44:15+02:00,[38],[0]
2026-05-12T15:54:16+02:00,[37],[0]
2026-05-12T16:14:14+02:00,[37],[0]
2026-05-12T16:24:14+02:00,[37],[0]
2026-05-12T16:34:15+02:00,[38],[0]
2026-05-12T16:44:15+02:00,[37],[0]
2026-05-12T16:54:14+02:00,[37],[0]
2026-05-12T17:04:15+02:00,[37],[0]
2026-05-12T17:14:15+02:00,[37],[0]
2026-05-12T17:24:16+02:00,[38],[0]
2026-05-12T17:34:16+02:00,[38],[0]
2026-05-12T17:44:15+02:00,[37],[0]
2026-05-12T17:54:15+02:00,[37],[0]
2026-05-12T18:04:16+02:00,[38],[0]
2026-05-12T18:14:15+02:00,[37],[0]
2026-05-12T18:24:15+02:00,[37],[0]
2026-05-12T18:00:00+02:00,[60],[0]
2026-05-13T02:04:15+02:00,[37],[0]
2026-05-13T02:14:15+02:00,[37],[0]
2026-05-13T02:24:15+02:00,[37],[0]
2026-05-13T02:34:15+02:00,[37],[0]
2026-05-13T02:44:16+02:00,[38],[0]
2026-05-13T02:54:15+02:00,[37],[0]
2026-05-13T03:04:15+02:00,[37],[0]
2026-05-13T03:14:16+02:00,[37],[0]
2026-05-13T03:24:15+02:00,[37],[0]
2026-05-13T03:34:15+02:00,[37],[0]
2026-05-13T03:44:16+02:00,[38],[0]
2026-05-13T03:54:16+02:00,[38],[0]
2026-05-13T04:04:15+02:00,[37],[0]
2026-05-13T04:14:15+02:00,[37],[0]
2026-05-13T04:24:15+02:00,[37],[0]
2026-05-13T04:34:14+02:00,[37],[0]
2026-05-13T04:44:15+02:00,[37],[0]
2026-05-13T04:54:15+02:00,[37],[0]
2026-05-13T05:04:16+02:00,[38],[0]
2026-05-13T05:14:15+02:00,[37],[0]
2026-05-13T05:24:16+02:00,[38],[0]
2026-05-13T05:34:15+02:00,[37],[0]
2026-05-13T05:44:15+02:00,[37],[0]
2026-05-13T05:54:14+02:00,[37],[0]
2026-05-13T06:04:16+02:00,[38],[0]
2026-05-13T06:14:15+02:00,[37],[0]
2026-05-13T06:24:15+02:00,[37],[0]
2026-05-13T06:34:15+02:00,[37],[0]
2026-05-13T06:44:15+02:00,[37],[0]
2026-05-13T06:54:16+02:00,[38],[0]
2026-05-13T07:04:15+02:00,[37],[0]
2026-05-13T07:14:15+02:00,[37],[0]
2026-05-13T07:24:16+02:00,[38],[0]
2026-05-13T07:34:15+02:00,[37],[0]
2026-05-11T09:54:16+02:00,[38],[0]
2026-05-11T10:04:15+02:00,[37],[0]
2026-05-11T10:14:15+02:00,[38],[0]
2026-05-11T10:24:16+02:00,[37],[0]
2026-05-11T10:34:15+02:00,[37],[0]
2026-05-11T10:44:15+02:00,[38],[0]
2026-05-11T10:54:15+02:00,[37],[0]
2026-05-11T11:14:15+02:00,[37],[0]
2026-05-11T11:24:16+02:00,[38],[0]
2026-05-11T11:34:15+02:00,[37],[0]
2026-05-11T11:44:15+02:00,[37],[0]
2026-05-11T11:54:15+02:00,[37],[0]
2026-05-11T12:14:15+02:00,[37],[0]
2026-05-11T12:24:15+02:00,[37],[0]
2026-05-11T12:34:14+02:00,[37],[0]
2026-05-11T12:44:15+02:00,[38],[0]
2026-05-11T12:54:15+02:00,[37],[0]
2026-05-11T13:04:15+02:00,[37],[0]
2026-05-11T13:14:15+02:00,[37],[0]
2026-05-11T13:24:15+02:00,[37],[0]
2026-05-11T13:34:15+02:00,[38],[0]
2026-05-11T13:44:14+02:00,[37],[0]
2026-05-11T13:54:16+02:00,[38],[0]
2026-05-11T14:04:15+02:00,[37],[0]
2026-05-11T14:24:15+02:00,[37],[0]
2026-05-11T14:34:15+02:00,[38],[0]
2026-05-11T14:44:15+02:00,[37],[0]
2026-05-11T14:54:16+02:00,[38],[0]
2026-05-11T15:04:15+02:00,[37],[0]
2026-05-11T15:14:15+02:00,[37],[0]
2026-05-11T15:24:15+02:00,[37],[0]
2026-05-11T15:34:15+02:00,[37],[0]
2026-05-11T15:44:15+02:00,[37],[0]
2026-05-11T15:54:15+02:00,[37],[0]
2026-05-11T18:00:00+02:00,[60],[0]
2026-05-12T01:14:16+02:00,[38],[0]
2026-05-12T01:34:16+02:00,[38],[0]
2026-05-12T01:44:15+02:00,[37],[0]
2026-05-12T01:54:15+02:00,[37],[0]
2026-05-12T02:04:16+02:00,[38],[0]
2026-05-12T02:14:16+02:00,[38],[0]
2026-05-12T02:24:15+02:00,[37],[0]
2026-05-12T02:34:16+02:00,[38],[0]
2026-05-12T02:44:16+02:00,[37],[0]
2026-05-12T02:54:15+02:00,[37],[0]
2026-05-12T03:04:15+02:00,[37],[0]
2026-05-12T03:14:16+02:00,[37],[0]
2026-05-12T03:24:16+02:00,[38],[0]
2026-05-12T03:34:15+02:00,[37],[0]
2026-05-12T03:44:15+02:00,[37],[0]
2026-05-12T03:54:15+02:00,[37],[0]
2026-05-12T04:04:15+02:00,[37],[0]
2026-05-12T04:14:16+02:00,[38],[0]
2026-05-12T04:24:16+02:00,[38],[0]
2026-05-12T04:34:15+02:00,[37],[0]
2026-05-12T04:44:16+02:00,[38],[0]
2026-05-12T04:54:15+02:00,[37],[0]
2026-05-12T05:04:15+02:00,[37],[0]
2026-05-12T05:14:16+02:00,[38],[0]
2026-05-12T05:24:15+02:00,[37],[0]
2026-05-12T05:34:15+02:00,[37],[0]
2026-05-12T05:44:15+02:00,[37],[0]
2026-05-12T05:54:16+02:00,[37],[0]
2026-05-12T06:04:15+02:00,[37],[0]
2026-05-12T06:14:15+02:00,[38],[0]
2026-05-12T06:24:15+02:00,[37],[0]
2026-05-12T06:34:15+02:00,[37],[0]
2026-05-12T06:44:15+02:00,[38],[0]
2026-05-12T06:54:15+02:00,[37],[0]
2026-05-12T07:04:16+02:00,[38],[0]
2026-05-12T07:14:15+02:00,[38],[0]
2026-05-12T07:24:15+02:00,[37],[0]
2026-05-12T07:34:15+02:00,[37],[0]
2026-05-12T07:44:15+02:00,[37],[0]
2026-05-12T07:54:15+02:00,[37],[0]
2026-05-12T08:04:15+02:00,[37],[0]
2026-05-12T08:14:15+02:00,[37],[0]
2026-05-10T09:44:15+02:00,[37],[0]
2026-05-10T09:54:15+02:00,[37],[0]
2026-05-10T10:04:15+02:00,[37],[0]
2026-05-10T10:14:15+02:00,[37],[0]
2026-05-10T10:24:15+02:00,[37],[0]
2026-05-10T10:34:15+02:00,[38],[0]
2026-05-10T10:43:24+02:00,[1],[0]
2026-05-10T10:43:54+02:00,"[30,30,30,18,30,30,30,30,22,30,30,30,28,24,30,30,52,30]","[0,0,0,0,0,0,0,0,0,0,0,0,0,0,0,0,0,0]"
2026-05-10T10:52:49+02:00,"[30,69,30,14,30,41,13,30,27,30,15,30,23,44,40,6,12,30,30,16,9,4,30,16,30]","[0,0,0,0,0,0,0,0,0,0,0,0,0,0,0,0,0,0,0,0,0,0,0,0,0]"
2026-05-10T11:03:08+02:00,[30],[0]
2026-05-10T11:14:16+02:00,[37],[0]
2026-05-10T11:24:15+02:00,[37],[0]
2026-05-10T18:00:00+02:00,[60],[0]
2026-05-11T01:44:15+02:00,[37],[0]
2026-05-11T01:54:15+02:00,[37],[0]
2026-05-11T02:04:16+02:00,[38],[0]
2026-05-11T02:24:15+02:00,[37],[0]
2026-05-11T02:34:15+02:00,[37],[0]
2026-05-11T02:44:15+02:00,[37],[0]
2026-05-11T02:54:16+02:00,[38],[0]
2026-05-11T03:04:16+02:00,[38],[0]
2026-05-11T03:14:15+02:00,[37],[0]
2026-05-11T03:24:16+02:00,[38],[0]
2026-05-11T03:34:15+02:00,[37],[0]
2026-05-11T03:44:15+02:00,[37],[0]
2026-05-11T03:54:15+02:00,[37],[0]
2026-05-11T04:04:15+02:00,[37],[0]
2026-05-11T04:14:15+02:00,[37],[0]
2026-05-11T04:24:16+02:00,[38],[0]
2026-05-11T04:34:16+02:00,[37],[0]
2026-05-11T04:44:15+02:00,[37],[0]
2026-05-11T04:54:16+02:00,[38],[0]
2026-05-11T05:04:16+02:00,[38],[0]
2026-05-11T05:14:16+02:00,[38],[0]
2026-05-11T05:24:15+02:00,[37],[0]
2026-05-11T05:34:16+02:00,[38],[0]
2026-05-11T05:44:16+02:00,[38],[0]
2026-05-11T05:54:15+02:00,[37],[0]
2026-05-11T06:04:15+02:00,[37],[0]
2026-05-11T06:14:15+02:00,[37],[0]
2026-05-11T06:24:15+02:00,[37],[0]
2026-05-11T06:34:15+02:00,[37],[0]
2026-05-11T06:44:15+02:00,[37],[0]
2026-05-11T06:54:14+02:00,[37],[0]
2026-05-11T07:04:15+02:00,[37],[0]
2026-05-11T07:14:15+02:00,[37],[0]
2026-05-11T07:24:16+02:00,[38],[0]
2026-05-11T07:34:15+02:00,[37],[0]
2026-05-11T07:44:15+02:00,[37],[0]
2026-05-11T07:54:15+02:00,[37],[0]
2026-05-11T08:04:15+02:00,[37],[0]
2026-05-11T08:14:15+02:00,[37],[0]
2026-05-11T08:24:15+02:00,[37],[0]
2026-05-11T08:34:16+02:00,[37],[0]
2026-05-11T08:44:15+02:00,[37],[0]
2026-05-11T08:54:16+02:00,[38],[0]
2026-05-11T09:04:16+02:00,[37],[0]
2026-05-11T09:14:16+02:00,[38],[0]
2026-05-11T09:24:15+02:00,[37],[0]
2026-05-11T09:34:15+02:00,[37],[0]
2026-05-11T09:44:15+02:00,[37],[0]
2026-05-09T10:14:19+02:00,[38],[0]
2026-05-09T10:34:18+02:00,[37],[0]
2026-05-09T10:54:18+02:00,[37],[0]
2026-05-09T11:04:18+02:00,[37],[0]
2026-05-09T11:14:18+02:00,[37],[0]
2026-05-09T11:24:18+02:00,[37],[0]
2026-05-09T11:34:18+02:00,[37],[0]
2026-05-09T11:44:18+02:00,[37],[0]
2026-05-09T11:54:18+02:00,[37],[0]
2026-05-09T12:04:18+02:00,[37],[0]
2026-05-09T12:14:19+02:00,[38],[0]
2026-05-09T12:24:18+02:00,[37],[0]
2026-05-09T12:44:19+02:00,[38],[0]
2026-05-09T13:04:18+02:00,[37],[0]
2026-05-09T13:14:18+02:00,[37],[0]
2026-05-09T13:24:18+02:00,[37],[0]
2026-05-09T18:00:00+02:00,[60],[0]
2026-05-10T01:44:16+02:00,[37],[0]
2026-05-10T02:14:15+02:00,[37],[0]
2026-05-10T02:24:16+02:00,[38],[0]
2026-05-10T02:34:14+02:00,[37],[0]
2026-05-10T02:44:15+02:00,[37],[0]
2026-05-10T02:54:15+02:00,[37],[0]
2026-05-10T03:24:15+02:00,[37],[0]
2026-05-10T03:34:15+02:00,[37],[0]
2026-05-10T03:44:16+02:00,[38],[0]
2026-05-10T03:54:15+02:00,[37],[0]
2026-05-10T04:04:15+02:00,[37],[0]
2026-05-10T04:14:16+02:00,[38],[0]
2026-05-10T04:24:15+02:00,[37],[0]
2026-05-10T04:34:15+02:00,[37],[0]
2026-05-10T04:44:16+02:00,[38],[0]
2026-05-10T04:54:16+02:00,[38],[0]
2026-05-10T05:04:15+02:00,[37],[0]
2026-05-10T05:14:16+02:00,[38],[0]
2026-05-10T05:24:15+02:00,[37],[0]
2026-05-10T05:34:15+02:00,[37],[0]
2026-05-10T05:44:14+02:00,[37],[0]
2026-05-10T05:54:15+02:00,[37],[0]
2026-05-10T06:04:15+02:00,[37],[0]
2026-05-10T06:14:15+02:00,[37],[0]
2026-05-10T06:24:15+02:00,[37],[0]
2026-05-10T06:34:15+02:00,[37],[0]
2026-05-10T06:44:15+02:00,[38],[0]
2026-05-10T06:54:14+02:00,[37],[0]
2026-05-10T07:04:16+02:00,[38],[0]
2026-05-10T07:14:16+02:00,[38],[0]
2026-05-10T07:24:15+02:00,[37],[0]
2026-05-10T07:34:14+02:00,[37],[0]
2026-05-10T07:44:15+02:00,[37],[0]
2026-05-10T07:54:15+02:00,[37],[0]
2026-05-10T08:04:15+02:00,[37],[0]
2026-05-10T08:14:16+02:00,[38],[0]
2026-05-10T08:24:15+02:00,[37],[0]
2026-05-10T08:34:15+02:00,[37],[0]
2026-05-10T08:44:16+02:00,[38],[0]
2026-05-10T08:54:16+02:00,[37],[0]
2026-05-10T09:04:14+02:00,[37],[0]
2026-05-10T09:14:16+02:00,[12],[0]
2026-05-10T09:34:15+02:00,[37],[0]
2026-05-08T08:24:18+02:00,[37],[0]
2026-05-08T08:34:18+02:00,[37],[0]
2026-05-08T08:44:18+02:00,[37],[0]
2026-05-08T08:54:19+02:00,[37],[0]
2026-05-08T09:04:19+02:00,[38],[0]
2026-05-08T09:14:18+02:00,[37],[0]
2026-05-08T09:24:18+02:00,[37],[0]
2026-05-08T09:34:18+02:00,[37],[0]
2026-05-08T09:44:18+02:00,[37],[0]
2026-05-08T09:54:19+02:00,[38],[0]
2026-05-08T10:04:19+02:00,[38],[0]
2026-05-08T10:14:19+02:00,[37],[0]
2026-05-08T10:24:18+02:00,[37],[0]
2026-05-08T10:34:18+02:00,[37],[0]
2026-05-08T10:44:19+02:00,[38],[0]
2026-05-08T10:54:18+02:00,[37],[0]
2026-05-08T11:14:19+02:00,[38],[0]
2026-05-08T11:24:18+02:00,[37],[0]
2026-05-08T11:34:18+02:00,[37],[0]
2026-05-08T11:44:18+02:00,[37],[0]
2026-05-08T12:04:18+02:00,[37],[0]
2026-05-08T12:14:18+02:00,[37],[0]
2026-05-08T12:24:19+02:00,[37],[0]
2026-05-08T12:34:19+02:00,[38],[0]
2026-05-08T12:44:19+02:00,[38],[0]
2026-05-08T12:54:18+02:00,[37],[0]
2026-05-08T13:04:18+02:00,[37],[0]
2026-05-08T13:14:18+02:00,[38],[0]
2026-05-08T13:24:18+02:00,[37],[0]
2026-05-08T13:34:19+02:00,[38],[0]
2026-05-08T13:44:18+02:00,[37],[0]
2026-05-08T13:54:18+02:00,[37],[0]
2026-05-08T14:04:19+02:00,[38],[0]
2026-05-08T14:14:18+02:00,[37],[0]
2026-05-08T14:24:18+02:00,[37],[0]
2026-05-08T14:34:18+02:00,[37],[0]
2026-05-08T14:44:18+02:00,[37],[0]
2026-05-08T14:54:18+02:00,[37],[0]
2026-05-08T15:04:18+02:00,[37],[0]
2026-05-08T15:14:18+02:00,[37],[0]
2026-05-08T15:24:18+02:00,[37],[0]
2026-05-08T15:34:19+02:00,[38],[0]
2026-05-08T15:44:18+02:00,[37],[0]
2026-05-08T15:54:18+02:00,[37],[0]
2026-05-08T16:04:18+02:00,[37],[0]
2026-05-08T18:00:00+02:00,[60],[0]
2026-05-09T03:54:18+02:00,[37],[0]
2026-05-09T04:04:19+02:00,[38],[0]
2026-05-09T04:14:18+02:00,[37],[0]
2026-05-09T04:24:18+02:00,[37],[0]
2026-05-09T04:34:18+02:00,[37],[0]
2026-05-09T04:44:18+02:00,[37],[0]
2026-05-09T05:04:19+02:00,[38],[0]
2026-05-09T05:14:18+02:00,[37],[0]
2026-05-09T05:24:19+02:00,[38],[0]
2026-05-09T05:34:19+02:00,[38],[0]
2026-05-09T05:44:18+02:00,[37],[0]
2026-05-09T05:54:17+02:00,[37],[0]
2026-05-09T06:04:18+02:00,[37],[0]
2026-05-09T06:24:18+02:00,[37],[0]
2026-05-09T06:34:19+02:00,[38],[0]
2026-05-09T06:44:17+02:00,[37],[0]
2026-05-09T06:54:18+02:00,[37],[0]
2026-05-09T07:04:18+02:00,[37],[0]
2026-05-09T07:14:18+02:00,[37],[0]
2026-05-09T07:34:19+02:00,[38],[0]
2026-05-09T07:44:18+02:00,[37],[0]
2026-05-09T07:54:19+02:00,[37],[0]
2026-05-09T08:04:19+02:00,[38],[0]
2026-05-09T08:14:18+02:00,[37],[0]
2026-05-09T08:24:19+02:00,[38],[0]
2026-05-09T08:34:19+02:00,[38],[0]
2026-05-09T08:44:18+02:00,[38],[0]
2026-05-09T08:54:18+02:00,[37],[0]
2026-05-09T09:04:18+02:00,[37],[0]
2026-05-09T09:14:18+02:00,[37],[0]
2026-05-09T09:24:18+02:00,[37],[0]
2026-05-09T09:34:18+02:00,[37],[0]
2026-05-09T09:44:19+02:00,[37],[0]
2026-05-07T07:44:18+02:00,[37],[0]
2026-05-07T07:54:18+02:00,[37],[0]
2026-05-07T08:04:19+02:00,[38],[0]
2026-05-07T08:14:18+02:00,[37],[0]
2026-05-07T08:24:18+02:00,[37],[0]
2026-05-07T08:34:18+02:00,[37],[0]
2026-05-07T08:44:18+02:00,[37],[0]
2026-05-07T08:54:18+02:00,[38],[0]
2026-05-07T09:04:19+02:00,[37],[0]
2026-05-07T09:14:18+02:00,[37],[0]
2026-05-07T09:24:18+02:00,[37],[0]
2026-05-07T09:34:19+02:00,[38],[0]
2026-05-07T09:44:18+02:00,[38],[0]
2026-05-07T09:54:18+02:00,[37],[0]
2026-05-07T10:04:17+02:00,[37],[0]
2026-05-07T10:14:18+02:00,[37],[0]
2026-05-07T10:24:19+02:00,[37],[0]
2026-05-07T10:34:19+02:00,[38],[0]
2026-05-07T10:44:18+02:00,[37],[0]
2026-05-07T10:54:18+02:00,[37],[0]
2026-05-07T11:04:19+02:00,[38],[0]
2026-05-07T11:14:18+02:00,[37],[0]
2026-05-07T11:24:18+02:00,[37],[0]
2026-05-07T11:34:18+02:00,[37],[0]
2026-05-07T11:44:19+02:00,[38],[0]
2026-05-07T11:54:18+02:00,[37],[0]
2026-05-07T12:04:18+02:00,[37],[0]
2026-05-07T12:14:18+02:00,[38],[0]
2026-05-07T12:24:19+02:00,[38],[0]
2026-05-07T12:34:19+02:00,[37],[0]
2026-05-07T13:04:18+02:00,[38],[0]
2026-05-07T13:14:18+02:00,[37],[0]
2026-05-07T13:24:18+02:00,[37],[0]
2026-05-07T13:34:18+02:00,[37],[0]
2026-05-07T13:44:18+02:00,[37],[0]
2026-05-07T14:14:18+02:00,[37],[0]
2026-05-07T14:24:19+02:00,[38],[0]
2026-05-07T14:34:17+02:00,[37],[0]
2026-05-07T14:44:18+02:00,[37],[0]
2026-05-07T14:54:18+02:00,[37],[0]
2026-05-07T15:04:18+02:00,[37],[0]
2026-05-07T15:14:19+02:00,[38],[0]
2026-05-07T15:24:18+02:00,[38],[0]
2026-05-07T15:34:18+02:00,[37],[0]
2026-05-07T15:44:19+02:00,[38],[0]
2026-05-07T15:54:18+02:00,[37],[0]
2026-05-07T16:04:18+02:00,[37],[0]
2026-05-07T18:00:00+02:00,[60],[0]
2026-05-08T02:34:19+02:00,[37],[0]
2026-05-08T02:44:18+02:00,[37],[0]
2026-05-08T02:54:18+02:00,[37],[0]
2026-05-08T03:04:19+02:00,[37],[0]
2026-05-08T03:14:18+02:00,[38],[0]
2026-05-08T03:24:18+02:00,[37],[0]
2026-05-08T03:34:18+02:00,[37],[0]
2026-05-08T03:44:19+02:00,[38],[0]
2026-05-08T04:04:18+02:00,[37],[0]
2026-05-08T04:14:19+02:00,[37],[0]
2026-05-08T04:24:18+02:00,[37],[0]
2026-05-08T04:34:18+02:00,[37],[0]
2026-05-08T04:44:19+02:00,[37],[0]
2026-05-08T04:54:19+02:00,[38],[0]
2026-05-08T05:04:18+02:00,[37],[0]
2026-05-08T05:14:18+02:00,[38],[0]
2026-05-08T05:24:18+02:00,[38],[0]
2026-05-08T05:34:18+02:00,[37],[0]
2026-05-08T05:44:18+02:00,[38],[0]
2026-05-08T05:54:19+02:00,[38],[0]
2026-05-08T06:14:19+02:00,[38],[0]
2026-05-08T06:24:18+02:00,[37],[0]
2026-05-08T06:34:19+02:00,[38],[0]
2026-05-08T06:44:18+02:00,[37],[0]
2026-05-08T06:54:19+02:00,[38],[0]
2026-05-08T07:04:18+02:00,[37],[0]
2026-05-08T07:14:18+02:00,[37],[0]
2026-05-08T07:24:18+02:00,[37],[0]
2026-05-08T07:34:19+02:00,[38],[0]
2026-05-08T07:44:18+02:00,[37],[0]
2026-05-08T07:54:19+02:00,[37],[0]
2026-05-08T08:04:19+02:00,[38],[0]
2026-05-08T08:14:20+02:00,[37],[0]
2026-05-06T07:54:21+02:00,[38],[0]
2026-05-06T08:04:21+02:00,[38],[0]
2026-05-06T08:14:22+02:00,[37],[0]
2026-05-06T08:34:21+02:00,[37],[0]
2026-05-06T08:54:21+02:00,[37],[0]
2026-05-06T09:04:21+02:00,[37],[0]
2026-05-06T09:14:22+02:00,[38],[0]
2026-05-06T09:24:20+02:00,[37],[0]
2026-05-06T09:34:21+02:00,[37],[0]
2026-05-06T09:44:21+02:00,[37],[0]
2026-05-06T09:54:21+02:00,[37],[0]
2026-05-06T10:04:22+02:00,[38],[0]
2026-05-06T10:14:21+02:00,[37],[0]
2026-05-06T10:34:21+02:00,[37],[0]
2026-05-06T10:44:21+02:00,[37],[0]
2026-05-06T10:54:21+02:00,[37],[0]
2026-05-06T18:00:00+02:00,[60],[0]
2026-05-07T02:24:21+02:00,[37],[0]
2026-05-07T02:34:21+02:00,[37],[0]
2026-05-07T02:44:21+02:00,[37],[0]
2026-05-07T02:54:21+02:00,[37],[0]
2026-05-07T03:04:21+02:00,[37],[0]
2026-05-07T03:14:21+02:00,[37],[0]
2026-05-07T03:24:22+02:00,[38],[0]
2026-05-07T03:34:21+02:00,[38],[0]
2026-05-07T03:44:21+02:00,[37],[0]
2026-05-07T03:54:21+02:00,[38],[0]
2026-05-07T04:04:21+02:00,[37],[0]
2026-05-07T04:14:21+02:00,[37],[0]
2026-05-07T04:24:22+02:00,[38],[0]
2026-05-07T04:34:22+02:00,[38],[0]
2026-05-07T04:44:22+02:00,[37],[0]
2026-05-07T04:54:22+02:00,[37],[0]
2026-05-07T05:04:21+02:00,[37],[0]
2026-05-07T05:14:22+02:00,[38],[0]
2026-05-07T05:24:22+02:00,[38],[0]
2026-05-07T05:34:21+02:00,[37],[0]
2026-05-07T05:44:20+02:00,[37],[0]
2026-05-07T05:54:20+02:00,[37],[0]
2026-05-07T06:04:21+02:00,[37],[0]
2026-05-07T06:14:21+02:00,[38],[0]
2026-05-07T06:24:21+02:00,[37],[0]
2026-05-07T06:34:22+02:00,[37],[0]
2026-05-07T06:44:21+02:00,[37],[0]
2026-05-07T06:54:21+02:00,[37],[0]
2026-05-07T07:04:22+02:00,[37],[0]
2026-05-07T07:14:22+02:00,[38],[0]
2026-05-07T07:24:21+02:00,[37],[0]
2026-05-07T07:34:21+02:00,[37],[0]
2026-05-05T09:54:21+02:00,[38],[0]
2026-05-05T10:04:21+02:00,[37],[0]
2026-05-05T10:44:22+02:00,[37],[0]
2026-05-05T10:54:21+02:00,[37],[0]
2026-05-05T11:04:22+02:00,[38],[0]
2026-05-05T11:14:44+02:00,[37],[0]
2026-05-05T11:24:21+02:00,[37],[0]
2026-05-05T11:34:21+02:00,[38],[0]
2026-05-05T12:04:22+02:00,[38],[0]
2026-05-05T12:14:22+02:00,[38],[0]
2026-05-05T12:24:21+02:00,[37],[0]
2026-05-05T12:34:22+02:00,[37],[0]
2026-05-05T12:44:21+02:00,[37],[0]
2026-05-05T12:54:22+02:00,[38],[0]
2026-05-05T13:04:22+02:00,[37],[0]
2026-05-05T13:14:22+02:00,[38],[0]
2026-05-05T13:24:21+02:00,[37],[0]
2026-05-05T13:44:20+02:00,[37],[0]
2026-05-05T13:54:21+02:00,[37],[0]
2026-05-05T14:04:20+02:00,[37],[0]
2026-05-05T14:14:21+02:00,[37],[0]
2026-05-05T14:34:21+02:00,[38],[0]
2026-05-05T14:44:21+02:00,[37],[0]
2026-05-05T14:54:20+02:00,[37],[0]
2026-05-05T15:04:21+02:00,[37],[0]
2026-05-05T15:14:22+02:00,[38],[0]
2026-05-05T15:24:20+02:00,[37],[0]
2026-05-05T15:34:21+02:00,[37],[0]
2026-05-05T15:44:20+02:00,[37],[0]
2026-05-05T15:54:20+02:00,[37],[0]
2026-05-05T16:04:22+02:00,[38],[0]
2026-05-05T16:14:20+02:00,[37],[0]
2026-05-05T16:24:21+02:00,[37],[0]
2026-05-05T16:34:21+02:00,[37],[0]
2026-05-05T16:44:22+02:00,[37],[0]
2026-05-05T16:54:21+02:00,[38],[0]
2026-05-05T18:00:00+02:00,[60],[0]
2026-05-06T02:04:25+02:00,[31],[0]
2026-05-06T02:24:21+02:00,[37],[0]
2026-05-06T02:34:21+02:00,[37],[0]
2026-05-06T02:44:20+02:00,[37],[0]
2026-05-06T02:54:21+02:00,[37],[0]
2026-05-06T03:04:21+02:00,[37],[0]
2026-05-06T03:14:21+02:00,[37],[0]
2026-05-06T03:24:22+02:00,[38],[0]
2026-05-06T03:34:21+02:00,[37],[0]
2026-05-06T03:44:21+02:00,[37],[0]
2026-05-06T03:54:22+02:00,[38],[0]
2026-05-06T04:04:21+02:00,[37],[0]
2026-05-06T04:14:21+02:00,[37],[0]
2026-05-06T04:24:22+02:00,[38],[0]
2026-05-06T04:34:21+02:00,[37],[0]
2026-05-06T04:44:21+02:00,[37],[0]
2026-05-06T04:54:22+02:00,[38],[0]
2026-05-06T05:05:31+02:00,[37],[0]
2026-05-06T05:14:22+02:00,[38],[0]
2026-05-06T05:24:22+02:00,[37],[0]
2026-05-06T05:34:21+02:00,[38],[0]
2026-05-06T05:44:22+02:00,[38],[0]
2026-05-06T05:54:21+02:00,[37],[0]
2026-05-06T06:24:21+02:00,[38],[0]
2026-05-06T06:34:21+02:00,[37],[0]
2026-05-06T06:44:21+02:00,[37],[0]
2026-05-06T06:54:21+02:00,[37],[0]
2026-05-06T07:04:21+02:00,[37],[0]
2026-05-06T07:14:21+02:00,[37],[0]
2026-05-06T07:24:22+02:00,[38],[0]
2026-05-06T07:34:22+02:00,[38],[0]
2026-05-06T07:44:21+02:00,[37],[0]
2026-05-04T09:44:21+02:00,[37],[0]
2026-05-04T09:54:21+02:00,[37],[0]
2026-05-04T10:04:21+02:00,[37],[0]
2026-05-04T10:14:21+02:00,[37],[0]
2026-05-04T10:24:22+02:00,[38],[0]
2026-05-04T10:34:22+02:00,[38],[0]
2026-05-04T10:44:21+02:00,[37],[0]
2026-05-04T10:54:21+02:00,[37],[0]
2026-05-04T11:04:21+02:00,[37],[0]
2026-05-04T11:14:21+02:00,[37],[0]
2026-05-04T11:24:21+02:00,[37],[0]
2026-05-04T11:34:22+02:00,[38],[0]
2026-05-04T11:44:21+02:00,[37],[0]
2026-05-04T11:54:21+02:00,[37],[0]
2026-05-04T12:04:20+02:00,[37],[0]
2026-05-04T12:14:22+02:00,[37],[0]
2026-05-04T12:24:22+02:00,[38],[0]
2026-05-04T12:34:21+02:00,[37],[0]
2026-05-04T12:44:20+02:00,[37],[0]
2026-05-04T12:54:22+02:00,[38],[0]
2026-05-04T13:04:21+02:00,[37],[0]
2026-05-04T13:14:22+02:00,[38],[0]
2026-05-04T13:24:22+02:00,[37],[0]
2026-05-04T13:34:22+02:00,[38],[0]
2026-05-04T13:44:20+02:00,[37],[0]
2026-05-04T13:54:21+02:00,[37],[0]
2026-05-04T14:04:21+02:00,[37],[0]
2026-05-04T14:14:22+02:00,[38],[0]
2026-05-04T14:24:21+02:00,[37],[0]
2026-05-04T14:34:22+02:00,[38],[0]
2026-05-04T14:44:22+02:00,[37],[0]
2026-05-04T14:54:21+02:00,[37],[0]
2026-05-04T15:04:22+02:00,[38],[0]
2026-05-04T15:24:22+02:00,[37],[0]
2026-05-04T15:34:21+02:00,[37],[0]
2026-05-04T18:00:00+02:00,[60],[0]
2026-05-05T01:34:22+02:00,[38],[0]
2026-05-05T01:54:21+02:00,[38],[0]
2026-05-05T02:04:21+02:00,[37],[0]
2026-05-05T02:14:22+02:00,[38],[0]
2026-05-05T02:24:21+02:00,[37],[0]
2026-05-05T02:34:21+02:00,[37],[0]
2026-05-05T02:44:21+02:00,[37],[0]
2026-05-05T02:54:21+02:00,[37],[0]
2026-05-05T03:04:22+02:00,[38],[0]
2026-05-05T03:14:21+02:00,[37],[0]
2026-05-05T03:24:20+02:00,[37],[0]
2026-05-05T03:34:22+02:00,[38],[0]
2026-05-05T03:44:21+02:00,[37],[0]
2026-05-05T03:54:21+02:00,[37],[0]
2026-05-05T04:04:21+02:00,[37],[0]
2026-05-05T04:14:21+02:00,[37],[0]
2026-05-05T04:24:21+02:00,[37],[0]
2026-05-05T04:34:21+02:00,[37],[0]
2026-05-05T04:44:22+02:00,[38],[0]
2026-05-05T04:54:22+02:00,[38],[0]
2026-05-05T05:04:21+02:00,[37],[0]
2026-05-05T05:14:21+02:00,[37],[0]
2026-05-05T05:24:21+02:00,[37],[0]
2026-05-05T05:34:21+02:00,[37],[0]
2026-05-05T05:44:21+02:00,[38],[0]
2026-05-05T05:54:21+02:00,[37],[0]
2026-05-05T06:04:21+02:00,[37],[0]
2026-05-05T06:14:21+02:00,[37],[0]
2026-05-05T06:24:21+02:00,[37],[0]
2026-05-05T06:34:21+02:00,[37],[0]
2026-05-05T06:44:21+02:00,[37],[0]
2026-05-05T06:54:21+02:00,[37],[0]
2026-05-05T07:04:21+02:00,[37],[0]
2026-05-05T07:14:22+02:00,[38],[0]
2026-05-05T07:24:21+02:00,[37],[0]
2026-05-05T07:34:21+02:00,[37],[0]
2026-05-05T07:44:21+02:00,[37],[0]
2026-05-05T07:54:21+02:00,[37],[0]
2026-05-05T08:04:22+02:00,[38],[0]
2026-05-05T08:14:21+02:00,[37],[0]
2026-05-05T08:24:21+02:00,[37],[0]
2026-05-05T08:34:22+02:00,[37],[0]
2026-05-05T08:44:21+02:00,[37],[0]
2026-05-05T08:54:21+02:00,[37],[0]
2026-05-05T09:04:21+02:00,[37],[0]
2026-05-05T09:14:21+02:00,[37],[0]
2026-05-05T09:24:21+02:00,[37],[0]
2026-05-05T09:34:22+02:00,[38],[0]
2026-05-05T09:44:22+02:00,[38],[0]
2026-05-03T08:54:26+02:00,[37],[0]
2026-05-03T09:04:27+02:00,[38],[0]
2026-05-03T09:14:25+02:00,[37],[0]
2026-05-03T09:24:27+02:00,[38],[0]
2026-05-03T09:34:26+02:00,[37],[0]
2026-05-03T09:44:27+02:00,[38],[0]
2026-05-03T09:54:26+02:00,[37],[0]
2026-05-03T10:04:26+02:00,[37],[0]
2026-05-03T10:14:26+02:00,[37],[0]
2026-05-03T10:24:26+02:00,[38],[0]
2026-05-03T10:34:26+02:00,[37],[0]
2026-05-03T10:44:27+02:00,[37],[0]
2026-05-03T10:54:26+02:00,[37],[0]
2026-05-03T11:04:26+02:00,[37],[0]
2026-05-03T11:14:26+02:00,[37],[0]
2026-05-03T11:24:26+02:00,[37],[0]
2026-05-03T11:34:26+02:00,[37],[0]
2026-05-03T11:44:26+02:00,[37],[0]
2026-05-03T11:54:26+02:00,[37],[0]
2026-05-03T12:04:26+02:00,[37],[0]
2026-05-03T12:14:26+02:00,[38],[0]
2026-05-03T12:24:26+02:00,[38],[0]
2026-05-03T12:34:26+02:00,[37],[0]
2026-05-03T12:44:25+02:00,[37],[0]
2026-05-03T12:54:27+02:00,[38],[0]
2026-05-03T13:04:25+02:00,[37],[0]
2026-05-03T13:14:26+02:00,[37],[0]
2026-05-03T13:24:27+02:00,[38],[0]
2026-05-03T13:34:25+02:00,[37],[0]
2026-05-03T13:44:26+02:00,[37],[0]
2026-05-03T13:54:27+02:00,[38],[0]
2026-05-03T14:04:27+02:00,[37],[0]
2026-05-03T14:14:26+02:00,[37],[0]
2026-05-03T14:34:27+02:00,[38],[0]
2026-05-03T14:44:25+02:00,[37],[0]
2026-05-03T14:54:26+02:00,[37],[0]
2026-05-03T15:04:26+02:00,[37],[0]
2026-05-03T15:14:26+02:00,[37],[0]
2026-05-03T15:24:26+02:00,[37],[0]
2026-05-03T15:34:27+02:00,[37],[0]
2026-05-03T15:44:27+02:00,[38],[0]
2026-05-03T15:54:26+02:00,[38],[0]
2026-05-03T16:04:27+02:00,[38],[0]
2026-05-03T16:14:26+02:00,[37],[0]
2026-05-03T16:24:26+02:00,[37],[0]
2026-05-03T16:34:27+02:00,[38],[0]
2026-05-03T16:44:27+02:00,[37],[0]
2026-05-03T18:00:00+02:00,[60],[0]
2026-05-04T02:24:26+02:00,[37],[0]
2026-05-04T02:44:20+02:00,[37],[0]
2026-05-04T02:54:22+02:00,[38],[0]
2026-05-04T03:04:21+02:00,[37],[0]
2026-05-04T03:14:22+02:00,[37],[0]
2026-05-04T03:24:22+02:00,[38],[0]
2026-05-04T03:34:21+02:00,[38],[0]
2026-05-04T03:44:21+02:00,[37],[0]
2026-05-04T03:54:21+02:00,[37],[0]
2026-05-04T04:04:22+02:00,[37],[0]
2026-05-04T04:14:22+02:00,[38],[0]
2026-05-04T04:24:21+02:00,[37],[0]
2026-05-04T04:34:21+02:00,[37],[0]
2026-05-04T04:44:21+02:00,[37],[0]
2026-05-04T04:54:22+02:00,[38],[0]
2026-05-04T05:04:21+02:00,[37],[0]
2026-05-04T05:14:22+02:00,[38],[0]
2026-05-04T05:24:21+02:00,[37],[0]
2026-05-04T05:34:21+02:00,[37],[0]
2026-05-04T05:44:21+02:00,[37],[0]
2026-05-04T05:54:20+02:00,[37],[0]
2026-05-04T06:04:21+02:00,[37],[0]
2026-05-04T06:14:21+02:00,[37],[0]
2026-05-04T06:24:21+02:00,[37],[0]
2026-05-04T06:44:21+02:00,[37],[0]
2026-05-04T07:04:21+02:00,[37],[0]
2026-05-04T07:14:21+02:00,[37],[0]
2026-05-04T07:24:21+02:00,[37],[0]
2026-05-04T07:34:21+02:00,[37],[0]
2026-05-04T07:44:21+02:00,[37],[0]
2026-05-04T07:54:21+02:00,[37],[0]
2026-05-04T08:04:22+02:00,[38],[0]
2026-05-04T08:14:22+02:00,[38],[0]
2026-05-04T08:34:22+02:00,[38],[0]
2026-05-04T08:44:21+02:00,[37],[0]
2026-05-04T08:54:21+02:00,[37],[0]
2026-05-04T09:04:21+02:00,[37],[0]
2026-05-04T09:14:21+02:00,[37],[0]
2026-05-04T09:24:20+02:00,[37],[0]
2026-05-04T09:34:21+02:00,[37],[0]
2026-05-02T09:54:26+02:00,[37],[0]
2026-05-02T09:56:52+02:00,[37],[0]
2026-05-02T10:04:26+02:00,[37],[0]
2026-05-02T10:14:26+02:00,[37],[0]
2026-05-02T10:24:26+02:00,[37],[0]
2026-05-02T10:44:26+02:00,[37],[0]
2026-05-02T10:54:26+02:00,[37],[0]
2026-05-02T11:04:27+02:00,[37],[0]
2026-05-02T11:24:25+02:00,[37],[0]
2026-05-02T11:34:25+02:00,[37],[0]
2026-05-02T11:44:27+02:00,[38],[0]
2026-05-02T11:54:26+02:00,[37],[0]
2026-05-02T12:04:25+02:00,[37],[0]
2026-05-02T12:14:26+02:00,[37],[0]
2026-05-02T12:24:27+02:00,[38],[0]
2026-05-02T12:34:26+02:00,[37],[0]
2026-05-02T12:44:26+02:00,[37],[0]
2026-05-02T12:54:26+02:00,[37],[0]
2026-05-02T13:04:26+02:00,[38],[0]
2026-05-02T13:14:26+02:00,[37],[0]
2026-05-02T13:24:26+02:00,[37],[0]
2026-05-02T13:34:26+02:00,[37],[0]
2026-05-02T13:44:26+02:00,[37],[0]
2026-05-02T18:00:00+02:00,[60],[0]
2026-05-03T03:24:27+02:00,[38],[0]
2026-05-03T03:44:26+02:00,[37],[0]
2026-05-03T03:54:27+02:00,[38],[0]
2026-05-03T04:04:27+02:00,[38],[0]
2026-05-03T04:14:27+02:00,[38],[0]
2026-05-03T04:24:26+02:00,[37],[0]
2026-05-03T04:34:26+02:00,[37],[0]
2026-05-03T04:44:26+02:00,[37],[0]
2026-05-03T04:54:26+02:00,[37],[0]
2026-05-03T05:04:26+02:00,[37],[0]
2026-05-03T05:14:26+02:00,[37],[0]
2026-05-03T05:24:26+02:00,[37],[0]
2026-05-03T05:34:27+02:00,[38],[0]
2026-05-03T05:44:27+02:00,[38],[0]
2026-05-03T05:54:26+02:00,[37],[0]
2026-05-03T06:04:26+02:00,[37],[0]
2026-05-03T06:14:26+02:00,[37],[0]
2026-05-03T06:24:26+02:00,[37],[0]
2026-05-03T06:34:26+02:00,[37],[0]
2026-05-03T06:44:26+02:00,[37],[0]
2026-05-03T06:54:25+02:00,[37],[0]
2026-05-03T07:14:26+02:00,[37],[0]
2026-05-03T07:24:26+02:00,[37],[0]
2026-05-03T07:34:26+02:00,[37],[0]
2026-05-03T07:44:26+02:00,[37],[0]
2026-05-03T07:54:26+02:00,[37],[0]
2026-05-03T08:04:26+02:00,[37],[0]
2026-05-03T08:14:26+02:00,[37],[0]
2026-05-03T08:24:26+02:00,[37],[0]
2026-05-03T08:44:27+02:00,[38],[0]
2026-05-01T09:39:00+02:00,[38],[0]
2026-05-01T09:48:59+02:00,[37],[0]
2026-05-01T09:58:59+02:00,[37],[0]
2026-05-01T10:19:00+02:00,[37],[0]
2026-05-01T10:29:00+02:00,[37],[0]
2026-05-01T10:39:00+02:00,[37],[0]
2026-05-01T10:49:00+02:00,[37],[0]
2026-05-01T10:59:00+02:00,[37],[0]
2026-05-01T11:09:01+02:00,[38],[0]
2026-05-01T11:18:59+02:00,[37],[0]
2026-05-01T11:38:59+02:00,[37],[0]
2026-05-01T11:49:00+02:00,[37],[0]
2026-05-01T11:58:59+02:00,[37],[0]
2026-05-01T12:09:01+02:00,[38],[0]
2026-05-01T12:19:01+02:00,[38],[0]
2026-05-01T12:39:00+02:00,[37],[0]
2026-05-01T12:49:01+02:00,[38],[0]
2026-05-01T12:59:01+02:00,[38],[0]
2026-05-01T13:09:00+02:00,[37],[0]
2026-05-01T13:19:00+02:00,[37],[0]
2026-05-01T13:29:00+02:00,[37],[0]
2026-05-01T13:39:02+02:00,[38],[0]
2026-05-01T13:49:00+02:00,[37],[0]
2026-05-01T13:59:00+02:00,[37],[0]
2026-05-01T14:09:00+02:00,[37],[0]
2026-05-01T14:19:00+02:00,[37],[0]
2026-05-01T14:29:00+02:00,[37],[0]
2026-05-01T14:39:01+02:00,[38],[0]
2026-05-01T14:49:01+02:00,[38],[0]
2026-05-01T14:59:01+02:00,[38],[0]
2026-05-01T15:09:00+02:00,[37],[0]
2026-05-01T15:18:59+02:00,[37],[0]
2026-05-01T15:29:00+02:00,[37],[0]
2026-05-01T15:39:00+02:00,[37],[0]
2026-05-01T15:49:00+02:00,[37],[0]
2026-05-01T15:59:00+02:00,[38],[0]
2026-05-01T16:09:00+02:00,[37],[0]
2026-05-01T16:19:00+02:00,[37],[0]
2026-05-01T16:28:59+02:00,[37],[0]
2026-05-01T16:39:00+02:00,[37],[0]
2026-05-01T16:49:01+02:00,[38],[0]
2026-05-01T16:59:01+02:00,[38],[0]
2026-05-01T17:09:01+02:00,[38],[0]
2026-05-01T17:19:00+02:00,[37],[0]
2026-05-01T17:29:00+02:00,[37],[0]
2026-05-01T17:39:00+02:00,[37],[0]
2026-05-01T18:00:00+02:00,[60],[0]
2026-05-02T02:58:59+02:00,[37],[0]
2026-05-02T03:09:00+02:00,[38],[0]
2026-05-02T03:19:00+02:00,[38],[0]
2026-05-02T03:29:00+02:00,[37],[0]
2026-05-02T03:39:00+02:00,[37],[0]
2026-05-02T03:49:01+02:00,[38],[0]
2026-05-02T03:59:01+02:00,[38],[0]
2026-05-02T04:09:01+02:00,[38],[0]
2026-05-02T04:19:00+02:00,[37],[0]
2026-05-02T04:29:00+02:00,[37],[0]
2026-05-02T04:49:01+02:00,[38],[0]
2026-05-02T04:59:00+02:00,[37],[0]
2026-05-02T05:02:49+02:00,[37],[0]
2026-05-02T05:12:53+02:00,[37],[0]
2026-05-02T05:22:53+02:00,[37],[0]
2026-05-02T05:33:52+02:00,[37],[0]
2026-05-02T05:43:22+02:00,[38],[0]
2026-05-02T05:53:22+02:00,[37],[0]
2026-05-02T06:03:22+02:00,[38],[0]
2026-05-02T06:13:21+02:00,[37],[0]
2026-05-02T06:23:21+02:00,[37],[0]
2026-05-02T06:33:21+02:00,[37],[0]
2026-05-02T06:43:22+02:00,[37],[0]
2026-05-02T06:54:26+02:00,[38],[0]
2026-05-02T07:04:26+02:00,[38],[0]
2026-05-02T07:14:25+02:00,[37],[0]
2026-05-02T07:24:26+02:00,[37],[0]
2026-05-02T07:34:27+02:00,[37],[0]
2026-05-02T07:44:26+02:00,[37],[0]
2026-05-02T07:54:25+02:00,[37],[0]
2026-05-02T08:04:26+02:00,[37],[0]
2026-05-02T08:14:26+02:00,[38],[0]
2026-05-02T08:24:27+02:00,[38],[0]
2026-05-02T08:34:26+02:00,[37],[0]
2026-05-02T08:44:26+02:00,[37],[0]
2026-05-02T08:54:26+02:00,[37],[0]
2026-05-02T09:04:26+02:00,[37],[0]
2026-05-02T09:24:27+02:00,[38],[0]
2026-05-02T09:34:27+02:00,[37],[0]
2026-05-02T09:44:26+02:00,[37],[0]
2026-04-30T09:59:03+02:00,[38],[0]
2026-04-30T10:09:03+02:00,[37],[0]
2026-04-30T10:19:03+02:00,[38],[0]
2026-04-30T10:39:03+02:00,[38],[0]
2026-04-30T10:49:10+02:00,[37],[0]
2026-04-30T10:59:03+02:00,[38],[0]
2026-04-30T11:09:03+02:00,[37],[0]
2026-04-30T11:19:03+02:00,[37],[0]
2026-04-30T11:39:03+02:00,[37],[0]
2026-04-30T11:49:03+02:00,[37],[0]
2026-04-30T11:59:03+02:00,[37],[0]
2026-04-30T12:09:03+02:00,[37],[0]
2026-04-30T12:19:04+02:00,[38],[0]
2026-04-30T12:29:03+02:00,[37],[0]
2026-04-30T12:39:03+02:00,[37],[0]
2026-04-30T12:49:03+02:00,[37],[0]
2026-04-30T12:59:03+02:00,[37],[0]
2026-04-30T13:09:04+02:00,[38],[0]
2026-04-30T13:19:03+02:00,[37],[0]
2026-04-30T13:29:03+02:00,[37],[0]
2026-04-30T13:39:03+02:00,[37],[0]
2026-04-30T13:49:04+02:00,[37],[0]
2026-04-30T13:59:04+02:00,[38],[0]
2026-04-30T14:09:03+02:00,[37],[0]
2026-04-30T14:29:04+02:00,[38],[0]
2026-04-30T14:39:02+02:00,[37],[0]
2026-04-30T14:49:03+02:00,[37],[0]
2026-04-30T15:09:04+02:00,[37],[0]
2026-04-30T15:19:04+02:00,[38],[0]
2026-04-30T15:29:03+02:00,[37],[0]
2026-04-30T15:39:03+02:00,[37],[0]
2026-04-30T15:49:03+02:00,[37],[0]
2026-04-30T15:59:03+02:00,[37],[0]
2026-04-30T16:09:04+02:00,[38],[0]
2026-04-30T16:19:03+02:00,[37],[0]
2026-04-30T16:29:03+02:00,[37],[0]
2026-04-30T16:39:03+02:00,[37],[0]
2026-04-30T16:49:03+02:00,[37],[0]
2026-04-30T16:59:03+02:00,[37],[0]
2026-04-30T17:09:03+02:00,[37],[0]
2026-04-30T17:19:04+02:00,[37],[0]
2026-04-30T18:00:00+02:00,[60],[0]
2026-05-01T01:59:03+02:00,[37],[0]
2026-05-01T02:09:03+02:00,[37],[0]
2026-05-01T02:19:03+02:00,[37],[0]
2026-05-01T02:29:03+02:00,[37],[0]
2026-05-01T02:39:03+02:00,[38],[0]
2026-05-01T02:49:03+02:00,[37],[0]
2026-05-01T02:59:03+02:00,[37],[0]
2026-05-01T03:09:03+02:00,[37],[0]
2026-05-01T03:19:03+02:00,[38],[0]
2026-05-01T03:29:03+02:00,[37],[0]
2026-05-01T03:39:03+02:00,[37],[0]
2026-05-01T03:49:03+02:00,[37],[0]
2026-05-01T04:09:03+02:00,[37],[0]
2026-05-01T04:19:03+02:00,[37],[0]
2026-05-01T04:29:03+02:00,[37],[0]
2026-05-01T04:39:03+02:00,[37],[0]
2026-05-01T04:49:04+02:00,[38],[0]
2026-05-01T04:59:03+02:00,[37],[0]
2026-05-01T05:09:04+02:00,[37],[0]
2026-05-01T05:19:01+02:00,[38],[0]
2026-05-01T05:29:00+02:00,[37],[0]
2026-05-01T05:39:00+02:00,[37],[0]
2026-05-01T05:49:00+02:00,[37],[0]
2026-05-01T06:09:28+02:00,[38],[0]
2026-05-01T06:19:00+02:00,[38],[0]
2026-05-01T06:39:00+02:00,[37],[0]
2026-05-01T06:49:01+02:00,[38],[0]
2026-05-01T06:59:00+02:00,[37],[0]
2026-05-01T07:09:00+02:00,[37],[0]
2026-05-01T07:19:01+02:00,[38],[0]
2026-05-01T07:29:00+02:00,[37],[0]
2026-05-01T07:39:00+02:00,[37],[0]
2026-05-01T07:49:00+02:00,[38],[0]
2026-05-01T07:59:00+02:00,[37],[0]
2026-05-01T08:09:00+02:00,[37],[0]
2026-05-01T08:19:00+02:00,[37],[0]
2026-05-01T08:29:01+02:00,[38],[0]
2026-05-01T08:39:00+02:00,[37],[0]
2026-05-01T08:49:01+02:00,[37],[0]
2026-05-01T08:59:00+02:00,[38],[0]
2026-05-01T09:08:59+02:00,[37],[0]
2026-04-29T09:49:04+02:00,[38],[0]
2026-04-29T09:59:03+02:00,[37],[0]
2026-04-29T10:09:04+02:00,[38],[0]
2026-04-29T10:19:03+02:00,[37],[0]
2026-04-29T10:29:03+02:00,[37],[0]
2026-04-29T10:39:03+02:00,[37],[0]
2026-04-29T10:49:03+02:00,[37],[0]
2026-04-29T10:59:03+02:00,[37],[0]
2026-04-29T11:09:03+02:00,[37],[0]
2026-04-29T11:19:04+02:00,[37],[0]
2026-04-29T11:29:03+02:00,[37],[0]
2026-04-29T11:39:03+02:00,[37],[0]
2026-04-29T11:49:03+02:00,[37],[0]
2026-04-29T12:19:04+02:00,[38],[0]
2026-04-29T12:29:04+02:00,[37],[0]
2026-04-29T12:39:04+02:00,[38],[0]
2026-04-29T12:49:04+02:00,[38],[0]
2026-04-29T12:59:04+02:00,[38],[0]
2026-04-29T13:09:03+02:00,[37],[0]
2026-04-29T13:19:04+02:00,[38],[0]
2026-04-29T13:29:03+02:00,[37],[0]
2026-04-29T13:39:03+02:00,[37],[0]
2026-04-29T13:49:03+02:00,[37],[0]
2026-04-29T13:59:04+02:00,[37],[0]
2026-04-29T14:09:03+02:00,[37],[0]
2026-04-29T14:19:03+02:00,[37],[0]
2026-04-29T14:29:03+02:00,[38],[0]
2026-04-29T14:39:03+02:00,[37],[0]
2026-04-29T14:49:03+02:00,[37],[0]
2026-04-29T14:59:03+02:00,[37],[0]
2026-04-29T15:09:03+02:00,[37],[0]
2026-04-29T15:19:03+02:00,[37],[0]
2026-04-29T15:29:03+02:00,[37],[0]
2026-04-29T15:39:03+02:00,[37],[0]
2026-04-29T15:49:03+02:00,[37],[0]
2026-04-29T15:59:03+02:00,[37],[0]
2026-04-29T16:09:03+02:00,[37],[0]
2026-04-29T16:19:03+02:00,[37],[0]
2026-04-29T16:29:04+02:00,[38],[0]
2026-04-29T16:39:04+02:00,[38],[0]
2026-04-29T16:49:04+02:00,[37],[0]
2026-04-29T16:59:03+02:00,[37],[0]
2026-04-29T17:09:03+02:00,[37],[0]
2026-04-29T17:19:03+02:00,[37],[0]
2026-04-29T17:29:03+02:00,[37],[0]
2026-04-29T18:00:00+02:00,[60],[0]
2026-04-30T01:59:04+02:00,[38],[0]
2026-04-30T02:09:03+02:00,[37],[0]
2026-04-30T02:19:03+02:00,[37],[0]
2026-04-30T02:29:03+02:00,[37],[0]
2026-04-30T02:39:03+02:00,[37],[0]
2026-04-30T02:49:03+02:00,[37],[0]
2026-04-30T02:59:04+02:00,[38],[0]
2026-04-30T03:09:04+02:00,[38],[0]
2026-04-30T03:29:03+02:00,[37],[0]
2026-04-30T03:39:04+02:00,[37],[0]
2026-04-30T03:49:03+02:00,[37],[0]
2026-04-30T03:59:03+02:00,[37],[0]
2026-04-30T04:09:04+02:00,[38],[0]
2026-04-30T04:19:03+02:00,[37],[0]
2026-04-30T04:29:04+02:00,[37],[0]
2026-04-30T04:39:04+02:00,[38],[0]
2026-04-30T04:49:03+02:00,[38],[0]
2026-04-30T04:59:03+02:00,[37],[0]
2026-04-30T05:09:03+02:00,[37],[0]
2026-04-30T05:19:04+02:00,[38],[0]
2026-04-30T05:29:03+02:00,[37],[0]
2026-04-30T05:39:03+02:00,[37],[0]
2026-04-30T05:49:03+02:00,[37],[0]
2026-04-30T05:59:02+02:00,[37],[0]
2026-04-30T06:09:02+02:00,[37],[0]
2026-04-30T06:29:03+02:00,[37],[0]
2026-04-30T06:39:03+02:00,[38],[0]
2026-04-30T06:59:03+02:00,[37],[0]
2026-04-30T07:09:03+02:00,[38],[0]
2026-04-30T07:19:04+02:00,[38],[0]
2026-04-30T07:29:04+02:00,[38],[0]
2026-04-30T07:39:03+02:00,[37],[0]
2026-04-30T07:49:03+02:00,[38],[0]
2026-04-30T07:59:03+02:00,[37],[0]
2026-04-30T08:09:04+02:00,[38],[0]
2026-04-30T08:19:04+02:00,[37],[0]
2026-04-30T08:29:04+02:00,[37],[0]
2026-04-30T08:39:03+02:00,[38],[0]
2026-04-30T08:49:03+02:00,[37],[0]
2026-04-30T08:59:03+02:00,[37],[0]
2026-04-30T09:09:03+02:00,[37],[0]
2026-04-30T09:19:03+02:00,[37],[0]
2026-04-30T09:39:03+02:00,[37],[0]
2026-04-30T09:49:04+02:00,[38],[0]
2026-04-28T09:49:03+02:00,[37],[0]
2026-04-28T09:59:03+02:00,[37],[0]
2026-04-28T10:09:03+02:00,[37],[0]
2026-04-28T10:19:03+02:00,[37],[0]
2026-04-28T10:29:03+02:00,[37],[0]
2026-04-28T10:39:03+02:00,[38],[0]
2026-04-28T10:59:03+02:00,[37],[0]
2026-04-28T11:19:02+02:00,[37],[0]
2026-04-28T11:29:03+02:00,[37],[0]
2026-04-28T11:59:04+02:00,[37],[0]
2026-04-28T12:29:02+02:00,[37],[0]
2026-04-28T12:39:03+02:00,[37],[0]
2026-04-28T12:49:02+02:00,[37],[0]
2026-04-28T13:09:04+02:00,[38],[0]
2026-04-28T13:19:03+02:00,[38],[0]
2026-04-28T13:29:04+02:00,[37],[0]
2026-04-28T13:39:02+02:00,[37],[0]
2026-04-28T13:49:02+02:00,[37],[0]
2026-04-28T13:59:03+02:00,[37],[0]
2026-04-28T14:09:03+02:00,[37],[0]
2026-04-28T14:19:03+02:00,[37],[0]
2026-04-28T14:29:03+02:00,[37],[0]
2026-04-28T14:39:04+02:00,[38],[0]
2026-04-28T14:49:03+02:00,[37],[0]
2026-04-28T14:59:04+02:00,[38],[0]
2026-04-28T15:09:03+02:00,[37],[0]
2026-04-28T15:19:04+02:00,[37],[0]
2026-04-28T15:29:04+02:00,[37],[0]
2026-04-28T15:49:02+02:00,[37],[0]
2026-04-28T16:19:04+02:00,[37],[0]
2026-04-28T16:29:03+02:00,[37],[0]
2026-04-28T16:39:04+02:00,[38],[0]
2026-04-28T16:49:02+02:00,[37],[0]
2026-04-28T18:00:00+02:00,[60],[0]
2026-04-29T01:19:03+02:00,[37],[0]
2026-04-29T01:29:03+02:00,[37],[0]
2026-04-29T01:39:03+02:00,[37],[0]
2026-04-29T01:49:03+02:00,[37],[0]
2026-04-29T01:59:04+02:00,[38],[0]
2026-04-29T02:09:04+02:00,[38],[0]
2026-04-29T02:19:03+02:00,[37],[0]
2026-04-29T02:29:03+02:00,[37],[0]
2026-04-29T02:39:03+02:00,[38],[0]
2026-04-29T02:49:04+02:00,[38],[0]
2026-04-29T02:59:02+02:00,[37],[0]
2026-04-29T03:09:03+02:00,[38],[0]
2026-04-29T03:19:03+02:00,[37],[0]
2026-04-29T03:29:03+02:00,[37],[0]
2026-04-29T03:39:03+02:00,[38],[0]
2026-04-29T03:49:03+02:00,[37],[0]
2026-04-29T03:59:03+02:00,[37],[0]
2026-04-29T04:09:04+02:00,[37],[0]
2026-04-29T04:19:03+02:00,[38],[0]
2026-04-29T04:29:03+02:00,[37],[0]
2026-04-29T04:39:03+02:00,[37],[0]
2026-04-29T04:49:03+02:00,[37],[0]
2026-04-29T05:09:03+02:00,[37],[0]
2026-04-29T05:19:03+02:00,[37],[0]
2026-04-29T05:29:04+02:00,[38],[0]
2026-04-29T05:39:03+02:00,[37],[0]
2026-04-29T05:49:03+02:00,[38],[0]
2026-04-29T05:59:04+02:00,[38],[0]
2026-04-29T06:19:03+02:00,[37],[0]
2026-04-29T06:29:03+02:00,[37],[0]
2026-04-29T06:39:03+02:00,[37],[0]
2026-04-29T06:49:03+02:00,[37],[0]
2026-04-29T06:59:03+02:00,[37],[0]
2026-04-29T07:09:03+02:00,[37],[0]
2026-04-29T07:19:03+02:00,[37],[0]
2026-04-29T07:29:03+02:00,[37],[0]
2026-04-29T07:39:04+02:00,[37],[0]
2026-04-29T07:49:03+02:00,[37],[0]
2026-04-29T07:59:03+02:00,[37],[0]
2026-04-29T08:09:03+02:00,[37],[0]
2026-04-29T08:19:03+02:00,[38],[0]
2026-04-29T08:29:03+02:00,[37],[0]
2026-04-29T08:39:03+02:00,[37],[0]
2026-04-29T08:49:03+02:00,[37],[0]
2026-04-29T08:59:04+02:00,[38],[0]
2026-04-29T09:09:04+02:00,[38],[0]
2026-04-29T09:19:03+02:00,[37],[0]
2026-04-29T09:29:03+02:00,[37],[0]
2026-04-29T09:39:03+02:00,[37],[0]
2026-04-27T08:19:25+02:00,"[30,30,20,33,30,30,30,35,13,12,7,30,30,30,15,30,47,30,30,4,17,30,30,62,4,4,30,31,30,31,17,6]","[0,0,0,0,0,0,0,0,0,0,0,0,0,0,0,0,0,0,0,0,0,0,0,0,0,0,0,0,0,0,0,0]"
2026-04-27T08:33:45+02:00,[45],[0]
2026-04-27T08:39:06+02:00,[37],[0]
2026-04-27T08:49:05+02:00,[37],[0]
2026-04-27T08:59:05+02:00,[37],[0]
2026-04-27T09:19:06+02:00,[37],[0]
2026-04-27T09:29:07+02:00,[38],[0]
2026-04-27T09:39:06+02:00,[38],[0]
2026-04-27T09:49:07+02:00,[38],[0]
2026-04-27T09:59:06+02:00,[37],[0]
2026-04-27T10:09:06+02:00,[37],[0]
2026-04-27T10:19:07+02:00,[38],[0]
2026-04-27T10:29:06+02:00,[37],[0]
2026-04-27T10:39:06+02:00,[37],[0]
2026-04-27T10:49:06+02:00,[37],[0]
2026-04-27T10:59:06+02:00,[38],[0]
2026-04-27T11:09:07+02:00,[37],[0]
2026-04-27T08:32:47+02:00,[6],[0]
2026-04-27T11:19:06+02:00,[37],[0]
2026-04-27T11:29:06+02:00,[37],[0]
2026-04-27T11:39:06+02:00,[37],[0]
2026-04-27T11:49:06+02:00,[37],[0]
2026-04-27T11:59:06+02:00,[37],[0]
2026-04-27T12:09:06+02:00,[37],[0]
2026-04-27T12:19:06+02:00,[37],[0]
2026-04-27T12:29:07+02:00,[37],[0]
2026-04-27T12:39:06+02:00,[38],[0]
2026-04-27T12:49:07+02:00,[37],[0]
2026-04-27T12:59:06+02:00,[37],[0]
2026-04-27T13:09:06+02:00,[37],[0]
2026-04-27T13:19:06+02:00,[37],[0]
2026-04-27T13:29:06+02:00,[37],[0]
2026-04-27T13:39:07+02:00,[38],[0]
2026-04-27T13:49:05+02:00,[37],[0]
2026-04-27T14:09:06+02:00,[37],[0]
2026-04-27T14:19:06+02:00,[37],[0]
2026-04-27T14:39:06+02:00,[37],[0]
2026-04-27T14:49:06+02:00,[37],[0]
2026-04-27T15:09:05+02:00,[37],[0]
2026-04-27T15:19:06+02:00,[37],[0]
2026-04-27T15:29:06+02:00,[37],[0]
2026-04-27T15:39:06+02:00,[38],[0]
2026-04-27T15:49:06+02:00,[38],[0]
2026-04-27T18:00:00+02:00,[60],[0]
2026-04-28T00:59:07+02:00,[38],[0]
2026-04-28T01:09:06+02:00,[37],[0]
2026-04-28T01:19:05+02:00,[37],[0]
2026-04-28T01:29:06+02:00,[37],[0]
2026-04-28T01:39:06+02:00,[37],[0]
2026-04-28T01:49:06+02:00,[37],[0]
2026-04-28T01:59:04+02:00,[37],[0]
2026-04-28T02:09:03+02:00,[37],[0]
2026-04-28T02:19:04+02:00,[37],[0]
2026-04-28T02:29:03+02:00,[37],[0]
2026-04-28T02:39:03+02:00,[37],[0]
2026-04-28T02:49:03+02:00,[37],[0]
2026-04-28T02:59:03+02:00,[37],[0]
2026-04-28T03:09:04+02:00,[38],[0]
2026-04-28T03:19:03+02:00,[37],[0]
2026-04-28T03:29:03+02:00,[37],[0]
2026-04-28T03:39:03+02:00,[37],[0]
2026-04-28T03:49:03+02:00,[38],[0]
2026-04-28T03:59:03+02:00,[37],[0]
2026-04-28T04:09:03+02:00,[37],[0]
2026-04-28T04:19:03+02:00,[37],[0]
2026-04-28T04:29:03+02:00,[37],[0]
2026-04-28T04:39:04+02:00,[38],[0]
2026-04-28T04:49:03+02:00,[37],[0]
2026-04-28T04:59:04+02:00,[38],[0]
2026-04-28T05:09:04+02:00,[38],[0]
2026-04-28T05:19:03+02:00,[37],[0]
2026-04-28T05:29:03+02:00,[37],[0]
2026-04-28T05:39:03+02:00,[37],[0]
2026-04-28T05:49:04+02:00,[38],[0]
2026-04-28T05:59:04+02:00,[38],[0]
2026-04-28T06:09:03+02:00,[37],[0]
2026-04-28T06:19:02+02:00,[37],[0]
2026-04-28T06:29:03+02:00,[37],[0]
2026-04-28T06:39:04+02:00,[38],[0]
2026-04-28T06:49:03+02:00,[37],[0]
2026-04-28T06:59:04+02:00,[37],[0]
2026-04-28T07:09:04+02:00,[38],[0]
2026-04-28T07:19:03+02:00,[37],[0]
2026-04-28T07:29:03+02:00,[37],[0]
2026-04-28T07:39:04+02:00,[37],[0]
2026-04-28T07:49:04+02:00,[38],[0]
2026-04-28T07:59:03+02:00,[37],[0]
2026-04-28T08:09:03+02:00,[37],[0]
2026-04-28T08:19:03+02:00,[37],[0]
2026-04-28T08:29:03+02:00,[37],[0]
2026-04-28T08:39:03+02:00,[37],[0]
2026-04-28T08:49:03+02:00,[37],[0]
2026-04-28T08:59:04+02:00,[38],[0]
2026-04-28T09:09:04+02:00,[38],[0]
2026-04-28T09:19:03+02:00,[37],[0]
2026-04-28T09:29:03+02:00,[37],[0]
2026-04-28T09:39:03+02:00,[37],[0]
2026-04-26T09:49:06+02:00,[37],[0]
2026-04-26T09:59:06+02:00,[37],[0]
2026-04-26T10:09:07+02:00,[38],[0]
2026-04-26T10:19:06+02:00,[37],[0]
2026-04-26T10:29:07+02:00,[37],[0]
2026-04-26T10:39:06+02:00,[37],[0]
2026-04-26T10:49:06+02:00,[37],[0]
2026-04-26T10:59:19+02:00,[37],[0]
2026-04-26T11:09:07+02:00,[38],[0]
2026-04-26T11:19:07+02:00,[38],[0]
2026-04-26T11:29:07+02:00,[37],[0]
2026-04-26T11:49:05+02:00,[37],[0]
2026-04-26T11:59:06+02:00,[37],[0]
2026-04-26T12:09:06+02:00,[37],[0]
2026-04-26T12:19:06+02:00,[37],[0]
2026-04-26T12:29:07+02:00,[38],[0]
2026-04-26T12:39:06+02:00,[37],[0]
2026-04-26T12:49:05+02:00,[37],[0]
2026-04-26T12:59:06+02:00,[38],[0]
2026-04-26T13:09:07+02:00,[38],[0]
2026-04-26T13:29:06+02:00,[37],[0]
2026-04-26T13:49:07+02:00,[38],[0]
2026-04-26T14:19:06+02:00,[37],[0]
2026-04-26T14:29:06+02:00,[37],[0]
2026-04-26T14:39:06+02:00,[37],[0]
2026-04-26T14:49:06+02:00,[37],[0]
2026-04-26T14:59:06+02:00,[37],[0]
2026-04-26T15:09:06+02:00,[38],[0]
2026-04-26T15:19:06+02:00,[38],[0]
2026-04-26T15:29:06+02:00,[37],[0]
2026-04-26T15:39:06+02:00,[37],[0]
2026-04-26T15:49:06+02:00,[37],[0]
2026-04-26T15:59:06+02:00,[37],[0]
2026-04-26T16:09:07+02:00,[38],[0]
2026-04-26T16:19:06+02:00,[37],[0]
2026-04-26T16:29:06+02:00,[37],[0]
2026-04-26T18:00:00+02:00,[60],[0]
2026-04-27T01:49:06+02:00,[37],[0]
2026-04-27T01:59:06+02:00,[37],[0]
2026-04-27T02:09:07+02:00,[37],[0]
2026-04-27T02:19:06+02:00,[37],[0]
2026-04-27T02:29:06+02:00,[37],[0]
2026-04-27T02:39:07+02:00,[37],[0]
2026-04-27T02:49:06+02:00,[37],[0]
2026-04-27T02:59:06+02:00,[37],[0]
2026-04-27T03:09:06+02:00,[37],[0]
2026-04-27T03:19:06+02:00,[37],[0]
2026-04-27T03:29:07+02:00,[38],[0]
2026-04-27T03:39:06+02:00,[37],[0]
2026-04-27T03:49:07+02:00,[37],[0]
2026-04-27T03:59:07+02:00,[38],[0]
2026-04-27T04:09:06+02:00,[37],[0]
2026-04-27T04:19:07+02:00,[37],[0]
2026-04-27T04:29:06+02:00,[37],[0]
2026-04-27T04:39:07+02:00,[38],[0]
2026-04-27T04:59:07+02:00,[38],[0]
2026-04-27T05:19:05+02:00,[37],[0]
2026-04-27T05:29:06+02:00,[37],[0]
2026-04-27T05:39:06+02:00,[37],[0]
2026-04-27T05:49:06+02:00,[37],[0]
2026-04-27T05:59:06+02:00,[37],[0]
2026-04-27T06:09:07+02:00,[37],[0]
2026-04-27T06:19:06+02:00,[37],[0]
2026-04-27T06:29:05+02:00,[37],[0]
2026-04-27T06:39:06+02:00,[37],[0]
2026-04-27T06:49:06+02:00,[37],[0]
2026-04-27T06:59:06+02:00,[37],[0]
2026-04-27T07:09:06+02:00,[37],[0]
2026-04-27T07:19:07+02:00,[38],[0]
2026-04-27T07:29:06+02:00,[37],[0]
2026-04-27T07:39:06+02:00,[38],[0]
2026-04-27T07:49:06+02:00,[37],[0]
2026-04-27T07:59:06+02:00,[37],[0]
2026-04-27T08:11:45+02:00,[1],[0]
2026-04-27T08:12:15+02:00,"[22,30,30,11,21,28,40,31,12,10,30,30,30,30]","[0,0,0,0,0,0,0,0,0,0,0,0,0,0]"
2026-04-25T09:49:07+02:00,[38],[0]
2026-04-25T09:59:07+02:00,[38],[0]
2026-04-25T10:09:07+02:00,[38],[0]
2026-04-25T10:19:06+02:00,[37],[0]
2026-04-25T10:29:05+02:00,[37],[0]
2026-04-25T10:39:05+02:00,[37],[0]
2026-04-25T10:49:06+02:00,[38],[0]
2026-04-25T11:19:05+02:00,[37],[0]
2026-04-25T11:29:05+02:00,[37],[0]
2026-04-25T11:39:06+02:00,[37],[0]
2026-04-25T11:49:07+02:00,[38],[0]
2026-04-25T11:59:07+02:00,[38],[0]
2026-04-25T12:09:05+02:00,[37],[0]
2026-04-25T12:19:07+02:00,[38],[0]
2026-04-25T12:29:06+02:00,[37],[0]
2026-04-25T12:39:07+02:00,[38],[0]
2026-04-25T12:49:07+02:00,[38],[0]
2026-04-25T12:59:05+02:00,[37],[0]
2026-04-25T13:09:07+02:00,[38],[0]
2026-04-25T13:19:06+02:00,[37],[0]
2026-04-25T13:29:06+02:00,[37],[0]
2026-04-25T13:39:06+02:00,[37],[0]
2026-04-25T13:49:06+02:00,[37],[0]
2026-04-25T13:59:06+02:00,[37],[0]
2026-04-25T14:09:06+02:00,[37],[0]
2026-04-25T14:19:07+02:00,[38],[0]
2026-04-25T14:29:07+02:00,[38],[0]
2026-04-25T14:39:06+02:00,[37],[0]
2026-04-25T14:49:06+02:00,[37],[0]
2026-04-25T14:59:06+02:00,[37],[0]
2026-04-25T15:09:06+02:00,[37],[0]
2026-04-25T15:19:06+02:00,[37],[0]
2026-04-25T15:29:06+02:00,[37],[0]
2026-04-25T15:39:06+02:00,[37],[0]
2026-04-25T15:49:06+02:00,[37],[0]
2026-04-25T18:00:00+02:00,[60],[0]
2026-04-26T01:49:07+02:00,[37],[0]
2026-04-26T01:59:06+02:00,[37],[0]
2026-04-26T02:09:06+02:00,[37],[0]
2026-04-26T02:19:07+02:00,[37],[0]
2026-04-26T02:29:06+02:00,[37],[0]
2026-04-26T02:39:06+02:00,[37],[0]
2026-04-26T02:49:06+02:00,[37],[0]
2026-04-26T02:59:07+02:00,[38],[0]
2026-04-26T03:09:06+02:00,[37],[0]
2026-04-26T03:19:06+02:00,[37],[0]
2026-04-26T03:29:06+02:00,[37],[0]
2026-04-26T03:39:06+02:00,[37],[0]
2026-04-26T03:49:06+02:00,[37],[0]
2026-04-26T03:59:06+02:00,[37],[0]
2026-04-26T04:09:07+02:00,[37],[0]
2026-04-26T04:19:07+02:00,[38],[0]
2026-04-26T04:29:06+02:00,[37],[0]
2026-04-26T04:39:07+02:00,[38],[0]
2026-04-26T04:49:06+02:00,[37],[0]
2026-04-26T04:59:06+02:00,[37],[0]
2026-04-26T05:09:06+02:00,[37],[0]
2026-04-26T05:19:06+02:00,[37],[0]
2026-04-26T05:29:06+02:00,[38],[0]
2026-04-26T05:39:06+02:00,[38],[0]
2026-04-26T05:59:07+02:00,[38],[0]
2026-04-26T06:29:06+02:00,[38],[0]
2026-04-26T06:39:05+02:00,[37],[0]
2026-04-26T06:49:06+02:00,[37],[0]
2026-04-26T06:59:06+02:00,[37],[0]
2026-04-26T07:09:06+02:00,[37],[0]
2026-04-26T07:19:06+02:00,[37],[0]
2026-04-26T07:29:07+02:00,[38],[0]
2026-04-26T07:39:06+02:00,[37],[0]
2026-04-26T07:49:06+02:00,[37],[0]
2026-04-26T07:59:07+02:00,[37],[0]
2026-04-26T08:09:06+02:00,[38],[0]
2026-04-26T08:19:06+02:00,[37],[0]
2026-04-26T08:29:06+02:00,[37],[0]
2026-04-26T08:39:07+02:00,[38],[0]
2026-04-26T08:49:06+02:00,[37],[0]
2026-04-26T08:59:06+02:00,[37],[0]
2026-04-26T09:09:06+02:00,[37],[0]
2026-04-26T09:19:07+02:00,[38],[0]
2026-04-26T09:29:05+02:00,[37],[0]
2026-04-26T09:39:07+02:00,[38],[0]
2026-04-24T09:49:09+02:00,[37],[0]
2026-04-24T09:59:09+02:00,[37],[0]
2026-04-24T10:09:09+02:00,[37],[0]
2026-04-24T10:19:09+02:00,[37],[0]
2026-04-24T10:29:09+02:00,[37],[0]
2026-04-24T10:39:08+02:00,[37],[0]
2026-04-24T10:49:10+02:00,[38],[0]
2026-04-24T10:59:09+02:00,[37],[0]
2026-04-24T11:09:09+02:00,[37],[0]
2026-04-24T11:19:08+02:00,[37],[0]
2026-04-24T11:29:09+02:00,[38],[0]
2026-04-24T11:39:09+02:00,[37],[0]
2026-04-24T11:49:08+02:00,[37],[0]
2026-04-24T12:19:09+02:00,[37],[0]
2026-04-24T12:29:10+02:00,[38],[0]
2026-04-24T12:39:09+02:00,[37],[0]
2026-04-24T12:49:09+02:00,[37],[0]
2026-04-24T12:59:09+02:00,[37],[0]
2026-04-24T13:09:10+02:00,[38],[0]
2026-04-24T13:19:10+02:00,[38],[0]
2026-04-24T13:29:09+02:00,[37],[0]
2026-04-24T13:39:10+02:00,[38],[0]
2026-04-24T13:49:09+02:00,[37],[0]
2026-04-24T13:59:09+02:00,[37],[0]
2026-04-24T14:09:08+02:00,[37],[0]
2026-04-24T14:19:09+02:00,[37],[0]
2026-04-24T14:29:09+02:00,[37],[0]
2026-04-24T14:39:10+02:00,[38],[0]
2026-04-24T14:49:10+02:00,[38],[0]
2026-04-24T14:59:09+02:00,[37],[0]
2026-04-24T15:09:09+02:00,[37],[0]
2026-04-24T15:19:09+02:00,[37],[0]
2026-04-24T15:39:09+02:00,[37],[0]
2026-04-24T15:49:09+02:00,[37],[0]
2026-04-24T18:00:00+02:00,[60],[0]
2026-04-25T02:19:10+02:00,[38],[0]
2026-04-25T02:29:10+02:00,[38],[0]
2026-04-25T02:39:09+02:00,[37],[0]
2026-04-25T02:49:09+02:00,[37],[0]
2026-04-25T02:59:09+02:00,[37],[0]
2026-04-25T03:09:09+02:00,[37],[0]
2026-04-25T03:19:09+02:00,[37],[0]
2026-04-25T03:29:09+02:00,[37],[0]
2026-04-25T03:39:09+02:00,[37],[0]
2026-04-25T03:49:09+02:00,[37],[0]
2026-04-25T03:59:08+02:00,[37],[0]
2026-04-25T04:09:11+02:00,[38],[0]
2026-04-25T04:19:09+02:00,[37],[0]
2026-04-25T04:29:09+02:00,[37],[0]
2026-04-25T04:39:09+02:00,[37],[0]
2026-04-25T04:59:09+02:00,[37],[0]
2026-04-25T05:09:09+02:00,[37],[0]
2026-04-25T05:19:09+02:00,[37],[0]
2026-04-25T05:29:09+02:00,[37],[0]
2026-04-25T05:39:09+02:00,[38],[0]
2026-04-25T05:49:09+02:00,[37],[0]
2026-04-25T05:59:09+02:00,[37],[0]
2026-04-25T06:09:09+02:00,[37],[0]
2026-04-25T06:19:10+02:00,[38],[0]
2026-04-25T06:29:09+02:00,[37],[0]
2026-04-25T06:39:10+02:00,[38],[0]
2026-04-25T06:49:06+02:00,[37],[0]
2026-04-25T06:59:06+02:00,[37],[0]
2026-04-25T07:29:06+02:00,[37],[0]
2026-04-25T07:39:06+02:00,[37],[0]
2026-04-25T07:49:06+02:00,[37],[0]
2026-04-25T07:59:07+02:00,[38],[0]
2026-04-25T08:09:06+02:00,[37],[0]
2026-04-25T08:19:06+02:00,[37],[0]
2026-04-25T08:29:06+02:00,[37],[0]
2026-04-25T08:39:06+02:00,[38],[0]
2026-04-25T08:49:06+02:00,[37],[0]
2026-04-25T08:59:07+02:00,[38],[0]
2026-04-25T09:09:06+02:00,[37],[0]
2026-04-25T09:19:06+02:00,[37],[0]
2026-04-25T09:29:05+02:00,[37],[0]
2026-04-25T09:39:06+02:00,[37],[0]
2026-04-23T09:59:09+02:00,[37],[0]
2026-04-23T10:09:10+02:00,[38],[0]
2026-04-23T10:19:09+02:00,[37],[0]
2026-04-23T10:29:09+02:00,[37],[0]
2026-04-23T10:39:10+02:00,[38],[0]
2026-04-23T10:49:09+02:00,[37],[0]
2026-04-23T10:59:09+02:00,[37],[0]
2026-04-23T11:09:09+02:00,[38],[0]
2026-04-23T11:19:09+02:00,[37],[0]
2026-04-23T11:39:10+02:00,[38],[0]
2026-04-23T11:49:09+02:00,[37],[0]
2026-04-23T11:59:08+02:00,[37],[0]
2026-04-23T12:19:09+02:00,[37],[0]
2026-04-23T12:29:09+02:00,[37],[0]
2026-04-23T12:39:09+02:00,[37],[0]
2026-04-23T12:49:09+02:00,[37],[0]
2026-04-23T12:59:09+02:00,[37],[0]
2026-04-23T13:09:09+02:00,[37],[0]
2026-04-23T13:19:09+02:00,[37],[0]
2026-04-23T13:29:09+02:00,[37],[0]
2026-04-23T13:39:09+02:00,[37],[0]
2026-04-23T13:49:09+02:00,[37],[0]
2026-04-23T14:09:23+02:00,[38],[0]
2026-04-23T14:19:10+02:00,[38],[0]
2026-04-23T14:29:09+02:00,[37],[0]
2026-04-23T14:39:09+02:00,[37],[0]
2026-04-23T14:49:09+02:00,[37],[0]
2026-04-23T18:00:00+02:00,[60],[0]
2026-04-24T01:59:10+02:00,[38],[0]
2026-04-24T02:09:09+02:00,[37],[0]
2026-04-24T02:19:09+02:00,[37],[0]
2026-04-24T02:29:09+02:00,[38],[0]
2026-04-24T02:39:10+02:00,[38],[0]
2026-04-24T02:49:09+02:00,[37],[0]
2026-04-24T02:59:09+02:00,[37],[0]
2026-04-24T03:09:09+02:00,[37],[0]
2026-04-24T03:19:10+02:00,[38],[0]
2026-04-24T03:29:09+02:00,[37],[0]
2026-04-24T03:39:09+02:00,[37],[0]
2026-04-24T03:49:09+02:00,[37],[0]
2026-04-24T03:59:10+02:00,[38],[0]
2026-04-24T04:09:09+02:00,[37],[0]
2026-04-24T04:19:09+02:00,[37],[0]
2026-04-24T04:29:09+02:00,[37],[0]
2026-04-24T04:39:09+02:00,[37],[0]
2026-04-24T04:49:09+02:00,[37],[0]
2026-04-24T04:59:09+02:00,[37],[0]
2026-04-24T05:09:09+02:00,[37],[0]
2026-04-24T05:19:09+02:00,[37],[0]
2026-04-24T05:29:09+02:00,[37],[0]
2026-04-24T05:39:09+02:00,[37],[0]
2026-04-24T05:49:09+02:00,[38],[0]
2026-04-24T05:59:09+02:00,[37],[0]
2026-04-24T06:09:09+02:00,[9],[0]
2026-04-24T06:49:09+02:00,[37],[0]
2026-04-24T06:59:09+02:00,[37],[0]
2026-04-24T07:09:10+02:00,[38],[0]
2026-04-24T07:19:09+02:00,[37],[0]
2026-04-24T07:29:09+02:00,[37],[0]
2026-04-24T07:39:09+02:00,[37],[0]
2026-04-24T07:49:09+02:00,[37],[0]
2026-04-24T07:59:09+02:00,[38],[0]
2026-04-24T08:09:09+02:00,[37],[0]
2026-04-24T08:19:09+02:00,[37],[0]
2026-04-24T08:29:10+02:00,[38],[0]
2026-04-24T08:39:10+02:00,[38],[0]
2026-04-24T08:49:09+02:00,[37],[0]
2026-04-24T08:59:09+02:00,[37],[0]
2026-04-24T09:09:09+02:00,[37],[0]
2026-04-24T09:19:09+02:00,[37],[0]
2026-04-24T09:29:09+02:00,[37],[0]
2026-04-24T09:39:09+02:00,[37],[0]
2026-04-22T09:49:09+02:00,[37],[0]
2026-04-22T09:59:09+02:00,[37],[0]
2026-04-22T10:19:10+02:00,[38],[0]
2026-04-22T10:29:08+02:00,[37],[0]
2026-04-22T10:39:08+02:00,[37],[0]
2026-04-22T11:09:08+02:00,[37],[0]
2026-04-22T11:19:09+02:00,[37],[0]
2026-04-22T11:29:10+02:00,[38],[0]
2026-04-22T11:39:09+02:00,[37],[0]
2026-04-22T11:49:08+02:00,[37],[0]
2026-04-22T11:59:09+02:00,[37],[0]
2026-04-22T12:09:09+02:00,[38],[0]
2026-04-22T12:19:10+02:00,[38],[0]
2026-04-22T12:29:09+02:00,[37],[0]
2026-04-22T12:39:09+02:00,[37],[0]
2026-04-22T12:49:09+02:00,[37],[0]
2026-04-22T12:59:09+02:00,[37],[0]
2026-04-22T13:09:10+02:00,[38],[0]
2026-04-22T13:19:09+02:00,[37],[0]
2026-04-22T13:29:09+02:00,[37],[0]
2026-04-22T13:39:09+02:00,[37],[0]
2026-04-22T13:49:10+02:00,[37],[0]
2026-04-22T13:59:10+02:00,[38],[0]
2026-04-22T14:09:10+02:00,[38],[0]
2026-04-22T14:19:09+02:00,[37],[0]
2026-04-22T14:29:09+02:00,[37],[0]
2026-04-22T14:39:09+02:00,[37],[0]
2026-04-22T14:49:09+02:00,[37],[0]
2026-04-22T14:59:09+02:00,[37],[0]
2026-04-22T15:09:09+02:00,[37],[0]
2026-04-22T15:19:09+02:00,[37],[0]
2026-04-22T15:29:09+02:00,[37],[0]
2026-04-22T15:39:09+02:00,[37],[0]
2026-04-22T15:49:09+02:00,[37],[0]
2026-04-22T15:59:09+02:00,[37],[0]
2026-04-22T16:09:09+02:00,[37],[0]
2026-04-22T16:19:08+02:00,[37],[0]
2026-04-22T16:29:08+02:00,[37],[0]
2026-04-22T16:39:09+02:00,[37],[0]
2026-04-22T16:49:09+02:00,[37],[0]
2026-04-22T16:59:09+02:00,[37],[0]
2026-04-22T17:09:09+02:00,[37],[0]
2026-04-22T17:19:09+02:00,[37],[0]
2026-04-22T17:29:09+02:00,[37],[0]
2026-04-22T18:00:00+02:00,[60],[0]
2026-04-23T01:39:09+02:00,[37],[0]
2026-04-23T01:49:09+02:00,[37],[0]
2026-04-23T01:59:09+02:00,[37],[0]
2026-04-23T02:09:09+02:00,[37],[0]
2026-04-23T02:19:09+02:00,[37],[0]
2026-04-23T02:29:09+02:00,[37],[0]
2026-04-23T02:39:09+02:00,[37],[0]
2026-04-23T02:49:09+02:00,[37],[0]
2026-04-23T02:59:09+02:00,[37],[0]
2026-04-23T03:09:09+02:00,[37],[0]
2026-04-23T03:19:09+02:00,[37],[0]
2026-04-23T03:29:09+02:00,[37],[0]
2026-04-23T03:39:09+02:00,[37],[0]
2026-04-23T03:49:09+02:00,[37],[0]
2026-04-23T03:59:09+02:00,[37],[0]
2026-04-23T04:09:09+02:00,[37],[0]
2026-04-23T04:19:09+02:00,[37],[0]
2026-04-23T04:29:10+02:00,[38],[0]
2026-04-23T04:39:09+02:00,[37],[0]
2026-04-23T04:49:09+02:00,[37],[0]
2026-04-23T04:59:09+02:00,[37],[0]
2026-04-23T05:09:09+02:00,[37],[0]
2026-04-23T05:19:09+02:00,[37],[0]
2026-04-23T05:29:09+02:00,[37],[0]
2026-04-23T05:39:10+02:00,[38],[0]
2026-04-23T05:49:09+02:00,[37],[0]
2026-04-23T05:59:09+02:00,[37],[0]
2026-04-23T06:09:10+02:00,[38],[0]
2026-04-23T06:19:10+02:00,[38],[0]
2026-04-23T06:29:09+02:00,[37],[0]
2026-04-23T06:39:09+02:00,[37],[0]
2026-04-23T06:49:09+02:00,[37],[0]
2026-04-23T06:59:09+02:00,[37],[0]
2026-04-23T07:09:09+02:00,[37],[0]
2026-04-23T07:19:10+02:00,[38],[0]
2026-04-23T07:29:09+02:00,[37],[0]
2026-04-23T07:39:09+02:00,[37],[0]
2026-04-23T07:49:09+02:00,[37],[0]
2026-04-23T07:59:09+02:00,[37],[0]
2026-04-23T08:09:09+02:00,[37],[0]
2026-04-23T08:19:09+02:00,[37],[0]
2026-04-23T08:29:09+02:00,[37],[0]
2026-04-23T08:39:09+02:00,[37],[0]
2026-04-23T08:49:09+02:00,[37],[0]
2026-04-23T08:59:09+02:00,[37],[0]
2026-04-23T09:09:09+02:00,[37],[0]
2026-04-23T09:19:09+02:00,[37],[0]
2026-04-23T09:29:09+02:00,[38],[0]
2026-04-23T09:39:09+02:00,[37],[0]
2026-04-23T09:49:09+02:00,[37],[0]
2026-04-21T09:59:12+02:00,[37],[0]
2026-04-21T10:09:11+02:00,[37],[0]
2026-04-21T10:19:12+02:00,[37],[0]
2026-04-21T10:29:12+02:00,[37],[0]
2026-04-21T10:39:12+02:00,[37],[0]
2026-04-21T10:49:13+02:00,[37],[0]
2026-04-21T10:59:11+02:00,[37],[0]
2026-04-21T11:09:12+02:00,[37],[0]
2026-04-21T11:19:12+02:00,[37],[0]
2026-04-21T11:49:12+02:00,[37],[0]
2026-04-21T11:59:11+02:00,[37],[0]
2026-04-21T12:09:11+02:00,[37],[0]
2026-04-21T12:19:13+02:00,[38],[0]
2026-04-21T12:29:13+02:00,[37],[0]
2026-04-21T12:39:12+02:00,[37],[0]
2026-04-21T12:59:12+02:00,[37],[0]
2026-04-21T13:09:13+02:00,[38],[0]
2026-04-21T13:19:12+02:00,[38],[0]
2026-04-21T13:39:12+02:00,[37],[0]
2026-04-21T13:49:11+02:00,[37],[0]
2026-04-21T13:59:12+02:00,[37],[0]
2026-04-21T14:09:12+02:00,[37],[0]
2026-04-21T14:19:12+02:00,[37],[0]
2026-04-21T14:29:12+02:00,[37],[0]
2026-04-21T14:39:12+02:00,[37],[0]
2026-04-21T14:49:12+02:00,[37],[0]
2026-04-21T14:59:12+02:00,[37],[0]
2026-04-21T15:09:12+02:00,[37],[0]
2026-04-21T15:19:12+02:00,[37],[0]
2026-04-21T15:29:13+02:00,[37],[0]
2026-04-21T15:39:12+02:00,[37],[0]
2026-04-21T15:49:11+02:00,[37],[0]
2026-04-21T15:59:12+02:00,[37],[0]
2026-04-21T16:09:12+02:00,[37],[0]
2026-04-21T16:19:12+02:00,[38],[0]
2026-04-21T16:29:13+02:00,[38],[0]
2026-04-21T16:39:12+02:00,[37],[0]
2026-04-21T16:49:12+02:00,[37],[0]
2026-04-21T16:59:12+02:00,[37],[0]
2026-04-21T18:00:00+02:00,[60],[0]
2026-04-22T01:29:13+02:00,[37],[0]
2026-04-22T01:39:12+02:00,[37],[0]
2026-04-22T01:49:13+02:00,[38],[0]
2026-04-22T01:59:13+02:00,[38],[0]
2026-04-22T02:09:12+02:00,[37],[0]
2026-04-22T02:19:13+02:00,[38],[0]
2026-04-22T02:29:12+02:00,[37],[0]
2026-04-22T02:49:13+02:00,[38],[0]
2026-04-22T02:59:13+02:00,[37],[0]
2026-04-22T03:09:12+02:00,[37],[0]
2026-04-22T03:19:13+02:00,[38],[0]
2026-04-22T03:29:12+02:00,[37],[0]
2026-04-22T03:39:12+02:00,[38],[0]
2026-04-22T03:49:12+02:00,[37],[0]
2026-04-22T03:59:13+02:00,[38],[0]
2026-04-22T04:09:12+02:00,[37],[0]
2026-04-22T04:19:12+02:00,[37],[0]
2026-04-22T04:29:12+02:00,[37],[0]
2026-04-22T04:39:13+02:00,[38],[0]
2026-04-22T04:49:12+02:00,[37],[0]
2026-04-22T04:59:13+02:00,[38],[0]
2026-04-22T05:09:12+02:00,[37],[0]
2026-04-22T05:19:12+02:00,[37],[0]
2026-04-22T05:29:12+02:00,[37],[0]
2026-04-22T05:39:12+02:00,[37],[0]
2026-04-22T05:49:13+02:00,[38],[0]
2026-04-22T05:59:09+02:00,[37],[0]
2026-04-22T06:09:09+02:00,[37],[0]
2026-04-22T06:19:09+02:00,[37],[0]
2026-04-22T06:29:10+02:00,[38],[0]
2026-04-22T06:39:09+02:00,[37],[0]
2026-04-22T06:49:09+02:00,[37],[0]
2026-04-22T06:59:09+02:00,[38],[0]
2026-04-22T07:09:10+02:00,[38],[0]
2026-04-22T07:19:09+02:00,[37],[0]
2026-04-22T07:29:09+02:00,[37],[0]
2026-04-22T07:39:09+02:00,[37],[0]
2026-04-22T07:49:10+02:00,[38],[0]
2026-04-22T07:59:09+02:00,[37],[0]
2026-04-22T08:09:09+02:00,[37],[0]
2026-04-22T08:19:09+02:00,[37],[0]
2026-04-22T08:29:10+02:00,[38],[0]
2026-04-22T08:49:09+02:00,[37],[0]
2026-04-22T08:59:08+02:00,[37],[0]
2026-04-22T09:09:08+02:00,[37],[0]
2026-04-22T09:19:09+02:00,[37],[0]
2026-04-22T09:29:09+02:00,[38],[0]
2026-04-22T09:39:09+02:00,[37],[0]
2026-04-20T09:49:12+02:00,[37],[0]
2026-04-20T09:59:12+02:00,[38],[0]
2026-04-20T10:09:13+02:00,[38],[0]
2026-04-20T10:19:12+02:00,[37],[0]
2026-04-20T10:29:13+02:00,[38],[0]
2026-04-20T10:39:12+02:00,[37],[0]
2026-04-20T10:49:12+02:00,[37],[0]
2026-04-20T10:59:12+02:00,[37],[0]
2026-04-20T11:09:12+02:00,[38],[0]
2026-04-20T11:19:12+02:00,[37],[0]
2026-04-20T11:39:12+02:00,[37],[0]
2026-04-20T11:49:12+02:00,[37],[0]
2026-04-20T11:59:13+02:00,[38],[0]
2026-04-20T12:09:12+02:00,[37],[0]
2026-04-20T12:19:12+02:00,[37],[0]
2026-04-20T12:29:13+02:00,[38],[0]
2026-04-20T12:39:12+02:00,[37],[0]
2026-04-20T12:49:12+02:00,[37],[0]
2026-04-20T12:59:12+02:00,[37],[0]
2026-04-20T13:09:12+02:00,[37],[0]
2026-04-20T13:19:12+02:00,[37],[0]
2026-04-20T13:29:12+02:00,[37],[0]
2026-04-20T13:39:11+02:00,[37],[0]
2026-04-20T13:49:12+02:00,[37],[0]
2026-04-20T13:59:12+02:00,[37],[0]
2026-04-20T14:09:12+02:00,[38],[0]
2026-04-20T14:29:13+02:00,[38],[0]
2026-04-20T14:39:12+02:00,[37],[0]
2026-04-20T14:49:13+02:00,[38],[0]
2026-04-20T14:59:12+02:00,[37],[0]
2026-04-20T15:09:12+02:00,[37],[0]
2026-04-20T15:19:11+02:00,[37],[0]
2026-04-20T15:29:12+02:00,[37],[0]
2026-04-20T15:39:12+02:00,[37],[0]
2026-04-20T15:49:12+02:00,[37],[0]
2026-04-20T15:59:12+02:00,[37],[0]
2026-04-20T18:00:00+02:00,[60],[0]
2026-04-21T02:19:12+02:00,[38],[0]
2026-04-21T02:39:12+02:00,[37],[0]
2026-04-21T02:49:12+02:00,[37],[0]
2026-04-21T02:59:12+02:00,[37],[0]
2026-04-21T03:09:13+02:00,[38],[0]
2026-04-21T03:19:12+02:00,[37],[0]
2026-04-21T03:29:12+02:00,[38],[0]
2026-04-21T03:39:12+02:00,[37],[0]
2026-04-21T03:49:13+02:00,[38],[0]
2026-04-21T04:09:12+02:00,[37],[0]
2026-04-21T04:29:12+02:00,[37],[0]
2026-04-21T04:39:12+02:00,[37],[0]
2026-04-21T04:49:11+02:00,[37],[0]
2026-04-21T04:59:11+02:00,[37],[0]
2026-04-21T05:09:12+02:00,[37],[0]
2026-04-21T05:19:12+02:00,[37],[0]
2026-04-21T05:29:12+02:00,[37],[0]
2026-04-21T05:39:13+02:00,[37],[0]
2026-04-21T05:49:12+02:00,[37],[0]
2026-04-21T05:59:12+02:00,[37],[0]
2026-04-21T06:19:12+02:00,[37],[0]
2026-04-21T06:29:12+02:00,[37],[0]
2026-04-21T06:39:13+02:00,[38],[0]
2026-04-21T06:49:12+02:00,[37],[0]
2026-04-21T06:59:12+02:00,[37],[0]
2026-04-21T07:09:13+02:00,[38],[0]
2026-04-21T07:19:13+02:00,[38],[0]
2026-04-21T07:29:12+02:00,[37],[0]
2026-04-21T07:39:12+02:00,[37],[0]
2026-04-21T07:49:12+02:00,[37],[0]
2026-04-21T08:09:13+02:00,[38],[0]
2026-04-21T08:19:13+02:00,[38],[0]
2026-04-21T08:29:13+02:00,[38],[0]
2026-04-21T08:39:12+02:00,[37],[0]
2026-04-21T08:49:12+02:00,[37],[0]
2026-04-21T09:09:12+02:00,[37],[0]
2026-04-21T09:19:12+02:00,[37],[0]
2026-04-21T09:29:12+02:00,[37],[0]
2026-04-21T09:39:13+02:00,[38],[0]
2026-04-19T07:59:12+02:00,[37],[0]
2026-04-19T08:09:12+02:00,[37],[0]
2026-04-19T08:19:13+02:00,[38],[0]
2026-04-19T08:29:12+02:00,[37],[0]
2026-04-19T08:39:12+02:00,[38],[0]
2026-04-19T08:49:12+02:00,[37],[0]
2026-04-19T08:59:13+02:00,[38],[0]
2026-04-19T09:09:12+02:00,[37],[0]
2026-04-19T09:19:12+02:00,[37],[0]
2026-04-19T09:29:13+02:00,[37],[0]
2026-04-19T09:39:13+02:00,[38],[0]
2026-04-19T09:49:13+02:00,[38],[0]
2026-04-19T09:59:12+02:00,[37],[0]
2026-04-19T10:09:13+02:00,[38],[0]
2026-04-19T10:29:12+02:00,[37],[0]
2026-04-19T10:49:12+02:00,[37],[0]
2026-04-19T10:59:13+02:00,[38],[0]
2026-04-19T11:09:13+02:00,[37],[0]
2026-04-19T11:29:13+02:00,[37],[0]
2026-04-19T11:49:13+02:00,[38],[0]
2026-04-19T11:59:13+02:00,[38],[0]
2026-04-19T12:09:11+02:00,[37],[0]
2026-04-19T12:39:12+02:00,[37],[0]
2026-04-19T12:49:12+02:00,[38],[0]
2026-04-19T12:59:13+02:00,[37],[0]
2026-04-19T13:19:13+02:00,[38],[0]
2026-04-19T13:29:12+02:00,[37],[0]
2026-04-19T13:39:13+02:00,[37],[0]
2026-04-19T13:49:12+02:00,[37],[0]
2026-04-19T13:59:13+02:00,[37],[0]
2026-04-19T18:00:00+02:00,[60],[0]
2026-04-20T01:59:11+02:00,[37],[0]
2026-04-20T02:09:12+02:00,[37],[0]
2026-04-20T02:19:12+02:00,[37],[0]
2026-04-20T02:29:11+02:00,[37],[0]
2026-04-20T02:39:12+02:00,[37],[0]
2026-04-20T02:49:13+02:00,[38],[0]
2026-04-20T02:59:12+02:00,[37],[0]
2026-04-20T03:09:12+02:00,[37],[0]
2026-04-20T03:19:12+02:00,[37],[0]
2026-04-20T03:29:12+02:00,[37],[0]
2026-04-20T03:39:11+02:00,[37],[0]
2026-04-20T03:49:12+02:00,[37],[0]
2026-04-20T03:59:12+02:00,[37],[0]
2026-04-20T04:09:13+02:00,[38],[0]
2026-04-20T04:19:12+02:00,[37],[0]
2026-04-20T04:29:12+02:00,[37],[0]
2026-04-20T04:39:12+02:00,[37],[0]
2026-04-20T04:49:13+02:00,[38],[0]
2026-04-20T04:56:12+02:00,[1],[0]
2026-04-20T04:56:42+02:00,"[30,30]","[0,0]"
2026-04-20T04:57:43+02:00,"[30,30]","[0,0]"
2026-04-20T04:58:43+02:00,"[30,30,23,30,30,30,30,22,30,30,30,30,22,30,30,30,30,22,30,30,30,30,23,30,30,30,30,22,30,30,30,30,28,30,30,30,30,22,30,30,30,30,22,30,30,30,30,29,30,30,30,30,16,30,30,30,30,22,30,30,30,30,18,30,30,30,30,27,30,30,30,30,22,30,30,30,30,22,30,30,30,30,22,30,30,30,30,23,30,30,30,30,22,30,30,30,30,21,30,30,30,30,23,30,30,30,30,24,30,30,30,30,26,30,31,7,30,31,13,30,21,30,30,30,2,27,13,18,30,30,10,14,30,30,30,30,21,29,30,30,30]","[0,0,0,0,0,0,0,0,0,0,0,0,0,0,0,0,0,0,0,0,0,0,0,0,0,0,0,0,0,0,0,0,0,0,0,0,0,0,0,0,0,0,0,0,0,0,0,0,0,0,0,0,0,0,0,0,0,0,0,0,0,0,0,0,0,0,0,0,0,0,0,0,0,0,0,0,0,0,0,0,0,0,0,0,0,0,0,0,0,0,0,0,0,0,0,0,0,0,0,0,0,0,0,0,0,0,0,0,0,0,0,0,0,0,0,0,0,0,0,0,0,0,0,0,0,0,0,0,0,0,0,0,0,0,0,0,0,0,0,0,0]"
2026-04-20T06:04:23+02:00,"[30,30,30,30,22,30,30,30,30,16,30,29]","[0,0,0,0,0,0,0,0,0,0,0,0]"
2026-04-20T06:09:31+02:00,[29],[0]
2026-04-20T06:10:46+02:00,[37],[0]
2026-04-20T06:19:12+02:00,[37],[0]
2026-04-20T06:29:12+02:00,[37],[0]
2026-04-20T06:39:12+02:00,[37],[0]
2026-04-20T06:49:12+02:00,[37],[0]
2026-04-20T06:59:13+02:00,[37],[0]
2026-04-20T07:09:11+02:00,[37],[0]
2026-04-20T07:19:12+02:00,[37],[0]
2026-04-20T07:29:12+02:00,[37],[0]
2026-04-20T07:39:13+02:00,[38],[0]
2026-04-20T07:49:12+02:00,[37],[0]
2026-04-20T07:59:12+02:00,[37],[0]
2026-04-20T08:09:12+02:00,[37],[0]
2026-04-20T08:19:12+02:00,[38],[0]
2026-04-20T08:29:12+02:00,[37],[0]
2026-04-20T08:39:12+02:00,[37],[0]
2026-04-20T08:59:12+02:00,[37],[0]
2026-04-20T09:09:12+02:00,[37],[0]
2026-04-20T09:19:12+02:00,[37],[0]
2026-04-20T09:29:13+02:00,[38],[0]
2026-04-20T09:39:12+02:00,[37],[0]
2026-04-18T09:49:12+02:00,[37],[0]
2026-04-18T09:59:12+02:00,[37],[0]
2026-04-18T10:09:12+02:00,[37],[0]
2026-04-18T10:19:12+02:00,[37],[0]
2026-04-18T10:29:12+02:00,[38],[0]
2026-04-18T10:39:12+02:00,[37],[0]
2026-04-18T10:49:13+02:00,[38],[0]
2026-04-18T10:59:13+02:00,[38],[0]
2026-04-18T11:09:12+02:00,[37],[0]
2026-04-18T11:19:13+02:00,[38],[0]
2026-04-18T11:29:12+02:00,[37],[0]
2026-04-18T11:39:11+02:00,[37],[0]
2026-04-18T11:49:13+02:00,[38],[0]
2026-04-18T11:59:13+02:00,[38],[0]
2026-04-18T12:09:11+02:00,[37],[0]
2026-04-18T12:29:13+02:00,[38],[0]
2026-04-18T12:39:13+02:00,[38],[0]
2026-04-18T13:09:12+02:00,[37],[0]
2026-04-18T13:19:12+02:00,[37],[0]
2026-04-18T13:29:12+02:00,[37],[0]
2026-04-18T13:39:12+02:00,[37],[0]
2026-04-18T13:49:12+02:00,[37],[0]
2026-04-18T13:59:13+02:00,[38],[0]
2026-04-18T14:09:12+02:00,[38],[0]
2026-04-18T14:19:12+02:00,[37],[0]
2026-04-18T14:29:12+02:00,[37],[0]
2026-04-18T14:39:12+02:00,[37],[0]
2026-04-18T18:00:00+02:00,[60],[0]
2026-04-19T05:09:12+02:00,[38],[0]
2026-04-19T05:19:13+02:00,[37],[0]
2026-04-19T05:29:12+02:00,[37],[0]
2026-04-19T05:39:12+02:00,[37],[0]
2026-04-19T05:49:13+02:00,[37],[0]
2026-04-19T05:59:13+02:00,[37],[0]
2026-04-19T06:09:12+02:00,[37],[0]
2026-04-19T06:19:12+02:00,[37],[0]
2026-04-19T06:29:12+02:00,[38],[0]
2026-04-19T06:39:12+02:00,[37],[0]
2026-04-19T06:49:14+02:00,[37],[0]
2026-04-19T06:59:11+02:00,[37],[0]
2026-04-19T07:09:11+02:00,[37],[0]
2026-04-19T07:29:12+02:00,[38],[0]
2026-04-19T07:39:13+02:00,[38],[0]
2026-04-19T07:49:12+02:00,[37],[0]
2026-04-17T07:39:16+02:00,[37],[0]
2026-04-17T07:49:16+02:00,[37],[0]
2026-04-17T07:59:16+02:00,[37],[0]
2026-04-17T08:09:17+02:00,[37],[0]
2026-04-17T08:19:16+02:00,[37],[0]
2026-04-17T08:29:16+02:00,[37],[0]
2026-04-17T08:39:16+02:00,[37],[0]
2026-04-17T08:49:16+02:00,[37],[0]
2026-04-17T08:59:16+02:00,[37],[0]
2026-04-17T09:09:16+02:00,[37],[0]
2026-04-17T09:19:16+02:00,[37],[0]
2026-04-17T09:29:15+02:00,[37],[0]
2026-04-17T09:49:17+02:00,[37],[0]
2026-04-17T09:59:16+02:00,[37],[0]
2026-04-17T10:09:16+02:00,[37],[0]
2026-04-17T10:19:16+02:00,[37],[0]
2026-04-17T10:29:16+02:00,[37],[0]
2026-04-17T10:39:16+02:00,[37],[0]
2026-04-17T10:49:16+02:00,[37],[0]
2026-04-17T10:59:17+02:00,[38],[0]
2026-04-17T11:19:16+02:00,[38],[0]
2026-04-17T11:29:17+02:00,[37],[0]
2026-04-17T11:39:16+02:00,[37],[0]
2026-04-17T11:49:16+02:00,[37],[0]
2026-04-17T11:59:16+02:00,[37],[0]
2026-04-17T12:09:16+02:00,[37],[0]
2026-04-17T12:19:16+02:00,[37],[0]
2026-04-17T12:39:16+02:00,[37],[0]
2026-04-17T12:49:16+02:00,[37],[0]
2026-04-17T12:59:16+02:00,[37],[0]
2026-04-17T13:09:17+02:00,[37],[0]
2026-04-17T13:19:17+02:00,[38],[0]
2026-04-17T13:29:16+02:00,[37],[0]
2026-04-17T13:39:16+02:00,[37],[0]
2026-04-17T13:49:16+02:00,[37],[0]
2026-04-17T13:59:17+02:00,[37],[0]
2026-04-17T14:09:16+02:00,[37],[0]
2026-04-17T14:19:16+02:00,[37],[0]
2026-04-17T14:39:16+02:00,[37],[0]
2026-04-17T14:49:17+02:00,[37],[0]
2026-04-17T14:59:16+02:00,[37],[0]
2026-04-17T15:09:16+02:00,[37],[0]
2026-04-17T15:19:16+02:00,[38],[0]
2026-04-17T15:29:16+02:00,[37],[0]
2026-04-17T15:39:16+02:00,[38],[0]
2026-04-17T15:49:17+02:00,[38],[0]
2026-04-17T15:59:16+02:00,[37],[0]
2026-04-17T16:09:17+02:00,[37],[0]
2026-04-17T16:19:16+02:00,[37],[0]
2026-04-17T16:29:16+02:00,[38],[0]
2026-04-17T16:39:16+02:00,[37],[0]
2026-04-17T16:49:16+02:00,[37],[0]
2026-04-17T16:59:16+02:00,[37],[0]
2026-04-17T17:09:16+02:00,[37],[0]
2026-04-17T17:19:16+02:00,[37],[0]
2026-04-17T17:29:16+02:00,[37],[0]
2026-04-17T17:39:16+02:00,[37],[0]
2026-04-17T18:00:00+02:00,[60],[0]
2026-04-18T03:19:16+02:00,[37],[0]
2026-04-18T03:29:16+02:00,[37],[0]
2026-04-18T03:39:16+02:00,[37],[0]
2026-04-18T03:49:16+02:00,[37],[0]
2026-04-18T03:59:16+02:00,[37],[0]
2026-04-18T04:09:17+02:00,[38],[0]
2026-04-18T04:19:16+02:00,[37],[0]
2026-04-18T04:29:17+02:00,[37],[0]
2026-04-18T04:39:16+02:00,[37],[0]
2026-04-18T04:49:16+02:00,[37],[0]
2026-04-18T04:59:17+02:00,[37],[0]
2026-04-18T05:09:17+02:00,[38],[0]
2026-04-18T05:19:16+02:00,[37],[0]
2026-04-18T05:39:16+02:00,[37],[0]
2026-04-18T05:49:16+02:00,[37],[0]
2026-04-18T05:59:16+02:00,[37],[0]
2026-04-18T06:09:16+02:00,[37],[0]
2026-04-18T06:19:17+02:00,[38],[0]
2026-04-18T06:29:17+02:00,[38],[0]
2026-04-18T06:39:16+02:00,[38],[0]
2026-04-18T06:49:12+02:00,[37],[0]
2026-04-18T06:59:13+02:00,[38],[0]
2026-04-18T07:09:09+02:00,[37],[0]
2026-04-18T07:19:12+02:00,[37],[0]
2026-04-18T07:29:13+02:00,[38],[0]
2026-04-18T07:39:11+02:00,[37],[0]
2026-04-18T07:49:12+02:00,[37],[0]
2026-04-18T07:59:12+02:00,[37],[0]
2026-04-18T08:09:12+02:00,[37],[0]
2026-04-18T08:19:12+02:00,[37],[0]
2026-04-18T08:29:13+02:00,[38],[0]
2026-04-18T08:39:12+02:00,[37],[0]
2026-04-18T08:49:12+02:00,[37],[0]
2026-04-18T08:59:12+02:00,[37],[0]
2026-04-18T09:09:12+02:00,[37],[0]
2026-04-18T09:19:12+02:00,[37],[0]
2026-04-18T09:29:13+02:00,[38],[0]
2026-04-18T09:39:13+02:00,[37],[0]
2026-04-16T07:39:17+02:00,[37],[0]
2026-04-16T07:49:17+02:00,[38],[0]
2026-04-16T07:59:16+02:00,[37],[0]
2026-04-16T08:09:17+02:00,[38],[0]
2026-04-16T08:19:16+02:00,[37],[0]
2026-04-16T08:29:16+02:00,[37],[0]
2026-04-16T08:39:16+02:00,[37],[0]
2026-04-16T08:49:15+02:00,[37],[0]
2026-04-16T08:59:17+02:00,[38],[0]
2026-04-16T09:09:16+02:00,[37],[0]
2026-04-16T09:19:16+02:00,[37],[0]
2026-04-16T09:29:16+02:00,[37],[0]
2026-04-16T09:39:17+02:00,[38],[0]
2026-04-16T09:49:16+02:00,[37],[0]
2026-04-16T09:59:16+02:00,[37],[0]
2026-04-16T10:09:16+02:00,[37],[0]
2026-04-16T10:19:16+02:00,[37],[0]
2026-04-16T10:29:16+02:00,[37],[0]
2026-04-16T10:49:16+02:00,[37],[0]
2026-04-16T10:59:15+02:00,[37],[0]
2026-04-16T11:09:15+02:00,[37],[0]
2026-04-16T11:19:15+02:00,[37],[0]
2026-04-16T11:29:17+02:00,[38],[0]
2026-04-16T11:39:17+02:00,[37],[0]
2026-04-16T11:49:16+02:00,[37],[0]
2026-04-16T11:59:17+02:00,[38],[0]
2026-04-16T12:09:16+02:00,[37],[0]
2026-04-16T12:19:16+02:00,[37],[0]
2026-04-16T12:29:16+02:00,[37],[0]
2026-04-16T12:39:17+02:00,[37],[0]
2026-04-16T12:49:16+02:00,[37],[0]
2026-04-16T12:59:17+02:00,[38],[0]
2026-04-16T13:09:16+02:00,[38],[0]
2026-04-16T13:19:16+02:00,[37],[0]
2026-04-16T13:29:17+02:00,[37],[0]
2026-04-16T13:39:16+02:00,[37],[0]
2026-04-16T13:49:17+02:00,[37],[0]
2026-04-16T13:59:16+02:00,[37],[0]
2026-04-16T14:09:16+02:00,[38],[0]
2026-04-16T14:19:16+02:00,[37],[0]
2026-04-16T14:29:16+02:00,[37],[0]
2026-04-16T14:39:17+02:00,[38],[0]
2026-04-16T14:49:16+02:00,[37],[0]
2026-04-16T14:59:16+02:00,[37],[0]
2026-04-16T15:09:17+02:00,[38],[0]
2026-04-16T15:19:16+02:00,[37],[0]
2026-04-16T15:29:15+02:00,[37],[0]
2026-04-16T18:00:00+02:00,[60],[0]
2026-04-17T00:59:16+02:00,[37],[0]
2026-04-17T01:09:17+02:00,[38],[0]
2026-04-17T01:29:16+02:00,[37],[0]
2026-04-17T01:39:16+02:00,[37],[0]
2026-04-17T01:49:16+02:00,[37],[0]
2026-04-17T02:09:16+02:00,[37],[0]
2026-04-17T02:19:16+02:00,[37],[0]
2026-04-17T02:29:16+02:00,[37],[0]
2026-04-17T02:39:16+02:00,[37],[0]
2026-04-17T02:49:16+02:00,[37],[0]
2026-04-17T02:59:16+02:00,[37],[0]
2026-04-17T03:09:16+02:00,[37],[0]
2026-04-17T03:19:16+02:00,[38],[0]
2026-04-17T03:29:16+02:00,[37],[0]
2026-04-17T03:39:16+02:00,[37],[0]
2026-04-17T03:49:16+02:00,[37],[0]
2026-04-17T03:59:16+02:00,[37],[0]
2026-04-17T04:09:16+02:00,[37],[0]
2026-04-17T04:19:16+02:00,[37],[0]
2026-04-17T04:29:16+02:00,[37],[0]
2026-04-17T04:39:16+02:00,[37],[0]
2026-04-17T04:49:17+02:00,[38],[0]
2026-04-17T04:59:15+02:00,[37],[0]
2026-04-17T05:09:16+02:00,[37],[0]
2026-04-17T05:19:16+02:00,[37],[0]
2026-04-17T05:29:16+02:00,[37],[0]
2026-04-17T05:39:17+02:00,[38],[0]
2026-04-17T05:49:16+02:00,[37],[0]
2026-04-17T05:59:16+02:00,[37],[0]
2026-04-17T06:09:16+02:00,[37],[0]
2026-04-17T06:19:17+02:00,[38],[0]
2026-04-17T06:29:17+02:00,[38],[0]
2026-04-17T06:39:16+02:00,[37],[0]
2026-04-17T06:49:17+02:00,[38],[0]
2026-04-17T06:59:16+02:00,[37],[0]
2026-04-17T07:09:16+02:00,[37],[0]
2026-04-17T07:19:16+02:00,[37],[0]
2026-04-17T07:29:16+02:00,[37],[0]
2026-04-15T08:09:19+02:00,[37],[0]
2026-04-15T08:19:19+02:00,[37],[0]
2026-04-15T08:29:19+02:00,[37],[0]
2026-04-15T08:39:20+02:00,[38],[0]
2026-04-15T08:49:19+02:00,[37],[0]
2026-04-15T08:59:19+02:00,[37],[0]
2026-04-15T09:09:19+02:00,[37],[0]
2026-04-15T09:19:20+02:00,[38],[0]
2026-04-15T09:29:19+02:00,[37],[0]
2026-04-15T09:39:19+02:00,[37],[0]
2026-04-15T09:49:20+02:00,[38],[0]
2026-04-15T09:59:19+02:00,[37],[0]
2026-04-15T10:09:19+02:00,[37],[0]
2026-04-15T10:19:20+02:00,[38],[0]
2026-04-15T10:29:19+02:00,[37],[0]
2026-04-15T10:39:19+02:00,[37],[0]
2026-04-15T10:49:19+02:00,[37],[0]
2026-04-15T10:59:19+02:00,[37],[0]
2026-04-15T11:09:19+02:00,[37],[0]
2026-04-15T11:19:20+02:00,[38],[0]
2026-04-15T11:29:19+02:00,[37],[0]
2026-04-15T11:39:19+02:00,[37],[0]
2026-04-15T11:49:19+02:00,[37],[0]
2026-04-15T11:59:18+02:00,[37],[0]
2026-04-15T12:09:19+02:00,[37],[0]
2026-04-15T12:19:19+02:00,[37],[0]
2026-04-15T12:39:20+02:00,[38],[0]
2026-04-15T12:49:19+02:00,[37],[0]
2026-04-15T12:59:19+02:00,[37],[0]
2026-04-15T13:09:19+02:00,[37],[0]
2026-04-15T13:19:19+02:00,[37],[0]
2026-04-15T13:29:21+02:00,[38],[0]
2026-04-15T13:39:19+02:00,[37],[0]
2026-04-15T13:49:19+02:00,[37],[0]
2026-04-15T13:59:18+02:00,[37],[0]
2026-04-15T14:39:20+02:00,[38],[0]
2026-04-15T14:49:19+02:00,[37],[0]
2026-04-15T18:00:00+02:00,[60],[0]
2026-04-16T02:39:17+02:00,[37],[0]
2026-04-16T02:49:17+02:00,[37],[0]
2026-04-16T02:59:16+02:00,[37],[0]
2026-04-16T03:09:16+02:00,[37],[0]
2026-04-16T03:19:16+02:00,[37],[0]
2026-04-16T03:29:16+02:00,[37],[0]
2026-04-16T03:39:16+02:00,[37],[0]
2026-04-16T03:49:17+02:00,[38],[0]
2026-04-16T03:59:17+02:00,[38],[0]
2026-04-16T04:09:16+02:00,[37],[0]
2026-04-16T04:19:17+02:00,[38],[0]
2026-04-16T04:29:16+02:00,[37],[0]
2026-04-16T04:39:16+02:00,[37],[0]
2026-04-16T04:49:16+02:00,[37],[0]
2026-04-16T04:59:17+02:00,[38],[0]
2026-04-16T05:09:16+02:00,[37],[0]
2026-04-16T05:19:16+02:00,[37],[0]
2026-04-16T05:29:16+02:00,[38],[0]
2026-04-16T05:39:17+02:00,[38],[0]
2026-04-16T05:49:16+02:00,[37],[0]
2026-04-16T05:59:16+02:00,[38],[0]
2026-04-16T06:09:16+02:00,[37],[0]
2026-04-16T06:19:16+02:00,[37],[0]
2026-04-16T06:29:16+02:00,[37],[0]
2026-04-16T06:39:17+02:00,[38],[0]
2026-04-16T06:49:16+02:00,[37],[0]
2026-04-16T06:59:16+02:00,[38],[0]
2026-04-16T07:09:16+02:00,[37],[0]
2026-04-16T07:19:16+02:00,[37],[0]
2026-04-16T07:29:16+02:00,[37],[0]
2026-04-14T09:49:19+02:00,[37],[0]
2026-04-14T09:59:19+02:00,[37],[0]
2026-04-14T10:09:20+02:00,[37],[0]
2026-04-14T10:19:19+02:00,[37],[0]
2026-04-14T10:29:20+02:00,[38],[0]
2026-04-14T10:39:19+02:00,[37],[0]
2026-04-14T10:49:20+02:00,[38],[0]
2026-04-14T10:59:20+02:00,[38],[0]
2026-04-14T11:09:20+02:00,[38],[0]
2026-04-14T11:19:19+02:00,[37],[0]
2026-04-14T11:29:19+02:00,[37],[0]
2026-04-14T11:39:19+02:00,[37],[0]
2026-04-14T11:59:19+02:00,[37],[0]
2026-04-14T12:09:19+02:00,[37],[0]
2026-04-14T12:29:19+02:00,[37],[0]
2026-04-14T12:49:19+02:00,[37],[0]
2026-04-14T12:59:19+02:00,[37],[0]
2026-04-14T13:09:19+02:00,[38],[0]
2026-04-14T13:19:18+02:00,[37],[0]
2026-04-14T13:29:18+02:00,[37],[0]
2026-04-14T13:49:19+02:00,[37],[0]
2026-04-14T13:52:53+02:00,[37],[0]
2026-04-14T13:59:19+02:00,[37],[0]
2026-04-14T14:09:19+02:00,[37],[0]
2026-04-14T14:19:19+02:00,[37],[0]
2026-04-14T14:29:20+02:00,[38],[0]
2026-04-14T14:39:18+02:00,[37],[0]
2026-04-14T14:49:20+02:00,[38],[0]
2026-04-14T14:59:19+02:00,[37],[0]
2026-04-14T15:09:19+02:00,[37],[0]
2026-04-14T15:19:18+02:00,[37],[0]
2026-04-14T15:29:19+02:00,[37],[0]
2026-04-14T15:49:18+02:00,[37],[0]
2026-04-14T15:59:18+02:00,[37],[0]
2026-04-14T16:09:18+02:00,[37],[0]
2026-04-14T16:29:20+02:00,[38],[0]
2026-04-14T16:39:19+02:00,[38],[0]
2026-04-14T16:49:19+02:00,[37],[0]
2026-04-14T16:59:19+02:00,[37],[0]
2026-04-14T17:19:20+02:00,[38],[0]
2026-04-14T17:29:19+02:00,[37],[0]
2026-04-14T17:39:19+02:00,[37],[0]
2026-04-14T17:49:19+02:00,[37],[0]
2026-04-14T17:59:19+02:00,[37],[0]
2026-04-14T18:09:19+02:00,[37],[0]
2026-04-14T18:00:00+02:00,[60],[0]
2026-04-15T00:49:20+02:00,[37],[0]
2026-04-15T00:59:19+02:00,[37],[0]
2026-04-15T01:09:20+02:00,[38],[0]
2026-04-15T01:19:19+02:00,[37],[0]
2026-04-15T01:29:19+02:00,[37],[0]
2026-04-15T01:39:20+02:00,[38],[0]
2026-04-15T01:59:18+02:00,[37],[0]
2026-04-15T02:09:20+02:00,[38],[0]
2026-04-15T02:19:20+02:00,[38],[0]
2026-04-15T02:29:19+02:00,[37],[0]
2026-04-15T02:39:19+02:00,[37],[0]
2026-04-15T02:49:19+02:00,[37],[0]
2026-04-15T02:59:18+02:00,[37],[0]
2026-04-15T03:09:20+02:00,[38],[0]
2026-04-15T03:19:19+02:00,[37],[0]
2026-04-15T03:29:19+02:00,[37],[0]
2026-04-15T03:39:20+02:00,[38],[0]
2026-04-15T03:49:19+02:00,[37],[0]
2026-04-15T03:59:19+02:00,[37],[0]
2026-04-15T04:09:19+02:00,[37],[0]
2026-04-15T04:19:20+02:00,[38],[0]
2026-04-15T04:29:19+02:00,[37],[0]
2026-04-15T04:39:19+02:00,[37],[0]
2026-04-15T04:49:20+02:00,[38],[0]
2026-04-15T04:59:19+02:00,[38],[0]
2026-04-15T05:09:20+02:00,[38],[0]
2026-04-15T05:19:20+02:00,[38],[0]
2026-04-15T05:29:19+02:00,[37],[0]
2026-04-15T05:39:19+02:00,[37],[0]
2026-04-15T05:49:19+02:00,[37],[0]
2026-04-15T05:59:20+02:00,[38],[0]
2026-04-15T06:09:19+02:00,[37],[0]
2026-04-15T06:19:19+02:00,[37],[0]
2026-04-15T06:29:19+02:00,[37],[0]
2026-04-15T06:39:20+02:00,[38],[0]
2026-04-15T06:49:19+02:00,[37],[0]
2026-04-15T06:59:19+02:00,[37],[0]
2026-04-15T07:09:20+02:00,[38],[0]
2026-04-15T07:19:19+02:00,[37],[0]
2026-04-15T07:29:19+02:00,[37],[0]
2026-04-15T07:39:19+02:00,[37],[0]
2026-04-15T07:49:19+02:00,[38],[0]
2026-04-15T07:59:19+02:00,[37],[0]
2026-04-13T09:49:19+02:00,[37],[0]
2026-04-13T09:59:20+02:00,[38],[0]
2026-04-13T10:09:19+02:00,[37],[0]
2026-04-13T10:19:20+02:00,[38],[0]
2026-04-13T10:29:20+02:00,[38],[0]
2026-04-13T10:49:19+02:00,[37],[0]
2026-04-13T10:59:20+02:00,[38],[0]
2026-04-13T11:09:19+02:00,[37],[0]
2026-04-13T11:19:20+02:00,[38],[0]
2026-04-13T11:29:19+02:00,[37],[0]
2026-04-13T11:39:19+02:00,[37],[0]
2026-04-13T11:59:20+02:00,[38],[0]
2026-04-13T12:09:20+02:00,[38],[0]
2026-04-13T12:19:19+02:00,[37],[0]
2026-04-13T12:29:19+02:00,[38],[0]
2026-04-13T12:39:20+02:00,[38],[0]
2026-04-13T12:49:19+02:00,[37],[0]
2026-04-13T12:59:19+02:00,[38],[0]
2026-04-13T13:09:19+02:00,[37],[0]
2026-04-13T13:19:19+02:00,[37],[0]
2026-04-13T13:29:19+02:00,[37],[0]
2026-04-13T13:39:19+02:00,[37],[0]
2026-04-13T13:49:20+02:00,[38],[0]
2026-04-13T13:59:19+02:00,[38],[0]
2026-04-13T14:19:19+02:00,[37],[0]
2026-04-13T14:29:19+02:00,[37],[0]
2026-04-13T14:39:19+02:00,[37],[0]
2026-04-13T14:49:19+02:00,[37],[0]
2026-04-13T14:59:20+02:00,[38],[0]
2026-04-13T15:09:18+02:00,[37],[0]
2026-04-13T15:19:20+02:00,[38],[0]
2026-04-13T15:29:19+02:00,[37],[0]
2026-04-13T15:39:19+02:00,[37],[0]
2026-04-13T15:49:19+02:00,[37],[0]
2026-04-13T15:59:19+02:00,[37],[0]
2026-04-13T16:09:20+02:00,[38],[0]
2026-04-13T16:19:19+02:00,[37],[0]
2026-04-13T18:00:00+02:00,[60],[0]
2026-04-14T01:09:18+02:00,[37],[0]
2026-04-14T01:19:18+02:00,[37],[0]
2026-04-14T01:29:18+02:00,[37],[0]
2026-04-14T01:39:19+02:00,[37],[0]
2026-04-14T01:49:19+02:00,[37],[0]
2026-04-14T01:59:19+02:00,[37],[0]
2026-04-14T02:09:19+02:00,[38],[0]
2026-04-14T02:19:19+02:00,[37],[0]
2026-04-14T02:29:19+02:00,[37],[0]
2026-04-14T02:39:19+02:00,[37],[0]
2026-04-14T02:49:19+02:00,[37],[0]
2026-04-14T03:09:19+02:00,[37],[0]
2026-04-14T03:19:19+02:00,[37],[0]
2026-04-14T03:29:19+02:00,[37],[0]
2026-04-14T03:39:19+02:00,[37],[0]
2026-04-14T03:49:19+02:00,[37],[0]
2026-04-14T03:59:19+02:00,[37],[0]
2026-04-14T04:09:19+02:00,[37],[0]
2026-04-14T04:19:19+02:00,[37],[0]
2026-04-14T04:29:19+02:00,[37],[0]
2026-04-14T04:39:19+02:00,[37],[0]
2026-04-14T04:49:19+02:00,[37],[0]
2026-04-14T04:59:19+02:00,[37],[0]
2026-04-14T05:09:20+02:00,[38],[0]
2026-04-14T05:19:19+02:00,[37],[0]
2026-04-14T05:29:20+02:00,[38],[0]
2026-04-14T05:39:19+02:00,[38],[0]
2026-04-14T05:49:20+02:00,[38],[0]
2026-04-14T05:59:19+02:00,[37],[0]
2026-04-14T06:09:19+02:00,[38],[0]
2026-04-14T06:19:18+02:00,[37],[0]
2026-04-14T06:29:19+02:00,[37],[0]
2026-04-14T06:39:19+02:00,[37],[0]
2026-04-14T06:49:19+02:00,[37],[0]
2026-04-14T06:59:19+02:00,[37],[0]
2026-04-14T07:19:19+02:00,[37],[0]
2026-04-14T07:29:19+02:00,[38],[0]
2026-04-14T07:39:19+02:00,[37],[0]
2026-04-14T07:49:19+02:00,[37],[0]
2026-04-14T07:59:19+02:00,[37],[0]
2026-04-14T08:09:19+02:00,[37],[0]
2026-04-14T08:19:20+02:00,[38],[0]
2026-04-14T08:29:19+02:00,[37],[0]
2026-04-14T08:39:19+02:00,[37],[0]
2026-04-14T08:49:19+02:00,[37],[0]
2026-04-14T08:59:19+02:00,[37],[0]
2026-04-14T09:09:19+02:00,[37],[0]
2026-04-14T09:19:19+02:00,[37],[0]
2026-04-14T09:29:19+02:00,[37],[0]
2026-04-14T09:39:19+02:00,[37],[0]
2026-04-12T08:09:23+02:00,[38],[0]
2026-04-12T08:19:22+02:00,[37],[0]
2026-04-12T08:29:23+02:00,[38],[0]
2026-04-12T08:39:22+02:00,[37],[0]
2026-04-12T08:49:22+02:00,[37],[0]
2026-04-12T08:59:22+02:00,[38],[0]
2026-04-12T09:09:22+02:00,[37],[0]
2026-04-12T09:19:21+02:00,[37],[0]
2026-04-12T09:29:22+02:00,[37],[0]
2026-04-12T09:39:22+02:00,[37],[0]
2026-04-12T09:49:22+02:00,[36],[0]
2026-04-12T09:59:22+02:00,[37],[0]
2026-04-12T10:09:22+02:00,[37],[0]
2026-04-12T10:19:22+02:00,[37],[0]
2026-04-12T10:29:22+02:00,[37],[0]
2026-04-12T10:39:23+02:00,[38],[0]
2026-04-12T10:49:22+02:00,[37],[0]
2026-04-12T10:59:22+02:00,[37],[0]
2026-04-12T11:09:22+02:00,[37],[0]
2026-04-12T11:19:23+02:00,[38],[0]
2026-04-12T11:29:22+02:00,[37],[0]
2026-04-12T11:39:22+02:00,[37],[0]
2026-04-12T11:49:22+02:00,[37],[0]
2026-04-12T11:59:22+02:00,[37],[0]
2026-04-12T12:09:22+02:00,[38],[0]
2026-04-12T12:19:22+02:00,[38],[0]
2026-04-12T12:49:21+02:00,[37],[0]
2026-04-12T12:59:21+02:00,[37],[0]
2026-04-12T13:19:22+02:00,[37],[0]
2026-04-12T13:29:22+02:00,[38],[0]
2026-04-12T13:39:23+02:00,[38],[0]
2026-04-12T13:49:22+02:00,[37],[0]
2026-04-12T14:09:22+02:00,[37],[0]
2026-04-12T14:19:22+02:00,[37],[0]
2026-04-12T14:29:22+02:00,[37],[0]
2026-04-12T14:39:23+02:00,[38],[0]
2026-04-12T14:49:23+02:00,[37],[0]
2026-04-12T15:19:23+02:00,[38],[0]
2026-04-12T15:29:21+02:00,[37],[0]
2026-04-12T15:39:22+02:00,[38],[0]
2026-04-12T15:59:23+02:00,[37],[0]
2026-04-12T16:09:22+02:00,[37],[0]
2026-04-12T16:29:22+02:00,[37],[0]
2026-04-12T16:39:23+02:00,[38],[0]
2026-04-12T18:00:00+02:00,[60],[0]
2026-04-12T21:59:20+02:00,[38],[0]
2026-04-12T22:09:19+02:00,[37],[0]
2026-04-12T22:19:19+02:00,[37],[0]
2026-04-12T22:29:19+02:00,[37],[0]
2026-04-12T22:39:20+02:00,[38],[0]
2026-04-12T22:49:18+02:00,[37],[0]
2026-04-12T23:09:18+02:00,[37],[0]
2026-04-12T23:19:20+02:00,[38],[0]
2026-04-12T23:29:19+02:00,[37],[0]
2026-04-12T23:39:19+02:00,[37],[0]
2026-04-12T23:49:19+02:00,[37],[0]
2026-04-12T23:59:19+02:00,[37],[0]
2026-04-13T00:19:19+02:00,[37],[0]
2026-04-13T00:29:20+02:00,[38],[0]
2026-04-13T00:39:20+02:00,[38],[0]
2026-04-13T00:49:19+02:00,[37],[0]
2026-04-13T00:59:20+02:00,[38],[0]
2026-04-13T01:09:19+02:00,[37],[0]
2026-04-13T01:39:19+02:00,[37],[0]
2026-04-13T01:59:19+02:00,[37],[0]
2026-04-13T02:09:19+02:00,[37],[0]
2026-04-13T02:19:19+02:00,[37],[0]
2026-04-13T02:29:20+02:00,[38],[0]
2026-04-13T02:39:19+02:00,[37],[0]
2026-04-13T02:49:19+02:00,[37],[0]
2026-04-13T02:59:19+02:00,[37],[0]
2026-04-13T03:09:19+02:00,[38],[0]
2026-04-13T03:19:19+02:00,[37],[0]
2026-04-13T03:29:19+02:00,[37],[0]
2026-04-13T03:39:19+02:00,[38],[0]
2026-04-13T03:49:20+02:00,[38],[0]
2026-04-13T03:59:19+02:00,[37],[0]
2026-04-13T04:09:19+02:00,[37],[0]
2026-04-13T04:19:19+02:00,[37],[0]
2026-04-13T04:29:19+02:00,[37],[0]
2026-04-13T04:39:20+02:00,[38],[0]
2026-04-13T04:49:19+02:00,[37],[0]
2026-04-13T04:59:19+02:00,[37],[0]
2026-04-13T05:09:19+02:00,[37],[0]
2026-04-13T05:29:19+02:00,[37],[0]
2026-04-13T05:39:19+02:00,[37],[0]
2026-04-13T05:49:19+02:00,[37],[0]
2026-04-13T05:59:19+02:00,[37],[0]
2026-04-13T06:09:19+02:00,[37],[0]
2026-04-13T06:19:19+02:00,[37],[0]
2026-04-13T06:29:19+02:00,[37],[0]
2026-04-13T06:39:19+02:00,[37],[0]
2026-04-13T06:49:19+02:00,[37],[0]
2026-04-13T06:59:19+02:00,[37],[0]
2026-04-13T07:09:19+02:00,[37],[0]
2026-04-13T07:19:19+02:00,[37],[0]
2026-04-13T07:29:20+02:00,[38],[0]
2026-04-13T07:39:20+02:00,[38],[0]
2026-04-13T07:49:19+02:00,[37],[0]
2026-04-13T07:59:19+02:00,[37],[0]
2026-04-13T08:09:19+02:00,[37],[0]
2026-04-13T08:19:19+02:00,[37],[0]
2026-04-13T08:29:19+02:00,[37],[0]
2026-04-13T08:39:19+02:00,[37],[0]
2026-04-13T08:49:19+02:00,[37],[0]
2026-04-13T08:59:19+02:00,[37],[0]
2026-04-13T09:09:19+02:00,[37],[0]
2026-04-13T09:19:19+02:00,[37],[0]
2026-04-13T09:29:20+02:00,[38],[0]
2026-04-13T09:39:20+02:00,[38],[0]
2026-04-11T07:49:21+02:00,[37],[0]
2026-04-11T07:59:23+02:00,[37],[0]
2026-04-11T08:09:21+02:00,[37],[0]
2026-04-11T08:19:23+02:00,[37],[0]
2026-04-11T08:29:22+02:00,[37],[0]
2026-04-11T08:39:22+02:00,[37],[0]
2026-04-11T08:49:22+02:00,[37],[0]
2026-04-11T08:59:22+02:00,[37],[0]
2026-04-11T09:09:22+02:00,[37],[0]
2026-04-11T09:19:22+02:00,[37],[0]
2026-04-11T09:39:22+02:00,[37],[0]
2026-04-11T09:49:22+02:00,[37],[0]
2026-04-11T09:59:22+02:00,[37],[0]
2026-04-11T10:09:23+02:00,[38],[0]
2026-04-11T10:19:22+02:00,[37],[0]
2026-04-11T10:29:22+02:00,[38],[0]
2026-04-11T10:39:22+02:00,[37],[0]
2026-04-11T10:49:22+02:00,[37],[0]
2026-04-11T10:59:22+02:00,[37],[0]
2026-04-11T11:09:23+02:00,[38],[0]
2026-04-11T11:19:22+02:00,[38],[0]
2026-04-11T11:29:22+02:00,[37],[0]
2026-04-11T11:39:23+02:00,[38],[0]
2026-04-11T11:49:22+02:00,[37],[0]
2026-04-11T11:59:21+02:00,[37],[0]
2026-04-11T12:19:23+02:00,[38],[0]
2026-04-11T12:29:22+02:00,[37],[0]
2026-04-11T12:39:21+02:00,[37],[0]
2026-04-11T12:49:22+02:00,[37],[0]
2026-04-11T13:09:22+02:00,[37],[0]
2026-04-11T13:19:22+02:00,[37],[0]
2026-04-11T13:29:22+02:00,[37],[0]
2026-04-11T13:39:22+02:00,[37],[0]
2026-04-11T13:49:22+02:00,[37],[0]
2026-04-11T13:59:22+02:00,[37],[0]
2026-04-11T14:09:23+02:00,[38],[0]
2026-04-11T14:19:22+02:00,[37],[0]
2026-04-11T14:29:23+02:00,[38],[0]
2026-04-11T14:39:22+02:00,[37],[0]
2026-04-11T14:49:22+02:00,[37],[0]
2026-04-11T14:59:22+02:00,[37],[0]
2026-04-11T15:09:23+02:00,[38],[0]
2026-04-11T15:29:22+02:00,[37],[0]
2026-04-11T15:39:22+02:00,[37],[0]
2026-04-11T15:49:22+02:00,[37],[0]
2026-04-11T15:59:22+02:00,[37],[0]
2026-04-11T16:09:22+02:00,[37],[0]
2026-04-11T16:19:01+02:00,[1],[0]
2026-04-11T16:19:31+02:00,"[30,30,21,30,30,30,30,22,30,30,30,30,21,30,30,30,30,23,30,30,30,30,23,30,30,30,30,22,30,30,30,30,22,30,30,30,30,28,30,30,30,30,22,30,30,30,30,22,30,30,30,30,22,30,30,30,30,23,30,30,30,30,27,30,30,30,30,23,30,30,30,30,22,30,30,30,30,22,30,30,30,30,22,30,30,30,30,22,30,30,30,30,23,30,30,30,30,22,30,30,30,30,22,30,30,30,30,23,30,30,30,30,22,30,30,30,30,22,30,30,30,30,22,30,30,30,30,23,30,30,30,30,17,30,30,30,30,22,30,30,30,30,22,30,30,30,30,20,30,30,30,30,25,30,30,30,30,22,30,30,30,30,27,30,30,30,30,22,30,30,30,30,23,30,30,30,30,28,30,30,30,30,22,30,30,30,30,20,30,30,30,30,25,30,30,30,30,22,30,30,30,30,22,30,30,30,30,22,30,30]","[0,0,0,0,0,0,0,0,0,0,0,0,0,0,0,0,0,0,0,0,0,0,0,0,0,0,0,0,0,0,0,0,0,0,0,0,0,0,0,0,0,0,0,0,0,0,0,0,0,0,0,0,0,0,0,0,0,0,0,0,0,0,0,0,0,0,0,0,0,0,0,0,0,0,0,0,0,0,0,0,0,0,0,0,0,0,0,0,0,0,0,0,0,0,0,0,0,0,0,0,0,0,0,0,0,0,0,0,0,0,0,0,0,0,0,0,0,0,0,0,0,0,0,0,0,0,0,0,0,0,0,0,0,0,0,0,0,0,0,0,0,0,0,0,0,0,0,0,0,0,0,0,0,0,0,0,0,0,0,0,0,0,0,0,0,0,0,0,0,0,0,0,0,0,0,0,0,0,0,0,0,0,0,0,0,0,0,0,0,0,0,0,0,0,0,0,0,0,0,0,0,0,0,0,0,0,0,0,0,0]"
2026-04-11T17:59:50+02:00,"[11,2,60]","[0,0,0]"
2026-04-11T18:00:05+02:00,[60],[0]
2026-04-11T18:00:07+02:00,[60],[0]
2026-04-11T18:00:09+02:00,"[30,30,30,27,60]","[0,0,0,0,0]"
2026-04-11T18:02:08+02:00,[60],[0]
2026-04-11T18:02:10+02:00,[60],[0]
2026-04-11T18:02:12+02:00,[60],[0]
2026-04-11T18:02:14+02:00,[60],[0]
2026-04-11T18:02:16+02:00,[60],[0]
2026-04-11T18:02:18+02:00,[60],[0]
2026-04-11T18:02:20+02:00,[60],[0]
2026-04-11T18:02:22+02:00,[60],[0]
2026-04-11T18:02:24+02:00,[60],[0]
2026-04-11T18:02:26+02:00,[60],[0]
2026-04-11T18:02:28+02:00,[60],[0]
2026-04-11T18:02:30+02:00,[60],[0]
2026-04-11T18:02:32+02:00,"[30,30,24,30,30,15,30,30,30,30,22,30,30,30,30,28,30,30,30,30,22,30,30,30,30,22,33,30,30,30,19,30,30,30,30,21,30,30,30,30,24,30,30,30,30,22,30,30,30,30,23,30,30,30,30,22,30,30,30,30,22,30,30,30,30,22,30,30,30,30,23,30,30,30,30,22,30,30,30,30,22,30,30,30,30,22,30,30,30,30,23,30,30,30,30,22,30,30,30,30,22,30,30,30,30,30,3,30,30,30,30,22,30,30,30,30,23,30,30,30,30,22,30,30,30,30,22,30,30,30,30,28,30,30,30,30,22,30,30,30,30,22,30,30,30,30,23,30,30,30,30,22,30,6,30,30,30,16,30,30,30,30,22,30,30,30,30,22,30,30,30,30,23,30,30,30,30,22,30,30,30,30,22,30,30,30,30,23,30,30,30,30,22,30,30,30,30,22,30,30,30,30,22,30,30,30,30,22,30,30,30,30,23,30,30,30,30,22,30,30,30,30,22,30,30,30,30,22,30,30,30,30,23,30,30,30]","[0,0,0,0,0,0,0,0,0,0,0,0,0,0,0,0,0,0,0,0,0,0,0,0,0,0,0,0,0,0,0,0,0,0,0,0,0,0,0,0,0,0,0,0,0,0,0,0,0,0,0,0,0,0,0,0,0,0,0,0,0,0,0,0,0,0,0,0,0,0,0,0,0,0,0,0,0,0,0,0,0,0,0,0,0,0,0,0,0,0,0,0,0,0,0,0,0,0,0,0,0,0,0,0,0,0,0,0,0,0,0,0,0,0,0,0,0,0,0,0,0,0,0,0,0,0,0,0,0,0,0,0,0,0,0,0,0,0,0,0,0,0,0,0,0,0,0,0,0,0,0,0,0,0,0,0,0,0,0,0,0,0,0,0,0,0,0,0,0,0,0,0,0,0,0,0,0,0,0,0,0,0,0,0,0,0,0,0,0,0,0,0,0,0,0,0,0,0,0,0,0,0,0,0,0,0,0,0,0,0,0,0,0,0,0,0,0,0,0,0,0,0,0,0,0,0,0,0,0,0,0,0,0,0,0,0]"
2026-04-11T19:53:14+02:00,[30],[0]
2026-04-11T18:00:00+02:00,[60],[0]
2026-04-12T01:49:21+02:00,[37],[0]
2026-04-12T01:59:22+02:00,[37],[0]
2026-04-12T02:09:22+02:00,[37],[0]
2026-04-12T02:19:22+02:00,[36],[0]
2026-04-12T02:29:22+02:00,[37],[0]
2026-04-12T02:39:21+02:00,[37],[0]
2026-04-12T02:59:23+02:00,[38],[0]
2026-04-12T03:09:23+02:00,[37],[0]
2026-04-12T03:39:22+02:00,[37],[0]
2026-04-12T03:49:22+02:00,[37],[0]
2026-04-12T03:59:23+02:00,[38],[0]
2026-04-12T04:09:22+02:00,[37],[0]
2026-04-12T04:19:23+02:00,[38],[0]
2026-04-12T04:29:22+02:00,[38],[0]
2026-04-12T04:39:22+02:00,[37],[0]
2026-04-12T04:49:22+02:00,[37],[0]
2026-04-12T04:59:21+02:00,[37],[0]
2026-04-12T05:09:22+02:00,[37],[0]
2026-04-12T05:19:22+02:00,[37],[0]
2026-04-12T05:29:23+02:00,[38],[0]
2026-04-12T05:39:23+02:00,[38],[0]
2026-04-12T05:49:22+02:00,[37],[0]
2026-04-12T05:59:21+02:00,[37],[0]
2026-04-12T06:09:23+02:00,[38],[0]
2026-04-12T06:19:21+02:00,[37],[0]
2026-04-12T06:29:22+02:00,[37],[0]
2026-04-12T06:49:23+02:00,[38],[0]
2026-04-12T06:59:22+02:00,[37],[0]
2026-04-12T07:09:21+02:00,[37],[0]
2026-04-12T07:19:22+02:00,[37],[0]
2026-04-12T07:29:22+02:00,[37],[0]
2026-04-12T07:39:22+02:00,[38],[0]
2026-04-12T07:49:22+02:00,[37],[0]
2026-04-12T07:59:22+02:00,[37],[0]
2026-04-10T09:59:22+02:00,[37],[0]
2026-04-10T10:09:23+02:00,[38],[0]
2026-04-10T10:19:22+02:00,[37],[0]
2026-04-10T10:29:22+02:00,[37],[0]
2026-04-10T10:39:22+02:00,[37],[0]
2026-04-10T10:49:22+02:00,[37],[0]
2026-04-10T10:59:22+02:00,[37],[0]
2026-04-10T11:29:23+02:00,[38],[0]
2026-04-10T11:39:22+02:00,[37],[0]
2026-04-10T11:49:22+02:00,[37],[0]
2026-04-10T11:59:22+02:00,[37],[0]
2026-04-10T12:09:21+02:00,[37],[0]
2026-04-10T12:19:22+02:00,[37],[0]
2026-04-10T12:29:23+02:00,[37],[0]
2026-04-10T12:39:22+02:00,[37],[0]
2026-04-10T12:49:22+02:00,[37],[0]
2026-04-10T12:59:22+02:00,[37],[0]
2026-04-10T13:09:22+02:00,[37],[0]
2026-04-10T13:19:22+02:00,[37],[0]
2026-04-10T13:29:22+02:00,[37],[0]
2026-04-10T13:39:22+02:00,[37],[0]
2026-04-10T13:49:22+02:00,[37],[0]
2026-04-10T13:59:23+02:00,[38],[0]
2026-04-10T14:09:23+02:00,[38],[0]
2026-04-10T14:19:22+02:00,[38],[0]
2026-04-10T14:29:22+02:00,[38],[0]
2026-04-10T14:39:22+02:00,[37],[0]
2026-04-10T14:49:22+02:00,[37],[0]
2026-04-10T14:59:23+02:00,[38],[0]
2026-04-10T15:09:22+02:00,[37],[0]
2026-04-10T15:19:23+02:00,[38],[0]
2026-04-10T15:29:23+02:00,[38],[0]
2026-04-10T15:39:22+02:00,[37],[0]
2026-04-10T15:49:22+02:00,[37],[0]
2026-04-10T15:59:22+02:00,[37],[0]
2026-04-10T16:09:22+02:00,[37],[0]
2026-04-10T16:19:22+02:00,[37],[0]
2026-04-10T16:29:22+02:00,[37],[0]
2026-04-10T16:39:22+02:00,[37],[0]
2026-04-10T16:49:22+02:00,[37],[0]
2026-04-10T16:59:23+02:00,[37],[0]
2026-04-10T17:09:22+02:00,[37],[0]
2026-04-10T17:19:22+02:00,[37],[0]
2026-04-10T17:29:22+02:00,[37],[0]
2026-04-10T18:00:00+02:00,[60],[0]
2026-04-11T02:49:23+02:00,[38],[0]
2026-04-11T02:59:22+02:00,[37],[0]
2026-04-11T03:09:22+02:00,[37],[0]
2026-04-11T03:19:22+02:00,[38],[0]
2026-04-11T03:29:22+02:00,[38],[0]
2026-04-11T03:39:23+02:00,[37],[0]
2026-04-11T03:49:22+02:00,[37],[0]
2026-04-11T03:59:22+02:00,[38],[0]
2026-04-11T04:09:23+02:00,[38],[0]
2026-04-11T04:19:22+02:00,[37],[0]
2026-04-11T04:39:22+02:00,[37],[0]
2026-04-11T04:49:23+02:00,[38],[0]
2026-04-11T04:59:21+02:00,[37],[0]
2026-04-11T05:09:22+02:00,[37],[0]
2026-04-11T05:19:22+02:00,[37],[0]
2026-04-11T05:29:23+02:00,[38],[0]
2026-04-11T05:49:22+02:00,[37],[0]
2026-04-11T05:59:23+02:00,[37],[0]
2026-04-11T06:09:22+02:00,[37],[0]
2026-04-11T06:19:22+02:00,[37],[0]
2026-04-11T06:29:22+02:00,[37],[0]
2026-04-11T06:39:22+02:00,[37],[0]
2026-04-11T06:49:21+02:00,[37],[0]
2026-04-11T06:59:22+02:00,[37],[0]
2026-04-11T07:09:21+02:00,[37],[0]
2026-04-11T07:19:22+02:00,[37],[0]
2026-04-11T07:29:22+02:00,[37],[0]
2026-04-11T07:39:22+02:00,[37],[0]
2026-04-09T09:49:25+02:00,[37],[0]
2026-04-09T09:59:25+02:00,[37],[0]
2026-04-09T10:09:25+02:00,[37],[0]
2026-04-09T10:19:26+02:00,[38],[0]
2026-04-09T10:29:25+02:00,[37],[0]
2026-04-09T10:39:25+02:00,[37],[0]
2026-04-09T10:49:25+02:00,[37],[0]
2026-04-09T10:59:26+02:00,[38],[0]
2026-04-09T11:09:25+02:00,[37],[0]
2026-04-09T11:19:26+02:00,[38],[0]
2026-04-09T11:29:25+02:00,[37],[0]
2026-04-09T11:39:25+02:00,[37],[0]
2026-04-09T11:49:26+02:00,[37],[0]
2026-04-09T11:59:25+02:00,[37],[0]
2026-04-09T12:09:26+02:00,[37],[0]
2026-04-09T12:19:24+02:00,[37],[0]
2026-04-09T12:29:25+02:00,[37],[0]
2026-04-09T12:39:25+02:00,[37],[0]
2026-04-09T12:49:25+02:00,[37],[0]
2026-04-09T13:19:25+02:00,[37],[0]
2026-04-09T13:29:25+02:00,[37],[0]
2026-04-09T13:39:25+02:00,[37],[0]
2026-04-09T13:49:26+02:00,[37],[0]
2026-04-09T13:59:25+02:00,[37],[0]
2026-04-09T14:09:25+02:00,[37],[0]
2026-04-09T14:19:25+02:00,[37],[0]
2026-04-09T14:29:25+02:00,[37],[0]
2026-04-09T14:39:26+02:00,[37],[0]
2026-04-09T14:49:25+02:00,[37],[0]
2026-04-09T14:59:25+02:00,[37],[0]
2026-04-09T15:09:26+02:00,[38],[0]
2026-04-09T15:19:26+02:00,[37],[0]
2026-04-09T15:29:26+02:00,[38],[0]
2026-04-09T15:39:25+02:00,[37],[0]
2026-04-09T15:49:26+02:00,[37],[0]
2026-04-09T15:59:22+02:00,[37],[0]
2026-04-09T16:09:23+02:00,[38],[0]
2026-04-09T18:00:00+02:00,[60],[0]
2026-04-10T02:29:22+02:00,[38],[0]
2026-04-10T02:49:22+02:00,[37],[0]
2026-04-10T02:59:22+02:00,[37],[0]
2026-04-10T03:09:22+02:00,[37],[0]
2026-04-10T03:19:23+02:00,[38],[0]
2026-04-10T03:29:22+02:00,[37],[0]
2026-04-10T03:39:22+02:00,[37],[0]
2026-04-10T03:49:22+02:00,[37],[0]
2026-04-10T03:59:22+02:00,[37],[0]
2026-04-10T04:09:22+02:00,[37],[0]
2026-04-10T04:19:23+02:00,[38],[0]
2026-04-10T04:29:22+02:00,[37],[0]
2026-04-10T04:39:23+02:00,[38],[0]
2026-04-10T04:49:22+02:00,[37],[0]
2026-04-10T04:59:23+02:00,[38],[0]
2026-04-10T05:09:22+02:00,[37],[0]
2026-04-10T05:19:22+02:00,[37],[0]
2026-04-10T05:29:22+02:00,[37],[0]
2026-04-10T05:39:22+02:00,[38],[0]
2026-04-10T05:49:22+02:00,[37],[0]
2026-04-10T05:59:22+02:00,[37],[0]
2026-04-10T06:09:23+02:00,[38],[0]
2026-04-10T06:19:22+02:00,[37],[0]
2026-04-10T06:29:23+02:00,[37],[0]
2026-04-10T06:39:23+02:00,[37],[0]
2026-04-10T06:49:23+02:00,[38],[0]
2026-04-10T06:59:22+02:00,[37],[0]
2026-04-10T07:09:22+02:00,[37],[0]
2026-04-10T07:19:22+02:00,[37],[0]
2026-04-10T07:29:22+02:00,[37],[0]
2026-04-10T07:39:22+02:00,[37],[0]
2026-04-10T07:49:23+02:00,[37],[0]
2026-04-10T07:59:22+02:00,[37],[0]
2026-04-10T08:09:23+02:00,[38],[0]
2026-04-10T08:19:50+02:00,[37],[0]
2026-04-10T08:29:23+02:00,[38],[0]
2026-04-10T08:39:22+02:00,[37],[0]
2026-04-10T08:49:22+02:00,[37],[0]
2026-04-10T08:59:22+02:00,[38],[0]
2026-04-10T09:09:22+02:00,[37],[0]
2026-04-10T09:19:23+02:00,[38],[0]
2026-04-10T09:29:22+02:00,[37],[0]
2026-04-10T09:39:22+02:00,[37],[0]
2026-04-10T09:49:22+02:00,[37],[0]
2026-04-08T09:29:25+02:00,[37],[0]
2026-04-08T09:39:25+02:00,[37],[0]
2026-04-08T09:59:24+02:00,[37],[0]
2026-04-08T10:09:24+02:00,[37],[0]
2026-04-08T10:19:25+02:00,[37],[0]
2026-04-08T10:29:26+02:00,[38],[0]
2026-04-08T10:49:25+02:00,[37],[0]
2026-04-08T10:59:25+02:00,[37],[0]
2026-04-08T11:09:26+02:00,[38],[0]
2026-04-08T11:29:25+02:00,[37],[0]
2026-04-08T11:39:25+02:00,[37],[0]
2026-04-08T11:49:26+02:00,[38],[0]
2026-04-08T11:59:25+02:00,[37],[0]
2026-04-08T12:09:25+02:00,[37],[0]
2026-04-08T12:19:26+02:00,[37],[0]
2026-04-08T12:29:26+02:00,[38],[0]
2026-04-08T12:39:25+02:00,[37],[0]
2026-04-08T12:49:25+02:00,[37],[0]
2026-04-08T12:59:26+02:00,[37],[0]
2026-04-08T13:09:25+02:00,[37],[0]
2026-04-08T13:29:26+02:00,[37],[0]
2026-04-08T13:39:26+02:00,[37],[0]
2026-04-08T13:49:25+02:00,[37],[0]
2026-04-08T13:59:25+02:00,[37],[0]
2026-04-08T14:09:25+02:00,[37],[0]
2026-04-08T14:19:25+02:00,[37],[0]
2026-04-08T14:29:25+02:00,[37],[0]
2026-04-08T14:39:25+02:00,[37],[0]
2026-04-08T14:49:26+02:00,[38],[0]
2026-04-08T14:59:25+02:00,[38],[0]
2026-04-08T15:09:25+02:00,[37],[0]
2026-04-08T18:00:00+02:00,[60],[0]
2026-04-09T02:39:25+02:00,[37],[0]
2026-04-09T02:49:25+02:00,[37],[0]
2026-04-09T02:59:25+02:00,[37],[0]
2026-04-09T03:19:25+02:00,[38],[0]
2026-04-09T03:29:26+02:00,[38],[0]
2026-04-09T03:39:24+02:00,[37],[0]
2026-04-09T03:49:25+02:00,[37],[0]
2026-04-09T03:59:25+02:00,[37],[0]
2026-04-09T04:09:25+02:00,[37],[0]
2026-04-09T04:19:26+02:00,[37],[0]
2026-04-09T04:29:26+02:00,[38],[0]
2026-04-09T04:39:25+02:00,[37],[0]
2026-04-09T04:49:25+02:00,[37],[0]
2026-04-09T04:59:25+02:00,[37],[0]
2026-04-09T05:09:25+02:00,[37],[0]
2026-04-09T05:19:25+02:00,[37],[0]
2026-04-09T05:29:25+02:00,[37],[0]
2026-04-09T05:39:26+02:00,[38],[0]
2026-04-09T05:49:25+02:00,[37],[0]
2026-04-09T05:59:25+02:00,[37],[0]
2026-04-09T06:09:25+02:00,[37],[0]
2026-04-09T06:19:25+02:00,[37],[0]
2026-04-09T06:29:25+02:00,[37],[0]
2026-04-09T06:39:25+02:00,[37],[0]
2026-04-09T06:49:25+02:00,[37],[0]
2026-04-09T06:59:25+02:00,[37],[0]
2026-04-09T07:09:25+02:00,[37],[0]
2026-04-09T07:19:25+02:00,[37],[0]
2026-04-09T07:29:25+02:00,[37],[0]
2026-04-09T07:39:25+02:00,[37],[0]
2026-04-09T07:59:25+02:00,[37],[0]
2026-04-09T08:09:25+02:00,[37],[0]
2026-04-09T08:19:25+02:00,[37],[0]
2026-04-09T08:29:25+02:00,[37],[0]
2026-04-09T08:39:25+02:00,[37],[0]
2026-04-09T08:49:26+02:00,[38],[0]
2026-04-09T08:59:25+02:00,[37],[0]
2026-04-09T09:09:25+02:00,[37],[0]
2026-04-09T09:19:26+02:00,[37],[0]
2026-04-09T09:29:25+02:00,[37],[0]
2026-04-09T09:39:25+02:00,[37],[0]
2026-04-07T09:59:25+02:00,[37],[0]
2026-04-07T10:09:26+02:00,[38],[0]
2026-04-07T10:19:25+02:00,[37],[0]
2026-04-07T10:29:26+02:00,[38],[0]
2026-04-07T10:39:25+02:00,[37],[0]
2026-04-07T10:49:24+02:00,[37],[0]
2026-04-07T10:59:25+02:00,[37],[0]
2026-04-07T11:19:25+02:00,[37],[0]
2026-04-07T11:29:26+02:00,[38],[0]
2026-04-07T11:59:25+02:00,[37],[0]
2026-04-07T12:19:24+02:00,[37],[0]
2026-04-07T12:29:25+02:00,[37],[0]
2026-04-07T12:39:26+02:00,[38],[0]
2026-04-07T12:49:25+02:00,[37],[0]
2026-04-07T12:59:24+02:00,[37],[0]
2026-04-07T13:09:25+02:00,[37],[0]
2026-04-07T13:19:26+02:00,[38],[0]
2026-04-07T13:39:25+02:00,[38],[0]
2026-04-07T13:49:26+02:00,[38],[0]
2026-04-07T14:09:26+02:00,[38],[0]
2026-04-07T14:19:25+02:00,[37],[0]
2026-04-07T14:29:25+02:00,[37],[0]
2026-04-07T14:39:24+02:00,[37],[0]
2026-04-07T14:49:25+02:00,[37],[0]
2026-04-07T14:59:25+02:00,[37],[0]
2026-04-07T15:09:26+02:00,[38],[0]
2026-04-07T15:19:25+02:00,[37],[0]
2026-04-07T15:29:26+02:00,[38],[0]
2026-04-07T15:39:24+02:00,[37],[0]
2026-04-07T16:09:25+02:00,[37],[0]
2026-04-07T16:19:25+02:00,[37],[0]
2026-04-07T16:29:25+02:00,[37],[0]
2026-04-07T16:39:25+02:00,[37],[0]
2026-04-07T16:49:25+02:00,[37],[0]
2026-04-07T17:09:26+02:00,[38],[0]
2026-04-07T18:00:00+02:00,[60],[0]
2026-04-08T01:39:25+02:00,[37],[0]
2026-04-08T01:49:25+02:00,[37],[0]
2026-04-08T01:59:24+02:00,[37],[0]
2026-04-08T02:09:25+02:00,[37],[0]
2026-04-08T02:19:25+02:00,[38],[0]
2026-04-08T02:49:25+02:00,[37],[0]
2026-04-08T02:59:26+02:00,[37],[0]
2026-04-08T03:09:26+02:00,[37],[0]
2026-04-08T03:19:26+02:00,[38],[0]
2026-04-08T03:29:25+02:00,[37],[0]
2026-04-08T03:39:25+02:00,[37],[0]
2026-04-08T03:49:25+02:00,[37],[0]
2026-04-08T03:59:26+02:00,[38],[0]
2026-04-08T04:09:25+02:00,[37],[0]
2026-04-08T04:19:25+02:00,[37],[0]
2026-04-08T04:29:26+02:00,[37],[0]
2026-04-08T04:39:25+02:00,[37],[0]
2026-04-08T04:49:25+02:00,[37],[0]
2026-04-08T04:59:26+02:00,[38],[0]
2026-04-08T05:09:27+02:00,[37],[0]
2026-04-08T05:19:26+02:00,[38],[0]
2026-04-08T05:29:25+02:00,[37],[0]
2026-04-08T05:39:25+02:00,[37],[0]
2026-04-08T05:49:26+02:00,[38],[0]
2026-04-08T05:59:25+02:00,[37],[0]
2026-04-08T06:09:26+02:00,[37],[0]
2026-04-08T06:19:25+02:00,[37],[0]
2026-04-08T06:29:25+02:00,[37],[0]
2026-04-08T06:39:26+02:00,[38],[0]
2026-04-08T06:49:25+02:00,[37],[0]
2026-04-08T06:59:26+02:00,[37],[0]
2026-04-08T07:09:26+02:00,[37],[0]
2026-04-08T07:19:25+02:00,[37],[0]
2026-04-08T07:29:25+02:00,[37],[0]
2026-04-08T07:39:25+02:00,[37],[0]
2026-04-08T07:49:25+02:00,[37],[0]
2026-04-08T07:59:25+02:00,[37],[0]
2026-04-08T08:09:24+02:00,[37],[0]
2026-04-08T08:19:25+02:00,[38],[0]
2026-04-08T08:29:24+02:00,[37],[0]
2026-04-08T08:39:25+02:00,[37],[0]
2026-04-08T08:49:25+02:00,[37],[0]
2026-04-08T08:59:26+02:00,[37],[0]
2026-04-08T09:09:26+02:00,[37],[0]
2026-04-08T09:19:26+02:00,[38],[0]
2026-04-06T08:59:25+02:00,[37],[0]
2026-04-06T09:09:25+02:00,[38],[0]
2026-04-06T09:19:25+02:00,[37],[0]
2026-04-06T09:29:25+02:00,[37],[0]
2026-04-06T09:39:25+02:00,[38],[0]
2026-04-06T09:49:25+02:00,[37],[0]
2026-04-06T09:59:25+02:00,[37],[0]
2026-04-06T10:09:25+02:00,[37],[0]
2026-04-06T10:19:25+02:00,[37],[0]
2026-04-06T10:49:54+02:00,[37],[0]
2026-04-06T11:00:01+02:00,[37],[0]
2026-04-06T11:19:24+02:00,[37],[0]
2026-04-06T11:29:26+02:00,[37],[0]
2026-04-06T11:39:25+02:00,[38],[0]
2026-04-06T11:49:25+02:00,[38],[0]
2026-04-06T11:59:25+02:00,[37],[0]
2026-04-06T12:19:26+02:00,[38],[0]
2026-04-06T12:29:26+02:00,[38],[0]
2026-04-06T12:39:25+02:00,[37],[0]
2026-04-06T12:49:25+02:00,[37],[0]
2026-04-06T12:59:25+02:00,[37],[0]
2026-04-06T13:09:25+02:00,[37],[0]
2026-04-06T13:19:26+02:00,[38],[0]
2026-04-06T13:29:25+02:00,[37],[0]
2026-04-06T13:49:25+02:00,[37],[0]
2026-04-06T14:09:26+02:00,[38],[0]
2026-04-06T14:19:26+02:00,[37],[0]
2026-04-06T14:29:25+02:00,[37],[0]
2026-04-06T14:39:25+02:00,[37],[0]
2026-04-06T14:49:31+02:00,[38],[0]
2026-04-06T14:59:25+02:00,[37],[0]
2026-04-06T15:09:26+02:00,[38],[0]
2026-04-06T15:19:26+02:00,[38],[0]
2026-04-06T15:29:25+02:00,[37],[0]
2026-04-06T15:39:25+02:00,[37],[0]
2026-04-06T18:00:00+02:00,[60],[0]
2026-04-07T01:59:25+02:00,[37],[0]
2026-04-07T02:09:25+02:00,[37],[0]
2026-04-07T02:29:26+02:00,[38],[0]
2026-04-07T02:39:25+02:00,[37],[0]
2026-04-07T02:49:25+02:00,[37],[0]
2026-04-07T02:59:26+02:00,[38],[0]
2026-04-07T03:09:25+02:00,[37],[0]
2026-04-07T03:19:25+02:00,[37],[0]
2026-04-07T03:29:25+02:00,[37],[0]
2026-04-07T03:39:25+02:00,[37],[0]
2026-04-07T03:49:26+02:00,[37],[0]
2026-04-07T03:59:25+02:00,[37],[0]
2026-04-07T04:09:25+02:00,[37],[0]
2026-04-07T04:19:25+02:00,[37],[0]
2026-04-07T04:29:25+02:00,[37],[0]
2026-04-07T04:39:25+02:00,[37],[0]
2026-04-07T04:49:25+02:00,[38],[0]
2026-04-07T04:59:25+02:00,[37],[0]
2026-04-07T05:09:25+02:00,[37],[0]
2026-04-07T05:19:25+02:00,[37],[0]
2026-04-07T05:29:25+02:00,[37],[0]
2026-04-07T05:39:25+02:00,[37],[0]
2026-04-07T05:49:25+02:00,[37],[0]
2026-04-07T05:59:25+02:00,[37],[0]
2026-04-07T06:09:25+02:00,[37],[0]
2026-04-07T06:29:25+02:00,[37],[0]
2026-04-07T06:39:25+02:00,[37],[0]
2026-04-07T06:49:25+02:00,[37],[0]
2026-04-07T06:59:25+02:00,[37],[0]
2026-04-07T07:09:25+02:00,[37],[0]
2026-04-07T07:19:25+02:00,[37],[0]
2026-04-07T07:29:25+02:00,[37],[0]
2026-04-07T07:39:25+02:00,[37],[0]
2026-04-07T07:49:25+02:00,[37],[0]
2026-04-07T07:59:25+02:00,[37],[0]
2026-04-07T08:09:24+02:00,[36],[0]
2026-04-07T08:19:26+02:00,[38],[0]
2026-04-07T08:29:25+02:00,[37],[0]
2026-04-07T08:39:26+02:00,[38],[0]
2026-04-07T08:49:25+02:00,[37],[0]
2026-04-07T08:59:26+02:00,[38],[0]
2026-04-07T09:09:25+02:00,[37],[0]
2026-04-07T09:19:26+02:00,[38],[0]
2026-04-07T09:29:25+02:00,[37],[0]
2026-04-07T09:39:25+02:00,[38],[0]
2026-04-07T09:49:25+02:00,[38],[0]
2026-04-05T07:59:29+02:00,[37],[0]
2026-04-05T08:09:29+02:00,[37],[0]
2026-04-05T08:19:29+02:00,[37],[0]
2026-04-05T08:29:29+02:00,[38],[0]
2026-04-05T08:39:29+02:00,[37],[0]
2026-04-05T08:49:29+02:00,[37],[0]
2026-04-05T08:59:29+02:00,[37],[0]
2026-04-05T09:09:29+02:00,[38],[0]
2026-04-05T09:19:29+02:00,[37],[0]
2026-04-05T09:29:30+02:00,[37],[0]
2026-04-05T09:39:29+02:00,[37],[0]
2026-04-05T09:49:30+02:00,[38],[0]
2026-04-05T09:59:29+02:00,[37],[0]
2026-04-05T10:09:29+02:00,[38],[0]
2026-04-05T10:19:30+02:00,[38],[0]
2026-04-05T10:29:29+02:00,[37],[0]
2026-04-05T10:39:29+02:00,[37],[0]
2026-04-05T10:49:29+02:00,[37],[0]
2026-04-05T10:59:29+02:00,[37],[0]
2026-04-05T11:09:29+02:00,[37],[0]
2026-04-05T11:19:29+02:00,[38],[0]
2026-04-05T11:29:30+02:00,[38],[0]
2026-04-05T11:49:29+02:00,[38],[0]
2026-04-05T11:59:30+02:00,[38],[0]
2026-04-05T12:09:29+02:00,[37],[0]
2026-04-05T12:19:29+02:00,[37],[0]
2026-04-05T12:29:29+02:00,[38],[0]
2026-04-05T12:39:29+02:00,[37],[0]
2026-04-05T12:49:29+02:00,[37],[0]
2026-04-05T12:59:29+02:00,[37],[0]
2026-04-05T13:09:29+02:00,[37],[0]
2026-04-05T13:29:29+02:00,[37],[0]
2026-04-05T13:59:29+02:00,[37],[0]
2026-04-05T14:09:29+02:00,[37],[0]
2026-04-05T14:19:29+02:00,[37],[0]
2026-04-05T14:29:29+02:00,[37],[0]
2026-04-05T14:49:30+02:00,[38],[0]
2026-04-05T14:59:29+02:00,[37],[0]
2026-04-05T15:09:29+02:00,[37],[0]
2026-04-05T15:19:29+02:00,[37],[0]
2026-04-05T15:29:28+02:00,[37],[0]
2026-04-05T15:39:29+02:00,[37],[0]
2026-04-05T15:49:29+02:00,[37],[0]
2026-04-05T15:59:29+02:00,[37],[0]
2026-04-05T16:09:29+02:00,[38],[0]
2026-04-05T16:19:29+02:00,[37],[0]
2026-04-05T16:29:29+02:00,[37],[0]
2026-04-05T16:39:29+02:00,[37],[0]
2026-04-05T16:49:30+02:00,[38],[0]
2026-04-05T16:59:29+02:00,[37],[0]
2026-04-05T17:09:29+02:00,[37],[0]
2026-04-05T18:00:00+02:00,[60],[0]
2026-04-06T03:49:30+02:00,[38],[0]
2026-04-06T03:59:30+02:00,[38],[0]
2026-04-06T04:09:28+02:00,[37],[0]
2026-04-06T04:19:29+02:00,[37],[0]
2026-04-06T04:29:30+02:00,[38],[2]
2026-04-06T04:39:30+02:00,[38],[0]
2026-04-06T04:49:30+02:00,[38],[0]
2026-04-06T04:59:29+02:00,[37],[0]
2026-04-06T05:19:30+02:00,[38],[0]
2026-04-06T05:59:28+02:00,[37],[0]
2026-04-06T06:09:28+02:00,[37],[0]
2026-04-06T06:19:30+02:00,[38],[0]
2026-04-06T06:29:29+02:00,[37],[0]
2026-04-06T06:39:29+02:00,[37],[0]
2026-04-06T06:49:29+02:00,[37],[0]
2026-04-06T06:59:29+02:00,[37],[0]
2026-04-06T07:20:04+02:00,[38],[0]
2026-04-06T07:29:29+02:00,[37],[0]
2026-04-06T07:39:29+02:00,[37],[0]
2026-04-06T07:49:29+02:00,[38],[0]
2026-04-06T07:59:29+02:00,[37],[0]
2026-04-06T08:09:29+02:00,[37],[0]
2026-04-06T08:19:29+02:00,[37],[0]
2026-04-06T08:29:29+02:00,[37],[0]
2026-04-06T08:39:29+02:00,[37],[0]
2026-04-04T08:19:29+02:00,[37],[0]
2026-04-04T08:29:29+02:00,[37],[0]
2026-04-04T08:39:29+02:00,[37],[0]
2026-04-04T08:49:30+02:00,[38],[0]
2026-04-04T08:59:29+02:00,[37],[0]
2026-04-04T09:09:29+02:00,[37],[0]
2026-04-04T09:19:29+02:00,[37],[0]
2026-04-04T09:29:29+02:00,[37],[0]
2026-04-04T09:39:29+02:00,[37],[0]
2026-04-04T09:49:29+02:00,[37],[0]
2026-04-04T09:59:29+02:00,[37],[0]
2026-04-04T10:19:29+02:00,[37],[0]
2026-04-04T10:39:29+02:00,[37],[0]
2026-04-04T10:49:28+02:00,[37],[0]
2026-04-04T10:59:29+02:00,[37],[0]
2026-04-04T11:09:29+02:00,[37],[0]
2026-04-04T11:19:29+02:00,[37],[0]
2026-04-04T11:29:30+02:00,[38],[0]
2026-04-04T11:39:29+02:00,[37],[0]
2026-04-04T11:49:29+02:00,[38],[0]
2026-04-04T11:59:29+02:00,[37],[0]
2026-04-04T12:09:29+02:00,[37],[0]
2026-04-04T12:19:29+02:00,[37],[0]
2026-04-04T12:29:29+02:00,[37],[0]
2026-04-04T12:39:30+02:00,[38],[0]
2026-04-04T12:49:29+02:00,[37],[0]
2026-04-04T12:59:29+02:00,[37],[0]
2026-04-04T13:09:29+02:00,[37],[0]
2026-04-04T13:19:29+02:00,[37],[0]
2026-04-04T13:29:29+02:00,[37],[0]
2026-04-04T13:39:29+02:00,[37],[0]
2026-04-04T13:49:29+02:00,[37],[0]
2026-04-04T13:59:30+02:00,[2],[0]
2026-04-04T14:09:29+02:00,[37],[0]
2026-04-04T14:19:29+02:00,[37],[0]
2026-04-04T14:29:29+02:00,[37],[0]
2026-04-04T14:39:29+02:00,[37],[0]
2026-04-04T14:49:28+02:00,[37],[0]
2026-04-04T15:09:29+02:00,[37],[0]
2026-04-04T15:19:29+02:00,[37],[0]
2026-04-04T15:29:29+02:00,[37],[0]
2026-04-04T15:39:29+02:00,[37],[0]
2026-04-04T15:49:29+02:00,[37],[0]
2026-04-04T15:59:29+02:00,[37],[0]
2026-04-04T16:09:29+02:00,[37],[0]
2026-04-04T16:19:29+02:00,[37],[0]
2026-04-04T16:29:29+02:00,[37],[0]
2026-04-04T16:39:29+02:00,[37],[0]
2026-04-04T16:49:30+02:00,[38],[0]
2026-04-04T18:00:00+02:00,[60],[0]
2026-04-05T01:09:29+02:00,[37],[0]
2026-04-05T01:19:30+02:00,[38],[0]
2026-04-05T01:29:29+02:00,[37],[0]
2026-04-05T01:39:29+02:00,[37],[0]
2026-04-05T01:49:29+02:00,[37],[0]
2026-04-05T01:59:29+02:00,[37],[0]
2026-04-05T02:09:29+02:00,[37],[0]
2026-04-05T02:19:30+02:00,[38],[0]
2026-04-05T02:39:29+02:00,[37],[0]
2026-04-05T02:49:29+02:00,[37],[0]
2026-04-05T02:59:29+02:00,[37],[0]
2026-04-05T03:09:30+02:00,[38],[0]
2026-04-05T03:19:29+02:00,[37],[0]
2026-04-05T03:29:29+02:00,[37],[0]
2026-04-05T03:39:29+02:00,[37],[0]
2026-04-05T03:49:29+02:00,[37],[0]
2026-04-05T03:59:30+02:00,[38],[0]
2026-04-05T04:09:29+02:00,[37],[0]
2026-04-05T04:29:29+02:00,[38],[0]
2026-04-05T04:39:29+02:00,[37],[0]
2026-04-05T04:49:29+02:00,[37],[0]
2026-04-05T04:59:29+02:00,[37],[0]
2026-04-05T05:09:29+02:00,[37],[0]
2026-04-05T05:19:29+02:00,[37],[0]
2026-04-05T05:29:28+02:00,[37],[0]
2026-04-05T05:39:29+02:00,[37],[0]
2026-04-05T05:49:29+02:00,[37],[0]
2026-04-05T05:59:29+02:00,[38],[0]
2026-04-05T06:09:30+02:00,[38],[0]
2026-04-05T06:19:29+02:00,[37],[0]
2026-04-05T06:29:29+02:00,[38],[0]
2026-04-05T06:39:29+02:00,[38],[0]
2026-04-05T06:49:29+02:00,[37],[0]
2026-04-05T06:59:28+02:00,[37],[0]
2026-04-05T07:09:29+02:00,[37],[0]
2026-04-05T07:19:29+02:00,[37],[0]
2026-04-05T07:29:29+02:00,[37],[0]
2026-04-05T07:39:29+02:00,[37],[0]
2026-04-05T07:49:29+02:00,[37],[0]
2026-04-03T08:09:32+02:00,[37],[0]
2026-04-03T08:19:33+02:00,[38],[0]
2026-04-03T08:29:33+02:00,[38],[0]
2026-04-03T08:39:32+02:00,[37],[0]
2026-04-03T08:49:33+02:00,[38],[0]
2026-04-03T08:59:33+02:00,[38],[0]
2026-04-03T09:09:32+02:00,[37],[0]
2026-04-03T09:19:32+02:00,[37],[0]
2026-04-03T09:29:33+02:00,[38],[0]
2026-04-03T09:39:32+02:00,[37],[0]
2026-04-03T09:49:32+02:00,[37],[0]
2026-04-03T09:53:14+02:00,[1],[0]
2026-04-03T09:53:44+02:00,"[30,30,30,23,30,30,30,30,22,30,30,30,30,23,30,30,30,30,22,30,30,30,30,22,30,30,30,30,23,30,30,30,30,22,30,30,30,30,27,30,30,30,30,23,30,30,30,30,22,30,30,30,30,22,30,30,30,30,22,30,30,30,30,23,30,30,30,30,22,30,30,30,30,22,30,30,30,30]","[0,0,0,0,0,0,0,0,0,0,0,0,0,0,0,0,0,0,0,0,0,0,0,0,0,0,0,0,0,0,0,0,0,0,0,0,0,0,0,0,0,0,0,0,0,0,0,0,0,0,0,0,0,0,0,0,0,0,0,0,0,0,0,0,0,0,0,0,0,0,0,0,0,0,0,0,0,0]"
2026-04-03T10:31:09+02:00,"[12,29,30,12,7,30,17,17,30,13,38,24,30,7,30,30,30,30,22,30,61,30,23,30,10,30,30,30,11,30,30,30,30,23,30,30]","[0,0,0,0,0,0,0,0,0,0,0,0,0,0,0,0,0,0,0,0,0,0,0,0,0,0,0,0,0,0,0,0,0,0,0,0]"
2026-04-03T10:47:45+02:00,[37],[0]
2026-04-03T10:49:32+02:00,[37],[0]
2026-04-03T10:59:32+02:00,[37],[0]
2026-04-03T10:46:05+02:00,[30],[0]
2026-04-03T11:09:33+02:00,[38],[0]
2026-04-03T11:19:32+02:00,[37],[0]
2026-04-03T11:29:32+02:00,[37],[0]
2026-04-03T11:39:32+02:00,[37],[0]
2026-04-03T11:49:32+02:00,[37],[0]
2026-04-03T12:09:32+02:00,[37],[0]
2026-04-03T12:19:32+02:00,[37],[0]
2026-04-03T12:29:32+02:00,[37],[0]
2026-04-03T12:49:33+02:00,[38],[0]
2026-04-03T12:59:33+02:00,[37],[0]
2026-04-03T13:09:34+02:00,[38],[0]
2026-04-03T13:19:31+02:00,[37],[0]
2026-04-03T13:29:33+02:00,[38],[0]
2026-04-03T13:49:29+02:00,[37],[0]
2026-04-03T13:59:29+02:00,[37],[0]
2026-04-03T14:29:29+02:00,[37],[0]
2026-04-03T14:39:30+02:00,[38],[0]
2026-04-03T14:49:29+02:00,[37],[0]
2026-04-03T14:59:29+02:00,[37],[0]
2026-04-03T15:09:29+02:00,[37],[0]
2026-04-03T15:19:29+02:00,[37],[0]
2026-04-03T15:29:30+02:00,[38],[0]
2026-04-03T15:39:29+02:00,[37],[0]
2026-04-03T15:49:29+02:00,[37],[0]
2026-04-03T15:59:29+02:00,[37],[0]
2026-04-03T16:09:29+02:00,[37],[0]
2026-04-03T16:19:29+02:00,[37],[0]
2026-04-03T16:29:29+02:00,[37],[0]
2026-04-03T16:39:29+02:00,[37],[0]
2026-04-03T16:49:29+02:00,[37],[0]
2026-04-03T16:59:29+02:00,[37],[0]
2026-04-03T17:09:29+02:00,[37],[0]
2026-04-03T17:19:29+02:00,[37],[0]
2026-04-03T17:29:29+02:00,[37],[0]
2026-04-03T17:39:29+02:00,[37],[0]
2026-04-03T17:49:29+02:00,[37],[0]
2026-04-03T17:59:29+02:00,[37],[0]
2026-04-03T18:09:29+02:00,[37],[0]
2026-04-03T18:19:29+02:00,[37],[0]
2026-04-03T18:29:29+02:00,[37],[0]
2026-04-03T18:39:29+02:00,[37],[0]
2026-04-03T18:49:29+02:00,[38],[0]
2026-04-03T18:00:00+02:00,[60],[0]
2026-04-04T03:09:29+02:00,[37],[0]
2026-04-04T03:19:29+02:00,[37],[0]
2026-04-04T03:29:30+02:00,[38],[0]
2026-04-04T03:39:29+02:00,[37],[0]
2026-04-04T03:49:30+02:00,[38],[0]
2026-04-04T03:59:29+02:00,[38],[0]
2026-04-04T04:09:29+02:00,[37],[0]
2026-04-04T04:19:29+02:00,[37],[0]
2026-04-04T04:29:29+02:00,[37],[0]
2026-04-04T04:39:29+02:00,[37],[0]
2026-04-04T04:49:29+02:00,[37],[0]
2026-04-04T04:59:29+02:00,[37],[0]
2026-04-04T05:09:29+02:00,[37],[0]
2026-04-04T05:19:29+02:00,[37],[0]
2026-04-04T05:29:30+02:00,[38],[0]
2026-04-04T05:39:28+02:00,[37],[0]
2026-04-04T05:49:29+02:00,[37],[0]
2026-04-04T05:59:30+02:00,[38],[0]
2026-04-04T06:09:29+02:00,[37],[0]
2026-04-04T06:29:29+02:00,[37],[0]
2026-04-04T06:39:29+02:00,[37],[0]
2026-04-04T06:49:29+02:00,[37],[0]
2026-04-04T06:59:29+02:00,[37],[0]
2026-04-04T07:09:29+02:00,[37],[0]
2026-04-04T07:19:29+02:00,[37],[0]
2026-04-04T07:29:29+02:00,[37],[0]
2026-04-04T07:39:29+02:00,[37],[0]
2026-04-04T07:49:29+02:00,[37],[0]
2026-04-04T07:59:29+02:00,[37],[0]
2026-04-04T08:09:30+02:00,[38],[0]
2026-04-02T08:49:32+02:00,[37],[0]
2026-04-02T08:59:33+02:00,[38],[0]
2026-04-02T09:09:33+02:00,[38],[0]
2026-04-02T09:19:31+02:00,[37],[0]
2026-04-02T09:29:32+02:00,[37],[0]
2026-04-02T09:39:32+02:00,[37],[0]
2026-04-02T09:49:32+02:00,[37],[0]
2026-04-02T09:59:32+02:00,[37],[0]
2026-04-02T10:09:33+02:00,[37],[0]
2026-04-02T10:19:32+02:00,[37],[0]
2026-04-02T10:29:32+02:00,[37],[0]
2026-04-02T10:39:32+02:00,[37],[0]
2026-04-02T10:49:33+02:00,[38],[0]
2026-04-02T10:59:32+02:00,[37],[0]
2026-04-02T11:09:32+02:00,[37],[0]
2026-04-02T11:19:32+02:00,[37],[0]
2026-04-02T11:29:32+02:00,[37],[0]
2026-04-02T11:39:33+02:00,[38],[0]
2026-04-02T11:49:32+02:00,[37],[0]
2026-04-02T11:59:31+02:00,[36],[0]
2026-04-02T12:09:32+02:00,[37],[0]
2026-04-02T12:19:32+02:00,[37],[0]
2026-04-02T12:29:33+02:00,[38],[0]
2026-04-02T12:39:32+02:00,[37],[0]
2026-04-02T12:59:33+02:00,[37],[0]
2026-04-02T13:09:32+02:00,[37],[0]
2026-04-02T13:19:32+02:00,[37],[0]
2026-04-02T13:29:32+02:00,[37],[0]
2026-04-02T13:39:32+02:00,[37],[0]
2026-04-02T13:49:31+02:00,[37],[0]
2026-04-02T14:09:33+02:00,[38],[0]
2026-04-02T14:19:33+02:00,[38],[0]
2026-04-02T14:29:32+02:00,[37],[0]
2026-04-02T14:39:32+02:00,[37],[0]
2026-04-02T14:49:33+02:00,[38],[0]
2026-04-02T15:09:32+02:00,[37],[0]
2026-04-02T15:19:32+02:00,[37],[0]
2026-04-02T15:29:33+02:00,[38],[0]
2026-04-02T15:39:32+02:00,[37],[0]
2026-04-02T15:49:32+02:00,[37],[0]
2026-04-02T15:59:33+02:00,[37],[0]
2026-04-02T18:00:00+02:00,[60],[0]
2026-04-03T05:29:33+02:00,[37],[0]
2026-04-03T05:39:32+02:00,[37],[0]
2026-04-03T05:49:32+02:00,[37],[0]
2026-04-03T05:59:32+02:00,[37],[0]
2026-04-03T06:09:32+02:00,[37],[0]
2026-04-03T06:19:33+02:00,[37],[0]
2026-04-03T06:29:32+02:00,[37],[0]
2026-04-03T06:39:33+02:00,[37],[0]
2026-04-03T06:49:32+02:00,[37],[0]
2026-04-03T06:59:33+02:00,[38],[0]
2026-04-03T07:09:32+02:00,[37],[0]
2026-04-03T07:19:33+02:00,[37],[0]
2026-04-03T07:29:32+02:00,[37],[0]
2026-04-03T07:39:32+02:00,[37],[0]
2026-04-03T07:49:33+02:00,[38],[0]
2026-04-03T07:59:33+02:00,[38],[0]
2026-04-01T07:59:32+02:00,[38],[0]
2026-04-01T08:09:32+02:00,[37],[0]
2026-04-01T08:19:32+02:00,[37],[0]
2026-04-01T08:29:32+02:00,[37],[0]
2026-04-01T08:39:33+02:00,[37],[0]
2026-04-01T08:49:32+02:00,[37],[0]
2026-04-01T08:59:32+02:00,[37],[0]
2026-04-01T09:09:32+02:00,[37],[0]
2026-04-01T09:19:33+02:00,[38],[0]
2026-04-01T09:29:32+02:00,[37],[0]
2026-04-01T09:39:32+02:00,[37],[0]
2026-04-01T09:49:32+02:00,[37],[0]
2026-04-01T09:59:32+02:00,[37],[0]
2026-04-01T10:09:32+02:00,[37],[0]
2026-04-01T10:19:32+02:00,[37],[0]
2026-04-01T10:29:33+02:00,[38],[0]
2026-04-01T10:39:33+02:00,[38],[0]
2026-04-01T10:49:32+02:00,[37],[0]
2026-04-01T10:59:32+02:00,[37],[0]
2026-04-01T11:09:32+02:00,[37],[0]
2026-04-01T11:19:32+02:00,[37],[0]
2026-04-01T11:29:33+02:00,[37],[0]
2026-04-01T11:39:32+02:00,[37],[0]
2026-04-01T11:49:32+02:00,[37],[0]
2026-04-01T11:59:32+02:00,[37],[0]
2026-04-01T12:09:32+02:00,[37],[0]
2026-04-01T12:19:32+02:00,[37],[0]
2026-04-01T12:29:33+02:00,[38],[0]
2026-04-01T12:39:31+02:00,[37],[0]
2026-04-01T12:49:32+02:00,[37],[0]
2026-04-01T12:59:32+02:00,[37],[0]
2026-04-01T13:19:33+02:00,[38],[0]
2026-04-01T13:29:32+02:00,[37],[0]
2026-04-01T13:39:32+02:00,[37],[0]
2026-04-01T13:49:32+02:00,[37],[0]
2026-04-01T13:59:32+02:00,[37],[0]
2026-04-01T14:09:32+02:00,[37],[0]
2026-04-01T14:19:32+02:00,[37],[0]
2026-04-01T14:29:33+02:00,[38],[0]
2026-04-01T14:39:32+02:00,[37],[0]
2026-04-01T14:49:32+02:00,[37],[0]
2026-04-01T14:59:32+02:00,[37],[0]
2026-04-01T15:09:32+02:00,[37],[0]
2026-04-01T15:19:32+02:00,[37],[0]
2026-04-01T15:29:33+02:00,[38],[0]
2026-04-01T15:39:32+02:00,[38],[0]
2026-04-01T15:49:32+02:00,[37],[0]
2026-04-01T15:59:32+02:00,[37],[0]
2026-04-01T16:09:32+02:00,[37],[0]
2026-04-01T16:19:32+02:00,[38],[0]
2026-04-01T16:29:32+02:00,[37],[0]
2026-04-01T18:00:00+02:00,[60],[0]
2026-04-02T02:19:31+02:00,[37],[0]
2026-04-02T02:29:32+02:00,[37],[0]
2026-04-02T02:49:32+02:00,[37],[0]
2026-04-02T02:59:33+02:00,[37],[0]
2026-04-02T03:09:32+02:00,[37],[0]
2026-04-02T03:19:32+02:00,[37],[0]
2026-04-02T03:59:32+02:00,[37],[0]
2026-04-02T04:09:32+02:00,[37],[0]
2026-04-02T04:19:32+02:00,[37],[0]
2026-04-02T04:29:33+02:00,[38],[0]
2026-04-02T04:39:32+02:00,[37],[0]
2026-04-02T04:49:33+02:00,[38],[0]
2026-04-02T04:59:32+02:00,[37],[0]
2026-04-02T05:09:32+02:00,[37],[0]
2026-04-02T05:19:32+02:00,[37],[0]
2026-04-02T05:29:32+02:00,[37],[0]
2026-04-02T05:39:32+02:00,[37],[0]
2026-04-02T05:49:33+02:00,[38],[0]
2026-04-02T05:59:32+02:00,[37],[0]
2026-04-02T06:09:32+02:00,[37],[0]
2026-04-02T06:19:32+02:00,[37],[0]
2026-04-02T06:29:32+02:00,[37],[0]
2026-04-02T06:39:32+02:00,[37],[0]
2026-04-02T06:49:32+02:00,[37],[0]
2026-04-02T06:59:32+02:00,[37],[0]
2026-04-02T07:09:32+02:00,[37],[0]
2026-04-02T07:19:33+02:00,[38],[0]
2026-04-02T07:29:32+02:00,[37],[0]
2026-04-02T07:39:32+02:00,[37],[0]
2026-04-02T07:49:32+02:00,[37],[0]
2026-04-02T07:59:32+02:00,[37],[0]
2026-04-02T08:09:32+02:00,[37],[0]
2026-04-02T08:19:32+02:00,[38],[0]
2026-04-02T08:29:32+02:00,[37],[0]
2026-04-02T08:39:32+02:00,[37],[0]
2026-03-31T07:59:33+02:00,[38],[0]
2026-03-31T08:09:32+02:00,[37],[0]
2026-03-31T08:19:32+02:00,[38],[0]
2026-03-31T08:29:32+02:00,[37],[0]
2026-03-31T08:39:33+02:00,[38],[0]
2026-03-31T08:49:33+02:00,[38],[0]
2026-03-31T08:59:33+02:00,[38],[0]
2026-03-31T09:09:32+02:00,[37],[0]
2026-03-31T09:19:33+02:00,[38],[0]
2026-03-31T09:29:32+02:00,[37],[0]
2026-03-31T09:39:32+02:00,[37],[0]
2026-03-31T09:49:33+02:00,[38],[0]
2026-03-31T09:59:32+02:00,[37],[0]
2026-03-31T10:09:32+02:00,[38],[0]
2026-03-31T10:29:32+02:00,[37],[0]
2026-03-31T10:49:32+02:00,[37],[0]
2026-03-31T10:59:32+02:00,[37],[0]
2026-03-31T11:09:33+02:00,[38],[0]
2026-03-31T11:29:33+02:00,[37],[0]
2026-03-31T11:39:32+02:00,[37],[0]
2026-03-31T11:49:32+02:00,[37],[0]
2026-03-31T11:59:32+02:00,[37],[0]
2026-03-31T12:19:33+02:00,[37],[0]
2026-03-31T12:29:32+02:00,[37],[0]
2026-03-31T12:39:32+02:00,[37],[0]
2026-03-31T12:49:32+02:00,[37],[0]
2026-03-31T12:59:32+02:00,[37],[0]
2026-03-31T13:09:32+02:00,[37],[0]
2026-03-31T13:19:32+02:00,[37],[0]
2026-03-31T13:29:32+02:00,[37],[0]
2026-03-31T13:39:32+02:00,[37],[0]
2026-03-31T13:59:33+02:00,[38],[0]
2026-03-31T14:09:33+02:00,[38],[0]
2026-03-31T14:19:32+02:00,[37],[0]
2026-03-31T14:29:33+02:00,[37],[0]
2026-03-31T14:39:32+02:00,[37],[0]
2026-03-31T14:49:33+02:00,[38],[0]
2026-03-31T14:59:32+02:00,[37],[0]
2026-03-31T15:19:33+02:00,[37],[0]
2026-03-31T15:39:33+02:00,[38],[0]
2026-03-31T15:59:33+02:00,[38],[0]
2026-03-31T16:09:32+02:00,[37],[0]
2026-03-31T16:19:33+02:00,[37],[0]
2026-03-31T16:29:33+02:00,[38],[0]
2026-03-31T18:00:00+02:00,[60],[0]
2026-04-01T02:29:32+02:00,[37],[0]
2026-04-01T02:39:32+02:00,[37],[0]
2026-04-01T02:49:33+02:00,[38],[0]
2026-04-01T03:10:12+02:00,[37],[0]
2026-04-01T03:19:31+02:00,[37],[0]
2026-04-01T03:29:32+02:00,[37],[0]
2026-04-01T03:39:33+02:00,[38],[0]
2026-04-01T03:49:32+02:00,[37],[0]
2026-04-01T03:59:32+02:00,[37],[0]
2026-04-01T04:19:32+02:00,[37],[0]
2026-04-01T04:29:32+02:00,[37],[0]
2026-04-01T04:39:33+02:00,[37],[0]
2026-04-01T04:49:32+02:00,[37],[0]
2026-04-01T04:59:32+02:00,[37],[0]
2026-04-01T05:09:32+02:00,[37],[0]
2026-04-01T05:29:32+02:00,[37],[0]
2026-04-01T05:39:32+02:00,[37],[0]
2026-04-01T05:49:33+02:00,[37],[0]
2026-04-01T05:59:32+02:00,[38],[0]
2026-04-01T06:09:33+02:00,[38],[0]
2026-04-01T06:19:31+02:00,[37],[0]
2026-04-01T06:29:31+02:00,[37],[0]
2026-04-01T06:49:32+02:00,[37],[0]
2026-04-01T06:59:32+02:00,[37],[0]
2026-04-01T07:09:32+02:00,[37],[0]
2026-04-01T07:29:33+02:00,[38],[0]
2026-04-01T07:39:32+02:00,[38],[0]
2026-04-01T07:49:33+02:00,[38],[0]
2026-03-30T08:09:35+02:00,[37],[0]
2026-03-30T08:19:35+02:00,[37],[0]
2026-03-30T08:29:35+02:00,[37],[0]
2026-03-30T08:39:36+02:00,[37],[0]
2026-03-30T08:49:35+02:00,[37],[0]
2026-03-30T08:59:35+02:00,[37],[0]
2026-03-30T09:09:35+02:00,[37],[0]
2026-03-30T09:19:36+02:00,[38],[0]
2026-03-30T09:29:36+02:00,[37],[0]
2026-03-30T09:39:35+02:00,[37],[0]
2026-03-30T09:49:36+02:00,[38],[0]
2026-03-30T09:59:35+02:00,[37],[0]
2026-03-30T10:09:35+02:00,[37],[0]
2026-03-30T10:19:35+02:00,[37],[0]
2026-03-30T10:29:36+02:00,[38],[0]
2026-03-30T10:39:35+02:00,[37],[0]
2026-03-30T10:49:35+02:00,[37],[0]
2026-03-30T10:59:35+02:00,[37],[0]
2026-03-30T11:29:35+02:00,[37],[0]
2026-03-30T11:39:35+02:00,[37],[0]
2026-03-30T11:49:35+02:00,[37],[0]
2026-03-30T12:09:35+02:00,[37],[0]
2026-03-30T12:19:35+02:00,[37],[0]
2026-03-30T12:29:35+02:00,[37],[0]
2026-03-30T12:39:36+02:00,[38],[0]
2026-03-30T12:49:35+02:00,[37],[0]
2026-03-30T12:59:35+02:00,[37],[0]
2026-03-30T13:09:35+02:00,[37],[0]
2026-03-30T13:19:35+02:00,[37],[0]
2026-03-30T13:29:35+02:00,[37],[0]
2026-03-30T13:39:35+02:00,[37],[0]
2026-03-30T13:49:35+02:00,[37],[0]
2026-03-30T13:59:36+02:00,[38],[0]
2026-03-30T14:09:34+02:00,[37],[0]
2026-03-30T14:19:36+02:00,[37],[0]
2026-03-30T14:29:35+02:00,[37],[0]
2026-03-30T14:39:36+02:00,[38],[0]
2026-03-30T14:49:36+02:00,[38],[0]
2026-03-30T14:59:35+02:00,[37],[0]
2026-03-30T15:09:36+02:00,[38],[0]
2026-03-30T15:19:35+02:00,[37],[0]
2026-03-30T15:29:36+02:00,[38],[0]
2026-03-30T15:39:35+02:00,[37],[0]
2026-03-30T15:59:35+02:00,[37],[0]
2026-03-30T16:09:35+02:00,[37],[0]
2026-03-30T16:19:34+02:00,[37],[0]
2026-03-30T16:29:36+02:00,[38],[0]
2026-03-30T16:39:35+02:00,[37],[0]
2026-03-30T16:49:35+02:00,[37],[0]
2026-03-30T18:00:00+02:00,[60],[0]
2026-03-31T01:09:35+02:00,[37],[0]
2026-03-31T01:19:34+02:00,[37],[0]
2026-03-31T01:29:35+02:00,[37],[0]
2026-03-31T01:39:35+02:00,[37],[0]
2026-03-31T01:49:35+02:00,[37],[0]
2026-03-31T01:59:35+02:00,[37],[0]
2026-03-31T02:09:35+02:00,[37],[0]
2026-03-31T02:19:35+02:00,[37],[0]
2026-03-31T02:29:35+02:00,[37],[0]
2026-03-31T02:39:36+02:00,[37],[0]
2026-03-31T02:49:35+02:00,[38],[0]
2026-03-31T03:09:35+02:00,[37],[0]
2026-03-31T03:19:35+02:00,[37],[0]
2026-03-31T03:29:36+02:00,[37],[0]
2026-03-31T03:39:36+02:00,[38],[0]
2026-03-31T03:49:35+02:00,[37],[0]
2026-03-31T03:59:36+02:00,[37],[0]
2026-03-31T04:09:36+02:00,[38],[0]
2026-03-31T04:19:36+02:00,[38],[0]
2026-03-31T04:29:35+02:00,[37],[0]
2026-03-31T04:39:35+02:00,[37],[0]
2026-03-31T04:49:35+02:00,[37],[0]
2026-03-31T04:59:32+02:00,[37],[0]
2026-03-31T05:09:32+02:00,[37],[0]
2026-03-31T05:19:32+02:00,[37],[0]
2026-03-31T05:29:32+02:00,[37],[0]
2026-03-31T05:39:32+02:00,[37],[0]
2026-03-31T05:49:32+02:00,[37],[0]
2026-03-31T05:59:33+02:00,[37],[0]
2026-03-31T06:09:32+02:00,[37],[0]
2026-03-31T06:19:32+02:00,[37],[0]
2026-03-31T06:29:33+02:00,[38],[0]
2026-03-31T06:39:33+02:00,[38],[0]
2026-03-31T06:49:32+02:00,[37],[0]
2026-03-31T06:59:32+02:00,[37],[0]
2026-03-31T07:09:32+02:00,[37],[0]
2026-03-31T07:19:33+02:00,[38],[0]
2026-03-31T07:29:32+02:00,[37],[0]
2026-03-31T07:39:31+02:00,[37],[0]
2026-03-31T07:49:32+02:00,[37],[0]
2026-03-29T08:19:36+02:00,[38],[0]
2026-03-29T08:29:34+02:00,[37],[0]
2026-03-29T08:39:36+02:00,[38],[0]
2026-03-29T08:49:35+02:00,[37],[0]
2026-03-29T08:59:35+02:00,[37],[0]
2026-03-29T10:39:35+02:00,[38],[0]
2026-03-29T10:59:35+02:00,[37],[0]
2026-03-29T11:09:34+02:00,[37],[0]
2026-03-29T11:19:35+02:00,[38],[0]
2026-03-29T11:29:35+02:00,[38],[0]
2026-03-29T11:39:35+02:00,[37],[0]
2026-03-29T11:49:36+02:00,[38],[0]
2026-03-29T11:59:35+02:00,[37],[0]
2026-03-29T12:09:35+02:00,[37],[0]
2026-03-29T12:19:36+02:00,[38],[0]
2026-03-29T12:29:35+02:00,[37],[0]
2026-03-29T12:49:36+02:00,[38],[0]
2026-03-29T12:59:35+02:00,[37],[0]
2026-03-29T13:09:36+02:00,[38],[0]
2026-03-29T13:19:35+02:00,[37],[0]
2026-03-29T13:29:35+02:00,[37],[0]
2026-03-29T13:39:35+02:00,[37],[0]
2026-03-29T13:49:36+02:00,[38],[0]
2026-03-29T13:59:36+02:00,[38],[0]
2026-03-29T14:09:36+02:00,[38],[0]
2026-03-29T14:19:36+02:00,[38],[0]
2026-03-29T14:29:35+02:00,[38],[0]
2026-03-29T14:39:35+02:00,[37],[0]
2026-03-29T14:49:35+02:00,[37],[0]
2026-03-29T15:09:35+02:00,[37],[0]
2026-03-29T18:00:00+02:00,[60],[0]
2026-03-30T02:29:36+02:00,[38],[0]
2026-03-30T02:39:36+02:00,[38],[0]
2026-03-30T02:49:34+02:00,[37],[0]
2026-03-30T02:59:35+02:00,[37],[0]
2026-03-30T03:09:35+02:00,[37],[0]
2026-03-30T03:19:36+02:00,[37],[0]
2026-03-30T03:29:36+02:00,[38],[0]
2026-03-30T03:39:35+02:00,[37],[0]
2026-03-30T03:49:36+02:00,[38],[0]
2026-03-30T03:59:35+02:00,[37],[0]
2026-03-30T04:09:35+02:00,[37],[0]
2026-03-30T04:19:35+02:00,[37],[0]
2026-03-30T04:29:36+02:00,[38],[0]
2026-03-30T04:39:35+02:00,[37],[0]
2026-03-30T04:49:35+02:00,[37],[0]
2026-03-30T04:59:35+02:00,[37],[0]
2026-03-30T05:09:36+02:00,[38],[0]
2026-03-30T05:19:35+02:00,[38],[0]
2026-03-30T05:29:35+02:00,[37],[0]
2026-03-30T05:39:35+02:00,[37],[0]
2026-03-30T05:49:35+02:00,[37],[0]
2026-03-30T05:59:36+02:00,[38],[0]
2026-03-30T06:09:35+02:00,[37],[0]
2026-03-30T06:29:35+02:00,[37],[0]
2026-03-30T06:39:35+02:00,[37],[0]
2026-03-30T06:49:35+02:00,[37],[0]
2026-03-30T06:59:35+02:00,[37],[0]
2026-03-30T07:09:35+02:00,[37],[0]
2026-03-30T07:19:36+02:00,[38],[0]
2026-03-30T07:29:35+02:00,[37],[0]
2026-03-30T07:39:36+02:00,[37],[0]
2026-03-30T07:49:35+02:00,[37],[0]
2026-03-30T07:59:35+02:00,[38],[0]
2026-03-28T07:39:35+01:00,[37],[0]
2026-03-28T07:49:35+01:00,[37],[0]
2026-03-28T07:59:35+01:00,[37],[0]
2026-03-28T08:09:35+01:00,[37],[0]
2026-03-28T08:19:36+01:00,[38],[0]
2026-03-28T08:29:35+01:00,[37],[0]
2026-03-28T08:39:35+01:00,[37],[0]
2026-03-28T08:49:35+01:00,[37],[0]
2026-03-28T08:59:35+01:00,[37],[0]
2026-03-28T09:09:35+01:00,[37],[0]
2026-03-28T09:19:36+01:00,[38],[0]
2026-03-28T09:29:35+01:00,[37],[0]
2026-03-28T09:39:35+01:00,[37],[0]
2026-03-28T09:49:35+01:00,[37],[0]
2026-03-28T09:59:35+01:00,[37],[0]
2026-03-28T10:09:35+01:00,[37],[0]
2026-03-28T10:19:35+01:00,[37],[0]
2026-03-28T10:29:35+01:00,[37],[0]
2026-03-28T10:39:35+01:00,[37],[0]
2026-03-28T10:49:35+01:00,[38],[0]
2026-03-28T10:59:35+01:00,[37],[0]
2026-03-28T11:09:36+01:00,[37],[0]
2026-03-28T11:19:35+01:00,[37],[0]
2026-03-28T11:29:35+01:00,[37],[0]
2026-03-28T11:39:35+01:00,[37],[0]
2026-03-28T11:49:35+01:00,[37],[0]
2026-03-28T11:59:35+01:00,[37],[0]
2026-03-28T12:09:36+01:00,[38],[0]
2026-03-28T12:29:35+01:00,[37],[0]
2026-03-28T12:39:34+01:00,[37],[0]
2026-03-28T12:49:35+01:00,[37],[0]
2026-03-28T12:59:35+01:00,[37],[0]
2026-03-28T13:09:35+01:00,[37],[0]
2026-03-28T13:19:36+01:00,[38],[0]
2026-03-28T13:29:35+01:00,[37],[0]
2026-03-28T13:39:35+01:00,[37],[0]
2026-03-28T13:49:35+01:00,[38],[0]
2026-03-28T13:59:35+01:00,[37],[0]
2026-03-28T14:09:36+01:00,[38],[0]
2026-03-28T14:19:35+01:00,[37],[0]
2026-03-28T14:29:34+01:00,[37],[0]
2026-03-28T14:39:36+01:00,[38],[0]
2026-03-28T14:49:35+01:00,[37],[0]
2026-03-28T14:59:35+01:00,[37],[0]
2026-03-28T15:09:35+01:00,[37],[0]
2026-03-28T17:00:00+01:00,[60],[0]
2026-03-29T00:59:34+01:00,[37],[0]
2026-03-29T01:09:35+01:00,[37],[0]
2026-03-29T01:15:37+01:00,[38],[0]
2026-03-29T01:20:19+01:00,[37],[0]
2026-03-29T01:29:35+01:00,[37],[0]
2026-03-29T01:39:35+01:00,[37],[0]
2026-03-29T01:49:35+01:00,[37],[0]
2026-03-29T01:59:35+01:00,[37],[0]
2026-03-29T03:09:35+02:00,[37],[0]
2026-03-29T03:19:35+02:00,[37],[0]
2026-03-29T03:29:35+02:00,[37],[0]
2026-03-29T03:39:35+02:00,[38],[0]
2026-03-29T03:59:35+02:00,[37],[0]
2026-03-29T04:09:36+02:00,[38],[0]
2026-03-29T04:19:36+02:00,[38],[0]
2026-03-29T04:29:34+02:00,[37],[0]
2026-03-29T04:49:36+02:00,[38],[0]
2026-03-29T04:59:34+02:00,[37],[0]
2026-03-29T05:09:36+02:00,[38],[0]
2026-03-29T05:19:35+02:00,[38],[0]
2026-03-29T05:29:34+02:00,[37],[0]
2026-03-29T05:39:36+02:00,[38],[0]
2026-03-29T05:49:35+02:00,[37],[0]
2026-03-29T05:59:35+02:00,[37],[0]
2026-03-29T06:09:35+02:00,[37],[0]
2026-03-29T06:19:35+02:00,[37],[0]
2026-03-29T06:29:36+02:00,[38],[0]
2026-03-29T06:39:35+02:00,[37],[0]
2026-03-29T06:49:35+02:00,[37],[0]
2026-03-29T06:59:35+02:00,[37],[0]
2026-03-29T07:09:35+02:00,[37],[0]
2026-03-29T07:19:35+02:00,[37],[0]
2026-03-29T07:29:35+02:00,[37],[0]
2026-03-29T07:39:35+02:00,[37],[0]
2026-03-29T07:49:35+02:00,[37],[0]
2026-03-29T07:59:34+02:00,[37],[0]
2026-03-27T07:49:38+01:00,[37],[0]
2026-03-27T07:59:38+01:00,[37],[0]
2026-03-27T08:09:40+01:00,[37],[0]
2026-03-27T08:19:38+01:00,[37],[0]
2026-03-27T08:29:39+01:00,[37],[0]
2026-03-27T08:39:37+01:00,[37],[0]
2026-03-27T08:49:38+01:00,[37],[0]
2026-03-27T09:09:39+01:00,[37],[0]
2026-03-27T09:19:38+01:00,[37],[0]
2026-03-27T09:29:39+01:00,[37],[0]
2026-03-27T09:39:37+01:00,[37],[0]
2026-03-27T09:49:38+01:00,[37],[0]
2026-03-27T09:59:39+01:00,[38],[0]
2026-03-27T10:09:38+01:00,[37],[0]
2026-03-27T10:19:39+01:00,[37],[0]
2026-03-27T10:29:38+01:00,[38],[0]
2026-03-27T10:39:38+01:00,[37],[0]
2026-03-27T10:49:38+01:00,[37],[0]
2026-03-27T10:59:38+01:00,[37],[0]
2026-03-27T11:19:39+01:00,[37],[0]
2026-03-27T11:29:38+01:00,[37],[0]
2026-03-27T11:39:39+01:00,[38],[0]
2026-03-27T11:49:38+01:00,[37],[0]
2026-03-27T11:59:38+01:00,[37],[0]
2026-03-27T12:09:38+01:00,[37],[0]
2026-03-27T12:19:38+01:00,[37],[0]
2026-03-27T12:29:39+01:00,[37],[0]
2026-03-27T12:39:38+01:00,[37],[0]
2026-03-27T12:49:39+01:00,[38],[0]
2026-03-27T12:59:38+01:00,[37],[0]
2026-03-27T13:09:38+01:00,[37],[0]
2026-03-27T13:19:38+01:00,[37],[0]
2026-03-27T13:29:39+01:00,[37],[0]
2026-03-27T13:39:38+01:00,[38],[0]
2026-03-27T13:49:39+01:00,[38],[0]
2026-03-27T13:59:39+01:00,[37],[0]
2026-03-27T14:09:38+01:00,[37],[0]
2026-03-27T14:19:38+01:00,[38],[0]
2026-03-27T14:29:38+01:00,[37],[0]
2026-03-27T14:39:38+01:00,[37],[0]
2026-03-27T14:49:38+01:00,[37],[0]
2026-03-27T14:59:39+01:00,[38],[0]
2026-03-27T15:09:39+01:00,[38],[0]
2026-03-27T15:19:39+01:00,[38],[0]
2026-03-27T15:29:38+01:00,[37],[0]
2026-03-27T15:39:38+01:00,[37],[0]
2026-03-27T17:00:00+01:00,[60],[0]
2026-03-28T01:19:37+01:00,[37],[0]
2026-03-28T01:29:37+01:00,[37],[0]
2026-03-28T01:39:38+01:00,[37],[0]
2026-03-28T01:49:39+01:00,[38],[0]
2026-03-28T02:09:39+01:00,[38],[0]
2026-03-28T02:19:38+01:00,[37],[0]
2026-03-28T02:29:38+01:00,[37],[0]
2026-03-28T02:39:39+01:00,[37],[0]
2026-03-28T02:49:38+01:00,[38],[0]
2026-03-28T02:59:38+01:00,[37],[0]
2026-03-28T03:09:38+01:00,[37],[0]
2026-03-28T03:19:39+01:00,[38],[0]
2026-03-28T03:29:38+01:00,[37],[0]
2026-03-28T03:39:35+01:00,[37],[0]
2026-03-28T03:49:35+01:00,[37],[0]
2026-03-28T03:59:35+01:00,[37],[0]
2026-03-28T04:09:34+01:00,[37],[0]
2026-03-28T04:19:35+01:00,[37],[0]
2026-03-28T04:29:35+01:00,[37],[0]
2026-03-28T04:39:35+01:00,[37],[0]
2026-03-28T04:49:36+01:00,[38],[0]
2026-03-28T04:59:35+01:00,[37],[0]
2026-03-28T05:09:35+01:00,[37],[0]
2026-03-28T05:19:35+01:00,[38],[0]
2026-03-28T05:29:35+01:00,[37],[0]
2026-03-28T05:39:35+01:00,[37],[0]
2026-03-28T05:49:35+01:00,[37],[0]
2026-03-28T05:59:35+01:00,[37],[0]
2026-03-28T06:09:35+01:00,[37],[0]
2026-03-28T06:19:35+01:00,[37],[0]
2026-03-28T06:29:36+01:00,[38],[0]
2026-03-28T06:39:36+01:00,[37],[0]
2026-03-28T06:49:35+01:00,[37],[0]
2026-03-28T06:59:36+01:00,[38],[0]
2026-03-28T07:09:35+01:00,[37],[0]
2026-03-28T07:19:36+01:00,[38],[0]
2026-03-28T07:29:36+01:00,[38],[0]
2026-03-26T08:29:38+01:00,[37],[0]
2026-03-26T08:39:38+01:00,[37],[0]
2026-03-26T08:49:38+01:00,[37],[0]
2026-03-26T08:59:38+01:00,[37],[0]
2026-03-26T09:09:38+01:00,[37],[0]
2026-03-26T09:19:38+01:00,[37],[0]
2026-03-26T09:29:38+01:00,[37],[0]
2026-03-26T09:39:39+01:00,[38],[0]
2026-03-26T09:49:39+01:00,[38],[0]
2026-03-26T09:59:38+01:00,[37],[0]
2026-03-26T10:09:38+01:00,[37],[0]
2026-03-26T10:19:37+01:00,[37],[0]
2026-03-26T10:29:38+01:00,[37],[0]
2026-03-26T10:39:39+01:00,[37],[0]
2026-03-26T10:49:38+01:00,[37],[0]
2026-03-26T10:59:37+01:00,[37],[0]
2026-03-26T11:09:38+01:00,[37],[0]
2026-03-26T11:19:38+01:00,[37],[0]
2026-03-26T11:39:38+01:00,[37],[0]
2026-03-26T11:49:39+01:00,[38],[0]
2026-03-26T11:59:38+01:00,[37],[0]
2026-03-26T12:09:39+01:00,[38],[0]
2026-03-26T12:19:39+01:00,[37],[0]
2026-03-26T12:29:38+01:00,[37],[0]
2026-03-26T12:39:38+01:00,[37],[0]
2026-03-26T12:49:38+01:00,[37],[0]
2026-03-26T12:59:39+01:00,[38],[0]
2026-03-26T13:09:38+01:00,[37],[0]
2026-03-26T13:19:38+01:00,[37],[0]
2026-03-26T13:29:38+01:00,[37],[0]
2026-03-26T13:39:38+01:00,[37],[0]
2026-03-26T13:49:38+01:00,[37],[0]
2026-03-26T13:59:38+01:00,[37],[0]
2026-03-26T14:09:38+01:00,[37],[0]
2026-03-26T14:19:38+01:00,[37],[0]
2026-03-26T14:29:38+01:00,[37],[0]
2026-03-26T14:39:39+01:00,[37],[0]
2026-03-26T14:49:38+01:00,[37],[0]
2026-03-26T14:59:38+01:00,[37],[0]
2026-03-26T15:09:38+01:00,[37],[0]
2026-03-26T15:19:38+01:00,[37],[0]
2026-03-26T15:29:38+01:00,[37],[0]
2026-03-26T17:00:00+01:00,[60],[0]
2026-03-26T17:38:15+01:00,[1],[0]
2026-03-26T17:38:45+01:00,"[30,17,30,30,30,30,22,30,30,34,30,18,30,30,30,14,30,8,30,30,30,20,30,3,26,30,30,30,26,30,30,30,30,22,30,30,30,30,22,30,30,30,30,23,30,30,30,30,17,5,21,6,30,30,30,25,30,30,30,30,22,30,30,30,30,23,30,30,30,30,22,9,30,30,30,30,13,30,30,30,30,22,14,30,30,30,14,25,21,46,30,30,15,24,2,19,30,30,30,7,30,30,30,30,10,12,10,30,20,30,21,30]","[0,0,0,0,0,0,0,0,0,0,0,0,0,0,0,0,0,0,0,0,0,0,0,0,0,0,0,0,0,0,0,0,0,0,0,0,0,0,0,0,0,0,0,0,0,0,0,0,0,0,0,0,0,0,0,0,0,0,0,0,0,0,0,0,0,0,0,0,0,0,0,0,0,0,0,0,0,0,0,0,0,0,0,0,0,0,0,0,0,0,0,0,0,0,0,0,0,0,0,0,0,0,0,0,0,0,0,0,0,0,0,0]"
2026-03-26T18:26:56+01:00,"[30,12,30,30]","[0,0,0,0]"
2026-03-26T18:28:08+01:00,[30],[0]
2026-03-26T23:49:39+01:00,[38],[0]
2026-03-26T23:59:38+01:00,[37],[0]
2026-03-27T00:09:38+01:00,[37],[0]
2026-03-27T00:19:39+01:00,[37],[0]
2026-03-27T00:29:39+01:00,[37],[0]
2026-03-27T00:39:38+01:00,[37],[0]
2026-03-27T00:49:39+01:00,[38],[0]
2026-03-27T00:59:38+01:00,[37],[0]
2026-03-27T01:19:39+01:00,[38],[0]
2026-03-27T01:29:38+01:00,[37],[0]
2026-03-27T01:39:38+01:00,[37],[0]
2026-03-27T01:49:38+01:00,[37],[0]
2026-03-27T01:59:38+01:00,[37],[0]
2026-03-27T02:09:38+01:00,[37],[0]
2026-03-27T02:19:39+01:00,[38],[0]
2026-03-27T02:29:39+01:00,[38],[0]
2026-03-27T02:39:39+01:00,[38],[0]
2026-03-27T02:49:38+01:00,[37],[0]
2026-03-27T02:59:38+01:00,[37],[0]
2026-03-27T03:09:38+01:00,[37],[0]
2026-03-27T03:19:38+01:00,[37],[0]
2026-03-27T03:29:38+01:00,[37],[0]
2026-03-27T03:39:38+01:00,[37],[0]
2026-03-27T03:49:39+01:00,[38],[0]
2026-03-27T03:59:38+01:00,[37],[0]
2026-03-27T04:09:38+01:00,[37],[0]
2026-03-27T04:19:38+01:00,[37],[0]
2026-03-27T04:29:39+01:00,[38],[0]
2026-03-27T04:39:38+01:00,[38],[0]
2026-03-27T04:49:38+01:00,[37],[0]
2026-03-27T04:59:37+01:00,[37],[0]
2026-03-27T05:09:38+01:00,[37],[0]
2026-03-27T05:19:38+01:00,[37],[0]
2026-03-27T05:29:38+01:00,[37],[0]
2026-03-27T05:39:38+01:00,[37],[0]
2026-03-27T05:49:38+01:00,[37],[0]
2026-03-27T05:59:39+01:00,[38],[0]
2026-03-27T06:09:38+01:00,[37],[0]
2026-03-27T06:19:38+01:00,[37],[0]
2026-03-27T06:29:38+01:00,[37],[0]
2026-03-27T06:39:39+01:00,[38],[0]
2026-03-27T06:49:38+01:00,[37],[0]
2026-03-27T06:59:38+01:00,[37],[0]
2026-03-27T07:09:38+01:00,[38],[0]
2026-03-27T07:19:38+01:00,[37],[0]
2026-03-27T07:29:38+01:00,[37],[0]
2026-03-27T07:39:38+01:00,[38],[0]
2026-03-25T08:19:38+01:00,[37],[0]
2026-03-25T08:29:38+01:00,[38],[0]
2026-03-25T08:39:38+01:00,[37],[0]
2026-03-25T08:49:38+01:00,[37],[0]
2026-03-25T08:59:38+01:00,[37],[0]
2026-03-25T09:09:38+01:00,[37],[0]
2026-03-25T09:19:38+01:00,[37],[0]
2026-03-25T09:29:39+01:00,[37],[0]
2026-03-25T09:39:38+01:00,[37],[0]
2026-03-25T09:49:39+01:00,[38],[0]
2026-03-25T09:59:37+01:00,[37],[0]
2026-03-25T10:09:38+01:00,[37],[0]
2026-03-25T10:29:38+01:00,[37],[0]
2026-03-25T10:49:38+01:00,[37],[0]
2026-03-25T10:59:39+01:00,[38],[0]
2026-03-25T11:09:39+01:00,[38],[0]
2026-03-25T11:19:38+01:00,[37],[0]
2026-03-25T11:29:39+01:00,[38],[0]
2026-03-25T11:39:38+01:00,[37],[0]
2026-03-25T11:49:38+01:00,[37],[0]
2026-03-25T11:59:38+01:00,[37],[0]
2026-03-25T12:09:39+01:00,[38],[0]
2026-03-25T12:19:39+01:00,[38],[0]
2026-03-25T12:29:38+01:00,[37],[0]
2026-03-25T12:39:38+01:00,[37],[0]
2026-03-25T12:49:38+01:00,[37],[0]
2026-03-25T13:19:38+01:00,[37],[0]
2026-03-25T13:29:37+01:00,[37],[0]
2026-03-25T13:39:38+01:00,[37],[0]
2026-03-25T13:49:38+01:00,[37],[0]
2026-03-25T13:59:38+01:00,[37],[0]
2026-03-25T14:09:39+01:00,[38],[0]
2026-03-25T14:19:38+01:00,[37],[0]
2026-03-25T14:29:38+01:00,[37],[0]
2026-03-25T14:39:39+01:00,[37],[0]
2026-03-25T14:49:39+01:00,[38],[0]
2026-03-25T17:00:00+01:00,[60],[0]
2026-03-26T02:09:39+01:00,[37],[0]
2026-03-26T02:19:38+01:00,[37],[0]
2026-03-26T02:29:38+01:00,[37],[0]
2026-03-26T02:39:38+01:00,[37],[0]
2026-03-26T02:49:38+01:00,[38],[0]
2026-03-26T02:59:38+01:00,[37],[0]
2026-03-26T03:09:38+01:00,[37],[0]
2026-03-26T03:19:39+01:00,[38],[0]
2026-03-26T03:29:39+01:00,[37],[0]
2026-03-26T03:39:38+01:00,[37],[0]
2026-03-26T03:49:39+01:00,[38],[0]
2026-03-26T03:59:38+01:00,[37],[0]
2026-03-26T04:09:38+01:00,[37],[0]
2026-03-26T04:19:39+01:00,[38],[0]
2026-03-26T04:29:38+01:00,[38],[0]
2026-03-26T04:39:38+01:00,[37],[0]
2026-03-26T04:49:39+01:00,[37],[0]
2026-03-26T04:59:38+01:00,[37],[0]
2026-03-26T05:09:38+01:00,[37],[0]
2026-03-26T05:19:38+01:00,[37],[0]
2026-03-26T05:29:38+01:00,[37],[0]
2026-03-26T05:49:38+01:00,[37],[0]
2026-03-26T05:59:38+01:00,[37],[0]
2026-03-26T06:19:38+01:00,[37],[0]
2026-03-26T06:29:38+01:00,[38],[0]
2026-03-26T06:39:38+01:00,[37],[0]
2026-03-26T06:49:39+01:00,[37],[0]
2026-03-26T06:59:39+01:00,[37],[0]
2026-03-26T07:09:38+01:00,[37],[0]
2026-03-26T07:19:38+01:00,[37],[0]
2026-03-26T07:29:38+01:00,[37],[0]
2026-03-26T07:39:38+01:00,[37],[0]
2026-03-26T07:49:38+01:00,[37],[0]
2026-03-26T07:59:38+01:00,[37],[0]
2026-03-26T08:09:38+01:00,[37],[0]
2026-03-26T08:19:38+01:00,[37],[0]
2026-03-24T07:09:41+01:00,[37],[0]
2026-03-24T07:19:41+01:00,[37],[0]
2026-03-24T07:29:41+01:00,[37],[0]
2026-03-24T07:39:41+01:00,[37],[0]
2026-03-24T07:49:41+01:00,[37],[0]
2026-03-24T07:59:42+01:00,[38],[0]
2026-03-24T08:09:41+01:00,[37],[0]
2026-03-24T08:19:41+01:00,[37],[0]
2026-03-24T08:29:41+01:00,[38],[0]
2026-03-24T08:39:41+01:00,[37],[0]
2026-03-24T08:49:42+01:00,[38],[0]
2026-03-24T08:59:41+01:00,[37],[0]
2026-03-24T09:09:41+01:00,[37],[0]
2026-03-24T09:19:41+01:00,[37],[0]
2026-03-24T09:29:41+01:00,[37],[0]
2026-03-24T09:39:41+01:00,[37],[0]
2026-03-24T09:59:41+01:00,[37],[0]
2026-03-24T10:19:41+01:00,[38],[0]
2026-03-24T10:29:41+01:00,[37],[0]
2026-03-24T10:59:41+01:00,[37],[0]
2026-03-24T11:19:40+01:00,[37],[0]
2026-03-24T11:29:41+01:00,[37],[0]
2026-03-24T11:39:41+01:00,[37],[0]
2026-03-24T11:49:41+01:00,[38],[0]
2026-03-24T11:59:42+01:00,[38],[0]
2026-03-24T12:09:42+01:00,[38],[0]
2026-03-24T12:19:41+01:00,[37],[0]
2026-03-24T12:29:42+01:00,[38],[0]
2026-03-24T12:39:40+01:00,[37],[0]
2026-03-24T12:49:42+01:00,[38],[0]
2026-03-24T13:09:42+01:00,[37],[0]
2026-03-24T13:19:41+01:00,[37],[0]
2026-03-24T13:39:42+01:00,[38],[0]
2026-03-24T13:49:41+01:00,[37],[0]
2026-03-24T13:59:41+01:00,[38],[0]
2026-03-24T14:09:41+01:00,[37],[0]
2026-03-24T14:19:41+01:00,[37],[0]
2026-03-24T14:59:41+01:00,[38],[0]
2026-03-24T17:00:00+01:00,[60],[0]
2026-03-24T23:39:41+01:00,[38],[0]
2026-03-24T23:59:41+01:00,[37],[0]
2026-03-25T00:09:41+01:00,[37],[0]
2026-03-25T00:19:41+01:00,[38],[0]
2026-03-25T00:29:41+01:00,[38],[0]
2026-03-25T00:39:41+01:00,[37],[0]
2026-03-25T00:49:41+01:00,[38],[0]
2026-03-25T00:59:42+01:00,[38],[0]
2026-03-25T01:09:41+01:00,[37],[0]
2026-03-25T01:19:41+01:00,[37],[0]
2026-03-25T01:29:41+01:00,[37],[0]
2026-03-25T01:39:38+01:00,[37],[0]
2026-03-25T01:49:38+01:00,[37],[0]
2026-03-25T01:59:39+01:00,[38],[0]
2026-03-25T02:09:38+01:00,[37],[0]
2026-03-25T02:19:39+01:00,[38],[0]
2026-03-25T02:29:38+01:00,[37],[0]
2026-03-25T02:39:38+01:00,[37],[0]
2026-03-25T02:49:38+01:00,[37],[0]
2026-03-25T02:59:38+01:00,[37],[0]
2026-03-25T03:09:38+01:00,[37],[0]
2026-03-25T03:19:38+01:00,[37],[0]
2026-03-25T03:29:38+01:00,[37],[0]
2026-03-25T03:39:38+01:00,[37],[0]
2026-03-25T03:49:38+01:00,[37],[0]
2026-03-25T03:59:38+01:00,[37],[0]
2026-03-25T04:09:38+01:00,[37],[0]
2026-03-25T04:19:38+01:00,[37],[0]
2026-03-25T04:29:38+01:00,[37],[0]
2026-03-25T04:39:38+01:00,[37],[0]
2026-03-25T04:49:37+01:00,[37],[0]
2026-03-25T04:59:38+01:00,[38],[0]
2026-03-25T05:09:38+01:00,[37],[0]
2026-03-25T05:19:38+01:00,[37],[0]
2026-03-25T05:29:38+01:00,[37],[0]
2026-03-25T05:39:38+01:00,[37],[0]
2026-03-25T05:49:39+01:00,[38],[0]
2026-03-25T05:59:38+01:00,[38],[0]
2026-03-25T06:09:38+01:00,[37],[0]
2026-03-25T06:19:38+01:00,[37],[0]
2026-03-25T06:29:39+01:00,[38],[0]
2026-03-25T06:39:38+01:00,[37],[0]
2026-03-25T06:49:39+01:00,[38],[0]
2026-03-25T06:59:38+01:00,[37],[0]
2026-03-25T07:09:39+01:00,[37],[0]
2026-03-25T07:19:38+01:00,[37],[0]
2026-03-25T07:29:38+01:00,[37],[0]
2026-03-25T07:39:39+01:00,[37],[0]
2026-03-25T07:49:39+01:00,[38],[0]
2026-03-25T07:59:39+01:00,[38],[0]
2026-03-25T08:09:38+01:00,[37],[0]
2026-03-23T06:49:41+01:00,[37],[0]
2026-03-23T06:59:42+01:00,[37],[0]
2026-03-23T07:09:41+01:00,[37],[0]
2026-03-23T07:19:41+01:00,[37],[0]
2026-03-23T07:29:42+01:00,[38],[0]
2026-03-23T07:39:41+01:00,[37],[0]
2026-03-23T07:49:41+01:00,[37],[0]
2026-03-23T07:59:41+01:00,[37],[0]
2026-03-23T08:09:41+01:00,[37],[0]
2026-03-23T08:19:42+01:00,[38],[0]
2026-03-23T08:29:41+01:00,[37],[0]
2026-03-23T08:39:41+01:00,[37],[0]
2026-03-23T08:49:41+01:00,[37],[0]
2026-03-23T08:59:41+01:00,[37],[0]
2026-03-23T09:09:41+01:00,[37],[0]
2026-03-23T09:19:41+01:00,[37],[0]
2026-03-23T09:29:42+01:00,[38],[0]
2026-03-23T09:39:41+01:00,[37],[0]
2026-03-23T09:49:41+01:00,[37],[0]
2026-03-23T10:09:41+01:00,[37],[0]
2026-03-23T10:29:40+01:00,[37],[0]
2026-03-23T10:49:41+01:00,[37],[0]
2026-03-23T10:59:42+01:00,[37],[0]
2026-03-23T11:09:41+01:00,[37],[0]
2026-03-23T11:19:41+01:00,[37],[0]
2026-03-23T11:29:41+01:00,[37],[0]
2026-03-23T11:39:41+01:00,[37],[0]
2026-03-23T11:49:41+01:00,[37],[0]
2026-03-23T11:59:41+01:00,[37],[0]
2026-03-23T12:09:41+01:00,[37],[0]
2026-03-23T12:19:41+01:00,[37],[0]
2026-03-23T12:29:40+01:00,[37],[0]
2026-03-23T12:39:41+01:00,[37],[0]
2026-03-23T12:49:41+01:00,[37],[0]
2026-03-23T12:59:41+01:00,[37],[0]
2026-03-23T13:09:41+01:00,[37],[0]
2026-03-23T13:19:41+01:00,[37],[0]
2026-03-23T13:29:41+01:00,[37],[0]
2026-03-23T13:39:41+01:00,[37],[0]
2026-03-23T13:49:41+01:00,[37],[0]
2026-03-23T13:59:41+01:00,[37],[0]
2026-03-23T14:09:42+01:00,[38],[0]
2026-03-23T14:19:41+01:00,[37],[0]
2026-03-23T14:29:41+01:00,[37],[0]
2026-03-23T14:39:42+01:00,[38],[0]
2026-03-23T14:49:41+01:00,[38],[0]
2026-03-23T15:09:41+01:00,[37],[0]
2026-03-23T15:19:42+01:00,[38],[0]
2026-03-23T15:29:41+01:00,[38],[0]
2026-03-23T15:39:40+01:00,[37],[0]
2026-03-23T17:00:00+01:00,[60],[0]
2026-03-23T23:49:41+01:00,[37],[0]
2026-03-23T23:59:41+01:00,[37],[0]
2026-03-24T00:09:42+01:00,[38],[0]
2026-03-24T00:19:41+01:00,[37],[0]
2026-03-24T00:29:41+01:00,[37],[0]
2026-03-24T00:39:41+01:00,[37],[0]
2026-03-24T00:49:41+01:00,[37],[0]
2026-03-24T00:59:41+01:00,[37],[0]
2026-03-24T01:09:41+01:00,[37],[0]
2026-03-24T01:19:42+01:00,[38],[0]
2026-03-24T01:29:40+01:00,[37],[0]
2026-03-24T01:39:42+01:00,[37],[0]
2026-03-24T01:49:41+01:00,[37],[0]
2026-03-24T01:59:41+01:00,[37],[0]
2026-03-24T02:09:42+01:00,[38],[0]
2026-03-24T02:19:41+01:00,[38],[0]
2026-03-24T02:29:41+01:00,[37],[0]
2026-03-24T02:39:41+01:00,[37],[0]
2026-03-24T02:49:42+01:00,[37],[0]
2026-03-24T02:59:42+01:00,[38],[0]
2026-03-24T03:09:41+01:00,[37],[0]
2026-03-24T03:19:41+01:00,[37],[0]
2026-03-24T03:29:41+01:00,[37],[0]
2026-03-24T03:39:41+01:00,[37],[0]
2026-03-24T03:49:41+01:00,[37],[0]
2026-03-24T03:59:42+01:00,[38],[0]
2026-03-24T04:09:41+01:00,[37],[0]
2026-03-24T04:19:41+01:00,[37],[0]
2026-03-24T04:29:41+01:00,[37],[0]
2026-03-24T04:39:42+01:00,[37],[0]
2026-03-24T04:49:41+01:00,[37],[0]
2026-03-24T04:59:41+01:00,[37],[0]
2026-03-24T05:09:41+01:00,[37],[0]
2026-03-24T05:19:41+01:00,[37],[0]
2026-03-24T05:29:41+01:00,[37],[0]
2026-03-24T05:39:41+01:00,[37],[0]
2026-03-24T05:49:41+01:00,[37],[0]
2026-03-24T05:59:41+01:00,[37],[0]
2026-03-24T06:09:42+01:00,[37],[0]
2026-03-24T06:19:42+01:00,[38],[0]
2026-03-24T06:29:41+01:00,[37],[0]
2026-03-24T06:39:41+01:00,[37],[0]
2026-03-24T06:49:41+01:00,[37],[0]
2026-03-24T06:59:41+01:00,[37],[0]
2026-03-22T08:09:42+01:00,[38],[0]
2026-03-22T08:19:41+01:00,[38],[0]
2026-03-22T08:29:41+01:00,[37],[0]
2026-03-22T08:39:41+01:00,[37],[0]
2026-03-22T08:49:41+01:00,[37],[0]
2026-03-22T08:59:41+01:00,[37],[0]
2026-03-22T09:09:43+01:00,[37],[0]
2026-03-22T09:19:41+01:00,[37],[0]
2026-03-22T09:29:41+01:00,[37],[0]
2026-03-22T09:49:42+01:00,[38],[0]
2026-03-22T09:59:41+01:00,[37],[0]
2026-03-22T10:09:41+01:00,[37],[0]
2026-03-22T10:19:42+01:00,[38],[0]
2026-03-22T10:29:42+01:00,[38],[0]
2026-03-22T10:39:40+01:00,[37],[0]
2026-03-22T10:49:42+01:00,[37],[0]
2026-03-22T10:59:41+01:00,[38],[0]
2026-03-22T11:09:41+01:00,[38],[0]
2026-03-22T11:19:41+01:00,[37],[0]
2026-03-22T11:29:41+01:00,[37],[0]
2026-03-22T11:39:42+01:00,[38],[0]
2026-03-22T11:49:41+01:00,[38],[0]
2026-03-22T11:59:41+01:00,[38],[0]
2026-03-22T12:09:41+01:00,[37],[0]
2026-03-22T12:19:41+01:00,[37],[0]
2026-03-22T12:29:41+01:00,[37],[0]
2026-03-22T12:39:41+01:00,[37],[0]
2026-03-22T12:59:41+01:00,[37],[0]
2026-03-22T13:09:41+01:00,[37],[0]
2026-03-22T13:19:41+01:00,[37],[0]
2026-03-22T13:29:42+01:00,[38],[0]
2026-03-22T13:39:40+01:00,[37],[0]
2026-03-22T13:49:41+01:00,[37],[0]
2026-03-22T13:59:42+01:00,[38],[0]
2026-03-22T14:09:41+01:00,[37],[0]
2026-03-22T14:19:41+01:00,[37],[0]
2026-03-22T14:29:41+01:00,[37],[0]
2026-03-22T14:39:41+01:00,[37],[0]
2026-03-22T14:49:42+01:00,[38],[0]
2026-03-22T14:59:41+01:00,[37],[0]
2026-03-22T15:09:41+01:00,[37],[0]
2026-03-22T15:19:42+01:00,[37],[0]
2026-03-22T17:00:00+01:00,[60],[0]
2026-03-23T00:39:41+01:00,[37],[0]
2026-03-23T00:49:41+01:00,[37],[0]
2026-03-23T00:59:41+01:00,[37],[0]
2026-03-23T01:09:42+01:00,[38],[0]
2026-03-23T01:19:41+01:00,[37],[0]
2026-03-23T01:29:41+01:00,[37],[0]
2026-03-23T01:39:41+01:00,[37],[0]
2026-03-23T01:49:41+01:00,[37],[0]
2026-03-23T01:59:42+01:00,[38],[0]
2026-03-23T02:09:41+01:00,[37],[0]
2026-03-23T02:19:41+01:00,[37],[0]
2026-03-23T02:29:41+01:00,[37],[0]
2026-03-23T02:39:41+01:00,[37],[0]
2026-03-23T02:49:41+01:00,[37],[0]
2026-03-23T02:59:41+01:00,[37],[0]
2026-03-23T03:19:41+01:00,[37],[0]
2026-03-23T03:29:41+01:00,[38],[0]
2026-03-23T03:39:41+01:00,[37],[0]
2026-03-23T03:49:41+01:00,[37],[0]
2026-03-23T03:59:41+01:00,[37],[0]
2026-03-23T04:09:41+01:00,[37],[0]
2026-03-23T04:29:42+01:00,[38],[0]
2026-03-23T04:39:40+01:00,[37],[0]
2026-03-23T04:49:41+01:00,[37],[0]
2026-03-23T04:59:40+01:00,[37],[0]
2026-03-23T05:09:42+01:00,[38],[0]
2026-03-23T05:19:41+01:00,[37],[0]
2026-03-23T05:29:41+01:00,[37],[0]
2026-03-23T05:39:41+01:00,[37],[0]
2026-03-23T05:49:42+01:00,[38],[0]
2026-03-23T05:59:41+01:00,[37],[0]
2026-03-23T06:09:41+01:00,[37],[0]
2026-03-23T06:19:42+01:00,[37],[0]
2026-03-23T06:29:42+01:00,[37],[0]
2026-03-21T06:39:44+01:00,[38],[0]
2026-03-21T06:59:44+01:00,[37],[0]
2026-03-21T07:09:44+01:00,[37],[0]
2026-03-21T07:19:44+01:00,[37],[0]
2026-03-21T07:30:15+01:00,[37],[0]
2026-03-21T07:49:44+01:00,[37],[0]
2026-03-21T07:59:44+01:00,[37],[0]
2026-03-21T08:09:44+01:00,[37],[0]
2026-03-21T08:19:44+01:00,[37],[0]
2026-03-21T08:29:44+01:00,[37],[0]
2026-03-21T08:39:45+01:00,[38],[0]
2026-03-21T08:49:45+01:00,[38],[0]
2026-03-21T08:59:45+01:00,[38],[0]
2026-03-21T09:09:45+01:00,[38],[0]
2026-03-21T09:19:44+01:00,[38],[0]
2026-03-21T09:29:44+01:00,[37],[0]
2026-03-21T09:39:43+01:00,[37],[0]
2026-03-21T09:49:44+01:00,[37],[0]
2026-03-21T10:09:44+01:00,[37],[0]
2026-03-21T10:19:44+01:00,[37],[0]
2026-03-21T10:29:44+01:00,[37],[0]
2026-03-21T10:39:44+01:00,[37],[0]
2026-03-21T11:09:45+01:00,[38],[0]
2026-03-21T11:19:44+01:00,[37],[0]
2026-03-21T11:29:44+01:00,[37],[0]
2026-03-21T11:39:44+01:00,[37],[0]
2026-03-21T11:49:44+01:00,[37],[0]
2026-03-21T12:09:45+01:00,[38],[0]
2026-03-21T12:19:44+01:00,[37],[0]
2026-03-21T12:29:44+01:00,[37],[0]
2026-03-21T12:39:44+01:00,[37],[0]
2026-03-21T12:49:44+01:00,[37],[0]
2026-03-21T12:59:44+01:00,[37],[0]
2026-03-21T13:09:44+01:00,[37],[0]
2026-03-21T13:18:31+01:00,[37],[0]
2026-03-21T13:19:43+01:00,[37],[0]
2026-03-21T13:29:45+01:00,[38],[0]
2026-03-21T13:39:44+01:00,[37],[0]
2026-03-21T13:49:44+01:00,[37],[0]
2026-03-21T13:59:44+01:00,[37],[0]
2026-03-21T14:09:44+01:00,[38],[0]
2026-03-21T14:19:43+01:00,[37],[0]
2026-03-21T14:29:44+01:00,[37],[0]
2026-03-21T14:39:44+01:00,[37],[0]
2026-03-21T14:49:44+01:00,[37],[0]
2026-03-21T14:59:44+01:00,[37],[0]
2026-03-21T15:09:44+01:00,[37],[0]
2026-03-21T15:19:44+01:00,[37],[0]
2026-03-21T15:29:44+01:00,[37],[0]
2026-03-21T15:49:44+01:00,[37],[0]
2026-03-21T15:59:45+01:00,[38],[0]
2026-03-21T16:09:44+01:00,[37],[0]
2026-03-21T16:19:44+01:00,[37],[0]
2026-03-21T16:29:44+01:00,[37],[0]
2026-03-21T16:39:44+01:00,[37],[0]
2026-03-21T16:59:44+01:00,[37],[0]
2026-03-21T17:09:44+01:00,[37],[0]
2026-03-21T17:00:00+01:00,[60],[0]
2026-03-22T05:49:41+01:00,[37],[0]
2026-03-22T05:59:41+01:00,[37],[0]
2026-03-22T06:09:42+01:00,[38],[0]
2026-03-22T06:19:41+01:00,[37],[0]
2026-03-22T06:29:41+01:00,[37],[0]
2026-03-22T06:39:41+01:00,[37],[0]
2026-03-22T06:49:42+01:00,[38],[0]
2026-03-22T06:59:42+01:00,[38],[0]
2026-03-22T07:09:42+01:00,[38],[0]
2026-03-22T07:19:41+01:00,[38],[0]
2026-03-22T07:29:41+01:00,[37],[0]
2026-03-22T07:39:41+01:00,[38],[0]
2026-03-22T07:49:41+01:00,[37],[0]
2026-03-22T07:59:42+01:00,[38],[0]
2026-03-20T08:39:44+01:00,[37],[0]
2026-03-20T09:09:43+01:00,[37],[0]
2026-03-20T09:19:45+01:00,[38],[0]
2026-03-20T09:29:43+01:00,[37],[0]
2026-03-20T09:39:44+01:00,[37],[0]
2026-03-20T09:49:45+01:00,[38],[0]
2026-03-20T09:59:44+01:00,[38],[0]
2026-03-20T10:09:44+01:00,[37],[0]
2026-03-20T10:19:44+01:00,[37],[0]
2026-03-20T10:30:21+01:00,[38],[0]
2026-03-20T10:39:44+01:00,[37],[0]
2026-03-20T10:49:44+01:00,[37],[0]
2026-03-20T10:59:44+01:00,[37],[0]
2026-03-20T11:09:44+01:00,[37],[0]
2026-03-20T11:19:44+01:00,[38],[0]
2026-03-20T11:29:44+01:00,[37],[0]
2026-03-20T11:40:28+01:00,[37],[0]
2026-03-20T11:49:44+01:00,[37],[0]
2026-03-20T11:59:45+01:00,[38],[0]
2026-03-20T12:09:44+01:00,[37],[0]
2026-03-20T12:19:45+01:00,[38],[0]
2026-03-20T12:29:44+01:00,[37],[0]
2026-03-20T12:39:45+01:00,[38],[0]
2026-03-20T12:49:44+01:00,[37],[0]
2026-03-20T12:59:44+01:00,[38],[0]
2026-03-20T13:09:44+01:00,[37],[0]
2026-03-20T13:19:44+01:00,[37],[0]
2026-03-20T13:29:44+01:00,[37],[0]
2026-03-20T13:39:44+01:00,[37],[0]
2026-03-20T13:49:44+01:00,[37],[0]
2026-03-20T13:59:44+01:00,[37],[0]
2026-03-20T14:09:44+01:00,[37],[0]
2026-03-20T14:19:44+01:00,[37],[0]
2026-03-20T14:29:44+01:00,[37],[0]
2026-03-20T14:39:44+01:00,[37],[0]
2026-03-20T14:49:44+01:00,[37],[0]
2026-03-20T14:59:45+01:00,[38],[0]
2026-03-20T15:09:44+01:00,[37],[0]
2026-03-20T15:19:44+01:00,[37],[0]
2026-03-20T15:29:44+01:00,[37],[0]
2026-03-20T15:39:44+01:00,[37],[0]
2026-03-20T15:49:45+01:00,[38],[0]
2026-03-20T15:59:45+01:00,[38],[0]
2026-03-20T16:09:44+01:00,[37],[0]
2026-03-20T16:19:44+01:00,[37],[0]
2026-03-20T16:29:44+01:00,[37],[0]
2026-03-20T16:39:44+01:00,[37],[0]
2026-03-20T16:49:44+01:00,[37],[0]
2026-03-20T17:09:48+01:00,[37],[0]
2026-03-20T17:19:57+01:00,[37],[0]
2026-03-20T17:29:53+01:00,[37],[0]
2026-03-20T17:00:00+01:00,[60],[0]
2026-03-20T17:39:54+01:00,[37],[0]
2026-03-20T17:50:00+01:00,[37],[0]
2026-03-20T17:59:55+01:00,[37],[0]
2026-03-20T18:09:46+01:00,[37],[0]
2026-03-20T18:19:45+01:00,[37],[0]
2026-03-20T18:29:50+01:00,[38],[0]
2026-03-20T18:40:08+01:00,[37],[0]
2026-03-20T18:50:29+01:00,[38],[0]
2026-03-21T01:59:44+01:00,[37],[0]
2026-03-21T02:09:44+01:00,[37],[0]
2026-03-21T02:19:44+01:00,[37],[0]
2026-03-21T02:29:44+01:00,[37],[0]
2026-03-21T02:39:45+01:00,[38],[0]
2026-03-21T02:49:43+01:00,[37],[0]
2026-03-21T02:59:44+01:00,[38],[0]
2026-03-21T03:09:44+01:00,[38],[0]
2026-03-21T03:19:44+01:00,[37],[0]
2026-03-21T03:29:44+01:00,[37],[0]
2026-03-21T03:39:44+01:00,[37],[0]
2026-03-21T03:49:44+01:00,[37],[0]
2026-03-21T03:59:45+01:00,[38],[0]
2026-03-21T04:09:44+01:00,[37],[0]
2026-03-21T04:29:44+01:00,[37],[0]
2026-03-21T04:39:44+01:00,[37],[0]
2026-03-21T04:49:44+01:00,[37],[0]
2026-03-21T04:59:45+01:00,[38],[0]
2026-03-21T05:09:45+01:00,[38],[0]
2026-03-21T05:18:22+01:00,[37],[0]
2026-03-21T05:29:43+01:00,[37],[0]
2026-03-21T05:39:44+01:00,[37],[0]
2026-03-21T05:49:44+01:00,[37],[0]
2026-03-21T05:59:45+01:00,[38],[0]
2026-03-21T06:09:44+01:00,[37],[0]
2026-03-21T06:19:45+01:00,[38],[0]
2026-03-21T06:29:44+01:00,[37],[0]
2026-03-19T07:09:44+01:00,[37],[0]
2026-03-19T07:19:44+01:00,[37],[0]
2026-03-19T07:29:44+01:00,[37],[0]
2026-03-19T07:39:44+01:00,[37],[0]
2026-03-19T07:49:44+01:00,[37],[0]
2026-03-19T07:59:45+01:00,[38],[0]
2026-03-19T08:09:44+01:00,[37],[0]
2026-03-19T08:19:44+01:00,[37],[0]
2026-03-19T08:39:44+01:00,[37],[0]
2026-03-19T08:49:44+01:00,[37],[0]
2026-03-19T08:59:44+01:00,[37],[0]
2026-03-19T09:09:44+01:00,[37],[0]
2026-03-19T09:19:44+01:00,[37],[0]
2026-03-19T09:29:44+01:00,[37],[0]
2026-03-19T09:39:45+01:00,[38],[0]
2026-03-19T09:49:44+01:00,[37],[0]
2026-03-19T09:59:45+01:00,[38],[0]
2026-03-19T10:09:44+01:00,[37],[0]
2026-03-19T10:19:44+01:00,[37],[0]
2026-03-19T10:29:43+01:00,[37],[0]
2026-03-19T10:39:44+01:00,[37],[0]
2026-03-19T10:49:44+01:00,[37],[0]
2026-03-19T10:59:44+01:00,[37],[0]
2026-03-19T11:09:44+01:00,[37],[0]
2026-03-19T11:19:44+01:00,[37],[0]
2026-03-19T11:29:45+01:00,[38],[0]
2026-03-19T11:59:44+01:00,[37],[0]
2026-03-19T12:09:44+01:00,[37],[0]
2026-03-19T12:19:44+01:00,[37],[0]
2026-03-19T12:29:44+01:00,[38],[0]
2026-03-19T12:39:44+01:00,[37],[0]
2026-03-19T12:59:44+01:00,[37],[0]
2026-03-19T13:09:44+01:00,[37],[0]
2026-03-19T13:19:44+01:00,[37],[0]
2026-03-19T13:29:44+01:00,[37],[0]
2026-03-19T13:39:45+01:00,[38],[0]
2026-03-19T13:49:44+01:00,[37],[0]
2026-03-19T13:59:44+01:00,[37],[0]
2026-03-19T14:09:45+01:00,[38],[0]
2026-03-19T14:19:44+01:00,[37],[0]
2026-03-19T14:29:44+01:00,[37],[0]
2026-03-19T14:39:44+01:00,[37],[0]
2026-03-19T14:49:44+01:00,[37],[0]
2026-03-19T14:59:44+01:00,[37],[0]
2026-03-19T15:09:44+01:00,[38],[0]
2026-03-19T15:19:44+01:00,[37],[0]
2026-03-19T15:29:44+01:00,[37],[0]
2026-03-19T15:39:44+01:00,[37],[0]
2026-03-19T15:49:43+01:00,[37],[0]
2026-03-19T17:00:00+01:00,[60],[0]
2026-03-18T07:09:47+01:00,[37],[0]
2026-03-18T07:19:48+01:00,[37],[0]
2026-03-18T07:29:48+01:00,[37],[0]
2026-03-18T07:39:47+01:00,[37],[0]
2026-03-18T07:49:47+01:00,[38],[0]
2026-03-18T07:59:48+01:00,[37],[0]
2026-03-18T08:09:47+01:00,[37],[0]
2026-03-18T08:19:47+01:00,[37],[0]
2026-03-18T08:29:48+01:00,[37],[0]
2026-03-18T08:39:47+01:00,[37],[0]
2026-03-18T08:49:47+01:00,[37],[0]
2026-03-18T08:59:47+01:00,[37],[0]
2026-03-18T09:19:47+01:00,[37],[0]
2026-03-18T09:49:47+01:00,[37],[0]
2026-03-18T09:59:47+01:00,[37],[0]
2026-03-18T10:29:48+01:00,[38],[0]
2026-03-18T10:39:47+01:00,[38],[0]
2026-03-18T10:59:47+01:00,[37],[0]
2026-03-18T11:09:46+01:00,[37],[0]
2026-03-18T11:29:46+01:00,[37],[0]
2026-03-18T11:39:48+01:00,[38],[0]
2026-03-18T11:49:48+01:00,[38],[0]
2026-03-18T11:59:47+01:00,[37],[0]
2026-03-18T12:09:47+01:00,[37],[0]
2026-03-18T12:19:47+01:00,[37],[0]
2026-03-18T12:29:47+01:00,[38],[0]
2026-03-18T12:39:47+01:00,[37],[0]
2026-03-18T12:49:48+01:00,[38],[0]
2026-03-18T12:59:48+01:00,[38],[0]
2026-03-18T13:08:11+01:00,[1],[0]
2026-03-18T13:08:41+01:00,"[30,12,30,30,30,30,23,30,30,30,30,22,30,30,30,30,22,30,30,30,30,28,30,30,5,30,30,17,30,30,30,30,28,30,30,30,30,27,24]","[0,0,0,0,0,0,0,0,0,0,0,0,0,0,0,0,0,0,0,0,0,0,0,0,0,0,0,0,0,0,0,0,0,0,0,0,0,0,0]"
2026-03-18T13:27:46+01:00,[37],[0]
2026-03-18T13:29:47+01:00,[37],[0]
2026-03-18T13:39:47+01:00,[37],[0]
2026-03-18T13:49:47+01:00,[37],[0]
2026-03-18T13:59:47+01:00,[37],[0]
2026-03-18T14:09:47+01:00,[37],[0]
2026-03-18T14:19:47+01:00,[37],[0]
2026-03-18T14:21:14+01:00,[1],[0]
2026-03-18T14:21:38+01:00,"[30,30,30,30,30,4,30,30,30,30,22,30,30,30,30,24,30,30,30,30,26,30,30,30,30,22,30,30,30,30,28,30,30,30,30,21,30,30,30,30,23,30,30,28,30,27,25,31,30,30,23,30,21,40,30,21,30,30,30,30,7,3,13,30,30,30,30,22,30,30,30,30,23,30,30,30,30,22]","[0,0,0,0,0,0,0,0,0,0,0,0,0,0,0,0,0,0,0,0,0,0,0,0,0,0,0,0,0,0,0,0,0,0,0,0,0,0,0,0,0,0,0,0,0,0,0,0,0,0,0,0,0,0,0,0,0,0,0,0,0,0,0,0,0,0,0,0,0,0,0,0,0,0,0,0,0,0]"
2026-03-18T14:58:46+01:00,[37],[0]
2026-03-18T13:26:15+01:00,[24],[0]
2026-03-18T14:57:12+01:00,[22],[0]
2026-03-18T14:59:47+01:00,[37],[0]
2026-03-18T15:09:47+01:00,[37],[0]
2026-03-18T15:19:47+01:00,[37],[0]
2026-03-18T15:29:24+01:00,[1],[0]
2026-03-18T15:29:54+01:00,"[30,30,30,21,30,30,30,30,22,30,30,30,30,22,30,30,16,30,8]","[0,0,0,0,0,0,0,0,0,0,0,0,0,0,0,0,0,0,0]"
2026-03-18T15:38:15+01:00,[8],[0]
2026-03-18T17:00:00+01:00,[60],[0]
2026-03-19T00:59:47+01:00,[37],[0]
2026-03-19T01:09:47+01:00,[37],[0]
2026-03-19T01:19:47+01:00,[37],[0]
2026-03-19T01:29:47+01:00,[37],[0]
2026-03-19T01:39:47+01:00,[37],[0]
2026-03-19T01:49:47+01:00,[37],[0]
2026-03-19T01:59:48+01:00,[37],[0]
2026-03-19T02:09:47+01:00,[37],[0]
2026-03-19T02:19:47+01:00,[37],[0]
2026-03-19T02:29:47+01:00,[37],[0]
2026-03-19T02:39:48+01:00,[38],[0]
2026-03-19T02:49:47+01:00,[37],[0]
2026-03-19T02:59:47+01:00,[37],[0]
2026-03-19T03:09:48+01:00,[37],[0]
2026-03-19T03:19:47+01:00,[37],[0]
2026-03-19T03:29:48+01:00,[37],[0]
2026-03-19T03:49:47+01:00,[37],[0]
2026-03-19T03:59:47+01:00,[37],[0]
2026-03-19T04:09:44+01:00,[37],[0]
2026-03-19T04:29:44+01:00,[37],[0]
2026-03-19T04:39:44+01:00,[37],[0]
2026-03-19T04:49:44+01:00,[37],[0]
2026-03-19T04:59:45+01:00,[38],[0]
2026-03-19T05:09:44+01:00,[37],[0]
2026-03-19T05:29:44+01:00,[37],[0]
2026-03-19T05:39:44+01:00,[37],[0]
2026-03-19T05:49:45+01:00,[38],[0]
2026-03-19T05:59:44+01:00,[37],[0]
2026-03-19T06:09:44+01:00,[37],[0]
2026-03-19T06:19:44+01:00,[37],[0]
2026-03-19T06:29:44+01:00,[37],[0]
2026-03-19T06:39:44+01:00,[37],[0]
2026-03-19T06:49:45+01:00,[38],[0]
2026-03-19T06:59:45+01:00,[38],[0]
2026-03-17T08:49:47+01:00,[37],[0]
2026-03-17T08:59:47+01:00,[37],[0]
2026-03-17T09:09:47+01:00,[37],[0]
2026-03-17T09:19:47+01:00,[37],[0]
2026-03-17T09:29:47+01:00,[37],[0]
2026-03-17T09:39:47+01:00,[37],[0]
2026-03-17T09:49:47+01:00,[37],[0]
2026-03-17T09:59:47+01:00,[37],[0]
2026-03-17T10:09:48+01:00,[38],[0]
2026-03-17T10:19:47+01:00,[37],[0]
2026-03-17T10:29:48+01:00,[37],[0]
2026-03-17T10:59:48+01:00,[37],[0]
2026-03-17T11:09:46+01:00,[37],[0]
2026-03-17T11:19:47+01:00,[37],[0]
2026-03-17T11:29:48+01:00,[38],[0]
2026-03-17T11:39:47+01:00,[37],[0]
2026-03-17T11:59:47+01:00,[38],[0]
2026-03-17T12:09:48+01:00,[38],[0]
2026-03-17T12:19:48+01:00,[38],[0]
2026-03-17T12:29:48+01:00,[37],[0]
2026-03-17T12:39:48+01:00,[38],[0]
2026-03-17T12:49:48+01:00,[38],[0]
2026-03-17T12:59:48+01:00,[38],[0]
2026-03-17T13:09:48+01:00,[38],[0]
2026-03-17T13:19:47+01:00,[37],[0]
2026-03-17T13:29:47+01:00,[37],[0]
2026-03-17T13:39:46+01:00,[37],[0]
2026-03-17T13:49:47+01:00,[37],[0]
2026-03-17T13:59:48+01:00,[38],[0]
2026-03-17T14:09:47+01:00,[38],[0]
2026-03-17T14:19:46+01:00,[37],[0]
2026-03-17T14:29:48+01:00,[38],[0]
2026-03-17T14:39:47+01:00,[37],[0]
2026-03-17T15:09:47+01:00,[37],[0]
2026-03-17T15:19:46+01:00,[37],[0]
2026-03-17T15:29:48+01:00,[38],[0]
2026-03-17T15:39:48+01:00,[37],[0]
2026-03-17T15:49:47+01:00,[37],[0]
2026-03-17T15:59:47+01:00,[37],[0]
2026-03-17T16:09:47+01:00,[37],[0]
2026-03-17T16:20:34+01:00,[37],[0]
2026-03-17T16:29:47+01:00,[37],[0]
2026-03-17T16:39:47+01:00,[37],[0]
2026-03-17T16:49:47+01:00,[37],[0]
2026-03-17T17:00:00+01:00,[60],[0]
2026-03-18T01:39:47+01:00,[37],[0]
2026-03-18T01:49:47+01:00,[37],[0]
2026-03-18T01:59:47+01:00,[37],[0]
2026-03-18T02:09:48+01:00,[38],[0]
2026-03-18T02:19:48+01:00,[37],[0]
2026-03-18T02:29:47+01:00,[37],[0]
2026-03-18T02:39:47+01:00,[37],[0]
2026-03-18T02:49:47+01:00,[38],[0]
2026-03-18T02:59:47+01:00,[38],[0]
2026-03-18T03:09:47+01:00,[37],[0]
2026-03-18T03:19:47+01:00,[37],[0]
2026-03-18T03:29:47+01:00,[37],[0]
2026-03-18T03:39:47+01:00,[37],[0]
2026-03-18T03:49:47+01:00,[37],[0]
2026-03-18T03:59:47+01:00,[37],[0]
2026-03-18T04:09:47+01:00,[37],[0]
2026-03-18T04:19:47+01:00,[37],[0]
2026-03-18T04:29:47+01:00,[37],[0]
2026-03-18T04:39:48+01:00,[37],[0]
2026-03-18T04:49:47+01:00,[37],[0]
2026-03-18T04:59:48+01:00,[38],[0]
2026-03-18T05:09:47+01:00,[37],[0]
2026-03-18T05:19:47+01:00,[38],[0]
2026-03-18T05:29:47+01:00,[37],[0]
2026-03-18T05:39:48+01:00,[37],[0]
2026-03-18T05:49:47+01:00,[37],[0]
2026-03-18T05:59:47+01:00,[37],[0]
2026-03-18T06:09:47+01:00,[37],[0]
2026-03-18T06:19:47+01:00,[37],[0]
2026-03-18T06:29:47+01:00,[37],[0]
2026-03-18T06:39:47+01:00,[37],[0]
2026-03-18T06:49:48+01:00,[37],[0]
2026-03-18T06:59:48+01:00,[37],[0]
2026-03-16T06:59:47+01:00,[37],[0]
2026-03-16T07:09:47+01:00,[37],[0]
2026-03-16T07:16:10+01:00,[37],[0]
2026-03-16T07:19:48+01:00,[37],[0]
2026-03-16T07:29:06+01:00,[37],[0]
2026-03-16T07:39:47+01:00,[37],[0]
2026-03-16T07:49:48+01:00,[37],[0]
2026-03-16T07:59:47+01:00,[37],[0]
2026-03-16T08:09:47+01:00,[37],[0]
2026-03-16T08:19:47+01:00,[37],[0]
2026-03-16T08:29:46+01:00,[37],[0]
2026-03-16T08:39:47+01:00,[37],[0]
2026-03-16T08:49:47+01:00,[37],[0]
2026-03-16T08:59:47+01:00,[37],[0]
2026-03-16T09:09:48+01:00,[37],[0]
2026-03-16T09:19:47+01:00,[37],[0]
2026-03-16T09:29:47+01:00,[37],[0]
2026-03-16T09:39:47+01:00,[37],[0]
2026-03-16T09:49:47+01:00,[37],[0]
2026-03-16T09:59:46+01:00,[37],[0]
2026-03-16T10:09:47+01:00,[37],[0]
2026-03-16T10:29:47+01:00,[37],[0]
2026-03-16T10:39:47+01:00,[37],[0]
2026-03-16T10:49:47+01:00,[37],[0]
2026-03-16T10:59:47+01:00,[37],[0]
2026-03-16T11:09:48+01:00,[38],[0]
2026-03-16T11:29:47+01:00,[37],[0]
2026-03-16T11:39:47+01:00,[37],[0]
2026-03-16T11:49:47+01:00,[37],[0]
2026-03-16T11:59:47+01:00,[37],[0]
2026-03-16T12:09:47+01:00,[37],[0]
2026-03-16T12:19:47+01:00,[37],[0]
2026-03-16T12:29:47+01:00,[37],[0]
2026-03-16T12:39:47+01:00,[37],[0]
2026-03-16T12:49:48+01:00,[38],[0]
2026-03-16T12:59:47+01:00,[38],[0]
2026-03-16T13:09:48+01:00,[37],[0]
2026-03-16T13:19:47+01:00,[38],[0]
2026-03-16T13:29:47+01:00,[37],[0]
2026-03-16T13:39:47+01:00,[37],[0]
2026-03-16T13:49:47+01:00,[37],[0]
2026-03-16T13:59:47+01:00,[37],[0]
2026-03-16T14:19:47+01:00,[37],[0]
2026-03-16T14:29:47+01:00,[37],[0]
2026-03-16T14:39:47+01:00,[37],[0]
2026-03-16T14:49:47+01:00,[38],[0]
2026-03-16T15:09:46+01:00,[37],[0]
2026-03-16T15:19:46+01:00,[37],[0]
2026-03-16T17:00:00+01:00,[60],[0]
2026-03-17T01:09:47+01:00,[37],[0]
2026-03-17T01:19:47+01:00,[37],[0]
2026-03-17T01:39:47+01:00,[38],[0]
2026-03-17T01:49:48+01:00,[38],[0]
2026-03-17T01:59:47+01:00,[37],[0]
2026-03-17T02:09:47+01:00,[37],[0]
2026-03-17T02:19:47+01:00,[37],[0]
2026-03-17T02:29:47+01:00,[37],[0]
2026-03-17T02:39:47+01:00,[37],[0]
2026-03-17T02:49:48+01:00,[37],[0]
2026-03-17T02:59:48+01:00,[38],[0]
2026-03-17T03:09:47+01:00,[37],[0]
2026-03-17T03:19:48+01:00,[37],[0]
2026-03-17T03:29:48+01:00,[38],[0]
2026-03-17T03:39:47+01:00,[37],[0]
2026-03-17T03:49:47+01:00,[37],[0]
2026-03-17T03:59:47+01:00,[37],[0]
2026-03-17T04:09:47+01:00,[37],[0]
2026-03-17T04:19:48+01:00,[38],[0]
2026-03-17T04:29:47+01:00,[37],[0]
2026-03-17T04:39:47+01:00,[37],[0]
2026-03-17T04:49:47+01:00,[37],[0]
2026-03-17T04:59:48+01:00,[38],[0]
2026-03-17T05:09:47+01:00,[37],[0]
2026-03-17T05:19:47+01:00,[37],[0]
2026-03-17T05:49:47+01:00,[37],[0]
2026-03-17T05:59:47+01:00,[37],[0]
2026-03-17T06:09:47+01:00,[37],[0]
2026-03-17T06:19:47+01:00,[37],[0]
2026-03-17T06:29:47+01:00,[37],[0]
2026-03-17T06:39:47+01:00,[37],[0]
2026-03-17T06:49:47+01:00,[37],[0]
2026-03-17T06:59:48+01:00,[38],[0]
2026-03-17T07:09:47+01:00,[37],[0]
2026-03-17T07:19:48+01:00,[37],[0]
2026-03-17T07:29:47+01:00,[38],[0]
2026-03-17T07:39:47+01:00,[37],[0]
2026-03-17T07:49:47+01:00,[37],[0]
2026-03-17T07:59:47+01:00,[37],[0]
2026-03-17T08:09:47+01:00,[37],[0]
2026-03-17T08:19:47+01:00,[38],[0]
2026-03-17T08:29:47+01:00,[37],[0]
2026-03-17T08:39:47+01:00,[37],[0]
2026-03-15T07:49:50+01:00,[37],[0]
2026-03-15T07:59:51+01:00,[38],[0]
2026-03-15T08:09:50+01:00,[37],[0]
2026-03-15T08:19:50+01:00,[37],[0]
2026-03-15T08:30:25+01:00,[38],[0]
2026-03-15T08:49:50+01:00,[37],[0]
2026-03-15T08:59:50+01:00,[37],[0]
2026-03-15T09:09:50+01:00,[37],[0]
2026-03-15T09:19:50+01:00,[37],[0]
2026-03-15T09:39:50+01:00,[37],[0]
2026-03-15T09:49:50+01:00,[37],[0]
2026-03-15T09:59:50+01:00,[37],[0]
2026-03-15T10:09:50+01:00,[37],[0]
2026-03-15T10:19:51+01:00,[37],[0]
2026-03-15T10:29:49+01:00,[37],[0]
2026-03-15T10:39:50+01:00,[37],[0]
2026-03-15T10:49:49+01:00,[37],[0]
2026-03-15T10:59:51+01:00,[37],[0]
2026-03-15T11:09:50+01:00,[37],[0]
2026-03-15T11:19:50+01:00,[37],[0]
2026-03-15T11:29:51+01:00,[38],[0]
2026-03-15T11:39:51+01:00,[38],[0]
2026-03-15T11:49:50+01:00,[37],[0]
2026-03-15T11:59:50+01:00,[37],[0]
2026-03-15T12:09:50+01:00,[37],[0]
2026-03-15T12:19:50+01:00,[37],[0]
2026-03-15T12:29:50+01:00,[37],[0]
2026-03-15T12:39:51+01:00,[37],[0]
2026-03-15T12:49:50+01:00,[37],[0]
2026-03-15T12:59:50+01:00,[37],[0]
2026-03-15T13:09:50+01:00,[37],[0]
2026-03-15T13:19:50+01:00,[37],[0]
2026-03-15T13:29:51+01:00,[38],[0]
2026-03-15T13:39:50+01:00,[37],[0]
2026-03-15T13:49:50+01:00,[37],[0]
2026-03-15T13:59:50+01:00,[37],[0]
2026-03-15T14:09:50+01:00,[37],[0]
2026-03-15T14:19:50+01:00,[37],[0]
2026-03-15T14:29:51+01:00,[38],[0]
2026-03-15T14:39:50+01:00,[37],[0]
2026-03-15T14:49:50+01:00,[37],[0]
2026-03-15T14:59:50+01:00,[37],[0]
2026-03-15T15:09:51+01:00,[38],[0]
2026-03-15T17:00:00+01:00,[60],[0]
2026-03-15T23:39:51+01:00,[37],[0]
2026-03-15T23:49:51+01:00,[38],[0]
2026-03-15T23:59:51+01:00,[38],[0]
2026-03-16T00:09:51+01:00,[37],[0]
2026-03-16T00:19:50+01:00,[37],[0]
2026-03-16T00:29:51+01:00,[37],[0]
2026-03-16T00:39:50+01:00,[37],[0]
2026-03-16T00:49:50+01:00,[37],[0]
2026-03-16T00:59:51+01:00,[38],[0]
2026-03-16T01:09:50+01:00,[37],[0]
2026-03-16T01:19:51+01:00,[38],[0]
2026-03-16T01:29:50+01:00,[37],[0]
2026-03-16T01:39:50+01:00,[37],[0]
2026-03-16T01:49:50+01:00,[37],[0]
2026-03-16T01:59:50+01:00,[37],[0]
2026-03-16T02:09:51+01:00,[38],[0]
2026-03-16T02:19:50+01:00,[37],[0]
2026-03-16T02:29:50+01:00,[37],[0]
2026-03-16T02:39:51+01:00,[37],[0]
2026-03-16T02:49:50+01:00,[37],[0]
2026-03-16T02:59:50+01:00,[37],[0]
2026-03-16T03:09:50+01:00,[37],[0]
2026-03-16T03:19:50+01:00,[37],[0]
2026-03-16T03:29:51+01:00,[38],[0]
2026-03-16T03:39:51+01:00,[38],[0]
2026-03-16T03:49:50+01:00,[37],[0]
2026-03-16T03:59:47+01:00,[37],[0]
2026-03-16T04:09:48+01:00,[38],[0]
2026-03-16T04:19:47+01:00,[37],[0]
2026-03-16T04:29:47+01:00,[37],[0]
2026-03-16T04:39:47+01:00,[37],[0]
2026-03-16T04:49:47+01:00,[37],[0]
2026-03-16T04:59:48+01:00,[38],[0]
2026-03-16T05:09:47+01:00,[37],[0]
2026-03-16T05:19:47+01:00,[37],[0]
2026-03-16T05:29:47+01:00,[37],[0]
2026-03-16T05:39:47+01:00,[37],[0]
2026-03-16T05:49:47+01:00,[37],[0]
2026-03-16T06:09:47+01:00,[37],[0]
2026-03-16T06:19:47+01:00,[37],[0]
2026-03-16T06:29:47+01:00,[37],[0]
2026-03-16T06:39:47+01:00,[37],[0]
2026-03-16T06:49:47+01:00,[37],[0]
2026-03-14T06:49:51+01:00,[38],[0]
2026-03-14T06:59:50+01:00,[37],[0]
2026-03-14T07:09:51+01:00,[38],[0]
2026-03-14T07:19:49+01:00,[37],[0]
2026-03-14T07:29:51+01:00,[38],[0]
2026-03-14T07:39:50+01:00,[37],[0]
2026-03-14T07:49:51+01:00,[38],[0]
2026-03-14T07:59:51+01:00,[38],[0]
2026-03-14T08:09:51+01:00,[38],[0]
2026-03-14T08:19:50+01:00,[37],[0]
2026-03-14T08:29:50+01:00,[37],[0]
2026-03-14T08:39:50+01:00,[37],[0]
2026-03-14T08:49:50+01:00,[37],[0]
2026-03-14T08:59:51+01:00,[38],[0]
2026-03-14T09:09:50+01:00,[37],[0]
2026-03-14T09:19:50+01:00,[37],[0]
2026-03-14T09:29:50+01:00,[37],[0]
2026-03-14T09:39:51+01:00,[38],[0]
2026-03-14T09:49:49+01:00,[37],[0]
2026-03-14T09:59:51+01:00,[38],[0]
2026-03-14T10:09:50+01:00,[37],[0]
2026-03-14T10:19:50+01:00,[37],[0]
2026-03-14T10:29:50+01:00,[37],[0]
2026-03-14T10:39:49+01:00,[37],[0]
2026-03-14T10:49:51+01:00,[38],[0]
2026-03-14T10:59:51+01:00,[37],[0]
2026-03-14T11:09:51+01:00,[38],[0]
2026-03-14T11:19:51+01:00,[37],[0]
2026-03-14T11:29:51+01:00,[37],[0]
2026-03-14T11:39:51+01:00,[38],[0]
2026-03-14T11:49:50+01:00,[37],[0]
2026-03-14T11:59:50+01:00,[37],[0]
2026-03-14T12:09:51+01:00,[37],[0]
2026-03-14T12:19:50+01:00,[37],[0]
2026-03-14T12:29:51+01:00,[37],[0]
2026-03-14T12:39:50+01:00,[37],[0]
2026-03-14T12:49:50+01:00,[37],[0]
2026-03-14T12:59:51+01:00,[2],[0]
2026-03-14T13:09:50+01:00,[37],[0]
2026-03-14T13:19:50+01:00,[37],[0]
2026-03-14T13:29:50+01:00,[37],[0]
2026-03-14T13:39:50+01:00,[37],[0]
2026-03-14T13:49:50+01:00,[37],[0]
2026-03-14T13:59:51+01:00,[38],[0]
2026-03-14T14:09:50+01:00,[37],[0]
2026-03-14T14:19:50+01:00,[37],[0]
2026-03-14T14:29:50+01:00,[37],[0]
2026-03-14T14:39:50+01:00,[37],[0]
2026-03-14T14:49:50+01:00,[38],[0]
2026-03-14T14:59:50+01:00,[38],[0]
2026-03-14T17:00:00+01:00,[60],[0]
2026-03-15T02:39:51+01:00,[38],[0]
2026-03-15T02:49:51+01:00,[38],[0]
2026-03-15T02:59:50+01:00,[37],[0]
2026-03-15T03:09:50+01:00,[37],[0]
2026-03-15T03:19:50+01:00,[37],[0]
2026-03-15T03:29:49+01:00,[37],[0]
2026-03-15T03:39:50+01:00,[37],[0]
2026-03-15T03:49:50+01:00,[37],[0]
2026-03-15T03:59:51+01:00,[38],[0]
2026-03-15T04:09:50+01:00,[37],[0]
2026-03-15T04:19:50+01:00,[37],[0]
2026-03-15T04:29:50+01:00,[37],[0]
2026-03-15T04:40:42+01:00,[38],[0]
2026-03-15T04:49:50+01:00,[37],[0]
2026-03-15T04:59:50+01:00,[37],[0]
2026-03-15T05:09:49+01:00,[37],[0]
2026-03-15T05:21:12+01:00,[37],[0]
2026-03-15T05:29:50+01:00,[37],[0]
2026-03-15T05:39:51+01:00,[38],[0]
2026-03-15T05:49:50+01:00,[37],[0]
2026-03-15T05:59:50+01:00,[37],[0]
2026-03-15T06:09:50+01:00,[37],[0]
2026-03-15T06:19:51+01:00,[38],[0]
2026-03-15T06:29:50+01:00,[37],[0]
2026-03-15T06:39:50+01:00,[37],[0]
2026-03-15T06:49:50+01:00,[37],[0]
2026-03-15T06:59:50+01:00,[37],[0]
2026-03-15T07:09:57+01:00,[13],[0]
2026-03-15T07:19:50+01:00,[37],[0]
2026-03-15T07:29:50+01:00,[37],[0]
2026-03-15T07:39:50+01:00,[37],[0]
2026-03-13T06:59:51+01:00,[38],[0]
2026-03-13T07:09:50+01:00,[37],[0]
2026-03-13T07:19:50+01:00,[37],[0]
2026-03-13T07:29:51+01:00,[38],[0]
2026-03-13T07:39:51+01:00,[38],[0]
2026-03-13T07:49:50+01:00,[37],[0]
2026-03-13T07:59:50+01:00,[37],[0]
2026-03-13T08:09:50+01:00,[37],[0]
2026-03-13T08:19:50+01:00,[37],[0]
2026-03-13T08:39:49+01:00,[37],[0]
2026-03-13T09:09:50+01:00,[38],[0]
2026-03-13T09:19:51+01:00,[38],[0]
2026-03-13T09:29:50+01:00,[37],[0]
2026-03-13T09:49:50+01:00,[37],[0]
2026-03-13T09:59:50+01:00,[37],[0]
2026-03-13T10:09:50+01:00,[37],[0]
2026-03-13T10:19:51+01:00,[38],[0]
2026-03-13T10:29:49+01:00,[37],[0]
2026-03-13T10:39:50+01:00,[37],[0]
2026-03-13T10:49:49+01:00,[37],[0]
2026-03-13T10:59:50+01:00,[37],[0]
2026-03-13T11:09:50+01:00,[37],[0]
2026-03-13T11:19:50+01:00,[37],[0]
2026-03-13T11:29:51+01:00,[38],[0]
2026-03-13T11:39:49+01:00,[37],[0]
2026-03-13T11:49:50+01:00,[37],[0]
2026-03-13T11:59:50+01:00,[37],[0]
2026-03-13T12:09:50+01:00,[37],[0]
2026-03-13T12:19:50+01:00,[37],[0]
2026-03-13T12:29:50+01:00,[37],[0]
2026-03-13T12:39:50+01:00,[37],[0]
2026-03-13T12:49:51+01:00,[37],[0]
2026-03-13T12:59:50+01:00,[37],[0]
2026-03-13T13:09:50+01:00,[37],[0]
2026-03-13T13:19:50+01:00,[37],[0]
2026-03-13T13:29:50+01:00,[37],[0]
2026-03-13T13:39:50+01:00,[37],[0]
2026-03-13T13:49:50+01:00,[37],[0]
2026-03-13T13:59:51+01:00,[38],[0]
2026-03-13T14:09:50+01:00,[37],[0]
2026-03-13T14:19:50+01:00,[37],[0]
2026-03-13T14:29:50+01:00,[37],[0]
2026-03-13T14:39:50+01:00,[37],[0]
2026-03-13T14:49:51+01:00,[37],[0]
2026-03-13T14:59:51+01:00,[38],[0]
2026-03-13T15:09:50+01:00,[37],[0]
2026-03-13T15:19:50+01:00,[37],[0]
2026-03-13T15:29:50+01:00,[37],[0]
2026-03-13T15:39:50+01:00,[37],[0]
2026-03-13T15:49:50+01:00,[37],[0]
2026-03-13T17:00:00+01:00,[60],[0]
2026-03-13T23:59:50+01:00,[38],[0]
2026-03-14T00:09:51+01:00,[38],[0]
2026-03-14T00:19:51+01:00,[37],[0]
2026-03-14T00:29:50+01:00,[37],[0]
2026-03-14T00:39:51+01:00,[37],[0]
2026-03-14T00:49:51+01:00,[37],[0]
2026-03-14T00:59:50+01:00,[37],[0]
2026-03-14T01:09:51+01:00,[37],[0]
2026-03-14T01:19:51+01:00,[38],[0]
2026-03-14T01:29:50+01:00,[37],[0]
2026-03-14T01:39:50+01:00,[37],[0]
2026-03-14T01:49:51+01:00,[38],[0]
2026-03-14T01:59:50+01:00,[37],[0]
2026-03-14T02:09:51+01:00,[38],[0]
2026-03-14T02:19:50+01:00,[37],[0]
2026-03-14T02:29:51+01:00,[37],[0]
2026-03-14T02:39:51+01:00,[38],[0]
2026-03-14T02:49:50+01:00,[37],[0]
2026-03-14T02:59:50+01:00,[37],[0]
2026-03-14T03:09:51+01:00,[38],[0]
2026-03-14T03:29:51+01:00,[38],[0]
2026-03-14T03:39:50+01:00,[37],[0]
2026-03-14T03:50:39+01:00,[37],[0]
2026-03-14T04:09:51+01:00,[38],[0]
2026-03-14T04:29:50+01:00,[37],[0]
2026-03-14T04:39:50+01:00,[37],[0]
2026-03-14T04:49:50+01:00,[37],[0]
2026-03-14T04:59:51+01:00,[37],[0]
2026-03-14T05:09:49+01:00,[37],[0]
2026-03-14T05:19:49+01:00,[37],[0]
2026-03-14T05:39:50+01:00,[37],[0]
2026-03-14T05:49:50+01:00,[37],[0]
2026-03-14T05:59:50+01:00,[37],[0]
2026-03-14T06:09:51+01:00,[38],[0]
2026-03-14T06:19:50+01:00,[38],[0]
2026-03-14T06:29:50+01:00,[37],[0]
2026-03-14T06:39:51+01:00,[38],[0]
2026-03-12T09:35:08+01:00,[37],[0]
2026-03-12T09:45:08+01:00,[37],[0]
2026-03-12T09:55:08+01:00,[37],[0]
2026-03-12T10:05:08+01:00,[37],[0]
2026-03-12T10:15:08+01:00,[37],[0]
2026-03-12T10:25:08+01:00,[37],[0]
2026-03-12T10:35:08+01:00,[37],[0]
2026-03-12T10:45:08+01:00,[37],[0]
2026-03-12T11:05:08+01:00,[37],[0]
2026-03-12T11:15:08+01:00,[37],[0]
2026-03-12T11:25:08+01:00,[38],[0]
2026-03-12T12:05:05+01:00,[37],[0]
2026-03-12T12:15:05+01:00,[37],[0]
2026-03-12T12:25:05+01:00,[37],[0]
2026-03-12T12:35:05+01:00,[37],[0]
2026-03-12T13:05:06+01:00,[38],[0]
2026-03-12T13:15:05+01:00,[37],[0]
2026-03-12T13:25:05+01:00,[37],[0]
2026-03-12T13:45:05+01:00,[37],[0]
2026-03-12T13:55:05+01:00,[37],[0]
2026-03-12T14:05:05+01:00,[37],[0]
2026-03-12T14:15:04+01:00,[37],[0]
2026-03-12T14:25:06+01:00,[38],[0]
2026-03-12T14:35:05+01:00,[37],[0]
2026-03-12T14:45:05+01:00,[37],[0]
2026-03-12T14:55:04+01:00,[37],[0]
2026-03-12T15:05:05+01:00,[38],[0]
2026-03-12T15:15:05+01:00,[37],[0]
2026-03-12T15:25:06+01:00,[37],[0]
2026-03-12T15:35:15+01:00,[37],[0]
2026-03-12T15:45:05+01:00,[38],[0]
2026-03-12T15:55:06+01:00,[38],[0]
2026-03-12T17:00:00+01:00,[60],[0]
2026-03-13T01:25:05+01:00,[37],[0]
2026-03-13T01:35:05+01:00,[37],[0]
2026-03-13T01:45:06+01:00,[38],[0]
2026-03-13T01:55:05+01:00,[37],[0]
2026-03-13T02:05:05+01:00,[37],[0]
2026-03-13T02:15:05+01:00,[37],[0]
2026-03-13T02:25:05+01:00,[37],[0]
2026-03-13T02:35:06+01:00,[38],[0]
2026-03-13T02:38:55+01:00,[37],[0]
2026-03-13T02:48:53+01:00,[38],[0]
2026-03-13T02:59:50+01:00,[37],[0]
2026-03-13T03:09:49+01:00,[37],[0]
2026-03-13T03:19:50+01:00,[37],[0]
2026-03-13T03:29:50+01:00,[37],[0]
2026-03-13T03:39:50+01:00,[37],[0]
2026-03-13T03:49:51+01:00,[38],[0]
2026-03-13T03:59:50+01:00,[37],[0]
2026-03-13T04:09:51+01:00,[37],[0]
2026-03-13T04:19:50+01:00,[37],[0]
2026-03-13T04:29:51+01:00,[37],[0]
2026-03-13T04:39:50+01:00,[38],[0]
2026-03-13T04:49:50+01:00,[37],[0]
2026-03-13T04:59:50+01:00,[37],[0]
2026-03-13T05:09:51+01:00,[38],[0]
2026-03-13T05:19:51+01:00,[38],[0]
2026-03-13T05:29:50+01:00,[37],[0]
2026-03-13T05:39:51+01:00,[38],[0]
2026-03-13T05:49:50+01:00,[37],[0]
2026-03-13T05:59:51+01:00,[38],[0]
2026-03-13T06:09:51+01:00,[37],[0]
2026-03-13T06:19:50+01:00,[37],[0]
2026-03-13T06:29:50+01:00,[37],[0]
2026-03-13T06:39:50+01:00,[37],[0]
2026-03-11T08:55:08+01:00,[37],[0]
2026-03-11T09:05:09+01:00,[38],[0]
2026-03-11T09:15:08+01:00,[37],[0]
2026-03-11T09:25:09+01:00,[38],[0]
2026-03-11T09:35:08+01:00,[37],[0]
2026-03-11T09:45:08+01:00,[37],[0]
2026-03-11T09:55:09+01:00,[38],[0]
2026-03-11T10:05:08+01:00,[37],[0]
2026-03-11T10:15:08+01:00,[37],[0]
2026-03-11T10:25:07+01:00,[37],[0]
2026-03-11T10:35:08+01:00,[37],[0]
2026-03-11T10:45:08+01:00,[37],[0]
2026-03-11T10:55:08+01:00,[37],[0]
2026-03-11T11:05:08+01:00,[37],[0]
2026-03-11T11:15:08+01:00,[37],[0]
2026-03-11T11:25:08+01:00,[37],[0]
2026-03-11T11:35:08+01:00,[37],[0]
2026-03-11T11:45:08+01:00,[37],[0]
2026-03-11T11:55:08+01:00,[37],[0]
2026-03-11T12:05:09+01:00,[37],[0]
2026-03-11T12:15:07+01:00,[37],[0]
2026-03-11T12:25:08+01:00,[37],[0]
2026-03-11T12:35:08+01:00,[38],[0]
2026-03-11T12:45:08+01:00,[37],[0]
2026-03-11T13:05:08+01:00,[37],[0]
2026-03-11T13:15:09+01:00,[38],[0]
2026-03-11T13:25:08+01:00,[37],[0]
2026-03-11T13:35:08+01:00,[37],[0]
2026-03-11T13:45:08+01:00,[37],[0]
2026-03-11T13:55:08+01:00,[37],[0]
2026-03-11T14:05:08+01:00,[37],[0]
2026-03-11T14:15:08+01:00,[37],[0]
2026-03-11T14:25:09+01:00,[38],[0]
2026-03-11T14:35:08+01:00,[37],[0]
2026-03-11T14:55:09+01:00,[38],[0]
2026-03-11T15:15:08+01:00,[37],[0]
2026-03-11T17:00:00+01:00,[60],[0]
2026-03-12T01:35:09+01:00,[38],[0]
2026-03-12T01:45:07+01:00,[37],[0]
2026-03-12T01:55:08+01:00,[37],[0]
2026-03-12T02:05:08+01:00,[37],[0]
2026-03-12T02:15:08+01:00,[37],[0]
2026-03-12T02:25:08+01:00,[37],[0]
2026-03-12T02:35:08+01:00,[37],[0]
2026-03-12T02:45:08+01:00,[37],[0]
2026-03-12T02:55:09+01:00,[37],[0]
2026-03-12T03:05:09+01:00,[1],[0]
2026-03-12T03:15:09+01:00,[38],[0]
2026-03-12T03:25:09+01:00,[38],[0]
2026-03-12T03:35:09+01:00,[37],[0]
2026-03-12T03:45:08+01:00,[37],[0]
2026-03-12T03:55:09+01:00,[38],[0]
2026-03-12T04:05:08+01:00,[37],[0]
2026-03-12T04:15:09+01:00,[37],[0]
2026-03-12T04:25:09+01:00,[38],[0]
2026-03-12T04:35:08+01:00,[37],[0]
2026-03-12T04:45:08+01:00,[37],[0]
2026-03-12T04:55:08+01:00,[37],[0]
2026-03-12T05:15:09+01:00,[37],[0]
2026-03-12T05:25:09+01:00,[38],[0]
2026-03-12T05:35:08+01:00,[37],[0]
2026-03-12T05:45:08+01:00,[37],[0]
2026-03-12T05:55:08+01:00,[37],[0]
2026-03-12T06:05:09+01:00,[38],[0]
2026-03-12T06:15:08+01:00,[37],[0]
2026-03-12T06:35:09+01:00,[37],[0]
2026-03-12T06:45:08+01:00,[37],[0]
2026-03-12T06:55:08+01:00,[37],[0]
2026-03-12T07:05:09+01:00,[38],[0]
2026-03-12T07:15:09+01:00,[38],[0]
2026-03-12T07:25:08+01:00,[37],[0]
2026-03-12T07:35:08+01:00,[37],[0]
2026-03-12T07:45:08+01:00,[37],[0]
2026-03-12T07:55:09+01:00,[38],[0]
2026-03-12T08:05:08+01:00,[37],[0]
2026-03-12T08:15:09+01:00,[38],[0]
2026-03-12T08:25:08+01:00,[38],[0]
2026-03-12T08:35:08+01:00,[37],[0]
2026-03-12T08:45:08+01:00,[37],[0]
2026-03-12T08:55:08+01:00,[37],[0]
2026-03-12T09:15:08+01:00,[37],[0]
2026-03-12T09:25:08+01:00,[37],[0]
2026-03-10T08:55:11+01:00,[37],[0]
2026-03-10T09:05:11+01:00,[37],[0]
2026-03-10T09:15:11+01:00,[37],[0]
2026-03-10T09:25:11+01:00,[37],[0]
2026-03-10T09:35:12+01:00,[37],[0]
2026-03-10T09:55:13+01:00,[38],[0]
2026-03-10T10:05:12+01:00,[38],[0]
2026-03-10T10:15:11+01:00,[37],[0]
2026-03-10T10:25:12+01:00,[38],[0]
2026-03-10T10:35:11+01:00,[38],[0]
2026-03-10T10:55:12+01:00,[38],[0]
2026-03-10T11:05:11+01:00,[37],[0]
2026-03-10T11:15:10+01:00,[37],[0]
2026-03-10T11:25:57+01:00,[37],[0]
2026-03-10T11:35:12+01:00,[37],[0]
2026-03-10T11:45:11+01:00,[37],[0]
2026-03-10T12:05:12+01:00,[38],[0]
2026-03-10T12:15:11+01:00,[37],[0]
2026-03-10T12:25:10+01:00,[37],[0]
2026-03-10T12:35:10+01:00,[37],[0]
2026-03-10T12:45:11+01:00,[37],[0]
2026-03-10T13:05:10+01:00,[37],[0]
2026-03-10T13:15:11+01:00,[37],[0]
2026-03-10T13:25:10+01:00,[37],[0]
2026-03-10T13:35:12+01:00,[37],[0]
2026-03-10T13:45:11+01:00,[37],[0]
2026-03-10T13:55:12+01:00,[38],[0]
2026-03-10T14:05:36+01:00,[38],[0]
2026-03-10T14:15:12+01:00,[37],[0]
2026-03-10T14:25:12+01:00,[37],[0]
2026-03-10T14:45:11+01:00,[38],[0]
2026-03-10T14:55:11+01:00,[38],[0]
2026-03-10T15:05:10+01:00,[37],[0]
2026-03-10T15:15:11+01:00,[37],[0]
2026-03-10T15:35:11+01:00,[37],[0]
2026-03-10T15:55:11+01:00,[37],[0]
2026-03-10T16:05:11+01:00,[37],[0]
2026-03-10T16:15:11+01:00,[37],[0]
2026-03-10T16:25:11+01:00,[37],[0]
2026-03-10T16:35:11+01:00,[37],[0]
2026-03-10T16:48:19+01:00,[1],[0]
2026-03-10T16:48:27+01:00,"[30,23,30,30,30,10,30,30,30,30,22,30,30,30,30,22,30,30,30,30,23,30,30,30,30,22,30,30,30,30,27,30,30,30,30,28,30,30,11,30,30,11,30,30,30,30,23,30,30,30,30,22,20,30,30,24,19,17,2]","[0,0,0,0,0,0,0,0,0,0,0,0,0,0,0,0,0,0,0,0,0,0,0,0,0,0,0,0,0,0,0,0,0,0,0,0,0,0,0,0,0,0,0,0,0,0,0,0,0,0,0,0,0,0,0,0,0,0,0]"
2026-03-10T17:15:23+01:00,"[30,30,30,22,30,20,14,30,30,19,30,30,30,30,22,30,30,24,30,30,30,30,30,30,26,30,30,30,30,22,30,11,30,37,30,5,30,30,30,30]","[0,0,0,0,0,0,0,0,0,0,0,0,0,0,0,0,0,0,0,0,0,0,0,0,0,0,0,0,0,0,0,0,0,0,0,0,0,0,0,0]"
2026-03-10T17:33:57+01:00,[35],[0]
2026-03-10T17:00:00+01:00,[60],[0]
2026-03-10T17:35:02+01:00,"[30,23,11,13,30,30,30,30,22,30]","[0,0,0,0,0,0,0,0,0,0]"
2026-03-10T17:39:13+01:00,"[17,30,30,4,30,5,30,28,30,30,24,60]","[0,0,0,0,0,0,0,0,0,0,0,0]"
2026-03-10T17:43:37+01:00,"[29,4,30,13,30,30,6,30,30,30,30,22,30,30,30,30,22,30,30,30,30,23,30,30,30,15,30,7,30,30,30,30,14,8,30,30,41,30,22,10,30,30,30,30,12,30,8,13,17,11,2,30]","[0,0,0,0,0,0,0,0,0,0,0,0,0,0,0,0,0,0,0,0,0,0,0,0,0,0,0,0,0,0,0,0,0,0,0,0,0,0,0,0,0,0,0,0,0,0,0,0,0,0,0,0]"
2026-03-10T18:05:07+01:00,"[30,30,34,30,24,30,30,30,8,30,15,30,30,30,30,22,30,30,30,30,15]","[0,0,0,0,0,0,0,0,0,0,0,0,0,0,0,0,0,0,0,0,0]"
2026-03-10T18:15:05+01:00,"[30,30,30,15,14,30,30,30,30,23,30,30,30,30,22,30,30,30,30,22,30,30,30,30,22,11,30,30,30,30,12,30,30,30,30,22,30,30,30,30,28,30,31]","[0,0,0,0,0,0,0,0,0,0,0,0,0,0,0,0,0,0,0,0,0,0,0,0,0,0,0,0,0,0,0,0,0,0,0,0,0,0,0,0,0,0,0]"
2026-03-10T18:35:17+01:00,"[14,30,7,7,30,24,30,30,27,30,30,30,30,22,30,30,30,30,22,30,30,30]","[0,0,0,0,0,0,0,0,0,0,0,0,0,0,0,0,0,0,0,0,0,0]"
2026-03-10T18:45:20+01:00,"[22,30,30,30,30,13,9,30,30,30,4,14,25,10,30,30,30,30,13,9,30,30,30,30,22,30,30,30,30,22,30,30,30,14,30,9,30,30,30,30,8,8,30,30,30,30,23,30,30,30,19,6,27,30,30,30,24,28,30,30,30,30,17,30,23,30,30,29,30,30,30,30,17,30,30,30,30,22,5,7,7,30,30,30,30,4,30,30,30,13,13,26,30,30,30,30,17,30,11,30,30,30,11,30,30,30,30,22,30,30,30,30,23,30,5,2,30]","[0,0,0,0,0,0,0,0,0,0,0,0,0,0,0,0,0,0,0,0,0,0,0,0,0,0,0,0,0,0,0,0,0,0,0,0,0,0,0,0,0,0,0,0,0,0,0,0,0,0,0,0,0,0,0,0,0,0,0,0,0,0,0,0,0,0,0,0,0,0,0,0,0,0,0,0,0,0,0,0,0,0,0,0,0,0,0,0,0,0,0,0,0,0,0,0,0,0,0,0,0,0,0,0,0,0,0,0,0,0,0,0,0,0,0,0,0]"
2026-03-10T19:33:23+01:00,[30],[0]
2026-03-11T00:05:08+01:00,[38],[0]
2026-03-11T00:15:08+01:00,[37],[0]
2026-03-11T00:25:08+01:00,[37],[0]
2026-03-11T00:35:08+01:00,[37],[0]
2026-03-11T00:45:08+01:00,[37],[0]
2026-03-11T00:55:08+01:00,[37],[0]
2026-03-11T01:05:08+01:00,[37],[0]
2026-03-11T01:15:08+01:00,[37],[0]
2026-03-11T01:25:09+01:00,[38],[0]
2026-03-11T01:35:09+01:00,[38],[0]
2026-03-11T01:45:09+01:00,[38],[0]
2026-03-11T01:55:08+01:00,[37],[0]
2026-03-11T02:05:09+01:00,[38],[0]
2026-03-11T02:15:08+01:00,[37],[0]
2026-03-11T02:25:08+01:00,[37],[0]
2026-03-11T02:35:08+01:00,[37],[0]
2026-03-11T02:45:08+01:00,[37],[0]
2026-03-11T02:55:09+01:00,[38],[0]
2026-03-11T03:15:08+01:00,[38],[0]
2026-03-11T03:35:09+01:00,[38],[0]
2026-03-11T03:45:08+01:00,[37],[0]
2026-03-11T03:55:09+01:00,[37],[0]
2026-03-11T04:05:08+01:00,[37],[0]
2026-03-11T04:15:09+01:00,[38],[0]
2026-03-11T04:25:08+01:00,[38],[0]
2026-03-11T04:35:09+01:00,[38],[0]
2026-03-11T04:45:08+01:00,[38],[0]
2026-03-11T04:55:08+01:00,[37],[0]
2026-03-11T05:05:09+01:00,[38],[0]
2026-03-11T05:15:09+01:00,[37],[0]
2026-03-11T05:25:09+01:00,[38],[0]
2026-03-11T05:35:08+01:00,[37],[0]
2026-03-11T05:45:08+01:00,[37],[0]
2026-03-11T05:55:08+01:00,[37],[0]
2026-03-11T06:05:08+01:00,[37],[0]
2026-03-11T06:15:08+01:00,[37],[0]
2026-03-11T06:25:08+01:00,[37],[0]
2026-03-11T06:35:08+01:00,[37],[0]
2026-03-11T06:45:09+01:00,[38],[0]
2026-03-11T06:55:08+01:00,[37],[0]
2026-03-11T07:05:09+01:00,[38],[0]
2026-03-11T07:15:09+01:00,[38],[0]
2026-03-11T07:25:08+01:00,[37],[0]
2026-03-11T07:35:09+01:00,[38],[0]
2026-03-11T07:45:07+01:00,[37],[0]
2026-03-11T07:55:08+01:00,[37],[0]
2026-03-11T08:05:08+01:00,[37],[0]
2026-03-11T08:25:08+01:00,[37],[0]
2026-03-11T08:35:09+01:00,[37],[0]
2026-03-11T08:45:08+01:00,[37],[0]
2026-03-09T08:45:11+01:00,[37],[0]
2026-03-09T08:55:11+01:00,[37],[0]
2026-03-09T09:05:11+01:00,[37],[0]
2026-03-09T09:15:12+01:00,[38],[0]
2026-03-09T09:25:11+01:00,[37],[0]
2026-03-09T09:35:12+01:00,[37],[0]
2026-03-09T09:45:11+01:00,[37],[0]
2026-03-09T09:55:12+01:00,[37],[0]
2026-03-09T10:05:12+01:00,[38],[0]
2026-03-09T10:25:12+01:00,[37],[0]
2026-03-09T10:35:11+01:00,[38],[0]
2026-03-09T10:45:11+01:00,[37],[0]
2026-03-09T10:55:11+01:00,[37],[0]
2026-03-09T11:15:11+01:00,[37],[0]
2026-03-09T11:25:11+01:00,[37],[0]
2026-03-09T11:35:11+01:00,[37],[0]
2026-03-09T11:45:11+01:00,[38],[0]
2026-03-09T11:55:12+01:00,[37],[0]
2026-03-09T12:05:11+01:00,[37],[0]
2026-03-09T12:15:11+01:00,[38],[0]
2026-03-09T12:25:12+01:00,[38],[0]
2026-03-09T12:35:11+01:00,[37],[0]
2026-03-09T12:45:11+01:00,[37],[0]
2026-03-09T12:55:12+01:00,[37],[0]
2026-03-09T13:15:10+01:00,[37],[0]
2026-03-09T13:25:11+01:00,[37],[0]
2026-03-09T13:35:12+01:00,[37],[0]
2026-03-09T13:45:12+01:00,[38],[0]
2026-03-09T13:55:12+01:00,[38],[0]
2026-03-09T14:05:11+01:00,[38],[0]
2026-03-09T14:15:11+01:00,[37],[0]
2026-03-09T14:25:12+01:00,[37],[0]
2026-03-09T14:35:11+01:00,[37],[0]
2026-03-09T14:45:12+01:00,[38],[0]
2026-03-09T14:55:11+01:00,[37],[0]
2026-03-09T15:05:12+01:00,[38],[0]
2026-03-09T15:25:12+01:00,[37],[0]
2026-03-09T15:35:11+01:00,[37],[0]
2026-03-09T15:45:11+01:00,[38],[0]
2026-03-09T15:55:11+01:00,[37],[0]
2026-03-09T17:00:00+01:00,[60],[0]
2026-03-10T00:15:12+01:00,[38],[0]
2026-03-10T00:25:12+01:00,[38],[0]
2026-03-10T00:35:11+01:00,[38],[0]
2026-03-10T00:45:11+01:00,[37],[0]
2026-03-10T00:55:11+01:00,[37],[0]
2026-03-10T01:05:12+01:00,[38],[0]
2026-03-10T01:15:12+01:00,[38],[0]
2026-03-10T01:25:11+01:00,[37],[0]
2026-03-10T01:35:11+01:00,[37],[0]
2026-03-10T01:45:11+01:00,[37],[0]
2026-03-10T01:55:11+01:00,[38],[0]
2026-03-10T02:05:11+01:00,[37],[0]
2026-03-10T02:15:12+01:00,[37],[0]
2026-03-10T02:25:12+01:00,[38],[0]
2026-03-10T02:35:11+01:00,[37],[0]
2026-03-10T02:45:11+01:00,[37],[0]
2026-03-10T02:55:11+01:00,[38],[0]
2026-03-10T03:05:11+01:00,[37],[0]
2026-03-10T03:15:12+01:00,[37],[0]
2026-03-10T03:25:11+01:00,[37],[0]
2026-03-10T03:35:11+01:00,[37],[0]
2026-03-10T03:55:12+01:00,[38],[0]
2026-03-10T04:05:12+01:00,[37],[0]
2026-03-10T04:15:11+01:00,[37],[0]
2026-03-10T04:25:11+01:00,[37],[0]
2026-03-10T04:45:11+01:00,[37],[0]
2026-03-10T04:55:11+01:00,[37],[0]
2026-03-10T05:05:12+01:00,[37],[0]
2026-03-10T05:15:12+01:00,[38],[0]
2026-03-10T05:25:11+01:00,[37],[0]
2026-03-10T05:35:11+01:00,[37],[0]
2026-03-10T05:45:11+01:00,[38],[0]
2026-03-10T05:55:11+01:00,[37],[0]
2026-03-10T06:05:12+01:00,[38],[0]
2026-03-10T06:15:12+01:00,[38],[0]
2026-03-10T06:25:11+01:00,[37],[0]
2026-03-10T06:35:11+01:00,[37],[0]
2026-03-10T06:45:11+01:00,[37],[0]
2026-03-10T06:55:11+01:00,[37],[0]
2026-03-10T07:05:12+01:00,[38],[0]
2026-03-10T07:15:12+01:00,[38],[0]
2026-03-10T07:25:11+01:00,[37],[0]
2026-03-10T07:35:11+01:00,[37],[0]
2026-03-10T07:45:12+01:00,[37],[0]
2026-03-10T07:55:11+01:00,[37],[0]
2026-03-10T08:05:12+01:00,[38],[0]
2026-03-10T08:15:12+01:00,[37],[0]
2026-03-10T08:25:11+01:00,[38],[0]
2026-03-10T08:35:11+01:00,[37],[0]
2026-03-10T08:45:12+01:00,[38],[0]
2026-03-08T08:55:12+01:00,[37],[0]
2026-03-08T09:05:11+01:00,[37],[0]
2026-03-08T09:15:11+01:00,[37],[0]
2026-03-08T09:25:12+01:00,[38],[0]
2026-03-08T09:35:11+01:00,[37],[0]
2026-03-08T09:45:11+01:00,[38],[0]
2026-03-08T10:15:11+01:00,[37],[0]
2026-03-08T10:25:11+01:00,[37],[0]
2026-03-08T10:35:12+01:00,[38],[0]
2026-03-08T10:55:12+01:00,[37],[0]
2026-03-08T11:05:12+01:00,[37],[0]
2026-03-08T11:15:12+01:00,[38],[0]
2026-03-08T11:45:11+01:00,[38],[0]
2026-03-08T11:55:10+01:00,[37],[0]
2026-03-08T12:05:12+01:00,[38],[0]
2026-03-08T12:15:10+01:00,[37],[0]
2026-03-08T12:25:12+01:00,[37],[0]
2026-03-08T12:35:10+01:00,[37],[0]
2026-03-08T12:55:11+01:00,[37],[0]
2026-03-08T13:05:12+01:00,[38],[0]
2026-03-08T13:15:11+01:00,[37],[0]
2026-03-08T17:00:00+01:00,[60],[0]
2026-03-09T00:55:11+01:00,[37],[0]
2026-03-09T01:05:11+01:00,[37],[0]
2026-03-09T01:15:12+01:00,[37],[0]
2026-03-09T01:25:11+01:00,[37],[0]
2026-03-09T01:35:11+01:00,[37],[0]
2026-03-09T01:45:12+01:00,[38],[0]
2026-03-09T01:55:11+01:00,[37],[0]
2026-03-09T02:05:12+01:00,[38],[0]
2026-03-09T02:15:11+01:00,[37],[0]
2026-03-09T02:25:12+01:00,[37],[0]
2026-03-09T02:35:11+01:00,[37],[0]
2026-03-09T02:45:11+01:00,[37],[0]
2026-03-09T02:55:12+01:00,[38],[0]
2026-03-09T03:05:11+01:00,[37],[0]
2026-03-09T03:15:11+01:00,[37],[0]
2026-03-09T03:25:11+01:00,[37],[0]
2026-03-09T03:35:12+01:00,[38],[0]
2026-03-09T03:45:11+01:00,[37],[0]
2026-03-09T03:55:12+01:00,[38],[0]
2026-03-09T04:05:11+01:00,[37],[0]
2026-03-09T04:15:11+01:00,[37],[0]
2026-03-09T04:25:11+01:00,[37],[0]
2026-03-09T04:35:11+01:00,[37],[0]
2026-03-09T04:45:11+01:00,[37],[0]
2026-03-09T04:55:11+01:00,[37],[0]
2026-03-09T05:05:12+01:00,[38],[0]
2026-03-09T05:15:11+01:00,[37],[0]
2026-03-09T05:25:11+01:00,[37],[0]
2026-03-09T05:35:11+01:00,[37],[0]
2026-03-09T05:45:12+01:00,[38],[0]
2026-03-09T05:55:11+01:00,[37],[0]
2026-03-09T06:05:11+01:00,[37],[0]
2026-03-09T06:15:11+01:00,[37],[0]
2026-03-09T06:25:11+01:00,[37],[0]
2026-03-09T06:35:12+01:00,[38],[0]
2026-03-09T06:45:12+01:00,[38],[0]
2026-03-09T06:55:11+01:00,[37],[0]
2026-03-09T07:05:11+01:00,[37],[0]
2026-03-09T07:15:11+01:00,[37],[0]
2026-03-09T07:25:11+01:00,[37],[0]
2026-03-09T07:35:10+01:00,[37],[0]
2026-03-09T07:45:12+01:00,[38],[0]
2026-03-09T07:55:11+01:00,[37],[0]
2026-03-09T08:05:11+01:00,[37],[0]
2026-03-09T08:15:12+01:00,[38],[0]
2026-03-09T08:25:12+01:00,[38],[0]
2026-03-09T08:35:11+01:00,[37],[0]
2026-03-07T07:15:15+01:00,[38],[0]
2026-03-07T08:35:14+01:00,[37],[0]
2026-03-07T08:45:14+01:00,[37],[0]
2026-03-07T08:55:13+01:00,[37],[0]
2026-03-07T09:05:14+01:00,[37],[0]
2026-03-07T09:15:15+01:00,[38],[0]
2026-03-07T09:25:15+01:00,[38],[0]
2026-03-07T09:45:13+01:00,[37],[0]
2026-03-07T09:55:14+01:00,[37],[0]
2026-03-07T10:05:14+01:00,[37],[0]
2026-03-07T10:15:14+01:00,[37],[0]
2026-03-07T10:35:14+01:00,[37],[0]
2026-03-07T10:55:14+01:00,[37],[0]
2026-03-07T11:05:14+01:00,[37],[0]
2026-03-07T11:15:21+01:00,[37],[0]
2026-03-07T11:25:14+01:00,[37],[0]
2026-03-07T11:35:14+01:00,[37],[0]
2026-03-07T11:45:15+01:00,[38],[0]
2026-03-07T11:55:51+01:00,[37],[0]
2026-03-07T12:05:14+01:00,[37],[0]
2026-03-07T12:15:14+01:00,[37],[0]
2026-03-07T12:25:14+01:00,[37],[0]
2026-03-07T12:45:13+01:00,[37],[0]
2026-03-07T12:55:15+01:00,[38],[0]
2026-03-07T13:15:14+01:00,[37],[0]
2026-03-07T13:25:14+01:00,[37],[0]
2026-03-07T13:45:15+01:00,[38],[0]
2026-03-07T14:05:14+01:00,[37],[0]
2026-03-07T14:15:14+01:00,[37],[0]
2026-03-07T14:25:14+01:00,[37],[0]
2026-03-07T14:35:14+01:00,[37],[0]
2026-03-07T14:45:14+01:00,[37],[0]
2026-03-07T14:55:14+01:00,[37],[0]
2026-03-07T17:00:00+01:00,[60],[0]
2026-03-08T05:55:11+01:00,[37],[0]
2026-03-08T06:05:12+01:00,[37],[0]
2026-03-08T06:25:11+01:00,[37],[0]
2026-03-08T06:35:11+01:00,[37],[0]
2026-03-08T06:45:12+01:00,[38],[0]
2026-03-08T06:55:11+01:00,[37],[0]
2026-03-08T07:05:12+01:00,[38],[0]
2026-03-08T07:15:11+01:00,[37],[0]
2026-03-08T07:25:11+01:00,[37],[0]
2026-03-08T07:35:11+01:00,[37],[0]
2026-03-08T07:45:12+01:00,[38],[0]
2026-03-08T07:55:11+01:00,[37],[0]
2026-03-08T08:05:12+01:00,[38],[0]
2026-03-08T08:15:11+01:00,[37],[0]
2026-03-08T08:25:12+01:00,[38],[0]
2026-03-08T08:35:11+01:00,[37],[0]
2026-03-08T08:45:12+01:00,[38],[0]
2026-03-06T08:45:15+01:00,[38],[0]
2026-03-06T09:15:15+01:00,[38],[0]
2026-03-06T09:35:13+01:00,[37],[0]
2026-03-06T09:45:16+01:00,[38],[0]
2026-03-06T09:55:15+01:00,[38],[0]
2026-03-06T10:05:14+01:00,[37],[0]
2026-03-06T10:15:14+01:00,[37],[0]
2026-03-06T10:25:14+01:00,[37],[0]
2026-03-06T10:35:14+01:00,[37],[0]
2026-03-06T10:45:14+01:00,[38],[0]
2026-03-06T10:55:13+01:00,[37],[0]
2026-03-06T11:05:14+01:00,[37],[0]
2026-03-06T11:15:14+01:00,[37],[0]
2026-03-06T11:25:14+01:00,[37],[0]
2026-03-06T11:35:25+01:00,[37],[0]
2026-03-06T11:45:14+01:00,[37],[0]
2026-03-06T11:55:15+01:00,[38],[0]
2026-03-06T12:05:14+01:00,[37],[0]
2026-03-06T12:15:14+01:00,[37],[0]
2026-03-06T12:25:13+01:00,[36],[0]
2026-03-06T12:35:15+01:00,[38],[0]
2026-03-06T12:45:14+01:00,[37],[0]
2026-03-06T12:55:14+01:00,[37],[0]
2026-03-06T13:05:14+01:00,[37],[0]
2026-03-06T13:15:14+01:00,[38],[0]
2026-03-06T13:25:14+01:00,[37],[0]
2026-03-06T13:35:15+01:00,[38],[0]
2026-03-06T13:45:14+01:00,[37],[0]
2026-03-06T13:55:15+01:00,[38],[0]
2026-03-06T14:05:14+01:00,[37],[0]
2026-03-06T14:15:14+01:00,[37],[0]
2026-03-06T14:25:15+01:00,[38],[0]
2026-03-06T14:35:14+01:00,[37],[0]
2026-03-06T14:45:14+01:00,[37],[0]
2026-03-06T14:55:14+01:00,[37],[0]
2026-03-06T15:05:13+01:00,[37],[0]
2026-03-06T15:15:14+01:00,[37],[0]
2026-03-06T15:25:14+01:00,[37],[0]
2026-03-06T15:35:14+01:00,[37],[0]
2026-03-06T15:45:14+01:00,[37],[0]
2026-03-06T15:55:15+01:00,[38],[0]
2026-03-06T16:05:14+01:00,[37],[0]
2026-03-06T17:00:00+01:00,[60],[0]
2026-03-07T02:15:15+01:00,[37],[0]
2026-03-07T02:25:14+01:00,[37],[0]
2026-03-07T02:35:14+01:00,[37],[0]
2026-03-07T02:55:13+01:00,[37],[0]
2026-03-07T03:05:14+01:00,[37],[0]
2026-03-07T03:25:14+01:00,[37],[0]
2026-03-07T03:35:14+01:00,[37],[0]
2026-03-07T03:45:13+01:00,[37],[0]
2026-03-07T03:55:13+01:00,[37],[0]
2026-03-07T04:05:13+01:00,[37],[0]
2026-03-07T04:15:13+01:00,[37],[0]
2026-03-07T04:25:15+01:00,[38],[0]
2026-03-07T04:35:15+01:00,[38],[0]
2026-03-07T04:45:14+01:00,[37],[0]
2026-03-07T05:05:14+01:00,[37],[0]
2026-03-07T05:25:14+01:00,[37],[0]
2026-03-07T05:35:14+01:00,[37],[0]
2026-03-07T05:45:14+01:00,[37],[0]
2026-03-07T05:55:14+01:00,[37],[0]
2026-03-07T06:05:13+01:00,[37],[0]
2026-03-07T06:15:13+01:00,[37],[0]
2026-03-07T06:25:14+01:00,[37],[0]
2026-03-07T06:35:14+01:00,[37],[0]
2026-03-07T06:45:13+01:00,[37],[0]
2026-03-07T06:55:15+01:00,[38],[0]
2026-03-07T07:05:14+01:00,[37],[0]
2026-03-05T09:05:14+01:00,[37],[0]
2026-03-05T09:15:14+01:00,[37],[0]
2026-03-05T09:25:14+01:00,[37],[0]
2026-03-05T09:35:14+01:00,[37],[0]
2026-03-05T09:45:14+01:00,[37],[0]
2026-03-05T09:55:14+01:00,[37],[0]
2026-03-05T10:05:14+01:00,[37],[0]
2026-03-05T10:15:14+01:00,[37],[0]
2026-03-05T10:25:14+01:00,[37],[0]
2026-03-05T10:35:14+01:00,[37],[0]
2026-03-05T11:15:14+01:00,[37],[0]
2026-03-05T11:25:14+01:00,[37],[0]
2026-03-05T11:55:14+01:00,[37],[0]
2026-03-05T12:05:14+01:00,[38],[0]
2026-03-05T12:15:14+01:00,[37],[0]
2026-03-05T12:25:14+01:00,[37],[0]
2026-03-05T12:35:15+01:00,[38],[0]
2026-03-05T12:45:14+01:00,[37],[0]
2026-03-05T12:55:14+01:00,[37],[0]
2026-03-05T13:05:14+01:00,[37],[0]
2026-03-05T13:15:13+01:00,[37],[0]
2026-03-05T13:25:13+01:00,[37],[0]
2026-03-05T13:35:15+01:00,[38],[0]
2026-03-05T13:45:14+01:00,[37],[0]
2026-03-05T13:55:14+01:00,[37],[0]
2026-03-05T14:05:14+01:00,[37],[0]
2026-03-05T14:15:14+01:00,[37],[0]
2026-03-05T14:25:14+01:00,[37],[0]
2026-03-05T14:35:14+01:00,[37],[0]
2026-03-05T14:45:14+01:00,[37],[0]
2026-03-05T14:55:14+01:00,[37],[0]
2026-03-05T15:05:15+01:00,[38],[0]
2026-03-05T15:15:14+01:00,[37],[0]
2026-03-05T17:00:00+01:00,[60],[0]
2026-03-06T01:35:15+01:00,[37],[0]
2026-03-06T01:45:14+01:00,[38],[0]
2026-03-06T01:55:15+01:00,[38],[0]
2026-03-06T02:05:14+01:00,[38],[0]
2026-03-06T02:25:13+01:00,[37],[0]
2026-03-06T02:35:14+01:00,[37],[0]
2026-03-06T02:45:14+01:00,[37],[0]
2026-03-06T02:55:14+01:00,[37],[0]
2026-03-06T03:05:14+01:00,[37],[0]
2026-03-06T03:15:14+01:00,[37],[0]
2026-03-06T03:35:14+01:00,[37],[0]
2026-03-06T03:45:15+01:00,[38],[0]
2026-03-06T03:55:14+01:00,[37],[0]
2026-03-06T04:05:14+01:00,[37],[0]
2026-03-06T04:15:14+01:00,[38],[0]
2026-03-06T04:25:14+01:00,[37],[0]
2026-03-06T04:35:15+01:00,[38],[0]
2026-03-06T04:45:15+01:00,[38],[0]
2026-03-06T04:55:14+01:00,[37],[0]
2026-03-06T05:05:14+01:00,[37],[0]
2026-03-06T05:15:13+01:00,[37],[0]
2026-03-06T05:25:14+01:00,[37],[0]
2026-03-06T05:35:14+01:00,[37],[0]
2026-03-06T05:45:14+01:00,[38],[0]
2026-03-06T06:05:14+01:00,[37],[0]
2026-03-06T06:15:14+01:00,[37],[0]
2026-03-06T06:25:15+01:00,[38],[0]
2026-03-06T06:35:14+01:00,[37],[0]
2026-03-06T06:45:14+01:00,[37],[0]
2026-03-06T06:55:14+01:00,[37],[0]
2026-03-06T07:05:15+01:00,[38],[0]
2026-03-06T07:15:14+01:00,[37],[0]
2026-03-06T07:25:14+01:00,[37],[0]
2026-03-06T07:35:14+01:00,[37],[0]
2026-03-06T07:45:14+01:00,[37],[0]
2026-03-06T07:55:14+01:00,[37],[0]
2026-03-06T08:05:14+01:00,[38],[0]
2026-03-06T08:15:14+01:00,[37],[0]
2026-03-06T08:25:13+01:00,[37],[0]
2026-03-06T08:35:15+01:00,[37],[0]
2026-03-04T08:45:18+01:00,[38],[0]
2026-03-04T08:55:17+01:00,[37],[0]
2026-03-04T09:05:17+01:00,[37],[0]
2026-03-04T09:15:18+01:00,[38],[0]
2026-03-04T09:25:17+01:00,[37],[0]
2026-03-04T09:35:17+01:00,[37],[0]
2026-03-04T09:45:18+01:00,[37],[0]
2026-03-04T09:55:17+01:00,[37],[0]
2026-03-04T10:05:17+01:00,[37],[0]
2026-03-04T10:15:18+01:00,[37],[0]
2026-03-04T10:25:17+01:00,[37],[0]
2026-03-04T10:35:17+01:00,[37],[0]
2026-03-04T10:45:17+01:00,[37],[0]
2026-03-04T10:55:16+01:00,[37],[0]
2026-03-04T11:05:17+01:00,[38],[0]
2026-03-04T11:15:17+01:00,[37],[0]
2026-03-04T11:25:17+01:00,[37],[0]
2026-03-04T11:35:17+01:00,[38],[0]
2026-03-04T11:45:17+01:00,[37],[0]
2026-03-04T11:55:17+01:00,[37],[0]
2026-03-04T12:05:17+01:00,[37],[0]
2026-03-04T12:15:18+01:00,[38],[0]
2026-03-04T12:25:17+01:00,[37],[0]
2026-03-04T12:35:17+01:00,[37],[0]
2026-03-04T12:45:17+01:00,[37],[0]
2026-03-04T12:55:17+01:00,[37],[0]
2026-03-04T13:05:18+01:00,[37],[0]
2026-03-04T13:15:17+01:00,[37],[0]
2026-03-04T13:25:17+01:00,[37],[0]
2026-03-04T13:35:17+01:00,[37],[0]
2026-03-04T13:45:17+01:00,[37],[0]
2026-03-04T13:55:17+01:00,[37],[0]
2026-03-04T14:05:17+01:00,[37],[0]
2026-03-04T14:15:17+01:00,[37],[0]
2026-03-04T14:25:17+01:00,[37],[0]
2026-03-04T14:35:18+01:00,[37],[0]
2026-03-04T14:45:17+01:00,[37],[0]
2026-03-04T17:00:00+01:00,[60],[0]
2026-03-05T00:35:14+01:00,[37],[0]
2026-03-05T00:45:13+01:00,[37],[0]
2026-03-05T00:55:14+01:00,[37],[0]
2026-03-05T01:05:15+01:00,[38],[0]
2026-03-05T01:15:14+01:00,[37],[0]
2026-03-05T01:25:14+01:00,[37],[0]
2026-03-05T01:35:14+01:00,[37],[0]
2026-03-05T01:45:14+01:00,[37],[0]
2026-03-05T01:55:14+01:00,[38],[0]
2026-03-05T02:05:14+01:00,[37],[0]
2026-03-05T02:15:14+01:00,[37],[0]
2026-03-05T02:25:15+01:00,[38],[0]
2026-03-05T02:35:14+01:00,[37],[0]
2026-03-05T02:45:14+01:00,[37],[0]
2026-03-05T02:55:14+01:00,[37],[0]
2026-03-05T03:05:14+01:00,[37],[0]
2026-03-05T03:15:14+01:00,[37],[0]
2026-03-05T03:25:14+01:00,[37],[0]
2026-03-05T03:35:14+01:00,[37],[0]
2026-03-05T03:55:14+01:00,[37],[0]
2026-03-05T04:05:14+01:00,[37],[0]
2026-03-05T04:15:14+01:00,[37],[0]
2026-03-05T04:25:14+01:00,[37],[0]
2026-03-05T04:35:13+01:00,[37],[0]
2026-03-05T04:45:14+01:00,[37],[0]
2026-03-05T04:55:15+01:00,[37],[0]
2026-03-05T05:05:15+01:00,[38],[0]
2026-03-05T05:15:14+01:00,[37],[0]
2026-03-05T05:25:14+01:00,[37],[0]
2026-03-05T05:35:14+01:00,[37],[0]
2026-03-05T05:55:14+01:00,[37],[0]
2026-03-05T06:05:14+01:00,[37],[0]
2026-03-05T06:15:15+01:00,[38],[0]
2026-03-05T06:25:14+01:00,[37],[0]
2026-03-05T06:35:14+01:00,[37],[0]
2026-03-05T06:45:14+01:00,[37],[0]
2026-03-05T06:55:14+01:00,[37],[0]
2026-03-05T07:05:14+01:00,[37],[0]
2026-03-05T07:15:15+01:00,[38],[0]
2026-03-05T07:25:14+01:00,[37],[0]
2026-03-05T07:35:15+01:00,[38],[0]
2026-03-05T07:45:14+01:00,[38],[0]
2026-03-05T07:55:14+01:00,[37],[0]
2026-03-05T08:05:14+01:00,[37],[0]
2026-03-05T08:15:14+01:00,[37],[0]
2026-03-05T08:25:14+01:00,[37],[0]
2026-03-05T08:35:15+01:00,[38],[0]
2026-03-05T08:45:14+01:00,[37],[0]
2026-03-05T08:55:14+01:00,[37],[0]
2026-03-03T06:55:17+01:00,[37],[0]
2026-03-03T07:05:18+01:00,[37],[0]
2026-03-03T07:15:17+01:00,[37],[0]
2026-03-03T07:25:17+01:00,[37],[0]
2026-03-03T07:35:18+01:00,[38],[0]
2026-03-03T07:45:17+01:00,[37],[0]
2026-03-03T07:55:17+01:00,[37],[0]
2026-03-03T08:05:18+01:00,[37],[0]
2026-03-03T08:15:17+01:00,[37],[0]
2026-03-03T08:25:17+01:00,[37],[0]
2026-03-03T08:35:17+01:00,[37],[0]
2026-03-03T08:45:18+01:00,[38],[0]
2026-03-03T08:55:17+01:00,[37],[0]
2026-03-03T09:05:17+01:00,[37],[0]
2026-03-03T09:15:17+01:00,[37],[0]
2026-03-03T09:25:18+01:00,[38],[0]
2026-03-03T09:35:18+01:00,[37],[0]
2026-03-03T09:45:17+01:00,[37],[0]
2026-03-03T10:05:17+01:00,[37],[0]
2026-03-03T10:15:17+01:00,[38],[0]
2026-03-03T10:35:17+01:00,[37],[0]
2026-03-03T10:45:17+01:00,[37],[0]
2026-03-03T11:05:17+01:00,[37],[0]
2026-03-03T11:15:18+01:00,[38],[0]
2026-03-03T11:25:18+01:00,[38],[0]
2026-03-03T11:35:18+01:00,[38],[0]
2026-03-03T11:55:18+01:00,[37],[0]
2026-03-03T12:05:17+01:00,[37],[0]
2026-03-03T12:15:16+01:00,[37],[0]
2026-03-03T12:25:17+01:00,[37],[0]
2026-03-03T12:35:17+01:00,[37],[0]
2026-03-03T12:45:17+01:00,[38],[0]
2026-03-03T12:55:17+01:00,[37],[0]
2026-03-03T13:05:16+01:00,[37],[0]
2026-03-03T13:25:18+01:00,[37],[0]
2026-03-03T13:35:18+01:00,[37],[0]
2026-03-03T13:45:17+01:00,[37],[0]
2026-03-03T13:55:17+01:00,[37],[0]
2026-03-03T14:05:18+01:00,[37],[0]
2026-03-03T14:15:16+01:00,[37],[0]
2026-03-03T14:25:16+01:00,[37],[0]
2026-03-03T14:55:16+01:00,[37],[0]
2026-03-03T15:05:16+01:00,[37],[0]
2026-03-03T15:15:17+01:00,[38],[0]
2026-03-03T17:00:00+01:00,[60],[0]
2026-03-04T01:45:18+01:00,[38],[0]
2026-03-04T01:55:17+01:00,[37],[0]
2026-03-04T02:05:18+01:00,[37],[0]
2026-03-04T02:15:17+01:00,[37],[0]
2026-03-04T02:25:18+01:00,[38],[0]
2026-03-04T02:35:17+01:00,[37],[0]
2026-03-04T02:45:17+01:00,[37],[0]
2026-03-04T02:55:18+01:00,[37],[0]
2026-03-04T03:05:18+01:00,[38],[0]
2026-03-04T03:15:17+01:00,[38],[0]
2026-03-04T03:25:18+01:00,[38],[0]
2026-03-04T03:35:17+01:00,[37],[0]
2026-03-04T03:45:17+01:00,[37],[0]
2026-03-04T03:55:17+01:00,[37],[0]
2026-03-04T04:05:17+01:00,[37],[0]
2026-03-04T04:15:17+01:00,[37],[0]
2026-03-04T04:25:16+01:00,[37],[0]
2026-03-04T04:35:18+01:00,[38],[0]
2026-03-04T04:45:18+01:00,[38],[0]
2026-03-04T04:55:18+01:00,[37],[0]
2026-03-04T05:05:18+01:00,[38],[0]
2026-03-04T05:15:17+01:00,[37],[0]
2026-03-04T05:35:17+01:00,[37],[0]
2026-03-04T05:45:17+01:00,[37],[0]
2026-03-04T05:55:17+01:00,[37],[0]
2026-03-04T06:05:17+01:00,[37],[0]
2026-03-04T06:15:17+01:00,[37],[0]
2026-03-04T06:25:17+01:00,[37],[0]
2026-03-04T06:35:17+01:00,[37],[0]
2026-03-04T06:45:17+01:00,[37],[0]
2026-03-04T06:55:17+01:00,[37],[0]
2026-03-04T07:05:17+01:00,[37],[0]
2026-03-04T07:15:17+01:00,[37],[0]
2026-03-04T07:25:18+01:00,[38],[0]
2026-03-04T07:35:17+01:00,[37],[0]
2026-03-04T07:39:17+01:00,[37],[0]
2026-03-04T07:45:17+01:00,[37],[0]
2026-03-04T07:55:17+01:00,[38],[0]
2026-03-04T08:05:17+01:00,[37],[0]
2026-03-04T08:15:18+01:00,[38],[0]
2026-03-04T08:25:16+01:00,[37],[0]
2026-03-04T08:35:17+01:00,[37],[0]
2026-03-02T06:55:17+01:00,[37],[0]
2026-03-02T07:05:18+01:00,[38],[0]
2026-03-02T07:15:17+01:00,[37],[0]
2026-03-02T07:25:17+01:00,[37],[0]
2026-03-02T07:35:17+01:00,[37],[0]
2026-03-02T07:45:17+01:00,[37],[0]
2026-03-02T07:55:17+01:00,[37],[0]
2026-03-02T08:05:17+01:00,[37],[0]
2026-03-02T08:15:17+01:00,[37],[0]
2026-03-02T08:25:18+01:00,[38],[0]
2026-03-02T08:35:17+01:00,[37],[0]
2026-03-02T08:45:17+01:00,[37],[0]
2026-03-02T08:55:17+01:00,[37],[0]
2026-03-02T09:05:18+01:00,[38],[0]
2026-03-02T09:15:17+01:00,[38],[0]
2026-03-02T09:25:17+01:00,[37],[0]
2026-03-02T09:35:17+01:00,[37],[0]
2026-03-02T09:45:17+01:00,[37],[0]
2026-03-02T09:55:17+01:00,[38],[0]
2026-03-02T10:15:23+01:00,[38],[0]
2026-03-02T10:25:17+01:00,[37],[0]
2026-03-02T10:35:17+01:00,[37],[0]
2026-03-02T11:05:17+01:00,[37],[0]
2026-03-02T11:15:17+01:00,[37],[0]
2026-03-02T11:25:17+01:00,[37],[0]
2026-03-02T11:35:17+01:00,[37],[0]
2026-03-02T11:55:17+01:00,[37],[0]
2026-03-02T12:05:17+01:00,[37],[0]
2026-03-02T12:15:17+01:00,[37],[0]
2026-03-02T12:25:17+01:00,[37],[0]
2026-03-02T12:35:17+01:00,[37],[0]
2026-03-02T12:45:17+01:00,[38],[0]
2026-03-02T12:55:18+01:00,[38],[0]
2026-03-02T13:05:17+01:00,[37],[0]
2026-03-02T13:15:17+01:00,[37],[0]
2026-03-02T13:25:18+01:00,[38],[0]
2026-03-02T13:35:17+01:00,[37],[0]
2026-03-02T13:45:17+01:00,[37],[0]
2026-03-02T13:55:18+01:00,[37],[0]
2026-03-02T14:05:18+01:00,[38],[0]
2026-03-02T14:15:18+01:00,[38],[0]
2026-03-02T14:25:17+01:00,[37],[0]
2026-03-02T14:35:17+01:00,[37],[0]
2026-03-02T14:45:17+01:00,[37],[0]
2026-03-02T14:55:17+01:00,[37],[0]
2026-03-02T15:05:17+01:00,[37],[0]
2026-03-02T17:00:00+01:00,[60],[0]
2026-03-03T00:15:18+01:00,[37],[0]
2026-03-03T00:35:17+01:00,[37],[0]
2026-03-03T00:45:17+01:00,[37],[0]
2026-03-03T00:55:17+01:00,[37],[0]
2026-03-03T01:05:17+01:00,[37],[0]
2026-03-03T01:15:17+01:00,[37],[0]
2026-03-03T01:25:17+01:00,[37],[0]
2026-03-03T01:35:17+01:00,[37],[0]
2026-03-03T01:45:17+01:00,[37],[0]
2026-03-03T01:55:18+01:00,[38],[0]
2026-03-03T02:05:17+01:00,[37],[0]
2026-03-03T02:15:17+01:00,[37],[0]
2026-03-03T02:25:18+01:00,[37],[0]
2026-03-03T02:35:18+01:00,[37],[0]
2026-03-03T02:45:17+01:00,[37],[0]
2026-03-03T02:55:17+01:00,[37],[0]
2026-03-03T03:05:17+01:00,[37],[0]
2026-03-03T03:15:17+01:00,[37],[0]
2026-03-03T03:25:17+01:00,[37],[0]
2026-03-03T03:35:17+01:00,[37],[0]
2026-03-03T03:45:18+01:00,[37],[0]
2026-03-03T03:55:17+01:00,[37],[0]
2026-03-03T04:15:17+01:00,[37],[0]
2026-03-03T04:35:18+01:00,[37],[0]
2026-03-03T04:45:18+01:00,[38],[0]
2026-03-03T04:55:18+01:00,[38],[0]
2026-03-03T05:05:18+01:00,[38],[0]
2026-03-03T05:15:17+01:00,[37],[0]
2026-03-03T05:25:17+01:00,[37],[0]
2026-03-03T05:35:17+01:00,[37],[0]
2026-03-03T05:45:17+01:00,[37],[0]
2026-03-03T05:55:17+01:00,[37],[0]
2026-03-03T06:05:17+01:00,[37],[0]
2026-03-03T06:15:17+01:00,[37],[0]
2026-03-03T06:25:19+01:00,[38],[0]
2026-03-03T06:35:17+01:00,[37],[0]
2026-03-03T06:45:17+01:00,[37],[0]
2026-03-01T06:45:20+01:00,[37],[0]
2026-03-01T06:55:21+01:00,[38],[0]
2026-03-01T07:05:21+01:00,[38],[0]
2026-03-01T07:15:20+01:00,[37],[0]
2026-03-01T07:25:20+01:00,[37],[0]
2026-03-01T07:35:20+01:00,[37],[0]
2026-03-01T07:45:21+01:00,[37],[0]
2026-03-01T07:55:21+01:00,[38],[0]
2026-03-01T08:05:21+01:00,[37],[0]
2026-03-01T08:15:20+01:00,[37],[0]
2026-03-01T08:35:20+01:00,[37],[0]
2026-03-01T08:45:21+01:00,[38],[0]
2026-03-01T08:55:20+01:00,[8],[0]
2026-03-01T09:05:19+01:00,[37],[0]
2026-03-01T09:15:21+01:00,[38],[0]
2026-03-01T09:25:20+01:00,[37],[0]
2026-03-01T09:35:21+01:00,[38],[0]
2026-03-01T09:45:20+01:00,[37],[0]
2026-03-01T10:05:19+01:00,[37],[0]
2026-03-01T10:15:20+01:00,[37],[0]
2026-03-01T10:25:20+01:00,[37],[0]
2026-03-01T10:35:20+01:00,[37],[0]
2026-03-01T10:45:20+01:00,[37],[0]
2026-03-01T10:55:20+01:00,[37],[0]
2026-03-01T11:05:20+01:00,[37],[0]
2026-03-01T11:15:20+01:00,[37],[0]
2026-03-01T11:25:21+01:00,[37],[0]
2026-03-01T11:35:20+01:00,[37],[0]
2026-03-01T11:45:21+01:00,[37],[0]
2026-03-01T11:55:21+01:00,[37],[0]
2026-03-01T12:05:20+01:00,[37],[0]
2026-03-01T12:15:20+01:00,[38],[0]
2026-03-01T12:25:20+01:00,[37],[0]
2026-03-01T12:35:20+01:00,[37],[0]
2026-03-01T12:45:20+01:00,[37],[0]
2026-03-01T12:55:20+01:00,[38],[0]
2026-03-01T13:05:20+01:00,[37],[0]
2026-03-01T13:15:20+01:00,[37],[0]
2026-03-01T13:35:21+01:00,[38],[0]
2026-03-01T13:45:21+01:00,[38],[0]
2026-03-01T13:55:20+01:00,[37],[0]
2026-03-01T14:05:20+01:00,[37],[0]
2026-03-01T14:15:21+01:00,[38],[0]
2026-03-01T14:25:20+01:00,[37],[0]
2026-03-01T14:35:21+01:00,[38],[0]
2026-03-01T14:45:21+01:00,[38],[0]
2026-03-01T14:55:20+01:00,[37],[0]
2026-03-01T15:05:20+01:00,[37],[0]
2026-03-01T15:15:21+01:00,[38],[0]
2026-03-01T15:25:20+01:00,[38],[0]
2026-03-01T15:35:19+01:00,[37],[0]
2026-03-01T15:45:20+01:00,[37],[0]
2026-03-01T15:55:20+01:00,[37],[0]
2026-03-01T16:05:20+01:00,[37],[0]
2026-03-01T16:15:20+01:00,[37],[0]
2026-03-01T16:25:21+01:00,[37],[0]
2026-03-01T16:35:20+01:00,[37],[0]
2026-03-01T16:45:21+01:00,[38],[0]
2026-03-01T17:00:00+01:00,[60],[0]
2026-03-02T00:35:17+01:00,[37],[0]
2026-03-02T00:45:17+01:00,[37],[0]
2026-03-02T00:55:17+01:00,[37],[0]
2026-03-02T01:05:18+01:00,[37],[0]
2026-03-02T01:15:18+01:00,[38],[0]
2026-03-02T01:25:17+01:00,[37],[0]
2026-03-02T01:35:17+01:00,[37],[0]
2026-03-02T01:55:18+01:00,[37],[0]
2026-03-02T02:05:18+01:00,[38],[0]
2026-03-02T02:15:17+01:00,[37],[0]
2026-03-02T02:25:17+01:00,[37],[0]
2026-03-02T02:35:17+01:00,[37],[0]
2026-03-02T02:45:17+01:00,[37],[0]
2026-03-02T02:55:17+01:00,[37],[0]
2026-03-02T03:05:17+01:00,[37],[0]
2026-03-02T03:15:18+01:00,[38],[0]
2026-03-02T03:25:17+01:00,[37],[0]
2026-03-02T03:35:17+01:00,[37],[0]
2026-03-02T03:45:17+01:00,[37],[0]
2026-03-02T03:55:17+01:00,[37],[0]
2026-03-02T04:05:18+01:00,[38],[0]
2026-03-02T04:15:17+01:00,[37],[0]
2026-03-02T04:25:17+01:00,[37],[0]
2026-03-02T04:35:17+01:00,[37],[0]
2026-03-02T04:45:17+01:00,[37],[0]
2026-03-02T04:55:17+01:00,[37],[0]
2026-03-02T05:05:18+01:00,[37],[0]
2026-03-02T05:15:17+01:00,[37],[0]
2026-03-02T05:25:17+01:00,[37],[0]
2026-03-02T05:35:17+01:00,[37],[0]
2026-03-02T05:45:17+01:00,[37],[0]
2026-03-02T05:55:18+01:00,[38],[0]
2026-03-02T06:05:18+01:00,[38],[0]
2026-03-02T06:15:17+01:00,[37],[0]
2026-03-02T06:25:16+01:00,[37],[0]
2026-03-02T06:35:18+01:00,[37],[0]
2026-03-02T06:45:17+01:00,[37],[0]
2026-02-28T07:45:21+01:00,[37],[0]
2026-02-28T07:55:20+01:00,[37],[0]
2026-02-28T08:05:20+01:00,[37],[0]
2026-02-28T08:15:20+01:00,[37],[0]
2026-02-28T08:25:20+01:00,[37],[0]
2026-02-28T08:45:21+01:00,[38],[0]
2026-02-28T08:55:20+01:00,[37],[0]
2026-02-28T09:05:21+01:00,[38],[0]
2026-02-28T09:15:21+01:00,[38],[0]
2026-02-28T09:25:20+01:00,[37],[0]
2026-02-28T09:35:20+01:00,[38],[0]
2026-02-28T09:45:21+01:00,[38],[0]
2026-02-28T09:55:20+01:00,[37],[0]
2026-02-28T10:05:19+01:00,[37],[0]
2026-02-28T10:15:20+01:00,[37],[0]
2026-02-28T10:25:20+01:00,[24],[0]
2026-02-28T10:35:19+01:00,[36],[0]
2026-02-28T10:55:21+01:00,[37],[0]
2026-02-28T11:05:19+01:00,[37],[0]
2026-02-28T11:15:20+01:00,[37],[0]
2026-02-28T11:25:19+01:00,[37],[0]
2026-02-28T12:35:20+01:00,[37],[0]
2026-02-28T12:45:20+01:00,[37],[0]
2026-02-28T12:55:20+01:00,[37],[0]
2026-02-28T13:05:20+01:00,[37],[0]
2026-02-28T13:15:20+01:00,[37],[0]
2026-02-28T13:25:21+01:00,[38],[0]
2026-02-28T13:35:19+01:00,[37],[0]
2026-02-28T13:55:20+01:00,[38],[0]
2026-02-28T14:05:20+01:00,[37],[0]
2026-02-28T15:25:21+01:00,[37],[0]
2026-02-28T15:45:21+01:00,[38],[0]
2026-02-28T16:15:20+01:00,[37],[0]
2026-02-28T16:35:20+01:00,[37],[0]
2026-02-28T16:45:19+01:00,[37],[0]
2026-02-28T16:55:20+01:00,[38],[0]
2026-02-28T17:05:20+01:00,[37],[0]
2026-02-28T17:15:20+01:00,[37],[0]
2026-02-28T17:25:21+01:00,[38],[0]
2026-02-28T17:00:00+01:00,[60],[0]
2026-03-01T00:57:13+01:00,[38],[0]
2026-03-01T01:05:21+01:00,[38],[0]
2026-03-01T01:15:21+01:00,[38],[0]
2026-03-01T01:25:20+01:00,[37],[0]
2026-03-01T01:35:20+01:00,[37],[0]
2026-03-01T01:45:19+01:00,[37],[0]
2026-03-01T01:55:21+01:00,[38],[0]
2026-03-01T02:05:20+01:00,[37],[0]
2026-03-01T02:15:20+01:00,[37],[0]
2026-03-01T02:25:20+01:00,[38],[0]
2026-03-01T02:35:21+01:00,[38],[0]
2026-03-01T02:45:21+01:00,[38],[0]
2026-03-01T02:55:20+01:00,[37],[0]
2026-03-01T03:05:20+01:00,[37],[0]
2026-03-01T03:15:20+01:00,[37],[0]
2026-03-01T03:25:21+01:00,[38],[0]
2026-03-01T03:35:21+01:00,[37],[0]
2026-03-01T03:45:20+01:00,[38],[0]
2026-03-01T03:55:19+01:00,[37],[0]
2026-03-01T04:05:21+01:00,[38],[0]
2026-03-01T04:25:21+01:00,[38],[0]
2026-03-01T04:35:21+01:00,[38],[0]
2026-03-01T04:45:20+01:00,[37],[0]
2026-03-01T04:55:20+01:00,[37],[0]
2026-03-01T05:05:21+01:00,[37],[0]
2026-03-01T05:25:20+01:00,[38],[0]
2026-03-01T05:35:21+01:00,[38],[0]
2026-03-01T05:45:20+01:00,[37],[0]
2026-03-01T05:55:21+01:00,[38],[0]
2026-03-01T06:15:20+01:00,[38],[0]
2026-03-01T06:35:20+01:00,[37],[0]
2026-02-27T06:45:20+01:00,[37],[0]
2026-02-27T06:55:21+01:00,[38],[0]
2026-02-27T07:05:20+01:00,[37],[0]
2026-02-27T07:15:20+01:00,[37],[0]
2026-02-27T07:25:20+01:00,[37],[0]
2026-02-27T07:35:20+01:00,[37],[0]
2026-02-27T07:45:20+01:00,[37],[0]
2026-02-27T07:55:20+01:00,[37],[0]
2026-02-27T08:05:20+01:00,[37],[0]
2026-02-27T08:15:20+01:00,[37],[0]
2026-02-27T08:25:21+01:00,[37],[0]
2026-02-27T08:35:20+01:00,[37],[0]
2026-02-27T08:45:20+01:00,[37],[0]
2026-02-27T08:55:21+01:00,[38],[0]
2026-02-27T09:05:20+01:00,[37],[0]
2026-02-27T09:15:20+01:00,[37],[0]
2026-02-27T09:25:20+01:00,[37],[0]
2026-02-27T09:35:20+01:00,[37],[0]
2026-02-27T09:45:20+01:00,[37],[0]
2026-02-27T09:55:20+01:00,[38],[0]
2026-02-27T10:05:20+01:00,[38],[0]
2026-02-27T10:15:19+01:00,[37],[0]
2026-02-27T10:25:19+01:00,[37],[0]
2026-02-27T10:35:20+01:00,[37],[0]
2026-02-27T10:45:19+01:00,[37],[0]
2026-02-27T11:05:21+01:00,[37],[0]
2026-02-27T11:15:19+01:00,[37],[0]
2026-02-27T11:25:19+01:00,[37],[0]
2026-02-27T11:35:20+01:00,[37],[0]
2026-02-27T11:45:20+01:00,[37],[0]
2026-02-27T11:55:21+01:00,[38],[0]
2026-02-27T12:05:20+01:00,[37],[0]
2026-02-27T12:15:20+01:00,[37],[0]
2026-02-27T12:45:21+01:00,[38],[0]
2026-02-27T13:05:21+01:00,[38],[0]
2026-02-27T13:15:21+01:00,[37],[0]
2026-02-27T13:25:21+01:00,[37],[0]
2026-02-27T13:35:20+01:00,[37],[0]
2026-02-27T13:45:20+01:00,[38],[0]
2026-02-27T14:05:19+01:00,[37],[0]
2026-02-27T14:35:20+01:00,[37],[0]
2026-02-27T14:45:21+01:00,[38],[0]
2026-02-27T14:55:19+01:00,[37],[0]
2026-02-27T15:05:20+01:00,[37],[0]
2026-02-27T15:15:20+01:00,[37],[0]
2026-02-27T15:25:20+01:00,[37],[0]
2026-02-27T15:35:21+01:00,[38],[0]
2026-02-27T15:45:21+01:00,[38],[0]
2026-02-27T15:55:20+01:00,[37],[0]
2026-02-27T16:05:20+01:00,[37],[0]
2026-02-27T17:00:00+01:00,[60],[0]
2026-02-28T03:15:21+01:00,[37],[0]
2026-02-28T03:25:20+01:00,[37],[0]
2026-02-28T03:35:20+01:00,[37],[0]
2026-02-28T03:45:20+01:00,[37],[0]
2026-02-28T03:55:20+01:00,[37],[0]
2026-02-28T04:05:20+01:00,[37],[0]
2026-02-28T04:25:19+01:00,[37],[0]
2026-02-28T04:35:19+01:00,[37],[0]
2026-02-28T05:15:20+01:00,[37],[0]
2026-02-28T05:35:21+01:00,[38],[0]
2026-02-28T05:45:19+01:00,[37],[0]
2026-02-28T05:55:21+01:00,[38],[0]
2026-02-28T06:05:20+01:00,[37],[0]
2026-02-28T06:15:20+01:00,[37],[0]
2026-02-28T06:35:20+01:00,[37],[0]
2026-02-28T06:55:20+01:00,[37],[0]
2026-02-28T07:05:20+01:00,[37],[0]
2026-02-28T07:15:20+01:00,[37],[0]
2026-02-28T07:25:20+01:00,[37],[0]
2026-02-26T09:35:23+01:00,[37],[0]
2026-02-26T10:05:24+01:00,[38],[0]
2026-02-26T10:15:23+01:00,[37],[0]
2026-02-26T10:25:23+01:00,[37],[0]
2026-02-26T11:45:23+01:00,[37],[0]
2026-02-26T11:55:23+01:00,[37],[0]
2026-02-26T12:05:23+01:00,[37],[0]
2026-02-26T12:15:23+01:00,[37],[0]
2026-02-26T12:25:24+01:00,[37],[0]
2026-02-26T12:35:23+01:00,[38],[0]
2026-02-26T12:45:22+01:00,[37],[0]
2026-02-26T13:15:23+01:00,[37],[0]
2026-02-26T13:25:24+01:00,[38],[0]
2026-02-26T13:35:23+01:00,[37],[0]
2026-02-26T13:45:24+01:00,[38],[0]
2026-02-26T13:55:23+01:00,[38],[0]
2026-02-26T14:05:23+01:00,[37],[0]
2026-02-26T14:15:23+01:00,[37],[0]
2026-02-26T14:25:23+01:00,[37],[0]
2026-02-26T14:35:23+01:00,[38],[0]
2026-02-26T14:45:23+01:00,[37],[0]
2026-02-26T14:55:23+01:00,[37],[0]
2026-02-26T17:00:00+01:00,[60],[0]
2026-02-27T01:25:21+01:00,[38],[0]
2026-02-27T01:35:20+01:00,[37],[0]
2026-02-27T01:45:20+01:00,[38],[0]
2026-02-27T01:55:21+01:00,[37],[0]
2026-02-27T02:05:20+01:00,[37],[0]
2026-02-27T02:15:20+01:00,[37],[0]
2026-02-27T02:25:21+01:00,[38],[0]
2026-02-27T02:35:20+01:00,[37],[0]
2026-02-27T02:45:20+01:00,[37],[0]
2026-02-27T02:55:21+01:00,[38],[0]
2026-02-27T03:05:20+01:00,[38],[0]
2026-02-27T03:15:21+01:00,[38],[0]
2026-02-27T03:25:20+01:00,[37],[0]
2026-02-27T03:35:20+01:00,[37],[0]
2026-02-27T03:45:20+01:00,[37],[0]
2026-02-27T03:55:20+01:00,[37],[0]
2026-02-27T04:05:21+01:00,[38],[0]
2026-02-27T04:15:20+01:00,[38],[0]
2026-02-27T04:25:21+01:00,[38],[0]
2026-02-27T04:35:20+01:00,[37],[0]
2026-02-27T04:45:20+01:00,[37],[0]
2026-02-27T04:55:19+01:00,[37],[0]
2026-02-27T05:05:20+01:00,[37],[0]
2026-02-27T05:15:20+01:00,[37],[0]
2026-02-27T05:25:21+01:00,[38],[0]
2026-02-27T05:35:20+01:00,[37],[0]
2026-02-27T05:45:20+01:00,[37],[0]
2026-02-27T05:55:20+01:00,[37],[0]
2026-02-27T06:05:19+01:00,[37],[0]
2026-02-27T06:15:20+01:00,[37],[0]
2026-02-27T06:25:20+01:00,[37],[0]
2026-02-27T06:35:20+01:00,[37],[0]
2026-02-25T08:35:23+01:00,[37],[0]
2026-02-25T08:45:23+01:00,[37],[0]
2026-02-25T08:55:23+01:00,[37],[0]
2026-02-25T09:05:23+01:00,[37],[0]
2026-02-25T09:15:23+01:00,[37],[0]
2026-02-25T09:25:24+01:00,[37],[0]
2026-02-25T09:35:24+01:00,[38],[0]
2026-02-25T09:45:24+01:00,[38],[0]
2026-02-25T09:55:23+01:00,[37],[0]
2026-02-25T10:05:23+01:00,[37],[0]
2026-02-25T10:15:22+01:00,[37],[0]
2026-02-25T10:35:23+01:00,[37],[0]
2026-02-25T10:45:23+01:00,[37],[0]
2026-02-25T10:55:22+01:00,[37],[0]
2026-02-25T11:05:23+01:00,[37],[0]
2026-02-25T11:25:22+01:00,[37],[0]
2026-02-25T11:35:24+01:00,[38],[0]
2026-02-25T13:55:24+01:00,[38],[0]
2026-02-25T14:05:23+01:00,[37],[0]
2026-02-25T14:15:24+01:00,[37],[0]
2026-02-25T14:25:23+01:00,[38],[0]
2026-02-25T17:00:00+01:00,[60],[0]
2026-02-25T23:35:23+01:00,[37],[0]
2026-02-25T23:39:20+01:00,[1],[0]
2026-02-25T23:39:23+01:00,"[18,30,30]","[0,0,0]"
2026-02-25T23:40:42+01:00,"[30,30,30,30,22,30,30,30,30,22,30,30,30,7]","[0,0,0,0,0,0,0,0,0,0,0,0,0,0]"
2026-02-25T23:47:33+01:00,"[10,30,30,38,52,30,30,30,30,15,30,30,31,9,30,18,30,30,30,17,24,11,30,20,17,30,30,21]","[0,0,0,0,0,0,0,0,0,0,0,0,0,0,0,0,0,0,0,0,0,0,0,0,0,0,0,0]"
2026-02-25T23:59:25+01:00,[21],[0]
2026-02-26T00:00:46+01:00,[37],[0]
2026-02-26T00:05:23+01:00,[37],[0]
2026-02-26T00:15:23+01:00,[37],[0]
2026-02-26T04:55:22+01:00,[37],[0]
2026-02-26T05:05:23+01:00,[37],[0]
2026-02-26T05:15:23+01:00,[37],[0]
2026-02-26T05:25:24+01:00,[38],[0]
2026-02-26T05:35:23+01:00,[37],[0]
2026-02-26T05:45:23+01:00,[37],[0]
2026-02-26T05:55:24+01:00,[38],[0]
2026-02-26T06:05:22+01:00,[37],[0]
2026-02-26T06:15:24+01:00,[37],[0]
2026-02-26T06:25:23+01:00,[37],[0]
2026-02-26T06:35:24+01:00,[38],[0]
2026-02-26T06:45:23+01:00,[37],[0]
2026-02-26T06:55:24+01:00,[37],[0]
2026-02-26T07:05:23+01:00,[37],[0]
2026-02-26T07:15:23+01:00,[38],[0]
2026-02-26T07:25:23+01:00,[38],[0]
2026-02-26T07:35:23+01:00,[37],[0]
2026-02-26T07:45:24+01:00,[38],[0]
2026-02-26T07:55:23+01:00,[37],[0]
2026-02-26T08:05:23+01:00,[38],[0]
2026-02-26T08:15:24+01:00,[38],[0]
2026-02-26T08:25:23+01:00,[37],[0]
2026-02-26T08:35:24+01:00,[38],[0]
2026-02-26T08:45:24+01:00,[38],[0]
2026-02-26T08:55:24+01:00,[38],[0]
2026-02-26T09:05:23+01:00,[37],[0]
2026-02-26T09:15:23+01:00,[37],[0]
2026-02-26T09:25:23+01:00,[37],[0]
2026-02-24T09:35:22+01:00,[37],[0]
2026-02-24T09:45:24+01:00,[38],[0]
2026-02-24T09:55:24+01:00,[38],[0]
2026-02-24T10:15:23+01:00,[37],[0]
2026-02-24T10:25:24+01:00,[38],[0]
2026-02-24T10:35:23+01:00,[37],[0]
2026-02-24T11:05:23+01:00,[37],[0]
2026-02-24T11:25:23+01:00,[37],[0]
2026-02-24T11:35:23+01:00,[37],[0]
2026-02-24T11:45:22+01:00,[37],[0]
2026-02-24T11:55:24+01:00,[38],[0]
2026-02-24T12:05:22+01:00,[37],[0]
2026-02-24T12:15:24+01:00,[38],[0]
2026-02-24T12:25:22+01:00,[37],[0]
2026-02-24T12:35:24+01:00,[38],[0]
2026-02-24T12:45:24+01:00,[37],[0]
2026-02-24T12:55:23+01:00,[37],[0]
2026-02-24T13:15:23+01:00,[37],[0]
2026-02-24T13:45:23+01:00,[37],[0]
2026-02-24T13:55:23+01:00,[37],[0]
2026-02-24T14:05:23+01:00,[38],[0]
2026-02-24T14:15:23+01:00,[37],[0]
2026-02-24T14:25:24+01:00,[38],[0]
2026-02-24T14:35:24+01:00,[38],[0]
2026-02-24T14:45:22+01:00,[37],[0]
2026-02-24T14:55:22+01:00,[37],[0]
2026-02-24T15:05:22+01:00,[37],[0]
2026-02-24T15:15:22+01:00,[37],[0]
2026-02-24T15:25:22+01:00,[37],[0]
2026-02-24T15:35:22+01:00,[37],[0]
2026-02-24T15:45:24+01:00,[37],[0]
2026-02-24T15:55:24+01:00,[38],[0]
2026-02-24T17:00:00+01:00,[60],[0]
2026-02-25T00:25:24+01:00,[37],[0]
2026-02-25T00:35:23+01:00,[37],[0]
2026-02-25T00:45:23+01:00,[37],[0]
2026-02-25T00:55:24+01:00,[37],[0]
2026-02-25T01:05:24+01:00,[37],[0]
2026-02-25T01:15:24+01:00,[38],[0]
2026-02-25T01:25:23+01:00,[38],[0]
2026-02-25T01:35:23+01:00,[37],[0]
2026-02-25T01:45:23+01:00,[37],[0]
2026-02-25T01:55:23+01:00,[37],[0]
2026-02-25T02:05:24+01:00,[37],[0]
2026-02-25T02:15:23+01:00,[37],[0]
2026-02-25T02:25:23+01:00,[37],[0]
2026-02-25T02:35:24+01:00,[37],[0]
2026-02-25T02:45:23+01:00,[37],[0]
2026-02-25T02:55:23+01:00,[37],[0]
2026-02-25T03:05:24+01:00,[38],[0]
2026-02-25T03:15:23+01:00,[37],[0]
2026-02-25T03:25:23+01:00,[37],[0]
2026-02-25T03:35:24+01:00,[38],[0]
2026-02-25T03:45:24+01:00,[38],[0]
2026-02-25T04:05:23+01:00,[37],[0]
2026-02-25T04:15:24+01:00,[37],[0]
2026-02-25T06:25:40+01:00,[37],[0]
2026-02-25T06:35:23+01:00,[37],[0]
2026-02-25T06:45:23+01:00,[37],[0]
2026-02-25T06:55:23+01:00,[37],[0]
2026-02-25T07:05:22+01:00,[37],[0]
2026-02-25T07:15:24+01:00,[38],[0]
2026-02-25T07:25:23+01:00,[37],[0]
2026-02-25T07:35:23+01:00,[37],[0]
2026-02-25T07:45:23+01:00,[37],[0]
2026-02-25T07:55:23+01:00,[37],[0]
2026-02-25T08:05:23+01:00,[37],[0]
2026-02-25T08:15:23+01:00,[37],[0]
2026-02-23T09:35:26+01:00,[37],[0]
2026-02-23T09:45:26+01:00,[37],[0]
2026-02-23T10:15:26+01:00,[38],[0]
2026-02-23T10:25:26+01:00,[37],[0]
2026-02-23T10:35:26+01:00,[37],[0]
2026-02-23T10:45:26+01:00,[37],[0]
2026-02-23T11:05:26+01:00,[37],[0]
2026-02-23T11:15:26+01:00,[37],[0]
2026-02-23T11:25:26+01:00,[37],[0]
2026-02-23T11:35:26+01:00,[37],[0]
2026-02-23T11:45:26+01:00,[37],[0]
2026-02-23T11:55:26+01:00,[37],[0]
2026-02-23T12:05:26+01:00,[37],[0]
2026-02-23T12:15:26+01:00,[37],[0]
2026-02-23T12:25:26+01:00,[37],[0]
2026-02-23T12:35:26+01:00,[37],[0]
2026-02-23T12:45:27+01:00,[38],[0]
2026-02-23T12:55:26+01:00,[37],[0]
2026-02-23T13:05:26+01:00,[37],[0]
2026-02-23T13:15:26+01:00,[37],[0]
2026-02-23T13:25:26+01:00,[37],[0]
2026-02-23T13:35:26+01:00,[37],[0]
2026-02-23T13:45:27+01:00,[38],[0]
2026-02-23T13:55:27+01:00,[38],[0]
2026-02-23T14:05:26+01:00,[37],[0]
2026-02-23T14:15:26+01:00,[37],[0]
2026-02-23T14:35:25+01:00,[37],[0]
2026-02-23T14:45:27+01:00,[38],[0]
2026-02-23T14:55:26+01:00,[37],[0]
2026-02-23T15:05:27+01:00,[38],[0]
2026-02-23T15:15:26+01:00,[37],[0]
2026-02-23T15:25:26+01:00,[37],[0]
2026-02-23T17:00:00+01:00,[60],[0]
2026-02-24T00:55:23+01:00,[37],[0]
2026-02-24T01:05:23+01:00,[37],[0]
2026-02-24T01:15:24+01:00,[38],[0]
2026-02-24T01:25:23+01:00,[37],[0]
2026-02-24T01:35:24+01:00,[37],[0]
2026-02-24T01:45:23+01:00,[38],[0]
2026-02-24T01:55:24+01:00,[37],[0]
2026-02-24T02:05:24+01:00,[38],[0]
2026-02-24T02:15:23+01:00,[37],[0]
2026-02-24T02:25:23+01:00,[37],[0]
2026-02-24T02:35:24+01:00,[38],[0]
2026-02-24T02:45:23+01:00,[37],[0]
2026-02-24T02:55:24+01:00,[38],[0]
2026-02-24T03:05:23+01:00,[37],[0]
2026-02-24T03:15:24+01:00,[37],[0]
2026-02-24T03:25:23+01:00,[37],[0]
2026-02-24T03:35:22+01:00,[37],[0]
2026-02-24T03:45:24+01:00,[37],[0]
2026-02-24T03:55:24+01:00,[38],[0]
2026-02-24T04:05:23+01:00,[38],[0]
2026-02-24T04:15:24+01:00,[38],[0]
2026-02-24T04:25:24+01:00,[38],[0]
2026-02-24T04:35:23+01:00,[37],[0]
2026-02-24T04:45:23+01:00,[37],[0]
2026-02-24T04:55:24+01:00,[38],[0]
2026-02-24T05:05:23+01:00,[37],[0]
2026-02-24T05:15:24+01:00,[38],[0]
2026-02-24T05:25:22+01:00,[37],[0]
2026-02-24T05:45:22+01:00,[37],[0]
2026-02-24T05:55:23+01:00,[37],[0]
2026-02-24T06:05:23+01:00,[37],[0]
2026-02-24T06:15:24+01:00,[37],[0]
2026-02-24T06:25:23+01:00,[37],[0]
2026-02-24T06:35:24+01:00,[38],[0]
2026-02-24T06:45:23+01:00,[37],[0]
2026-02-24T06:55:23+01:00,[37],[0]
2026-02-24T07:05:23+01:00,[37],[0]
2026-02-24T07:15:23+01:00,[37],[0]
2026-02-24T07:25:23+01:00,[37],[0]
2026-02-24T07:35:23+01:00,[37],[0]
2026-02-24T07:45:24+01:00,[37],[0]
2026-02-24T07:55:23+01:00,[37],[0]
2026-02-24T08:05:23+01:00,[37],[0]
2026-02-24T08:15:24+01:00,[38],[0]
2026-02-24T08:25:23+01:00,[37],[0]
2026-02-24T08:35:23+01:00,[37],[0]
2026-02-24T08:45:23+01:00,[37],[0]
2026-02-24T08:55:24+01:00,[38],[0]
2026-02-24T09:15:23+01:00,[37],[0]
2026-02-22T07:25:26+01:00,[37],[0]
2026-02-22T07:35:25+01:00,[37],[0]
2026-02-22T07:45:26+01:00,[37],[0]
2026-02-22T08:05:26+01:00,[37],[0]
2026-02-22T08:15:26+01:00,[38],[0]
2026-02-22T08:25:26+01:00,[37],[0]
2026-02-22T08:35:27+01:00,[38],[0]
2026-02-22T09:09:12+01:00,[1],[0]
2026-02-22T09:09:42+01:00,"[30,30]","[0,0]"
2026-02-22T09:10:43+01:00,"[30,30,30,30,22,30,30,30,30]","[0,0,0,0,0,0,0,0,0]"
2026-02-22T09:15:27+01:00,"[30,30,30,30,22,30,30,30,30,30,4,30,30,30,30,22,30,30,30,30,22,30,30,30,30,22,30,30,30,30,22,30,30,30,30,23,30,30,30,30,28,30,30,30,30,22,30,30,30,30,28,30,30,30,30,22,30,30,30,30,22,30,30,30,30,22,30,30,30,30,23,30,30,30,30,22,30,30,30,30,22,30,30]","[0,0,0,0,0,0,0,0,0,0,0,0,0,0,0,0,0,0,0,0,0,0,0,0,0,0,0,0,0,0,0,0,0,0,0,0,0,0,0,0,0,0,0,0,0,0,0,0,0,0,0,0,0,0,0,0,0,0,0,0,0,0,0,0,0,0,0,0,0,0,0,0,0,0,0,0,0,0,0,0,0,0,0]"
2026-02-22T09:55:15+01:00,"[30,28,30,30,30,30,22,30,30,30,6,30,10,30,20]","[0,0,0,0,0,0,0,0,0,0,0,0,0,0,0]"
2026-02-22T10:02:44+01:00,[37],[0]
2026-02-22T10:05:26+01:00,[38],[0]
2026-02-22T10:25:26+01:00,[37],[0]
2026-02-22T10:35:26+01:00,[37],[0]
2026-02-22T10:45:26+01:00,[37],[0]
2026-02-22T10:55:27+01:00,[38],[0]
2026-02-22T12:15:26+01:00,[37],[0]
2026-02-22T12:25:25+01:00,[37],[0]
2026-02-22T12:35:26+01:00,[37],[0]
2026-02-22T12:45:25+01:00,[37],[0]
2026-02-22T10:01:21+01:00,[20],[0]
2026-02-22T12:55:26+01:00,[37],[0]
2026-02-22T13:05:27+01:00,[38],[0]
2026-02-22T13:15:26+01:00,[37],[0]
2026-02-22T13:25:26+01:00,[37],[0]
2026-02-22T13:35:27+01:00,[37],[0]
2026-02-22T13:45:25+01:00,[37],[0]
2026-02-22T13:55:26+01:00,[38],[0]
2026-02-22T14:05:26+01:00,[38],[0]
2026-02-22T14:25:26+01:00,[37],[0]
2026-02-22T14:35:26+01:00,[37],[0]
2026-02-22T14:45:26+01:00,[37],[0]
2026-02-22T14:55:26+01:00,[37],[0]
2026-02-22T15:05:26+01:00,[38],[0]
2026-02-22T15:15:26+01:00,[37],[0]
2026-02-22T17:00:00+01:00,[60],[0]
2026-02-23T00:35:27+01:00,[38],[0]
2026-02-23T00:55:27+01:00,[37],[0]
2026-02-23T01:05:27+01:00,[38],[0]
2026-02-23T01:15:27+01:00,[37],[0]
2026-02-23T01:25:34+01:00,[37],[0]
2026-02-23T01:35:26+01:00,[37],[0]
2026-02-23T01:45:26+01:00,[37],[0]
2026-02-23T01:55:26+01:00,[37],[0]
2026-02-23T02:05:27+01:00,[38],[0]
2026-02-23T02:15:26+01:00,[38],[0]
2026-02-23T02:25:26+01:00,[37],[0]
2026-02-23T02:35:26+01:00,[37],[0]
2026-02-23T02:45:27+01:00,[38],[0]
2026-02-23T02:53:35+01:00,[84],[0]
2026-02-23T02:55:26+01:00,[37],[0]
2026-02-23T03:05:26+01:00,[37],[0]
2026-02-23T03:15:26+01:00,[37],[0]
2026-02-23T03:25:27+01:00,[38],[0]
2026-02-23T03:35:26+01:00,[37],[0]
2026-02-23T03:45:26+01:00,[37],[0]
2026-02-23T03:55:26+01:00,[38],[0]
2026-02-23T04:05:26+01:00,[37],[0]
2026-02-23T04:15:26+01:00,[37],[0]
2026-02-23T06:25:25+01:00,[37],[0]
2026-02-23T06:35:27+01:00,[38],[0]
2026-02-23T06:45:26+01:00,[37],[0]
2026-02-23T06:55:26+01:00,[37],[0]
2026-02-23T07:05:26+01:00,[37],[0]
2026-02-23T07:15:26+01:00,[37],[0]
2026-02-23T07:25:26+01:00,[37],[0]
2026-02-23T07:35:26+01:00,[38],[0]
2026-02-23T07:45:26+01:00,[38],[0]
2026-02-23T07:55:26+01:00,[37],[0]
2026-02-23T08:05:26+01:00,[37],[0]
2026-02-23T08:15:26+01:00,[37],[0]
2026-02-23T08:25:26+01:00,[37],[0]
2026-02-23T08:35:27+01:00,[38],[0]
2026-02-23T08:45:27+01:00,[38],[0]
2026-02-23T08:55:26+01:00,[37],[0]
2026-02-23T09:05:26+01:00,[37],[0]
2026-02-23T09:15:26+01:00,[37],[0]
2026-02-23T09:25:26+01:00,[37],[0]
2026-02-21T07:15:27+01:00,[9],[0]
2026-02-21T07:25:26+01:00,[37],[0]
2026-02-21T07:35:27+01:00,[38],[0]
2026-02-21T07:45:26+01:00,[37],[0]
2026-02-21T07:55:26+01:00,[37],[0]
2026-02-21T08:05:26+01:00,[37],[0]
2026-02-21T08:15:26+01:00,[37],[0]
2026-02-21T08:25:26+01:00,[37],[0]
2026-02-21T08:35:26+01:00,[37],[0]
2026-02-21T08:45:26+01:00,[37],[0]
2026-02-21T08:55:26+01:00,[37],[0]
2026-02-21T09:05:26+01:00,[38],[0]
2026-02-21T09:15:26+01:00,[37],[0]
2026-02-21T09:25:26+01:00,[37],[0]
2026-02-21T09:35:26+01:00,[37],[0]
2026-02-21T09:45:26+01:00,[37],[0]
2026-02-21T09:55:27+01:00,[38],[0]
2026-02-21T10:05:26+01:00,[37],[0]
2026-02-21T10:15:26+01:00,[37],[0]
2026-02-21T10:25:26+01:00,[37],[0]
2026-02-21T10:35:26+01:00,[37],[0]
2026-02-21T10:45:27+01:00,[37],[0]
2026-02-21T10:55:26+01:00,[38],[0]
2026-02-21T11:02:36+01:00,[1],[0]
2026-02-21T11:03:23+01:00,"[30,4,4,30,30,30,30,19,30,30,30,30,24,3,30,30]","[0,0,0,0,0,0,0,0,0,0,0,0,0,0,0,0]"
2026-02-21T11:10:10+01:00,"[30,30,32,27,30,30,24,30,30,30,30,12,15,30,30,30,30,20,60]","[0,0,0,0,0,0,0,0,0,0,0,0,0,0,0,0,0,0,0]"
2026-02-21T11:18:22+01:00,"[30,30,30,30,29,8,30,30,30,30]","[0,0,0,0,0,0,0,0,0,0]"
2026-02-21T11:22:29+01:00,[30],[0]
2026-02-21T11:23:46+01:00,[38],[0]
2026-02-21T11:25:26+01:00,[37],[0]
2026-02-21T11:35:26+01:00,[37],[0]
2026-02-21T11:45:26+01:00,[37],[0]
2026-02-21T11:55:27+01:00,[38],[0]
2026-02-21T12:05:26+01:00,[37],[0]
2026-02-21T12:25:25+01:00,[37],[0]
2026-02-21T12:35:26+01:00,[37],[0]
2026-02-21T12:45:26+01:00,[37],[0]
2026-02-21T12:55:26+01:00,[37],[0]
2026-02-21T13:05:26+01:00,[37],[0]
2026-02-21T13:15:26+01:00,[37],[0]
2026-02-21T13:25:25+01:00,[37],[0]
2026-02-21T13:35:27+01:00,[38],[0]
2026-02-21T13:45:26+01:00,[37],[0]
2026-02-21T13:55:26+01:00,[37],[0]
2026-02-21T14:05:26+01:00,[37],[0]
2026-02-21T14:15:26+01:00,[37],[0]
2026-02-21T14:25:27+01:00,[38],[0]
2026-02-21T14:35:27+01:00,[38],[0]
2026-02-21T14:45:27+01:00,[38],[0]
2026-02-21T14:55:26+01:00,[38],[0]
2026-02-21T15:05:26+01:00,[37],[0]
2026-02-21T15:15:27+01:00,[38],[0]
2026-02-21T15:25:26+01:00,[37],[0]
2026-02-21T15:35:26+01:00,[38],[0]
2026-02-21T15:45:25+01:00,[37],[0]
2026-02-21T15:55:26+01:00,[38],[0]
2026-02-21T16:05:26+01:00,[37],[0]
2026-02-21T16:15:26+01:00,[37],[0]
2026-02-21T16:25:27+01:00,[38],[0]
2026-02-21T16:35:26+01:00,[37],[0]
2026-02-21T17:00:00+01:00,[60],[0]
2026-02-21T23:35:26+01:00,[37],[0]
2026-02-21T23:45:26+01:00,[37],[0]
2026-02-21T23:55:27+01:00,[37],[0]
2026-02-22T00:05:27+01:00,[38],[0]
2026-02-22T00:15:27+01:00,[38],[0]
2026-02-22T00:25:26+01:00,[37],[0]
2026-02-22T00:35:27+01:00,[38],[0]
2026-02-22T00:45:26+01:00,[37],[0]
2026-02-22T00:55:26+01:00,[37],[0]
2026-02-22T01:05:26+01:00,[38],[0]
2026-02-22T01:15:26+01:00,[37],[0]
2026-02-22T01:25:26+01:00,[38],[0]
2026-02-22T01:35:27+01:00,[37],[0]
2026-02-22T01:45:26+01:00,[37],[0]
2026-02-22T01:55:26+01:00,[38],[0]
2026-02-22T02:05:27+01:00,[37],[0]
2026-02-22T02:15:26+01:00,[37],[0]
2026-02-22T02:25:26+01:00,[38],[0]
2026-02-22T02:35:27+01:00,[38],[0]
2026-02-22T02:45:26+01:00,[38],[0]
2026-02-22T02:55:26+01:00,[38],[0]
2026-02-22T03:05:25+01:00,[37],[0]
2026-02-22T03:15:26+01:00,[37],[0]
2026-02-22T03:25:26+01:00,[37],[0]
2026-02-22T03:35:27+01:00,[37],[0]
2026-02-22T03:45:26+01:00,[37],[0]
2026-02-22T03:55:27+01:00,[38],[0]
2026-02-22T04:05:26+01:00,[37],[0]
2026-02-22T04:35:26+01:00,[37],[0]
2026-02-22T04:45:26+01:00,[37],[0]
2026-02-22T04:55:26+01:00,[37],[0]
2026-02-22T05:05:26+01:00,[37],[0]
2026-02-20T09:15:28+01:00,[37],[0]
2026-02-20T09:25:30+01:00,[38],[0]
2026-02-20T09:45:30+01:00,[37],[0]
2026-02-20T09:55:29+01:00,[37],[0]
2026-02-20T10:05:30+01:00,[38],[0]
2026-02-20T10:15:29+01:00,[37],[0]
2026-02-20T10:55:28+01:00,[37],[0]
2026-02-20T11:05:29+01:00,[37],[0]
2026-02-20T11:15:29+01:00,[37],[0]
2026-02-20T11:25:30+01:00,[38],[0]
2026-02-20T11:35:29+01:00,[37],[0]
2026-02-20T11:45:28+01:00,[37],[0]
2026-02-20T12:15:29+01:00,[37],[0]
2026-02-20T12:25:29+01:00,[37],[0]
2026-02-20T12:35:29+01:00,[38],[0]
2026-02-20T12:45:29+01:00,[37],[0]
2026-02-20T12:55:29+01:00,[37],[0]
2026-02-20T13:05:29+01:00,[37],[0]
2026-02-20T13:15:29+01:00,[37],[0]
2026-02-20T13:25:30+01:00,[38],[0]
2026-02-20T13:35:28+01:00,[37],[0]
2026-02-20T13:45:29+01:00,[37],[0]
2026-02-20T13:55:30+01:00,[38],[0]
2026-02-20T14:05:29+01:00,[37],[0]
2026-02-20T14:15:29+01:00,[37],[0]
2026-02-20T14:25:29+01:00,[37],[0]
2026-02-20T14:35:29+01:00,[37],[0]
2026-02-20T14:45:29+01:00,[37],[0]
2026-02-20T14:55:29+01:00,[37],[0]
2026-02-20T15:05:29+01:00,[37],[0]
2026-02-20T15:15:29+01:00,[37],[0]
2026-02-20T17:00:00+01:00,[60],[0]
2026-02-21T02:55:26+01:00,[37],[0]
2026-02-21T03:25:27+01:00,[38],[0]
2026-02-21T03:35:27+01:00,[38],[0]
2026-02-21T03:55:26+01:00,[37],[0]
2026-02-21T04:15:26+01:00,[37],[0]
2026-02-21T04:25:25+01:00,[37],[0]
2026-02-21T04:35:25+01:00,[37],[0]
2026-02-21T04:45:26+01:00,[37],[0]
2026-02-21T04:55:26+01:00,[38],[0]
2026-02-21T05:05:27+01:00,[38],[0]
2026-02-21T05:15:25+01:00,[37],[0]
2026-02-21T05:25:26+01:00,[37],[0]
2026-02-21T05:35:27+01:00,[38],[0]
2026-02-21T05:45:27+01:00,[37],[0]
2026-02-21T05:55:26+01:00,[37],[0]
2026-02-21T06:05:26+01:00,[37],[0]
2026-02-21T06:15:25+01:00,[36],[0]
2026-02-19T06:45:29+01:00,[37],[0]
2026-02-19T06:55:29+01:00,[37],[0]
2026-02-19T07:05:29+01:00,[37],[0]
2026-02-19T07:15:29+01:00,[37],[0]
2026-02-19T07:25:30+01:00,[38],[0]
2026-02-19T07:35:30+01:00,[38],[0]
2026-02-19T07:45:29+01:00,[37],[0]
2026-02-19T07:55:30+01:00,[38],[0]
2026-02-19T08:05:29+01:00,[38],[0]
2026-02-19T08:15:30+01:00,[38],[0]
2026-02-19T08:25:29+01:00,[37],[0]
2026-02-19T08:35:29+01:00,[37],[0]
2026-02-19T08:45:29+01:00,[37],[0]
2026-02-19T08:55:29+01:00,[37],[0]
2026-02-19T09:05:29+01:00,[37],[0]
2026-02-19T09:15:29+01:00,[37],[0]
2026-02-19T09:25:29+01:00,[37],[0]
2026-02-19T09:35:29+01:00,[37],[0]
2026-02-19T09:55:29+01:00,[37],[0]
2026-02-19T10:05:29+01:00,[37],[0]
2026-02-19T10:15:29+01:00,[38],[0]
2026-02-19T10:25:29+01:00,[37],[0]
2026-02-19T10:35:29+01:00,[37],[0]
2026-02-19T10:45:29+01:00,[37],[0]
2026-02-19T10:55:29+01:00,[37],[0]
2026-02-19T11:05:30+01:00,[38],[0]
2026-02-19T11:15:29+01:00,[37],[0]
2026-02-19T11:25:29+01:00,[37],[0]
2026-02-19T11:55:28+01:00,[37],[0]
2026-02-19T12:05:30+01:00,[38],[0]
2026-02-19T12:15:29+01:00,[38],[0]
2026-02-19T12:25:30+01:00,[38],[0]
2026-02-19T12:35:30+01:00,[38],[0]
2026-02-19T12:45:28+01:00,[37],[0]
2026-02-19T12:55:28+01:00,[37],[0]
2026-02-19T13:15:29+01:00,[37],[0]
2026-02-19T13:25:29+01:00,[37],[0]
2026-02-19T13:35:29+01:00,[37],[0]
2026-02-19T13:45:29+01:00,[37],[0]
2026-02-19T13:55:29+01:00,[37],[0]
2026-02-19T14:05:29+01:00,[37],[0]
2026-02-19T14:15:29+01:00,[37],[0]
2026-02-19T14:25:29+01:00,[37],[0]
2026-02-19T14:45:29+01:00,[37],[0]
2026-02-19T14:55:29+01:00,[37],[0]
2026-02-19T15:05:30+01:00,[38],[0]
2026-02-19T15:15:29+01:00,[37],[0]
2026-02-19T15:25:29+01:00,[37],[0]
2026-02-19T15:35:30+01:00,[38],[0]
2026-02-19T17:00:00+01:00,[60],[0]
2026-02-20T00:35:30+01:00,[38],[0]
2026-02-20T00:45:29+01:00,[37],[0]
2026-02-20T00:55:29+01:00,[37],[0]
2026-02-20T01:15:29+01:00,[37],[0]
2026-02-20T01:25:29+01:00,[37],[0]
2026-02-20T01:35:29+01:00,[37],[0]
2026-02-20T01:45:30+01:00,[38],[0]
2026-02-20T01:55:29+01:00,[37],[0]
2026-02-20T02:05:29+01:00,[37],[0]
2026-02-20T02:15:29+01:00,[37],[0]
2026-02-20T02:25:29+01:00,[37],[0]
2026-02-20T02:35:29+01:00,[37],[0]
2026-02-20T02:45:29+01:00,[37],[0]
2026-02-20T02:55:29+01:00,[37],[0]
2026-02-20T03:05:29+01:00,[37],[0]
2026-02-20T03:15:29+01:00,[37],[0]
2026-02-20T03:25:29+01:00,[37],[0]
2026-02-20T03:35:29+01:00,[37],[0]
2026-02-20T03:45:29+01:00,[37],[0]
2026-02-20T03:55:29+01:00,[37],[0]
2026-02-20T04:05:29+01:00,[37],[0]
2026-02-20T04:15:29+01:00,[38],[0]
2026-02-20T04:25:29+01:00,[37],[0]
2026-02-20T04:35:29+01:00,[37],[0]
2026-02-20T04:45:29+01:00,[37],[0]
2026-02-20T05:05:30+01:00,[38],[0]
2026-02-20T05:15:29+01:00,[37],[0]
2026-02-20T05:25:29+01:00,[37],[0]
2026-02-20T05:35:29+01:00,[37],[0]
2026-02-20T05:45:29+01:00,[37],[0]
2026-02-20T05:55:30+01:00,[38],[0]
2026-02-20T06:05:29+01:00,[37],[0]
2026-02-20T06:15:29+01:00,[37],[0]
2026-02-20T06:25:29+01:00,[37],[0]
2026-02-20T06:35:29+01:00,[37],[0]
2026-02-20T06:45:29+01:00,[38],[0]
2026-02-20T06:55:30+01:00,[38],[0]
2026-02-20T07:05:29+01:00,[37],[0]
2026-02-20T07:15:29+01:00,[37],[0]
2026-02-20T07:25:30+01:00,[38],[0]
2026-02-20T07:35:30+01:00,[38],[0]
2026-02-20T07:45:29+01:00,[37],[0]
2026-02-20T08:05:29+01:00,[37],[0]
2026-02-20T08:15:29+01:00,[37],[0]
2026-02-20T08:25:28+01:00,[37],[0]
2026-02-20T08:35:29+01:00,[37],[0]
2026-02-20T08:45:55+01:00,[37],[0]
2026-02-18T09:35:29+01:00,[37],[0]
2026-02-18T09:45:29+01:00,[37],[0]
2026-02-18T09:55:29+01:00,[37],[0]
2026-02-18T10:05:29+01:00,[37],[0]
2026-02-18T10:15:30+01:00,[38],[0]
2026-02-18T10:25:29+01:00,[37],[0]
2026-02-18T10:35:29+01:00,[37],[0]
2026-02-18T10:45:29+01:00,[37],[0]
2026-02-18T10:55:29+01:00,[37],[0]
2026-02-18T11:05:29+01:00,[37],[0]
2026-02-18T11:15:30+01:00,[38],[0]
2026-02-18T11:25:29+01:00,[37],[0]
2026-02-18T11:35:29+01:00,[37],[0]
2026-02-18T11:45:29+01:00,[37],[0]
2026-02-18T12:05:29+01:00,[37],[0]
2026-02-18T12:15:29+01:00,[37],[0]
2026-02-18T12:25:28+01:00,[37],[0]
2026-02-18T12:35:29+01:00,[37],[0]
2026-02-18T12:45:30+01:00,[38],[0]
2026-02-18T12:55:29+01:00,[37],[0]
2026-02-18T13:05:29+01:00,[37],[0]
2026-02-18T13:15:30+01:00,[38],[0]
2026-02-18T13:25:29+01:00,[37],[0]
2026-02-18T17:00:00+01:00,[60],[0]
2026-02-19T00:05:29+01:00,[37],[0]
2026-02-19T00:15:29+01:00,[37],[0]
2026-02-19T00:25:29+01:00,[37],[0]
2026-02-19T00:45:29+01:00,[37],[0]
2026-02-19T00:55:29+01:00,[37],[0]
2026-02-19T01:05:29+01:00,[38],[0]
2026-02-19T01:25:29+01:00,[38],[0]
2026-02-19T01:35:28+01:00,[37],[0]
2026-02-19T01:45:30+01:00,[38],[0]
2026-02-19T01:55:29+01:00,[37],[0]
2026-02-19T02:05:29+01:00,[37],[0]
2026-02-19T02:15:29+01:00,[37],[0]
2026-02-19T02:25:29+01:00,[37],[0]
2026-02-19T02:35:29+01:00,[37],[0]
2026-02-19T02:45:29+01:00,[37],[0]
2026-02-19T02:55:29+01:00,[37],[0]
2026-02-19T03:05:28+01:00,[37],[0]
2026-02-19T03:15:30+01:00,[38],[0]
2026-02-19T03:25:29+01:00,[38],[0]
2026-02-19T03:35:29+01:00,[37],[0]
2026-02-19T03:45:29+01:00,[37],[0]
2026-02-19T03:55:29+01:00,[38],[0]
2026-02-19T04:05:29+01:00,[37],[0]
2026-02-19T04:15:28+01:00,[37],[0]
2026-02-19T04:25:29+01:00,[37],[0]
2026-02-19T04:35:30+01:00,[38],[0]
2026-02-19T04:45:29+01:00,[37],[0]
2026-02-19T04:55:29+01:00,[37],[0]
2026-02-19T05:05:29+01:00,[37],[0]
2026-02-19T05:25:29+01:00,[37],[0]
2026-02-19T05:35:30+01:00,[38],[0]
2026-02-19T05:45:29+01:00,[37],[0]
2026-02-19T06:05:29+01:00,[37],[0]
2026-02-19T06:15:30+01:00,[38],[0]
2026-02-19T06:25:29+01:00,[37],[0]
2026-02-19T06:35:29+01:00,[37],[0]
2026-02-17T09:35:33+01:00,[38],[0]
2026-02-17T09:45:32+01:00,[37],[0]
2026-02-17T09:55:32+01:00,[37],[0]
2026-02-17T10:05:33+01:00,[38],[0]
2026-02-17T10:25:32+01:00,[37],[0]
2026-02-17T10:35:33+01:00,[38],[0]
2026-02-17T10:45:32+01:00,[37],[0]
2026-02-17T11:05:32+01:00,[37],[0]
2026-02-17T11:15:31+01:00,[37],[0]
2026-02-17T11:35:33+01:00,[38],[0]
2026-02-17T11:45:33+01:00,[38],[0]
2026-02-17T11:55:33+01:00,[37],[0]
2026-02-17T12:05:33+01:00,[38],[0]
2026-02-17T12:15:32+01:00,[37],[0]
2026-02-17T12:25:31+01:00,[37],[0]
2026-02-17T12:35:32+01:00,[37],[0]
2026-02-17T12:45:33+01:00,[38],[0]
2026-02-17T12:55:33+01:00,[38],[0]
2026-02-17T13:05:31+01:00,[37],[0]
2026-02-17T13:15:32+01:00,[37],[0]
2026-02-17T13:25:33+01:00,[38],[0]
2026-02-17T13:35:32+01:00,[37],[0]
2026-02-17T13:55:31+01:00,[37],[0]
2026-02-17T14:05:32+01:00,[37],[0]
2026-02-17T14:15:33+01:00,[38],[0]
2026-02-17T14:25:31+01:00,[37],[0]
2026-02-17T14:35:31+01:00,[37],[0]
2026-02-17T14:45:31+01:00,[37],[0]
2026-02-17T14:55:33+01:00,[38],[0]
2026-02-17T15:15:31+01:00,[37],[0]
2026-02-17T15:25:33+01:00,[37],[0]
2026-02-17T15:35:32+01:00,[37],[0]
2026-02-17T15:45:33+01:00,[38],[0]
2026-02-17T17:00:00+01:00,[60],[0]
2026-02-18T00:05:32+01:00,[37],[0]
2026-02-18T00:15:32+01:00,[37],[0]
2026-02-18T00:35:29+01:00,[37],[0]
2026-02-18T00:45:29+01:00,[37],[0]
2026-02-18T00:55:29+01:00,[37],[0]
2026-02-18T01:05:29+01:00,[37],[0]
2026-02-18T01:15:29+01:00,[37],[0]
2026-02-18T01:25:29+01:00,[37],[0]
2026-02-18T01:35:29+01:00,[37],[0]
2026-02-18T01:45:30+01:00,[38],[0]
2026-02-18T01:55:29+01:00,[37],[0]
2026-02-18T02:05:29+01:00,[37],[0]
2026-02-18T02:15:29+01:00,[37],[0]
2026-02-18T02:25:29+01:00,[37],[0]
2026-02-18T02:35:29+01:00,[37],[0]
2026-02-18T02:45:30+01:00,[38],[0]
2026-02-18T02:55:30+01:00,[38],[0]
2026-02-18T03:05:29+01:00,[37],[0]
2026-02-18T03:15:29+01:00,[37],[0]
2026-02-18T03:25:29+01:00,[37],[0]
2026-02-18T03:35:29+01:00,[37],[0]
2026-02-18T03:45:30+01:00,[38],[0]
2026-02-18T03:55:29+01:00,[37],[0]
2026-02-18T04:05:30+01:00,[38],[0]
2026-02-18T04:16:21+01:00,[38],[0]
2026-02-18T04:25:29+01:00,[37],[0]
2026-02-18T04:35:30+01:00,[38],[0]
2026-02-18T04:45:29+01:00,[37],[0]
2026-02-18T04:55:29+01:00,[37],[0]
2026-02-18T05:05:29+01:00,[37],[0]
2026-02-18T05:25:30+01:00,[38],[0]
2026-02-18T05:45:29+01:00,[37],[0]
2026-02-18T05:55:29+01:00,[38],[0]
2026-02-18T06:05:29+01:00,[37],[0]
2026-02-18T06:15:29+01:00,[37],[0]
2026-02-18T06:25:29+01:00,[37],[0]
2026-02-18T06:35:29+01:00,[37],[0]
2026-02-18T06:45:29+01:00,[37],[0]
2026-02-18T06:55:29+01:00,[37],[0]
2026-02-18T07:05:29+01:00,[37],[0]
2026-02-18T07:15:29+01:00,[37],[0]
2026-02-18T07:35:29+01:00,[37],[0]
2026-02-18T07:45:29+01:00,[37],[0]
2026-02-18T07:55:29+01:00,[37],[0]
2026-02-18T08:05:30+01:00,[38],[0]
2026-02-18T08:15:29+01:00,[37],[0]
2026-02-18T08:25:29+01:00,[37],[0]
2026-02-18T08:35:29+01:00,[37],[0]
2026-02-18T08:45:29+01:00,[37],[0]
2026-02-18T08:55:29+01:00,[37],[0]
2026-02-18T09:05:29+01:00,[38],[0]
2026-02-18T09:15:29+01:00,[37],[0]
2026-02-16T09:35:32+01:00,[37],[0]
2026-02-16T09:45:32+01:00,[38],[0]
2026-02-16T09:55:32+01:00,[38],[0]
2026-02-16T10:05:31+01:00,[37],[0]
2026-02-16T10:15:32+01:00,[37],[0]
2026-02-16T10:35:32+01:00,[37],[0]
2026-02-16T10:45:32+01:00,[37],[0]
2026-02-16T10:55:32+01:00,[37],[0]
2026-02-16T11:15:32+01:00,[37],[0]
2026-02-16T11:25:32+01:00,[37],[0]
2026-02-16T11:35:32+01:00,[37],[0]
2026-02-16T11:45:32+01:00,[37],[0]
2026-02-16T11:55:32+01:00,[37],[0]
2026-02-16T12:05:33+01:00,[37],[0]
2026-02-16T12:15:33+01:00,[37],[0]
2026-02-16T12:25:32+01:00,[37],[0]
2026-02-16T12:35:33+01:00,[38],[0]
2026-02-16T12:45:32+01:00,[37],[0]
2026-02-16T12:55:32+01:00,[37],[0]
2026-02-16T13:05:33+01:00,[38],[0]
2026-02-16T13:15:32+01:00,[37],[0]
2026-02-16T13:25:32+01:00,[37],[0]
2026-02-16T13:35:32+01:00,[37],[0]
2026-02-16T13:45:31+01:00,[37],[0]
2026-02-16T13:55:31+01:00,[37],[0]
2026-02-16T14:05:32+01:00,[37],[0]
2026-02-16T14:15:33+01:00,[37],[0]
2026-02-16T14:25:32+01:00,[37],[0]
2026-02-16T14:35:33+01:00,[38],[0]
2026-02-16T14:45:31+01:00,[37],[0]
2026-02-16T14:55:32+01:00,[37],[0]
2026-02-16T15:05:33+01:00,[37],[0]
2026-02-16T15:15:32+01:00,[37],[0]
2026-02-16T15:25:32+01:00,[37],[0]
2026-02-16T15:35:32+01:00,[37],[0]
2026-02-16T17:00:00+01:00,[60],[0]
2026-02-16T23:05:33+01:00,[37],[0]
2026-02-16T23:15:32+01:00,[37],[0]
2026-02-16T23:25:32+01:00,[37],[0]
2026-02-16T23:55:32+01:00,[37],[0]
2026-02-17T00:05:32+01:00,[37],[0]
2026-02-17T00:25:32+01:00,[37],[0]
2026-02-17T00:35:33+01:00,[38],[0]
2026-02-17T00:45:33+01:00,[38],[0]
2026-02-17T00:55:32+01:00,[37],[0]
2026-02-17T01:05:32+01:00,[38],[0]
2026-02-17T01:15:32+01:00,[37],[0]
2026-02-17T01:25:32+01:00,[37],[0]
2026-02-17T01:35:32+01:00,[38],[0]
2026-02-17T01:45:32+01:00,[37],[0]
2026-02-17T01:55:32+01:00,[37],[0]
2026-02-17T02:05:32+01:00,[37],[0]
2026-02-17T02:15:32+01:00,[37],[0]
2026-02-17T02:25:32+01:00,[37],[0]
2026-02-17T02:35:32+01:00,[38],[0]
2026-02-17T02:45:32+01:00,[37],[0]
2026-02-17T02:55:32+01:00,[37],[0]
2026-02-17T03:05:32+01:00,[37],[0]
2026-02-17T03:15:32+01:00,[37],[0]
2026-02-17T03:25:32+01:00,[37],[0]
2026-02-17T03:35:32+01:00,[38],[0]
2026-02-17T03:55:32+01:00,[37],[0]
2026-02-17T04:05:32+01:00,[37],[0]
2026-02-17T04:15:32+01:00,[37],[0]
2026-02-17T04:25:32+01:00,[37],[0]
2026-02-17T04:35:32+01:00,[37],[0]
2026-02-17T04:45:34+01:00,[37],[0]
2026-02-17T04:55:32+01:00,[37],[0]
2026-02-17T05:05:33+01:00,[38],[0]
2026-02-17T05:15:39+01:00,[37],[0]
2026-02-17T05:25:32+01:00,[37],[0]
2026-02-17T05:35:32+01:00,[38],[0]
2026-02-17T05:45:33+01:00,[37],[0]
2026-02-17T05:55:32+01:00,[37],[0]
2026-02-17T06:05:32+01:00,[37],[0]
2026-02-17T06:15:32+01:00,[37],[0]
2026-02-17T06:25:32+01:00,[37],[0]
2026-02-17T06:35:32+01:00,[38],[0]
2026-02-17T06:45:32+01:00,[37],[0]
2026-02-17T06:55:32+01:00,[37],[0]
2026-02-17T07:05:32+01:00,[37],[0]
2026-02-17T07:15:33+01:00,[38],[0]
2026-02-17T07:25:32+01:00,[37],[0]
2026-02-17T07:35:32+01:00,[37],[0]
2026-02-17T07:55:32+01:00,[37],[0]
2026-02-17T08:05:32+01:00,[37],[0]
2026-02-17T08:15:32+01:00,[37],[0]
2026-02-17T08:25:32+01:00,[37],[0]
2026-02-17T08:35:32+01:00,[37],[0]
2026-02-17T08:45:33+01:00,[37],[0]
2026-02-17T09:05:32+01:00,[37],[0]
2026-02-17T09:15:33+01:00,[38],[0]
2026-02-17T09:25:33+01:00,[38],[0]
2026-02-15T06:45:33+01:00,[37],[0]
2026-02-15T06:55:33+01:00,[38],[0]
2026-02-15T07:05:31+01:00,[37],[0]
2026-02-15T07:15:32+01:00,[37],[0]
2026-02-15T07:25:33+01:00,[38],[0]
2026-02-15T07:35:32+01:00,[37],[0]
2026-02-15T07:45:32+01:00,[37],[0]
2026-02-15T07:55:32+01:00,[37],[0]
2026-02-15T08:05:32+01:00,[37],[0]
2026-02-15T08:15:32+01:00,[37],[0]
2026-02-15T08:25:32+01:00,[37],[0]
2026-02-15T08:35:32+01:00,[37],[0]
2026-02-15T08:45:33+01:00,[38],[0]
2026-02-15T08:55:32+01:00,[37],[0]
2026-02-15T09:05:31+01:00,[37],[0]
2026-02-15T09:25:32+01:00,[37],[0]
2026-02-15T09:35:32+01:00,[38],[0]
2026-02-15T09:45:31+01:00,[37],[0]
2026-02-15T09:55:32+01:00,[37],[0]
2026-02-15T10:15:33+01:00,[38],[0]
2026-02-15T10:25:33+01:00,[37],[0]
2026-02-15T10:35:32+01:00,[37],[0]
2026-02-15T10:45:32+01:00,[37],[0]
2026-02-15T10:56:13+01:00,[37],[0]
2026-02-15T11:05:32+01:00,[37],[0]
2026-02-15T11:15:32+01:00,[38],[0]
2026-02-15T11:25:32+01:00,[38],[0]
2026-02-15T11:35:32+01:00,[37],[0]
2026-02-15T11:45:31+01:00,[37],[0]
2026-02-15T11:55:32+01:00,[37],[0]
2026-02-15T12:05:31+01:00,[37],[0]
2026-02-15T12:15:33+01:00,[38],[0]
2026-02-15T12:25:31+01:00,[37],[0]
2026-02-15T12:35:33+01:00,[38],[0]
2026-02-15T13:05:45+01:00,[38],[0]
2026-02-15T13:15:32+01:00,[37],[0]
2026-02-15T13:25:33+01:00,[38],[0]
2026-02-15T13:35:33+01:00,[38],[0]
2026-02-15T13:45:32+01:00,[37],[0]
2026-02-15T13:55:32+01:00,[37],[0]
2026-02-15T14:05:32+01:00,[37],[0]
2026-02-15T14:15:32+01:00,[37],[0]
2026-02-15T14:25:32+01:00,[37],[0]
2026-02-15T17:00:00+01:00,[60],[0]
2026-02-16T01:05:31+01:00,[37],[0]
2026-02-16T01:15:32+01:00,[37],[0]
2026-02-16T01:35:32+01:00,[37],[0]
2026-02-16T01:45:32+01:00,[37],[0]
2026-02-16T01:55:33+01:00,[38],[0]
2026-02-16T02:05:32+01:00,[37],[0]
2026-02-16T02:15:32+01:00,[37],[0]
2026-02-16T02:25:32+01:00,[37],[0]
2026-02-16T02:35:32+01:00,[37],[0]
2026-02-16T02:45:32+01:00,[37],[0]
2026-02-16T02:55:32+01:00,[37],[0]
2026-02-16T03:05:33+01:00,[38],[0]
2026-02-16T03:15:32+01:00,[38],[0]
2026-02-16T03:25:33+01:00,[37],[0]
2026-02-16T03:35:32+01:00,[37],[0]
2026-02-16T03:45:32+01:00,[37],[0]
2026-02-16T03:55:32+01:00,[37],[0]
2026-02-16T04:05:33+01:00,[38],[0]
2026-02-16T04:15:32+01:00,[38],[0]
2026-02-16T04:25:32+01:00,[37],[0]
2026-02-16T04:35:33+01:00,[38],[0]
2026-02-16T04:45:32+01:00,[37],[0]
2026-02-16T05:05:32+01:00,[37],[0]
2026-02-16T05:15:32+01:00,[37],[0]
2026-02-16T05:25:32+01:00,[37],[0]
2026-02-16T05:35:32+01:00,[37],[0]
2026-02-16T05:45:32+01:00,[37],[0]
2026-02-16T05:55:32+01:00,[37],[0]
2026-02-16T06:05:32+01:00,[37],[0]
2026-02-16T06:15:32+01:00,[37],[0]
2026-02-16T06:25:32+01:00,[37],[0]
2026-02-16T06:35:32+01:00,[37],[0]
2026-02-16T06:45:32+01:00,[37],[0]
2026-02-16T06:55:32+01:00,[37],[0]
2026-02-16T07:05:32+01:00,[37],[0]
2026-02-16T07:15:33+01:00,[38],[0]
2026-02-16T07:25:32+01:00,[37],[0]
2026-02-16T07:35:33+01:00,[38],[0]
2026-02-16T07:45:32+01:00,[37],[0]
2026-02-16T07:55:32+01:00,[37],[0]
2026-02-16T08:05:32+01:00,[37],[0]
2026-02-16T08:15:32+01:00,[37],[0]
2026-02-16T08:25:32+01:00,[37],[0]
2026-02-16T08:35:33+01:00,[38],[0]
2026-02-16T08:45:32+01:00,[37],[0]
2026-02-16T08:55:32+01:00,[37],[0]
2026-02-16T09:05:32+01:00,[37],[0]
2026-02-16T09:15:33+01:00,[38],[0]
2026-02-16T09:25:32+01:00,[38],[0]
2026-02-14T06:45:36+01:00,[37],[0]
2026-02-14T07:05:36+01:00,[38],[0]
2026-02-14T07:15:35+01:00,[37],[0]
2026-02-14T07:25:36+01:00,[38],[0]
2026-02-14T07:45:34+01:00,[37],[0]
2026-02-14T07:55:36+01:00,[38],[0]
2026-02-14T08:05:36+01:00,[38],[0]
2026-02-14T08:15:36+01:00,[37],[0]
2026-02-14T08:25:36+01:00,[37],[0]
2026-02-14T08:35:35+01:00,[38],[0]
2026-02-14T08:45:35+01:00,[38],[0]
2026-02-14T08:55:35+01:00,[37],[0]
2026-02-14T09:05:35+01:00,[37],[0]
2026-02-14T09:15:35+01:00,[37],[0]
2026-02-14T09:25:36+01:00,[37],[0]
2026-02-14T09:35:35+01:00,[37],[0]
2026-02-14T09:45:35+01:00,[37],[0]
2026-02-14T09:55:35+01:00,[37],[0]
2026-02-14T10:05:36+01:00,[38],[0]
2026-02-14T10:15:35+01:00,[37],[0]
2026-02-14T10:25:35+01:00,[37],[0]
2026-02-14T10:45:36+01:00,[38],[0]
2026-02-14T10:55:36+01:00,[38],[0]
2026-02-14T11:05:35+01:00,[37],[0]
2026-02-14T11:15:35+01:00,[37],[0]
2026-02-14T11:25:35+01:00,[37],[0]
2026-02-14T11:35:35+01:00,[37],[0]
2026-02-14T11:45:35+01:00,[37],[0]
2026-02-14T11:55:34+01:00,[37],[0]
2026-02-14T12:05:35+01:00,[37],[0]
2026-02-14T12:15:35+01:00,[37],[0]
2026-02-14T12:25:35+01:00,[37],[0]
2026-02-14T12:35:35+01:00,[37],[0]
2026-02-14T12:45:34+01:00,[37],[0]
2026-02-14T12:55:36+01:00,[38],[0]
2026-02-14T13:05:35+01:00,[38],[0]
2026-02-14T13:15:35+01:00,[37],[0]
2026-02-14T13:25:36+01:00,[38],[0]
2026-02-14T13:35:35+01:00,[37],[0]
2026-02-14T13:45:35+01:00,[37],[0]
2026-02-14T13:55:36+01:00,[38],[0]
2026-02-14T14:05:35+01:00,[37],[0]
2026-02-14T14:25:35+01:00,[37],[0]
2026-02-14T14:35:35+01:00,[37],[0]
2026-02-14T14:45:35+01:00,[37],[0]
2026-02-14T14:55:36+01:00,[37],[0]
2026-02-14T17:00:00+01:00,[60],[0]
2026-02-15T00:25:32+01:00,[37],[0]
2026-02-15T00:35:32+01:00,[37],[0]
2026-02-15T00:45:32+01:00,[37],[0]
2026-02-15T00:55:32+01:00,[37],[0]
2026-02-15T01:05:32+01:00,[37],[0]
2026-02-15T01:15:32+01:00,[37],[0]
2026-02-15T01:25:32+01:00,[37],[0]
2026-02-15T01:35:32+01:00,[37],[0]
2026-02-15T01:45:32+01:00,[37],[0]
2026-02-15T01:55:32+01:00,[37],[0]
2026-02-15T02:05:32+01:00,[38],[0]
2026-02-15T02:15:32+01:00,[37],[0]
2026-02-15T02:25:32+01:00,[37],[0]
2026-02-15T02:35:32+01:00,[37],[0]
2026-02-15T02:45:32+01:00,[37],[0]
2026-02-15T03:25:32+01:00,[38],[0]
2026-02-15T03:35:32+01:00,[37],[0]
2026-02-15T03:45:32+01:00,[37],[0]
2026-02-15T03:55:32+01:00,[37],[0]
2026-02-15T04:05:32+01:00,[38],[0]
2026-02-15T04:15:32+01:00,[37],[0]
2026-02-15T04:25:33+01:00,[37],[0]
2026-02-15T04:35:32+01:00,[37],[0]
2026-02-15T04:55:33+01:00,[38],[0]
2026-02-15T05:05:32+01:00,[37],[0]
2026-02-15T05:15:32+01:00,[38],[0]
2026-02-15T05:25:32+01:00,[37],[0]
2026-02-15T05:35:31+01:00,[37],[0]
2026-02-15T05:45:32+01:00,[37],[0]
2026-02-15T05:55:32+01:00,[37],[0]
2026-02-15T06:05:33+01:00,[38],[0]
2026-02-15T06:15:32+01:00,[37],[0]
2026-02-15T06:35:32+01:00,[37],[0]
2026-02-13T06:55:35+01:00,[37],[0]
2026-02-13T07:05:36+01:00,[38],[0]
2026-02-13T07:15:36+01:00,[38],[0]
2026-02-13T07:25:35+01:00,[37],[0]
2026-02-13T07:35:36+01:00,[38],[0]
2026-02-13T07:45:35+01:00,[37],[0]
2026-02-13T07:55:36+01:00,[38],[0]
2026-02-13T08:05:35+01:00,[37],[0]
2026-02-13T08:15:35+01:00,[37],[0]
2026-02-13T08:35:36+01:00,[38],[0]
2026-02-13T08:45:35+01:00,[37],[0]
2026-02-13T08:55:35+01:00,[37],[0]
2026-02-13T09:05:35+01:00,[38],[0]
2026-02-13T09:15:34+01:00,[37],[0]
2026-02-13T09:25:34+01:00,[37],[0]
2026-02-13T09:35:34+01:00,[37],[0]
2026-02-13T09:45:35+01:00,[37],[0]
2026-02-13T09:55:34+01:00,[37],[0]
2026-02-13T10:05:35+01:00,[37],[0]
2026-02-13T10:15:35+01:00,[37],[0]
2026-02-13T10:25:35+01:00,[37],[0]
2026-02-13T10:35:35+01:00,[37],[0]
2026-02-13T10:45:34+01:00,[37],[0]
2026-02-13T10:55:35+01:00,[37],[0]
2026-02-13T11:05:36+01:00,[38],[0]
2026-02-13T11:15:35+01:00,[37],[0]
2026-02-13T11:35:36+01:00,[37],[0]
2026-02-13T11:45:35+01:00,[37],[0]
2026-02-13T11:55:35+01:00,[37],[0]
2026-02-13T12:05:35+01:00,[37],[0]
2026-02-13T12:15:35+01:00,[37],[0]
2026-02-13T12:35:35+01:00,[38],[0]
2026-02-13T12:45:35+01:00,[37],[0]
2026-02-13T12:55:35+01:00,[37],[0]
2026-02-13T13:05:35+01:00,[37],[0]
2026-02-13T13:15:36+01:00,[38],[0]
2026-02-13T13:25:35+01:00,[37],[0]
2026-02-13T13:35:36+01:00,[38],[0]
2026-02-13T13:45:35+01:00,[37],[0]
2026-02-13T13:55:35+01:00,[37],[0]
2026-02-13T14:05:36+01:00,[38],[0]
2026-02-13T14:15:36+01:00,[37],[0]
2026-02-13T14:25:35+01:00,[37],[0]
2026-02-13T14:35:35+01:00,[37],[0]
2026-02-13T14:45:36+01:00,[38],[0]
2026-02-13T14:55:35+01:00,[37],[0]
2026-02-13T15:05:36+01:00,[38],[0]
2026-02-13T15:15:35+01:00,[37],[0]
2026-02-13T15:25:36+01:00,[37],[0]
2026-02-13T15:35:36+01:00,[37],[0]
2026-02-13T15:45:35+01:00,[37],[0]
2026-02-13T15:55:35+01:00,[37],[0]
2026-02-13T16:05:36+01:00,[38],[0]
2026-02-13T17:00:00+01:00,[60],[0]
2026-02-14T00:55:35+01:00,[37],[0]
2026-02-14T01:05:35+01:00,[37],[0]
2026-02-14T01:15:35+01:00,[37],[0]
2026-02-14T01:25:35+01:00,[37],[0]
2026-02-14T01:35:35+01:00,[37],[0]
2026-02-14T01:45:35+01:00,[37],[0]
2026-02-14T01:55:36+01:00,[37],[0]
2026-02-14T02:05:36+01:00,[38],[0]
2026-02-14T02:15:35+01:00,[37],[0]
2026-02-14T02:25:35+01:00,[37],[0]
2026-02-14T02:35:35+01:00,[37],[0]
2026-02-14T02:45:35+01:00,[37],[0]
2026-02-14T02:55:36+01:00,[38],[0]
2026-02-14T03:05:35+01:00,[37],[0]
2026-02-14T03:15:35+01:00,[37],[0]
2026-02-14T03:25:35+01:00,[37],[0]
2026-02-14T03:35:36+01:00,[38],[0]
2026-02-14T03:50:44+01:00,[1],[0]
2026-02-14T03:51:14+01:00,"[56,9,2,3,29,30,30,30,26,30]","[0,0,0,0,0,0,0,0,0,0]"
2026-02-14T03:55:19+01:00,"[30,30,30]","[0,0,0]"
2026-02-14T03:57:11+01:00,"[31,30,30,30,28,30,30,30,32,20,30,30,30,30,22,30]","[0,0,0,0,0,0,0,0,0,0,0,0,0,0,0,0]"
2026-02-14T04:04:24+01:00,[30],[0]
2026-02-14T04:25:34+01:00,[37],[0]
2026-02-14T04:45:34+01:00,[37],[0]
2026-02-14T04:55:35+01:00,[38],[0]
2026-02-14T05:05:35+01:00,[37],[0]
2026-02-14T05:15:35+01:00,[37],[0]
2026-02-14T05:25:35+01:00,[37],[0]
2026-02-14T05:45:36+01:00,[37],[0]
2026-02-14T05:55:35+01:00,[37],[0]
2026-02-14T06:05:35+01:00,[37],[0]
2026-02-14T06:15:35+01:00,[37],[0]
2026-02-14T06:25:36+01:00,[38],[0]
2026-02-14T06:35:35+01:00,[37],[0]
2026-02-12T06:55:35+01:00,[37],[0]
2026-02-12T07:05:36+01:00,[38],[0]
2026-02-12T07:15:35+01:00,[37],[0]
2026-02-12T07:25:35+01:00,[37],[0]
2026-02-12T07:35:35+01:00,[37],[0]
2026-02-12T07:45:36+01:00,[38],[0]
2026-02-12T07:55:36+01:00,[38],[0]
2026-02-12T08:05:35+01:00,[38],[0]
2026-02-12T08:15:36+01:00,[38],[0]
2026-02-12T08:35:35+01:00,[37],[0]
2026-02-12T08:45:35+01:00,[37],[0]
2026-02-12T08:55:35+01:00,[37],[0]
2026-02-12T09:05:35+01:00,[37],[0]
2026-02-12T09:15:35+01:00,[37],[0]
2026-02-12T09:25:35+01:00,[37],[0]
2026-02-12T09:35:36+01:00,[38],[0]
2026-02-12T09:45:35+01:00,[37],[0]
2026-02-12T09:55:35+01:00,[37],[0]
2026-02-12T10:05:35+01:00,[37],[0]
2026-02-12T10:15:35+01:00,[37],[0]
2026-02-12T10:25:36+01:00,[38],[0]
2026-02-12T10:35:35+01:00,[37],[0]
2026-02-12T10:45:34+01:00,[37],[0]
2026-02-12T10:55:34+01:00,[37],[0]
2026-02-12T11:05:35+01:00,[37],[0]
2026-02-12T11:15:35+01:00,[37],[0]
2026-02-12T11:25:36+01:00,[38],[0]
2026-02-12T11:45:36+01:00,[38],[0]
2026-02-12T11:55:35+01:00,[37],[0]
2026-02-12T12:05:35+01:00,[37],[0]
2026-02-12T12:15:36+01:00,[38],[0]
2026-02-12T12:25:36+01:00,[38],[0]
2026-02-12T12:35:36+01:00,[37],[0]
2026-02-12T12:45:35+01:00,[37],[0]
2026-02-12T12:55:36+01:00,[38],[0]
2026-02-12T13:05:35+01:00,[38],[0]
2026-02-12T13:15:36+01:00,[37],[0]
2026-02-12T13:25:35+01:00,[37],[0]
2026-02-12T13:35:36+01:00,[38],[0]
2026-02-12T13:45:35+01:00,[37],[0]
2026-02-12T13:55:34+01:00,[37],[0]
2026-02-12T14:15:36+01:00,[37],[0]
2026-02-12T14:25:35+01:00,[37],[0]
2026-02-12T14:35:35+01:00,[37],[0]
2026-02-12T14:45:35+01:00,[37],[0]
2026-02-12T15:05:36+01:00,[38],[0]
2026-02-12T15:15:36+01:00,[37],[0]
2026-02-12T15:25:35+01:00,[37],[0]
2026-02-12T15:35:35+01:00,[37],[0]
2026-02-12T15:45:35+01:00,[37],[0]
2026-02-12T17:00:00+01:00,[60],[0]
2026-02-13T00:45:35+01:00,[37],[0]
2026-02-13T00:55:35+01:00,[37],[0]
2026-02-13T01:15:35+01:00,[38],[0]
2026-02-13T01:35:34+01:00,[37],[0]
2026-02-13T01:45:35+01:00,[37],[0]
2026-02-13T01:55:36+01:00,[38],[0]
2026-02-13T02:05:35+01:00,[37],[0]
2026-02-13T02:15:35+01:00,[37],[0]
2026-02-13T02:25:35+01:00,[37],[0]
2026-02-13T02:35:35+01:00,[37],[0]
2026-02-13T02:45:35+01:00,[37],[0]
2026-02-13T02:55:36+01:00,[37],[0]
2026-02-13T03:05:35+01:00,[37],[0]
2026-02-13T03:15:47+01:00,[38],[0]
2026-02-13T03:25:35+01:00,[37],[0]
2026-02-13T03:35:35+01:00,[37],[0]
2026-02-13T03:45:35+01:00,[37],[0]
2026-02-13T03:55:35+01:00,[37],[0]
2026-02-13T04:05:35+01:00,[37],[0]
2026-02-13T04:15:35+01:00,[37],[0]
2026-02-13T04:25:35+01:00,[37],[0]
2026-02-13T04:35:36+01:00,[38],[0]
2026-02-13T04:45:36+01:00,[38],[0]
2026-02-13T04:55:35+01:00,[37],[0]
2026-02-13T05:05:35+01:00,[37],[0]
2026-02-13T05:15:36+01:00,[37],[0]
2026-02-13T05:25:35+01:00,[37],[0]
2026-02-13T05:35:36+01:00,[38],[0]
2026-02-13T05:45:35+01:00,[37],[0]
2026-02-13T05:55:35+01:00,[37],[0]
2026-02-13T06:05:36+01:00,[38],[0]
2026-02-13T06:15:36+01:00,[37],[0]
2026-02-13T06:25:35+01:00,[37],[0]
2026-02-13T06:35:35+01:00,[38],[0]
2026-02-11T07:55:38+01:00,[37],[0]
2026-02-11T08:05:38+01:00,[37],[0]
2026-02-11T08:15:38+01:00,[37],[0]
2026-02-11T08:25:38+01:00,[38],[0]
2026-02-11T08:35:38+01:00,[37],[0]
2026-02-11T08:45:39+01:00,[38],[0]
2026-02-11T08:55:38+01:00,[37],[0]
2026-02-11T09:05:38+01:00,[37],[0]
2026-02-11T09:15:38+01:00,[37],[0]
2026-02-11T09:25:39+01:00,[38],[0]
2026-02-11T09:35:38+01:00,[37],[0]
2026-02-11T09:45:38+01:00,[37],[0]
2026-02-11T10:05:38+01:00,[37],[0]
2026-02-11T10:15:38+01:00,[37],[0]
2026-02-11T10:25:38+01:00,[37],[0]
2026-02-11T10:45:38+01:00,[37],[0]
2026-02-11T11:05:39+01:00,[38],[0]
2026-02-11T11:15:38+01:00,[37],[0]
2026-02-11T11:25:39+01:00,[38],[0]
2026-02-11T11:35:38+01:00,[37],[0]
2026-02-11T11:45:38+01:00,[37],[0]
2026-02-11T11:55:38+01:00,[37],[0]
2026-02-11T12:05:38+01:00,[37],[0]
2026-02-11T12:15:38+01:00,[37],[0]
2026-02-11T12:25:39+01:00,[37],[0]
2026-02-11T12:35:39+01:00,[38],[0]
2026-02-11T12:45:39+01:00,[38],[0]
2026-02-11T12:55:38+01:00,[37],[0]
2026-02-11T13:05:38+01:00,[37],[0]
2026-02-11T13:15:39+01:00,[38],[0]
2026-02-11T13:25:38+01:00,[37],[0]
2026-02-11T13:35:39+01:00,[38],[0]
2026-02-11T13:45:38+01:00,[37],[0]
2026-02-11T13:55:39+01:00,[37],[0]
2026-02-11T14:05:38+01:00,[38],[0]
2026-02-11T14:15:38+01:00,[37],[0]
2026-02-11T14:25:39+01:00,[38],[0]
2026-02-11T14:35:38+01:00,[37],[0]
2026-02-11T14:45:38+01:00,[37],[0]
2026-02-11T14:55:38+01:00,[37],[0]
2026-02-11T15:05:38+01:00,[37],[0]
2026-02-11T15:15:39+01:00,[38],[0]
2026-02-11T15:25:38+01:00,[37],[0]
2026-02-11T15:35:39+01:00,[38],[0]
2026-02-11T17:00:00+01:00,[60],[0]
2026-02-12T01:15:35+01:00,[37],[0]
2026-02-12T01:25:35+01:00,[37],[0]
2026-02-12T01:35:35+01:00,[38],[0]
2026-02-12T01:45:35+01:00,[37],[0]
2026-02-12T01:55:35+01:00,[37],[0]
2026-02-12T02:05:36+01:00,[38],[0]
2026-02-12T02:15:35+01:00,[37],[0]
2026-02-12T02:25:35+01:00,[37],[0]
2026-02-12T02:35:35+01:00,[37],[0]
2026-02-12T02:45:35+01:00,[37],[0]
2026-02-12T02:55:36+01:00,[38],[0]
2026-02-12T03:05:34+01:00,[37],[0]
2026-02-12T03:15:35+01:00,[37],[0]
2026-02-12T03:25:35+01:00,[38],[0]
2026-02-12T03:35:36+01:00,[38],[0]
2026-02-12T03:45:35+01:00,[37],[0]
2026-02-12T03:55:36+01:00,[38],[0]
2026-02-12T04:15:35+01:00,[37],[0]
2026-02-12T04:25:36+01:00,[37],[0]
2026-02-12T04:35:35+01:00,[37],[0]
2026-02-12T04:45:35+01:00,[37],[0]
2026-02-12T04:55:35+01:00,[37],[0]
2026-02-12T05:05:35+01:00,[37],[0]
2026-02-12T05:15:35+01:00,[37],[0]
2026-02-12T05:25:36+01:00,[38],[0]
2026-02-12T05:32:41+01:00,[1],[0]
2026-02-12T05:33:08+01:00,"[23,14,30,30,30,15,30,16,30,30,30]","[0,0,0,0,0,0,0,0,0,0,0]"
2026-02-12T05:38:15+01:00,"[30,31,35,29,30,24,29,30,29,30,30,26,27,8,14,8,30,30,36]","[0,0,0,0,0,0,0,0,0,0,0,0,0,0,0,0,0,0,0]"
2026-02-12T05:46:05+01:00,[36],[0]
2026-02-12T05:47:46+01:00,[38],[0]
2026-02-12T06:05:35+01:00,[37],[0]
2026-02-12T06:25:35+01:00,[37],[0]
2026-02-12T06:35:36+01:00,[38],[0]
2026-02-12T06:45:35+01:00,[37],[0]
2026-02-10T07:55:38+01:00,[37],[0]
2026-02-10T08:05:38+01:00,[37],[0]
2026-02-10T08:15:38+01:00,[37],[0]
2026-02-10T08:25:38+01:00,[37],[0]
2026-02-10T08:35:39+01:00,[38],[0]
2026-02-10T08:45:39+01:00,[38],[0]
2026-02-10T08:55:38+01:00,[37],[0]
2026-02-10T09:05:38+01:00,[37],[0]
2026-02-10T09:15:38+01:00,[37],[0]
2026-02-10T09:25:38+01:00,[37],[0]
2026-02-10T09:35:38+01:00,[37],[0]
2026-02-10T09:45:38+01:00,[37],[0]
2026-02-10T10:05:38+01:00,[37],[0]
2026-02-10T10:15:38+01:00,[37],[0]
2026-02-10T10:25:39+01:00,[37],[0]
2026-02-10T10:45:38+01:00,[37],[0]
2026-02-10T10:55:38+01:00,[37],[0]
2026-02-10T11:05:39+01:00,[37],[0]
2026-02-10T11:15:39+01:00,[38],[0]
2026-02-10T11:25:38+01:00,[37],[0]
2026-02-10T11:35:38+01:00,[37],[0]
2026-02-10T11:45:37+01:00,[37],[0]
2026-02-10T11:55:38+01:00,[37],[0]
2026-02-10T12:05:37+01:00,[37],[0]
2026-02-10T12:25:38+01:00,[37],[0]
2026-02-10T12:35:39+01:00,[37],[0]
2026-02-10T12:45:37+01:00,[37],[0]
2026-02-10T12:55:38+01:00,[37],[0]
2026-02-10T13:05:38+01:00,[37],[0]
2026-02-10T13:15:39+01:00,[38],[0]
2026-02-10T13:25:39+01:00,[38],[0]
2026-02-10T13:35:38+01:00,[38],[0]
2026-02-10T13:45:39+01:00,[38],[0]
2026-02-10T13:55:39+01:00,[37],[0]
2026-02-10T14:05:38+01:00,[37],[0]
2026-02-10T14:15:38+01:00,[38],[0]
2026-02-10T14:25:38+01:00,[37],[0]
2026-02-10T14:35:38+01:00,[37],[0]
2026-02-10T14:45:39+01:00,[37],[0]
2026-02-10T14:55:37+01:00,[37],[0]
2026-02-10T15:05:37+01:00,[37],[0]
2026-02-10T15:25:38+01:00,[37],[0]
2026-02-10T15:35:39+01:00,[38],[0]
2026-02-10T15:45:38+01:00,[37],[0]
2026-02-10T15:55:39+01:00,[37],[0]
2026-02-10T16:05:38+01:00,[37],[0]
2026-02-10T16:15:38+01:00,[37],[0]
2026-02-10T17:00:00+01:00,[60],[0]
2026-02-11T00:45:38+01:00,[38],[0]
2026-02-11T00:55:37+01:00,[37],[0]
2026-02-11T01:05:38+01:00,[37],[0]
2026-02-11T01:15:39+01:00,[38],[0]
2026-02-11T01:25:38+01:00,[37],[0]
2026-02-11T01:35:39+01:00,[38],[0]
2026-02-11T01:45:39+01:00,[38],[0]
2026-02-11T01:55:38+01:00,[37],[0]
2026-02-11T02:05:38+01:00,[37],[0]
2026-02-11T02:15:39+01:00,[38],[0]
2026-02-11T02:25:38+01:00,[37],[0]
2026-02-11T02:35:38+01:00,[37],[0]
2026-02-11T02:45:38+01:00,[37],[0]
2026-02-11T02:55:38+01:00,[38],[0]
2026-02-11T03:05:38+01:00,[37],[0]
2026-02-11T03:15:39+01:00,[38],[0]
2026-02-11T03:25:38+01:00,[37],[0]
2026-02-11T03:35:38+01:00,[37],[0]
2026-02-11T03:42:17+01:00,[38],[0]
2026-02-11T03:45:39+01:00,[38],[0]
2026-02-11T03:55:39+01:00,[37],[0]
2026-02-11T04:05:38+01:00,[37],[0]
2026-02-11T04:15:39+01:00,[38],[0]
2026-02-11T04:25:38+01:00,[37],[0]
2026-02-11T04:35:38+01:00,[37],[0]
2026-02-11T04:45:38+01:00,[37],[0]
2026-02-11T04:55:38+01:00,[38],[0]
2026-02-11T05:05:37+01:00,[37],[0]
2026-02-11T05:15:38+01:00,[37],[0]
2026-02-11T05:25:38+01:00,[37],[0]
2026-02-11T05:35:38+01:00,[37],[0]
2026-02-11T05:45:39+01:00,[38],[0]
2026-02-11T05:55:38+01:00,[37],[0]
2026-02-11T06:05:39+01:00,[38],[0]
2026-02-11T06:15:38+01:00,[37],[0]
2026-02-11T06:25:38+01:00,[38],[0]
2026-02-11T06:35:38+01:00,[37],[0]
2026-02-11T06:45:38+01:00,[37],[0]
2026-02-11T06:55:38+01:00,[37],[0]
2026-02-11T07:05:38+01:00,[37],[0]
2026-02-11T07:15:38+01:00,[37],[0]
2026-02-11T07:35:38+01:00,[37],[0]
2026-02-11T07:45:38+01:00,[37],[0]
2026-02-09T07:45:38+01:00,[37],[0]
2026-02-09T08:05:38+01:00,[38],[0]
2026-02-09T08:15:38+01:00,[37],[0]
2026-02-09T08:25:38+01:00,[37],[0]
2026-02-09T08:35:38+01:00,[37],[0]
2026-02-09T08:45:38+01:00,[37],[0]
2026-02-09T08:55:38+01:00,[37],[0]
2026-02-09T09:05:38+01:00,[37],[0]
2026-02-09T09:15:38+01:00,[37],[0]
2026-02-09T09:25:37+01:00,[37],[0]
2026-02-09T09:35:38+01:00,[37],[0]
2026-02-09T09:45:38+01:00,[37],[0]
2026-02-09T09:55:38+01:00,[37],[0]
2026-02-09T10:15:39+01:00,[38],[0]
2026-02-09T10:25:38+01:00,[37],[0]
2026-02-09T10:31:16+01:00,[37],[0]
2026-02-09T10:35:39+01:00,[38],[0]
2026-02-09T10:45:37+01:00,[37],[0]
2026-02-09T11:05:38+01:00,[37],[0]
2026-02-09T11:15:38+01:00,[37],[0]
2026-02-09T11:25:39+01:00,[37],[0]
2026-02-09T11:35:38+01:00,[37],[0]
2026-02-09T11:45:38+01:00,[37],[0]
2026-02-09T11:55:38+01:00,[38],[0]
2026-02-09T12:05:38+01:00,[37],[0]
2026-02-09T12:15:38+01:00,[37],[0]
2026-02-09T12:25:38+01:00,[37],[0]
2026-02-09T12:35:38+01:00,[37],[0]
2026-02-09T12:45:38+01:00,[37],[0]
2026-02-09T12:55:38+01:00,[37],[0]
2026-02-09T13:05:37+01:00,[37],[0]
2026-02-09T13:15:38+01:00,[37],[0]
2026-02-09T13:25:38+01:00,[37],[0]
2026-02-09T13:35:39+01:00,[38],[0]
2026-02-09T13:45:38+01:00,[37],[0]
2026-02-09T13:55:38+01:00,[37],[0]
2026-02-09T14:05:38+01:00,[37],[0]
2026-02-09T14:15:38+01:00,[37],[0]
2026-02-09T14:25:38+01:00,[37],[0]
2026-02-09T14:35:39+01:00,[38],[0]
2026-02-09T14:45:39+01:00,[38],[0]
2026-02-09T17:00:00+01:00,[60],[0]
2026-02-09T23:55:39+01:00,[37],[0]
2026-02-10T00:05:38+01:00,[37],[0]
2026-02-10T00:15:37+01:00,[37],[0]
2026-02-10T00:25:38+01:00,[37],[0]
2026-02-10T00:35:38+01:00,[37],[0]
2026-02-10T00:45:38+01:00,[37],[0]
2026-02-10T00:55:39+01:00,[38],[0]
2026-02-10T01:05:38+01:00,[38],[0]
2026-02-10T01:15:38+01:00,[37],[0]
2026-02-10T01:25:39+01:00,[37],[0]
2026-02-10T01:35:39+01:00,[37],[0]
2026-02-10T01:45:38+01:00,[37],[0]
2026-02-10T01:55:38+01:00,[37],[0]
2026-02-10T02:05:38+01:00,[37],[0]
2026-02-10T02:15:38+01:00,[37],[0]
2026-02-10T02:25:38+01:00,[38],[0]
2026-02-10T02:35:38+01:00,[37],[0]
2026-02-10T02:45:39+01:00,[38],[0]
2026-02-10T02:55:38+01:00,[38],[0]
2026-02-10T03:05:38+01:00,[37],[0]
2026-02-10T03:15:38+01:00,[37],[0]
2026-02-10T03:25:38+01:00,[37],[0]
2026-02-10T03:35:39+01:00,[37],[0]
2026-02-10T03:45:39+01:00,[38],[0]
2026-02-10T03:55:39+01:00,[37],[0]
2026-02-10T04:05:38+01:00,[37],[0]
2026-02-10T04:15:38+01:00,[37],[0]
2026-02-10T04:25:38+01:00,[37],[0]
2026-02-10T04:35:39+01:00,[38],[0]
2026-02-10T04:45:38+01:00,[38],[0]
2026-02-10T04:55:38+01:00,[37],[0]
2026-02-10T05:05:38+01:00,[37],[0]
2026-02-10T05:15:38+01:00,[37],[0]
2026-02-10T05:25:38+01:00,[37],[0]
2026-02-10T05:35:38+01:00,[37],[0]
2026-02-10T05:45:38+01:00,[37],[0]
2026-02-10T05:55:38+01:00,[37],[0]
2026-02-10T06:05:38+01:00,[37],[0]
2026-02-10T06:15:38+01:00,[38],[0]
2026-02-10T06:25:38+01:00,[37],[0]
2026-02-10T06:35:39+01:00,[38],[0]
2026-02-10T06:45:38+01:00,[37],[0]
2026-02-10T06:55:38+01:00,[38],[0]
2026-02-10T07:05:38+01:00,[37],[0]
2026-02-10T07:15:38+01:00,[37],[0]
2026-02-10T07:25:38+01:00,[37],[0]
2026-02-10T07:35:38+01:00,[37],[0]
2026-02-10T07:45:38+01:00,[37],[0]
2026-02-08T09:45:41+01:00,[37],[0]
2026-02-08T09:55:41+01:00,[37],[0]
2026-02-08T10:05:41+01:00,[38],[0]
2026-02-08T10:15:41+01:00,[37],[0]
2026-02-08T10:25:41+01:00,[37],[0]
2026-02-08T10:35:42+01:00,[37],[0]
2026-02-08T10:45:41+01:00,[37],[0]
2026-02-08T10:55:41+01:00,[37],[0]
2026-02-08T11:05:41+01:00,[38],[0]
2026-02-08T11:25:41+01:00,[37],[0]
2026-02-08T11:35:41+01:00,[38],[0]
2026-02-08T11:45:42+01:00,[37],[0]
2026-02-08T11:55:41+01:00,[37],[0]
2026-02-08T12:15:41+01:00,[37],[0]
2026-02-08T12:25:42+01:00,[37],[0]
2026-02-08T12:45:42+01:00,[37],[0]
2026-02-08T14:19:04+01:00,[37],[0]
2026-02-08T14:46:38+01:00,[38],[0]
2026-02-08T17:00:00+01:00,[60],[0]
2026-02-08T23:45:52+01:00,[37],[0]
2026-02-08T23:55:40+01:00,[37],[0]
2026-02-09T00:05:41+01:00,[37],[0]
2026-02-09T00:15:40+01:00,[37],[0]
2026-02-09T00:25:40+01:00,[37],[0]
2026-02-09T00:35:41+01:00,[37],[0]
2026-02-09T00:45:42+01:00,[38],[0]
2026-02-09T00:55:41+01:00,[37],[0]
2026-02-09T01:05:41+01:00,[37],[0]
2026-02-09T01:15:41+01:00,[37],[0]
2026-02-09T01:25:41+01:00,[37],[0]
2026-02-09T01:31:10+01:00,[37],[0]
2026-02-09T01:35:41+01:00,[37],[0]
2026-02-09T01:45:41+01:00,[37],[0]
2026-02-09T01:55:41+01:00,[37],[0]
2026-02-09T02:05:41+01:00,[38],[0]
2026-02-09T02:15:42+01:00,[37],[0]
2026-02-09T02:25:41+01:00,[38],[0]
2026-02-09T02:35:42+01:00,[38],[0]
2026-02-09T02:45:42+01:00,[37],[0]
2026-02-09T02:55:41+01:00,[37],[0]
2026-02-09T03:05:41+01:00,[38],[0]
2026-02-09T03:15:41+01:00,[37],[0]
2026-02-09T03:25:41+01:00,[37],[0]
2026-02-09T03:35:41+01:00,[37],[0]
2026-02-09T03:45:42+01:00,[38],[0]
2026-02-09T03:55:41+01:00,[37],[0]
2026-02-09T04:05:42+01:00,[38],[0]
2026-02-09T04:15:41+01:00,[37],[0]
2026-02-09T04:25:41+01:00,[37],[0]
2026-02-09T04:35:41+01:00,[37],[0]
2026-02-09T04:45:38+01:00,[37],[0]
2026-02-09T04:55:39+01:00,[38],[0]
2026-02-09T05:05:39+01:00,[38],[0]
2026-02-09T05:15:38+01:00,[37],[0]
2026-02-09T05:25:38+01:00,[37],[0]
2026-02-09T05:35:38+01:00,[37],[0]
2026-02-09T05:45:38+01:00,[37],[0]
2026-02-09T05:55:38+01:00,[37],[0]
2026-02-09T06:05:39+01:00,[38],[0]
2026-02-09T06:15:38+01:00,[37],[0]
2026-02-09T06:25:38+01:00,[37],[0]
2026-02-09T06:35:38+01:00,[38],[0]
2026-02-09T06:45:38+01:00,[37],[0]
2026-02-09T06:55:37+01:00,[37],[0]
2026-02-09T06:58:45+01:00,[37],[0]
2026-02-09T07:05:38+01:00,[37],[0]
2026-02-09T07:15:39+01:00,[38],[0]
2026-02-09T07:26:04+01:00,[38],[0]
2026-02-09T07:35:37+01:00,[37],[0]
2026-02-07T07:45:41+01:00,[37],[0]
2026-02-07T07:55:41+01:00,[37],[0]
2026-02-07T08:05:41+01:00,[37],[0]
2026-02-07T08:15:41+01:00,[37],[0]
2026-02-07T08:25:42+01:00,[38],[0]
2026-02-07T08:35:41+01:00,[37],[0]
2026-02-07T08:45:41+01:00,[37],[0]
2026-02-07T08:55:41+01:00,[37],[0]
2026-02-07T09:05:40+01:00,[37],[0]
2026-02-07T09:15:42+01:00,[38],[0]
2026-02-07T09:25:41+01:00,[37],[0]
2026-02-07T09:35:41+01:00,[37],[0]
2026-02-07T09:45:42+01:00,[38],[0]
2026-02-07T09:55:41+01:00,[37],[0]
2026-02-07T10:05:41+01:00,[37],[0]
2026-02-07T10:15:41+01:00,[38],[0]
2026-02-07T10:25:41+01:00,[37],[0]
2026-02-07T10:35:41+01:00,[37],[0]
2026-02-07T10:55:41+01:00,[37],[0]
2026-02-07T11:05:41+01:00,[37],[0]
2026-02-07T11:15:41+01:00,[37],[0]
2026-02-07T11:25:41+01:00,[38],[0]
2026-02-07T11:35:41+01:00,[37],[0]
2026-02-07T11:45:41+01:00,[37],[0]
2026-02-07T11:55:41+01:00,[37],[0]
2026-02-07T12:05:41+01:00,[37],[0]
2026-02-07T12:25:40+01:00,[37],[0]
2026-02-07T12:35:41+01:00,[37],[0]
2026-02-07T12:45:41+01:00,[37],[0]
2026-02-07T12:55:42+01:00,[38],[0]
2026-02-07T13:05:41+01:00,[38],[0]
2026-02-07T13:15:41+01:00,[37],[0]
2026-02-07T13:25:41+01:00,[37],[0]
2026-02-07T13:35:41+01:00,[37],[0]
2026-02-07T13:45:42+01:00,[38],[0]
2026-02-07T13:55:40+01:00,[37],[0]
2026-02-07T14:15:41+01:00,[38],[0]
2026-02-07T14:25:41+01:00,[37],[0]
2026-02-07T14:35:42+01:00,[38],[0]
2026-02-07T14:45:41+01:00,[37],[0]
2026-02-07T14:55:42+01:00,[38],[0]
2026-02-07T15:05:41+01:00,[37],[0]
2026-02-07T15:15:40+01:00,[37],[0]
2026-02-07T15:25:41+01:00,[37],[0]
2026-02-07T15:35:41+01:00,[37],[0]
2026-02-07T15:45:42+01:00,[38],[0]
2026-02-07T15:55:41+01:00,[37],[0]
2026-02-07T16:05:42+01:00,[38],[0]
2026-02-07T16:15:42+01:00,[38],[0]
2026-02-07T16:25:41+01:00,[37],[0]
2026-02-07T16:35:42+01:00,[38],[0]
2026-02-07T16:45:41+01:00,[37],[0]
2026-02-07T16:55:41+01:00,[37],[0]
2026-02-07T17:05:41+01:00,[37],[0]
2026-02-07T17:00:00+01:00,[60],[0]
2026-02-07T17:15:41+01:00,[37],[0]
2026-02-07T17:25:41+01:00,[37],[0]
2026-02-07T17:35:42+01:00,[38],[0]
2026-02-07T17:45:41+01:00,[37],[0]
2026-02-07T17:55:41+01:00,[37],[0]
2026-02-07T18:05:42+01:00,[37],[0]
2026-02-07T18:15:41+01:00,[37],[0]
2026-02-07T18:25:41+01:00,[37],[0]
2026-02-07T18:35:41+01:00,[37],[0]
2026-02-07T18:45:41+01:00,[37],[0]
2026-02-07T18:55:42+01:00,[38],[0]
2026-02-07T19:05:41+01:00,[37],[0]
2026-02-07T19:15:42+01:00,[38],[0]
2026-02-06T08:05:42+01:00,[38],[0]
2026-02-06T08:15:42+01:00,[37],[0]
2026-02-06T08:25:40+01:00,[37],[0]
2026-02-06T08:35:42+01:00,[38],[0]
2026-02-06T08:46:25+01:00,[37],[0]
2026-02-06T08:55:41+01:00,[37],[0]
2026-02-06T09:05:42+01:00,[37],[0]
2026-02-06T09:15:41+01:00,[37],[0]
2026-02-06T09:35:42+01:00,[38],[0]
2026-02-06T09:45:42+01:00,[38],[0]
2026-02-06T09:55:41+01:00,[37],[0]
2026-02-06T10:05:51+01:00,[37],[0]
2026-02-06T10:15:41+01:00,[37],[0]
2026-02-06T10:25:41+01:00,[37],[0]
2026-02-06T10:35:41+01:00,[37],[0]
2026-02-06T10:45:42+01:00,[38],[0]
2026-02-06T10:55:41+01:00,[37],[0]
2026-02-06T11:05:41+01:00,[37],[0]
2026-02-06T11:15:41+01:00,[37],[0]
2026-02-06T11:25:41+01:00,[37],[0]
2026-02-06T11:35:41+01:00,[37],[0]
2026-02-06T11:45:42+01:00,[38],[0]
2026-02-06T11:55:41+01:00,[37],[0]
2026-02-06T12:05:41+01:00,[37],[0]
2026-02-06T12:15:42+01:00,[38],[0]
2026-02-06T12:26:10+01:00,[37],[0]
2026-02-06T12:35:41+01:00,[37],[0]
2026-02-06T12:45:41+01:00,[38],[0]
2026-02-06T13:05:41+01:00,[38],[0]
2026-02-06T13:15:41+01:00,[37],[0]
2026-02-06T13:25:41+01:00,[37],[0]
2026-02-06T13:35:41+01:00,[37],[0]
2026-02-06T13:45:41+01:00,[37],[0]
2026-02-06T13:55:41+01:00,[38],[0]
2026-02-06T14:05:41+01:00,[37],[0]
2026-02-06T14:15:41+01:00,[37],[0]
2026-02-06T14:25:41+01:00,[37],[0]
2026-02-06T14:35:41+01:00,[38],[0]
2026-02-06T14:45:41+01:00,[37],[0]
2026-02-06T14:55:41+01:00,[37],[0]
2026-02-06T15:05:42+01:00,[37],[0]
2026-02-06T15:15:42+01:00,[38],[0]
2026-02-06T15:25:41+01:00,[37],[0]
2026-02-06T15:35:41+01:00,[37],[0]
2026-02-06T15:45:41+01:00,[37],[0]
2026-02-06T15:55:41+01:00,[38],[0]
2026-02-06T16:05:41+01:00,[37],[0]
2026-02-06T16:15:41+01:00,[37],[0]
2026-02-06T16:25:41+01:00,[37],[0]
2026-02-06T16:35:41+01:00,[37],[0]
2026-02-06T16:45:41+01:00,[37],[0]
2026-02-06T16:55:41+01:00,[37],[0]
2026-02-06T17:05:41+01:00,[37],[0]
2026-02-06T17:15:41+01:00,[37],[0]
2026-02-06T17:25:41+01:00,[38],[0]
2026-02-06T17:35:41+01:00,[37],[0]
2026-02-06T17:45:42+01:00,[38],[0]
2026-02-06T17:55:40+01:00,[37],[0]
2026-02-06T17:00:00+01:00,[60],[0]
2026-02-07T01:24:59+01:00,[37],[0]
2026-02-07T01:35:40+01:00,[37],[0]
2026-02-07T01:55:40+01:00,[37],[0]
2026-02-07T02:05:42+01:00,[38],[0]
2026-02-07T02:15:42+01:00,[38],[0]
2026-02-07T02:25:42+01:00,[38],[0]
2026-02-07T02:35:41+01:00,[37],[0]
2026-02-07T02:45:41+01:00,[37],[0]
2026-02-07T02:55:41+01:00,[37],[0]
2026-02-07T03:05:41+01:00,[38],[0]
2026-02-07T03:15:41+01:00,[37],[0]
2026-02-07T03:25:42+01:00,[38],[0]
2026-02-07T03:55:42+01:00,[38],[0]
2026-02-07T04:05:41+01:00,[38],[0]
2026-02-07T04:15:41+01:00,[37],[0]
2026-02-07T04:25:42+01:00,[38],[0]
2026-02-07T04:35:41+01:00,[37],[0]
2026-02-07T04:45:41+01:00,[37],[0]
2026-02-07T04:55:41+01:00,[37],[0]
2026-02-07T05:55:42+01:00,[38],[0]
2026-02-07T06:05:41+01:00,[37],[0]
2026-02-07T06:55:41+01:00,[37],[0]
2026-02-07T07:05:41+01:00,[37],[0]
2026-02-07T07:15:41+01:00,[37],[0]
2026-02-07T07:25:41+01:00,[37],[0]
2026-02-07T07:35:41+01:00,[37],[0]
2026-02-05T07:35:51+01:00,[21],[0]
2026-02-05T07:45:44+01:00,[37],[0]
2026-02-05T07:55:44+01:00,[37],[0]
2026-02-05T08:05:44+01:00,[37],[0]
2026-02-05T08:15:45+01:00,[38],[0]
2026-02-05T08:25:44+01:00,[37],[0]
2026-02-05T08:35:44+01:00,[37],[0]
2026-02-05T08:45:44+01:00,[37],[0]
2026-02-05T08:55:44+01:00,[37],[0]
2026-02-05T09:05:44+01:00,[37],[0]
2026-02-05T09:15:44+01:00,[37],[0]
2026-02-05T09:25:44+01:00,[37],[0]
2026-02-05T09:35:44+01:00,[37],[0]
2026-02-05T09:45:45+01:00,[38],[0]
2026-02-05T09:55:44+01:00,[37],[0]
2026-02-05T10:05:44+01:00,[38],[0]
2026-02-05T10:15:45+01:00,[38],[0]
2026-02-05T10:25:52+01:00,[38],[0]
2026-02-05T10:35:45+01:00,[38],[0]
2026-02-05T10:45:43+01:00,[37],[0]
2026-02-05T10:55:44+01:00,[37],[0]
2026-02-05T11:05:44+01:00,[37],[0]
2026-02-05T11:15:44+01:00,[37],[0]
2026-02-05T11:25:45+01:00,[38],[0]
2026-02-05T11:35:45+01:00,[38],[0]
2026-02-05T11:45:44+01:00,[38],[0]
2026-02-05T11:55:44+01:00,[37],[0]
2026-02-05T12:05:45+01:00,[38],[0]
2026-02-05T12:15:43+01:00,[37],[0]
2026-02-05T12:25:44+01:00,[37],[0]
2026-02-05T12:35:44+01:00,[37],[0]
2026-02-05T12:45:44+01:00,[37],[0]
2026-02-05T12:55:44+01:00,[37],[0]
2026-02-05T13:05:44+01:00,[37],[0]
2026-02-05T13:15:44+01:00,[37],[0]
2026-02-05T13:35:44+01:00,[37],[0]
2026-02-05T13:45:44+01:00,[37],[0]
2026-02-05T14:05:44+01:00,[37],[0]
2026-02-05T14:15:44+01:00,[37],[0]
2026-02-05T14:25:44+01:00,[37],[0]
2026-02-05T14:35:44+01:00,[37],[0]
2026-02-05T14:45:44+01:00,[37],[0]
2026-02-05T14:55:44+01:00,[37],[0]
2026-02-05T15:05:44+01:00,[38],[0]
2026-02-05T15:15:45+01:00,[38],[0]
2026-02-05T15:25:44+01:00,[37],[0]
2026-02-05T15:35:44+01:00,[37],[0]
2026-02-05T15:45:44+01:00,[37],[0]
2026-02-05T15:55:44+01:00,[37],[0]
2026-02-05T16:05:44+01:00,[37],[0]
2026-02-05T16:15:44+01:00,[37],[0]
2026-02-05T16:25:44+01:00,[37],[0]
2026-02-05T16:35:44+01:00,[38],[0]
2026-02-05T16:45:44+01:00,[37],[0]
2026-02-06T01:05:44+01:00,[37],[0]
2026-02-06T01:15:44+01:00,[37],[0]
2026-02-06T01:25:44+01:00,[37],[0]
2026-02-06T01:36:27+01:00,[37],[0]
2026-02-06T01:45:41+01:00,[37],[0]
2026-02-06T01:55:40+01:00,[37],[0]
2026-02-06T02:05:41+01:00,[37],[0]
2026-02-06T02:15:41+01:00,[37],[0]
2026-02-06T02:25:41+01:00,[37],[0]
2026-02-06T02:35:41+01:00,[37],[0]
2026-02-06T02:45:42+01:00,[38],[0]
2026-02-06T02:55:42+01:00,[37],[0]
2026-02-06T03:05:41+01:00,[37],[0]
2026-02-06T03:15:41+01:00,[37],[0]
2026-02-06T03:25:41+01:00,[37],[0]
2026-02-06T03:35:42+01:00,[38],[0]
2026-02-06T03:45:42+01:00,[37],[0]
2026-02-06T03:55:41+01:00,[38],[0]
2026-02-06T04:05:40+01:00,[37],[0]
2026-02-06T04:15:41+01:00,[37],[0]
2026-02-06T04:25:42+01:00,[38],[0]
2026-02-06T04:35:41+01:00,[37],[0]
2026-02-06T04:45:41+01:00,[37],[0]
2026-02-06T04:55:42+01:00,[38],[0]
2026-02-06T05:05:41+01:00,[37],[0]
2026-02-06T05:15:41+01:00,[37],[0]
2026-02-06T05:25:41+01:00,[37],[0]
2026-02-06T05:35:41+01:00,[37],[0]
2026-02-06T05:45:41+01:00,[37],[0]
2026-02-06T05:55:41+01:00,[37],[0]
2026-02-06T06:05:42+01:00,[38],[0]
2026-02-06T06:15:42+01:00,[37],[0]
2026-02-06T06:25:41+01:00,[38],[0]
2026-02-06T06:35:41+01:00,[37],[0]
2026-02-06T06:45:41+01:00,[37],[0]
2026-02-06T06:55:42+01:00,[38],[0]
2026-02-06T07:05:41+01:00,[37],[0]
2026-02-06T07:15:41+01:00,[37],[0]
2026-02-06T07:35:42+01:00,[38],[0]
2026-02-04T06:55:45+01:00,[38],[0]
2026-02-04T07:05:45+01:00,[38],[0]
2026-02-04T07:15:45+01:00,[38],[0]
2026-02-04T07:25:44+01:00,[37],[0]
2026-02-04T07:35:44+01:00,[37],[0]
2026-02-04T07:45:45+01:00,[38],[0]
2026-02-04T08:05:45+01:00,[38],[0]
2026-02-04T08:15:44+01:00,[37],[0]
2026-02-04T08:25:44+01:00,[37],[0]
2026-02-04T08:35:43+01:00,[37],[0]
2026-02-04T08:45:43+01:00,[37],[0]
2026-02-04T08:55:44+01:00,[37],[0]
2026-02-04T09:05:45+01:00,[38],[0]
2026-02-04T09:15:44+01:00,[37],[0]
2026-02-04T09:25:44+01:00,[37],[0]
2026-02-04T09:35:44+01:00,[37],[0]
2026-02-04T09:45:44+01:00,[37],[0]
2026-02-04T09:55:45+01:00,[38],[0]
2026-02-04T10:35:45+01:00,[37],[0]
2026-02-04T10:45:44+01:00,[37],[0]
2026-02-04T10:55:44+01:00,[37],[0]
2026-02-04T11:05:44+01:00,[38],[0]
2026-02-04T11:15:43+01:00,[37],[0]
2026-02-04T11:25:44+01:00,[37],[0]
2026-02-04T11:35:44+01:00,[37],[0]
2026-02-04T11:45:45+01:00,[38],[0]
2026-02-04T11:55:44+01:00,[37],[0]
2026-02-04T12:15:45+01:00,[38],[0]
2026-02-04T12:25:44+01:00,[38],[0]
2026-02-04T12:35:44+01:00,[37],[0]
2026-02-04T13:05:44+01:00,[37],[0]
2026-02-04T13:15:45+01:00,[38],[0]
2026-02-04T13:25:44+01:00,[37],[0]
2026-02-04T13:35:44+01:00,[37],[0]
2026-02-04T13:45:45+01:00,[38],[0]
2026-02-04T13:55:44+01:00,[37],[0]
2026-02-04T14:05:44+01:00,[37],[0]
2026-02-04T14:15:44+01:00,[37],[0]
2026-02-04T14:25:44+01:00,[37],[0]
2026-02-04T14:35:44+01:00,[37],[0]
2026-02-04T14:45:44+01:00,[37],[0]
2026-02-04T14:55:45+01:00,[38],[0]
2026-02-04T15:05:44+01:00,[37],[0]
2026-02-04T15:25:44+01:00,[37],[0]
2026-02-04T15:35:45+01:00,[38],[0]
2026-02-04T15:45:44+01:00,[37],[0]
2026-02-04T15:55:45+01:00,[38],[0]
2026-02-04T17:00:00+01:00,[60],[0]
2026-02-05T01:25:44+01:00,[37],[0]
2026-02-05T01:35:44+01:00,[37],[0]
2026-02-05T01:45:44+01:00,[37],[0]
2026-02-05T01:55:43+01:00,[37],[0]
2026-02-05T02:05:44+01:00,[37],[0]
2026-02-05T02:15:44+01:00,[38],[0]
2026-02-05T02:25:44+01:00,[37],[0]
2026-02-05T02:35:44+01:00,[37],[0]
2026-02-05T02:45:44+01:00,[37],[0]
2026-02-05T02:55:44+01:00,[37],[0]
2026-02-05T03:05:44+01:00,[37],[0]
2026-02-05T03:15:44+01:00,[37],[0]
2026-02-05T03:25:44+01:00,[37],[0]
2026-02-05T03:35:44+01:00,[37],[0]
2026-02-05T03:45:44+01:00,[37],[0]
2026-02-05T03:55:44+01:00,[38],[0]
2026-02-05T04:05:44+01:00,[37],[0]
2026-02-05T04:15:44+01:00,[37],[0]
2026-02-05T04:25:44+01:00,[37],[0]
2026-02-05T04:35:44+01:00,[37],[0]
2026-02-05T04:45:45+01:00,[38],[0]
2026-02-05T04:55:44+01:00,[37],[0]
2026-02-05T05:05:43+01:00,[37],[0]
2026-02-05T05:25:43+01:00,[37],[0]
2026-02-05T05:35:45+01:00,[38],[0]
2026-02-05T05:45:45+01:00,[38],[0]
2026-02-05T05:55:44+01:00,[37],[0]
2026-02-05T06:05:44+01:00,[37],[0]
2026-02-05T06:15:44+01:00,[38],[0]
2026-02-05T06:25:44+01:00,[37],[0]
2026-02-05T06:35:44+01:00,[38],[0]
2026-02-05T06:45:44+01:00,[37],[0]
2026-02-05T06:55:44+01:00,[37],[0]
2026-02-05T07:05:45+01:00,[38],[0]
2026-02-05T07:15:45+01:00,[38],[0]
2026-02-03T07:36:21+01:00,[60],[0]
2026-02-03T07:46:21+01:00,[60],[0]
2026-02-03T07:56:21+01:00,[60],[0]
2026-02-03T08:06:23+01:00,[60],[0]
2026-02-03T08:16:20+01:00,[60],[0]
2026-02-03T08:26:21+01:00,[60],[0]
2026-02-03T08:36:21+01:00,[60],[0]
2026-02-03T08:46:23+01:00,[60],[0]
2026-02-03T08:56:21+01:00,[60],[0]
2026-02-03T09:06:21+01:00,[60],[0]
2026-02-03T09:16:20+01:00,[60],[0]
2026-02-03T09:26:23+01:00,[60],[0]
2026-02-03T09:36:21+01:00,[60],[0]
2026-02-03T09:46:20+01:00,[60],[0]
2026-02-03T09:56:23+01:00,[60],[0]
2026-02-03T10:06:22+01:00,[60],[0]
2026-02-03T10:16:20+01:00,[60],[0]
2026-02-03T10:26:21+01:00,[60],[0]
2026-02-03T07:55:44+01:00,[37],[0]
2026-02-03T08:05:45+01:00,[38],[0]
2026-02-03T08:15:43+01:00,[37],[0]
2026-02-03T08:25:44+01:00,[37],[0]
2026-02-03T08:35:44+01:00,[37],[0]
2026-02-03T08:45:45+01:00,[38],[0]
2026-02-03T08:55:44+01:00,[37],[0]
2026-02-03T09:05:44+01:00,[37],[0]
2026-02-03T09:15:43+01:00,[37],[0]
2026-02-03T09:25:45+01:00,[38],[0]
2026-02-03T09:35:44+01:00,[37],[0]
2026-02-03T09:45:43+01:00,[37],[0]
2026-02-03T09:55:45+01:00,[38],[0]
2026-02-03T10:05:44+01:00,[38],[0]
2026-02-03T10:15:43+01:00,[37],[0]
2026-02-03T10:25:44+01:00,[37],[0]
2026-02-03T10:55:44+01:00,[37],[0]
2026-02-03T11:05:43+01:00,[37],[0]
2026-02-03T11:25:44+01:00,[37],[0]
2026-02-03T11:45:45+01:00,[38],[0]
2026-02-03T11:55:43+01:00,[37],[0]
2026-02-03T12:15:44+01:00,[38],[0]
2026-02-03T12:25:45+01:00,[38],[0]
2026-02-03T12:35:43+01:00,[37],[0]
2026-02-03T12:45:44+01:00,[37],[0]
2026-02-03T12:55:44+01:00,[37],[0]
2026-02-03T13:05:43+01:00,[37],[0]
2026-02-03T13:15:45+01:00,[37],[0]
2026-02-03T13:25:44+01:00,[37],[0]
2026-02-03T13:35:43+01:00,[37],[0]
2026-02-03T13:45:44+01:00,[37],[0]
2026-02-03T10:56:21+01:00,[60],[0]
2026-02-03T11:06:20+01:00,[60],[0]
2026-02-03T11:26:21+01:00,[60],[0]
2026-02-03T11:46:23+01:00,[60],[0]
2026-02-03T11:56:20+01:00,[60],[0]
2026-02-03T12:16:22+01:00,[60],[0]
2026-02-03T12:26:23+01:00,[60],[0]
2026-02-03T12:36:20+01:00,[60],[0]
2026-02-03T12:46:21+01:00,[60],[0]
2026-02-03T12:56:21+01:00,[60],[0]
2026-02-03T13:06:20+01:00,[60],[0]
2026-02-03T13:16:22+01:00,[60],[0]
2026-02-03T13:26:21+01:00,[60],[0]
2026-02-03T13:36:20+01:00,[60],[0]
2026-02-03T13:46:21+01:00,[60],[0]
2026-02-03T13:56:20+01:00,[60],[0]
2026-02-03T14:06:21+01:00,[60],[0]
2026-02-03T14:16:21+01:00,[60],[0]
2026-02-03T14:36:20+01:00,[60],[0]
2026-02-03T14:56:20+01:00,[60],[0]
2026-02-03T15:06:22+01:00,[60],[0]
2026-02-03T15:16:21+01:00,[60],[0]
2026-02-03T15:26:20+01:00,[60],[0]
2026-02-03T16:17:00+01:00,"[60,60,60,60,60,60,60,60,60,60,60,60,60,60,60,60,60,60,60]","[0,0,0,0,0,0,0,0,0,0,0,0,0,0,0,0,0,0,0]"
2026-02-03T13:55:43+01:00,[37],[0]
2026-02-03T14:05:44+01:00,[37],[0]
2026-02-03T14:15:44+01:00,[37],[0]
2026-02-03T14:35:43+01:00,[37],[0]
2026-02-03T14:55:43+01:00,[37],[0]
2026-02-03T15:05:44+01:00,[38],[0]
2026-02-03T15:15:44+01:00,[37],[0]
2026-02-03T15:25:43+01:00,[37],[0]
2026-02-03T16:36:00+01:00,"[60,60,60,60,60,60,60,60,60,60,60,60,60,60,60,60,60,60,60,60,60,60,60,60,60,60,60,60,60,60,60,60,60,60,60,60,60,60,60,60,60,60,60,60,60,60,60,60,60,60,60,60,60,60,60,60,60,60,60,60,60,60,60,60,60,60,60,60,60,60,60,60,60,60,60,60,60,60,60,60,60,60,60,60,60,60,60,60,60,60,60,60,60,60,60,60,60,60,60,60,60,60,60,60,60,60,60,60,60,60,60]","[0,0,0,0,0,0,0,0,0,0,0,0,0,0,0,0,0,0,0,0,0,0,0,0,0,0,0,0,0,0,0,0,0,0,0,0,0,0,0,0,0,0,0,0,0,0,0,0,0,0,0,0,0,0,0,0,0,0,0,0,0,0,0,0,0,0,0,0,0,0,0,0,0,0,0,0,0,0,0,0,0,0,0,0,0,0,0,0,0,0,0,0,0,0,0,0,0,0,0,0,0,0,0,0,0,0,0,0,0,0,0]"
2026-02-03T18:30:00+01:00,"[60,60,60,60,60,60,60,60,60,60,60,60,60]","[0,0,0,0,0,0,0,0,0,0,0,0,0]"
2026-02-03T17:00:00+01:00,[60],[0]
2026-02-03T19:28:00+01:00,"[60,60,60,60,60,60,60,60,60,60,60,60,60,60,60,60,60,60,60,60,60,60,60,60,60,60,60,60,60,60,60,60,60,60,60,60,60,60,60,60,60,60,60,60,60,60,60,60,60,60,60,60,60,60,60,60,60,60,60,60,60,60,60,60,60,60,60,60,60,60,60,60,60,60,60,60,60,60,60,60,60,60,60,60,60,60,60,60,60,60,60,60,60,60,60,60,60,60,60,60,60,60,60,60,60,60,60,60,60,60,60,60,60,60,60,60,60,60,60,60,60,60,60,60,60,60,60,60,60,60,60,60,60,60,60,60,60,60,60,60,60,60,60,60,60,60,60,60,60,60,60,60,60,60,60,60,60,60,60,60,60,60,60,60,60,60,60,60,60,60,60,60,60,60,60,60,60,60,60,60]","[0,0,0,0,0,0,0,0,0,0,0,0,0,0,0,0,0,0,0,0,0,0,0,0,0,0,0,0,0,0,0,0,0,0,0,0,0,0,0,0,0,0,0,0,0,0,0,0,0,0,0,0,0,0,0,0,0,0,0,0,0,0,0,0,0,0,0,0,0,0,0,0,0,0,0,0,0,0,0,0,0,0,0,0,0,0,0,0,0,0,0,0,0,0,0,0,0,0,0,0,0,0,0,0,0,0,0,0,0,0,0,0,0,0,0,0,0,0,0,0,0,0,0,0,0,0,0,0,0,0,0,0,0,0,0,0,0,0,0,0,0,0,0,0,0,0,0,0,0,0,0,0,0,0,0,0,0,0,0,0,0,0,0,0,0,0,0,0,0,0,0,0,0,0,0,0,0,0,0,0]"
2026-02-03T22:28:00+01:00,"[60,60,60,60,60,60,60,60,60,60,60,60,60,60,60,60,60,60,60,60,60,60,60,60,60,60,60,60,60,60,60,60,60,60,60,60,60,60,60,60,60,60,60,60,60,60,60,60,60,60,60,60,60,60,60,60,60,60,60,60,60,60,60,60,60,60,60,60,60,60,60,60,60,60,60,60,60,60,60,60,60,60,60,60,60,60,60,60,60,60,60,60,60,60,60,60,60,60,60,60,60,60,60,60,60,60,60,60,60,60,60,60,60,60,60,60,60,60,60,60,60,60,60,60,60,60,60,60,60,60,60,60,60,60,60]","[0,0,0,0,0,0,0,0,0,0,0,0,0,0,0,0,0,0,0,0,0,0,0,0,0,0,0,0,0,0,0,0,0,0,0,0,0,0,0,0,0,0,0,0,0,0,0,0,0,0,0,0,0,0,0,0,0,0,0,0,0,0,0,0,0,0,0,0,0,0,0,0,0,0,0,0,0,0,0,0,0,0,0,0,0,0,0,0,0,0,0,0,0,0,0,0,0,0,0,0,0,0,0,0,0,0,0,0,0,0,0,0,0,0,0,0,0,0,0,0,0,0,0,0,0,0,0,0,0,0,0,0,0,0,0]"
2026-02-04T01:35:43+01:00,[37],[0]
2026-02-04T01:45:44+01:00,[37],[0]
2026-02-04T01:55:44+01:00,[37],[0]
2026-02-04T02:05:44+01:00,[38],[0]
2026-02-04T02:15:44+01:00,[37],[0]
2026-02-04T02:25:45+01:00,[38],[0]
2026-02-04T02:35:44+01:00,[37],[0]
2026-02-04T02:45:44+01:00,[37],[0]
2026-02-04T02:55:44+01:00,[37],[0]
2026-02-04T03:05:44+01:00,[37],[0]
2026-02-04T03:15:44+01:00,[37],[0]
2026-02-04T03:25:44+01:00,[37],[0]
2026-02-04T03:35:45+01:00,[38],[0]
2026-02-04T03:45:44+01:00,[37],[0]
2026-02-04T03:55:44+01:00,[37],[0]
2026-02-04T04:05:44+01:00,[37],[0]
2026-02-04T04:15:45+01:00,[38],[0]
2026-02-04T04:25:44+01:00,[37],[0]
2026-02-04T01:36:20+01:00,[60],[0]
2026-02-04T01:46:21+01:00,[60],[0]
2026-02-04T01:56:21+01:00,[60],[0]
2026-02-04T02:06:22+01:00,[60],[0]
2026-02-04T02:16:21+01:00,[60],[0]
2026-02-04T02:26:23+01:00,[60],[0]
2026-02-04T02:36:21+01:00,[60],[0]
2026-02-04T02:46:21+01:00,[60],[0]
2026-02-04T02:56:21+01:00,[60],[0]
2026-02-04T03:06:21+01:00,[60],[0]
2026-02-04T03:16:21+01:00,[60],[0]
2026-02-04T03:26:21+01:00,[60],[0]
2026-02-04T03:36:23+01:00,[60],[0]
2026-02-04T03:46:21+01:00,[60],[0]
2026-02-04T03:56:21+01:00,[60],[0]
2026-02-04T04:06:21+01:00,[60],[0]
2026-02-04T04:16:23+01:00,[60],[0]
2026-02-04T04:26:21+01:00,[60],[0]
2026-02-04T04:35:44+01:00,[37],[0]
2026-02-04T04:36:21+01:00,[60],[0]
2026-02-04T04:46:21+01:00,[60],[0]
2026-02-04T04:45:44+01:00,[37],[0]
2026-02-04T04:55:44+01:00,[37],[0]
2026-02-04T05:05:44+01:00,[37],[0]
2026-02-04T05:25:44+01:00,[37],[0]
2026-02-04T05:35:44+01:00,[37],[0]
2026-02-04T05:45:44+01:00,[37],[0]
2026-02-04T05:55:45+01:00,[38],[0]
2026-02-04T06:05:45+01:00,[38],[0]
2026-02-04T06:15:44+01:00,[38],[0]
2026-02-04T06:25:44+01:00,[37],[0]
2026-02-04T04:56:21+01:00,[60],[0]
2026-02-04T05:06:21+01:00,[60],[0]
2026-02-04T05:26:21+01:00,[60],[0]
2026-02-04T05:36:21+01:00,[60],[0]
2026-02-04T06:35:44+01:00,[37],[0]
2026-02-04T06:45:44+01:00,[37],[0]
2026-02-02T07:15:48+01:00,[38],[0]
2026-02-02T07:16:26+01:00,[60],[0]
2026-02-02T07:17:26+01:00,[60],[0]
2026-02-02T07:27:25+01:00,[60],[0]
2026-02-02T07:37:26+01:00,[60],[0]
2026-02-02T07:47:25+01:00,[60],[0]
2026-02-02T07:57:27+01:00,[60],[0]
2026-02-02T08:07:27+01:00,[60],[0]
2026-02-02T08:17:27+01:00,[60],[0]
2026-02-02T08:27:25+01:00,[60],[0]
2026-02-02T08:37:25+01:00,[60],[0]
2026-02-02T08:47:25+01:00,[60],[0]
2026-02-02T08:57:26+01:00,[60],[0]
2026-02-02T09:07:25+01:00,[60],[0]
2026-02-02T09:17:27+01:00,[60],[0]
2026-02-02T09:27:27+01:00,[60],[0]
2026-02-02T09:37:25+01:00,[60],[0]
2026-02-02T09:47:27+01:00,[60],[0]
2026-02-02T09:57:27+01:00,[60],[0]
2026-02-02T10:07:27+01:00,[60],[0]
2026-02-02T07:25:48+01:00,[37],[0]
2026-02-02T07:35:48+01:00,[38],[0]
2026-02-02T07:45:48+01:00,[37],[0]
2026-02-02T07:55:49+01:00,[38],[0]
2026-02-02T08:05:49+01:00,[38],[0]
2026-02-02T08:15:49+01:00,[38],[0]
2026-02-02T08:25:48+01:00,[37],[0]
2026-02-02T08:35:48+01:00,[37],[0]
2026-02-02T08:45:48+01:00,[37],[0]
2026-02-02T08:55:49+01:00,[37],[0]
2026-02-02T09:05:48+01:00,[37],[0]
2026-02-02T09:15:49+01:00,[38],[0]
2026-02-02T07:26:25+01:00,[60],[0]
2026-02-02T07:36:26+01:00,[60],[0]
2026-02-02T07:46:25+01:00,[60],[0]
2026-02-02T07:56:27+01:00,[60],[0]
2026-02-02T08:06:27+01:00,[60],[0]
2026-02-02T08:16:27+01:00,[60],[0]
2026-02-02T08:26:25+01:00,[60],[0]
2026-02-02T08:36:25+01:00,[60],[0]
2026-02-02T08:46:25+01:00,[60],[0]
2026-02-02T08:56:26+01:00,[60],[0]
2026-02-02T09:06:25+01:00,[60],[0]
2026-02-02T09:16:27+01:00,[60],[0]
2026-02-02T09:26:27+01:00,[60],[0]
2026-02-02T09:36:25+01:00,[60],[0]
2026-02-02T09:46:27+01:00,[60],[0]
2026-02-02T09:56:27+01:00,[60],[0]
2026-02-02T10:06:27+01:00,[60],[0]
2026-02-02T10:16:26+01:00,[60],[0]
2026-02-02T09:25:49+01:00,[38],[0]
2026-02-02T09:35:48+01:00,[37],[0]
2026-02-02T09:45:49+01:00,[38],[0]
2026-02-02T09:55:49+01:00,[38],[0]
2026-02-02T10:05:49+01:00,[38],[0]
2026-02-02T10:15:49+01:00,[37],[0]
2026-02-02T10:25:49+01:00,[37],[0]
2026-02-02T10:17:26+01:00,[60],[0]
2026-02-02T10:27:26+01:00,[60],[0]
2026-02-02T10:37:24+01:00,[60],[0]
2026-02-02T10:47:26+01:00,[60],[0]
2026-02-02T10:57:27+01:00,[60],[0]
2026-02-02T11:07:27+01:00,[60],[0]
2026-02-02T11:17:25+01:00,[60],[0]
2026-02-02T11:27:25+01:00,[60],[0]
2026-02-02T11:37:25+01:00,[60],[0]
2026-02-02T11:47:27+01:00,[60],[0]
2026-02-02T11:57:25+01:00,[60],[0]
2026-02-02T12:07:25+01:00,[60],[0]
2026-02-02T12:17:25+01:00,[60],[0]
2026-02-02T12:27:25+01:00,[60],[0]
2026-02-02T12:37:25+01:00,[60],[0]
2026-02-02T12:47:25+01:00,[60],[0]
2026-02-02T12:57:27+01:00,[60],[0]
2026-02-02T13:07:24+01:00,[60],[0]
2026-02-02T10:26:26+01:00,[60],[0]
2026-02-02T10:36:24+01:00,[60],[0]
2026-02-02T10:46:26+01:00,[60],[0]
2026-02-02T10:56:27+01:00,[60],[0]
2026-02-02T11:06:27+01:00,[60],[0]
2026-02-02T11:16:25+01:00,[60],[0]
2026-02-02T11:26:25+01:00,[60],[0]
2026-02-02T11:36:25+01:00,[60],[0]
2026-02-02T11:46:27+01:00,[60],[0]
2026-02-02T11:56:25+01:00,[60],[0]
2026-02-02T12:06:25+01:00,[60],[0]
2026-02-02T12:16:25+01:00,[60],[0]
2026-02-02T12:26:25+01:00,[60],[0]
2026-02-02T12:36:25+01:00,[60],[0]
2026-02-02T12:46:25+01:00,[60],[0]
2026-02-02T12:56:27+01:00,[60],[0]
2026-02-02T13:06:24+01:00,[60],[0]
2026-02-02T13:16:25+01:00,[60],[0]
2026-02-02T10:35:47+01:00,[37],[0]
2026-02-02T10:45:48+01:00,[38],[0]
2026-02-02T10:55:49+01:00,[38],[0]
2026-02-02T11:05:49+01:00,[38],[0]
2026-02-02T11:15:48+01:00,[37],[0]
2026-02-02T11:25:48+01:00,[37],[0]
2026-02-02T11:35:48+01:00,[37],[0]
2026-02-02T11:45:49+01:00,[38],[0]
2026-02-02T11:55:48+01:00,[37],[0]
2026-02-02T12:05:48+01:00,[37],[0]
2026-02-02T12:15:48+01:00,[37],[0]
2026-02-02T12:25:48+01:00,[37],[0]
2026-02-02T12:35:48+01:00,[37],[0]
2026-02-02T12:45:48+01:00,[37],[0]
2026-02-02T12:55:49+01:00,[38],[0]
2026-02-02T13:05:47+01:00,[37],[0]
2026-02-02T13:15:48+01:00,[37],[0]
2026-02-02T13:25:48+01:00,[37],[0]
2026-02-02T13:35:49+01:00,[37],[0]
2026-02-02T13:17:25+01:00,[60],[0]
2026-02-02T13:27:25+01:00,[60],[0]
2026-02-02T13:37:26+01:00,[60],[0]
2026-02-02T13:47:27+01:00,[60],[0]
2026-02-02T13:57:25+01:00,[60],[0]
2026-02-02T14:07:27+01:00,[60],[0]
2026-02-02T14:17:25+01:00,[60],[0]
2026-02-02T14:27:25+01:00,[60],[0]
2026-02-02T14:37:25+01:00,[60],[0]
2026-02-02T14:47:25+01:00,[60],[0]
2026-02-02T14:57:25+01:00,[60],[0]
2026-02-02T15:07:25+01:00,[60],[0]
2026-02-02T15:17:25+01:00,[60],[0]
2026-02-02T15:27:25+01:00,[60],[0]
2026-02-02T15:37:27+01:00,[60],[0]
2026-02-02T15:47:24+01:00,[60],[0]
2026-02-02T15:57:25+01:00,[60],[0]
2026-02-02T16:07:25+01:00,[60],[0]
2026-02-02T16:17:25+01:00,[60],[0]
2026-02-02T13:36:26+01:00,[60],[0]
2026-02-02T13:46:27+01:00,[60],[0]
2026-02-02T13:56:25+01:00,[60],[0]
2026-02-02T14:06:27+01:00,[60],[0]
2026-02-02T14:16:25+01:00,[60],[0]
2026-02-02T14:26:25+01:00,[60],[0]
2026-02-02T14:36:25+01:00,[60],[0]
2026-02-02T14:46:25+01:00,[60],[0]
2026-02-02T14:56:25+01:00,[60],[0]
2026-02-02T15:06:25+01:00,[60],[0]
2026-02-02T15:16:25+01:00,[60],[0]
2026-02-02T15:26:25+01:00,[60],[0]
2026-02-02T15:36:27+01:00,[60],[0]
2026-02-02T15:46:24+01:00,[60],[0]
2026-02-02T15:56:25+01:00,[60],[0]
2026-02-02T16:06:25+01:00,[60],[0]
2026-02-02T16:16:25+01:00,[60],[0]
2026-02-02T16:26:25+01:00,[60],[0]
2026-02-02T13:45:49+01:00,[38],[0]
2026-02-02T13:55:48+01:00,[37],[0]
2026-02-02T14:05:49+01:00,[38],[0]
2026-02-02T14:15:48+01:00,[37],[0]
2026-02-02T14:25:48+01:00,[37],[0]
2026-02-02T14:35:48+01:00,[37],[0]
2026-02-02T14:45:48+01:00,[37],[0]
2026-02-02T14:55:48+01:00,[37],[0]
2026-02-02T15:05:48+01:00,[37],[0]
2026-02-02T15:15:48+01:00,[37],[0]
2026-02-02T15:25:48+01:00,[37],[0]
2026-02-02T15:35:49+01:00,[38],[0]
2026-02-02T15:45:47+01:00,[37],[0]
2026-02-02T15:55:48+01:00,[37],[0]
2026-02-02T16:05:48+01:00,[37],[0]
2026-02-02T16:15:48+01:00,[37],[0]
2026-02-02T16:25:48+01:00,[37],[0]
2026-02-02T16:35:48+01:00,[37],[0]
2026-02-02T16:27:25+01:00,[60],[0]
2026-02-02T16:37:25+01:00,[60],[0]
2026-02-02T17:55:00+01:00,[60],[0]
2026-02-02T16:36:25+01:00,[60],[0]
2026-02-02T16:51:00+01:00,"[60,60,60,60,60,60,60,60,60,60,60,60,60,60,60,60,60,60,60,60,60,60,60,60,60,60,60,60,60,60,60,60,60,60,60,60,60,60,60,60,60,60,60,60,60,60,60,60,60,60,60,60,60,60,60,60,60,60,60,60,60,60,60,60]","[0,0,0,0,0,0,0,0,0,0,0,0,0,0,0,0,0,0,0,0,0,0,0,0,0,0,0,0,0,0,0,0,0,0,0,0,0,0,0,0,0,0,0,0,0,0,0,0,0,0,0,0,0,0,0,0,0,0,0,0,0,0,0,0]"
2026-02-02T17:58:00+01:00,"[60,60,60,60,60,60,60,60,60,60,60,60,60,60,60,60,60,60,60,60,60,60,60,60,60,60,60,60,60,60,60,60,60,60,60,60,60,60,60,60,60,60,60,60,60,60,60,60,60,60,60,60,60,60,60,60,60,60,60,60,60,60,60,60,60,60,60,60,60,60,60,60,60,60,60,60,60,60,60,60,60,60,60,60,60,60,60,60,60]","[0,0,0,0,0,0,0,0,0,0,0,0,0,0,0,0,0,0,0,0,0,0,0,0,0,0,0,0,0,0,0,0,0,0,0,0,0,0,0,0,0,0,0,0,0,0,0,0,0,0,0,0,0,0,0,0,0,0,0,0,0,0,0,0,0,0,0,0,0,0,0,0,0,0,0,0,0,0,0,0,0,0,0,0,0,0,0,0,0]"
2026-02-02T17:00:00+01:00,[60],[0]
2026-02-02T19:27:00+01:00,"[60,60]","[0,0]"
2026-02-02T19:54:00+01:00,"[60,60,60,60,60,60,60,60,60,60,60,60,60,60,60,60,60,60,60,60,60,60,60,60,60,60,60,60,60,60,60,60,60]","[0,0,0,0,0,0,0,0,0,0,0,0,0,0,0,0,0,0,0,0,0,0,0,0,0,0,0,0,0,0,0,0,0]"
2026-02-02T20:30:00+01:00,"[60,60,60,60,60,60,60,60,60,60,60,60,60,60,60,60,60,60,60,60,60,60,60,60,60,60,60,60,60,60,60,60,60,60,60,60,60,60,60,60,60,60,60,60,60,60,60,60,60,60,60,60]","[0,0,0,0,0,0,0,0,0,0,0,0,0,0,0,0,0,0,0,0,0,0,0,0,0,0,0,0,0,0,0,0,0,0,0,0,0,0,0,0,0,0,0,0,0,0,0,0,0,0,0,0]"
2026-02-02T19:29:00+01:00,[60],[0]
2026-02-02T20:27:00+01:00,[60],[0]
2026-02-02T21:22:00+01:00,[60],[0]
2026-02-02T22:33:00+01:00,"[60,60,60,60,60,60,60,60,60,60,60,60,60,60,60,60]","[0,0,0,0,0,0,0,0,0,0,0,0,0,0,0,0]"
2026-02-02T22:52:00+01:00,"[60,60,60,60,60,60,60,60,60,60,60,60,60,60,60,60,60,60,60,60,60,60,60,60,60,60,60,60,60,60,60,60,60,60,60,60,60,60,60,60,60,60,60,60,60,60,60,60,60,60,60,60,60,60,60,60,60,60,60,60,60,60,60,60,60,60,60,60,60,60,60,60,60,60,60,60,60,60,60,60,60,60,60,60,60,60,60,60,60,60,60,60,60,60,60,60,60,60,60,60,60,60,60,60,60,60,60,60,60,60,60,60,60,60,60,60,60,60,60,60,60,60,60,60,60,60,60,60,60,60,60,60,60,60,60,60,60,60,60,60,60,60,60,60,60,60,60,60,60,60]","[0,0,0,0,0,0,0,0,0,0,0,0,0,0,0,0,0,0,0,0,0,0,0,0,0,0,0,0,0,0,0,0,0,0,0,0,0,0,0,0,0,0,0,0,0,0,0,0,0,0,0,0,0,0,0,0,0,0,0,0,0,0,0,0,0,0,0,0,0,0,0,0,0,0,0,0,0,0,0,0,0,0,0,0,0,0,0,0,0,0,0,0,0,0,0,0,0,0,0,0,0,0,0,0,0,0,0,0,0,0,0,0,0,0,0,0,0,0,0,0,0,0,0,0,0,0,0,0,0,0,0,0,0,0,0,0,0,0,0,0,0,0,0,0,0,0,0,0,0,0]"
2026-02-02T22:49:00+01:00,[60],[0]
2026-02-03T01:22:00+01:00,[60],[0]
2026-02-03T01:37:25+01:00,[60],[0]
2026-02-03T01:47:25+01:00,[60],[0]
2026-02-03T01:57:26+01:00,[60],[0]
2026-02-03T02:07:25+01:00,[60],[0]
2026-02-03T02:17:25+01:00,[60],[0]
2026-02-03T02:27:25+01:00,[60],[0]
2026-02-03T02:37:25+01:00,[60],[0]
2026-02-03T02:47:25+01:00,[60],[0]
2026-02-03T02:57:26+01:00,[60],[0]
2026-02-03T03:07:27+01:00,[60],[0]
2026-02-03T03:27:48+01:00,[60],[0]
2026-02-03T03:37:27+01:00,[60],[0]
2026-02-03T03:47:26+01:00,[60],[0]
2026-02-03T03:57:25+01:00,[60],[0]
2026-02-03T04:07:27+01:00,[60],[0]
2026-02-03T04:17:25+01:00,[60],[0]
2026-02-03T01:35:48+01:00,[37],[0]
2026-02-03T01:45:48+01:00,[37],[0]
2026-02-03T01:55:49+01:00,[37],[0]
2026-02-03T02:05:48+01:00,[37],[0]
2026-02-03T02:15:48+01:00,[37],[0]
2026-02-03T02:25:48+01:00,[37],[0]
2026-02-03T02:35:48+01:00,[37],[0]
2026-02-03T02:45:48+01:00,[37],[0]
2026-02-03T02:55:49+01:00,[37],[0]
2026-02-03T03:05:49+01:00,[38],[0]
2026-02-03T03:26:10+01:00,[38],[0]
2026-02-03T03:35:49+01:00,[38],[0]
2026-02-03T03:45:48+01:00,[38],[0]
2026-02-03T03:55:48+01:00,[37],[0]
2026-02-03T04:05:49+01:00,[38],[0]
2026-02-03T04:15:48+01:00,[37],[0]
2026-02-03T04:25:48+01:00,[37],[0]
2026-02-03T01:36:25+01:00,[60],[0]
2026-02-03T01:46:25+01:00,[60],[0]
2026-02-03T01:56:26+01:00,[60],[0]
2026-02-03T02:06:25+01:00,[60],[0]
2026-02-03T02:16:25+01:00,[60],[0]
2026-02-03T02:26:25+01:00,[60],[0]
2026-02-03T02:36:25+01:00,[60],[0]
2026-02-03T02:46:25+01:00,[60],[0]
2026-02-03T02:56:26+01:00,[60],[0]
2026-02-03T03:06:27+01:00,[60],[0]
2026-02-03T03:26:48+01:00,[60],[0]
2026-02-03T03:36:27+01:00,[60],[0]
2026-02-03T03:46:26+01:00,[60],[0]
2026-02-03T03:56:25+01:00,[60],[0]
2026-02-03T04:06:27+01:00,[60],[0]
2026-02-03T04:16:25+01:00,[60],[0]
2026-02-03T04:26:25+01:00,[60],[0]
2026-02-03T04:27:25+01:00,[60],[0]
2026-02-03T04:37:47+01:00,[60],[0]
2026-02-03T04:47:27+01:00,[60],[0]
2026-02-03T04:36:10+01:00,[37],[0]
2026-02-03T04:45:49+01:00,[38],[0]
2026-02-03T04:36:47+01:00,[60],[0]
2026-02-03T04:46:27+01:00,[60],[0]
2026-02-03T04:56:21+01:00,[60],[0]
2026-02-03T05:16:21+01:00,[60],[0]
2026-02-03T05:26:20+01:00,[60],[0]
2026-02-03T05:36:21+01:00,[60],[0]
2026-02-03T05:46:22+01:00,[60],[0]
2026-02-03T05:56:21+01:00,[60],[0]
2026-02-03T06:06:21+01:00,[60],[0]
2026-02-03T06:16:21+01:00,[60],[0]
2026-02-03T06:26:21+01:00,[60],[0]
2026-02-03T06:36:21+01:00,[60],[0]
2026-02-03T06:46:21+01:00,[60],[0]
2026-02-03T06:56:21+01:00,[60],[0]
2026-02-03T07:06:21+01:00,[60],[0]
2026-02-03T07:16:21+01:00,[60],[0]
2026-02-03T07:26:23+01:00,[60],[0]
2026-02-03T04:55:44+01:00,[37],[0]
2026-02-03T05:15:44+01:00,[37],[0]
2026-02-03T05:25:43+01:00,[37],[0]
2026-02-03T05:35:44+01:00,[37],[0]
2026-02-03T05:45:44+01:00,[38],[0]
2026-02-03T05:55:44+01:00,[37],[0]
2026-02-03T06:05:44+01:00,[37],[0]
2026-02-03T06:15:44+01:00,[37],[0]
2026-02-03T06:25:44+01:00,[37],[0]
2026-02-03T06:35:44+01:00,[37],[0]
2026-02-03T06:45:44+01:00,[37],[0]
2026-02-03T06:55:44+01:00,[37],[0]
2026-02-03T07:05:44+01:00,[37],[0]
2026-02-03T07:15:44+01:00,[37],[0]
2026-02-03T07:25:45+01:00,[38],[0]
2026-02-03T07:35:44+01:00,[37],[0]
2026-02-03T07:45:44+01:00,[37],[0]
2026-02-01T07:26:26+01:00,[60],[0]
2026-02-01T07:36:24+01:00,[60],[0]
2026-02-01T07:46:25+01:00,[60],[0]
2026-02-01T07:56:25+01:00,[60],[0]
2026-02-01T08:06:25+01:00,[60],[0]
2026-02-01T08:16:26+01:00,[60],[0]
2026-02-01T08:26:24+01:00,[60],[0]
2026-02-01T08:37:23+01:00,[60],[0]
2026-02-01T08:46:30+01:00,[60],[0]
2026-02-01T08:56:26+01:00,[60],[0]
2026-02-01T09:06:26+01:00,[60],[0]
2026-02-01T09:16:25+01:00,[60],[0]
2026-02-01T09:26:25+01:00,[60],[0]
2026-02-01T09:36:26+01:00,[60],[0]
2026-02-01T09:46:25+01:00,[60],[0]
2026-02-01T09:56:27+01:00,[60],[0]
2026-02-01T10:06:25+01:00,[60],[0]
2026-02-01T10:16:25+01:00,[60],[0]
2026-02-01T08:15:48+01:00,[38],[0]
2026-02-01T08:25:47+01:00,[37],[0]
2026-02-01T08:36:45+01:00,[38],[0]
2026-02-01T08:45:52+01:00,[38],[0]
2026-02-01T08:55:48+01:00,[38],[0]
2026-02-01T09:05:48+01:00,[38],[0]
2026-02-01T09:15:48+01:00,[37],[0]
2026-02-01T09:25:48+01:00,[37],[0]
2026-02-01T09:35:48+01:00,[38],[0]
2026-02-01T09:45:48+01:00,[37],[0]
2026-02-01T09:55:49+01:00,[38],[0]
2026-02-01T10:05:48+01:00,[37],[0]
2026-02-01T10:15:48+01:00,[37],[0]
2026-02-01T10:25:49+01:00,[38],[0]
2026-02-01T10:35:49+01:00,[38],[0]
2026-02-01T10:45:48+01:00,[37],[0]
2026-02-01T10:55:48+01:00,[37],[0]
2026-02-01T11:05:48+01:00,[37],[0]
2026-02-01T11:15:48+01:00,[37],[0]
2026-02-01T10:26:27+01:00,[60],[0]
2026-02-01T10:36:27+01:00,[60],[0]
2026-02-01T10:46:25+01:00,[60],[0]
2026-02-01T10:56:25+01:00,[60],[0]
2026-02-01T11:06:25+01:00,[60],[0]
2026-02-01T11:16:25+01:00,[60],[0]
2026-02-01T11:26:25+01:00,[60],[0]
2026-02-01T11:36:25+01:00,[60],[0]
2026-02-01T11:46:24+01:00,[60],[0]
2026-02-01T12:16:37+01:00,[60],[0]
2026-02-01T12:18:22+01:00,[60],[0]
2026-02-01T12:26:25+01:00,[60],[0]
2026-02-01T12:36:26+01:00,[60],[0]
2026-02-01T12:56:25+01:00,[60],[0]
2026-02-01T13:06:25+01:00,[60],[0]
2026-02-01T13:16:26+01:00,[60],[0]
2026-02-01T11:25:48+01:00,[37],[0]
2026-02-01T11:35:48+01:00,[37],[0]
2026-02-01T11:45:47+01:00,[37],[0]
2026-02-01T11:56:16+01:00,[1],[0]
2026-02-01T11:56:28+01:00,"[30,30,30,30,23,30,30,30,30,22,30,30,30,21,30]","[0,0,0,0,0,0,0,0,0,0,0,0,0,0,0]"
2026-02-01T12:03:35+01:00,"[30,33,30,30,20,30,30,30,30,27,30,30,30,30,61,30,30,30,14,4,30,24,30,45,9,30,30,5]","[0,0,0,0,0,0,0,0,0,0,0,0,0,0,0,0,0,0,0,0,0,0,0,0,0,0,0,0]"
2026-02-01T12:16:32+01:00,[5],[0]
2026-02-01T12:17:45+01:00,[37],[0]
2026-02-01T12:25:48+01:00,[37],[0]
2026-02-01T12:35:48+01:00,[38],[0]
2026-02-01T12:55:48+01:00,[37],[0]
2026-02-01T13:05:48+01:00,[37],[0]
2026-02-01T13:15:49+01:00,[37],[0]
2026-02-01T13:25:48+01:00,[37],[0]
2026-02-01T13:35:48+01:00,[37],[0]
2026-02-01T13:45:48+01:00,[37],[0]
2026-02-01T13:55:48+01:00,[37],[0]
2026-02-01T14:05:48+01:00,[37],[0]
2026-02-01T14:15:49+01:00,[38],[0]
2026-02-01T14:25:49+01:00,[38],[0]
2026-02-01T14:35:48+01:00,[37],[0]
2026-02-01T13:26:25+01:00,[60],[0]
2026-02-01T13:36:25+01:00,[60],[0]
2026-02-01T13:46:25+01:00,[60],[0]
2026-02-01T13:56:25+01:00,[60],[0]
2026-02-01T14:06:25+01:00,[60],[0]
2026-02-01T14:16:27+01:00,[60],[0]
2026-02-01T14:26:27+01:00,[60],[0]
2026-02-01T14:36:25+01:00,[60],[0]
2026-02-01T14:39:00+01:00,"[60,60,60,60,60,60,60,60,60,60,60,60,60,60,60,60,60,60,60,60,60]","[0,0,0,0,0,0,0,0,0,0,0,0,0,0,0,0,0,0,0,0,0]"
2026-02-01T15:03:00+01:00,"[60,60,60,60,60,60,60,60,60,60,60,60,60,60,60,60,60,60,60,60,60,60,60,60,60,60,60,60,60,60,60,60,60,60,60,60,60,60,60,60,60,60,60,60,60,60,60,60,60,60,60,60,60,60,60,60,60,60,60,60,60,60,60,60,60,60,60,60,60,60,60,60,60,60,60,60,60,60,60,60,60,60,60]","[0,0,0,0,0,0,0,0,0,0,0,0,0,0,0,0,0,0,0,0,0,0,0,0,0,0,0,0,0,0,0,0,0,0,0,0,0,0,0,0,0,0,0,0,0,0,0,0,0,0,0,0,0,0,0,0,0,0,0,0,0,0,0,0,0,0,0,0,0,0,0,0,0,0,0,0,0,0,0,0,0,0,0]"
2026-02-01T16:26:00+01:00,"[60,60,60,60,60,60,60,60,60,60,60,60,60,60,60,60,60,60,60,60,60,60,60,60,60,60,60,60,60,60,60,60,60,60,60,60,60,60,60,60,60,60,60,60,60,60,60,60,60,60,60,60,60,60,60,60,60,60,60,60,60,60,60,60,60,60,60,60,60,60,60,60,60,60,60,60,60,60,60,60,60,60,60,60,60,60,60,60,60,60,60,60,60,60,60,60,60,60,60,60,60,60,60,60,60,60,60,60,60,60,60,60,60,60,60,60,60,60,60,60,60,60,60,60,60,60,60,60,60,60,60,60,60,60,60,60,60,60,60,60,60,60,60,60,60,60,60,60,60,60,60,60,60,60,60,60,60,60,60,60,60,60,60,60,60,60,60,60,60,60,60,60,60,60,60]","[0,0,0,0,0,0,0,0,0,0,0,0,0,0,0,0,0,0,0,0,0,0,0,0,0,0,0,0,0,0,0,0,0,0,0,0,0,0,0,0,0,0,0,0,0,0,0,0,0,0,0,0,0,0,0,0,0,0,0,0,0,0,0,0,0,0,0,0,0,0,0,0,0,0,0,0,0,0,0,0,0,0,0,0,0,0,0,0,0,0,0,0,0,0,0,0,0,0,0,0,0,0,0,0,0,0,0,0,0,0,0,0,0,0,0,0,0,0,0,0,0,0,0,0,0,0,0,0,0,0,0,0,0,0,0,0,0,0,0,0,0,0,0,0,0,0,0,0,0,0,0,0,0,0,0,0,0,0,0,0,0,0,0,0,0,0,0,0,0,0,0,0,0,0,0]"
2026-02-01T17:00:00+01:00,[60],[0]
2026-02-01T19:21:00+01:00,"[60,60,60,60,60,60,60,60,60,60,60,60,60,60,60,60,60,60,60,60,60,60,60,60,60,60,60,60,60,60,60,60,60,60,60,60,60,60,60,60,60,60,60,60,60,60,60,60,60,60,60,60,60,60,60,60,60,60,60,60,60,60,60,60,60,60,60,60,60,60,60,60,60,60,60,60,60,60,60,60,60,60,60,60,60,60,60,60,60,60,60,60,60,60,60,60,60,60,60,60,60,60,60,60,60,60,60,60,60,60,60,60,60,60,60,60,60,60,60,60,60,60,60,60,60,60,60,60,60,60,60,60,60,60,60,60,60,60,60,60,60,60,60,60,60,60,60,60,60,60,60,60,60,60,60,60,60,60,60,60,60,60,60,60,60,60,60,60,60,60,60,60,60,60,60,60,60,60,60,60]","[0,0,0,0,0,0,0,0,0,0,0,0,0,0,0,0,0,0,0,0,0,0,0,0,0,0,0,0,0,0,0,0,0,0,0,0,0,0,0,0,0,0,0,0,0,0,0,0,0,0,0,0,0,0,0,0,0,0,0,0,0,0,0,0,0,0,0,0,0,0,0,0,0,0,0,0,0,0,0,0,0,0,0,0,0,0,0,0,0,0,0,0,0,0,0,0,0,0,0,0,0,0,0,0,0,0,0,0,0,0,0,0,0,0,0,0,0,0,0,0,0,0,0,0,0,0,0,0,0,0,0,0,0,0,0,0,0,0,0,0,0,0,0,0,0,0,0,0,0,0,0,0,0,0,0,0,0,0,0,0,0,0,0,0,0,0,0,0,0,0,0,0,0,0,0,0,0,0,0,0]"
2026-02-01T22:21:00+01:00,"[60,60,60,60,60,60,60,60,60,60,60,60,60,60,60,60,60,60,60,60,60,60,60,60,60,60,60,60,60,60,60,60,60,60,60,60,60,60,60,60,60,60,60,60,60,60,60,60,60,60,60,60,60,60]","[0,0,0,0,0,0,0,0,0,0,0,0,0,0,0,0,0,0,0,0,0,0,0,0,0,0,0,0,0,0,0,0,0,0,0,0,0,0,0,0,0,0,0,0,0,0,0,0,0,0,0,0,0,0]"
2026-02-01T23:19:00+01:00,"[60,60,60,60,60,60,60,60,60,60,60,60,60,60,60,60,60]","[0,0,0,0,0,0,0,0,0,0,0,0,0,0,0,0,0]"
2026-02-02T00:36:25+01:00,[60],[0]
2026-02-02T00:46:26+01:00,[60],[0]
2026-02-02T00:56:26+01:00,[60],[0]
2026-02-02T01:06:25+01:00,[60],[0]
2026-02-02T01:16:26+01:00,[60],[0]
2026-02-02T00:35:48+01:00,[37],[0]
2026-02-02T00:45:48+01:00,[38],[0]
2026-02-02T00:55:48+01:00,[38],[0]
2026-02-02T01:05:48+01:00,[37],[0]
2026-02-02T01:15:48+01:00,[38],[0]
2026-02-02T01:25:49+01:00,[38],[0]
2026-02-02T01:35:48+01:00,[37],[0]
2026-02-02T01:45:48+01:00,[37],[0]
2026-02-02T01:55:49+01:00,[38],[0]
2026-02-02T01:26:27+01:00,[60],[0]
2026-02-02T01:36:25+01:00,[60],[0]
2026-02-02T01:46:25+01:00,[60],[0]
2026-02-02T01:56:27+01:00,[60],[0]
2026-02-02T02:06:25+01:00,[60],[0]
2026-02-02T02:16:24+01:00,[60],[0]
2026-02-02T02:26:26+01:00,[60],[0]
2026-02-02T02:36:25+01:00,[60],[0]
2026-02-02T02:46:25+01:00,[60],[0]
2026-02-02T02:56:27+01:00,[60],[0]
2026-02-02T03:06:27+01:00,[60],[0]
2026-02-02T03:16:26+01:00,[60],[0]
2026-02-02T03:26:25+01:00,[60],[0]
2026-02-02T03:36:25+01:00,[60],[0]
2026-02-02T03:46:25+01:00,[60],[0]
2026-02-02T03:56:25+01:00,[60],[0]
2026-02-02T04:06:25+01:00,[60],[0]
2026-02-02T04:16:25+01:00,[60],[0]
2026-02-02T02:05:48+01:00,[37],[0]
2026-02-02T02:15:47+01:00,[37],[0]
2026-02-02T02:25:48+01:00,[38],[0]
2026-02-02T02:35:48+01:00,[37],[0]
2026-02-02T02:45:48+01:00,[37],[0]
2026-02-02T02:55:49+01:00,[38],[0]
2026-02-02T03:05:49+01:00,[38],[0]
2026-02-02T03:15:48+01:00,[38],[0]
2026-02-02T03:25:48+01:00,[37],[0]
2026-02-02T03:35:48+01:00,[37],[0]
2026-02-02T03:45:48+01:00,[37],[0]
2026-02-02T03:55:48+01:00,[37],[0]
2026-02-02T04:05:48+01:00,[37],[0]
2026-02-02T04:15:48+01:00,[37],[0]
2026-02-02T04:25:48+01:00,[37],[0]
2026-02-02T04:35:49+01:00,[38],[0]
2026-02-02T04:26:25+01:00,[60],[0]
2026-02-02T04:36:27+01:00,[60],[0]
2026-02-02T04:55:48+01:00,[37],[0]
2026-02-02T05:05:48+01:00,[37],[0]
2026-02-02T05:15:47+01:00,[37],[0]
2026-02-02T05:25:49+01:00,[37],[0]
2026-02-02T05:35:48+01:00,[37],[0]
2026-02-02T05:45:48+01:00,[38],[0]
2026-02-02T05:55:48+01:00,[37],[0]
2026-02-02T06:05:48+01:00,[37],[0]
2026-02-02T06:15:48+01:00,[38],[0]
2026-02-02T06:25:49+01:00,[37],[0]
2026-02-02T06:35:49+01:00,[38],[0]
2026-02-02T06:45:49+01:00,[38],[0]
2026-02-02T06:55:49+01:00,[38],[0]
2026-02-02T07:05:48+01:00,[37],[0]
2026-02-02T05:56:25+01:00,[60],[0]
2026-01-31T07:55:49+01:00,[37],[0]
2026-01-31T08:05:49+01:00,[38],[0]
2026-01-31T08:15:49+01:00,[38],[0]
2026-01-31T08:25:48+01:00,[37],[0]
2026-01-31T08:35:48+01:00,[38],[0]
2026-01-31T08:45:49+01:00,[38],[0]
2026-01-31T08:55:48+01:00,[37],[0]
2026-01-31T09:05:48+01:00,[37],[0]
2026-01-31T09:15:48+01:00,[37],[0]
2026-01-31T09:25:49+01:00,[38],[0]
2026-01-31T09:35:48+01:00,[37],[0]
2026-01-31T09:45:49+01:00,[38],[0]
2026-01-31T09:55:47+01:00,[37],[0]
2026-01-31T10:05:49+01:00,[38],[0]
2026-01-31T10:15:48+01:00,[37],[0]
2026-01-31T10:25:49+01:00,[38],[0]
2026-01-31T09:26:27+01:00,[60],[0]
2026-01-31T09:36:25+01:00,[60],[0]
2026-01-31T09:46:27+01:00,[60],[0]
2026-01-31T09:56:24+01:00,[60],[0]
2026-01-31T10:06:27+01:00,[60],[0]
2026-01-31T10:16:25+01:00,[60],[0]
2026-01-31T10:26:27+01:00,[60],[0]
2026-01-31T10:36:25+01:00,[60],[0]
2026-01-31T10:46:25+01:00,[60],[0]
2026-01-31T10:56:25+01:00,[60],[0]
2026-01-31T11:06:27+01:00,[60],[0]
2026-01-31T11:16:25+01:00,[60],[0]
2026-01-31T11:26:25+01:00,[60],[0]
2026-01-31T11:36:27+01:00,[60],[0]
2026-01-31T11:46:25+01:00,[60],[0]
2026-01-31T11:56:25+01:00,[60],[0]
2026-01-31T12:06:24+01:00,[60],[0]
2026-01-31T12:16:25+01:00,[60],[0]
2026-01-31T10:35:48+01:00,[37],[0]
2026-01-31T10:45:48+01:00,[37],[0]
2026-01-31T10:55:48+01:00,[37],[0]
2026-01-31T11:05:49+01:00,[38],[0]
2026-01-31T11:15:48+01:00,[37],[0]
2026-01-31T11:25:48+01:00,[37],[0]
2026-01-31T11:35:49+01:00,[38],[0]
2026-01-31T11:45:48+01:00,[37],[0]
2026-01-31T11:55:48+01:00,[37],[0]
2026-01-31T12:05:47+01:00,[37],[0]
2026-01-31T12:15:48+01:00,[37],[0]
2026-01-31T12:25:48+01:00,[37],[0]
2026-01-31T12:26:25+01:00,[60],[0]
2026-01-31T12:36:26+01:00,[60],[0]
2026-01-31T12:46:25+01:00,[60],[0]
2026-01-31T12:56:25+01:00,[60],[0]
2026-01-31T13:06:25+01:00,[60],[0]
2026-01-31T13:16:25+01:00,[60],[0]
2026-01-31T13:26:43+01:00,[60],[0]
2026-01-31T13:36:25+01:00,[60],[0]
2026-01-31T13:46:25+01:00,[60],[0]
2026-01-31T13:56:27+01:00,[60],[0]
2026-01-31T14:06:27+01:00,[60],[0]
2026-01-31T14:16:25+01:00,[60],[0]
2026-01-31T14:26:27+01:00,[60],[0]
2026-01-31T14:36:25+01:00,[60],[0]
2026-01-31T14:46:26+01:00,[60],[0]
2026-01-31T14:56:25+01:00,[60],[0]
2026-01-31T15:06:26+01:00,[60],[0]
2026-01-31T15:16:26+01:00,[60],[0]
2026-01-31T12:35:48+01:00,[38],[0]
2026-01-31T12:45:48+01:00,[37],[0]
2026-01-31T12:55:48+01:00,[37],[0]
2026-01-31T13:05:48+01:00,[37],[0]
2026-01-31T13:15:48+01:00,[37],[0]
2026-01-31T13:26:06+01:00,[37],[0]
2026-01-31T13:35:48+01:00,[37],[0]
2026-01-31T13:45:48+01:00,[37],[0]
2026-01-31T13:55:49+01:00,[38],[0]
2026-01-31T14:05:49+01:00,[38],[0]
2026-01-31T14:15:48+01:00,[37],[0]
2026-01-31T14:25:49+01:00,[38],[0]
2026-01-31T14:35:48+01:00,[37],[0]
2026-01-31T14:45:48+01:00,[38],[0]
2026-01-31T14:55:48+01:00,[37],[0]
2026-01-31T15:05:48+01:00,[38],[0]
2026-01-31T15:15:49+01:00,[37],[0]
2026-01-31T15:25:48+01:00,[37],[0]
2026-01-31T15:26:25+01:00,[60],[0]
2026-01-31T15:36:25+01:00,[60],[0]
2026-01-31T15:46:25+01:00,[60],[0]
2026-01-31T15:56:27+01:00,[60],[0]
2026-01-31T16:06:27+01:00,[60],[0]
2026-01-31T16:16:25+01:00,[60],[0]
2026-01-31T16:26:25+01:00,[60],[0]
2026-01-31T16:36:25+01:00,[60],[0]
2026-01-31T16:46:25+01:00,[60],[0]
2026-01-31T16:56:27+01:00,[60],[0]
2026-01-31T17:02:00+01:00,"[60,60,60,60,60,60,60,60,60,60,60,60,60,60,60,60,60,60,60,60,60,60,60,60,60,60,60,60,60,60,60,60,60,60,60,60,60,60,60,60,60,60,60,60,60,60,60,60,60,60,60,60,60,60,60,60,60,60,60,60,60,60,60,60,60,60,60,60,60,60,60,60,60,60,60,60,60,60,60,60,60,60,60,60]","[0,0,0,0,0,0,0,0,0,0,0,0,0,0,0,0,0,0,0,0,0,0,0,0,0,0,0,0,0,0,0,0,0,0,0,0,0,0,0,0,0,0,0,0,0,0,0,0,0,0,0,0,0,0,0,0,0,0,0,0,0,0,0,0,0,0,0,0,0,0,0,0,0,0,0,0,0,0,0,0,0,0,0,0]"
2026-01-31T15:35:48+01:00,[37],[0]
2026-01-31T15:45:48+01:00,[37],[0]
2026-01-31T15:55:49+01:00,[38],[0]
2026-01-31T16:05:49+01:00,[38],[0]
2026-01-31T16:15:48+01:00,[37],[0]
2026-01-31T16:25:48+01:00,[37],[0]
2026-01-31T16:35:48+01:00,[37],[0]
2026-01-31T16:45:48+01:00,[37],[0]
2026-01-31T16:55:49+01:00,[38],[0]
2026-01-31T17:00:00+01:00,[60],[0]
2026-01-31T18:26:00+01:00,"[60,60,60,60,60,60,60,60,60,60,60,60,60,60,60,60,60,60,60,60,60,60,60,60,60,60,60,60,60,60,60,60,60,60,60,60,60,60,60,60,60,60,60,60,60,60,60,60,60,60,60,60,60,60,60,60,60,60,60,60,60,60,60,60,60,60,60,60,60,60,60,60,60,60,60,60,60,60,60,60,60,60,60,60,60,60,60,60,60,60,60,60,60,60,60,60,60,60,60,60,60,60,60,60,60,60,60,60,60,60,60,60,60,60,60,60,60,60,60,60,60,60,60,60,60,60,60,60,60,60,60,60,60,60,60,60,60,60,60,60,60,60,60,60,60,60,60,60,60,60,60,60,60,60,60,60,60,60,60,60,60,60,60,60,60,60,60,60,60,60,60,60,60,60]","[0,0,0,0,0,0,0,0,0,0,0,0,0,0,0,0,0,0,0,0,0,0,0,0,0,0,0,0,0,0,0,0,0,0,0,0,0,0,0,0,0,0,0,0,0,0,0,0,0,0,0,0,0,0,0,0,0,0,0,0,0,0,0,0,0,0,0,0,0,0,0,0,0,0,0,0,0,0,0,0,0,0,0,0,0,0,0,0,0,0,0,0,0,0,0,0,0,0,0,0,0,0,0,0,0,0,0,0,0,0,0,0,0,0,0,0,0,0,0,0,0,0,0,0,0,0,0,0,0,0,0,0,0,0,0,0,0,0,0,0,0,0,0,0,0,0,0,0,0,0,0,0,0,0,0,0,0,0,0,0,0,0,0,0,0,0,0,0,0,0,0,0,0,0]"
2026-01-31T21:20:00+01:00,"[60,60,60,60,60,60,60,60,60,60,60,60,60,60,60,60,60,60,60,60,60,60,60,60,60,60,60,60,60,60,60,60,60,60,60,60,60,60,60,60,60,60,60,60,60,60,60,60,60,60,60,60,60,60,60,60,60,60,60,60,60,60,60,60,60,60,60,60,60,60,60,60,60,60,60,60,60,60,60,60,60,60,60,60,60,60,60,60,60,60,60,60,60,60,60,60,60,60,60,60,60,60,60,60,60,60,60,60,60,60,60,60,60,60,60,60,60,60,60,60,60,60,60,60,60,60,60,60,60,60,60,60,60,60,60,60,60,60,60,60,60,60,60,60,60,60,60,60,60,60,60,60,60,60,60,60,60,60,60,60,60,60,60,60,60,60,60,60,60,60,60,60,60,60,60,60,60,60,60,60]","[0,0,0,0,0,0,0,0,0,0,0,0,0,0,0,0,0,0,0,0,0,0,0,0,0,0,0,0,0,0,0,0,0,0,0,0,0,0,0,0,0,0,0,0,0,0,0,0,0,0,0,0,0,0,0,0,0,0,0,0,0,0,0,0,0,0,0,0,0,0,0,0,0,0,0,0,0,0,0,0,0,0,0,0,0,0,0,0,0,0,0,0,0,0,0,0,0,0,0,0,0,0,0,0,0,0,0,0,0,0,0,0,0,0,0,0,0,0,0,0,0,0,0,0,0,0,0,0,0,0,0,0,0,0,0,0,0,0,0,0,0,0,0,0,0,0,0,0,0,0,0,0,0,0,0,0,0,0,0,0,0,0,0,0,0,0,0,0,0,0,0,0,0,0,0,0,0,0,0,0]"
2026-02-01T00:20:00+01:00,"[60,60,60,60,60,60,60,60,60,60,60,60,60,60,60,60,60,60,60,60,60,60,60,60,60,60,60,60,60,60,60]","[0,0,0,0,0,0,0,0,0,0,0,0,0,0,0,0,0,0,0,0,0,0,0,0,0,0,0,0,0,0,0]"
2026-02-01T01:05:49+01:00,[38],[0]
2026-02-01T01:15:49+01:00,[38],[0]
2026-02-01T01:25:48+01:00,[37],[0]
2026-02-01T01:35:48+01:00,[37],[0]
2026-02-01T01:45:49+01:00,[37],[0]
2026-02-01T01:55:49+01:00,[38],[0]
2026-02-01T02:05:49+01:00,[38],[0]
2026-02-01T02:15:48+01:00,[37],[0]
2026-02-01T02:25:48+01:00,[38],[0]
2026-02-01T02:35:48+01:00,[38],[0]
2026-02-01T02:45:48+01:00,[37],[0]
2026-02-01T02:55:48+01:00,[37],[0]
2026-02-01T03:05:49+01:00,[38],[0]
2026-02-01T03:15:47+01:00,[37],[0]
2026-02-01T03:25:49+01:00,[38],[0]
2026-02-01T03:35:48+01:00,[37],[0]
2026-02-01T03:36:25+01:00,[60],[0]
2026-02-01T03:46:25+01:00,[60],[0]
2026-02-01T03:56:25+01:00,[60],[0]
2026-02-01T04:06:25+01:00,[60],[0]
2026-02-01T04:16:25+01:00,[60],[0]
2026-02-01T04:26:25+01:00,[60],[0]
2026-02-01T04:36:26+01:00,[60],[0]
2026-02-01T04:46:25+01:00,[60],[0]
2026-02-01T04:56:26+01:00,[60],[0]
2026-02-01T05:06:25+01:00,[60],[0]
2026-02-01T05:16:25+01:00,[60],[0]
2026-02-01T05:26:25+01:00,[60],[0]
2026-02-01T05:36:25+01:00,[60],[0]
2026-02-01T05:46:25+01:00,[60],[0]
2026-02-01T05:56:25+01:00,[60],[0]
2026-02-01T06:06:26+01:00,[60],[0]
2026-02-01T06:16:25+01:00,[60],[0]
2026-02-01T06:26:25+01:00,[60],[0]
2026-02-01T03:45:48+01:00,[37],[0]
2026-02-01T03:55:48+01:00,[37],[0]
2026-02-01T04:05:48+01:00,[37],[0]
2026-02-01T04:15:48+01:00,[37],[0]
2026-02-01T04:25:48+01:00,[37],[0]
2026-02-01T04:35:49+01:00,[37],[0]
2026-02-01T04:45:48+01:00,[37],[0]
2026-02-01T04:55:48+01:00,[38],[0]
2026-02-01T05:05:48+01:00,[37],[0]
2026-02-01T05:15:48+01:00,[37],[0]
2026-02-01T05:25:48+01:00,[37],[0]
2026-02-01T05:35:48+01:00,[37],[0]
2026-02-01T05:45:48+01:00,[37],[0]
2026-02-01T05:55:48+01:00,[37],[0]
2026-02-01T06:05:48+01:00,[38],[0]
2026-02-01T06:15:48+01:00,[37],[0]
2026-02-01T06:25:48+01:00,[37],[0]
2026-02-01T06:35:49+01:00,[37],[0]
2026-02-01T06:45:48+01:00,[37],[0]
2026-02-01T07:15:48+01:00,[38],[0]
2026-02-01T07:25:49+01:00,[37],[0]
2026-02-01T07:35:47+01:00,[37],[0]
2026-02-01T07:45:48+01:00,[37],[0]
2026-02-01T07:55:48+01:00,[37],[0]
2026-02-01T08:05:48+01:00,[37],[0]
2026-02-01T06:36:26+01:00,[60],[0]
2026-02-01T06:46:25+01:00,[60],[0]
2026-02-01T07:16:26+01:00,[60],[0]
2026-01-30T07:55:48+01:00,[37],[0]
2026-01-30T08:05:49+01:00,[38],[0]
2026-01-30T08:15:49+01:00,[38],[0]
2026-01-30T08:25:48+01:00,[37],[0]
2026-01-30T08:35:48+01:00,[37],[0]
2026-01-30T08:45:48+01:00,[37],[0]
2026-01-30T08:55:48+01:00,[37],[0]
2026-01-30T09:05:48+01:00,[37],[0]
2026-01-30T09:15:49+01:00,[37],[0]
2026-01-30T09:25:47+01:00,[37],[0]
2026-01-30T09:35:48+01:00,[37],[0]
2026-01-30T09:45:48+01:00,[37],[0]
2026-01-30T09:55:48+01:00,[37],[0]
2026-01-30T10:05:48+01:00,[37],[0]
2026-01-30T10:15:49+01:00,[37],[0]
2026-01-30T10:25:49+01:00,[38],[0]
2026-01-30T10:35:49+01:00,[38],[0]
2026-01-30T10:45:48+01:00,[38],[0]
2026-01-30T07:56:25+01:00,[60],[0]
2026-01-30T08:06:27+01:00,[60],[0]
2026-01-30T08:16:27+01:00,[60],[0]
2026-01-30T08:26:25+01:00,[60],[0]
2026-01-30T08:36:25+01:00,[60],[0]
2026-01-30T08:46:25+01:00,[60],[0]
2026-01-30T08:56:25+01:00,[60],[0]
2026-01-30T09:06:25+01:00,[60],[0]
2026-01-30T09:16:26+01:00,[60],[0]
2026-01-30T09:17:26+01:00,[60],[0]
2026-01-30T09:26:24+01:00,[60],[0]
2026-01-30T09:36:25+01:00,[60],[0]
2026-01-30T09:46:25+01:00,[60],[0]
2026-01-30T09:56:25+01:00,[60],[0]
2026-01-30T10:06:25+01:00,[60],[0]
2026-01-30T10:16:26+01:00,[60],[0]
2026-01-30T10:26:27+01:00,[60],[0]
2026-01-30T10:36:27+01:00,[60],[0]
2026-01-30T10:46:26+01:00,[60],[0]
2026-01-30T10:56:25+01:00,[60],[0]
2026-01-30T11:06:25+01:00,[60],[0]
2026-01-30T11:16:25+01:00,[60],[0]
2026-01-30T11:26:27+01:00,[60],[0]
2026-01-30T11:36:25+01:00,[60],[0]
2026-01-30T11:46:25+01:00,[60],[0]
2026-01-30T11:56:24+01:00,[60],[0]
2026-01-30T12:06:26+01:00,[60],[0]
2026-01-30T12:16:27+01:00,[60],[0]
2026-01-30T10:55:48+01:00,[37],[0]
2026-01-30T11:05:48+01:00,[37],[0]
2026-01-30T11:15:48+01:00,[37],[0]
2026-01-30T11:25:49+01:00,[38],[0]
2026-01-30T11:35:48+01:00,[37],[0]
2026-01-30T11:45:48+01:00,[37],[0]
2026-01-30T11:55:47+01:00,[37],[0]
2026-01-30T12:05:49+01:00,[37],[0]
2026-01-30T12:15:49+01:00,[38],[0]
2026-01-30T12:25:48+01:00,[37],[0]
2026-01-30T12:35:48+01:00,[37],[0]
2026-01-30T12:45:48+01:00,[37],[0]
2026-01-30T12:55:48+01:00,[37],[0]
2026-01-30T13:05:48+01:00,[37],[0]
2026-01-30T13:15:48+01:00,[37],[0]
2026-01-30T13:25:48+01:00,[37],[0]
2026-01-30T13:35:49+01:00,[38],[0]
2026-01-30T13:45:49+01:00,[38],[0]
2026-01-30T13:55:48+01:00,[37],[0]
2026-01-30T14:05:49+01:00,[38],[0]
2026-01-30T14:15:48+01:00,[37],[0]
2026-01-30T14:25:48+01:00,[38],[0]
2026-01-30T11:37:25+01:00,[60],[0]
2026-01-30T12:26:25+01:00,[60],[0]
2026-01-30T12:36:25+01:00,[60],[0]
2026-01-30T12:46:25+01:00,[60],[0]
2026-01-30T12:56:25+01:00,[60],[0]
2026-01-30T13:06:25+01:00,[60],[0]
2026-01-30T13:16:25+01:00,[60],[0]
2026-01-30T13:26:25+01:00,[60],[0]
2026-01-30T13:36:27+01:00,[60],[0]
2026-01-30T13:46:27+01:00,[60],[0]
2026-01-30T13:56:25+01:00,[60],[0]
2026-01-30T14:06:27+01:00,[60],[0]
2026-01-30T14:16:25+01:00,[60],[0]
2026-01-30T14:26:26+01:00,[60],[0]
2026-01-30T14:36:25+01:00,[60],[0]
2026-01-30T14:46:26+01:00,[60],[0]
2026-01-30T14:56:25+01:00,[60],[0]
2026-01-30T15:06:27+01:00,[60],[0]
2026-01-30T15:16:25+01:00,[60],[0]
2026-01-30T14:35:48+01:00,[37],[0]
2026-01-30T14:45:48+01:00,[38],[0]
2026-01-30T14:55:48+01:00,[37],[0]
2026-01-30T15:05:49+01:00,[38],[0]
2026-01-30T15:15:48+01:00,[37],[0]
2026-01-30T15:25:48+01:00,[37],[0]
2026-01-30T15:35:48+01:00,[37],[0]
2026-01-30T15:45:49+01:00,[37],[0]
2026-01-30T15:26:25+01:00,[60],[0]
2026-01-30T15:36:25+01:00,[60],[0]
2026-01-30T15:46:26+01:00,[60],[0]
2026-01-30T15:55:00+01:00,"[60,60,60,60,60,60,60,60,60,60,60,60,60,60,60,60,60,60,60,60,60,60,60,60,60,60,60,60,60,60,60,60,60,60,60,60,60,60,60,60,60,60,60,60,60,60,60,60,60,60,60,60,60,60,60,60,60,60,60,60,60,60,60,60,60,60,60,60,60,60,60,60,60,60,60,60,60,60,60,60,60,60,60,60,60,60,60,60,60,60,60,60,60,60,60,60,60,60,60,60,60,60,60,60,60,60,60,60,60,60,60,60,60,60,60,60,60,60,60,60,60,60,60,60,60,60,60,60,60,60,60,60,60,60,60,60,60,60,60,60,60,60,60,60,60,60,60,60,60,60,60]","[0,0,0,0,0,0,0,0,0,0,0,0,0,0,0,0,0,0,0,0,0,0,0,0,0,0,0,0,0,0,0,0,0,0,0,0,0,0,0,0,0,0,0,0,0,0,0,0,0,0,0,0,0,0,0,0,0,0,0,0,0,0,0,0,0,0,0,0,0,0,0,0,0,0,0,0,0,0,0,0,0,0,0,0,0,0,0,0,0,0,0,0,0,0,0,0,0,0,0,0,0,0,0,0,0,0,0,0,0,0,0,0,0,0,0,0,0,0,0,0,0,0,0,0,0,0,0,0,0,0,0,0,0,0,0,0,0,0,0,0,0,0,0,0,0,0,0,0,0,0,0]"
2026-01-30T17:00:00+01:00,[60],[0]
2026-01-30T18:26:00+01:00,"[60,60,60,60,60,60,60,60,60,60,60,60,60,60,60,60,60,60,60,60,60,60,60,60,60,60,60,60,60,60,60,60,60,60,60,60,60,60,60,60,60,60,60,60,60,60,60,60,60,60,60,60,60,60,60,60,60,60,60,60,60,60,60,60,60,60,60,60,60,60,60,60,60,60,60,60,60,60,60,60,60,60,60,60,60,60,60,60,60,60,60,60,60,60,60,60,60,60,60,60,60,60,60,60,60,60,60,60,60,60,60,60,60,60,60,60,60,60,60,60,60,60,60,60,60,60,60,60,60,60,60,60,60,60,60,60,60,60,60,60,60,60,60,60,60,60,60,60,60,60,60,60,60,60,60,60,60,60,60,60,60,60,60,60,60,60,60,60,60,60,60,60,60,60]","[0,0,0,0,0,0,0,0,0,0,0,0,0,0,0,0,0,0,0,0,0,0,0,0,0,0,0,0,0,0,0,0,0,0,0,0,0,0,0,0,0,0,0,0,0,0,0,0,0,0,0,0,0,0,0,0,0,0,0,0,0,0,0,0,0,0,0,0,0,0,0,0,0,0,0,0,0,0,0,0,0,0,0,0,0,0,0,0,0,0,0,0,0,0,0,0,0,0,0,0,0,0,0,0,0,0,0,0,0,0,0,0,0,0,0,0,0,0,0,0,0,0,0,0,0,0,0,0,0,0,0,0,0,0,0,0,0,0,0,0,0,0,0,0,0,0,0,0,0,0,0,0,0,0,0,0,0,0,0,0,0,0,0,0,0,0,0,0,0,0,0,0,0,0]"
2026-01-30T21:20:00+01:00,"[60,60,60,60,60,60,60,60,60,60,60,60,60,60,60,60,60,60,60,60,60,60,60,60,60,60,60,60,60,60,60,60,60,60,60,60,60,60,60,60,60,60,60,60,60,60,60,60,60,60,60,60,60,60,60,60,60,60,60,60,60,60,60,60,60,60,60,60,60,60,60,60,60,60,60,60,60,60,60,60,60,60,60,60,60,60,60,60,60,60,60,60,60,60,60,60,60,60,60,60,60,60,60,60,60,60,60,60,60,60,60,60,60,60,60,60,60,60,60,60,60,60,60,60,60,60,60,60,60,60,60,60,60,60,60,60,60,60,60,60,60,60,60,60,60,60]","[0,0,0,0,0,0,0,0,0,0,0,0,0,0,0,0,0,0,0,0,0,0,0,0,0,0,0,0,0,0,0,0,0,0,0,0,0,0,0,0,0,0,0,0,0,0,0,0,0,0,0,0,0,0,0,0,0,0,0,0,0,0,0,0,0,0,0,0,0,0,0,0,0,0,0,0,0,0,0,0,0,0,0,0,0,0,0,0,0,0,0,0,0,0,0,0,0,0,0,0,0,0,0,0,0,0,0,0,0,0,0,0,0,0,0,0,0,0,0,0,0,0,0,0,0,0,0,0,0,0,0,0,0,0,0,0,0,0,0,0,0,0,0,0,0,0]"
2026-01-31T00:06:25+01:00,[60],[0]
2026-01-31T00:16:26+01:00,[60],[0]
2026-01-31T00:05:48+01:00,[37],[0]
2026-01-31T00:15:49+01:00,[37],[0]
2026-01-31T00:25:49+01:00,[38],[0]
2026-01-31T00:35:48+01:00,[37],[0]
2026-01-31T00:45:48+01:00,[37],[0]
2026-01-31T00:55:48+01:00,[37],[0]
2026-01-31T01:05:48+01:00,[37],[0]
2026-01-31T01:15:49+01:00,[38],[0]
2026-01-31T01:25:48+01:00,[37],[0]
2026-01-31T01:35:48+01:00,[37],[0]
2026-01-31T01:45:47+01:00,[37],[0]
2026-01-31T01:55:48+01:00,[37],[0]
2026-01-31T02:05:48+01:00,[38],[0]
2026-01-31T02:15:48+01:00,[37],[0]
2026-01-31T02:25:49+01:00,[38],[0]
2026-01-31T02:35:48+01:00,[37],[0]
2026-01-31T02:45:48+01:00,[37],[0]
2026-01-31T02:55:48+01:00,[37],[0]
2026-01-31T00:26:27+01:00,[60],[0]
2026-01-31T00:36:25+01:00,[60],[0]
2026-01-31T00:46:25+01:00,[60],[0]
2026-01-31T00:56:25+01:00,[60],[0]
2026-01-31T01:06:25+01:00,[60],[0]
2026-01-31T01:16:27+01:00,[60],[0]
2026-01-31T01:26:25+01:00,[60],[0]
2026-01-31T01:36:25+01:00,[60],[0]
2026-01-31T01:46:24+01:00,[60],[0]
2026-01-31T01:56:25+01:00,[60],[0]
2026-01-31T02:06:26+01:00,[60],[0]
2026-01-31T02:16:25+01:00,[60],[0]
2026-01-31T02:26:27+01:00,[60],[0]
2026-01-31T02:36:25+01:00,[60],[0]
2026-01-31T02:46:25+01:00,[60],[0]
2026-01-31T02:56:25+01:00,[60],[0]
2026-01-31T03:06:25+01:00,[60],[0]
2026-01-31T03:05:48+01:00,[37],[0]
2026-01-31T03:25:48+01:00,[37],[0]
2026-01-31T03:35:47+01:00,[37],[0]
2026-01-31T03:46:27+01:00,[38],[0]
2026-01-31T03:55:48+01:00,[37],[0]
2026-01-31T04:05:49+01:00,[38],[0]
2026-01-31T04:15:48+01:00,[37],[0]
2026-01-31T04:25:48+01:00,[37],[0]
2026-01-31T04:35:48+01:00,[37],[0]
2026-01-31T03:26:25+01:00,[60],[0]
2026-01-31T03:36:24+01:00,[60],[0]
2026-01-31T03:47:05+01:00,[60],[0]
2026-01-31T03:56:25+01:00,[60],[0]
2026-01-31T04:06:27+01:00,[60],[0]
2026-01-31T04:16:25+01:00,[60],[0]
2026-01-31T04:26:25+01:00,[60],[0]
2026-01-31T04:36:25+01:00,[60],[0]
2026-01-31T04:46:27+01:00,[60],[0]
2026-01-31T04:56:24+01:00,[60],[0]
2026-01-31T05:06:24+01:00,[60],[0]
2026-01-31T05:16:25+01:00,[60],[0]
2026-01-31T05:26:27+01:00,[60],[0]
2026-01-31T05:36:26+01:00,[60],[0]
2026-01-31T05:46:25+01:00,[60],[0]
2026-01-31T05:56:25+01:00,[60],[0]
2026-01-31T06:06:25+01:00,[60],[0]
2026-01-31T06:16:26+01:00,[60],[0]
2026-01-31T04:45:49+01:00,[38],[0]
2026-01-31T04:55:47+01:00,[37],[0]
2026-01-31T05:05:47+01:00,[37],[0]
2026-01-31T05:15:48+01:00,[37],[0]
2026-01-31T05:25:49+01:00,[38],[0]
2026-01-31T05:35:49+01:00,[37],[0]
2026-01-31T05:45:48+01:00,[37],[0]
2026-01-31T05:55:48+01:00,[37],[0]
2026-01-31T06:05:48+01:00,[37],[0]
2026-01-31T06:15:49+01:00,[37],[0]
2026-01-31T06:25:47+01:00,[37],[0]
2026-01-31T06:35:48+01:00,[37],[0]
2026-01-31T06:45:48+01:00,[37],[0]
2026-01-31T06:55:49+01:00,[38],[0]
2026-01-31T07:05:48+01:00,[37],[0]
2026-01-31T07:15:48+01:00,[37],[0]
2026-01-31T07:35:48+01:00,[37],[0]
2026-01-31T07:46:26+01:00,[37],[0]
2026-01-31T06:26:24+01:00,[60],[0]
2026-01-31T06:36:25+01:00,[60],[0]
2026-01-31T06:46:25+01:00,[60],[0]
2026-01-31T06:56:27+01:00,[60],[0]
2026-01-31T07:06:25+01:00,[60],[0]
2026-01-31T07:16:25+01:00,[60],[0]
2026-01-31T07:36:25+01:00,[60],[0]
2026-01-31T07:47:03+01:00,[60],[0]
2026-01-31T07:56:26+01:00,[60],[0]
2026-01-31T08:06:27+01:00,[60],[0]
2026-01-31T08:16:27+01:00,[60],[0]
2026-01-31T08:26:25+01:00,[60],[0]
2026-01-31T08:36:26+01:00,[60],[0]
2026-01-31T08:46:27+01:00,[60],[0]
2026-01-31T08:56:25+01:00,[60],[0]
2026-01-31T09:06:25+01:00,[60],[0]
2026-01-31T09:16:25+01:00,[60],[0]
2026-01-29T07:55:52+01:00,[37],[0]
2026-01-29T08:05:52+01:00,[37],[0]
2026-01-29T08:15:52+01:00,[37],[0]
2026-01-29T08:25:52+01:00,[37],[0]
2026-01-29T08:35:53+01:00,[38],[0]
2026-01-29T08:45:52+01:00,[37],[0]
2026-01-29T08:55:52+01:00,[37],[0]
2026-01-29T09:05:52+01:00,[37],[0]
2026-01-29T09:15:52+01:00,[37],[0]
2026-01-29T09:25:52+01:00,[37],[0]
2026-01-29T09:35:52+01:00,[37],[0]
2026-01-29T09:45:52+01:00,[37],[0]
2026-01-29T09:55:52+01:00,[37],[0]
2026-01-29T10:05:52+01:00,[37],[0]
2026-01-29T10:15:52+01:00,[37],[0]
2026-01-29T10:25:53+01:00,[38],[0]
2026-01-29T10:35:53+01:00,[37],[0]
2026-01-29T10:45:52+01:00,[37],[0]
2026-01-29T09:26:29+01:00,[60],[0]
2026-01-29T09:36:29+01:00,[60],[0]
2026-01-29T09:46:29+01:00,[60],[0]
2026-01-29T09:56:29+01:00,[60],[0]
2026-01-29T10:06:29+01:00,[60],[0]
2026-01-29T10:16:29+01:00,[60],[0]
2026-01-29T10:26:31+01:00,[60],[0]
2026-01-29T10:36:30+01:00,[60],[0]
2026-01-29T10:46:29+01:00,[60],[0]
2026-01-29T10:56:29+01:00,[60],[0]
2026-01-29T11:06:29+01:00,[60],[0]
2026-01-29T11:16:31+01:00,[60],[0]
2026-01-29T11:26:28+01:00,[60],[0]
2026-01-29T11:36:28+01:00,[60],[0]
2026-01-29T11:46:30+01:00,[60],[0]
2026-01-29T11:56:31+01:00,[60],[0]
2026-01-29T12:06:29+01:00,[60],[0]
2026-01-29T12:16:30+01:00,[60],[0]
2026-01-29T10:55:52+01:00,[37],[0]
2026-01-29T11:05:52+01:00,[37],[0]
2026-01-29T11:15:53+01:00,[38],[0]
2026-01-29T11:25:51+01:00,[37],[0]
2026-01-29T11:35:51+01:00,[37],[0]
2026-01-29T11:45:52+01:00,[38],[0]
2026-01-29T11:55:53+01:00,[38],[0]
2026-01-29T12:05:52+01:00,[37],[0]
2026-01-29T12:15:53+01:00,[37],[0]
2026-01-29T12:25:53+01:00,[37],[0]
2026-01-29T12:35:53+01:00,[38],[0]
2026-01-29T12:45:52+01:00,[37],[0]
2026-01-29T12:55:52+01:00,[37],[0]
2026-01-29T13:05:51+01:00,[37],[0]
2026-01-29T13:15:52+01:00,[37],[0]
2026-01-29T13:25:52+01:00,[37],[0]
2026-01-29T13:35:52+01:00,[37],[0]
2026-01-29T13:45:52+01:00,[37],[0]
2026-01-29T13:55:52+01:00,[37],[0]
2026-01-29T14:05:53+01:00,[38],[0]
2026-01-29T12:26:30+01:00,[60],[0]
2026-01-29T12:36:31+01:00,[60],[0]
2026-01-29T12:46:29+01:00,[60],[0]
2026-01-29T12:56:29+01:00,[60],[0]
2026-01-29T13:06:28+01:00,[60],[0]
2026-01-29T13:16:29+01:00,[60],[0]
2026-01-29T13:26:29+01:00,[60],[0]
2026-01-29T13:36:29+01:00,[60],[0]
2026-01-29T13:46:29+01:00,[60],[0]
2026-01-29T13:56:29+01:00,[60],[0]
2026-01-29T14:06:31+01:00,[60],[0]
2026-01-29T14:16:29+01:00,[60],[0]
2026-01-29T14:26:29+01:00,[60],[0]
2026-01-29T14:36:31+01:00,[60],[0]
2026-01-29T14:15:52+01:00,[37],[0]
2026-01-29T14:25:52+01:00,[37],[0]
2026-01-29T14:35:53+01:00,[38],[0]
2026-01-29T15:43:00+01:00,"[60,60,60,60,60,60,60,60,60,60,60,60,60,60,60,60,60,60,60,60,60,60,60,60,60,60,60,60,60,60,60,60,60,60,60,60,60,60,60,60,60,60,60,60,60,60,60,60,60,60,60,60,60,60,60,60,60,60,60,60,60,60,60,60,60,60,60,60,60,60,60,60,60,60,60,60,60,60,60,60,60,60,60,60,60,60,60,60,60,60,60,60,60,60,60,60,60,60,60,60,60,60,60,60,60,60,60,60,60,60,60,60,60,60,60,60,60,60,60,60,60,60,60,60,60,60,60,60,60,60,60,60,60,60,60,60,60,60,60,60,60,60,60,60,60,60,60,60,60,60,60,60,60,60,60,60,60,60,60,60,60,60,60,60,60,60,60,60,60,60,60,60,60,60,60,60,60,60,60,60]","[0,0,0,0,0,0,0,0,0,0,0,0,0,0,0,0,0,0,0,0,0,0,0,0,0,0,0,0,0,0,0,0,0,0,0,0,0,0,0,0,0,0,0,0,0,0,0,0,0,0,0,0,0,0,0,0,0,0,0,0,0,0,0,0,0,0,0,0,0,0,0,0,0,0,0,0,0,0,0,0,0,0,0,0,0,0,0,0,0,0,0,0,0,0,0,0,0,0,0,0,0,0,0,0,0,0,0,0,0,0,0,0,0,0,0,0,0,0,0,0,0,0,0,0,0,0,0,0,0,0,0,0,0,0,0,0,0,0,0,0,0,0,0,0,0,0,0,0,0,0,0,0,0,0,0,0,0,0,0,0,0,0,0,0,0,0,0,0,0,0,0,0,0,0,0,0,0,0,0,0]"
2026-01-29T17:00:00+01:00,[60],[0]
2026-01-29T18:43:00+01:00,"[60,60,60,60,60,60,60,60,60,60,60,60,60,60,60,60,60,60,60,60,60,60,60,60,60,60,60,60,60,60,60,60,60,60,60,60,60,60,60,60,60,60,60,60,60,60,60,60,60,60,60,60,60,60,60,60,60,60,60,60,60,60,60,60,60,60,60,60,60,60,60,60,60,60,60,60,60,60,60,60,60,60,60,60,60,60,60,60,60,60,60,60,60,60,60,60,60,60,60,60,60,60,60,60,60,60,60,60,60,60,60,60,60,60,60,60,60,60,60,60,60,60,60,60,60,60,60,60,60,60,60,60,60,60,60,60,60,60,60,60,60,60,60,60,60,60,60,60,60,60,60,60,60,60,60,60]","[0,0,0,0,0,0,0,0,0,0,0,0,0,0,0,0,0,0,0,0,0,0,0,0,0,0,0,0,0,0,0,0,0,0,0,0,0,0,0,0,0,0,0,0,0,0,0,0,0,0,0,0,0,0,0,0,0,0,0,0,0,0,0,0,0,0,0,0,0,0,0,0,0,0,0,0,0,0,0,0,0,0,0,0,0,0,0,0,0,0,0,0,0,0,0,0,0,0,0,0,0,0,0,0,0,0,0,0,0,0,0,0,0,0,0,0,0,0,0,0,0,0,0,0,0,0,0,0,0,0,0,0,0,0,0,0,0,0,0,0,0,0,0,0,0,0,0,0,0,0,0,0,0,0,0,0]"
2026-01-29T21:19:00+01:00,"[60,60,60,60,60,60,60,60,60,60,60,60,60,60,60,60,60]","[0,0,0,0,0,0,0,0,0,0,0,0,0,0,0,0,0]"
2026-01-29T21:39:00+01:00,"[60,60,60,60,60,60,60,60,60,60,60,60,60,60,60,60,60,60,60,60,60,60,60,60,60,60,60,60,60,60,60,60,60,60,60,60,60,60,60,60,60,60,60,60,60,60,60,60,60,60,60,60,60,60,60,60,60,60,60,60,60,60,60,60,60]","[0,0,0,0,0,0,0,0,0,0,0,0,0,0,0,0,0,0,0,0,0,0,0,0,0,0,0,0,0,0,0,0,0,0,0,0,0,0,0,0,0,0,0,0,0,0,0,0,0,0,0,0,0,0,0,0,0,0,0,0,0,0,0,0,0]"
2026-01-29T23:46:25+01:00,[60],[0]
2026-01-30T00:06:27+01:00,[60],[0]
2026-01-30T00:16:27+01:00,[60],[0]
2026-01-29T23:45:48+01:00,[37],[0]
2026-01-30T00:05:49+01:00,[38],[0]
2026-01-30T00:15:49+01:00,[38],[0]
2026-01-30T00:25:48+01:00,[37],[0]
2026-01-30T00:45:48+01:00,[37],[0]
2026-01-30T00:55:49+01:00,[38],[0]
2026-01-30T01:05:49+01:00,[38],[0]
2026-01-30T01:15:48+01:00,[37],[0]
2026-01-30T01:25:48+01:00,[38],[0]
2026-01-30T01:35:49+01:00,[37],[0]
2026-01-30T01:45:48+01:00,[37],[0]
2026-01-30T01:55:48+01:00,[37],[0]
2026-01-30T02:05:49+01:00,[37],[0]
2026-01-30T02:15:48+01:00,[37],[0]
2026-01-30T02:25:48+01:00,[37],[0]
2026-01-30T02:35:48+01:00,[37],[0]
2026-01-30T02:45:48+01:00,[37],[0]
2026-01-30T02:55:47+01:00,[37],[0]
2026-01-30T00:26:25+01:00,[60],[0]
2026-01-30T00:46:25+01:00,[60],[0]
2026-01-30T00:56:27+01:00,[60],[0]
2026-01-30T01:06:27+01:00,[60],[0]
2026-01-30T01:16:25+01:00,[60],[0]
2026-01-30T01:26:26+01:00,[60],[0]
2026-01-30T01:36:26+01:00,[60],[0]
2026-01-30T01:46:25+01:00,[60],[0]
2026-01-30T01:56:25+01:00,[60],[0]
2026-01-30T02:06:26+01:00,[60],[0]
2026-01-30T02:16:25+01:00,[60],[0]
2026-01-30T02:26:25+01:00,[60],[0]
2026-01-30T02:36:25+01:00,[60],[0]
2026-01-30T02:46:25+01:00,[60],[0]
2026-01-30T02:56:24+01:00,[60],[0]
2026-01-30T03:06:25+01:00,[60],[0]
2026-01-30T03:16:27+01:00,[60],[0]
2026-01-30T01:27:26+01:00,[60],[0]
2026-01-30T03:05:48+01:00,[37],[0]
2026-01-30T03:15:49+01:00,[38],[0]
2026-01-30T03:25:49+01:00,[38],[0]
2026-01-30T03:35:48+01:00,[37],[0]
2026-01-30T03:45:48+01:00,[37],[0]
2026-01-30T03:55:49+01:00,[38],[0]
2026-01-30T04:05:48+01:00,[37],[0]
2026-01-30T04:15:48+01:00,[37],[0]
2026-01-30T04:25:48+01:00,[37],[0]
2026-01-30T04:35:48+01:00,[37],[0]
2026-01-30T03:26:27+01:00,[60],[0]
2026-01-30T03:36:25+01:00,[60],[0]
2026-01-30T03:46:25+01:00,[60],[0]
2026-01-30T03:56:27+01:00,[60],[0]
2026-01-30T04:06:25+01:00,[60],[0]
2026-01-30T04:16:25+01:00,[60],[0]
2026-01-30T04:26:25+01:00,[60],[0]
2026-01-30T04:36:25+01:00,[60],[0]
2026-01-30T04:46:25+01:00,[60],[0]
2026-01-30T04:45:48+01:00,[37],[0]
2026-01-30T04:55:49+01:00,[38],[0]
2026-01-30T05:05:49+01:00,[38],[0]
2026-01-30T05:15:48+01:00,[37],[0]
2026-01-30T05:25:47+01:00,[37],[0]
2026-01-30T05:35:49+01:00,[38],[0]
2026-01-30T05:45:48+01:00,[37],[0]
2026-01-30T05:55:49+01:00,[38],[0]
2026-01-30T06:05:48+01:00,[37],[0]
2026-01-30T06:15:47+01:00,[37],[0]
2026-01-30T06:25:48+01:00,[37],[0]
2026-01-30T06:35:49+01:00,[38],[0]
2026-01-30T06:45:48+01:00,[37],[0]
2026-01-30T06:55:49+01:00,[38],[0]
2026-01-30T07:05:49+01:00,[38],[0]
2026-01-30T07:15:49+01:00,[38],[0]
2026-01-30T07:25:49+01:00,[37],[0]
2026-01-30T07:35:48+01:00,[37],[0]
2026-01-30T07:45:48+01:00,[37],[0]
2026-01-30T04:56:27+01:00,[60],[0]
2026-01-30T05:06:27+01:00,[60],[0]
2026-01-30T05:16:25+01:00,[60],[0]
2026-01-30T05:26:24+01:00,[60],[0]
2026-01-30T05:36:27+01:00,[60],[0]
2026-01-30T05:46:25+01:00,[60],[0]
2026-01-30T05:56:27+01:00,[60],[0]
2026-01-30T06:06:25+01:00,[60],[0]
2026-01-30T06:16:24+01:00,[60],[0]
2026-01-30T06:26:25+01:00,[60],[0]
2026-01-30T06:36:27+01:00,[60],[0]
2026-01-30T06:46:25+01:00,[60],[0]
2026-01-30T06:56:27+01:00,[60],[0]
2026-01-30T07:06:27+01:00,[60],[0]
2026-01-30T07:16:27+01:00,[60],[0]
2026-01-30T07:26:26+01:00,[60],[0]
2026-01-30T07:36:25+01:00,[60],[0]
2026-01-30T07:46:25+01:00,[60],[0]
2026-01-28T07:45:52+01:00,[38],[0]
2026-01-28T07:55:52+01:00,[37],[0]
2026-01-28T08:05:52+01:00,[38],[0]
2026-01-28T08:15:52+01:00,[37],[0]
2026-01-28T08:25:52+01:00,[37],[0]
2026-01-28T08:35:52+01:00,[37],[0]
2026-01-28T08:45:53+01:00,[37],[0]
2026-01-28T08:55:51+01:00,[37],[0]
2026-01-28T09:05:52+01:00,[37],[0]
2026-01-28T09:15:51+01:00,[37],[0]
2026-01-28T09:25:53+01:00,[38],[0]
2026-01-28T09:35:53+01:00,[38],[0]
2026-01-28T09:45:52+01:00,[37],[0]
2026-01-28T09:55:52+01:00,[37],[0]
2026-01-28T10:05:52+01:00,[38],[0]
2026-01-28T10:15:53+01:00,[38],[0]
2026-01-28T10:25:52+01:00,[37],[0]
2026-01-28T10:35:52+01:00,[37],[0]
2026-01-28T09:26:31+01:00,[60],[0]
2026-01-28T09:36:31+01:00,[60],[0]
2026-01-28T09:46:29+01:00,[60],[0]
2026-01-28T09:56:29+01:00,[60],[0]
2026-01-28T10:06:30+01:00,[60],[0]
2026-01-28T10:16:31+01:00,[60],[0]
2026-01-28T10:26:29+01:00,[60],[0]
2026-01-28T10:36:29+01:00,[60],[0]
2026-01-28T10:46:29+01:00,[60],[0]
2026-01-28T10:56:29+01:00,[60],[0]
2026-01-28T11:06:29+01:00,[60],[0]
2026-01-28T11:16:31+01:00,[60],[0]
2026-01-28T11:26:31+01:00,[60],[0]
2026-01-28T11:36:29+01:00,[60],[0]
2026-01-28T11:46:29+01:00,[60],[0]
2026-01-28T11:56:29+01:00,[60],[0]
2026-01-28T12:06:29+01:00,[60],[0]
2026-01-28T12:16:29+01:00,[60],[0]
2026-01-28T10:45:52+01:00,[37],[0]
2026-01-28T10:55:52+01:00,[37],[0]
2026-01-28T11:05:52+01:00,[37],[0]
2026-01-28T11:15:53+01:00,[38],[0]
2026-01-28T11:25:53+01:00,[38],[0]
2026-01-28T11:35:52+01:00,[37],[0]
2026-01-28T11:45:52+01:00,[37],[0]
2026-01-28T11:55:52+01:00,[37],[0]
2026-01-28T12:05:52+01:00,[37],[0]
2026-01-28T12:15:52+01:00,[37],[0]
2026-01-28T12:35:52+01:00,[37],[0]
2026-01-28T12:45:52+01:00,[37],[0]
2026-01-28T13:05:52+01:00,[37],[0]
2026-01-28T13:15:52+01:00,[37],[0]
2026-01-28T13:25:52+01:00,[37],[0]
2026-01-28T13:35:52+01:00,[37],[0]
2026-01-28T10:47:29+01:00,[60],[0]
2026-01-28T12:36:29+01:00,[60],[0]
2026-01-28T12:46:29+01:00,[60],[0]
2026-01-28T13:06:29+01:00,[60],[0]
2026-01-28T13:16:29+01:00,[60],[0]
2026-01-28T13:26:29+01:00,[60],[0]
2026-01-28T13:36:29+01:00,[60],[0]
2026-01-28T13:46:29+01:00,[60],[0]
2026-01-28T13:56:30+01:00,[60],[0]
2026-01-28T14:06:31+01:00,[60],[0]
2026-01-28T14:16:29+01:00,[60],[0]
2026-01-28T14:26:31+01:00,[60],[0]
2026-01-28T14:36:29+01:00,[60],[0]
2026-01-28T14:46:29+01:00,[60],[0]
2026-01-28T14:56:29+01:00,[60],[0]
2026-01-28T15:06:30+01:00,[60],[0]
2026-01-28T15:16:29+01:00,[60],[0]
2026-01-28T13:45:52+01:00,[37],[0]
2026-01-28T13:55:52+01:00,[38],[0]
2026-01-28T14:05:54+01:00,[37],[0]
2026-01-28T14:15:52+01:00,[37],[0]
2026-01-28T14:25:53+01:00,[38],[0]
2026-01-28T14:35:52+01:00,[37],[0]
2026-01-28T14:45:52+01:00,[37],[0]
2026-01-28T14:55:52+01:00,[37],[0]
2026-01-28T15:05:53+01:00,[37],[0]
2026-01-28T15:15:52+01:00,[37],[0]
2026-01-28T15:25:52+01:00,[37],[0]
2026-01-28T15:35:52+01:00,[37],[0]
2026-01-28T15:26:29+01:00,[60],[0]
2026-01-28T15:36:29+01:00,[60],[0]
2026-01-28T15:39:00+01:00,"[60,60,60,60,60,60,60,60,60,60,60,60,60,60,60,60,60,60,60,60,60,60,60,60,60,60,60,60,60,60,60,60,60,60,60,60,60,60,60,60,60,60,60,60,60,60,60,60,60,60,60,60,60,60,60,60,60,60,60,60,60,60,60,60,60,60,60,60,60,60,60,60,60,60,60,60,60,60,60,60,60,60,60,60,60,60,60,60,60,60,60,60,60,60,60,60,60,60,60,60,60,60,60,60,60,60,60,60,60,60,60,60,60,60,60,60,60,60,60,60,60,60,60,60,60,60,60,60,60,60,60,60,60,60,60,60,60,60,60,60,60,60,60,60,60,60,60,60,60,60,60,60,60,60,60,60,60,60,60,60,60,60,60,60,60,60,60]","[0,0,0,0,0,0,0,0,0,0,0,0,0,0,0,0,0,0,0,0,0,0,0,0,0,0,0,0,0,0,0,0,0,0,0,0,0,0,0,0,0,0,0,0,0,0,0,0,0,0,0,0,0,0,0,0,0,0,0,0,0,0,0,0,0,0,0,0,0,0,0,0,0,0,0,0,0,0,0,0,0,0,0,0,0,0,0,0,0,0,0,0,0,0,0,0,0,0,0,0,0,0,0,0,0,0,0,0,0,0,0,0,0,0,0,0,0,0,0,0,0,0,0,0,0,0,0,0,0,0,0,0,0,0,0,0,0,0,0,0,0,0,0,0,0,0,0,0,0,0,0,0,0,0,0,0,0,0,0,0,0,0,0,0,0,0,0]"
2026-01-28T17:00:00+01:00,[60],[0]
2026-01-28T18:26:00+01:00,"[60,60,60,60,60,60,60,60,60,60,60,60,60,60,60,60,60,60,60,60,60,60,60,60,60,60,60,60,60,60,60,60,60,60,60,60,60,60,60,60,60,60,60,60,60,60,60,60,60,60,60,60,60,60,60,60,60,60,60,60,60,60,60,60,60,60,60,60,60,60,60,60,60,60,60,60,60,60,60,60,60,60,60,60,60,60,60,60,60,60,60,60,60,60,60,60,60,60,60,60,60,60,60,60,60,60,60,60,60,60,60,60,60,60,60,60,60,60,60,60,60,60,60,60,60,60,60,60,60,60,60,60,60,60,60,60,60,60,60,60,60,60,60,60,60,60,60,60,60,60,60,60,60,60,60,60,60,60,60,60,60,60,60,60,60,60,60,60,60,60,60,60,60]","[0,0,0,0,0,0,0,0,0,0,0,0,0,0,0,0,0,0,0,0,0,0,0,0,0,0,0,0,0,0,0,0,0,0,0,0,0,0,0,0,0,0,0,0,0,0,0,0,0,0,0,0,0,0,0,0,0,0,0,0,0,0,0,0,0,0,0,0,0,0,0,0,0,0,0,0,0,0,0,0,0,0,0,0,0,0,0,0,0,0,0,0,0,0,0,0,0,0,0,0,0,0,0,0,0,0,0,0,0,0,0,0,0,0,0,0,0,0,0,0,0,0,0,0,0,0,0,0,0,0,0,0,0,0,0,0,0,0,0,0,0,0,0,0,0,0,0,0,0,0,0,0,0,0,0,0,0,0,0,0,0,0,0,0,0,0,0,0,0,0,0,0,0]"
2026-01-28T21:19:00+01:00,"[60,60,60,60,60,60,60,60,60,60,60,60,60,60,60,60,60,60,60,60,60,60,60,60,60,60,60,60,60,60,60,60,60,60,60,60,60,60,60,60,60,60,60,60,60,60,60,60,60,60,60,60,60,60,60,60,60,60,60,60,60,60,60,60,60,60,60,60,60,60,60,60,60,60,60,60,60,60,60,60,60,60,60,60,60,60,60,60,60,60,60,60,60,60,60,60,60,60,60,60,60,60,60,60,60,60,60,60,60,60,60,60,60,60,60,60,60,60,60,60,60,60,60,60,60,60,60,60,60,60,60,60,60,60,60,60,60,60,60,60,60,60,60,60,60,60,60,60,60,60,60,60,60,60,60,60,60,60]","[0,0,0,0,0,0,0,0,0,0,0,0,0,0,0,0,0,0,0,0,0,0,0,0,0,0,0,0,0,0,0,0,0,0,0,0,0,0,0,0,0,0,0,0,0,0,0,0,0,0,0,0,0,0,0,0,0,0,0,0,0,0,0,0,0,0,0,0,0,0,0,0,0,0,0,0,0,0,0,0,0,0,0,0,0,0,0,0,0,0,0,0,0,0,0,0,0,0,0,0,0,0,0,0,0,0,0,0,0,0,0,0,0,0,0,0,0,0,0,0,0,0,0,0,0,0,0,0,0,0,0,0,0,0,0,0,0,0,0,0,0,0,0,0,0,0,0,0,0,0,0,0,0,0,0,0,0,0]"
2026-01-29T00:16:29+01:00,[60],[0]
2026-01-29T00:15:52+01:00,[37],[0]
2026-01-29T00:25:52+01:00,[37],[0]
2026-01-29T00:35:53+01:00,[38],[0]
2026-01-29T00:45:52+01:00,[37],[0]
2026-01-29T00:55:52+01:00,[37],[0]
2026-01-29T01:05:52+01:00,[37],[0]
2026-01-29T01:15:52+01:00,[37],[0]
2026-01-29T01:25:53+01:00,[38],[0]
2026-01-29T01:35:52+01:00,[37],[0]
2026-01-29T01:45:52+01:00,[37],[0]
2026-01-29T01:55:52+01:00,[37],[0]
2026-01-29T02:05:53+01:00,[38],[0]
2026-01-29T02:15:53+01:00,[37],[0]
2026-01-29T02:25:52+01:00,[37],[0]
2026-01-29T02:35:52+01:00,[37],[0]
2026-01-29T02:45:51+01:00,[37],[0]
2026-01-29T02:55:52+01:00,[37],[0]
2026-01-29T03:05:52+01:00,[37],[0]
2026-01-29T00:26:29+01:00,[60],[0]
2026-01-29T00:36:31+01:00,[60],[0]
2026-01-29T00:46:29+01:00,[60],[0]
2026-01-29T00:56:29+01:00,[60],[0]
2026-01-29T01:06:29+01:00,[60],[0]
2026-01-29T01:16:29+01:00,[60],[0]
2026-01-29T01:26:31+01:00,[60],[0]
2026-01-29T01:36:29+01:00,[60],[0]
2026-01-29T01:46:29+01:00,[60],[0]
2026-01-29T01:56:29+01:00,[60],[0]
2026-01-29T02:06:31+01:00,[60],[0]
2026-01-29T02:16:30+01:00,[60],[0]
2026-01-29T02:26:29+01:00,[60],[0]
2026-01-29T02:36:29+01:00,[60],[0]
2026-01-29T02:46:28+01:00,[60],[0]
2026-01-29T02:56:29+01:00,[60],[0]
2026-01-29T03:06:29+01:00,[60],[0]
2026-01-29T03:16:29+01:00,[60],[0]
2026-01-29T01:57:29+01:00,[60],[0]
2026-01-29T03:15:52+01:00,[37],[0]
2026-01-29T03:25:52+01:00,[37],[0]
2026-01-29T03:35:52+01:00,[37],[0]
2026-01-29T03:45:52+01:00,[37],[0]
2026-01-29T03:55:52+01:00,[37],[0]
2026-01-29T04:05:52+01:00,[37],[0]
2026-01-29T04:15:52+01:00,[37],[0]
2026-01-29T04:25:52+01:00,[37],[0]
2026-01-29T04:36:00+01:00,[37],[0]
2026-01-29T03:26:29+01:00,[60],[0]
2026-01-29T03:36:29+01:00,[60],[0]
2026-01-29T03:46:29+01:00,[60],[0]
2026-01-29T03:56:29+01:00,[60],[0]
2026-01-29T04:06:29+01:00,[60],[0]
2026-01-29T04:16:29+01:00,[60],[0]
2026-01-29T04:26:29+01:00,[60],[0]
2026-01-29T04:36:37+01:00,[60],[0]
2026-01-29T04:46:29+01:00,[60],[0]
2026-01-29T04:56:29+01:00,[60],[0]
2026-01-29T05:16:29+01:00,[60],[0]
2026-01-29T05:26:29+01:00,[60],[0]
2026-01-29T05:36:30+01:00,[60],[0]
2026-01-29T05:46:29+01:00,[60],[0]
2026-01-29T05:56:28+01:00,[60],[0]
2026-01-29T06:06:29+01:00,[60],[0]
2026-01-29T04:45:52+01:00,[37],[0]
2026-01-29T04:47:29+01:00,[60],[0]
2026-01-29T04:55:52+01:00,[37],[0]
2026-01-29T05:15:52+01:00,[37],[0]
2026-01-29T05:25:52+01:00,[37],[0]
2026-01-29T05:35:52+01:00,[38],[0]
2026-01-29T05:45:52+01:00,[37],[0]
2026-01-29T05:55:51+01:00,[37],[0]
2026-01-29T06:05:52+01:00,[37],[0]
2026-01-29T06:25:52+01:00,[37],[0]
2026-01-29T06:35:52+01:00,[37],[0]
2026-01-29T06:45:53+01:00,[38],[0]
2026-01-29T06:55:52+01:00,[37],[0]
2026-01-29T07:05:52+01:00,[37],[0]
2026-01-29T07:15:52+01:00,[37],[0]
2026-01-29T07:25:52+01:00,[37],[0]
2026-01-29T07:35:52+01:00,[37],[0]
2026-01-29T07:45:52+01:00,[37],[0]
2026-01-29T06:26:29+01:00,[60],[0]
2026-01-29T06:36:29+01:00,[60],[0]
2026-01-29T06:46:31+01:00,[60],[0]
2026-01-29T06:56:29+01:00,[60],[0]
2026-01-29T07:06:29+01:00,[60],[0]
2026-01-29T07:16:29+01:00,[60],[0]
2026-01-29T07:26:29+01:00,[60],[0]
2026-01-29T07:36:29+01:00,[60],[0]
2026-01-29T07:46:29+01:00,[60],[0]
2026-01-29T07:56:29+01:00,[60],[0]
2026-01-29T08:06:29+01:00,[60],[0]
2026-01-29T08:16:29+01:00,[60],[0]
2026-01-29T08:26:29+01:00,[60],[0]
2026-01-29T08:36:31+01:00,[60],[0]
2026-01-29T08:46:29+01:00,[60],[0]
2026-01-29T08:56:29+01:00,[60],[0]
2026-01-29T09:06:29+01:00,[60],[0]
2026-01-29T09:16:29+01:00,[60],[0]
2026-01-27T08:15:53+01:00,[38],[0]
2026-01-27T08:25:52+01:00,[37],[0]
2026-01-27T08:35:53+01:00,[38],[0]
2026-01-27T08:45:53+01:00,[38],[0]
2026-01-27T08:55:52+01:00,[37],[0]
2026-01-27T09:05:53+01:00,[38],[0]
2026-01-27T09:15:52+01:00,[37],[0]
2026-01-27T09:25:53+01:00,[38],[0]
2026-01-27T09:35:52+01:00,[38],[0]
2026-01-27T08:46:31+01:00,[60],[0]
2026-01-27T08:56:29+01:00,[60],[0]
2026-01-27T09:06:31+01:00,[60],[0]
2026-01-27T09:16:29+01:00,[60],[0]
2026-01-27T09:26:31+01:00,[60],[0]
2026-01-27T09:36:30+01:00,[60],[0]
2026-01-27T09:46:29+01:00,[60],[0]
2026-01-27T10:06:28+01:00,[60],[0]
2026-01-27T10:16:30+01:00,[60],[0]
2026-01-27T10:26:29+01:00,[60],[0]
2026-01-27T10:46:30+01:00,[60],[0]
2026-01-27T10:56:30+01:00,[60],[0]
2026-01-27T11:16:29+01:00,[60],[0]
2026-01-27T11:25:54+01:00,[60],[0]
2026-01-27T11:36:31+01:00,[60],[0]
2026-01-27T09:45:52+01:00,[37],[0]
2026-01-27T10:05:51+01:00,[37],[0]
2026-01-27T10:15:52+01:00,[38],[0]
2026-01-27T10:25:52+01:00,[37],[0]
2026-01-27T10:45:53+01:00,[37],[0]
2026-01-27T10:55:53+01:00,[37],[0]
2026-01-27T11:15:52+01:00,[37],[0]
2026-01-27T11:25:53+01:00,[1],[0]
2026-01-27T11:35:53+01:00,[38],[0]
2026-01-27T11:45:52+01:00,[37],[0]
2026-01-27T11:55:51+01:00,[37],[0]
2026-01-27T12:05:53+01:00,[37],[0]
2026-01-27T12:15:51+01:00,[37],[0]
2026-01-27T11:46:29+01:00,[60],[0]
2026-01-27T11:56:28+01:00,[60],[0]
2026-01-27T12:06:30+01:00,[60],[0]
2026-01-27T12:16:28+01:00,[60],[0]
2026-01-27T12:26:31+01:00,[60],[0]
2026-01-27T12:46:29+01:00,[60],[0]
2026-01-27T12:56:29+01:00,[60],[0]
2026-01-27T13:06:29+01:00,[60],[0]
2026-01-27T13:16:29+01:00,[60],[0]
2026-01-27T13:26:29+01:00,[60],[0]
2026-01-27T13:46:30+01:00,[60],[0]
2026-01-27T13:56:30+01:00,[60],[0]
2026-01-27T14:06:29+01:00,[60],[0]
2026-01-27T14:16:28+01:00,[60],[0]
2026-01-27T14:26:28+01:00,[60],[0]
2026-01-27T14:36:28+01:00,[60],[0]
2026-01-27T11:57:28+01:00,[60],[0]
2026-01-27T12:25:53+01:00,[38],[0]
2026-01-27T12:45:52+01:00,[37],[0]
2026-01-27T12:55:52+01:00,[37],[0]
2026-01-27T13:05:52+01:00,[37],[0]
2026-01-27T13:15:52+01:00,[37],[0]
2026-01-27T13:25:52+01:00,[37],[0]
2026-01-27T13:45:53+01:00,[37],[0]
2026-01-27T13:55:52+01:00,[38],[0]
2026-01-27T14:05:52+01:00,[37],[0]
2026-01-27T14:15:51+01:00,[37],[0]
2026-01-27T14:25:51+01:00,[37],[0]
2026-01-27T14:35:51+01:00,[37],[0]
2026-01-27T15:05:53+01:00,[38],[0]
2026-01-27T15:15:52+01:00,[37],[0]
2026-01-27T15:25:52+01:00,[37],[0]
2026-01-27T15:35:52+01:00,[37],[0]
2026-01-27T15:45:52+01:00,[37],[0]
2026-01-27T15:06:31+01:00,[60],[0]
2026-01-27T15:16:29+01:00,[60],[0]
2026-01-27T15:26:29+01:00,[60],[0]
2026-01-27T15:36:29+01:00,[60],[0]
2026-01-27T15:46:29+01:00,[60],[0]
2026-01-27T15:55:52+01:00,[37],[0]
2026-01-27T16:05:52+01:00,[37],[0]
2026-01-27T16:15:52+01:00,[37],[0]
2026-01-27T15:56:29+01:00,[60],[0]
2026-01-27T16:06:29+01:00,[60],[0]
2026-01-27T16:16:29+01:00,[60],[0]
2026-01-27T16:31:00+01:00,"[60,60,60,60,60,60,60,60,60,60,60,60,60,60,60,60,60,60,60,60,60,60,60]","[0,0,0,0,0,0,0,0,0,0,0,0,0,0,0,0,0,0,0,0,0,0,0]"
2026-01-27T16:56:00+01:00,"[60,60,60,60,60,60,60,60,60,60,60,60,60,60,60,60,60,60,60,60,60,60,60,60,60,60,60,60,60,60,60,60,60,60,60,60,60,60,60,60,60,60,60,60,60,60,60,60,60,60,60,60,60,60,60,60,60,60,60,60,60,60,60,60,60,60,60,60,60,60,60,60,60,60,60,60,60,60,60,60,60,60,60,60,60,60,60,60,60,60,60,60,60,60,60,60,60,60,60,60,60,60,60,60,60,60,60,60,60,60,60,60,60,60,60,60,60,60,60,60]","[0,0,0,0,0,0,0,0,0,0,0,0,0,0,0,0,0,0,0,0,0,0,0,0,0,0,0,0,0,0,0,0,0,0,0,0,0,0,0,0,0,0,0,0,0,0,0,0,0,0,0,0,0,0,0,0,0,0,0,0,0,0,0,0,0,0,0,0,0,0,0,0,0,0,0,0,0,0,0,0,0,0,0,0,0,0,0,0,0,0,0,0,0,0,0,0,0,0,0,0,0,0,0,0,0,0,0,0,0,0,0,0,0,0,0,0,0,0,0,0]"
2026-01-27T17:00:00+01:00,[60],[0]
2026-01-27T18:56:00+01:00,"[60,60,60,60,60,60,60,60,60,60,60,60,60,60]","[0,0,0,0,0,0,0,0,0,0,0,0,0,0]"
2026-01-27T19:13:00+01:00,"[60,60,60,60,60,60,60,60,60,60]","[0,0,0,0,0,0,0,0,0,0]"
2026-01-27T20:08:00+01:00,"[60,60,60,60,60,60,60,60,60,60,60,60,60,60,60,60,60,60,60,60,60,60,60,60,60,60,60,60,60,60,60,60,60,60,60,60,60,60,60,60,60,60,60,60,60,60,60,60,60,60,60,60,60,60,60,60,60,60,60,60,60,60,60,60,60,60,60,60,60,60,60]","[0,0,0,0,0,0,0,0,0,0,0,0,0,0,0,0,0,0,0,0,0,0,0,0,0,0,0,0,0,0,0,0,0,0,0,0,0,0,0,0,0,0,0,0,0,0,0,0,0,0,0,0,0,0,0,0,0,0,0,0,0,0,0,0,0,0,0,0,0,0,0]"
2026-01-27T21:19:00+01:00,"[60,60,60,60,60,60,60,60,60,60,60,60,60,60,60,60,60,60,60,60,60,60,60,60,60,60,60,60,60,60,60,60,60,60,60,60,60,60,60,60,60,60,60,60,60,60,60,60,60,60,60,60,60,60,60,60,60,60,60,60,60,60,60,60,60,60,60,60,60,60,60,60,60,60,60,60,60,60,60,60,60,60,60,60,60,60,60,60,60,60,60,60,60,60,60,60,60,60,60,60,60,60,60,60,60,60,60,60,60,60,60,60,60,60,60,60,60,60,60,60,60,60,60,60,60,60,60,60,60,60,60,60,60,60,60,60,60,60,60,60,60,60,60,60,60,60,60,60,60,60,60,60,60,60,60,60,60,60,60,60,60,60,60,60,60,60,60,60,60,60,60,60,60,60,60,60,60,60,60,60]","[0,0,0,0,0,0,0,0,0,0,0,0,0,0,0,0,0,0,0,0,0,0,0,0,0,0,0,0,0,0,0,0,0,0,0,0,0,0,0,0,0,0,0,0,0,0,0,0,0,0,0,0,0,0,0,0,0,0,0,0,0,0,0,0,0,0,0,0,0,0,0,0,0,0,0,0,0,0,0,0,0,0,0,0,0,0,0,0,0,0,0,0,0,0,0,0,0,0,0,0,0,0,0,0,0,0,0,0,0,0,0,0,0,0,0,0,0,0,0,0,0,0,0,0,0,0,0,0,0,0,0,0,0,0,0,0,0,0,0,0,0,0,0,0,0,0,0,0,0,0,0,0,0,0,0,0,0,0,0,0,0,0,0,0,0,0,0,0,0,0,0,0,0,0,0,0,0,0,0,0]"
2026-01-28T00:19:00+01:00,"[60,60,60,60,60,60,60,60,60,60,60,60,60,60,60,60,60,60]","[0,0,0,0,0,0,0,0,0,0,0,0,0,0,0,0,0,0]"
2026-01-28T01:26:31+01:00,[60],[0]
2026-01-28T01:36:31+01:00,[60],[0]
2026-01-28T01:46:29+01:00,[60],[0]
2026-01-28T01:56:30+01:00,[60],[0]
2026-01-28T02:06:28+01:00,[60],[0]
2026-01-28T02:16:29+01:00,[60],[0]
2026-01-28T02:26:31+01:00,[60],[0]
2026-01-28T02:36:29+01:00,[60],[0]
2026-01-28T02:46:29+01:00,[60],[0]
2026-01-28T02:56:29+01:00,[60],[0]
2026-01-28T03:06:29+01:00,[60],[0]
2026-01-28T03:16:28+01:00,[60],[0]
2026-01-28T01:25:53+01:00,[38],[0]
2026-01-28T01:35:53+01:00,[38],[0]
2026-01-28T01:45:52+01:00,[37],[0]
2026-01-28T01:55:53+01:00,[37],[0]
2026-01-28T02:05:51+01:00,[37],[0]
2026-01-28T02:15:52+01:00,[37],[0]
2026-01-28T02:25:53+01:00,[38],[0]
2026-01-28T02:35:52+01:00,[37],[0]
2026-01-28T02:45:52+01:00,[37],[0]
2026-01-28T02:55:52+01:00,[37],[0]
2026-01-28T03:05:52+01:00,[37],[0]
2026-01-28T03:15:51+01:00,[37],[0]
2026-01-28T03:25:52+01:00,[37],[0]
2026-01-28T03:35:52+01:00,[37],[0]
2026-01-28T03:55:53+01:00,[37],[0]
2026-01-28T04:05:52+01:00,[37],[0]
2026-01-28T04:15:52+01:00,[37],[0]
2026-01-28T04:25:53+01:00,[38],[0]
2026-01-28T04:35:52+01:00,[37],[0]
2026-01-28T03:26:29+01:00,[60],[0]
2026-01-28T03:36:29+01:00,[60],[0]
2026-01-28T03:56:30+01:00,[60],[0]
2026-01-28T04:06:29+01:00,[60],[0]
2026-01-28T04:16:29+01:00,[60],[0]
2026-01-28T04:26:31+01:00,[60],[0]
2026-01-28T04:36:29+01:00,[60],[0]
2026-01-28T04:46:29+01:00,[60],[0]
2026-01-28T04:56:29+01:00,[60],[0]
2026-01-28T05:16:29+01:00,[60],[0]
2026-01-28T05:26:29+01:00,[60],[0]
2026-01-28T05:36:29+01:00,[60],[0]
2026-01-28T05:46:29+01:00,[60],[0]
2026-01-28T05:56:30+01:00,[60],[0]
2026-01-28T06:06:29+01:00,[60],[0]
2026-01-28T06:16:29+01:00,[60],[0]
2026-01-28T04:45:52+01:00,[37],[0]
2026-01-28T04:55:52+01:00,[37],[0]
2026-01-28T05:15:52+01:00,[37],[0]
2026-01-28T05:25:52+01:00,[37],[0]
2026-01-28T05:35:52+01:00,[37],[0]
2026-01-28T05:45:52+01:00,[37],[0]
2026-01-28T05:55:53+01:00,[37],[0]
2026-01-28T06:05:52+01:00,[37],[0]
2026-01-28T06:15:52+01:00,[37],[0]
2026-01-28T06:25:52+01:00,[37],[0]
2026-01-28T06:35:53+01:00,[37],[0]
2026-01-28T06:45:52+01:00,[37],[0]
2026-01-28T06:55:52+01:00,[37],[0]
2026-01-28T07:05:52+01:00,[38],[0]
2026-01-28T07:15:52+01:00,[37],[0]
2026-01-28T07:25:52+01:00,[37],[0]
2026-01-28T07:35:53+01:00,[38],[0]
2026-01-28T04:57:29+01:00,[60],[0]
2026-01-28T06:26:29+01:00,[60],[0]
2026-01-28T06:36:30+01:00,[60],[0]
2026-01-28T06:46:29+01:00,[60],[0]
2026-01-28T06:56:29+01:00,[60],[0]
2026-01-28T07:06:30+01:00,[60],[0]
2026-01-28T07:16:29+01:00,[60],[0]
2026-01-28T07:26:29+01:00,[60],[0]
2026-01-28T07:36:31+01:00,[60],[0]
2026-01-28T07:46:30+01:00,[60],[0]
2026-01-28T07:56:29+01:00,[60],[0]
2026-01-28T08:06:30+01:00,[60],[0]
2026-01-28T08:16:29+01:00,[60],[0]
2026-01-28T08:26:29+01:00,[60],[0]
2026-01-28T08:36:29+01:00,[60],[0]
2026-01-28T08:46:30+01:00,[60],[0]
2026-01-28T08:56:28+01:00,[60],[0]
2026-01-28T09:06:29+01:00,[60],[0]
2026-01-28T09:16:28+01:00,[60],[0]
2026-01-26T07:20:33+01:00,[60],[0]
2026-01-26T07:40:34+01:00,[60],[0]
2026-01-26T08:00:31+01:00,[60],[0]
2026-01-26T08:10:33+01:00,[60],[0]
2026-01-26T08:20:34+01:00,[60],[0]
2026-01-26T08:30:31+01:00,[60],[0]
2026-01-26T08:50:34+01:00,[60],[0]
2026-01-26T09:00:32+01:00,[60],[0]
2026-01-26T09:10:34+01:00,[60],[0]
2026-01-26T09:30:34+01:00,[60],[0]
2026-01-26T07:41:34+01:00,[60],[0]
2026-01-26T08:01:31+01:00,[60],[0]
2026-01-26T08:11:33+01:00,[60],[0]
2026-01-26T08:21:34+01:00,[60],[0]
2026-01-26T08:31:31+01:00,[60],[0]
2026-01-26T08:51:34+01:00,[60],[0]
2026-01-26T09:01:32+01:00,[60],[0]
2026-01-26T09:11:34+01:00,[60],[0]
2026-01-26T09:31:34+01:00,[60],[0]
2026-01-26T08:15:56+01:00,[38],[0]
2026-01-26T08:25:54+01:00,[37],[0]
2026-01-26T08:45:56+01:00,[38],[0]
2026-01-26T08:55:55+01:00,[37],[0]
2026-01-26T09:05:56+01:00,[38],[0]
2026-01-26T08:46:34+01:00,[60],[0]
2026-01-26T08:56:32+01:00,[60],[0]
2026-01-26T09:06:34+01:00,[60],[0]
2026-01-26T09:26:34+01:00,[60],[0]
2026-01-26T10:46:34+01:00,[60],[0]
2026-01-26T11:16:34+01:00,[60],[0]
2026-01-26T11:26:32+01:00,[60],[0]
2026-01-26T11:36:32+01:00,[60],[0]
2026-01-26T09:25:56+01:00,[38],[0]
2026-01-26T10:45:56+01:00,[38],[0]
2026-01-26T09:27:34+01:00,[60],[0]
2026-01-26T10:47:34+01:00,[60],[0]
2026-01-26T11:17:34+01:00,[60],[0]
2026-01-26T11:27:32+01:00,[60],[0]
2026-01-26T11:37:32+01:00,[60],[0]
2026-01-26T11:47:32+01:00,[60],[0]
2026-01-26T11:57:34+01:00,[60],[0]
2026-01-26T12:07:32+01:00,[60],[0]
2026-01-26T12:17:34+01:00,[60],[0]
2026-01-26T09:28:34+01:00,[60],[0]
2026-01-26T10:48:34+01:00,[60],[0]
2026-01-26T11:18:34+01:00,[60],[0]
2026-01-26T11:28:32+01:00,[60],[0]
2026-01-26T11:38:32+01:00,[60],[0]
2026-01-26T11:48:32+01:00,[60],[0]
2026-01-26T11:58:34+01:00,[60],[0]
2026-01-26T12:08:32+01:00,[60],[0]
2026-01-26T12:18:34+01:00,[60],[0]
2026-01-26T09:29:34+01:00,[60],[0]
2026-01-26T10:49:34+01:00,[60],[0]
2026-01-26T11:19:34+01:00,[60],[0]
2026-01-26T11:29:32+01:00,[60],[0]
2026-01-26T11:39:32+01:00,[60],[0]
2026-01-26T11:49:32+01:00,[60],[0]
2026-01-26T11:59:34+01:00,[60],[0]
2026-01-26T12:09:32+01:00,[60],[0]
2026-01-26T12:19:34+01:00,[60],[0]
2026-01-26T10:50:34+01:00,[60],[0]
2026-01-26T11:20:34+01:00,[60],[0]
2026-01-26T11:30:32+01:00,[60],[0]
2026-01-26T11:40:32+01:00,[60],[0]
2026-01-26T11:50:32+01:00,[60],[0]
2026-01-26T12:00:34+01:00,[60],[0]
2026-01-26T12:10:32+01:00,[60],[0]
2026-01-26T12:20:34+01:00,[60],[0]
2026-01-26T12:30:33+01:00,[60],[0]
2026-01-26T12:40:32+01:00,[60],[0]
2026-01-26T13:00:32+01:00,[60],[0]
2026-01-26T13:10:32+01:00,[60],[0]
2026-01-26T13:20:31+01:00,[60],[0]
2026-01-26T10:51:34+01:00,[60],[0]
2026-01-26T11:21:34+01:00,[60],[0]
2026-01-26T11:31:32+01:00,[60],[0]
2026-01-26T11:41:32+01:00,[60],[0]
2026-01-26T11:51:32+01:00,[60],[0]
2026-01-26T12:01:34+01:00,[60],[0]
2026-01-26T12:11:32+01:00,[60],[0]
2026-01-26T12:21:34+01:00,[60],[0]
2026-01-26T12:31:33+01:00,[60],[0]
2026-01-26T12:41:32+01:00,[60],[0]
2026-01-26T13:01:32+01:00,[60],[0]
2026-01-26T13:11:32+01:00,[60],[0]
2026-01-26T13:21:31+01:00,[60],[0]
2026-01-26T13:31:34+01:00,[60],[0]
2026-01-26T13:41:32+01:00,[60],[0]
2026-01-26T11:15:56+01:00,[38],[0]
2026-01-26T11:25:55+01:00,[37],[0]
2026-01-26T11:35:55+01:00,[37],[0]
2026-01-26T11:45:55+01:00,[37],[0]
2026-01-26T11:55:56+01:00,[38],[0]
2026-01-26T12:05:55+01:00,[37],[0]
2026-01-26T12:15:56+01:00,[38],[0]
2026-01-26T12:25:55+01:00,[38],[0]
2026-01-26T12:35:55+01:00,[37],[0]
2026-01-26T12:55:55+01:00,[37],[0]
2026-01-26T13:05:55+01:00,[37],[0]
2026-01-26T13:15:54+01:00,[37],[0]
2026-01-26T13:25:56+01:00,[38],[0]
2026-01-26T13:35:55+01:00,[37],[0]
2026-01-26T13:45:55+01:00,[37],[0]
2026-01-26T13:55:56+01:00,[38],[0]
2026-01-26T14:05:55+01:00,[37],[0]
2026-01-26T11:46:32+01:00,[60],[0]
2026-01-26T11:56:34+01:00,[60],[0]
2026-01-26T12:06:32+01:00,[60],[0]
2026-01-26T12:16:34+01:00,[60],[0]
2026-01-26T12:26:33+01:00,[60],[0]
2026-01-26T12:36:32+01:00,[60],[0]
2026-01-26T12:56:32+01:00,[60],[0]
2026-01-26T13:06:32+01:00,[60],[0]
2026-01-26T13:16:31+01:00,[60],[0]
2026-01-26T13:26:34+01:00,[60],[0]
2026-01-26T13:36:32+01:00,[60],[0]
2026-01-26T13:46:32+01:00,[60],[0]
2026-01-26T13:56:34+01:00,[60],[0]
2026-01-26T14:06:32+01:00,[60],[0]
2026-01-26T14:16:32+01:00,[60],[0]
2026-01-26T14:26:32+01:00,[60],[0]
2026-01-26T14:36:32+01:00,[60],[0]
2026-01-26T12:27:33+01:00,[60],[0]
2026-01-26T12:37:32+01:00,[60],[0]
2026-01-26T12:57:32+01:00,[60],[0]
2026-01-26T13:07:32+01:00,[60],[0]
2026-01-26T13:17:31+01:00,[60],[0]
2026-01-26T13:27:34+01:00,[60],[0]
2026-01-26T13:37:32+01:00,[60],[0]
2026-01-26T13:47:32+01:00,[60],[0]
2026-01-26T13:57:34+01:00,[60],[0]
2026-01-26T14:07:32+01:00,[60],[0]
2026-01-26T14:17:32+01:00,[60],[0]
2026-01-26T14:27:32+01:00,[60],[0]
2026-01-26T14:37:32+01:00,[60],[0]
2026-01-26T14:47:30+01:00,[60],[0]
2026-01-26T15:07:31+01:00,[60],[0]
2026-01-26T15:17:29+01:00,[60],[0]
2026-01-26T12:28:33+01:00,[60],[0]
2026-01-26T12:38:32+01:00,[60],[0]
2026-01-26T12:58:32+01:00,[60],[0]
2026-01-26T13:08:32+01:00,[60],[0]
2026-01-26T13:18:31+01:00,[60],[0]
2026-01-26T13:28:34+01:00,[60],[0]
2026-01-26T13:38:32+01:00,[60],[0]
2026-01-26T13:48:32+01:00,[60],[0]
2026-01-26T13:58:34+01:00,[60],[0]
2026-01-26T14:08:32+01:00,[60],[0]
2026-01-26T14:18:32+01:00,[60],[0]
2026-01-26T14:28:32+01:00,[60],[0]
2026-01-26T14:38:32+01:00,[60],[0]
2026-01-26T14:48:30+01:00,[60],[0]
2026-01-26T15:08:31+01:00,[60],[0]
2026-01-26T15:18:29+01:00,[60],[0]
2026-01-26T12:29:33+01:00,[60],[0]
2026-01-26T12:39:32+01:00,[60],[0]
2026-01-26T12:59:32+01:00,[60],[0]
2026-01-26T13:09:32+01:00,[60],[0]
2026-01-26T13:19:31+01:00,[60],[0]
2026-01-26T13:29:34+01:00,[60],[0]
2026-01-26T13:39:32+01:00,[60],[0]
2026-01-26T13:49:32+01:00,[60],[0]
2026-01-26T13:59:34+01:00,[60],[0]
2026-01-26T14:09:32+01:00,[60],[0]
2026-01-26T14:19:32+01:00,[60],[0]
2026-01-26T14:29:32+01:00,[60],[0]
2026-01-26T14:39:32+01:00,[60],[0]
2026-01-26T14:49:30+01:00,[60],[0]
2026-01-26T15:09:31+01:00,[60],[0]
2026-01-26T15:19:29+01:00,[60],[0]
2026-01-26T13:30:34+01:00,[60],[0]
2026-01-26T13:40:32+01:00,[60],[0]
2026-01-26T13:50:32+01:00,[60],[0]
2026-01-26T14:00:34+01:00,[60],[0]
2026-01-26T14:10:32+01:00,[60],[0]
2026-01-26T14:20:32+01:00,[60],[0]
2026-01-26T14:30:32+01:00,[60],[0]
2026-01-26T14:40:32+01:00,[60],[0]
2026-01-26T14:50:30+01:00,[60],[0]
2026-01-26T15:10:31+01:00,[60],[0]
2026-01-26T15:20:29+01:00,[60],[0]
2026-01-26T15:30:29+01:00,[60],[0]
2026-01-26T15:40:29+01:00,[60],[0]
2026-01-26T15:50:30+01:00,[60],[0]
2026-01-26T16:00:31+01:00,[60],[0]
2026-01-26T13:51:32+01:00,[60],[0]
2026-01-26T14:01:34+01:00,[60],[0]
2026-01-26T14:11:32+01:00,[60],[0]
2026-01-26T14:21:32+01:00,[60],[0]
2026-01-26T14:31:32+01:00,[60],[0]
2026-01-26T14:41:32+01:00,[60],[0]
2026-01-26T14:51:30+01:00,[60],[0]
2026-01-26T15:11:31+01:00,[60],[0]
2026-01-26T15:21:29+01:00,[60],[0]
2026-01-26T15:31:29+01:00,[60],[0]
2026-01-26T15:41:29+01:00,[60],[0]
2026-01-26T15:51:30+01:00,[60],[0]
2026-01-26T16:01:31+01:00,[60],[0]
2026-01-26T14:15:55+01:00,[37],[0]
2026-01-26T14:25:55+01:00,[37],[0]
2026-01-26T14:35:55+01:00,[37],[0]
2026-01-26T14:45:53+01:00,[37],[0]
2026-01-26T15:05:53+01:00,[38],[0]
2026-01-26T15:15:52+01:00,[37],[0]
2026-01-26T15:25:52+01:00,[37],[0]
2026-01-26T15:35:52+01:00,[37],[0]
2026-01-26T15:45:52+01:00,[38],[0]
2026-01-26T15:55:53+01:00,[38],[0]
2026-01-26T14:46:30+01:00,[60],[0]
2026-01-26T15:06:31+01:00,[60],[0]
2026-01-26T15:16:29+01:00,[60],[0]
2026-01-26T15:26:29+01:00,[60],[0]
2026-01-26T15:36:29+01:00,[60],[0]
2026-01-26T15:46:30+01:00,[60],[0]
2026-01-26T15:56:31+01:00,[60],[0]
2026-01-26T16:08:00+01:00,"[60,60,60,60,60,60,60,60,60,60,60,60,60,60,60,60,60,60,60,60,60,60,60,60,60,60,60,60,60,60,60,60,60,60]","[0,0,0,0,0,0,0,0,0,0,0,0,0,0,0,0,0,0,0,0,0,0,0,0,0,0,0,0,0,0,0,0,0,0]"
2026-01-26T16:45:00+01:00,"[60,60,60,60,60,60,60,60,60,60,60,60,60,60,60,60,60,60,60,60,60,60,60,60,60,60,60,60,60,60,60,60,60,60,60,60,60,60,60,60,60,60,60,60,60,60,60,60,60,60,60,60]","[0,0,0,0,0,0,0,0,0,0,0,0,0,0,0,0,0,0,0,0,0,0,0,0,0,0,0,0,0,0,0,0,0,0,0,0,0,0,0,0,0,0,0,0,0,0,0,0,0,0,0,0]"
2026-01-26T15:27:29+01:00,[60],[0]
2026-01-26T15:37:29+01:00,[60],[0]
2026-01-26T15:47:30+01:00,[60],[0]
2026-01-26T15:57:31+01:00,[60],[0]
2026-01-26T16:42:00+01:00,[60],[0]
2026-01-26T15:28:29+01:00,[60],[0]
2026-01-26T15:38:29+01:00,[60],[0]
2026-01-26T15:48:30+01:00,[60],[0]
2026-01-26T15:58:31+01:00,[60],[0]
2026-01-26T16:43:00+01:00,[60],[0]
2026-01-26T15:29:29+01:00,[60],[0]
2026-01-26T15:39:29+01:00,[60],[0]
2026-01-26T15:49:30+01:00,[60],[0]
2026-01-26T15:59:31+01:00,[60],[0]
2026-01-26T16:44:00+01:00,[60],[0]
2026-01-26T17:00:00+01:00,[60],[0]
2026-01-26T17:37:00+01:00,"[60,60,60,60,60,60,60,60,60,60,60,60,60,60,60,60,60,60,60,60,60,60,60,60,60,60,60,60,60,60,60,60,60,60,60,60,60,60,60,60,60,60,60,60,60,60,60,60,60,60,60,60,60,60,60,60,60,60,60,60,60,60,60,60,60,60,60,60,60,60,60,60,60,60,60,60,60,60,60,60,60,60,60,60,60,60,60,60,60,60,60,60,60,60,60,60,60,60,60,60,60,60,60,60,60,60,60,60,60,60,60,60,60,60,60,60,60,60,60,60,60,60,60,60,60,60,60,60,60,60,60,60,60,60,60,60,60,60,60,60,60,60,60,60,60,60,60,60,60,60,60,60,60,60,60,60,60,60,60,60,60,60,60,60,60,60,60,60,60,60,60,60,60,60,60,60,60,60,60,60]","[0,0,0,0,0,0,0,0,0,0,0,0,0,0,0,0,0,0,0,0,0,0,0,0,0,0,0,0,0,0,0,0,0,0,0,0,0,0,0,0,0,0,0,0,0,0,0,0,0,0,0,0,0,0,0,0,0,0,0,0,0,0,0,0,0,0,0,0,0,0,0,0,0,0,0,0,0,0,0,0,0,0,0,0,0,0,0,0,0,0,0,0,0,0,0,0,0,0,0,0,0,0,0,0,0,0,0,0,0,0,0,0,0,0,0,0,0,0,0,0,0,0,0,0,0,0,0,0,0,0,0,0,0,0,0,0,0,0,0,0,0,0,0,0,0,0,0,0,0,0,0,0,0,0,0,0,0,0,0,0,0,0,0,0,0,0,0,0,0,0,0,0,0,0,0,0,0,0,0,0]"
2026-01-26T20:37:00+01:00,"[60,60,60,60,60,60,60,60,60,60,60,60,60,60,60,60,60,60,60,60,60,60,60,60,60,60,60,60,60,60,60,60,60,60,60,60,60,60,60,60,60,60,60,60,60,60,60,60,60,60,60,60,60,60,60,60,60,60,60,60,60,60,60,60,60,60,60,60,60,60,60,60,60,60,60,60,60,60,60,60,60,60,60,60,60,60,60,60,60,60,60,60,60,60,60,60,60,60,60,60,60,60,60,60,60,60,60,60,60,60,60,60,60,60,60,60,60,60,60,60,60,60,60,60,60,60,60,60,60,60,60,60,60,60,60,60,60,60,60,60,60,60,60,60,60,60,60,60,60,60,60,60,60,60,60,60,60,60,60,60,60]","[0,0,0,0,0,0,0,0,0,0,0,0,0,0,0,0,0,0,0,0,0,0,0,0,0,0,0,0,0,0,0,0,0,0,0,0,0,0,0,0,0,0,0,0,0,0,0,0,0,0,0,0,0,0,0,0,0,0,0,0,0,0,0,0,0,0,0,0,0,0,0,0,0,0,0,0,0,0,0,0,0,0,0,0,0,0,0,0,0,0,0,0,0,0,0,0,0,0,0,0,0,0,0,0,0,0,0,0,0,0,0,0,0,0,0,0,0,0,0,0,0,0,0,0,0,0,0,0,0,0,0,0,0,0,0,0,0,0,0,0,0,0,0,0,0,0,0,0,0,0,0,0,0,0,0,0,0,0,0,0,0]"
2026-01-26T23:20:00+01:00,"[60,60,60,60,60,60,60,60,60,60,60,60,60,60]","[0,0,0,0,0,0,0,0,0,0,0,0,0,0]"
2026-01-26T23:18:00+01:00,[60],[0]
2026-01-26T23:34:00+01:00,[60],[0]
2026-01-27T00:17:31+01:00,[60],[0]
2026-01-27T00:27:29+01:00,[60],[0]
2026-01-27T00:37:30+01:00,[60],[0]
2026-01-27T00:47:29+01:00,[60],[0]
2026-01-27T00:57:29+01:00,[60],[0]
2026-01-27T01:07:29+01:00,[60],[0]
2026-01-27T01:17:29+01:00,[60],[0]
2026-01-27T01:27:29+01:00,[60],[0]
2026-01-27T01:37:29+01:00,[60],[0]
2026-01-27T00:15:53+01:00,[38],[0]
2026-01-27T00:25:52+01:00,[37],[0]
2026-01-27T00:35:52+01:00,[38],[0]
2026-01-27T00:16:31+01:00,[60],[0]
2026-01-27T00:26:29+01:00,[60],[0]
2026-01-27T00:36:30+01:00,[60],[0]
2026-01-27T00:46:29+01:00,[60],[0]
2026-01-27T00:56:29+01:00,[60],[0]
2026-01-27T01:06:29+01:00,[60],[0]
2026-01-27T01:16:29+01:00,[60],[0]
2026-01-27T01:26:29+01:00,[60],[0]
2026-01-27T01:36:29+01:00,[60],[0]
2026-01-27T01:46:30+01:00,[60],[0]
2026-01-27T01:56:30+01:00,[60],[0]
2026-01-27T02:06:29+01:00,[60],[0]
2026-01-27T02:16:28+01:00,[60],[0]
2026-01-27T02:26:31+01:00,[60],[0]
2026-01-27T02:36:29+01:00,[60],[0]
2026-01-27T02:46:29+01:00,[60],[0]
2026-01-27T02:56:29+01:00,[60],[0]
2026-01-27T03:06:31+01:00,[60],[0]
2026-01-27T00:45:52+01:00,[37],[0]
2026-01-27T00:55:52+01:00,[37],[0]
2026-01-27T01:05:52+01:00,[37],[0]
2026-01-27T01:15:52+01:00,[37],[0]
2026-01-27T01:25:52+01:00,[37],[0]
2026-01-27T01:35:52+01:00,[37],[0]
2026-01-27T01:45:53+01:00,[37],[0]
2026-01-27T01:55:53+01:00,[37],[0]
2026-01-27T02:05:52+01:00,[37],[0]
2026-01-27T02:15:51+01:00,[37],[0]
2026-01-27T01:47:30+01:00,[60],[0]
2026-01-27T01:57:30+01:00,[60],[0]
2026-01-27T02:07:29+01:00,[60],[0]
2026-01-27T02:17:28+01:00,[60],[0]
2026-01-27T02:27:31+01:00,[60],[0]
2026-01-27T02:37:29+01:00,[60],[0]
2026-01-27T02:47:29+01:00,[60],[0]
2026-01-27T02:57:29+01:00,[60],[0]
2026-01-27T03:08:31+01:00,[60],[0]
2026-01-27T03:18:31+01:00,[60],[0]
2026-01-27T03:27:29+01:00,[60],[0]
2026-01-27T03:37:29+01:00,[60],[0]
2026-01-27T03:47:31+01:00,[60],[0]
2026-01-27T03:57:29+01:00,[60],[0]
2026-01-27T04:07:29+01:00,[60],[0]
2026-01-27T04:17:29+01:00,[60],[0]
2026-01-27T04:27:29+01:00,[60],[0]
2026-01-27T04:37:29+01:00,[60],[0]
2026-01-27T02:25:53+01:00,[38],[0]
2026-01-27T02:35:52+01:00,[37],[0]
2026-01-27T02:45:52+01:00,[37],[0]
2026-01-27T02:55:52+01:00,[37],[0]
2026-01-27T03:05:53+01:00,[38],[0]
2026-01-27T03:15:53+01:00,[38],[0]
2026-01-27T03:25:52+01:00,[37],[0]
2026-01-27T03:35:52+01:00,[37],[0]
2026-01-27T03:45:53+01:00,[38],[0]
2026-01-27T03:55:52+01:00,[37],[0]
2026-01-27T04:05:52+01:00,[37],[0]
2026-01-27T04:15:52+01:00,[37],[0]
2026-01-27T04:25:52+01:00,[37],[0]
2026-01-27T04:35:52+01:00,[37],[0]
2026-01-27T04:46:03+01:00,[37],[0]
2026-01-27T04:55:52+01:00,[38],[0]
2026-01-27T05:05:52+01:00,[37],[0]
2026-01-27T03:07:31+01:00,[60],[0]
2026-01-27T03:16:31+01:00,[60],[0]
2026-01-27T03:26:29+01:00,[60],[0]
2026-01-27T03:36:29+01:00,[60],[0]
2026-01-27T03:46:31+01:00,[60],[0]
2026-01-27T03:56:29+01:00,[60],[0]
2026-01-27T04:06:29+01:00,[60],[0]
2026-01-27T04:16:29+01:00,[60],[0]
2026-01-27T04:26:29+01:00,[60],[0]
2026-01-27T04:36:29+01:00,[60],[0]
2026-01-27T04:46:40+01:00,[60],[0]
2026-01-27T04:56:30+01:00,[60],[0]
2026-01-27T05:06:29+01:00,[60],[0]
2026-01-27T05:16:29+01:00,[60],[0]
2026-01-27T05:36:31+01:00,[60],[0]
2026-01-27T03:17:31+01:00,[60],[0]
2026-01-27T04:47:40+01:00,[60],[0]
2026-01-27T04:57:30+01:00,[60],[0]
2026-01-27T05:07:29+01:00,[60],[0]
2026-01-27T05:17:29+01:00,[60],[0]
2026-01-27T05:37:31+01:00,[60],[0]
2026-01-27T05:47:29+01:00,[60],[0]
2026-01-27T05:57:29+01:00,[60],[0]
2026-01-27T06:07:29+01:00,[60],[0]
2026-01-27T06:17:30+01:00,[60],[0]
2026-01-27T06:27:30+01:00,[60],[0]
2026-01-27T06:37:30+01:00,[60],[0]
2026-01-27T06:47:31+01:00,[60],[0]
2026-01-27T06:57:29+01:00,[60],[0]
2026-01-27T07:07:29+01:00,[60],[0]
2026-01-27T07:17:30+01:00,[60],[0]
2026-01-27T07:27:29+01:00,[60],[0]
2026-01-27T07:37:29+01:00,[60],[0]
2026-01-27T05:15:52+01:00,[37],[0]
2026-01-27T05:35:53+01:00,[38],[0]
2026-01-27T05:45:52+01:00,[37],[0]
2026-01-27T05:55:52+01:00,[37],[0]
2026-01-27T06:05:52+01:00,[37],[0]
2026-01-27T06:15:53+01:00,[37],[0]
2026-01-27T06:25:53+01:00,[37],[0]
2026-01-27T06:35:53+01:00,[37],[0]
2026-01-27T06:45:53+01:00,[38],[0]
2026-01-27T06:55:52+01:00,[37],[0]
2026-01-27T07:05:52+01:00,[37],[0]
2026-01-27T07:15:53+01:00,[37],[0]
2026-01-27T07:25:52+01:00,[37],[0]
2026-01-27T07:35:52+01:00,[37],[0]
2026-01-27T07:45:52+01:00,[37],[0]
2026-01-27T07:55:53+01:00,[38],[0]
2026-01-27T08:05:53+01:00,[38],[0]
2026-01-27T05:46:29+01:00,[60],[0]
2026-01-27T05:56:29+01:00,[60],[0]
2026-01-27T06:06:29+01:00,[60],[0]
2026-01-27T06:16:30+01:00,[60],[0]
2026-01-27T06:26:30+01:00,[60],[0]
2026-01-27T06:36:30+01:00,[60],[0]
2026-01-27T06:46:31+01:00,[60],[0]
2026-01-27T06:56:29+01:00,[60],[0]
2026-01-27T07:06:29+01:00,[60],[0]
2026-01-27T07:16:30+01:00,[60],[0]
2026-01-27T07:26:29+01:00,[60],[0]
2026-01-27T07:36:29+01:00,[60],[0]
2026-01-27T07:46:29+01:00,[60],[0]
2026-01-27T07:56:31+01:00,[60],[0]
2026-01-27T08:06:31+01:00,[60],[0]
2026-01-27T08:16:31+01:00,[60],[0]
2026-01-27T08:26:29+01:00,[60],[0]
2026-01-27T08:36:31+01:00,[60],[0]
2026-01-25T07:15:55+01:00,[37],[0]
2026-01-25T07:16:32+01:00,[60],[0]
2026-01-25T07:25:56+01:00,[38],[0]
2026-01-25T07:35:55+01:00,[37],[0]
2026-01-25T07:26:34+01:00,[60],[0]
2026-01-25T07:36:32+01:00,[60],[0]
2026-01-25T07:45:55+01:00,[37],[0]
2026-01-25T07:46:32+01:00,[60],[0]
2026-01-25T07:56:32+01:00,[60],[0]
2026-01-25T08:06:32+01:00,[60],[0]
2026-01-25T08:16:32+01:00,[60],[0]
2026-01-25T08:26:32+01:00,[60],[0]
2026-01-25T08:36:32+01:00,[60],[0]
2026-01-25T08:46:32+01:00,[60],[0]
2026-01-25T08:56:32+01:00,[60],[0]
2026-01-25T09:06:34+01:00,[60],[0]
2026-01-25T09:16:46+01:00,[60],[0]
2026-01-25T09:26:32+01:00,[60],[0]
2026-01-25T09:36:32+01:00,[60],[0]
2026-01-25T09:46:32+01:00,[60],[0]
2026-01-25T09:56:33+01:00,[60],[0]
2026-01-25T10:06:33+01:00,[60],[0]
2026-01-25T10:26:34+01:00,[60],[0]
2026-01-25T10:36:33+01:00,[60],[0]
2026-01-25T07:55:55+01:00,[37],[0]
2026-01-25T08:05:55+01:00,[37],[0]
2026-01-25T08:15:55+01:00,[37],[0]
2026-01-25T08:25:55+01:00,[37],[0]
2026-01-25T08:35:55+01:00,[37],[0]
2026-01-25T08:45:55+01:00,[37],[0]
2026-01-25T08:55:55+01:00,[37],[0]
2026-01-25T09:05:56+01:00,[38],[0]
2026-01-25T09:16:08+01:00,[38],[0]
2026-01-25T09:25:55+01:00,[37],[0]
2026-01-25T09:35:55+01:00,[37],[0]
2026-01-25T09:45:55+01:00,[37],[0]
2026-01-25T09:55:56+01:00,[37],[0]
2026-01-25T10:05:55+01:00,[38],[0]
2026-01-25T10:25:56+01:00,[38],[0]
2026-01-25T10:35:56+01:00,[37],[0]
2026-01-25T10:45:56+01:00,[37],[0]
2026-01-25T10:55:54+01:00,[37],[0]
2026-01-25T11:05:55+01:00,[37],[0]
2026-01-25T11:15:55+01:00,[38],[0]
2026-01-25T11:25:55+01:00,[37],[0]
2026-01-25T10:46:33+01:00,[60],[0]
2026-01-25T10:56:31+01:00,[60],[0]
2026-01-25T11:06:32+01:00,[60],[0]
2026-01-25T11:16:33+01:00,[60],[0]
2026-01-25T11:26:32+01:00,[60],[0]
2026-01-25T11:56:33+01:00,[60],[0]
2026-01-25T12:06:33+01:00,[60],[0]
2026-01-25T12:16:31+01:00,[60],[0]
2026-01-25T11:55:56+01:00,[37],[0]
2026-01-25T12:05:56+01:00,[37],[0]
2026-01-25T12:15:54+01:00,[37],[0]
2026-01-25T12:25:55+01:00,[37],[0]
2026-01-25T12:45:55+01:00,[37],[0]
2026-01-25T12:55:56+01:00,[38],[0]
2026-01-25T12:26:32+01:00,[60],[0]
2026-01-25T12:46:32+01:00,[60],[0]
2026-01-25T12:56:34+01:00,[60],[0]
2026-01-25T13:06:32+01:00,[60],[0]
2026-01-25T13:16:32+01:00,[60],[0]
2026-01-25T13:26:33+01:00,[60],[0]
2026-01-25T13:36:32+01:00,[60],[0]
2026-01-25T13:46:32+01:00,[60],[0]
2026-01-25T13:56:33+01:00,[60],[0]
2026-01-25T14:06:32+01:00,[60],[0]
2026-01-25T13:05:55+01:00,[37],[0]
2026-01-25T13:15:55+01:00,[37],[0]
2026-01-25T13:25:55+01:00,[38],[0]
2026-01-25T13:35:55+01:00,[37],[0]
2026-01-25T13:45:55+01:00,[37],[0]
2026-01-25T13:55:56+01:00,[37],[0]
2026-01-25T14:05:55+01:00,[37],[0]
2026-01-25T14:15:55+01:00,[37],[0]
2026-01-25T14:16:32+01:00,[60],[0]
2026-01-25T14:27:00+01:00,"[60,60,60,60,60,60,60,60,60,60,60,60,60,60,60,60,60,60,60,60,60,60,60,60,60,60,60,60,60,60,60,60,60,60,60,60,60,60,60,60,60,60,60,60,60,60,60,60,60]","[0,0,0,0,0,0,0,0,0,0,0,0,0,0,0,0,0,0,0,0,0,0,0,0,0,0,0,0,0,0,0,0,0,0,0,0,0,0,0,0,0,0,0,0,0,0,0,0,0]"
2026-01-25T16:00:00+01:00,"[60,60,60,60,60,60,60,60,60,60,60,60,60,60,60,60,60,60,60,60,60,60,60,60,60,60,60,60,60,60,60,60,60,60,60,60,60,60,60,60,60,60,60,60,60,60,60,60,60,60,60,60,60,60,60,60,60,60,60,60,60,60,60,60,60,60,60,60,60,60,60,60,60,60,60,60]","[0,0,0,0,0,0,0,0,0,0,0,0,0,0,0,0,0,0,0,0,0,0,0,0,0,0,0,0,0,0,0,0,0,0,0,0,0,0,0,0,0,0,0,0,0,0,0,0,0,0,0,0,0,0,0,0,0,0,0,0,0,0,0,0,0,0,0,0,0,0,0,0,0,0,0,0]"
2026-01-25T17:00:00+01:00,[60],[0]
2026-01-25T17:16:00+01:00,"[60,60,60,60,60,60,60,60,60,60,60,60,60,60,60,60,60,60,60,60,60,60,60,60,60,60,60,60,60,60,60,60,60,60,60,60,60,60,60,60,60,60,60,60,60,60,60,60,60,60,60,60,60,60,60,60,60,60,60,60,60,60,60,60,60,60,60,60,60,60,60,60,60,60,60,60,60,60,60,60,60,60,60,60,60,60,60,60,60,60,60,60,60,60,60,60,60,60,60,60,60,60,60,60,60,60,60,60,60,60,60,60,60,60,60,60,60,60,60,60,60,60,60,60,60,60,60,60,60,60,60,60,60,60,60,60,60,60,60,60,60,60,60,60,60,60,60,60,60,60,60,60,60,60,60,60,60,60,60,60,60,60,60,60,60,60,60,60,60,60,60,60,60,60,60,60,60,60,60,60]","[0,0,0,0,0,0,0,0,0,0,0,0,0,0,0,0,0,0,0,0,0,0,0,0,0,0,0,0,0,0,0,0,0,0,0,0,0,0,0,0,0,0,0,0,0,0,0,0,0,0,0,0,0,0,0,0,0,0,0,0,0,0,0,0,0,0,0,0,0,0,0,0,0,0,0,0,0,0,0,0,0,0,0,0,0,0,0,0,0,0,0,0,0,0,0,0,0,0,0,0,0,0,0,0,0,0,0,0,0,0,0,0,0,0,0,0,0,0,0,0,0,0,0,0,0,0,0,0,0,0,0,0,0,0,0,0,0,0,0,0,0,0,0,0,0,0,0,0,0,0,0,0,0,0,0,0,0,0,0,0,0,0,0,0,0,0,0,0,0,0,0,0,0,0,0,0,0,0,0,0]"
2026-01-25T20:16:00+01:00,[60],[0]
2026-01-25T20:17:00+01:00,"[60,60,60,60,60,60,60,60,60,60,60,60,60,60,60,60,60,60,60,60,60,60,60,60,60,60,60,60,60,60,60,60,60,60,60,60,60,60,60,60,60,60,60,60,60,60,60,60,60,60,60,60,60,60,60,60,60,60,60,60,60,60,60,60,60,60,60,60,60,60,60,60,60,60,60,60,60,60,60,60,60,60,60,60,60,60,60,60,60,60,60,60,60,60,60,60,60,60,60,60,60,60,60,60,60,60,60,60,60,60,60,60,60,60,60,60,60,60,60,60,60,60,60,60,60,60,60,60,60,60,60,60,60,60,60,60,60,60,60,60,60,60,60,60,60,60,60,60,60,60,60,60,60,60,60,60,60,60,60,60,60,60,60,60,60,60,60,60,60,60,60,60,60,60,60,60,60,60,60,60]","[0,0,0,0,0,0,0,0,0,0,0,0,0,0,0,0,0,0,0,0,0,0,0,0,0,0,0,0,0,0,0,0,0,0,0,0,0,0,0,0,0,0,0,0,0,0,0,0,0,0,0,0,0,0,0,0,0,0,0,0,0,0,0,0,0,0,0,0,0,0,0,0,0,0,0,0,0,0,0,0,0,0,0,0,0,0,0,0,0,0,0,0,0,0,0,0,0,0,0,0,0,0,0,0,0,0,0,0,0,0,0,0,0,0,0,0,0,0,0,0,0,0,0,0,0,0,0,0,0,0,0,0,0,0,0,0,0,0,0,0,0,0,0,0,0,0,0,0,0,0,0,0,0,0,0,0,0,0,0,0,0,0,0,0,0,0,0,0,0,0,0,0,0,0,0,0,0,0,0,0]"
2026-01-25T23:17:00+01:00,"[60,60,60,60,60,60,60,60,60,60,60]","[0,0,0,0,0,0,0,0,0,0,0]"
2026-01-25T23:31:00+01:00,"[60,60,60,60,60,60,60,60,60,60,60,60,60,60,60,60,60,60,60,60,60,60,60,60,60,60,60,60,60,60,60,60,60,60,60,60,60,60]","[0,0,0,0,0,0,0,0,0,0,0,0,0,0,0,0,0,0,0,0,0,0,0,0,0,0,0,0,0,0,0,0,0,0,0,0,0,0]"
2026-01-26T03:05:56+01:00,[38],[0]
2026-01-26T03:15:55+01:00,[37],[0]
2026-01-26T03:25:56+01:00,[38],[0]
2026-01-26T03:35:55+01:00,[37],[0]
2026-01-26T03:45:55+01:00,[37],[0]
2026-01-26T03:55:56+01:00,[38],[0]
2026-01-26T04:05:56+01:00,[38],[0]
2026-01-26T04:15:56+01:00,[37],[0]
2026-01-26T04:25:55+01:00,[37],[0]
2026-01-26T04:35:55+01:00,[37],[0]
2026-01-26T04:45:55+01:00,[38],[0]
2026-01-26T04:55:55+01:00,[37],[0]
2026-01-26T03:06:34+01:00,[60],[0]
2026-01-26T03:16:32+01:00,[60],[0]
2026-01-26T03:26:34+01:00,[60],[0]
2026-01-26T03:36:32+01:00,[60],[0]
2026-01-26T03:46:32+01:00,[60],[0]
2026-01-26T03:56:34+01:00,[60],[0]
2026-01-26T04:06:34+01:00,[60],[0]
2026-01-26T04:16:33+01:00,[60],[0]
2026-01-26T04:26:32+01:00,[60],[0]
2026-01-26T04:36:32+01:00,[60],[0]
2026-01-26T04:46:33+01:00,[60],[0]
2026-01-26T04:56:32+01:00,[60],[0]
2026-01-26T03:17:32+01:00,[60],[0]
2026-01-26T05:16:33+01:00,[60],[0]
2026-01-26T05:26:32+01:00,[60],[0]
2026-01-26T03:18:32+01:00,[60],[0]
2026-01-26T03:27:34+01:00,[60],[0]
2026-01-26T03:37:32+01:00,[60],[0]
2026-01-26T03:47:32+01:00,[60],[0]
2026-01-26T03:57:34+01:00,[60],[0]
2026-01-26T04:07:34+01:00,[60],[0]
2026-01-26T04:17:33+01:00,[60],[0]
2026-01-26T04:27:32+01:00,[60],[0]
2026-01-26T04:37:32+01:00,[60],[0]
2026-01-26T04:47:33+01:00,[60],[0]
2026-01-26T04:57:32+01:00,[60],[0]
2026-01-26T05:07:32+01:00,[60],[0]
2026-01-26T05:17:33+01:00,[60],[0]
2026-01-26T05:27:32+01:00,[60],[0]
2026-01-26T05:37:34+01:00,[60],[0]
2026-01-26T05:47:33+01:00,[60],[0]
2026-01-26T05:57:32+01:00,[60],[0]
2026-01-26T06:07:32+01:00,[60],[0]
2026-01-26T06:17:32+01:00,[60],[0]
2026-01-26T03:19:32+01:00,[60],[0]
2026-01-26T03:28:34+01:00,[60],[0]
2026-01-26T03:38:32+01:00,[60],[0]
2026-01-26T03:48:32+01:00,[60],[0]
2026-01-26T03:58:34+01:00,[60],[0]
2026-01-26T04:08:34+01:00,[60],[0]
2026-01-26T04:18:33+01:00,[60],[0]
2026-01-26T04:28:32+01:00,[60],[0]
2026-01-26T04:38:32+01:00,[60],[0]
2026-01-26T04:48:33+01:00,[60],[0]
2026-01-26T04:58:32+01:00,[60],[0]
2026-01-26T05:08:32+01:00,[60],[0]
2026-01-26T05:18:33+01:00,[60],[0]
2026-01-26T05:28:32+01:00,[60],[0]
2026-01-26T05:38:34+01:00,[60],[0]
2026-01-26T05:48:33+01:00,[60],[0]
2026-01-26T05:58:32+01:00,[60],[0]
2026-01-26T06:08:32+01:00,[60],[0]
2026-01-26T06:18:32+01:00,[60],[0]
2026-01-26T03:20:32+01:00,[60],[0]
2026-01-26T03:29:34+01:00,[60],[0]
2026-01-26T03:39:32+01:00,[60],[0]
2026-01-26T03:49:32+01:00,[60],[0]
2026-01-26T03:59:34+01:00,[60],[0]
2026-01-26T04:09:34+01:00,[60],[0]
2026-01-26T04:19:33+01:00,[60],[0]
2026-01-26T04:29:32+01:00,[60],[0]
2026-01-26T04:39:32+01:00,[60],[0]
2026-01-26T04:49:33+01:00,[60],[0]
2026-01-26T04:59:32+01:00,[60],[0]
2026-01-26T05:09:32+01:00,[60],[0]
2026-01-26T05:19:33+01:00,[60],[0]
2026-01-26T05:29:32+01:00,[60],[0]
2026-01-26T05:39:34+01:00,[60],[0]
2026-01-26T05:49:33+01:00,[60],[0]
2026-01-26T05:59:32+01:00,[60],[0]
2026-01-26T06:09:32+01:00,[60],[0]
2026-01-26T06:19:32+01:00,[60],[0]
2026-01-26T05:05:55+01:00,[37],[0]
2026-01-26T05:06:32+01:00,[60],[0]
2026-01-26T05:15:56+01:00,[37],[0]
2026-01-26T05:25:55+01:00,[37],[0]
2026-01-26T05:35:56+01:00,[38],[0]
2026-01-26T05:45:56+01:00,[37],[0]
2026-01-26T05:55:55+01:00,[37],[0]
2026-01-26T06:05:55+01:00,[37],[0]
2026-01-26T06:15:55+01:00,[37],[0]
2026-01-26T06:25:55+01:00,[37],[0]
2026-01-26T06:35:56+01:00,[38],[0]
2026-01-26T06:45:55+01:00,[37],[0]
2026-01-26T07:15:55+01:00,[38],[0]
2026-01-26T07:35:56+01:00,[38],[0]
2026-01-26T07:55:54+01:00,[37],[0]
2026-01-26T08:05:56+01:00,[37],[0]
2026-01-26T05:36:34+01:00,[60],[0]
2026-01-26T05:46:33+01:00,[60],[0]
2026-01-26T05:56:32+01:00,[60],[0]
2026-01-26T06:06:32+01:00,[60],[0]
2026-01-26T06:16:32+01:00,[60],[0]
2026-01-26T06:26:32+01:00,[60],[0]
2026-01-26T06:36:34+01:00,[60],[0]
2026-01-26T06:46:32+01:00,[60],[0]
2026-01-26T07:16:33+01:00,[60],[0]
2026-01-26T07:36:34+01:00,[60],[0]
2026-01-26T07:56:31+01:00,[60],[0]
2026-01-26T08:06:33+01:00,[60],[0]
2026-01-26T08:16:34+01:00,[60],[0]
2026-01-26T08:26:31+01:00,[60],[0]
2026-01-26T06:27:32+01:00,[60],[0]
2026-01-26T06:37:34+01:00,[60],[0]
2026-01-26T06:47:32+01:00,[60],[0]
2026-01-26T07:17:33+01:00,[60],[0]
2026-01-26T07:37:34+01:00,[60],[0]
2026-01-26T07:57:31+01:00,[60],[0]
2026-01-26T08:07:33+01:00,[60],[0]
2026-01-26T08:17:34+01:00,[60],[0]
2026-01-26T08:27:31+01:00,[60],[0]
2026-01-26T08:47:34+01:00,[60],[0]
2026-01-26T08:57:32+01:00,[60],[0]
2026-01-26T09:07:34+01:00,[60],[0]
2026-01-26T06:28:32+01:00,[60],[0]
2026-01-26T06:38:34+01:00,[60],[0]
2026-01-26T06:48:32+01:00,[60],[0]
2026-01-26T07:18:33+01:00,[60],[0]
2026-01-26T07:38:34+01:00,[60],[0]
2026-01-26T07:58:31+01:00,[60],[0]
2026-01-26T08:08:33+01:00,[60],[0]
2026-01-26T08:18:34+01:00,[60],[0]
2026-01-26T08:28:31+01:00,[60],[0]
2026-01-26T08:48:34+01:00,[60],[0]
2026-01-26T08:58:32+01:00,[60],[0]
2026-01-26T09:08:34+01:00,[60],[0]
2026-01-26T06:29:32+01:00,[60],[0]
2026-01-26T06:39:34+01:00,[60],[0]
2026-01-26T06:49:32+01:00,[60],[0]
2026-01-26T07:19:33+01:00,[60],[0]
2026-01-26T07:39:34+01:00,[60],[0]
2026-01-26T07:59:31+01:00,[60],[0]
2026-01-26T08:09:33+01:00,[60],[0]
2026-01-26T08:19:34+01:00,[60],[0]
2026-01-26T08:29:31+01:00,[60],[0]
2026-01-26T08:49:34+01:00,[60],[0]
2026-01-26T08:59:32+01:00,[60],[0]
2026-01-26T09:09:34+01:00,[60],[0]
2026-01-24T07:15:54+01:00,[37],[0]
2026-01-24T07:25:55+01:00,[37],[0]
2026-01-24T07:35:56+01:00,[37],[0]
2026-01-24T07:45:55+01:00,[37],[0]
2026-01-24T08:05:55+01:00,[38],[0]
2026-01-24T08:15:56+01:00,[37],[0]
2026-01-24T08:25:55+01:00,[37],[0]
2026-01-24T08:35:55+01:00,[37],[0]
2026-01-24T08:07:33+01:00,[60],[0]
2026-01-24T08:55:56+01:00,[37],[0]
2026-01-24T09:05:55+01:00,[37],[0]
2026-01-24T09:15:55+01:00,[37],[0]
2026-01-24T09:25:56+01:00,[38],[0]
2026-01-24T09:35:54+01:00,[37],[0]
2026-01-24T09:45:54+01:00,[37],[0]
2026-01-24T09:55:56+01:00,[38],[0]
2026-01-24T10:05:54+01:00,[37],[0]
2026-01-24T10:15:54+01:00,[37],[0]
2026-01-24T10:25:55+01:00,[37],[0]
2026-01-24T09:16:32+01:00,[60],[0]
2026-01-24T09:26:34+01:00,[60],[0]
2026-01-24T09:36:31+01:00,[60],[0]
2026-01-24T09:46:31+01:00,[60],[0]
2026-01-24T09:56:34+01:00,[60],[0]
2026-01-24T10:06:31+01:00,[60],[0]
2026-01-24T10:16:31+01:00,[60],[0]
2026-01-24T10:26:32+01:00,[60],[0]
2026-01-24T10:36:32+01:00,[60],[0]
2026-01-24T10:46:32+01:00,[60],[0]
2026-01-24T10:56:34+01:00,[60],[0]
2026-01-24T11:06:34+01:00,[60],[0]
2026-01-24T11:16:31+01:00,[60],[0]
2026-01-24T11:26:32+01:00,[60],[0]
2026-01-24T11:36:32+01:00,[60],[0]
2026-01-24T11:46:31+01:00,[60],[0]
2026-01-24T11:56:32+01:00,[60],[0]
2026-01-24T12:06:32+01:00,[60],[0]
2026-01-24T10:35:55+01:00,[37],[0]
2026-01-24T10:45:55+01:00,[37],[0]
2026-01-24T10:55:56+01:00,[38],[0]
2026-01-24T11:05:56+01:00,[38],[0]
2026-01-24T11:15:54+01:00,[37],[0]
2026-01-24T11:25:55+01:00,[37],[0]
2026-01-24T11:35:55+01:00,[37],[0]
2026-01-24T11:45:54+01:00,[37],[0]
2026-01-24T11:55:55+01:00,[37],[0]
2026-01-24T12:05:55+01:00,[37],[0]
2026-01-24T12:15:55+01:00,[38],[0]
2026-01-24T12:25:55+01:00,[37],[0]
2026-01-24T12:35:56+01:00,[38],[0]
2026-01-24T12:45:56+01:00,[38],[0]
2026-01-24T12:55:55+01:00,[37],[0]
2026-01-24T12:16:33+01:00,[60],[0]
2026-01-24T12:26:32+01:00,[60],[0]
2026-01-24T12:36:34+01:00,[60],[0]
2026-01-24T12:46:34+01:00,[60],[0]
2026-01-24T12:56:32+01:00,[60],[0]
2026-01-24T13:06:32+01:00,[60],[0]
2026-01-24T13:16:31+01:00,[60],[0]
2026-01-24T13:26:32+01:00,[60],[0]
2026-01-24T13:36:32+01:00,[60],[0]
2026-01-24T13:46:32+01:00,[60],[0]
2026-01-24T13:56:33+01:00,[60],[0]
2026-01-24T14:06:33+01:00,[60],[0]
2026-01-24T14:16:34+01:00,[60],[0]
2026-01-24T14:36:34+01:00,[60],[0]
2026-01-24T14:46:32+01:00,[60],[0]
2026-01-24T14:56:32+01:00,[60],[0]
2026-01-24T15:06:32+01:00,[60],[0]
2026-01-24T13:05:55+01:00,[37],[0]
2026-01-24T13:15:54+01:00,[37],[0]
2026-01-24T13:25:55+01:00,[37],[0]
2026-01-24T13:35:55+01:00,[37],[0]
2026-01-24T13:45:55+01:00,[37],[0]
2026-01-24T13:55:55+01:00,[38],[0]
2026-01-24T14:05:55+01:00,[38],[0]
2026-01-24T14:15:56+01:00,[38],[0]
2026-01-24T14:35:56+01:00,[38],[0]
2026-01-24T14:45:55+01:00,[37],[0]
2026-01-24T14:55:55+01:00,[37],[0]
2026-01-24T15:05:55+01:00,[37],[0]
2026-01-24T15:15:56+01:00,[37],[0]
2026-01-24T15:25:55+01:00,[37],[0]
2026-01-24T15:35:55+01:00,[37],[0]
2026-01-24T15:45:55+01:00,[37],[0]
2026-01-24T15:16:33+01:00,[60],[0]
2026-01-24T15:26:32+01:00,[60],[0]
2026-01-24T15:36:32+01:00,[60],[0]
2026-01-24T15:46:32+01:00,[60],[0]
2026-01-24T16:46:00+01:00,"[60,60,60,60,60,60,60,60,60,60,60,60,60,60,60,60,60,60,60,60,60,60,60,60,60,60,60,60,60,60,60,60,60,60,60,60,60,60,60,60,60,60,60,60,60,60,60,60,60,60,60,60,60,60,60,60,60,60,60,60,60,60,60,60,60,60,60,60,60,60,60,60,60,60,60,60,60,60,60,60,60,60,60,60,60,60,60,60]","[0,0,0,0,0,0,0,0,0,0,0,0,0,0,0,0,0,0,0,0,0,0,0,0,0,0,0,0,0,0,0,0,0,0,0,0,0,0,0,0,0,0,0,0,0,0,0,0,0,0,0,0,0,0,0,0,0,0,0,0,0,0,0,0,0,0,0,0,0,0,0,0,0,0,0,0,0,0,0,0,0,0,0,0,0,0,0,0]"
2026-01-24T17:00:00+01:00,[60],[0]
2026-01-24T18:15:00+01:00,"[60,60,60,60,60,60,60,60,60,60,60,60,60,60,60,60,60,60,60,60,60,60,60,60,60,60,60,60,60,60,60,60,60,60,60,60,60,60,60,60,60,60,60,60,60,60,60,60,60,60,60,60,60,60,60,60,60,60,60,60,60,60,60,60,60,60,60,60,60,60,60,60,60,60,60,60,60,60,60,60,60,60,60,60,60,60,60,60,60,60,60,60,60,60,60,60,60,60,60,60,60,60,60,60,60,60,60,60,60,60,60,60,60,60,60,60,60,60,60,60,60,60,60,60,60,60,60,60,60,60,60,60,60,60,60,60,60,60,60,60,60,60,60,60,60,60,60,60,60,60,60,60,60,60,60,60,60,60,60,60,60,60,60,60,60,60,60,60,60,60,60,60,60,60,60,60,60,60,60,60]","[0,0,0,0,0,0,0,0,0,0,0,0,0,0,0,0,0,0,0,0,0,0,0,0,0,0,0,0,0,0,0,0,0,0,0,0,0,0,0,0,0,0,0,0,0,0,0,0,0,0,0,0,0,0,0,0,0,0,0,0,0,0,0,0,0,0,0,0,0,0,0,0,0,0,0,0,0,0,0,0,0,0,0,0,0,0,0,0,0,0,0,0,0,0,0,0,0,0,0,0,0,0,0,0,0,0,0,0,0,0,0,0,0,0,0,0,0,0,0,0,0,0,0,0,0,0,0,0,0,0,0,0,0,0,0,0,0,0,0,0,0,0,0,0,0,0,0,0,0,0,0,0,0,0,0,0,0,0,0,0,0,0,0,0,0,0,0,0,0,0,0,0,0,0,0,0,0,0,0,0]"
2026-01-24T21:15:00+01:00,"[60,60,60,60,60,60,60,60,60,60,60,60,60,60,60,60,60,60,60,60,60,60,60,60,60,60,60,60,60,60,60,60,60,60,60,60,60,60,60,60,60,60,60,60,60,60,60,60,60,60,60,60,60,60,60,60,60,60,60,60,60,60,60,60,60,60,60,60,60,60,60,60,60,60,60,60,60,60,60,60,60,60,60,60,60,60,60,60,60,60,60,60,60,60,60,60,60,60,60,60,60,60,60,60,60,60,60,60,60,60,60,60,60,60,60,60,60,60,60,60,60,60,60,60,60,60,60,60,60,60,60,60,60]","[0,0,0,0,0,0,0,0,0,0,0,0,0,0,0,0,0,0,0,0,0,0,0,0,0,0,0,0,0,0,0,0,0,0,0,0,0,0,0,0,0,0,0,0,0,0,0,0,0,0,0,0,0,0,0,0,0,0,0,0,0,0,0,0,0,0,0,0,0,0,0,0,0,0,0,0,0,0,0,0,0,0,0,0,0,0,0,0,0,0,0,0,0,0,0,0,0,0,0,0,0,0,0,0,0,0,0,0,0,0,0,0,0,0,0,0,0,0,0,0,0,0,0,0,0,0,0,0,0,0,0,0,0]"
2026-01-24T23:31:00+01:00,"[60,60,60,60,60,60,60,60,60,60,60,60,60,60,60,60,60,60,60,60,60,60]","[0,0,0,0,0,0,0,0,0,0,0,0,0,0,0,0,0,0,0,0,0,0]"
2026-01-25T00:06:32+01:00,[60],[0]
2026-01-25T00:05:55+01:00,[37],[0]
2026-01-25T00:15:55+01:00,[37],[0]
2026-01-25T00:25:55+01:00,[37],[0]
2026-01-25T00:35:55+01:00,[37],[0]
2026-01-25T00:45:55+01:00,[37],[0]
2026-01-25T00:55:56+01:00,[38],[0]
2026-01-25T01:05:55+01:00,[37],[0]
2026-01-25T01:15:55+01:00,[37],[0]
2026-01-25T01:25:56+01:00,[38],[0]
2026-01-25T00:16:32+01:00,[60],[0]
2026-01-25T00:26:32+01:00,[60],[0]
2026-01-25T00:36:32+01:00,[60],[0]
2026-01-25T00:46:32+01:00,[60],[0]
2026-01-25T00:56:34+01:00,[60],[0]
2026-01-25T01:06:32+01:00,[60],[0]
2026-01-25T01:16:32+01:00,[60],[0]
2026-01-25T01:26:34+01:00,[60],[0]
2026-01-25T01:36:31+01:00,[60],[0]
2026-01-25T01:46:33+01:00,[60],[0]
2026-01-25T02:06:31+01:00,[60],[0]
2026-01-25T02:28:32+01:00,[60],[0]
2026-01-25T02:36:32+01:00,[60],[0]
2026-01-25T02:46:31+01:00,[60],[0]
2026-01-25T02:57:14+01:00,[60],[0]
2026-01-25T03:06:32+01:00,[60],[0]
2026-01-25T01:17:32+01:00,[60],[0]
2026-01-25T01:35:54+01:00,[37],[0]
2026-01-25T01:45:56+01:00,[37],[0]
2026-01-25T02:05:54+01:00,[37],[0]
2026-01-25T02:27:54+01:00,[38],[0]
2026-01-25T02:35:55+01:00,[37],[0]
2026-01-25T02:45:54+01:00,[37],[0]
2026-01-25T02:56:36+01:00,[38],[0]
2026-01-25T03:05:55+01:00,[37],[0]
2026-01-25T03:15:55+01:00,[37],[0]
2026-01-25T03:25:55+01:00,[37],[0]
2026-01-25T03:35:55+01:00,[37],[0]
2026-01-25T03:45:56+01:00,[38],[0]
2026-01-25T03:55:55+01:00,[37],[0]
2026-01-25T04:05:55+01:00,[37],[0]
2026-01-25T04:15:55+01:00,[37],[0]
2026-01-25T04:25:56+01:00,[38],[0]
2026-01-25T04:35:55+01:00,[38],[0]
2026-01-25T04:45:55+01:00,[37],[0]
2026-01-25T04:55:56+01:00,[38],[0]
2026-01-25T05:05:55+01:00,[37],[0]
2026-01-25T05:15:56+01:00,[38],[0]
2026-01-25T05:25:55+01:00,[37],[0]
2026-01-25T05:35:55+01:00,[37],[0]
2026-01-25T03:16:32+01:00,[60],[0]
2026-01-25T03:26:32+01:00,[60],[0]
2026-01-25T03:36:32+01:00,[60],[0]
2026-01-25T03:46:34+01:00,[60],[0]
2026-01-25T03:56:32+01:00,[60],[0]
2026-01-25T04:06:32+01:00,[60],[0]
2026-01-25T04:16:32+01:00,[60],[0]
2026-01-25T04:26:34+01:00,[60],[0]
2026-01-25T04:36:33+01:00,[60],[0]
2026-01-25T04:46:32+01:00,[60],[0]
2026-01-25T04:56:34+01:00,[60],[0]
2026-01-25T05:06:32+01:00,[60],[0]
2026-01-25T05:16:34+01:00,[60],[0]
2026-01-25T05:26:32+01:00,[60],[0]
2026-01-25T05:36:32+01:00,[60],[0]
2026-01-25T05:46:32+01:00,[60],[0]
2026-01-25T05:56:33+01:00,[60],[0]
2026-01-25T06:06:32+01:00,[60],[0]
2026-01-25T03:47:34+01:00,[60],[0]
2026-01-25T05:45:55+01:00,[37],[0]
2026-01-25T05:55:56+01:00,[37],[0]
2026-01-25T06:05:55+01:00,[37],[0]
2026-01-25T06:15:56+01:00,[38],[0]
2026-01-25T06:25:56+01:00,[37],[0]
2026-01-25T06:35:55+01:00,[37],[0]
2026-01-25T06:45:55+01:00,[37],[0]
2026-01-25T06:55:55+01:00,[37],[0]
2026-01-25T07:05:55+01:00,[37],[0]
2026-01-25T06:16:34+01:00,[60],[0]
2026-01-25T06:26:33+01:00,[60],[0]
2026-01-25T06:36:32+01:00,[60],[0]
2026-01-25T06:46:32+01:00,[60],[0]
2026-01-25T06:56:32+01:00,[60],[0]
2026-01-25T07:06:32+01:00,[60],[0]
2026-01-23T07:15:55+01:00,[37],[0]
2026-01-23T07:25:55+01:00,[38],[0]
2026-01-23T07:35:55+01:00,[37],[0]
2026-01-23T07:45:55+01:00,[37],[0]
2026-01-23T07:55:56+01:00,[37],[0]
2026-01-23T08:05:55+01:00,[37],[0]
2026-01-23T08:15:55+01:00,[37],[0]
2026-01-23T08:25:55+01:00,[37],[0]
2026-01-23T08:35:55+01:00,[37],[0]
2026-01-23T07:26:33+01:00,[60],[0]
2026-01-23T07:36:32+01:00,[60],[0]
2026-01-23T07:46:32+01:00,[60],[0]
2026-01-23T07:56:33+01:00,[60],[0]
2026-01-23T08:06:32+01:00,[60],[0]
2026-01-23T08:16:32+01:00,[60],[0]
2026-01-23T08:26:32+01:00,[60],[0]
2026-01-23T08:36:32+01:00,[60],[0]
2026-01-23T08:46:32+01:00,[60],[0]
2026-01-23T08:56:32+01:00,[60],[0]
2026-01-23T09:06:34+01:00,[60],[0]
2026-01-23T09:16:32+01:00,[60],[0]
2026-01-23T09:26:34+01:00,[60],[0]
2026-01-23T09:36:31+01:00,[60],[0]
2026-01-23T09:46:34+01:00,[60],[0]
2026-01-23T09:56:33+01:00,[60],[0]
2026-01-23T10:06:32+01:00,[60],[0]
2026-01-23T10:16:34+01:00,[60],[0]
2026-01-23T08:45:55+01:00,[37],[0]
2026-01-23T08:55:55+01:00,[37],[0]
2026-01-23T09:05:56+01:00,[38],[0]
2026-01-23T09:15:55+01:00,[37],[0]
2026-01-23T09:25:56+01:00,[38],[0]
2026-01-23T09:35:54+01:00,[37],[0]
2026-01-23T09:45:56+01:00,[38],[0]
2026-01-23T09:55:56+01:00,[37],[0]
2026-01-23T10:05:55+01:00,[37],[0]
2026-01-23T10:15:56+01:00,[38],[0]
2026-01-23T10:25:55+01:00,[37],[0]
2026-01-23T10:35:56+01:00,[38],[0]
2026-01-23T10:45:56+01:00,[38],[0]
2026-01-23T10:55:56+01:00,[38],[0]
2026-01-23T11:05:55+01:00,[37],[0]
2026-01-23T11:15:55+01:00,[37],[0]
2026-01-23T10:26:32+01:00,[60],[0]
2026-01-23T10:36:34+01:00,[60],[0]
2026-01-23T10:46:34+01:00,[60],[0]
2026-01-23T10:56:34+01:00,[60],[0]
2026-01-23T11:06:32+01:00,[60],[0]
2026-01-23T11:16:32+01:00,[60],[0]
2026-01-23T11:36:34+01:00,[60],[0]
2026-01-23T11:46:33+01:00,[60],[0]
2026-01-23T11:56:32+01:00,[60],[0]
2026-01-23T12:06:32+01:00,[60],[0]
2026-01-23T11:35:56+01:00,[38],[0]
2026-01-23T11:45:56+01:00,[37],[0]
2026-01-23T11:55:55+01:00,[37],[0]
2026-01-23T12:05:55+01:00,[37],[0]
2026-01-23T12:15:55+01:00,[37],[0]
2026-01-23T12:25:56+01:00,[38],[0]
2026-01-23T12:07:32+01:00,[60],[0]
2026-01-23T12:16:32+01:00,[60],[0]
2026-01-23T12:26:34+01:00,[60],[0]
2026-01-23T12:36:32+01:00,[60],[0]
2026-01-23T12:46:31+01:00,[60],[0]
2026-01-23T12:56:33+01:00,[60],[0]
2026-01-23T13:06:32+01:00,[60],[0]
2026-01-23T13:16:32+01:00,[60],[0]
2026-01-23T13:26:32+01:00,[60],[0]
2026-01-23T13:36:32+01:00,[60],[0]
2026-01-23T13:46:31+01:00,[60],[0]
2026-01-23T13:56:32+01:00,[60],[0]
2026-01-23T14:06:32+01:00,[60],[0]
2026-01-23T14:26:34+01:00,[60],[0]
2026-01-23T14:36:32+01:00,[60],[0]
2026-01-23T14:46:32+01:00,[60],[0]
2026-01-23T14:56:32+01:00,[60],[0]
2026-01-23T12:35:55+01:00,[37],[0]
2026-01-23T12:45:54+01:00,[37],[0]
2026-01-23T12:55:56+01:00,[37],[0]
2026-01-23T13:05:55+01:00,[37],[0]
2026-01-23T13:15:55+01:00,[37],[0]
2026-01-23T13:25:55+01:00,[37],[0]
2026-01-23T13:35:55+01:00,[37],[0]
2026-01-23T13:45:54+01:00,[37],[0]
2026-01-23T13:55:55+01:00,[37],[0]
2026-01-23T14:05:55+01:00,[37],[0]
2026-01-23T14:25:56+01:00,[38],[0]
2026-01-23T14:35:55+01:00,[37],[0]
2026-01-23T14:45:55+01:00,[37],[0]
2026-01-23T14:55:55+01:00,[37],[0]
2026-01-23T15:05:54+01:00,[37],[0]
2026-01-23T15:06:31+01:00,[60],[0]
2026-01-23T15:58:00+01:00,"[60,60,60,60,60,60,60,60,60,60,60,60,60,60,60,60,60,60,60,60,60,60,60,60,60,60,60,60,60,60,60,60,60,60,60,60,60,60,60,60,60,60,60,60,60,60,60,60,60,60,60,60,60,60,60,60,60,60,60,60,60,60,60,60,60,60,60,60,60,60,60,60,60,60,60,60,60,60,60,60,60,60,60,60,60,60,60,60,60,60,60,60,60,60,60,60,60,60,60,60,60,60,60,60,60,60,60,60,60,60,60,60,60,60,60,60,60,60,60,60,60,60,60,60,60,60,60,60]","[0,0,0,0,0,0,0,0,0,0,0,0,0,0,0,0,0,0,0,0,0,0,0,0,0,0,0,0,0,0,0,0,0,0,0,0,0,0,0,0,0,0,0,0,0,0,0,0,0,0,0,0,0,0,0,0,0,0,0,0,0,0,0,0,0,0,0,0,0,0,0,0,0,0,0,0,0,0,0,0,0,0,0,0,0,0,0,0,0,0,0,0,0,0,0,0,0,0,0,0,0,0,0,0,0,0,0,0,0,0,0,0,0,0,0,0,0,0,0,0,0,0,0,0,0,0,0,0]"
2026-01-23T17:00:00+01:00,[60],[0]
2026-01-23T18:06:00+01:00,"[60,60,60,60,60,60,60,60,60,60,60,60,60,60,60,60,60,60,60,60,60,60,60,60,60,60,60,60,60,60,60,60,60,60,60,60,60,60,60,60,60,60,60,60,60,60,60,60,60,60,60,60,60,60,60,60,60,60,60,60,60,60,60,60,60,60,60,60,60,60,60,60,60,60,60,60,60,60,60,60,60,60,60,60,60,60,60,60,60,60,60,60,60,60,60,60,60,60,60,60,60,60,60,60,60,60,60,60,60,60,60,60,60,60,60,60,60,60,60,60,60,60,60,60,60,60,60,60,60,60,60,60,60,60,60,60,60,60,60,60,60,60,60,60,60,60,60,60,60,60,60,60,60,60,60,60,60,60,60,60,60,60,60,60,60,60,60,60,60,60,60,60,60,60,60,60,60,60,60,60]","[0,0,0,0,0,0,0,0,0,0,0,0,0,0,0,0,0,0,0,0,0,0,0,0,0,0,0,0,0,0,0,0,0,0,0,0,0,0,0,0,0,0,0,0,0,0,0,0,0,0,0,0,0,0,0,0,0,0,0,0,0,0,0,0,0,0,0,0,0,0,0,0,0,0,0,0,0,0,0,0,0,0,0,0,0,0,0,0,0,0,0,0,0,0,0,0,0,0,0,0,0,0,0,0,0,0,0,0,0,0,0,0,0,0,0,0,0,0,0,0,0,0,0,0,0,0,0,0,0,0,0,0,0,0,0,0,0,0,0,0,0,0,0,0,0,0,0,0,0,0,0,0,0,0,0,0,0,0,0,0,0,0,0,0,0,0,0,0,0,0,0,0,0,0,0,0,0,0,0,0]"
2026-01-23T21:06:00+01:00,[60],[0]
2026-01-23T21:07:00+01:00,"[60,60,60,60,60,60,60,60,60,60,60,60,60,60,60,60,60,60,60,60,60,60,60,60,60,60,60,60,60,60,60,60,60,60,60,60,60,60,60,60,60,60,60,60,60,60,60,60,60,60,60,60,60,60,60,60,60,60,60,60,60,60,60,60,60,60,60,60,60,60,60,60,60,60,60,60,60,60,60,60,60,60,60,60,60,60,60,60,60,60,60,60,60,60,60,60,60,60,60,60,60,60,60,60,60,60,60,60,60,60,60,60,60,60,60,60,60,60,60]","[0,0,0,0,0,0,0,0,0,0,0,0,0,0,0,0,0,0,0,0,0,0,0,0,0,0,0,0,0,0,0,0,0,0,0,0,0,0,0,0,0,0,0,0,0,0,0,0,0,0,0,0,0,0,0,0,0,0,0,0,0,0,0,0,0,0,0,0,0,0,0,0,0,0,0,0,0,0,0,0,0,0,0,0,0,0,0,0,0,0,0,0,0,0,0,0,0,0,0,0,0,0,0,0,0,0,0,0,0,0,0,0,0,0,0,0,0,0,0]"
2026-01-23T23:11:00+01:00,"[60,60,60,60,60,60,60,60,60,60,60,60,60,60,60,60,60,60,60,60,60,60,60,60,60,60,60,60,60,60,60,60,60,60,60,60,60,60,60,60,60,60,60,60]","[0,0,0,0,0,0,0,0,0,0,0,0,0,0,0,0,0,0,0,0,0,0,0,0,0,0,0,0,0,0,0,0,0,0,0,0,0,0,0,0,0,0,0,0]"
2026-01-24T02:05:55+01:00,[37],[0]
2026-01-24T02:15:55+01:00,[37],[0]
2026-01-24T02:35:54+01:00,[37],[0]
2026-01-24T02:45:54+01:00,[37],[0]
2026-01-24T02:55:54+01:00,[37],[0]
2026-01-24T03:05:56+01:00,[38],[0]
2026-01-24T02:06:32+01:00,[60],[0]
2026-01-24T02:16:32+01:00,[60],[0]
2026-01-24T02:36:31+01:00,[60],[0]
2026-01-24T02:46:31+01:00,[60],[0]
2026-01-24T02:56:31+01:00,[60],[0]
2026-01-24T03:06:34+01:00,[60],[0]
2026-01-24T03:16:34+01:00,[60],[0]
2026-01-24T03:26:34+01:00,[60],[0]
2026-01-24T03:36:31+01:00,[60],[0]
2026-01-24T03:46:34+01:00,[60],[0]
2026-01-24T03:56:34+01:00,[60],[0]
2026-01-24T04:06:32+01:00,[60],[0]
2026-01-24T04:16:34+01:00,[60],[0]
2026-01-24T04:26:32+01:00,[60],[0]
2026-01-24T04:36:31+01:00,[60],[0]
2026-01-24T04:46:32+01:00,[60],[0]
2026-01-24T04:56:31+01:00,[60],[0]
2026-01-24T03:15:56+01:00,[38],[0]
2026-01-24T03:25:56+01:00,[38],[0]
2026-01-24T03:35:54+01:00,[37],[0]
2026-01-24T03:45:56+01:00,[38],[0]
2026-01-24T03:55:56+01:00,[38],[0]
2026-01-24T04:05:55+01:00,[37],[0]
2026-01-24T04:15:56+01:00,[38],[0]
2026-01-24T04:25:55+01:00,[37],[0]
2026-01-24T04:35:54+01:00,[37],[0]
2026-01-24T04:45:55+01:00,[37],[0]
2026-01-24T04:55:54+01:00,[37],[0]
2026-01-24T05:05:54+01:00,[37],[0]
2026-01-24T05:15:55+01:00,[37],[0]
2026-01-24T05:25:56+01:00,[38],[0]
2026-01-24T05:45:54+01:00,[37],[0]
2026-01-24T06:05:55+01:00,[38],[0]
2026-01-24T03:57:34+01:00,[60],[0]
2026-01-24T05:06:31+01:00,[60],[0]
2026-01-24T05:16:32+01:00,[60],[0]
2026-01-24T05:26:34+01:00,[60],[0]
2026-01-24T05:46:31+01:00,[60],[0]
2026-01-24T06:06:33+01:00,[60],[0]
2026-01-24T06:15:56+01:00,[38],[0]
2026-01-24T06:25:54+01:00,[37],[0]
2026-01-24T06:35:55+01:00,[38],[0]
2026-01-24T06:45:54+01:00,[37],[0]
2026-01-24T06:16:34+01:00,[60],[0]
2026-01-24T06:26:31+01:00,[60],[0]
2026-01-24T06:36:33+01:00,[60],[0]
2026-01-24T06:46:31+01:00,[60],[0]
2026-01-24T07:16:31+01:00,[60],[0]
2026-01-24T07:26:32+01:00,[60],[0]
2026-01-24T07:36:33+01:00,[60],[0]
2026-01-24T07:46:32+01:00,[60],[0]
2026-01-24T08:06:33+01:00,[60],[0]
2026-01-24T08:16:33+01:00,[60],[0]
2026-01-24T08:26:32+01:00,[60],[0]
2026-01-24T08:36:32+01:00,[60],[0]
2026-01-24T08:56:33+01:00,[60],[0]
2026-01-24T09:06:32+01:00,[60],[0]
2026-01-22T07:47:32+01:00,[60],[0]
2026-01-22T07:55:56+01:00,[38],[0]
2026-01-22T08:05:55+01:00,[37],[0]
2026-01-22T08:15:55+01:00,[38],[0]
2026-01-22T08:25:55+01:00,[37],[0]
2026-01-22T08:35:55+01:00,[37],[0]
2026-01-22T08:45:55+01:00,[37],[0]
2026-01-22T08:55:55+01:00,[37],[0]
2026-01-22T09:05:55+01:00,[37],[0]
2026-01-22T09:15:55+01:00,[37],[0]
2026-01-22T09:25:54+01:00,[37],[0]
2026-01-22T09:35:55+01:00,[37],[0]
2026-01-22T09:45:56+01:00,[38],[0]
2026-01-22T09:55:55+01:00,[37],[0]
2026-01-22T10:05:55+01:00,[37],[0]
2026-01-22T10:15:55+01:00,[38],[0]
2026-01-22T10:25:55+01:00,[37],[0]
2026-01-22T10:35:55+01:00,[37],[0]
2026-01-22T10:45:54+01:00,[37],[0]
2026-01-22T11:06:09+01:00,[37],[0]
2026-01-22T11:15:56+01:00,[37],[0]
2026-01-22T11:35:55+01:00,[38],[0]
2026-01-22T11:45:55+01:00,[37],[0]
2026-01-22T11:55:55+01:00,[37],[0]
2026-01-22T09:16:32+01:00,[60],[0]
2026-01-22T09:26:31+01:00,[60],[0]
2026-01-22T09:36:32+01:00,[60],[0]
2026-01-22T09:46:34+01:00,[60],[0]
2026-01-22T09:56:32+01:00,[60],[0]
2026-01-22T10:06:32+01:00,[60],[0]
2026-01-22T10:16:33+01:00,[60],[0]
2026-01-22T10:26:32+01:00,[60],[0]
2026-01-22T10:36:32+01:00,[60],[0]
2026-01-22T10:46:31+01:00,[60],[0]
2026-01-22T11:06:46+01:00,[60],[0]
2026-01-22T11:16:33+01:00,[60],[0]
2026-01-22T11:36:33+01:00,[60],[0]
2026-01-22T11:46:32+01:00,[60],[0]
2026-01-22T11:56:32+01:00,[60],[0]
2026-01-22T12:06:32+01:00,[60],[0]
2026-01-22T12:05:55+01:00,[37],[0]
2026-01-22T12:15:56+01:00,[38],[0]
2026-01-22T12:25:55+01:00,[37],[0]
2026-01-22T12:35:56+01:00,[37],[0]
2026-01-22T12:45:56+01:00,[38],[0]
2026-01-22T12:55:56+01:00,[37],[0]
2026-01-22T13:05:55+01:00,[37],[0]
2026-01-22T13:15:54+01:00,[37],[0]
2026-01-22T12:16:34+01:00,[60],[0]
2026-01-22T12:26:32+01:00,[60],[0]
2026-01-22T12:36:33+01:00,[60],[0]
2026-01-22T12:46:34+01:00,[60],[0]
2026-01-22T12:56:33+01:00,[60],[0]
2026-01-22T13:06:32+01:00,[60],[0]
2026-01-22T13:16:31+01:00,[60],[0]
2026-01-22T13:26:31+01:00,[60],[0]
2026-01-22T13:36:32+01:00,[60],[0]
2026-01-22T13:46:32+01:00,[60],[0]
2026-01-22T13:56:33+01:00,[60],[0]
2026-01-22T14:06:34+01:00,[60],[0]
2026-01-22T14:16:32+01:00,[60],[0]
2026-01-22T14:26:32+01:00,[60],[0]
2026-01-22T14:36:32+01:00,[60],[0]
2026-01-22T14:46:32+01:00,[60],[0]
2026-01-22T14:56:32+01:00,[60],[0]
2026-01-22T15:06:32+01:00,[60],[0]
2026-01-22T13:25:54+01:00,[37],[0]
2026-01-22T13:35:55+01:00,[37],[0]
2026-01-22T13:45:55+01:00,[37],[0]
2026-01-22T13:55:56+01:00,[37],[0]
2026-01-22T14:05:56+01:00,[38],[0]
2026-01-22T14:15:55+01:00,[37],[0]
2026-01-22T14:25:55+01:00,[37],[0]
2026-01-22T14:35:55+01:00,[37],[0]
2026-01-22T14:45:55+01:00,[37],[0]
2026-01-22T14:55:55+01:00,[37],[0]
2026-01-22T15:05:55+01:00,[37],[0]
2026-01-22T15:15:56+01:00,[38],[0]
2026-01-22T15:25:55+01:00,[37],[0]
2026-01-22T15:35:55+01:00,[38],[0]
2026-01-22T15:16:34+01:00,[60],[0]
2026-01-22T15:26:32+01:00,[60],[0]
2026-01-22T15:36:33+01:00,[60],[0]
2026-01-22T15:40:00+01:00,"[60,60,60,60,60,60,60,60,60,60,60,60,60,60,60,60,60,60,60,60,60,60,60,60,60,60,60,60,60,60,60,60,60,60,60,60,60,60,60,60,60,60,60,60,60,60,60,60,60,60,60,60,60,60,60,60,60,60,60,60,60,60,60,60,60,60,60,60,60,60,60,60,60,60,60,60,60,60,60,60,60,60,60,60,60,60,60,60,60,60,60,60,60,60,60,60,60,60,60,60,60,60,60,60,60,60,60,60,60,60,60,60,60,60,60,60,60,60,60,60,60,60,60,60,60,60,60,60,60,60,60,60,60,60,60,60,60,60,60,60,60,60,60,60,60,60,60,60,60,60]","[0,0,0,0,0,0,0,0,0,0,0,0,0,0,0,0,0,0,0,0,0,0,0,0,0,0,0,0,0,0,0,0,0,0,0,0,0,0,0,0,0,0,0,0,0,0,0,0,0,0,0,0,0,0,0,0,0,0,0,0,0,0,0,0,0,0,0,0,0,0,0,0,0,0,0,0,0,0,0,0,0,0,0,0,0,0,0,0,0,0,0,0,0,0,0,0,0,0,0,0,0,0,0,0,0,0,0,0,0,0,0,0,0,0,0,0,0,0,0,0,0,0,0,0,0,0,0,0,0,0,0,0,0,0,0,0,0,0,0,0,0,0,0,0,0,0,0,0,0,0]"
2026-01-22T17:00:00+01:00,[60],[0]
2026-01-22T18:11:00+01:00,"[60,60,60,60,60,60,60,60,60,60,60,60,60,60,60,60,60,60,60,60,60,60,60,60,60,60,60,60,60,60,60,60,60,60,60,60,60,60,60,60,60,60,60,60,60,60,60,60,60,60,60,60,60,60,60,60,60,60,60,60,60,60,60,60,60,60,60,60,60,60,60,60,60,60,60,60,60,60,60,60,60,60,60,60,60,60,60,60,60,60,60,60,60,60,60,60,60,60,60,60,60,60,60,60,60,60,60,60,60,60,60,60,60,60,60,60,60,60,60,60,60,60,60,60,60,60,60,60,60,60,60,60,60,60,60,60,60,60,60,60,60,60,60,60,60,60,60,60,60,60,60,60,60,60,60,60,60,60,60,60,60,60,60,60,60,60,60,60,60,60,60,60,60,60,60,60,60,60,60,60]","[0,0,0,0,0,0,0,0,0,0,0,0,0,0,0,0,0,0,0,0,0,0,0,0,0,0,0,0,0,0,0,0,0,0,0,0,0,0,0,0,0,0,0,0,0,0,0,0,0,0,0,0,0,0,0,0,0,0,0,0,0,0,0,0,0,0,0,0,0,0,0,0,0,0,0,0,0,0,0,0,0,0,0,0,0,0,0,0,0,0,0,0,0,0,0,0,0,0,0,0,0,0,0,0,0,0,0,0,0,0,0,0,0,0,0,0,0,0,0,0,0,0,0,0,0,0,0,0,0,0,0,0,0,0,0,0,0,0,0,0,0,0,0,0,0,0,0,0,0,0,0,0,0,0,0,0,0,0,0,0,0,0,0,0,0,0,0,0,0,0,0,0,0,0,0,0,0,0,0,0]"
2026-01-22T21:11:00+01:00,"[60,60,60,60,60,60,60,60,60,60,60,60,60,60,60,60,60,60,60,60,60,60,60,60,60,60,60,60,60,60,60,60,60,60,60,60,60,60,60,60,60,60,60,60,60,60,60,60,60,60,60,60,60,60,60,60,60,60,60,60,60,60,60,60,60,60,60,60,60,60,60,60,60,60,60,60,60,60,60,60,60,60,60,60,60,60,60,60,60,60,60,60,60,60,60,60,60,60,60,60,60,60,60,60,60,60,60,60,60,60,60,60,60,60,60,60,60,60,60,60,60,60,60,60,60,60,60,60,60,60,60,60,60,60,60,60,60,60,60,60,60,60]","[0,0,0,0,0,0,0,0,0,0,0,0,0,0,0,0,0,0,0,0,0,0,0,0,0,0,0,0,0,0,0,0,0,0,0,0,0,0,0,0,0,0,0,0,0,0,0,0,0,0,0,0,0,0,0,0,0,0,0,0,0,0,0,0,0,0,0,0,0,0,0,0,0,0,0,0,0,0,0,0,0,0,0,0,0,0,0,0,0,0,0,0,0,0,0,0,0,0,0,0,0,0,0,0,0,0,0,0,0,0,0,0,0,0,0,0,0,0,0,0,0,0,0,0,0,0,0,0,0,0,0,0,0,0,0,0,0,0,0,0,0,0]"
2026-01-22T23:46:31+01:00,[60],[0]
2026-01-23T00:08:23+01:00,[60],[0]
2026-01-22T23:33:00+01:00,[60],[0]
2026-01-22T23:45:54+01:00,[37],[0]
2026-01-22T23:51:18+01:00,[1],[0]
2026-01-22T23:51:48+01:00,"[30,26,30,30,30,30,22,30,30,30,30,28,30,30]","[0,0,0,0,0,0,0,0,0,0,0,0,0,0]"
2026-01-22T23:59:04+01:00,"[30,22,30,30,30,25,17,30,30,30,30,22,30,30,30,30,22]","[0,0,0,0,0,0,0,0,0,0,0,0,0,0,0,0,0]"
2026-01-23T00:06:30+01:00,[22],[0]
2026-01-23T00:07:46+01:00,[37],[0]
2026-01-23T00:15:55+01:00,[38],[0]
2026-01-23T00:25:56+01:00,[38],[0]
2026-01-23T00:35:55+01:00,[38],[0]
2026-01-23T00:45:54+01:00,[37],[0]
2026-01-23T01:05:56+01:00,[38],[0]
2026-01-23T01:15:55+01:00,[37],[0]
2026-01-23T00:16:33+01:00,[60],[0]
2026-01-23T00:26:34+01:00,[60],[0]
2026-01-23T00:36:33+01:00,[60],[0]
2026-01-23T00:46:31+01:00,[60],[0]
2026-01-23T01:06:34+01:00,[60],[0]
2026-01-23T01:16:32+01:00,[60],[0]
2026-01-23T01:25:55+01:00,[37],[0]
2026-01-23T01:35:54+01:00,[37],[0]
2026-01-23T01:45:55+01:00,[37],[0]
2026-01-23T01:55:55+01:00,[37],[0]
2026-01-23T02:05:55+01:00,[37],[0]
2026-01-23T02:15:55+01:00,[37],[0]
2026-01-23T02:25:56+01:00,[38],[0]
2026-01-23T02:35:55+01:00,[37],[0]
2026-01-23T02:45:57+01:00,[38],[0]
2026-01-23T03:05:55+01:00,[37],[0]
2026-01-23T03:15:55+01:00,[37],[0]
2026-01-23T03:35:55+01:00,[37],[0]
2026-01-23T03:45:55+01:00,[37],[0]
2026-01-23T03:55:55+01:00,[37],[0]
2026-01-23T01:26:32+01:00,[60],[0]
2026-01-23T01:36:31+01:00,[60],[0]
2026-01-23T01:46:32+01:00,[60],[0]
2026-01-23T01:56:32+01:00,[60],[0]
2026-01-23T02:06:32+01:00,[60],[0]
2026-01-23T02:16:32+01:00,[60],[0]
2026-01-23T02:26:34+01:00,[60],[0]
2026-01-23T02:36:32+01:00,[60],[0]
2026-01-23T02:46:35+01:00,[60],[0]
2026-01-23T03:06:32+01:00,[60],[0]
2026-01-23T03:16:32+01:00,[60],[0]
2026-01-23T03:36:32+01:00,[60],[0]
2026-01-23T03:46:32+01:00,[60],[0]
2026-01-23T03:56:32+01:00,[60],[0]
2026-01-23T04:06:32+01:00,[60],[0]
2026-01-23T04:16:34+01:00,[60],[0]
2026-01-23T04:05:55+01:00,[37],[0]
2026-01-23T04:15:56+01:00,[38],[0]
2026-01-23T04:25:55+01:00,[38],[0]
2026-01-23T04:35:55+01:00,[37],[0]
2026-01-23T04:45:55+01:00,[37],[0]
2026-01-23T04:55:56+01:00,[38],[0]
2026-01-23T05:05:55+01:00,[37],[0]
2026-01-23T05:15:55+01:00,[37],[0]
2026-01-23T05:25:55+01:00,[37],[0]
2026-01-23T05:45:55+01:00,[37],[0]
2026-01-23T05:55:55+01:00,[37],[0]
2026-01-23T06:05:56+01:00,[38],[0]
2026-01-23T06:15:55+01:00,[37],[0]
2026-01-23T06:25:55+01:00,[37],[0]
2026-01-23T06:35:55+01:00,[37],[0]
2026-01-23T06:45:56+01:00,[38],[0]
2026-01-23T06:55:55+01:00,[37],[0]
2026-01-23T07:05:55+01:00,[37],[0]
2026-01-23T04:26:33+01:00,[60],[0]
2026-01-23T04:36:32+01:00,[60],[0]
2026-01-23T04:46:32+01:00,[60],[0]
2026-01-23T04:56:34+01:00,[60],[0]
2026-01-23T05:06:32+01:00,[60],[0]
2026-01-23T05:16:32+01:00,[60],[0]
2026-01-23T05:26:32+01:00,[60],[0]
2026-01-23T05:46:32+01:00,[60],[0]
2026-01-23T05:56:32+01:00,[60],[0]
2026-01-23T06:06:34+01:00,[60],[0]
2026-01-23T06:16:32+01:00,[60],[0]
2026-01-23T06:26:32+01:00,[60],[0]
2026-01-23T06:36:32+01:00,[60],[0]
2026-01-23T06:46:34+01:00,[60],[0]
2026-01-23T06:56:32+01:00,[60],[0]
2026-01-23T07:06:32+01:00,[60],[0]
2026-01-23T07:16:32+01:00,[60],[0]
2026-01-21T07:39:16+01:00,[60],[0]
2026-01-21T07:57:39+01:00,[37],[0]
2026-01-21T08:07:39+01:00,[37],[0]
2026-01-21T08:17:39+01:00,[37],[0]
2026-01-21T08:27:39+01:00,[37],[0]
2026-01-21T08:47:39+01:00,[37],[0]
2026-01-21T08:57:38+01:00,[37],[0]
2026-01-21T09:07:39+01:00,[37],[0]
2026-01-21T09:17:39+01:00,[37],[0]
2026-01-21T09:27:39+01:00,[37],[0]
2026-01-21T09:37:39+01:00,[37],[0]
2026-01-21T09:47:39+01:00,[38],[0]
2026-01-21T09:57:39+01:00,[37],[0]
2026-01-21T10:07:39+01:00,[37],[0]
2026-01-21T10:17:39+01:00,[37],[0]
2026-01-21T10:27:39+01:00,[37],[0]
2026-01-21T10:37:40+01:00,[38],[0]
2026-01-21T08:48:16+01:00,[60],[0]
2026-01-21T08:58:15+01:00,[60],[0]
2026-01-21T09:08:16+01:00,[60],[0]
2026-01-21T09:18:16+01:00,[60],[0]
2026-01-21T09:28:16+01:00,[60],[0]
2026-01-21T09:38:16+01:00,[60],[0]
2026-01-21T09:48:17+01:00,[60],[0]
2026-01-21T09:58:16+01:00,[60],[0]
2026-01-21T10:08:16+01:00,[60],[0]
2026-01-21T10:18:16+01:00,[60],[0]
2026-01-21T10:28:16+01:00,[60],[0]
2026-01-21T10:38:18+01:00,[60],[0]
2026-01-21T10:48:16+01:00,[60],[0]
2026-01-21T10:58:17+01:00,[60],[0]
2026-01-21T11:08:16+01:00,[60],[0]
2026-01-21T11:18:16+01:00,[60],[0]
2026-01-21T11:28:16+01:00,[60],[0]
2026-01-21T11:38:16+01:00,[60],[0]
2026-01-21T09:59:16+01:00,[60],[0]
2026-01-21T10:39:18+01:00,[60],[0]
2026-01-21T10:47:39+01:00,[37],[0]
2026-01-21T10:57:39+01:00,[38],[0]
2026-01-21T11:07:39+01:00,[37],[0]
2026-01-21T11:17:39+01:00,[37],[0]
2026-01-21T11:27:39+01:00,[37],[0]
2026-01-21T11:37:39+01:00,[37],[0]
2026-01-21T11:47:39+01:00,[37],[0]
2026-01-21T11:57:39+01:00,[37],[0]
2026-01-21T12:17:39+01:00,[37],[0]
2026-01-21T12:27:39+01:00,[38],[0]
2026-01-21T12:37:39+01:00,[37],[0]
2026-01-21T12:47:39+01:00,[37],[0]
2026-01-21T11:48:16+01:00,[60],[0]
2026-01-21T11:58:16+01:00,[60],[0]
2026-01-21T12:18:16+01:00,[60],[0]
2026-01-21T12:28:17+01:00,[60],[0]
2026-01-21T12:38:16+01:00,[60],[0]
2026-01-21T12:48:16+01:00,[60],[0]
2026-01-21T12:58:15+01:00,[60],[0]
2026-01-21T13:08:16+01:00,[60],[0]
2026-01-21T13:18:16+01:00,[60],[0]
2026-01-21T13:28:16+01:00,[60],[0]
2026-01-21T13:38:16+01:00,[60],[0]
2026-01-21T13:48:16+01:00,[60],[0]
2026-01-21T13:58:16+01:00,[60],[0]
2026-01-21T14:08:18+01:00,[60],[0]
2026-01-21T14:18:16+01:00,[60],[0]
2026-01-21T14:28:16+01:00,[60],[0]
2026-01-21T12:57:38+01:00,[37],[0]
2026-01-21T13:07:39+01:00,[37],[0]
2026-01-21T13:17:39+01:00,[37],[0]
2026-01-21T13:27:39+01:00,[37],[0]
2026-01-21T13:37:39+01:00,[37],[0]
2026-01-21T13:47:39+01:00,[37],[0]
2026-01-21T13:57:39+01:00,[37],[0]
2026-01-21T14:07:40+01:00,[38],[0]
2026-01-21T14:17:39+01:00,[37],[0]
2026-01-21T14:27:39+01:00,[37],[0]
2026-01-21T14:37:39+01:00,[37],[0]
2026-01-21T14:47:39+01:00,[37],[0]
2026-01-21T14:57:40+01:00,[38],[0]
2026-01-21T15:07:39+01:00,[37],[0]
2026-01-21T15:17:39+01:00,[37],[0]
2026-01-21T15:27:39+01:00,[37],[0]
2026-01-21T15:37:39+01:00,[37],[0]
2026-01-21T15:47:39+01:00,[37],[0]
2026-01-21T14:38:16+01:00,[60],[0]
2026-01-21T14:48:16+01:00,[60],[0]
2026-01-21T14:58:18+01:00,[60],[0]
2026-01-21T15:08:16+01:00,[60],[0]
2026-01-21T15:18:16+01:00,[60],[0]
2026-01-21T15:28:16+01:00,[60],[0]
2026-01-21T15:38:16+01:00,[60],[0]
2026-01-21T15:48:16+01:00,[60],[0]
2026-01-21T15:57:39+01:00,[37],[0]
2026-01-21T15:58:16+01:00,[60],[0]
2026-01-21T16:03:00+01:00,"[60,60,60,60,60,60,60,60,60,60,60,60,60,60,60,60,60,60,60,60,60,60,60,60,60,60,60,60,60,60,60,60,60,60,60,60,60,60,60,60,60,60,60,60,60,60,60,60,60,60,60,60,60,60,60,60,60,60,60,60,60,60,60,60,60,60,60,60,60,60,60,60,60,60,60,60,60,60,60,60,60,60,60,60,60,60,60,60,60,60,60,60,60,60,60,60,60,60,60,60,60,60,60,60,60,60,60,60,60,60,60,60,60,60,60,60,60,60,60,60,60]","[0,0,0,0,0,0,0,0,0,0,0,0,0,0,0,0,0,0,0,0,0,0,0,0,0,0,0,0,0,0,0,0,0,0,0,0,0,0,0,0,0,0,0,0,0,0,0,0,0,0,0,0,0,0,0,0,0,0,0,0,0,0,0,0,0,0,0,0,0,0,0,0,0,0,0,0,0,0,0,0,0,0,0,0,0,0,0,0,0,0,0,0,0,0,0,0,0,0,0,0,0,0,0,0,0,0,0,0,0,0,0,0,0,0,0,0,0,0,0,0,0]"
2026-01-21T17:00:00+01:00,[60],[0]
2026-01-21T18:05:00+01:00,"[60,60,60,60,60,60,60,60,60,60,60,60,60,60,60,60,60,60,60,60,60,60,60,60,60,60,60,60,60,60,60,60,60,60,60,60,60,60,60,60,60,60,60,60,60,60,60,60,60,60,60,60,60,60,60,60,60,60,60,60,60,60,60,60,60,60,60,60,60,60,60,60,60,60,60,60,60,60,60,60,60,60,60,60,60,60,60,60,60,60,60,60,60,60,60,60,60,60,60,60,60,60,60,60,60,60,60,60,60,60,60,60,60,60,60,60,60,60,60,60,60,60,60,60,60,60,60,60,60,60,60,60,60,60,60,60,60,60,60,60,60,60,60,60,60,60,60,60,60,60,60,60,60,60,60,60,60,60,60,60,60,60,60,60,60,60,60,60,60,60,60,60,60,60,60,60,60,60,60,60]","[0,0,0,0,0,0,0,0,0,0,0,0,0,0,0,0,0,0,0,0,0,0,0,0,0,0,0,0,0,0,0,0,0,0,0,0,0,0,0,0,0,0,0,0,0,0,0,0,0,0,0,0,0,0,0,0,0,0,0,0,0,0,0,0,0,0,0,0,0,0,0,0,0,0,0,0,0,0,0,0,0,0,0,0,0,0,0,0,0,0,0,0,0,0,0,0,0,0,0,0,0,0,0,0,0,0,0,0,0,0,0,0,0,0,0,0,0,0,0,0,0,0,0,0,0,0,0,0,0,0,0,0,0,0,0,0,0,0,0,0,0,0,0,0,0,0,0,0,0,0,0,0,0,0,0,0,0,0,0,0,0,0,0,0,0,0,0,0,0,0,0,0,0,0,0,0,0,0,0,0]"
2026-01-21T21:05:00+01:00,"[60,60,60,60,60,60,60,60,60,60,60,60,60,60,60,60,60,60,60,60,60,60,60,60,60,60,60,60,60,60,60,60,60,60,60,60,60,60,60,60,60,60,60,60,60,60,60,60,60,60]","[0,0,0,0,0,0,0,0,0,0,0,0,0,0,0,0,0,0,0,0,0,0,0,0,0,0,0,0,0,0,0,0,0,0,0,0,0,0,0,0,0,0,0,0,0,0,0,0,0,0]"
2026-01-21T21:59:00+01:00,"[60,60,60,60,60,60,60,60,60,60,60,60,60,60,60,60,60,60,60,60,60,60,60,60,60,60,60,60,60,60,60,60,60,60,60,60,60,60,60,60,60,60,60,60,60,60,60,60,60,60,60,60]","[0,0,0,0,0,0,0,0,0,0,0,0,0,0,0,0,0,0,0,0,0,0,0,0,0,0,0,0,0,0,0,0,0,0,0,0,0,0,0,0,0,0,0,0,0,0,0,0,0,0,0,0]"
2026-01-22T01:07:36+01:00,[37],[0]
2026-01-22T01:08:13+01:00,[60],[0]
2026-01-22T01:25:55+01:00,[37],[0]
2026-01-22T01:26:32+01:00,[60],[0]
2026-01-22T01:27:28+01:00,[60],[0]
2026-01-22T01:35:55+01:00,[37],[0]
2026-01-22T01:36:32+01:00,[60],[0]
2026-01-22T01:45:55+01:00,[37],[0]
2026-01-22T01:46:32+01:00,[60],[0]
2026-01-22T01:56:32+01:00,[60],[0]
2026-01-22T02:06:32+01:00,[60],[0]
2026-01-22T02:16:32+01:00,[60],[0]
2026-01-22T02:26:32+01:00,[60],[0]
2026-01-22T02:36:32+01:00,[60],[0]
2026-01-22T02:46:32+01:00,[60],[0]
2026-01-22T02:56:32+01:00,[60],[0]
2026-01-22T03:06:34+01:00,[60],[0]
2026-01-22T03:16:32+01:00,[60],[0]
2026-01-22T03:26:32+01:00,[60],[0]
2026-01-22T03:36:32+01:00,[60],[0]
2026-01-22T03:46:32+01:00,[60],[0]
2026-01-22T03:56:34+01:00,[60],[0]
2026-01-22T04:06:32+01:00,[60],[0]
2026-01-22T04:16:32+01:00,[60],[0]
2026-01-22T04:26:34+01:00,[60],[0]
2026-01-22T04:36:34+01:00,[60],[0]
2026-01-22T01:55:55+01:00,[37],[0]
2026-01-22T02:05:55+01:00,[37],[0]
2026-01-22T02:15:55+01:00,[37],[0]
2026-01-22T02:25:55+01:00,[37],[0]
2026-01-22T02:35:55+01:00,[37],[0]
2026-01-22T02:45:55+01:00,[37],[0]
2026-01-22T02:55:55+01:00,[37],[0]
2026-01-22T03:05:56+01:00,[38],[0]
2026-01-22T03:15:55+01:00,[37],[0]
2026-01-22T03:25:55+01:00,[37],[0]
2026-01-22T03:35:55+01:00,[37],[0]
2026-01-22T03:45:55+01:00,[37],[0]
2026-01-22T03:55:56+01:00,[38],[0]
2026-01-22T04:05:55+01:00,[37],[0]
2026-01-22T04:15:55+01:00,[37],[0]
2026-01-22T04:25:56+01:00,[38],[0]
2026-01-22T04:35:56+01:00,[38],[0]
2026-01-22T04:45:55+01:00,[37],[0]
2026-01-22T04:46:32+01:00,[60],[0]
2026-01-22T05:06:32+01:00,[60],[0]
2026-01-22T05:16:34+01:00,[60],[0]
2026-01-22T05:26:32+01:00,[60],[0]
2026-01-22T05:36:32+01:00,[60],[0]
2026-01-22T05:46:32+01:00,[60],[0]
2026-01-22T05:56:32+01:00,[60],[0]
2026-01-22T05:05:55+01:00,[37],[0]
2026-01-22T05:15:56+01:00,[38],[0]
2026-01-22T05:25:55+01:00,[37],[0]
2026-01-22T05:35:55+01:00,[37],[0]
2026-01-22T05:45:55+01:00,[37],[0]
2026-01-22T05:55:55+01:00,[37],[0]
2026-01-22T06:15:55+01:00,[37],[0]
2026-01-22T06:25:55+01:00,[37],[0]
2026-01-22T06:35:55+01:00,[37],[0]
2026-01-22T06:45:55+01:00,[37],[0]
2026-01-22T06:55:55+01:00,[37],[0]
2026-01-22T07:05:56+01:00,[38],[0]
2026-01-22T07:15:55+01:00,[37],[0]
2026-01-22T07:25:55+01:00,[37],[0]
2026-01-22T07:35:55+01:00,[38],[0]
2026-01-22T07:45:55+01:00,[37],[0]
2026-01-22T06:16:32+01:00,[60],[0]
2026-01-22T06:26:32+01:00,[60],[0]
2026-01-22T06:36:32+01:00,[60],[0]
2026-01-22T06:46:32+01:00,[60],[0]
2026-01-22T06:56:32+01:00,[60],[0]
2026-01-22T07:06:34+01:00,[60],[0]
2026-01-22T07:16:32+01:00,[60],[0]
2026-01-22T07:26:32+01:00,[60],[0]
2026-01-22T07:36:33+01:00,[60],[0]
2026-01-22T07:46:32+01:00,[60],[0]
2026-01-22T07:56:34+01:00,[60],[0]
2026-01-22T08:06:32+01:00,[60],[0]
2026-01-22T08:16:33+01:00,[60],[0]
2026-01-22T08:26:32+01:00,[60],[0]
2026-01-22T08:36:32+01:00,[60],[0]
2026-01-22T08:46:32+01:00,[60],[0]
2026-01-22T08:56:32+01:00,[60],[0]
2026-01-22T09:06:32+01:00,[60],[0]
2026-01-20T07:07:39+01:00,[37],[0]
2026-01-20T07:16:16+01:00,[60],[0]
2026-01-20T07:26:16+01:00,[60],[0]
2026-01-20T07:36:16+01:00,[60],[0]
2026-01-20T07:46:16+01:00,[60],[0]
2026-01-20T07:56:16+01:00,[60],[0]
2026-01-20T08:06:16+01:00,[60],[0]
2026-01-20T08:16:36+01:00,[60],[0]
2026-01-20T08:26:18+01:00,[60],[0]
2026-01-20T08:36:16+01:00,[60],[0]
2026-01-20T08:46:16+01:00,[60],[0]
2026-01-20T08:55:16+01:00,[60],[0]
2026-01-20T09:05:16+01:00,[60],[0]
2026-01-20T09:15:16+01:00,[60],[0]
2026-01-20T09:25:16+01:00,[60],[0]
2026-01-20T09:35:16+01:00,[60],[0]
2026-01-20T09:45:16+01:00,[60],[0]
2026-01-20T09:55:16+01:00,[60],[0]
2026-01-20T10:05:16+01:00,[60],[0]
2026-01-20T10:15:16+01:00,[60],[0]
2026-01-20T07:17:39+01:00,[37],[0]
2026-01-20T07:27:39+01:00,[37],[0]
2026-01-20T07:37:39+01:00,[37],[0]
2026-01-20T07:47:39+01:00,[37],[0]
2026-01-20T07:57:39+01:00,[37],[0]
2026-01-20T08:07:58+01:00,[38],[0]
2026-01-20T08:17:40+01:00,[38],[0]
2026-01-20T08:27:39+01:00,[37],[0]
2026-01-20T08:37:39+01:00,[37],[0]
2026-01-20T08:38:16+01:00,[60],[0]
2026-01-20T08:56:16+01:00,[60],[0]
2026-01-20T09:06:16+01:00,[60],[0]
2026-01-20T09:16:16+01:00,[60],[0]
2026-01-20T09:26:16+01:00,[60],[0]
2026-01-20T09:36:16+01:00,[60],[0]
2026-01-20T09:46:16+01:00,[60],[0]
2026-01-20T09:56:16+01:00,[60],[0]
2026-01-20T10:06:16+01:00,[60],[0]
2026-01-20T10:16:16+01:00,[60],[0]
2026-01-20T10:25:16+01:00,[60],[0]
2026-01-20T10:35:16+01:00,[60],[0]
2026-01-20T10:45:18+01:00,[60],[0]
2026-01-20T10:55:16+01:00,[60],[0]
2026-01-20T11:05:16+01:00,[60],[0]
2026-01-20T11:15:15+01:00,[60],[0]
2026-01-20T11:25:16+01:00,[60],[0]
2026-01-20T11:35:15+01:00,[60],[0]
2026-01-20T11:45:16+01:00,[60],[0]
2026-01-20T09:18:16+01:00,[60],[0]
2026-01-20T09:28:16+01:00,[60],[0]
2026-01-20T09:38:16+01:00,[60],[0]
2026-01-20T09:48:16+01:00,[60],[0]
2026-01-20T09:58:16+01:00,[60],[0]
2026-01-20T10:08:16+01:00,[60],[0]
2026-01-20T10:18:16+01:00,[60],[0]
2026-01-20T10:28:16+01:00,[60],[0]
2026-01-20T10:38:18+01:00,[60],[0]
2026-01-20T10:48:16+01:00,[60],[0]
2026-01-20T10:58:16+01:00,[60],[0]
2026-01-20T11:08:15+01:00,[60],[0]
2026-01-20T11:18:16+01:00,[60],[0]
2026-01-20T11:28:15+01:00,[60],[0]
2026-01-20T11:38:16+01:00,[60],[0]
2026-01-20T11:48:17+01:00,[60],[0]
2026-01-20T11:58:16+01:00,[60],[0]
2026-01-20T09:19:16+01:00,[60],[0]
2026-01-20T09:29:16+01:00,[60],[0]
2026-01-20T09:39:16+01:00,[60],[0]
2026-01-20T09:49:16+01:00,[60],[0]
2026-01-20T09:59:16+01:00,[60],[0]
2026-01-20T10:09:16+01:00,[60],[0]
2026-01-20T10:19:16+01:00,[60],[0]
2026-01-20T10:29:16+01:00,[60],[0]
2026-01-20T10:39:18+01:00,[60],[0]
2026-01-20T10:49:16+01:00,[60],[0]
2026-01-20T10:59:16+01:00,[60],[0]
2026-01-20T11:09:15+01:00,[60],[0]
2026-01-20T11:19:16+01:00,[60],[0]
2026-01-20T11:29:15+01:00,[60],[0]
2026-01-20T11:39:16+01:00,[60],[0]
2026-01-20T11:49:17+01:00,[60],[0]
2026-01-20T11:59:16+01:00,[60],[0]
2026-01-20T09:20:16+01:00,[60],[0]
2026-01-20T09:30:16+01:00,[60],[0]
2026-01-20T09:40:16+01:00,[60],[0]
2026-01-20T09:50:16+01:00,[60],[0]
2026-01-20T10:00:16+01:00,[60],[0]
2026-01-20T10:10:16+01:00,[60],[0]
2026-01-20T10:20:16+01:00,[60],[0]
2026-01-20T10:30:16+01:00,[60],[0]
2026-01-20T10:40:18+01:00,[60],[0]
2026-01-20T10:50:16+01:00,[60],[0]
2026-01-20T11:00:16+01:00,[60],[0]
2026-01-20T11:10:15+01:00,[60],[0]
2026-01-20T11:20:16+01:00,[60],[0]
2026-01-20T11:30:15+01:00,[60],[0]
2026-01-20T11:40:16+01:00,[60],[0]
2026-01-20T11:50:17+01:00,[60],[0]
2026-01-20T12:00:16+01:00,[60],[0]
2026-01-20T09:21:16+01:00,[60],[0]
2026-01-20T09:31:16+01:00,[60],[0]
2026-01-20T09:41:16+01:00,[60],[0]
2026-01-20T09:51:16+01:00,[60],[0]
2026-01-20T10:01:16+01:00,[60],[0]
2026-01-20T10:11:16+01:00,[60],[0]
2026-01-20T10:21:16+01:00,[60],[0]
2026-01-20T10:31:16+01:00,[60],[0]
2026-01-20T10:41:18+01:00,[60],[0]
2026-01-20T10:51:16+01:00,[60],[0]
2026-01-20T11:01:16+01:00,[60],[0]
2026-01-20T11:11:15+01:00,[60],[0]
2026-01-20T11:21:16+01:00,[60],[0]
2026-01-20T11:31:15+01:00,[60],[0]
2026-01-20T11:41:16+01:00,[60],[0]
2026-01-20T11:51:17+01:00,[60],[0]
2026-01-20T12:01:16+01:00,[60],[0]
2026-01-20T09:22:16+01:00,[60],[0]
2026-01-20T09:32:16+01:00,[60],[0]
2026-01-20T09:42:16+01:00,[60],[0]
2026-01-20T09:52:16+01:00,[60],[0]
2026-01-20T10:02:16+01:00,[60],[0]
2026-01-20T10:12:16+01:00,[60],[0]
2026-01-20T10:22:16+01:00,[60],[0]
2026-01-20T10:32:16+01:00,[60],[0]
2026-01-20T10:42:18+01:00,[60],[0]
2026-01-20T10:52:16+01:00,[60],[0]
2026-01-20T11:02:16+01:00,[60],[0]
2026-01-20T11:12:15+01:00,[60],[0]
2026-01-20T11:22:16+01:00,[60],[0]
2026-01-20T11:32:15+01:00,[60],[0]
2026-01-20T11:42:16+01:00,[60],[0]
2026-01-20T11:52:17+01:00,[60],[0]
2026-01-20T12:02:16+01:00,[60],[0]
2026-01-20T09:23:16+01:00,[60],[0]
2026-01-20T09:33:16+01:00,[60],[0]
2026-01-20T09:43:16+01:00,[60],[0]
2026-01-20T09:53:16+01:00,[60],[0]
2026-01-20T10:03:16+01:00,[60],[0]
2026-01-20T10:13:16+01:00,[60],[0]
2026-01-20T09:24:16+01:00,[60],[0]
2026-01-20T09:34:16+01:00,[60],[0]
2026-01-20T09:44:16+01:00,[60],[0]
2026-01-20T09:54:16+01:00,[60],[0]
2026-01-20T10:04:16+01:00,[60],[0]
2026-01-20T10:14:16+01:00,[60],[0]
2026-01-20T10:23:16+01:00,[60],[0]
2026-01-20T10:33:16+01:00,[60],[0]
2026-01-20T10:43:18+01:00,[60],[0]
2026-01-20T10:53:16+01:00,[60],[0]
2026-01-20T11:03:16+01:00,[60],[0]
2026-01-20T11:13:15+01:00,[60],[0]
2026-01-20T11:23:16+01:00,[60],[0]
2026-01-20T11:33:15+01:00,[60],[0]
2026-01-20T11:43:16+01:00,[60],[0]
2026-01-20T11:53:17+01:00,[60],[0]
2026-01-20T12:03:16+01:00,[60],[0]
2026-01-20T09:47:39+01:00,[37],[0]
2026-01-20T09:57:39+01:00,[37],[0]
2026-01-20T10:07:39+01:00,[37],[0]
2026-01-20T10:17:39+01:00,[37],[0]
2026-01-20T10:27:39+01:00,[37],[0]
2026-01-20T10:37:40+01:00,[38],[0]
2026-01-20T10:24:16+01:00,[60],[0]
2026-01-20T10:34:16+01:00,[60],[0]
2026-01-20T10:44:18+01:00,[60],[0]
2026-01-20T10:54:16+01:00,[60],[0]
2026-01-20T11:04:16+01:00,[60],[0]
2026-01-20T11:14:15+01:00,[60],[0]
2026-01-20T11:24:16+01:00,[60],[0]
2026-01-20T11:34:15+01:00,[60],[0]
2026-01-20T11:44:16+01:00,[60],[0]
2026-01-20T11:54:17+01:00,[60],[0]
2026-01-20T12:04:16+01:00,[60],[0]
2026-01-20T10:26:16+01:00,[60],[0]
2026-01-20T10:36:16+01:00,[60],[0]
2026-01-20T10:46:18+01:00,[60],[0]
2026-01-20T10:56:16+01:00,[60],[0]
2026-01-20T11:06:16+01:00,[60],[0]
2026-01-20T11:16:15+01:00,[60],[0]
2026-01-20T11:26:16+01:00,[60],[0]
2026-01-20T11:36:15+01:00,[60],[0]
2026-01-20T11:46:16+01:00,[60],[0]
2026-01-20T11:56:17+01:00,[60],[0]
2026-01-20T12:06:16+01:00,[60],[0]
2026-01-20T10:47:39+01:00,[37],[0]
2026-01-20T10:57:39+01:00,[37],[0]
2026-01-20T11:07:38+01:00,[37],[0]
2026-01-20T11:17:39+01:00,[37],[0]
2026-01-20T11:27:38+01:00,[37],[0]
2026-01-20T11:37:39+01:00,[37],[0]
2026-01-20T11:47:39+01:00,[38],[0]
2026-01-20T11:55:17+01:00,[60],[0]
2026-01-20T12:05:16+01:00,[60],[0]
2026-01-20T11:57:39+01:00,[37],[0]
2026-01-20T12:07:39+01:00,[37],[0]
2026-01-20T12:17:38+01:00,[37],[0]
2026-01-20T12:27:39+01:00,[37],[0]
2026-01-20T12:37:39+01:00,[37],[0]
2026-01-20T12:47:38+01:00,[37],[0]
2026-01-20T12:08:16+01:00,[60],[0]
2026-01-20T12:18:15+01:00,[60],[0]
2026-01-20T12:28:16+01:00,[60],[0]
2026-01-20T12:38:16+01:00,[60],[0]
2026-01-20T12:48:15+01:00,[60],[0]
2026-01-20T12:58:15+01:00,[60],[0]
2026-01-20T13:08:16+01:00,[60],[0]
2026-01-20T13:18:16+01:00,[60],[0]
2026-01-20T13:28:16+01:00,[60],[0]
2026-01-20T13:38:15+01:00,[60],[0]
2026-01-20T13:48:15+01:00,[60],[0]
2026-01-20T13:58:16+01:00,[60],[0]
2026-01-20T14:08:16+01:00,[60],[0]
2026-01-20T14:18:18+01:00,[60],[0]
2026-01-20T14:28:16+01:00,[60],[0]
2026-01-20T14:38:16+01:00,[60],[0]
2026-01-20T14:48:18+01:00,[60],[0]
2026-01-20T14:58:16+01:00,[60],[0]
2026-01-20T12:09:16+01:00,[60],[0]
2026-01-20T12:19:15+01:00,[60],[0]
2026-01-20T12:29:16+01:00,[60],[0]
2026-01-20T12:39:16+01:00,[60],[0]
2026-01-20T12:49:15+01:00,[60],[0]
2026-01-20T12:59:15+01:00,[60],[0]
2026-01-20T13:09:16+01:00,[60],[0]
2026-01-20T13:19:16+01:00,[60],[0]
2026-01-20T13:29:16+01:00,[60],[0]
2026-01-20T13:39:15+01:00,[60],[0]
2026-01-20T13:49:15+01:00,[60],[0]
2026-01-20T13:59:16+01:00,[60],[0]
2026-01-20T14:09:16+01:00,[60],[0]
2026-01-20T14:19:18+01:00,[60],[0]
2026-01-20T14:29:16+01:00,[60],[0]
2026-01-20T14:39:16+01:00,[60],[0]
2026-01-20T14:49:18+01:00,[60],[0]
2026-01-20T14:59:16+01:00,[60],[0]
2026-01-20T12:10:16+01:00,[60],[0]
2026-01-20T12:20:15+01:00,[60],[0]
2026-01-20T12:30:16+01:00,[60],[0]
2026-01-20T12:40:16+01:00,[60],[0]
2026-01-20T12:50:15+01:00,[60],[0]
2026-01-20T13:00:15+01:00,[60],[0]
2026-01-20T13:10:16+01:00,[60],[0]
2026-01-20T13:20:16+01:00,[60],[0]
2026-01-20T13:30:16+01:00,[60],[0]
2026-01-20T13:40:15+01:00,[60],[0]
2026-01-20T13:50:15+01:00,[60],[0]
2026-01-20T14:00:16+01:00,[60],[0]
2026-01-20T14:10:16+01:00,[60],[0]
2026-01-20T14:20:18+01:00,[60],[0]
2026-01-20T14:30:16+01:00,[60],[0]
2026-01-20T14:40:16+01:00,[60],[0]
2026-01-20T14:50:18+01:00,[60],[0]
2026-01-20T15:00:16+01:00,[60],[0]
2026-01-20T12:11:16+01:00,[60],[0]
2026-01-20T12:21:15+01:00,[60],[0]
2026-01-20T12:31:16+01:00,[60],[0]
2026-01-20T12:41:16+01:00,[60],[0]
2026-01-20T12:51:15+01:00,[60],[0]
2026-01-20T13:01:15+01:00,[60],[0]
2026-01-20T13:11:16+01:00,[60],[0]
2026-01-20T13:21:16+01:00,[60],[0]
2026-01-20T13:31:16+01:00,[60],[0]
2026-01-20T13:41:15+01:00,[60],[0]
2026-01-20T13:51:15+01:00,[60],[0]
2026-01-20T14:01:16+01:00,[60],[0]
2026-01-20T14:11:16+01:00,[60],[0]
2026-01-20T14:21:18+01:00,[60],[0]
2026-01-20T14:31:16+01:00,[60],[0]
2026-01-20T14:41:16+01:00,[60],[0]
2026-01-20T14:51:18+01:00,[60],[0]
2026-01-20T15:01:16+01:00,[60],[0]
2026-01-20T12:12:16+01:00,[60],[0]
2026-01-20T12:22:15+01:00,[60],[0]
2026-01-20T12:32:16+01:00,[60],[0]
2026-01-20T12:42:16+01:00,[60],[0]
2026-01-20T12:52:15+01:00,[60],[0]
2026-01-20T13:02:15+01:00,[60],[0]
2026-01-20T13:12:16+01:00,[60],[0]
2026-01-20T13:22:16+01:00,[60],[0]
2026-01-20T13:32:16+01:00,[60],[0]
2026-01-20T13:42:15+01:00,[60],[0]
2026-01-20T13:52:15+01:00,[60],[0]
2026-01-20T14:02:16+01:00,[60],[0]
2026-01-20T14:12:16+01:00,[60],[0]
2026-01-20T14:22:18+01:00,[60],[0]
2026-01-20T14:32:16+01:00,[60],[0]
2026-01-20T14:42:16+01:00,[60],[0]
2026-01-20T14:52:18+01:00,[60],[0]
2026-01-20T15:02:16+01:00,[60],[0]
2026-01-20T12:13:16+01:00,[60],[0]
2026-01-20T12:23:15+01:00,[60],[0]
2026-01-20T12:33:16+01:00,[60],[0]
2026-01-20T12:43:16+01:00,[60],[0]
2026-01-20T12:53:15+01:00,[60],[0]
2026-01-20T13:03:15+01:00,[60],[0]
2026-01-20T13:13:16+01:00,[60],[0]
2026-01-20T13:23:16+01:00,[60],[0]
2026-01-20T13:33:16+01:00,[60],[0]
2026-01-20T13:43:15+01:00,[60],[0]
2026-01-20T13:53:15+01:00,[60],[0]
2026-01-20T14:03:16+01:00,[60],[0]
2026-01-20T14:13:16+01:00,[60],[0]
2026-01-20T14:23:18+01:00,[60],[0]
2026-01-20T14:33:16+01:00,[60],[0]
2026-01-20T14:43:16+01:00,[60],[0]
2026-01-20T14:53:18+01:00,[60],[0]
2026-01-20T15:03:16+01:00,[60],[0]
2026-01-20T12:14:16+01:00,[60],[0]
2026-01-20T12:24:15+01:00,[60],[0]
2026-01-20T12:34:16+01:00,[60],[0]
2026-01-20T12:44:16+01:00,[60],[0]
2026-01-20T12:54:15+01:00,[60],[0]
2026-01-20T13:04:15+01:00,[60],[0]
2026-01-20T13:14:16+01:00,[60],[0]
2026-01-20T13:24:16+01:00,[60],[0]
2026-01-20T13:34:16+01:00,[60],[0]
2026-01-20T13:44:15+01:00,[60],[0]
2026-01-20T13:54:15+01:00,[60],[0]
2026-01-20T14:04:16+01:00,[60],[0]
2026-01-20T14:14:16+01:00,[60],[0]
2026-01-20T14:24:18+01:00,[60],[0]
2026-01-20T14:34:16+01:00,[60],[0]
2026-01-20T14:44:16+01:00,[60],[0]
2026-01-20T14:54:18+01:00,[60],[0]
2026-01-20T15:04:16+01:00,[60],[0]
2026-01-20T12:15:16+01:00,[60],[0]
2026-01-20T12:25:15+01:00,[60],[0]
2026-01-20T12:35:16+01:00,[60],[0]
2026-01-20T12:45:16+01:00,[60],[0]
2026-01-20T12:55:15+01:00,[60],[0]
2026-01-20T13:05:15+01:00,[60],[0]
2026-01-20T13:15:16+01:00,[60],[0]
2026-01-20T13:25:16+01:00,[60],[0]
2026-01-20T13:35:16+01:00,[60],[0]
2026-01-20T13:45:15+01:00,[60],[0]
2026-01-20T13:55:15+01:00,[60],[0]
2026-01-20T14:05:16+01:00,[60],[0]
2026-01-20T14:15:16+01:00,[60],[0]
2026-01-20T14:25:18+01:00,[60],[0]
2026-01-20T14:35:16+01:00,[60],[0]
2026-01-20T14:45:16+01:00,[60],[0]
2026-01-20T14:55:18+01:00,[60],[0]
2026-01-20T15:05:16+01:00,[60],[0]
2026-01-20T12:16:16+01:00,[60],[0]
2026-01-20T12:26:15+01:00,[60],[0]
2026-01-20T12:36:16+01:00,[60],[0]
2026-01-20T12:46:16+01:00,[60],[0]
2026-01-20T12:56:15+01:00,[60],[0]
2026-01-20T13:06:15+01:00,[60],[0]
2026-01-20T13:16:16+01:00,[60],[0]
2026-01-20T13:26:16+01:00,[60],[0]
2026-01-20T13:36:16+01:00,[60],[0]
2026-01-20T13:56:15+01:00,[60],[0]
2026-01-20T14:06:16+01:00,[60],[0]
2026-01-20T14:16:16+01:00,[60],[0]
2026-01-20T14:26:18+01:00,[60],[0]
2026-01-20T14:36:16+01:00,[60],[0]
2026-01-20T14:46:16+01:00,[60],[0]
2026-01-20T14:56:18+01:00,[60],[0]
2026-01-20T15:06:16+01:00,[60],[0]
2026-01-20T12:57:38+01:00,[37],[0]
2026-01-20T13:07:39+01:00,[37],[0]
2026-01-20T13:17:39+01:00,[37],[0]
2026-01-20T13:27:39+01:00,[37],[0]
2026-01-20T13:37:38+01:00,[37],[0]
2026-01-20T13:47:38+01:00,[37],[0]
2026-01-20T13:57:39+01:00,[37],[0]
2026-01-20T14:07:39+01:00,[37],[0]
2026-01-20T14:17:40+01:00,[38],[0]
2026-01-20T14:27:39+01:00,[37],[0]
2026-01-20T14:37:39+01:00,[37],[0]
2026-01-20T14:47:40+01:00,[38],[0]
2026-01-20T14:57:39+01:00,[37],[0]
2026-01-20T15:07:39+01:00,[37],[0]
2026-01-20T15:17:39+01:00,[37],[0]
2026-01-20T13:46:15+01:00,[60],[0]
2026-01-20T15:08:16+01:00,[60],[0]
2026-01-20T15:18:16+01:00,[60],[0]
2026-01-20T15:28:18+01:00,[60],[0]
2026-01-20T15:38:16+01:00,[60],[0]
2026-01-20T15:46:00+01:00,"[60,60,60,60,60,60,60,60,60,60,60,60,60,60,60,60,60,60,60,60,60,60,60,60,60,60,60,60,60,60,60,60,60,60,60,60,60,60,60,60,60,60,60,60,60,60,60,60,60,60,60,60,60,60,60,60,60,60,60,60,60,60,60,60,60,60,60,60,60,60,60,60,60,60,60,60,60,60,60,60,60,60,60,60,60,60,60,60,60,60,60,60,60,60,60,60,60,60,60,60,60,60,60,60,60,60,60,60,60,60,60,60,60,60,60,60,60,60,60,60,60,60,60,60,60,60,60,60,60,60,60,60,60,60,60,60]","[0,0,0,0,0,0,0,0,0,0,0,0,0,0,0,0,0,0,0,0,0,0,0,0,0,0,0,0,0,0,0,0,0,0,0,0,0,0,0,0,0,0,0,0,0,0,0,0,0,0,0,0,0,0,0,0,0,0,0,0,0,0,0,0,0,0,0,0,0,0,0,0,0,0,0,0,0,0,0,0,0,0,0,0,0,0,0,0,0,0,0,0,0,0,0,0,0,0,0,0,0,0,0,0,0,0,0,0,0,0,0,0,0,0,0,0,0,0,0,0,0,0,0,0,0,0,0,0,0,0,0,0,0,0,0,0]"
2026-01-20T15:09:16+01:00,[60],[0]
2026-01-20T15:19:16+01:00,[60],[0]
2026-01-20T15:29:18+01:00,[60],[0]
2026-01-20T15:39:16+01:00,[60],[0]
2026-01-20T15:10:16+01:00,[60],[0]
2026-01-20T15:20:16+01:00,[60],[0]
2026-01-20T15:30:18+01:00,[60],[0]
2026-01-20T15:40:16+01:00,[60],[0]
2026-01-20T15:11:16+01:00,[60],[0]
2026-01-20T15:21:16+01:00,[60],[0]
2026-01-20T15:31:18+01:00,[60],[0]
2026-01-20T15:41:16+01:00,[60],[0]
2026-01-20T15:12:16+01:00,[60],[0]
2026-01-20T15:22:16+01:00,[60],[0]
2026-01-20T15:32:18+01:00,[60],[0]
2026-01-20T15:42:16+01:00,[60],[0]
2026-01-20T15:13:16+01:00,[60],[0]
2026-01-20T15:23:16+01:00,[60],[0]
2026-01-20T15:33:18+01:00,[60],[0]
2026-01-20T15:43:16+01:00,[60],[0]
2026-01-20T15:14:16+01:00,[60],[0]
2026-01-20T15:24:16+01:00,[60],[0]
2026-01-20T15:34:18+01:00,[60],[0]
2026-01-20T15:44:16+01:00,[60],[0]
2026-01-20T15:15:16+01:00,[60],[0]
2026-01-20T15:25:16+01:00,[60],[0]
2026-01-20T15:35:18+01:00,[60],[0]
2026-01-20T15:16:16+01:00,[60],[0]
2026-01-20T15:26:16+01:00,[60],[0]
2026-01-20T15:36:18+01:00,[60],[0]
2026-01-20T15:27:40+01:00,[38],[0]
2026-01-20T15:37:39+01:00,[37],[0]
2026-01-20T17:00:00+01:00,[60],[0]
2026-01-20T18:03:00+01:00,"[60,60,60,60,60,60,60,60,60,60,60,60,60,60,60,60,60,60,60,60,60,60,60,60,60,60,60,60,60,60,60,60,60,60,60,60,60,60,60,60,60,60,60,60,60,60,60,60,60,60,60,60,60,60,60,60,60,60,60,60,60,60,60,60,60,60,60,60,60,60,60,60,60,60,60,60,60,60,60,60,60,60,60,60,60,60,60,60,60,60,60,60,60,60,60,60,60,60,60,60,60,60,60,60,60,60,60,60,60,60,60,60,60,60,60,60,60,60,60,60,60,60,60,60,60,60,60,60,60,60,60,60,60,60,60,60,60,60,60,60,60,60,60,60,60,60,60,60,60,60]","[0,0,0,0,0,0,0,0,0,0,0,0,0,0,0,0,0,0,0,0,0,0,0,0,0,0,0,0,0,0,0,0,0,0,0,0,0,0,0,0,0,0,0,0,0,0,0,0,0,0,0,0,0,0,0,0,0,0,0,0,0,0,0,0,0,0,0,0,0,0,0,0,0,0,0,0,0,0,0,0,0,0,0,0,0,0,0,0,0,0,0,0,0,0,0,0,0,0,0,0,0,0,0,0,0,0,0,0,0,0,0,0,0,0,0,0,0,0,0,0,0,0,0,0,0,0,0,0,0,0,0,0,0,0,0,0,0,0,0,0,0,0,0,0,0,0,0,0,0,0]"
2026-01-20T20:34:00+01:00,"[60,60,60,60,60,60,60,60,60,60,60,60,60,60,60,60,60,60,60,60,60,60,60,60,60,60,60,60,60,60,60,60,60,60,60,60,60,60,60,60,60,60,60,60,60,60,60,60,60,60,60,60,60,60,60,60,60,60,60,60,60,60,60,60,60,60,60,60,60,60,60,60,60,60,60,60,60,60,60,60,60,60,60,60,60,60,60,60,60,60,60,60,60,60,60,60,60,60,60,60,60,60,60,60,60,60,60,60,60,60,60,60,60,60,60,60,60,60,60,60,60,60,60,60,60,60,60,60,60,60,60,60,60,60,60,60,60,60,60,60,60,60,60,60,60,60,60,60,60,60,60,60,60,60,60,60]","[0,0,0,0,0,0,0,0,0,0,0,0,0,0,0,0,0,0,0,0,0,0,0,0,0,0,0,0,0,0,0,0,0,0,0,0,0,0,0,0,0,0,0,0,0,0,0,0,0,0,0,0,0,0,0,0,0,0,0,0,0,0,0,0,0,0,0,0,0,0,0,0,0,0,0,0,0,0,0,0,0,0,0,0,0,0,0,0,0,0,0,0,0,0,0,0,0,0,0,0,0,0,0,0,0,0,0,0,0,0,0,0,0,0,0,0,0,0,0,0,0,0,0,0,0,0,0,0,0,0,0,0,0,0,0,0,0,0,0,0,0,0,0,0,0,0,0,0,0,0,0,0,0,0,0,0]"
2026-01-20T23:14:00+01:00,"[60,60,60,60,60,60,60,60,60,60,60,60,60,60,60,60,60,60,60,60]","[0,0,0,0,0,0,0,0,0,0,0,0,0,0,0,0,0,0,0,0]"
2026-01-21T00:17:39+01:00,[37],[0]
2026-01-21T00:18:16+01:00,[60],[0]
2026-01-21T00:38:16+01:00,[60],[0]
2026-01-21T00:48:16+01:00,[60],[0]
2026-01-21T00:58:16+01:00,[60],[0]
2026-01-21T01:08:16+01:00,[60],[0]
2026-01-21T01:18:18+01:00,[60],[0]
2026-01-21T01:28:16+01:00,[60],[0]
2026-01-21T01:38:16+01:00,[60],[0]
2026-01-21T01:48:16+01:00,[60],[0]
2026-01-21T01:58:16+01:00,[60],[0]
2026-01-21T02:08:18+01:00,[60],[0]
2026-01-21T02:18:16+01:00,[60],[0]
2026-01-21T02:28:16+01:00,[60],[0]
2026-01-21T00:37:39+01:00,[37],[0]
2026-01-21T00:47:39+01:00,[37],[0]
2026-01-21T00:57:39+01:00,[37],[0]
2026-01-21T01:07:39+01:00,[37],[0]
2026-01-21T01:17:40+01:00,[38],[0]
2026-01-21T01:27:39+01:00,[37],[0]
2026-01-21T01:37:39+01:00,[37],[0]
2026-01-21T01:47:39+01:00,[37],[0]
2026-01-21T01:57:39+01:00,[37],[0]
2026-01-21T02:07:40+01:00,[38],[0]
2026-01-21T02:17:39+01:00,[37],[0]
2026-01-21T02:27:39+01:00,[37],[0]
2026-01-21T02:37:40+01:00,[38],[0]
2026-01-21T02:47:39+01:00,[37],[0]
2026-01-21T02:57:39+01:00,[37],[0]
2026-01-21T03:07:39+01:00,[37],[0]
2026-01-21T03:17:39+01:00,[37],[0]
2026-01-21T03:27:39+01:00,[37],[0]
2026-01-21T01:19:18+01:00,[60],[0]
2026-01-21T02:39:18+01:00,[60],[0]
2026-01-21T03:19:16+01:00,[60],[0]
2026-01-21T02:09:18+01:00,[60],[0]
2026-01-21T02:38:18+01:00,[60],[0]
2026-01-21T02:48:16+01:00,[60],[0]
2026-01-21T02:58:16+01:00,[60],[0]
2026-01-21T03:08:16+01:00,[60],[0]
2026-01-21T03:18:16+01:00,[60],[0]
2026-01-21T03:28:16+01:00,[60],[0]
2026-01-21T03:38:16+01:00,[60],[0]
2026-01-21T03:48:16+01:00,[60],[0]
2026-01-21T03:58:18+01:00,[60],[0]
2026-01-21T04:08:16+01:00,[60],[0]
2026-01-21T04:18:16+01:00,[60],[0]
2026-01-21T04:28:18+01:00,[60],[0]
2026-01-21T04:38:16+01:00,[60],[0]
2026-01-21T04:48:17+01:00,[60],[0]
2026-01-21T04:58:15+01:00,[60],[0]
2026-01-21T05:08:16+01:00,[60],[0]
2026-01-21T05:18:16+01:00,[60],[0]
2026-01-21T05:28:18+01:00,[60],[0]
2026-01-21T03:37:39+01:00,[37],[0]
2026-01-21T03:47:39+01:00,[37],[0]
2026-01-21T03:57:40+01:00,[38],[0]
2026-01-21T04:07:39+01:00,[37],[0]
2026-01-21T04:17:39+01:00,[37],[0]
2026-01-21T04:27:40+01:00,[38],[0]
2026-01-21T04:37:39+01:00,[37],[0]
2026-01-21T04:47:39+01:00,[38],[0]
2026-01-21T04:57:38+01:00,[37],[0]
2026-01-21T05:07:39+01:00,[37],[0]
2026-01-21T05:17:39+01:00,[37],[0]
2026-01-21T05:27:40+01:00,[38],[0]
2026-01-21T05:37:39+01:00,[37],[0]
2026-01-21T05:47:39+01:00,[37],[0]
2026-01-21T05:57:39+01:00,[37],[0]
2026-01-21T06:07:39+01:00,[37],[0]
2026-01-21T06:17:40+01:00,[38],[0]
2026-01-21T06:27:39+01:00,[37],[0]
2026-01-21T06:37:39+01:00,[37],[0]
2026-01-21T06:47:40+01:00,[38],[0]
2026-01-21T06:57:39+01:00,[38],[0]
2026-01-21T07:07:40+01:00,[38],[0]
2026-01-21T07:17:39+01:00,[37],[0]
2026-01-21T07:27:39+01:00,[37],[0]
2026-01-21T07:37:39+01:00,[37],[0]
2026-01-21T07:47:39+01:00,[37],[0]
2026-01-21T05:38:16+01:00,[60],[0]
2026-01-21T05:48:16+01:00,[60],[0]
2026-01-21T05:58:16+01:00,[60],[0]
2026-01-21T06:08:16+01:00,[60],[0]
2026-01-21T06:18:18+01:00,[60],[0]
2026-01-21T06:28:16+01:00,[60],[0]
2026-01-21T06:38:16+01:00,[60],[0]
2026-01-21T06:48:18+01:00,[60],[0]
2026-01-21T06:58:17+01:00,[60],[0]
2026-01-21T07:08:18+01:00,[60],[0]
2026-01-21T07:18:16+01:00,[60],[0]
2026-01-21T07:28:16+01:00,[60],[0]
2026-01-21T07:38:16+01:00,[60],[0]
2026-01-21T07:48:16+01:00,[60],[0]
2026-01-21T07:58:16+01:00,[60],[0]
2026-01-21T08:08:16+01:00,[60],[0]
2026-01-21T08:18:16+01:00,[60],[0]
2026-01-21T08:28:16+01:00,[60],[0]
2026-01-19T08:07:39+01:00,[37],[0]
2026-01-19T08:17:40+01:00,[38],[0]
2026-01-19T08:27:39+01:00,[37],[0]
2026-01-19T08:37:39+01:00,[38],[0]
2026-01-19T08:47:40+01:00,[38],[0]
2026-01-19T08:57:39+01:00,[37],[0]
2026-01-19T09:07:40+01:00,[38],[0]
2026-01-19T09:17:39+01:00,[37],[0]
2026-01-19T09:30:26+01:00,[1],[0]
2026-01-19T09:30:56+01:00,"[5,30,30,30,30,22,30,30,30,30,22,30,30,30,30,23,17,30,30,30,30,6,42,46,30,24,22,42,30,30,24,14,30,30]","[0,0,0,0,0,0,0,0,0,0,0,0,0,0,0,0,0,0,0,0,0,0,0,0,0,0,0,0,0,0,0,0,0,0]"
2026-01-19T09:46:05+01:00,[30],[0]
2026-01-19T09:57:39+01:00,[37],[0]
2026-01-19T10:07:39+01:00,[37],[0]
2026-01-19T10:17:40+01:00,[38],[0]
2026-01-19T10:27:39+01:00,[37],[0]
2026-01-19T11:07:38+01:00,[37],[0]
2026-01-19T11:17:39+01:00,[37],[0]
2026-01-19T11:27:39+01:00,[37],[0]
2026-01-19T11:37:39+01:00,[38],[0]
2026-01-19T11:47:40+01:00,[38],[0]
2026-01-19T11:57:40+01:00,[38],[0]
2026-01-19T12:07:38+01:00,[37],[0]
2026-01-19T12:17:38+01:00,[37],[0]
2026-01-19T12:27:38+01:00,[37],[0]
2026-01-19T12:47:39+01:00,[37],[0]
2026-01-19T12:57:39+01:00,[37],[0]
2026-01-19T13:07:38+01:00,[37],[0]
2026-01-19T13:17:38+01:00,[37],[0]
2026-01-19T13:37:39+01:00,[37],[0]
2026-01-19T13:47:39+01:00,[37],[0]
2026-01-19T13:42:40+01:00,[60],[0]
2026-01-19T13:57:39+01:00,[37],[0]
2026-01-19T14:07:39+01:00,[37],[0]
2026-01-19T14:37:39+01:00,[37],[0]
2026-01-19T14:47:39+01:00,[37],[0]
2026-01-19T14:57:39+01:00,[37],[0]
2026-01-19T15:07:39+01:00,[37],[0]
2026-01-19T15:17:39+01:00,[37],[0]
2026-01-19T15:27:38+01:00,[37],[0]
2026-01-19T15:37:39+01:00,[37],[0]
2026-01-19T15:47:39+01:00,[37],[0]
2026-01-19T15:50:00+01:00,"[60,60,60,60,60,60,60,60,60,60,60]","[0,0,0,0,0,0,0,0,0,0,0]"
2026-01-19T16:03:00+01:00,"[60,60,60,60,60,60,60,60,60,60,60,60,60,60,60,60,60,60,60,60,60,60,60,60,60,60,60,60,60,60,60,60,60,60,60,60,60,60,60,60,60,60,60,60,60,60,60,60,60,60,60,60,60,60,60,60,60,60,60,60,60,60,60,60,60,60,60,60,60,60,60,60,60,60,60,60,60,60,60,60,60,60,60,60,60,60,60,60,60,60,60,60,60,60,60,60,60,60,60,60,60,60,60,60,60,60,60,60,60,60,60,60,60,60,60,60,60,60,60,60,60,60,60,60,60,60,60,60,60,60,60,60,60,60,60,60,60,60,60,60,60,60,60,60,60,60,60,60,60,60,60,60,60,60,60,60,60,60,60,60,60,60,60,60,60,60,60]","[0,0,0,0,0,0,0,0,0,0,0,0,0,0,0,0,0,0,0,0,0,0,0,0,0,0,0,0,0,0,0,0,0,0,0,0,0,0,0,0,0,0,0,0,0,0,0,0,0,0,0,0,0,0,0,0,0,0,0,0,0,0,0,0,0,0,0,0,0,0,0,0,0,0,0,0,0,0,0,0,0,0,0,0,0,0,0,0,0,0,0,0,0,0,0,0,0,0,0,0,0,0,0,0,0,0,0,0,0,0,0,0,0,0,0,0,0,0,0,0,0,0,0,0,0,0,0,0,0,0,0,0,0,0,0,0,0,0,0,0,0,0,0,0,0,0,0,0,0,0,0,0,0,0,0,0,0,0,0,0,0,0,0,0,0,0,0]"
2026-01-19T16:01:00+01:00,[60],[0]
2026-01-19T16:02:00+01:00,[60],[0]
2026-01-19T18:50:00+01:00,"[60,60,60,60,60,60,60,60,60,60,60,60,60,60,60,60,60,60,60,60,60,60,60,60,60,60,60,60,60,60,60,60,60,60,60,60,60,60,60,60,60,60,60,60,60,60,60,60,60,60,60,60,60,60,60,60,60,60,60,60,60,60,60,60,60,60,60,60,60,60,60,60,60,60,60,60,60,60,60,60,60,60,60,60,60,60,60,60,60,60,60,60,60,60,60,60,60,60,60,60,60,60,60,60,60,60,60,60,60,60,60,60,60,60,60,60,60,60,60,60,60,60,60,60,60,60,60,60,60,60,60,60,60,60,60,60,60,60,60,60,60,60,60,60,60,60,60,60,60,60,60,60,60,60,60,60,60,60,60,60,60,60,60,60,60,60,60,60,60,60,60,60,60,60,60,60,60,60,60,60]","[0,0,0,0,0,0,0,0,0,0,0,0,0,0,0,0,0,0,0,0,0,0,0,0,0,0,0,0,0,0,0,0,0,0,0,0,0,0,0,0,0,0,0,0,0,0,0,0,0,0,0,0,0,0,0,0,0,0,0,0,0,0,0,0,0,0,0,0,0,0,0,0,0,0,0,0,0,0,0,0,0,0,0,0,0,0,0,0,0,0,0,0,0,0,0,0,0,0,0,0,0,0,0,0,0,0,0,0,0,0,0,0,0,0,0,0,0,0,0,0,0,0,0,0,0,0,0,0,0,0,0,0,0,0,0,0,0,0,0,0,0,0,0,0,0,0,0,0,0,0,0,0,0,0,0,0,0,0,0,0,0,0,0,0,0,0,0,0,0,0,0,0,0,0,0,0,0,0,0,0]"
2026-01-19T21:51:00+01:00,"[60,60,60,60,60,60,60,60,60,60,60,60,60,60,60,60,60,60,60,60,60,60,60,60,60,60,60,60,60,60,60,60,60,60,60,60,60,60,60,60,60,60,60,60,60,60,60,60,60,60,60,60,60,60,60,60,60,60,60,60,60,60,60,60,60,60,60,60,60,60,60,60,60,60,60,60,60,60,60,60,60,60,60,60,60,60,60,60,60,60,60,60,60,60,60,60]","[0,0,0,0,0,0,0,0,0,0,0,0,0,0,0,0,0,0,0,0,0,0,0,0,0,0,0,0,0,0,0,0,0,0,0,0,0,0,0,0,0,0,0,0,0,0,0,0,0,0,0,0,0,0,0,0,0,0,0,0,0,0,0,0,0,0,0,0,0,0,0,0,0,0,0,0,0,0,0,0,0,0,0,0,0,0,0,0,0,0,0,0,0,0,0,0]"
2026-01-19T23:27:00+01:00,[60],[0]
2026-01-19T23:33:00+01:00,"[60,60,60,60,60,60,60,60,60,60,60,60,60,60,60,60,60,60,60,60,60,60,60,60]","[0,0,0,0,0,0,0,0,0,0,0,0,0,0,0,0,0,0,0,0,0,0,0,0]"
2026-01-20T00:38:16+01:00,[60],[0]
2026-01-20T00:48:18+01:00,[60],[0]
2026-01-19T23:28:00+01:00,[60],[0]
2026-01-19T23:57:00+01:00,[60],[0]
2026-01-20T00:39:16+01:00,[60],[0]
2026-01-20T00:49:18+01:00,[60],[0]
2026-01-20T00:58:17+01:00,[60],[0]
2026-01-20T01:08:18+01:00,[60],[0]
2026-01-20T01:18:16+01:00,[60],[0]
2026-01-20T01:28:16+01:00,[60],[0]
2026-01-20T01:38:15+01:00,[60],[0]
2026-01-20T01:48:16+01:00,[60],[0]
2026-01-20T01:58:16+01:00,[60],[0]
2026-01-20T02:08:16+01:00,[60],[0]
2026-01-20T02:18:17+01:00,[60],[0]
2026-01-19T23:29:00+01:00,[60],[0]
2026-01-19T23:58:00+01:00,[60],[0]
2026-01-20T00:40:16+01:00,[60],[0]
2026-01-20T00:50:18+01:00,[60],[0]
2026-01-20T00:59:17+01:00,[60],[0]
2026-01-20T01:09:18+01:00,[60],[0]
2026-01-20T01:19:16+01:00,[60],[0]
2026-01-20T01:29:16+01:00,[60],[0]
2026-01-20T01:39:15+01:00,[60],[0]
2026-01-20T01:49:16+01:00,[60],[0]
2026-01-20T01:59:16+01:00,[60],[0]
2026-01-20T02:09:16+01:00,[60],[0]
2026-01-20T02:19:17+01:00,[60],[0]
2026-01-19T23:30:00+01:00,[60],[0]
2026-01-19T23:59:00+01:00,[60],[0]
2026-01-20T00:41:16+01:00,[60],[0]
2026-01-20T00:51:18+01:00,[60],[0]
2026-01-20T01:00:17+01:00,[60],[0]
2026-01-20T01:10:18+01:00,[60],[0]
2026-01-20T01:20:16+01:00,[60],[0]
2026-01-20T01:30:16+01:00,[60],[0]
2026-01-20T01:40:15+01:00,[60],[0]
2026-01-20T01:50:16+01:00,[60],[0]
2026-01-20T02:00:16+01:00,[60],[0]
2026-01-20T02:10:16+01:00,[60],[0]
2026-01-20T02:20:17+01:00,[60],[0]
2026-01-19T23:31:00+01:00,[60],[0]
2026-01-20T00:00:00+01:00,[60],[0]
2026-01-20T00:42:16+01:00,[60],[0]
2026-01-20T00:52:18+01:00,[60],[0]
2026-01-20T01:01:17+01:00,[60],[0]
2026-01-20T01:11:18+01:00,[60],[0]
2026-01-20T01:21:16+01:00,[60],[0]
2026-01-20T01:31:16+01:00,[60],[0]
2026-01-20T01:41:15+01:00,[60],[0]
2026-01-20T01:51:16+01:00,[60],[0]
2026-01-20T02:01:16+01:00,[60],[0]
2026-01-20T02:11:16+01:00,[60],[0]
2026-01-20T02:21:17+01:00,[60],[0]
2026-01-19T23:32:00+01:00,[60],[0]
2026-01-20T00:01:00+01:00,[60],[0]
2026-01-20T00:43:16+01:00,[60],[0]
2026-01-20T00:53:18+01:00,[60],[0]
2026-01-20T01:02:17+01:00,[60],[0]
2026-01-20T01:12:18+01:00,[60],[0]
2026-01-20T01:22:16+01:00,[60],[0]
2026-01-20T01:32:16+01:00,[60],[0]
2026-01-20T01:42:15+01:00,[60],[0]
2026-01-20T01:52:16+01:00,[60],[0]
2026-01-20T02:02:16+01:00,[60],[0]
2026-01-20T02:12:16+01:00,[60],[0]
2026-01-20T02:22:17+01:00,[60],[0]
2026-01-20T00:02:00+01:00,[60],[0]
2026-01-20T00:44:16+01:00,[60],[0]
2026-01-20T00:54:18+01:00,[60],[0]
2026-01-20T01:03:17+01:00,[60],[0]
2026-01-20T01:13:18+01:00,[60],[0]
2026-01-20T01:23:16+01:00,[60],[0]
2026-01-20T01:33:16+01:00,[60],[0]
2026-01-20T01:43:15+01:00,[60],[0]
2026-01-20T01:53:16+01:00,[60],[0]
2026-01-20T02:03:16+01:00,[60],[0]
2026-01-20T02:13:16+01:00,[60],[0]
2026-01-20T02:23:17+01:00,[60],[0]
2026-01-20T02:32:16+01:00,[60],[0]
2026-01-20T02:42:16+01:00,[60],[0]
2026-01-20T02:52:16+01:00,[60],[0]
2026-01-20T00:03:00+01:00,[60],[0]
2026-01-20T00:45:16+01:00,[60],[0]
2026-01-20T00:55:18+01:00,[60],[0]
2026-01-20T01:04:17+01:00,[60],[0]
2026-01-20T01:14:18+01:00,[60],[0]
2026-01-20T01:24:16+01:00,[60],[0]
2026-01-20T01:34:16+01:00,[60],[0]
2026-01-20T01:44:15+01:00,[60],[0]
2026-01-20T01:54:16+01:00,[60],[0]
2026-01-20T02:04:16+01:00,[60],[0]
2026-01-20T02:14:16+01:00,[60],[0]
2026-01-20T02:24:17+01:00,[60],[0]
2026-01-20T02:33:16+01:00,[60],[0]
2026-01-20T02:43:16+01:00,[60],[0]
2026-01-20T02:53:16+01:00,[60],[0]
2026-01-20T00:04:00+01:00,[60],[0]
2026-01-20T00:46:16+01:00,[60],[0]
2026-01-20T00:56:18+01:00,[60],[0]
2026-01-20T01:05:17+01:00,[60],[0]
2026-01-20T01:15:18+01:00,[60],[0]
2026-01-20T01:25:16+01:00,[60],[0]
2026-01-20T01:35:16+01:00,[60],[0]
2026-01-20T01:45:15+01:00,[60],[0]
2026-01-20T01:55:16+01:00,[60],[0]
2026-01-20T02:05:16+01:00,[60],[0]
2026-01-20T02:15:16+01:00,[60],[0]
2026-01-20T02:25:17+01:00,[60],[0]
2026-01-20T02:34:16+01:00,[60],[0]
2026-01-20T02:44:16+01:00,[60],[0]
2026-01-20T02:54:16+01:00,[60],[0]
2026-01-20T00:05:00+01:00,[60],[0]
2026-01-20T01:06:17+01:00,[60],[0]
2026-01-20T01:16:18+01:00,[60],[0]
2026-01-20T01:26:16+01:00,[60],[0]
2026-01-20T01:36:16+01:00,[60],[0]
2026-01-20T01:46:15+01:00,[60],[0]
2026-01-20T01:56:16+01:00,[60],[0]
2026-01-20T02:06:16+01:00,[60],[0]
2026-01-20T02:16:16+01:00,[60],[0]
2026-01-20T02:26:17+01:00,[60],[0]
2026-01-20T02:35:16+01:00,[60],[0]
2026-01-20T02:45:16+01:00,[60],[0]
2026-01-20T02:55:16+01:00,[60],[0]
2026-01-20T00:06:00+01:00,[60],[0]
2026-01-20T02:36:16+01:00,[60],[0]
2026-01-20T02:46:16+01:00,[60],[0]
2026-01-20T02:56:16+01:00,[60],[0]
2026-01-20T00:07:00+01:00,[60],[0]
2026-01-20T00:08:00+01:00,[60],[0]
2026-01-20T00:09:00+01:00,[60],[0]
2026-01-20T00:10:00+01:00,[60],[0]
2026-01-20T00:11:00+01:00,[60],[0]
2026-01-20T00:12:00+01:00,[60],[0]
2026-01-20T00:13:00+01:00,[60],[0]
2026-01-20T00:14:00+01:00,[60],[0]
2026-01-20T00:15:00+01:00,[60],[0]
2026-01-20T00:16:00+01:00,[60],[0]
2026-01-20T00:17:00+01:00,[60],[0]
2026-01-20T00:18:00+01:00,[60],[0]
2026-01-20T00:19:00+01:00,[60],[0]
2026-01-20T00:37:39+01:00,[37],[0]
2026-01-20T00:47:40+01:00,[38],[0]
2026-01-20T00:57:39+01:00,[38],[0]
2026-01-20T01:07:40+01:00,[38],[0]
2026-01-20T01:17:39+01:00,[37],[0]
2026-01-20T01:27:39+01:00,[37],[0]
2026-01-20T01:37:38+01:00,[37],[0]
2026-01-20T01:47:39+01:00,[37],[0]
2026-01-20T01:57:39+01:00,[37],[0]
2026-01-20T02:07:39+01:00,[37],[0]
2026-01-20T02:17:39+01:00,[38],[0]
2026-01-20T02:27:39+01:00,[37],[0]
2026-01-20T02:37:39+01:00,[37],[0]
2026-01-20T02:47:39+01:00,[37],[0]
2026-01-20T02:57:39+01:00,[37],[0]
2026-01-20T02:28:16+01:00,[60],[0]
2026-01-20T02:38:16+01:00,[60],[0]
2026-01-20T02:48:16+01:00,[60],[0]
2026-01-20T02:58:16+01:00,[60],[0]
2026-01-20T02:29:16+01:00,[60],[0]
2026-01-20T02:39:16+01:00,[60],[0]
2026-01-20T02:49:16+01:00,[60],[0]
2026-01-20T02:59:16+01:00,[60],[0]
2026-01-20T03:08:16+01:00,[60],[0]
2026-01-20T03:18:16+01:00,[60],[0]
2026-01-20T03:38:16+01:00,[60],[0]
2026-01-20T03:48:18+01:00,[60],[0]
2026-01-20T03:58:16+01:00,[60],[0]
2026-01-20T04:08:16+01:00,[60],[0]
2026-01-20T04:18:16+01:00,[60],[0]
2026-01-20T04:28:16+01:00,[60],[0]
2026-01-20T02:30:16+01:00,[60],[0]
2026-01-20T02:40:16+01:00,[60],[0]
2026-01-20T02:50:16+01:00,[60],[0]
2026-01-20T03:00:16+01:00,[60],[0]
2026-01-20T03:09:16+01:00,[60],[0]
2026-01-20T03:19:16+01:00,[60],[0]
2026-01-20T03:39:16+01:00,[60],[0]
2026-01-20T03:49:18+01:00,[60],[0]
2026-01-20T03:59:16+01:00,[60],[0]
2026-01-20T04:09:16+01:00,[60],[0]
2026-01-20T04:19:16+01:00,[60],[0]
2026-01-20T04:29:16+01:00,[60],[0]
2026-01-20T04:38:16+01:00,[60],[0]
2026-01-20T04:38:39+01:00,[60],[0]
2026-01-20T04:48:16+01:00,[60],[0]
2026-01-20T04:58:16+01:00,[60],[0]
2026-01-20T05:08:16+01:00,[60],[0]
2026-01-20T05:18:18+01:00,[60],[0]
2026-01-20T02:31:16+01:00,[60],[0]
2026-01-20T02:41:16+01:00,[60],[0]
2026-01-20T02:51:16+01:00,[60],[0]
2026-01-20T03:01:16+01:00,[60],[0]
2026-01-20T03:10:16+01:00,[60],[0]
2026-01-20T03:20:16+01:00,[60],[0]
2026-01-20T03:40:16+01:00,[60],[0]
2026-01-20T03:50:18+01:00,[60],[0]
2026-01-20T04:00:16+01:00,[60],[0]
2026-01-20T04:10:16+01:00,[60],[0]
2026-01-20T04:20:16+01:00,[60],[0]
2026-01-20T04:30:16+01:00,[60],[0]
2026-01-20T04:39:39+01:00,[60],[0]
2026-01-20T04:49:16+01:00,[60],[0]
2026-01-20T04:59:16+01:00,[60],[0]
2026-01-20T05:09:16+01:00,[60],[0]
2026-01-20T05:19:18+01:00,[60],[0]
2026-01-20T03:02:16+01:00,[60],[0]
2026-01-20T03:11:16+01:00,[60],[0]
2026-01-20T03:21:16+01:00,[60],[0]
2026-01-20T03:41:16+01:00,[60],[0]
2026-01-20T03:51:18+01:00,[60],[0]
2026-01-20T04:01:16+01:00,[60],[0]
2026-01-20T04:11:16+01:00,[60],[0]
2026-01-20T04:21:16+01:00,[60],[0]
2026-01-20T04:31:16+01:00,[60],[0]
2026-01-20T04:40:39+01:00,[60],[0]
2026-01-20T04:50:16+01:00,[60],[0]
2026-01-20T05:00:16+01:00,[60],[0]
2026-01-20T05:10:16+01:00,[60],[0]
2026-01-20T05:20:18+01:00,[60],[0]
2026-01-20T05:40:16+01:00,[60],[0]
2026-01-20T05:50:15+01:00,[60],[0]
2026-01-20T06:00:18+01:00,[60],[0]
2026-01-20T03:03:16+01:00,[60],[0]
2026-01-20T03:12:16+01:00,[60],[0]
2026-01-20T03:22:16+01:00,[60],[0]
2026-01-20T03:42:16+01:00,[60],[0]
2026-01-20T03:52:18+01:00,[60],[0]
2026-01-20T04:02:16+01:00,[60],[0]
2026-01-20T04:12:16+01:00,[60],[0]
2026-01-20T04:22:16+01:00,[60],[0]
2026-01-20T04:32:16+01:00,[60],[0]
2026-01-20T04:41:39+01:00,[60],[0]
2026-01-20T04:51:16+01:00,[60],[0]
2026-01-20T05:01:16+01:00,[60],[0]
2026-01-20T05:11:16+01:00,[60],[0]
2026-01-20T05:21:18+01:00,[60],[0]
2026-01-20T05:41:16+01:00,[60],[0]
2026-01-20T05:51:15+01:00,[60],[0]
2026-01-20T06:01:18+01:00,[60],[0]
2026-01-20T03:04:16+01:00,[60],[0]
2026-01-20T03:13:16+01:00,[60],[0]
2026-01-20T03:23:16+01:00,[60],[0]
2026-01-20T03:43:16+01:00,[60],[0]
2026-01-20T03:53:18+01:00,[60],[0]
2026-01-20T04:03:16+01:00,[60],[0]
2026-01-20T04:13:16+01:00,[60],[0]
2026-01-20T04:23:16+01:00,[60],[0]
2026-01-20T04:33:16+01:00,[60],[0]
2026-01-20T04:42:39+01:00,[60],[0]
2026-01-20T04:52:16+01:00,[60],[0]
2026-01-20T05:02:16+01:00,[60],[0]
2026-01-20T05:12:16+01:00,[60],[0]
2026-01-20T05:22:18+01:00,[60],[0]
2026-01-20T05:42:16+01:00,[60],[0]
2026-01-20T05:52:15+01:00,[60],[0]
2026-01-20T06:02:18+01:00,[60],[0]
2026-01-20T03:05:16+01:00,[60],[0]
2026-01-20T03:14:16+01:00,[60],[0]
2026-01-20T03:24:16+01:00,[60],[0]
2026-01-20T03:44:16+01:00,[60],[0]
2026-01-20T03:54:18+01:00,[60],[0]
2026-01-20T04:04:16+01:00,[60],[0]
2026-01-20T04:14:16+01:00,[60],[0]
2026-01-20T04:24:16+01:00,[60],[0]
2026-01-20T04:34:16+01:00,[60],[0]
2026-01-20T04:43:39+01:00,[60],[0]
2026-01-20T04:53:16+01:00,[60],[0]
2026-01-20T05:03:16+01:00,[60],[0]
2026-01-20T05:13:16+01:00,[60],[0]
2026-01-20T05:23:18+01:00,[60],[0]
2026-01-20T05:43:16+01:00,[60],[0]
2026-01-20T05:53:15+01:00,[60],[0]
2026-01-20T06:03:18+01:00,[60],[0]
2026-01-20T03:06:16+01:00,[60],[0]
2026-01-20T03:15:16+01:00,[60],[0]
2026-01-20T03:25:16+01:00,[60],[0]
2026-01-20T03:45:16+01:00,[60],[0]
2026-01-20T03:55:18+01:00,[60],[0]
2026-01-20T04:05:16+01:00,[60],[0]
2026-01-20T04:15:16+01:00,[60],[0]
2026-01-20T04:25:16+01:00,[60],[0]
2026-01-20T04:35:16+01:00,[60],[0]
2026-01-20T04:44:39+01:00,[60],[0]
2026-01-20T04:54:16+01:00,[60],[0]
2026-01-20T05:04:16+01:00,[60],[0]
2026-01-20T05:14:16+01:00,[60],[0]
2026-01-20T03:07:39+01:00,[37],[0]
2026-01-20T03:17:39+01:00,[37],[0]
2026-01-20T03:37:39+01:00,[37],[0]
2026-01-20T03:16:16+01:00,[60],[0]
2026-01-20T03:26:16+01:00,[60],[0]
2026-01-20T03:46:16+01:00,[60],[0]
2026-01-20T03:56:18+01:00,[60],[0]
2026-01-20T04:06:16+01:00,[60],[0]
2026-01-20T04:16:16+01:00,[60],[0]
2026-01-20T04:26:16+01:00,[60],[0]
2026-01-20T04:36:16+01:00,[60],[0]
2026-01-20T04:45:39+01:00,[60],[0]
2026-01-20T04:55:16+01:00,[60],[0]
2026-01-20T05:05:16+01:00,[60],[0]
2026-01-20T05:15:16+01:00,[60],[0]
2026-01-20T03:27:16+01:00,[60],[0]
2026-01-20T04:46:39+01:00,[60],[0]
2026-01-20T04:56:16+01:00,[60],[0]
2026-01-20T05:06:16+01:00,[60],[0]
2026-01-20T05:16:16+01:00,[60],[0]
2026-01-20T03:28:16+01:00,[60],[0]
2026-01-20T05:24:18+01:00,[60],[0]
2026-01-20T05:44:16+01:00,[60],[0]
2026-01-20T05:54:15+01:00,[60],[0]
2026-01-20T06:04:18+01:00,[60],[0]
2026-01-20T03:29:16+01:00,[60],[0]
2026-01-20T05:25:18+01:00,[60],[0]
2026-01-20T05:45:16+01:00,[60],[0]
2026-01-20T05:55:15+01:00,[60],[0]
2026-01-20T06:05:18+01:00,[60],[0]
2026-01-20T03:30:16+01:00,[60],[0]
2026-01-20T05:26:18+01:00,[60],[0]
2026-01-20T05:46:16+01:00,[60],[0]
2026-01-20T05:56:15+01:00,[60],[0]
2026-01-20T06:06:18+01:00,[60],[0]
2026-01-20T03:31:16+01:00,[60],[0]
2026-01-20T05:27:18+01:00,[60],[0]
2026-01-20T03:32:16+01:00,[60],[0]
2026-01-20T05:28:18+01:00,[60],[0]
2026-01-20T03:33:16+01:00,[60],[0]
2026-01-20T05:29:18+01:00,[60],[0]
2026-01-20T03:34:16+01:00,[60],[0]
2026-01-20T05:30:18+01:00,[60],[0]
2026-01-20T03:35:16+01:00,[60],[0]
2026-01-20T05:31:18+01:00,[60],[0]
2026-01-20T03:36:16+01:00,[60],[0]
2026-01-20T05:32:18+01:00,[60],[0]
2026-01-20T03:47:40+01:00,[38],[0]
2026-01-20T03:57:39+01:00,[37],[0]
2026-01-20T04:07:39+01:00,[37],[0]
2026-01-20T04:17:39+01:00,[37],[0]
2026-01-20T04:27:39+01:00,[37],[0]
2026-01-20T04:37:39+01:00,[37],[0]
2026-01-20T04:47:39+01:00,[37],[0]
2026-01-20T04:57:39+01:00,[37],[0]
2026-01-20T05:07:39+01:00,[37],[0]
2026-01-20T05:17:40+01:00,[38],[0]
2026-01-20T05:37:39+01:00,[37],[0]
2026-01-20T05:33:18+01:00,[60],[0]
2026-01-20T05:38:16+01:00,[60],[0]
2026-01-20T05:48:15+01:00,[60],[0]
2026-01-20T05:58:18+01:00,[60],[0]
2026-01-20T06:08:16+01:00,[60],[0]
2026-01-20T06:18:16+01:00,[60],[0]
2026-01-20T06:28:16+01:00,[60],[0]
2026-01-20T06:38:16+01:00,[60],[0]
2026-01-20T06:48:15+01:00,[60],[0]
2026-01-20T06:58:17+01:00,[60],[0]
2026-01-20T05:39:16+01:00,[60],[0]
2026-01-20T05:49:15+01:00,[60],[0]
2026-01-20T05:59:18+01:00,[60],[0]
2026-01-20T06:09:16+01:00,[60],[0]
2026-01-20T06:19:16+01:00,[60],[0]
2026-01-20T06:29:16+01:00,[60],[0]
2026-01-20T06:39:16+01:00,[60],[0]
2026-01-20T06:49:15+01:00,[60],[0]
2026-01-20T06:59:17+01:00,[60],[0]
2026-01-20T07:08:16+01:00,[60],[0]
2026-01-20T07:18:16+01:00,[60],[0]
2026-01-20T07:28:16+01:00,[60],[0]
2026-01-20T07:38:16+01:00,[60],[0]
2026-01-20T07:48:16+01:00,[60],[0]
2026-01-20T07:58:16+01:00,[60],[0]
2026-01-20T08:08:36+01:00,[60],[0]
2026-01-20T08:18:18+01:00,[60],[0]
2026-01-20T08:28:16+01:00,[60],[0]
2026-01-20T05:47:38+01:00,[37],[0]
2026-01-20T05:57:40+01:00,[38],[0]
2026-01-20T06:07:39+01:00,[37],[0]
2026-01-20T06:17:39+01:00,[37],[0]
2026-01-20T06:27:39+01:00,[37],[0]
2026-01-20T06:37:39+01:00,[37],[0]
2026-01-20T06:47:38+01:00,[37],[0]
2026-01-20T06:57:40+01:00,[37],[0]
2026-01-20T06:10:16+01:00,[60],[0]
2026-01-20T06:20:16+01:00,[60],[0]
2026-01-20T06:30:16+01:00,[60],[0]
2026-01-20T06:40:16+01:00,[60],[0]
2026-01-20T06:50:15+01:00,[60],[0]
2026-01-20T07:00:17+01:00,[60],[0]
2026-01-20T07:09:16+01:00,[60],[0]
2026-01-20T07:19:16+01:00,[60],[0]
2026-01-20T07:29:16+01:00,[60],[0]
2026-01-20T07:39:16+01:00,[60],[0]
2026-01-20T07:49:16+01:00,[60],[0]
2026-01-20T07:59:16+01:00,[60],[0]
2026-01-20T08:09:36+01:00,[60],[0]
2026-01-20T08:19:18+01:00,[60],[0]
2026-01-20T08:29:16+01:00,[60],[0]
2026-01-20T08:39:16+01:00,[60],[0]
2026-01-20T08:48:16+01:00,[60],[0]
2026-01-20T08:58:16+01:00,[60],[0]
2026-01-20T09:08:16+01:00,[60],[0]
2026-01-20T06:11:16+01:00,[60],[0]
2026-01-20T06:21:16+01:00,[60],[0]
2026-01-20T06:31:16+01:00,[60],[0]
2026-01-20T06:41:16+01:00,[60],[0]
2026-01-20T06:51:15+01:00,[60],[0]
2026-01-20T07:01:17+01:00,[60],[0]
2026-01-20T07:10:16+01:00,[60],[0]
2026-01-20T07:20:16+01:00,[60],[0]
2026-01-20T07:30:16+01:00,[60],[0]
2026-01-20T07:40:16+01:00,[60],[0]
2026-01-20T07:50:16+01:00,[60],[0]
2026-01-20T08:00:16+01:00,[60],[0]
2026-01-20T08:10:36+01:00,[60],[0]
2026-01-20T08:20:18+01:00,[60],[0]
2026-01-20T08:30:16+01:00,[60],[0]
2026-01-20T08:40:16+01:00,[60],[0]
2026-01-20T08:49:16+01:00,[60],[0]
2026-01-20T08:59:16+01:00,[60],[0]
2026-01-20T09:09:16+01:00,[60],[0]
2026-01-20T06:12:16+01:00,[60],[0]
2026-01-20T06:22:16+01:00,[60],[0]
2026-01-20T06:32:16+01:00,[60],[0]
2026-01-20T06:42:16+01:00,[60],[0]
2026-01-20T06:52:15+01:00,[60],[0]
2026-01-20T07:02:17+01:00,[60],[0]
2026-01-20T07:11:16+01:00,[60],[0]
2026-01-20T07:21:16+01:00,[60],[0]
2026-01-20T07:31:16+01:00,[60],[0]
2026-01-20T07:41:16+01:00,[60],[0]
2026-01-20T07:51:16+01:00,[60],[0]
2026-01-20T08:01:16+01:00,[60],[0]
2026-01-20T08:11:36+01:00,[60],[0]
2026-01-20T08:21:18+01:00,[60],[0]
2026-01-20T08:31:16+01:00,[60],[0]
2026-01-20T08:41:16+01:00,[60],[0]
2026-01-20T08:50:16+01:00,[60],[0]
2026-01-20T09:00:16+01:00,[60],[0]
2026-01-20T09:10:16+01:00,[60],[0]
2026-01-20T06:13:16+01:00,[60],[0]
2026-01-20T06:23:16+01:00,[60],[0]
2026-01-20T06:33:16+01:00,[60],[0]
2026-01-20T06:43:16+01:00,[60],[0]
2026-01-20T06:53:15+01:00,[60],[0]
2026-01-20T07:03:17+01:00,[60],[0]
2026-01-20T07:12:16+01:00,[60],[0]
2026-01-20T07:22:16+01:00,[60],[0]
2026-01-20T07:32:16+01:00,[60],[0]
2026-01-20T07:42:16+01:00,[60],[0]
2026-01-20T07:52:16+01:00,[60],[0]
2026-01-20T08:02:16+01:00,[60],[0]
2026-01-20T08:12:36+01:00,[60],[0]
2026-01-20T08:22:18+01:00,[60],[0]
2026-01-20T08:32:16+01:00,[60],[0]
2026-01-20T08:42:16+01:00,[60],[0]
2026-01-20T08:51:16+01:00,[60],[0]
2026-01-20T09:01:16+01:00,[60],[0]
2026-01-20T09:11:16+01:00,[60],[0]
2026-01-20T06:14:16+01:00,[60],[0]
2026-01-20T06:24:16+01:00,[60],[0]
2026-01-20T06:34:16+01:00,[60],[0]
2026-01-20T06:44:16+01:00,[60],[0]
2026-01-20T06:54:15+01:00,[60],[0]
2026-01-20T07:04:17+01:00,[60],[0]
2026-01-20T07:13:16+01:00,[60],[0]
2026-01-20T07:23:16+01:00,[60],[0]
2026-01-20T07:33:16+01:00,[60],[0]
2026-01-20T07:43:16+01:00,[60],[0]
2026-01-20T07:53:16+01:00,[60],[0]
2026-01-20T08:03:16+01:00,[60],[0]
2026-01-20T08:13:36+01:00,[60],[0]
2026-01-20T08:23:18+01:00,[60],[0]
2026-01-20T08:33:16+01:00,[60],[0]
2026-01-20T08:43:16+01:00,[60],[0]
2026-01-20T08:52:16+01:00,[60],[0]
2026-01-20T09:02:16+01:00,[60],[0]
2026-01-20T09:12:16+01:00,[60],[0]
2026-01-20T06:15:16+01:00,[60],[0]
2026-01-20T06:25:16+01:00,[60],[0]
2026-01-20T06:35:16+01:00,[60],[0]
2026-01-20T06:45:16+01:00,[60],[0]
2026-01-20T06:55:15+01:00,[60],[0]
2026-01-20T07:05:17+01:00,[60],[0]
2026-01-20T07:14:16+01:00,[60],[0]
2026-01-20T07:24:16+01:00,[60],[0]
2026-01-20T07:34:16+01:00,[60],[0]
2026-01-20T07:44:16+01:00,[60],[0]
2026-01-20T07:54:16+01:00,[60],[0]
2026-01-20T08:04:16+01:00,[60],[0]
2026-01-20T08:14:36+01:00,[60],[0]
2026-01-20T08:24:18+01:00,[60],[0]
2026-01-20T08:34:16+01:00,[60],[0]
2026-01-20T08:44:16+01:00,[60],[0]
2026-01-20T08:53:16+01:00,[60],[0]
2026-01-20T09:03:16+01:00,[60],[0]
2026-01-20T09:13:16+01:00,[60],[0]
2026-01-20T06:16:16+01:00,[60],[0]
2026-01-20T06:26:16+01:00,[60],[0]
2026-01-20T06:36:16+01:00,[60],[0]
2026-01-20T06:46:16+01:00,[60],[0]
2026-01-20T06:56:15+01:00,[60],[0]
2026-01-20T07:06:17+01:00,[60],[0]
2026-01-20T07:15:16+01:00,[60],[0]
2026-01-20T07:25:16+01:00,[60],[0]
2026-01-20T07:35:16+01:00,[60],[0]
2026-01-20T07:45:16+01:00,[60],[0]
2026-01-20T07:55:16+01:00,[60],[0]
2026-01-20T08:05:16+01:00,[60],[0]
2026-01-20T08:15:36+01:00,[60],[0]
2026-01-20T08:25:18+01:00,[60],[0]
2026-01-20T08:35:16+01:00,[60],[0]
2026-01-20T08:45:16+01:00,[60],[0]
2026-01-20T08:54:16+01:00,[60],[0]
2026-01-20T09:04:16+01:00,[60],[0]
2026-01-20T09:14:16+01:00,[60],[0]
2026-01-18T09:17:41+01:00,[38],[0]
2026-01-18T09:27:40+01:00,[37],[0]
2026-01-18T09:37:40+01:00,[37],[0]
2026-01-18T09:47:41+01:00,[38],[0]
2026-01-18T09:57:40+01:00,[37],[0]
2026-01-18T10:07:41+01:00,[37],[0]
2026-01-18T10:17:41+01:00,[38],[0]
2026-01-18T10:27:40+01:00,[37],[0]
2026-01-18T10:37:39+01:00,[37],[0]
2026-01-18T11:07:46+01:00,[37],[0]
2026-01-18T11:17:40+01:00,[37],[0]
2026-01-18T11:27:40+01:00,[37],[0]
2026-01-18T11:38:48+01:00,[38],[0]
2026-01-18T11:47:40+01:00,[37],[0]
2026-01-18T11:57:40+01:00,[37],[0]
2026-01-18T12:07:40+01:00,[37],[0]
2026-01-18T12:27:41+01:00,[38],[0]
2026-01-18T12:37:40+01:00,[37],[0]
2026-01-18T12:47:40+01:00,[37],[0]
2026-01-18T12:57:41+01:00,[38],[0]
2026-01-18T13:07:41+01:00,[38],[0]
2026-01-18T13:17:40+01:00,[37],[0]
2026-01-18T13:27:41+01:00,[37],[0]
2026-01-18T13:37:39+01:00,[37],[0]
2026-01-18T13:47:39+01:00,[37],[0]
2026-01-18T13:57:39+01:00,[37],[0]
2026-01-18T14:07:41+01:00,[38],[0]
2026-01-18T14:17:40+01:00,[37],[0]
2026-01-18T14:27:41+01:00,[37],[0]
2026-01-18T14:47:40+01:00,[37],[0]
2026-01-18T14:57:40+01:00,[38],[0]
2026-01-19T00:27:41+01:00,[38],[0]
2026-01-19T00:37:40+01:00,[37],[0]
2026-01-19T00:47:39+01:00,[37],[0]
2026-01-19T00:57:40+01:00,[37],[0]
2026-01-19T01:27:42+01:00,[37],[0]
2026-01-19T01:37:44+01:00,[38],[0]
2026-01-19T01:47:42+01:00,[37],[0]
2026-01-19T01:57:43+01:00,[37],[0]
2026-01-19T02:07:43+01:00,[37],[0]
2026-01-19T02:17:43+01:00,[37],[0]
2026-01-19T02:27:43+01:00,[37],[0]
2026-01-19T02:37:43+01:00,[37],[0]
2026-01-19T02:47:44+01:00,[38],[0]
2026-01-19T02:57:44+01:00,[38],[0]
2026-01-19T03:07:43+01:00,[37],[0]
2026-01-19T03:17:44+01:00,[38],[0]
2026-01-19T03:27:44+01:00,[38],[0]
2026-01-19T03:37:44+01:00,[38],[0]
2026-01-19T03:47:43+01:00,[37],[0]
2026-01-19T03:57:43+01:00,[37],[0]
2026-01-19T04:07:44+01:00,[37],[0]
2026-01-19T04:17:43+01:00,[37],[0]
2026-01-19T04:27:43+01:00,[37],[0]
2026-01-19T04:37:44+01:00,[38],[0]
2026-01-19T04:47:43+01:00,[37],[0]
2026-01-19T05:07:45+01:00,[38],[0]
2026-01-19T05:17:42+01:00,[37],[0]
2026-01-19T05:27:42+01:00,[37],[0]
2026-01-19T05:37:44+01:00,[38],[0]
2026-01-19T05:47:42+01:00,[37],[0]
2026-01-19T05:57:39+01:00,[37],[0]
2026-01-19T06:07:39+01:00,[37],[0]
2026-01-19T06:27:39+01:00,[37],[0]
2026-01-19T06:37:39+01:00,[37],[0]
2026-01-19T06:47:39+01:00,[37],[0]
2026-01-19T06:57:38+01:00,[37],[0]
2026-01-19T07:07:40+01:00,[38],[0]
2026-01-19T07:17:39+01:00,[37],[0]
2026-01-19T07:27:39+01:00,[37],[0]
2026-01-19T07:37:40+01:00,[38],[0]
2026-01-19T07:47:39+01:00,[37],[0]
2026-01-17T07:47:40+01:00,[37],[0]
2026-01-17T07:57:40+01:00,[37],[0]
2026-01-17T08:07:40+01:00,[37],[0]
2026-01-17T08:17:41+01:00,[38],[0]
2026-01-17T08:27:40+01:00,[37],[0]
2026-01-17T08:37:39+01:00,[37],[0]
2026-01-17T08:47:40+01:00,[37],[0]
2026-01-17T08:57:40+01:00,[37],[0]
2026-01-17T09:07:41+01:00,[37],[0]
2026-01-17T09:17:40+01:00,[37],[0]
2026-01-17T09:27:40+01:00,[37],[0]
2026-01-17T09:37:40+01:00,[38],[0]
2026-01-17T09:47:40+01:00,[37],[0]
2026-01-17T09:57:41+01:00,[37],[0]
2026-01-17T10:07:39+01:00,[37],[0]
2026-01-17T10:17:40+01:00,[37],[0]
2026-01-17T10:27:57+01:00,[37],[0]
2026-01-17T10:37:39+01:00,[37],[0]
2026-01-17T10:47:41+01:00,[38],[0]
2026-01-17T10:57:40+01:00,[37],[0]
2026-01-17T11:07:39+01:00,[37],[0]
2026-01-17T11:17:41+01:00,[38],[0]
2026-01-17T11:27:41+01:00,[38],[0]
2026-01-17T11:37:40+01:00,[38],[0]
2026-01-17T11:47:40+01:00,[37],[0]
2026-01-17T11:57:41+01:00,[38],[0]
2026-01-17T12:07:40+01:00,[37],[0]
2026-01-17T12:17:40+01:00,[37],[0]
2026-01-17T12:27:40+01:00,[37],[0]
2026-01-17T12:37:40+01:00,[37],[0]
2026-01-17T12:47:41+01:00,[37],[0]
2026-01-17T12:57:41+01:00,[37],[0]
2026-01-17T13:07:40+01:00,[37],[0]
2026-01-17T13:17:40+01:00,[37],[0]
2026-01-17T13:27:40+01:00,[37],[0]
2026-01-17T13:37:40+01:00,[37],[0]
2026-01-17T13:47:40+01:00,[37],[0]
2026-01-17T14:07:41+01:00,[38],[0]
2026-01-17T14:17:41+01:00,[38],[0]
2026-01-17T14:27:39+01:00,[37],[0]
2026-01-17T14:37:41+01:00,[38],[0]
2026-01-17T14:47:40+01:00,[37],[0]
2026-01-17T14:57:40+01:00,[37],[0]
2026-01-17T15:07:41+01:00,[37],[0]
2026-01-18T01:07:39+01:00,[37],[0]
2026-01-18T01:17:40+01:00,[37],[0]
2026-01-18T01:27:40+01:00,[37],[0]
2026-01-18T01:37:41+01:00,[37],[0]
2026-01-18T01:57:41+01:00,[38],[0]
2026-01-18T02:17:41+01:00,[38],[0]
2026-01-18T02:27:39+01:00,[37],[0]
2026-01-18T02:37:39+01:00,[37],[0]
2026-01-18T02:47:40+01:00,[38],[0]
2026-01-18T02:57:40+01:00,[37],[0]
2026-01-18T03:07:40+01:00,[37],[0]
2026-01-18T03:17:40+01:00,[37],[0]
2026-01-18T03:27:40+01:00,[37],[0]
2026-01-18T03:37:40+01:00,[37],[0]
2026-01-18T03:47:40+01:00,[38],[0]
2026-01-18T03:57:41+01:00,[38],[0]
2026-01-18T04:07:39+01:00,[37],[0]
2026-01-18T04:17:40+01:00,[37],[0]
2026-01-18T04:27:40+01:00,[37],[0]
2026-01-18T04:37:40+01:00,[37],[0]
2026-01-18T04:47:40+01:00,[37],[0]
2026-01-18T04:57:40+01:00,[37],[0]
2026-01-18T05:07:40+01:00,[38],[0]
2026-01-18T05:17:41+01:00,[38],[0]
2026-01-18T05:27:40+01:00,[37],[0]
2026-01-18T05:37:41+01:00,[38],[0]
2026-01-18T05:47:40+01:00,[37],[0]
2026-01-18T05:57:40+01:00,[37],[0]
2026-01-18T06:07:40+01:00,[37],[0]
2026-01-18T06:17:40+01:00,[37],[0]
2026-01-18T06:27:40+01:00,[37],[0]
2026-01-18T06:37:40+01:00,[37],[0]
2026-01-18T06:47:40+01:00,[37],[0]
2026-01-18T06:57:39+01:00,[37],[0]
2026-01-18T07:07:39+01:00,[37],[0]
2026-01-18T07:17:40+01:00,[37],[0]
2026-01-18T07:27:40+01:00,[37],[0]
2026-01-18T07:37:40+01:00,[37],[0]
2026-01-18T07:47:40+01:00,[37],[0]
2026-01-18T07:57:40+01:00,[37],[0]
2026-01-18T08:07:41+01:00,[37],[0]
2026-01-18T08:17:40+01:00,[37],[0]
2026-01-18T08:27:40+01:00,[37],[0]
2026-01-18T08:37:40+01:00,[37],[0]
2026-01-18T08:47:40+01:00,[37],[0]
2026-01-18T08:57:40+01:00,[37],[0]
2026-01-16T08:47:42+01:00,[37],[0]
2026-01-16T08:57:42+01:00,[37],[0]
2026-01-16T09:07:42+01:00,[37],[0]
2026-01-16T09:17:42+01:00,[37],[0]
2026-01-16T09:27:42+01:00,[37],[0]
2026-01-16T09:37:42+01:00,[37],[0]
2026-01-16T09:47:42+01:00,[37],[0]
2026-01-16T09:57:42+01:00,[37],[0]
2026-01-16T10:07:42+01:00,[37],[0]
2026-01-16T10:17:43+01:00,[37],[0]
2026-01-16T10:47:41+01:00,[37],[0]
2026-01-16T10:57:43+01:00,[37],[0]
2026-01-16T11:07:42+01:00,[37],[0]
2026-01-16T11:17:42+01:00,[37],[0]
2026-01-16T11:27:42+01:00,[37],[0]
2026-01-16T11:37:42+01:00,[37],[0]
2026-01-16T11:47:42+01:00,[37],[0]
2026-01-16T11:57:42+01:00,[37],[0]
2026-01-16T12:07:42+01:00,[37],[0]
2026-01-16T12:17:42+01:00,[37],[0]
2026-01-16T12:27:41+01:00,[37],[0]
2026-01-16T12:37:43+01:00,[38],[0]
2026-01-16T12:47:43+01:00,[38],[0]
2026-01-16T12:57:43+01:00,[38],[0]
2026-01-16T13:07:43+01:00,[38],[0]
2026-01-16T13:17:42+01:00,[37],[0]
2026-01-16T13:27:43+01:00,[37],[0]
2026-01-16T13:37:43+01:00,[37],[0]
2026-01-16T13:47:42+01:00,[37],[0]
2026-01-16T13:57:42+01:00,[37],[0]
2026-01-16T14:08:22+01:00,[38],[0]
2026-01-16T14:17:42+01:00,[37],[0]
2026-01-16T14:27:42+01:00,[37],[0]
2026-01-16T14:37:43+01:00,[38],[0]
2026-01-16T14:47:41+01:00,[37],[0]
2026-01-16T14:57:41+01:00,[37],[0]
2026-01-16T15:07:42+01:00,[37],[0]
2026-01-16T15:17:42+01:00,[38],[0]
2026-01-16T15:27:42+01:00,[37],[0]
2026-01-16T15:37:42+01:00,[37],[0]
2026-01-16T15:47:42+01:00,[37],[0]
2026-01-16T23:37:42+01:00,[37],[0]
2026-01-16T23:47:42+01:00,[37],[0]
2026-01-17T00:07:43+01:00,[38],[0]
2026-01-17T00:17:42+01:00,[37],[0]
2026-01-17T00:27:42+01:00,[37],[0]
2026-01-17T00:37:43+01:00,[38],[0]
2026-01-17T00:47:43+01:00,[37],[0]
2026-01-17T00:57:45+01:00,[37],[0]
2026-01-17T01:07:46+01:00,[37],[0]
2026-01-17T01:17:45+01:00,[37],[0]
2026-01-17T01:27:46+01:00,[37],[0]
2026-01-17T01:37:45+01:00,[37],[0]
2026-01-17T01:47:45+01:00,[38],[0]
2026-01-17T01:57:45+01:00,[38],[0]
2026-01-17T02:07:44+01:00,[37],[0]
2026-01-17T02:17:45+01:00,[37],[0]
2026-01-17T02:37:44+01:00,[37],[0]
2026-01-17T02:48:18+01:00,[37],[0]
2026-01-17T03:17:45+01:00,[37],[0]
2026-01-17T03:27:45+01:00,[37],[0]
2026-01-17T03:37:46+01:00,[38],[0]
2026-01-17T03:47:46+01:00,[38],[0]
2026-01-17T03:57:45+01:00,[38],[0]
2026-01-17T04:07:40+01:00,[37],[0]
2026-01-17T04:17:40+01:00,[37],[0]
2026-01-17T04:27:40+01:00,[38],[0]
2026-01-17T04:37:41+01:00,[37],[0]
2026-01-17T04:47:41+01:00,[37],[0]
2026-01-17T04:57:40+01:00,[38],[0]
2026-01-17T05:07:41+01:00,[38],[0]
2026-01-17T05:17:40+01:00,[37],[0]
2026-01-17T05:27:40+01:00,[37],[0]
2026-01-17T05:37:40+01:00,[38],[0]
2026-01-17T05:47:40+01:00,[37],[0]
2026-01-17T05:57:40+01:00,[37],[0]
2026-01-17T06:07:41+01:00,[38],[0]
2026-01-17T06:17:41+01:00,[38],[0]
2026-01-17T06:27:41+01:00,[38],[0]
2026-01-17T06:37:39+01:00,[37],[0]
2026-01-17T06:47:40+01:00,[37],[0]
2026-01-17T06:57:40+01:00,[37],[0]
2026-01-17T07:07:39+01:00,[37],[0]
2026-01-17T07:17:40+01:00,[37],[0]
2026-01-17T07:27:40+01:00,[38],[0]
2026-01-17T07:37:40+01:00,[37],[0]
2026-01-15T08:17:45+01:00,[37],[0]
2026-01-15T08:27:45+01:00,[37],[0]
2026-01-15T08:37:45+01:00,[37],[0]
2026-01-15T08:57:45+01:00,[38],[0]
2026-01-15T09:07:46+01:00,[37],[0]
2026-01-15T09:17:46+01:00,[38],[0]
2026-01-15T09:27:45+01:00,[37],[0]
2026-01-15T09:37:45+01:00,[37],[0]
2026-01-15T09:47:45+01:00,[37],[0]
2026-01-15T09:57:45+01:00,[37],[0]
2026-01-15T10:07:45+01:00,[37],[0]
2026-01-15T10:17:45+01:00,[37],[0]
2026-01-15T10:27:46+01:00,[37],[0]
2026-01-15T10:37:46+01:00,[38],[0]
2026-01-15T10:57:46+01:00,[38],[0]
2026-01-15T11:07:46+01:00,[38],[0]
2026-01-15T11:17:45+01:00,[37],[0]
2026-01-15T11:27:45+01:00,[37],[0]
2026-01-15T11:37:47+01:00,[38],[0]
2026-01-15T11:47:45+01:00,[37],[0]
2026-01-15T11:57:45+01:00,[37],[0]
2026-01-15T12:07:46+01:00,[38],[0]
2026-01-15T12:17:45+01:00,[38],[0]
2026-01-15T12:27:45+01:00,[37],[0]
2026-01-15T12:37:45+01:00,[37],[0]
2026-01-15T12:47:45+01:00,[37],[0]
2026-01-15T12:57:45+01:00,[37],[0]
2026-01-15T13:07:45+01:00,[37],[0]
2026-01-15T13:17:45+01:00,[37],[0]
2026-01-15T13:27:45+01:00,[37],[0]
2026-01-15T13:37:45+01:00,[37],[0]
2026-01-15T13:47:45+01:00,[37],[0]
2026-01-15T13:57:42+01:00,[37],[0]
2026-01-15T14:07:41+01:00,[37],[0]
2026-01-15T14:17:42+01:00,[37],[0]
2026-01-15T14:27:41+01:00,[37],[0]
2026-01-15T14:37:42+01:00,[37],[0]
2026-01-15T14:47:42+01:00,[37],[0]
2026-01-15T14:57:42+01:00,[37],[0]
2026-01-15T15:07:42+01:00,[37],[0]
2026-01-15T15:17:42+01:00,[38],[0]
2026-01-15T15:27:42+01:00,[38],[0]
2026-01-15T15:37:42+01:00,[37],[0]
2026-01-15T15:47:42+01:00,[37],[0]
2026-01-15T15:57:43+01:00,[38],[0]
2026-01-15T23:17:58+01:00,[37],[0]
2026-01-15T23:27:42+01:00,[37],[0]
2026-01-15T23:37:42+01:00,[37],[0]
2026-01-15T23:47:43+01:00,[38],[0]
2026-01-15T23:57:43+01:00,[38],[0]
2026-01-16T00:07:42+01:00,[37],[0]
2026-01-16T00:17:43+01:00,[38],[0]
2026-01-16T00:27:43+01:00,[38],[0]
2026-01-16T00:37:42+01:00,[37],[0]
2026-01-16T00:47:43+01:00,[37],[0]
2026-01-16T00:57:42+01:00,[37],[0]
2026-01-16T01:07:42+01:00,[37],[0]
2026-01-16T01:17:42+01:00,[37],[0]
2026-01-16T01:27:42+01:00,[37],[0]
2026-01-16T01:37:41+01:00,[37],[0]
2026-01-16T01:47:41+01:00,[37],[0]
2026-01-16T01:57:41+01:00,[37],[0]
2026-01-16T02:07:42+01:00,[37],[0]
2026-01-16T02:17:43+01:00,[38],[0]
2026-01-16T02:37:42+01:00,[37],[0]
2026-01-16T02:47:41+01:00,[37],[0]
2026-01-16T02:57:43+01:00,[38],[0]
2026-01-16T03:17:42+01:00,[37],[0]
2026-01-16T03:27:43+01:00,[38],[0]
2026-01-16T03:37:42+01:00,[37],[0]
2026-01-16T03:47:42+01:00,[37],[0]
2026-01-16T03:57:43+01:00,[38],[0]
2026-01-16T04:07:42+01:00,[37],[0]
2026-01-16T04:17:42+01:00,[37],[0]
2026-01-16T04:27:42+01:00,[37],[0]
2026-01-16T04:37:42+01:00,[37],[0]
2026-01-16T04:47:42+01:00,[37],[0]
2026-01-16T04:57:42+01:00,[37],[0]
2026-01-16T05:07:42+01:00,[37],[0]
2026-01-16T05:17:42+01:00,[37],[0]
2026-01-16T05:27:42+01:00,[37],[0]
2026-01-16T05:37:43+01:00,[37],[0]
2026-01-16T05:47:41+01:00,[37],[0]
2026-01-16T05:57:43+01:00,[38],[0]
2026-01-16T06:07:43+01:00,[37],[0]
2026-01-16T06:17:41+01:00,[37],[0]
2026-01-16T06:27:43+01:00,[37],[0]
2026-01-16T06:37:41+01:00,[37],[0]
2026-01-16T06:48:05+01:00,[30],[0]
2026-01-16T06:57:43+01:00,[38],[0]
2026-01-16T07:07:41+01:00,[37],[0]
2026-01-16T07:17:43+01:00,[38],[0]
2026-01-16T07:27:41+01:00,[37],[0]
2026-01-16T07:37:42+01:00,[38],[0]
2026-01-16T07:47:42+01:00,[37],[0]
2026-01-16T07:57:43+01:00,[38],[0]
2026-01-16T08:07:41+01:00,[37],[0]
2026-01-16T08:17:42+01:00,[37],[0]
2026-01-16T08:27:43+01:00,[38],[0]
2026-01-16T08:37:42+01:00,[37],[0]
2026-01-14T06:47:45+01:00,[37],[0]
2026-01-14T06:57:45+01:00,[37],[0]
2026-01-14T07:07:45+01:00,[37],[0]
2026-01-14T07:17:45+01:00,[37],[0]
2026-01-14T07:27:45+01:00,[37],[0]
2026-01-14T07:37:45+01:00,[37],[0]
2026-01-14T07:47:46+01:00,[37],[0]
2026-01-14T07:57:46+01:00,[37],[0]
2026-01-14T08:07:45+01:00,[37],[0]
2026-01-14T08:17:45+01:00,[37],[0]
2026-01-14T08:27:45+01:00,[37],[0]
2026-01-14T08:37:45+01:00,[37],[0]
2026-01-14T08:47:46+01:00,[37],[0]
2026-01-14T09:07:45+01:00,[37],[0]
2026-01-14T09:17:45+01:00,[37],[0]
2026-01-14T09:27:45+01:00,[37],[0]
2026-01-14T09:37:45+01:00,[37],[0]
2026-01-14T09:47:45+01:00,[37],[0]
2026-01-14T09:57:45+01:00,[37],[0]
2026-01-14T10:07:45+01:00,[37],[0]
2026-01-14T10:17:44+01:00,[37],[0]
2026-01-14T10:27:45+01:00,[37],[0]
2026-01-14T10:57:45+01:00,[38],[0]
2026-01-14T11:07:45+01:00,[37],[0]
2026-01-14T11:17:45+01:00,[37],[0]
2026-01-14T11:27:46+01:00,[37],[0]
2026-01-14T11:37:45+01:00,[37],[0]
2026-01-14T11:47:44+01:00,[37],[0]
2026-01-14T11:57:46+01:00,[37],[0]
2026-01-14T12:07:45+01:00,[37],[0]
2026-01-14T12:17:45+01:00,[38],[0]
2026-01-14T12:27:45+01:00,[37],[0]
2026-01-14T12:47:45+01:00,[37],[0]
2026-01-14T12:57:45+01:00,[37],[0]
2026-01-14T13:07:45+01:00,[37],[0]
2026-01-14T13:17:45+01:00,[37],[0]
2026-01-14T13:27:45+01:00,[37],[0]
2026-01-14T13:37:46+01:00,[38],[0]
2026-01-14T13:47:45+01:00,[37],[0]
2026-01-14T13:57:45+01:00,[37],[0]
2026-01-14T14:07:45+01:00,[37],[0]
2026-01-14T14:17:46+01:00,[38],[0]
2026-01-14T14:27:45+01:00,[37],[0]
2026-01-14T14:37:46+01:00,[37],[0]
2026-01-14T14:47:45+01:00,[37],[0]
2026-01-14T14:57:45+01:00,[37],[0]
2026-01-14T15:07:44+01:00,[37],[0]
2026-01-14T15:17:45+01:00,[38],[0]
2026-01-14T15:27:45+01:00,[37],[0]
2026-01-14T15:37:46+01:00,[38],[0]
2026-01-14T15:47:47+01:00,[38],[0]
2026-01-15T00:37:45+01:00,[37],[0]
2026-01-15T00:47:46+01:00,[38],[0]
2026-01-15T00:57:45+01:00,[37],[0]
2026-01-15T01:07:45+01:00,[37],[0]
2026-01-15T01:17:45+01:00,[37],[0]
2026-01-15T01:27:46+01:00,[37],[0]
2026-01-15T01:37:46+01:00,[38],[0]
2026-01-15T01:47:45+01:00,[37],[0]
2026-01-15T01:57:46+01:00,[38],[0]
2026-01-15T02:07:45+01:00,[37],[0]
2026-01-15T02:17:45+01:00,[37],[0]
2026-01-15T02:27:45+01:00,[37],[0]
2026-01-15T02:37:46+01:00,[38],[0]
2026-01-15T02:47:45+01:00,[37],[0]
2026-01-15T02:57:45+01:00,[37],[0]
2026-01-15T03:07:46+01:00,[38],[0]
2026-01-15T03:17:46+01:00,[38],[0]
2026-01-15T03:27:45+01:00,[37],[0]
2026-01-15T03:37:45+01:00,[37],[0]
2026-01-15T03:57:45+01:00,[37],[0]
2026-01-15T04:07:45+01:00,[37],[0]
2026-01-15T04:17:45+01:00,[37],[0]
2026-01-15T04:27:46+01:00,[38],[0]
2026-01-15T04:37:46+01:00,[37],[0]
2026-01-15T04:47:47+01:00,[38],[0]
2026-01-15T04:57:45+01:00,[37],[0]
2026-01-15T05:07:45+01:00,[37],[0]
2026-01-15T05:17:45+01:00,[37],[0]
2026-01-15T05:27:45+01:00,[37],[0]
2026-01-15T05:37:46+01:00,[38],[0]
2026-01-15T05:47:44+01:00,[37],[0]
2026-01-15T05:57:46+01:00,[38],[0]
2026-01-15T06:07:45+01:00,[37],[0]
2026-01-15T06:17:45+01:00,[37],[0]
2026-01-15T06:27:45+01:00,[37],[0]
2026-01-15T06:37:45+01:00,[38],[0]
2026-01-15T06:47:45+01:00,[37],[0]
2026-01-15T06:57:45+01:00,[37],[0]
2026-01-15T07:07:45+01:00,[38],[0]
2026-01-15T07:17:45+01:00,[37],[0]
2026-01-15T07:27:45+01:00,[37],[0]
2026-01-15T07:37:46+01:00,[38],[0]
2026-01-15T07:47:45+01:00,[37],[0]
2026-01-13T06:47:45+01:00,[37],[0]
2026-01-13T06:57:45+01:00,[37],[0]
2026-01-13T07:07:45+01:00,[37],[0]
2026-01-13T07:17:45+01:00,[37],[0]
2026-01-13T07:27:46+01:00,[37],[0]
2026-01-13T07:37:45+01:00,[37],[0]
2026-01-13T07:47:45+01:00,[37],[0]
2026-01-13T07:57:45+01:00,[37],[0]
2026-01-13T08:07:45+01:00,[37],[0]
2026-01-13T08:17:45+01:00,[37],[0]
2026-01-13T08:27:45+01:00,[37],[0]
2026-01-13T08:37:45+01:00,[37],[0]
2026-01-13T08:47:45+01:00,[37],[0]
2026-01-13T08:57:46+01:00,[37],[0]
2026-01-13T09:07:46+01:00,[38],[0]
2026-01-13T09:17:45+01:00,[37],[0]
2026-01-13T09:27:47+01:00,[38],[0]
2026-01-13T09:37:45+01:00,[37],[0]
2026-01-13T09:47:45+01:00,[37],[0]
2026-01-13T10:07:45+01:00,[37],[0]
2026-01-13T10:27:47+01:00,[37],[0]
2026-01-13T10:47:45+01:00,[37],[0]
2026-01-13T10:57:45+01:00,[37],[0]
2026-01-13T11:07:46+01:00,[38],[0]
2026-01-13T11:17:44+01:00,[37],[0]
2026-01-13T11:27:45+01:00,[37],[0]
2026-01-13T11:37:44+01:00,[37],[0]
2026-01-13T11:47:46+01:00,[37],[0]
2026-01-13T11:57:44+01:00,[37],[0]
2026-01-13T12:07:45+01:00,[37],[0]
2026-01-13T12:17:45+01:00,[37],[0]
2026-01-13T12:27:46+01:00,[38],[0]
2026-01-13T12:37:46+01:00,[37],[0]
2026-01-13T12:47:44+01:00,[37],[0]
2026-01-13T12:57:45+01:00,[37],[0]
2026-01-13T13:07:45+01:00,[37],[0]
2026-01-13T13:17:45+01:00,[37],[0]
2026-01-13T13:27:45+01:00,[38],[0]
2026-01-13T13:37:46+01:00,[38],[0]
2026-01-13T13:47:45+01:00,[37],[0]
2026-01-13T13:57:46+01:00,[38],[0]
2026-01-13T14:07:45+01:00,[37],[0]
2026-01-13T14:17:45+01:00,[37],[0]
2026-01-13T14:27:46+01:00,[38],[0]
2026-01-13T14:37:45+01:00,[37],[0]
2026-01-13T14:47:44+01:00,[37],[0]
2026-01-13T14:57:45+01:00,[38],[0]
2026-01-13T15:07:45+01:00,[38],[0]
2026-01-13T15:17:46+01:00,[38],[0]
2026-01-13T15:27:46+01:00,[38],[0]
2026-01-13T22:37:45+01:00,[38],[0]
2026-01-13T22:47:45+01:00,[38],[0]
2026-01-13T22:57:45+01:00,[38],[0]
2026-01-13T23:07:46+01:00,[38],[0]
2026-01-13T23:17:45+01:00,[37],[0]
2026-01-13T23:27:46+01:00,[38],[0]
2026-01-13T23:37:46+01:00,[38],[0]
2026-01-13T23:57:44+01:00,[37],[0]
2026-01-14T00:07:45+01:00,[37],[0]
2026-01-14T00:17:45+01:00,[37],[0]
2026-01-14T00:27:45+01:00,[37],[0]
2026-01-14T00:47:45+01:00,[37],[0]
2026-01-14T00:57:45+01:00,[37],[0]
2026-01-14T01:07:46+01:00,[37],[0]
2026-01-14T01:17:45+01:00,[37],[0]
2026-01-14T01:27:44+01:00,[37],[0]
2026-01-14T01:37:45+01:00,[37],[0]
2026-01-14T01:47:45+01:00,[37],[0]
2026-01-14T01:57:46+01:00,[38],[0]
2026-01-14T02:07:45+01:00,[37],[0]
2026-01-14T02:17:45+01:00,[37],[0]
2026-01-14T02:27:46+01:00,[38],[0]
2026-01-14T02:37:46+01:00,[38],[0]
2026-01-14T02:57:45+01:00,[37],[0]
2026-01-14T03:07:45+01:00,[37],[0]
2026-01-14T03:17:45+01:00,[37],[0]
2026-01-14T03:27:46+01:00,[38],[0]
2026-01-14T03:37:45+01:00,[37],[0]
2026-01-14T03:47:46+01:00,[38],[0]
2026-01-14T03:57:45+01:00,[37],[0]
2026-01-14T04:07:45+01:00,[37],[0]
2026-01-14T04:17:45+01:00,[37],[0]
2026-01-14T04:27:45+01:00,[37],[0]
2026-01-14T04:37:46+01:00,[37],[0]
2026-01-14T04:47:45+01:00,[37],[0]
2026-01-14T04:57:45+01:00,[37],[0]
2026-01-14T05:07:46+01:00,[38],[0]
2026-01-14T05:17:45+01:00,[37],[0]
2026-01-14T05:27:46+01:00,[38],[0]
2026-01-14T05:37:44+01:00,[37],[0]
2026-01-14T05:47:47+01:00,[37],[0]
2026-01-14T05:57:45+01:00,[37],[0]
2026-01-14T06:07:47+01:00,[38],[0]
2026-01-14T06:17:45+01:00,[37],[0]
2026-01-12T06:47:49+01:00,[37],[0]
2026-01-12T06:57:48+01:00,[38],[0]
2026-01-12T07:07:48+01:00,[37],[0]
2026-01-12T07:17:48+01:00,[37],[0]
2026-01-12T07:27:48+01:00,[37],[0]
2026-01-12T07:37:49+01:00,[38],[0]
2026-01-12T07:47:48+01:00,[37],[0]
2026-01-12T07:57:48+01:00,[37],[0]
2026-01-12T08:07:48+01:00,[37],[0]
2026-01-12T08:17:49+01:00,[38],[0]
2026-01-12T08:27:48+01:00,[37],[0]
2026-01-12T08:37:50+01:00,[37],[0]
2026-01-12T08:47:48+01:00,[37],[0]
2026-01-12T08:57:48+01:00,[37],[0]
2026-01-12T09:07:49+01:00,[38],[0]
2026-01-12T09:17:48+01:00,[37],[0]
2026-01-12T09:27:48+01:00,[37],[0]
2026-01-12T09:37:48+01:00,[37],[0]
2026-01-12T09:57:48+01:00,[37],[0]
2026-01-12T10:07:49+01:00,[38],[0]
2026-01-12T10:17:49+01:00,[38],[0]
2026-01-12T10:27:48+01:00,[37],[0]
2026-01-12T10:37:49+01:00,[38],[0]
2026-01-12T10:47:48+01:00,[37],[0]
2026-01-12T10:57:49+01:00,[38],[0]
2026-01-12T11:07:49+01:00,[37],[0]
2026-01-12T11:17:48+01:00,[37],[0]
2026-01-12T11:27:48+01:00,[37],[0]
2026-01-12T11:37:48+01:00,[37],[0]
2026-01-12T11:47:47+01:00,[37],[0]
2026-01-12T11:57:30+01:00,[1],[0]
2026-01-12T11:57:46+01:00,[60],[0]
2026-01-12T11:57:52+01:00,[60],[0]
2026-01-12T11:57:55+01:00,[60],[0]
2026-01-12T11:57:58+01:00,[60],[0]
2026-01-12T11:58:00+01:00,[60],[0]
2026-01-12T11:58:03+01:00,[60],[0]
2026-01-12T11:58:05+01:00,[60],[0]
2026-01-12T11:58:08+01:00,"[30,30,27,30]","[0,0,0,0]"
2026-01-12T12:01:37+01:00,"[30,24,60]","[0,0,0]"
2026-01-12T12:02:41+01:00,[60],[0]
2026-01-12T12:02:46+01:00,[60],[0]
2026-01-12T12:02:51+01:00,"[30,30,30,30,2,60]","[0,0,0,0,0,0]"
2026-01-12T12:04:59+01:00,[60],[0]
2026-01-12T12:06:37+01:00,"[30,6,60]","[0,0,0]"
2026-01-12T12:07:18+01:00,[60],[0]
2026-01-12T12:07:23+01:00,[60],[0]
2026-01-12T12:07:28+01:00,[60],[0]
2026-01-12T12:07:30+01:00,[60],[0]
2026-01-12T12:07:32+01:00,[60],[0]
2026-01-12T12:07:35+01:00,[60],[0]
2026-01-12T12:07:37+01:00,[60],[0]
2026-01-12T12:07:39+01:00,"[1,2,60]","[0,0,0]"
2026-01-12T12:07:44+01:00,"[30,30,30,30]","[0,0,0,0]"
2026-01-12T12:09:45+01:00,[60],[0]
2026-01-12T12:09:50+01:00,[60],[0]
2026-01-12T12:09:52+01:00,[60],[0]
2026-01-12T12:09:55+01:00,"[1,2,1,2,1,3,30,36,30,20,60]","[0,0,0,0,0,0,0,0,0,0,0]"
2026-01-12T12:12:20+01:00,[60],[0]
2026-01-12T12:12:22+01:00,[60],[0]
2026-01-12T12:12:24+01:00,"[1,2,60]","[0,0,0]"
2026-01-12T12:12:29+01:00,"[30,30]","[0,0]"
2026-01-12T12:13:46+01:00,[37],[0]
2026-01-12T12:17:44+01:00,[37],[0]
2026-01-12T12:27:45+01:00,[37],[0]
2026-01-12T12:48:02+01:00,[37],[0]
2026-01-12T13:07:45+01:00,[37],[0]
2026-01-12T13:17:45+01:00,[37],[0]
2026-01-12T13:27:45+01:00,[37],[0]
2026-01-12T13:37:45+01:00,[37],[0]
2026-01-12T13:47:45+01:00,[37],[0]
2026-01-12T13:57:45+01:00,[37],[0]
2026-01-12T14:07:46+01:00,[38],[0]
2026-01-12T14:17:45+01:00,[38],[0]
2026-01-12T14:27:45+01:00,[37],[0]
2026-01-12T14:37:45+01:00,[37],[0]
2026-01-13T00:47:45+01:00,[37],[0]
2026-01-13T00:58:32+01:00,[38],[0]
2026-01-13T01:07:45+01:00,[38],[0]
2026-01-13T01:17:46+01:00,[38],[0]
2026-01-13T01:27:45+01:00,[37],[0]
2026-01-13T01:37:45+01:00,[37],[0]
2026-01-13T01:47:46+01:00,[38],[0]
2026-01-13T01:57:45+01:00,[37],[0]
2026-01-13T02:07:46+01:00,[38],[0]
2026-01-13T02:17:46+01:00,[37],[0]
2026-01-13T02:27:46+01:00,[38],[0]
2026-01-13T02:37:45+01:00,[38],[0]
2026-01-13T02:57:45+01:00,[37],[0]
2026-01-13T03:07:45+01:00,[37],[0]
2026-01-13T03:17:46+01:00,[38],[0]
2026-01-13T03:27:45+01:00,[38],[0]
2026-01-13T03:37:46+01:00,[37],[0]
2026-01-13T03:47:45+01:00,[37],[0]
2026-01-13T04:07:46+01:00,[38],[0]
2026-01-13T04:17:45+01:00,[37],[0]
2026-01-13T04:27:45+01:00,[37],[0]
2026-01-13T04:37:45+01:00,[36],[0]
2026-01-13T04:47:45+01:00,[37],[0]
2026-01-13T04:57:45+01:00,[37],[0]
2026-01-13T05:07:46+01:00,[37],[0]
2026-01-13T05:17:45+01:00,[37],[0]
2026-01-13T05:27:45+01:00,[37],[0]
2026-01-13T05:37:45+01:00,[37],[0]
2026-01-13T05:47:45+01:00,[37],[0]
2026-01-13T05:57:45+01:00,[37],[0]
2026-01-13T06:07:46+01:00,[37],[0]
2026-01-13T06:17:45+01:00,[37],[0]
2026-01-13T06:27:45+01:00,[37],[0]
2026-01-13T06:37:46+01:00,[37],[0]
2026-01-11T07:07:48+01:00,[37],[0]
2026-01-11T07:17:49+01:00,[38],[0]
2026-01-11T07:27:47+01:00,[37],[0]
2026-01-11T07:37:49+01:00,[38],[0]
2026-01-11T07:47:47+01:00,[37],[0]
2026-01-11T07:57:47+01:00,[37],[0]
2026-01-11T08:07:49+01:00,[38],[0]
2026-01-11T08:17:48+01:00,[37],[0]
2026-01-11T08:27:48+01:00,[37],[0]
2026-01-11T08:37:48+01:00,[37],[0]
2026-01-11T08:47:48+01:00,[37],[0]
2026-01-11T09:07:48+01:00,[37],[0]
2026-01-11T09:17:49+01:00,[37],[0]
2026-01-11T09:27:49+01:00,[38],[0]
2026-01-11T09:37:48+01:00,[37],[0]
2026-01-11T09:57:48+01:00,[38],[0]
2026-01-11T10:17:49+01:00,[38],[0]
2026-01-11T10:27:48+01:00,[37],[0]
2026-01-11T10:37:48+01:00,[37],[0]
2026-01-11T10:47:48+01:00,[37],[0]
2026-01-11T11:07:49+01:00,[37],[0]
2026-01-11T11:17:47+01:00,[37],[0]
2026-01-11T11:27:48+01:00,[37],[0]
2026-01-11T11:37:48+01:00,[37],[0]
2026-01-11T11:47:48+01:00,[37],[0]
2026-01-11T12:07:47+01:00,[37],[0]
2026-01-11T12:17:49+01:00,[38],[0]
2026-01-11T12:27:48+01:00,[37],[0]
2026-01-11T12:37:48+01:00,[37],[0]
2026-01-11T12:47:49+01:00,[37],[0]
2026-01-11T12:57:47+01:00,[37],[0]
2026-01-11T13:07:48+01:00,[37],[0]
2026-01-11T13:17:48+01:00,[37],[0]
2026-01-11T13:27:49+01:00,[38],[0]
2026-01-11T13:37:48+01:00,[37],[0]
2026-01-11T13:47:48+01:00,[37],[0]
2026-01-11T13:57:48+01:00,[37],[0]
2026-01-11T14:07:48+01:00,[37],[0]
2026-01-12T00:57:47+01:00,[37],[0]
2026-01-12T01:27:48+01:00,[37],[0]
2026-01-12T01:37:48+01:00,[37],[0]
2026-01-12T01:47:48+01:00,[37],[0]
2026-01-12T01:57:48+01:00,[37],[0]
2026-01-12T02:07:49+01:00,[37],[0]
2026-01-12T02:17:49+01:00,[37],[0]
2026-01-12T02:27:48+01:00,[37],[0]
2026-01-12T02:37:48+01:00,[37],[0]
2026-01-12T02:47:48+01:00,[37],[0]
2026-01-12T02:57:48+01:00,[37],[0]
2026-01-12T03:07:48+01:00,[37],[0]
2026-01-12T03:17:48+01:00,[37],[0]
2026-01-12T03:27:48+01:00,[37],[0]
2026-01-12T03:37:49+01:00,[38],[0]
2026-01-12T03:47:48+01:00,[37],[0]
2026-01-12T03:57:48+01:00,[37],[0]
2026-01-12T04:07:49+01:00,[38],[0]
2026-01-12T04:27:49+01:00,[38],[0]
2026-01-12T04:37:49+01:00,[38],[0]
2026-01-12T04:47:48+01:00,[37],[0]
2026-01-12T04:57:48+01:00,[37],[0]
2026-01-12T05:07:48+01:00,[37],[0]
2026-01-12T05:17:48+01:00,[37],[0]
2026-01-12T05:27:49+01:00,[38],[0]
2026-01-12T05:37:48+01:00,[37],[0]
2026-01-12T05:47:48+01:00,[37],[0]
2026-01-12T05:57:48+01:00,[37],[0]
2026-01-12T06:07:48+01:00,[37],[0]
2026-01-12T06:17:48+01:00,[37],[0]
2026-01-12T06:27:48+01:00,[37],[0]
2026-01-12T06:37:49+01:00,[38],[0]
2026-01-10T08:57:48+01:00,[37],[0]
2026-01-10T09:07:48+01:00,[37],[0]
2026-01-10T09:17:48+01:00,[37],[0]
2026-01-10T09:27:48+01:00,[37],[0]
2026-01-10T09:37:49+01:00,[38],[0]
2026-01-10T09:47:49+01:00,[37],[0]
2026-01-10T09:57:48+01:00,[38],[0]
2026-01-10T10:07:49+01:00,[37],[0]
2026-01-10T10:17:48+01:00,[37],[0]
2026-01-10T10:27:48+01:00,[37],[0]
2026-01-10T10:37:48+01:00,[37],[0]
2026-01-10T10:47:49+01:00,[38],[0]
2026-01-10T10:57:48+01:00,[37],[0]
2026-01-10T11:07:48+01:00,[37],[0]
2026-01-10T11:17:49+01:00,[38],[0]
2026-01-10T11:27:48+01:00,[37],[0]
2026-01-10T11:37:49+01:00,[38],[0]
2026-01-10T11:47:49+01:00,[38],[0]
2026-01-10T11:57:49+01:00,[38],[0]
2026-01-10T12:17:48+01:00,[38],[0]
2026-01-10T12:27:48+01:00,[37],[0]
2026-01-10T12:37:48+01:00,[37],[0]
2026-01-10T12:47:48+01:00,[37],[0]
2026-01-10T12:57:48+01:00,[37],[0]
2026-01-10T13:07:48+01:00,[37],[0]
2026-01-10T13:17:49+01:00,[38],[0]
2026-01-10T13:27:48+01:00,[37],[0]
2026-01-10T13:37:48+01:00,[37],[0]
2026-01-10T13:47:48+01:00,[37],[0]
2026-01-10T13:57:49+01:00,[38],[0]
2026-01-10T14:07:48+01:00,[37],[0]
2026-01-10T14:17:48+01:00,[37],[0]
2026-01-10T14:27:48+01:00,[37],[0]
2026-01-10T14:37:48+01:00,[37],[0]
2026-01-10T14:47:49+01:00,[38],[0]
2026-01-10T14:57:48+01:00,[37],[0]
2026-01-10T15:07:48+01:00,[37],[0]
2026-01-10T15:17:48+01:00,[38],[0]
2026-01-10T15:27:48+01:00,[37],[0]
2026-01-10T15:37:48+01:00,[38],[0]
2026-01-10T15:47:48+01:00,[37],[0]
2026-01-10T15:57:48+01:00,[37],[0]
2026-01-10T16:07:49+01:00,[37],[0]
2026-01-10T16:17:48+01:00,[37],[0]
2026-01-10T16:27:49+01:00,[38],[0]
2026-01-10T16:37:49+01:00,[38],[0]
2026-01-10T16:47:48+01:00,[37],[0]
2026-01-10T16:57:48+01:00,[37],[0]
2026-01-10T17:07:48+01:00,[37],[0]
2026-01-10T17:17:48+01:00,[37],[0]
2026-01-10T17:27:49+01:00,[38],[0]
2026-01-10T17:37:48+01:00,[37],[0]
2026-01-11T04:57:48+01:00,[37],[0]
2026-01-11T05:17:49+01:00,[38],[0]
2026-01-11T05:27:48+01:00,[37],[0]
2026-01-11T05:37:48+01:00,[37],[0]
2026-01-11T05:47:49+01:00,[38],[0]
2026-01-11T05:57:47+01:00,[37],[0]
2026-01-11T06:07:48+01:00,[37],[0]
2026-01-11T06:17:48+01:00,[37],[0]
2026-01-11T06:37:48+01:00,[37],[0]
2026-01-11T06:47:48+01:00,[37],[0]
2026-01-11T06:57:48+01:00,[38],[0]
2026-01-09T06:37:51+01:00,[37],[0]
2026-01-09T06:47:51+01:00,[37],[0]
2026-01-09T06:57:52+01:00,[38],[0]
2026-01-09T07:07:51+01:00,[37],[0]
2026-01-09T07:17:51+01:00,[37],[0]
2026-01-09T07:27:52+01:00,[37],[0]
2026-01-09T07:37:52+01:00,[38],[0]
2026-01-09T07:47:52+01:00,[37],[0]
2026-01-09T07:57:51+01:00,[37],[0]
2026-01-09T08:07:51+01:00,[37],[0]
2026-01-09T08:17:51+01:00,[37],[0]
2026-01-09T08:27:50+01:00,[37],[0]
2026-01-09T08:37:52+01:00,[38],[0]
2026-01-09T08:47:51+01:00,[37],[0]
2026-01-09T08:57:51+01:00,[37],[0]
2026-01-09T09:07:52+01:00,[37],[0]
2026-01-09T09:17:52+01:00,[38],[0]
2026-01-09T09:27:51+01:00,[37],[0]
2026-01-09T09:37:52+01:00,[38],[0]
2026-01-09T09:47:52+01:00,[37],[0]
2026-01-09T09:57:52+01:00,[38],[0]
2026-01-09T10:07:51+01:00,[37],[0]
2026-01-09T10:17:51+01:00,[37],[0]
2026-01-09T10:27:52+01:00,[38],[0]
2026-01-09T10:37:52+01:00,[38],[0]
2026-01-09T10:47:50+01:00,[37],[0]
2026-01-09T10:57:51+01:00,[37],[0]
2026-01-09T11:07:52+01:00,[38],[0]
2026-01-09T11:17:51+01:00,[37],[0]
2026-01-09T11:27:52+01:00,[38],[0]
2026-01-09T11:37:50+01:00,[37],[0]
2026-01-09T11:47:52+01:00,[38],[0]
2026-01-09T11:57:51+01:00,[37],[0]
2026-01-09T12:07:52+01:00,[38],[0]
2026-01-09T12:17:51+01:00,[37],[0]
2026-01-09T12:27:51+01:00,[37],[0]
2026-01-09T12:37:51+01:00,[37],[0]
2026-01-09T12:47:51+01:00,[37],[0]
2026-01-09T12:57:51+01:00,[37],[0]
2026-01-09T13:07:52+01:00,[38],[0]
2026-01-09T13:17:52+01:00,[38],[0]
2026-01-09T13:27:52+01:00,[37],[0]
2026-01-09T13:37:51+01:00,[37],[0]
2026-01-09T13:47:52+01:00,[38],[0]
2026-01-09T13:57:51+01:00,[37],[0]
2026-01-09T14:07:51+01:00,[37],[0]
2026-01-09T14:17:51+01:00,[37],[0]
2026-01-09T14:27:51+01:00,[37],[0]
2026-01-09T14:37:51+01:00,[37],[0]
2026-01-09T14:47:52+01:00,[38],[0]
2026-01-10T00:37:48+01:00,[37],[0]
2026-01-10T00:47:49+01:00,[38],[0]
2026-01-10T00:57:48+01:00,[37],[0]
2026-01-10T01:07:48+01:00,[37],[0]
2026-01-10T01:17:49+01:00,[37],[0]
2026-01-10T01:47:48+01:00,[37],[0]
2026-01-10T01:57:48+01:00,[37],[0]
2026-01-10T02:07:48+01:00,[37],[0]
2026-01-10T02:17:48+01:00,[37],[0]
2026-01-10T02:27:48+01:00,[37],[0]
2026-01-10T02:37:48+01:00,[37],[0]
2026-01-10T02:47:49+01:00,[38],[0]
2026-01-10T03:07:49+01:00,[37],[0]
2026-01-10T03:17:48+01:00,[37],[0]
2026-01-10T03:27:49+01:00,[38],[0]
2026-01-10T03:37:48+01:00,[37],[0]
2026-01-10T03:47:48+01:00,[37],[0]
2026-01-10T03:57:49+01:00,[37],[0]
2026-01-10T04:07:48+01:00,[37],[0]
2026-01-10T04:17:49+01:00,[38],[0]
2026-01-10T04:27:48+01:00,[37],[0]
2026-01-10T04:47:48+01:00,[37],[0]
2026-01-10T04:57:48+01:00,[37],[0]
2026-01-10T05:07:48+01:00,[37],[0]
2026-01-10T05:17:48+01:00,[37],[0]
2026-01-10T05:27:48+01:00,[37],[0]
2026-01-10T05:38:01+01:00,[37],[0]
2026-01-10T05:47:47+01:00,[37],[0]
2026-01-10T05:57:48+01:00,[37],[0]
2026-01-10T06:07:48+01:00,[37],[0]
2026-01-10T06:17:49+01:00,[38],[0]
2026-01-10T06:27:48+01:00,[37],[0]
2026-01-10T06:37:49+01:00,[38],[0]
2026-01-10T06:47:49+01:00,[38],[0]
2026-01-10T06:57:49+01:00,[38],[0]
2026-01-10T07:17:48+01:00,[37],[0]
2026-01-10T07:27:48+01:00,[37],[0]
2026-01-10T07:37:49+01:00,[38],[0]
2026-01-10T07:47:48+01:00,[37],[0]
2026-01-10T07:57:48+01:00,[37],[0]
2026-01-10T08:07:48+01:00,[37],[0]
2026-01-10T08:17:48+01:00,[38],[0]
2026-01-10T08:27:48+01:00,[37],[0]
2026-01-10T08:37:48+01:00,[37],[0]
2026-01-10T08:47:49+01:00,[37],[0]
2026-01-08T06:47:52+01:00,[37],[0]
2026-01-08T06:57:52+01:00,[38],[0]
2026-01-08T07:07:52+01:00,[37],[0]
2026-01-08T07:17:51+01:00,[37],[0]
2026-01-08T07:27:51+01:00,[37],[0]
2026-01-08T07:37:52+01:00,[38],[0]
2026-01-08T07:47:51+01:00,[37],[0]
2026-01-08T07:57:51+01:00,[37],[0]
2026-01-08T08:07:52+01:00,[37],[0]
2026-01-08T08:17:51+01:00,[37],[0]
2026-01-08T08:27:51+01:00,[37],[0]
2026-01-08T08:37:51+01:00,[37],[0]
2026-01-08T08:47:51+01:00,[37],[0]
2026-01-08T08:57:52+01:00,[37],[0]
2026-01-08T09:07:52+01:00,[38],[0]
2026-01-08T09:17:51+01:00,[37],[0]
2026-01-08T09:27:52+01:00,[37],[0]
2026-01-08T09:37:51+01:00,[37],[0]
2026-01-08T09:47:52+01:00,[38],[0]
2026-01-08T09:57:53+01:00,[38],[0]
2026-01-08T10:07:51+01:00,[37],[0]
2026-01-08T10:17:52+01:00,[38],[0]
2026-01-08T10:27:52+01:00,[37],[0]
2026-01-08T10:37:52+01:00,[38],[0]
2026-01-08T10:47:51+01:00,[37],[0]
2026-01-08T10:57:51+01:00,[37],[0]
2026-01-08T11:07:52+01:00,[37],[0]
2026-01-08T11:17:52+01:00,[38],[0]
2026-01-08T11:27:52+01:00,[37],[0]
2026-01-08T11:37:52+01:00,[38],[0]
2026-01-08T11:47:51+01:00,[37],[0]
2026-01-08T11:57:50+01:00,[37],[0]
2026-01-08T12:07:52+01:00,[38],[0]
2026-01-08T12:17:51+01:00,[37],[0]
2026-01-08T12:37:51+01:00,[37],[0]
2026-01-08T12:47:52+01:00,[37],[0]
2026-01-08T12:57:51+01:00,[37],[0]
2026-01-08T13:07:51+01:00,[37],[0]
2026-01-08T13:17:51+01:00,[37],[0]
2026-01-08T13:27:52+01:00,[37],[0]
2026-01-08T13:37:51+01:00,[37],[0]
2026-01-08T13:47:51+01:00,[37],[0]
2026-01-08T13:57:51+01:00,[37],[0]
2026-01-08T14:07:51+01:00,[37],[0]
2026-01-08T14:17:51+01:00,[37],[0]
2026-01-08T14:27:51+01:00,[37],[0]
2026-01-08T14:37:51+01:00,[37],[0]
2026-01-08T23:47:52+01:00,[38],[0]
2026-01-08T23:57:52+01:00,[38],[0]
2026-01-09T00:06:38+01:00,[37],[0]
2026-01-09T00:07:52+01:00,[37],[0]
2026-01-09T00:37:51+01:00,[37],[0]
2026-01-09T00:47:51+01:00,[37],[0]
2026-01-09T00:57:52+01:00,[37],[0]
2026-01-09T01:08:32+01:00,[37],[0]
2026-01-09T01:17:51+01:00,[37],[0]
2026-01-09T01:27:50+01:00,[37],[0]
2026-01-09T01:37:52+01:00,[38],[0]
2026-01-09T01:47:50+01:00,[37],[0]
2026-01-09T01:57:52+01:00,[38],[0]
2026-01-09T02:07:51+01:00,[37],[0]
2026-01-09T02:17:51+01:00,[37],[0]
2026-01-09T02:27:51+01:00,[37],[0]
2026-01-09T02:37:51+01:00,[37],[0]
2026-01-09T02:47:52+01:00,[38],[0]
2026-01-09T02:57:51+01:00,[37],[0]
2026-01-09T03:07:52+01:00,[38],[0]
2026-01-09T03:17:51+01:00,[37],[0]
2026-01-09T03:27:51+01:00,[37],[0]
2026-01-09T03:37:51+01:00,[37],[0]
2026-01-09T03:47:51+01:00,[37],[0]
2026-01-09T03:57:52+01:00,[38],[0]
2026-01-09T04:07:51+01:00,[37],[0]
2026-01-09T04:17:51+01:00,[37],[0]
2026-01-09T04:27:51+01:00,[37],[0]
2026-01-09T04:37:51+01:00,[37],[0]
2026-01-09T04:47:51+01:00,[37],[0]
2026-01-09T04:57:51+01:00,[37],[0]
2026-01-09T05:07:51+01:00,[37],[0]
2026-01-09T05:17:50+01:00,[37],[0]
2026-01-09T05:27:50+01:00,[37],[0]
2026-01-09T05:37:51+01:00,[37],[0]
2026-01-09T05:47:52+01:00,[38],[0]
2026-01-09T05:57:51+01:00,[37],[0]
2026-01-09T06:07:51+01:00,[37],[0]
2026-01-09T06:17:51+01:00,[37],[0]
2026-01-09T06:27:52+01:00,[38],[0]
2026-01-07T08:57:52+01:00,[38],[0]
2026-01-07T09:07:51+01:00,[37],[0]
2026-01-07T09:17:52+01:00,[38],[0]
2026-01-07T09:27:51+01:00,[37],[0]
2026-01-07T09:37:52+01:00,[37],[0]
2026-01-07T09:47:51+01:00,[37],[0]
2026-01-07T09:57:51+01:00,[37],[0]
2026-01-07T10:07:51+01:00,[37],[0]
2026-01-07T10:17:51+01:00,[37],[0]
2026-01-07T10:37:51+01:00,[37],[0]
2026-01-07T10:47:52+01:00,[37],[0]
2026-01-07T10:57:52+01:00,[38],[0]
2026-01-07T11:17:50+01:00,[37],[0]
2026-01-07T11:27:50+01:00,[37],[0]
2026-01-07T11:37:52+01:00,[37],[0]
2026-01-07T11:47:52+01:00,[38],[0]
2026-01-07T11:57:51+01:00,[37],[0]
2026-01-07T12:07:51+01:00,[37],[0]
2026-01-07T12:17:52+01:00,[38],[0]
2026-01-07T12:27:52+01:00,[38],[0]
2026-01-07T12:37:51+01:00,[38],[0]
2026-01-07T12:47:51+01:00,[37],[0]
2026-01-07T12:57:50+01:00,[37],[0]
2026-01-07T13:07:51+01:00,[37],[0]
2026-01-07T13:17:51+01:00,[37],[0]
2026-01-07T13:27:52+01:00,[38],[0]
2026-01-07T13:37:52+01:00,[37],[0]
2026-01-08T00:17:51+01:00,[37],[0]
2026-01-08T00:27:51+01:00,[37],[0]
2026-01-08T00:37:51+01:00,[37],[0]
2026-01-08T00:47:51+01:00,[37],[0]
2026-01-08T00:57:51+01:00,[37],[0]
2026-01-08T01:07:51+01:00,[37],[0]
2026-01-08T01:17:51+01:00,[37],[0]
2026-01-08T01:27:51+01:00,[37],[0]
2026-01-08T01:37:51+01:00,[37],[0]
2026-01-08T01:47:51+01:00,[37],[0]
2026-01-08T01:57:51+01:00,[37],[0]
2026-01-08T02:07:52+01:00,[38],[0]
2026-01-08T02:17:52+01:00,[38],[0]
2026-01-08T02:27:52+01:00,[38],[0]
2026-01-08T02:37:51+01:00,[37],[0]
2026-01-08T02:47:51+01:00,[37],[0]
2026-01-08T02:57:51+01:00,[37],[0]
2026-01-08T03:07:52+01:00,[38],[0]
2026-01-08T03:17:51+01:00,[37],[0]
2026-01-08T03:27:52+01:00,[37],[0]
2026-01-08T03:37:52+01:00,[38],[0]
2026-01-08T03:47:51+01:00,[37],[0]
2026-01-08T03:57:51+01:00,[37],[0]
2026-01-08T04:07:51+01:00,[37],[0]
2026-01-08T04:17:51+01:00,[37],[0]
2026-01-08T04:27:51+01:00,[37],[0]
2026-01-08T04:37:51+01:00,[37],[0]
2026-01-08T04:47:52+01:00,[38],[0]
2026-01-08T04:57:51+01:00,[37],[0]
2026-01-08T05:07:51+01:00,[37],[0]
2026-01-08T05:17:51+01:00,[37],[0]
2026-01-08T05:27:51+01:00,[38],[0]
2026-01-08T05:37:51+01:00,[37],[0]
2026-01-08T05:47:51+01:00,[37],[0]
2026-01-08T05:57:51+01:00,[37],[0]
2026-01-08T06:07:51+01:00,[37],[0]
2026-01-08T06:17:51+01:00,[37],[0]
2026-01-08T06:27:51+01:00,[37],[0]
2026-01-08T06:37:51+01:00,[37],[0]
2026-01-06T09:07:54+01:00,[37],[0]
2026-01-06T09:17:55+01:00,[37],[0]
2026-01-06T09:27:54+01:00,[37],[0]
2026-01-06T09:37:54+01:00,[37],[0]
2026-01-06T09:47:54+01:00,[37],[0]
2026-01-06T09:57:07+01:00,[37],[0]
2026-01-06T10:05:14+01:00,[38],[0]
2026-01-06T10:17:54+01:00,[37],[0]
2026-01-06T10:27:54+01:00,[37],[0]
2026-01-06T10:47:55+01:00,[38],[0]
2026-01-06T10:57:54+01:00,[37],[0]
2026-01-06T11:07:54+01:00,[37],[0]
2026-01-06T11:17:55+01:00,[38],[0]
2026-01-06T11:28:07+01:00,[37],[0]
2026-01-06T11:37:54+01:00,[37],[0]
2026-01-06T11:47:54+01:00,[37],[0]
2026-01-06T12:17:54+01:00,[37],[0]
2026-01-06T12:27:53+01:00,[37],[0]
2026-01-06T12:37:54+01:00,[37],[0]
2026-01-06T12:47:54+01:00,[37],[0]
2026-01-06T12:57:53+01:00,[37],[0]
2026-01-06T13:07:55+01:00,[38],[0]
2026-01-06T13:17:55+01:00,[38],[0]
2026-01-06T13:27:54+01:00,[38],[0]
2026-01-06T13:37:54+01:00,[37],[0]
2026-01-06T13:47:55+01:00,[38],[0]
2026-01-06T13:57:54+01:00,[37],[0]
2026-01-06T14:07:54+01:00,[37],[0]
2026-01-06T14:17:54+01:00,[37],[0]
2026-01-06T14:27:54+01:00,[37],[0]
2026-01-06T14:37:54+01:00,[38],[0]
2026-01-06T14:47:53+01:00,[37],[0]
2026-01-06T14:57:54+01:00,[37],[0]
2026-01-06T15:07:54+01:00,[37],[0]
2026-01-06T15:17:55+01:00,[38],[0]
2026-01-06T15:27:53+01:00,[37],[0]
2026-01-06T15:37:50+01:00,[37],[0]
2026-01-06T15:47:51+01:00,[38],[0]
2026-01-06T15:57:51+01:00,[37],[0]
2026-01-07T02:17:51+01:00,[37],[0]
2026-01-07T02:27:52+01:00,[38],[0]
2026-01-07T02:37:51+01:00,[37],[0]
2026-01-07T02:47:51+01:00,[37],[0]
2026-01-07T02:57:52+01:00,[38],[0]
2026-01-07T03:07:52+01:00,[38],[0]
2026-01-07T03:17:51+01:00,[37],[0]
2026-01-07T03:37:52+01:00,[38],[0]
2026-01-07T03:47:52+01:00,[37],[0]
2026-01-07T03:57:51+01:00,[37],[0]
2026-01-07T04:07:51+01:00,[37],[0]
2026-01-07T04:17:51+01:00,[37],[0]
2026-01-07T04:27:52+01:00,[38],[0]
2026-01-07T04:37:51+01:00,[37],[0]
2026-01-07T04:47:51+01:00,[37],[0]
2026-01-07T04:57:51+01:00,[37],[0]
2026-01-07T05:07:52+01:00,[38],[0]
2026-01-07T05:17:52+01:00,[38],[0]
2026-01-07T05:27:52+01:00,[38],[0]
2026-01-07T05:37:52+01:00,[38],[0]
2026-01-07T05:47:51+01:00,[37],[0]
2026-01-07T05:57:52+01:00,[38],[0]
2026-01-07T06:07:52+01:00,[38],[0]
2026-01-07T06:17:52+01:00,[38],[0]
2026-01-07T06:27:51+01:00,[37],[0]
2026-01-07T06:37:51+01:00,[37],[0]
2026-01-07T06:47:52+01:00,[38],[0]
2026-01-07T06:57:52+01:00,[37],[0]
2026-01-07T07:07:51+01:00,[37],[0]
2026-01-07T07:17:51+01:00,[37],[0]
2026-01-07T07:27:52+01:00,[38],[0]
2026-01-07T07:37:52+01:00,[38],[0]
2026-01-07T07:47:51+01:00,[37],[0]
2026-01-07T07:57:51+01:00,[37],[0]
2026-01-07T08:07:52+01:00,[38],[0]
2026-01-07T08:17:51+01:00,[37],[0]
2026-01-07T08:27:51+01:00,[37],[0]
2026-01-07T08:37:51+01:00,[37],[0]
2026-01-07T08:47:51+01:00,[38],[0]
2026-01-05T07:27:55+01:00,[38],[0]
2026-01-05T07:37:54+01:00,[37],[0]
2026-01-05T07:47:54+01:00,[37],[0]
2026-01-05T07:57:54+01:00,[37],[0]
2026-01-05T08:07:54+01:00,[37],[0]
2026-01-05T08:17:54+01:00,[37],[0]
2026-01-05T08:27:54+01:00,[37],[0]
2026-01-05T08:37:54+01:00,[37],[0]
2026-01-05T08:47:54+01:00,[37],[0]
2026-01-05T08:57:55+01:00,[38],[0]
2026-01-05T09:07:55+01:00,[38],[0]
2026-01-05T09:17:55+01:00,[38],[0]
2026-01-05T09:27:53+01:00,[37],[0]
2026-01-05T09:37:54+01:00,[37],[0]
2026-01-05T09:47:54+01:00,[37],[0]
2026-01-05T09:57:53+01:00,[37],[0]
2026-01-05T10:07:54+01:00,[37],[0]
2026-01-05T10:27:53+01:00,[36],[0]
2026-01-05T10:37:54+01:00,[38],[0]
2026-01-05T10:47:55+01:00,[38],[0]
2026-01-05T10:57:54+01:00,[37],[0]
2026-01-05T11:07:53+01:00,[37],[0]
2026-01-05T11:17:55+01:00,[38],[0]
2026-01-05T11:27:54+01:00,[37],[0]
2026-01-05T11:37:54+01:00,[37],[0]
2026-01-05T11:47:54+01:00,[37],[0]
2026-01-05T11:57:54+01:00,[37],[0]
2026-01-05T12:07:54+01:00,[37],[0]
2026-01-05T12:17:54+01:00,[37],[0]
2026-01-05T12:27:54+01:00,[37],[0]
2026-01-05T12:37:54+01:00,[37],[0]
2026-01-05T12:57:07+01:00,[1],[0]
2026-01-05T12:57:37+01:00,"[30,30,29,30,30,30,30,22,30,30,30,30,30,4,30,30,30,30,30,9,30,30,30,30,22,30,30,30,30,23,30,30,30,30,27,30,30,30,30,23,30,30,30,30,22,30,30,30,30,22,30,30,30,30,28,30,30,30,30,28,30,30,30,30,22,30,30,30,30,29,30,30,30,30,21,30,30,30,30,23,30,30,30,30,21,30,30,30,30,25,60]","[0,0,0,0,0,0,0,0,0,0,0,0,0,0,0,0,0,0,0,0,0,0,0,0,0,0,0,0,0,0,0,0,0,0,0,0,0,0,0,0,0,0,0,0,0,0,0,0,0,0,0,0,0,0,0,0,0,0,0,0,0,0,0,0,0,0,0,0,0,0,0,0,0,0,0,0,0,0,0,0,0,0,0,0,0,0,0,0,0,0,0]"
2026-01-05T13:40:20+01:00,"[30,30,30,30,23,60]","[0,0,0,0,0,0]"
2026-01-05T13:42:45+01:00,[60],[0]
2026-01-05T13:42:47+01:00,[60],[0]
2026-01-05T13:42:49+01:00,"[30,30,30,30,20,30,30,30,30,17,60]","[0,0,0,0,0,0,0,0,0,0,0]"
2026-01-05T13:47:29+01:00,"[30,30]","[0,0]"
2026-01-05T13:49:07+01:00,[37],[0]
2026-01-06T00:37:55+01:00,[37],[0]
2026-01-06T00:57:54+01:00,[37],[0]
2026-01-06T01:07:54+01:00,[37],[0]
2026-01-06T01:17:54+01:00,[38],[0]
2026-01-06T01:27:55+01:00,[38],[0]
2026-01-06T01:37:54+01:00,[37],[0]
2026-01-06T01:47:54+01:00,[37],[0]
2026-01-06T01:57:55+01:00,[38],[0]
2026-01-06T02:07:54+01:00,[37],[0]
2026-01-06T02:17:54+01:00,[37],[0]
2026-01-06T02:27:55+01:00,[38],[0]
2026-01-06T02:37:54+01:00,[37],[0]
2026-01-06T02:47:54+01:00,[37],[0]
2026-01-06T02:57:55+01:00,[38],[0]
2026-01-06T03:07:54+01:00,[37],[0]
2026-01-06T03:17:55+01:00,[38],[0]
2026-01-06T03:27:54+01:00,[37],[0]
2026-01-06T03:37:54+01:00,[37],[0]
2026-01-06T03:47:54+01:00,[37],[0]
2026-01-06T03:57:54+01:00,[37],[0]
2026-01-06T04:07:55+01:00,[38],[0]
2026-01-06T04:17:54+01:00,[37],[0]
2026-01-06T04:27:55+01:00,[38],[0]
2026-01-06T04:37:54+01:00,[37],[0]
2026-01-06T04:47:55+01:00,[38],[0]
2026-01-06T04:57:54+01:00,[37],[0]
2026-01-06T05:07:54+01:00,[37],[0]
2026-01-06T05:17:54+01:00,[37],[0]
2026-01-06T05:27:57+01:00,[38],[0]
2026-01-06T05:37:54+01:00,[37],[0]
2026-01-06T05:47:54+01:00,[37],[0]
2026-01-06T05:57:54+01:00,[37],[0]
2026-01-06T06:07:54+01:00,[37],[0]
2026-01-06T06:17:54+01:00,[37],[0]
2026-01-06T06:27:54+01:00,[37],[0]
2026-01-06T06:37:54+01:00,[37],[0]
2026-01-06T06:47:55+01:00,[38],[0]
2026-01-06T06:57:54+01:00,[37],[0]
2026-01-06T07:07:54+01:00,[37],[0]
2026-01-06T07:17:54+01:00,[37],[0]
2026-01-06T07:27:54+01:00,[37],[0]
2026-01-06T07:37:54+01:00,[37],[0]
2026-01-06T07:47:54+01:00,[37],[0]
2026-01-06T07:57:54+01:00,[37],[0]
2026-01-06T08:07:54+01:00,[37],[0]
2026-01-06T08:17:55+01:00,[38],[0]
2026-01-06T08:27:55+01:00,[38],[0]
2026-01-06T08:37:54+01:00,[37],[0]
2026-01-06T08:47:55+01:00,[38],[0]
2026-01-06T08:57:54+01:00,[37],[0]
2026-01-04T07:27:55+01:00,[38],[0]
2026-01-04T07:37:54+01:00,[37],[0]
2026-01-04T07:47:55+01:00,[38],[0]
2026-01-04T07:57:55+01:00,[38],[0]
2026-01-04T08:07:54+01:00,[37],[0]
2026-01-04T08:17:54+01:00,[37],[0]
2026-01-04T08:27:54+01:00,[37],[0]
2026-01-04T08:37:54+01:00,[37],[0]
2026-01-04T08:47:54+01:00,[37],[0]
2026-01-04T08:57:54+01:00,[37],[0]
2026-01-04T09:07:55+01:00,[38],[0]
2026-01-04T09:17:54+01:00,[37],[0]
2026-01-04T09:27:54+01:00,[37],[0]
2026-01-04T09:47:55+01:00,[38],[0]
2026-01-04T09:57:54+01:00,[37],[0]
2026-01-04T10:07:54+01:00,[37],[0]
2026-01-04T10:37:55+01:00,[38],[0]
2026-01-04T10:47:54+01:00,[37],[0]
2026-01-04T10:57:55+01:00,[38],[0]
2026-01-04T11:07:54+01:00,[37],[0]
2026-01-04T11:37:54+01:00,[37],[0]
2026-01-04T11:47:54+01:00,[37],[0]
2026-01-04T11:57:54+01:00,[37],[0]
2026-01-04T12:07:54+01:00,[37],[0]
2026-01-04T12:17:54+01:00,[37],[0]
2026-01-04T12:28:01+01:00,[37],[0]
2026-01-04T12:37:54+01:00,[38],[0]
2026-01-04T12:47:54+01:00,[37],[0]
2026-01-04T12:57:54+01:00,[37],[0]
2026-01-04T13:17:54+01:00,[37],[0]
2026-01-04T13:27:54+01:00,[37],[0]
2026-01-04T13:37:54+01:00,[37],[0]
2026-01-04T13:47:55+01:00,[38],[0]
2026-01-04T13:57:54+01:00,[37],[0]
2026-01-04T14:07:55+01:00,[38],[0]
2026-01-04T14:17:54+01:00,[37],[0]
2026-01-04T14:27:54+01:00,[37],[0]
2026-01-04T14:37:54+01:00,[37],[0]
2026-01-04T14:47:54+01:00,[37],[0]
2026-01-04T14:57:54+01:00,[37],[0]
2026-01-04T15:07:54+01:00,[37],[0]
2026-01-05T00:37:54+01:00,[38],[0]
2026-01-05T00:47:54+01:00,[37],[0]
2026-01-05T00:57:53+01:00,[37],[0]
2026-01-05T01:07:54+01:00,[38],[0]
2026-01-05T01:27:59+01:00,[37],[0]
2026-01-05T01:37:55+01:00,[38],[0]
2026-01-05T01:47:54+01:00,[37],[0]
2026-01-05T01:57:54+01:00,[37],[0]
2026-01-05T02:07:54+01:00,[37],[0]
2026-01-05T02:17:54+01:00,[37],[0]
2026-01-05T02:27:55+01:00,[38],[0]
2026-01-05T02:37:54+01:00,[37],[0]
2026-01-05T02:47:55+01:00,[38],[0]
2026-01-05T02:57:54+01:00,[37],[0]
2026-01-05T03:07:54+01:00,[37],[0]
2026-01-05T03:17:54+01:00,[37],[0]
2026-01-05T03:27:54+01:00,[37],[0]
2026-01-05T03:37:55+01:00,[38],[0]
2026-01-05T03:47:54+01:00,[37],[0]
2026-01-05T03:57:54+01:00,[37],[0]
2026-01-05T04:07:54+01:00,[37],[0]
2026-01-05T04:17:54+01:00,[37],[0]
2026-01-05T04:27:54+01:00,[37],[0]
2026-01-05T04:37:54+01:00,[37],[0]
2026-01-05T04:47:54+01:00,[37],[0]
2026-01-05T04:57:54+01:00,[37],[0]
2026-01-05T05:07:54+01:00,[37],[0]
2026-01-05T05:17:54+01:00,[37],[0]
2026-01-05T05:27:54+01:00,[37],[0]
2026-01-05T05:37:54+01:00,[37],[0]
2026-01-05T05:47:53+01:00,[37],[0]
2026-01-05T05:57:54+01:00,[37],[0]
2026-01-05T06:07:54+01:00,[37],[0]
2026-01-05T06:17:54+01:00,[37],[0]
2026-01-05T06:27:54+01:00,[37],[0]
2026-01-05T06:37:54+01:00,[37],[0]
2026-01-05T06:47:54+01:00,[37],[0]
2026-01-05T06:57:54+01:00,[37],[0]
2026-01-05T07:07:54+01:00,[37],[0]
2026-01-05T07:17:54+01:00,[37],[0]
2026-01-03T09:07:58+01:00,[37],[0]
2026-01-03T09:17:56+01:00,[37],[0]
2026-01-03T09:27:58+01:00,[38],[0]
2026-01-03T09:37:57+01:00,[38],[0]
2026-01-03T09:47:57+01:00,[37],[0]
2026-01-03T09:57:58+01:00,[38],[0]
2026-01-03T10:07:57+01:00,[37],[0]
2026-01-03T10:47:57+01:00,[37],[0]
2026-01-03T12:07:54+01:00,[37],[0]
2026-01-03T12:17:53+01:00,[37],[0]
2026-01-03T12:27:55+01:00,[38],[0]
2026-01-03T12:37:55+01:00,[38],[0]
2026-01-03T12:57:54+01:00,[37],[0]
2026-01-03T13:07:54+01:00,[37],[0]
2026-01-03T13:17:54+01:00,[37],[0]
2026-01-03T13:27:54+01:00,[37],[0]
2026-01-03T13:37:54+01:00,[37],[0]
2026-01-03T13:47:54+01:00,[37],[0]
2026-01-03T13:57:54+01:00,[37],[0]
2026-01-03T14:07:54+01:00,[37],[0]
2026-01-03T14:17:54+01:00,[37],[0]
2026-01-03T14:27:54+01:00,[37],[0]
2026-01-03T14:37:54+01:00,[38],[0]
2026-01-03T14:47:54+01:00,[37],[0]
2026-01-03T23:56:17+01:00,[60],[0]
2026-01-04T00:07:53+01:00,[37],[0]
2026-01-04T00:27:54+01:00,[37],[0]
2026-01-04T00:37:54+01:00,[37],[0]
2026-01-04T00:47:54+01:00,[37],[0]
2026-01-04T00:57:54+01:00,[37],[0]
2026-01-04T01:07:53+01:00,[37],[0]
2026-01-04T01:17:54+01:00,[37],[0]
2026-01-04T01:27:54+01:00,[37],[0]
2026-01-04T01:37:54+01:00,[37],[0]
2026-01-04T01:47:55+01:00,[38],[0]
2026-01-04T01:57:54+01:00,[37],[0]
2026-01-04T02:07:54+01:00,[37],[0]
2026-01-04T02:17:54+01:00,[38],[0]
2026-01-04T02:27:54+01:00,[37],[0]
2026-01-04T02:37:54+01:00,[37],[0]
2026-01-04T02:47:54+01:00,[37],[0]
2026-01-04T02:57:54+01:00,[37],[0]
2026-01-04T03:07:54+01:00,[38],[0]
2026-01-04T03:17:54+01:00,[37],[0]
2026-01-04T03:27:55+01:00,[38],[0]
2026-01-04T03:37:53+01:00,[37],[0]
2026-01-04T03:47:54+01:00,[37],[0]
2026-01-04T03:57:54+01:00,[37],[0]
2026-01-04T04:07:54+01:00,[37],[0]
2026-01-04T04:17:55+01:00,[38],[0]
2026-01-04T04:37:54+01:00,[37],[0]
2026-01-04T04:47:54+01:00,[37],[0]
2026-01-04T04:57:54+01:00,[37],[0]
2026-01-04T05:07:55+01:00,[38],[0]
2026-01-04T05:17:55+01:00,[38],[0]
2026-01-04T05:27:54+01:00,[37],[0]
2026-01-04T05:37:54+01:00,[37],[0]
2026-01-04T05:47:55+01:00,[38],[0]
2026-01-04T05:57:54+01:00,[38],[0]
2026-01-04T06:07:54+01:00,[38],[0]
2026-01-04T06:17:54+01:00,[37],[0]
2026-01-04T06:27:54+01:00,[38],[0]
2026-01-04T06:37:55+01:00,[37],[0]
2026-01-04T06:47:53+01:00,[37],[0]
2026-01-04T06:57:56+01:00,[38],[0]
2026-01-04T07:07:55+01:00,[38],[0]
2026-01-02T08:57:58+01:00,[37],[0]
2026-01-02T09:07:57+01:00,[37],[0]
2026-01-02T09:17:57+01:00,[37],[0]
2026-01-02T09:27:57+01:00,[37],[0]
2026-01-02T09:37:57+01:00,[38],[0]
2026-01-02T09:47:57+01:00,[37],[0]
2026-01-02T09:57:57+01:00,[37],[0]
2026-01-02T10:07:57+01:00,[37],[0]
2026-01-02T10:17:57+01:00,[37],[0]
2026-01-02T10:27:58+01:00,[38],[0]
2026-01-02T10:37:57+01:00,[37],[0]
2026-01-02T10:47:57+01:00,[37],[0]
2026-01-02T10:57:57+01:00,[37],[0]
2026-01-02T11:07:58+01:00,[37],[0]
2026-01-02T11:17:58+01:00,[38],[0]
2026-01-02T11:27:56+01:00,[37],[0]
2026-01-02T11:37:57+01:00,[37],[0]
2026-01-02T11:47:58+01:00,[38],[0]
2026-01-02T11:57:58+01:00,[38],[0]
2026-01-02T12:07:56+01:00,[37],[0]
2026-01-02T12:17:57+01:00,[37],[0]
2026-01-02T12:27:57+01:00,[37],[0]
2026-01-02T12:37:56+01:00,[37],[0]
2026-01-02T12:47:57+01:00,[37],[0]
2026-01-02T12:57:57+01:00,[37],[0]
2026-01-02T13:17:57+01:00,[37],[0]
2026-01-02T13:27:56+01:00,[37],[0]
2026-01-03T00:27:56+01:00,[37],[0]
2026-01-03T00:37:58+01:00,[38],[0]
2026-01-03T00:47:56+01:00,[37],[0]
2026-01-03T00:57:58+01:00,[38],[0]
2026-01-03T01:07:58+01:00,[38],[0]
2026-01-03T01:27:56+01:00,[37],[0]
2026-01-03T01:37:56+01:00,[37],[0]
2026-01-03T01:57:57+01:00,[37],[0]
2026-01-03T02:07:58+01:00,[38],[0]
2026-01-03T02:17:57+01:00,[37],[0]
2026-01-03T02:27:57+01:00,[37],[0]
2026-01-03T02:37:58+01:00,[37],[0]
2026-01-03T02:47:58+01:00,[38],[0]
2026-01-03T02:57:58+01:00,[38],[0]
2026-01-03T03:07:58+01:00,[38],[0]
2026-01-03T03:17:57+01:00,[37],[0]
2026-01-03T03:27:57+01:00,[37],[0]
2026-01-03T03:37:57+01:00,[37],[0]
2026-01-03T03:47:57+01:00,[37],[0]
2026-01-03T03:57:58+01:00,[38],[0]
2026-01-03T04:07:57+01:00,[37],[0]
2026-01-03T04:17:57+01:00,[37],[0]
2026-01-03T04:27:57+01:00,[37],[0]
2026-01-03T04:37:57+01:00,[37],[0]
2026-01-03T04:47:57+01:00,[37],[0]
2026-01-03T05:07:56+01:00,[37],[0]
2026-01-03T05:17:57+01:00,[37],[0]
2026-01-03T05:27:57+01:00,[37],[0]
2026-01-03T05:37:57+01:00,[37],[0]
2026-01-03T05:47:58+01:00,[38],[0]
2026-01-03T05:57:56+01:00,[37],[0]
2026-01-03T06:07:56+01:00,[37],[0]
2026-01-03T06:17:57+01:00,[37],[0]
2026-01-03T06:27:56+01:00,[37],[0]
2026-01-03T06:37:58+01:00,[38],[0]
2026-01-03T06:47:57+01:00,[37],[0]
2026-01-03T06:57:57+01:00,[37],[0]
2026-01-03T07:07:57+01:00,[37],[0]
2026-01-03T07:17:58+01:00,[38],[0]
2026-01-03T07:27:57+01:00,[37],[0]
2026-01-03T07:37:58+01:00,[37],[0]
2026-01-03T07:47:57+01:00,[37],[0]
2026-01-03T07:57:57+01:00,[37],[0]
2026-01-03T08:07:57+01:00,[38],[0]
2026-01-03T08:17:56+01:00,[37],[0]
2026-01-03T08:27:56+01:00,[37],[0]
2026-01-03T08:37:57+01:00,[37],[0]
2026-01-03T08:47:58+01:00,[38],[0]
2026-01-03T08:57:57+01:00,[37],[0]
2026-01-01T09:57:57+01:00,[37],[0]
2026-01-01T10:17:57+01:00,[37],[0]
2026-01-01T10:27:57+01:00,[37],[0]
2026-01-01T10:32:08+01:00,[84],[0]
2026-01-01T10:37:58+01:00,[37],[0]
2026-01-01T10:47:57+01:00,[37],[0]
2026-01-01T10:30:50+01:00,[60],[0]
2026-01-01T10:57:57+01:00,[37],[0]
2026-01-01T11:07:57+01:00,[37],[0]
2026-01-01T11:17:57+01:00,[37],[0]
2026-01-01T11:27:58+01:00,[38],[0]
2026-01-01T11:37:57+01:00,[38],[0]
2026-01-01T11:47:58+01:00,[38],[0]
2026-01-01T11:57:57+01:00,[37],[0]
2026-01-01T12:07:56+01:00,[37],[0]
2026-01-01T12:17:58+01:00,[38],[0]
2026-01-01T12:27:58+01:00,[37],[0]
2026-01-01T12:37:57+01:00,[37],[0]
2026-01-01T12:47:57+01:00,[37],[0]
2026-01-01T12:57:58+01:00,[37],[0]
2026-01-01T13:17:56+01:00,[37],[0]
2026-01-01T13:27:58+01:00,[37],[0]
2026-01-01T13:37:58+01:00,[37],[0]
2026-01-01T13:47:58+01:00,[37],[0]
2026-01-01T13:57:57+01:00,[37],[0]
2026-01-01T14:07:57+01:00,[37],[0]
2026-01-01T14:17:58+01:00,[37],[0]
2026-01-01T14:27:57+01:00,[37],[0]
2026-01-01T14:37:58+01:00,[37],[0]
2026-01-01T14:47:57+01:00,[37],[0]
2026-01-01T23:47:57+01:00,[38],[0]
2026-01-01T23:56:05+01:00,[37],[0]
2026-01-01T23:57:58+01:00,[38],[0]
2026-01-02T00:07:57+01:00,[37],[0]
2026-01-02T00:17:58+01:00,[38],[0]
2026-01-02T00:27:57+01:00,[37],[0]
2026-01-02T00:37:58+01:00,[38],[0]
2026-01-02T00:47:57+01:00,[37],[0]
2026-01-02T00:57:57+01:00,[37],[0]
2026-01-02T01:07:57+01:00,[37],[0]
2026-01-02T01:17:58+01:00,[38],[0]
2026-01-02T01:27:58+01:00,[38],[0]
2026-01-02T01:37:57+01:00,[37],[0]
2026-01-02T01:47:57+01:00,[37],[0]
2026-01-02T01:57:57+01:00,[37],[0]
2026-01-02T02:07:57+01:00,[37],[0]
2026-01-02T02:17:58+01:00,[38],[0]
2026-01-02T02:37:57+01:00,[37],[0]
2026-01-02T02:47:57+01:00,[37],[0]
2026-01-02T02:57:58+01:00,[38],[0]
2026-01-02T03:07:57+01:00,[37],[0]
2026-01-02T03:17:57+01:00,[38],[0]
2026-01-02T03:27:58+01:00,[38],[0]
2026-01-02T03:37:56+01:00,[37],[0]
2026-01-02T03:47:56+01:00,[37],[0]
2026-01-02T03:57:57+01:00,[38],[0]
2026-01-02T04:07:57+01:00,[37],[0]
2026-01-02T04:17:58+01:00,[38],[0]
2026-01-02T04:27:56+01:00,[37],[0]
2026-01-02T04:37:58+01:00,[38],[0]
2026-01-02T04:47:56+01:00,[37],[0]
2026-01-02T04:57:57+01:00,[37],[0]
2026-01-02T05:07:57+01:00,[37],[0]
2026-01-02T05:17:58+01:00,[38],[0]
2026-01-02T05:27:56+01:00,[37],[0]
2026-01-02T05:37:58+01:00,[37],[0]
2026-01-02T05:47:57+01:00,[37],[0]
2026-01-02T05:57:57+01:00,[37],[0]
2026-01-02T06:07:57+01:00,[37],[0]
2026-01-02T06:17:56+01:00,[37],[0]
2026-01-02T06:37:56+01:00,[37],[0]
2026-01-02T06:47:57+01:00,[37],[0]
2026-01-02T06:57:57+01:00,[37],[0]
2026-01-02T07:07:58+01:00,[38],[0]
2026-01-02T07:10:08+01:00,[38],[0]
2026-01-02T07:17:56+01:00,[37],[0]
2026-01-02T07:27:57+01:00,[37],[0]
2026-01-02T07:37:58+01:00,[38],[0]
2026-01-02T07:47:57+01:00,[37],[0]
2026-01-02T07:57:58+01:00,[38],[0]
2026-01-02T08:07:58+01:00,[38],[0]
2026-01-02T08:17:56+01:00,[37],[0]
2026-01-02T08:27:57+01:00,[37],[0]
2026-01-02T08:37:57+01:00,[37],[0]
2026-01-02T08:47:57+01:00,[37],[0]
2025-12-31T09:17:58+01:00,[37],[0]
2025-12-31T09:27:57+01:00,[37],[0]
2025-12-31T09:37:58+01:00,[38],[0]
2025-12-31T09:47:58+01:00,[38],[0]
2025-12-31T09:57:57+01:00,[37],[0]
2025-12-31T10:07:58+01:00,[38],[0]
2025-12-31T10:17:57+01:00,[37],[0]
2025-12-31T10:27:57+01:00,[37],[0]
2025-12-31T10:37:58+01:00,[38],[0]
2025-12-31T10:47:57+01:00,[37],[0]
2025-12-31T10:57:57+01:00,[38],[0]
2025-12-31T11:07:57+01:00,[37],[0]
2025-12-31T11:17:57+01:00,[37],[0]
2025-12-31T11:27:58+01:00,[37],[0]
2025-12-31T11:37:58+01:00,[38],[0]
2025-12-31T11:57:56+01:00,[37],[0]
2025-12-31T12:07:58+01:00,[38],[0]
2025-12-31T12:17:57+01:00,[37],[0]
2025-12-31T12:27:57+01:00,[37],[0]
2025-12-31T12:37:57+01:00,[37],[0]
2025-12-31T12:47:57+01:00,[38],[0]
2025-12-31T12:57:58+01:00,[38],[0]
2025-12-31T13:07:58+01:00,[38],[0]
2025-12-31T13:17:57+01:00,[37],[0]
2025-12-31T13:27:56+01:00,[37],[0]
2025-12-31T13:37:58+01:00,[38],[0]
2025-12-31T13:47:58+01:00,[38],[0]
2025-12-31T13:57:57+01:00,[37],[0]
2025-12-31T14:07:57+01:00,[38],[0]
2025-12-31T14:17:58+01:00,[38],[0]
2025-12-31T14:27:57+01:00,[37],[0]
2025-12-31T14:37:57+01:00,[37],[0]
2025-12-31T14:47:57+01:00,[37],[0]
2025-12-31T14:57:57+01:00,[38],[0]
2025-12-31T15:07:57+01:00,[37],[0]
2025-12-31T15:17:57+01:00,[37],[0]
2025-12-31T15:27:57+01:00,[37],[0]
2025-12-31T15:37:57+01:00,[37],[0]
2025-12-31T15:47:57+01:00,[37],[0]
2025-12-31T15:57:57+01:00,[38],[0]
2025-12-31T16:07:58+01:00,[38],[0]
2025-12-31T16:17:58+01:00,[38],[0]
2025-12-31T16:27:57+01:00,[37],[0]
2025-12-31T16:37:58+01:00,[38],[0]
2025-12-31T16:47:58+01:00,[38],[0]
2025-12-31T16:54:46+01:00,[37],[0]
2025-12-31T16:57:57+01:00,[37],[0]
2025-12-31T17:07:58+01:00,[37],[0]
2026-01-01T02:27:58+01:00,[37],[0]
2026-01-01T02:37:57+01:00,[37],[0]
2026-01-01T02:47:57+01:00,[37],[0]
2026-01-01T02:57:57+01:00,[37],[0]
2026-01-01T03:07:57+01:00,[37],[0]
2026-01-01T03:17:57+01:00,[37],[0]
2026-01-01T03:27:57+01:00,[37],[0]
2026-01-01T03:37:57+01:00,[37],[0]
2026-01-01T03:47:57+01:00,[37],[0]
2026-01-01T03:57:58+01:00,[38],[0]
2026-01-01T04:07:57+01:00,[37],[0]
2026-01-01T04:17:58+01:00,[38],[0]
2026-01-01T04:27:57+01:00,[37],[0]
2026-01-01T04:37:56+01:00,[37],[0]
2026-01-01T04:47:57+01:00,[37],[0]
2026-01-01T04:57:58+01:00,[38],[0]
2026-01-01T05:07:57+01:00,[37],[0]
2026-01-01T05:17:58+01:00,[38],[0]
2026-01-01T05:27:57+01:00,[37],[0]
2026-01-01T05:37:57+01:00,[37],[0]
2026-01-01T05:47:58+01:00,[38],[0]
2026-01-01T05:57:56+01:00,[37],[0]
2026-01-01T06:08:49+01:00,[37],[0]
2026-01-01T06:17:59+01:00,[38],[0]
2026-01-01T06:27:58+01:00,[38],[0]
2026-01-01T06:37:57+01:00,[38],[0]
2026-01-01T06:47:58+01:00,[38],[0]
2025-12-30T07:28:01+01:00,[38],[0]
2025-12-30T07:38:00+01:00,[37],[0]
2025-12-30T07:48:00+01:00,[37],[0]
2025-12-30T07:58:01+01:00,[38],[0]
2025-12-30T08:08:01+01:00,[38],[0]
2025-12-30T08:18:00+01:00,[37],[0]
2025-12-30T08:28:01+01:00,[38],[0]
2025-12-30T08:48:00+01:00,[37],[0]
2025-12-30T08:58:00+01:00,[37],[0]
2025-12-30T09:08:00+01:00,[37],[0]
2025-12-30T09:18:00+01:00,[37],[0]
2025-12-30T09:28:00+01:00,[37],[0]
2025-12-30T09:38:38+01:00,[37],[0]
2025-12-30T09:48:00+01:00,[37],[0]
2025-12-30T09:57:59+01:00,[37],[0]
2025-12-30T10:08:01+01:00,[38],[0]
2025-12-30T10:18:12+01:00,[38],[0]
2025-12-30T10:48:00+01:00,[37],[0]
2025-12-30T10:58:01+01:00,[38],[0]
2025-12-30T11:08:00+01:00,[37],[0]
2025-12-30T11:18:01+01:00,[38],[0]
2025-12-30T11:28:00+01:00,[37],[0]
2025-12-30T11:38:00+01:00,[37],[0]
2025-12-30T11:48:00+01:00,[37],[0]
2025-12-30T11:58:00+01:00,[37],[0]
2025-12-30T12:07:59+01:00,[37],[0]
2025-12-30T12:28:01+01:00,[38],[0]
2025-12-30T12:38:00+01:00,[37],[0]
2025-12-30T12:48:00+01:00,[37],[0]
2025-12-30T12:58:01+01:00,[38],[0]
2025-12-30T13:08:00+01:00,[37],[0]
2025-12-30T13:18:00+01:00,[37],[0]
2025-12-30T13:28:01+01:00,[38],[0]
2025-12-30T13:38:00+01:00,[37],[0]
2025-12-30T13:48:01+01:00,[38],[0]
2025-12-30T13:58:00+01:00,[37],[0]
2025-12-31T01:28:00+01:00,[37],[0]
2025-12-31T01:38:00+01:00,[37],[0]
2025-12-31T01:48:13+01:00,[37],[0]
2025-12-31T01:58:01+01:00,[38],[0]
2025-12-31T02:18:01+01:00,[37],[0]
2025-12-31T02:27:59+01:00,[37],[0]
2025-12-31T02:38:01+01:00,[38],[0]
2025-12-31T02:48:01+01:00,[38],[0]
2025-12-31T02:58:00+01:00,[38],[0]
2025-12-31T03:08:00+01:00,[37],[0]
2025-12-31T03:18:01+01:00,[38],[0]
2025-12-31T03:28:00+01:00,[37],[0]
2025-12-31T03:38:00+01:00,[37],[0]
2025-12-31T03:48:00+01:00,[37],[0]
2025-12-31T03:58:00+01:00,[37],[0]
2025-12-31T04:08:01+01:00,[37],[0]
2025-12-31T04:18:01+01:00,[38],[0]
2025-12-31T04:28:00+01:00,[37],[0]
2025-12-31T04:38:00+01:00,[38],[0]
2025-12-31T04:48:01+01:00,[38],[0]
2025-12-31T04:58:00+01:00,[37],[0]
2025-12-31T05:08:00+01:00,[37],[0]
2025-12-31T05:18:01+01:00,[38],[0]
2025-12-31T05:28:01+01:00,[37],[0]
2025-12-31T05:38:00+01:00,[37],[0]
2025-12-31T05:48:00+01:00,[37],[0]
2025-12-31T05:58:01+01:00,[38],[0]
2025-12-31T06:08:00+01:00,[37],[0]
2025-12-31T06:18:00+01:00,[37],[0]
2025-12-31T06:27:59+01:00,[37],[0]
2025-12-31T06:38:00+01:00,[37],[0]
2025-12-31T06:57:56+01:00,[37],[0]
2025-12-31T07:07:58+01:00,[38],[0]
2025-12-31T07:17:56+01:00,[37],[0]
2025-12-31T07:27:58+01:00,[38],[0]
2025-12-31T07:37:56+01:00,[37],[0]
2025-12-31T07:47:57+01:00,[37],[0]
2025-12-31T07:57:57+01:00,[37],[0]
2025-12-31T08:07:58+01:00,[38],[0]
2025-12-31T08:17:57+01:00,[37],[0]
2025-12-31T08:27:57+01:00,[37],[0]
2025-12-31T08:37:57+01:00,[37],[0]
2025-12-31T08:47:58+01:00,[38],[0]
2025-12-31T08:57:58+01:00,[38],[0]
2025-12-31T09:07:58+01:00,[38],[0]
2025-12-29T07:38:00+01:00,[37],[0]
2025-12-29T07:48:00+01:00,[37],[0]
2025-12-29T07:58:00+01:00,[37],[0]
2025-12-29T08:08:00+01:00,[37],[0]
2025-12-29T08:18:00+01:00,[37],[0]
2025-12-29T08:28:00+01:00,[38],[0]
2025-12-29T08:37:59+01:00,[37],[0]
2025-12-29T08:48:00+01:00,[37],[0]
2025-12-29T08:58:00+01:00,[37],[0]
2025-12-29T09:08:01+01:00,[38],[0]
2025-12-29T09:18:00+01:00,[37],[0]
2025-12-29T09:28:01+01:00,[38],[0]
2025-12-29T09:38:00+01:00,[38],[0]
2025-12-29T09:48:00+01:00,[38],[0]
2025-12-29T09:58:00+01:00,[37],[0]
2025-12-29T10:08:00+01:00,[37],[0]
2025-12-29T10:18:00+01:00,[37],[0]
2025-12-29T10:28:00+01:00,[37],[0]
2025-12-29T10:38:29+01:00,[38],[0]
2025-12-29T10:47:59+01:00,[37],[0]
2025-12-29T10:58:00+01:00,[38],[0]
2025-12-29T11:08:01+01:00,[37],[0]
2025-12-29T11:18:21+01:00,[37],[0]
2025-12-29T11:28:00+01:00,[37],[0]
2025-12-29T11:38:00+01:00,[37],[0]
2025-12-29T11:48:00+01:00,[37],[0]
2025-12-29T11:58:01+01:00,[38],[0]
2025-12-29T12:08:00+01:00,[37],[0]
2025-12-29T12:18:00+01:00,[37],[0]
2025-12-29T12:28:01+01:00,[38],[0]
2025-12-29T12:38:01+01:00,[37],[0]
2025-12-29T12:48:01+01:00,[38],[0]
2025-12-29T12:58:00+01:00,[37],[0]
2025-12-29T13:08:00+01:00,[37],[0]
2025-12-29T13:18:00+01:00,[37],[0]
2025-12-29T13:28:01+01:00,[38],[0]
2025-12-29T13:38:01+01:00,[37],[0]
2025-12-29T13:48:00+01:00,[37],[0]
2025-12-29T13:58:01+01:00,[38],[0]
2025-12-29T14:08:01+01:00,[37],[0]
2025-12-30T01:18:00+01:00,[37],[0]
2025-12-30T01:28:01+01:00,[37],[0]
2025-12-30T01:38:01+01:00,[38],[0]
2025-12-30T01:48:00+01:00,[37],[0]
2025-12-30T01:57:59+01:00,[37],[0]
2025-12-30T02:08:00+01:00,[37],[0]
2025-12-30T02:18:01+01:00,[38],[0]
2025-12-30T02:28:00+01:00,[37],[0]
2025-12-30T02:38:01+01:00,[38],[0]
2025-12-30T02:48:00+01:00,[37],[0]
2025-12-30T02:57:59+01:00,[37],[0]
2025-12-30T03:08:00+01:00,[37],[0]
2025-12-30T03:18:00+01:00,[37],[0]
2025-12-30T03:28:01+01:00,[38],[0]
2025-12-30T03:38:00+01:00,[37],[0]
2025-12-30T03:58:00+01:00,[37],[0]
2025-12-30T04:08:00+01:00,[37],[0]
2025-12-30T04:18:00+01:00,[37],[0]
2025-12-30T04:28:01+01:00,[38],[0]
2025-12-30T04:48:00+01:00,[37],[0]
2025-12-30T04:58:00+01:00,[37],[0]
2025-12-30T05:08:00+01:00,[37],[0]
2025-12-30T05:18:00+01:00,[37],[0]
2025-12-30T05:28:00+01:00,[37],[0]
2025-12-30T05:37:59+01:00,[37],[0]
2025-12-30T05:48:00+01:00,[37],[0]
2025-12-30T05:58:00+01:00,[37],[0]
2025-12-30T06:08:00+01:00,[37],[0]
2025-12-30T06:17:59+01:00,[37],[0]
2025-12-30T06:28:01+01:00,[38],[0]
2025-12-30T06:38:00+01:00,[37],[0]
2025-12-30T06:48:00+01:00,[37],[0]
2025-12-30T06:58:00+01:00,[37],[0]
2025-12-30T07:07:59+01:00,[37],[0]
2025-12-30T07:18:01+01:00,[37],[0]
2025-12-28T07:18:05+01:00,[38],[0]
2025-12-28T07:28:00+01:00,[37],[0]
2025-12-28T07:38:00+01:00,[37],[0]
2025-12-28T07:48:01+01:00,[38],[0]
2025-12-28T07:58:00+01:00,[37],[0]
2025-12-28T08:08:00+01:00,[37],[0]
2025-12-28T08:18:00+01:00,[37],[0]
2025-12-28T08:28:01+01:00,[38],[0]
2025-12-28T08:38:00+01:00,[37],[0]
2025-12-28T08:48:00+01:00,[37],[0]
2025-12-28T08:58:00+01:00,[37],[0]
2025-12-28T09:08:01+01:00,[37],[0]
2025-12-28T09:18:01+01:00,[38],[0]
2025-12-28T09:28:00+01:00,[37],[0]
2025-12-28T09:38:00+01:00,[38],[0]
2025-12-28T09:48:01+01:00,[38],[0]
2025-12-28T09:52:25+01:00,[37],[0]
2025-12-28T09:58:02+01:00,[37],[0]
2025-12-28T10:08:00+01:00,[37],[0]
2025-12-28T10:18:00+01:00,[37],[0]
2025-12-28T10:37:59+01:00,[37],[0]
2025-12-28T10:48:01+01:00,[37],[0]
2025-12-28T10:58:01+01:00,[38],[0]
2025-12-28T11:08:00+01:00,[38],[0]
2025-12-28T11:18:01+01:00,[38],[0]
2025-12-28T11:28:00+01:00,[37],[0]
2025-12-28T11:38:00+01:00,[37],[0]
2025-12-28T11:48:00+01:00,[37],[0]
2025-12-28T11:58:00+01:00,[37],[0]
2025-12-28T12:08:00+01:00,[37],[0]
2025-12-28T12:18:01+01:00,[38],[0]
2025-12-28T12:28:00+01:00,[37],[0]
2025-12-28T12:38:00+01:00,[37],[0]
2025-12-28T12:48:00+01:00,[37],[0]
2025-12-28T12:58:00+01:00,[37],[0]
2025-12-28T13:08:01+01:00,[38],[0]
2025-12-28T13:18:01+01:00,[37],[0]
2025-12-28T13:28:00+01:00,[37],[0]
2025-12-28T13:38:00+01:00,[37],[0]
2025-12-28T13:48:01+01:00,[38],[0]
2025-12-28T14:08:00+01:00,[37],[0]
2025-12-28T14:18:00+01:00,[37],[0]
2025-12-28T14:28:00+01:00,[37],[0]
2025-12-29T00:58:07+01:00,[37],[0]
2025-12-29T01:08:00+01:00,[37],[0]
2025-12-29T01:18:01+01:00,[37],[0]
2025-12-29T01:28:01+01:00,[38],[0]
2025-12-29T01:38:00+01:00,[37],[0]
2025-12-29T01:48:01+01:00,[38],[0]
2025-12-29T01:58:00+01:00,[37],[0]
2025-12-29T02:08:00+01:00,[37],[0]
2025-12-29T02:28:00+01:00,[37],[0]
2025-12-29T02:37:59+01:00,[37],[0]
2025-12-29T02:58:00+01:00,[37],[0]
2025-12-29T03:08:01+01:00,[38],[0]
2025-12-29T03:18:00+01:00,[37],[0]
2025-12-29T03:28:01+01:00,[38],[0]
2025-12-29T03:38:01+01:00,[38],[0]
2025-12-29T03:48:01+01:00,[38],[0]
2025-12-29T04:17:59+01:00,[37],[0]
2025-12-29T04:28:00+01:00,[37],[0]
2025-12-29T04:38:01+01:00,[38],[0]
2025-12-29T04:48:00+01:00,[37],[0]
2025-12-29T04:58:01+01:00,[37],[0]
2025-12-29T05:08:01+01:00,[37],[0]
2025-12-29T05:18:00+01:00,[37],[0]
2025-12-29T05:28:01+01:00,[38],[0]
2025-12-29T05:38:00+01:00,[38],[0]
2025-12-29T05:48:01+01:00,[37],[0]
2025-12-29T06:08:00+01:00,[37],[0]
2025-12-29T06:17:59+01:00,[37],[0]
2025-12-29T06:28:01+01:00,[38],[0]
2025-12-29T06:38:01+01:00,[37],[0]
2025-12-29T06:48:01+01:00,[38],[0]
2025-12-29T06:58:00+01:00,[37],[0]
2025-12-29T07:08:00+01:00,[37],[0]
2025-12-29T07:18:01+01:00,[38],[0]
2025-12-29T07:28:01+01:00,[38],[0]
2025-12-27T07:28:01+01:00,[37],[0]
2025-12-27T07:38:02+01:00,[38],[0]
2025-12-27T07:48:01+01:00,[38],[0]
2025-12-27T07:58:00+01:00,[37],[0]
2025-12-27T09:08:00+01:00,[37],[0]
2025-12-27T09:28:00+01:00,[36],[0]
2025-12-27T09:48:02+01:00,[38],[0]
2025-12-27T09:58:01+01:00,[37],[0]
2025-12-27T10:08:02+01:00,[37],[0]
2025-12-27T10:18:02+01:00,[38],[0]
2025-12-27T10:28:01+01:00,[37],[0]
2025-12-27T10:38:02+01:00,[38],[0]
2025-12-27T10:48:01+01:00,[37],[0]
2025-12-27T10:58:01+01:00,[37],[0]
2025-12-27T11:08:01+01:00,[37],[0]
2025-12-27T11:18:01+01:00,[37],[0]
2025-12-27T11:28:00+01:00,[37],[0]
2025-12-27T11:38:02+01:00,[37],[0]
2025-12-27T11:58:01+01:00,[37],[0]
2025-12-27T12:08:02+01:00,[37],[0]
2025-12-27T12:18:01+01:00,[38],[0]
2025-12-27T12:38:00+01:00,[37],[0]
2025-12-27T12:58:02+01:00,[37],[0]
2025-12-27T13:08:01+01:00,[37],[0]
2025-12-27T13:18:00+01:00,[37],[0]
2025-12-27T13:28:01+01:00,[38],[0]
2025-12-27T13:38:01+01:00,[37],[0]
2025-12-28T01:48:04+01:00,[37],[0]
2025-12-28T01:58:03+01:00,[37],[0]
2025-12-28T02:08:04+01:00,[37],[0]
2025-12-28T02:18:04+01:00,[37],[0]
2025-12-28T02:28:03+01:00,[37],[0]
2025-12-28T02:38:04+01:00,[38],[0]
2025-12-28T02:48:03+01:00,[37],[0]
2025-12-28T04:08:04+01:00,[37],[0]
2025-12-28T04:18:04+01:00,[37],[0]
2025-12-28T04:28:04+01:00,[37],[0]
2025-12-28T04:48:04+01:00,[37],[0]
2025-12-28T04:58:05+01:00,[38],[0]
2025-12-28T05:08:04+01:00,[37],[0]
2025-12-28T05:18:04+01:00,[37],[0]
2025-12-28T05:28:04+01:00,[37],[0]
2025-12-28T05:48:04+01:00,[37],[0]
2025-12-28T05:58:04+01:00,[37],[0]
2025-12-28T06:08:03+01:00,[37],[0]
2025-12-28T06:18:04+01:00,[37],[0]
2025-12-28T06:28:04+01:00,[37],[0]
2025-12-28T06:38:05+01:00,[38],[0]
2025-12-28T06:48:05+01:00,[38],[0]
2025-12-28T06:58:04+01:00,[37],[0]
2025-12-28T07:08:04+01:00,[37],[0]
2025-12-26T06:58:04+01:00,[37],[0]
2025-12-26T07:08:04+01:00,[37],[0]
2025-12-26T07:18:04+01:00,[37],[0]
2025-12-26T07:28:04+01:00,[37],[0]
2025-12-26T07:38:05+01:00,[38],[0]
2025-12-26T07:48:05+01:00,[38],[0]
2025-12-26T07:58:04+01:00,[37],[0]
2025-12-26T08:08:04+01:00,[37],[0]
2025-12-26T08:18:04+01:00,[37],[0]
2025-12-26T08:28:04+01:00,[37],[0]
2025-12-26T08:38:05+01:00,[38],[0]
2025-12-26T08:48:04+01:00,[37],[0]
2025-12-26T08:58:04+01:00,[37],[0]
2025-12-26T09:08:04+01:00,[37],[0]
2025-12-26T09:18:04+01:00,[37],[0]
2025-12-26T09:28:04+01:00,[37],[0]
2025-12-26T09:38:04+01:00,[37],[0]
2025-12-26T09:48:03+01:00,[37],[0]
2025-12-26T10:08:03+01:00,[37],[0]
2025-12-26T10:18:05+01:00,[38],[0]
2025-12-26T10:28:04+01:00,[37],[0]
2025-12-26T10:38:05+01:00,[38],[0]
2025-12-26T10:48:04+01:00,[37],[0]
2025-12-26T10:58:04+01:00,[37],[0]
2025-12-26T11:08:04+01:00,[37],[0]
2025-12-26T11:18:05+01:00,[38],[0]
2025-12-26T11:28:05+01:00,[38],[0]
2025-12-26T11:38:04+01:00,[37],[0]
2025-12-26T11:48:04+01:00,[37],[0]
2025-12-26T11:58:04+01:00,[37],[0]
2025-12-26T12:08:04+01:00,[37],[0]
2025-12-26T12:18:04+01:00,[38],[0]
2025-12-26T12:28:05+01:00,[37],[0]
2025-12-26T12:38:04+01:00,[37],[0]
2025-12-26T12:48:05+01:00,[38],[0]
2025-12-26T12:58:04+01:00,[37],[0]
2025-12-26T13:08:03+01:00,[37],[0]
2025-12-26T13:18:04+01:00,[37],[0]
2025-12-26T13:28:04+01:00,[37],[0]
2025-12-26T13:38:04+01:00,[37],[0]
2025-12-26T13:48:04+01:00,[37],[0]
2025-12-26T13:58:04+01:00,[37],[0]
2025-12-26T14:08:05+01:00,[38],[0]
2025-12-26T14:18:04+01:00,[37],[0]
2025-12-26T14:28:04+01:00,[37],[0]
2025-12-26T14:38:04+01:00,[37],[0]
2025-12-26T14:48:04+01:00,[37],[0]
2025-12-26T14:58:04+01:00,[37],[0]
2025-12-27T00:58:04+01:00,[37],[0]
2025-12-27T01:08:04+01:00,[37],[0]
2025-12-27T01:18:04+01:00,[37],[0]
2025-12-27T01:28:04+01:00,[37],[0]
2025-12-27T01:38:05+01:00,[38],[0]
2025-12-27T01:48:01+01:00,[37],[0]
2025-12-27T01:58:01+01:00,[37],[0]
2025-12-27T02:08:01+01:00,[37],[0]
2025-12-27T02:18:01+01:00,[37],[0]
2025-12-27T02:28:02+01:00,[38],[0]
2025-12-27T02:38:00+01:00,[37],[0]
2025-12-27T02:48:00+01:00,[37],[0]
2025-12-27T03:08:00+01:00,[37],[0]
2025-12-27T03:18:02+01:00,[38],[0]
2025-12-27T03:28:00+01:00,[37],[0]
2025-12-27T04:08:01+01:00,[37],[0]
2025-12-27T04:18:00+01:00,[37],[0]
2025-12-27T04:28:02+01:00,[38],[0]
2025-12-27T04:38:02+01:00,[38],[0]
2025-12-27T04:48:01+01:00,[37],[0]
2025-12-27T04:58:01+01:00,[37],[0]
2025-12-27T05:08:02+01:00,[38],[0]
2025-12-27T05:18:01+01:00,[37],[0]
2025-12-27T05:28:01+01:00,[37],[0]
2025-12-27T05:38:01+01:00,[37],[0]
2025-12-27T05:48:01+01:00,[37],[0]
2025-12-27T05:58:01+01:00,[37],[0]
2025-12-27T06:08:01+01:00,[37],[0]
2025-12-27T06:18:02+01:00,[37],[0]
2025-12-27T06:28:02+01:00,[37],[0]
2025-12-27T06:38:01+01:00,[37],[0]
2025-12-27T06:48:02+01:00,[37],[0]
2025-12-27T06:58:01+01:00,[37],[0]
2025-12-27T07:08:01+01:00,[37],[0]
2025-12-27T07:18:01+01:00,[37],[0]
2025-12-25T07:28:04+01:00,[38],[0]
2025-12-25T07:48:05+01:00,[38],[0]
2025-12-25T07:58:04+01:00,[37],[0]
2025-12-25T08:08:04+01:00,[37],[0]
2025-12-25T08:18:04+01:00,[37],[0]
2025-12-25T08:28:05+01:00,[38],[0]
2025-12-25T08:38:04+01:00,[37],[0]
2025-12-25T08:48:04+01:00,[37],[0]
2025-12-25T08:58:04+01:00,[37],[0]
2025-12-25T09:08:04+01:00,[37],[0]
2025-12-25T09:18:03+01:00,[37],[0]
2025-12-25T09:28:04+01:00,[37],[0]
2025-12-25T09:38:04+01:00,[37],[0]
2025-12-25T09:48:04+01:00,[37],[0]
2025-12-25T09:58:04+01:00,[37],[0]
2025-12-25T10:08:04+01:00,[37],[0]
2025-12-26T03:58:04+01:00,[37],[0]
2025-12-26T04:08:04+01:00,[37],[0]
2025-12-26T04:18:04+01:00,[37],[0]
2025-12-26T04:28:04+01:00,[37],[0]
2025-12-26T04:38:04+01:00,[37],[0]
2025-12-26T04:48:03+01:00,[37],[0]
2025-12-26T04:58:03+01:00,[37],[0]
2025-12-26T05:08:04+01:00,[38],[0]
2025-12-26T05:18:05+01:00,[38],[0]
2025-12-26T05:28:05+01:00,[38],[0]
2025-12-26T05:38:05+01:00,[38],[0]
2025-12-26T05:48:04+01:00,[37],[0]
2025-12-26T05:58:04+01:00,[37],[0]
2025-12-26T06:08:05+01:00,[38],[0]
2025-12-26T06:18:04+01:00,[37],[0]
2025-12-26T06:28:04+01:00,[37],[0]
2025-12-26T06:38:05+01:00,[38],[0]
2025-12-26T06:48:04+01:00,[38],[0]
2025-12-24T08:28:04+01:00,[38],[0]
2025-12-24T08:38:05+01:00,[38],[0]
2025-12-24T08:48:04+01:00,[38],[0]
2025-12-24T08:58:03+01:00,[37],[0]
2025-12-24T09:08:05+01:00,[38],[0]
2025-12-24T09:28:04+01:00,[37],[0]
2025-12-24T09:38:04+01:00,[37],[0]
2025-12-24T09:48:04+01:00,[37],[0]
2025-12-24T09:58:04+01:00,[37],[0]
2025-12-24T10:18:04+01:00,[37],[0]
2025-12-24T10:28:04+01:00,[37],[0]
2025-12-24T10:38:04+01:00,[37],[0]
2025-12-24T10:48:04+01:00,[37],[0]
2025-12-24T10:58:05+01:00,[38],[0]
2025-12-24T11:08:04+01:00,[37],[0]
2025-12-24T11:18:04+01:00,[37],[0]
2025-12-24T11:28:04+01:00,[37],[0]
2025-12-24T11:38:03+01:00,[37],[0]
2025-12-24T11:48:03+01:00,[37],[0]
2025-12-24T11:58:04+01:00,[37],[0]
2025-12-24T12:08:03+01:00,[37],[0]
2025-12-24T12:18:04+01:00,[37],[0]
2025-12-24T12:28:05+01:00,[38],[0]
2025-12-24T12:38:04+01:00,[38],[0]
2025-12-24T12:48:04+01:00,[37],[0]
2025-12-24T12:58:04+01:00,[37],[0]
2025-12-24T13:08:04+01:00,[37],[0]
2025-12-24T13:18:05+01:00,[38],[0]
2025-12-24T13:28:04+01:00,[37],[0]
2025-12-24T13:38:04+01:00,[37],[0]
2025-12-24T13:48:04+01:00,[37],[0]
2025-12-24T13:58:04+01:00,[37],[0]
2025-12-24T14:08:04+01:00,[37],[0]
2025-12-24T14:18:04+01:00,[38],[0]
2025-12-24T14:28:04+01:00,[37],[0]
2025-12-24T14:38:04+01:00,[37],[0]
2025-12-24T14:48:04+01:00,[37],[0]
2025-12-24T14:58:04+01:00,[37],[0]
2025-12-25T02:48:03+01:00,[37],[0]
2025-12-25T02:58:06+01:00,[38],[0]
2025-12-25T03:08:03+01:00,[37],[0]
2025-12-25T03:18:05+01:00,[38],[0]
2025-12-25T03:28:04+01:00,[38],[0]
2025-12-25T03:38:04+01:00,[37],[0]
2025-12-25T03:48:04+01:00,[37],[0]
2025-12-25T03:58:04+01:00,[37],[0]
2025-12-25T04:08:04+01:00,[37],[0]
2025-12-25T04:18:04+01:00,[37],[0]
2025-12-25T04:28:04+01:00,[37],[0]
2025-12-25T04:38:04+01:00,[37],[0]
2025-12-25T04:48:03+01:00,[37],[0]
2025-12-25T04:58:04+01:00,[37],[0]
2025-12-25T05:08:28+01:00,[37],[0]
2025-12-25T05:18:04+01:00,[37],[0]
2025-12-25T05:28:05+01:00,[38],[0]
2025-12-25T05:38:04+01:00,[37],[0]
2025-12-25T05:48:04+01:00,[37],[0]
2025-12-25T05:58:03+01:00,[37],[0]
2025-12-25T06:08:03+01:00,[37],[0]
2025-12-25T06:18:04+01:00,[37],[0]
2025-12-25T06:28:05+01:00,[38],[0]
2025-12-25T06:38:05+01:00,[38],[0]
2025-12-25T06:48:05+01:00,[38],[0]
2025-12-25T06:58:05+01:00,[38],[0]
2025-12-25T07:08:05+01:00,[38],[0]
2025-12-25T07:18:03+01:00,[37],[0]
2025-12-23T07:28:07+01:00,[37],[0]
2025-12-23T07:38:07+01:00,[37],[0]
2025-12-23T07:48:07+01:00,[37],[0]
2025-12-23T07:58:08+01:00,[38],[0]
2025-12-23T08:08:07+01:00,[37],[0]
2025-12-23T08:18:31+01:00,[38],[0]
2025-12-23T08:28:08+01:00,[38],[0]
2025-12-23T08:38:07+01:00,[37],[0]
2025-12-23T08:48:07+01:00,[37],[0]
2025-12-23T08:58:08+01:00,[38],[0]
2025-12-23T09:08:07+01:00,[37],[0]
2025-12-23T09:18:08+01:00,[38],[0]
2025-12-23T09:28:08+01:00,[38],[0]
2025-12-23T09:38:08+01:00,[37],[0]
2025-12-23T09:48:07+01:00,[37],[0]
2025-12-23T09:58:08+01:00,[37],[0]
2025-12-23T10:08:07+01:00,[38],[0]
2025-12-23T10:18:07+01:00,[37],[0]
2025-12-23T10:28:07+01:00,[37],[0]
2025-12-23T10:38:07+01:00,[38],[0]
2025-12-23T10:48:07+01:00,[37],[0]
2025-12-23T10:58:07+01:00,[37],[0]
2025-12-23T11:08:06+01:00,[37],[0]
2025-12-23T11:18:07+01:00,[37],[0]
2025-12-23T11:28:07+01:00,[37],[0]
2025-12-23T11:38:08+01:00,[38],[0]
2025-12-23T11:48:08+01:00,[38],[0]
2025-12-23T11:58:07+01:00,[37],[0]
2025-12-23T12:08:07+01:00,[37],[0]
2025-12-23T12:18:07+01:00,[37],[0]
2025-12-23T12:28:07+01:00,[37],[0]
2025-12-23T12:48:07+01:00,[37],[0]
2025-12-23T12:58:07+01:00,[37],[0]
2025-12-23T13:08:07+01:00,[37],[0]
2025-12-23T13:18:07+01:00,[37],[0]
2025-12-23T13:28:08+01:00,[38],[0]
2025-12-24T01:58:04+01:00,[37],[0]
2025-12-24T02:08:04+01:00,[37],[0]
2025-12-24T02:18:04+01:00,[37],[0]
2025-12-24T02:28:04+01:00,[37],[0]
2025-12-24T02:38:05+01:00,[38],[0]
2025-12-24T02:48:04+01:00,[37],[0]
2025-12-24T02:58:05+01:00,[38],[0]
2025-12-24T03:08:04+01:00,[37],[0]
2025-12-24T03:18:03+01:00,[37],[0]
2025-12-24T03:28:04+01:00,[37],[0]
2025-12-24T03:38:04+01:00,[37],[0]
2025-12-24T03:48:03+01:00,[37],[0]
2025-12-24T03:58:04+01:00,[37],[0]
2025-12-24T04:08:04+01:00,[37],[0]
2025-12-24T04:18:04+01:00,[37],[0]
2025-12-24T04:28:04+01:00,[37],[0]
2025-12-24T04:38:04+01:00,[37],[0]
2025-12-24T04:48:04+01:00,[37],[0]
2025-12-24T05:08:04+01:00,[37],[0]
2025-12-24T05:18:04+01:00,[37],[0]
2025-12-24T05:28:04+01:00,[37],[0]
2025-12-24T05:38:04+01:00,[37],[0]
2025-12-24T05:48:05+01:00,[38],[0]
2025-12-24T05:58:04+01:00,[37],[0]
2025-12-24T06:08:05+01:00,[38],[0]
2025-12-24T06:18:04+01:00,[37],[0]
2025-12-24T06:38:04+01:00,[37],[0]
2025-12-24T06:48:04+01:00,[37],[0]
2025-12-24T06:58:04+01:00,[37],[0]
2025-12-24T07:08:04+01:00,[37],[0]
2025-12-24T07:18:03+01:00,[37],[0]
2025-12-24T07:28:04+01:00,[37],[0]
2025-12-24T07:38:04+01:00,[37],[0]
2025-12-24T07:48:04+01:00,[37],[0]
2025-12-24T07:58:04+01:00,[38],[0]
2025-12-24T08:08:05+01:00,[38],[0]
2025-12-24T08:18:04+01:00,[37],[0]
2025-12-22T07:38:07+01:00,[37],[0]
2025-12-22T07:48:08+01:00,[38],[0]
2025-12-22T07:58:07+01:00,[37],[0]
2025-12-22T08:08:07+01:00,[37],[0]
2025-12-22T08:18:07+01:00,[37],[0]
2025-12-22T08:28:07+01:00,[37],[0]
2025-12-22T08:38:08+01:00,[37],[0]
2025-12-22T08:48:07+01:00,[37],[0]
2025-12-22T08:58:07+01:00,[37],[0]
2025-12-22T09:08:07+01:00,[37],[0]
2025-12-22T09:18:07+01:00,[37],[0]
2025-12-22T09:28:07+01:00,[37],[0]
2025-12-22T09:38:07+01:00,[37],[0]
2025-12-22T09:48:07+01:00,[38],[0]
2025-12-22T11:18:08+01:00,[38],[0]
2025-12-22T11:28:07+01:00,[37],[0]
2025-12-22T11:38:08+01:00,[38],[0]
2025-12-22T11:48:08+01:00,[38],[0]
2025-12-22T11:58:07+01:00,[37],[0]
2025-12-22T12:08:07+01:00,[37],[0]
2025-12-22T12:18:07+01:00,[37],[0]
2025-12-22T12:28:07+01:00,[38],[0]
2025-12-22T12:48:06+01:00,[37],[0]
2025-12-22T12:58:06+01:00,[37],[0]
2025-12-22T13:18:07+01:00,[37],[0]
2025-12-22T13:28:08+01:00,[37],[0]
2025-12-22T13:38:06+01:00,[37],[0]
2025-12-22T13:48:07+01:00,[37],[0]
2025-12-22T13:58:07+01:00,[37],[0]
2025-12-22T14:08:08+01:00,[37],[0]
2025-12-22T14:18:07+01:00,[38],[0]
2025-12-22T14:28:08+01:00,[37],[0]
2025-12-22T14:38:08+01:00,[38],[0]
2025-12-22T14:48:07+01:00,[37],[0]
2025-12-22T14:58:07+01:00,[37],[0]
2025-12-23T00:18:07+01:00,[37],[0]
2025-12-23T00:28:08+01:00,[38],[0]
2025-12-23T00:38:08+01:00,[37],[0]
2025-12-23T00:48:07+01:00,[37],[0]
2025-12-23T00:58:07+01:00,[37],[0]
2025-12-23T01:08:08+01:00,[38],[0]
2025-12-23T01:38:07+01:00,[37],[0]
2025-12-23T01:48:08+01:00,[38],[0]
2025-12-23T01:58:07+01:00,[37],[0]
2025-12-23T02:08:08+01:00,[37],[0]
2025-12-23T02:18:07+01:00,[37],[0]
2025-12-23T02:28:07+01:00,[38],[0]
2025-12-23T02:38:07+01:00,[37],[0]
2025-12-23T02:48:07+01:00,[37],[0]
2025-12-23T02:58:07+01:00,[37],[0]
2025-12-23T03:08:08+01:00,[37],[0]
2025-12-23T03:18:07+01:00,[37],[0]
2025-12-23T03:28:08+01:00,[38],[0]
2025-12-23T03:38:06+01:00,[37],[0]
2025-12-23T03:48:07+01:00,[37],[0]
2025-12-23T03:58:07+01:00,[37],[0]
2025-12-23T04:08:07+01:00,[37],[0]
2025-12-23T04:18:07+01:00,[37],[0]
2025-12-23T04:28:08+01:00,[37],[0]
2025-12-23T04:38:07+01:00,[37],[0]
2025-12-23T04:48:07+01:00,[38],[0]
2025-12-23T04:58:07+01:00,[38],[0]
2025-12-23T05:08:06+01:00,[37],[0]
2025-12-23T05:18:07+01:00,[37],[0]
2025-12-23T05:28:07+01:00,[37],[0]
2025-12-23T05:38:07+01:00,[37],[0]
2025-12-23T05:48:07+01:00,[38],[0]
2025-12-23T05:58:08+01:00,[38],[0]
2025-12-23T06:08:06+01:00,[37],[0]
2025-12-23T06:18:07+01:00,[37],[0]
2025-12-23T06:28:07+01:00,[37],[0]
2025-12-23T06:38:07+01:00,[37],[0]
2025-12-23T06:48:07+01:00,[37],[0]
2025-12-23T07:08:08+01:00,[38],[0]
2025-12-23T07:18:07+01:00,[37],[0]
2025-12-21T06:48:09+01:00,[37],[0]
2025-12-21T06:58:11+01:00,[38],[0]
2025-12-21T07:08:32+01:00,[37],[0]
2025-12-21T07:18:10+01:00,[37],[0]
2025-12-21T07:28:09+01:00,[37],[0]
2025-12-21T07:48:11+01:00,[38],[0]
2025-12-21T07:58:11+01:00,[38],[0]
2025-12-21T08:08:09+01:00,[37],[0]
2025-12-21T08:18:09+01:00,[37],[0]
2025-12-21T08:38:10+01:00,[37],[0]
2025-12-21T08:48:11+01:00,[38],[0]
2025-12-21T08:58:09+01:00,[37],[0]
2025-12-21T09:08:10+01:00,[37],[0]
2025-12-21T09:18:10+01:00,[37],[0]
2025-12-21T09:28:10+01:00,[37],[0]
2025-12-21T09:38:09+01:00,[37],[0]
2025-12-21T09:48:10+01:00,[38],[0]
2025-12-21T09:58:10+01:00,[37],[0]
2025-12-21T10:08:10+01:00,[37],[0]
2025-12-21T10:18:10+01:00,[37],[0]
2025-12-21T10:28:10+01:00,[37],[0]
2025-12-21T10:38:10+01:00,[37],[0]
2025-12-21T10:48:11+01:00,[38],[0]
2025-12-21T10:58:10+01:00,[37],[0]
2025-12-21T11:08:10+01:00,[37],[0]
2025-12-21T11:18:10+01:00,[38],[0]
2025-12-21T11:28:10+01:00,[37],[0]
2025-12-21T11:38:10+01:00,[37],[0]
2025-12-21T11:48:10+01:00,[37],[0]
2025-12-21T11:58:11+01:00,[38],[0]
2025-12-21T12:08:10+01:00,[37],[0]
2025-12-21T12:18:10+01:00,[37],[0]
2025-12-21T12:28:09+01:00,[37],[0]
2025-12-21T12:48:09+01:00,[37],[0]
2025-12-21T12:58:10+01:00,[37],[0]
2025-12-21T13:08:10+01:00,[37],[0]
2025-12-21T13:18:11+01:00,[38],[0]
2025-12-21T13:28:11+01:00,[38],[0]
2025-12-21T13:38:10+01:00,[37],[0]
2025-12-21T13:48:10+01:00,[37],[0]
2025-12-21T13:58:10+01:00,[37],[0]
2025-12-21T14:08:09+01:00,[37],[0]
2025-12-22T05:08:10+01:00,[37],[0]
2025-12-22T05:18:11+01:00,[38],[0]
2025-12-22T05:28:10+01:00,[37],[0]
2025-12-22T05:38:10+01:00,[38],[0]
2025-12-22T05:48:10+01:00,[37],[0]
2025-12-22T05:58:10+01:00,[37],[0]
2025-12-22T06:08:10+01:00,[37],[0]
2025-12-22T06:18:09+01:00,[37],[0]
2025-12-22T06:28:10+01:00,[37],[0]
2025-12-22T06:38:10+01:00,[38],[0]
2025-12-22T06:48:11+01:00,[37],[0]
2025-12-22T06:58:10+01:00,[37],[0]
2025-12-22T07:18:10+01:00,[38],[0]
2025-12-22T07:28:09+01:00,[37],[0]
2025-12-20T07:08:10+01:00,[38],[0]
2025-12-20T07:18:11+01:00,[38],[0]
2025-12-20T07:38:11+01:00,[38],[0]
2025-12-20T07:48:09+01:00,[36],[0]
2025-12-20T07:58:09+01:00,[37],[0]
2025-12-20T08:08:10+01:00,[37],[0]
2025-12-20T08:18:10+01:00,[37],[0]
2025-12-20T08:28:10+01:00,[37],[0]
2025-12-20T08:38:10+01:00,[37],[0]
2025-12-20T08:48:10+01:00,[37],[0]
2025-12-20T08:58:11+01:00,[38],[0]
2025-12-20T09:18:10+01:00,[37],[0]
2025-12-20T09:28:10+01:00,[37],[0]
2025-12-20T09:38:10+01:00,[38],[0]
2025-12-20T09:48:11+01:00,[38],[0]
2025-12-20T09:58:10+01:00,[37],[0]
2025-12-20T10:08:11+01:00,[38],[0]
2025-12-20T10:18:09+01:00,[37],[0]
2025-12-20T10:28:10+01:00,[37],[0]
2025-12-20T10:38:11+01:00,[37],[0]
2025-12-20T10:48:11+01:00,[38],[0]
2025-12-20T10:58:10+01:00,[37],[0]
2025-12-20T11:08:11+01:00,[38],[0]
2025-12-20T11:18:10+01:00,[37],[0]
2025-12-20T11:38:10+01:00,[37],[0]
2025-12-20T11:48:09+01:00,[37],[0]
2025-12-20T11:58:11+01:00,[37],[0]
2025-12-20T12:08:10+01:00,[37],[0]
2025-12-20T12:18:10+01:00,[37],[0]
2025-12-20T12:28:10+01:00,[37],[0]
2025-12-20T12:38:10+01:00,[37],[0]
2025-12-20T12:48:10+01:00,[37],[0]
2025-12-20T12:58:10+01:00,[37],[0]
2025-12-20T13:08:10+01:00,[37],[0]
2025-12-20T13:18:10+01:00,[37],[0]
2025-12-20T13:28:10+01:00,[37],[0]
2025-12-20T13:38:10+01:00,[37],[0]
2025-12-20T13:48:10+01:00,[37],[0]
2025-12-20T13:58:11+01:00,[38],[0]
2025-12-20T14:08:10+01:00,[37],[0]
2025-12-20T14:18:10+01:00,[37],[0]
2025-12-20T14:28:10+01:00,[37],[0]
2025-12-20T14:38:10+01:00,[37],[0]
2025-12-20T14:48:09+01:00,[37],[0]
2025-12-20T14:58:10+01:00,[37],[0]
2025-12-21T01:08:10+01:00,[37],[0]
2025-12-21T01:18:11+01:00,[38],[0]
2025-12-21T01:28:11+01:00,[38],[0]
2025-12-21T01:38:10+01:00,[37],[0]
2025-12-21T01:48:11+01:00,[38],[0]
2025-12-21T01:58:09+01:00,[37],[0]
2025-12-21T02:08:09+01:00,[37],[0]
2025-12-21T02:18:09+01:00,[37],[0]
2025-12-21T02:28:10+01:00,[37],[0]
2025-12-21T02:38:10+01:00,[37],[0]
2025-12-21T02:48:09+01:00,[37],[0]
2025-12-21T02:58:09+01:00,[37],[0]
2025-12-21T03:08:10+01:00,[37],[0]
2025-12-21T03:18:10+01:00,[37],[0]
2025-12-21T03:38:10+01:00,[37],[0]
2025-12-21T03:48:10+01:00,[37],[0]
2025-12-21T03:58:10+01:00,[37],[0]
2025-12-21T04:08:10+01:00,[37],[0]
2025-12-21T04:18:10+01:00,[37],[0]
2025-12-21T04:28:11+01:00,[38],[0]
2025-12-21T04:38:10+01:00,[38],[0]
2025-12-21T05:08:09+01:00,[37],[0]
2025-12-21T05:18:09+01:00,[37],[0]
2025-12-21T05:28:10+01:00,[37],[0]
2025-12-21T05:38:10+01:00,[37],[0]
2025-12-21T05:48:10+01:00,[37],[0]
2025-12-21T05:58:11+01:00,[38],[0]
2025-12-21T06:08:10+01:00,[37],[0]
2025-12-21T06:18:11+01:00,[38],[0]
2025-12-21T06:28:09+01:00,[37],[0]
2025-12-19T06:38:10+01:00,[37],[0]
2025-12-19T06:48:09+01:00,[37],[0]
2025-12-19T06:58:10+01:00,[37],[0]
2025-12-19T07:08:10+01:00,[38],[0]
2025-12-19T07:18:10+01:00,[37],[0]
2025-12-19T07:28:10+01:00,[37],[0]
2025-12-19T07:38:10+01:00,[37],[0]
2025-12-19T07:48:09+01:00,[37],[0]
2025-12-19T07:58:10+01:00,[37],[0]
2025-12-19T08:08:10+01:00,[37],[0]
2025-12-19T08:18:10+01:00,[37],[0]
2025-12-19T08:28:09+01:00,[37],[0]
2025-12-19T08:38:10+01:00,[37],[0]
2025-12-19T08:48:10+01:00,[37],[0]
2025-12-19T08:58:10+01:00,[37],[0]
2025-12-19T09:08:10+01:00,[37],[0]
2025-12-19T09:18:10+01:00,[37],[0]
2025-12-19T09:28:10+01:00,[37],[0]
2025-12-19T09:38:10+01:00,[37],[0]
2025-12-19T09:58:09+01:00,[36],[0]
2025-12-19T10:08:11+01:00,[38],[0]
2025-12-19T10:18:11+01:00,[38],[0]
2025-12-19T10:28:11+01:00,[38],[0]
2025-12-19T10:38:11+01:00,[38],[0]
2025-12-19T10:58:10+01:00,[37],[0]
2025-12-19T11:08:11+01:00,[38],[0]
2025-12-19T11:18:11+01:00,[38],[0]
2025-12-19T11:28:11+01:00,[37],[0]
2025-12-19T11:38:10+01:00,[37],[0]
2025-12-19T11:48:11+01:00,[37],[0]
2025-12-19T11:58:11+01:00,[38],[0]
2025-12-19T12:08:11+01:00,[37],[0]
2025-12-19T12:18:10+01:00,[37],[0]
2025-12-19T12:28:10+01:00,[37],[0]
2025-12-19T12:38:10+01:00,[37],[0]
2025-12-19T12:48:10+01:00,[37],[0]
2025-12-19T12:58:11+01:00,[38],[0]
2025-12-19T13:08:11+01:00,[38],[0]
2025-12-19T13:18:10+01:00,[38],[0]
2025-12-19T13:28:10+01:00,[37],[0]
2025-12-19T13:38:11+01:00,[38],[0]
2025-12-19T13:48:10+01:00,[37],[0]
2025-12-19T13:58:10+01:00,[38],[0]
2025-12-19T14:08:11+01:00,[38],[0]
2025-12-20T00:48:10+01:00,[38],[0]
2025-12-20T00:58:10+01:00,[37],[0]
2025-12-20T01:08:11+01:00,[38],[0]
2025-12-20T01:18:10+01:00,[37],[0]
2025-12-20T01:28:10+01:00,[37],[0]
2025-12-20T01:38:10+01:00,[37],[0]
2025-12-20T01:48:09+01:00,[37],[0]
2025-12-20T01:58:09+01:00,[37],[0]
2025-12-20T02:08:10+01:00,[37],[0]
2025-12-20T02:18:10+01:00,[37],[0]
2025-12-20T02:28:10+01:00,[37],[0]
2025-12-20T02:38:11+01:00,[37],[0]
2025-12-20T02:48:11+01:00,[38],[0]
2025-12-20T02:58:10+01:00,[37],[0]
2025-12-20T03:08:09+01:00,[37],[0]
2025-12-20T03:18:12+01:00,[38],[0]
2025-12-20T03:28:10+01:00,[38],[0]
2025-12-20T03:38:11+01:00,[38],[0]
2025-12-20T03:48:10+01:00,[37],[0]
2025-12-20T03:58:10+01:00,[37],[0]
2025-12-20T04:18:09+01:00,[37],[0]
2025-12-20T04:28:10+01:00,[37],[0]
2025-12-20T04:38:10+01:00,[38],[0]
2025-12-20T04:48:10+01:00,[37],[0]
2025-12-20T04:58:11+01:00,[38],[0]
2025-12-20T05:18:11+01:00,[38],[0]
2025-12-20T05:28:10+01:00,[37],[0]
2025-12-20T05:38:10+01:00,[37],[0]
2025-12-20T05:48:10+01:00,[37],[0]
2025-12-20T06:08:11+01:00,[37],[0]
2025-12-20T06:18:11+01:00,[38],[0]
2025-12-20T06:28:10+01:00,[37],[0]
2025-12-20T06:38:11+01:00,[37],[0]
2025-12-20T06:48:10+01:00,[37],[0]
2025-12-20T06:58:10+01:00,[37],[0]
2025-12-18T07:28:11+01:00,[37],[0]
2025-12-18T07:38:11+01:00,[38],[0]
2025-12-18T07:48:10+01:00,[37],[0]
2025-12-18T07:58:10+01:00,[38],[0]
2025-12-18T08:08:10+01:00,[37],[0]
2025-12-18T08:18:10+01:00,[38],[0]
2025-12-18T08:28:10+01:00,[37],[0]
2025-12-18T08:38:10+01:00,[37],[0]
2025-12-18T08:48:11+01:00,[38],[0]
2025-12-18T08:58:10+01:00,[37],[0]
2025-12-18T09:08:10+01:00,[37],[0]
2025-12-18T09:18:10+01:00,[37],[0]
2025-12-18T09:28:11+01:00,[38],[0]
2025-12-18T09:38:09+01:00,[37],[0]
2025-12-18T09:48:11+01:00,[38],[0]
2025-12-18T09:58:10+01:00,[37],[0]
2025-12-18T10:08:10+01:00,[37],[0]
2025-12-18T10:18:10+01:00,[37],[0]
2025-12-18T10:28:10+01:00,[37],[0]
2025-12-18T10:38:11+01:00,[38],[0]
2025-12-18T10:48:11+01:00,[38],[0]
2025-12-18T11:08:10+01:00,[37],[0]
2025-12-18T11:28:10+01:00,[37],[0]
2025-12-18T11:38:10+01:00,[37],[0]
2025-12-18T11:48:10+01:00,[38],[0]
2025-12-18T11:58:11+01:00,[37],[0]
2025-12-18T12:08:10+01:00,[37],[0]
2025-12-18T12:18:10+01:00,[37],[0]
2025-12-18T12:28:10+01:00,[37],[0]
2025-12-18T12:38:03+01:00,[38],[0]
2025-12-18T12:48:10+01:00,[37],[0]
2025-12-18T12:58:10+01:00,[37],[0]
2025-12-18T13:08:10+01:00,[37],[0]
2025-12-18T13:18:10+01:00,[38],[0]
2025-12-18T13:28:10+01:00,[37],[0]
2025-12-18T13:38:10+01:00,[38],[0]
2025-12-18T13:48:10+01:00,[37],[0]
2025-12-18T13:58:23+01:00,[37],[0]
2025-12-19T01:38:10+01:00,[37],[0]
2025-12-19T01:48:10+01:00,[37],[0]
2025-12-19T01:58:09+01:00,[37],[0]
2025-12-19T02:08:10+01:00,[38],[0]
2025-12-19T02:18:10+01:00,[37],[0]
2025-12-19T02:28:10+01:00,[38],[0]
2025-12-19T02:38:11+01:00,[38],[0]
2025-12-19T02:48:11+01:00,[38],[0]
2025-12-19T02:58:10+01:00,[37],[0]
2025-12-19T03:08:10+01:00,[37],[0]
2025-12-19T03:18:10+01:00,[37],[0]
2025-12-19T03:38:10+01:00,[37],[0]
2025-12-19T03:48:10+01:00,[37],[0]
2025-12-19T03:58:10+01:00,[37],[0]
2025-12-19T04:08:11+01:00,[38],[0]
2025-12-19T04:18:10+01:00,[37],[0]
2025-12-19T04:28:10+01:00,[37],[0]
2025-12-19T04:38:11+01:00,[38],[0]
2025-12-19T04:48:42+01:00,[37],[0]
2025-12-19T04:58:10+01:00,[38],[0]
2025-12-19T05:08:10+01:00,[37],[0]
2025-12-19T05:18:09+01:00,[36],[0]
2025-12-19T05:28:10+01:00,[37],[0]
2025-12-19T05:38:10+01:00,[37],[0]
2025-12-19T05:48:10+01:00,[37],[0]
2025-12-19T05:58:11+01:00,[38],[0]
2025-12-19T06:18:10+01:00,[37],[0]
2025-12-19T06:28:10+01:00,[37],[0]
2025-12-17T09:38:14+01:00,[37],[0]
2025-12-17T09:48:14+01:00,[37],[0]
2025-12-17T09:58:13+01:00,[37],[0]
2025-12-17T10:08:14+01:00,[37],[0]
2025-12-17T10:28:14+01:00,[37],[0]
2025-12-17T10:38:15+01:00,[38],[0]
2025-12-17T10:48:14+01:00,[37],[0]
2025-12-17T10:58:14+01:00,[37],[0]
2025-12-17T11:08:15+01:00,[38],[0]
2025-12-17T11:18:14+01:00,[37],[0]
2025-12-17T11:28:14+01:00,[37],[0]
2025-12-17T11:38:15+01:00,[38],[0]
2025-12-17T11:48:14+01:00,[37],[0]
2025-12-17T11:58:14+01:00,[38],[0]
2025-12-17T12:08:14+01:00,[37],[0]
2025-12-17T12:18:14+01:00,[37],[0]
2025-12-17T12:28:14+01:00,[37],[0]
2025-12-17T12:48:14+01:00,[37],[0]
2025-12-17T12:58:14+01:00,[37],[0]
2025-12-17T13:08:14+01:00,[37],[0]
2025-12-17T13:18:14+01:00,[37],[0]
2025-12-17T13:28:14+01:00,[37],[0]
2025-12-17T13:38:15+01:00,[38],[0]
2025-12-17T13:48:14+01:00,[37],[0]
2025-12-17T13:58:14+01:00,[37],[0]
2025-12-17T14:08:15+01:00,[38],[0]
2025-12-17T14:18:14+01:00,[37],[0]
2025-12-17T14:28:14+01:00,[37],[0]
2025-12-17T14:38:14+01:00,[37],[0]
2025-12-17T14:48:14+01:00,[37],[0]
2025-12-17T14:58:14+01:00,[37],[0]
2025-12-17T15:08:15+01:00,[38],[0]
2025-12-17T15:18:15+01:00,[38],[0]
2025-12-17T23:48:09+01:00,[37],[0]
2025-12-17T23:58:11+01:00,[38],[0]
2025-12-18T00:08:10+01:00,[37],[0]
2025-12-18T00:18:10+01:00,[37],[0]
2025-12-18T00:28:10+01:00,[37],[0]
2025-12-18T00:38:11+01:00,[38],[0]
2025-12-18T00:48:11+01:00,[37],[0]
2025-12-18T00:58:10+01:00,[37],[0]
2025-12-18T01:08:10+01:00,[37],[0]
2025-12-18T01:18:10+01:00,[37],[0]
2025-12-18T01:28:10+01:00,[38],[0]
2025-12-18T01:38:11+01:00,[37],[0]
2025-12-18T01:48:10+01:00,[37],[0]
2025-12-18T01:58:10+01:00,[37],[0]
2025-12-18T02:08:10+01:00,[37],[0]
2025-12-18T02:18:10+01:00,[37],[0]
2025-12-18T02:28:11+01:00,[38],[0]
2025-12-18T02:38:10+01:00,[37],[0]
2025-12-18T02:48:10+01:00,[37],[0]
2025-12-18T02:58:10+01:00,[37],[0]
2025-12-18T03:08:10+01:00,[37],[0]
2025-12-18T03:18:11+01:00,[38],[0]
2025-12-18T03:28:10+01:00,[37],[0]
2025-12-18T03:38:10+01:00,[37],[0]
2025-12-18T03:48:11+01:00,[38],[0]
2025-12-18T03:58:10+01:00,[37],[0]
2025-12-18T04:08:11+01:00,[38],[0]
2025-12-18T04:18:10+01:00,[37],[0]
2025-12-18T04:28:10+01:00,[37],[0]
2025-12-18T04:38:09+01:00,[37],[0]
2025-12-18T05:08:11+01:00,[38],[0]
2025-12-18T05:18:10+01:00,[37],[0]
2025-12-18T05:28:10+01:00,[37],[0]
2025-12-18T05:38:10+01:00,[37],[0]
2025-12-18T05:48:10+01:00,[37],[0]
2025-12-18T05:58:10+01:00,[37],[0]
2025-12-18T06:08:10+01:00,[37],[0]
2025-12-18T06:18:10+01:00,[37],[0]
2025-12-18T06:28:10+01:00,[38],[0]
2025-12-18T06:38:11+01:00,[37],[0]
2025-12-18T06:48:10+01:00,[37],[0]
2025-12-18T06:58:10+01:00,[38],[0]
2025-12-18T07:08:10+01:00,[37],[0]
2025-12-18T07:18:10+01:00,[37],[0]
2025-12-16T06:48:15+01:00,[38],[0]
2025-12-16T06:58:14+01:00,[37],[0]
2025-12-16T07:08:13+01:00,[37],[0]
2025-12-16T07:18:14+01:00,[37],[0]
2025-12-16T07:28:14+01:00,[37],[0]
2025-12-16T07:38:14+01:00,[37],[0]
2025-12-16T07:48:15+01:00,[38],[0]
2025-12-16T07:58:15+01:00,[37],[0]
2025-12-16T08:08:14+01:00,[37],[0]
2025-12-16T08:18:14+01:00,[37],[0]
2025-12-16T08:28:14+01:00,[37],[0]
2025-12-16T08:38:14+01:00,[37],[0]
2025-12-16T08:48:27+01:00,[37],[0]
2025-12-16T08:58:14+01:00,[37],[0]
2025-12-16T09:08:15+01:00,[38],[0]
2025-12-16T09:18:14+01:00,[37],[0]
2025-12-16T09:28:14+01:00,[37],[0]
2025-12-16T09:38:15+01:00,[38],[0]
2025-12-16T09:48:15+01:00,[38],[0]
2025-12-16T10:08:14+01:00,[37],[0]
2025-12-16T10:18:14+01:00,[37],[0]
2025-12-16T10:38:13+01:00,[37],[0]
2025-12-16T10:48:15+01:00,[38],[0]
2025-12-16T10:58:14+01:00,[37],[0]
2025-12-16T11:08:13+01:00,[37],[0]
2025-12-16T11:18:15+01:00,[38],[0]
2025-12-16T11:28:15+01:00,[37],[0]
2025-12-16T11:48:14+01:00,[38],[0]
2025-12-16T11:58:13+01:00,[37],[0]
2025-12-16T12:08:13+01:00,[37],[0]
2025-12-16T12:18:13+01:00,[37],[0]
2025-12-16T12:28:15+01:00,[38],[0]
2025-12-16T12:38:14+01:00,[37],[0]
2025-12-16T12:48:14+01:00,[37],[0]
2025-12-16T12:58:15+01:00,[38],[0]
2025-12-16T13:08:14+01:00,[37],[0]
2025-12-16T13:18:14+01:00,[37],[0]
2025-12-16T13:28:14+01:00,[37],[0]
2025-12-16T13:37:10+01:00,[37],[0]
2025-12-16T13:38:16+01:00,[38],[0]
2025-12-16T13:48:14+01:00,[37],[0]
2025-12-16T13:58:14+01:00,[37],[0]
2025-12-16T14:08:14+01:00,[37],[0]
2025-12-16T14:18:13+01:00,[37],[0]
2025-12-16T14:28:14+01:00,[37],[0]
2025-12-16T14:38:15+01:00,[38],[0]
2025-12-16T14:48:15+01:00,[38],[0]
2025-12-17T01:18:15+01:00,[37],[0]
2025-12-17T01:28:14+01:00,[37],[0]
2025-12-17T01:38:13+01:00,[37],[0]
2025-12-17T01:48:15+01:00,[38],[0]
2025-12-17T01:58:13+01:00,[37],[0]
2025-12-17T02:08:14+01:00,[37],[0]
2025-12-17T02:18:14+01:00,[37],[0]
2025-12-17T02:28:14+01:00,[37],[0]
2025-12-17T02:38:15+01:00,[38],[0]
2025-12-17T02:48:15+01:00,[38],[0]
2025-12-17T02:58:15+01:00,[38],[0]
2025-12-17T03:08:14+01:00,[37],[0]
2025-12-17T03:18:14+01:00,[37],[0]
2025-12-17T03:28:14+01:00,[37],[0]
2025-12-17T03:38:14+01:00,[37],[0]
2025-12-17T03:48:14+01:00,[37],[0]
2025-12-17T03:58:14+01:00,[37],[0]
2025-12-17T04:08:14+01:00,[37],[0]
2025-12-17T04:18:14+01:00,[37],[0]
2025-12-17T04:28:14+01:00,[37],[0]
2025-12-17T04:58:13+01:00,[37],[0]
2025-12-17T05:08:14+01:00,[37],[0]
2025-12-17T05:18:14+01:00,[37],[0]
2025-12-17T05:28:14+01:00,[37],[0]
2025-12-17T05:38:14+01:00,[38],[0]
2025-12-17T05:48:15+01:00,[38],[0]
2025-12-17T05:58:15+01:00,[38],[0]
2025-12-17T06:08:14+01:00,[37],[0]
2025-12-17T06:18:14+01:00,[37],[0]
2025-12-17T06:28:59+01:00,[37],[0]
2025-12-17T06:38:14+01:00,[37],[0]
2025-12-17T06:48:14+01:00,[37],[0]
2025-12-17T06:58:14+01:00,[37],[0]
2025-12-17T07:08:14+01:00,[37],[0]
2025-12-17T07:18:14+01:00,[37],[0]
2025-12-17T07:28:14+01:00,[37],[0]
2025-12-17T07:38:14+01:00,[37],[0]
2025-12-17T07:48:14+01:00,[37],[0]
2025-12-17T07:58:14+01:00,[37],[0]
2025-12-17T08:08:14+01:00,[37],[0]
2025-12-17T08:18:14+01:00,[37],[0]
2025-12-17T08:28:14+01:00,[37],[0]
2025-12-17T08:38:14+01:00,[37],[0]
2025-12-17T08:48:15+01:00,[38],[0]
2025-12-17T08:58:14+01:00,[37],[0]
2025-12-17T09:08:14+01:00,[37],[0]
2025-12-17T09:18:13+01:00,[37],[0]
2025-12-17T09:28:14+01:00,[37],[0]
2025-12-15T11:08:15+01:00,[37],[0]
2025-12-15T11:18:14+01:00,[37],[0]
2025-12-15T11:28:14+01:00,[37],[0]
2025-12-15T11:38:14+01:00,[38],[0]
2025-12-15T11:48:14+01:00,[37],[0]
2025-12-15T11:58:15+01:00,[38],[0]
2025-12-15T12:08:14+01:00,[37],[0]
2025-12-15T12:18:14+01:00,[37],[0]
2025-12-15T12:28:15+01:00,[38],[0]
2025-12-15T12:38:14+01:00,[37],[0]
2025-12-15T12:48:15+01:00,[38],[0]
2025-12-15T13:08:14+01:00,[37],[0]
2025-12-15T13:18:14+01:00,[37],[0]
2025-12-15T13:28:15+01:00,[38],[0]
2025-12-15T13:38:14+01:00,[37],[0]
2025-12-15T13:48:14+01:00,[37],[0]
2025-12-15T13:58:15+01:00,[38],[0]
2025-12-15T14:08:14+01:00,[37],[0]
2025-12-15T14:18:14+01:00,[37],[0]
2025-12-15T14:28:13+01:00,[37],[0]
2025-12-15T14:38:15+01:00,[38],[0]
2025-12-15T14:48:14+01:00,[37],[0]
2025-12-15T14:58:13+01:00,[37],[0]
2025-12-15T15:23:28+01:00,[60],[0]
2025-12-15T15:27:08+01:00,[37],[0]
2025-12-15T15:28:06+01:00,[37],[0]
2025-12-15T15:33:42+01:00,[37],[0]
2025-12-15T15:35:54+01:00,"[1,60]","[0,0]"
2025-12-15T15:38:15+01:00,[38],[0]
2025-12-15T15:48:14+01:00,[37],[0]
2025-12-15T15:58:14+01:00,[37],[0]
2025-12-15T16:21:23+01:00,[1],[0]
2025-12-15T16:21:38+01:00,"[13,30,30,9,20,30,11,6,30,30,30,30,16,30,30,30]","[0,0,0,0,0,0,0,0,0,0,0,0,0,0,0,0]"
2025-12-15T16:28:23+01:00,"[8,6,8,28,6,30,30,21,13,20,30,30,30,30,3,19,30,30,30,30,22,30,30,30,30,22,30,30,30,4,30,19,30,30,30,30,22,34,29,30,30,12,7,30,28,15,7,4,30,29,30,30,30,30,22,31,22,9,3,17,30,22,8,32,30,30,30,26,7,30,30,30,30,14,30]","[0,0,0,0,0,0,0,0,0,0,0,0,0,0,0,0,0,0,0,0,0,0,0,0,0,0,0,0,0,0,0,0,0,0,0,0,0,0,0,0,0,0,0,0,0,0,0,0,0,0,0,0,0,0,0,0,0,0,0,0,0,0,0,0,0,0,0,0,0,0,0,0,0,0,0]"
2025-12-15T16:58:22+01:00,"[30,30,23,30,30,30,30,22,30,30,30,30,23,30,30,30,30,22,30,30]","[0,0,0,0,0,0,0,0,0,0,0,0,0,0,0,0,0,0,0,0]"
2025-12-15T17:08:22+01:00,"[23,30,5,30,30,30,30,22,30,30,30,30,26,30,26,30,30,22,30,30,30,30,9,14,30,26,20,11,30,25,10,30,30,30,30,12,30,27,30,30,25,30,30,30,30,19,30,30,30,30,26,30,20,15,30,30,17,30,30,30,30,22,30,30,30,30,19,30,30,30,30,30,12,25,30,30,30,27,30,30,30,30,23,30,30,30,30,17,30]","[0,0,0,0,0,0,0,0,0,0,0,0,0,0,0,0,0,0,0,0,0,0,0,0,0,0,0,0,0,0,0,0,0,0,0,0,0,0,0,0,0,0,0,0,0,0,0,0,0,0,0,0,0,0,0,0,0,0,0,0,0,0,0,0,0,0,0,0,0,0,0,0,0,0,0,0,0,0,0,0,0,0,0,0,0,0,0,0,0]"
2025-12-15T17:48:27+01:00,"[30,30,22,30,30,30,30,17,5,30,30,30,30,22,30,30,30,11,22,19,30,30,30,30,23,30,30,30,30,22,30,30,30,10,30,12,30,30,30,13,12,27,30,30,30,30,23,30,30,30,30,14,8,30,30,30,30,22,30,30,30]","[0,0,0,0,0,0,0,0,0,0,0,0,0,0,0,0,0,0,0,0,0,0,0,0,0,0,0,0,0,0,0,0,0,0,0,0,0,0,0,0,0,0,0,0,0,0,0,0,0,0,0,0,0,0,0,0,0,0,0,0,0]"
2025-12-15T18:15:02+01:00,"[30,21,42,8,30,30,30,2,25,30,30,30]","[0,0,0,0,0,0,0,0,0,0,0,0]"
2025-12-15T18:20:17+01:00,"[21,29,30,30,30,23,30,30,30,30,22,30,30,30,32,11,10,30,30,30,30,22,30,30,30,30,22,30,30,30,24,28,30,30,31,9,30,12,30,30,30,30]","[0,0,0,0,0,0,0,0,0,0,0,0,0,0,0,0,0,0,0,0,0,0,0,0,0,0,0,0,0,0,0,0,0,0,0,0,0,0,0,0,0,0]"
2025-12-15T18:39:16+01:00,"[20,30,30,30,30,22,30,30,30,30,22,30,30,30,30,23,30,30,19,30,30,3,24,30,30,30]","[0,0,0,0,0,0,0,0,0,0,0,0,0,0,0,0,0,0,0,0,0,0,0,0,0,0]"
2025-12-15T18:50:29+01:00,[30],[0]
2025-12-16T00:48:13+01:00,[37],[0]
2025-12-16T00:58:14+01:00,[38],[0]
2025-12-16T01:08:14+01:00,[37],[0]
2025-12-16T01:18:13+01:00,[37],[0]
2025-12-16T01:28:14+01:00,[37],[0]
2025-12-16T01:38:13+01:00,[37],[0]
2025-12-16T01:48:14+01:00,[37],[0]
2025-12-16T01:58:14+01:00,[37],[0]
2025-12-16T02:08:14+01:00,[37],[0]
2025-12-16T02:18:14+01:00,[37],[0]
2025-12-16T02:28:15+01:00,[38],[0]
2025-12-16T02:38:14+01:00,[37],[0]
2025-12-16T02:48:14+01:00,[37],[0]
2025-12-16T02:58:14+01:00,[37],[0]
2025-12-16T03:08:14+01:00,[37],[0]
2025-12-16T03:18:14+01:00,[38],[0]
2025-12-16T03:28:14+01:00,[38],[0]
2025-12-16T03:38:14+01:00,[37],[0]
2025-12-16T03:48:14+01:00,[37],[0]
2025-12-16T03:58:38+01:00,[37],[0]
2025-12-16T04:08:14+01:00,[37],[0]
2025-12-16T04:12:59+01:00,[37],[0]
2025-12-16T04:18:14+01:00,[37],[0]
2025-12-16T04:28:14+01:00,[38],[0]
2025-12-16T04:38:14+01:00,[37],[0]
2025-12-16T04:44:16+01:00,[37],[0]
2025-12-16T04:48:14+01:00,[37],[0]
2025-12-16T05:08:14+01:00,[37],[0]
2025-12-16T05:18:14+01:00,[37],[0]
2025-12-16T05:28:14+01:00,[37],[0]
2025-12-16T05:38:14+01:00,[37],[0]
2025-12-16T05:48:14+01:00,[37],[0]
2025-12-16T05:58:14+01:00,[37],[0]
2025-12-16T06:08:14+01:00,[37],[0]
2025-12-16T06:18:15+01:00,[38],[0]
2025-12-16T06:28:14+01:00,[37],[0]
2025-12-16T06:38:14+01:00,[37],[0]
2025-11-27T23:19:58+01:00,[60],[0]
2025-02-17T00:07:03+01:00,[60],[0]
2025-01-05T02:10:00+01:00,[60],[0]
2024-04-04T00:44:53+02:00,[60],[0]
