,weight,fat,bf,muscle,water,steps,sleep_hours,sleep_hr,awake_hours,sessions,sets,volume,minutes
2022-01-06,85.5,,,,,,,,,,,,
2022-01-07,,,,,,,,,,,,,
2022-01-08,,,,,,,,,,,,,
2022-01-09,,,,,,,,,,,,,
2022-01-10,,,,,,,,,,,,,
2022-01-11,85.51,25.23,29.522583664872457,57.17,43.03,,,,,,,,
2022-01-12,86.08,20.48,23.791821561338292,62.33,46.0,,,,,,,,
2022-01-13,85.52,26.03,30.43732460243218,56.45,42.72,,,,,,,,
2022-01-14,84.71,25.33,29.902018651871092,56.35,42.51,,,,,,,,
2022-01-15,84.5,26.74,31.644970414201183,54.78,41.81,,,,,,,,
2022-01-16,,,,,,,,,,,,,
2022-01-17,,,,,,,,,,,,,
2022-01-18,,,,,,,,,,,,,
2022-01-19,84.83,26.75,31.533655546386893,55.09,42.0,,,,,,,,
2022-01-20,,,,,,,,,,,,,
2022-01-21,,,,,,,,,,,,,
2022-01-22,84.63,26.4,31.19461183977313,55.24,42.02,,,,,,,,
2022-01-23,,,,,,,,,,,,,
2022-01-24,,,,,,,,,,,,,
2022-01-25,,,,,,,,,,,,,
2022-01-26,84.55,25.24,29.852158486102898,56.28,42.44,,,,,,,,
2022-01-27,,,,,,,,,,,,,
2022-01-28,,,,,,,,,,,,,
2022-01-29,,,,,,,,,,,,,
2022-01-30,84.57,26.72,31.595128296086084,54.87,41.85,,,,,,,,
2022-01-31,,,,,,,,,,,,,
2022-02-01,,,,,,,,,,,,,
2022-02-02,84.42,26.41,31.28405591092158,55.02,41.88,,,,,,,,
2022-02-03,,,,,,,,,,,,,
2022-02-04,,,,,,,,,,,,,
2022-02-05,84.4,24.89,29.490521327014218,56.47,42.49,,,,,,,,
2022-02-06,,,,,,,,,,,,,
2022-02-07,,,,,,,,,,,,,
2022-02-08,,,,,,,,,,,,,
2022-02-09,,,,,,,,,,,,,
2022-02-10,83.435,25.225,30.23310898466029,55.215,41.735,,,,,,,,
2022-02-11,,,,,,,,,,,,,
2022-02-12,83.84,26.95,32.14456106870229,53.93,41.31,,,,,,,,
2022-02-13,,,,,,,,,,,,,
2022-02-14,,,,,,,,,,,,,
2022-02-15,,,,,,,,,,,,,
2022-02-16,83.24,24.42,29.336857280153772,55.81,41.95,,,,,,,,
2022-02-17,,,,,,,,,,,,,
2022-02-18,,,,,,,,,,,,,
2022-02-19,83.63,25.64,30.658854478058114,55.01,41.69,,,,,,,,
2022-02-20,,,,,,,,,,,,,
2022-02-21,,,,,,,,,,,,,
2022-02-22,,,,,,,,,,,,,
2022-02-23,82.75,24.56,29.6797583081571,55.21,41.58,,,,,,,,
2022-02-24,,,,,,,,,,,,,
2022-02-25,,,,,,,,,,,,,
2022-02-26,,,,,,,,,,,,,
2022-02-27,82.84,,,,,,,,,,,,
2022-02-28,,,,,,,,,,,,,
2022-03-01,,,,,,,,,,,,,
2022-03-02,83.31,25.49,30.596567038770853,54.84,41.54,,,,,,,,
2022-03-03,,,,,,,,,,,,,
2022-03-04,,,,,,,,,,,,,
2022-03-05,,,,,,,,,,,,,
2022-03-06,83.43,24.67,29.569699148987173,55.76,41.97,,,,,,,,
2022-03-07,,,,,,,,,,,,,
2022-03-08,,,,,,,,,,,,,
2022-03-09,83.54,,,,,,,,,,,,
2022-03-10,,,,,,,,,,,,,
2022-03-11,,,,,,,,,,,,,
2022-03-12,,,,,,,,,,,,,
2022-03-13,83.57,25.19,30.142395596505924,55.38,41.83,,,,,,,,
2022-03-14,,,,,,,,,,,,,
2022-03-15,,,,,,,,,,,,,
2022-03-16,83.22,25.45,30.581590963710646,54.79,41.5,,,,,,,,
2022-03-17,,,,,,,,,,,,,
2022-03-18,,,,,,,,,,,,,
2022-03-19,,,,,,,,,,,,,
2022-03-20,83.46,,,,,,,,,,,,
2022-03-21,,,,,,,,,,,,,
2022-03-22,,,,,,,,,,,,,
2022-03-23,83.94,25.6,30.497974743864667,55.35,41.9,,,,,,,,
2022-03-24,,,,,,,,,,,,,
2022-03-25,82.99,25.04,30.172309916857454,54.98,41.53,,,,,,,,
2022-03-26,84.03,,,,,,,,,,,,
2022-03-27,,,,,,,,,,,,,
2022-03-28,,,,,,,,,,,,,
2022-03-29,83.55,,,,,,,,,,,,
2022-03-30,,,,,,,,,,,,,
2022-03-31,,,,,,,,,,,,,
2022-04-01,,,,,,,,,,,,,
2022-04-02,,,,,,,,,,,,,
2022-04-03,,,,,,,,,,,,,
2022-04-04,83.22,24.96,29.992790194664746,55.27,41.71,,,,,,,,
2022-04-05,,,,,,,,,,,,,
2022-04-06,,,,,,,,,,,,,
2022-04-07,84.06,,,,,,,,,,,,
2022-04-08,,,,,,,,,,,,,
2022-04-09,,,,,,,,,,,,,
2022-04-10,83.56,,,,,,,,,,,,
2022-04-11,,,,,,,,,,,,,
2022-04-12,,,,,,,,,,,,,
2022-04-13,82.49,,,,,,,,,,,,
2022-04-14,,,,,,,,,,,,,
2022-04-15,,,,,,,,,,,,,
2022-04-16,82.59,,,,,,,,,,,,
2022-04-17,,,,,,,,,,,,,
2022-04-18,,,,,,,,,,,,,
2022-04-19,,,,,,,,,,,,,
2022-04-20,,,,,,,,,,,,,
2022-04-21,82.92,,,,,,,,,,,,
2022-04-22,,,,,,,,,,,,,
2022-04-23,,,,,,,,,,,,,
2022-04-24,83.88,,,,,,,,,,,,
2022-04-25,,,,,,,,,,,,,
2022-04-26,,,,,,,,,,,,,
2022-04-27,,,,,,,,,,,,,
2022-04-28,,,,,,,,,,,,,
2022-04-29,,,,,,,,,,,,,
2022-04-30,,,,,,,,,,,,,
2022-05-01,,,,,,,,,,,,,
2022-05-02,,,,,,,,,,,,,
2022-05-03,,,,,,,,,,,,,
2022-05-04,,,,,,,,,,,,,
2022-05-05,,,,,,,,,,,,,
2022-05-06,,,,,,,,,,,,,
2022-05-07,,,,,,,,,,,,,
2022-05-08,,,,,,,,,,,,,
2022-05-09,,,,,,,,,,,,,
2022-05-10,,,,,,,,,,,,,
2022-05-11,,,,,,,,,,,,,
2022-05-12,,,,,,,,,,,,,
2022-05-13,,,,,,,,,,,,,
2022-05-14,,,,,,,,,,,,,
2022-05-15,,,,,,,,,,,,,
2022-05-16,,,,,,,,,,,,,
2022-05-17,,,,,,,,,,,,,
2022-05-18,,,,,,,,,,,,,
2022-05-19,,,,,,,,,,,,,
2022-05-20,,,,,,,,,,,,,
2022-05-21,,,,,,,,,,,,,
2022-05-22,,,,,,,,,,,,,
2022-05-23,,,,,,,,,,,,,
2022-05-24,,,,,,,,,,,,,
2022-05-25,,,,,,,,,,,,,
2022-05-26,,,,,,,,,,,,,
2022-05-27,,,,,,,,,,,,,
2022-05-28,,,,,,,,,,,,,
2022-05-29,,,,,,,,,,,,,
2022-05-30,81.75,,,,,,,,,,,,
2022-05-31,,,,,,,,,,,,,
2022-06-01,,,,,,,,,,,,,
2022-06-02,,,,,,,,,,,,,
2022-06-03,,,,,,,,,,,,,
2022-06-04,,,,,,,,,,,,,
2022-06-05,,,,,,,,,,,,,
2022-06-06,,,,,,,,,,,,,
2022-06-07,,,,,,,,,,,,,
2022-06-08,,,,,,,,,,,,,
2022-06-09,,,,,,,,,,,,,
2022-06-10,,,,,,,,,,,,,
2022-06-11,,,,,,,,,,,,,
2022-06-12,,,,,,,,,,,,,
2022-06-13,,,,,,,,,,,,,
2022-06-14,,,,,,,,,,,,,
2022-06-15,,,,,,,,,,,,,
2022-06-16,,,,,,,,,,,,,
2022-06-17,,,,,,,,,,,,,
2022-06-18,81.79,,,,,,,,,,,,
2022-06-19,,,,,,,,,,,,,
2022-06-20,,,,,,,,,,,,,
2022-06-21,,,,,,,,,,,,,
2022-06-22,,,,,,,,,,,,,
2022-06-23,,,,,,,,,,,,,
2022-06-24,,,,,,,,,,,,,
2022-06-25,,,,,,,,,,,,,
2022-06-26,,,,,,,,,,,,,
2022-06-27,,,,,,,,,,,,,
2022-06-28,,,,,,,,,,,,,
2022-06-29,,,,,,,,,,,,,
2022-06-30,,,,,,,,,,,,,
2022-07-01,,,,,,,,,,,,,
2022-07-02,,,,,,,,,,,,,
2022-07-03,,,,,,,,,,,,,
2022-07-04,,,,,,,,,,,,,
2022-07-05,,,,,,,,,,,,,
2022-07-06,82.36,,,,,,,,,,,,
2022-07-07,,,,,,,,,,,,,
2022-07-08,,,,,,,,,,,,,
2022-07-09,,,,,,,,,,,,,
2022-07-10,,,,,,,,,,,,,
2022-07-11,,,,,,,,,,,,,
2022-07-12,,,,,,,,,,,,,
2022-07-13,,,,,,,,,,,,,
2022-07-14,,,,,,,,,,,,,
2022-07-15,,,,,,,,,,,,,
2022-07-16,,,,,,,,,,,,,
2022-07-17,,,,,,,,,,,,,
2022-07-18,,,,,,,,,,,,,
2022-07-19,,,,,,,,,,,,,
2022-07-20,,,,,,,,,,,,,
2022-07-21,82.76,,,,,,,,,,,,
2022-07-22,,,,,,,,,,,,,
2022-07-23,,,,,,,,,,,,,
2022-07-24,,,,,,,,,,,,,
2022-07-25,,,,,,,,,,,,,
2022-07-26,,,,,,,,,,,,,
2022-07-27,,,,,,,,,,,,,
2022-07-28,,,,,,,,,,,,,
2022-07-29,,,,,,,,,,,,,
2022-07-30,,,,,,,,,,,,,
2022-07-31,,,,,,,,,,,,,
2022-08-01,,,,,,,,,,,,,
2022-08-02,83.39,,,,,,,,,,,,
2022-08-03,,,,,,,,,,,,,
2022-08-04,,,,,,,,,,,,,
2022-08-05,,,,,,,,,,,,,
2022-08-06,,,,,,,,,,,,,
2022-08-07,,,,,,,,,,,,,
2022-08-08,81.9,,,,,,,,,,,,
2022-08-09,,,,,,,,,,,,,
2022-08-10,,,,,,,,,,,,,
2022-08-11,,,,,,,,,,,,,
2022-08-12,81.88,,,,,,,,,,,,
2022-08-13,,,,,,,,,,,,,
2022-08-14,,,,,,,,,,,,,
2022-08-15,,,,,,,,,,,,,
2022-08-16,82.39,,,,,,,,,,,,
2022-08-17,,,,,,,,,,,,,
2022-08-18,,,,,,,,,,,,,
2022-08-19,,,,,,,,,,,,,
2022-08-20,,,,,,,,,,,,,
2022-08-21,,,,,,,,,,,,,
2022-08-22,,,,,,,,,,,,,
2022-08-23,,,,,,,,,,,,,
2022-08-24,,,,,,,,,,,,,
2022-08-25,,,,,,,,,,,,,
2022-08-26,,,,,,,,,,,,,
2022-08-27,,,,,,,,,,,,,
2022-08-28,,,,,,,,,,,,,
2022-08-29,,,,,,,,,,,,,
2022-08-30,82.73,,,,,,,,,,,,
2022-08-31,,,,,,,,,,,,,
2022-09-01,,,,,,,,,,,,,
2022-09-02,,,,,,,,,,,,,
2022-09-03,,,,,,,,,,,,,
2022-09-04,82.55,,,,,,,,,,,,
2022-09-05,,,,,,,,,,,,,
2022-09-06,,,,,,,,,,,,,
2022-09-07,,,,,,,,,,,,,
2022-09-08,,,,,,,,,,,,,
2022-09-09,82.86,,,,,,,,,,,,
2022-09-10,,,,,,,,,,,,,
2022-09-11,,,,,,,,,,,,,
2022-09-12,,,,,,,,,,,,,
2022-09-13,,,,,,,,,,,,,
2022-09-14,,,,,,,,,,,,,
2022-09-15,,,,,,,,,,,,,
2022-09-16,,,,,,,,,,,,,
2022-09-17,,,,,,,,,,,,,
2022-09-18,,,,,,,,,,,,,
2022-09-19,,,,,,,,,,,,,
2022-09-20,,,,,,,,,,,,,
2022-09-21,,,,,,,,,,,,,
2022-09-22,,,,,,,,,,,,,
2022-09-23,83.04,,,,,,,,,,,,
2022-09-24,,,,,,,,,,,,,
2022-09-25,,,,,,,,,,,,,
2022-09-26,,,,,,,,,,,,,
2022-09-27,,,,,,,,,,,,,
2022-09-28,,,,,,,,,,,,,
2022-09-29,,,,,,,,,,,,,
2022-09-30,,,,,,,,,,,,,
2022-10-01,,,,,,,,,,,,,
2022-10-02,,,,,,,,,,,,,
2022-10-03,82.62,,,,,,,,,,,,
2022-10-04,,,,,,,,,,,,,
2022-10-05,,,,,,,,,,,,,
2022-10-06,82.47,,,,,,,,,,,,
2022-10-07,,,,,,,,,,,,,
2022-10-08,,,,,,,,,,,,,
2022-10-09,,,,,,,,,,,,,
2022-10-10,,,,,,,,,,,,,
2022-10-11,82.35,,,,,,,,,,,,
2022-10-12,,,,,,,,,,,,,
2022-10-13,,,,,,,,,,,,,
2022-10-14,,,,,,,,,,,,,
2022-10-15,81.73,,,,,,,,,,,,
2022-10-16,,,,,,,,,,,,,
2022-10-17,,,,,,,,,,,,,
2022-10-18,,,,,,,,,,,,,
2022-10-19,81.87,24.32,29.70563087822157,54.59,41.08,,,,,,,,
2022-10-20,,,,,,,,,,,,,
2022-10-21,,,,,,,,,,,,,
2022-10-22,,,,,,,,,,,,,
2022-10-23,81.63,,,,,,,,,,,,
2022-10-24,,,,,,,,,,,,,
2022-10-25,,,,,,,,,,,,,
2022-10-26,81.12,,,,,4039.0,,,,,,,
2022-10-27,,,,,,3475.0,,,,,,,
2022-10-28,,,,,,2806.0,,,,,,,
2022-10-29,,,,,,4819.0,,,,,,,
2022-10-30,81.29,,,,,482.0,,,,,,,
2022-10-31,,,,,,8233.0,,,,,,,
2022-11-01,81.59,,,,,1165.0,,,,,,,
2022-11-02,,,,,,7578.0,,,,,,,
2022-11-03,,,,,,4017.0,,,,,,,
2022-11-04,,,,,,5342.0,,,,,,,
2022-11-05,80.09,,,,,3151.0,,,,,,,
2022-11-06,,,,,,3509.0,,,,,,,
2022-11-07,,,,,,5705.0,,,,,,,
2022-11-08,,,,,,7498.0,,,,,,,
2022-11-09,,,,,,3697.0,,,,,,,
2022-11-10,,,,,,4172.0,,,,,,,
2022-11-11,79.32499999999999,,,,,3330.0,7.033333333333333,62.0,0.3,,,,
2022-11-12,,,,,,6590.0,6.9,67.0,1.1,,,,
2022-11-13,,,,,,9262.0,3.15,74.0,0.3333333333333333,,,,
2022-11-14,,,,,,1449.0,6.2,67.0,0.8833333333333333,,,,
2022-11-15,79.10499999999999,,,,,4873.0,3.4,70.0,1.35,,,,
2022-11-16,,,,,,3307.0,8.433333333333334,63.0,0.5,,,,
2022-11-17,,,,,,5900.0,5.55,65.0,0.2,,,,
2022-11-18,78.7,,,,,3061.0,7.8,66.0,0.31666666666666665,,,,
2022-11-19,,,,,,,7.7,67.0,0.5333333333333333,,,,
2022-11-20,,,,,,,7.766666666666667,64.0,0.55,,,,
2022-11-21,,,,,,2233.0,6.15,64.0,0.35,,,,
2022-11-22,78.2,,,,,2174.0,7.433333333333334,65.0,0.2833333333333333,,,,
2022-11-23,,,,,,6099.0,6.333333333333333,66.0,0.9166666666666666,,,,
2022-11-24,,,,,,2156.0,8.016666666666667,77.0,1.05,,,,
2022-11-25,77.9,20.4,26.187419768934525,54.57,40.27,4157.0,,,,,,,
2022-11-26,,,,,,6397.0,0.6166666666666667,80.0,0.6333333333333333,,,,
2022-11-27,,,,,,3970.0,,,,,,,
2022-11-28,,,,,,5700.0,,,,,,,
2022-11-29,78.39,22.16,28.268911851001402,53.33,39.75,1201.0,,,,,,,
2022-11-30,77.55,19.94,25.712443584784015,54.68,40.27,2116.0,,,,,,,
2022-12-01,,,,,,5047.0,6.35,67.0,0.7666666666666667,,,,
2022-12-02,77.87,,,,,6080.0,,,,,,,
2022-12-03,,,,,,4552.0,,,,,,,
2022-12-04,,,,,,3014.0,,,,,,,
2022-12-05,78.16,19.42,24.846468781985674,55.76,40.98,5394.0,6.2,59.0,0.6,,,,
2022-12-06,,,,,,2780.0,6.983333333333333,75.0,0.6,,,,
2022-12-07,77.66,20.58,26.50012876641772,54.16,40.01,2863.0,7.2,61.0,0.6666666666666666,,,,
2022-12-08,,,,,,2825.0,5.266666666666667,61.0,0.5333333333333333,,,,
2022-12-09,77.15,19.56,25.35320803629293,54.67,40.2,5787.0,6.516666666666667,62.0,0.06666666666666667,,,,
2022-12-10,,,,,,7596.0,6.15,60.0,0.25,,,,
2022-12-11,,,,,,3999.0,2.7,71.0,0.3333333333333333,,,,
2022-12-12,,,,,,4367.0,6.516666666666667,57.0,0.3,,,,
2022-12-13,,,,,,8577.0,7.316666666666666,59.0,0.4166666666666667,,,,
2022-12-14,77.05,19.97,25.91823491239455,54.17,39.91,7647.0,6.516666666666667,60.0,0.5666666666666667,,,,
2022-12-15,,,,,,4983.0,8.516666666666667,62.0,0.55,,,,
2022-12-16,,,,,,5422.0,6.633333333333334,61.0,0.23333333333333334,,,,
2022-12-17,76.83,,,,,1900.0,6.816666666666666,64.0,0.5833333333333334,,,,
2022-12-18,,,,,,912.0,9.433333333333334,58.0,0.3333333333333333,,,,
2022-12-19,,,,,,3864.0,5.716666666666667,61.0,0.7833333333333333,,,,
2022-12-20,,,,,,0.0,8.383333333333333,57.0,0.45,,,,
2022-12-21,76.1,,,,,751.0,7.283333333333333,62.0,0.8833333333333333,,,,
2022-12-22,,,,,,6659.0,8.85,58.0,0.5666666666666667,,,,
2022-12-23,,,,,,2346.0,6.266666666666667,63.0,0.6333333333333333,,,,
2022-12-24,,,,,,2290.0,8.066666666666666,65.0,0.38333333333333336,,,,
2022-12-25,76.24,19.5,25.57712486883526,53.85,39.59,9358.0,5.683333333333334,61.0,0.8666666666666667,,,,
2022-12-26,,,,,,3562.0,10.066666666666666,57.0,0.2833333333333333,1.0,20.0,7230.0,31.0
2022-12-27,76.0,,,,,2088.0,7.75,61.0,0.9166666666666666,0.0,0.0,0.0,0.0
2022-12-28,,,,,,5528.0,7.45,59.0,0.5,1.0,20.0,7530.0,38.0
2022-12-29,,,,,,959.0,8.783333333333333,58.0,0.48333333333333334,0.0,0.0,0.0,0.0
2022-12-30,76.74,19.37,25.24107375553818,54.46,40.17,2358.0,7.3,57.0,0.5166666666666667,0.0,0.0,0.0,0.0
2022-12-31,,,,,,18.0,,,,0.0,0.0,0.0,0.0
2023-01-01,,,,,,3133.0,,,,0.0,0.0,0.0,0.0
2023-01-02,,,,,,498.0,,,,0.0,0.0,0.0,0.0
2023-01-03,76.72,20.32,26.4859228362878,53.52,39.65,1956.0,5.95,61.0,0.35,1.0,20.0,7770.0,35.0
2023-01-04,76.3,19.49,25.543905635648752,53.92,39.79,4221.0,9.733333333333333,62.0,0.23333333333333334,0.0,0.0,0.0,0.0
2023-01-05,,,,,,929.0,1.9333333333333333,67.0,0.65,0.0,0.0,0.0,0.0
2023-01-06,76.75999999999999,18.58,24.262209454165575,55.07,40.5,4897.0,9.583333333333334,60.0,0.5333333333333333,0.0,0.0,0.0,0.0
2023-01-07,,,,,,1460.0,2.783333333333333,65.0,0.36666666666666664,0.0,0.0,0.0,0.0
2023-01-08,,,,,,6732.0,9.866666666666667,61.0,0.5666666666666667,0.0,0.0,0.0,0.0
2023-01-09,,,,,,4733.0,6.266666666666667,59.0,0.6166666666666667,1.0,20.0,8058.0,35.0
2023-01-10,,,,,,4820.0,2.5166666666666666,63.0,0.15,0.0,0.0,0.0,0.0
2023-01-11,76.34,19.79,25.923500130992924,53.66,39.66,1649.0,12.583333333333334,60.0,0.4166666666666667,0.0,0.0,0.0,0.0
2023-01-12,,,,,,1158.0,4.45,61.0,0.35,0.0,0.0,0.0,0.0
2023-01-13,,,,,,4370.0,7.716666666666667,62.0,0.4666666666666667,0.0,0.0,0.0,0.0
2023-01-14,76.57,20.1,26.250489747943064,53.58,39.65,9250.0,7.133333333333334,57.0,0.8666666666666667,1.0,20.0,8340.0,39.0
2023-01-15,76.07,20.01,26.30471933745235,53.19,39.36,7078.0,7.25,61.0,0.6833333333333333,0.0,0.0,0.0,0.0
2023-01-16,,,,,,2165.0,6.083333333333333,60.0,1.15,1.0,20.0,8514.0,83.0
2023-01-17,76.17,19.07,25.03610345280294,54.19,39.92,3781.0,7.733333333333333,61.0,0.16666666666666666,0.0,0.0,0.0,0.0
2023-01-18,76.29,19.37,25.38995936557871,54.03,39.85,2743.0,7.066666666666666,63.0,0.23333333333333334,0.0,0.0,0.0,0.0
2023-01-19,76.35,19.27,25.239030779305832,54.18,39.95,811.0,7.583333333333333,60.0,0.5333333333333333,0.0,0.0,0.0,0.0
2023-01-20,75.99,19.34,25.450717199631534,53.77,39.66,5303.0,7.7,61.0,0.21666666666666667,0.0,0.0,0.0,0.0
2023-01-21,76.44,19.04,24.90842490842491,54.48,40.13,7736.0,7.683333333333334,59.0,0.31666666666666665,0.0,0.0,0.0,0.0
2023-01-22,,,,,,1868.0,7.933333333333334,58.0,0.7333333333333333,0.0,0.0,0.0,0.0
2023-01-23,75.32,19.15,25.418104592513934,53.32,39.3,140.0,4.316666666666666,59.0,0.18333333333333332,0.0,0.0,0.0,0.0
2023-01-24,75.89,19.26,25.37883779154039,53.74,39.62,294.0,7.466666666666667,56.0,0.5666666666666667,0.0,0.0,0.0,0.0
2023-01-25,76.15,19.1,25.08207485226527,54.14,39.89,1921.0,7.85,59.0,0.5166666666666667,0.0,0.0,0.0,0.0
2023-01-26,,,,,,906.0,7.55,58.0,0.8833333333333333,0.0,0.0,0.0,0.0
2023-01-27,76.37,19.56,25.61215136833835,53.92,39.8,2388.0,7.4,61.0,0.48333333333333334,1.0,20.0,7032.0,76.0
2023-01-28,,,,,,2322.0,7.116666666666666,65.0,0.3,0.0,0.0,0.0,0.0
2023-01-29,76.09,19.32,25.390984360625573,53.88,39.73,6427.0,7.9,57.0,0.48333333333333334,0.0,0.0,0.0,0.0
2023-01-30,,,,,,5546.0,5.066666666666666,60.0,1.05,0.0,0.0,0.0,0.0
2023-01-31,,,,,,5827.0,7.35,61.0,0.6666666666666666,0.0,0.0,0.0,0.0
2023-02-01,75.77,18.19,24.00686287448859,54.66,40.14,2999.0,7.116666666666666,60.0,0.3,0.0,0.0,0.0,0.0
2023-02-02,75.62,19.21,25.403332451732343,53.53,39.46,1826.0,7.916666666666667,58.0,0.38333333333333336,0.0,0.0,0.0,0.0
2023-02-03,75.11,19.2,25.562508321129013,53.05,39.11,2030.0,6.433333333333334,57.0,0.2833333333333333,0.0,0.0,0.0,0.0
2023-02-04,,,,,,2677.0,7.15,62.0,1.0666666666666667,0.0,0.0,0.0,0.0
2023-02-05,,,,,,4461.0,7.233333333333333,58.0,0.35,0.0,0.0,0.0,0.0
2023-02-06,,,,,,4501.0,4.383333333333334,61.0,0.9,0.0,0.0,0.0,0.0
2023-02-07,,,,,,1841.0,6.483333333333333,59.0,0.2833333333333333,0.0,0.0,0.0,0.0
2023-02-08,74.66,18.04,24.162871684971872,53.75,39.43,5416.0,4.133333333333334,68.0,1.15,0.0,0.0,0.0,0.0
2023-02-09,,,,,,1602.0,5.016666666666667,68.0,1.7,0.0,0.0,0.0,0.0
2023-02-10,74.58,19.13,25.650308393671224,52.61,38.78,361.0,9.0,64.0,0.26666666666666666,0.0,0.0,0.0,0.0
2023-02-11,,,,,,8609.0,6.45,59.0,0.38333333333333336,0.0,0.0,0.0,0.0
2023-02-12,,,,,,10193.0,8.283333333333333,60.0,0.5833333333333334,0.0,0.0,0.0,0.0
2023-02-13,74.38,17.7,23.796719548265663,53.8,39.43,4529.0,4.933333333333334,60.0,0.7666666666666667,1.0,20.0,7238.0,88.0
2023-02-14,,,,,,3444.0,8.266666666666667,65.0,0.2833333333333333,0.0,0.0,0.0,0.0
2023-02-15,74.69,18.1,24.233498460302588,53.72,39.42,4267.0,5.95,63.0,0.48333333333333334,0.0,0.0,0.0,0.0
2023-02-16,74.25,18.18,24.484848484848484,53.21,39.06,5549.0,3.6666666666666665,60.0,0.75,0.0,0.0,0.0,0.0
2023-02-17,74.25,17.76,23.919191919191924,53.61,39.29,1102.0,6.9,60.0,0.5333333333333333,0.0,0.0,0.0,0.0
2023-02-18,73.63,18.09,24.568789895423063,52.7,38.66,3185.0,7.216666666666667,61.0,0.38333333333333336,0.0,0.0,0.0,0.0
2023-02-19,72.85,17.72,24.323953328757725,52.31,38.31,980.0,6.95,63.0,0.8,0.0,0.0,0.0,0.0
2023-02-20,,,,,,3882.0,4.683333333333334,62.0,1.0166666666666666,0.0,0.0,0.0,0.0
2023-02-21,,,,,,1298.0,0.6333333333333333,64.0,0.1,0.0,0.0,0.0,0.0
2023-02-22,,,,,,5557.0,6.533333333333333,59.0,0.5,0.0,0.0,0.0,0.0
2023-02-23,,,,,,835.0,3.066666666666667,64.0,1.0833333333333333,0.0,0.0,0.0,0.0
2023-02-24,,,,,,3575.0,8.416666666666666,59.0,0.55,0.0,0.0,0.0,0.0
2023-02-25,72.35,17.41,24.0635798203179,52.13,38.12,4034.0,5.633333333333334,64.0,0.65,0.0,0.0,0.0,0.0
2023-02-26,72.78,17.2,23.63286617202528,52.74,38.55,4319.0,8.233333333333333,64.0,0.65,0.0,0.0,0.0,0.0
2023-02-27,,,,,,9608.0,5.583333333333333,69.0,1.3,1.0,15.0,5886.0,26.0
2023-02-28,,,,,,4813.0,7.216666666666667,59.0,0.43333333333333335,0.0,0.0,0.0,0.0
2023-03-01,73.27,17.36,23.693189572812884,53.06,38.81,4964.0,6.166666666666667,62.0,0.2,0.0,0.0,0.0,0.0
2023-03-02,73.87,16.88,22.850954379315013,54.1,39.55,3568.0,8.066666666666666,60.0,0.31666666666666665,0.0,0.0,0.0,0.0
2023-03-03,73.54,17.65,24.000543921675273,53.04,38.84,4407.0,,,,0.0,0.0,0.0,0.0
2023-03-04,,,,,,2636.0,5.516666666666667,62.0,0.7333333333333333,0.0,0.0,0.0,0.0
2023-03-05,73.66,17.82,24.192234591365736,52.99,38.83,1605.0,8.116666666666667,58.0,0.4666666666666667,0.0,0.0,0.0,0.0
2023-03-06,,,,,,3260.0,4.883333333333334,59.0,0.5166666666666667,0.0,0.0,0.0,0.0
2023-03-07,73.39,17.73,24.158604714538765,52.82,38.69,6416.0,5.066666666666666,55.0,1.4833333333333334,0.0,0.0,0.0,0.0
2023-03-08,,,,,,4131.0,5.966666666666667,67.0,0.5833333333333334,0.0,0.0,0.0,0.0
2023-03-09,74.05,17.02,22.98446995273464,54.14,39.59,6908.0,6.333333333333333,69.0,0.5166666666666667,0.0,0.0,0.0,0.0
2023-03-10,73.62,17.62,23.93371366476501,53.15,38.92,2463.0,5.783333333333333,61.0,0.6833333333333333,0.0,0.0,0.0,0.0
2023-03-11,,,,,,5547.0,4.333333333333333,63.0,0.7166666666666667,0.0,0.0,0.0,0.0
2023-03-12,,,,,,4451.0,7.85,65.0,0.5166666666666667,0.0,0.0,0.0,0.0
2023-03-13,73.14,17.13,23.4208367514356,53.17,38.86,687.0,5.966666666666667,64.0,0.4666666666666667,0.0,0.0,0.0,0.0
2023-03-14,73.59,16.86,22.910721565430084,53.85,39.36,8043.0,5.033333333333333,65.0,0.8333333333333334,0.0,0.0,0.0,0.0
2023-03-15,73.12,16.98,23.22210065645514,53.29,38.94,736.0,5.6,76.0,0.9,0.0,0.0,0.0,0.0
2023-03-16,,,,,,906.0,8.533333333333333,64.0,0.25,0.0,0.0,0.0,0.0
2023-03-17,72.84,17.23,23.654585392641405,52.77,38.58,5257.0,9.033333333333333,68.0,0.85,0.0,0.0,0.0,0.0
2023-03-18,73.14,16.76,22.91495761553186,53.52,39.08,7625.0,6.883333333333334,64.0,0.3333333333333333,0.0,0.0,0.0,0.0
2023-03-19,,,,,,4869.0,6.65,62.0,0.31666666666666665,0.0,0.0,0.0,0.0
2023-03-20,72.92,16.65,22.8332419089413,53.41,38.99,3076.0,8.166666666666666,61.0,0.16666666666666666,0.0,0.0,0.0,0.0
2023-03-21,,,,,,6474.0,6.433333333333334,62.0,0.6333333333333333,0.0,0.0,0.0,0.0
2023-03-22,73.1,16.76,22.927496580027366,53.48,39.05,6785.0,6.716666666666667,61.0,0.6833333333333333,1.0,19.0,7116.0,34.0
2023-03-23,,,,,,5162.0,7.25,61.0,0.5833333333333334,0.0,0.0,0.0,0.0
2023-03-24,,,,,,4850.0,7.3,59.0,0.43333333333333335,0.0,0.0,0.0,0.0
2023-03-25,73.15,17.07,23.335611756664388,53.23,38.9,3703.0,6.683333333333334,57.0,0.9833333333333333,0.0,0.0,0.0,0.0
2023-03-26,,,,,,5710.0,4.733333333333333,65.0,0.5,0.0,0.0,0.0,0.0
2023-03-27,,,,,,5035.0,7.916666666666667,62.0,0.6333333333333333,0.0,0.0,0.0,0.0
2023-03-28,,,,,,2747.0,6.566666666666666,63.0,0.9666666666666667,0.0,0.0,0.0,0.0
2023-03-29,72.93,16.98,23.282599753187988,53.1,38.79,3991.0,7.666666666666667,58.0,0.6666666666666666,0.0,0.0,0.0,0.0
2023-03-30,73.2,17.17,23.456284153005466,53.18,38.88,2535.0,7.333333333333333,61.0,0.65,0.0,0.0,0.0,0.0
2023-03-31,,,,,,286.0,6.9,60.0,0.4666666666666667,0.0,0.0,0.0,0.0
2023-04-01,,,,,,7192.0,7.483333333333333,61.0,0.43333333333333335,0.0,0.0,0.0,0.0
2023-04-02,,,,,,3997.0,,,,0.0,0.0,0.0,0.0
2023-04-03,73.4,17.24,23.487738419618523,53.31,38.98,3048.0,7.85,62.0,0.7166666666666667,0.0,0.0,0.0,0.0
2023-04-04,,,,,,4015.0,8.85,61.0,0.4166666666666667,0.0,0.0,0.0,0.0
2023-04-05,,,,,,3888.0,6.733333333333333,62.0,0.5833333333333334,0.0,0.0,0.0,0.0
2023-04-06,73.0,17.37,23.794520547945204,52.79,38.6,3005.0,7.483333333333333,61.0,0.3333333333333333,0.0,0.0,0.0,0.0
2023-04-07,,,,,,6315.0,7.633333333333334,62.0,0.7166666666666667,0.0,0.0,0.0,0.0
2023-04-08,,,,,,3836.0,5.583333333333333,64.0,0.4166666666666667,0.0,0.0,0.0,0.0
2023-04-09,72.86,17.16,23.552017567938513,52.86,38.63,5922.0,12.5,63.0,0.4,0.0,0.0,0.0,0.0
2023-04-10,,,,,,1305.0,7.7,58.0,0.3,0.0,0.0,0.0,0.0
2023-04-11,72.73,16.8,23.099133782483154,53.09,38.75,5837.0,6.25,59.0,1.2166666666666666,0.0,0.0,0.0,0.0
2023-04-12,73.2,16.89,23.073770491803277,53.45,39.05,6724.0,7.9,64.0,0.4666666666666667,0.0,0.0,0.0,0.0
2023-04-13,,,,,,5297.0,9.383333333333333,60.0,0.4,0.0,0.0,0.0,0.0
2023-04-14,,,,,,4972.0,,,,0.0,0.0,0.0,0.0
2023-04-15,,,,,,3518.0,,,,0.0,0.0,0.0,0.0
2023-04-16,,,,,,2939.0,0.6833333333333333,71.0,1.1,0.0,0.0,0.0,0.0
2023-04-17,74.94,18.32,24.446223645583135,53.74,39.46,3476.0,7.333333333333333,64.0,0.4166666666666667,0.0,0.0,0.0,0.0
2023-04-18,74.22,18.27,24.6160064672595,53.09,38.97,6243.0,6.783333333333333,64.0,0.43333333333333335,0.0,0.0,0.0,0.0
2023-04-19,,,,,,4665.0,9.016666666666667,67.0,0.5166666666666667,0.0,0.0,0.0,0.0
2023-04-20,,,,,,5581.0,6.783333333333333,68.0,0.5666666666666667,0.0,0.0,0.0,0.0
2023-04-21,73.72,18.32,24.850786760716225,52.56,38.59,3383.0,6.466666666666667,68.0,0.7,0.0,0.0,0.0,0.0
2023-04-22,,,,,,5536.0,7.366666666666666,66.0,0.5333333333333333,0.0,0.0,0.0,0.0
2023-04-23,74.32,18.64,25.080731969860068,52.84,38.84,7092.0,6.083333333333333,64.0,0.38333333333333336,0.0,0.0,0.0,0.0
2023-04-24,,,,,,7595.0,7.916666666666667,65.0,0.23333333333333334,0.0,0.0,0.0,0.0
2023-04-25,,,,,,1081.0,7.65,66.0,1.0666666666666667,0.0,0.0,0.0,0.0
2023-04-26,74.32,16.98,22.84714747039828,54.45,39.82,1811.0,8.233333333333333,66.0,0.38333333333333336,0.0,0.0,0.0,0.0
2023-04-27,,,,,,4302.0,5.6,64.0,0.26666666666666666,0.0,0.0,0.0,0.0
2023-04-28,73.63,17.24,23.414369143012358,53.53,39.15,2439.0,6.433333333333334,67.0,1.0833333333333333,0.0,0.0,0.0,0.0
2023-04-29,,,,,,2669.0,4.15,64.0,2.183333333333333,0.0,0.0,0.0,0.0
2023-04-30,73.69,17.99,24.413081829284838,52.85,38.75,1965.0,9.566666666666666,66.0,0.48333333333333334,0.0,0.0,0.0,0.0
2023-05-01,,,,,,6267.0,7.633333333333334,71.0,0.7166666666666667,0.0,0.0,0.0,0.0
2023-05-02,,,,,,4432.0,7.416666666666667,66.0,0.8166666666666667,0.0,0.0,0.0,0.0
2023-05-03,,,,,,5355.0,5.233333333333333,75.0,1.0,0.0,0.0,0.0,0.0
2023-05-04,72.97,17.32,23.735781828148554,52.82,38.62,1478.0,10.083333333333334,65.0,1.3,0.0,0.0,0.0,0.0
2023-05-05,,,,,,1272.0,6.85,67.0,0.8666666666666667,0.0,0.0,0.0,0.0
2023-05-06,74.26,18.06,24.319956908160513,53.33,39.12,4588.0,6.0,65.0,0.4,0.0,0.0,0.0,0.0
2023-05-07,73.63,17.5,23.76748607904387,53.27,38.99,9043.0,8.116666666666667,65.0,1.4,0.0,0.0,0.0,0.0
2023-05-08,,,,,,6152.0,5.3,73.0,0.48333333333333334,0.0,0.0,0.0,0.0
2023-05-09,74.48,17.24,23.147153598281413,54.34,39.77,4430.0,9.566666666666666,62.0,0.43333333333333335,0.0,0.0,0.0,0.0
2023-05-10,74.02,16.91,22.845176979194814,54.22,39.64,4201.0,2.1166666666666667,69.0,0.9333333333333333,0.0,0.0,0.0,0.0
2023-05-11,,,,,,321.0,7.816666666666666,65.0,0.6,0.0,0.0,0.0,0.0
2023-05-12,,,,,,839.0,8.133333333333333,62.0,0.3,0.0,0.0,0.0,0.0
2023-05-13,,,,,,4124.0,8.1,69.0,2.05,0.0,0.0,0.0,0.0
2023-05-14,73.13,17.3,23.656502119513195,52.99,38.74,6896.0,11.216666666666667,63.0,0.48333333333333334,0.0,0.0,0.0,0.0
2023-05-15,73.76,16.98,23.020607375271148,53.9,39.4,3042.0,9.0,63.0,0.8166666666666667,0.0,0.0,0.0,0.0
2023-05-16,,,,,,3133.0,7.916666666666667,61.0,0.4,0.0,0.0,0.0,0.0
2023-05-17,,,,,,3054.0,7.866666666666666,66.0,0.5166666666666667,0.0,0.0,0.0,0.0
2023-05-18,74.69,17.14,22.948185834783775,54.65,39.99,1957.0,6.5,62.0,0.4,0.0,0.0,0.0,0.0
2023-05-19,73.79,17.21,23.32294348827754,53.71,39.28,1274.0,8.233333333333333,63.0,0.8833333333333333,0.0,0.0,0.0,0.0
2023-05-20,,,,,,3018.0,7.266666666666667,64.0,0.31666666666666665,0.0,0.0,0.0,0.0
2023-05-21,72.86,18.23,25.020587427944,51.82,38.02,4168.0,10.1,64.0,0.35,0.0,0.0,0.0,0.0
2023-05-22,73.48,17.39,23.666303756124115,53.24,38.94,2444.0,7.35,63.0,0.7,0.0,0.0,0.0,0.0
2023-05-23,,,,,,3793.0,6.85,66.0,0.2,0.0,0.0,0.0,0.0
2023-05-24,73.58,17.64,23.97390595270454,53.09,38.87,2089.0,7.016666666666667,65.0,0.5166666666666667,0.0,0.0,0.0,0.0
2023-05-25,73.04,17.48,23.932092004381158,52.72,38.57,2272.0,7.9,67.0,0.23333333333333334,0.0,0.0,0.0,0.0
2023-05-26,,,,,,981.0,7.016666666666667,67.0,0.6,0.0,0.0,0.0,0.0
2023-05-27,,,,,,6513.0,7.533333333333333,70.0,0.9166666666666666,0.0,0.0,0.0,0.0
2023-05-28,,,,,,5067.0,7.45,65.0,1.2,0.0,0.0,0.0,0.0
2023-05-29,,,,,,1457.0,10.366666666666667,68.0,0.5666666666666667,0.0,0.0,0.0,0.0
2023-05-30,73.17,16.71,22.83722837228372,53.6,39.13,1108.0,8.3,67.0,0.26666666666666666,0.0,0.0,0.0,0.0
2023-05-31,73.04,16.93,23.17907995618839,53.26,38.9,5090.0,6.833333333333333,73.0,1.2,0.0,0.0,0.0,0.0
2023-06-01,,,,,,583.0,7.833333333333333,63.0,0.55,0.0,0.0,0.0,0.0
2023-06-02,73.12,,,,,662.0,8.216666666666667,70.0,0.2833333333333333,0.0,0.0,0.0,0.0
2023-06-03,73.75,18.29,24.8,52.62,38.62,12021.0,8.5,66.0,0.35,0.0,0.0,0.0,0.0
2023-06-04,,,,,,5782.0,6.183333333333334,67.0,0.15,1.0,30.0,9108.0,139.0
2023-06-05,73.69,17.47,23.707422988193784,53.37,39.05,828.0,9.316666666666666,60.0,0.35,0.0,0.0,0.0,0.0
2023-06-06,74.28,18.33,24.676898222940224,53.09,38.97,4109.0,6.283333333333333,67.0,0.5666666666666667,1.0,30.0,9108.0,48.0
2023-06-07,74.61,17.74,23.7769735960327,53.98,39.56,40.0,9.6,66.0,0.31666666666666665,0.0,0.0,0.0,0.0
2023-06-08,74.13,17.32,23.364359908269257,53.94,39.46,1078.0,8.5,64.0,0.2,0.0,0.0,0.0,0.0
2023-06-09,73.85,17.73,24.008124576844956,53.26,39.01,1472.0,8.283333333333333,72.0,0.18333333333333332,0.0,0.0,0.0,0.0
2023-06-10,73.84,17.15,23.225893824485368,53.82,39.35,6459.0,8.966666666666667,67.0,0.05,0.0,0.0,0.0,0.0
2023-06-11,,,,,,192.0,8.566666666666666,67.0,1.6333333333333333,0.0,0.0,0.0,0.0
2023-06-12,72.95,17.08,23.413296778615486,53.02,38.74,2667.0,7.85,63.0,0.11666666666666667,0.0,0.0,0.0,0.0
2023-06-13,,,,,,51.0,7.466666666666667,67.0,0.9666666666666667,0.0,0.0,0.0,0.0
2023-06-14,,,,,,166.0,9.366666666666667,87.0,2.6333333333333333,0.0,0.0,0.0,0.0
2023-06-15,71.97,,,,,150.0,10.85,83.0,0.5166666666666667,0.0,0.0,0.0,0.0
2023-06-16,72.3,17.06,23.596127247579528,52.42,38.27,1018.0,9.116666666666667,66.0,0.26666666666666666,0.0,0.0,0.0,0.0
2023-06-17,,,,,,6123.0,8.766666666666667,63.0,0.8833333333333333,0.0,0.0,0.0,0.0
2023-06-18,72.08,17.16,23.806881243063263,52.12,38.05,11402.0,8.95,57.0,1.35,0.0,0.0,0.0,0.0
2023-06-19,,,,,,3975.0,7.066666666666666,57.0,0.7,1.0,30.0,9108.0,49.0
2023-06-20,72.77,16.27,22.358114607667996,53.64,39.11,2944.0,8.716666666666667,59.0,0.4166666666666667,0.0,0.0,0.0,0.0
2023-06-21,72.77,16.23,22.30314690119555,53.67,39.13,2903.0,8.616666666666667,59.0,0.55,0.0,0.0,0.0,0.0
2023-06-22,72.47,17.08,23.568373119911683,52.57,38.38,2296.0,8.133333333333333,59.0,0.5666666666666667,0.0,0.0,0.0,0.0
2023-06-23,,,,,,2481.0,7.9,61.0,0.6666666666666666,0.0,0.0,0.0,0.0
2023-06-24,73.24,17.46,23.8394320043692,52.93,38.72,9172.0,7.666666666666667,63.0,0.35,0.0,0.0,0.0,0.0
2023-06-25,,,,,,6458.0,9.7,65.0,0.45,0.0,0.0,0.0,0.0
2023-06-26,72.89,16.56,22.719165866373984,53.48,39.01,2522.0,9.35,68.0,0.35,0.0,0.0,0.0,0.0
2023-06-27,,,,,,7079.0,8.483333333333333,63.0,0.1,0.0,0.0,0.0,0.0
2023-06-28,,,,,,2311.0,7.216666666666667,64.0,0.38333333333333336,0.0,0.0,0.0,0.0
2023-06-29,,,,,,1567.0,8.466666666666667,67.0,0.31666666666666665,0.0,0.0,0.0,0.0
2023-06-30,,,,,,1336.0,8.95,62.0,0.11666666666666667,0.0,0.0,0.0,0.0
2023-07-01,,,,,,8328.0,8.5,67.0,0.48333333333333334,0.0,0.0,0.0,0.0
2023-07-02,,,,,,9575.0,7.95,61.0,0.15,0.0,0.0,0.0,0.0
2023-07-03,73.32,17.1,23.322422258592475,53.36,38.99,1807.0,8.383333333333333,68.0,0.9833333333333333,0.0,0.0,0.0,0.0
2023-07-04,,,,,,5136.0,7.283333333333333,71.0,0.4166666666666667,0.0,0.0,0.0,0.0
2023-07-05,,,,,,4548.0,8.916666666666666,65.0,0.31666666666666665,0.0,0.0,0.0,0.0
2023-07-06,,,,,,4118.0,8.75,68.0,0.36666666666666664,0.0,0.0,0.0,0.0
2023-07-07,,,,,,10250.0,8.466666666666667,70.0,0.36666666666666664,0.0,0.0,0.0,0.0
2023-07-08,,,,,,7816.0,5.85,74.0,2.95,0.0,0.0,0.0,0.0
2023-07-09,,,,,,2140.0,7.883333333333334,75.0,0.23333333333333334,0.0,0.0,0.0,0.0
2023-07-10,,,,,,3718.0,10.6,67.0,0.5,0.0,0.0,0.0,0.0
2023-07-11,,,,,,9841.0,6.7,65.0,0.3,1.0,30.0,9318.0,47.0
2023-07-12,73.52,16.76,22.796517954298153,53.88,39.35,7347.0,6.133333333333334,71.0,0.2,0.0,0.0,0.0,0.0
2023-07-13,,,,,,7389.0,9.466666666666667,66.0,0.25,0.0,0.0,0.0,0.0
2023-07-14,,,,,,8752.0,8.466666666666667,70.0,0.35,0.0,0.0,0.0,0.0
2023-07-15,74.46,17.07,22.92506043513296,54.49,39.86,7335.0,7.416666666666667,69.0,0.4166666666666667,0.0,0.0,0.0,0.0
2023-07-16,,,,,,6108.0,6.516666666666667,72.0,1.4666666666666666,0.0,0.0,0.0,0.0
2023-07-17,73.38,17.51,23.862087762333065,53.02,38.79,8788.0,8.183333333333334,66.0,0.5,0.0,0.0,0.0,0.0
2023-07-18,,,,,,7537.0,8.483333333333333,66.0,0.4,1.0,30.0,9648.0,49.0
2023-07-19,73.3,16.72,22.81036834924966,53.71,39.22,1175.0,6.883333333333334,68.0,0.4166666666666667,0.0,0.0,0.0,0.0
2023-07-20,,,,,,4795.0,7.733333333333333,69.0,0.6,0.0,0.0,0.0,0.0
2023-07-21,73.54,16.82,22.87190644547185,53.85,39.34,4080.0,6.733333333333333,69.0,0.16666666666666666,0.0,0.0,0.0,0.0
2023-07-22,,,,,,5793.0,5.4,69.0,0.3333333333333333,0.0,0.0,0.0,0.0
2023-07-23,73.45,17.15,23.349217154526887,53.44,39.05,4413.0,9.9,62.0,1.2,0.0,0.0,0.0,0.0
2023-07-24,73.46,16.66,22.679008984481353,53.92,39.37,5127.0,5.35,66.0,1.9666666666666666,0.0,0.0,0.0,0.0
2023-07-25,,,,,,4132.0,8.083333333333334,62.0,0.43333333333333335,0.0,0.0,0.0,0.0
2023-07-26,73.22,16.74,22.86260584539743,53.62,39.15,2431.0,7.116666666666666,67.0,0.7166666666666667,0.0,0.0,0.0,0.0
2023-07-27,,,,,,5022.0,8.266666666666667,61.0,0.13333333333333333,0.0,0.0,0.0,0.0
2023-07-28,73.04,16.43,22.494523548740414,53.75,39.21,3264.0,7.733333333333333,64.0,0.08333333333333333,0.0,0.0,0.0,0.0
2023-07-29,,,,,,5207.0,9.15,64.0,0.55,0.0,0.0,0.0,0.0
2023-07-30,,,,,,5065.0,9.683333333333334,64.0,0.25,0.0,0.0,0.0,0.0
2023-07-31,,,,,,3770.0,7.833333333333333,62.0,0.23333333333333334,0.0,0.0,0.0,0.0
2023-08-01,73.05,16.89,23.121149897330596,53.31,38.92,8750.0,8.333333333333334,61.0,0.18333333333333332,0.0,0.0,0.0,0.0
2023-08-02,,,,,,4506.0,6.816666666666666,65.0,0.11666666666666667,0.0,0.0,0.0,0.0
2023-08-03,,,,,,5400.0,8.016666666666667,65.0,0.25,0.0,0.0,0.0,0.0
2023-08-04,73.33,16.89,23.032865130233194,53.58,39.13,4735.0,7.583333333333333,64.0,0.3,0.0,0.0,0.0,0.0
2023-08-05,,,,,,8107.0,7.2,66.0,0.08333333333333333,0.0,0.0,0.0,0.0
2023-08-06,73.01,16.89,23.133817285303383,53.27,38.89,9498.0,7.966666666666667,65.0,0.3333333333333333,0.0,0.0,0.0,0.0
2023-08-07,,,,,,4684.0,7.75,67.0,0.3,0.0,0.0,0.0,0.0
2023-08-08,,,,,,2977.0,7.316666666666666,71.0,0.31666666666666665,0.0,0.0,0.0,0.0
2023-08-09,72.76,16.85,23.158328752061575,53.07,38.73,6692.0,7.466666666666667,72.0,0.36666666666666664,0.0,0.0,0.0,0.0
2023-08-10,72.76,16.37,22.498625618471685,53.54,39.04,4427.0,6.716666666666667,65.0,0.35,0.0,0.0,0.0,0.0
2023-08-11,,,,,,4773.0,,,,0.0,0.0,0.0,0.0
2023-08-12,73.28,16.58,22.62554585152838,53.82,39.29,6687.0,9.55,71.0,0.4166666666666667,1.0,30.0,9762.0,48.0
2023-08-13,72.62,16.54,22.776094739741115,53.23,38.82,1327.0,9.166666666666666,64.0,0.16666666666666666,0.0,0.0,0.0,0.0
2023-08-14,72.93,16.82,23.063211298505415,53.25,38.87,5089.0,7.083333333333333,65.0,0.2,1.0,30.0,10140.0,45.0
2023-08-15,,,,,,5554.0,7.3,70.0,0.16666666666666666,0.0,0.0,0.0,0.0
2023-08-16,73.83,16.86,22.836245428687526,54.09,39.52,8835.0,8.666666666666666,69.0,0.3333333333333333,0.0,0.0,0.0,0.0
2023-08-17,73.86,16.37,22.163552667208233,54.59,39.87,10252.0,8.116666666666667,61.0,0.3,0.0,0.0,0.0,0.0
2023-08-18,73.46,16.76,22.815137489790366,53.83,39.31,4741.0,9.1,67.0,0.8,0.0,0.0,0.0,0.0
2023-08-19,73.39,16.97,23.123041286278784,53.56,39.12,7277.0,8.783333333333333,65.0,0.5,0.0,0.0,0.0,0.0
2023-08-20,73.43,16.84,22.933405964864495,53.73,39.24,6629.0,7.85,60.0,0.15,0.0,0.0,0.0,0.0
2023-08-21,,,,,,8752.0,7.3,60.0,0.15,1.0,29.0,10200.0,43.0
2023-08-22,,,,,,6111.0,6.916666666666667,64.0,0.5833333333333334,0.0,0.0,0.0,0.0
2023-08-23,73.35,16.84,22.95841854124063,53.65,39.18,7045.0,6.333333333333333,68.0,0.2833333333333333,0.0,0.0,0.0,0.0
2023-08-24,73.84,16.86,22.833152762730226,54.09,39.53,5516.0,7.416666666666667,64.0,0.45,0.0,0.0,0.0,0.0
2023-08-25,,,,,,1870.0,7.866666666666666,63.0,0.16666666666666666,0.0,0.0,0.0,0.0
2023-08-26,72.69,16.73,23.015545467051865,53.12,38.75,9292.0,7.716666666666667,64.0,0.5166666666666667,1.0,28.0,9996.0,44.0
2023-08-27,,,,,,5625.0,7.716666666666667,66.0,0.36666666666666664,0.0,0.0,0.0,0.0
2023-08-28,,,,,,11001.0,7.75,64.0,0.25,1.0,30.0,10494.0,44.0
2023-08-29,,,,,,3637.0,7.166666666666667,69.0,0.31666666666666665,0.0,0.0,0.0,0.0
2023-08-30,72.91,16.65,22.836373611301603,53.4,38.96,6766.0,5.616666666666666,66.0,0.18333333333333332,0.0,0.0,0.0,0.0
2023-08-31,72.72,,,,,3904.0,8.25,64.0,0.4666666666666667,0.0,0.0,0.0,0.0
2023-09-01,,,,,,5854.0,7.35,62.0,0.15,0.0,0.0,0.0,0.0
2023-09-02,,,,,,2364.0,6.75,65.0,0.9166666666666666,0.0,0.0,0.0,0.0
2023-09-03,,,,,,1097.0,8.183333333333334,62.0,0.8,0.0,0.0,0.0,0.0
2023-09-04,71.86,16.28,22.65516281658781,52.75,38.41,5094.0,8.316666666666666,60.0,0.3333333333333333,1.0,30.0,10602.0,114.0
2023-09-05,71.81,15.87,22.099986074362903,53.1,38.64,8644.0,6.216666666666667,62.0,0.2,0.0,0.0,0.0,0.0
2023-09-06,,,,,,5485.0,7.25,63.0,0.5833333333333334,0.0,0.0,0.0,0.0
2023-09-07,71.94,16.53,22.97748123436197,52.59,38.31,4467.0,6.683333333333334,61.0,0.26666666666666666,0.0,0.0,0.0,0.0
2023-09-08,71.95,16.1,22.376650451702574,53.01,38.59,3570.0,7.1,59.0,0.21666666666666667,0.0,0.0,0.0,0.0
2023-09-09,,,,,,3488.0,,,,0.0,0.0,0.0,0.0
2023-09-10,,,,,,2097.0,,,,0.0,0.0,0.0,0.0
2023-09-11,,,,,,2190.0,0.06666666666666667,67.0,0.7166666666666667,1.0,30.0,10746.0,49.0
2023-09-12,72.4,16.5,22.79005524861878,53.06,38.68,4458.0,7.75,63.0,0.5333333333333333,0.0,0.0,0.0,0.0
2023-09-13,72.33,16.82,23.254527858426655,52.68,38.42,4793.0,7.783333333333333,64.0,0.55,0.0,0.0,0.0,0.0
2023-09-14,72.54,16.2,22.332506203473944,53.48,38.97,3697.0,6.233333333333333,60.0,0.18333333333333332,0.0,0.0,0.0,0.0
2023-09-15,72.24,16.71,23.1312292358804,52.7,38.42,2278.0,7.616666666666666,60.0,0.4666666666666667,0.0,0.0,0.0,0.0
2023-09-16,,,,,,7167.0,6.15,70.0,1.1333333333333333,0.0,0.0,0.0,0.0
2023-09-17,72.83,16.27,22.339695180557463,53.7,39.15,7592.0,8.65,64.0,0.35,0.0,0.0,0.0,0.0
2023-09-18,,,,,,5010.0,8.216666666666667,62.0,0.25,1.0,30.0,10974.0,51.0
2023-09-19,73.01,17.1,23.421449116559376,53.07,38.76,5111.0,7.766666666666667,70.0,0.25,0.0,0.0,0.0,0.0
2023-09-20,,,,,,6819.0,6.283333333333333,65.0,0.5,0.0,0.0,0.0,0.0
2023-09-21,,,,,,209.0,6.866666666666666,67.0,0.6,0.0,0.0,0.0,0.0
2023-09-22,72.87,16.3,22.368601619322078,53.7,39.16,3391.0,6.4,62.0,0.2,0.0,0.0,0.0,0.0
2023-09-23,73.91,17.13,23.176836693275607,53.9,39.4,2152.0,7.15,67.0,0.25,0.0,0.0,0.0,0.0
2023-09-24,,,,,,4306.0,7.4,61.0,1.6166666666666667,0.0,0.0,0.0,0.0
2023-09-25,,,,,,6216.0,8.4,58.0,1.25,0.0,0.0,0.0,0.0
2023-09-26,72.79,16.43,22.571781838164583,53.5,39.01,6828.0,8.55,60.0,0.26666666666666666,0.0,0.0,0.0,0.0
2023-09-27,73.05,16.8,22.99794661190965,53.39,38.97,1431.0,5.916666666666667,62.0,0.8166666666666667,0.0,0.0,0.0,0.0
2023-09-28,,,,,,0.0,,,,0.0,0.0,0.0,0.0
2023-09-29,,,,,,5084.0,,,,0.0,0.0,0.0,0.0
2023-09-30,,,,,,8945.0,,,,0.0,0.0,0.0,0.0
2023-10-01,,,,,,6489.0,,,,0.0,0.0,0.0,0.0
2023-10-02,,,,,,11826.0,,,,0.0,0.0,0.0,0.0
2023-10-03,,,,,,9376.0,,,,0.0,0.0,0.0,0.0
2023-10-04,,,,,,8223.0,,,,0.0,0.0,0.0,0.0
2023-10-05,,,,,,3545.0,,,,0.0,0.0,0.0,0.0
2023-10-06,,,,,,6268.0,,,,1.0,30.0,11430.0,43.0
2023-10-07,72.91,16.57,22.726649293649707,53.48,39.01,4984.0,9.1,65.0,0.5333333333333333,0.0,0.0,0.0,0.0
2023-10-08,,,,,,5534.0,8.366666666666667,60.0,0.23333333333333334,0.0,0.0,0.0,0.0
2023-10-09,73.25,17.04,23.262798634812288,53.36,38.97,2382.0,7.85,62.0,0.16666666666666666,1.0,30.0,11490.0,44.0
2023-10-10,71.96,16.89,23.471372984991664,52.25,38.1,834.0,6.383333333333334,69.0,0.8166666666666667,0.0,0.0,0.0,0.0
2023-10-11,71.68,16.72,23.325892857142854,52.15,38.0,1788.0,8.5,66.0,0.26666666666666666,0.0,0.0,0.0,0.0
2023-10-12,,,,,,1527.0,5.133333333333334,68.0,2.3333333333333335,0.0,0.0,0.0,0.0
2023-10-13,,,,,,643.0,8.266666666666667,65.0,0.21666666666666667,0.0,0.0,0.0,0.0
2023-10-14,72.5,17.0,23.448275862068964,52.67,38.44,6741.0,7.85,61.0,0.7333333333333333,0.0,0.0,0.0,0.0
2023-10-15,,,,,,1443.0,7.45,61.0,1.0333333333333334,0.0,0.0,0.0,0.0
2023-10-16,72.77,16.52,22.70166277312079,53.4,38.93,1312.0,7.95,59.0,0.4166666666666667,1.0,27.0,10590.0,46.0
2023-10-17,,,,,,4412.0,6.4,64.0,0.31666666666666665,0.0,0.0,0.0,0.0
2023-10-18,72.31,16.47,22.776932651085602,53.01,38.63,2773.0,6.783333333333333,64.0,0.26666666666666666,0.0,0.0,0.0,0.0
2023-10-19,,,,,,0.0,7.283333333333333,62.0,0.35,0.0,0.0,0.0,0.0
2023-10-20,73.07,16.86,23.073764882988918,53.36,38.94,3625.0,7.366666666666666,65.0,0.2833333333333333,0.0,0.0,0.0,0.0
2023-10-21,,,,,,14993.0,7.85,62.0,0.5833333333333334,0.0,0.0,0.0,0.0
2023-10-22,,,,,,10589.0,7.933333333333334,60.0,0.55,0.0,0.0,0.0,0.0
2023-10-23,72.85,16.3,22.37474262182567,53.69,39.14,3960.0,7.35,64.0,0.48333333333333334,0.0,0.0,0.0,0.0
2023-10-24,,,,,,289.0,7.466666666666667,61.0,0.08333333333333333,0.0,0.0,0.0,0.0
2023-10-25,,,,,,1967.0,7.616666666666666,62.0,0.13333333333333333,1.0,5.0,2388.0,50.0
2023-10-26,71.75,16.14,22.494773519163765,52.79,38.41,2740.0,7.4,66.0,0.4,0.0,0.0,0.0,0.0
2023-10-27,72.04,16.43,22.80677401443642,52.78,38.44,5025.0,7.4,62.0,0.45,1.0,15.0,440.0,28.0
2023-10-28,,,,,,7390.0,8.333333333333334,73.0,0.2833333333333333,0.0,0.0,0.0,0.0
2023-10-29,72.91,16.83,23.083253326018376,53.23,38.85,5645.0,6.116666666666666,63.0,0.8333333333333334,0.0,0.0,0.0,0.0
2023-10-30,,,,,,5152.0,8.7,59.0,0.2833333333333333,0.0,0.0,0.0,0.0
2023-10-31,,,,,,8430.0,6.35,58.0,0.18333333333333332,0.0,0.0,0.0,0.0
2023-11-01,72.23,16.72,23.14827633947113,52.69,38.41,6004.0,7.683333333333334,60.0,0.21666666666666667,0.0,0.0,0.0,0.0
2023-11-02,,,,,,2402.0,8.383333333333333,60.0,0.06666666666666667,0.0,0.0,0.0,0.0
2023-11-03,72.91,16.6,22.76779591276917,53.45,38.99,5122.0,7.333333333333333,61.0,0.2833333333333333,0.0,0.0,0.0,0.0
2023-11-04,,,,,,5397.0,7.016666666666667,69.0,0.75,0.0,0.0,0.0,0.0
2023-11-05,,,,,,9783.0,8.1,65.0,0.43333333333333335,0.0,0.0,0.0,0.0
2023-11-06,,,,,,3782.0,6.883333333333334,61.0,0.18333333333333332,1.0,30.0,11610.0,48.0
2023-11-07,73.03,16.96,23.223332876899903,53.22,38.85,3252.0,7.283333333333333,63.0,0.18333333333333332,0.0,0.0,0.0,0.0
2023-11-08,,,,,,795.0,7.0,62.0,0.2833333333333333,0.0,0.0,0.0,0.0
2023-11-09,72.92,16.78,23.011519473395502,53.29,38.88,1431.0,7.266666666666667,59.0,0.2,0.0,0.0,0.0,0.0
2023-11-10,72.7,17.37,23.89270976616231,52.51,38.36,2000.0,7.1,63.0,0.5833333333333334,0.0,0.0,0.0,0.0
2023-11-11,,,,,,4743.0,7.733333333333333,66.0,0.15,0.0,0.0,0.0,0.0
2023-11-12,72.98,16.86,23.102219786242806,53.27,38.87,19695.0,6.666666666666667,67.0,0.6666666666666666,0.0,0.0,0.0,0.0
2023-11-13,,,,,,6001.0,7.216666666666667,62.0,0.4,1.0,30.0,12012.0,49.0
2023-11-14,72.29,16.05,22.202240973855304,53.39,38.87,4402.0,7.416666666666667,64.0,0.35,0.0,0.0,0.0,0.0
2023-11-15,73.035,15.83,21.674554579010447,54.315,39.59,3276.0,5.916666666666667,62.0,0.31666666666666665,0.0,0.0,0.0,0.0
2023-11-16,72.84,16.52,22.679846238330587,53.46,38.98,5333.0,6.9,63.0,0.6333333333333333,0.0,0.0,0.0,0.0
2023-11-17,72.72,15.72,21.61716171617162,54.12,39.43,6061.0,6.3,60.0,0.5666666666666667,1.0,14.0,440.0,35.0
2023-11-18,72.51,17.02,23.47262446559095,52.66,38.43,9668.0,5.983333333333333,64.0,1.0,0.0,0.0,0.0,0.0
2023-11-19,,,,,,5408.0,8.383333333333333,63.0,1.4833333333333334,0.0,0.0,0.0,0.0
2023-11-20,71.92,16.56,23.025583982202445,52.54,38.27,2947.0,7.45,61.0,0.5166666666666667,0.0,0.0,0.0,0.0
2023-11-21,,,,,,7024.0,4.5,67.0,0.6666666666666666,0.0,0.0,0.0,0.0
2023-11-22,71.86,15.62,21.736710269969386,53.39,38.83,4575.0,6.816666666666666,60.0,0.6166666666666667,0.0,0.0,0.0,0.0
2023-11-23,71.97,15.8,21.953591774350425,53.32,38.8,5513.0,5.333333333333333,64.0,0.6833333333333333,0.0,0.0,0.0,0.0
2023-11-24,,,,,,3509.0,7.1,62.0,0.5,0.0,0.0,0.0,0.0
2023-11-25,72.83,16.48,22.628037896471234,53.49,39.0,7637.0,5.683333333333334,59.0,0.26666666666666666,0.0,0.0,0.0,0.0
2023-11-26,,,,,,10077.0,7.166666666666667,60.0,0.8333333333333334,0.0,0.0,0.0,0.0
2023-11-27,72.13,16.11,22.334673506169416,53.18,38.71,2950.0,8.966666666666667,61.0,0.5333333333333333,0.0,0.0,0.0,0.0
2023-11-28,72.42500000000001,15.844999999999999,21.877610401142157,53.72,39.120000000000005,10317.0,4.55,68.0,0.7833333333333333,0.0,0.0,0.0,0.0
2023-11-29,,,,,,4524.0,,,,0.0,0.0,0.0,0.0
2023-11-30,72.28,16.17,22.371333702268956,53.27,38.79,3543.0,,,,0.0,0.0,0.0,0.0
2023-12-01,,,,,,4355.0,,,,0.0,0.0,0.0,0.0
2023-12-02,,,,,,15735.0,,,,1.0,24.0,10170.0,44.0
2023-12-03,,,,,,8411.0,,,,0.0,0.0,0.0,0.0
2023-12-04,,,,,,5180.0,,,,0.0,0.0,0.0,0.0
2023-12-05,72.46,15.68,21.639525255313277,53.91,39.26,4399.0,6.15,64.0,0.6166666666666667,0.0,0.0,0.0,0.0
2023-12-06,72.04,15.88,22.043309272626317,53.31,38.79,3575.0,6.583333333333333,68.0,0.3,0.0,0.0,0.0,0.0
2023-12-07,,,,,,5089.0,9.283333333333333,66.0,0.3,0.0,0.0,0.0,0.0
2023-12-08,72.44,16.64,22.97073440088349,52.96,38.61,5040.0,5.383333333333334,73.0,0.5666666666666667,1.0,30.0,12102.0,50.0
2023-12-09,,,,,,12176.0,8.233333333333333,67.0,0.18333333333333332,0.0,0.0,0.0,0.0
2023-12-10,73.1,16.37,22.393980848153216,53.86,39.28,6395.0,8.383333333333333,64.0,0.4,1.0,30.0,12216.0,52.0
2023-12-11,73.33,17.34,23.64652938769944,53.14,38.84,5981.0,4.933333333333334,68.0,0.43333333333333335,0.0,0.0,0.0,0.0
2023-12-12,73.24,16.84,22.992900054614967,53.54,39.08,2364.0,6.433333333333334,65.0,0.5166666666666667,0.0,0.0,0.0,0.0
2023-12-13,,,,,,12467.0,7.4,60.0,0.55,0.0,0.0,0.0,0.0
2023-12-14,,,,,,4393.0,5.183333333333334,70.0,1.6666666666666667,0.0,0.0,0.0,0.0
2023-12-15,72.95,16.61,22.769019876627826,53.48,39.01,6753.0,6.45,64.0,0.4166666666666667,0.0,0.0,0.0,0.0
2023-12-16,73.59,16.7,22.693300720206548,54.01,39.43,10471.0,8.2,61.0,0.36666666666666664,1.0,30.0,12498.0,60.0
2023-12-17,,,,,,10787.0,7.45,63.0,0.7333333333333333,0.0,0.0,0.0,0.0
2023-12-18,72.96,16.69,22.87554824561404,53.41,38.96,2627.0,7.033333333333333,64.0,0.23333333333333334,0.0,0.0,0.0,0.0
2023-12-19,73.65,16.85,22.87847929395791,53.93,39.38,2202.0,5.716666666666667,62.0,0.7,1.0,30.0,12382.0,51.0
2023-12-20,,,,,,4200.0,7.4,66.0,0.45,0.0,0.0,0.0,0.0
2023-12-21,74.03,17.22,23.260840199918952,53.93,39.42,4138.0,5.85,66.0,0.9833333333333333,0.0,0.0,0.0,0.0
2023-12-22,73.54,17.92,24.367691052488443,52.77,38.64,9165.0,6.55,61.0,0.5833333333333334,0.0,0.0,0.0,0.0
2023-12-23,73.12,17.61,24.083698030634572,52.68,38.53,8737.0,8.116666666666667,58.0,0.55,0.0,0.0,0.0,0.0
2023-12-24,,,,,,10581.0,8.616666666666667,65.0,0.8166666666666667,0.0,0.0,0.0,0.0
2023-12-25,,,,,,1813.0,6.633333333333334,65.0,0.4666666666666667,1.0,14.0,440.0,26.0
2023-12-26,73.33,17.22,23.48288558570844,53.26,38.91,2145.0,8.266666666666667,61.0,0.38333333333333336,0.0,0.0,0.0,0.0
2023-12-27,73.37,17.02,23.197492163009404,53.49,39.06,6468.0,7.333333333333333,60.0,0.31666666666666665,0.0,0.0,0.0,0.0
2023-12-28,,,,,,1614.0,5.633333333333334,68.0,0.6333333333333333,0.0,0.0,0.0,0.0
2023-12-29,72.81,17.09,23.472050542507898,52.89,38.61,2817.0,8.25,59.0,0.6666666666666666,1.0,21.0,9462.0,55.0
2023-12-30,73.48,17.14,23.326075122482308,53.47,39.06,3335.0,8.183333333333334,65.0,0.3333333333333333,1.0,32.0,1020.0,53.0
2023-12-31,73.51,16.97,23.085294517752686,53.67,39.19,2549.0,7.8,68.0,0.36666666666666664,1.0,30.0,12538.0,53.0
2024-01-01,73.77,17.35,23.519045682526777,53.56,39.15,1070.0,7.816666666666666,69.0,0.31666666666666665,0.0,0.0,0.0,0.0
2024-01-02,73.83,17.13,23.20195042665583,53.83,39.33,2513.0,6.75,63.0,0.35,1.0,30.0,12858.0,50.0
2024-01-03,73.09,17.61,24.093583253523054,52.65,38.5,883.0,8.316666666666666,68.0,0.3,1.0,23.0,840.0,45.0
2024-01-04,,,,,,3085.0,7.733333333333333,62.0,0.7,0.0,0.0,0.0,0.0
2024-01-05,73.79,17.7,23.986990107060574,53.23,38.95,6055.0,7.2,64.0,0.6166666666666667,0.0,0.0,0.0,0.0
2024-01-06,,,,,,1554.0,6.65,61.0,0.5333333333333333,0.0,0.0,0.0,0.0
2024-01-07,73.91,16.58,22.432688404816666,54.43,39.75,1497.0,5.216666666666667,66.0,0.9833333333333333,0.0,0.0,0.0,0.0
2024-01-08,74.34,17.86,24.02475114339521,53.62,39.27,5309.0,6.85,61.0,1.3166666666666667,1.0,30.0,12978.0,53.0
2024-01-09,,,,,,3310.0,6.633333333333334,61.0,0.36666666666666664,0.0,0.0,0.0,0.0
2024-01-10,74.1,17.52,23.643724696356276,53.71,39.29,4524.0,8.233333333333333,62.0,0.4,0.0,0.0,0.0,0.0
2024-01-11,,,,,,2889.0,5.883333333333334,62.0,1.15,0.0,0.0,0.0,0.0
2024-01-12,74.13,17.57,23.701605288007556,53.68,39.28,5718.0,5.966666666666667,63.0,0.43333333333333335,0.0,0.0,0.0,0.0
2024-01-13,73.59,17.77,24.147302622638943,52.97,38.77,6432.0,6.95,61.0,0.8,0.0,0.0,0.0,0.0
2024-01-14,,,,,,1509.0,8.783333333333333,62.0,0.75,1.0,30.0,13128.0,54.0
2024-01-15,73.89,17.55,23.751522533495738,53.48,39.12,3606.0,7.1,64.0,0.7333333333333333,0.0,0.0,0.0,0.0
2024-01-16,,,,,,3134.0,6.65,60.0,0.8,0.0,0.0,0.0,0.0
2024-01-17,74.18,18.03,24.305742787813426,53.29,39.05,3648.0,6.966666666666667,63.0,0.8666666666666667,0.0,0.0,0.0,0.0
2024-01-18,74.17,17.71,23.877578535796143,53.59,39.23,4889.0,6.533333333333333,58.0,0.25,0.0,0.0,0.0,0.0
2024-01-19,74.18,18.24,24.58883796171474,53.09,38.93,2322.0,8.65,58.0,0.9166666666666666,0.0,0.0,0.0,0.0
2024-01-20,73.99,17.97,24.28706581970537,53.16,38.94,3510.0,7.45,59.0,0.65,0.0,0.0,0.0,0.0
2024-01-21,73.6,17.65,23.980978260869563,53.1,38.84,3559.0,8.4,59.0,0.48333333333333334,1.0,29.0,13116.0,58.0
2024-01-22,,,,,,8324.0,6.583333333333333,62.0,0.3,0.0,0.0,0.0,0.0
2024-01-23,74.25,17.1,23.030303030303035,54.26,39.66,8207.0,6.45,61.0,0.6,1.0,30.0,13128.0,52.0
2024-01-24,74.38,18.0,24.200053777897285,53.51,39.21,7698.0,7.0,64.0,0.16666666666666666,0.0,0.0,0.0,0.0
2024-01-25,,,,,,2435.0,7.183333333333334,61.0,0.5166666666666667,0.0,0.0,0.0,0.0
2024-01-26,,,,,,11451.0,6.316666666666666,61.0,0.7666666666666667,0.0,0.0,0.0,0.0
2024-01-27,,,,,,9690.0,,,,0.0,0.0,0.0,0.0
2024-01-28,,,,,,9684.0,,,,0.0,0.0,0.0,0.0
2024-01-29,74.36,18.06,24.28725121032813,53.44,39.16,4758.0,6.966666666666667,61.0,0.6666666666666666,0.0,0.0,0.0,0.0
2024-01-30,74.88,17.21,22.983440170940174,54.76,40.06,7362.0,7.116666666666666,61.0,0.5333333333333333,1.0,30.0,13638.0,55.0
2024-01-31,74.37,17.51,23.544439962350413,53.98,39.5,5654.0,6.183333333333334,62.0,0.8833333333333333,0.0,0.0,0.0,0.0
2024-02-01,,,,,,2100.0,6.716666666666667,61.0,0.35,0.0,0.0,0.0,0.0
2024-02-02,74.75,18.2,24.347826086956523,53.67,39.36,5324.0,7.916666666666667,61.0,0.4,0.0,0.0,0.0,0.0
2024-02-03,74.87,17.77,23.734473086683582,54.21,39.7,14510.0,6.183333333333334,66.0,0.9333333333333333,0.0,0.0,0.0,0.0
2024-02-04,74.12,17.96,24.230976794387477,53.31,39.05,10808.0,7.283333333333333,59.0,0.36666666666666664,0.0,0.0,0.0,0.0
2024-02-05,,,,,,10573.0,5.15,59.0,0.45,0.0,0.0,0.0,0.0
2024-02-06,73.96,17.04,23.039480800432667,54.04,39.48,9761.0,,,,0.0,0.0,0.0,0.0
2024-02-07,73.35,17.28,23.55828220858896,53.22,38.88,12740.0,6.883333333333334,59.0,0.2,0.0,0.0,0.0,0.0
2024-02-08,,,,,,8373.0,6.616666666666666,63.0,0.25,0.0,0.0,0.0,0.0
2024-02-09,74.11,17.05,23.00634192416678,54.17,39.58,7368.0,7.216666666666667,60.0,0.5333333333333333,0.0,0.0,0.0,0.0
2024-02-10,73.56,17.69,24.048395867319197,53.03,38.79,8944.0,5.633333333333334,63.0,1.2333333333333334,0.0,0.0,0.0,0.0
2024-02-11,,,,,,7436.0,9.283333333333333,58.0,0.7166666666666667,0.0,0.0,0.0,0.0
2024-02-12,,,,,,9643.0,6.933333333333334,60.0,0.25,0.0,0.0,0.0,0.0
2024-02-13,,,,,,8412.0,7.05,60.0,1.0166666666666666,0.0,0.0,0.0,0.0
2024-02-14,72.94,16.88,23.142308746915273,53.21,38.82,9750.0,7.066666666666666,59.0,0.7833333333333333,0.0,0.0,0.0,0.0
2024-02-15,,,,,,4085.0,4.966666666666667,61.0,0.9833333333333333,0.0,0.0,0.0,0.0
2024-02-16,72.96,17.48,23.958333333333336,52.65,38.48,7962.0,6.983333333333333,56.0,0.7333333333333333,0.0,0.0,0.0,0.0
2024-02-17,,,,,,1881.0,4.883333333333334,61.0,0.55,0.0,0.0,0.0,0.0
2024-02-18,73.06,17.11,23.41910758280865,53.11,38.77,3729.0,8.266666666666667,54.0,0.25,1.0,21.0,11250.0,45.0
2024-02-19,,,,,,5284.0,7.6,61.0,0.75,0.0,0.0,0.0,0.0
2024-02-20,73.87,17.17,23.243535941518886,53.83,39.33,6018.0,7.166666666666667,59.0,0.05,1.0,33.0,13620.0,61.0
2024-02-21,,,,,,2234.0,6.85,62.0,0.2833333333333333,0.0,0.0,0.0,0.0
2024-02-22,,,,,,3780.0,,,,1.0,34.0,14850.0,53.0
2024-02-23,73.46,17.14,23.332425809964608,53.46,39.05,2456.0,6.583333333333333,64.0,0.2,0.0,0.0,0.0,0.0
2024-02-24,73.85,17.93,24.278943805010158,53.07,38.86,9468.0,8.733333333333333,65.0,0.45,0.0,0.0,0.0,0.0
2024-02-25,,,,,,4098.0,6.916666666666667,65.0,1.8333333333333333,0.0,0.0,0.0,0.0
2024-02-26,73.38,17.57,23.943853911147453,52.97,38.73,4678.0,8.4,58.0,0.55,1.0,34.0,16308.0,64.0
2024-02-27,73.33,17.28,23.56470748670394,53.21,38.87,1062.0,6.916666666666667,62.0,0.8166666666666667,0.0,0.0,0.0,0.0
2024-02-28,,,,,,4297.0,7.0,60.0,0.4,0.0,0.0,0.0,0.0
2024-02-29,,,,,,1105.0,6.283333333333333,60.0,0.3,0.0,0.0,0.0,0.0
2024-03-01,,,,,,3705.0,7.633333333333334,60.0,0.43333333333333335,0.0,0.0,0.0,0.0
2024-03-02,73.14,18.39,25.143560295324036,51.94,38.09,6676.0,6.216666666666667,62.0,0.8,0.0,0.0,0.0,0.0
2024-03-03,73.36,17.3,23.582333696837512,53.21,38.87,3904.0,7.183333333333334,56.0,1.1166666666666667,0.0,0.0,0.0,0.0
2024-03-04,,,,,,5803.0,,,,0.0,0.0,0.0,0.0
2024-03-05,73.25,17.77,24.25938566552901,52.65,38.52,4904.0,8.416666666666666,58.0,0.2833333333333333,1.0,34.0,16172.0,72.0
2024-03-06,73.96,18.07,24.432125473228773,53.04,38.86,6362.0,5.916666666666667,64.0,0.75,0.0,0.0,0.0,0.0
2024-03-07,,,,,,4844.0,6.933333333333334,61.0,0.45,1.0,34.0,15852.0,69.0
2024-03-08,74.4,18.13,24.368279569892472,53.41,39.14,0.0,7.35,60.0,0.8,0.0,0.0,0.0,0.0
2024-03-09,,,,,,0.0,7.016666666666667,70.0,0.45,0.0,0.0,0.0,0.0
2024-03-10,74.03,18.2,24.584627853572876,52.99,38.84,0.0,7.35,62.0,0.5166666666666667,0.0,0.0,0.0,0.0
2024-03-11,,,,,,0.0,4.433333333333334,67.0,1.4333333333333333,1.0,34.0,17024.0,74.0
2024-03-12,73.43,17.52,23.85945798719869,53.06,38.79,0.0,7.683333333333334,66.0,0.4666666666666667,0.0,0.0,0.0,0.0
2024-03-13,,,,,,0.0,7.483333333333333,65.0,0.18333333333333332,0.0,0.0,0.0,0.0
2024-03-14,74.01,17.29,23.361707877313876,53.84,39.36,0.0,6.65,63.0,0.5166666666666667,0.0,0.0,0.0,0.0
2024-03-15,,,,,,1196.0,7.083333333333333,62.0,0.31666666666666665,0.0,0.0,0.0,0.0
2024-03-16,,,,,,3123.0,6.966666666666667,60.0,0.6333333333333333,1.0,31.0,14636.0,85.0
2024-03-17,74.08,17.52,23.65010799136069,53.69,39.27,6510.0,8.6,62.0,0.5833333333333334,0.0,0.0,0.0,0.0
2024-03-18,,,,,,4817.0,7.1,63.0,0.5,1.0,34.0,17096.0,65.0
2024-03-19,74.75,17.54,23.464882943143813,54.31,39.75,6244.0,7.783333333333333,65.0,0.43333333333333335,0.0,0.0,0.0,0.0
2024-03-20,74.6,17.42,23.35120643431636,54.29,39.71,4138.0,4.6,61.0,0.38333333333333336,0.0,0.0,0.0,0.0
2024-03-21,,,,,,2240.0,,,,1.0,9.0,6000.0,33.0
2024-03-22,,,,,,652.0,8.116666666666667,61.0,0.5333333333333333,0.0,0.0,0.0,0.0
2024-03-23,74.43,18.26,24.533118366250168,53.31,39.09,2435.0,7.5,60.0,1.1166666666666667,1.0,34.0,18120.0,73.0
2024-03-24,,,,,,3775.0,0.4,68.0,1.05,0.0,0.0,0.0,0.0
2024-03-25,74.73,18.44,24.675498461126725,53.42,39.2,5493.0,9.016666666666667,59.0,0.31666666666666665,1.0,34.0,19096.0,58.0
2024-03-26,,,,,,5814.0,5.133333333333334,69.0,1.5166666666666666,0.0,0.0,0.0,0.0
2024-03-27,,,,,,5977.0,6.733333333333333,61.0,0.5,1.0,31.0,22096.0,58.0
2024-03-28,74.28,17.48,23.53257942918686,53.92,39.44,1751.0,7.133333333333334,69.0,0.6166666666666667,0.0,0.0,0.0,0.0
2024-03-29,74.08,18.0,24.29805615550756,53.22,38.98,3512.0,7.7,61.0,0.65,1.0,16.0,13718.0,30.0
2024-03-30,,,,,,4392.0,,,,0.0,0.0,0.0,0.0
2024-03-31,,,,,,6180.0,,,,0.0,0.0,0.0,0.0
2024-04-01,,,,,,1936.0,,,,1.0,34.0,19916.0,66.0
2024-04-02,,,,,,4099.0,7.416666666666667,60.0,0.43333333333333335,0.0,0.0,0.0,0.0
2024-04-03,74.05,18.52,25.0101282916948,52.69,38.67,1522.0,6.916666666666667,58.0,0.31666666666666665,1.0,34.0,20196.0,81.0
2024-04-04,74.11,18.65,25.165294832006474,52.62,38.64,1575.0,6.583333333333333,65.0,0.38333333333333336,0.0,0.0,0.0,0.0
2024-04-05,74.7,18.04,24.149933065595715,53.78,39.4,2780.0,7.016666666666667,61.0,0.6833333333333333,1.0,34.0,20340.0,60.0
2024-04-06,75.02,18.06,24.073580378565715,54.08,39.63,8127.0,9.816666666666666,64.0,0.95,0.0,0.0,0.0,0.0
2024-04-07,,,,,,2034.0,6.916666666666667,64.0,0.4666666666666667,0.0,0.0,0.0,0.0
2024-04-08,74.83,18.57,24.816250167045304,53.39,39.19,7063.0,7.166666666666667,60.0,0.45,1.0,34.0,20010.0,52.0
2024-04-09,75.08,18.83,25.0799147575919,53.39,39.23,4688.0,5.966666666666667,68.0,0.4666666666666667,0.0,0.0,0.0,0.0
2024-04-10,,,,,,4549.0,7.9,61.0,0.18333333333333332,0.0,0.0,0.0,0.0
2024-04-11,74.82,18.77,25.08687516706763,53.18,39.07,4885.0,7.016666666666667,66.0,0.48333333333333334,0.0,0.0,0.0,0.0
2024-04-12,74.68,18.55,24.8393144081414,53.27,39.1,1943.0,7.483333333333333,62.0,0.5166666666666667,1.0,34.0,19990.0,68.0
2024-04-13,75.495,19.0,25.16699156768599,53.620000000000005,39.43,2845.0,9.316666666666666,66.0,0.2,0.0,0.0,0.0,0.0
2024-04-14,,,,,,13348.0,,,,0.0,0.0,0.0,0.0
2024-04-15,,,,,,4801.0,9.666666666666666,60.0,0.4,1.0,34.0,20442.0,67.0
2024-04-16,74.49,18.42,24.728151429722114,53.21,39.03,5392.0,6.3,61.0,0.7,0.0,0.0,0.0,0.0
2024-04-17,,,,,,7330.0,5.816666666666666,62.0,0.9666666666666667,1.0,34.0,20762.0,63.0
2024-04-18,75.15,18.45,24.550898203592812,53.82,39.49,1583.0,7.033333333333333,63.0,0.5666666666666667,0.0,0.0,0.0,0.0
2024-04-19,75.32,18.34,24.349442379182157,54.09,39.68,6813.0,7.266666666666667,58.0,0.25,0.0,0.0,0.0,0.0
2024-04-20,74.41,18.46,24.808493482058864,53.09,38.96,3505.0,9.0,66.0,1.2,0.0,0.0,0.0,0.0
2024-04-21,74.42,18.4,24.724536414942218,53.16,39.0,5147.0,7.883333333333334,57.0,1.3166666666666667,1.0,31.0,18146.0,68.0
2024-04-22,75.0,18.54,24.72,53.59,39.33,5259.0,5.0,61.0,1.65,1.0,34.0,18404.0,71.0
2024-04-23,,,,,,8650.0,6.25,66.0,0.23333333333333334,0.0,0.0,0.0,0.0
2024-04-24,,,,,,942.0,7.933333333333334,65.0,0.25,0.0,0.0,0.0,0.0
2024-04-25,,,,,,4611.0,8.183333333333334,58.0,0.6166666666666667,1.0,3.0,1530.0,40.0
2024-04-26,74.78,18.53,24.779352768119818,53.38,39.18,,8.75,58.0,0.5333333333333333,0.0,0.0,0.0,0.0
2024-04-27,74.9,18.53,24.73965287049399,53.5,39.27,5593.0,8.0,59.0,0.9166666666666666,1.0,33.0,17830.0,64.0
2024-04-28,,,,,,,7.8,64.0,0.6166666666666667,0.0,0.0,0.0,0.0
2024-04-29,,,,,,6040.0,6.45,61.0,0.36666666666666664,1.0,34.0,18872.0,86.0
2024-04-30,74.82,18.53,24.766105319433308,53.42,39.21,,5.8,65.0,0.38333333333333336,0.0,0.0,0.0,0.0
2024-05-01,,,,,,4773.0,6.35,65.0,0.2833333333333333,1.0,34.0,18662.0,76.0
2024-05-02,75.08,18.97,25.26638252530634,53.25,39.15,,7.083333333333333,64.0,0.2833333333333333,0.0,0.0,0.0,0.0
2024-05-03,,,,,,,6.183333333333334,61.0,0.7333333333333333,0.0,0.0,0.0,0.0
2024-05-04,,,,,,3391.0,6.683333333333334,64.0,0.2,1.0,21.0,16650.0,59.0
2024-05-05,75.69,18.9,24.97027348394768,53.9,39.62,,7.216666666666667,61.0,0.8833333333333333,0.0,0.0,0.0,0.0
2024-05-06,,,,,,5697.0,9.3,59.0,0.21666666666666667,1.0,11.0,6800.0,35.0
2024-05-07,,,,,,4972.0,5.816666666666666,64.0,0.43333333333333335,0.0,0.0,0.0,0.0
2024-05-08,74.98,18.42,24.56655108028808,53.69,39.39,4775.0,7.5,65.0,0.36666666666666664,1.0,34.0,18395.0,72.0
2024-05-09,,,,,,,3.0166666666666666,68.0,0.18333333333333332,0.0,0.0,0.0,0.0
2024-05-10,75.03,18.83,25.096628015460478,53.34,39.19,1438.0,9.7,62.0,0.5166666666666667,0.0,0.0,0.0,0.0
2024-05-11,75.32,18.42,24.455655868295278,54.01,39.63,5264.0,7.083333333333333,65.0,0.2833333333333333,1.0,16.0,12240.0,53.0
2024-05-12,,,,,,,6.55,67.0,0.8833333333333333,0.0,0.0,0.0,0.0
2024-05-13,,,,,,,7.883333333333334,62.0,0.4166666666666667,0.0,0.0,0.0,0.0
2024-05-14,,,,,,,6.95,64.0,1.2166666666666666,0.0,0.0,0.0,0.0
2024-05-15,74.51,17.58,23.59414843645148,54.05,39.54,,6.983333333333333,63.0,0.43333333333333335,0.0,0.0,0.0,0.0
2024-05-16,74.7,17.91,23.97590361445783,53.91,39.48,,4.8,71.0,1.1166666666666667,0.0,0.0,0.0,0.0
2024-05-17,,,,,,4018.0,8.133333333333333,61.0,0.7166666666666667,0.0,0.0,0.0,0.0
2024-05-18,74.48,18.11,24.315252416756174,53.5,39.2,2908.0,8.016666666666667,59.0,0.38333333333333336,0.0,0.0,0.0,0.0
2024-05-19,,,,,,2659.0,9.25,58.0,0.26666666666666666,1.0,14.0,9930.0,37.0
2024-05-20,,,,,,5046.0,7.933333333333334,63.0,0.2,0.0,0.0,0.0,0.0
2024-05-21,,,,,,6504.0,2.6666666666666665,70.0,0.26666666666666666,0.0,0.0,0.0,0.0
2024-05-22,75.61,18.73,24.771855574659437,53.98,39.65,,8.05,67.0,0.18333333333333332,0.0,0.0,0.0,0.0
2024-05-23,,,,,,,7.016666666666667,62.0,0.8833333333333333,0.0,0.0,0.0,0.0
2024-05-24,,,,,,,8.816666666666666,59.0,0.13333333333333333,0.0,0.0,0.0,0.0
2024-05-25,,,,,,1599.0,5.05,65.0,0.6,0.0,0.0,0.0,0.0
2024-05-26,,,,,,1091.0,9.466666666666667,60.0,1.0833333333333333,1.0,15.0,10930.0,47.0
2024-05-27,74.85,18.28,24.422177688710757,53.69,39.37,,8.383333333333333,61.0,0.16666666666666666,0.0,0.0,0.0,0.0
2024-05-28,75.58,18.23,24.120137602540357,54.44,39.93,8473.0,8.116666666666667,66.0,0.2,0.0,0.0,0.0,0.0
2024-05-29,,,,,,1152.0,6.9,68.0,0.38333333333333336,0.0,0.0,0.0,0.0
2024-05-30,,,,,,2784.0,8.066666666666666,63.0,0.8166666666666667,0.0,0.0,0.0,0.0
2024-05-31,74.89,18.81,25.116838029109356,53.22,39.1,7835.0,7.4,59.0,0.6166666666666667,0.0,0.0,0.0,0.0
2024-06-01,,,,,,4714.0,7.516666666666667,62.0,0.26666666666666666,1.0,11.0,5820.0,45.0
2024-06-02,,,,,,6789.0,5.9,63.0,2.95,0.0,0.0,0.0,0.0
2024-06-03,,,,,,1029.0,8.15,61.0,1.0666666666666667,1.0,22.0,15525.0,56.0
2024-06-04,75.84,19.08,25.158227848101262,53.87,39.63,8816.0,7.866666666666666,62.0,0.25,0.0,0.0,0.0,0.0
2024-06-05,75.83,18.58,24.502175919820647,54.34,39.9,4678.0,6.9,65.0,0.18333333333333332,0.0,0.0,0.0,0.0
2024-06-06,75.95,18.84,24.805793285055955,54.21,39.84,2892.0,7.366666666666666,67.0,0.6333333333333333,0.0,0.0,0.0,0.0
2024-06-07,,,,,,813.0,7.716666666666667,61.0,0.21666666666666667,0.0,0.0,0.0,0.0
2024-06-08,76.07,18.82,24.740370711187065,54.34,39.93,,8.633333333333333,64.0,0.2833333333333333,0.0,0.0,0.0,0.0
2024-06-09,,,,,,,8.55,62.0,0.4166666666666667,0.0,0.0,0.0,0.0
2024-06-10,,,,,,,4.666666666666667,63.0,2.1,0.0,0.0,0.0,0.0
2024-06-11,75.71,18.9,24.963677189274865,53.93,39.64,,7.616666666666666,68.0,1.4833333333333334,0.0,0.0,0.0,0.0
2024-06-12,,,,,,4696.0,5.6,64.0,1.6833333333333333,1.0,14.0,9100.0,37.0
2024-06-13,,,,,,,9.233333333333333,63.0,0.55,0.0,0.0,0.0,0.0
2024-06-14,,,,,,,6.7,62.0,1.15,0.0,0.0,0.0,0.0
2024-06-15,,,,,,,9.183333333333334,61.0,0.55,0.0,0.0,0.0,0.0
2024-06-16,,,,,,,7.75,64.0,1.0666666666666667,0.0,0.0,0.0,0.0
2024-06-17,75.89,19.72,25.984978258005007,53.29,39.3,,7.866666666666666,60.0,0.4,0.0,0.0,0.0,0.0
2024-06-18,,,,,,,6.833333333333333,64.0,0.8666666666666667,0.0,0.0,0.0,0.0
2024-06-19,,,,,,,6.9,68.0,0.2833333333333333,0.0,0.0,0.0,0.0
2024-06-20,76.18,19.34,25.38724074560252,53.95,39.72,,7.133333333333334,63.0,1.1,0.0,0.0,0.0,0.0
2024-06-21,,,,,,,6.166666666666667,67.0,1.1166666666666667,0.0,0.0,0.0,0.0
2024-06-22,,,,,,,11.116666666666667,89.0,1.3166666666666667,0.0,0.0,0.0,0.0
2024-06-23,,,,,,29.0,9.4,65.0,1.2166666666666666,0.0,0.0,0.0,0.0
2024-06-24,74.86,19.26,25.728025647876038,52.75,38.83,,6.883333333333334,65.0,1.0,0.0,0.0,0.0,0.0
2024-06-25,,,,,,,7.433333333333334,61.0,2.1166666666666667,0.0,0.0,0.0,0.0
2024-06-26,75.32,19.77,26.24800849707913,52.7,38.89,,7.45,65.0,0.31666666666666665,0.0,0.0,0.0,0.0
2024-06-27,75.42,19.21,25.470697427738,53.34,39.25,,7.816666666666666,65.0,0.48333333333333334,0.0,0.0,0.0,0.0
2024-06-28,,,,,,,7.45,66.0,0.5666666666666667,0.0,0.0,0.0,0.0
2024-06-29,75.85,19.21,25.326301911667766,53.76,39.56,,7.616666666666666,69.0,0.5833333333333334,0.0,0.0,0.0,0.0
2024-06-30,,,,,,3783.0,8.183333333333334,63.0,0.9666666666666667,1.0,13.0,11070.0,39.0
2024-07-01,,,,,,5402.0,8.183333333333334,66.0,0.3333333333333333,1.0,19.0,12257.0,53.0
2024-07-02,,,,,,7008.0,7.183333333333334,71.0,0.4166666666666667,0.0,0.0,0.0,0.0
2024-07-03,76.0,18.51,24.35526315789474,54.58,40.06,,7.95,67.0,0.6,0.0,0.0,0.0,0.0
2024-07-04,,,,,,2107.0,8.3,65.0,0.43333333333333335,1.0,13.0,10250.0,47.0
2024-07-05,76.29,19.28,25.271988465067505,54.11,39.83,,6.85,66.0,0.45,0.0,0.0,0.0,0.0
2024-07-06,77.0,19.03,24.714285714285715,55.04,40.48,1923.0,7.033333333333333,67.0,0.5,1.0,19.0,12652.0,56.0
2024-07-07,,,,,,,,,,0.0,0.0,0.0,0.0
2024-07-08,,,,,,,8.316666666666666,64.0,0.48333333333333334,0.0,0.0,0.0,0.0
2024-07-09,,,,,,,6.566666666666666,65.0,0.45,0.0,0.0,0.0,0.0
2024-07-10,76.05,18.41,24.207758053911903,54.73,40.16,4587.0,6.933333333333334,67.0,0.18333333333333332,0.0,0.0,0.0,0.0
2024-07-11,,,,,,1665.0,,,,0.0,0.0,0.0,0.0
2024-07-12,,,,,,,9.75,61.0,0.25,0.0,0.0,0.0,0.0
2024-07-13,,,,,,6939.0,7.066666666666666,63.0,0.6166666666666667,1.0,13.0,10970.0,37.0
2024-07-14,,,,,,,7.583333333333333,65.0,2.033333333333333,0.0,0.0,0.0,0.0
2024-07-15,76.64,19.27,25.143528183716075,54.46,40.08,4936.0,9.2,64.0,0.3,0.0,0.0,0.0,0.0
2024-07-16,,,,,,7658.0,7.233333333333333,66.0,0.21666666666666667,0.0,0.0,0.0,0.0
2024-07-17,,,,,,4705.0,7.633333333333334,66.0,0.23333333333333334,0.0,0.0,0.0,0.0
2024-07-18,,,,,,2606.0,7.866666666666666,62.0,0.4166666666666667,0.0,0.0,0.0,0.0
2024-07-19,76.63,19.53,25.486102048805954,54.19,39.93,5981.0,7.65,59.0,0.06666666666666667,1.0,11.0,9060.0,38.0
2024-07-20,,,,,,7162.0,6.2,65.0,1.2333333333333334,0.0,0.0,0.0,0.0
2024-07-21,,,,,,,0.8666666666666667,66.0,0.5666666666666667,1.0,19.0,12324.0,57.0
2024-07-22,77.38,19.59,25.316619281468082,54.86,40.42,1501.0,7.65,70.0,0.31666666666666665,0.0,0.0,0.0,0.0
2024-07-23,77.39,19.08,24.654348106990565,55.36,40.72,,7.233333333333333,62.0,0.4,0.0,0.0,0.0,0.0
2024-07-24,,,,,,,,,,0.0,0.0,0.0,0.0
2024-07-25,,,,,,,9.216666666666667,63.0,0.21666666666666667,0.0,0.0,0.0,0.0
2024-07-26,,,,,,2761.0,7.683333333333334,59.0,0.5333333333333333,0.0,0.0,0.0,0.0
2024-07-27,76.99,20.01,25.990388362124957,54.08,39.92,8029.0,7.933333333333334,66.0,0.4,1.0,13.0,11280.0,38.0
2024-07-28,77.34,19.84,25.6529609516421,54.58,40.26,10608.0,6.2,62.0,1.15,1.0,9.0,10740.0,39.0
2024-07-29,,,,,,,8.116666666666667,64.0,0.38333333333333336,0.0,0.0,0.0,0.0
2024-07-30,77.94,18.43,23.646394662560944,56.52,41.52,,6.1,64.0,0.5166666666666667,0.0,0.0,0.0,0.0
2024-07-31,,,,,,,,,,0.0,0.0,0.0,0.0
2024-08-01,,,,,,,7.116666666666666,62.0,0.4,0.0,0.0,0.0,0.0
2024-08-02,,,,,,4950.0,8.616666666666667,63.0,0.36666666666666664,0.0,0.0,0.0,0.0
2024-08-03,77.57,20.03,25.821838339564266,54.62,40.31,,7.1,65.0,0.3333333333333333,0.0,0.0,0.0,0.0
2024-08-04,,,,,,3799.0,7.833333333333333,66.0,1.8,0.0,0.0,0.0,0.0
2024-08-05,76.99,20.2,26.237173658916745,53.89,39.82,2865.0,8.133333333333333,62.0,0.8333333333333334,0.0,0.0,0.0,0.0
2024-08-06,77.05,19.86,25.775470473718364,54.28,40.04,,5.833333333333333,63.0,0.5166666666666667,0.0,0.0,0.0,0.0
2024-08-07,,,,,,,6.483333333333333,69.0,0.23333333333333334,0.0,0.0,0.0,0.0
2024-08-08,,,,,,7098.0,8.4,63.0,0.3333333333333333,0.0,0.0,0.0,0.0
2024-08-09,77.46,19.65,25.367931835786212,54.87,40.44,8460.0,7.033333333333333,61.0,0.5,0.0,0.0,0.0,0.0
2024-08-10,,,,,,5841.0,6.8,63.0,0.7833333333333333,1.0,13.0,14460.0,35.0
2024-08-11,,,,,,3776.0,7.416666666666667,63.0,0.36666666666666664,0.0,0.0,0.0,0.0
2024-08-12,77.35,19.96,25.804783451842276,54.47,40.19,,7.966666666666667,63.0,0.21666666666666667,0.0,0.0,0.0,0.0
2024-08-13,,,,,,,,,,0.0,0.0,0.0,0.0
2024-08-14,,,,,,,7.333333333333333,63.0,0.55,0.0,0.0,0.0,0.0
2024-08-15,,,,,,,8.066666666666666,60.0,0.8166666666666667,0.0,0.0,0.0,0.0
2024-08-16,,,,,,,8.033333333333333,61.0,0.05,0.0,0.0,0.0,0.0
2024-08-17,,,,,,,,,,0.0,0.0,0.0,0.0
2024-08-18,,,,,,,9.1,61.0,0.6666666666666666,0.0,0.0,0.0,0.0
2024-08-19,,,,,,,6.95,59.0,1.15,0.0,0.0,0.0,0.0
2024-08-20,,,,,,,7.233333333333333,61.0,0.2833333333333333,0.0,0.0,0.0,0.0
2024-08-21,77.01,19.17,24.89287105570705,54.92,40.4,,7.05,67.0,0.45,0.0,0.0,0.0,0.0
2024-08-22,,,,,,5507.0,,,,0.0,0.0,0.0,0.0
2024-08-23,,,,,,6171.0,2.6166666666666667,74.0,1.95,0.0,0.0,0.0,0.0
2024-08-24,78.54,19.86,25.286478227654698,55.71,41.09,4678.0,0.25,65.0,0.5,0.0,0.0,0.0,0.0
2024-08-25,,,,,,5320.0,8.016666666666667,65.0,0.35,0.0,0.0,0.0,0.0
2024-08-26,,,,,,,8.2,62.0,0.35,1.0,15.0,13650.0,38.0
2024-08-27,,,,,,,7.75,68.0,0.26666666666666666,0.0,0.0,0.0,0.0
2024-08-28,76.86,19.75,25.696070778037992,54.2,39.96,,4.65,66.0,0.3,0.0,0.0,0.0,0.0
2024-08-29,77.23,20.06,25.97436229444516,54.25,40.05,,7.6,64.0,0.5666666666666667,0.0,0.0,0.0,0.0
2024-08-30,,,,,,3892.0,8.7,63.0,0.2,0.0,0.0,0.0,0.0
2024-08-31,,,,,,1087.0,,,,0.0,0.0,0.0,0.0
2024-09-01,,,,,,5525.0,0.65,70.0,1.0333333333333334,0.0,0.0,0.0,0.0
2024-09-02,77.41,19.9,25.70727296214959,54.59,40.26,4126.0,7.916666666666667,62.0,0.4,0.0,0.0,0.0,0.0
2024-09-03,,,,,,11989.0,6.016666666666667,66.0,0.25,0.0,0.0,0.0,0.0
2024-09-04,,,,,,4090.0,,,,0.0,0.0,0.0,0.0
2024-09-05,78.13,20.11,25.73915269422757,55.08,40.66,3288.0,9.966666666666667,62.0,0.2,0.0,0.0,0.0,0.0
2024-09-06,,,,,,511.0,7.65,61.0,0.2,0.0,0.0,0.0,0.0
2024-09-07,,,,,,1787.0,7.633333333333334,62.0,0.48333333333333334,0.0,0.0,0.0,0.0
2024-09-08,,,,,,8112.0,8.383333333333333,64.0,0.5,1.0,13.0,9680.0,39.0
2024-09-09,,,,,,2579.0,8.133333333333333,65.0,0.5333333333333333,1.0,10.0,4050.0,32.0
2024-09-10,78.58500000000001,20.365000000000002,25.91458450164253,55.265,40.83,6389.0,5.85,66.0,0.85,0.0,0.0,0.0,0.0
2024-09-11,78.63,20.2,25.689940226376702,55.48,40.96,5938.0,6.633333333333334,67.0,0.31666666666666665,0.0,0.0,0.0,0.0
2024-09-12,,,,,,367.0,,,,0.0,0.0,0.0,0.0
2024-09-13,,,,,,1201.0,7.516666666666667,62.0,0.4166666666666667,0.0,0.0,0.0,0.0
2024-09-14,78.05,20.66,26.47021140294683,54.47,40.31,9696.0,7.933333333333334,62.0,0.16666666666666666,0.0,0.0,0.0,0.0
2024-09-15,,,,,,3143.0,5.25,62.0,0.23333333333333334,0.0,0.0,0.0,0.0
2024-09-16,77.96,20.54,26.346844535659315,54.5,40.31,6082.0,7.816666666666666,61.0,0.23333333333333334,0.0,0.0,0.0,0.0
2024-09-17,78.51,20.81,26.506177556999106,54.77,40.55,7362.0,6.783333333333333,61.0,0.38333333333333336,1.0,14.0,12120.0,37.0
2024-09-18,77.56,20.48,26.405363589479112,54.18,40.07,,7.2,68.0,0.35,0.0,0.0,0.0,0.0
2024-09-19,,,,,,,6.6,68.0,0.23333333333333334,0.0,0.0,0.0,0.0
2024-09-20,78.2,20.58,26.317135549872123,54.69,40.45,5925.0,7.166666666666667,67.0,0.5333333333333333,0.0,0.0,0.0,0.0
2024-09-21,78.4,20.76,26.47959183673469,54.71,40.5,2676.0,7.116666666666666,62.0,0.5666666666666667,1.0,12.0,9895.0,45.0
2024-09-22,,,,,,,6.933333333333334,61.0,0.5166666666666667,0.0,0.0,0.0,0.0
2024-09-23,78.64,20.67,26.284333672431334,55.03,40.71,,8.45,60.0,0.4166666666666667,0.0,0.0,0.0,0.0
2024-09-24,,,,,,,8.05,59.0,1.1333333333333333,0.0,0.0,0.0,0.0
2024-09-25,,,,,,,6.816666666666666,61.0,0.26666666666666666,0.0,0.0,0.0,0.0
2024-09-26,78.3,20.71,26.449553001277142,54.66,40.45,2273.0,7.816666666666666,62.0,0.18333333333333332,0.0,0.0,0.0,0.0
2024-09-27,77.56,20.68,26.663228468282618,53.98,39.96,1844.0,7.833333333333333,65.0,0.43333333333333335,0.0,0.0,0.0,0.0
2024-09-28,,,,,,3452.0,7.616666666666666,62.0,0.6166666666666667,0.0,0.0,0.0,0.0
2024-09-29,77.05,20.46,26.55418559377028,53.7,39.72,7970.0,8.583333333333334,61.0,0.35,0.0,0.0,0.0,0.0
2024-09-30,,,,,,4389.0,6.833333333333333,59.0,0.38333333333333336,1.0,13.0,11500.0,58.0
2024-10-01,77.85,20.97,26.9364161849711,53.97,40.01,8150.0,6.583333333333333,71.0,0.36666666666666664,0.0,0.0,0.0,0.0
2024-10-02,78.08,19.98,25.589139344262296,55.15,40.69,,5.783333333333333,68.0,0.6333333333333333,0.0,0.0,0.0,0.0
2024-10-03,77.61,19.96,25.71833526607396,54.72,40.37,2529.0,6.833333333333333,62.0,0.5833333333333334,0.0,0.0,0.0,0.0
2024-10-04,,,,,,1494.0,7.8,61.0,0.3333333333333333,0.0,0.0,0.0,0.0
2024-10-05,,,,,,4158.0,7.683333333333334,66.0,0.31666666666666665,0.0,0.0,0.0,0.0
2024-10-06,,,,,,6580.0,8.866666666666667,61.0,0.38333333333333336,0.0,0.0,0.0,0.0
2024-10-07,78.52,21.28,27.101375445746307,54.31,40.3,4504.0,8.0,62.0,0.23333333333333334,1.0,13.0,14770.0,37.0
2024-10-08,78.89,20.85,26.429205222461654,55.09,40.78,8113.0,6.833333333333333,68.0,0.5,0.0,0.0,0.0,0.0
2024-10-09,78.57,20.41,25.976835942471684,55.21,40.8,6034.0,7.116666666666666,69.0,0.6,0.0,0.0,0.0,0.0
2024-10-10,78.11,20.52,26.27064396364102,54.67,40.42,2604.0,8.1,62.0,0.23333333333333334,0.0,0.0,0.0,0.0
2024-10-11,,,,,,2449.0,7.183333333333334,62.0,0.4166666666666667,0.0,0.0,0.0,0.0
2024-10-12,,,,,,4527.0,6.766666666666667,67.0,1.0666666666666667,0.0,0.0,0.0,0.0
2024-10-13,78.79,21.02,26.678512501586493,54.83,40.63,4296.0,7.55,68.0,0.25,0.0,0.0,0.0,0.0
2024-10-14,78.65,21.28,27.05657978385251,54.45,40.4,5744.0,4.283333333333333,63.0,0.2833333333333333,0.0,0.0,0.0,0.0
2024-10-15,78.48,,,,,7117.0,6.1,67.0,0.4166666666666667,0.0,0.0,0.0,0.0
2024-10-16,78.59,20.47,26.04657081053569,55.18,40.78,4846.0,7.066666666666666,68.0,0.38333333333333336,0.0,0.0,0.0,0.0
2024-10-17,,,,,,5791.0,7.333333333333333,64.0,0.43333333333333335,0.0,0.0,0.0,0.0
2024-10-18,,,,,,1541.0,5.033333333333333,64.0,0.45,0.0,0.0,0.0,0.0
2024-10-19,,,,,,3636.0,7.483333333333333,63.0,0.6,0.0,0.0,0.0,0.0
2024-10-20,78.21,20.48,26.18590973021353,54.8,40.51,6910.0,8.116666666666667,59.0,0.48333333333333334,0.0,0.0,0.0,0.0
2024-10-21,,,,,,5233.0,7.633333333333334,61.0,0.26666666666666666,1.0,13.0,9650.0,35.0
2024-10-22,78.39,20.96,26.738104350044647,54.5,40.38,7649.0,6.916666666666667,62.0,0.36666666666666664,0.0,0.0,0.0,0.0
2024-10-23,,,,,,5343.0,5.666666666666667,67.0,0.9166666666666666,0.0,0.0,0.0,0.0
2024-10-24,,,,,,3561.0,6.533333333333333,65.0,0.8666666666666667,1.0,19.0,12036.0,46.0
2024-10-25,,,,,,2455.0,7.45,66.0,0.7666666666666667,0.0,0.0,0.0,0.0
2024-10-26,77.32,20.95,27.095188825659598,53.48,39.65,6423.0,7.816666666666666,63.0,0.5666666666666667,1.0,13.0,9860.0,38.0
2024-10-27,78.59,21.1,26.848199516477923,54.57,40.45,1033.0,6.333333333333333,67.0,0.8166666666666667,0.0,0.0,0.0,0.0
2024-10-28,79.41,20.64,25.99168870419343,55.79,41.25,6243.0,7.4,64.0,0.35,0.0,0.0,0.0,0.0
2024-10-29,79.13,20.84,26.336408441804625,55.33,40.95,7074.0,6.5,63.0,0.95,0.0,0.0,0.0,0.0
2024-10-30,78.72,20.7,26.295731707317074,55.07,40.74,4810.0,6.283333333333333,66.0,0.5,1.0,13.0,10180.0,46.0
2024-10-31,,,,,,16634.0,,,,0.0,0.0,0.0,0.0
2024-11-01,,,,,,15165.0,,,,0.0,0.0,0.0,0.0
2024-11-02,,,,,,11201.0,,,,0.0,0.0,0.0,0.0
2024-11-03,,,,,,7707.0,,,,0.0,0.0,0.0,0.0
2024-11-04,,,,,,22617.0,,,,0.0,0.0,0.0,0.0
2024-11-05,,,,,,4338.0,3.2,63.0,0.43333333333333335,0.0,0.0,0.0,0.0
2024-11-06,78.46,19.9,25.36324241651797,55.6,41.0,5649.0,8.816666666666666,63.0,0.25,0.0,0.0,0.0,0.0
2024-11-07,78.46,19.23,24.50930410400204,56.25,41.39,2709.0,5.9,61.0,0.48333333333333334,0.0,0.0,0.0,0.0
2024-11-08,78.13,20.48,26.21272238576731,54.71,40.45,461.0,7.3,58.0,0.3,0.0,0.0,0.0,0.0
2024-11-09,,,,,,3334.0,8.3,63.0,1.3333333333333333,0.0,0.0,0.0,0.0
2024-11-10,,,,,,4347.0,6.983333333333333,61.0,0.5166666666666667,0.0,0.0,0.0,0.0
2024-11-11,78.01,20.76,26.611972823996922,54.33,40.21,5228.0,7.216666666666667,62.0,0.2833333333333333,0.0,0.0,0.0,0.0
2024-11-12,77.83,20.45,26.27521521264294,54.47,40.26,4558.0,6.683333333333334,63.0,0.43333333333333335,0.0,0.0,0.0,0.0
2024-11-13,,,,,,6406.0,5.75,64.0,0.2833333333333333,0.0,0.0,0.0,0.0
2024-11-14,,,,,,2541.0,7.383333333333334,64.0,0.48333333333333334,0.0,0.0,0.0,0.0
2024-11-15,78.43,20.93,26.68621700879765,54.58,40.42,6928.0,6.033333333333333,65.0,0.26666666666666666,0.0,0.0,0.0,0.0
2024-11-16,,,,,,4705.0,6.133333333333334,61.0,0.6333333333333333,0.0,0.0,0.0,0.0
2024-11-17,,,,,,2072.0,7.183333333333334,62.0,0.6833333333333333,0.0,0.0,0.0,0.0
2024-11-18,77.87,20.89,26.8267625529729,54.08,40.06,3672.0,7.866666666666666,65.0,0.26666666666666666,0.0,0.0,0.0,0.0
2024-11-19,78.5,,,,,7763.0,6.8,66.0,0.31666666666666665,0.0,0.0,0.0,0.0
2024-11-20,78.34,20.31,25.92545315292315,55.09,40.69,5857.0,7.15,64.0,0.36666666666666664,0.0,0.0,0.0,0.0
2024-11-21,77.9,21.24,27.265725288831835,53.76,39.9,2909.0,6.516666666666667,62.0,0.25,1.0,13.0,10440.0,38.0
2024-11-22,,,,,,1115.0,5.516666666666667,63.0,0.9833333333333333,0.0,0.0,0.0,0.0
2024-11-23,,,,,,8302.0,7.283333333333333,63.0,0.55,0.0,0.0,0.0,0.0
2024-11-24,77.51,20.25,26.125661205005805,54.35,40.14,4481.0,6.666666666666667,64.0,0.6,0.0,0.0,0.0,0.0
2024-11-25,77.13,21.03,27.265655387008948,53.23,39.48,4549.0,6.733333333333333,65.0,1.15,0.0,0.0,0.0,0.0
2024-11-26,,,,,,5705.0,6.05,64.0,0.4666666666666667,0.0,0.0,0.0,0.0
2024-11-27,78.59,20.64,26.262883318488356,55.0,40.68,3784.0,6.766666666666667,63.0,0.48333333333333334,0.0,0.0,0.0,0.0
2024-11-28,78.35,20.69,26.407147415443525,54.73,40.49,6188.0,6.383333333333334,64.0,0.35,0.0,0.0,0.0,0.0
2024-11-29,78.46,21.11,26.90542951822585,54.42,40.34,2840.0,8.033333333333333,61.0,0.8166666666666667,0.0,0.0,0.0,0.0
2024-11-30,,,,,,5991.0,7.35,64.0,0.38333333333333336,0.0,0.0,0.0,0.0
2024-12-01,78.09,,,,,1323.0,5.683333333333334,62.0,1.1333333333333333,0.0,0.0,0.0,0.0
2024-12-02,78.13,20.67,26.455906821963396,54.54,40.35,2239.0,8.116666666666667,61.0,0.7,0.0,0.0,0.0,0.0
2024-12-03,78.44,20.98,26.74655787863335,54.54,40.4,2740.0,6.75,69.0,0.6833333333333333,0.0,0.0,0.0,0.0
2024-12-04,77.95,20.99,26.92751763951251,54.04,40.05,2693.0,7.5,64.0,0.5833333333333334,0.0,0.0,0.0,0.0
2024-12-05,,,,,,6022.0,7.25,64.0,0.43333333333333335,0.0,0.0,0.0,0.0
2024-12-06,,,,,,7131.0,5.933333333333334,65.0,0.55,0.0,0.0,0.0,0.0
2024-12-07,,,,,,7331.0,7.533333333333333,64.0,0.8333333333333334,0.0,0.0,0.0,0.0
2024-12-08,,,,,,3562.0,5.416666666666667,63.0,1.2833333333333334,0.0,0.0,0.0,0.0
2024-12-09,77.16,19.87,25.75168481078279,54.38,40.1,9066.0,6.733333333333333,62.0,0.7166666666666667,1.0,16.0,15110.0,62.0
2024-12-10,78.91,21.09,26.72665061462426,54.88,40.66,5999.0,6.933333333333334,69.0,0.5333333333333333,0.0,0.0,0.0,0.0
2024-12-11,79.14,19.36,24.462977002779883,56.78,41.8,6967.0,6.266666666666667,66.0,0.5333333333333333,0.0,0.0,0.0,0.0
2024-12-12,,,,,,1424.0,6.433333333333334,61.0,0.5833333333333334,1.0,19.0,10879.0,42.0
2024-12-13,78.24,20.84,26.6359918200409,54.48,40.33,1468.0,7.8,66.0,0.2833333333333333,0.0,0.0,0.0,0.0
2024-12-14,,,,,,10587.0,7.25,67.0,0.2833333333333333,0.0,0.0,0.0,0.0
2024-12-15,,,,,,1520.0,7.6,64.0,1.3,1.0,14.0,12210.0,40.0
2024-12-16,78.2,20.9,26.726342710997443,54.38,40.27,4586.0,7.333333333333333,62.0,0.43333333333333335,1.0,19.0,12019.0,46.0
2024-12-17,,,,,,5879.0,8.033333333333333,67.0,0.9166666666666666,0.0,0.0,0.0,0.0
2024-12-18,78.94,21.0,26.602482898403853,55.0,40.73,4284.0,6.666666666666667,65.0,0.6833333333333333,0.0,0.0,0.0,0.0
2024-12-19,78.57,21.26,27.058673794068984,54.38,40.34,4636.0,6.716666666666667,62.0,0.5166666666666667,0.0,0.0,0.0,0.0
2024-12-20,,,,,,5900.0,7.416666666666667,59.0,0.65,0.0,0.0,0.0,0.0
2024-12-21,78.68,21.49,27.313167259786475,54.27,40.3,4052.0,6.733333333333333,60.0,0.5166666666666667,0.0,0.0,0.0,0.0
2024-12-22,,,,,,7139.0,6.05,64.0,1.0333333333333334,0.0,0.0,0.0,0.0
2024-12-23,,,,,,2358.0,7.85,62.0,0.85,0.0,0.0,0.0,0.0
2024-12-24,78.43,,,,,10716.0,5.75,63.0,0.9,1.0,14.0,12390.0,36.0
2024-12-25,,,,,,4317.0,6.716666666666667,70.0,1.7,0.0,0.0,0.0,0.0
2024-12-26,,,,,,3986.0,6.033333333333333,63.0,0.6166666666666667,0.0,0.0,0.0,0.0
2024-12-27,,,,,,9629.0,0.03333333333333333,53.0,0.1,0.0,0.0,0.0,0.0
2024-12-28,,,,,,10308.0,,,,0.0,0.0,0.0,0.0
2024-12-29,,,,,,10206.0,0.38333333333333336,53.0,0.7166666666666667,0.0,0.0,0.0,0.0
2024-12-30,,,,,,14854.0,,,,0.0,0.0,0.0,0.0
2024-12-31,,,,,,16412.0,,,,0.0,0.0,0.0,0.0
2025-01-01,,,,,,14605.0,,,,0.0,0.0,0.0,0.0
2025-01-02,,,,,,9892.0,,,,0.0,0.0,0.0,0.0
2025-01-03,,,,,,9769.0,,,,0.0,0.0,0.0,0.0
2025-01-04,,,,,,7705.0,,,,0.0,0.0,0.0,0.0
2025-01-05,78.02,,,,,3021.0,9.183333333333334,59.0,0.5833333333333334,0.0,0.0,0.0,0.0
2025-01-06,,,,,,4482.0,5.75,63.0,0.43333333333333335,0.0,0.0,0.0,0.0
2025-01-07,77.85,20.22,25.973025048169557,54.69,40.38,5183.0,7.0,58.0,0.5333333333333333,0.0,0.0,0.0,0.0
2025-01-08,78.25,20.57,26.287539936102238,54.75,40.48,1869.0,7.433333333333334,60.0,0.5666666666666667,0.0,0.0,0.0,0.0
2025-01-09,,,,,,1354.0,7.25,61.0,0.1,0.0,0.0,0.0,0.0
2025-01-10,,,,,,2879.0,7.266666666666667,58.0,0.25,0.0,0.0,0.0,0.0
2025-01-11,78.72,21.14,26.854674796747968,54.64,40.5,3959.0,7.166666666666667,65.0,0.3333333333333333,0.0,0.0,0.0,0.0
2025-01-12,,,,,,3626.0,7.583333333333333,60.0,0.31666666666666665,0.0,0.0,0.0,0.0
2025-01-13,78.28,21.38,27.312212570260602,53.99,40.08,1197.0,6.833333333333333,62.0,0.4,0.0,0.0,0.0,0.0
2025-01-14,,,,,,6793.0,5.566666666666666,65.0,0.43333333333333335,0.0,0.0,0.0,0.0
2025-01-15,78.11,,,,,5688.0,5.8,65.0,0.75,0.0,0.0,0.0,0.0
2025-01-16,,,,,,4948.0,7.85,63.0,0.36666666666666664,0.0,0.0,0.0,0.0
2025-01-17,78.52,21.27,27.08863983698421,54.34,40.31,2218.0,6.95,63.0,0.43333333333333335,0.0,0.0,0.0,0.0
2025-01-18,78.53,21.48,27.352604100343818,54.13,40.2,5334.0,5.9,64.0,1.0,1.0,15.0,10116.0,62.0
2025-01-19,,,,,,7587.0,7.783333333333333,66.0,0.75,0.0,0.0,0.0,0.0
2025-01-20,,,,,,1646.0,6.183333333333334,61.0,0.4166666666666667,0.0,0.0,0.0,0.0
2025-01-21,78.87,21.04,26.676809940408265,54.9,40.66,6500.0,5.833333333333333,62.0,0.45,0.0,0.0,0.0,0.0
2025-01-22,78.75,20.59,26.146031746031746,55.21,40.81,1764.0,6.683333333333334,63.0,0.21666666666666667,0.0,0.0,0.0,0.0
2025-01-23,,,,,,5649.0,6.5,62.0,1.5333333333333334,0.0,0.0,0.0,0.0
2025-01-24,,,,,,492.0,7.166666666666667,63.0,0.4666666666666667,0.0,0.0,0.0,0.0
2025-01-25,,,,,,3135.0,8.166666666666666,60.0,0.21666666666666667,1.0,14.0,12660.0,48.0
2025-01-26,79.23,21.39,26.997349488829986,54.9,40.72,33.0,7.566666666666666,60.0,0.9333333333333333,0.0,0.0,0.0,0.0
2025-01-27,78.69,,,,,4249.0,6.466666666666667,61.0,1.7166666666666666,0.0,0.0,0.0,0.0
2025-01-28,,,,,,7698.0,6.35,65.0,0.35,0.0,0.0,0.0,0.0
2025-01-29,,,,,,5216.0,6.433333333333334,64.0,0.7166666666666667,0.0,0.0,0.0,0.0
2025-01-30,,,,,,2610.0,7.533333333333333,58.0,0.9,0.0,0.0,0.0,0.0
2025-01-31,78.7,,,,,417.0,8.516666666666667,63.0,0.5666666666666667,0.0,0.0,0.0,0.0
2025-02-01,,,,,,2526.0,6.833333333333333,66.0,0.7833333333333333,1.0,13.0,11010.0,47.0
2025-02-02,,,,,,1926.0,6.616666666666666,64.0,0.21666666666666667,0.0,0.0,0.0,0.0
2025-02-03,,,,,,1136.0,7.316666666666666,64.0,0.21666666666666667,0.0,0.0,0.0,0.0
2025-02-04,,,,,,7432.0,6.35,62.0,0.4666666666666667,0.0,0.0,0.0,0.0
2025-02-05,,,,,,4823.0,6.15,66.0,0.3,0.0,0.0,0.0,0.0
2025-02-06,78.92,,,,,7409.0,7.566666666666666,64.0,0.6666666666666666,0.0,0.0,0.0,0.0
2025-02-07,,,,,,9226.0,7.183333333333334,60.0,1.95,0.0,0.0,0.0,0.0
2025-02-08,78.65,21.56,27.41258741258741,54.18,40.24,1036.0,8.866666666666667,61.0,0.23333333333333334,0.0,0.0,0.0,0.0
2025-02-09,,,,,,194.0,5.9,59.0,0.8333333333333334,0.0,0.0,0.0,0.0
2025-02-10,,,,,,4896.0,7.166666666666667,60.0,0.5833333333333334,0.0,0.0,0.0,0.0
2025-02-11,,,,,,3182.0,8.333333333333334,63.0,0.26666666666666666,0.0,0.0,0.0,0.0
2025-02-12,,,,,,1375.0,6.166666666666667,63.0,1.3333333333333333,0.0,0.0,0.0,0.0
2025-02-13,,,,,,3132.0,8.366666666666667,59.0,0.7833333333333333,0.0,0.0,0.0,0.0
2025-02-14,78.43,21.4,27.285477495856174,54.11,40.17,1056.0,8.35,58.0,0.85,0.0,0.0,0.0,0.0
2025-02-15,,,,,,5694.0,7.466666666666667,59.0,0.7166666666666667,0.0,0.0,0.0,0.0
2025-02-16,,,,,,600.0,5.583333333333333,64.0,0.45,0.0,0.0,0.0,0.0
2025-02-17,78.37,21.27,27.14048743141508,54.19,40.2,1035.0,6.816666666666666,60.0,0.8833333333333333,0.0,0.0,0.0,0.0
2025-02-18,,,,,,5823.0,6.216666666666667,60.0,0.25,0.0,0.0,0.0,0.0
2025-02-19,,,,,,139.0,6.416666666666667,58.0,0.8666666666666667,0.0,0.0,0.0,0.0
2025-02-20,77.99,21.33,27.3496602128478,53.75,39.9,746.0,8.45,58.0,0.13333333333333333,0.0,0.0,0.0,0.0
2025-02-21,,,,,,1521.0,6.366666666666666,60.0,0.7,0.0,0.0,0.0,0.0
2025-02-22,,,,,,108.0,7.283333333333333,59.0,0.3,0.0,0.0,0.0,0.0
2025-02-23,,,,,,5306.0,8.3,62.0,0.35,0.0,0.0,0.0,0.0
2025-02-24,,,,,,1893.0,4.266666666666667,64.0,0.5833333333333334,0.0,0.0,0.0,0.0
2025-02-25,78.83,22.02,27.933527844729166,53.9,40.14,3315.0,7.233333333333333,63.0,0.7166666666666667,0.0,0.0,0.0,0.0
2025-02-26,,,,,,1114.0,7.45,64.0,0.5833333333333334,0.0,0.0,0.0,0.0
2025-02-27,,,,,,3956.0,6.933333333333334,62.0,0.4,0.0,0.0,0.0,0.0
2025-02-28,,,,,,1576.0,6.266666666666667,63.0,0.2833333333333333,0.0,0.0,0.0,0.0
2025-03-01,,,,,,6358.0,7.283333333333333,63.0,0.4166666666666667,0.0,0.0,0.0,0.0
2025-03-02,78.24,21.5,27.47955010224949,53.84,39.99,4270.0,7.183333333333334,67.0,0.48333333333333334,0.0,0.0,0.0,0.0
2025-03-03,78.19,21.28,27.215756490599823,54.0,40.06,1657.0,6.9,65.0,1.0166666666666666,1.0,14.0,11760.0,29.0
2025-03-04,78.7,21.27,27.026683608640404,54.5,40.41,6778.0,7.583333333333333,65.0,0.5333333333333333,0.0,0.0,0.0,0.0
2025-03-05,,,,,,723.0,4.183333333333334,65.0,1.25,0.0,0.0,0.0,0.0
2025-03-06,,,,,,6144.0,7.883333333333334,64.0,0.45,0.0,0.0,0.0,0.0
2025-03-07,78.33,21.16,27.013915485765352,54.26,40.22,2127.0,6.116666666666666,63.0,1.1833333333333333,0.0,0.0,0.0,0.0
2025-03-08,78.65,,,,,6799.0,8.1,64.0,1.3166666666666667,0.0,0.0,0.0,0.0
2025-03-09,,,,,,4738.0,7.916666666666667,65.0,0.6166666666666667,0.0,0.0,0.0,0.0
2025-03-10,,,,,,4359.0,9.15,60.0,0.6833333333333333,0.0,0.0,0.0,0.0
2025-03-11,79.02,20.49,25.93014426727411,55.57,41.05,7069.0,6.85,61.0,0.8833333333333333,0.0,0.0,0.0,0.0
2025-03-12,78.62,20.7,26.329178326125668,54.98,40.66,6694.0,7.333333333333333,63.0,0.6333333333333333,0.0,0.0,0.0,0.0
2025-03-13,,,,,,7202.0,7.933333333333334,60.0,0.35,0.0,0.0,0.0,0.0
2025-03-14,,,,,,857.0,6.966666666666667,61.0,0.9,0.0,0.0,0.0,0.0
2025-03-15,,,,,,7878.0,6.033333333333333,62.0,1.85,0.0,0.0,0.0,0.0
2025-03-16,,,,,,4763.0,6.116666666666666,64.0,0.8666666666666667,0.0,0.0,0.0,0.0
2025-03-17,77.75,21.1,27.138263665594856,53.76,39.86,4582.0,7.866666666666666,64.0,0.4,0.0,0.0,0.0,0.0
2025-03-18,78.59,20.51,26.097467871230435,55.14,40.74,7557.0,7.583333333333333,68.0,0.7,0.0,0.0,0.0,0.0
2025-03-19,,,,,,6342.0,6.35,67.0,0.7333333333333333,0.0,0.0,0.0,0.0
2025-03-20,77.84,21.34,27.415210688591984,53.61,39.8,7110.0,6.266666666666667,62.0,1.25,0.0,0.0,0.0,0.0
2025-03-21,77.41,21.11,27.270378504069242,53.42,39.62,2105.0,6.3,60.0,1.2166666666666666,0.0,0.0,0.0,0.0
2025-03-22,77.99,20.77,26.63161943838954,54.3,40.18,8513.0,8.05,64.0,2.0833333333333335,0.0,0.0,0.0,0.0
2025-03-23,,,,,,1967.0,6.183333333333334,65.0,1.4166666666666667,0.0,0.0,0.0,0.0
2025-03-24,78.08,21.22,27.177254098360656,53.95,40.01,4452.0,8.983333333333333,63.0,1.4166666666666667,0.0,0.0,0.0,0.0
2025-03-25,78.5,20.93,26.662420382165607,54.64,40.45,7175.0,5.916666666666667,66.0,0.95,0.0,0.0,0.0,0.0
2025-03-26,,,,,,2538.0,5.516666666666667,67.0,0.7833333333333333,0.0,0.0,0.0,0.0
2025-03-27,77.99,21.31,27.324015899474293,53.78,39.91,6425.0,8.183333333333334,64.0,0.36666666666666664,0.0,0.0,0.0,0.0
2025-03-28,77.76,,,,,488.0,7.133333333333334,63.0,0.6666666666666666,0.0,0.0,0.0,0.0
2025-03-29,,,,,,1584.0,7.583333333333333,66.0,1.15,0.0,0.0,0.0,0.0
2025-03-30,77.58,,,,,2548.0,6.6,67.0,0.9833333333333333,0.0,0.0,0.0,0.0
2025-03-31,,,,,,10126.0,7.316666666666666,62.0,0.7166666666666667,0.0,0.0,0.0,0.0
2025-04-01,,,,,,7136.0,6.766666666666667,64.0,0.48333333333333334,0.0,0.0,0.0,0.0
2025-04-02,78.12,20.73,26.53609831029186,54.47,40.3,1388.0,5.933333333333334,65.0,0.9166666666666666,0.0,0.0,0.0,0.0
2025-04-03,,,,,,6609.0,6.683333333333334,62.0,1.2166666666666666,0.0,0.0,0.0,0.0
2025-04-04,,,,,,1094.0,6.716666666666667,61.0,0.8666666666666667,0.0,0.0,0.0,0.0
2025-04-05,77.99,20.7,26.541864341582254,54.37,40.21,1932.0,7.933333333333334,63.0,1.0666666666666667,0.0,0.0,0.0,0.0
2025-04-06,,,,,,2788.0,7.133333333333334,64.0,0.75,0.0,0.0,0.0,0.0
2025-04-07,,,,,,1315.0,,,,0.0,0.0,0.0,0.0
2025-04-08,,,,,,7985.0,5.233333333333333,67.0,0.5166666666666667,0.0,0.0,0.0,0.0
2025-04-09,,,,,,3537.0,,,,0.0,0.0,0.0,0.0
2025-04-10,,,,,,6826.0,10.216666666666667,65.0,0.23333333333333334,0.0,0.0,0.0,0.0
2025-04-11,77.36,,,,,7586.0,6.85,64.0,0.7,0.0,0.0,0.0,0.0
2025-04-12,,,,,,6098.0,5.633333333333334,66.0,0.7166666666666667,0.0,0.0,0.0,0.0
2025-04-13,,,,,,9314.0,,,,0.0,0.0,0.0,0.0
2025-04-14,77.59,20.32,26.188941873952828,54.36,40.14,5270.0,7.7,58.0,0.4666666666666667,0.0,0.0,0.0,0.0
2025-04-15,78.1,20.47,26.20998719590269,54.7,40.41,3078.0,7.833333333333333,61.0,0.23333333333333334,0.0,0.0,0.0,0.0
2025-04-16,77.68,20.84,26.828012358393405,53.94,39.93,4164.0,4.8,64.0,1.1833333333333333,0.0,0.0,0.0,0.0
2025-04-17,78.15,20.92,26.76903390914907,54.31,40.21,11070.0,7.566666666666666,61.0,0.7333333333333333,0.0,0.0,0.0,0.0
2025-04-18,,,,,,6430.0,,,,1.0,13.0,12600.0,43.0
2025-04-19,77.46,21.09,27.226955848179706,53.49,39.66,2479.0,6.983333333333333,67.0,0.85,0.0,0.0,0.0,0.0
2025-04-20,78.36,21.53,27.475752935171005,53.93,40.05,1330.0,7.0,66.0,1.3333333333333333,0.0,0.0,0.0,0.0
2025-04-21,,,,,,5275.0,6.033333333333333,62.0,0.9,1.0,19.0,6096.0,31.0
2025-04-22,77.23,20.88,27.03612585782727,53.47,39.6,4323.0,6.483333333333333,65.0,0.35,0.0,0.0,0.0,0.0
2025-04-23,,,,,,2121.0,5.333333333333333,67.0,0.7166666666666667,1.0,14.0,10440.0,35.0
2025-04-24,78.06,20.68,26.49244171150397,54.46,40.27,1713.0,6.533333333333333,65.0,0.9833333333333333,0.0,0.0,0.0,0.0
2025-04-25,,,,,,2551.0,8.283333333333333,63.0,0.9,1.0,19.0,9708.0,59.0
2025-04-26,,,,,,2055.0,6.816666666666666,69.0,0.38333333333333336,0.0,0.0,0.0,0.0
2025-04-27,78.95,20.95,26.535782140595312,55.05,40.75,4360.0,7.25,62.0,0.8166666666666667,1.0,14.0,11700.0,38.0
2025-04-28,78.6,21.57,27.442748091603054,54.11,40.19,4771.0,6.9,65.0,1.0,0.0,0.0,0.0,0.0
2025-04-29,78.91,21.08,26.713977949562793,54.88,40.65,6179.0,7.083333333333333,63.0,0.8166666666666667,0.0,0.0,0.0,0.0
2025-04-30,78.87,,,,,3950.0,5.666666666666667,71.0,1.2666666666666666,0.0,0.0,0.0,0.0
2025-05-01,,,,,,2965.0,8.566666666666666,61.0,0.6166666666666667,1.0,19.0,10404.0,43.0
2025-05-02,,,,,,6554.0,5.116666666666666,68.0,0.9,1.0,13.0,10350.0,37.0
2025-05-03,78.93,21.57,27.328012162675787,54.43,40.41,4697.0,7.283333333333333,65.0,1.0,0.0,0.0,0.0,0.0
2025-05-04,,,,,,3369.0,7.416666666666667,64.0,0.8166666666666667,0.0,0.0,0.0,0.0
2025-05-05,78.16,22.0,28.14738996929376,53.27,39.69,4573.0,6.816666666666666,62.0,0.8666666666666667,0.0,0.0,0.0,0.0
2025-05-06,,,,,,8055.0,6.533333333333333,64.0,0.7,0.0,0.0,0.0,0.0
2025-05-07,,,,,,5014.0,4.633333333333334,64.0,1.85,0.0,0.0,0.0,0.0
2025-05-08,,,,,,6414.0,9.116666666666667,59.0,1.1166666666666667,0.0,0.0,0.0,0.0
2025-05-09,,,,,,5155.0,3.033333333333333,64.0,0.26666666666666666,0.0,0.0,0.0,0.0
2025-05-10,,,,,,5418.0,7.65,60.0,1.4333333333333333,0.0,0.0,0.0,0.0
2025-05-11,78.55,,,,,6023.0,7.216666666666667,61.0,0.9,1.0,11.0,6630.0,50.0
2025-05-12,,,,,,3666.0,7.95,64.0,0.6833333333333333,0.0,0.0,0.0,0.0
2025-05-13,78.97,20.51,25.97188805875649,55.5,40.99,10895.0,6.283333333333333,67.0,1.1,0.0,0.0,0.0,0.0
2025-05-14,,,,,,1813.0,7.316666666666666,63.0,1.0166666666666666,0.0,0.0,0.0,0.0
2025-05-15,78.37,,,,,1459.0,7.233333333333333,62.0,0.7333333333333333,1.0,19.0,10920.0,42.0
2025-05-16,78.2,21.98,28.107416879795394,53.34,39.73,5450.0,7.183333333333334,65.0,0.7,0.0,0.0,0.0,0.0
2025-05-17,,,,,,7053.0,7.016666666666667,66.0,0.6,0.0,0.0,0.0,0.0
2025-05-18,,,,,,8718.0,8.55,63.0,1.0166666666666666,1.0,11.0,6450.0,39.0
2025-05-19,78.58,21.15,26.915245609569865,54.51,40.39,4647.0,7.283333333333333,64.0,0.35,0.0,0.0,0.0,0.0
2025-05-20,,,,,,6306.0,5.5,66.0,1.1833333333333333,1.0,19.0,10842.0,43.0
2025-05-21,78.46,20.67,26.344634208513895,54.86,40.55,7557.0,6.45,67.0,0.9,0.0,0.0,0.0,0.0
2025-05-22,78.4,20.16,25.71428571428571,55.29,40.79,1899.0,6.916666666666667,65.0,1.3,0.0,0.0,0.0,0.0
2025-05-23,78.53,,,,,8922.0,7.85,62.0,0.35,1.0,13.0,6760.0,27.0
2025-05-24,,,,,,2462.0,7.733333333333333,62.0,2.2333333333333334,0.0,0.0,0.0,0.0
2025-05-25,,,,,,1087.0,7.233333333333333,65.0,1.2833333333333334,0.0,0.0,0.0,0.0
2025-05-26,,,,,,5526.0,5.883333333333334,64.0,0.45,1.0,19.0,11312.0,53.0
2025-05-27,78.77,21.91,27.81515805509712,53.95,40.14,6659.0,6.683333333333334,66.0,0.6166666666666667,0.0,0.0,0.0,0.0
2025-05-28,,,,,,8497.0,6.883333333333334,66.0,0.48333333333333334,1.0,10.0,5040.0,30.0
2025-05-29,,,,,,6669.0,,,,0.0,0.0,0.0,0.0
2025-05-30,,,,,,4490.0,7.416666666666667,62.0,0.5,0.0,0.0,0.0,0.0
2025-05-31,79.59,21.08,26.485739414499307,55.55,41.12,5797.0,8.466666666666667,61.0,1.2333333333333334,0.0,0.0,0.0,0.0
2025-06-01,78.89,21.21,26.88553682342502,54.75,40.57,6342.0,9.05,59.0,0.4166666666666667,0.0,0.0,0.0,0.0
2025-06-02,,,,,,1300.0,6.766666666666667,62.0,0.5166666666666667,0.0,0.0,0.0,0.0
2025-06-03,,,,,,6542.0,6.7,63.0,0.9166666666666666,0.0,0.0,0.0,0.0
2025-06-04,78.39,21.1,26.916698558489603,54.36,40.28,3315.0,5.1,69.0,0.9,1.0,13.0,7480.0,41.0
2025-06-05,78.48,20.85,26.56727828746177,54.7,40.47,,6.666666666666667,63.0,1.0166666666666666,0.0,0.0,0.0,0.0
2025-06-06,78.99,20.91,26.471705279149262,55.13,40.79,3983.0,5.566666666666666,64.0,0.9166666666666666,0.0,0.0,0.0,0.0
2025-06-07,78.43,20.64,26.316460538059413,54.85,40.55,835.0,6.45,65.0,0.8666666666666667,0.0,0.0,0.0,0.0
2025-06-08,78.2,21.1,26.982097186700766,54.18,40.15,3998.0,7.816666666666666,64.0,0.6333333333333333,0.0,0.0,0.0,0.0
2025-06-09,78.07,21.35,27.34725246573588,53.81,39.93,4018.0,7.216666666666667,63.0,0.23333333333333334,0.0,0.0,0.0,0.0
2025-06-10,78.14,21.21,27.143588431021243,54.02,40.05,3275.0,7.933333333333334,69.0,0.6833333333333333,0.0,0.0,0.0,0.0
2025-06-11,77.39,21.95,28.3628375759142,52.58,39.2,5085.0,6.433333333333334,68.0,0.8333333333333334,1.0,12.0,6960.0,31.0
2025-06-12,77.63,21.85,28.14633517969857,52.91,39.4,3368.0,7.466666666666667,64.0,0.7,0.0,0.0,0.0,0.0
2025-06-13,77.61,21.15,27.251642829532276,53.57,39.72,4283.0,7.85,63.0,0.8166666666666667,0.0,0.0,0.0,0.0
2025-06-14,78.7,21.46,27.26810673443456,54.32,40.31,1224.0,7.7,66.0,0.5833333333333334,0.0,0.0,0.0,0.0
2025-06-15,,,,,,4023.0,6.383333333333334,64.0,0.6833333333333333,0.0,0.0,0.0,0.0
2025-06-16,78.22,21.34,27.282025057530046,53.98,40.04,5888.0,7.483333333333333,61.0,0.45,1.0,19.0,10256.0,44.0
2025-06-17,78.44,20.53,26.17287098419174,54.97,40.6,4065.0,6.666666666666667,65.0,0.6833333333333333,0.0,0.0,0.0,0.0
2025-06-18,,,,,,2607.0,,,,1.0,11.0,7630.0,35.0
2025-06-19,78.29,20.86,26.644526759483966,54.5,40.33,7071.0,7.583333333333333,68.0,0.2833333333333333,0.0,0.0,0.0,0.0
2025-06-20,,,,,,4581.0,6.866666666666666,65.0,0.45,1.0,13.0,9540.0,37.0
2025-06-21,,,,,,3313.0,7.75,64.0,1.6333333333333333,0.0,0.0,0.0,0.0
2025-06-22,,,,,,1721.0,8.15,65.0,1.1333333333333333,1.0,19.0,12614.0,51.0
2025-06-23,78.59,20.79,26.45374729609365,54.86,40.57,997.0,3.5,67.0,0.8166666666666667,0.0,0.0,0.0,0.0
2025-06-24,,,,,,5009.0,7.016666666666667,66.0,0.5166666666666667,0.0,0.0,0.0,0.0
2025-06-25,79.02,21.29,26.942546190837763,54.79,40.61,1814.0,7.016666666666667,66.0,1.05,0.0,0.0,0.0,0.0
2025-06-26,,,,,,2624.0,7.5,65.0,0.31666666666666665,0.0,0.0,0.0,0.0
2025-06-27,79.08,21.73,27.47850278199292,54.43,40.43,5093.0,7.4,65.0,0.75,0.0,0.0,0.0,0.0
2025-06-28,,,,,,3011.0,7.416666666666667,64.0,0.7666666666666667,0.0,0.0,0.0,0.0
2025-06-29,,,,,,1776.0,6.033333333333333,64.0,2.066666666666667,0.0,0.0,0.0,0.0
2025-06-30,77.11,21.5,27.882246141875243,52.75,39.21,5602.0,7.6,63.0,0.9166666666666666,0.0,0.0,0.0,0.0
2025-07-01,78.05,20.66,26.47021140294683,54.48,40.27,8125.0,6.283333333333333,67.0,0.9666666666666667,1.0,13.0,14260.0,32.0
2025-07-02,,,,,,1941.0,6.45,69.0,0.8166666666666667,0.0,0.0,0.0,0.0
2025-07-03,78.54,20.53,26.13954672778202,55.06,40.67,6927.0,6.933333333333334,70.0,0.65,0.0,0.0,0.0,0.0
2025-07-04,78.51,21.22,27.02840402496497,54.37,40.29,1156.0,7.55,64.0,0.55,1.0,19.0,8669.0,50.0
2025-07-05,78.66,21.44,27.256547165013984,54.3,40.29,6255.0,7.55,65.0,0.9666666666666667,0.0,0.0,0.0,0.0
2025-07-06,,,,,,5173.0,7.733333333333333,64.0,1.4666666666666666,0.0,0.0,0.0,0.0
2025-07-07,,,,,,2356.0,7.566666666666666,60.0,0.38333333333333336,1.0,13.0,11700.0,41.0
2025-07-08,78.3,20.82,26.590038314176248,54.55,40.35,7363.0,6.366666666666666,68.0,0.55,0.0,0.0,0.0,0.0
2025-07-09,,,,,,9248.0,6.466666666666667,64.0,0.7,0.0,0.0,0.0,0.0
2025-07-10,77.85,20.92,26.87219010918433,54.02,39.99,4364.0,8.433333333333334,62.0,0.35,1.0,19.0,13929.0,35.0
2025-07-11,,,,,,7144.0,6.766666666666667,62.0,0.9666666666666667,0.0,0.0,0.0,0.0
2025-07-12,,,,,,28.0,8.066666666666666,62.0,0.6,0.0,0.0,0.0,0.0
2025-07-13,,,,,,727.0,5.6,67.0,0.6833333333333333,0.0,0.0,0.0,0.0
2025-07-14,78.31,21.21,27.084663516792236,54.18,40.16,7119.0,6.75,67.0,0.38333333333333336,0.0,0.0,0.0,0.0
2025-07-15,78.0,21.71,27.833333333333332,53.4,39.71,9294.0,7.1,71.0,0.6333333333333333,0.0,0.0,0.0,0.0
2025-07-16,,,,,,2550.0,7.283333333333333,73.0,1.1166666666666667,1.0,9.0,7650.0,32.0
2025-07-17,78.48,21.11,26.898572884811415,54.45,40.33,778.0,6.733333333333333,65.0,0.6666666666666666,0.0,0.0,0.0,0.0
2025-07-18,,,,,,4654.0,5.933333333333334,65.0,0.75,0.0,0.0,0.0,0.0
2025-07-19,79.72,21.29,26.7059708981435,55.47,41.09,2183.0,8.15,66.0,0.75,0.0,0.0,0.0,0.0
2025-07-20,77.99,21.42,27.465059623028594,53.67,39.84,508.0,6.7,63.0,0.65,1.0,13.0,11700.0,43.0
2025-07-21,,,,,,5502.0,6.7,64.0,0.26666666666666666,1.0,19.0,13172.0,53.0
2025-07-22,,,,,,3068.0,7.216666666666667,73.0,1.1333333333333333,0.0,0.0,0.0,0.0
2025-07-23,78.73,21.17,26.889368728565984,54.63,40.47,5466.0,5.5,73.0,1.0166666666666666,1.0,13.0,14640.0,45.0
2025-07-24,78.22,21.43,27.39708514446433,53.89,39.99,2181.0,9.45,64.0,0.36666666666666664,0.0,0.0,0.0,0.0
2025-07-25,79.0,21.62,27.367088607594937,54.45,40.42,8233.0,7.433333333333334,66.0,0.35,1.0,19.0,9221.0,60.0
2025-07-26,78.15,21.66,27.71593090211132,53.6,39.83,6693.0,5.783333333333333,68.0,1.4,0.0,0.0,0.0,0.0
2025-07-27,78.46,21.1,26.89268417027785,54.43,40.32,326.0,7.733333333333333,67.0,2.1,0.0,0.0,0.0,0.0
2025-07-28,,,,,,153.0,6.633333333333334,66.0,1.9,0.0,0.0,0.0,0.0
2025-07-29,78.36,,,,,7634.0,6.15,69.0,0.9,0.0,0.0,0.0,0.0
2025-07-30,,,,,,4307.0,5.866666666666666,69.0,1.4333333333333333,0.0,0.0,0.0,0.0
2025-07-31,,,,,,5362.0,9.766666666666667,65.0,0.4,0.0,0.0,0.0,0.0
2025-08-01,79.06,,,,,7791.0,7.233333333333333,66.0,0.7,0.0,0.0,0.0,0.0
2025-08-02,78.82,21.04,26.69373255518904,54.84,40.6,3479.0,6.35,67.0,0.7166666666666667,0.0,0.0,0.0,0.0
2025-08-03,78.48,,,,,984.0,6.733333333333333,62.0,1.2666666666666666,0.0,0.0,0.0,0.0
2025-08-04,,,,,,9715.0,7.516666666666667,63.0,0.11666666666666667,1.0,13.0,10520.0,43.0
2025-08-05,78.2,21.16,27.058823529411764,54.12,40.11,9594.0,7.6,65.0,0.5333333333333333,0.0,0.0,0.0,0.0
2025-08-06,,,,,,8302.0,2.7333333333333334,67.0,0.35,0.0,0.0,0.0,0.0
2025-08-07,78.57,20.82,26.498663612065677,54.81,40.54,,9.2,65.0,0.2,1.0,13.0,11930.0,42.0
2025-08-08,78.7,20.73,26.340533672172807,55.03,40.68,,5.95,66.0,0.4166666666666667,0.0,0.0,0.0,0.0
2025-08-09,77.84,20.24,26.002055498458372,54.68,40.34,,7.75,65.0,1.1666666666666667,1.0,15.0,11050.0,57.0
2025-08-10,78.67,20.7,26.31244438794966,55.03,40.67,,7.9,64.0,0.6333333333333333,0.0,0.0,0.0,0.0
2025-08-11,78.94,21.06,26.678489992399292,54.94,40.67,,7.583333333333333,62.0,0.75,1.0,15.0,11377.0,40.0
2025-08-12,78.74,20.51,26.047752095504194,55.28,40.83,,5.283333333333333,72.0,0.8166666666666667,0.0,0.0,0.0,0.0
2025-08-13,78.44,20.55,26.198368179500257,54.96,40.6,,7.066666666666666,70.0,0.85,1.0,16.0,12740.0,53.0
2025-08-14,78.18,20.95,26.797134817088768,54.32,40.21,,7.133333333333334,67.0,0.43333333333333335,0.0,0.0,0.0,0.0
2025-08-15,78.46,20.82,26.53581442773388,54.72,40.47,6887.0,7.183333333333334,63.0,0.7,0.0,0.0,0.0,0.0
2025-08-16,,,,,,3174.0,9.05,65.0,0.4666666666666667,1.0,16.0,13513.0,51.0
2025-08-17,79.12,20.74,26.21334681496461,55.42,40.96,5216.0,7.116666666666666,69.0,0.45,0.0,0.0,0.0,0.0
2025-08-18,78.52,20.99,26.73204279164544,54.6,40.42,5643.0,7.766666666666667,64.0,0.55,1.0,13.0,10880.0,43.0
2025-08-19,78.84,20.55,26.06544901065449,55.34,40.87,7340.0,6.95,64.0,0.3,0.0,0.0,0.0,0.0
2025-08-20,78.73,19.57,24.85710656674711,56.18,41.35,1370.0,6.85,62.0,1.0833333333333333,0.0,0.0,0.0,0.0
2025-08-21,78.19,20.74,26.525131090932344,54.52,40.32,6836.0,7.533333333333333,61.0,0.4,0.0,0.0,0.0,0.0
2025-08-22,78.17,20.85,26.672636561340667,54.4,40.25,248.0,7.316666666666666,60.0,0.5833333333333334,1.0,13.0,12820.0,43.0
2025-08-23,77.68,21.43,27.5875386199794,53.36,39.62,,8.1,60.0,0.5333333333333333,0.0,0.0,0.0,0.0
2025-08-24,77.85,20.9,26.846499678869623,54.05,40.0,,7.516666666666667,65.0,0.9833333333333333,0.0,0.0,0.0,0.0
2025-08-25,77.78,21.12,27.15350989971715,53.76,39.84,,7.4,65.0,0.5833333333333334,1.0,9.0,7750.0,32.0
2025-08-26,,,,,,,7.05,68.0,0.55,0.0,0.0,0.0,0.0
2025-08-27,78.07,20.47,26.220058921480724,54.67,40.37,,6.883333333333334,67.0,0.7833333333333333,1.0,13.0,14530.0,43.0
2025-08-28,78.42,21.16,26.982912522315736,54.34,40.25,,7.85,64.0,0.55,0.0,0.0,0.0,0.0
2025-08-29,78.88,21.19,26.863590263691684,54.76,40.56,,6.866666666666666,65.0,0.9166666666666666,0.0,0.0,0.0,0.0
2025-08-30,,,,,,,8.966666666666667,64.0,1.2666666666666666,1.0,17.0,15780.0,43.0
2025-08-31,78.48,21.42,27.293577981651374,54.14,40.16,,9.35,65.0,0.5,0.0,0.0,0.0,0.0
2025-09-01,78.7,21.33,27.10292249047014,54.45,40.36,,7.1,65.0,0.7333333333333333,1.0,16.0,13370.0,46.0
2025-09-02,78.32,20.5,26.174668028600614,54.89,40.54,,5.566666666666666,68.0,1.55,0.0,0.0,0.0,0.0
2025-09-03,,,,,,,6.6,64.0,0.6666666666666666,1.0,16.0,12330.0,53.0
2025-09-04,,,,,,,8.333333333333334,65.0,0.6,0.0,0.0,0.0,0.0
2025-09-05,78.11,20.39,26.104212008705673,54.78,40.44,,2.8666666666666667,66.0,0.5333333333333333,1.0,13.0,12370.0,38.0
2025-09-06,78.77,20.79,26.393296940459567,55.03,40.68,,5.9,70.0,0.5333333333333333,0.0,0.0,0.0,0.0
2025-09-07,78.38,21.42,27.328400102066855,54.05,40.1,,7.716666666666667,63.0,0.7333333333333333,1.0,19.0,13536.0,57.0
2025-09-08,,,,,,,7.766666666666667,67.0,0.8333333333333334,1.0,13.0,12400.0,36.0
2025-09-09,78.99,21.49,27.205975439929105,54.56,40.47,,7.85,70.0,0.5833333333333334,0.0,0.0,0.0,0.0
2025-09-10,78.51,20.9,26.620812635333078,54.67,40.45,,7.25,67.0,1.2833333333333334,0.0,0.0,0.0,0.0
2025-09-11,78.56,21.24,27.036659877800407,54.39,40.31,,8.2,63.0,0.5833333333333334,1.0,16.0,12820.0,53.0
2025-09-12,78.18,20.62,26.375031977487847,54.63,40.37,,7.05,66.0,1.0666666666666667,0.0,0.0,0.0,0.0
2025-09-13,,,,,,,7.866666666666666,62.0,0.8833333333333333,0.0,0.0,0.0,0.0
2025-09-14,,,,,,,7.25,66.0,0.85,0.0,0.0,0.0,0.0
2025-09-15,78.15,20.72,26.513115802943055,54.51,40.3,,7.866666666666666,64.0,1.1166666666666667,1.0,13.0,12560.0,38.0
2025-09-16,,,,,,,6.833333333333333,73.0,1.75,0.0,0.0,0.0,0.0
2025-09-17,79.44,20.63,25.969284994964752,55.83,41.24,,6.916666666666667,69.0,0.5,1.0,15.0,11835.0,48.0
2025-09-18,79.1,20.95,26.485461441213655,55.2,40.83,,7.833333333333333,70.0,0.4,0.0,0.0,0.0,0.0
2025-09-19,,,,,,,6.633333333333334,67.0,1.0666666666666667,0.0,0.0,0.0,0.0
2025-09-20,,,,,,,8.283333333333333,69.0,0.55,0.0,0.0,0.0,0.0
2025-09-21,78.21,21.64,27.669096023526407,53.67,39.88,,8.55,66.0,0.48333333333333334,1.0,16.0,13546.0,52.0
2025-09-22,,,,,,,7.533333333333333,66.0,0.35,1.0,13.0,12420.0,43.0
2025-09-23,,,,,,,2.8333333333333335,71.0,0.45,0.0,0.0,0.0,0.0
2025-09-24,78.97,20.92,26.491072559199697,55.1,40.76,,4.416666666666667,67.0,0.6,0.0,0.0,0.0,0.0
2025-09-25,79.13,21.1,26.664981675723496,55.08,40.77,,7.15,66.0,0.7666666666666667,1.0,16.0,14010.0,46.0
2025-09-26,78.67,20.8,26.439557645862465,54.94,40.62,,7.183333333333334,65.0,1.1333333333333333,1.0,16.0,13175.0,47.0
2025-09-27,78.84,20.85,26.445966514459663,55.04,40.7,,7.516666666666667,66.0,0.43333333333333335,0.0,0.0,0.0,0.0
2025-09-28,78.67,20.8,26.439557645862465,54.94,40.62,,11.233333333333333,66.0,0.7,1.0,16.0,13680.0,51.0
2025-09-29,78.45,21.1,26.896112173358826,54.42,40.3,,4.166666666666667,65.0,0.3333333333333333,1.0,16.0,14305.0,60.0
2025-09-30,78.68,21.26,27.020843924758513,54.49,40.38,,7.983333333333333,64.0,0.6666666666666666,0.0,0.0,0.0,0.0
2025-10-01,,,,,,,4.716666666666667,72.0,2.1333333333333333,0.0,0.0,0.0,0.0
2025-10-02,78.79,21.19,26.894275923340523,54.67,40.49,,8.933333333333334,64.0,0.5666666666666667,0.0,0.0,0.0,0.0
2025-10-03,78.74,21.88,27.787655575311152,53.95,40.11,,7.033333333333333,64.0,0.6666666666666666,1.0,12.0,14046.0,45.0
2025-10-04,78.59,21.41,27.242651736862197,54.27,40.24,,7.75,65.0,0.6333333333333333,0.0,0.0,0.0,0.0
2025-10-05,78.97,21.44,27.149550462200835,54.59,40.48,,7.916666666666667,63.0,0.6,1.0,16.0,13200.0,60.0
2025-10-06,78.58,20.93,26.635276151692544,54.71,40.47,,6.616666666666666,64.0,1.3166666666666667,1.0,16.0,13614.0,47.0
2025-10-07,79.04,20.82,26.341093117408906,55.27,40.85,,6.35,67.0,0.9833333333333333,0.0,0.0,0.0,0.0
2025-10-08,,,,,,,6.783333333333333,69.0,1.2166666666666666,0.0,0.0,0.0,0.0
2025-10-09,,,,,,2059.0,8.3,63.0,0.6666666666666666,0.0,0.0,0.0,0.0
2025-10-10,78.82,21.23,26.934788124841415,54.66,40.49,4021.0,7.916666666666667,64.0,0.5333333333333333,0.0,0.0,0.0,0.0
2025-10-11,78.69,21.91,27.843436268903293,53.87,40.06,6645.0,6.633333333333334,64.0,1.0333333333333334,0.0,0.0,0.0,0.0
2025-10-12,78.83,21.96,27.857414689838894,53.96,40.13,9083.0,6.366666666666666,66.0,1.15,1.0,16.0,12130.0,60.0
2025-10-13,,,,,,4499.0,6.65,65.0,0.8833333333333333,0.0,0.0,0.0,0.0
2025-10-14,78.88,21.15,26.812880324543613,54.79,40.57,5887.0,5.6,66.0,2.0166666666666666,1.0,16.0,13424.0,46.0
2025-10-15,78.61,20.54,26.12899122249078,55.12,40.7,1660.0,4.45,66.0,2.25,0.0,0.0,0.0,0.0
2025-10-16,78.99,20.91,26.471705279149262,55.14,40.77,6543.0,7.2,63.0,0.8333333333333334,0.0,0.0,0.0,0.0
2025-10-17,,,,,,3847.0,6.883333333333334,63.0,1.1833333333333333,1.0,12.0,7740.0,38.0
2025-10-18,78.68,20.64,26.232841891204878,55.09,40.7,5579.0,5.333333333333333,64.0,0.9833333333333333,0.0,0.0,0.0,0.0
2025-10-19,78.72,20.29,25.77489837398374,55.47,40.92,1981.0,7.066666666666666,61.0,0.5666666666666667,0.0,0.0,0.0,0.0
2025-10-20,78.07,20.78,26.6171384654797,54.37,40.2,1054.0,7.433333333333334,61.0,0.65,1.0,16.0,13572.0,47.0
2025-10-21,78.59,21.32,27.12813335029902,54.35,40.28,8088.0,6.333333333333333,64.0,0.31666666666666665,0.0,0.0,0.0,0.0
2025-10-22,,,,,,1750.0,2.533333333333333,71.0,0.95,0.0,0.0,0.0,0.0
2025-10-23,,,,,,7351.0,7.316666666666666,63.0,0.95,0.0,0.0,0.0,0.0
2025-10-24,77.99,20.42,26.182843954353128,54.64,40.34,3092.0,7.316666666666666,63.0,0.6,0.0,0.0,0.0,0.0
2025-10-25,,,,,,2394.0,8.6,66.0,1.5166666666666666,0.0,0.0,0.0,0.0
2025-10-26,78.33,20.18,25.762798416953913,55.2,40.71,1754.0,8.583333333333334,63.0,0.8166666666666667,0.0,0.0,0.0,0.0
2025-10-27,79.04,20.95,26.50556680161943,55.14,40.79,527.0,6.8,61.0,1.0833333333333333,0.0,0.0,0.0,0.0
2025-10-28,,,,,,6547.0,6.566666666666666,64.0,1.1166666666666667,0.0,0.0,0.0,0.0
2025-10-29,78.07,,,,,2067.0,6.483333333333333,68.0,1.9333333333333333,0.0,0.0,0.0,0.0
2025-10-30,,,,,,6528.0,7.683333333333334,65.0,1.0166666666666666,0.0,0.0,0.0,0.0
2025-10-31,78.04,20.43,26.17888262429523,54.68,40.37,4451.0,6.233333333333333,62.0,1.5666666666666667,1.0,16.0,10030.0,49.0
2025-11-01,77.99,20.5,26.28542120784716,54.56,40.29,3304.0,6.816666666666666,63.0,0.8333333333333334,1.0,16.0,13776.0,50.0
2025-11-02,78.27,20.96,26.77909799412291,54.39,40.25,3269.0,5.433333333333334,65.0,0.75,0.0,0.0,0.0,0.0
2025-11-03,,,,,,402.0,5.15,69.0,0.8,0.0,0.0,0.0,0.0
2025-11-04,,,,,,81.0,6.883333333333334,75.0,1.9166666666666667,0.0,0.0,0.0,0.0
2025-11-05,,,,,,431.0,5.583333333333333,69.0,1.7666666666666666,0.0,0.0,0.0,0.0
2025-11-06,75.72,19.74,26.069730586370838,53.12,39.12,1541.0,4.85,70.0,1.1333333333333333,0.0,0.0,0.0,0.0
2025-11-07,74.85,19.23,25.691382765531063,52.77,38.78,1392.0,6.483333333333333,72.0,1.2166666666666666,0.0,0.0,0.0,0.0
2025-11-08,74.7,19.98,26.746987951807228,51.9,38.29,2106.0,7.516666666666667,63.0,1.4166666666666667,0.0,0.0,0.0,0.0
2025-11-09,,,,,,2180.0,6.216666666666667,60.0,1.6666666666666667,0.0,0.0,0.0,0.0
2025-11-10,,,,,,4280.0,8.516666666666667,61.0,0.5666666666666667,0.0,0.0,0.0,0.0
2025-11-11,76.6,19.45,25.39164490861619,54.25,39.89,7665.0,5.666666666666667,61.0,1.9333333333333333,0.0,0.0,0.0,0.0
2025-11-12,76.46,19.33,25.28119278053884,54.23,39.86,2431.0,6.883333333333334,64.0,0.8666666666666667,0.0,0.0,0.0,0.0
2025-11-13,76.26,19.24,25.22947810123262,54.12,39.76,6407.0,7.566666666666666,62.0,0.55,0.0,0.0,0.0,0.0
2025-11-14,76.31,19.39,25.40951382518674,54.02,39.71,3434.0,7.133333333333334,62.0,0.55,0.0,0.0,0.0,0.0
2025-11-15,76.03,,,,,3237.0,6.8,65.0,1.2666666666666666,0.0,0.0,0.0,0.0
2025-11-16,76.31,19.59,25.67160267330625,53.84,39.61,2153.0,5.116666666666666,66.0,0.7833333333333333,0.0,0.0,0.0,0.0
2025-11-17,,,,,,3353.0,7.55,67.0,0.7333333333333333,0.0,0.0,0.0,0.0
2025-11-18,,,,,,7023.0,6.066666666666666,68.0,1.0666666666666667,0.0,0.0,0.0,0.0
2025-11-19,76.03,19.34,25.437327370774693,53.8,39.54,4669.0,5.95,71.0,0.7333333333333333,1.0,16.0,10335.0,50.0
2025-11-20,76.84,19.58,25.481520041644973,54.36,39.99,7225.0,6.65,70.0,0.65,0.0,0.0,0.0,0.0
2025-11-21,76.72,18.66,24.322210636079248,55.13,40.43,4797.0,6.066666666666666,67.0,0.6333333333333333,0.0,0.0,0.0,0.0
2025-11-22,,,,,,4216.0,6.95,68.0,1.0,0.0,0.0,0.0,0.0
2025-11-23,76.29,18.69,24.49862367282737,54.68,40.1,2945.0,6.616666666666666,64.0,0.6,0.0,0.0,0.0,0.0
2025-11-24,,,,,,5258.0,7.883333333333334,66.0,1.4833333333333334,0.0,0.0,0.0,0.0
2025-11-25,,,,,,5365.0,5.366666666666666,67.0,1.35,0.0,0.0,0.0,0.0
2025-11-26,,,,,,859.0,5.2,71.0,2.25,0.0,0.0,0.0,0.0
2025-11-27,,,,,,5755.0,7.416666666666667,61.0,0.48333333333333334,1.0,16.0,12406.0,46.0
2025-11-28,75.39,19.13,25.374718132378298,53.39,39.21,3943.0,6.566666666666666,64.0,1.2,0.0,0.0,0.0,0.0
2025-11-29,,,,,,2186.0,4.533333333333333,72.0,0.9166666666666666,0.0,0.0,0.0,0.0
2025-11-30,76.51,18.64,24.362828388445955,54.94,40.29,1539.0,6.95,66.0,0.8,0.0,0.0,0.0,0.0
2025-12-01,75.72,19.23,25.39619651347068,53.61,39.39,4625.0,6.0,62.0,0.6666666666666666,0.0,0.0,0.0,0.0
2025-12-02,76.27,18.94,24.832830732922517,54.42,39.94,8316.0,5.916666666666667,65.0,0.6333333333333333,0.0,0.0,0.0,0.0
2025-12-03,,,,,,5177.0,4.216666666666667,67.0,0.35,0.0,0.0,0.0,0.0
2025-12-04,75.5,19.3,25.56291390728477,53.33,39.19,1423.0,7.633333333333334,61.0,0.8166666666666667,0.0,0.0,0.0,0.0
2025-12-05,,,,,,3745.0,6.916666666666667,63.0,1.0833333333333333,0.0,0.0,0.0,0.0
2025-12-06,,,,,,5798.0,6.783333333333333,63.0,0.6333333333333333,0.0,0.0,0.0,0.0
2025-12-07,,,,,,2050.0,8.316666666666666,69.0,0.6333333333333333,0.0,0.0,0.0,0.0
2025-12-08,,,,,,3569.0,5.716666666666667,67.0,2.3333333333333335,0.0,0.0,0.0,0.0
2025-12-09,,,,,,7083.0,5.733333333333333,66.0,0.8666666666666667,0.0,0.0,0.0,0.0
2025-12-10,75.8,18.74,24.722955145118732,54.16,39.72,3855.0,4.883333333333334,69.0,1.3166666666666667,0.0,0.0,0.0,0.0
2025-12-11,,,,,,1768.0,7.9,62.0,0.9166666666666666,0.0,0.0,0.0,0.0
2025-12-12,75.77,18.83,24.851524350006596,54.05,39.65,3202.0,5.8,65.0,1.3666666666666667,0.0,0.0,0.0,0.0
2025-12-13,74.95,19.36,25.83055370246831,52.74,38.77,3761.0,6.066666666666666,62.0,1.3,0.0,0.0,0.0,0.0
2025-12-14,,,,,,2135.0,6.816666666666666,70.0,1.0333333333333334,0.0,0.0,0.0,0.0
2025-12-15,,,,,,5586.0,6.233333333333333,67.0,1.0833333333333333,0.0,0.0,0.0,0.0
2025-12-16,75.11,18.29,24.350951937158833,53.94,39.48,8546.0,6.233333333333333,73.0,1.0166666666666666,0.0,0.0,0.0,0.0
2025-12-17,,,,,,5837.0,6.45,68.0,1.6833333333333333,0.0,0.0,0.0,0.0
2025-12-18,75.6,18.22,24.1005291005291,54.48,39.88,7363.0,6.166666666666667,61.0,1.8166666666666667,0.0,0.0,0.0,0.0
2025-12-19,75.96,17.99,23.683517640863613,55.05,40.29,4464.0,5.633333333333334,65.0,1.2,0.0,0.0,0.0,0.0
2025-12-20,,,,,,12364.0,6.966666666666667,64.0,1.75,0.0,0.0,0.0,0.0
2025-12-21,75.35,18.45,24.485733244857336,54.01,39.56,7289.0,4.1,64.0,2.05,0.0,0.0,0.0,0.0
2025-12-22,,,,,,4311.0,8.383333333333333,70.0,0.3333333333333333,0.0,0.0,0.0,0.0
2025-12-23,,,,,,5382.0,5.733333333333333,69.0,1.4,0.0,0.0,0.0,0.0
2025-12-24,,,,,,4367.0,8.233333333333333,63.0,1.2666666666666666,0.0,0.0,0.0,0.0
2025-12-25,76.38,,,,,2526.0,7.433333333333334,67.0,1.2,0.0,0.0,0.0,0.0
2025-12-26,,,,,,3098.0,6.3,67.0,0.9833333333333333,0.0,0.0,0.0,0.0
2025-12-27,,,,,,6829.0,5.766666666666667,66.0,1.3166666666666667,0.0,0.0,0.0,0.0
2025-12-28,,,,,,4467.0,0.8666666666666667,56.0,0.06666666666666667,0.0,0.0,0.0,0.0
2025-12-29,,,,,,5050.0,,,,0.0,0.0,0.0,0.0
2025-12-30,,,,,,5710.0,,,,0.0,0.0,0.0,0.0
2025-12-31,,,,,,5556.0,0.6333333333333333,58.0,0.08333333333333333,0.0,0.0,0.0,0.0
2026-01-01,,,,,,3540.0,,,,0.0,0.0,0.0,0.0
2026-01-02,,,,,,5650.0,,,,0.0,0.0,0.0,0.0
2026-01-03,,,,,,6092.0,,,,0.0,0.0,0.0,0.0
2026-01-04,75.71,18.45,24.369303922863562,54.35,39.82,8679.0,7.033333333333333,65.0,1.0,0.0,0.0,0.0,0.0
2026-01-05,,,,,,6164.0,1.7333333333333334,65.0,0.38333333333333336,1.0,19.0,9340.0,48.0
2026-01-06,,,,,,10258.0,6.233333333333333,68.0,0.75,0.0,0.0,0.0,0.0
2026-01-07,,,,,,2315.0,2.6,68.0,0.26666666666666666,0.0,0.0,0.0,0.0
2026-01-08,76.49,19.18,25.075173225258204,54.41,39.96,1436.0,9.3,64.0,0.2833333333333333,0.0,0.0,0.0,0.0
2026-01-09,77.13,19.83,25.70984052897705,54.39,40.05,2243.0,7.116666666666666,64.0,0.5333333333333333,1.0,16.0,11440.0,46.0
2026-01-10,,,,,,5402.0,5.95,65.0,1.5333333333333334,0.0,0.0,0.0,0.0
2026-01-11,,,,,,7460.0,7.116666666666666,71.0,0.3,0.0,0.0,0.0,0.0
2026-01-12,,,,,,5598.0,6.65,70.0,2.35,1.0,19.0,9836.0,56.0
2026-01-13,75.61,19.74,26.107657717233167,53.02,39.03,3832.0,8.633333333333333,67.0,0.45,0.0,0.0,0.0,0.0
2026-01-14,75.84,18.97,25.01318565400844,53.98,39.61,21.0,4.983333333333333,71.0,0.43333333333333335,1.0,13.0,6108.0,41.0
2026-01-15,75.68,19.31,25.51532769556025,53.49,39.31,,7.083333333333333,64.0,0.7166666666666667,0.0,0.0,0.0,0.0
2026-01-16,76.19,19.0,24.93765586034913,54.29,39.84,,6.616666666666666,61.0,0.5166666666666667,0.0,0.0,0.0,0.0
2026-01-17,,,,,,,,,,0.0,0.0,0.0,0.0
2026-01-18,,,,,,,,,,0.0,0.0,0.0,0.0
2026-01-19,,,,,,,0.5827777777777777,,0.0,1.0,19.0,9653.0,49.0
2026-01-20,76.26,19.06,24.99344348282192,54.3,39.86,6.0,7.583333333333333,68.0,0.21666666666666667,0.0,0.0,0.0,0.0
2026-01-21,76.56,18.93,24.725705329153605,54.71,40.14,119.0,2.7333333333333334,63.0,0.15,0.0,0.0,0.0,0.0
2026-01-22,,,,,,1795.0,6.183333333333334,62.0,0.55,0.0,0.0,0.0,0.0
2026-01-23,76.38,19.21,25.150562974600682,54.27,39.86,6791.0,7.6,59.0,0.2833333333333333,1.0,19.0,7452.0,54.0
2026-01-24,76.63,19.46,25.394754012788727,54.27,39.9,13536.0,4.283333333333333,63.0,0.31666666666666665,0.0,0.0,0.0,0.0
2026-01-25,76.16,19.82,26.024159663865547,53.47,39.37,8265.0,6.766666666666667,71.0,0.3,1.0,19.0,9351.0,52.0
2026-01-26,75.36,19.63,26.048301486199577,52.87,38.91,4997.0,7.4,66.0,0.7,1.0,15.0,5110.0,41.0
2026-01-27,75.68,19.4,25.63424947145877,53.41,39.26,9868.0,6.816666666666666,68.0,0.5333333333333333,0.0,0.0,0.0,0.0
2026-01-28,,,,,,2723.0,5.833333333333333,71.0,1.05,0.0,0.0,0.0,0.0
2026-01-29,75.45,19.38,25.685884691848905,53.2,39.1,2072.0,7.783333333333333,61.0,0.5166666666666667,0.0,0.0,0.0,0.0
2026-01-30,,,,,,3087.0,6.3,61.0,0.6666666666666666,1.0,19.0,10460.0,53.0
2026-01-31,75.76,19.13,25.25079197465681,53.74,39.46,5499.0,7.483333333333333,59.0,0.36666666666666664,0.0,0.0,0.0,0.0
2026-02-01,75.59,18.62,24.63288794814129,54.08,39.63,11364.0,2.05,58.0,0.05,1.0,19.0,6803.0,61.0
2026-02-02,75.07,19.45,25.909151458638608,52.77,38.8,6433.0,1.75,63.0,0.23333333333333334,0.0,0.0,0.0,0.0
2026-02-03,75.1,18.58,24.740346205059918,53.65,39.3,6090.0,2.2333333333333334,62.0,0.26666666666666666,0.0,0.0,0.0,0.0
2026-02-04,,,,,,6784.0,7.1,65.0,0.5333333333333333,0.0,0.0,0.0,0.0
2026-02-05,74.83,18.85,25.190431645062144,53.13,38.96,8694.0,7.016666666666667,63.0,0.2833333333333333,0.0,0.0,0.0,0.0
2026-02-06,74.89,17.93,23.941781279209508,54.06,39.53,8166.0,6.266666666666667,61.0,0.2,0.0,0.0,0.0,0.0
2026-02-07,,,,,,15821.0,5.45,69.0,1.1,0.0,0.0,0.0,0.0
2026-02-08,,,,,,27965.0,5.3,69.0,1.15,0.0,0.0,0.0,0.0
2026-02-09,74.95,18.1,24.14943295530354,53.97,39.48,10548.0,6.633333333333334,63.0,0.5333333333333333,0.0,0.0,0.0,0.0
2026-02-10,,,,,,17452.0,6.466666666666667,61.0,0.36666666666666664,0.0,0.0,0.0,0.0
2026-02-11,75.14,17.82,23.71573063614586,54.42,39.78,5648.0,7.016666666666667,62.0,0.55,0.0,0.0,0.0,0.0
2026-02-12,74.3,18.43,24.80484522207268,53.02,38.81,13569.0,0.9341666666666667,,0.0,1.0,16.0,10720.0,43.0
2026-02-13,74.7,18.63,24.939759036144576,53.21,38.98,6783.0,8.466666666666667,62.0,0.2,0.0,0.0,0.0,0.0
2026-02-14,74.87,18.74,25.030052090289832,53.27,39.04,11701.0,6.966666666666667,62.0,0.5333333333333333,1.0,13.0,11310.0,40.0
2026-02-15,74.95,18.49,24.669779853235486,53.59,39.25,16660.0,8.583333333333334,62.0,0.5333333333333333,1.0,16.0,11605.0,50.0
2026-02-16,,,,,,10381.0,3.066666666666667,66.0,0.43333333333333335,0.0,0.0,0.0,0.0
2026-02-17,75.32,18.04,23.951141795007967,54.38,39.78,20870.0,5.883333333333334,63.0,0.06666666666666667,0.0,0.0,0.0,0.0
2026-02-18,,,,,,5364.0,5.0,67.0,0.85,0.0,0.0,0.0,0.0
2026-02-19,74.79,18.18,24.308062575210588,53.74,39.31,4783.0,9.716666666666667,59.0,0.5166666666666667,0.0,0.0,0.0,0.0
2026-02-20,74.62,18.28,24.497453765746446,53.47,39.13,5536.0,3.7333333333333334,60.0,0.4,0.0,0.0,0.0,0.0
2026-02-21,,,,,,7298.0,6.8,62.0,1.1666666666666667,1.0,16.0,12546.0,52.0
2026-02-22,74.62,17.97,24.082015545430178,53.78,39.31,9996.0,5.866666666666666,64.0,0.9333333333333333,0.0,0.0,0.0,0.0
2026-02-23,74.14,17.74,23.927704343134607,53.53,39.09,3531.0,7.183333333333334,63.0,0.7833333333333333,0.0,0.0,0.0,0.0
2026-02-24,,,,,,8971.0,5.2,61.0,1.2,0.0,0.0,0.0,0.0
2026-02-25,,,,,,4068.0,5.283333333333333,65.0,1.3166666666666667,0.0,0.0,0.0,0.0
2026-02-26,73.27,17.89,24.416541558618807,52.55,38.37,5259.0,4.2,62.0,1.9166666666666667,1.0,9.0,5952.0,39.0
2026-02-27,,,,,,8494.0,6.883333333333334,60.0,1.2166666666666666,0.0,0.0,0.0,0.0
2026-02-28,,,,,,17634.0,5.9,64.0,0.7333333333333333,0.0,0.0,0.0,0.0
2026-03-01,73.71,17.03,23.104056437389772,53.81,39.22,6220.0,5.966666666666667,68.0,0.26666666666666666,0.0,0.0,0.0,0.0
2026-03-02,73.9,17.21,23.28822733423545,53.81,39.24,1950.0,6.5,59.0,0.45,0.0,0.0,0.0,0.0
2026-03-03,,,,,,15037.0,6.416666666666667,59.0,0.8166666666666667,0.0,0.0,0.0,0.0
2026-03-04,,,,,,4393.0,6.783333333333333,68.0,1.0666666666666667,0.0,0.0,0.0,0.0
2026-03-05,,,,,,4165.0,6.35,63.0,0.36666666666666664,0.0,0.0,0.0,0.0
2026-03-06,73.99,17.76,24.003243681578596,53.37,38.97,11676.0,7.233333333333333,63.0,0.3333333333333333,0.0,0.0,0.0,0.0
2026-03-07,74.31,18.34,24.680392948459158,53.11,38.86,11641.0,7.25,63.0,0.8,0.0,0.0,0.0,0.0
2026-03-08,,,,,,8527.0,5.833333333333333,62.0,0.8333333333333334,0.0,0.0,0.0,0.0
2026-03-09,,,,,,9182.0,9.483333333333333,60.0,0.5,0.0,0.0,0.0,0.0
2026-03-10,,,,,,9150.0,6.233333333333333,60.0,0.6,0.0,0.0,0.0,0.0
2026-03-11,,,,,,11304.0,2.35,129.0,0.06666666666666667,0.0,0.0,0.0,0.0
2026-03-12,,,,,,11507.0,8.566666666666666,58.0,0.18333333333333332,0.0,0.0,0.0,0.0
2026-03-13,,,,,,8498.0,7.05,63.0,0.8666666666666667,0.0,0.0,0.0,0.0
2026-03-14,74.05,18.02,24.33490884537475,53.18,38.86,6408.0,7.083333333333333,60.0,0.9333333333333333,0.0,0.0,0.0,0.0
2026-03-15,74.6,17.82,23.88739946380697,53.9,39.38,4553.0,1.6666666666666667,68.0,0.2,0.0,0.0,0.0,0.0
2026-03-16,,,,,,10943.0,6.033333333333333,66.0,0.9666666666666667,0.0,0.0,0.0,0.0
2026-03-17,,,,,,14802.0,7.366666666666666,63.0,0.21666666666666667,0.0,0.0,0.0,0.0
2026-03-18,,,,,,6959.0,5.716666666666667,66.0,0.6333333333333333,0.0,0.0,0.0,0.0
2026-03-19,74.08,18.29,24.68952483801296,52.95,38.73,8054.0,7.7,60.0,0.7166666666666667,0.0,0.0,0.0,0.0
2026-03-20,,,,,,10066.0,7.7,61.0,0.4166666666666667,0.0,0.0,0.0,0.0
2026-03-21,,,,,,7759.0,5.566666666666666,61.0,1.3833333333333333,0.0,0.0,0.0,0.0
2026-03-22,73.79,17.84,24.176717712427156,53.1,38.78,12656.0,4.85,65.0,1.0166666666666666,0.0,0.0,0.0,0.0
2026-03-23,,,,,,8713.0,7.233333333333333,62.0,0.6666666666666666,0.0,0.0,0.0,0.0
2026-03-24,,,,,,14549.0,6.266666666666667,63.0,0.6333333333333333,0.0,0.0,0.0,0.0
2026-03-25,,,,,,9105.0,6.15,65.0,0.7833333333333333,0.0,0.0,0.0,0.0
2026-03-26,,,,,,7222.0,8.2,62.0,0.6,0.0,0.0,0.0,0.0
2026-03-27,,,,,,6929.0,6.85,60.0,0.8333333333333334,0.0,0.0,0.0,0.0
2026-03-28,,,,,,7875.0,7.45,60.0,0.5833333333333334,0.0,0.0,0.0,0.0
2026-03-29,,,,,,8149.0,7.5,60.0,0.7333333333333333,0.0,0.0,0.0,0.0
2026-03-30,,,,,,9897.0,7.616666666666666,64.0,0.9666666666666667,0.0,0.0,0.0,0.0
2026-03-31,,,,,,8465.0,6.9,67.0,0.38333333333333336,0.0,0.0,0.0,0.0
2026-04-01,,,,,,10702.0,5.95,69.0,0.5,0.0,0.0,0.0,0.0
2026-04-02,,,,,,8418.0,6.866666666666666,63.0,0.6666666666666666,0.0,0.0,0.0,0.0
2026-04-03,,,,,,5552.0,7.683333333333334,64.0,0.38333333333333336,0.0,0.0,0.0,0.0
2026-04-04,,,,,,5498.0,6.233333333333333,68.0,0.26666666666666666,0.0,0.0,0.0,0.0
2026-04-05,73.97,18.14,24.523455454914156,52.99,38.73,10904.0,6.4,62.0,1.25,0.0,0.0,0.0,0.0
2026-04-06,,,,,,14070.0,6.3,67.0,0.6,1.0,16.0,11160.0,43.0
2026-04-07,,,,,,17358.0,0.8,65.0,0.5,0.0,0.0,0.0,0.0
2026-04-08,,,,,,4992.0,5.483333333333333,65.0,1.2333333333333334,0.0,0.0,0.0,0.0
2026-04-09,,,,,,1608.0,9.016666666666667,62.0,0.9666666666666667,0.0,0.0,0.0,0.0
2026-04-10,,,,,,3258.0,6.95,63.0,1.15,0.0,0.0,0.0,0.0
2026-04-11,,,,,,7140.0,6.016666666666667,64.0,1.4333333333333333,0.0,0.0,0.0,0.0
2026-04-12,,,,,,9339.0,7.133333333333334,66.0,0.5333333333333333,0.0,0.0,0.0,0.0
2026-04-13,,,,,,12955.0,4.616666666666666,70.0,0.38333333333333336,0.0,0.0,0.0,0.0
2026-04-14,,,,,,19146.0,7.566666666666666,68.0,0.16666666666666666,0.0,0.0,0.0,0.0
2026-04-15,75.03,17.96,23.937091829934694,54.18,39.61,9442.0,5.383333333333334,72.0,0.48333333333333334,1.0,16.0,10424.0,44.0
2026-04-16,,,,,,4636.0,8.2,66.0,0.5666666666666667,0.0,0.0,0.0,0.0
2026-04-17,,,,,,12254.0,6.066666666666666,66.0,0.7166666666666667,0.0,0.0,0.0,0.0
2026-04-18,,,,,,8600.0,7.133333333333334,68.0,0.5666666666666667,1.0,16.0,12260.0,53.0
2026-04-19,,,,,,17154.0,7.033333333333333,64.0,0.8333333333333334,0.0,0.0,0.0,0.0
2026-04-20,75.05,18.59,24.770153231179215,53.59,39.25,7649.0,7.1,65.0,0.3333333333333333,0.0,0.0,0.0,0.0
2026-04-21,,,,,,32036.0,5.45,65.0,3.0,0.0,0.0,0.0,0.0
2026-04-22,,,,,,12355.0,6.75,65.0,1.3,0.0,0.0,0.0,0.0
2026-04-23,,,,,,4613.0,6.666666666666667,63.0,0.5333333333333333,0.0,0.0,0.0,0.0
2026-04-24,,,,,,6853.0,8.933333333333334,63.0,0.5833333333333334,0.0,0.0,0.0,0.0
2026-04-25,,,,,,9639.0,5.866666666666666,69.0,1.3166666666666667,0.0,0.0,0.0,0.0
2026-04-26,,,,,,11445.0,7.966666666666667,63.0,0.85,0.0,0.0,0.0,0.0
2026-04-27,75.28,19.04,25.29224229543039,53.38,39.16,11103.0,1.8655555555555556,,2.0997222222222223,1.0,16.0,11149.0,45.0
2026-04-28,,,,,,24562.0,8.266666666666667,65.0,2.3,0.0,0.0,0.0,0.0
2026-04-29,,,,,,10115.0,4.433333333333334,70.0,0.25,0.0,0.0,0.0,0.0
2026-04-30,,,,,,12065.0,6.816666666666666,62.0,0.21666666666666667,0.0,0.0,0.0,0.0
2026-05-01,76.24,19.04,24.97376705141658,54.31,39.85,18275.0,6.5,63.0,0.3,0.0,0.0,0.0,0.0
2026-05-02,,,,,,17319.0,8.316666666666666,63.0,0.3333333333333333,0.0,0.0,0.0,0.0
2026-05-03,,,,,,19849.0,8.583333333333334,67.0,0.55,0.0,0.0,0.0,0.0
2026-05-04,,,,,,16594.0,7.0,66.0,0.13333333333333333,0.0,0.0,0.0,0.0
2026-05-05,,,,,,24469.0,7.95,64.0,0.18333333333333332,0.0,0.0,0.0,0.0
2026-05-06,,,,,,13763.0,1.5166666666666666,68.0,0.25,0.0,0.0,0.0,0.0
2026-05-07,,,,,,10283.0,7.366666666666666,62.0,0.9,0.0,0.0,0.0,0.0
2026-05-08,76.52,19.69,25.731834814427604,53.94,39.68,1911.0,7.833333333333333,63.0,0.6,0.0,0.0,0.0,0.0
2026-05-09,,,,,,13380.0,8.616666666666667,61.0,0.7833333333333333,0.0,0.0,0.0,0.0
2026-05-10,,,,,,8125.0,7.166666666666667,63.0,1.5166666666666666,1.0,16.0,11130.0,47.0
2026-05-11,,,,,,12030.0,7.516666666666667,65.0,0.7,0.0,0.0,0.0,0.0
2026-05-12,,,,,,28889.0,5.783333333333333,68.0,0.31666666666666665,0.0,0.0,0.0,0.0
2026-05-13,,,,,,10395.0,5.7,66.0,0.7333333333333333,1.0,16.0,11964.0,46.0
2026-05-14,76.82,19.84,25.826607654256705,54.08,39.81,13795.0,8.3,64.0,0.5833333333333334,0.0,0.0,0.0,0.0
2026-05-15,,,,,,15009.0,6.633333333333334,62.0,0.8,0.0,0.0,0.0,0.0
2026-05-16,,,,,,5504.0,7.433333333333334,64.0,1.0833333333333333,0.0,0.0,0.0,0.0
2026-05-17,76.22,20.12,26.397271057465233,53.23,39.24,13906.0,6.466666666666667,69.0,0.15,1.0,16.0,11640.0,54.0
2026-05-18,,,,,,12479.0,7.05,68.0,0.43333333333333335,0.0,0.0,0.0,0.0
2026-05-19,,,,,,25287.0,6.866666666666666,64.0,0.38333333333333336,0.0,0.0,0.0,0.0
2026-05-20,,,,,,7946.0,6.516666666666667,70.0,0.6833333333333333,1.0,16.0,12132.0,53.0
2026-05-21,77.07,19.74,25.61307901907357,54.42,40.04,6353.0,7.966666666666667,64.0,0.5166666666666667,0.0,0.0,0.0,0.0
2026-05-22,,,,,,13390.0,7.8,64.0,0.3,0.0,0.0,0.0,0.0
2026-05-23,,,,,,15650.0,7.516666666666667,64.0,0.38333333333333336,1.0,10.0,8730.0,27.0
2026-05-24,,,,,,2984.0,8.383333333333333,65.0,0.13333333333333333,0.0,0.0,0.0,0.0
2026-05-25,75.89,19.05,25.102121491632627,53.95,39.59,12717.0,7.733333333333333,63.0,0.5666666666666667,0.0,0.0,0.0,0.0
2026-05-26,,,,,,17784.0,7.233333333333333,63.0,0.7166666666666667,0.0,0.0,0.0,0.0
2026-05-27,,,,,,3759.0,7.183333333333334,65.0,0.2833333333333333,0.0,0.0,0.0,0.0
2026-05-28,,,,,,9506.0,7.533333333333333,61.0,0.23333333333333334,1.0,14.0,12076.0,55.0
2026-05-29,,,,,,8529.0,6.916666666666667,67.0,0.45,0.0,0.0,0.0,0.0
2026-05-30,76.58,19.71,25.73779054583442,53.97,39.71,8064.0,5.7,65.0,1.4666666666666666,0.0,0.0,0.0,0.0
2026-05-31,,,,,,4515.0,8.116666666666667,70.0,0.43333333333333335,0.0,0.0,0.0,0.0
2026-06-01,,,,,,3997.0,5.3,63.0,1.8666666666666667,0.0,0.0,0.0,0.0
2026-06-02,,,,,,2519.0,8.066666666666666,63.0,0.2833333333333333,0.0,0.0,0.0,0.0
2026-06-03,,,,,,4306.0,6.15,66.0,0.7166666666666667,1.0,19.0,9680.0,56.0
2026-06-04,77.1,19.92,25.836575875486385,54.27,39.96,5782.0,8.283333333333333,68.0,0.7333333333333333,0.0,0.0,0.0,0.0
2026-06-05,,,,,,7921.0,6.383333333333334,68.0,0.95,0.0,0.0,0.0,0.0
2026-06-06,,,,,,12471.0,9.8,65.0,0.8666666666666667,0.0,0.0,0.0,0.0
2026-06-07,,,,,,11304.0,7.316666666666666,68.0,0.31666666666666665,1.0,16.0,5000.0,42.0
2026-06-08,76.94,19.83,25.77332986742916,54.21,39.9,12022.0,8.066666666666666,66.0,0.4666666666666667,1.0,16.0,8256.0,38.0
2026-06-09,77.08,19.67,25.518941359626364,54.5,40.08,18923.0,5.983333333333333,65.0,0.7166666666666667,0.0,0.0,0.0,0.0
2026-06-10,,,,,,5624.0,4.75,70.0,1.45,0.0,0.0,0.0,0.0
2026-06-11,77.22,18.76,24.294224294224296,55.51,40.72,3131.0,7.8,62.0,0.38333333333333336,1.0,15.0,9946.0,38.0
2026-06-12,,,,,,6535.0,4.633333333333334,65.0,0.23333333333333334,0.0,0.0,0.0,0.0
2026-06-13,,,,,,3406.0,5.716666666666667,70.0,0.45,0.0,0.0,0.0,0.0
2026-06-14,,,,,,5385.0,6.083333333333333,63.0,0.11666666666666667,1.0,19.0,10095.0,54.0
2026-06-15,,,,,,5397.0,7.416666666666667,68.0,0.5833333333333334,0.0,0.0,0.0,0.0
2026-06-16,77.5,19.67,25.380645161290325,54.9,40.37,9439.0,7.166666666666667,67.0,0.7,0.0,0.0,0.0,0.0
2026-06-17,,,,,,2052.0,6.733333333333333,67.0,1.25,0.0,0.0,0.0,0.0
2026-06-18,,,,,,4317.0,7.383333333333334,61.0,0.2,0.0,0.0,0.0,0.0
2026-06-19,,,,,,5244.0,5.933333333333334,64.0,0.7333333333333333,0.0,0.0,0.0,0.0
2026-06-20,76.88,19.71,25.63735691987513,54.27,39.92,8700.0,7.683333333333334,60.0,0.26666666666666666,1.0,16.0,5334.0,43.0
2026-06-21,,,,,,4273.0,8.816666666666666,66.0,0.38333333333333336,1.0,16.0,8494.0,41.0
2026-06-22,77.08,19.4,25.168655941878566,54.75,40.23,5788.0,3.183333333333333,64.0,0.38333333333333336,0.0,0.0,0.0,0.0
2026-06-23,,,,,,8822.0,7.016666666666667,63.0,0.2,0.0,0.0,0.0,0.0
2026-06-24,,,,,,4292.0,6.566666666666666,69.0,0.4,0.0,0.0,0.0,0.0
2026-06-25,77.0,,,,,4266.0,8.633333333333333,64.0,0.5333333333333333,0.0,0.0,0.0,0.0
2026-06-26,77.07,19.47,25.26274815103153,54.68,40.18,5788.0,8.216666666666667,63.0,0.38333333333333336,0.0,0.0,0.0,0.0
2026-06-27,,,,,,12884.0,6.266666666666667,63.0,0.7,1.0,15.0,10672.0,38.0
2026-06-28,,,,,,3449.0,7.316666666666666,65.0,0.4166666666666667,0.0,0.0,0.0,0.0
2026-06-29,76.38,19.51,25.543335951819852,53.97,39.67,4595.0,2.2333333333333334,65.0,0.55,0.0,0.0,0.0,0.0
2026-06-30,,,,,,6175.0,6.883333333333334,67.0,0.8333333333333334,0.0,0.0,0.0,0.0
2026-07-01,76.4,19.26,25.209424083769633,54.24,39.82,5921.0,6.583333333333333,67.0,0.36666666666666664,0.0,0.0,0.0,0.0
2026-07-02,,,,,,5623.0,3.216666666666667,64.0,0.2833333333333333,0.0,0.0,0.0,0.0
2026-07-03,,,,,,8101.0,6.933333333333334,62.0,0.48333333333333334,0.0,0.0,0.0,0.0
2026-07-04,,,,,,4202.0,6.883333333333334,65.0,0.16666666666666666,0.0,0.0,0.0,0.0
2026-07-05,,,,,,3811.0,6.5,64.0,0.95,1.0,19.0,10145.0,49.0
2026-07-06,77.29,19.62,25.38491396040885,54.75,40.26,3350.0,8.05,66.0,0.7333333333333333,0.0,0.0,0.0,0.0
2026-07-07,,,,,,8847.0,7.883333333333334,64.0,0.16666666666666666,0.0,0.0,0.0,0.0
2026-07-08,77.24,19.66,25.45313309166235,54.66,40.2,3623.0,6.933333333333334,66.0,0.48333333333333334,0.0,0.0,0.0,0.0
2026-07-09,,,,,,2721.0,8.866666666666667,62.0,0.6333333333333333,0.0,0.0,0.0,0.0
2026-07-10,,,,,,2321.0,7.7,61.0,0.11666666666666667,0.0,0.0,0.0,0.0
2026-07-11,77.5,,,,,13608.0,8.016666666666667,64.0,0.6,0.0,0.0,0.0,0.0
2026-07-12,,,,,,15813.0,,,,0.0,0.0,0.0,0.0
2026-07-13,,,,,,2111.0,,,,0.0,0.0,0.0,0.0
2026-07-14,,,,,,6622.0,1.2333333333333334,74.0,0.2,0.0,0.0,0.0,0.0
2026-07-15,,,,,,4402.0,,,,0.0,0.0,0.0,0.0
2026-07-16,,,,,,9444.0,,,,0.0,0.0,0.0,0.0
2026-07-17,,,,,,7069.0,,,,0.0,0.0,0.0,0.0
2026-07-18,,,,,,10565.0,1.8666666666666667,62.0,0.25,0.0,0.0,0.0,0.0
2026-07-19,,,,,,13630.0,6.5,61.0,0.8,1.0,16.0,5214.0,43.0
2026-07-20,77.62,20.5,26.410718886884823,54.21,40.01,11904.0,5.783333333333333,69.0,0.8333333333333334,0.0,0.0,0.0,0.0
2026-07-21,,,,,,16708.0,6.616666666666666,66.0,0.2833333333333333,0.0,0.0,0.0,0.0
2026-07-22,,,,,,3962.0,4.0,71.0,1.1833333333333333,0.0,0.0,0.0,0.0
2026-07-23,77.02,19.91,25.850428460140225,54.2,39.9,9775.0,9.883333333333333,66.0,0.05,0.0,0.0,0.0,0.0
2026-07-24,77.17,20.16,26.124141505766488,54.11,39.87,3380.0,7.3,65.0,0.23333333333333334,0.0,0.0,0.0,0.0
2026-07-25,,,,,,3896.0,7.25,67.0,0.0,0.0,0.0,0.0,0.0
2026-07-26,77.11,19.63,25.45713915186098,54.56,40.11,3652.0,6.866666666666666,67.0,0.75,1.0,16.0,8790.0,42.0
2026-07-27,,,,,,4758.0,8.35,64.0,0.4666666666666667,1.0,15.0,10042.0,42.0
2026-07-28,,,,,,8123.0,6.316666666666666,71.0,1.1,0.0,0.0,0.0,0.0
2026-07-29,,,,,,3146.0,8.083333333333334,69.0,0.43333333333333335,1.0,19.0,10855.0,60.0
2026-07-30,77.74,19.92,25.623874453305895,54.88,40.4,3860.0,7.716666666666667,68.0,0.65,0.0,0.0,0.0,0.0
2026-07-31,77.59,19.96,25.72496455728831,54.71,40.27,4980.0,8.283333333333333,64.0,0.16666666666666666,1.0,16.0,5740.0,44.0
2026-08-01,,,,,,3874.0,7.05,64.0,0.9833333333333333,0.0,0.0,0.0,0.0
2026-08-02,78.24,20.22,25.84355828220859,55.08,40.58,5353.0,8.833333333333334,63.0,0.13333333333333333,1.0,19.0,11036.0,47.0
2026-08-03,78.12,20.82,26.651305683563745,54.38,40.18,6761.0,7.65,64.0,0.7,0.0,0.0,0.0,0.0
2026-08-04,,,,,,9129.0,6.45,63.0,0.18333333333333332,0.0,0.0,0.0,0.0
2026-08-05,,,,,,8517.0,7.016666666666667,65.0,0.6166666666666667,0.0,0.0,0.0,0.0
2026-08-06,,,,,,7146.0,7.766666666666667,63.0,0.36666666666666664,0.0,0.0,0.0,0.0
2026-08-07,,,,,,4861.0,7.0,65.0,1.3166666666666667,1.0,15.0,11030.0,44.0
2026-08-08,77.52,20.26,26.135190918472656,54.35,40.06,20272.0,7.15,63.0,1.4166666666666667,0.0,0.0,0.0,0.0
2026-08-09,77.51,20.18,26.03535027738356,54.42,40.1,2263.0,7.6,65.0,0.18333333333333332,1.0,19.0,11045.0,57.0
2026-08-10,,,,,,2933.0,8.766666666666667,65.0,0.4,1.0,16.0,5908.0,42.0
2026-08-11,,,,,,7026.0,6.616666666666666,66.0,0.5333333333333333,0.0,0.0,0.0,0.0
2026-08-12,78.07,19.91,25.502753938772898,55.21,40.64,3118.0,8.266666666666667,62.0,0.18333333333333332,0.0,0.0,0.0,0.0
2026-08-13,77.82,20.52,26.368542791056285,54.38,40.13,5020.0,8.966666666666667,67.0,0.8,0.0,0.0,0.0,0.0
2026-08-14,,,,,,7241.0,8.333333333333334,64.0,0.25,1.0,19.0,10892.0,38.0
2026-08-15,78.715,20.725,26.3297438809146,55.04,40.64,5848.0,6.033333333333333,66.0,0.15,0.0,0.0,0.0,0.0
2026-08-16,78.34,20.1,25.65739086035231,55.29,40.72,3338.0,8.616666666666667,64.0,0.18333333333333332,0.0,0.0,0.0,0.0
2026-08-17,,,,,,5213.0,7.216666666666667,65.0,0.7,0.0,0.0,0.0,0.0
2026-08-18,,,,,,7317.0,7.4,63.0,0.2,0.0,0.0,0.0,0.0
2026-08-19,77.45,20.16,26.0296965784377,54.37,40.06,2281.0,6.183333333333334,70.0,0.7666666666666667,0.0,0.0,0.0,0.0
2026-08-20,,,,,,3787.0,7.666666666666667,63.0,0.31666666666666665,1.0,15.0,11760.0,40.0
2026-08-21,77.78,20.2,25.970686551812804,54.65,40.27,13861.0,7.766666666666667,63.0,0.3333333333333333,1.0,17.0,8670.0,45.0
2026-08-22,78.02,20.32,26.044603947705717,54.77,40.37,5077.0,7.183333333333334,67.0,0.6333333333333333,0.0,0.0,0.0,0.0
2026-08-23,78.67,20.0,25.42265158256006,55.71,41.02,2604.0,8.266666666666667,63.0,0.4,0.0,0.0,0.0,0.0
2026-08-24,78.34,20.3,25.912688281848354,55.09,40.61,3818.0,4.083333333333333,66.0,1.4,0.0,0.0,0.0,0.0
2026-08-25,,,,,,9067.0,,,,0.0,0.0,0.0,0.0
2026-08-26,,,,,,7643.0,,,,0.0,0.0,0.0,0.0
2026-08-27,,,,,,9026.0,1.6494444444444445,,0.0,0.0,0.0,0.0,0.0
2026-08-28,,,,,,1547.0,8.366666666666667,69.0,0.15,0.0,0.0,0.0,0.0
2026-08-29,,,,,,2229.0,7.966666666666667,69.0,0.85,0.0,0.0,0.0,0.0
2026-08-30,77.45,20.57,26.55907036797934,53.98,39.84,2674.0,7.2,65.0,0.25,0.0,0.0,0.0,0.0
2026-08-31,77.5,21.37,27.574193548387097,53.24,39.47,5837.0,6.333333333333333,62.0,0.9833333333333333,0.0,0.0,0.0,0.0
2026-09-01,78.43,21.14,26.953971694504652,54.37,40.22,1391.0,7.133333333333334,63.0,0.16666666666666666,0.0,0.0,0.0,0.0
2026-09-02,,,,,,2521.0,6.55,65.0,0.65,0.0,0.0,0.0,0.0
2026-09-03,,,,,,3787.0,8.266666666666667,65.0,0.3333333333333333,0.0,0.0,0.0,0.0
2026-09-04,,,,,,5939.0,6.75,65.0,0.7333333333333333,0.0,0.0,0.0,0.0
2026-09-05,79.22,20.64,26.054026760918962,55.62,41.04,5000.0,6.0,67.0,0.1,0.0,0.0,0.0,0.0
2026-09-06,,,,,,3117.0,7.35,68.0,0.23333333333333334,1.0,16.0,6578.0,45.0
2026-09-07,78.69,20.83,26.470962002795783,54.93,40.57,5530.0,7.45,65.0,0.43333333333333335,1.0,19.0,9412.0,40.0
2026-09-08,,,,,,8242.0,7.45,65.0,0.2,0.0,0.0,0.0,0.0
2026-09-09,78.7,20.88,26.53113087674714,54.89,40.55,4618.0,6.933333333333334,68.0,0.4,0.0,0.0,0.0,0.0
2026-09-10,,,,,,6581.0,7.45,63.0,0.16666666666666666,0.0,0.0,0.0,0.0
2026-09-11,,,,,,2439.0,7.133333333333334,65.0,0.45,1.0,15.0,11740.0,39.0
2026-09-12,,,,,,3054.0,8.683333333333334,63.0,0.18333333333333332,1.0,19.0,9880.0,59.0
2026-09-13,79.47,21.76,27.381401786837802,54.77,40.62,4148.0,8.016666666666667,65.0,0.7333333333333333,0.0,0.0,0.0,0.0
2026-09-14,,,,,,2881.0,7.9,62.0,0.5333333333333333,1.0,16.0,6272.0,41.0
2026-09-15,,,,,,8462.0,5.15,66.0,0.6166666666666667,0.0,0.0,0.0,0.0
2026-09-16,,,,,,2908.0,6.2,70.0,1.0833333333333333,0.0,0.0,0.0,0.0
2026-09-17,79.46,21.32,26.831109992449033,55.19,40.84,2627.0,6.616666666666666,64.0,1.15,0.0,0.0,0.0,0.0
2026-09-18,79.11,21.19,26.785488560232587,54.98,40.67,4717.0,7.666666666666667,63.0,0.6333333333333333,0.0,0.0,0.0,0.0
2026-09-19,79.63,21.99,27.61522039432375,54.7,40.61,3643.0,7.216666666666667,65.0,0.85,0.0,0.0,0.0,0.0
2026-09-20,78.94,20.78,26.323790220420573,55.21,40.76,3539.0,7.05,62.0,0.9166666666666666,1.0,19.0,9886.0,44.0
2026-09-21,,,,,,5976.0,4.716666666666667,69.0,0.8833333333333333,0.0,0.0,0.0,0.0
2026-09-22,79.78,21.38,26.798696415141638,55.45,41.03,4661.0,7.583333333333333,64.0,0.3,0.0,0.0,0.0,0.0
2026-09-23,78.96,21.14,26.773049645390074,54.88,40.59,10390.0,7.233333333333333,63.0,0.16666666666666666,0.0,0.0,0.0,0.0
2026-09-24,,,,,,2151.0,5.6,64.0,0.5666666666666667,0.0,0.0,0.0,0.0
2026-09-25,79.38,21.73,27.37465356512976,54.72,40.58,2898.0,8.516666666666667,62.0,0.26666666666666666,0.0,0.0,0.0,0.0
2026-09-26,79.17,21.28,26.878868258178603,54.95,40.66,2331.0,6.466666666666667,65.0,0.95,1.0,15.0,11164.0,44.0
2026-09-27,,,,,,2410.0,7.15,65.0,0.2833333333333333,,,,
